hour,minute,year,month,day,station,in,out,inside
6,0,2025,12,12,1,5,0,5
6,5,2025,12,12,2,8,1,12
6,11,2025,12,12,3,11,3,20
6,18,2025,12,12,4,5,7,18
6,25,2025,12,12,5,7,7,18
6,31,2025,12,12,4,5,2,21
6,36,2025,12,12,3,15,6,30
6,41,2025,12,12,2,9,6,33
6,47,2025,12,12,1,4,15,22
7,0,2025,12,12,1,4,0,26
7,5,2025,12,12,2,20,1,45
7,11,2025,12,12,3,8,5,48
7,18,2025,12,12,4,1,20,29
7,25,2025,12,12,5,21,5,45
7,31,2025,12,12,4,1,18,28
7,36,2025,12,12,3,18,2,44
7,41,2025,12,12,2,5,9,40
7,47,2025,12,12,1,2,20,22
8,0,2025,12,12,1,3,0,25
8,5,2025,12,12,2,20,0,45
8,11,2025,12,12,3,15,6,54
8,18,2025,12,12,4,4,20,38
8,25,2025,12,12,5,22,14,46
8,31,2025,12,12,4,1,20,27
8,36,2025,12,12,3,14,1,40
8,41,2025,12,12,2,5,9,36
8,47,2025,12,12,1,1,20,17
9,0,2025,12,12,1,2,0,19
9,5,2025,12,12,2,6,0,25
9,11,2025,12,12,3,2,0,27
9,18,2025,12,12,4,1,18,10
9,25,2025,12,12,5,4,5,9
9,31,2025,12,12,4,5,2,12
9,36,2025,12,12,3,3,3,12
9,41,2025,12,12,2,6,0,18
9,47,2025,12,12,1,2,17,3
10,0,2025,12,12,1,5,0,8
10,5,2025,12,12,2,2,1,9
10,11,2025,12,12,3,2,3,8
10,18,2025,12,12,4,5,3,10
10,25,2025,12,12,5,6,6,10
10,31,2025,12,12,4,5,0,15
10,36,2025,12,12,3,3,6,12
10,41,2025,12,12,2,5,4,13
10,47,2025,12,12,1,4,9,8
11,0,2025,12,12,1,4,0,12
11,5,2025,12,12,2,4,2,14
11,11,2025,12,12,3,4,5,13
11,18,2025,12,12,4,2,10,5
11,25,2025,12,12,5,6,3,8
11,31,2025,12,12,4,6,1,13
11,36,2025,12,12,3,3,5,11
11,41,2025,12,12,2,4,5,10
11,47,2025,12,12,1,2,6,6
12,0,2025,12,12,1,3,0,9
12,5,2025,12,12,2,6,3,12
12,11,2025,12,12,3,3,3,12
12,18,2025,12,12,4,3,3,12
12,25,2025,12,12,5,2,7,7
12,31,2025,12,12,4,5,1,11
12,36,2025,12,12,3,5,0,16
12,41,2025,12,12,2,4,7,13
12,47,2025,12,12,1,2,8,7
13,0,2025,12,12,1,11,0,18
13,5,2025,12,12,2,5,3,20
13,11,2025,12,12,3,5,6,19
13,18,2025,12,12,4,16,7,28
13,25,2025,12,12,5,4,16,16
13,31,2025,12,12,4,22,0,38
13,36,2025,12,12,3,3,12,29
13,41,2025,12,12,2,6,13,22
13,47,2025,12,12,1,18,9,31
14,0,2025,12,12,1,32,0,63
14,5,2025,12,12,2,3,20,46
14,11,2025,12,12,3,4,13,37
14,18,2025,12,12,4,9,15,31
14,25,2025,12,12,5,5,20,16
14,31,2025,12,12,4,10,0,26
14,36,2025,12,12,3,3,13,16
14,41,2025,12,12,2,5,10,11
14,47,2025,12,12,1,28,8,31
15,0,2025,12,12,1,20,0,51
15,5,2025,12,12,2,3,11,43
15,11,2025,12,12,3,4,16,31
15,18,2025,12,12,4,17,8,40
15,25,2025,12,12,5,2,20,22
15,31,2025,12,12,4,10,0,32
15,36,2025,12,12,3,6,11,27
15,41,2025,12,12,2,4,14,17
15,47,2025,12,12,1,10,11,16
16,0,2025,12,12,1,5,0,21
16,5,2025,12,12,2,5,3,23
16,11,2025,12,12,3,6,5,24
16,18,2025,12,12,4,2,7,19
16,25,2025,12,12,5,6,12,13
16,31,2025,12,12,4,3,2,14
16,36,2025,12,12,3,4,4,14
16,41,2025,12,12,2,5,6,13
16,47,2025,12,12,1,2,6,9
17,0,2025,12,12,1,4,0,13
17,5,2025,12,12,2,5,1,17
17,11,2025,12,12,3,2,7,12
17,18,2025,12,12,4,2,6,8
17,25,2025,12,12,5,3,5,6
17,31,2025,12,12,4,2,0,8
17,36,2025,12,12,3,3,2,9
17,41,2025,12,12,2,6,1,14
17,47,2025,12,12,1,4,9,9
18,0,2025,12,12,1,2,0,11
18,5,2025,12,12,2,4,1,14
18,11,2025,12,12,3,4,5,13
18,18,2025,12,12,4,3,5,11
18,25,2025,12,12,5,2,7,6
18,31,2025,12,12,4,4,0,10
18,36,2025,12,12,3,5,3,12
18,41,2025,12,12,2,4,5,11
18,47,2025,12,12,1,3,6,8
19,0,2025,12,12,1,4,0,12
19,5,2025,12,12,2,6,0,18
19,11,2025,12,12,3,3,5,16
19,18,2025,12,12,4,3,7,12
19,25,2025,12,12,5,2,7,7
19,31,2025,12,12,4,3,0,10
19,36,2025,12,12,3,5,2,13
19,41,2025,12,12,2,6,4,15
19,47,2025,12,12,1,3,7,11
20,0,2025,12,12,1,4,0,15
20,5,2025,12,12,2,3,2,16
20,11,2025,12,12,3,3,5,14
20,18,2025,12,12,4,2,2,14
20,25,2025,12,12,5,6,10,10
20,31,2025,12,12,4,6,0,16
20,36,2025,12,12,3,2,5,13
20,41,2025,12,12,2,3,5,11
20,47,2025,12,12,1,4,4,11
21,0,2025,12,12,1,3,0,14
21,5,2025,12,12,2,2,3,13
21,11,2025,12,12,3,6,3,16
21,18,2025,12,12,4,5,5,16
21,25,2025,12,12,5,6,5,17
21,31,2025,12,12,4,3,3,17
21,36,2025,12,12,3,5,3,19
21,41,2025,12,12,2,6,7,18
21,47,2025,12,12,1,6,11,13
22,0,2025,12,12,1,5,0,18
22,5,2025,12,12,2,5,2,21
22,11,2025,12,12,3,5,5,21
22,18,2025,12,12,4,6,5,22
22,25,2025,12,12,5,5,13,14
22,31,2025,12,12,4,3,1,16
22,36,2025,12,12,3,3,2,17
22,41,2025,12,12,2,2,5,14
22,47,2025,12,12,1,6,9,11
23,0,2025,12,12,1,4,0,15
23,5,2025,12,12,2,3,4,14
23,11,2025,12,12,3,6,4,16
23,18,2025,12,12,4,2,7,11
23,25,2025,12,12,5,4,6,9
23,31,2025,12,12,4,3,2,10
23,36,2025,12,12,3,5,3,12
23,41,2025,12,12,2,3,5,10
23,47,2025,12,12,1,0,10,0
6,0,2025,12,13,1,5,0,5
6,5,2025,12,13,2,22,3,24
6,11,2025,12,13,3,10,6,28
6,18,2025,12,13,4,6,9,25
6,25,2025,12,13,5,6,10,21
6,31,2025,12,13,4,5,1,25
6,36,2025,12,13,3,9,7,27
6,41,2025,12,13,2,15,7,35
6,47,2025,12,13,1,4,18,21
7,0,2025,12,13,1,2,0,23
7,5,2025,12,13,2,15,1,37
7,11,2025,12,13,3,17,4,50
7,18,2025,12,13,4,5,20,35
7,25,2025,12,13,5,18,6,47
7,31,2025,12,13,4,2,16,33
7,36,2025,12,13,3,17,4,46
7,41,2025,12,13,2,21,10,57
7,47,2025,12,13,1,2,20,39
8,0,2025,12,13,1,1,0,40
8,5,2025,12,13,2,18,0,58
8,11,2025,12,13,3,6,6,58
8,18,2025,12,13,4,1,20,39
8,25,2025,12,13,5,5,19,25
8,31,2025,12,13,4,3,5,23
8,36,2025,12,13,3,16,0,39
8,41,2025,12,13,2,7,7,39
8,47,2025,12,13,1,2,20,21
9,0,2025,12,13,1,2,0,23
9,5,2025,12,13,2,2,0,25
9,11,2025,12,13,3,3,2,26
9,18,2025,12,13,4,4,20,10
9,25,2025,12,13,5,4,4,10
9,31,2025,12,13,4,1,1,10
9,36,2025,12,13,3,6,0,16
9,41,2025,12,13,2,2,0,18
9,47,2025,12,13,1,3,17,4
10,0,2025,12,13,1,2,0,6
10,5,2025,12,13,2,2,0,8
10,11,2025,12,13,3,6,0,14
10,18,2025,12,13,4,5,5,14
10,25,2025,12,13,5,4,5,13
10,31,2025,12,13,4,4,0,17
10,36,2025,12,13,3,4,3,18
10,41,2025,12,13,2,3,6,15
10,47,2025,12,13,1,2,10,7
11,0,2025,12,13,1,5,0,12
11,5,2025,12,13,2,2,4,10
11,11,2025,12,13,3,2,2,10
11,18,2025,12,13,4,4,3,11
11,25,2025,12,13,5,2,6,7
11,31,2025,12,13,4,5,0,12
11,36,2025,12,13,3,6,3,15
11,41,2025,12,13,2,6,8,13
11,47,2025,12,13,1,2,6,9
12,0,2025,12,13,1,3,0,12
12,5,2025,12,13,2,3,2,13
12,11,2025,12,13,3,6,3,16
12,18,2025,12,13,4,3,3,16
12,25,2025,12,13,5,2,13,5
12,31,2025,12,13,4,5,0,10
12,36,2025,12,13,3,4,3,11
12,41,2025,12,13,2,5,5,11
12,47,2025,12,13,1,2,7,6
13,0,2025,12,13,1,19,0,25
13,5,2025,12,13,2,5,9,21
13,11,2025,12,13,3,6,6,21
13,18,2025,12,13,4,21,5,37
13,25,2025,12,13,5,6,18,25
13,31,2025,12,13,4,23,2,46
13,36,2025,12,13,3,6,17,35
13,41,2025,12,13,2,5,18,22
13,47,2025,12,13,1,31,9,44
14,0,2025,12,13,1,22,0,66
14,5,2025,12,13,2,4,17,53
14,11,2025,12,13,3,4,16,41
14,18,2025,12,13,4,27,16,52
14,25,2025,12,13,5,4,20,36
14,31,2025,12,13,4,10,1,45
14,36,2025,12,13,3,4,10,39
14,41,2025,12,13,2,3,16,26
14,47,2025,12,13,1,26,18,34
15,0,2025,12,13,1,23,0,57
15,5,2025,12,13,2,6,12,51
15,11,2025,12,13,3,5,16,40
15,18,2025,12,13,4,18,15,43
15,25,2025,12,13,5,2,20,25
15,31,2025,12,13,4,8,0,33
15,36,2025,12,13,3,5,13,25
15,41,2025,12,13,2,6,10,21
15,47,2025,12,13,1,17,10,28
16,0,2025,12,13,1,2,0,30
16,5,2025,12,13,2,2,4,28
16,11,2025,12,13,3,6,10,24
16,18,2025,12,13,4,5,9,20
16,25,2025,12,13,5,3,14,9
16,31,2025,12,13,4,6,0,15
16,36,2025,12,13,3,4,4,15
16,41,2025,12,13,2,5,7,13
16,47,2025,12,13,1,3,6,10
17,0,2025,12,13,1,3,0,13
17,5,2025,12,13,2,2,1,14
17,11,2025,12,13,3,2,4,12
17,18,2025,12,13,4,2,3,11
17,25,2025,12,13,5,2,9,4
17,31,2025,12,13,4,3,0,7
17,36,2025,12,13,3,3,2,8
17,41,2025,12,13,2,5,1,12
17,47,2025,12,13,1,6,4,14
18,0,2025,12,13,1,2,0,16
18,5,2025,12,13,2,3,4,15
18,11,2025,12,13,3,4,1,18
18,18,2025,12,13,4,5,7,16
18,25,2025,12,13,5,2,7,11
18,31,2025,12,13,4,5,1,15
18,36,2025,12,13,3,4,3,16
18,41,2025,12,13,2,2,3,15
18,47,2025,12,13,1,6,9,12
19,0,2025,12,13,1,3,0,15
19,5,2025,12,13,2,3,2,16
19,11,2025,12,13,3,3,5,14
19,18,2025,12,13,4,3,3,14
19,25,2025,12,13,5,5,10,9
19,31,2025,12,13,4,2,2,9
19,36,2025,12,13,3,2,1,10
19,41,2025,12,13,2,3,2,11
19,47,2025,12,13,1,3,7,7
20,0,2025,12,13,1,5,0,12
20,5,2025,12,13,2,3,2,13
20,11,2025,12,13,3,4,4,13
20,18,2025,12,13,4,6,4,15
20,25,2025,12,13,5,3,8,10
20,31,2025,12,13,4,2,0,12
20,36,2025,12,13,3,6,2,16
20,41,2025,12,13,2,4,4,16
20,47,2025,12,13,1,6,7,15
21,0,2025,12,13,1,6,0,21
21,5,2025,12,13,2,4,5,20
21,11,2025,12,13,3,3,6,17
21,18,2025,12,13,4,6,3,20
21,25,2025,12,13,5,5,10,15
21,31,2025,12,13,4,6,1,20
21,36,2025,12,13,3,2,5,17
21,41,2025,12,13,2,6,7,16
21,47,2025,12,13,1,2,7,11
22,0,2025,12,13,1,3,0,14
22,5,2025,12,13,2,5,2,17
22,11,2025,12,13,3,4,5,16
22,18,2025,12,13,4,4,9,11
22,25,2025,12,13,5,2,5,8
22,31,2025,12,13,4,4,0,12
22,36,2025,12,13,3,6,3,15
22,41,2025,12,13,2,6,3,18
22,47,2025,12,13,1,2,10,10
23,0,2025,12,13,1,5,0,15
23,5,2025,12,13,2,4,3,16
23,11,2025,12,13,3,3,4,15
23,18,2025,12,13,4,4,4,15
23,25,2025,12,13,5,3,10,8
23,31,2025,12,13,4,6,0,14
23,36,2025,12,13,3,2,5,11
23,41,2025,12,13,2,4,6,9
23,47,2025,12,13,1,0,9,0
6,0,2025,12,14,1,3,0,3
6,5,2025,12,14,2,11,2,12
6,11,2025,12,14,3,19,3,28
6,18,2025,12,14,4,6,9,25
6,25,2025,12,14,5,10,9,26
6,31,2025,12,14,4,3,6,23
6,36,2025,12,14,3,15,3,35
6,41,2025,12,14,2,22,7,50
6,47,2025,12,14,1,2,17,35
7,0,2025,12,14,1,3,0,38
7,5,2025,12,14,2,16,1,53
7,11,2025,12,14,3,16,8,61
7,18,2025,12,14,4,2,20,43
7,25,2025,12,14,5,16,19,40
7,31,2025,12,14,4,3,12,31
7,36,2025,12,14,3,19,2,48
7,41,2025,12,14,2,14,8,54
7,47,2025,12,14,1,2,20,36
8,0,2025,12,14,1,2,0,38
8,5,2025,12,14,2,13,1,50
8,11,2025,12,14,3,17,7,60
8,18,2025,12,14,4,3,20,43
8,25,2025,12,14,5,6,13,36
8,31,2025,12,14,4,5,6,35
8,36,2025,12,14,3,22,2,55
8,41,2025,12,14,2,13,13,55
8,47,2025,12,14,1,2,20,37
9,0,2025,12,14,1,4,0,41
9,5,2025,12,14,2,4,1,44
9,11,2025,12,14,3,5,8,41
9,18,2025,12,14,4,3,20,24
9,25,2025,12,14,5,2,14,12
9,31,2025,12,14,4,3,2,13
9,36,2025,12,14,3,5,0,18
9,41,2025,12,14,2,2,0,20
9,47,2025,12,14,1,4,18,6
10,0,2025,12,14,1,3,0,9
10,5,2025,12,14,2,4,2,11
10,11,2025,12,14,3,2,3,10
10,18,2025,12,14,4,3,5,8
10,25,2025,12,14,5,4,3,9
10,31,2025,12,14,4,6,0,15
10,36,2025,12,14,3,2,4,13
10,41,2025,12,14,2,3,6,10
10,47,2025,12,14,1,3,6,7
11,0,2025,12,14,1,3,0,10
11,5,2025,12,14,2,5,2,13
11,11,2025,12,14,3,4,4,13
11,18,2025,12,14,4,3,2,14
11,25,2025,12,14,5,3,8,9
11,31,2025,12,14,4,3,0,12
11,36,2025,12,14,3,4,1,15
11,41,2025,12,14,2,3,6,12
11,47,2025,12,14,1,6,6,12
12,0,2025,12,14,1,2,0,14
12,5,2025,12,14,2,4,4,14
12,11,2025,12,14,3,4,3,15
12,18,2025,12,14,4,5,4,16
12,25,2025,12,14,5,2,11,7
12,31,2025,12,14,4,2,0,9
12,36,2025,12,14,3,3,2,10
12,41,2025,12,14,2,2,3,9
12,47,2025,12,14,1,4,6,7
13,0,2025,12,14,1,9,0,16
13,5,2025,12,14,2,3,3,16
13,11,2025,12,14,3,5,6,15
13,18,2025,12,14,4,8,3,20
13,25,2025,12,14,5,5,9,16
13,31,2025,12,14,4,28,1,43
13,36,2025,12,14,3,4,11,36
13,41,2025,12,14,2,5,13,28
13,47,2025,12,14,1,15,11,32
14,0,2025,12,14,1,25,0,57
14,5,2025,12,14,2,2,16,43
14,11,2025,12,14,3,5,14,34
14,18,2025,12,14,4,20,12,42
14,25,2025,12,14,5,2,20,24
14,31,2025,12,14,4,14,1,37
14,36,2025,12,14,3,4,13,28
14,41,2025,12,14,2,6,16,18
14,47,2025,12,14,1,25,8,35
15,0,2025,12,14,1,10,0,45
15,5,2025,12,14,2,4,10,39
15,11,2025,12,14,3,2,13,28
15,18,2025,12,14,4,10,13,25
15,25,2025,12,14,5,3,17,11
15,31,2025,12,14,4,11,0,22
15,36,2025,12,14,3,5,8,19
15,41,2025,12,14,2,3,6,16
15,47,2025,12,14,1,29,6,39
16,0,2025,12,14,1,2,0,41
16,5,2025,12,14,2,2,8,35
16,11,2025,12,14,3,4,9,30
16,18,2025,12,14,4,2,14,18
16,25,2025,12,14,5,3,15,6
16,31,2025,12,14,4,5,0,11
16,36,2025,12,14,3,2,4,9
16,41,2025,12,14,2,2,4,7
16,47,2025,12,14,1,3,4,6
17,0,2025,12,14,1,6,0,12
17,5,2025,12,14,2,3,4,11
17,11,2025,12,14,3,2,2,11
17,18,2025,12,14,4,5,4,12
17,25,2025,12,14,5,4,7,9
17,31,2025,12,14,4,2,1,10
17,36,2025,12,14,3,5,4,11
17,41,2025,12,14,2,4,2,13
17,47,2025,12,14,1,3,7,9
18,0,2025,12,14,1,5,0,14
18,5,2025,12,14,2,2,0,16
18,11,2025,12,14,3,5,4,17
18,18,2025,12,14,4,6,5,18
18,25,2025,12,14,5,6,12,12
18,31,2025,12,14,4,6,0,18
18,36,2025,12,14,3,5,6,17
18,41,2025,12,14,2,4,8,13
18,47,2025,12,14,1,6,8,11
19,0,2025,12,14,1,5,0,16
19,5,2025,12,14,2,2,3,15
19,11,2025,12,14,3,6,1,20
19,18,2025,12,14,4,4,9,15
19,25,2025,12,14,5,5,9,11
19,31,2025,12,14,4,2,0,13
19,36,2025,12,14,3,5,3,15
19,41,2025,12,14,2,3,5,13
19,47,2025,12,14,1,5,7,11
20,0,2025,12,14,1,5,0,16
20,5,2025,12,14,2,2,2,16
20,11,2025,12,14,3,4,6,14
20,18,2025,12,14,4,2,4,12
20,25,2025,12,14,5,4,9,7
20,31,2025,12,14,4,3,0,10
20,36,2025,12,14,3,4,3,11
20,41,2025,12,14,2,6,4,13
20,47,2025,12,14,1,5,4,14
21,0,2025,12,14,1,6,0,20
21,5,2025,12,14,2,5,5,20
21,11,2025,12,14,3,2,7,15
21,18,2025,12,14,4,2,8,9
21,25,2025,12,14,5,6,6,9
21,31,2025,12,14,4,2,3,8
21,36,2025,12,14,3,4,2,10
21,41,2025,12,14,2,6,1,15
21,47,2025,12,14,1,2,10,7
22,0,2025,12,14,1,4,0,11
22,5,2025,12,14,2,6,2,15
22,11,2025,12,14,3,4,4,15
22,18,2025,12,14,4,2,6,11
22,25,2025,12,14,5,5,7,9
22,31,2025,12,14,4,2,1,10
22,36,2025,12,14,3,6,4,12
22,41,2025,12,14,2,4,1,15
22,47,2025,12,14,1,5,4,16
23,0,2025,12,14,1,6,0,22
23,5,2025,12,14,2,3,1,24
23,11,2025,12,14,3,2,5,21
23,18,2025,12,14,4,4,13,12
23,25,2025,12,14,5,2,5,9
23,31,2025,12,14,4,2,0,11
23,36,2025,12,14,3,2,1,12
23,41,2025,12,14,2,2,3,11
23,47,2025,12,14,1,0,11,0
6,0,2025,12,15,1,6,0,6
6,5,2025,12,15,2,10,1,15
6,11,2025,12,15,3,8,4,19
6,18,2025,12,15,4,4,6,17
6,25,2025,12,15,5,9,7,19
6,31,2025,12,15,4,6,2,23
6,36,2025,12,15,3,7,6,24
6,41,2025,12,15,2,12,10,26
6,47,2025,12,15,1,5,11,20
7,0,2025,12,15,1,2,0,22
7,5,2025,12,15,2,8,1,29
7,11,2025,12,15,3,10,2,37
7,18,2025,12,15,4,1,20,18
7,25,2025,12,15,5,6,4,20
7,31,2025,12,15,4,2,1,21
7,36,2025,12,15,3,17,2,36
7,41,2025,12,15,2,8,4,40
7,47,2025,12,15,1,3,20,23
8,0,2025,12,15,1,2,0,25
8,5,2025,12,15,2,10,1,34
8,11,2025,12,15,3,18,1,51
8,18,2025,12,15,4,1,20,32
8,25,2025,12,15,5,13,9,36
8,31,2025,12,15,4,1,9,28
8,36,2025,12,15,3,17,2,43
8,41,2025,12,15,2,12,8,47
8,47,2025,12,15,1,4,20,31
9,0,2025,12,15,1,1,0,32
9,5,2025,12,15,2,5,0,37
9,11,2025,12,15,3,4,1,40
9,18,2025,12,15,4,1,20,21
9,25,2025,12,15,5,4,12,13
9,31,2025,12,15,4,3,0,16
9,36,2025,12,15,3,3,1,18
9,41,2025,12,15,2,3,2,19
9,47,2025,12,15,1,4,18,5
10,0,2025,12,15,1,3,0,8
10,5,2025,12,15,2,5,2,11
10,11,2025,12,15,3,4,3,12
10,18,2025,12,15,4,2,4,10
10,25,2025,12,15,5,3,5,8
10,31,2025,12,15,4,6,0,14
10,36,2025,12,15,3,4,1,17
10,41,2025,12,15,2,4,7,14
10,47,2025,12,15,1,6,9,11
11,0,2025,12,15,1,2,0,13
11,5,2025,12,15,2,6,0,19
11,11,2025,12,15,3,6,7,18
11,18,2025,12,15,4,3,7,14
11,25,2025,12,15,5,6,7,13
11,31,2025,12,15,4,5,1,17
11,36,2025,12,15,3,3,6,14
11,41,2025,12,15,2,3,5,12
11,47,2025,12,15,1,4,8,8
12,0,2025,12,15,1,5,0,13
12,5,2025,12,15,2,4,1,16
12,11,2025,12,15,3,3,2,17
12,18,2025,12,15,4,6,4,19
12,25,2025,12,15,5,4,13,10
12,31,2025,12,15,4,5,1,14
12,36,2025,12,15,3,3,5,12
12,41,2025,12,15,2,5,6,11
12,47,2025,12,15,1,5,6,10
13,0,2025,12,15,1,14,0,24
13,5,2025,12,15,2,5,5,24
13,11,2025,12,15,3,5,9,20
13,18,2025,12,15,4,22,7,35
13,25,2025,12,15,5,4,13,26
13,31,2025,12,15,4,12,0,38
13,36,2025,12,15,3,2,8,32
13,41,2025,12,15,2,4,12,24
13,47,2025,12,15,1,11,15,20
14,0,2025,12,15,1,22,0,42
14,5,2025,12,15,2,4,8,38
14,11,2025,12,15,3,4,10,32
14,18,2025,12,15,4,17,11,38
14,25,2025,12,15,5,4,20,22
14,31,2025,12,15,4,27,2,47
14,36,2025,12,15,3,5,11,41
14,41,2025,12,15,2,5,18,28
14,47,2025,12,15,1,9,13,24
15,0,2025,12,15,1,11,0,35
15,5,2025,12,15,2,5,7,33
15,11,2025,12,15,3,6,12,27
15,18,2025,12,15,4,8,4,31
15,25,2025,12,15,5,6,19,18
15,31,2025,12,15,4,15,0,33
15,36,2025,12,15,3,2,12,23
15,41,2025,12,15,2,5,12,16
15,47,2025,12,15,1,32,9,39
16,0,2025,12,15,1,4,0,43
16,5,2025,12,15,2,2,11,34
16,11,2025,12,15,3,2,12,24
16,18,2025,12,15,4,6,9,21
16,25,2025,12,15,5,4,15,10
16,31,2025,12,15,4,2,1,11
16,36,2025,12,15,3,5,3,13
16,41,2025,12,15,2,4,6,11
16,47,2025,12,15,1,4,2,13
17,0,2025,12,15,1,2,0,15
17,5,2025,12,15,2,6,3,18
17,11,2025,12,15,3,5,4,19
17,18,2025,12,15,4,3,7,15
17,25,2025,12,15,5,4,8,11
17,31,2025,12,15,4,4,2,13
17,36,2025,12,15,3,3,1,15
17,41,2025,12,15,2,6,4,17
17,47,2025,12,15,1,4,11,10
18,0,2025,12,15,1,2,0,12
18,5,2025,12,15,2,4,3,13
18,11,2025,12,15,3,2,4,11
18,18,2025,12,15,4,3,8,6
18,25,2025,12,15,5,4,1,9
18,31,2025,12,15,4,3,1,11
18,36,2025,12,15,3,4,3,12
18,41,2025,12,15,2,3,4,11
18,47,2025,12,15,1,3,8,6
19,0,2025,12,15,1,3,0,9
19,5,2025,12,15,2,6,3,12
19,11,2025,12,15,3,5,4,13
19,18,2025,12,15,4,2,2,13
19,25,2025,12,15,5,3,6,10
19,31,2025,12,15,4,5,0,15
19,36,2025,12,15,3,4,6,13
19,41,2025,12,15,2,6,5,14
19,47,2025,12,15,1,5,7,12
20,0,2025,12,15,1,6,0,18
20,5,2025,12,15,2,2,1,19
20,11,2025,12,15,3,6,7,18
20,18,2025,12,15,4,2,7,13
20,25,2025,12,15,5,3,8,8
20,31,2025,12,15,4,4,2,10
20,36,2025,12,15,3,5,3,12
20,41,2025,12,15,2,3,5,10
20,47,2025,12,15,1,5,5,10
21,0,2025,12,15,1,3,0,13
21,5,2025,12,15,2,4,3,14
21,11,2025,12,15,3,6,2,18
21,18,2025,12,15,4,5,3,20
21,25,2025,12,15,5,6,11,15
21,31,2025,12,15,4,4,1,18
21,36,2025,12,15,3,3,2,19
21,41,2025,12,15,2,5,8,16
21,47,2025,12,15,1,2,8,10
22,0,2025,12,15,1,5,0,15
22,5,2025,12,15,2,2,2,15
22,11,2025,12,15,3,4,5,14
22,18,2025,12,15,4,2,3,13
22,25,2025,12,15,5,6,10,9
22,31,2025,12,15,4,4,3,10
22,36,2025,12,15,3,6,5,11
22,41,2025,12,15,2,5,3,13
22,47,2025,12,15,1,2,5,10
23,0,2025,12,15,1,6,0,16
23,5,2025,12,15,2,5,2,19
23,11,2025,12,15,3,5,5,19
23,18,2025,12,15,4,6,6,19
23,25,2025,12,15,5,3,11,11
23,31,2025,12,15,4,5,1,15
23,36,2025,12,15,3,3,4,14
23,41,2025,12,15,2,3,8,9
23,47,2025,12,15,1,0,9,0
6,0,2025,12,16,1,2,0,2
6,5,2025,12,16,2,22,1,23
6,11,2025,12,16,3,12,4,31
6,18,2025,12,16,4,5,7,29
6,25,2025,12,16,5,22,12,39
6,31,2025,12,16,4,5,6,38
6,36,2025,12,16,3,19,7,50
6,41,2025,12,16,2,6,17,39
6,47,2025,12,16,1,2,19,22
7,0,2025,12,16,1,2,0,24
7,5,2025,12,16,2,18,1,41
7,11,2025,12,16,3,12,1,52
7,18,2025,12,16,4,5,20,37
7,25,2025,12,16,5,17,8,46
7,31,2025,12,16,4,3,11,38
7,36,2025,12,16,3,19,4,53
7,41,2025,12,16,2,22,12,63
7,47,2025,12,16,1,2,20,45
8,0,2025,12,16,1,1,0,46
8,5,2025,12,16,2,9,1,54
8,11,2025,12,16,3,9,11,52
8,18,2025,12,16,4,4,20,36
8,25,2025,12,16,5,10,16,30
8,31,2025,12,16,4,4,6,28
8,36,2025,12,16,3,20,6,42
8,41,2025,12,16,2,18,6,54
8,47,2025,12,16,1,4,20,38
9,0,2025,12,16,1,1,0,39
9,5,2025,12,16,2,3,1,41
9,11,2025,12,16,3,2,6,37
9,18,2025,12,16,4,5,20,22
9,25,2025,12,16,5,2,12,12
9,31,2025,12,16,4,4,1,15
9,36,2025,12,16,3,6,0,21
9,41,2025,12,16,2,3,4,20
9,47,2025,12,16,1,1,19,2
10,0,2025,12,16,1,6,0,8
10,5,2025,12,16,2,6,0,14
10,11,2025,12,16,3,4,2,16
10,18,2025,12,16,4,5,6,15
10,25,2025,12,16,5,2,9,8
10,31,2025,12,16,4,2,0,10
10,36,2025,12,16,3,4,4,10
10,41,2025,12,16,2,3,2,11
10,47,2025,12,16,1,6,9,8
11,0,2025,12,16,1,2,0,10
11,5,2025,12,16,2,6,2,14
11,11,2025,12,16,3,5,0,19
11,18,2025,12,16,4,3,11,11
11,25,2025,12,16,5,4,7,8
11,31,2025,12,16,4,5,0,13
11,36,2025,12,16,3,4,3,14
11,41,2025,12,16,2,2,5,11
11,47,2025,12,16,1,6,4,13
12,0,2025,12,16,1,6,0,19
12,5,2025,12,16,2,4,3,20
12,11,2025,12,16,3,2,5,17
12,18,2025,12,16,4,6,5,18
12,25,2025,12,16,5,6,13,11
12,31,2025,12,16,4,4,3,12
12,36,2025,12,16,3,5,4,13
12,41,2025,12,16,2,5,6,12
12,47,2025,12,16,1,3,6,9
13,0,2025,12,16,1,20,0,29
13,5,2025,12,16,2,4,3,30
13,11,2025,12,16,3,6,8,28
13,18,2025,12,16,4,18,15,31
13,25,2025,12,16,5,2,17,16
13,31,2025,12,16,4,19,0,35
13,36,2025,12,16,3,5,11,29
13,41,2025,12,16,2,6,9,26
13,47,2025,12,16,1,31,15,42
14,0,2025,12,16,1,23,0,65
14,5,2025,12,16,2,4,14,55
14,11,2025,12,16,3,2,20,37
14,18,2025,12,16,4,12,16,33
14,25,2025,12,16,5,2,20,15
14,31,2025,12,16,4,15,0,30
14,36,2025,12,16,3,6,12,24
14,41,2025,12,16,2,5,7,22
14,47,2025,12,16,1,28,9,41
15,0,2025,12,16,1,22,0,63
15,5,2025,12,16,2,3,15,51
15,11,2025,12,16,3,2,17,36
15,18,2025,12,16,4,11,15,32
15,25,2025,12,16,5,3,20,15
15,31,2025,12,16,4,9,0,24
15,36,2025,12,16,3,2,8,18
15,41,2025,12,16,2,6,6,18
15,47,2025,12,16,1,21,8,31
16,0,2025,12,16,1,5,0,36
16,5,2025,12,16,2,6,6,36
16,11,2025,12,16,3,4,7,33
16,18,2025,12,16,4,6,11,28
16,25,2025,12,16,5,5,18,15
16,31,2025,12,16,4,4,2,17
16,36,2025,12,16,3,3,1,19
16,41,2025,12,16,2,2,7,14
16,47,2025,12,16,1,2,9,7
17,0,2025,12,16,1,4,0,11
17,5,2025,12,16,2,5,1,15
17,11,2025,12,16,3,3,3,15
17,18,2025,12,16,4,4,6,13
17,25,2025,12,16,5,5,8,10
17,31,2025,12,16,4,3,1,12
17,36,2025,12,16,3,6,2,16
17,41,2025,12,16,2,6,8,14
17,47,2025,12,16,1,4,7,11
18,0,2025,12,16,1,6,0,17
18,5,2025,12,16,2,2,2,17
18,11,2025,12,16,3,3,3,17
18,18,2025,12,16,4,3,12,8
18,25,2025,12,16,5,5,3,10
18,31,2025,12,16,4,2,2,10
18,36,2025,12,16,3,2,2,10
18,41,2025,12,16,2,3,5,8
18,47,2025,12,16,1,4,6,6
19,0,2025,12,16,1,4,0,10
19,5,2025,12,16,2,6,4,12
19,11,2025,12,16,3,3,4,11
19,18,2025,12,16,4,5,3,13
19,25,2025,12,16,5,3,6,10
19,31,2025,12,16,4,3,1,12
19,36,2025,12,16,3,3,2,13
19,41,2025,12,16,2,6,4,15
19,47,2025,12,16,1,3,8,10
20,0,2025,12,16,1,3,0,13
20,5,2025,12,16,2,4,1,16
20,11,2025,12,16,3,6,0,22
20,18,2025,12,16,4,5,6,21
20,25,2025,12,16,5,3,11,13
20,31,2025,12,16,4,5,3,15
20,36,2025,12,16,3,2,2,15
20,41,2025,12,16,2,4,2,17
20,47,2025,12,16,1,2,11,8
21,0,2025,12,16,1,4,0,12
21,5,2025,12,16,2,2,1,13
21,11,2025,12,16,3,2,4,11
21,18,2025,12,16,4,5,3,13
21,25,2025,12,16,5,2,8,7
21,31,2025,12,16,4,3,0,10
21,36,2025,12,16,3,2,3,9
21,41,2025,12,16,2,6,3,12
21,47,2025,12,16,1,5,6,11
22,0,2025,12,16,1,3,0,14
22,5,2025,12,16,2,6,3,17
22,11,2025,12,16,3,3,5,15
22,18,2025,12,16,4,3,6,12
22,25,2025,12,16,5,2,8,6
22,31,2025,12,16,4,2,1,7
22,36,2025,12,16,3,6,1,12
22,41,2025,12,16,2,3,6,9
22,47,2025,12,16,1,5,4,10
23,0,2025,12,16,1,3,0,13
23,5,2025,12,16,2,5,2,16
23,11,2025,12,16,3,2,3,15
23,18,2025,12,16,4,2,5,12
23,25,2025,12,16,5,4,9,7
23,31,2025,12,16,4,5,1,11
23,36,2025,12,16,3,4,3,12
23,41,2025,12,16,2,3,6,9
23,47,2025,12,16,1,0,9,0
6,0,2025,12,17,1,6,0,6
6,5,2025,12,17,2,15,0,21
6,11,2025,12,17,3,8,9,20
6,18,2025,12,17,4,5,6,19
6,25,2025,12,17,5,21,13,27
6,31,2025,12,17,4,4,4,27
6,36,2025,12,17,3,9,5,31
6,41,2025,12,17,2,21,11,41
6,47,2025,12,17,1,2,16,27
7,0,2025,12,17,1,3,0,30
7,5,2025,12,17,2,13,2,41
7,11,2025,12,17,3,8,5,44
7,18,2025,12,17,4,3,20,27
7,25,2025,12,17,5,5,7,25
7,31,2025,12,17,4,5,2,28
7,36,2025,12,17,3,6,3,31
7,41,2025,12,17,2,16,5,42
7,47,2025,12,17,1,2,20,24
8,0,2025,12,17,1,4,0,28
8,5,2025,12,17,2,5,1,32
8,11,2025,12,17,3,21,2,51
8,18,2025,12,17,4,3,20,34
8,25,2025,12,17,5,7,9,32
8,31,2025,12,17,4,5,4,33
8,36,2025,12,17,3,6,4,35
8,41,2025,12,17,2,19,7,47
8,47,2025,12,17,1,3,20,30
9,0,2025,12,17,1,4,0,34
9,5,2025,12,17,2,3,4,33
9,11,2025,12,17,3,4,2,35
9,18,2025,12,17,4,2,20,17
9,25,2025,12,17,5,3,9,11
9,31,2025,12,17,4,5,0,16
9,36,2025,12,17,3,2,0,18
9,41,2025,12,17,2,5,1,22
9,47,2025,12,17,1,1,18,5
10,0,2025,12,17,1,6,0,11
10,5,2025,12,17,2,3,2,12
10,11,2025,12,17,3,4,3,13
10,18,2025,12,17,4,5,5,13
10,25,2025,12,17,5,5,7,11
10,31,2025,12,17,4,3,1,13
10,36,2025,12,17,3,3,1,15
10,41,2025,12,17,2,3,5,13
10,47,2025,12,17,1,2,7,8
11,0,2025,12,17,1,4,0,12
11,5,2025,12,17,2,2,0,14
11,11,2025,12,17,3,5,4,15
11,18,2025,12,17,4,4,7,12
11,25,2025,12,17,5,5,5,12
11,31,2025,12,17,4,3,1,14
11,36,2025,12,17,3,5,4,15
11,41,2025,12,17,2,4,8,11
11,47,2025,12,17,1,2,4,9
12,0,2025,12,17,1,5,0,14
12,5,2025,12,17,2,5,1,18
12,11,2025,12,17,3,5,5,18
12,18,2025,12,17,4,2,4,16
12,25,2025,12,17,5,5,9,12
12,31,2025,12,17,4,6,2,16
12,36,2025,12,17,3,5,3,18
12,41,2025,12,17,2,3,6,15
12,47,2025,12,17,1,5,7,13
13,0,2025,12,17,1,28,0,41
13,5,2025,12,17,2,2,10,33
13,11,2025,12,17,3,3,12,24
13,18,2025,12,17,4,29,7,46
13,25,2025,12,17,5,3,20,29
13,31,2025,12,17,4,31,0,60
13,36,2025,12,17,3,4,17,47
13,41,2025,12,17,2,2,20,29
13,47,2025,12,17,1,15,17,27
14,0,2025,12,17,1,25,0,52
14,5,2025,12,17,2,4,15,41
14,11,2025,12,17,3,5,17,29
14,18,2025,12,17,4,13,8,34
14,25,2025,12,17,5,5,20,19
14,31,2025,12,17,4,30,0,49
14,36,2025,12,17,3,4,14,39
14,41,2025,12,17,2,6,15,30
14,47,2025,12,17,1,28,15,43
15,0,2025,12,17,1,11,0,54
15,5,2025,12,17,2,4,15,43
15,11,2025,12,17,3,4,9,38
15,18,2025,12,17,4,11,13,36
15,25,2025,12,17,5,5,20,21
15,31,2025,12,17,4,14,1,34
15,36,2025,12,17,3,6,11,29
15,41,2025,12,17,2,3,12,20
15,47,2025,12,17,1,11,9,22
16,0,2025,12,17,1,4,0,26
16,5,2025,12,17,2,5,2,29
16,11,2025,12,17,3,3,5,27
16,18,2025,12,17,4,2,9,20
16,25,2025,12,17,5,5,15,10
16,31,2025,12,17,4,3,1,12
16,36,2025,12,17,3,6,0,18
16,41,2025,12,17,2,2,4,16
16,47,2025,12,17,1,6,10,12
17,0,2025,12,17,1,4,0,16
17,5,2025,12,17,2,5,1,20
17,11,2025,12,17,3,3,4,19
17,18,2025,12,17,4,2,9,12
17,25,2025,12,17,5,4,6,10
17,31,2025,12,17,4,2,1,11
17,36,2025,12,17,3,2,2,11
17,41,2025,12,17,2,2,6,7
17,47,2025,12,17,1,3,6,4
18,0,2025,12,17,1,6,0,10
18,5,2025,12,17,2,3,2,11
18,11,2025,12,17,3,6,3,14
18,18,2025,12,17,4,5,6,13
18,25,2025,12,17,5,3,7,9
18,31,2025,12,17,4,3,1,11
18,36,2025,12,17,3,6,2,15
18,41,2025,12,17,2,4,6,13
18,47,2025,12,17,1,6,6,13
19,0,2025,12,17,1,5,0,18
19,5,2025,12,17,2,5,3,20
19,11,2025,12,17,3,4,5,19
19,18,2025,12,17,4,5,8,16
19,25,2025,12,17,5,5,8,13
19,31,2025,12,17,4,4,1,16
19,36,2025,12,17,3,4,2,18
19,41,2025,12,17,2,6,7,17
19,47,2025,12,17,1,6,11,12
20,0,2025,12,17,1,4,0,16
20,5,2025,12,17,2,6,1,21
20,11,2025,12,17,3,6,7,20
20,18,2025,12,17,4,6,9,17
20,25,2025,12,17,5,5,9,13
20,31,2025,12,17,4,2,3,12
20,36,2025,12,17,3,6,4,14
20,41,2025,12,17,2,4,1,17
20,47,2025,12,17,1,3,9,11
21,0,2025,12,17,1,6,0,17
21,5,2025,12,17,2,2,1,18
21,11,2025,12,17,3,4,4,18
21,18,2025,12,17,4,3,7,14
21,25,2025,12,17,5,5,7,12
21,31,2025,12,17,4,4,1,15
21,36,2025,12,17,3,6,4,17
21,41,2025,12,17,2,4,7,14
21,47,2025,12,17,1,3,7,10
22,0,2025,12,17,1,2,0,12
22,5,2025,12,17,2,4,2,14
22,11,2025,12,17,3,2,5,11
22,18,2025,12,17,4,6,5,12
22,25,2025,12,17,5,2,7,7
22,31,2025,12,17,4,6,0,13
22,36,2025,12,17,3,5,2,16
22,41,2025,12,17,2,3,8,11
22,47,2025,12,17,1,5,5,11
23,0,2025,12,17,1,2,0,13
23,5,2025,12,17,2,6,0,19
23,11,2025,12,17,3,2,4,17
23,18,2025,12,17,4,5,5,17
23,25,2025,12,17,5,2,10,9
23,31,2025,12,17,4,5,1,13
23,36,2025,12,17,3,6,4,15
23,41,2025,12,17,2,5,3,17
23,47,2025,12,17,1,0,17,0
6,0,2025,12,18,1,5,0,5
6,5,2025,12,18,2,13,3,15
6,11,2025,12,18,3,15,6,24
6,18,2025,12,18,4,4,11,17
6,25,2025,12,18,5,10,8,19
6,31,2025,12,18,4,3,1,21
6,36,2025,12,18,3,21,6,36
6,41,2025,12,18,2,8,6,38
6,47,2025,12,18,1,6,14,30
7,0,2025,12,18,1,4,0,34
7,5,2025,12,18,2,11,2,43
7,11,2025,12,18,3,15,4,54
7,18,2025,12,18,4,5,20,39
7,25,2025,12,18,5,5,14,30
7,31,2025,12,18,4,1,1,30
7,36,2025,12,18,3,17,3,44
7,41,2025,12,18,2,10,8,46
7,47,2025,12,18,1,1,20,27
8,0,2025,12,18,1,4,0,31
8,5,2025,12,18,2,5,0,36
8,11,2025,12,18,3,9,3,42
8,18,2025,12,18,4,2,20,24
8,25,2025,12,18,5,21,8,37
8,31,2025,12,18,4,2,11,28
8,36,2025,12,18,3,5,4,29
8,41,2025,12,18,2,16,3,42
8,47,2025,12,18,1,3,20,25
9,0,2025,12,18,1,4,0,29
9,5,2025,12,18,2,6,1,34
9,11,2025,12,18,3,3,3,34
9,18,2025,12,18,4,4,19,19
9,25,2025,12,18,5,4,8,15
9,31,2025,12,18,4,3,1,17
9,36,2025,12,18,3,4,1,20
9,41,2025,12,18,2,3,3,20
9,47,2025,12,18,1,1,20,1
10,0,2025,12,18,1,3,0,4
10,5,2025,12,18,2,2,0,6
10,11,2025,12,18,3,6,2,10
10,18,2025,12,18,4,5,5,10
10,25,2025,12,18,5,4,2,12
10,31,2025,12,18,4,6,1,17
10,36,2025,12,18,3,5,4,18
10,41,2025,12,18,2,4,7,15
10,47,2025,12,18,1,3,6,12
11,0,2025,12,18,1,4,0,16
11,5,2025,12,18,2,6,1,21
11,11,2025,12,18,3,2,7,16
11,18,2025,12,18,4,5,5,16
11,25,2025,12,18,5,4,9,11
11,31,2025,12,18,4,4,1,14
11,36,2025,12,18,3,5,3,16
11,41,2025,12,18,2,4,7,13
11,47,2025,12,18,1,4,7,10
12,0,2025,12,18,1,2,0,12
12,5,2025,12,18,2,4,1,15
12,11,2025,12,18,3,2,5,12
12,18,2025,12,18,4,5,4,13
12,25,2025,12,18,5,4,9,8
12,31,2025,12,18,4,4,1,11
12,36,2025,12,18,3,6,3,14
12,41,2025,12,18,2,3,8,9
12,47,2025,12,18,1,2,4,7
13,0,2025,12,18,1,25,0,32
13,5,2025,12,18,2,4,9,27
13,11,2025,12,18,3,6,8,25
13,18,2025,12,18,4,11,7,29
13,25,2025,12,18,5,5,17,17
13,31,2025,12,18,4,28,1,44
13,36,2025,12,18,3,3,16,31
13,41,2025,12,18,2,2,19,14
13,47,2025,12,18,1,7,8,13
14,0,2025,12,18,1,24,0,37
14,5,2025,12,18,2,6,5,38
14,11,2025,12,18,3,4,13,29
14,18,2025,12,18,4,24,8,45
14,25,2025,12,18,5,6,20,31
14,31,2025,12,18,4,27,1,57
14,36,2025,12,18,3,2,16,43
14,41,2025,12,18,2,5,18,30
14,47,2025,12,18,1,14,18,26
15,0,2025,12,18,1,16,0,42
15,5,2025,12,18,2,6,10,38
15,11,2025,12,18,3,5,7,36
15,18,2025,12,18,4,23,13,46
15,25,2025,12,18,5,6,20,32
15,31,2025,12,18,4,26,0,58
15,36,2025,12,18,3,5,18,45
15,41,2025,12,18,2,2,20,27
15,47,2025,12,18,1,7,13,21
16,0,2025,12,18,1,2,0,23
16,5,2025,12,18,2,6,2,27
16,11,2025,12,18,3,5,3,29
16,18,2025,12,18,4,2,7,24
16,25,2025,12,18,5,4,17,11
16,31,2025,12,18,4,3,1,13
16,36,2025,12,18,3,3,3,13
16,41,2025,12,18,2,5,3,15
16,47,2025,12,18,1,2,9,8
17,0,2025,12,18,1,6,0,14
17,5,2025,12,18,2,5,2,17
17,11,2025,12,18,3,2,3,16
17,18,2025,12,18,4,3,8,11
17,25,2025,12,18,5,2,4,9
17,31,2025,12,18,4,4,0,13
17,36,2025,12,18,3,5,4,14
17,41,2025,12,18,2,5,2,17
17,47,2025,12,18,1,5,8,14
18,0,2025,12,18,1,4,0,18
18,5,2025,12,18,2,5,4,19
18,11,2025,12,18,3,4,7,16
18,18,2025,12,18,4,6,6,16
18,25,2025,12,18,5,6,9,13
18,31,2025,12,18,4,3,2,14
18,36,2025,12,18,3,6,3,17
18,41,2025,12,18,2,6,7,16
18,47,2025,12,18,1,5,10,11
19,0,2025,12,18,1,2,0,13
19,5,2025,12,18,2,2,2,13
19,11,2025,12,18,3,2,4,11
19,18,2025,12,18,4,4,1,14
19,25,2025,12,18,5,6,7,13
19,31,2025,12,18,4,3,0,16
19,36,2025,12,18,3,4,3,17
19,41,2025,12,18,2,2,6,13
19,47,2025,12,18,1,6,10,9
20,0,2025,12,18,1,4,0,13
20,5,2025,12,18,2,3,0,16
20,11,2025,12,18,3,3,5,14
20,18,2025,12,18,4,6,6,14
20,25,2025,12,18,5,4,9,9
20,31,2025,12,18,4,5,0,14
20,36,2025,12,18,3,4,2,16
20,41,2025,12,18,2,6,8,14
20,47,2025,12,18,1,6,9,11
21,0,2025,12,18,1,2,0,13
21,5,2025,12,18,2,3,1,15
21,11,2025,12,18,3,5,3,17
21,18,2025,12,18,4,2,8,11
21,25,2025,12,18,5,2,6,7
21,31,2025,12,18,4,4,0,11
21,36,2025,12,18,3,4,1,14
21,41,2025,12,18,2,4,4,14
21,47,2025,12,18,1,5,7,12
22,0,2025,12,18,1,2,0,14
22,5,2025,12,18,2,3,0,17
22,11,2025,12,18,3,6,5,18
22,18,2025,12,18,4,3,5,16
22,25,2025,12,18,5,4,12,8
22,31,2025,12,18,4,4,1,11
22,36,2025,12,18,3,4,2,13
22,41,2025,12,18,2,5,5,13
22,47,2025,12,18,1,2,7,8
23,0,2025,12,18,1,5,0,13
23,5,2025,12,18,2,5,1,17
23,11,2025,12,18,3,3,4,16
23,18,2025,12,18,4,2,4,14
23,25,2025,12,18,5,4,8,10
23,31,2025,12,18,4,4,1,13
23,36,2025,12,18,3,3,5,11
23,41,2025,12,18,2,5,5,11
23,47,2025,12,18,1,0,11,0
6,0,2025,12,19,1,6,0,6
6,5,2025,12,19,2,13,0,19
6,11,2025,12,19,3,16,5,30
6,18,2025,12,19,4,3,14,19
6,25,2025,12,19,5,17,7,29
6,31,2025,12,19,4,6,2,33
6,36,2025,12,19,3,8,9,32
6,41,2025,12,19,2,22,13,41
6,47,2025,12,19,1,6,16,31
7,0,2025,12,19,1,3,0,34
7,5,2025,12,19,2,16,2,48
7,11,2025,12,19,3,12,7,53
7,18,2025,12,19,4,2,20,35
7,25,2025,12,19,5,8,12,31
7,31,2025,12,19,4,4,7,28
7,36,2025,12,19,3,16,1,43
7,41,2025,12,19,2,7,8,42
7,47,2025,12,19,1,3,20,25
8,0,2025,12,19,1,3,0,28
8,5,2025,12,19,2,13,1,40
8,11,2025,12,19,3,8,5,43
8,18,2025,12,19,4,4,20,27
8,25,2025,12,19,5,21,4,44
8,31,2025,12,19,4,3,19,28
8,36,2025,12,19,3,11,3,36
8,41,2025,12,19,2,20,6,50
8,47,2025,12,19,1,1,20,31
9,0,2025,12,19,1,2,0,33
9,5,2025,12,19,2,4,1,36
9,11,2025,12,19,3,6,4,38
9,18,2025,12,19,4,1,20,19
9,25,2025,12,19,5,3,9,13
9,31,2025,12,19,4,3,2,14
9,36,2025,12,19,3,5,0,19
9,41,2025,12,19,2,4,1,22
9,47,2025,12,19,1,2,18,6
10,0,2025,12,19,1,2,0,8
10,5,2025,12,19,2,3,0,11
10,11,2025,12,19,3,3,2,12
10,18,2025,12,19,4,6,3,15
10,25,2025,12,19,5,5,6,14
10,31,2025,12,19,4,2,2,14
10,36,2025,12,19,3,6,4,16
10,41,2025,12,19,2,4,5,15
10,47,2025,12,19,1,6,9,12
11,0,2025,12,19,1,2,0,14
11,5,2025,12,19,2,3,4,13
11,11,2025,12,19,3,2,5,10
11,18,2025,12,19,4,4,6,8
11,25,2025,12,19,5,6,4,10
11,31,2025,12,19,4,6,1,15
11,36,2025,12,19,3,2,3,14
11,41,2025,12,19,2,6,3,17
11,47,2025,12,19,1,3,10,10
12,0,2025,12,19,1,6,0,16
12,5,2025,12,19,2,2,3,15
12,11,2025,12,19,3,2,3,14
12,18,2025,12,19,4,3,5,12
12,25,2025,12,19,5,3,8,7
12,31,2025,12,19,4,4,1,10
12,36,2025,12,19,3,3,2,11
12,41,2025,12,19,2,6,3,14
12,47,2025,12,19,1,6,8,12
13,0,2025,12,19,1,29,0,41
13,5,2025,12,19,2,5,12,34
13,11,2025,12,19,3,5,11,28
13,18,2025,12,19,4,28,7,49
13,25,2025,12,19,5,4,20,33
13,31,2025,12,19,4,13,1,45
13,36,2025,12,19,3,5,11,39
13,41,2025,12,19,2,3,20,22
13,47,2025,12,19,1,15,14,23
14,0,2025,12,19,1,32,0,55
14,5,2025,12,19,2,2,17,40
14,11,2025,12,19,3,3,12,31
14,18,2025,12,19,4,26,11,46
14,25,2025,12,19,5,5,20,31
14,31,2025,12,19,4,21,0,52
14,36,2025,12,19,3,3,16,39
14,41,2025,12,19,2,6,19,26
14,47,2025,12,19,1,23,16,33
15,0,2025,12,19,1,25,0,58
15,5,2025,12,19,2,4,10,52
15,11,2025,12,19,3,4,20,36
15,18,2025,12,19,4,19,12,43
15,25,2025,12,19,5,5,20,28
15,31,2025,12,19,4,20,0,48
15,36,2025,12,19,3,3,15,36
15,41,2025,12,19,2,6,17,25
15,47,2025,12,19,1,12,15,22
16,0,2025,12,19,1,2,0,24
16,5,2025,12,19,2,4,5,23
16,11,2025,12,19,3,2,5,20
16,18,2025,12,19,4,6,7,19
16,25,2025,12,19,5,2,10,11
16,31,2025,12,19,4,3,0,14
16,36,2025,12,19,3,6,1,19
16,41,2025,12,19,2,2,7,14
16,47,2025,12,19,1,2,8,8
17,0,2025,12,19,1,6,0,14
17,5,2025,12,19,2,6,1,19
17,11,2025,12,19,3,3,8,14
17,18,2025,12,19,4,3,2,15
17,25,2025,12,19,5,2,10,7
17,31,2025,12,19,4,4,1,10
17,36,2025,12,19,3,4,0,14
17,41,2025,12,19,2,5,5,14
17,47,2025,12,19,1,6,6,14
18,0,2025,12,19,1,3,0,17
18,5,2025,12,19,2,5,2,20
18,11,2025,12,19,3,3,7,16
18,18,2025,12,19,4,3,6,13
18,25,2025,12,19,5,3,8,8
18,31,2025,12,19,4,6,0,14
18,36,2025,12,19,3,4,3,15
18,41,2025,12,19,2,6,6,15
18,47,2025,12,19,1,4,8,11
19,0,2025,12,19,1,4,0,15
19,5,2025,12,19,2,5,3,17
19,11,2025,12,19,3,2,6,13
19,18,2025,12,19,4,4,2,15
19,25,2025,12,19,5,2,8,9
19,31,2025,12,19,4,6,0,15
19,36,2025,12,19,3,5,3,17
19,41,2025,12,19,2,4,6,15
19,47,2025,12,19,1,5,10,10
20,0,2025,12,19,1,3,0,13
20,5,2025,12,19,2,5,2,16
20,11,2025,12,19,3,2,6,12
20,18,2025,12,19,4,4,2,14
20,25,2025,12,19,5,6,9,11
20,31,2025,12,19,4,6,1,16
20,36,2025,12,19,3,5,7,14
20,41,2025,12,19,2,4,4,14
20,47,2025,12,19,1,2,9,7
21,0,2025,12,19,1,3,0,10
21,5,2025,12,19,2,6,1,15
21,11,2025,12,19,3,4,2,17
21,18,2025,12,19,4,5,10,12
21,25,2025,12,19,5,2,3,11
21,31,2025,12,19,4,2,0,13
21,36,2025,12,19,3,2,3,12
21,41,2025,12,19,2,3,3,12
21,47,2025,12,19,1,3,7,8
22,0,2025,12,19,1,5,0,13
22,5,2025,12,19,2,2,3,12
22,11,2025,12,19,3,5,6,11
22,18,2025,12,19,4,2,5,8
22,25,2025,12,19,5,2,3,7
22,31,2025,12,19,4,2,0,9
22,36,2025,12,19,3,6,2,13
22,41,2025,12,19,2,5,6,12
22,47,2025,12,19,1,6,6,12
23,0,2025,12,19,1,2,0,14
23,5,2025,12,19,2,4,3,15
23,11,2025,12,19,3,6,5,16
23,18,2025,12,19,4,2,8,10
23,25,2025,12,19,5,5,6,9
23,31,2025,12,19,4,3,0,12
23,36,2025,12,19,3,5,4,13
23,41,2025,12,19,2,2,7,8
23,47,2025,12,19,1,0,8,0
6,0,2025,12,20,1,6,0,6
6,5,2025,12,20,2,7,0,13
6,11,2025,12,20,3,20,6,27
6,18,2025,12,20,4,4,7,24
6,25,2025,12,20,5,5,12,17
6,31,2025,12,20,4,6,1,22
6,36,2025,12,20,3,16,3,35
6,41,2025,12,20,2,6,8,33
6,47,2025,12,20,1,6,16,23
7,0,2025,12,20,1,4,0,27
7,5,2025,12,20,2,21,2,46
7,11,2025,12,20,3,21,2,65
7,18,2025,12,20,4,2,20,47
7,25,2025,12,20,5,16,13,50
7,31,2025,12,20,4,1,11,40
7,36,2025,12,20,3,8,4,44
7,41,2025,12,20,2,19,16,47
7,47,2025,12,20,1,3,20,30
8,0,2025,12,20,1,3,0,33
8,5,2025,12,20,2,13,2,44
8,11,2025,12,20,3,10,9,45
8,18,2025,12,20,4,5,20,30
8,25,2025,12,20,5,19,7,42
8,31,2025,12,20,4,3,17,28
8,36,2025,12,20,3,16,1,43
8,41,2025,12,20,2,7,7,43
8,47,2025,12,20,1,1,20,24
9,0,2025,12,20,1,1,0,25
9,5,2025,12,20,2,4,0,29
9,11,2025,12,20,3,5,3,31
9,18,2025,12,20,4,3,20,14
9,25,2025,12,20,5,6,5,15
9,31,2025,12,20,4,1,0,16
9,36,2025,12,20,3,5,0,21
9,41,2025,12,20,2,3,3,21
9,47,2025,12,20,1,4,20,5
10,0,2025,12,20,1,3,0,8
10,5,2025,12,20,2,5,1,12
10,11,2025,12,20,3,4,5,11
10,18,2025,12,20,4,4,2,13
10,25,2025,12,20,5,4,6,11
10,31,2025,12,20,4,5,1,15
10,36,2025,12,20,3,6,5,16
10,41,2025,12,20,2,4,7,13
10,47,2025,12,20,1,2,5,10
11,0,2025,12,20,1,4,0,14
11,5,2025,12,20,2,4,1,17
11,11,2025,12,20,3,2,6,13
11,18,2025,12,20,4,4,5,12
11,25,2025,12,20,5,3,8,7
11,31,2025,12,20,4,6,2,11
11,36,2025,12,20,3,4,2,13
11,41,2025,12,20,2,2,3,12
11,47,2025,12,20,1,2,7,7
12,0,2025,12,20,1,6,0,13
12,5,2025,12,20,2,2,1,14
12,11,2025,12,20,3,2,2,14
12,18,2025,12,20,4,4,6,12
12,25,2025,12,20,5,5,6,11
12,31,2025,12,20,4,6,0,17
12,36,2025,12,20,3,6,3,20
12,41,2025,12,20,2,4,3,21
12,47,2025,12,20,1,3,12,12
13,0,2025,12,20,1,11,0,23
13,5,2025,12,20,2,5,3,25
13,11,2025,12,20,3,6,4,27
13,18,2025,12,20,4,12,9,30
13,25,2025,12,20,5,2,18,14
13,31,2025,12,20,4,19,0,33
13,36,2025,12,20,3,3,9,27
13,41,2025,12,20,2,4,9,22
13,47,2025,12,20,1,20,12,30
14,0,2025,12,20,1,23,0,53
14,5,2025,12,20,2,5,15,43
14,11,2025,12,20,3,5,19,29
14,18,2025,12,20,4,19,11,37
14,25,2025,12,20,5,4,20,21
14,31,2025,12,20,4,22,1,42
14,36,2025,12,20,3,6,15,33
14,41,2025,12,20,2,4,15,22
14,47,2025,12,20,1,29,12,39
15,0,2025,12,20,1,21,0,60
15,5,2025,12,20,2,5,15,50
15,11,2025,12,20,3,5,17,38
15,18,2025,12,20,4,32,13,57
15,25,2025,12,20,5,4,20,41
15,31,2025,12,20,4,17,2,56
15,36,2025,12,20,3,6,12,50
15,41,2025,12,20,2,2,20,32
15,47,2025,12,20,1,17,17,32
16,0,2025,12,20,1,4,0,36
16,5,2025,12,20,2,2,6,32
16,11,2025,12,20,3,5,8,29
16,18,2025,12,20,4,2,11,20
16,25,2025,12,20,5,2,15,7
16,31,2025,12,20,4,3,1,9
16,36,2025,12,20,3,2,1,10
16,41,2025,12,20,2,3,4,9
16,47,2025,12,20,1,4,4,9
17,0,2025,12,20,1,4,0,13
17,5,2025,12,20,2,2,3,12
17,11,2025,12,20,3,3,2,13
17,18,2025,12,20,4,2,8,7
17,25,2025,12,20,5,4,6,5
17,31,2025,12,20,4,4,2,7
17,36,2025,12,20,3,6,2,11
17,41,2025,12,20,2,3,4,10
17,47,2025,12,20,1,2,4,8
18,0,2025,12,20,1,6,0,14
18,5,2025,12,20,2,3,0,17
18,11,2025,12,20,3,5,3,19
18,18,2025,12,20,4,6,6,19
18,25,2025,12,20,5,5,11,13
18,31,2025,12,20,4,5,1,17
18,36,2025,12,20,3,4,4,17
18,41,2025,12,20,2,6,6,17
18,47,2025,12,20,1,2,10,9
19,0,2025,12,20,1,3,0,12
19,5,2025,12,20,2,6,2,16
19,11,2025,12,20,3,5,4,17
19,18,2025,12,20,4,3,5,15
19,25,2025,12,20,5,2,7,10
19,31,2025,12,20,4,2,2,10
19,36,2025,12,20,3,3,1,12
19,41,2025,12,20,2,6,2,16
19,47,2025,12,20,1,4,11,9
20,0,2025,12,20,1,5,0,14
20,5,2025,12,20,2,5,4,15
20,11,2025,12,20,3,2,4,13
20,18,2025,12,20,4,2,6,9
20,25,2025,12,20,5,3,5,7
20,31,2025,12,20,4,2,2,7
20,36,2025,12,20,3,2,2,7
20,41,2025,12,20,2,2,2,7
20,47,2025,12,20,1,2,3,6
21,0,2025,12,20,1,5,0,11
21,5,2025,12,20,2,3,4,10
21,11,2025,12,20,3,2,2,10
21,18,2025,12,20,4,3,4,9
21,25,2025,12,20,5,2,6,5
21,31,2025,12,20,4,5,0,10
21,36,2025,12,20,3,5,1,14
21,41,2025,12,20,2,6,3,17
21,47,2025,12,20,1,2,12,7
22,0,2025,12,20,1,5,0,12
22,5,2025,12,20,2,6,1,17
22,11,2025,12,20,3,3,3,17
22,18,2025,12,20,4,2,9,10
22,25,2025,12,20,5,4,9,5
22,31,2025,12,20,4,3,2,6
22,36,2025,12,20,3,2,2,6
22,41,2025,12,20,2,6,1,11
22,47,2025,12,20,1,5,5,11
23,0,2025,12,20,1,3,0,14
23,5,2025,12,20,2,2,2,14
23,11,2025,12,20,3,2,3,13
23,18,2025,12,20,4,4,8,9
23,25,2025,12,20,5,4,5,8
23,31,2025,12,20,4,2,1,9
23,36,2025,12,20,3,4,2,11
23,41,2025,12,20,2,3,4,10
23,47,2025,12,20,1,0,10,0
6,0,2025,12,21,1,3,0,3
6,5,2025,12,21,2,17,1,19
6,11,2025,12,21,3,5,6,18
6,18,2025,12,21,4,2,4,16
6,25,2025,12,21,5,16,9,23
6,31,2025,12,21,4,5,5,23
6,36,2025,12,21,3,8,6,25
6,41,2025,12,21,2,18,7,36
6,47,2025,12,21,1,6,13,29
7,0,2025,12,21,1,3,0,32
7,5,2025,12,21,2,15,2,45
7,11,2025,12,21,3,11,4,52
7,18,2025,12,21,4,1,20,33
7,25,2025,12,21,5,20,11,42
7,31,2025,12,21,4,2,14,30
7,36,2025,12,21,3,6,3,33
7,41,2025,12,21,2,20,6,47
7,47,2025,12,21,1,2,20,29
8,0,2025,12,21,1,1,0,30
8,5,2025,12,21,2,13,0,43
8,11,2025,12,21,3,21,5,59
8,18,2025,12,21,4,3,20,42
8,25,2025,12,21,5,19,18,43
8,31,2025,12,21,4,3,13,33
8,36,2025,12,21,3,8,3,38
8,41,2025,12,21,2,8,9,37
8,47,2025,12,21,1,2,20,19
9,0,2025,12,21,1,2,0,21
9,5,2025,12,21,2,2,0,23
9,11,2025,12,21,3,6,0,29
9,18,2025,12,21,4,1,20,10
9,25,2025,12,21,5,3,3,10
9,31,2025,12,21,4,1,0,11
9,36,2025,12,21,3,3,0,14
9,41,2025,12,21,2,6,0,20
9,47,2025,12,21,1,4,18,6
10,0,2025,12,21,1,3,0,9
10,5,2025,12,21,2,6,1,14
10,11,2025,12,21,3,3,6,11
10,18,2025,12,21,4,6,4,13
10,25,2025,12,21,5,5,6,12
10,31,2025,12,21,4,6,1,17
10,36,2025,12,21,3,5,2,20
10,41,2025,12,21,2,5,5,20
10,47,2025,12,21,1,4,11,13
11,0,2025,12,21,1,3,0,16
11,5,2025,12,21,2,2,2,16
11,11,2025,12,21,3,4,4,16
11,18,2025,12,21,4,5,3,18
11,25,2025,12,21,5,4,13,9
11,31,2025,12,21,4,4,1,12
11,36,2025,12,21,3,3,3,12
11,41,2025,12,21,2,3,6,9
11,47,2025,12,21,1,2,3,8
12,0,2025,12,21,1,2,0,10
12,5,2025,12,21,2,6,0,16
12,11,2025,12,21,3,5,4,17
12,18,2025,12,21,4,4,5,16
12,25,2025,12,21,5,5,7,14
12,31,2025,12,21,4,5,0,19
12,36,2025,12,21,3,4,4,19
12,41,2025,12,21,2,4,8,15
12,47,2025,12,21,1,5,12,8
13,0,2025,12,21,1,29,0,37
13,5,2025,12,21,2,2,10,29
13,11,2025,12,21,3,5,11,23
13,18,2025,12,21,4,10,8,25
13,25,2025,12,21,5,2,16,11
13,31,2025,12,21,4,9,0,20
13,36,2025,12,21,3,2,7,15
13,41,2025,12,21,2,4,7,12
13,47,2025,12,21,1,10,4,18
14,0,2025,12,21,1,8,0,26
14,5,2025,12,21,2,2,4,24
14,11,2025,12,21,3,5,8,21
14,18,2025,12,21,4,8,6,23
14,25,2025,12,21,5,4,12,15
14,31,2025,12,21,4,30,1,44
14,36,2025,12,21,3,3,15,32
14,41,2025,12,21,2,2,17,17
14,47,2025,12,21,1,15,9,23
15,0,2025,12,21,1,8,0,31
15,5,2025,12,21,2,2,6,27
15,11,2025,12,21,3,6,8,25
15,18,2025,12,21,4,15,7,33
15,25,2025,12,21,5,5,20,18
15,31,2025,12,21,4,23,1,40
15,36,2025,12,21,3,3,8,35
15,41,2025,12,21,2,5,17,23
15,47,2025,12,21,1,22,10,35
16,0,2025,12,21,1,2,0,37
16,5,2025,12,21,2,5,3,39
16,11,2025,12,21,3,2,9,32
16,18,2025,12,21,4,5,13,24
16,25,2025,12,21,5,6,17,13
16,31,2025,12,21,4,2,3,12
16,36,2025,12,21,3,2,4,10
16,41,2025,12,21,2,3,4,9
16,47,2025,12,21,1,2,6,5
17,0,2025,12,21,1,3,0,8
17,5,2025,12,21,2,4,1,11
17,11,2025,12,21,3,2,1,12
17,18,2025,12,21,4,5,4,13
17,25,2025,12,21,5,6,5,14
17,31,2025,12,21,4,6,3,17
17,36,2025,12,21,3,6,3,20
17,41,2025,12,21,2,6,8,18
17,47,2025,12,21,1,4,6,16
18,0,2025,12,21,1,4,0,20
18,5,2025,12,21,2,5,1,24
18,11,2025,12,21,3,6,5,25
18,18,2025,12,21,4,6,10,21
18,25,2025,12,21,5,4,12,13
18,31,2025,12,21,4,2,2,13
18,36,2025,12,21,3,4,5,12
18,41,2025,12,21,2,5,6,11
18,47,2025,12,21,1,4,4,11
19,0,2025,12,21,1,2,0,13
19,5,2025,12,21,2,4,1,16
19,11,2025,12,21,3,4,7,13
19,18,2025,12,21,4,4,7,10
19,25,2025,12,21,5,2,4,8
19,31,2025,12,21,4,6,1,13
19,36,2025,12,21,3,4,3,14
19,41,2025,12,21,2,4,6,12
19,47,2025,12,21,1,3,5,10
20,0,2025,12,21,1,4,0,14
20,5,2025,12,21,2,4,2,16
20,11,2025,12,21,3,6,6,16
20,18,2025,12,21,4,3,9,10
20,25,2025,12,21,5,5,5,10
20,31,2025,12,21,4,6,1,15
20,36,2025,12,21,3,6,4,17
20,41,2025,12,21,2,2,7,12
20,47,2025,12,21,1,5,6,11
21,0,2025,12,21,1,2,0,13
21,5,2025,12,21,2,5,2,16
21,11,2025,12,21,3,6,6,16
21,18,2025,12,21,4,4,3,17
21,25,2025,12,21,5,2,12,7
21,31,2025,12,21,4,5,2,10
21,36,2025,12,21,3,4,2,12
21,41,2025,12,21,2,2,4,10
21,47,2025,12,21,1,2,6,6
22,0,2025,12,21,1,5,0,11
22,5,2025,12,21,2,2,2,11
22,11,2025,12,21,3,6,3,14
22,18,2025,12,21,4,4,3,15
22,25,2025,12,21,5,4,7,12
22,31,2025,12,21,4,6,1,17
22,36,2025,12,21,3,6,8,15
22,41,2025,12,21,2,4,5,14
22,47,2025,12,21,1,5,6,13
23,0,2025,12,21,1,6,0,19
23,5,2025,12,21,2,4,2,21
23,11,2025,12,21,3,4,5,20
23,18,2025,12,21,4,3,9,14
23,25,2025,12,21,5,3,11,6
23,31,2025,12,21,4,2,2,6
23,36,2025,12,21,3,3,2,7
23,41,2025,12,21,2,5,6,6
23,47,2025,12,21,1,0,6,0
6,0,2025,12,22,1,6,0,6
6,5,2025,12,22,2,18,2,22
6,11,2025,12,22,3,11,5,28
6,18,2025,12,22,4,3,8,23
6,25,2025,12,22,5,7,13,17
6,31,2025,12,22,4,3,0,20
6,36,2025,12,22,3,5,5,20
6,41,2025,12,22,2,11,5,26
6,47,2025,12,22,1,4,11,19
7,0,2025,12,22,1,1,0,20
7,5,2025,12,22,2,11,0,31
7,11,2025,12,22,3,10,0,41
7,18,2025,12,22,4,1,20,22
7,25,2025,12,22,5,14,6,30
7,31,2025,12,22,4,3,8,25
7,36,2025,12,22,3,11,2,34
7,41,2025,12,22,2,10,2,42
7,47,2025,12,22,1,2,20,24
8,0,2025,12,22,1,3,0,27
8,5,2025,12,22,2,12,2,37
8,11,2025,12,22,3,6,4,39
8,18,2025,12,22,4,3,20,22
8,25,2025,12,22,5,17,7,32
8,31,2025,12,22,4,2,12,22
8,36,2025,12,22,3,17,1,38
8,41,2025,12,22,2,6,1,43
8,47,2025,12,22,1,3,20,26
9,0,2025,12,22,1,1,0,27
9,5,2025,12,22,2,6,1,32
9,11,2025,12,22,3,2,3,31
9,18,2025,12,22,4,2,20,13
9,25,2025,12,22,5,6,6,13
9,31,2025,12,22,4,3,1,15
9,36,2025,12,22,3,5,0,20
9,41,2025,12,22,2,5,1,24
9,47,2025,12,22,1,3,20,7
10,0,2025,12,22,1,5,0,12
10,5,2025,12,22,2,3,3,12
10,11,2025,12,22,3,3,4,11
10,18,2025,12,22,4,3,7,7
10,25,2025,12,22,5,4,3,8
10,31,2025,12,22,4,6,0,14
10,36,2025,12,22,3,2,6,10
10,41,2025,12,22,2,5,5,10
10,47,2025,12,22,1,3,5,8
11,0,2025,12,22,1,2,0,10
11,5,2025,12,22,2,2,3,9
11,11,2025,12,22,3,6,3,12
11,18,2025,12,22,4,4,3,13
11,25,2025,12,22,5,2,5,10
11,31,2025,12,22,4,6,0,16
11,36,2025,12,22,3,6,3,19
11,41,2025,12,22,2,3,8,14
11,47,2025,12,22,1,5,7,12
12,0,2025,12,22,1,5,0,17
12,5,2025,12,22,2,6,1,22
12,11,2025,12,22,3,3,3,22
12,18,2025,12,22,4,2,10,14
12,25,2025,12,22,5,4,10,8
12,31,2025,12,22,4,4,1,11
12,36,2025,12,22,3,5,2,14
12,41,2025,12,22,2,3,7,10
12,47,2025,12,22,1,6,7,9
13,0,2025,12,22,1,28,0,37
13,5,2025,12,22,2,3,11,29
13,11,2025,12,22,3,6,11,24
13,18,2025,12,22,4,9,6,27
13,25,2025,12,22,5,5,13,19
13,31,2025,12,22,4,30,1,48
13,36,2025,12,22,3,5,16,37
13,41,2025,12,22,2,3,17,23
13,47,2025,12,22,1,31,13,41
14,0,2025,12,22,1,10,0,51
14,5,2025,12,22,2,6,11,46
14,11,2025,12,22,3,5,16,35
14,18,2025,12,22,4,15,10,40
14,25,2025,12,22,5,3,20,23
14,31,2025,12,22,4,8,0,31
14,36,2025,12,22,3,6,11,26
14,41,2025,12,22,2,3,15,14
14,47,2025,12,22,1,25,7,32
15,0,2025,12,22,1,15,0,47
15,5,2025,12,22,2,2,10,39
15,11,2025,12,22,3,6,14,31
15,18,2025,12,22,4,16,8,39
15,25,2025,12,22,5,4,20,23
15,31,2025,12,22,4,15,1,37
15,36,2025,12,22,3,3,17,23
15,41,2025,12,22,2,2,10,15
15,47,2025,12,22,1,18,8,25
16,0,2025,12,22,1,6,0,31
16,5,2025,12,22,2,3,5,29
16,11,2025,12,22,3,5,7,27
16,18,2025,12,22,4,6,12,21
16,25,2025,12,22,5,4,14,11
16,31,2025,12,22,4,2,1,12
16,36,2025,12,22,3,3,5,10
16,41,2025,12,22,2,3,3,10
16,47,2025,12,22,1,4,6,8
17,0,2025,12,22,1,5,0,13
17,5,2025,12,22,2,3,4,12
17,11,2025,12,22,3,2,6,8
17,18,2025,12,22,4,4,1,11
17,25,2025,12,22,5,6,5,12
17,31,2025,12,22,4,4,2,14
17,36,2025,12,22,3,3,3,14
17,41,2025,12,22,2,6,2,18
17,47,2025,12,22,1,5,10,13
18,0,2025,12,22,1,2,0,15
18,5,2025,12,22,2,2,1,16
18,11,2025,12,22,3,5,5,16
18,18,2025,12,22,4,3,7,12
18,25,2025,12,22,5,6,7,11
18,31,2025,12,22,4,5,1,15
18,36,2025,12,22,3,5,5,15
18,41,2025,12,22,2,4,2,17
18,47,2025,12,22,1,3,6,14
19,0,2025,12,22,1,4,0,18
19,5,2025,12,22,2,4,4,18
19,11,2025,12,22,3,3,2,19
19,18,2025,12,22,4,4,8,15
19,25,2025,12,22,5,4,10,9
19,31,2025,12,22,4,2,1,10
19,36,2025,12,22,3,4,6,8
19,41,2025,12,22,2,2,4,6
19,47,2025,12,22,1,4,4,6
20,0,2025,12,22,1,3,0,9
20,5,2025,12,22,2,4,3,10
20,11,2025,12,22,3,3,2,11
20,18,2025,12,22,4,3,6,8
20,25,2025,12,22,5,3,5,6
20,31,2025,12,22,4,3,2,7
20,36,2025,12,22,3,3,2,8
20,41,2025,12,22,2,3,3,8
20,47,2025,12,22,1,2,7,3
21,0,2025,12,22,1,5,0,8
21,5,2025,12,22,2,6,4,10
21,11,2025,12,22,3,3,2,11
21,18,2025,12,22,4,4,2,13
21,25,2025,12,22,5,3,6,10
21,31,2025,12,22,4,2,0,12
21,36,2025,12,22,3,6,2,16
21,41,2025,12,22,2,2,3,15
21,47,2025,12,22,1,4,8,11
22,0,2025,12,22,1,6,0,17
22,5,2025,12,22,2,4,2,19
22,11,2025,12,22,3,5,5,19
22,18,2025,12,22,4,3,11,11
22,25,2025,12,22,5,6,6,11
22,31,2025,12,22,4,2,1,12
22,36,2025,12,22,3,5,5,12
22,41,2025,12,22,2,5,3,14
22,47,2025,12,22,1,6,9,11
23,0,2025,12,22,1,2,0,13
23,5,2025,12,22,2,5,3,15
23,11,2025,12,22,3,4,3,16
23,18,2025,12,22,4,3,7,12
23,25,2025,12,22,5,3,7,8
23,31,2025,12,22,4,6,0,14
23,36,2025,12,22,3,6,2,18
23,41,2025,12,22,2,4,9,13
23,47,2025,12,22,1,0,13,0
6,0,2025,12,23,1,6,0,6
6,5,2025,12,23,2,21,1,26
6,11,2025,12,23,3,10,6,30
6,18,2025,12,23,4,3,11,22
6,25,2025,12,23,5,9,12,19
6,31,2025,12,23,4,2,0,21
6,36,2025,12,23,3,16,4,33
6,41,2025,12,23,2,10,5,38
6,47,2025,12,23,1,2,17,23
7,0,2025,12,23,1,1,0,24
7,5,2025,12,23,2,15,0,39
7,11,2025,12,23,3,17,5,51
7,18,2025,12,23,4,4,20,35
7,25,2025,12,23,5,7,9,33
7,31,2025,12,23,4,4,4,33
7,36,2025,12,23,3,5,4,34
7,41,2025,12,23,2,14,7,41
7,47,2025,12,23,1,4,20,25
8,0,2025,12,23,1,2,0,27
8,5,2025,12,23,2,15,0,42
8,11,2025,12,23,3,10,4,48
8,18,2025,12,23,4,3,20,31
8,25,2025,12,23,5,12,7,36
8,31,2025,12,23,4,1,9,28
8,36,2025,12,23,3,20,2,46
8,41,2025,12,23,2,10,8,48
8,47,2025,12,23,1,4,20,32
9,0,2025,12,23,1,1,0,33
9,5,2025,12,23,2,6,0,39
9,11,2025,12,23,3,5,6,38
9,18,2025,12,23,4,3,20,21
9,25,2025,12,23,5,2,9,14
9,31,2025,12,23,4,4,1,17
9,36,2025,12,23,3,3,1,19
9,41,2025,12,23,2,6,1,24
9,47,2025,12,23,1,4,20,8
10,0,2025,12,23,1,6,0,14
10,5,2025,12,23,2,5,1,18
10,11,2025,12,23,3,6,4,20
10,18,2025,12,23,4,2,6,16
10,25,2025,12,23,5,6,8,14
10,31,2025,12,23,4,6,2,18
10,36,2025,12,23,3,6,5,19
10,41,2025,12,23,2,4,4,19
10,47,2025,12,23,1,5,10,14
11,0,2025,12,23,1,6,0,20
11,5,2025,12,23,2,6,2,24
11,11,2025,12,23,3,2,5,21
11,18,2025,12,23,4,3,11,13
11,25,2025,12,23,5,4,6,11
11,31,2025,12,23,4,2,2,11
11,36,2025,12,23,3,3,2,12
11,41,2025,12,23,2,2,7,7
11,47,2025,12,23,1,2,5,4
12,0,2025,12,23,1,2,0,6
12,5,2025,12,23,2,2,0,8
12,11,2025,12,23,3,5,4,9
12,18,2025,12,23,4,2,1,10
12,25,2025,12,23,5,5,7,8
12,31,2025,12,23,4,4,0,12
12,36,2025,12,23,3,5,4,13
12,41,2025,12,23,2,2,9,6
12,47,2025,12,23,1,2,0,8
13,0,2025,12,23,1,25,0,33
13,5,2025,12,23,2,6,12,27
13,11,2025,12,23,3,4,4,27
13,18,2025,12,23,4,22,8,41
13,25,2025,12,23,5,2,20,23
13,31,2025,12,23,4,13,0,36
13,36,2025,12,23,3,3,7,32
13,41,2025,12,23,2,3,14,21
13,47,2025,12,23,1,17,13,25
14,0,2025,12,23,1,11,0,36
14,5,2025,12,23,2,5,4,37
14,11,2025,12,23,3,3,13,27
14,18,2025,12,23,4,28,9,46
14,25,2025,12,23,5,3,20,29
14,31,2025,12,23,4,29,0,58
14,36,2025,12,23,3,5,18,45
14,41,2025,12,23,2,2,20,27
14,47,2025,12,23,1,25,19,33
15,0,2025,12,23,1,25,0,58
15,5,2025,12,23,2,2,14,46
15,11,2025,12,23,3,6,15,37
15,18,2025,12,23,4,31,11,57
15,25,2025,12,23,5,4,20,41
15,31,2025,12,23,4,18,0,59
15,36,2025,12,23,3,6,17,48
15,41,2025,12,23,2,3,20,31
15,47,2025,12,23,1,9,18,22
16,0,2025,12,23,1,2,0,24
16,5,2025,12,23,2,4,1,27
16,11,2025,12,23,3,4,7,24
16,18,2025,12,23,4,2,7,19
16,25,2025,12,23,5,5,16,8
16,31,2025,12,23,4,4,0,12
16,36,2025,12,23,3,2,2,12
16,41,2025,12,23,2,3,8,7
16,47,2025,12,23,1,3,3,7
17,0,2025,12,23,1,4,0,11
17,5,2025,12,23,2,4,3,12
17,11,2025,12,23,3,6,4,14
17,18,2025,12,23,4,2,4,12
17,25,2025,12,23,5,4,6,10
17,31,2025,12,23,4,3,2,11
17,36,2025,12,23,3,5,1,15
17,41,2025,12,23,2,3,6,12
17,47,2025,12,23,1,4,8,8
18,0,2025,12,23,1,2,0,10
18,5,2025,12,23,2,5,0,15
18,11,2025,12,23,3,3,3,15
18,18,2025,12,23,4,2,4,13
18,25,2025,12,23,5,6,9,10
18,31,2025,12,23,4,4,3,11
18,36,2025,12,23,3,6,3,14
18,41,2025,12,23,2,3,2,15
18,47,2025,12,23,1,5,6,14
19,0,2025,12,23,1,2,0,16
19,5,2025,12,23,2,6,3,19
19,11,2025,12,23,3,5,4,20
19,18,2025,12,23,4,5,4,21
19,25,2025,12,23,5,4,13,12
19,31,2025,12,23,4,4,1,15
19,36,2025,12,23,3,6,4,17
19,41,2025,12,23,2,5,5,17
19,47,2025,12,23,1,4,8,13
20,0,2025,12,23,1,6,0,19
20,5,2025,12,23,2,4,2,21
20,11,2025,12,23,3,6,5,22
20,18,2025,12,23,4,6,10,18
20,25,2025,12,23,5,6,14,10
20,31,2025,12,23,4,4,0,14
20,36,2025,12,23,3,4,5,13
20,41,2025,12,23,2,3,7,9
20,47,2025,12,23,1,3,2,10
21,0,2025,12,23,1,3,0,13
21,5,2025,12,23,2,5,0,18
21,11,2025,12,23,3,3,4,17
21,18,2025,12,23,4,4,5,16
21,25,2025,12,23,5,2,9,9
21,31,2025,12,23,4,6,1,14
21,36,2025,12,23,3,5,5,14
21,41,2025,12,23,2,4,4,14
21,47,2025,12,23,1,6,8,12
22,0,2025,12,23,1,3,0,15
22,5,2025,12,23,2,3,4,14
22,11,2025,12,23,3,6,2,18
22,18,2025,12,23,4,5,6,17
22,25,2025,12,23,5,4,12,9
22,31,2025,12,23,4,5,0,14
22,36,2025,12,23,3,5,4,15
22,41,2025,12,23,2,4,1,18
22,47,2025,12,23,1,6,9,15
23,0,2025,12,23,1,5,0,20
23,5,2025,12,23,2,2,3,19
23,11,2025,12,23,3,2,5,16
23,18,2025,12,23,4,4,9,11
23,25,2025,12,23,5,6,6,11
23,31,2025,12,23,4,5,1,15
23,36,2025,12,23,3,4,3,16
23,41,2025,12,23,2,5,10,11
23,47,2025,12,23,1,0,11,0
6,0,2025,12,24,1,5,0,5
6,5,2025,12,24,2,8,4,9
6,11,2025,12,24,3,22,5,26
6,18,2025,12,24,4,2,6,22
6,25,2025,12,24,5,6,6,22
6,31,2025,12,24,4,5,3,24
6,36,2025,12,24,3,11,1,34
6,41,2025,12,24,2,18,12,40
6,47,2025,12,24,1,2,15,27
7,0,2025,12,24,1,1,0,28
7,5,2025,12,24,2,22,2,48
7,11,2025,12,24,3,18,3,63
7,18,2025,12,24,4,5,20,48
7,25,2025,12,24,5,14,16,46
7,31,2025,12,24,4,2,12,36
7,36,2025,12,24,3,16,5,47
7,41,2025,12,24,2,7,12,42
7,47,2025,12,24,1,2,20,24
8,0,2025,12,24,1,2,0,26
8,5,2025,12,24,2,14,1,39
8,11,2025,12,24,3,9,2,46
8,18,2025,12,24,4,1,20,27
8,25,2025,12,24,5,8,8,27
8,31,2025,12,24,4,1,6,22
8,36,2025,12,24,3,18,1,39
8,41,2025,12,24,2,7,2,44
8,47,2025,12,24,1,4,20,28
9,0,2025,12,24,1,2,0,30
9,5,2025,12,24,2,4,1,33
9,11,2025,12,24,3,5,4,34
9,18,2025,12,24,4,3,20,17
9,25,2025,12,24,5,2,6,13
9,31,2025,12,24,4,1,1,13
9,36,2025,12,24,3,6,1,18
9,41,2025,12,24,2,2,3,17
9,47,2025,12,24,1,1,16,2
10,0,2025,12,24,1,3,0,5
10,5,2025,12,24,2,4,2,7
10,11,2025,12,24,3,3,3,7
10,18,2025,12,24,4,6,3,10
10,25,2025,12,24,5,5,6,9
10,31,2025,12,24,4,2,1,10
10,36,2025,12,24,3,3,3,10
10,41,2025,12,24,2,5,5,10
10,47,2025,12,24,1,3,4,9
11,0,2025,12,24,1,2,0,11
11,5,2025,12,24,2,3,2,12
11,11,2025,12,24,3,6,4,14
11,18,2025,12,24,4,2,3,13
11,25,2025,12,24,5,3,7,9
11,31,2025,12,24,4,4,0,13
11,36,2025,12,24,3,3,2,14
11,41,2025,12,24,2,6,3,17
11,47,2025,12,24,1,3,9,11
12,0,2025,12,24,1,4,0,15
12,5,2025,12,24,2,6,1,20
12,11,2025,12,24,3,2,3,19
12,18,2025,12,24,4,6,9,16
12,25,2025,12,24,5,6,10,12
12,31,2025,12,24,4,6,1,17
12,36,2025,12,24,3,6,5,18
12,41,2025,12,24,2,5,6,17
12,47,2025,12,24,1,2,7,12
13,0,2025,12,24,1,28,0,40
13,5,2025,12,24,2,3,10,33
13,11,2025,12,24,3,4,16,21
13,18,2025,12,24,4,31,6,46
13,25,2025,12,24,5,4,18,32
13,31,2025,12,24,4,9,0,41
13,36,2025,12,24,3,3,19,25
13,41,2025,12,24,2,6,13,18
13,47,2025,12,24,1,9,11,16
14,0,2025,12,24,1,15,0,31
14,5,2025,12,24,2,2,7,26
14,11,2025,12,24,3,4,6,24
14,18,2025,12,24,4,9,9,24
14,25,2025,12,24,5,3,13,14
14,31,2025,12,24,4,29,0,43
14,36,2025,12,24,3,4,8,39
14,41,2025,12,24,2,4,16,27
14,47,2025,12,24,1,30,15,42
15,0,2025,12,24,1,17,0,59
15,5,2025,12,24,2,5,13,51
15,11,2025,12,24,3,5,16,40
15,18,2025,12,24,4,30,15,55
15,25,2025,12,24,5,3,20,38
15,31,2025,12,24,4,24,1,61
15,36,2025,12,24,3,5,19,47
15,41,2025,12,24,2,3,19,31
15,47,2025,12,24,1,27,14,44
16,0,2025,12,24,1,5,0,49
16,5,2025,12,24,2,3,6,46
16,11,2025,12,24,3,5,11,40
16,18,2025,12,24,4,2,16,26
16,25,2025,12,24,5,2,20,8
16,31,2025,12,24,4,6,1,13
16,36,2025,12,24,3,6,5,14
16,41,2025,12,24,2,5,8,11
16,47,2025,12,24,1,3,4,10
17,0,2025,12,24,1,2,0,12
17,5,2025,12,24,2,5,2,15
17,11,2025,12,24,3,6,2,19
17,18,2025,12,24,4,2,4,17
17,25,2025,12,24,5,4,13,8
17,31,2025,12,24,4,6,1,13
17,36,2025,12,24,3,4,3,14
17,41,2025,12,24,2,5,5,14
17,47,2025,12,24,1,6,6,14
18,0,2025,12,24,1,4,0,18
18,5,2025,12,24,2,3,2,19
18,11,2025,12,24,3,6,5,20
18,18,2025,12,24,4,2,3,19
18,25,2025,12,24,5,2,9,12
18,31,2025,12,24,4,4,2,14
18,36,2025,12,24,3,4,3,15
18,41,2025,12,24,2,2,4,13
18,47,2025,12,24,1,2,9,6
19,0,2025,12,24,1,4,0,10
19,5,2025,12,24,2,6,1,15
19,11,2025,12,24,3,5,4,16
19,18,2025,12,24,4,6,7,15
19,25,2025,12,24,5,6,8,13
19,31,2025,12,24,4,3,1,15
19,36,2025,12,24,3,3,4,14
19,41,2025,12,24,2,4,8,10
19,47,2025,12,24,1,4,6,8
20,0,2025,12,24,1,5,0,13
20,5,2025,12,24,2,3,0,16
20,11,2025,12,24,3,6,2,20
20,18,2025,12,24,4,3,7,16
20,25,2025,12,24,5,5,9,12
20,31,2025,12,24,4,3,0,15
20,36,2025,12,24,3,2,2,15
20,41,2025,12,24,2,6,8,13
20,47,2025,12,24,1,6,7,12
21,0,2025,12,24,1,6,0,18
21,5,2025,12,24,2,5,6,17
21,11,2025,12,24,3,3,6,14
21,18,2025,12,24,4,2,3,13
21,25,2025,12,24,5,3,9,7
21,31,2025,12,24,4,2,1,8
21,36,2025,12,24,3,3,2,9
21,41,2025,12,24,2,6,2,13
21,47,2025,12,24,1,5,6,12
22,0,2025,12,24,1,3,0,15
22,5,2025,12,24,2,6,0,21
22,11,2025,12,24,3,2,6,17
22,18,2025,12,24,4,4,5,16
22,25,2025,12,24,5,2,9,9
22,31,2025,12,24,4,3,0,12
22,36,2025,12,24,3,5,3,14
22,41,2025,12,24,2,4,7,11
22,47,2025,12,24,1,6,6,11
23,0,2025,12,24,1,4,0,15
23,5,2025,12,24,2,2,2,15
23,11,2025,12,24,3,2,5,12
23,18,2025,12,24,4,5,4,13
23,25,2025,12,24,5,2,7,8
23,31,2025,12,24,4,3,1,10
23,36,2025,12,24,3,2,1,11
23,41,2025,12,24,2,2,6,7
23,47,2025,12,24,1,0,7,0
6,0,2025,12,25,1,5,0,5
6,5,2025,12,25,2,15,3,17
6,11,2025,12,25,3,13,4,26
6,18,2025,12,25,4,2,12,16
6,25,2025,12,25,5,10,5,21
6,31,2025,12,25,4,5,3,23
6,36,2025,12,25,3,13,4,32
6,41,2025,12,25,2,20,7,45
6,47,2025,12,25,1,2,17,30
7,0,2025,12,25,1,1,0,31
7,5,2025,12,25,2,14,0,45
7,11,2025,12,25,3,21,1,65
7,18,2025,12,25,4,5,20,50
7,25,2025,12,25,5,21,19,52
7,31,2025,12,25,4,2,17,37
7,36,2025,12,25,3,10,3,44
7,41,2025,12,25,2,18,14,48
7,47,2025,12,25,1,3,20,31
8,0,2025,12,25,1,1,0,32
8,5,2025,12,25,2,14,1,45
8,11,2025,12,25,3,13,4,54
8,18,2025,12,25,4,3,20,37
8,25,2025,12,25,5,7,13,31
8,31,2025,12,25,4,3,5,29
8,36,2025,12,25,3,19,3,45
8,41,2025,12,25,2,8,7,46
8,47,2025,12,25,1,2,20,28
9,0,2025,12,25,1,2,0,30
9,5,2025,12,25,2,3,2,31
9,11,2025,12,25,3,6,2,35
9,18,2025,12,25,4,1,20,16
9,25,2025,12,25,5,5,7,14
9,31,2025,12,25,4,1,2,13
9,36,2025,12,25,3,5,1,17
9,41,2025,12,25,2,2,3,16
9,47,2025,12,25,1,3,16,3
10,0,2025,12,25,1,5,0,8
10,5,2025,12,25,2,6,3,11
10,11,2025,12,25,3,3,4,10
10,18,2025,12,25,4,6,5,11
10,25,2025,12,25,5,3,8,6
10,31,2025,12,25,4,5,0,11
10,36,2025,12,25,3,6,2,15
10,41,2025,12,25,2,2,5,12
10,47,2025,12,25,1,3,9,6
11,0,2025,12,25,1,5,0,11
11,5,2025,12,25,2,4,3,12
11,11,2025,12,25,3,6,1,17
11,18,2025,12,25,4,5,7,15
11,25,2025,12,25,5,6,9,12
11,31,2025,12,25,4,3,1,14
11,36,2025,12,25,3,4,5,13
11,41,2025,12,25,2,4,6,11
11,47,2025,12,25,1,6,5,12
12,0,2025,12,25,1,5,0,17
12,5,2025,12,25,2,6,4,19
12,11,2025,12,25,3,5,5,19
12,18,2025,12,25,4,2,7,14
12,25,2025,12,25,5,2,8,8
12,31,2025,12,25,4,2,0,10
12,36,2025,12,25,3,3,1,12
12,41,2025,12,25,2,6,3,15
12,47,2025,12,25,1,6,7,14
13,0,2025,12,25,1,7,0,21
13,5,2025,12,25,2,3,6,18
13,11,2025,12,25,3,4,3,19
13,18,2025,12,25,4,16,8,27
13,25,2025,12,25,5,3,14,16
13,31,2025,12,25,4,22,0,38
13,36,2025,12,25,3,5,4,39
13,41,2025,12,25,2,5,18,26
13,47,2025,12,25,1,31,13,44
14,0,2025,12,25,1,15,0,59
14,5,2025,12,25,2,2,9,52
14,11,2025,12,25,3,4,13,43
14,18,2025,12,25,4,27,17,53
14,25,2025,12,25,5,3,20,36
14,31,2025,12,25,4,8,0,44
14,36,2025,12,25,3,5,15,34
14,41,2025,12,25,2,3,17,20
14,47,2025,12,25,1,12,12,20
15,0,2025,12,25,1,8,0,28
15,5,2025,12,25,2,2,3,27
15,11,2025,12,25,3,2,10,19
15,18,2025,12,25,4,21,8,32
15,25,2025,12,25,5,4,14,22
15,31,2025,12,25,4,17,0,39
15,36,2025,12,25,3,6,9,36
15,41,2025,12,25,2,5,19,22
15,47,2025,12,25,1,26,12,36
16,0,2025,12,25,1,5,0,41
16,5,2025,12,25,2,4,7,38
16,11,2025,12,25,3,2,12,28
16,18,2025,12,25,4,2,12,18
16,25,2025,12,25,5,3,16,5
16,31,2025,12,25,4,3,1,7
16,36,2025,12,25,3,3,2,8
16,41,2025,12,25,2,3,2,9
16,47,2025,12,25,1,4,5,8
17,0,2025,12,25,1,6,0,14
17,5,2025,12,25,2,4,3,15
17,11,2025,12,25,3,5,5,15
17,18,2025,12,25,4,6,4,17
17,25,2025,12,25,5,3,10,10
17,31,2025,12,25,4,4,1,13
17,36,2025,12,25,3,4,1,16
17,41,2025,12,25,2,4,9,11
17,47,2025,12,25,1,6,7,10
18,0,2025,12,25,1,5,0,15
18,5,2025,12,25,2,4,2,17
18,11,2025,12,25,3,6,7,16
18,18,2025,12,25,4,5,6,15
18,25,2025,12,25,5,2,8,9
18,31,2025,12,25,4,5,1,13
18,36,2025,12,25,3,4,3,14
18,41,2025,12,25,2,5,3,16
18,47,2025,12,25,1,2,11,7
19,0,2025,12,25,1,6,0,13
19,5,2025,12,25,2,5,1,17
19,11,2025,12,25,3,3,5,15
19,18,2025,12,25,4,2,4,13
19,25,2025,12,25,5,4,11,6
19,31,2025,12,25,4,5,1,10
19,36,2025,12,25,3,4,1,13
19,41,2025,12,25,2,5,4,14
19,47,2025,12,25,1,3,9,8
20,0,2025,12,25,1,5,0,13
20,5,2025,12,25,2,4,1,16
20,11,2025,12,25,3,3,1,18
20,18,2025,12,25,4,4,4,18
20,25,2025,12,25,5,5,11,12
20,31,2025,12,25,4,6,2,16
20,36,2025,12,25,3,5,7,14
20,41,2025,12,25,2,5,4,15
20,47,2025,12,25,1,6,7,14
21,0,2025,12,25,1,6,0,20
21,5,2025,12,25,2,3,8,15
21,11,2025,12,25,3,5,2,18
21,18,2025,12,25,4,5,5,18
21,25,2025,12,25,5,2,11,9
21,31,2025,12,25,4,4,1,12
21,36,2025,12,25,3,2,0,14
21,41,2025,12,25,2,4,6,12
21,47,2025,12,25,1,6,7,11
22,0,2025,12,25,1,5,0,16
22,5,2025,12,25,2,6,1,21
22,11,2025,12,25,3,2,8,15
22,18,2025,12,25,4,4,6,13
22,25,2025,12,25,5,4,9,8
22,31,2025,12,25,4,4,1,11
22,36,2025,12,25,3,5,5,11
22,41,2025,12,25,2,4,6,9
22,47,2025,12,25,1,2,4,7
23,0,2025,12,25,1,6,0,13
23,5,2025,12,25,2,5,2,16
23,11,2025,12,25,3,5,2,19
23,18,2025,12,25,4,6,6,19
23,25,2025,12,25,5,4,10,13
23,31,2025,12,25,4,2,1,14
23,36,2025,12,25,3,2,2,14
23,41,2025,12,25,2,2,7,9
23,47,2025,12,25,1,0,9,0
6,0,2025,12,26,1,6,0,6
6,5,2025,12,26,2,12,1,17
6,11,2025,12,26,3,20,7,30
6,18,2025,12,26,4,5,12,23
6,25,2025,12,26,5,16,11,28
6,31,2025,12,26,4,2,5,25
6,36,2025,12,26,3,10,4,31
6,41,2025,12,26,2,18,13,36
6,47,2025,12,26,1,4,12,28
7,0,2025,12,26,1,1,0,29
7,5,2025,12,26,2,22,2,49
7,11,2025,12,26,3,11,4,56
7,18,2025,12,26,4,4,20,40
7,25,2025,12,26,5,12,12,40
7,31,2025,12,26,4,3,7,36
7,36,2025,12,26,3,7,6,37
7,41,2025,12,26,2,17,10,44
7,47,2025,12,26,1,3,20,27
8,0,2025,12,26,1,3,0,30
8,5,2025,12,26,2,15,2,43
8,11,2025,12,26,3,14,8,49
8,18,2025,12,26,4,2,20,31
8,25,2025,12,26,5,7,9,29
8,31,2025,12,26,4,5,4,30
8,36,2025,12,26,3,7,3,34
8,41,2025,12,26,2,8,6,36
8,47,2025,12,26,1,3,20,19
9,0,2025,12,26,1,1,0,20
9,5,2025,12,26,2,3,1,22
9,11,2025,12,26,3,6,2,26
9,18,2025,12,26,4,1,15,12
9,25,2025,12,26,5,6,6,12
9,31,2025,12,26,4,3,2,13
9,36,2025,12,26,3,2,0,15
9,41,2025,12,26,2,6,1,20
9,47,2025,12,26,1,2,19,3
10,0,2025,12,26,1,5,0,8
10,5,2025,12,26,2,3,1,10
10,11,2025,12,26,3,2,5,7
10,18,2025,12,26,4,4,2,9
10,25,2025,12,26,5,2,4,7
10,31,2025,12,26,4,4,0,11
10,36,2025,12,26,3,6,1,16
10,41,2025,12,26,2,4,3,17
10,47,2025,12,26,1,4,8,13
11,0,2025,12,26,1,2,0,15
11,5,2025,12,26,2,6,1,20
11,11,2025,12,26,3,3,3,20
11,18,2025,12,26,4,6,7,19
11,25,2025,12,26,5,6,12,13
11,31,2025,12,26,4,3,1,15
11,36,2025,12,26,3,4,5,14
11,41,2025,12,26,2,4,2,16
11,47,2025,12,26,1,3,7,12
12,0,2025,12,26,1,2,0,14
12,5,2025,12,26,2,2,1,15
12,11,2025,12,26,3,3,7,11
12,18,2025,12,26,4,2,0,13
12,25,2025,12,26,5,6,10,9
12,31,2025,12,26,4,2,4,7
12,36,2025,12,26,3,5,2,10
12,41,2025,12,26,2,2,4,8
12,47,2025,12,26,1,5,5,8
13,0,2025,12,26,1,10,0,18
13,5,2025,12,26,2,2,5,15
13,11,2025,12,26,3,4,5,14
13,18,2025,12,26,4,21,7,28
13,25,2025,12,26,5,3,10,21
13,31,2025,12,26,4,19,0,40
13,36,2025,12,26,3,6,10,36
13,41,2025,12,26,2,2,15,23
13,47,2025,12,26,1,14,16,21
14,0,2025,12,26,1,12,0,33
14,5,2025,12,26,2,6,11,28
14,11,2025,12,26,3,6,9,25
14,18,2025,12,26,4,14,7,32
14,25,2025,12,26,5,2,20,14
14,31,2025,12,26,4,29,0,43
14,36,2025,12,26,3,4,12,35
14,41,2025,12,26,2,5,14,26
14,47,2025,12,26,1,11,11,26
15,0,2025,12,26,1,27,0,53
15,5,2025,12,26,2,3,15,41
15,11,2025,12,26,3,3,12,32
15,18,2025,12,26,4,19,9,42
15,25,2025,12,26,5,2,20,24
15,31,2025,12,26,4,18,1,41
15,36,2025,12,26,3,5,18,28
15,41,2025,12,26,2,5,11,22
15,47,2025,12,26,1,24,10,36
16,0,2025,12,26,1,2,0,38
16,5,2025,12,26,2,6,8,36
16,11,2025,12,26,3,5,6,35
16,18,2025,12,26,4,6,11,30
16,25,2025,12,26,5,5,20,15
16,31,2025,12,26,4,4,3,16
16,36,2025,12,26,3,6,2,20
16,41,2025,12,26,2,5,8,17
16,47,2025,12,26,1,4,8,13
17,0,2025,12,26,1,6,0,19
17,5,2025,12,26,2,4,3,20
17,11,2025,12,26,3,2,7,15
17,18,2025,12,26,4,6,7,14
17,25,2025,12,26,5,5,7,12
17,31,2025,12,26,4,3,1,14
17,36,2025,12,26,3,6,1,19
17,41,2025,12,26,2,6,3,22
17,47,2025,12,26,1,5,9,18
18,0,2025,12,26,1,6,0,24
18,5,2025,12,26,2,2,2,24
18,11,2025,12,26,3,4,7,21
18,18,2025,12,26,4,6,8,19
18,25,2025,12,26,5,6,13,12
18,31,2025,12,26,4,5,2,15
18,36,2025,12,26,3,3,3,15
18,41,2025,12,26,2,5,6,14
18,47,2025,12,26,1,6,6,14
19,0,2025,12,26,1,2,0,16
19,5,2025,12,26,2,4,0,20
19,11,2025,12,26,3,6,3,23
19,18,2025,12,26,4,4,13,14
19,25,2025,12,26,5,2,10,6
19,31,2025,12,26,4,5,0,11
19,36,2025,12,26,3,6,3,14
19,41,2025,12,26,2,6,6,14
19,47,2025,12,26,1,2,7,9
20,0,2025,12,26,1,4,0,13
20,5,2025,12,26,2,4,3,14
20,11,2025,12,26,3,4,6,12
20,18,2025,12,26,4,3,6,9
20,25,2025,12,26,5,3,4,8
20,31,2025,12,26,4,2,0,10
20,36,2025,12,26,3,6,2,14
20,41,2025,12,26,2,2,5,11
20,47,2025,12,26,1,6,4,13
21,0,2025,12,26,1,3,0,16
21,5,2025,12,26,2,6,2,20
21,11,2025,12,26,3,2,4,18
21,18,2025,12,26,4,6,7,17
21,25,2025,12,26,5,2,12,7
21,31,2025,12,26,4,2,0,9
21,36,2025,12,26,3,6,3,12
21,41,2025,12,26,2,2,2,12
21,47,2025,12,26,1,3,7,8
22,0,2025,12,26,1,6,0,14
22,5,2025,12,26,2,2,3,13
22,11,2025,12,26,3,2,3,12
22,18,2025,12,26,4,2,5,9
22,25,2025,12,26,5,4,8,5
22,31,2025,12,26,4,4,3,6
22,36,2025,12,26,3,5,1,10
22,41,2025,12,26,2,2,2,10
22,47,2025,12,26,1,6,5,11
23,0,2025,12,26,1,6,0,17
23,5,2025,12,26,2,5,2,20
23,11,2025,12,26,3,4,2,22
23,18,2025,12,26,4,6,10,18
23,25,2025,12,26,5,6,12,12
23,31,2025,12,26,4,6,1,17
23,36,2025,12,26,3,4,6,15
23,41,2025,12,26,2,6,9,12
23,47,2025,12,26,1,0,12,0
6,0,2025,12,27,1,3,0,3
6,5,2025,12,27,2,11,1,13
6,11,2025,12,27,3,6,3,16
6,18,2025,12,27,4,4,4,16
6,25,2025,12,27,5,21,5,32
6,31,2025,12,27,4,2,7,27
6,36,2025,12,27,3,11,4,34
6,41,2025,12,27,2,20,12,42
6,47,2025,12,27,1,3,17,28
7,0,2025,12,27,1,4,0,32
7,5,2025,12,27,2,22,1,53
7,11,2025,12,27,3,6,6,53
7,18,2025,12,27,4,4,20,37
7,25,2025,12,27,5,16,12,41
7,31,2025,12,27,4,4,11,34
7,36,2025,12,27,3,12,6,40
7,41,2025,12,27,2,10,7,43
7,47,2025,12,27,1,4,20,27
8,0,2025,12,27,1,3,0,30
8,5,2025,12,27,2,19,1,48
8,11,2025,12,27,3,20,4,64
8,18,2025,12,27,4,5,20,49
8,25,2025,12,27,5,7,20,36
8,31,2025,12,27,4,2,6,32
8,36,2025,12,27,3,15,1,46
8,41,2025,12,27,2,15,11,50
8,47,2025,12,27,1,1,20,31
9,0,2025,12,27,1,2,0,33
9,5,2025,12,27,2,5,2,36
9,11,2025,12,27,3,6,4,38
9,18,2025,12,27,4,5,20,23
9,25,2025,12,27,5,2,7,18
9,31,2025,12,27,4,2,0,20
9,36,2025,12,27,3,5,0,25
9,41,2025,12,27,2,5,4,26
9,47,2025,12,27,1,3,20,9
10,0,2025,12,27,1,6,0,15
10,5,2025,12,27,2,3,3,15
10,11,2025,12,27,3,2,6,11
10,18,2025,12,27,4,2,5,8
10,25,2025,12,27,5,3,4,7
10,31,2025,12,27,4,2,0,9
10,36,2025,12,27,3,2,2,9
10,41,2025,12,27,2,5,4,10
10,47,2025,12,27,1,2,5,7
11,0,2025,12,27,1,2,0,9
11,5,2025,12,27,2,3,0,12
11,11,2025,12,27,3,4,4,12
11,18,2025,12,27,4,2,9,5
11,25,2025,12,27,5,3,2,6
11,31,2025,12,27,4,5,0,11
11,36,2025,12,27,3,2,2,11
11,41,2025,12,27,2,2,2,11
11,47,2025,12,27,1,3,8,6
12,0,2025,12,27,1,6,0,12
12,5,2025,12,27,2,3,2,13
12,11,2025,12,27,3,6,3,16
12,18,2025,12,27,4,2,3,15
12,25,2025,12,27,5,2,11,6
12,31,2025,12,27,4,2,0,8
12,36,2025,12,27,3,5,3,10
12,41,2025,12,27,2,3,2,11
12,47,2025,12,27,1,5,7,9
13,0,2025,12,27,1,22,0,31
13,5,2025,12,27,2,2,6,27
13,11,2025,12,27,3,6,5,28
13,18,2025,12,27,4,29,6,51
13,25,2025,12,27,5,4,20,35
13,31,2025,12,27,4,12,1,46
13,36,2025,12,27,3,4,15,35
13,41,2025,12,27,2,2,17,20
13,47,2025,12,27,1,28,12,36
14,0,2025,12,27,1,22,0,58
14,5,2025,12,27,2,2,15,45
14,11,2025,12,27,3,3,18,30
14,18,2025,12,27,4,11,9,32
14,25,2025,12,27,5,3,20,15
14,31,2025,12,27,4,27,1,41
14,36,2025,12,27,3,3,11,33
14,41,2025,12,27,2,3,18,18
14,47,2025,12,27,1,30,11,37
15,0,2025,12,27,1,29,0,66
15,5,2025,12,27,2,3,20,49
15,11,2025,12,27,3,6,20,35
15,18,2025,12,27,4,9,10,34
15,25,2025,12,27,5,5,20,19
15,31,2025,12,27,4,10,2,27
15,36,2025,12,27,3,6,11,22
15,41,2025,12,27,2,2,12,12
15,47,2025,12,27,1,22,5,29
16,0,2025,12,27,1,4,0,33
16,5,2025,12,27,2,2,5,30
16,11,2025,12,27,3,4,11,23
16,18,2025,12,27,4,2,8,17
16,25,2025,12,27,5,2,12,7
16,31,2025,12,27,4,5,1,11
16,36,2025,12,27,3,2,3,10
16,41,2025,12,27,2,3,4,9
16,47,2025,12,27,1,4,6,7
17,0,2025,12,27,1,4,0,11
17,5,2025,12,27,2,2,2,11
17,11,2025,12,27,3,2,3,10
17,18,2025,12,27,4,2,4,8
17,25,2025,12,27,5,5,5,8
17,31,2025,12,27,4,6,1,13
17,36,2025,12,27,3,2,3,12
17,41,2025,12,27,2,5,6,11
17,47,2025,12,27,1,3,4,10
18,0,2025,12,27,1,5,0,15
18,5,2025,12,27,2,3,4,14
18,11,2025,12,27,3,3,6,11
18,18,2025,12,27,4,6,5,12
18,25,2025,12,27,5,2,7,7
18,31,2025,12,27,4,2,1,8
18,36,2025,12,27,3,5,2,11
18,41,2025,12,27,2,3,7,7
18,47,2025,12,27,1,6,2,11
19,0,2025,12,27,1,4,0,15
19,5,2025,12,27,2,4,1,18
19,11,2025,12,27,3,5,5,18
19,18,2025,12,27,4,6,6,18
19,25,2025,12,27,5,4,11,11
19,31,2025,12,27,4,3,2,12
19,36,2025,12,27,3,4,6,10
19,41,2025,12,27,2,2,5,7
19,47,2025,12,27,1,4,5,6
20,0,2025,12,27,1,4,0,10
20,5,2025,12,27,2,3,3,10
20,11,2025,12,27,3,3,1,12
20,18,2025,12,27,4,3,4,11
20,25,2025,12,27,5,4,3,12
20,31,2025,12,27,4,3,0,15
20,36,2025,12,27,3,2,3,14
20,41,2025,12,27,2,2,5,11
20,47,2025,12,27,1,4,7,8
21,0,2025,12,27,1,2,0,10
21,5,2025,12,27,2,3,3,10
21,11,2025,12,27,3,6,3,13
21,18,2025,12,27,4,5,3,15
21,25,2025,12,27,5,2,7,10
21,31,2025,12,27,4,3,1,12
21,36,2025,12,27,3,3,3,12
21,41,2025,12,27,2,5,2,15
21,47,2025,12,27,1,2,10,7
22,0,2025,12,27,1,2,0,9
22,5,2025,12,27,2,4,2,11
22,11,2025,12,27,3,5,1,15
22,18,2025,12,27,4,5,5,15
22,25,2025,12,27,5,5,6,14
22,31,2025,12,27,4,3,1,16
22,36,2025,12,27,3,2,3,15
22,41,2025,12,27,2,2,8,9
22,47,2025,12,27,1,3,6,6
23,0,2025,12,27,1,4,0,10
23,5,2025,12,27,2,5,1,14
23,11,2025,12,27,3,6,3,17
23,18,2025,12,27,4,6,5,18
23,25,2025,12,27,5,3,12,9
23,31,2025,12,27,4,4,1,12
23,36,2025,12,27,3,2,2,12
23,41,2025,12,27,2,5,7,10
23,47,2025,12,27,1,0,10,0
6,0,2025,12,28,1,6,0,6
6,5,2025,12,28,2,16,0,22
6,11,2025,12,28,3,15,4,33
6,18,2025,12,28,4,2,10,25
6,25,2025,12,28,5,5,11,19
6,31,2025,12,28,4,4,1,22
6,36,2025,12,28,3,8,2,28
6,41,2025,12,28,2,13,9,32
6,47,2025,12,28,1,4,15,21
7,0,2025,12,28,1,2,0,23
7,5,2025,12,28,2,17,0,40
7,11,2025,12,28,3,7,5,42
7,18,2025,12,28,4,3,20,25
7,25,2025,12,28,5,19,6,38
7,31,2025,12,28,4,5,12,31
7,36,2025,12,28,3,17,7,41
7,41,2025,12,28,2,13,5,49
7,47,2025,12,28,1,4,20,33
8,0,2025,12,28,1,1,0,34
8,5,2025,12,28,2,18,3,49
8,11,2025,12,28,3,19,3,65
8,18,2025,12,28,4,2,20,47
8,25,2025,12,28,5,7,19,35
8,31,2025,12,28,4,5,7,33
8,36,2025,12,28,3,14,3,44
8,41,2025,12,28,2,22,13,53
8,47,2025,12,28,1,4,20,37
9,0,2025,12,28,1,4,0,41
9,5,2025,12,28,2,4,3,42
9,11,2025,12,28,3,3,6,39
9,18,2025,12,28,4,5,20,24
9,25,2025,12,28,5,6,13,17
9,31,2025,12,28,4,3,1,19
9,36,2025,12,28,3,6,1,24
9,41,2025,12,28,2,6,1,29
9,47,2025,12,28,1,1,20,10
10,0,2025,12,28,1,3,0,13
10,5,2025,12,28,2,2,1,14
10,11,2025,12,28,3,3,1,16
10,18,2025,12,28,4,2,8,10
10,25,2025,12,28,5,4,7,7
10,31,2025,12,28,4,5,1,11
10,36,2025,12,28,3,5,3,13
10,41,2025,12,28,2,3,5,11
10,47,2025,12,28,1,5,7,9
11,0,2025,12,28,1,6,0,15
11,5,2025,12,28,2,4,1,18
11,11,2025,12,28,3,6,7,17
11,18,2025,12,28,4,5,5,17
11,25,2025,12,28,5,5,10,12
11,31,2025,12,28,4,6,2,16
11,36,2025,12,28,3,6,5,17
11,41,2025,12,28,2,4,1,20
11,47,2025,12,28,1,5,14,11
12,0,2025,12,28,1,5,0,16
12,5,2025,12,28,2,6,2,20
12,11,2025,12,28,3,5,7,18
12,18,2025,12,28,4,5,6,17
12,25,2025,12,28,5,4,9,12
12,31,2025,12,28,4,5,1,16
12,36,2025,12,28,3,4,3,17
12,41,2025,12,28,2,4,5,16
12,47,2025,12,28,1,3,8,11
13,0,2025,12,28,1,9,0,20
13,5,2025,12,28,2,2,0,22
13,11,2025,12,28,3,3,4,21
13,18,2025,12,28,4,15,7,29
13,25,2025,12,28,5,2,15,16
13,31,2025,12,28,4,32,0,48
13,36,2025,12,28,3,2,13,37
13,41,2025,12,28,2,4,17,24
13,47,2025,12,28,1,11,10,25
14,0,2025,12,28,1,32,0,57
14,5,2025,12,28,2,2,11,48
14,11,2025,12,28,3,4,19,33
14,18,2025,12,28,4,20,12,41
14,25,2025,12,28,5,3,20,24
14,31,2025,12,28,4,28,0,52
14,36,2025,12,28,3,3,18,37
14,41,2025,12,28,2,6,15,28
14,47,2025,12,28,1,31,12,47
15,0,2025,12,28,1,14,0,61
15,5,2025,12,28,2,5,14,52
15,11,2025,12,28,3,4,16,40
15,18,2025,12,28,4,18,16,42
15,25,2025,12,28,5,5,20,27
15,31,2025,12,28,4,22,2,47
15,36,2025,12,28,3,6,14,39
15,41,2025,12,28,2,4,20,23
15,47,2025,12,28,1,32,11,44
16,0,2025,12,28,1,5,0,49
16,5,2025,12,28,2,5,9,45
16,11,2025,12,28,3,4,12,37
16,18,2025,12,28,4,5,14,28
16,25,2025,12,28,5,2,20,10
16,31,2025,12,28,4,6,0,16
16,36,2025,12,28,3,4,4,16
16,41,2025,12,28,2,6,4,18
16,47,2025,12,28,1,6,12,12
17,0,2025,12,28,1,6,0,18
17,5,2025,12,28,2,3,4,17
17,11,2025,12,28,3,5,6,16
17,18,2025,12,28,4,2,5,13
17,25,2025,12,28,5,3,5,11
17,31,2025,12,28,4,4,2,13
17,36,2025,12,28,3,2,2,13
17,41,2025,12,28,2,4,3,14
17,47,2025,12,28,1,6,11,9
18,0,2025,12,28,1,5,0,14
18,5,2025,12,28,2,4,3,15
18,11,2025,12,28,3,5,4,16
18,18,2025,12,28,4,3,8,11
18,25,2025,12,28,5,3,5,9
18,31,2025,12,28,4,4,1,12
18,36,2025,12,28,3,2,1,13
18,41,2025,12,28,2,5,2,16
18,47,2025,12,28,1,2,12,6
19,0,2025,12,28,1,2,0,8
19,5,2025,12,28,2,5,3,10
19,11,2025,12,28,3,5,2,13
19,18,2025,12,28,4,5,2,16
19,25,2025,12,28,5,5,6,15
19,31,2025,12,28,4,2,1,16
19,36,2025,12,28,3,4,5,15
19,41,2025,12,28,2,6,7,14
19,47,2025,12,28,1,4,7,11
20,0,2025,12,28,1,5,0,16
20,5,2025,12,28,2,3,0,19
20,11,2025,12,28,3,3,5,17
20,18,2025,12,28,4,3,4,16
20,25,2025,12,28,5,6,9,13
20,31,2025,12,28,4,3,0,16
20,36,2025,12,28,3,3,4,15
20,41,2025,12,28,2,3,3,15
20,47,2025,12,28,1,5,10,10
21,0,2025,12,28,1,5,0,15
21,5,2025,12,28,2,5,1,19
21,11,2025,12,28,3,2,4,17
21,18,2025,12,28,4,6,5,18
21,25,2025,12,28,5,4,11,11
21,31,2025,12,28,4,5,0,16
21,36,2025,12,28,3,2,4,14
21,41,2025,12,28,2,3,7,10
21,47,2025,12,28,1,5,7,8
22,0,2025,12,28,1,2,0,10
22,5,2025,12,28,2,2,1,11
22,11,2025,12,28,3,2,5,8
22,18,2025,12,28,4,4,2,10
22,25,2025,12,28,5,2,4,8
22,31,2025,12,28,4,2,1,9
22,36,2025,12,28,3,5,3,11
22,41,2025,12,28,2,4,5,10
22,47,2025,12,28,1,4,8,6
23,0,2025,12,28,1,5,0,11
23,5,2025,12,28,2,2,3,10
23,11,2025,12,28,3,3,4,9
23,18,2025,12,28,4,3,4,8
23,25,2025,12,28,5,4,6,6
23,31,2025,12,28,4,6,1,11
23,36,2025,12,28,3,5,4,12
23,41,2025,12,28,2,3,6,9
23,47,2025,12,28,1,0,9,0
6,0,2025,12,29,1,2,0,2
6,5,2025,12,29,2,19,0,21
6,11,2025,12,29,3,7,4,24
6,18,2025,12,29,4,2,10,16
6,25,2025,12,29,5,12,10,18
6,31,2025,12,29,4,4,2,20
6,36,2025,12,29,3,11,7,24
6,41,2025,12,29,2,22,7,39
6,47,2025,12,29,1,4,8,35
7,0,2025,12,29,1,4,0,39
7,5,2025,12,29,2,11,4,46
7,11,2025,12,29,3,20,9,57
7,18,2025,12,29,4,1,20,38
7,25,2025,12,29,5,13,13,38
7,31,2025,12,29,4,2,11,29
7,36,2025,12,29,3,10,0,39
7,41,2025,12,29,2,5,9,35
7,47,2025,12,29,1,2,20,17
8,0,2025,12,29,1,4,0,21
8,5,2025,12,29,2,19,0,40
8,11,2025,12,29,3,18,3,55
8,18,2025,12,29,4,3,20,38
8,25,2025,12,29,5,5,12,31
8,31,2025,12,29,4,3,3,31
8,36,2025,12,29,3,18,2,47
8,41,2025,12,29,2,13,11,49
8,47,2025,12,29,1,4,20,33
9,0,2025,12,29,1,3,0,36
9,5,2025,12,29,2,5,4,37
9,11,2025,12,29,3,4,5,36
9,18,2025,12,29,4,1,20,17
9,25,2025,12,29,5,2,8,11
9,31,2025,12,29,4,4,1,14
9,36,2025,12,29,3,2,0,16
9,41,2025,12,29,2,6,2,20
9,47,2025,12,29,1,2,18,4
10,0,2025,12,29,1,4,0,8
10,5,2025,12,29,2,4,1,11
10,11,2025,12,29,3,5,4,12
10,18,2025,12,29,4,3,1,14
10,25,2025,12,29,5,4,7,11
10,31,2025,12,29,4,2,0,13
10,36,2025,12,29,3,6,3,16
10,41,2025,12,29,2,6,5,17
10,47,2025,12,29,1,5,9,13
11,0,2025,12,29,1,5,0,18
11,5,2025,12,29,2,3,1,20
11,11,2025,12,29,3,2,4,18
11,18,2025,12,29,4,6,5,19
11,25,2025,12,29,5,2,11,10
11,31,2025,12,29,4,2,0,12
11,36,2025,12,29,3,3,3,12
11,41,2025,12,29,2,2,3,11
11,47,2025,12,29,1,6,8,9
12,0,2025,12,29,1,3,0,12
12,5,2025,12,29,2,4,1,15
12,11,2025,12,29,3,2,4,13
12,18,2025,12,29,4,6,5,14
12,25,2025,12,29,5,4,7,11
12,31,2025,12,29,4,2,1,12
12,36,2025,12,29,3,4,5,11
12,41,2025,12,29,2,5,6,10
12,47,2025,12,29,1,5,6,9
13,0,2025,12,29,1,14,0,23
13,5,2025,12,29,2,4,4,23
13,11,2025,12,29,3,2,7,18
13,18,2025,12,29,4,7,6,19
13,25,2025,12,29,5,2,13,8
13,31,2025,12,29,4,24,0,32
13,36,2025,12,29,3,6,6,32
13,41,2025,12,29,2,5,15,22
13,47,2025,12,29,1,15,12,25
14,0,2025,12,29,1,30,0,55
14,5,2025,12,29,2,5,9,51
14,11,2025,12,29,3,6,20,37
14,18,2025,12,29,4,25,14,48
14,25,2025,12,29,5,6,20,34
14,31,2025,12,29,4,17,3,48
14,36,2025,12,29,3,4,17,35
14,41,2025,12,29,2,4,15,24
14,47,2025,12,29,1,8,16,16
15,0,2025,12,29,1,8,0,24
15,5,2025,12,29,2,6,4,26
15,11,2025,12,29,3,3,7,22
15,18,2025,12,29,4,24,5,41
15,25,2025,12,29,5,3,20,24
15,31,2025,12,29,4,11,0,35
15,36,2025,12,29,3,2,9,28
15,41,2025,12,29,2,3,18,13
15,47,2025,12,29,1,29,4,38
16,0,2025,12,29,1,3,0,41
16,5,2025,12,29,2,5,6,40
16,11,2025,12,29,3,2,13,29
16,18,2025,12,29,4,2,10,21
16,25,2025,12,29,5,3,16,8
16,31,2025,12,29,4,2,0,10
16,36,2025,12,29,3,3,4,9
16,41,2025,12,29,2,3,2,10
16,47,2025,12,29,1,4,6,8
17,0,2025,12,29,1,6,0,14
17,5,2025,12,29,2,4,3,15
17,11,2025,12,29,3,2,5,12
17,18,2025,12,29,4,4,7,9
17,25,2025,12,29,5,4,6,7
17,31,2025,12,29,4,4,2,9
17,36,2025,12,29,3,4,1,12
17,41,2025,12,29,2,2,3,11
17,47,2025,12,29,1,6,7,10
18,0,2025,12,29,1,4,0,14
18,5,2025,12,29,2,6,0,20
18,11,2025,12,29,3,2,8,14
18,18,2025,12,29,4,4,3,15
18,25,2025,12,29,5,4,8,11
18,31,2025,12,29,4,6,0,17
18,36,2025,12,29,3,5,2,20
18,41,2025,12,29,2,3,5,18
18,47,2025,12,29,1,4,11,11
19,0,2025,12,29,1,6,0,17
19,5,2025,12,29,2,3,1,19
19,11,2025,12,29,3,6,2,23
19,18,2025,12,29,4,4,10,17
19,25,2025,12,29,5,2,9,10
19,31,2025,12,29,4,6,1,15
19,36,2025,12,29,3,2,2,15
19,41,2025,12,29,2,4,8,11
19,47,2025,12,29,1,5,6,10
20,0,2025,12,29,1,2,0,12
20,5,2025,12,29,2,6,0,18
20,11,2025,12,29,3,4,4,18
20,18,2025,12,29,4,2,7,13
20,25,2025,12,29,5,6,11,8
20,31,2025,12,29,4,4,1,11
20,36,2025,12,29,3,3,8,6
20,41,2025,12,29,2,2,4,4
20,47,2025,12,29,1,3,2,5
21,0,2025,12,29,1,3,0,8
21,5,2025,12,29,2,2,0,10
21,11,2025,12,29,3,6,2,14
21,18,2025,12,29,4,5,3,16
21,25,2025,12,29,5,3,5,14
21,31,2025,12,29,4,2,1,15
21,36,2025,12,29,3,4,2,17
21,41,2025,12,29,2,5,6,16
21,47,2025,12,29,1,5,9,12
22,0,2025,12,29,1,2,0,14
22,5,2025,12,29,2,2,3,13
22,11,2025,12,29,3,5,4,14
22,18,2025,12,29,4,6,4,16
22,25,2025,12,29,5,4,7,13
22,31,2025,12,29,4,5,0,18
22,36,2025,12,29,3,3,2,19
22,41,2025,12,29,2,4,8,15
22,47,2025,12,29,1,6,8,13
23,0,2025,12,29,1,4,0,17
23,5,2025,12,29,2,6,2,21
23,11,2025,12,29,3,5,6,20
23,18,2025,12,29,4,4,7,17
23,25,2025,12,29,5,3,11,9
23,31,2025,12,29,4,3,0,12
23,36,2025,12,29,3,5,3,14
23,41,2025,12,29,2,4,8,10
23,47,2025,12,29,1,0,10,0
6,0,2025,12,30,1,6,0,6
6,5,2025,12,30,2,21,2,25
6,11,2025,12,30,3,10,6,29
6,18,2025,12,30,4,2,10,21
6,25,2025,12,30,5,5,11,15
6,31,2025,12,30,4,6,0,21
6,36,2025,12,30,3,10,4,27
6,41,2025,12,30,2,6,5,28
6,47,2025,12,30,1,5,12,21
7,0,2025,12,30,1,2,0,23
7,5,2025,12,30,2,16,1,38
7,11,2025,12,30,3,9,5,42
7,18,2025,12,30,4,5,20,27
7,25,2025,12,30,5,16,6,37
7,31,2025,12,30,4,1,14,24
7,36,2025,12,30,3,14,1,37
7,41,2025,12,30,2,13,4,46
7,47,2025,12,30,1,2,20,28
8,0,2025,12,30,1,1,0,29
8,5,2025,12,30,2,9,2,36
8,11,2025,12,30,3,19,5,50
8,18,2025,12,30,4,3,20,33
8,25,2025,12,30,5,14,10,37
8,31,2025,12,30,4,5,9,33
8,36,2025,12,30,3,8,4,37
8,41,2025,12,30,2,17,7,47
8,47,2025,12,30,1,4,20,31
9,0,2025,12,30,1,3,0,34
9,5,2025,12,30,2,2,1,35
9,11,2025,12,30,3,2,6,31
9,18,2025,12,30,4,2,20,13
9,25,2025,12,30,5,6,8,11
9,31,2025,12,30,4,5,4,12
9,36,2025,12,30,3,6,0,18
9,41,2025,12,30,2,4,2,20
9,47,2025,12,30,1,1,17,4
10,0,2025,12,30,1,6,0,10
10,5,2025,12,30,2,4,1,13
10,11,2025,12,30,3,6,3,16
10,18,2025,12,30,4,6,6,16
10,25,2025,12,30,5,2,6,12
10,31,2025,12,30,4,6,0,18
10,36,2025,12,30,3,4,5,17
10,41,2025,12,30,2,6,7,16
10,47,2025,12,30,1,2,7,11
11,0,2025,12,30,1,3,0,14
11,5,2025,12,30,2,5,2,17
11,11,2025,12,30,3,2,5,14
11,18,2025,12,30,4,2,5,11
11,25,2025,12,30,5,3,9,5
11,31,2025,12,30,4,4,0,9
11,36,2025,12,30,3,4,2,11
11,41,2025,12,30,2,2,2,11
11,47,2025,12,30,1,3,6,8
12,0,2025,12,30,1,3,0,11
12,5,2025,12,30,2,5,1,15
12,11,2025,12,30,3,2,3,14
12,18,2025,12,30,4,5,9,10
12,25,2025,12,30,5,5,6,9
12,31,2025,12,30,4,5,0,14
12,36,2025,12,30,3,4,4,14
12,41,2025,12,30,2,6,5,15
12,47,2025,12,30,1,2,9,8
13,0,2025,12,30,1,24,0,32
13,5,2025,12,30,2,3,8,27
13,11,2025,12,30,3,4,7,24
13,18,2025,12,30,4,14,11,27
13,25,2025,12,30,5,2,16,13
13,31,2025,12,30,4,8,2,19
13,36,2025,12,30,3,3,10,12
13,41,2025,12,30,2,3,5,10
13,47,2025,12,30,1,23,5,28
14,0,2025,12,30,1,23,0,51
14,5,2025,12,30,2,6,13,44
14,11,2025,12,30,3,3,15,32
14,18,2025,12,30,4,27,10,49
14,25,2025,12,30,5,5,20,34
14,31,2025,12,30,4,18,2,50
14,36,2025,12,30,3,5,15,40
14,41,2025,12,30,2,6,20,26
14,47,2025,12,30,1,10,13,23
15,0,2025,12,30,1,11,0,34
15,5,2025,12,30,2,4,6,32
15,11,2025,12,30,3,4,6,30
15,18,2025,12,30,4,12,12,30
15,25,2025,12,30,5,6,20,16
15,31,2025,12,30,4,32,1,47
15,36,2025,12,30,3,2,13,36
15,41,2025,12,30,2,2,16,22
15,47,2025,12,30,1,21,7,36
16,0,2025,12,30,1,4,0,40
16,5,2025,12,30,2,3,3,40
16,11,2025,12,30,3,2,8,34
16,18,2025,12,30,4,2,12,24
16,25,2025,12,30,5,5,20,9
16,31,2025,12,30,4,3,0,12
16,36,2025,12,30,3,6,2,16
16,41,2025,12,30,2,5,5,16
16,47,2025,12,30,1,2,9,9
17,0,2025,12,30,1,4,0,13
17,5,2025,12,30,2,4,0,17
17,11,2025,12,30,3,2,5,14
17,18,2025,12,30,4,5,9,10
17,25,2025,12,30,5,5,6,9
17,31,2025,12,30,4,5,0,14
17,36,2025,12,30,3,3,4,13
17,41,2025,12,30,2,3,5,11
17,47,2025,12,30,1,6,7,10
18,0,2025,12,30,1,2,0,12
18,5,2025,12,30,2,5,5,12
18,11,2025,12,30,3,6,3,15
18,18,2025,12,30,4,5,2,18
18,25,2025,12,30,5,4,9,13
18,31,2025,12,30,4,4,0,17
18,36,2025,12,30,3,6,2,21
18,41,2025,12,30,2,2,5,18
18,47,2025,12,30,1,5,10,13
19,0,2025,12,30,1,3,0,16
19,5,2025,12,30,2,2,3,15
19,11,2025,12,30,3,3,3,15
19,18,2025,12,30,4,2,6,11
19,25,2025,12,30,5,3,9,5
19,31,2025,12,30,4,3,0,8
19,36,2025,12,30,3,6,3,11
19,41,2025,12,30,2,3,5,9
19,47,2025,12,30,1,6,4,11
20,0,2025,12,30,1,3,0,14
20,5,2025,12,30,2,4,1,17
20,11,2025,12,30,3,4,3,18
20,18,2025,12,30,4,4,8,14
20,25,2025,12,30,5,3,7,10
20,31,2025,12,30,4,2,0,12
20,36,2025,12,30,3,3,2,13
20,41,2025,12,30,2,3,6,10
20,47,2025,12,30,1,2,6,6
21,0,2025,12,30,1,2,0,8
21,5,2025,12,30,2,5,1,12
21,11,2025,12,30,3,6,4,14
21,18,2025,12,30,4,5,5,14
21,25,2025,12,30,5,2,9,7
21,31,2025,12,30,4,5,0,12
21,36,2025,12,30,3,3,5,10
21,41,2025,12,30,2,2,2,10
21,47,2025,12,30,1,4,7,7
22,0,2025,12,30,1,5,0,12
22,5,2025,12,30,2,6,1,17
22,11,2025,12,30,3,2,6,13
22,18,2025,12,30,4,4,4,13
22,25,2025,12,30,5,3,9,7
22,31,2025,12,30,4,5,1,11
22,36,2025,12,30,3,3,1,13
22,41,2025,12,30,2,6,6,13
22,47,2025,12,30,1,3,5,11
23,0,2025,12,30,1,5,0,16
23,5,2025,12,30,2,3,1,18
23,11,2025,12,30,3,5,8,15
23,18,2025,12,30,4,2,5,12
23,25,2025,12,30,5,3,8,7
23,31,2025,12,30,4,2,1,8
23,36,2025,12,30,3,3,1,10
23,41,2025,12,30,2,3,6,7
23,47,2025,12,30,1,0,7,0
6,0,2025,12,31,1,4,0,4
6,5,2025,12,31,2,7,1,10
6,11,2025,12,31,3,10,3,17
6,18,2025,12,31,4,4,5,16
6,25,2025,12,31,5,19,7,28
6,31,2025,12,31,4,5,8,25
6,36,2025,12,31,3,22,4,43
6,41,2025,12,31,2,11,12,42
6,47,2025,12,31,1,3,15,30
7,0,2025,12,31,1,1,0,31
7,5,2025,12,31,2,9,3,37
7,11,2025,12,31,3,19,3,53
7,18,2025,12,31,4,4,20,37
7,25,2025,12,31,5,5,11,31
7,31,2025,12,31,4,4,5,30
7,36,2025,12,31,3,17,2,45
7,41,2025,12,31,2,18,7,56
7,47,2025,12,31,1,2,20,38
8,0,2025,12,31,1,3,0,41
8,5,2025,12,31,2,17,0,58
8,11,2025,12,31,3,5,15,48
8,18,2025,12,31,4,5,20,33
8,25,2025,12,31,5,19,13,39
8,31,2025,12,31,4,2,10,31
8,36,2025,12,31,3,11,5,37
8,41,2025,12,31,2,10,8,39
8,47,2025,12,31,1,3,20,22
9,0,2025,12,31,1,2,0,24
9,5,2025,12,31,2,3,0,27
9,11,2025,12,31,3,2,4,25
9,18,2025,12,31,4,2,18,9
9,25,2025,12,31,5,2,3,8
9,31,2025,12,31,4,2,1,9
9,36,2025,12,31,3,5,0,14
9,41,2025,12,31,2,4,0,18
9,47,2025,12,31,1,4,14,8
10,0,2025,12,31,1,2,0,10
10,5,2025,12,31,2,6,1,15
10,11,2025,12,31,3,3,3,15
10,18,2025,12,31,4,5,6,14
10,25,2025,12,31,5,6,7,13
10,31,2025,12,31,4,5,1,17
10,36,2025,12,31,3,6,5,18
10,41,2025,12,31,2,2,5,15
10,47,2025,12,31,1,3,9,9
11,0,2025,12,31,1,2,0,11
11,5,2025,12,31,2,6,3,14
11,11,2025,12,31,3,3,3,14
11,18,2025,12,31,4,6,5,15
11,25,2025,12,31,5,4,8,11
11,31,2025,12,31,4,5,3,13
11,36,2025,12,31,3,6,5,14
11,41,2025,12,31,2,3,7,10
11,47,2025,12,31,1,3,4,9
12,0,2025,12,31,1,2,0,11
12,5,2025,12,31,2,4,1,14
12,11,2025,12,31,3,3,2,15
12,18,2025,12,31,4,3,3,15
12,25,2025,12,31,5,5,10,10
12,31,2025,12,31,4,6,1,15
12,36,2025,12,31,3,5,6,14
12,41,2025,12,31,2,2,5,11
12,47,2025,12,31,1,4,6,9
13,0,2025,12,31,1,12,0,21
13,5,2025,12,31,2,6,6,21
13,11,2025,12,31,3,2,6,17
13,18,2025,12,31,4,19,4,32
13,25,2025,12,31,5,3,13,22
13,31,2025,12,31,4,10,0,32
13,36,2025,12,31,3,4,7,29
13,41,2025,12,31,2,5,10,24
13,47,2025,12,31,1,30,10,44
14,0,2025,12,31,1,22,0,66
14,5,2025,12,31,2,6,13,59
14,11,2025,12,31,3,2,20,41
14,18,2025,12,31,4,21,18,44
14,25,2025,12,31,5,3,20,27
14,31,2025,12,31,4,10,1,36
14,36,2025,12,31,3,3,6,33
14,41,2025,12,31,2,6,19,20
14,47,2025,12,31,1,13,12,21
15,0,2025,12,31,1,7,0,28
15,5,2025,12,31,2,4,5,27
15,11,2025,12,31,3,2,8,21
15,18,2025,12,31,4,24,4,41
15,25,2025,12,31,5,2,20,23
15,31,2025,12,31,4,15,1,37
15,36,2025,12,31,3,4,15,26
15,41,2025,12,31,2,6,12,20
15,47,2025,12,31,1,13,9,24
16,0,2025,12,31,1,3,0,27
16,5,2025,12,31,2,3,3,27
16,11,2025,12,31,3,3,10,20
16,18,2025,12,31,4,5,4,21
16,25,2025,12,31,5,4,18,7
16,31,2025,12,31,4,4,0,11
16,36,2025,12,31,3,6,1,16
16,41,2025,12,31,2,4,6,14
16,47,2025,12,31,1,5,4,15
17,0,2025,12,31,1,5,0,20
17,5,2025,12,31,2,6,2,24
17,11,2025,12,31,3,6,3,27
17,18,2025,12,31,4,2,8,21
17,25,2025,12,31,5,4,14,11
17,31,2025,12,31,4,5,1,15
17,36,2025,12,31,3,4,4,15
17,41,2025,12,31,2,5,6,14
17,47,2025,12,31,1,6,9,11
18,0,2025,12,31,1,3,0,14
18,5,2025,12,31,2,3,2,15
18,11,2025,12,31,3,6,1,20
18,18,2025,12,31,4,3,10,13
18,25,2025,12,31,5,4,8,9
18,31,2025,12,31,4,5,2,12
18,36,2025,12,31,3,3,3,12
18,41,2025,12,31,2,6,6,12
18,47,2025,12,31,1,5,7,10
19,0,2025,12,31,1,5,0,15
19,5,2025,12,31,2,3,1,17
19,11,2025,12,31,3,3,9,11
19,18,2025,12,31,4,2,3,10
19,25,2025,12,31,5,4,5,9
19,31,2025,12,31,4,5,0,14
19,36,2025,12,31,3,5,1,18
19,41,2025,12,31,2,4,8,14
19,47,2025,12,31,1,5,6,13
20,0,2025,12,31,1,2,0,15
20,5,2025,12,31,2,6,2,19
20,11,2025,12,31,3,2,5,16
20,18,2025,12,31,4,3,4,15
20,25,2025,12,31,5,6,7,14
20,31,2025,12,31,4,5,0,19
20,36,2025,12,31,3,3,3,19
20,41,2025,12,31,2,6,5,20
20,47,2025,12,31,1,3,11,12
21,0,2025,12,31,1,2,0,14
21,5,2025,12,31,2,6,3,17
21,11,2025,12,31,3,2,5,14
21,18,2025,12,31,4,2,4,12
21,25,2025,12,31,5,3,10,5
21,31,2025,12,31,4,5,0,10
21,36,2025,12,31,3,3,2,11
21,41,2025,12,31,2,5,6,10
21,47,2025,12,31,1,4,4,10
22,0,2025,12,31,1,6,0,16
22,5,2025,12,31,2,5,0,21
22,11,2025,12,31,3,2,4,19
22,18,2025,12,31,4,6,8,17
22,25,2025,12,31,5,5,12,10
22,31,2025,12,31,4,6,2,14
22,36,2025,12,31,3,2,3,13
22,41,2025,12,31,2,4,5,12
22,47,2025,12,31,1,2,6,8
23,0,2025,12,31,1,4,0,12
23,5,2025,12,31,2,6,2,16
23,11,2025,12,31,3,6,3,19
23,18,2025,12,31,4,2,7,14
23,25,2025,12,31,5,3,5,12
23,31,2025,12,31,4,2,1,13
23,36,2025,12,31,3,3,1,15
23,41,2025,12,31,2,3,3,15
23,47,2025,12,31,1,0,15,0
6,0,2026,1,1,1,2,0,2
6,5,2026,1,1,2,8,1,9
6,11,2026,1,1,3,7,3,13
6,18,2026,1,1,4,5,4,14
6,25,2026,1,1,5,10,4,20
6,31,2026,1,1,4,5,2,23
6,36,2026,1,1,3,15,9,29
6,41,2026,1,1,2,14,6,37
6,47,2026,1,1,1,6,15,28
7,0,2026,1,1,1,1,0,29
7,5,2026,1,1,2,8,0,37
7,11,2026,1,1,3,14,7,44
7,18,2026,1,1,4,4,20,28
7,25,2026,1,1,5,13,6,35
7,31,2026,1,1,4,5,10,30
7,36,2026,1,1,3,12,3,39
7,41,2026,1,1,2,5,8,36
7,47,2026,1,1,1,3,20,19
8,0,2026,1,1,1,4,0,23
8,5,2026,1,1,2,13,1,35
8,11,2026,1,1,3,15,2,48
8,18,2026,1,1,4,3,20,31
8,25,2026,1,1,5,22,8,45
8,31,2026,1,1,4,1,16,30
8,36,2026,1,1,3,13,5,38
8,41,2026,1,1,2,15,6,47
8,47,2026,1,1,1,4,20,31
9,0,2026,1,1,1,4,0,35
9,5,2026,1,1,2,3,1,37
9,11,2026,1,1,3,5,8,34
9,18,2026,1,1,4,4,20,18
9,25,2026,1,1,5,2,7,13
9,31,2026,1,1,4,5,0,18
9,36,2026,1,1,3,5,0,23
9,41,2026,1,1,2,3,1,25
9,47,2026,1,1,1,2,20,7
10,0,2026,1,1,1,4,0,11
10,5,2026,1,1,2,3,1,13
10,11,2026,1,1,3,6,4,15
10,18,2026,1,1,4,2,4,13
10,25,2026,1,1,5,3,5,11
10,31,2026,1,1,4,2,2,11
10,36,2026,1,1,3,6,0,17
10,41,2026,1,1,2,5,7,15
10,47,2026,1,1,1,3,8,10
11,0,2026,1,1,1,6,0,16
11,5,2026,1,1,2,5,3,18
11,11,2026,1,1,3,5,5,18
11,18,2026,1,1,4,2,6,14
11,25,2026,1,1,5,4,6,12
11,31,2026,1,1,4,5,2,15
11,36,2026,1,1,3,6,2,19
11,41,2026,1,1,2,3,7,15
11,47,2026,1,1,1,6,9,12
12,0,2026,1,1,1,2,0,14
12,5,2026,1,1,2,3,1,16
12,11,2026,1,1,3,4,4,16
12,18,2026,1,1,4,2,7,11
12,25,2026,1,1,5,5,10,6
12,31,2026,1,1,4,2,3,5
12,36,2026,1,1,3,4,3,6
12,41,2026,1,1,2,2,1,7
12,47,2026,1,1,1,5,3,9
13,0,2026,1,1,1,30,0,39
13,5,2026,1,1,2,3,7,35
13,11,2026,1,1,3,6,13,28
13,18,2026,1,1,4,16,6,38
13,25,2026,1,1,5,5,20,23
13,31,2026,1,1,4,23,1,45
13,36,2026,1,1,3,3,12,36
13,41,2026,1,1,2,5,14,27
13,47,2026,1,1,1,11,14,24
14,0,2026,1,1,1,15,0,39
14,5,2026,1,1,2,3,5,37
14,11,2026,1,1,3,4,14,27
14,18,2026,1,1,4,17,5,39
14,25,2026,1,1,5,3,20,22
14,31,2026,1,1,4,16,1,37
14,36,2026,1,1,3,3,12,28
14,41,2026,1,1,2,5,12,21
14,47,2026,1,1,1,23,11,33
15,0,2026,1,1,1,17,0,50
15,5,2026,1,1,2,2,10,42
15,11,2026,1,1,3,6,15,33
15,18,2026,1,1,4,29,13,49
15,25,2026,1,1,5,2,20,31
15,31,2026,1,1,4,11,0,42
15,36,2026,1,1,3,2,14,30
15,41,2026,1,1,2,4,17,17
15,47,2026,1,1,1,24,7,34
16,0,2026,1,1,1,5,0,39
16,5,2026,1,1,2,4,8,35
16,11,2026,1,1,3,4,8,31
16,18,2026,1,1,4,3,16,18
16,25,2026,1,1,5,2,12,8
16,31,2026,1,1,4,5,0,13
16,36,2026,1,1,3,4,1,16
16,41,2026,1,1,2,6,6,16
16,47,2026,1,1,1,4,11,9
17,0,2026,1,1,1,5,0,14
17,5,2026,1,1,2,3,2,15
17,11,2026,1,1,3,4,3,16
17,18,2026,1,1,4,6,4,18
17,25,2026,1,1,5,6,13,11
17,31,2026,1,1,4,3,1,13
17,36,2026,1,1,3,3,4,12
17,41,2026,1,1,2,4,3,13
17,47,2026,1,1,1,4,4,13
18,0,2026,1,1,1,6,0,19
18,5,2026,1,1,2,2,3,18
18,11,2026,1,1,3,4,3,19
18,18,2026,1,1,4,4,7,16
18,25,2026,1,1,5,5,10,11
18,31,2026,1,1,4,2,0,13
18,36,2026,1,1,3,4,2,15
18,41,2026,1,1,2,5,6,14
18,47,2026,1,1,1,6,9,11
19,0,2026,1,1,1,3,0,14
19,5,2026,1,1,2,5,2,17
19,11,2026,1,1,3,2,5,14
19,18,2026,1,1,4,5,5,14
19,25,2026,1,1,5,5,10,9
19,31,2026,1,1,4,2,1,10
19,36,2026,1,1,3,5,2,13
19,41,2026,1,1,2,4,3,14
19,47,2026,1,1,1,2,10,6
20,0,2026,1,1,1,6,0,12
20,5,2026,1,1,2,3,1,14
20,11,2026,1,1,3,5,6,13
20,18,2026,1,1,4,2,6,9
20,25,2026,1,1,5,4,7,6
20,31,2026,1,1,4,3,1,8
20,36,2026,1,1,3,5,2,11
20,41,2026,1,1,2,3,3,11
20,47,2026,1,1,1,3,4,10
21,0,2026,1,1,1,4,0,14
21,5,2026,1,1,2,2,4,12
21,11,2026,1,1,3,6,2,16
21,18,2026,1,1,4,4,6,14
21,25,2026,1,1,5,4,9,9
21,31,2026,1,1,4,3,1,11
21,36,2026,1,1,3,3,3,11
21,41,2026,1,1,2,4,4,11
21,47,2026,1,1,1,6,6,11
22,0,2026,1,1,1,4,0,15
22,5,2026,1,1,2,4,3,16
22,11,2026,1,1,3,2,7,11
22,18,2026,1,1,4,5,3,13
22,25,2026,1,1,5,3,8,8
22,31,2026,1,1,4,2,0,10
22,36,2026,1,1,3,6,5,11
22,41,2026,1,1,2,4,7,8
22,47,2026,1,1,1,4,1,11
23,0,2026,1,1,1,5,0,16
23,5,2026,1,1,2,3,2,17
23,11,2026,1,1,3,6,5,18
23,18,2026,1,1,4,3,5,16
23,25,2026,1,1,5,6,7,15
23,31,2026,1,1,4,2,3,14
23,36,2026,1,1,3,6,1,19
23,41,2026,1,1,2,4,10,13
23,47,2026,1,1,1,0,13,0
6,0,2026,1,2,1,3,0,3
6,5,2026,1,2,2,5,1,7
6,11,2026,1,2,3,13,2,18
6,18,2026,1,2,4,6,5,19
6,25,2026,1,2,5,18,9,28
6,31,2026,1,2,4,5,2,31
6,36,2026,1,2,3,15,9,37
6,41,2026,1,2,2,18,14,41
6,47,2026,1,2,1,3,14,30
7,0,2026,1,2,1,4,0,34
7,5,2026,1,2,2,20,2,52
7,11,2026,1,2,3,18,4,66
7,18,2026,1,2,4,3,20,49
7,25,2026,1,2,5,20,15,54
7,31,2026,1,2,4,5,19,40
7,36,2026,1,2,3,19,3,56
7,41,2026,1,2,2,16,16,56
7,47,2026,1,2,1,4,20,40
8,0,2026,1,2,1,3,0,43
8,5,2026,1,2,2,11,3,51
8,11,2026,1,2,3,11,12,50
8,18,2026,1,2,4,5,20,35
8,25,2026,1,2,5,13,10,38
8,31,2026,1,2,4,1,7,32
8,36,2026,1,2,3,6,5,33
8,41,2026,1,2,2,13,8,38
8,47,2026,1,2,1,4,20,22
9,0,2026,1,2,1,4,0,26
9,5,2026,1,2,2,5,0,31
9,11,2026,1,2,3,4,5,30
9,18,2026,1,2,4,1,20,11
9,25,2026,1,2,5,2,3,10
9,31,2026,1,2,4,2,1,11
9,36,2026,1,2,3,2,0,13
9,41,2026,1,2,2,3,0,16
9,47,2026,1,2,1,4,15,5
10,0,2026,1,2,1,4,0,9
10,5,2026,1,2,2,3,1,11
10,11,2026,1,2,3,2,4,9
10,18,2026,1,2,4,3,3,9
10,25,2026,1,2,5,6,4,11
10,31,2026,1,2,4,4,1,14
10,36,2026,1,2,3,6,5,15
10,41,2026,1,2,2,4,9,10
10,47,2026,1,2,1,3,4,9
11,0,2026,1,2,1,6,0,15
11,5,2026,1,2,2,3,1,17
11,11,2026,1,2,3,4,6,15
11,18,2026,1,2,4,5,8,12
11,25,2026,1,2,5,2,6,8
11,31,2026,1,2,4,6,0,14
11,36,2026,1,2,3,3,2,15
11,41,2026,1,2,2,4,6,13
11,47,2026,1,2,1,6,6,13
12,0,2026,1,2,1,4,0,17
12,5,2026,1,2,2,6,1,22
12,11,2026,1,2,3,3,5,20
12,18,2026,1,2,4,3,12,11
12,25,2026,1,2,5,6,7,10
12,31,2026,1,2,4,4,1,13
12,36,2026,1,2,3,5,1,17
12,41,2026,1,2,2,6,8,15
12,47,2026,1,2,1,3,7,11
13,0,2026,1,2,1,10,0,21
13,5,2026,1,2,2,6,1,26
13,11,2026,1,2,3,3,8,21
13,18,2026,1,2,4,10,1,30
13,25,2026,1,2,5,5,20,15
13,31,2026,1,2,4,24,2,37
13,36,2026,1,2,3,3,11,29
13,41,2026,1,2,2,4,11,22
13,47,2026,1,2,1,21,12,31
14,0,2026,1,2,1,23,0,54
14,5,2026,1,2,2,4,13,45
14,11,2026,1,2,3,6,13,38
14,18,2026,1,2,4,11,12,37
14,25,2026,1,2,5,4,20,21
14,31,2026,1,2,4,23,0,44
14,36,2026,1,2,3,6,10,40
14,41,2026,1,2,2,2,20,22
14,47,2026,1,2,1,13,9,26
15,0,2026,1,2,1,25,0,51
15,5,2026,1,2,2,6,8,49
15,11,2026,1,2,3,6,11,44
15,18,2026,1,2,4,7,16,35
15,25,2026,1,2,5,6,20,21
15,31,2026,1,2,4,11,1,31
15,36,2026,1,2,3,4,10,25
15,41,2026,1,2,2,5,11,19
15,47,2026,1,2,1,32,10,41
16,0,2026,1,2,1,6,0,47
16,5,2026,1,2,2,6,6,47
16,11,2026,1,2,3,2,13,36
16,18,2026,1,2,4,3,18,21
16,25,2026,1,2,5,4,15,10
16,31,2026,1,2,4,5,0,15
16,36,2026,1,2,3,3,2,16
16,41,2026,1,2,2,2,5,13
16,47,2026,1,2,1,4,9,8
17,0,2026,1,2,1,3,0,11
17,5,2026,1,2,2,5,1,15
17,11,2026,1,2,3,3,4,14
17,18,2026,1,2,4,5,7,12
17,25,2026,1,2,5,6,4,14
17,31,2026,1,2,4,5,1,18
17,36,2026,1,2,3,4,4,18
17,41,2026,1,2,2,2,9,11
17,47,2026,1,2,1,4,6,9
18,0,2026,1,2,1,6,0,15
18,5,2026,1,2,2,3,4,14
18,11,2026,1,2,3,6,5,15
18,18,2026,1,2,4,3,6,12
18,25,2026,1,2,5,4,8,8
18,31,2026,1,2,4,6,1,13
18,36,2026,1,2,3,5,4,14
18,41,2026,1,2,2,4,4,14
18,47,2026,1,2,1,2,6,10
19,0,2026,1,2,1,3,0,13
19,5,2026,1,2,2,6,0,19
19,11,2026,1,2,3,2,5,16
19,18,2026,1,2,4,2,7,11
19,25,2026,1,2,5,3,7,7
19,31,2026,1,2,4,6,0,13
19,36,2026,1,2,3,3,3,13
19,41,2026,1,2,2,6,3,16
19,47,2026,1,2,1,5,9,12
20,0,2026,1,2,1,3,0,15
20,5,2026,1,2,2,4,4,15
20,11,2026,1,2,3,5,3,17
20,18,2026,1,2,4,6,6,17
20,25,2026,1,2,5,2,8,11
20,31,2026,1,2,4,6,2,15
20,36,2026,1,2,3,3,4,14
20,41,2026,1,2,2,3,2,15
20,47,2026,1,2,1,5,8,12
21,0,2026,1,2,1,2,0,14
21,5,2026,1,2,2,5,1,18
21,11,2026,1,2,3,4,4,18
21,18,2026,1,2,4,2,10,10
21,25,2026,1,2,5,4,8,6
21,31,2026,1,2,4,4,2,8
21,36,2026,1,2,3,5,3,10
21,41,2026,1,2,2,3,4,9
21,47,2026,1,2,1,2,4,7
22,0,2026,1,2,1,6,0,13
22,5,2026,1,2,2,5,1,17
22,11,2026,1,2,3,3,2,18
22,18,2026,1,2,4,4,7,15
22,25,2026,1,2,5,5,9,11
22,31,2026,1,2,4,3,1,13
22,36,2026,1,2,3,6,4,15
22,41,2026,1,2,2,4,7,12
22,47,2026,1,2,1,6,6,12
23,0,2026,1,2,1,5,0,17
23,5,2026,1,2,2,3,3,17
23,11,2026,1,2,3,4,3,18
23,18,2026,1,2,4,4,9,13
23,25,2026,1,2,5,6,8,11
23,31,2026,1,2,4,4,1,14
23,36,2026,1,2,3,5,1,18
23,41,2026,1,2,2,6,10,14
23,47,2026,1,2,1,0,14,0
6,0,2026,1,3,1,4,0,4
6,5,2026,1,3,2,19,0,23
6,11,2026,1,3,3,11,5,29
6,18,2026,1,3,4,5,10,24
6,25,2026,1,3,5,7,13,18
6,31,2026,1,3,4,3,1,20
6,36,2026,1,3,3,21,6,35
6,41,2026,1,3,2,21,8,48
6,47,2026,1,3,1,4,17,35
7,0,2026,1,3,1,2,0,37
7,5,2026,1,3,2,10,2,45
7,11,2026,1,3,3,18,5,58
7,18,2026,1,3,4,5,20,43
7,25,2026,1,3,5,7,14,36
7,31,2026,1,3,4,1,5,32
7,36,2026,1,3,3,21,4,49
7,41,2026,1,3,2,19,9,59
7,47,2026,1,3,1,2,20,41
8,0,2026,1,3,1,2,0,43
8,5,2026,1,3,2,13,1,55
8,11,2026,1,3,3,14,9,60
8,18,2026,1,3,4,4,20,44
8,25,2026,1,3,5,19,17,46
8,31,2026,1,3,4,2,13,35
8,36,2026,1,3,3,15,3,47
8,41,2026,1,3,2,21,11,57
8,47,2026,1,3,1,3,20,40
9,0,2026,1,3,1,2,0,42
9,5,2026,1,3,2,2,3,41
9,11,2026,1,3,3,4,10,35
9,18,2026,1,3,4,3,20,18
9,25,2026,1,3,5,3,9,12
9,31,2026,1,3,4,4,2,14
9,36,2026,1,3,3,3,1,16
9,41,2026,1,3,2,3,0,19
9,47,2026,1,3,1,3,19,3
10,0,2026,1,3,1,5,0,8
10,5,2026,1,3,2,4,2,10
10,11,2026,1,3,3,3,1,12
10,18,2026,1,3,4,6,2,16
10,25,2026,1,3,5,2,10,8
10,31,2026,1,3,4,2,0,10
10,36,2026,1,3,3,6,5,11
10,41,2026,1,3,2,3,4,10
10,47,2026,1,3,1,5,3,12
11,0,2026,1,3,1,2,0,14
11,5,2026,1,3,2,4,1,17
11,11,2026,1,3,3,4,5,16
11,18,2026,1,3,4,5,7,14
11,25,2026,1,3,5,2,10,6
11,31,2026,1,3,4,2,0,8
11,36,2026,1,3,3,4,2,10
11,41,2026,1,3,2,6,4,12
11,47,2026,1,3,1,3,4,11
12,0,2026,1,3,1,3,0,14
12,5,2026,1,3,2,2,1,15
12,11,2026,1,3,3,3,5,13
12,18,2026,1,3,4,5,4,14
12,25,2026,1,3,5,6,6,14
12,31,2026,1,3,4,4,2,16
12,36,2026,1,3,3,2,2,16
12,41,2026,1,3,2,5,6,15
12,47,2026,1,3,1,6,9,12
13,0,2026,1,3,1,20,0,32
13,5,2026,1,3,2,6,7,31
13,11,2026,1,3,3,6,9,28
13,18,2026,1,3,4,28,5,51
13,25,2026,1,3,5,5,20,36
13,31,2026,1,3,4,15,0,51
13,36,2026,1,3,3,3,15,39
13,41,2026,1,3,2,6,19,26
13,47,2026,1,3,1,16,16,26
14,0,2026,1,3,1,26,0,52
14,5,2026,1,3,2,5,13,44
14,11,2026,1,3,3,3,13,34
14,18,2026,1,3,4,19,11,42
14,25,2026,1,3,5,5,20,27
14,31,2026,1,3,4,31,1,57
14,36,2026,1,3,3,2,12,47
14,41,2026,1,3,2,4,16,35
14,47,2026,1,3,1,10,17,28
15,0,2026,1,3,1,21,0,49
15,5,2026,1,3,2,5,7,47
15,11,2026,1,3,3,4,18,33
15,18,2026,1,3,4,19,10,42
15,25,2026,1,3,5,4,20,26
15,31,2026,1,3,4,32,0,58
15,36,2026,1,3,3,3,17,44
15,41,2026,1,3,2,5,20,29
15,47,2026,1,3,1,16,15,30
16,0,2026,1,3,1,6,0,36
16,5,2026,1,3,2,5,4,37
16,11,2026,1,3,3,5,9,33
16,18,2026,1,3,4,3,10,26
16,25,2026,1,3,5,2,19,9
16,31,2026,1,3,4,4,0,13
16,36,2026,1,3,3,5,1,17
16,41,2026,1,3,2,6,7,16
16,47,2026,1,3,1,3,6,13
17,0,2026,1,3,1,4,0,17
17,5,2026,1,3,2,2,3,16
17,11,2026,1,3,3,5,2,19
17,18,2026,1,3,4,5,6,18
17,25,2026,1,3,5,5,11,12
17,31,2026,1,3,4,5,1,16
17,36,2026,1,3,3,5,3,18
17,41,2026,1,3,2,2,8,12
17,47,2026,1,3,1,4,6,10
18,0,2026,1,3,1,4,0,14
18,5,2026,1,3,2,5,3,16
18,11,2026,1,3,3,4,3,17
18,18,2026,1,3,4,3,5,15
18,25,2026,1,3,5,6,11,10
18,31,2026,1,3,4,2,1,11
18,36,2026,1,3,3,6,1,16
18,41,2026,1,3,2,4,4,16
18,47,2026,1,3,1,6,11,11
19,0,2026,1,3,1,5,0,16
19,5,2026,1,3,2,4,1,19
19,11,2026,1,3,3,5,6,18
19,18,2026,1,3,4,6,7,17
19,25,2026,1,3,5,3,11,9
19,31,2026,1,3,4,6,1,14
19,36,2026,1,3,3,6,7,13
19,41,2026,1,3,2,4,5,12
19,47,2026,1,3,1,4,5,11
20,0,2026,1,3,1,2,0,13
20,5,2026,1,3,2,6,1,18
20,11,2026,1,3,3,2,5,15
20,18,2026,1,3,4,6,3,18
20,25,2026,1,3,5,6,12,12
20,31,2026,1,3,4,3,1,14
20,36,2026,1,3,3,3,4,13
20,41,2026,1,3,2,4,3,14
20,47,2026,1,3,1,2,9,7
21,0,2026,1,3,1,2,0,9
21,5,2026,1,3,2,4,3,10
21,11,2026,1,3,3,2,2,10
21,18,2026,1,3,4,6,2,14
21,25,2026,1,3,5,2,7,9
21,31,2026,1,3,4,6,2,13
21,36,2026,1,3,3,5,3,15
21,41,2026,1,3,2,5,9,11
21,47,2026,1,3,1,6,5,12
22,0,2026,1,3,1,5,0,17
22,5,2026,1,3,2,4,2,19
22,11,2026,1,3,3,6,4,21
22,18,2026,1,3,4,5,6,20
22,25,2026,1,3,5,3,10,13
22,31,2026,1,3,4,6,1,18
22,36,2026,1,3,3,6,6,18
22,41,2026,1,3,2,5,5,18
22,47,2026,1,3,1,4,10,12
23,0,2026,1,3,1,3,0,15
23,5,2026,1,3,2,4,2,17
23,11,2026,1,3,3,3,3,17
23,18,2026,1,3,4,5,6,16
23,25,2026,1,3,5,3,8,11
23,31,2026,1,3,4,3,0,14
23,36,2026,1,3,3,2,5,11
23,41,2026,1,3,2,3,2,12
23,47,2026,1,3,1,0,12,0
6,0,2026,1,4,1,5,0,5
6,5,2026,1,4,2,8,3,10
6,11,2026,1,4,3,6,1,15
6,18,2026,1,4,4,4,4,15
6,25,2026,1,4,5,8,6,17
6,31,2026,1,4,4,2,1,18
6,36,2026,1,4,3,6,6,18
6,41,2026,1,4,2,11,5,24
6,47,2026,1,4,1,4,8,20
7,0,2026,1,4,1,3,0,23
7,5,2026,1,4,2,21,0,44
7,11,2026,1,4,3,14,4,54
7,18,2026,1,4,4,2,20,36
7,25,2026,1,4,5,19,10,45
7,31,2026,1,4,4,2,15,32
7,36,2026,1,4,3,12,3,41
7,41,2026,1,4,2,6,9,38
7,47,2026,1,4,1,4,20,22
8,0,2026,1,4,1,1,0,23
8,5,2026,1,4,2,18,0,41
8,11,2026,1,4,3,17,4,54
8,18,2026,1,4,4,2,20,36
8,25,2026,1,4,5,20,8,48
8,31,2026,1,4,4,2,17,33
8,36,2026,1,4,3,19,0,52
8,41,2026,1,4,2,18,15,55
8,47,2026,1,4,1,4,20,39
9,0,2026,1,4,1,2,0,41
9,5,2026,1,4,2,4,2,43
9,11,2026,1,4,3,6,11,38
9,18,2026,1,4,4,5,20,23
9,25,2026,1,4,5,2,11,14
9,31,2026,1,4,4,5,0,19
9,36,2026,1,4,3,6,1,24
9,41,2026,1,4,2,4,0,28
9,47,2026,1,4,1,3,20,11
10,0,2026,1,4,1,3,0,14
10,5,2026,1,4,2,6,0,20
10,11,2026,1,4,3,5,5,20
10,18,2026,1,4,4,6,5,21
10,25,2026,1,4,5,6,7,20
10,31,2026,1,4,4,4,2,22
10,36,2026,1,4,3,3,2,23
10,41,2026,1,4,2,4,10,17
10,47,2026,1,4,1,4,10,11
11,0,2026,1,4,1,2,0,13
11,5,2026,1,4,2,2,1,14
11,11,2026,1,4,3,6,3,17
11,18,2026,1,4,4,4,4,17
11,25,2026,1,4,5,5,12,10
11,31,2026,1,4,4,2,1,11
11,36,2026,1,4,3,3,2,12
11,41,2026,1,4,2,6,4,14
11,47,2026,1,4,1,4,7,11
12,0,2026,1,4,1,5,0,16
12,5,2026,1,4,2,3,4,15
12,11,2026,1,4,3,2,2,15
12,18,2026,1,4,4,4,8,11
12,25,2026,1,4,5,4,5,10
12,31,2026,1,4,4,5,1,14
12,36,2026,1,4,3,6,5,15
12,41,2026,1,4,2,2,6,11
12,47,2026,1,4,1,3,8,6
13,0,2026,1,4,1,18,0,24
13,5,2026,1,4,2,5,6,23
13,11,2026,1,4,3,6,7,22
13,18,2026,1,4,4,7,4,25
13,25,2026,1,4,5,4,14,15
13,31,2026,1,4,4,30,0,45
13,36,2026,1,4,3,3,11,37
13,41,2026,1,4,2,2,18,21
13,47,2026,1,4,1,24,13,32
14,0,2026,1,4,1,13,0,45
14,5,2026,1,4,2,3,12,36
14,11,2026,1,4,3,4,13,27
14,18,2026,1,4,4,13,9,31
14,25,2026,1,4,5,6,20,17
14,31,2026,1,4,4,16,0,33
14,36,2026,1,4,3,6,4,35
14,41,2026,1,4,2,5,16,24
14,47,2026,1,4,1,25,7,42
15,0,2026,1,4,1,23,0,65
15,5,2026,1,4,2,3,13,55
15,11,2026,1,4,3,2,20,37
15,18,2026,1,4,4,7,15,29
15,25,2026,1,4,5,4,20,13
15,31,2026,1,4,4,9,0,22
15,36,2026,1,4,3,5,5,22
15,41,2026,1,4,2,5,9,18
15,47,2026,1,4,1,8,8,18
16,0,2026,1,4,1,3,0,21
16,5,2026,1,4,2,4,4,21
16,11,2026,1,4,3,5,5,21
16,18,2026,1,4,4,4,8,17
16,25,2026,1,4,5,2,11,8
16,31,2026,1,4,4,6,0,14
16,36,2026,1,4,3,5,1,18
16,41,2026,1,4,2,3,8,13
16,47,2026,1,4,1,6,3,16
17,0,2026,1,4,1,4,0,20
17,5,2026,1,4,2,4,3,21
17,11,2026,1,4,3,3,2,22
17,18,2026,1,4,4,4,9,17
17,25,2026,1,4,5,4,13,8
17,31,2026,1,4,4,4,0,12
17,36,2026,1,4,3,2,5,9
17,41,2026,1,4,2,2,2,9
17,47,2026,1,4,1,5,6,8
18,0,2026,1,4,1,2,0,10
18,5,2026,1,4,2,4,3,11
18,11,2026,1,4,3,2,2,11
18,18,2026,1,4,4,5,2,14
18,25,2026,1,4,5,3,8,9
18,31,2026,1,4,4,2,1,10
18,36,2026,1,4,3,2,3,9
18,41,2026,1,4,2,5,5,9
18,47,2026,1,4,1,5,3,11
19,0,2026,1,4,1,6,0,17
19,5,2026,1,4,2,6,4,19
19,11,2026,1,4,3,5,6,18
19,18,2026,1,4,4,2,11,9
19,25,2026,1,4,5,3,6,6
19,31,2026,1,4,4,4,0,10
19,36,2026,1,4,3,5,3,12
19,41,2026,1,4,2,3,6,9
19,47,2026,1,4,1,3,3,9
20,0,2026,1,4,1,5,0,14
20,5,2026,1,4,2,5,3,16
20,11,2026,1,4,3,5,6,15
20,18,2026,1,4,4,4,8,11
20,25,2026,1,4,5,2,4,9
20,31,2026,1,4,4,6,0,15
20,36,2026,1,4,3,6,3,18
20,41,2026,1,4,2,3,6,15
20,47,2026,1,4,1,5,8,12
21,0,2026,1,4,1,6,0,18
21,5,2026,1,4,2,3,2,19
21,11,2026,1,4,3,3,2,20
21,18,2026,1,4,4,2,8,14
21,25,2026,1,4,5,2,9,7
21,31,2026,1,4,4,2,0,9
21,36,2026,1,4,3,6,3,12
21,41,2026,1,4,2,3,0,15
21,47,2026,1,4,1,4,9,10
22,0,2026,1,4,1,2,0,12
22,5,2026,1,4,2,6,2,16
22,11,2026,1,4,3,6,3,19
22,18,2026,1,4,4,2,7,14
22,25,2026,1,4,5,5,7,12
22,31,2026,1,4,4,4,3,13
22,36,2026,1,4,3,3,2,14
22,41,2026,1,4,2,6,7,13
22,47,2026,1,4,1,3,7,9
23,0,2026,1,4,1,5,0,14
23,5,2026,1,4,2,6,1,19
23,11,2026,1,4,3,4,6,17
23,18,2026,1,4,4,3,6,14
23,25,2026,1,4,5,2,7,9
23,31,2026,1,4,4,6,1,14
23,36,2026,1,4,3,6,1,19
23,41,2026,1,4,2,2,10,11
23,47,2026,1,4,1,0,11,0
6,0,2026,1,5,1,3,0,3
6,5,2026,1,5,2,21,1,23
6,11,2026,1,5,3,11,9,25
6,18,2026,1,5,4,6,4,27
6,25,2026,1,5,5,11,12,26
6,31,2026,1,5,4,5,1,30
6,36,2026,1,5,3,9,9,30
6,41,2026,1,5,2,13,7,36
6,47,2026,1,5,1,3,17,22
7,0,2026,1,5,1,3,0,25
7,5,2026,1,5,2,17,2,40
7,11,2026,1,5,3,13,2,51
7,18,2026,1,5,4,1,20,32
7,25,2026,1,5,5,20,9,43
7,31,2026,1,5,4,3,13,33
7,36,2026,1,5,3,15,8,40
7,41,2026,1,5,2,19,5,54
7,47,2026,1,5,1,4,20,38
8,0,2026,1,5,1,2,0,40
8,5,2026,1,5,2,12,3,49
8,11,2026,1,5,3,22,9,62
8,18,2026,1,5,4,2,20,44
8,25,2026,1,5,5,9,15,38
8,31,2026,1,5,4,2,5,35
8,36,2026,1,5,3,16,3,48
8,41,2026,1,5,2,7,12,43
8,47,2026,1,5,1,1,20,24
9,0,2026,1,5,1,4,0,28
9,5,2026,1,5,2,2,2,28
9,11,2026,1,5,3,4,2,30
9,18,2026,1,5,4,4,20,14
9,25,2026,1,5,5,2,5,11
9,31,2026,1,5,4,3,1,13
9,36,2026,1,5,3,4,0,17
9,41,2026,1,5,2,2,2,17
9,47,2026,1,5,1,1,16,2
10,0,2026,1,5,1,6,0,8
10,5,2026,1,5,2,5,3,10
10,11,2026,1,5,3,2,1,11
10,18,2026,1,5,4,4,6,9
10,25,2026,1,5,5,4,3,10
10,31,2026,1,5,4,2,1,11
10,36,2026,1,5,3,5,7,9
10,41,2026,1,5,2,6,0,15
10,47,2026,1,5,1,3,6,12
11,0,2026,1,5,1,2,0,14
11,5,2026,1,5,2,5,1,18
11,11,2026,1,5,3,4,5,17
11,18,2026,1,5,4,6,8,15
11,25,2026,1,5,5,4,8,11
11,31,2026,1,5,4,5,0,16
11,36,2026,1,5,3,4,5,15
11,41,2026,1,5,2,6,5,16
11,47,2026,1,5,1,3,4,15
12,0,2026,1,5,1,3,0,18
12,5,2026,1,5,2,4,2,20
12,11,2026,1,5,3,6,4,22
12,18,2026,1,5,4,3,10,15
12,25,2026,1,5,5,2,11,6
12,31,2026,1,5,4,6,1,11
12,36,2026,1,5,3,4,2,13
12,41,2026,1,5,2,6,3,16
12,47,2026,1,5,1,2,8,10
13,0,2026,1,5,1,25,0,35
13,5,2026,1,5,2,4,10,29
13,11,2026,1,5,3,2,10,21
13,18,2026,1,5,4,20,7,34
13,25,2026,1,5,5,2,19,17
13,31,2026,1,5,4,31,0,48
13,36,2026,1,5,3,6,16,38
13,41,2026,1,5,2,5,16,27
13,47,2026,1,5,1,11,10,28
14,0,2026,1,5,1,27,0,55
14,5,2026,1,5,2,5,14,46
14,11,2026,1,5,3,2,15,33
14,18,2026,1,5,4,7,10,30
14,25,2026,1,5,5,5,20,15
14,31,2026,1,5,4,19,1,33
14,36,2026,1,5,3,2,9,26
14,41,2026,1,5,2,3,14,15
14,47,2026,1,5,1,29,9,35
15,0,2026,1,5,1,20,0,55
15,5,2026,1,5,2,2,18,39
15,11,2026,1,5,3,6,13,32
15,18,2026,1,5,4,26,13,45
15,25,2026,1,5,5,5,20,30
15,31,2026,1,5,4,18,0,48
15,36,2026,1,5,3,4,20,32
15,41,2026,1,5,2,4,15,21
15,47,2026,1,5,1,32,10,43
16,0,2026,1,5,1,2,0,45
16,5,2026,1,5,2,3,10,38
16,11,2026,1,5,3,5,16,27
16,18,2026,1,5,4,6,10,23
16,25,2026,1,5,5,3,16,10
16,31,2026,1,5,4,5,0,15
16,36,2026,1,5,3,4,3,16
16,41,2026,1,5,2,5,6,15
16,47,2026,1,5,1,6,8,13
17,0,2026,1,5,1,2,0,15
17,5,2026,1,5,2,2,0,17
17,11,2026,1,5,3,5,3,19
17,18,2026,1,5,4,3,13,9
17,25,2026,1,5,5,5,4,10
17,31,2026,1,5,4,2,2,10
17,36,2026,1,5,3,6,3,13
17,41,2026,1,5,2,2,5,10
17,47,2026,1,5,1,5,5,10
18,0,2026,1,5,1,3,0,13
18,5,2026,1,5,2,2,1,14
18,11,2026,1,5,3,6,1,19
18,18,2026,1,5,4,6,8,17
18,25,2026,1,5,5,3,11,9
18,31,2026,1,5,4,5,2,12
18,36,2026,1,5,3,4,4,12
18,41,2026,1,5,2,5,5,12
18,47,2026,1,5,1,4,5,11
19,0,2026,1,5,1,2,0,13
19,5,2026,1,5,2,5,1,17
19,11,2026,1,5,3,5,7,15
19,18,2026,1,5,4,3,5,13
19,25,2026,1,5,5,4,6,11
19,31,2026,1,5,4,6,2,15
19,36,2026,1,5,3,4,4,15
19,41,2026,1,5,2,2,2,15
19,47,2026,1,5,1,4,13,6
20,0,2026,1,5,1,6,0,12
20,5,2026,1,5,2,4,1,15
20,11,2026,1,5,3,4,2,17
20,18,2026,1,5,4,6,10,13
20,25,2026,1,5,5,2,7,8
20,31,2026,1,5,4,5,0,13
20,36,2026,1,5,3,4,2,15
20,41,2026,1,5,2,4,3,16
20,47,2026,1,5,1,3,9,10
21,0,2026,1,5,1,3,0,13
21,5,2026,1,5,2,5,1,17
21,11,2026,1,5,3,4,6,15
21,18,2026,1,5,4,5,6,14
21,25,2026,1,5,5,3,8,9
21,31,2026,1,5,4,2,1,10
21,36,2026,1,5,3,4,2,12
21,41,2026,1,5,2,5,5,12
21,47,2026,1,5,1,2,7,7
22,0,2026,1,5,1,5,0,12
22,5,2026,1,5,2,3,1,14
22,11,2026,1,5,3,2,2,14
22,18,2026,1,5,4,3,5,12
22,25,2026,1,5,5,6,7,11
22,31,2026,1,5,4,2,3,10
22,36,2026,1,5,3,6,2,14
22,41,2026,1,5,2,4,4,14
22,47,2026,1,5,1,2,6,10
23,0,2026,1,5,1,2,0,12
23,5,2026,1,5,2,5,3,14
23,11,2026,1,5,3,3,3,14
23,18,2026,1,5,4,4,3,15
23,25,2026,1,5,5,3,9,9
23,31,2026,1,5,4,3,0,12
23,36,2026,1,5,3,5,6,11
23,41,2026,1,5,2,2,6,7
23,47,2026,1,5,1,0,7,0
6,0,2026,1,6,1,6,0,6
6,5,2026,1,6,2,7,2,11
6,11,2026,1,6,3,9,2,18
6,18,2026,1,6,4,6,6,18
6,25,2026,1,6,5,7,7,18
6,31,2026,1,6,4,5,2,21
6,36,2026,1,6,3,12,4,29
6,41,2026,1,6,2,14,9,34
6,47,2026,1,6,1,6,9,31
7,0,2026,1,6,1,4,0,35
7,5,2026,1,6,2,7,5,37
7,11,2026,1,6,3,14,3,48
7,18,2026,1,6,4,5,20,33
7,25,2026,1,6,5,6,8,31
7,31,2026,1,6,4,3,5,29
7,36,2026,1,6,3,9,4,34
7,41,2026,1,6,2,21,4,51
7,47,2026,1,6,1,2,20,33
8,0,2026,1,6,1,2,0,35
8,5,2026,1,6,2,13,0,48
8,11,2026,1,6,3,11,11,48
8,18,2026,1,6,4,3,20,31
8,25,2026,1,6,5,5,9,27
8,31,2026,1,6,4,5,5,27
8,36,2026,1,6,3,16,0,43
8,41,2026,1,6,2,19,5,57
8,47,2026,1,6,1,4,20,41
9,0,2026,1,6,1,2,0,43
9,5,2026,1,6,2,4,3,44
9,11,2026,1,6,3,4,9,39
9,18,2026,1,6,4,3,20,22
9,25,2026,1,6,5,3,13,12
9,31,2026,1,6,4,5,2,15
9,36,2026,1,6,3,2,0,17
9,41,2026,1,6,2,3,1,19
9,47,2026,1,6,1,2,18,3
10,0,2026,1,6,1,4,0,7
10,5,2026,1,6,2,6,3,10
10,11,2026,1,6,3,3,3,10
10,18,2026,1,6,4,6,3,13
10,25,2026,1,6,5,4,9,8
10,31,2026,1,6,4,4,1,11
10,36,2026,1,6,3,6,4,13
10,41,2026,1,6,2,5,4,14
10,47,2026,1,6,1,3,7,10
11,0,2026,1,6,1,5,0,15
11,5,2026,1,6,2,3,0,18
11,11,2026,1,6,3,4,4,18
11,18,2026,1,6,4,6,6,18
11,25,2026,1,6,5,3,11,10
11,31,2026,1,6,4,3,3,10
11,36,2026,1,6,3,4,2,12
11,41,2026,1,6,2,2,7,7
11,47,2026,1,6,1,3,3,7
12,0,2026,1,6,1,6,0,13
12,5,2026,1,6,2,2,1,14
12,11,2026,1,6,3,2,1,15
12,18,2026,1,6,4,4,7,12
12,25,2026,1,6,5,5,10,7
12,31,2026,1,6,4,5,0,12
12,36,2026,1,6,3,3,1,14
12,41,2026,1,6,2,3,3,14
12,47,2026,1,6,1,4,8,10
13,0,2026,1,6,1,28,0,38
13,5,2026,1,6,2,2,7,33
13,11,2026,1,6,3,6,12,27
13,18,2026,1,6,4,26,9,44
13,25,2026,1,6,5,4,19,29
13,31,2026,1,6,4,14,0,43
13,36,2026,1,6,3,6,18,31
13,41,2026,1,6,2,4,20,15
13,47,2026,1,6,1,9,8,16
14,0,2026,1,6,1,26,0,42
14,5,2026,1,6,2,5,8,39
14,11,2026,1,6,3,6,16,29
14,18,2026,1,6,4,32,10,51
14,25,2026,1,6,5,6,20,37
14,31,2026,1,6,4,28,0,65
14,36,2026,1,6,3,5,19,51
14,41,2026,1,6,2,5,20,36
14,47,2026,1,6,1,27,15,48
15,0,2026,1,6,1,16,0,64
15,5,2026,1,6,2,5,15,54
15,11,2026,1,6,3,5,20,39
15,18,2026,1,6,4,20,15,44
15,25,2026,1,6,5,5,20,29
15,31,2026,1,6,4,18,0,47
15,36,2026,1,6,3,6,15,38
15,41,2026,1,6,2,6,20,24
15,47,2026,1,6,1,18,9,33
16,0,2026,1,6,1,5,0,38
16,5,2026,1,6,2,2,7,33
16,11,2026,1,6,3,4,11,26
16,18,2026,1,6,4,5,9,22
16,25,2026,1,6,5,2,15,9
16,31,2026,1,6,4,5,1,13
16,36,2026,1,6,3,4,3,14
16,41,2026,1,6,2,4,7,11
16,47,2026,1,6,1,4,3,12
17,0,2026,1,6,1,5,0,17
17,5,2026,1,6,2,6,5,18
17,11,2026,1,6,3,6,3,21
17,18,2026,1,6,4,6,7,20
17,25,2026,1,6,5,4,10,14
17,31,2026,1,6,4,6,1,19
17,36,2026,1,6,3,6,4,21
17,41,2026,1,6,2,2,6,17
17,47,2026,1,6,1,5,13,9
18,0,2026,1,6,1,6,0,15
18,5,2026,1,6,2,5,5,15
18,11,2026,1,6,3,3,4,14
18,18,2026,1,6,4,2,4,12
18,25,2026,1,6,5,3,9,6
18,31,2026,1,6,4,3,0,9
18,36,2026,1,6,3,6,4,11
18,41,2026,1,6,2,5,1,15
18,47,2026,1,6,1,5,7,13
19,0,2026,1,6,1,6,0,19
19,5,2026,1,6,2,6,2,23
19,11,2026,1,6,3,2,3,22
19,18,2026,1,6,4,4,9,17
19,25,2026,1,6,5,4,13,8
19,31,2026,1,6,4,5,2,11
19,36,2026,1,6,3,5,6,10
19,41,2026,1,6,2,5,3,12
19,47,2026,1,6,1,4,4,12
20,0,2026,1,6,1,6,0,18
20,5,2026,1,6,2,4,1,21
20,11,2026,1,6,3,3,4,20
20,18,2026,1,6,4,2,11,11
20,25,2026,1,6,5,4,7,8
20,31,2026,1,6,4,3,1,10
20,36,2026,1,6,3,6,4,12
20,41,2026,1,6,2,5,3,14
20,47,2026,1,6,1,6,6,14
21,0,2026,1,6,1,2,0,16
21,5,2026,1,6,2,2,3,15
21,11,2026,1,6,3,6,6,15
21,18,2026,1,6,4,3,5,13
21,25,2026,1,6,5,5,6,12
21,31,2026,1,6,4,4,2,14
21,36,2026,1,6,3,3,3,14
21,41,2026,1,6,2,2,6,10
21,47,2026,1,6,1,3,8,5
22,0,2026,1,6,1,3,0,8
22,5,2026,1,6,2,4,3,9
22,11,2026,1,6,3,2,2,9
22,18,2026,1,6,4,6,3,12
22,25,2026,1,6,5,5,4,13
22,31,2026,1,6,4,2,1,14
22,36,2026,1,6,3,4,4,14
22,41,2026,1,6,2,3,5,12
22,47,2026,1,6,1,3,8,7
23,0,2026,1,6,1,5,0,12
23,5,2026,1,6,2,2,3,11
23,11,2026,1,6,3,4,2,13
23,18,2026,1,6,4,2,4,11
23,25,2026,1,6,5,2,8,5
23,31,2026,1,6,4,2,0,7
23,36,2026,1,6,3,4,1,10
23,41,2026,1,6,2,4,4,10
23,47,2026,1,6,1,0,10,0
6,0,2026,1,7,1,4,0,4
6,5,2026,1,7,2,15,1,18
6,11,2026,1,7,3,11,4,25
6,18,2026,1,7,4,5,8,22
6,25,2026,1,7,5,16,10,28
6,31,2026,1,7,4,4,3,29
6,36,2026,1,7,3,21,6,44
6,41,2026,1,7,2,21,15,50
6,47,2026,1,7,1,2,15,37
7,0,2026,1,7,1,2,0,39
7,5,2026,1,7,2,13,1,51
7,11,2026,1,7,3,8,9,50
7,18,2026,1,7,4,3,20,33
7,25,2026,1,7,5,6,12,27
7,31,2026,1,7,4,1,4,24
7,36,2026,1,7,3,19,1,42
7,41,2026,1,7,2,16,3,55
7,47,2026,1,7,1,3,20,38
8,0,2026,1,7,1,4,0,42
8,5,2026,1,7,2,18,3,57
8,11,2026,1,7,3,5,11,51
8,18,2026,1,7,4,3,20,34
8,25,2026,1,7,5,18,12,40
8,31,2026,1,7,4,3,15,28
8,36,2026,1,7,3,10,4,34
8,41,2026,1,7,2,6,6,34
8,47,2026,1,7,1,2,20,16
9,0,2026,1,7,1,3,0,19
9,5,2026,1,7,2,5,1,23
9,11,2026,1,7,3,3,0,26
9,18,2026,1,7,4,5,19,12
9,25,2026,1,7,5,4,2,14
9,31,2026,1,7,4,1,2,13
9,36,2026,1,7,3,6,0,19
9,41,2026,1,7,2,3,2,20
9,47,2026,1,7,1,2,20,2
10,0,2026,1,7,1,5,0,7
10,5,2026,1,7,2,5,0,12
10,11,2026,1,7,3,6,5,13
10,18,2026,1,7,4,3,8,8
10,25,2026,1,7,5,3,1,10
10,31,2026,1,7,4,5,0,15
10,36,2026,1,7,3,6,1,20
10,41,2026,1,7,2,3,7,16
10,47,2026,1,7,1,5,8,13
11,0,2026,1,7,1,5,0,18
11,5,2026,1,7,2,3,5,16
11,11,2026,1,7,3,6,4,18
11,18,2026,1,7,4,2,10,10
11,25,2026,1,7,5,4,3,11
11,31,2026,1,7,4,6,2,15
11,36,2026,1,7,3,6,5,16
11,41,2026,1,7,2,6,7,15
11,47,2026,1,7,1,3,8,10
12,0,2026,1,7,1,6,0,16
12,5,2026,1,7,2,5,3,18
12,11,2026,1,7,3,2,7,13
12,18,2026,1,7,4,5,6,12
12,25,2026,1,7,5,3,8,7
12,31,2026,1,7,4,2,1,8
12,36,2026,1,7,3,6,3,11
12,41,2026,1,7,2,3,6,8
12,47,2026,1,7,1,6,4,10
13,0,2026,1,7,1,28,0,38
13,5,2026,1,7,2,5,10,33
13,11,2026,1,7,3,6,16,23
13,18,2026,1,7,4,28,7,44
13,25,2026,1,7,5,2,20,26
13,31,2026,1,7,4,22,0,48
13,36,2026,1,7,3,5,6,47
13,41,2026,1,7,2,2,18,31
13,47,2026,1,7,1,11,15,27
14,0,2026,1,7,1,19,0,46
14,5,2026,1,7,2,5,5,46
14,11,2026,1,7,3,4,16,34
14,18,2026,1,7,4,12,8,38
14,25,2026,1,7,5,5,20,23
14,31,2026,1,7,4,20,3,40
14,36,2026,1,7,3,6,12,34
14,41,2026,1,7,2,6,18,22
14,47,2026,1,7,1,25,12,35
15,0,2026,1,7,1,26,0,61
15,5,2026,1,7,2,2,16,47
15,11,2026,1,7,3,2,14,35
15,18,2026,1,7,4,25,11,49
15,25,2026,1,7,5,3,20,32
15,31,2026,1,7,4,11,1,42
15,36,2026,1,7,3,6,18,30
15,41,2026,1,7,2,3,13,20
15,47,2026,1,7,1,22,11,31
16,0,2026,1,7,1,6,0,37
16,5,2026,1,7,2,2,5,34
16,11,2026,1,7,3,6,11,29
16,18,2026,1,7,4,5,12,22
16,25,2026,1,7,5,4,17,9
16,31,2026,1,7,4,6,0,15
16,36,2026,1,7,3,4,2,17
16,41,2026,1,7,2,5,5,17
16,47,2026,1,7,1,2,10,9
17,0,2026,1,7,1,2,0,11
17,5,2026,1,7,2,3,0,14
17,11,2026,1,7,3,5,4,15
17,18,2026,1,7,4,6,4,17
17,25,2026,1,7,5,5,10,12
17,31,2026,1,7,4,6,2,16
17,36,2026,1,7,3,4,7,13
17,41,2026,1,7,2,4,6,11
17,47,2026,1,7,1,2,4,9
18,0,2026,1,7,1,6,0,15
18,5,2026,1,7,2,5,3,17
18,11,2026,1,7,3,4,2,19
18,18,2026,1,7,4,6,4,21
18,25,2026,1,7,5,3,13,11
18,31,2026,1,7,4,3,0,14
18,36,2026,1,7,3,4,4,14
18,41,2026,1,7,2,2,5,11
18,47,2026,1,7,1,4,6,9
19,0,2026,1,7,1,5,0,14
19,5,2026,1,7,2,4,4,14
19,11,2026,1,7,3,2,4,12
19,18,2026,1,7,4,2,5,9
19,25,2026,1,7,5,2,5,6
19,31,2026,1,7,4,4,0,10
19,36,2026,1,7,3,4,3,11
19,41,2026,1,7,2,4,6,9
19,47,2026,1,7,1,5,5,9
20,0,2026,1,7,1,5,0,14
20,5,2026,1,7,2,2,3,13
20,11,2026,1,7,3,3,1,15
20,18,2026,1,7,4,3,8,10
20,25,2026,1,7,5,2,5,7
20,31,2026,1,7,4,2,0,9
20,36,2026,1,7,3,6,1,14
20,41,2026,1,7,2,4,5,13
20,47,2026,1,7,1,6,7,12
21,0,2026,1,7,1,2,0,14
21,5,2026,1,7,2,2,2,14
21,11,2026,1,7,3,3,1,16
21,18,2026,1,7,4,3,7,12
21,25,2026,1,7,5,4,6,10
21,31,2026,1,7,4,6,2,14
21,36,2026,1,7,3,5,2,17
21,41,2026,1,7,2,4,9,12
21,47,2026,1,7,1,4,7,9
22,0,2026,1,7,1,4,0,13
22,5,2026,1,7,2,6,2,17
22,11,2026,1,7,3,2,4,15
22,18,2026,1,7,4,3,5,13
22,25,2026,1,7,5,3,6,10
22,31,2026,1,7,4,3,1,12
22,36,2026,1,7,3,2,1,13
22,41,2026,1,7,2,2,7,8
22,47,2026,1,7,1,2,5,5
23,0,2026,1,7,1,2,0,7
23,5,2026,1,7,2,4,2,9
23,11,2026,1,7,3,3,3,9
23,18,2026,1,7,4,6,2,13
23,25,2026,1,7,5,2,4,11
23,31,2026,1,7,4,4,1,14
23,36,2026,1,7,3,5,2,17
23,41,2026,1,7,2,3,4,16
23,47,2026,1,7,1,0,16,0
6,0,2026,1,8,1,2,0,2
6,5,2026,1,8,2,7,0,9
6,11,2026,1,8,3,21,1,29
6,18,2026,1,8,4,5,8,26
6,25,2026,1,8,5,17,10,33
6,31,2026,1,8,4,3,3,33
6,36,2026,1,8,3,6,5,34
6,41,2026,1,8,2,5,16,23
6,47,2026,1,8,1,6,15,14
7,0,2026,1,8,1,4,0,18
7,5,2026,1,8,2,16,0,34
7,11,2026,1,8,3,18,1,51
7,18,2026,1,8,4,5,20,36
7,25,2026,1,8,5,20,11,45
7,31,2026,1,8,4,3,14,34
7,36,2026,1,8,3,17,3,48
7,41,2026,1,8,2,16,12,52
7,47,2026,1,8,1,3,20,35
8,0,2026,1,8,1,3,0,38
8,5,2026,1,8,2,16,2,52
8,11,2026,1,8,3,16,4,64
8,18,2026,1,8,4,5,20,49
8,25,2026,1,8,5,9,20,38
8,31,2026,1,8,4,5,5,38
8,36,2026,1,8,3,20,8,50
8,41,2026,1,8,2,7,9,48
8,47,2026,1,8,1,4,20,32
9,0,2026,1,8,1,4,0,36
9,5,2026,1,8,2,6,1,41
9,11,2026,1,8,3,6,8,39
9,18,2026,1,8,4,1,20,20
9,25,2026,1,8,5,2,8,14
9,31,2026,1,8,4,4,1,17
9,36,2026,1,8,3,3,0,20
9,41,2026,1,8,2,5,1,24
9,47,2026,1,8,1,2,20,6
10,0,2026,1,8,1,2,0,8
10,5,2026,1,8,2,5,1,12
10,11,2026,1,8,3,4,7,9
10,18,2026,1,8,4,5,2,12
10,25,2026,1,8,5,2,3,11
10,31,2026,1,8,4,2,1,12
10,36,2026,1,8,3,5,0,17
10,41,2026,1,8,2,4,6,15
10,47,2026,1,8,1,2,7,10
11,0,2026,1,8,1,5,0,15
11,5,2026,1,8,2,4,5,14
11,11,2026,1,8,3,6,4,16
11,18,2026,1,8,4,6,4,18
11,25,2026,1,8,5,2,10,10
11,31,2026,1,8,4,6,0,16
11,36,2026,1,8,3,4,6,14
11,41,2026,1,8,2,2,8,8
11,47,2026,1,8,1,4,6,6
12,0,2026,1,8,1,4,0,10
12,5,2026,1,8,2,4,1,13
12,11,2026,1,8,3,2,3,12
12,18,2026,1,8,4,5,8,9
12,25,2026,1,8,5,5,3,11
12,31,2026,1,8,4,5,1,15
12,36,2026,1,8,3,3,0,18
12,41,2026,1,8,2,5,6,17
12,47,2026,1,8,1,3,10,10
13,0,2026,1,8,1,16,0,26
13,5,2026,1,8,2,2,5,23
13,11,2026,1,8,3,4,7,20
13,18,2026,1,8,4,8,6,22
13,25,2026,1,8,5,5,12,15
13,31,2026,1,8,4,11,0,26
13,36,2026,1,8,3,3,6,23
13,41,2026,1,8,2,6,9,20
13,47,2026,1,8,1,11,8,23
14,0,2026,1,8,1,30,0,53
14,5,2026,1,8,2,6,15,44
14,11,2026,1,8,3,3,8,39
14,18,2026,1,8,4,32,16,55
14,25,2026,1,8,5,6,20,41
14,31,2026,1,8,4,8,1,48
14,36,2026,1,8,3,5,19,34
14,41,2026,1,8,2,5,16,23
14,47,2026,1,8,1,32,16,39
15,0,2026,1,8,1,16,0,55
15,5,2026,1,8,2,5,16,44
15,11,2026,1,8,3,4,18,30
15,18,2026,1,8,4,7,12,25
15,25,2026,1,8,5,4,15,14
15,31,2026,1,8,4,13,0,27
15,36,2026,1,8,3,3,7,23
15,41,2026,1,8,2,4,14,13
15,47,2026,1,8,1,16,5,24
16,0,2026,1,8,1,6,0,30
16,5,2026,1,8,2,3,6,27
16,11,2026,1,8,3,2,7,22
16,18,2026,1,8,4,4,11,15
16,25,2026,1,8,5,4,10,9
16,31,2026,1,8,4,3,3,9
16,36,2026,1,8,3,3,2,10
16,41,2026,1,8,2,3,4,9
16,47,2026,1,8,1,4,3,10
17,0,2026,1,8,1,6,0,16
17,5,2026,1,8,2,5,3,18
17,11,2026,1,8,3,6,5,19
17,18,2026,1,8,4,3,5,17
17,25,2026,1,8,5,4,10,11
17,31,2026,1,8,4,5,0,16
17,36,2026,1,8,3,4,2,18
17,41,2026,1,8,2,2,5,15
17,47,2026,1,8,1,4,7,12
18,0,2026,1,8,1,4,0,16
18,5,2026,1,8,2,4,2,18
18,11,2026,1,8,3,5,2,21
18,18,2026,1,8,4,2,7,16
18,25,2026,1,8,5,3,13,6
18,31,2026,1,8,4,6,1,11
18,36,2026,1,8,3,4,3,12
18,41,2026,1,8,2,5,6,11
18,47,2026,1,8,1,2,9,4
19,0,2026,1,8,1,2,0,6
19,5,2026,1,8,2,2,0,8
19,11,2026,1,8,3,5,0,13
19,18,2026,1,8,4,3,6,10
19,25,2026,1,8,5,3,3,10
19,31,2026,1,8,4,3,0,13
19,36,2026,1,8,3,4,1,16
19,41,2026,1,8,2,4,7,13
19,47,2026,1,8,1,5,9,9
20,0,2026,1,8,1,4,0,13
20,5,2026,1,8,2,3,1,15
20,11,2026,1,8,3,3,3,15
20,18,2026,1,8,4,6,7,14
20,25,2026,1,8,5,6,6,14
20,31,2026,1,8,4,3,0,17
20,36,2026,1,8,3,5,5,17
20,41,2026,1,8,2,2,5,14
20,47,2026,1,8,1,6,9,11
21,0,2026,1,8,1,6,0,17
21,5,2026,1,8,2,6,6,17
21,11,2026,1,8,3,3,1,19
21,18,2026,1,8,4,3,6,16
21,25,2026,1,8,5,2,9,9
21,31,2026,1,8,4,2,0,11
21,36,2026,1,8,3,3,1,13
21,41,2026,1,8,2,2,3,12
21,47,2026,1,8,1,6,9,9
22,0,2026,1,8,1,6,0,15
22,5,2026,1,8,2,2,3,14
22,11,2026,1,8,3,5,3,16
22,18,2026,1,8,4,4,6,14
22,25,2026,1,8,5,6,6,14
22,31,2026,1,8,4,5,0,19
22,36,2026,1,8,3,2,4,17
22,41,2026,1,8,2,2,9,10
22,47,2026,1,8,1,6,8,8
23,0,2026,1,8,1,3,0,11
23,5,2026,1,8,2,5,2,14
23,11,2026,1,8,3,3,4,13
23,18,2026,1,8,4,2,5,10
23,25,2026,1,8,5,2,5,7
23,31,2026,1,8,4,5,0,12
23,36,2026,1,8,3,4,1,15
23,41,2026,1,8,2,5,6,14
23,47,2026,1,8,1,0,14,0
6,0,2026,1,9,1,4,0,4
6,5,2026,1,9,2,6,0,10
6,11,2026,1,9,3,18,3,25
6,18,2026,1,9,4,2,10,17
6,25,2026,1,9,5,14,7,24
6,31,2026,1,9,4,5,4,25
6,36,2026,1,9,3,12,3,34
6,41,2026,1,9,2,18,14,38
6,47,2026,1,9,1,5,12,31
7,0,2026,1,9,1,3,0,34
7,5,2026,1,9,2,13,1,46
7,11,2026,1,9,3,8,6,48
7,18,2026,1,9,4,1,20,29
7,25,2026,1,9,5,11,13,27
7,31,2026,1,9,4,2,6,23
7,36,2026,1,9,3,15,1,37
7,41,2026,1,9,2,11,4,44
7,47,2026,1,9,1,2,20,26
8,0,2026,1,9,1,3,0,29
8,5,2026,1,9,2,18,1,46
8,11,2026,1,9,3,19,4,61
8,18,2026,1,9,4,1,20,42
8,25,2026,1,9,5,9,15,36
8,31,2026,1,9,4,4,7,33
8,36,2026,1,9,3,15,3,45
8,41,2026,1,9,2,13,11,47
8,47,2026,1,9,1,3,20,30
9,0,2026,1,9,1,2,0,32
9,5,2026,1,9,2,4,4,32
9,11,2026,1,9,3,2,5,29
9,18,2026,1,9,4,4,20,13
9,25,2026,1,9,5,2,5,10
9,31,2026,1,9,4,5,0,15
9,36,2026,1,9,3,3,0,18
9,41,2026,1,9,2,6,0,24
9,47,2026,1,9,1,2,20,6
10,0,2026,1,9,1,2,0,8
10,5,2026,1,9,2,5,0,13
10,11,2026,1,9,3,6,1,18
10,18,2026,1,9,4,3,6,15
10,25,2026,1,9,5,4,7,12
10,31,2026,1,9,4,2,2,12
10,36,2026,1,9,3,4,4,12
10,41,2026,1,9,2,5,6,11
10,47,2026,1,9,1,6,6,11
11,0,2026,1,9,1,3,0,14
11,5,2026,1,9,2,6,4,16
11,11,2026,1,9,3,2,4,14
11,18,2026,1,9,4,5,9,10
11,25,2026,1,9,5,4,6,8
11,31,2026,1,9,4,3,2,9
11,36,2026,1,9,3,4,2,11
11,41,2026,1,9,2,4,0,15
11,47,2026,1,9,1,6,7,14
12,0,2026,1,9,1,2,0,16
12,5,2026,1,9,2,5,3,18
12,11,2026,1,9,3,4,5,17
12,18,2026,1,9,4,5,4,18
12,25,2026,1,9,5,6,10,14
12,31,2026,1,9,4,4,0,18
12,36,2026,1,9,3,2,3,17
12,41,2026,1,9,2,5,3,19
12,47,2026,1,9,1,2,11,10
13,0,2026,1,9,1,17,0,27
13,5,2026,1,9,2,2,9,20
13,11,2026,1,9,3,4,4,20
13,18,2026,1,9,4,26,6,40
13,25,2026,1,9,5,4,19,25
13,31,2026,1,9,4,18,2,41
13,36,2026,1,9,3,4,14,31
13,41,2026,1,9,2,6,13,24
13,47,2026,1,9,1,24,9,39
14,0,2026,1,9,1,12,0,51
14,5,2026,1,9,2,4,12,43
14,11,2026,1,9,3,3,12,34
14,18,2026,1,9,4,32,13,53
14,25,2026,1,9,5,6,20,39
14,31,2026,1,9,4,27,0,66
14,36,2026,1,9,3,6,20,52
14,41,2026,1,9,2,3,20,35
14,47,2026,1,9,1,27,14,48
15,0,2026,1,9,1,18,0,66
15,5,2026,1,9,2,2,20,48
15,11,2026,1,9,3,4,15,37
15,18,2026,1,9,4,7,14,30
15,25,2026,1,9,5,6,20,16
15,31,2026,1,9,4,11,0,27
15,36,2026,1,9,3,3,11,19
15,41,2026,1,9,2,5,12,12
15,47,2026,1,9,1,12,2,22
16,0,2026,1,9,1,5,0,27
16,5,2026,1,9,2,6,6,27
16,11,2026,1,9,3,6,5,28
16,18,2026,1,9,4,4,10,22
16,25,2026,1,9,5,4,12,14
16,31,2026,1,9,4,5,2,17
16,36,2026,1,9,3,2,6,13
16,41,2026,1,9,2,4,3,14
16,47,2026,1,9,1,3,9,8
17,0,2026,1,9,1,6,0,14
17,5,2026,1,9,2,2,2,14
17,11,2026,1,9,3,3,3,14
17,18,2026,1,9,4,3,4,13
17,25,2026,1,9,5,3,8,8
17,31,2026,1,9,4,4,0,12
17,36,2026,1,9,3,6,4,14
17,41,2026,1,9,2,4,2,16
17,47,2026,1,9,1,2,6,12
18,0,2026,1,9,1,6,0,18
18,5,2026,1,9,2,3,3,18
18,11,2026,1,9,3,2,4,16
18,18,2026,1,9,4,5,5,16
18,25,2026,1,9,5,5,8,13
18,31,2026,1,9,4,2,1,14
18,36,2026,1,9,3,5,5,14
18,41,2026,1,9,2,5,7,12
18,47,2026,1,9,1,6,3,15
19,0,2026,1,9,1,6,0,21
19,5,2026,1,9,2,5,3,23
19,11,2026,1,9,3,6,6,23
19,18,2026,1,9,4,2,12,13
19,25,2026,1,9,5,5,9,9
19,31,2026,1,9,4,6,2,13
19,36,2026,1,9,3,4,4,13
19,41,2026,1,9,2,5,2,16
19,47,2026,1,9,1,5,9,12
20,0,2026,1,9,1,3,0,15
20,5,2026,1,9,2,2,2,15
20,11,2026,1,9,3,6,2,19
20,18,2026,1,9,4,6,7,18
20,25,2026,1,9,5,6,13,11
20,31,2026,1,9,4,4,1,14
20,36,2026,1,9,3,2,4,12
20,41,2026,1,9,2,6,7,11
20,47,2026,1,9,1,5,6,10
21,0,2026,1,9,1,4,0,14
21,5,2026,1,9,2,6,4,16
21,11,2026,1,9,3,4,2,18
21,18,2026,1,9,4,5,8,15
21,25,2026,1,9,5,3,7,11
21,31,2026,1,9,4,4,2,13
21,36,2026,1,9,3,4,2,15
21,41,2026,1,9,2,2,7,10
21,47,2026,1,9,1,2,6,6
22,0,2026,1,9,1,4,0,10
22,5,2026,1,9,2,5,0,15
22,11,2026,1,9,3,4,4,15
22,18,2026,1,9,4,5,7,13
22,25,2026,1,9,5,3,5,11
22,31,2026,1,9,4,4,0,15
22,36,2026,1,9,3,2,4,13
22,41,2026,1,9,2,5,8,10
22,47,2026,1,9,1,2,7,5
23,0,2026,1,9,1,6,0,11
23,5,2026,1,9,2,4,2,13
23,11,2026,1,9,3,4,0,17
23,18,2026,1,9,4,4,5,16
23,25,2026,1,9,5,4,12,8
23,31,2026,1,9,4,4,3,9
23,36,2026,1,9,3,5,3,11
23,41,2026,1,9,2,2,3,10
23,47,2026,1,9,1,0,10,0
6,0,2026,1,10,1,4,0,4
6,5,2026,1,10,2,13,0,17
6,11,2026,1,10,3,17,3,31
6,18,2026,1,10,4,2,11,22
6,25,2026,1,10,5,15,13,24
6,31,2026,1,10,4,3,3,24
6,36,2026,1,10,3,9,4,29
6,41,2026,1,10,2,16,8,37
6,47,2026,1,10,1,2,20,19
7,0,2026,1,10,1,2,0,21
7,5,2026,1,10,2,10,1,30
7,11,2026,1,10,3,17,2,45
7,18,2026,1,10,4,5,20,30
7,25,2026,1,10,5,10,5,35
7,31,2026,1,10,4,1,7,29
7,36,2026,1,10,3,7,3,33
7,41,2026,1,10,2,17,7,43
7,47,2026,1,10,1,1,20,24
8,0,2026,1,10,1,3,0,27
8,5,2026,1,10,2,13,2,38
8,11,2026,1,10,3,8,5,41
8,18,2026,1,10,4,4,20,25
8,25,2026,1,10,5,17,6,36
8,31,2026,1,10,4,1,13,24
8,36,2026,1,10,3,16,0,40
8,41,2026,1,10,2,20,6,54
8,47,2026,1,10,1,3,20,37
9,0,2026,1,10,1,4,0,41
9,5,2026,1,10,2,2,4,39
9,11,2026,1,10,3,6,6,39
9,18,2026,1,10,4,4,20,23
9,25,2026,1,10,5,4,12,15
9,31,2026,1,10,4,5,0,20
9,36,2026,1,10,3,4,3,21
9,41,2026,1,10,2,2,1,22
9,47,2026,1,10,1,1,20,3
10,0,2026,1,10,1,3,0,6
10,5,2026,1,10,2,2,1,7
10,11,2026,1,10,3,4,2,9
10,18,2026,1,10,4,4,2,11
10,25,2026,1,10,5,6,8,9
10,31,2026,1,10,4,4,1,12
10,36,2026,1,10,3,4,3,13
10,41,2026,1,10,2,6,5,14
10,47,2026,1,10,1,4,5,13
11,0,2026,1,10,1,5,0,18
11,5,2026,1,10,2,6,4,20
11,11,2026,1,10,3,2,4,18
11,18,2026,1,10,4,3,3,18
11,25,2026,1,10,5,4,10,12
11,31,2026,1,10,4,5,0,17
11,36,2026,1,10,3,6,1,22
11,41,2026,1,10,2,2,7,17
11,47,2026,1,10,1,4,8,13
12,0,2026,1,10,1,6,0,19
12,5,2026,1,10,2,4,1,22
12,11,2026,1,10,3,4,4,22
12,18,2026,1,10,4,4,8,18
12,25,2026,1,10,5,5,11,12
12,31,2026,1,10,4,6,0,18
12,36,2026,1,10,3,4,2,20
12,41,2026,1,10,2,4,9,15
12,47,2026,1,10,1,5,10,10
13,0,2026,1,10,1,26,0,36
13,5,2026,1,10,2,5,6,35
13,11,2026,1,10,3,6,11,30
13,18,2026,1,10,4,8,10,28
13,25,2026,1,10,5,3,18,13
13,31,2026,1,10,4,7,2,18
13,36,2026,1,10,3,3,3,18
13,41,2026,1,10,2,2,9,11
13,47,2026,1,10,1,10,3,18
14,0,2026,1,10,1,7,0,25
14,5,2026,1,10,2,3,5,23
14,11,2026,1,10,3,5,3,25
14,18,2026,1,10,4,11,6,30
14,25,2026,1,10,5,2,19,13
14,31,2026,1,10,4,15,2,26
14,36,2026,1,10,3,3,2,27
14,41,2026,1,10,2,3,11,19
14,47,2026,1,10,1,7,9,17
15,0,2026,1,10,1,14,0,31
15,5,2026,1,10,2,2,2,31
15,11,2026,1,10,3,3,8,26
15,18,2026,1,10,4,20,5,41
15,25,2026,1,10,5,2,20,23
15,31,2026,1,10,4,12,0,35
15,36,2026,1,10,3,3,11,27
15,41,2026,1,10,2,2,10,19
15,47,2026,1,10,1,8,10,17
16,0,2026,1,10,1,4,0,21
16,5,2026,1,10,2,5,1,25
16,11,2026,1,10,3,5,7,23
16,18,2026,1,10,4,5,4,24
16,25,2026,1,10,5,6,15,15
16,31,2026,1,10,4,4,4,15
16,36,2026,1,10,3,4,4,15
16,41,2026,1,10,2,3,7,11
16,47,2026,1,10,1,3,7,7
17,0,2026,1,10,1,5,0,12
17,5,2026,1,10,2,4,2,14
17,11,2026,1,10,3,6,2,18
17,18,2026,1,10,4,6,7,17
17,25,2026,1,10,5,2,8,11
17,31,2026,1,10,4,2,1,12
17,36,2026,1,10,3,6,2,16
17,41,2026,1,10,2,3,6,13
17,47,2026,1,10,1,6,6,13
18,0,2026,1,10,1,4,0,17
18,5,2026,1,10,2,4,4,17
18,11,2026,1,10,3,5,1,21
18,18,2026,1,10,4,3,7,17
18,25,2026,1,10,5,3,12,8
18,31,2026,1,10,4,4,1,11
18,36,2026,1,10,3,4,2,13
18,41,2026,1,10,2,6,6,13
18,47,2026,1,10,1,4,5,12
19,0,2026,1,10,1,6,0,18
19,5,2026,1,10,2,5,5,18
19,11,2026,1,10,3,4,2,20
19,18,2026,1,10,4,4,9,15
19,25,2026,1,10,5,2,10,7
19,31,2026,1,10,4,2,0,9
19,36,2026,1,10,3,6,4,11
19,41,2026,1,10,2,5,3,13
19,47,2026,1,10,1,2,6,9
20,0,2026,1,10,1,2,0,11
20,5,2026,1,10,2,3,1,13
20,11,2026,1,10,3,6,3,16
20,18,2026,1,10,4,2,8,10
20,25,2026,1,10,5,5,6,9
20,31,2026,1,10,4,2,2,9
20,36,2026,1,10,3,4,1,12
20,41,2026,1,10,2,5,3,14
20,47,2026,1,10,1,6,6,14
21,0,2026,1,10,1,4,0,18
21,5,2026,1,10,2,2,3,17
21,11,2026,1,10,3,4,2,19
21,18,2026,1,10,4,3,10,12
21,25,2026,1,10,5,4,8,8
21,31,2026,1,10,4,5,2,11
21,36,2026,1,10,3,4,1,14
21,41,2026,1,10,2,5,4,15
21,47,2026,1,10,1,3,9,9
22,0,2026,1,10,1,4,0,13
22,5,2026,1,10,2,6,3,16
22,11,2026,1,10,3,5,5,16
22,18,2026,1,10,4,5,8,13
22,25,2026,1,10,5,6,5,14
22,31,2026,1,10,4,6,2,18
22,36,2026,1,10,3,2,5,15
22,41,2026,1,10,2,6,3,18
22,47,2026,1,10,1,2,10,10
23,0,2026,1,10,1,5,0,15
23,5,2026,1,10,2,3,0,18
23,11,2026,1,10,3,2,5,15
23,18,2026,1,10,4,4,8,11
23,25,2026,1,10,5,3,7,7
23,31,2026,1,10,4,4,1,10
23,36,2026,1,10,3,3,1,12
23,41,2026,1,10,2,2,5,9
23,47,2026,1,10,1,0,9,0
6,0,2026,1,11,1,4,0,4
6,5,2026,1,11,2,10,1,13
6,11,2026,1,11,3,8,3,18
6,18,2026,1,11,4,2,6,14
6,25,2026,1,11,5,17,7,24
6,31,2026,1,11,4,5,4,25
6,36,2026,1,11,3,17,6,36
6,41,2026,1,11,2,21,10,47
6,47,2026,1,11,1,3,18,32
7,0,2026,1,11,1,4,0,36
7,5,2026,1,11,2,8,4,40
7,11,2026,1,11,3,17,6,51
7,18,2026,1,11,4,4,20,35
7,25,2026,1,11,5,21,11,45
7,31,2026,1,11,4,5,20,30
7,36,2026,1,11,3,22,5,47
7,41,2026,1,11,2,14,10,51
7,47,2026,1,11,1,2,20,33
8,0,2026,1,11,1,1,0,34
8,5,2026,1,11,2,17,0,51
8,11,2026,1,11,3,20,10,61
8,18,2026,1,11,4,2,20,43
8,25,2026,1,11,5,21,13,51
8,31,2026,1,11,4,2,15,38
8,36,2026,1,11,3,8,2,44
8,41,2026,1,11,2,15,17,42
8,47,2026,1,11,1,4,20,26
9,0,2026,1,11,1,2,0,28
9,5,2026,1,11,2,6,1,33
9,11,2026,1,11,3,5,3,35
9,18,2026,1,11,4,3,20,18
9,25,2026,1,11,5,4,6,16
9,31,2026,1,11,4,5,2,19
9,36,2026,1,11,3,5,0,24
9,41,2026,1,11,2,5,1,28
9,47,2026,1,11,1,4,20,12
10,0,2026,1,11,1,2,0,14
10,5,2026,1,11,2,3,3,14
10,11,2026,1,11,3,2,4,12
10,18,2026,1,11,4,3,6,9
10,25,2026,1,11,5,5,5,9
10,31,2026,1,11,4,4,0,13
10,36,2026,1,11,3,4,2,15
10,41,2026,1,11,2,2,7,10
10,47,2026,1,11,1,6,5,11
11,0,2026,1,11,1,2,0,13
11,5,2026,1,11,2,3,0,16
11,11,2026,1,11,3,4,4,16
11,18,2026,1,11,4,3,7,12
11,25,2026,1,11,5,3,6,9
11,31,2026,1,11,4,6,2,13
11,36,2026,1,11,3,3,1,15
11,41,2026,1,11,2,5,6,14
11,47,2026,1,11,1,3,7,10
12,0,2026,1,11,1,2,0,12
12,5,2026,1,11,2,5,0,17
12,11,2026,1,11,3,4,2,19
12,18,2026,1,11,4,4,7,16
12,25,2026,1,11,5,5,10,11
12,31,2026,1,11,4,5,0,16
12,36,2026,1,11,3,5,5,16
12,41,2026,1,11,2,2,6,12
12,47,2026,1,11,1,3,8,7
13,0,2026,1,11,1,17,0,24
13,5,2026,1,11,2,3,4,23
13,11,2026,1,11,3,6,5,24
13,18,2026,1,11,4,31,9,46
13,25,2026,1,11,5,6,16,36
13,31,2026,1,11,4,21,3,54
13,36,2026,1,11,3,2,20,36
13,41,2026,1,11,2,5,16,25
13,47,2026,1,11,1,15,15,25
14,0,2026,1,11,1,20,0,45
14,5,2026,1,11,2,5,9,41
14,11,2026,1,11,3,5,10,36
14,18,2026,1,11,4,11,12,35
14,25,2026,1,11,5,4,20,19
14,31,2026,1,11,4,27,1,45
14,36,2026,1,11,3,6,14,37
14,41,2026,1,11,2,3,16,24
14,47,2026,1,11,1,11,13,22
15,0,2026,1,11,1,7,0,29
15,5,2026,1,11,2,3,4,28
15,11,2026,1,11,3,6,4,30
15,18,2026,1,11,4,18,6,42
15,25,2026,1,11,5,3,20,25
15,31,2026,1,11,4,28,0,53
15,36,2026,1,11,3,6,20,39
15,41,2026,1,11,2,5,14,30
15,47,2026,1,11,1,25,14,41
16,0,2026,1,11,1,5,0,46
16,5,2026,1,11,2,3,12,37
16,11,2026,1,11,3,6,6,37
16,18,2026,1,11,4,3,12,28
16,25,2026,1,11,5,6,20,14
16,31,2026,1,11,4,6,1,19
16,36,2026,1,11,3,4,4,19
16,41,2026,1,11,2,6,7,18
16,47,2026,1,11,1,6,8,16
17,0,2026,1,11,1,6,0,22
17,5,2026,1,11,2,4,4,22
17,11,2026,1,11,3,2,2,22
17,18,2026,1,11,4,3,9,16
17,25,2026,1,11,5,2,11,7
17,31,2026,1,11,4,4,0,11
17,36,2026,1,11,3,5,1,15
17,41,2026,1,11,2,6,9,12
17,47,2026,1,11,1,4,6,10
18,0,2026,1,11,1,4,0,14
18,5,2026,1,11,2,3,1,16
18,11,2026,1,11,3,4,3,17
18,18,2026,1,11,4,3,8,12
18,25,2026,1,11,5,3,8,7
18,31,2026,1,11,4,5,1,11
18,36,2026,1,11,3,5,3,13
18,41,2026,1,11,2,2,7,8
18,47,2026,1,11,1,2,5,5
19,0,2026,1,11,1,6,0,11
19,5,2026,1,11,2,5,1,15
19,11,2026,1,11,3,6,4,17
19,18,2026,1,11,4,6,9,14
19,25,2026,1,11,5,6,8,12
19,31,2026,1,11,4,3,1,14
19,36,2026,1,11,3,5,3,16
19,41,2026,1,11,2,2,8,10
19,47,2026,1,11,1,4,6,8
20,0,2026,1,11,1,3,0,11
20,5,2026,1,11,2,6,2,15
20,11,2026,1,11,3,5,4,16
20,18,2026,1,11,4,3,3,16
20,25,2026,1,11,5,2,10,8
20,31,2026,1,11,4,2,1,9
20,36,2026,1,11,3,4,2,11
20,41,2026,1,11,2,5,4,12
20,47,2026,1,11,1,3,5,10
21,0,2026,1,11,1,5,0,15
21,5,2026,1,11,2,2,3,14
21,11,2026,1,11,3,3,4,13
21,18,2026,1,11,4,6,6,13
21,25,2026,1,11,5,6,7,12
21,31,2026,1,11,4,5,4,13
21,36,2026,1,11,3,6,2,17
21,41,2026,1,11,2,2,9,10
21,47,2026,1,11,1,5,7,8
22,0,2026,1,11,1,4,0,12
22,5,2026,1,11,2,3,0,15
22,11,2026,1,11,3,6,6,15
22,18,2026,1,11,4,3,8,10
22,25,2026,1,11,5,4,7,7
22,31,2026,1,11,4,6,1,12
22,36,2026,1,11,3,2,5,9
22,41,2026,1,11,2,5,3,11
22,47,2026,1,11,1,4,4,11
23,0,2026,1,11,1,6,0,17
23,5,2026,1,11,2,5,1,21
23,11,2026,1,11,3,3,4,20
23,18,2026,1,11,4,3,5,18
23,25,2026,1,11,5,3,10,11
23,31,2026,1,11,4,5,1,15
23,36,2026,1,11,3,2,3,14
23,41,2026,1,11,2,2,7,9
23,47,2026,1,11,1,0,9,0
6,0,2026,1,12,1,6,0,6
6,5,2026,1,12,2,14,1,19
6,11,2026,1,12,3,6,7,18
6,18,2026,1,12,4,4,5,17
6,25,2026,1,12,5,20,8,29
6,31,2026,1,12,4,2,6,25
6,36,2026,1,12,3,7,8,24
6,41,2026,1,12,2,21,9,36
6,47,2026,1,12,1,3,11,28
7,0,2026,1,12,1,1,0,29
7,5,2026,1,12,2,17,0,46
7,11,2026,1,12,3,17,4,59
7,18,2026,1,12,4,3,20,42
7,25,2026,1,12,5,6,12,36
7,31,2026,1,12,4,2,4,34
7,36,2026,1,12,3,19,5,48
7,41,2026,1,12,2,18,16,50
7,47,2026,1,12,1,1,20,31
8,0,2026,1,12,1,4,0,35
8,5,2026,1,12,2,16,2,49
8,11,2026,1,12,3,10,10,49
8,18,2026,1,12,4,4,20,33
8,25,2026,1,12,5,9,8,34
8,31,2026,1,12,4,4,7,31
8,36,2026,1,12,3,7,4,34
8,41,2026,1,12,2,14,8,40
8,47,2026,1,12,1,4,20,24
9,0,2026,1,12,1,4,0,28
9,5,2026,1,12,2,6,3,31
9,11,2026,1,12,3,2,4,29
9,18,2026,1,12,4,2,20,11
9,25,2026,1,12,5,5,4,12
9,31,2026,1,12,4,2,2,12
9,36,2026,1,12,3,2,1,13
9,41,2026,1,12,2,2,2,13
9,47,2026,1,12,1,2,13,2
10,0,2026,1,12,1,5,0,7
10,5,2026,1,12,2,3,0,10
10,11,2026,1,12,3,6,4,12
10,18,2026,1,12,4,5,4,13
10,25,2026,1,12,5,6,6,13
10,31,2026,1,12,4,4,4,13
10,36,2026,1,12,3,6,3,16
10,41,2026,1,12,2,6,7,15
10,47,2026,1,12,1,5,5,15
11,0,2026,1,12,1,3,0,18
11,5,2026,1,12,2,5,2,21
11,11,2026,1,12,3,3,4,20
11,18,2026,1,12,4,2,11,11
11,25,2026,1,12,5,4,7,8
11,31,2026,1,12,4,6,3,11
11,36,2026,1,12,3,6,0,17
11,41,2026,1,12,2,5,4,18
11,47,2026,1,12,1,2,4,16
12,0,2026,1,12,1,5,0,21
12,5,2026,1,12,2,5,0,26
12,11,2026,1,12,3,3,10,19
12,18,2026,1,12,4,3,5,17
12,25,2026,1,12,5,4,12,9
12,31,2026,1,12,4,3,2,10
12,36,2026,1,12,3,6,0,16
12,41,2026,1,12,2,4,8,12
12,47,2026,1,12,1,4,8,8
13,0,2026,1,12,1,11,0,19
13,5,2026,1,12,2,4,5,18
13,11,2026,1,12,3,3,6,15
13,18,2026,1,12,4,14,7,22
13,25,2026,1,12,5,6,8,20
13,31,2026,1,12,4,32,2,50
13,36,2026,1,12,3,3,12,41
13,41,2026,1,12,2,3,20,24
13,47,2026,1,12,1,8,9,23
14,0,2026,1,12,1,14,0,37
14,5,2026,1,12,2,4,6,35
14,11,2026,1,12,3,6,11,30
14,18,2026,1,12,4,24,10,44
14,25,2026,1,12,5,5,20,29
14,31,2026,1,12,4,10,1,38
14,36,2026,1,12,3,6,12,32
14,41,2026,1,12,2,2,17,17
14,47,2026,1,12,1,25,7,35
15,0,2026,1,12,1,14,0,49
15,5,2026,1,12,2,3,11,41
15,11,2026,1,12,3,2,12,31
15,18,2026,1,12,4,30,9,52
15,25,2026,1,12,5,2,20,34
15,31,2026,1,12,4,12,1,45
15,36,2026,1,12,3,6,18,33
15,41,2026,1,12,2,5,17,21
15,47,2026,1,12,1,11,12,20
16,0,2026,1,12,1,3,0,23
16,5,2026,1,12,2,4,6,21
16,11,2026,1,12,3,6,6,21
16,18,2026,1,12,4,4,7,18
16,25,2026,1,12,5,4,12,10
16,31,2026,1,12,4,4,2,12
16,36,2026,1,12,3,2,2,12
16,41,2026,1,12,2,4,2,14
16,47,2026,1,12,1,4,10,8
17,0,2026,1,12,1,4,0,12
17,5,2026,1,12,2,5,2,15
17,11,2026,1,12,3,2,2,15
17,18,2026,1,12,4,2,6,11
17,25,2026,1,12,5,5,8,8
17,31,2026,1,12,4,6,0,14
17,36,2026,1,12,3,4,4,14
17,41,2026,1,12,2,5,4,15
17,47,2026,1,12,1,6,6,15
18,0,2026,1,12,1,6,0,21
18,5,2026,1,12,2,2,3,20
18,11,2026,1,12,3,2,5,17
18,18,2026,1,12,4,3,7,13
18,25,2026,1,12,5,3,7,9
18,31,2026,1,12,4,3,0,12
18,36,2026,1,12,3,2,2,12
18,41,2026,1,12,2,2,4,10
18,47,2026,1,12,1,3,4,9
19,0,2026,1,12,1,6,0,15
19,5,2026,1,12,2,4,1,18
19,11,2026,1,12,3,3,4,17
19,18,2026,1,12,4,6,5,18
19,25,2026,1,12,5,4,12,10
19,31,2026,1,12,4,2,1,11
19,36,2026,1,12,3,2,3,10
19,41,2026,1,12,2,4,4,10
19,47,2026,1,12,1,5,4,11
20,0,2026,1,12,1,4,0,15
20,5,2026,1,12,2,2,2,15
20,11,2026,1,12,3,6,4,17
20,18,2026,1,12,4,4,8,13
20,25,2026,1,12,5,2,6,9
20,31,2026,1,12,4,4,1,12
20,36,2026,1,12,3,2,2,12
20,41,2026,1,12,2,4,5,11
20,47,2026,1,12,1,2,6,7
21,0,2026,1,12,1,2,0,9
21,5,2026,1,12,2,4,2,11
21,11,2026,1,12,3,4,2,13
21,18,2026,1,12,4,2,6,9
21,25,2026,1,12,5,3,6,6
21,31,2026,1,12,4,3,0,9
21,36,2026,1,12,3,3,2,10
21,41,2026,1,12,2,4,3,11
21,47,2026,1,12,1,6,3,14
22,0,2026,1,12,1,2,0,16
22,5,2026,1,12,2,3,3,16
22,11,2026,1,12,3,5,5,16
22,18,2026,1,12,4,3,6,13
22,25,2026,1,12,5,6,7,12
22,31,2026,1,12,4,5,1,16
22,36,2026,1,12,3,4,0,20
22,41,2026,1,12,2,6,8,18
22,47,2026,1,12,1,2,9,11
23,0,2026,1,12,1,6,0,17
23,5,2026,1,12,2,3,1,19
23,11,2026,1,12,3,3,6,16
23,18,2026,1,12,4,4,6,14
23,25,2026,1,12,5,3,8,9
23,31,2026,1,12,4,3,2,10
23,36,2026,1,12,3,6,2,14
23,41,2026,1,12,2,5,2,17
23,47,2026,1,12,1,0,17,0
6,0,2026,1,13,1,5,0,5
6,5,2026,1,13,2,11,3,13
6,11,2026,1,13,3,11,5,19
6,18,2026,1,13,4,5,6,18
6,25,2026,1,13,5,6,8,16
6,31,2026,1,13,4,2,1,17
6,36,2026,1,13,3,20,1,36
6,41,2026,1,13,2,7,8,35
6,47,2026,1,13,1,5,12,28
7,0,2026,1,13,1,3,0,31
7,5,2026,1,13,2,19,1,49
7,11,2026,1,13,3,21,4,66
7,18,2026,1,13,4,5,20,51
7,25,2026,1,13,5,22,18,55
7,31,2026,1,13,4,4,19,40
7,36,2026,1,13,3,14,4,50
7,41,2026,1,13,2,6,16,40
7,47,2026,1,13,1,2,20,22
8,0,2026,1,13,1,4,0,26
8,5,2026,1,13,2,13,0,39
8,11,2026,1,13,3,10,4,45
8,18,2026,1,13,4,3,20,28
8,25,2026,1,13,5,20,7,41
8,31,2026,1,13,4,1,18,24
8,36,2026,1,13,3,17,1,40
8,41,2026,1,13,2,14,4,50
8,47,2026,1,13,1,4,20,34
9,0,2026,1,13,1,3,0,37
9,5,2026,1,13,2,6,3,40
9,11,2026,1,13,3,6,9,37
9,18,2026,1,13,4,5,20,22
9,25,2026,1,13,5,4,9,17
9,31,2026,1,13,4,3,1,19
9,36,2026,1,13,3,5,0,24
9,41,2026,1,13,2,5,0,29
9,47,2026,1,13,1,4,20,13
10,0,2026,1,13,1,2,0,15
10,5,2026,1,13,2,3,2,16
10,11,2026,1,13,3,5,4,17
10,18,2026,1,13,4,6,8,15
10,25,2026,1,13,5,4,8,11
10,31,2026,1,13,4,2,1,12
10,36,2026,1,13,3,3,2,13
10,41,2026,1,13,2,5,4,14
10,47,2026,1,13,1,3,11,6
11,0,2026,1,13,1,4,0,10
11,5,2026,1,13,2,5,5,10
11,11,2026,1,13,3,5,2,13
11,18,2026,1,13,4,6,5,14
11,25,2026,1,13,5,3,5,12
11,31,2026,1,13,4,2,1,13
11,36,2026,1,13,3,4,3,14
11,41,2026,1,13,2,5,7,12
11,47,2026,1,13,1,3,7,8
12,0,2026,1,13,1,3,0,11
12,5,2026,1,13,2,5,2,14
12,11,2026,1,13,3,2,3,13
12,18,2026,1,13,4,2,6,9
12,25,2026,1,13,5,3,8,4
12,31,2026,1,13,4,3,0,7
12,36,2026,1,13,3,2,3,6
12,41,2026,1,13,2,3,2,7
12,47,2026,1,13,1,6,3,10
13,0,2026,1,13,1,12,0,22
13,5,2026,1,13,2,5,6,21
13,11,2026,1,13,3,3,8,16
13,18,2026,1,13,4,28,4,40
13,25,2026,1,13,5,3,19,24
13,31,2026,1,13,4,25,3,46
13,36,2026,1,13,3,4,13,37
13,41,2026,1,13,2,3,20,20
13,47,2026,1,13,1,9,10,19
14,0,2026,1,13,1,22,0,41
14,5,2026,1,13,2,6,11,36
14,11,2026,1,13,3,3,13,26
14,18,2026,1,13,4,31,5,52
14,25,2026,1,13,5,2,20,34
14,31,2026,1,13,4,32,1,65
14,36,2026,1,13,3,3,14,54
14,41,2026,1,13,2,2,20,36
14,47,2026,1,13,1,16,14,38
15,0,2026,1,13,1,28,0,66
15,5,2026,1,13,2,5,11,60
15,11,2026,1,13,3,3,20,43
15,18,2026,1,13,4,12,16,39
15,25,2026,1,13,5,3,20,22
15,31,2026,1,13,4,9,1,30
15,36,2026,1,13,3,3,10,23
15,41,2026,1,13,2,6,10,19
15,47,2026,1,13,1,15,12,22
16,0,2026,1,13,1,3,0,25
16,5,2026,1,13,2,3,4,24
16,11,2026,1,13,3,6,8,22
16,18,2026,1,13,4,6,4,24
16,25,2026,1,13,5,3,17,10
16,31,2026,1,13,4,6,0,16
16,36,2026,1,13,3,6,2,20
16,41,2026,1,13,2,5,9,16
16,47,2026,1,13,1,4,8,12
17,0,2026,1,13,1,6,0,18
17,5,2026,1,13,2,4,2,20
17,11,2026,1,13,3,3,2,21
17,18,2026,1,13,4,2,10,13
17,25,2026,1,13,5,5,10,8
17,31,2026,1,13,4,4,2,10
17,36,2026,1,13,3,3,1,12
17,41,2026,1,13,2,4,4,12
17,47,2026,1,13,1,6,5,13
18,0,2026,1,13,1,4,0,17
18,5,2026,1,13,2,3,1,19
18,11,2026,1,13,3,4,4,19
18,18,2026,1,13,4,2,5,16
18,25,2026,1,13,5,3,11,8
18,31,2026,1,13,4,4,1,11
18,36,2026,1,13,3,5,1,15
18,41,2026,1,13,2,3,6,12
18,47,2026,1,13,1,5,5,12
19,0,2026,1,13,1,6,0,18
19,5,2026,1,13,2,2,3,17
19,11,2026,1,13,3,2,6,13
19,18,2026,1,13,4,2,5,10
19,25,2026,1,13,5,2,7,5
19,31,2026,1,13,4,6,1,10
19,36,2026,1,13,3,4,0,14
19,41,2026,1,13,2,6,4,16
19,47,2026,1,13,1,6,7,15
20,0,2026,1,13,1,3,0,18
20,5,2026,1,13,2,6,3,21
20,11,2026,1,13,3,3,4,20
20,18,2026,1,13,4,3,6,17
20,25,2026,1,13,5,6,13,10
20,31,2026,1,13,4,6,1,15
20,36,2026,1,13,3,4,6,13
20,41,2026,1,13,2,2,3,12
20,47,2026,1,13,1,6,6,12
21,0,2026,1,13,1,4,0,16
21,5,2026,1,13,2,6,2,20
21,11,2026,1,13,3,4,4,20
21,18,2026,1,13,4,3,7,16
21,25,2026,1,13,5,4,10,10
21,31,2026,1,13,4,6,2,14
21,36,2026,1,13,3,3,4,13
21,41,2026,1,13,2,5,2,16
21,47,2026,1,13,1,2,10,8
22,0,2026,1,13,1,2,0,10
22,5,2026,1,13,2,4,0,14
22,11,2026,1,13,3,6,7,13
22,18,2026,1,13,4,3,2,14
22,25,2026,1,13,5,3,6,11
22,31,2026,1,13,4,3,0,14
22,36,2026,1,13,3,3,4,13
22,41,2026,1,13,2,6,6,13
22,47,2026,1,13,1,2,6,9
23,0,2026,1,13,1,2,0,11
23,5,2026,1,13,2,6,0,17
23,11,2026,1,13,3,6,6,17
23,18,2026,1,13,4,2,5,14
23,25,2026,1,13,5,4,9,9
23,31,2026,1,13,4,5,1,13
23,36,2026,1,13,3,3,2,14
23,41,2026,1,13,2,4,8,10
23,47,2026,1,13,1,0,10,0
6,0,2026,1,14,1,5,0,5
6,5,2026,1,14,2,15,1,19
6,11,2026,1,14,3,11,6,24
6,18,2026,1,14,4,6,11,19
6,25,2026,1,14,5,10,5,24
6,31,2026,1,14,4,2,1,25
6,36,2026,1,14,3,16,8,33
6,41,2026,1,14,2,12,8,37
6,47,2026,1,14,1,5,9,33
7,0,2026,1,14,1,4,0,37
7,5,2026,1,14,2,13,5,45
7,11,2026,1,14,3,20,5,60
7,18,2026,1,14,4,3,20,43
7,25,2026,1,14,5,22,12,53
7,31,2026,1,14,4,2,14,41
7,36,2026,1,14,3,16,4,53
7,41,2026,1,14,2,10,19,44
7,47,2026,1,14,1,1,20,25
8,0,2026,1,14,1,3,0,28
8,5,2026,1,14,2,9,3,34
8,11,2026,1,14,3,18,3,49
8,18,2026,1,14,4,2,20,31
8,25,2026,1,14,5,5,7,29
8,31,2026,1,14,4,2,3,28
8,36,2026,1,14,3,5,3,30
8,41,2026,1,14,2,18,3,45
8,47,2026,1,14,1,4,20,29
9,0,2026,1,14,1,4,0,33
9,5,2026,1,14,2,4,0,37
9,11,2026,1,14,3,3,6,34
9,18,2026,1,14,4,2,20,16
9,25,2026,1,14,5,6,8,14
9,31,2026,1,14,4,3,1,16
9,36,2026,1,14,3,2,1,17
9,41,2026,1,14,2,2,2,17
9,47,2026,1,14,1,1,17,1
10,0,2026,1,14,1,4,0,5
10,5,2026,1,14,2,2,0,7
10,11,2026,1,14,3,2,0,9
10,18,2026,1,14,4,3,4,8
10,25,2026,1,14,5,2,4,6
10,31,2026,1,14,4,2,0,8
10,36,2026,1,14,3,3,1,10
10,41,2026,1,14,2,6,3,13
10,47,2026,1,14,1,2,8,7
11,0,2026,1,14,1,6,0,13
11,5,2026,1,14,2,5,3,15
11,11,2026,1,14,3,2,5,12
11,18,2026,1,14,4,2,7,7
11,25,2026,1,14,5,3,4,6
11,31,2026,1,14,4,4,2,8
11,36,2026,1,14,3,4,2,10
11,41,2026,1,14,2,4,2,12
11,47,2026,1,14,1,6,6,12
12,0,2026,1,14,1,6,0,18
12,5,2026,1,14,2,5,4,19
12,11,2026,1,14,3,6,7,18
12,18,2026,1,14,4,2,8,12
12,25,2026,1,14,5,2,8,6
12,31,2026,1,14,4,3,0,9
12,36,2026,1,14,3,5,2,12
12,41,2026,1,14,2,3,6,9
12,47,2026,1,14,1,5,5,9
13,0,2026,1,14,1,31,0,40
13,5,2026,1,14,2,3,12,31
13,11,2026,1,14,3,4,7,28
13,18,2026,1,14,4,18,12,34
13,25,2026,1,14,5,5,19,20
13,31,2026,1,14,4,22,2,40
13,36,2026,1,14,3,2,16,26
13,41,2026,1,14,2,6,11,21
13,47,2026,1,14,1,29,8,42
14,0,2026,1,14,1,24,0,66
14,5,2026,1,14,2,4,17,53
14,11,2026,1,14,3,5,19,39
14,18,2026,1,14,4,29,14,54
14,25,2026,1,14,5,4,20,38
14,31,2026,1,14,4,28,0,66
14,36,2026,1,14,3,2,20,48
14,41,2026,1,14,2,2,20,30
14,47,2026,1,14,1,22,17,35
15,0,2026,1,14,1,12,0,47
15,5,2026,1,14,2,5,8,44
15,11,2026,1,14,3,4,13,35
15,18,2026,1,14,4,16,10,41
15,25,2026,1,14,5,5,20,26
15,31,2026,1,14,4,11,0,37
15,36,2026,1,14,3,4,11,30
15,41,2026,1,14,2,3,18,15
15,47,2026,1,14,1,19,8,26
16,0,2026,1,14,1,4,0,30
16,5,2026,1,14,2,6,4,32
16,11,2026,1,14,3,2,8,26
16,18,2026,1,14,4,6,14,18
16,25,2026,1,14,5,6,13,11
16,31,2026,1,14,4,6,0,17
16,36,2026,1,14,3,2,3,16
16,41,2026,1,14,2,4,6,14
16,47,2026,1,14,1,2,9,7
17,0,2026,1,14,1,6,0,13
17,5,2026,1,14,2,4,3,14
17,11,2026,1,14,3,5,1,18
17,18,2026,1,14,4,3,4,17
17,25,2026,1,14,5,5,9,13
17,31,2026,1,14,4,6,0,19
17,36,2026,1,14,3,6,4,21
17,41,2026,1,14,2,6,13,14
17,47,2026,1,14,1,5,9,10
18,0,2026,1,14,1,5,0,15
18,5,2026,1,14,2,6,2,19
18,11,2026,1,14,3,2,9,12
18,18,2026,1,14,4,5,3,14
18,25,2026,1,14,5,2,8,8
18,31,2026,1,14,4,5,0,13
18,36,2026,1,14,3,3,3,13
18,41,2026,1,14,2,6,3,16
18,47,2026,1,14,1,2,5,13
19,0,2026,1,14,1,6,0,19
19,5,2026,1,14,2,5,1,23
19,11,2026,1,14,3,4,4,23
19,18,2026,1,14,4,5,7,21
19,25,2026,1,14,5,2,14,9
19,31,2026,1,14,4,4,1,12
19,36,2026,1,14,3,3,5,10
19,41,2026,1,14,2,2,4,8
19,47,2026,1,14,1,2,6,4
20,0,2026,1,14,1,2,0,6
20,5,2026,1,14,2,6,2,10
20,11,2026,1,14,3,6,2,14
20,18,2026,1,14,4,2,9,7
20,25,2026,1,14,5,5,2,10
20,31,2026,1,14,4,6,3,13
20,36,2026,1,14,3,4,3,14
20,41,2026,1,14,2,5,5,14
20,47,2026,1,14,1,3,8,9
21,0,2026,1,14,1,2,0,11
21,5,2026,1,14,2,3,2,12
21,11,2026,1,14,3,6,1,17
21,18,2026,1,14,4,3,6,14
21,25,2026,1,14,5,2,6,10
21,31,2026,1,14,4,2,1,11
21,36,2026,1,14,3,5,2,14
21,41,2026,1,14,2,3,4,13
21,47,2026,1,14,1,5,7,11
22,0,2026,1,14,1,6,0,17
22,5,2026,1,14,2,2,2,17
22,11,2026,1,14,3,4,5,16
22,18,2026,1,14,4,3,6,13
22,25,2026,1,14,5,5,9,9
22,31,2026,1,14,4,4,3,10
22,36,2026,1,14,3,2,2,10
22,41,2026,1,14,2,3,2,11
22,47,2026,1,14,1,6,6,11
23,0,2026,1,14,1,5,0,16
23,5,2026,1,14,2,6,5,17
23,11,2026,1,14,3,5,4,18
23,18,2026,1,14,4,5,7,16
23,25,2026,1,14,5,3,8,11
23,31,2026,1,14,4,6,1,16
23,36,2026,1,14,3,2,2,16
23,41,2026,1,14,2,6,6,16
23,47,2026,1,14,1,0,16,0
6,0,2026,1,15,1,2,0,2
6,5,2026,1,15,2,5,0,7
6,11,2026,1,15,3,8,2,13
6,18,2026,1,15,4,4,3,14
6,25,2026,1,15,5,22,6,30
6,31,2026,1,15,4,6,5,31
6,36,2026,1,15,3,7,6,32
6,41,2026,1,15,2,15,13,34
6,47,2026,1,15,1,3,10,27
7,0,2026,1,15,1,3,0,30
7,5,2026,1,15,2,17,1,46
7,11,2026,1,15,3,18,3,61
7,18,2026,1,15,4,3,20,44
7,25,2026,1,15,5,10,15,39
7,31,2026,1,15,4,2,10,31
7,36,2026,1,15,3,6,0,37
7,41,2026,1,15,2,21,11,47
7,47,2026,1,15,1,2,20,29
8,0,2026,1,15,1,2,0,31
8,5,2026,1,15,2,18,1,48
8,11,2026,1,15,3,14,4,58
8,18,2026,1,15,4,4,20,42
8,25,2026,1,15,5,18,14,46
8,31,2026,1,15,4,2,18,30
8,36,2026,1,15,3,14,3,41
8,41,2026,1,15,2,11,8,44
8,47,2026,1,15,1,2,20,26
9,0,2026,1,15,1,1,0,27
9,5,2026,1,15,2,5,2,30
9,11,2026,1,15,3,2,1,31
9,18,2026,1,15,4,4,20,15
9,25,2026,1,15,5,4,5,14
9,31,2026,1,15,4,5,2,17
9,36,2026,1,15,3,5,1,21
9,41,2026,1,15,2,4,2,23
9,47,2026,1,15,1,3,20,6
10,0,2026,1,15,1,4,0,10
10,5,2026,1,15,2,6,2,14
10,11,2026,1,15,3,4,7,11
10,18,2026,1,15,4,2,5,8
10,25,2026,1,15,5,2,5,5
10,31,2026,1,15,4,3,0,8
10,36,2026,1,15,3,6,3,11
10,41,2026,1,15,2,5,5,11
10,47,2026,1,15,1,3,4,10
11,0,2026,1,15,1,2,0,12
11,5,2026,1,15,2,3,1,14
11,11,2026,1,15,3,3,3,14
11,18,2026,1,15,4,5,8,11
11,25,2026,1,15,5,3,3,11
11,31,2026,1,15,4,2,2,11
11,36,2026,1,15,3,2,3,10
11,41,2026,1,15,2,5,6,9
11,47,2026,1,15,1,5,2,12
12,0,2026,1,15,1,2,0,14
12,5,2026,1,15,2,3,2,15
12,11,2026,1,15,3,2,6,11
12,18,2026,1,15,4,2,8,5
12,25,2026,1,15,5,5,1,9
12,31,2026,1,15,4,2,0,11
12,36,2026,1,15,3,4,4,11
12,41,2026,1,15,2,4,6,9
12,47,2026,1,15,1,2,2,9
13,0,2026,1,15,1,25,0,34
13,5,2026,1,15,2,2,6,30
13,11,2026,1,15,3,3,13,20
13,18,2026,1,15,4,24,6,38
13,25,2026,1,15,5,6,15,29
13,31,2026,1,15,4,30,0,59
13,36,2026,1,15,3,6,20,45
13,41,2026,1,15,2,5,20,30
13,47,2026,1,15,1,27,13,44
14,0,2026,1,15,1,14,0,58
14,5,2026,1,15,2,6,14,50
14,11,2026,1,15,3,4,15,39
14,18,2026,1,15,4,22,14,47
14,25,2026,1,15,5,3,20,30
14,31,2026,1,15,4,24,2,52
14,36,2026,1,15,3,5,20,37
14,41,2026,1,15,2,2,20,19
14,47,2026,1,15,1,18,10,27
15,0,2026,1,15,1,26,0,53
15,5,2026,1,15,2,2,11,44
15,11,2026,1,15,3,3,17,30
15,18,2026,1,15,4,18,5,43
15,25,2026,1,15,5,2,20,25
15,31,2026,1,15,4,8,0,33
15,36,2026,1,15,3,4,13,24
15,41,2026,1,15,2,4,9,19
15,47,2026,1,15,1,23,12,30
16,0,2026,1,15,1,2,0,32
16,5,2026,1,15,2,4,6,30
16,11,2026,1,15,3,5,10,25
16,18,2026,1,15,4,2,14,13
16,25,2026,1,15,5,5,10,8
16,31,2026,1,15,4,4,1,11
16,36,2026,1,15,3,4,5,10
16,41,2026,1,15,2,3,1,12
16,47,2026,1,15,1,2,8,6
17,0,2026,1,15,1,6,0,12
17,5,2026,1,15,2,4,1,15
17,11,2026,1,15,3,5,7,13
17,18,2026,1,15,4,4,3,14
17,25,2026,1,15,5,4,7,11
17,31,2026,1,15,4,6,3,14
17,36,2026,1,15,3,6,2,18
17,41,2026,1,15,2,6,5,19
17,47,2026,1,15,1,5,11,13
18,0,2026,1,15,1,4,0,17
18,5,2026,1,15,2,5,1,21
18,11,2026,1,15,3,6,7,20
18,18,2026,1,15,4,3,9,14
18,25,2026,1,15,5,3,9,8
18,31,2026,1,15,4,6,0,14
18,36,2026,1,15,3,4,4,14
18,41,2026,1,15,2,5,5,14
18,47,2026,1,15,1,3,8,9
19,0,2026,1,15,1,4,0,13
19,5,2026,1,15,2,3,1,15
19,11,2026,1,15,3,5,4,16
19,18,2026,1,15,4,5,3,18
19,25,2026,1,15,5,6,12,12
19,31,2026,1,15,4,4,1,15
19,36,2026,1,15,3,2,4,13
19,41,2026,1,15,2,4,4,13
19,47,2026,1,15,1,3,9,7
20,0,2026,1,15,1,3,0,10
20,5,2026,1,15,2,5,2,13
20,11,2026,1,15,3,2,4,11
20,18,2026,1,15,4,3,3,11
20,25,2026,1,15,5,4,6,9
20,31,2026,1,15,4,5,2,12
20,36,2026,1,15,3,3,2,13
20,41,2026,1,15,2,5,3,15
20,47,2026,1,15,1,6,7,14
21,0,2026,1,15,1,3,0,17
21,5,2026,1,15,2,4,2,19
21,11,2026,1,15,3,4,1,22
21,18,2026,1,15,4,2,8,16
21,25,2026,1,15,5,5,10,11
21,31,2026,1,15,4,2,1,12
21,36,2026,1,15,3,5,2,15
21,41,2026,1,15,2,6,9,12
21,47,2026,1,15,1,4,4,12
22,0,2026,1,15,1,2,0,14
22,5,2026,1,15,2,6,2,18
22,11,2026,1,15,3,5,2,21
22,18,2026,1,15,4,4,8,17
22,25,2026,1,15,5,5,10,12
22,31,2026,1,15,4,5,0,17
22,36,2026,1,15,3,5,7,15
22,41,2026,1,15,2,5,4,16
22,47,2026,1,15,1,6,8,14
23,0,2026,1,15,1,5,0,19
23,5,2026,1,15,2,3,0,22
23,11,2026,1,15,3,3,3,22
23,18,2026,1,15,4,6,12,16
23,25,2026,1,15,5,3,11,8
23,31,2026,1,15,4,5,0,13
23,36,2026,1,15,3,4,5,12
23,41,2026,1,15,2,4,9,7
23,47,2026,1,15,1,0,7,0
6,0,2026,1,16,1,2,0,2
6,5,2026,1,16,2,5,1,6
6,11,2026,1,16,3,12,2,16
6,18,2026,1,16,4,6,5,17
6,25,2026,1,16,5,5,4,18
6,31,2026,1,16,4,2,0,20
6,36,2026,1,16,3,6,3,23
6,41,2026,1,16,2,10,8,25
6,47,2026,1,16,1,6,9,22
7,0,2026,1,16,1,4,0,26
7,5,2026,1,16,2,10,1,35
7,11,2026,1,16,3,12,5,42
7,18,2026,1,16,4,1,20,23
7,25,2026,1,16,5,13,5,31
7,31,2026,1,16,4,3,7,27
7,36,2026,1,16,3,10,3,34
7,41,2026,1,16,2,17,3,48
7,47,2026,1,16,1,2,20,30
8,0,2026,1,16,1,3,0,33
8,5,2026,1,16,2,17,2,48
8,11,2026,1,16,3,12,7,53
8,18,2026,1,16,4,2,20,35
8,25,2026,1,16,5,11,11,35
8,31,2026,1,16,4,5,9,31
8,36,2026,1,16,3,20,7,44
8,41,2026,1,16,2,20,9,55
8,47,2026,1,16,1,1,20,36
9,0,2026,1,16,1,1,0,37
9,5,2026,1,16,2,3,2,38
9,11,2026,1,16,3,3,6,35
9,18,2026,1,16,4,5,20,20
9,25,2026,1,16,5,5,10,15
9,31,2026,1,16,4,4,2,17
9,36,2026,1,16,3,4,3,18
9,41,2026,1,16,2,6,1,23
9,47,2026,1,16,1,1,20,4
10,0,2026,1,16,1,3,0,7
10,5,2026,1,16,2,5,0,12
10,11,2026,1,16,3,4,2,14
10,18,2026,1,16,4,6,8,12
10,25,2026,1,16,5,3,5,10
10,31,2026,1,16,4,4,2,12
10,36,2026,1,16,3,5,3,14
10,41,2026,1,16,2,5,4,15
10,47,2026,1,16,1,5,9,11
11,0,2026,1,16,1,6,0,17
11,5,2026,1,16,2,6,3,20
11,11,2026,1,16,3,6,6,20
11,18,2026,1,16,4,6,10,16
11,25,2026,1,16,5,4,10,10
11,31,2026,1,16,4,2,1,11
11,36,2026,1,16,3,5,5,11
11,41,2026,1,16,2,5,4,12
11,47,2026,1,16,1,3,6,9
12,0,2026,1,16,1,5,0,14
12,5,2026,1,16,2,2,2,14
12,11,2026,1,16,3,3,4,13
12,18,2026,1,16,4,3,9,7
12,25,2026,1,16,5,3,4,6
12,31,2026,1,16,4,3,1,8
12,36,2026,1,16,3,3,0,11
12,41,2026,1,16,2,6,4,13
12,47,2026,1,16,1,6,6,13
13,0,2026,1,16,1,31,0,44
13,5,2026,1,16,2,5,10,39
13,11,2026,1,16,3,3,14,28
13,18,2026,1,16,4,19,12,35
13,25,2026,1,16,5,6,17,24
13,31,2026,1,16,4,16,1,39
13,36,2026,1,16,3,4,12,31
13,41,2026,1,16,2,2,16,17
13,47,2026,1,16,1,13,9,21
14,0,2026,1,16,1,28,0,49
14,5,2026,1,16,2,5,9,45
14,11,2026,1,16,3,3,16,32
14,18,2026,1,16,4,23,10,45
14,25,2026,1,16,5,3,20,28
14,31,2026,1,16,4,31,0,59
14,36,2026,1,16,3,2,19,42
14,41,2026,1,16,2,5,20,27
14,47,2026,1,16,1,14,14,27
15,0,2026,1,16,1,10,0,37
15,5,2026,1,16,2,4,4,37
15,11,2026,1,16,3,2,14,25
15,18,2026,1,16,4,17,5,37
15,25,2026,1,16,5,5,20,22
15,31,2026,1,16,4,17,1,38
15,36,2026,1,16,3,5,8,35
15,41,2026,1,16,2,3,17,21
15,47,2026,1,16,1,12,7,26
16,0,2026,1,16,1,5,0,31
16,5,2026,1,16,2,2,2,31
16,11,2026,1,16,3,6,5,32
16,18,2026,1,16,4,4,10,26
16,25,2026,1,16,5,4,17,13
16,31,2026,1,16,4,4,2,15
16,36,2026,1,16,3,3,2,16
16,41,2026,1,16,2,4,7,13
16,47,2026,1,16,1,3,8,8
17,0,2026,1,16,1,2,0,10
17,5,2026,1,16,2,5,1,14
17,11,2026,1,16,3,5,5,14
17,18,2026,1,16,4,6,5,15
17,25,2026,1,16,5,6,6,15
17,31,2026,1,16,4,3,1,17
17,36,2026,1,16,3,2,4,15
17,41,2026,1,16,2,2,7,10
17,47,2026,1,16,1,3,7,6
18,0,2026,1,16,1,2,0,8
18,5,2026,1,16,2,2,2,8
18,11,2026,1,16,3,4,2,10
18,18,2026,1,16,4,4,4,10
18,25,2026,1,16,5,5,5,10
18,31,2026,1,16,4,3,2,11
18,36,2026,1,16,3,3,2,12
18,41,2026,1,16,2,4,6,10
18,47,2026,1,16,1,6,5,11
19,0,2026,1,16,1,4,0,15
19,5,2026,1,16,2,3,0,18
19,11,2026,1,16,3,6,2,22
19,18,2026,1,16,4,3,8,17
19,25,2026,1,16,5,6,9,14
19,31,2026,1,16,4,5,1,18
19,36,2026,1,16,3,5,5,18
19,41,2026,1,16,2,2,11,9
19,47,2026,1,16,1,5,6,8
20,0,2026,1,16,1,2,0,10
20,5,2026,1,16,2,5,1,14
20,11,2026,1,16,3,5,5,14
20,18,2026,1,16,4,4,5,13
20,25,2026,1,16,5,4,7,10
20,31,2026,1,16,4,2,2,10
20,36,2026,1,16,3,5,4,11
20,41,2026,1,16,2,4,3,12
20,47,2026,1,16,1,4,4,12
21,0,2026,1,16,1,2,0,14
21,5,2026,1,16,2,5,0,19
21,11,2026,1,16,3,5,5,19
21,18,2026,1,16,4,3,4,18
21,25,2026,1,16,5,2,10,10
21,31,2026,1,16,4,2,1,11
21,36,2026,1,16,3,5,2,14
21,41,2026,1,16,2,5,6,13
21,47,2026,1,16,1,6,7,12
22,0,2026,1,16,1,3,0,15
22,5,2026,1,16,2,5,4,16
22,11,2026,1,16,3,3,5,14
22,18,2026,1,16,4,5,10,9
22,25,2026,1,16,5,4,3,10
22,31,2026,1,16,4,5,1,14
22,36,2026,1,16,3,2,6,10
22,41,2026,1,16,2,6,3,13
22,47,2026,1,16,1,4,9,8
23,0,2026,1,16,1,5,0,13
23,5,2026,1,16,2,5,3,15
23,11,2026,1,16,3,3,1,17
23,18,2026,1,16,4,5,5,17
23,25,2026,1,16,5,4,12,9
23,31,2026,1,16,4,2,3,8
23,36,2026,1,16,3,5,2,11
23,41,2026,1,16,2,6,9,8
23,47,2026,1,16,1,0,8,0
6,0,2026,1,17,1,6,0,6
6,5,2026,1,17,2,12,2,16
6,11,2026,1,17,3,9,5,20
6,18,2026,1,17,4,5,6,19
6,25,2026,1,17,5,13,6,26
6,31,2026,1,17,4,4,1,29
6,36,2026,1,17,3,6,5,30
6,41,2026,1,17,2,12,16,26
6,47,2026,1,17,1,3,12,17
7,0,2026,1,17,1,2,0,19
7,5,2026,1,17,2,13,0,32
7,11,2026,1,17,3,21,0,53
7,18,2026,1,17,4,5,20,38
7,25,2026,1,17,5,5,9,34
7,31,2026,1,17,4,1,5,30
7,36,2026,1,17,3,17,3,44
7,41,2026,1,17,2,21,8,57
7,47,2026,1,17,1,2,20,39
8,0,2026,1,17,1,2,0,41
8,5,2026,1,17,2,6,2,45
8,11,2026,1,17,3,13,4,54
8,18,2026,1,17,4,3,20,37
8,25,2026,1,17,5,14,16,35
8,31,2026,1,17,4,3,10,28
8,36,2026,1,17,3,18,3,43
8,41,2026,1,17,2,6,6,43
8,47,2026,1,17,1,3,20,26
9,0,2026,1,17,1,2,0,28
9,5,2026,1,17,2,6,1,33
9,11,2026,1,17,3,3,1,35
9,18,2026,1,17,4,1,20,16
9,25,2026,1,17,5,6,9,13
9,31,2026,1,17,4,2,3,12
9,36,2026,1,17,3,3,0,15
9,41,2026,1,17,2,4,2,17
9,47,2026,1,17,1,4,17,4
10,0,2026,1,17,1,4,0,8
10,5,2026,1,17,2,4,2,10
10,11,2026,1,17,3,6,1,15
10,18,2026,1,17,4,6,4,17
10,25,2026,1,17,5,2,8,11
10,31,2026,1,17,4,6,0,17
10,36,2026,1,17,3,2,2,17
10,41,2026,1,17,2,3,8,12
10,47,2026,1,17,1,5,9,8
11,0,2026,1,17,1,2,0,10
11,5,2026,1,17,2,6,1,15
11,11,2026,1,17,3,4,6,13
11,18,2026,1,17,4,6,4,15
11,25,2026,1,17,5,3,8,10
11,31,2026,1,17,4,5,0,15
11,36,2026,1,17,3,6,2,19
11,41,2026,1,17,2,2,6,15
11,47,2026,1,17,1,5,7,13
12,0,2026,1,17,1,6,0,19
12,5,2026,1,17,2,6,2,23
12,11,2026,1,17,3,5,4,24
12,18,2026,1,17,4,2,6,20
12,25,2026,1,17,5,2,13,9
12,31,2026,1,17,4,2,1,10
12,36,2026,1,17,3,2,0,12
12,41,2026,1,17,2,4,4,12
12,47,2026,1,17,1,3,7,8
13,0,2026,1,17,1,27,0,35
13,5,2026,1,17,2,3,8,30
13,11,2026,1,17,3,4,13,21
13,18,2026,1,17,4,11,10,22
13,25,2026,1,17,5,4,13,13
13,31,2026,1,17,4,11,0,24
13,36,2026,1,17,3,4,3,25
13,41,2026,1,17,2,3,10,18
13,47,2026,1,17,1,27,8,37
14,0,2026,1,17,1,20,0,57
14,5,2026,1,17,2,6,13,50
14,11,2026,1,17,3,2,15,37
14,18,2026,1,17,4,21,13,45
14,25,2026,1,17,5,4,20,29
14,31,2026,1,17,4,7,0,36
14,36,2026,1,17,3,4,11,29
14,41,2026,1,17,2,5,15,19
14,47,2026,1,17,1,13,14,18
15,0,2026,1,17,1,30,0,48
15,5,2026,1,17,2,6,15,39
15,11,2026,1,17,3,3,20,22
15,18,2026,1,17,4,10,5,27
15,25,2026,1,17,5,5,15,17
15,31,2026,1,17,4,19,1,35
15,36,2026,1,17,3,6,12,29
15,41,2026,1,17,2,4,12,21
15,47,2026,1,17,1,18,7,32
16,0,2026,1,17,1,4,0,36
16,5,2026,1,17,2,4,7,33
16,11,2026,1,17,3,5,9,29
16,18,2026,1,17,4,5,7,27
16,25,2026,1,17,5,6,20,13
16,31,2026,1,17,4,6,0,19
16,36,2026,1,17,3,4,4,19
16,41,2026,1,17,2,6,6,19
16,47,2026,1,17,1,6,8,17
17,0,2026,1,17,1,5,0,22
17,5,2026,1,17,2,5,3,24
17,11,2026,1,17,3,5,4,25
17,18,2026,1,17,4,4,5,24
17,25,2026,1,17,5,5,17,12
17,31,2026,1,17,4,6,1,17
17,36,2026,1,17,3,3,3,17
17,41,2026,1,17,2,6,6,17
17,47,2026,1,17,1,3,9,11
18,0,2026,1,17,1,2,0,13
18,5,2026,1,17,2,6,0,19
18,11,2026,1,17,3,5,4,20
18,18,2026,1,17,4,4,4,20
18,25,2026,1,17,5,6,14,12
18,31,2026,1,17,4,4,2,14
18,36,2026,1,17,3,5,4,15
18,41,2026,1,17,2,4,5,14
18,47,2026,1,17,1,3,9,8
19,0,2026,1,17,1,2,0,10
19,5,2026,1,17,2,5,1,14
19,11,2026,1,17,3,3,2,15
19,18,2026,1,17,4,6,6,15
19,25,2026,1,17,5,2,10,7
19,31,2026,1,17,4,2,0,9
19,36,2026,1,17,3,3,3,9
19,41,2026,1,17,2,5,2,12
19,47,2026,1,17,1,5,8,9
20,0,2026,1,17,1,2,0,11
20,5,2026,1,17,2,6,4,13
20,11,2026,1,17,3,3,2,14
20,18,2026,1,17,4,6,7,13
20,25,2026,1,17,5,6,3,16
20,31,2026,1,17,4,3,1,18
20,36,2026,1,17,3,2,3,17
20,41,2026,1,17,2,6,8,15
20,47,2026,1,17,1,3,10,8
21,0,2026,1,17,1,5,0,13
21,5,2026,1,17,2,4,2,15
21,11,2026,1,17,3,6,5,16
21,18,2026,1,17,4,3,5,14
21,25,2026,1,17,5,2,7,9
21,31,2026,1,17,4,6,1,14
21,36,2026,1,17,3,2,5,11
21,41,2026,1,17,2,5,6,10
21,47,2026,1,17,1,5,4,11
22,0,2026,1,17,1,6,0,17
22,5,2026,1,17,2,4,4,17
22,11,2026,1,17,3,5,4,18
22,18,2026,1,17,4,4,11,11
22,25,2026,1,17,5,2,6,7
22,31,2026,1,17,4,2,1,8
22,36,2026,1,17,3,2,4,6
22,41,2026,1,17,2,3,2,7
22,47,2026,1,17,1,3,5,5
23,0,2026,1,17,1,2,0,7
23,5,2026,1,17,2,2,0,9
23,11,2026,1,17,3,4,2,11
23,18,2026,1,17,4,2,7,6
23,25,2026,1,17,5,6,4,8
23,31,2026,1,17,4,6,1,13
23,36,2026,1,17,3,3,4,12
23,41,2026,1,17,2,6,5,13
23,47,2026,1,17,1,0,13,0
6,0,2026,1,18,1,4,0,4
6,5,2026,1,18,2,19,2,21
6,11,2026,1,18,3,17,3,35
6,18,2026,1,18,4,4,13,26
6,25,2026,1,18,5,21,12,35
6,31,2026,1,18,4,6,3,38
6,36,2026,1,18,3,16,7,47
6,41,2026,1,18,2,21,17,51
6,47,2026,1,18,1,4,20,35
7,0,2026,1,18,1,2,0,37
7,5,2026,1,18,2,13,1,49
7,11,2026,1,18,3,8,8,49
7,18,2026,1,18,4,4,20,33
7,25,2026,1,18,5,8,12,29
7,31,2026,1,18,4,1,5,25
7,36,2026,1,18,3,15,1,39
7,41,2026,1,18,2,13,6,46
7,47,2026,1,18,1,2,20,28
8,0,2026,1,18,1,1,0,29
8,5,2026,1,18,2,11,2,38
8,11,2026,1,18,3,15,3,50
8,18,2026,1,18,4,2,20,32
8,25,2026,1,18,5,9,5,36
8,31,2026,1,18,4,3,7,32
8,36,2026,1,18,3,6,1,37
8,41,2026,1,18,2,5,12,30
8,47,2026,1,18,1,3,20,13
9,0,2026,1,18,1,1,0,14
9,5,2026,1,18,2,3,0,17
9,11,2026,1,18,3,5,1,21
9,18,2026,1,18,4,2,16,7
9,25,2026,1,18,5,2,4,5
9,31,2026,1,18,4,2,1,6
9,36,2026,1,18,3,5,0,11
9,41,2026,1,18,2,3,1,13
9,47,2026,1,18,1,1,12,2
10,0,2026,1,18,1,4,0,6
10,5,2026,1,18,2,6,0,12
10,11,2026,1,18,3,5,4,13
10,18,2026,1,18,4,3,4,12
10,25,2026,1,18,5,6,5,13
10,31,2026,1,18,4,6,0,19
10,36,2026,1,18,3,2,5,16
10,41,2026,1,18,2,4,8,12
10,47,2026,1,18,1,6,7,11
11,0,2026,1,18,1,6,0,17
11,5,2026,1,18,2,5,3,19
11,11,2026,1,18,3,3,3,19
11,18,2026,1,18,4,6,9,16
11,25,2026,1,18,5,4,9,11
11,31,2026,1,18,4,4,1,14
11,36,2026,1,18,3,6,7,13
11,41,2026,1,18,2,4,4,13
11,47,2026,1,18,1,2,6,9
12,0,2026,1,18,1,3,0,12
12,5,2026,1,18,2,3,1,14
12,11,2026,1,18,3,5,5,14
12,18,2026,1,18,4,6,4,16
12,25,2026,1,18,5,3,4,15
12,31,2026,1,18,4,6,0,21
12,36,2026,1,18,3,3,5,19
12,41,2026,1,18,2,6,10,15
12,47,2026,1,18,1,3,9,9
13,0,2026,1,18,1,20,0,29
13,5,2026,1,18,2,6,7,28
13,11,2026,1,18,3,3,7,24
13,18,2026,1,18,4,9,7,26
13,25,2026,1,18,5,6,18,14
13,31,2026,1,18,4,16,0,30
13,36,2026,1,18,3,6,9,27
13,41,2026,1,18,2,6,12,21
13,47,2026,1,18,1,10,8,23
14,0,2026,1,18,1,17,0,40
14,5,2026,1,18,2,2,6,36
14,11,2026,1,18,3,5,11,30
14,18,2026,1,18,4,10,8,32
14,25,2026,1,18,5,5,20,17
14,31,2026,1,18,4,26,2,41
14,36,2026,1,18,3,4,13,32
14,41,2026,1,18,2,5,14,23
14,47,2026,1,18,1,23,9,37
15,0,2026,1,18,1,8,0,45
15,5,2026,1,18,2,3,9,39
15,11,2026,1,18,3,5,13,31
15,18,2026,1,18,4,17,11,37
15,25,2026,1,18,5,5,20,22
15,31,2026,1,18,4,12,1,33
15,36,2026,1,18,3,4,10,27
15,41,2026,1,18,2,5,15,17
15,47,2026,1,18,1,24,8,33
16,0,2026,1,18,1,6,0,39
16,5,2026,1,18,2,6,11,34
16,11,2026,1,18,3,3,10,27
16,18,2026,1,18,4,6,11,22
16,25,2026,1,18,5,6,15,13
16,31,2026,1,18,4,2,0,15
16,36,2026,1,18,3,4,4,15
16,41,2026,1,18,2,4,5,14
16,47,2026,1,18,1,4,11,7
17,0,2026,1,18,1,3,0,10
17,5,2026,1,18,2,6,2,14
17,11,2026,1,18,3,4,2,16
17,18,2026,1,18,4,4,5,15
17,25,2026,1,18,5,5,10,10
17,31,2026,1,18,4,2,3,9
17,36,2026,1,18,3,5,2,12
17,41,2026,1,18,2,2,4,10
17,47,2026,1,18,1,3,6,7
18,0,2026,1,18,1,2,0,9
18,5,2026,1,18,2,5,1,13
18,11,2026,1,18,3,2,2,13
18,18,2026,1,18,4,3,8,8
18,25,2026,1,18,5,5,3,10
18,31,2026,1,18,4,2,0,12
18,36,2026,1,18,3,6,2,16
18,41,2026,1,18,2,4,8,12
18,47,2026,1,18,1,2,7,7
19,0,2026,1,18,1,6,0,13
19,5,2026,1,18,2,2,2,13
19,11,2026,1,18,3,4,2,15
19,18,2026,1,18,4,4,11,8
19,25,2026,1,18,5,5,4,9
19,31,2026,1,18,4,4,1,12
19,36,2026,1,18,3,5,0,17
19,41,2026,1,18,2,6,10,13
19,47,2026,1,18,1,3,7,9
20,0,2026,1,18,1,5,0,14
20,5,2026,1,18,2,5,6,13
20,11,2026,1,18,3,5,4,14
20,18,2026,1,18,4,4,3,15
20,25,2026,1,18,5,2,10,7
20,31,2026,1,18,4,5,0,12
20,36,2026,1,18,3,5,1,16
20,41,2026,1,18,2,6,6,16
20,47,2026,1,18,1,3,6,13
21,0,2026,1,18,1,2,0,15
21,5,2026,1,18,2,3,1,17
21,11,2026,1,18,3,4,2,19
21,18,2026,1,18,4,3,11,11
21,25,2026,1,18,5,6,7,10
21,31,2026,1,18,4,6,3,13
21,36,2026,1,18,3,3,3,13
21,41,2026,1,18,2,5,5,13
21,47,2026,1,18,1,6,5,14
22,0,2026,1,18,1,3,0,17
22,5,2026,1,18,2,3,2,18
22,11,2026,1,18,3,3,4,17
22,18,2026,1,18,4,5,8,14
22,25,2026,1,18,5,6,7,13
22,31,2026,1,18,4,6,3,16
22,36,2026,1,18,3,4,4,16
22,41,2026,1,18,2,6,8,14
22,47,2026,1,18,1,4,9,9
23,0,2026,1,18,1,2,0,11
23,5,2026,1,18,2,3,2,12
23,11,2026,1,18,3,3,5,10
23,18,2026,1,18,4,2,2,10
23,25,2026,1,18,5,3,5,8
23,31,2026,1,18,4,6,0,14
23,36,2026,1,18,3,4,5,13
23,41,2026,1,18,2,2,9,6
23,47,2026,1,18,1,0,6,0
6,0,2026,1,19,1,3,0,3
6,5,2026,1,19,2,21,1,23
6,11,2026,1,19,3,8,6,25
6,18,2026,1,19,4,6,6,25
6,25,2026,1,19,5,11,11,25
6,31,2026,1,19,4,4,3,26
6,36,2026,1,19,3,15,6,35
6,41,2026,1,19,2,11,8,38
6,47,2026,1,19,1,4,14,28
7,0,2026,1,19,1,1,0,29
7,5,2026,1,19,2,21,0,50
7,11,2026,1,19,3,18,5,63
7,18,2026,1,19,4,5,20,48
7,25,2026,1,19,5,19,19,48
7,31,2026,1,19,4,4,16,36
7,36,2026,1,19,3,20,2,54
7,41,2026,1,19,2,8,12,50
7,47,2026,1,19,1,4,20,34
8,0,2026,1,19,1,3,0,37
8,5,2026,1,19,2,18,4,51
8,11,2026,1,19,3,22,8,65
8,18,2026,1,19,4,2,20,47
8,25,2026,1,19,5,20,20,47
8,31,2026,1,19,4,3,18,32
8,36,2026,1,19,3,12,3,41
8,41,2026,1,19,2,22,11,52
8,47,2026,1,19,1,1,20,33
9,0,2026,1,19,1,2,0,35
9,5,2026,1,19,2,6,0,41
9,11,2026,1,19,3,5,12,34
9,18,2026,1,19,4,3,20,17
9,25,2026,1,19,5,2,7,12
9,31,2026,1,19,4,4,0,16
9,36,2026,1,19,3,2,1,17
9,41,2026,1,19,2,6,1,22
9,47,2026,1,19,1,1,20,3
10,0,2026,1,19,1,3,0,6
10,5,2026,1,19,2,2,0,8
10,11,2026,1,19,3,6,0,14
10,18,2026,1,19,4,4,6,12
10,25,2026,1,19,5,5,7,10
10,31,2026,1,19,4,2,0,12
10,36,2026,1,19,3,5,2,15
10,41,2026,1,19,2,6,7,14
10,47,2026,1,19,1,4,7,11
11,0,2026,1,19,1,6,0,17
11,5,2026,1,19,2,4,4,17
11,11,2026,1,19,3,3,2,18
11,18,2026,1,19,4,4,5,17
11,25,2026,1,19,5,2,10,9
11,31,2026,1,19,4,3,1,11
11,36,2026,1,19,3,6,3,14
11,41,2026,1,19,2,4,4,14
11,47,2026,1,19,1,5,6,13
12,0,2026,1,19,1,4,0,17
12,5,2026,1,19,2,2,1,18
12,11,2026,1,19,3,4,8,14
12,18,2026,1,19,4,4,3,15
12,25,2026,1,19,5,5,9,11
12,31,2026,1,19,4,5,0,16
12,36,2026,1,19,3,5,9,12
12,41,2026,1,19,2,3,3,12
12,47,2026,1,19,1,6,8,10
13,0,2026,1,19,1,28,0,38
13,5,2026,1,19,2,6,11,33
13,11,2026,1,19,3,3,15,21
13,18,2026,1,19,4,20,12,29
13,25,2026,1,19,5,3,11,21
13,31,2026,1,19,4,30,0,51
13,36,2026,1,19,3,4,17,38
13,41,2026,1,19,2,4,20,22
13,47,2026,1,19,1,10,9,23
14,0,2026,1,19,1,13,0,36
14,5,2026,1,19,2,2,8,30
14,11,2026,1,19,3,4,11,23
14,18,2026,1,19,4,19,3,39
14,25,2026,1,19,5,5,20,24
14,31,2026,1,19,4,16,3,37
14,36,2026,1,19,3,5,12,30
14,41,2026,1,19,2,6,18,18
14,47,2026,1,19,1,28,10,36
15,0,2026,1,19,1,18,0,54
15,5,2026,1,19,2,6,10,50
15,11,2026,1,19,3,5,17,38
15,18,2026,1,19,4,26,18,46
15,25,2026,1,19,5,4,20,30
15,31,2026,1,19,4,22,0,52
15,36,2026,1,19,3,3,18,37
15,41,2026,1,19,2,5,19,23
15,47,2026,1,19,1,29,11,41
16,0,2026,1,19,1,6,0,47
16,5,2026,1,19,2,4,8,43
16,11,2026,1,19,3,5,16,32
16,18,2026,1,19,4,6,15,23
16,25,2026,1,19,5,4,14,13
16,31,2026,1,19,4,4,1,16
16,36,2026,1,19,3,3,0,19
16,41,2026,1,19,2,3,7,15
16,47,2026,1,19,1,2,8,9
17,0,2026,1,19,1,3,0,12
17,5,2026,1,19,2,4,1,15
17,11,2026,1,19,3,2,4,13
17,18,2026,1,19,4,4,4,13
17,25,2026,1,19,5,6,9,10
17,31,2026,1,19,4,2,1,11
17,36,2026,1,19,3,3,3,11
17,41,2026,1,19,2,6,4,13
17,47,2026,1,19,1,3,6,10
18,0,2026,1,19,1,5,0,15
18,5,2026,1,19,2,3,2,16
18,11,2026,1,19,3,6,2,20
18,18,2026,1,19,4,5,6,19
18,25,2026,1,19,5,6,11,14
18,31,2026,1,19,4,3,2,15
18,36,2026,1,19,3,4,3,16
18,41,2026,1,19,2,4,4,16
18,47,2026,1,19,1,3,8,11
19,0,2026,1,19,1,2,0,13
19,5,2026,1,19,2,2,1,14
19,11,2026,1,19,3,2,4,12
19,18,2026,1,19,4,5,6,11
19,25,2026,1,19,5,3,7,7
19,31,2026,1,19,4,4,2,9
19,36,2026,1,19,3,3,2,10
19,41,2026,1,19,2,2,2,10
19,47,2026,1,19,1,5,5,10
20,0,2026,1,19,1,6,0,16
20,5,2026,1,19,2,2,4,14
20,11,2026,1,19,3,4,6,12
20,18,2026,1,19,4,4,2,14
20,25,2026,1,19,5,2,8,8
20,31,2026,1,19,4,5,0,13
20,36,2026,1,19,3,5,1,17
20,41,2026,1,19,2,2,5,14
20,47,2026,1,19,1,6,9,11
21,0,2026,1,19,1,3,0,14
21,5,2026,1,19,2,4,2,16
21,11,2026,1,19,3,3,2,17
21,18,2026,1,19,4,4,4,17
21,25,2026,1,19,5,2,9,10
21,31,2026,1,19,4,3,1,12
21,36,2026,1,19,3,3,1,14
21,41,2026,1,19,2,4,5,13
21,47,2026,1,19,1,5,7,11
22,0,2026,1,19,1,5,0,16
22,5,2026,1,19,2,2,2,16
22,11,2026,1,19,3,4,3,17
22,18,2026,1,19,4,3,5,15
22,25,2026,1,19,5,5,9,11
22,31,2026,1,19,4,6,2,15
22,36,2026,1,19,3,5,3,17
22,41,2026,1,19,2,6,7,16
22,47,2026,1,19,1,6,10,12
23,0,2026,1,19,1,2,0,14
23,5,2026,1,19,2,3,3,14
23,11,2026,1,19,3,4,4,14
23,18,2026,1,19,4,4,8,10
23,25,2026,1,19,5,2,6,6
23,31,2026,1,19,4,2,1,7
23,36,2026,1,19,3,5,1,11
23,41,2026,1,19,2,6,5,12
23,47,2026,1,19,1,0,12,0
6,0,2026,1,20,1,3,0,3
6,5,2026,1,20,2,7,2,8
6,11,2026,1,20,3,14,3,19
6,18,2026,1,20,4,6,8,17
6,25,2026,1,20,5,17,6,28
6,31,2026,1,20,4,5,2,31
6,36,2026,1,20,3,7,9,29
6,41,2026,1,20,2,8,11,26
6,47,2026,1,20,1,5,13,18
7,0,2026,1,20,1,3,0,21
7,5,2026,1,20,2,17,0,38
7,11,2026,1,20,3,18,4,52
7,18,2026,1,20,4,4,20,36
7,25,2026,1,20,5,11,10,37
7,31,2026,1,20,4,3,8,32
7,36,2026,1,20,3,10,7,35
7,41,2026,1,20,2,21,7,49
7,47,2026,1,20,1,3,20,32
8,0,2026,1,20,1,3,0,35
8,5,2026,1,20,2,11,3,43
8,11,2026,1,20,3,14,7,50
8,18,2026,1,20,4,4,20,34
8,25,2026,1,20,5,7,12,29
8,31,2026,1,20,4,3,6,26
8,36,2026,1,20,3,13,3,36
8,41,2026,1,20,2,18,3,51
8,47,2026,1,20,1,2,20,33
9,0,2026,1,20,1,3,0,36
9,5,2026,1,20,2,2,1,37
9,11,2026,1,20,3,3,8,32
9,18,2026,1,20,4,4,20,16
9,25,2026,1,20,5,6,8,14
9,31,2026,1,20,4,3,2,15
9,36,2026,1,20,3,6,0,21
9,41,2026,1,20,2,2,1,22
9,47,2026,1,20,1,2,20,4
10,0,2026,1,20,1,2,0,6
10,5,2026,1,20,2,2,2,6
10,11,2026,1,20,3,5,1,10
10,18,2026,1,20,4,3,3,10
10,25,2026,1,20,5,4,6,8
10,31,2026,1,20,4,3,2,9
10,36,2026,1,20,3,4,3,10
10,41,2026,1,20,2,4,2,12
10,47,2026,1,20,1,4,6,10
11,0,2026,1,20,1,6,0,16
11,5,2026,1,20,2,6,2,20
11,11,2026,1,20,3,6,6,20
11,18,2026,1,20,4,2,9,13
11,25,2026,1,20,5,5,6,12
11,31,2026,1,20,4,4,2,14
11,36,2026,1,20,3,3,3,14
11,41,2026,1,20,2,3,5,12
11,47,2026,1,20,1,4,8,8
12,0,2026,1,20,1,4,0,12
12,5,2026,1,20,2,6,2,16
12,11,2026,1,20,3,5,3,18
12,18,2026,1,20,4,3,2,19
12,25,2026,1,20,5,2,10,11
12,31,2026,1,20,4,5,2,14
12,36,2026,1,20,3,5,3,16
12,41,2026,1,20,2,5,5,16
12,47,2026,1,20,1,2,8,10
13,0,2026,1,20,1,16,0,26
13,5,2026,1,20,2,3,4,25
13,11,2026,1,20,3,3,6,22
13,18,2026,1,20,4,27,5,44
13,25,2026,1,20,5,5,20,29
13,31,2026,1,20,4,14,1,42
13,36,2026,1,20,3,6,13,35
13,41,2026,1,20,2,3,20,18
13,47,2026,1,20,1,18,8,28
14,0,2026,1,20,1,20,0,48
14,5,2026,1,20,2,5,10,43
14,11,2026,1,20,3,3,9,37
14,18,2026,1,20,4,27,14,50
14,25,2026,1,20,5,3,20,33
14,31,2026,1,20,4,12,0,45
14,36,2026,1,20,3,4,17,32
14,41,2026,1,20,2,4,15,21
14,47,2026,1,20,1,31,13,39
15,0,2026,1,20,1,27,0,66
15,5,2026,1,20,2,5,15,56
15,11,2026,1,20,3,3,20,39
15,18,2026,1,20,4,30,16,53
15,25,2026,1,20,5,3,20,36
15,31,2026,1,20,4,9,0,45
15,36,2026,1,20,3,4,20,29
15,41,2026,1,20,2,2,13,18
15,47,2026,1,20,1,17,12,23
16,0,2026,1,20,1,2,0,25
16,5,2026,1,20,2,4,6,23
16,11,2026,1,20,3,4,5,22
16,18,2026,1,20,4,3,12,13
16,25,2026,1,20,5,5,9,9
16,31,2026,1,20,4,2,3,8
16,36,2026,1,20,3,5,1,12
16,41,2026,1,20,2,4,1,15
16,47,2026,1,20,1,6,6,15
17,0,2026,1,20,1,5,0,20
17,5,2026,1,20,2,6,2,24
17,11,2026,1,20,3,5,3,26
17,18,2026,1,20,4,3,9,20
17,25,2026,1,20,5,4,14,10
17,31,2026,1,20,4,5,0,15
17,36,2026,1,20,3,6,2,19
17,41,2026,1,20,2,4,9,14
17,47,2026,1,20,1,2,6,10
18,0,2026,1,20,1,2,0,12
18,5,2026,1,20,2,2,1,13
18,11,2026,1,20,3,6,1,18
18,18,2026,1,20,4,5,6,17
18,25,2026,1,20,5,4,10,11
18,31,2026,1,20,4,2,0,13
18,36,2026,1,20,3,3,2,14
18,41,2026,1,20,2,4,9,9
18,47,2026,1,20,1,4,3,10
19,0,2026,1,20,1,3,0,13
19,5,2026,1,20,2,3,4,12
19,11,2026,1,20,3,5,4,13
19,18,2026,1,20,4,3,5,11
19,25,2026,1,20,5,6,5,12
19,31,2026,1,20,4,5,2,15
19,36,2026,1,20,3,6,4,17
19,41,2026,1,20,2,5,9,13
19,47,2026,1,20,1,4,7,10
20,0,2026,1,20,1,2,0,12
20,5,2026,1,20,2,4,1,15
20,11,2026,1,20,3,4,4,15
20,18,2026,1,20,4,5,7,13
20,25,2026,1,20,5,5,4,14
20,31,2026,1,20,4,4,3,15
20,36,2026,1,20,3,4,3,16
20,41,2026,1,20,2,2,3,15
20,47,2026,1,20,1,3,7,11
21,0,2026,1,20,1,2,0,13
21,5,2026,1,20,2,2,2,13
21,11,2026,1,20,3,4,3,14
21,18,2026,1,20,4,6,5,15
21,25,2026,1,20,5,4,10,9
21,31,2026,1,20,4,2,0,11
21,36,2026,1,20,3,5,3,13
21,41,2026,1,20,2,4,6,11
21,47,2026,1,20,1,6,5,12
22,0,2026,1,20,1,3,0,15
22,5,2026,1,20,2,4,0,19
22,11,2026,1,20,3,3,4,18
22,18,2026,1,20,4,5,5,18
22,25,2026,1,20,5,2,15,5
22,31,2026,1,20,4,2,1,6
22,36,2026,1,20,3,4,2,8
22,41,2026,1,20,2,6,3,11
22,47,2026,1,20,1,2,4,9
23,0,2026,1,20,1,2,0,11
23,5,2026,1,20,2,6,0,17
23,11,2026,1,20,3,4,4,17
23,18,2026,1,20,4,5,5,17
23,25,2026,1,20,5,3,8,12
23,31,2026,1,20,4,6,1,17
23,36,2026,1,20,3,4,6,15
23,41,2026,1,20,2,5,4,16
23,47,2026,1,20,1,0,16,0
6,0,2026,1,21,1,6,0,6
6,5,2026,1,21,2,14,1,19
6,11,2026,1,21,3,7,4,22
6,18,2026,1,21,4,4,4,22
6,25,2026,1,21,5,19,10,31
6,31,2026,1,21,4,3,8,26
6,36,2026,1,21,3,21,4,43
6,41,2026,1,21,2,16,8,51
6,47,2026,1,21,1,4,17,38
7,0,2026,1,21,1,1,0,39
7,5,2026,1,21,2,16,0,55
7,11,2026,1,21,3,11,15,51
7,18,2026,1,21,4,2,20,33
7,25,2026,1,21,5,17,12,38
7,31,2026,1,21,4,3,10,31
7,36,2026,1,21,3,9,3,37
7,41,2026,1,21,2,10,10,37
7,47,2026,1,21,1,2,20,19
8,0,2026,1,21,1,3,0,22
8,5,2026,1,21,2,11,0,33
8,11,2026,1,21,3,21,4,50
8,18,2026,1,21,4,2,20,32
8,25,2026,1,21,5,18,8,42
8,31,2026,1,21,4,4,15,31
8,36,2026,1,21,3,22,4,49
8,41,2026,1,21,2,17,9,57
8,47,2026,1,21,1,2,20,39
9,0,2026,1,21,1,3,0,42
9,5,2026,1,21,2,2,1,43
9,11,2026,1,21,3,4,6,41
9,18,2026,1,21,4,2,20,23
9,25,2026,1,21,5,4,16,11
9,31,2026,1,21,4,4,2,13
9,36,2026,1,21,3,4,0,17
9,41,2026,1,21,2,3,2,18
9,47,2026,1,21,1,4,18,4
10,0,2026,1,21,1,3,0,7
10,5,2026,1,21,2,2,1,8
10,11,2026,1,21,3,6,1,13
10,18,2026,1,21,4,2,7,8
10,25,2026,1,21,5,3,3,8
10,31,2026,1,21,4,2,1,9
10,36,2026,1,21,3,5,1,13
10,41,2026,1,21,2,4,8,9
10,47,2026,1,21,1,5,3,11
11,0,2026,1,21,1,3,0,14
11,5,2026,1,21,2,5,1,18
11,11,2026,1,21,3,4,4,18
11,18,2026,1,21,4,5,4,19
11,25,2026,1,21,5,5,11,13
11,31,2026,1,21,4,4,0,17
11,36,2026,1,21,3,2,7,12
11,41,2026,1,21,2,4,0,16
11,47,2026,1,21,1,3,12,7
12,0,2026,1,21,1,5,0,12
12,5,2026,1,21,2,4,2,14
12,11,2026,1,21,3,4,2,16
12,18,2026,1,21,4,3,9,10
12,25,2026,1,21,5,4,4,10
12,31,2026,1,21,4,3,0,13
12,36,2026,1,21,3,6,4,15
12,41,2026,1,21,2,6,7,14
12,47,2026,1,21,1,5,7,12
13,0,2026,1,21,1,8,0,20
13,5,2026,1,21,2,2,5,17
13,11,2026,1,21,3,5,8,14
13,18,2026,1,21,4,20,3,31
13,25,2026,1,21,5,5,15,21
13,31,2026,1,21,4,15,2,34
13,36,2026,1,21,3,2,8,28
13,41,2026,1,21,2,3,12,19
13,47,2026,1,21,1,31,11,39
14,0,2026,1,21,1,10,0,49
14,5,2026,1,21,2,5,10,44
14,11,2026,1,21,3,6,15,35
14,18,2026,1,21,4,17,11,41
14,25,2026,1,21,5,4,20,25
14,31,2026,1,21,4,26,0,51
14,36,2026,1,21,3,5,14,42
14,41,2026,1,21,2,6,13,35
14,47,2026,1,21,1,13,20,28
15,0,2026,1,21,1,26,0,54
15,5,2026,1,21,2,4,11,47
15,11,2026,1,21,3,4,18,33
15,18,2026,1,21,4,20,9,44
15,25,2026,1,21,5,5,20,29
15,31,2026,1,21,4,14,0,43
15,36,2026,1,21,3,2,14,31
15,41,2026,1,21,2,4,18,17
15,47,2026,1,21,1,7,8,16
16,0,2026,1,21,1,5,0,21
16,5,2026,1,21,2,4,5,20
16,11,2026,1,21,3,6,4,22
16,18,2026,1,21,4,6,6,22
16,25,2026,1,21,5,5,14,13
16,31,2026,1,21,4,3,1,15
16,36,2026,1,21,3,3,4,14
16,41,2026,1,21,2,3,4,13
16,47,2026,1,21,1,5,9,9
17,0,2026,1,21,1,2,0,11
17,5,2026,1,21,2,4,3,12
17,11,2026,1,21,3,6,4,14
17,18,2026,1,21,4,4,6,12
17,25,2026,1,21,5,4,6,10
17,31,2026,1,21,4,5,1,14
17,36,2026,1,21,3,3,7,10
17,41,2026,1,21,2,4,5,9
17,47,2026,1,21,1,6,3,12
18,0,2026,1,21,1,6,0,18
18,5,2026,1,21,2,4,3,19
18,11,2026,1,21,3,6,4,21
18,18,2026,1,21,4,3,7,17
18,25,2026,1,21,5,3,9,11
18,31,2026,1,21,4,2,0,13
18,36,2026,1,21,3,4,4,13
18,41,2026,1,21,2,5,4,14
18,47,2026,1,21,1,6,7,13
19,0,2026,1,21,1,3,0,16
19,5,2026,1,21,2,4,3,17
19,11,2026,1,21,3,2,5,14
19,18,2026,1,21,4,6,7,13
19,25,2026,1,21,5,6,7,12
19,31,2026,1,21,4,5,0,17
19,36,2026,1,21,3,3,2,18
19,41,2026,1,21,2,4,8,14
19,47,2026,1,21,1,3,10,7
20,0,2026,1,21,1,2,0,9
20,5,2026,1,21,2,4,0,13
20,11,2026,1,21,3,3,4,12
20,18,2026,1,21,4,4,5,11
20,25,2026,1,21,5,3,5,9
20,31,2026,1,21,4,5,1,13
20,36,2026,1,21,3,3,3,13
20,41,2026,1,21,2,6,5,14
20,47,2026,1,21,1,3,5,12
21,0,2026,1,21,1,5,0,17
21,5,2026,1,21,2,5,1,21
21,11,2026,1,21,3,6,6,21
21,18,2026,1,21,4,4,5,20
21,25,2026,1,21,5,4,12,12
21,31,2026,1,21,4,4,1,15
21,36,2026,1,21,3,4,1,18
21,41,2026,1,21,2,3,6,15
21,47,2026,1,21,1,4,9,10
22,0,2026,1,21,1,5,0,15
22,5,2026,1,21,2,4,1,18
22,11,2026,1,21,3,4,7,15
22,18,2026,1,21,4,4,5,14
22,25,2026,1,21,5,5,7,12
22,31,2026,1,21,4,5,2,15
22,36,2026,1,21,3,5,3,17
22,41,2026,1,21,2,4,5,16
22,47,2026,1,21,1,5,9,12
23,0,2026,1,21,1,4,0,16
23,5,2026,1,21,2,6,2,20
23,11,2026,1,21,3,6,4,22
23,18,2026,1,21,4,5,6,21
23,25,2026,1,21,5,3,9,15
23,31,2026,1,21,4,3,0,18
23,36,2026,1,21,3,2,0,20
23,41,2026,1,21,2,4,10,14
23,47,2026,1,21,1,0,14,0
6,0,2026,1,22,1,2,0,2
6,5,2026,1,22,2,13,0,15
6,11,2026,1,22,3,19,6,28
6,18,2026,1,22,4,6,13,21
6,25,2026,1,22,5,11,6,26
6,31,2026,1,22,4,2,2,26
6,36,2026,1,22,3,6,4,28
6,41,2026,1,22,2,19,9,38
6,47,2026,1,22,1,6,14,30
7,0,2026,1,22,1,2,0,32
7,5,2026,1,22,2,21,3,50
7,11,2026,1,22,3,20,7,63
7,18,2026,1,22,4,1,20,44
7,25,2026,1,22,5,13,13,44
7,31,2026,1,22,4,1,9,36
7,36,2026,1,22,3,19,2,53
7,41,2026,1,22,2,5,15,43
7,47,2026,1,22,1,1,20,24
8,0,2026,1,22,1,2,0,26
8,5,2026,1,22,2,9,0,35
8,11,2026,1,22,3,15,1,49
8,18,2026,1,22,4,1,20,30
8,25,2026,1,22,5,22,9,43
8,31,2026,1,22,4,4,17,30
8,36,2026,1,22,3,22,3,49
8,41,2026,1,22,2,8,10,47
8,47,2026,1,22,1,2,20,29
9,0,2026,1,22,1,1,0,30
9,5,2026,1,22,2,3,1,32
9,11,2026,1,22,3,6,1,37
9,18,2026,1,22,4,2,20,19
9,25,2026,1,22,5,4,8,15
9,31,2026,1,22,4,2,1,16
9,36,2026,1,22,3,5,0,21
9,41,2026,1,22,2,3,3,21
9,47,2026,1,22,1,4,20,5
10,0,2026,1,22,1,2,0,7
10,5,2026,1,22,2,4,1,10
10,11,2026,1,22,3,5,1,14
10,18,2026,1,22,4,4,3,15
10,25,2026,1,22,5,5,10,10
10,31,2026,1,22,4,3,2,11
10,36,2026,1,22,3,2,2,11
10,41,2026,1,22,2,3,6,8
10,47,2026,1,22,1,6,6,8
11,0,2026,1,22,1,6,0,14
11,5,2026,1,22,2,5,3,16
11,11,2026,1,22,3,3,2,17
11,18,2026,1,22,4,6,7,16
11,25,2026,1,22,5,2,6,12
11,31,2026,1,22,4,3,0,15
11,36,2026,1,22,3,3,4,14
11,41,2026,1,22,2,2,6,10
11,47,2026,1,22,1,3,7,6
12,0,2026,1,22,1,6,0,12
12,5,2026,1,22,2,3,2,13
12,11,2026,1,22,3,4,4,13
12,18,2026,1,22,4,3,8,8
12,25,2026,1,22,5,6,4,10
12,31,2026,1,22,4,6,1,15
12,36,2026,1,22,3,5,6,14
12,41,2026,1,22,2,4,5,13
12,47,2026,1,22,1,4,5,12
13,0,2026,1,22,1,13,0,25
13,5,2026,1,22,2,2,4,23
13,11,2026,1,22,3,5,6,22
13,18,2026,1,22,4,24,6,40
13,25,2026,1,22,5,3,16,27
13,31,2026,1,22,4,27,0,54
13,36,2026,1,22,3,6,15,45
13,41,2026,1,22,2,4,20,29
13,47,2026,1,22,1,19,11,37
14,0,2026,1,22,1,7,0,44
14,5,2026,1,22,2,6,6,44
14,11,2026,1,22,3,5,14,35
14,18,2026,1,22,4,16,13,38
14,25,2026,1,22,5,5,20,23
14,31,2026,1,22,4,11,1,33
14,36,2026,1,22,3,5,10,28
14,41,2026,1,22,2,3,16,15
14,47,2026,1,22,1,21,9,27
15,0,2026,1,22,1,32,0,59
15,5,2026,1,22,2,5,15,49
15,11,2026,1,22,3,6,15,40
15,18,2026,1,22,4,14,12,42
15,25,2026,1,22,5,5,20,27
15,31,2026,1,22,4,19,0,46
15,36,2026,1,22,3,5,12,39
15,41,2026,1,22,2,4,17,26
15,47,2026,1,22,1,11,18,19
16,0,2026,1,22,1,2,0,21
16,5,2026,1,22,2,5,4,22
16,11,2026,1,22,3,6,5,23
16,18,2026,1,22,4,4,8,19
16,25,2026,1,22,5,2,11,10
16,31,2026,1,22,4,2,2,10
16,36,2026,1,22,3,2,1,11
16,41,2026,1,22,2,2,3,10
16,47,2026,1,22,1,3,6,7
17,0,2026,1,22,1,2,0,9
17,5,2026,1,22,2,4,0,13
17,11,2026,1,22,3,6,3,16
17,18,2026,1,22,4,4,7,13
17,25,2026,1,22,5,4,5,12
17,31,2026,1,22,4,6,0,18
17,36,2026,1,22,3,5,4,19
17,41,2026,1,22,2,5,7,17
17,47,2026,1,22,1,4,8,13
18,0,2026,1,22,1,6,0,19
18,5,2026,1,22,2,2,0,21
18,11,2026,1,22,3,3,5,19
18,18,2026,1,22,4,4,9,14
18,25,2026,1,22,5,6,8,12
18,31,2026,1,22,4,4,1,15
18,36,2026,1,22,3,5,3,17
18,41,2026,1,22,2,3,5,15
18,47,2026,1,22,1,2,10,7
19,0,2026,1,22,1,3,0,10
19,5,2026,1,22,2,5,0,15
19,11,2026,1,22,3,4,4,15
19,18,2026,1,22,4,5,4,16
19,25,2026,1,22,5,3,8,11
19,31,2026,1,22,4,4,0,15
19,36,2026,1,22,3,6,2,19
19,41,2026,1,22,2,6,4,21
19,47,2026,1,22,1,6,13,14
20,0,2026,1,22,1,2,0,16
20,5,2026,1,22,2,2,2,16
20,11,2026,1,22,3,2,4,14
20,18,2026,1,22,4,2,7,9
20,25,2026,1,22,5,4,7,6
20,31,2026,1,22,4,5,0,11
20,36,2026,1,22,3,6,4,13
20,41,2026,1,22,2,2,3,12
20,47,2026,1,22,1,4,6,10
21,0,2026,1,22,1,2,0,12
21,5,2026,1,22,2,6,3,15
21,11,2026,1,22,3,3,3,15
21,18,2026,1,22,4,4,3,16
21,25,2026,1,22,5,6,9,13
21,31,2026,1,22,4,6,0,19
21,36,2026,1,22,3,4,6,17
21,41,2026,1,22,2,4,8,13
21,47,2026,1,22,1,2,6,9
22,0,2026,1,22,1,4,0,13
22,5,2026,1,22,2,6,0,19
22,11,2026,1,22,3,2,5,16
22,18,2026,1,22,4,4,7,13
22,25,2026,1,22,5,3,9,7
22,31,2026,1,22,4,3,1,9
22,36,2026,1,22,3,4,3,10
22,41,2026,1,22,2,5,6,9
22,47,2026,1,22,1,6,3,12
23,0,2026,1,22,1,3,0,15
23,5,2026,1,22,2,4,2,17
23,11,2026,1,22,3,5,4,18
23,18,2026,1,22,4,5,9,14
23,25,2026,1,22,5,5,7,12
23,31,2026,1,22,4,2,2,12
23,36,2026,1,22,3,3,3,12
23,41,2026,1,22,2,4,4,12
23,47,2026,1,22,1,0,12,0
6,0,2026,1,23,1,5,0,5
6,5,2026,1,23,2,16,0,21
6,11,2026,1,23,3,11,7,25
6,18,2026,1,23,4,5,9,21
6,25,2026,1,23,5,14,8,27
6,31,2026,1,23,4,5,4,28
6,36,2026,1,23,3,20,7,41
6,41,2026,1,23,2,19,8,52
6,47,2026,1,23,1,3,20,35
7,0,2026,1,23,1,2,0,37
7,5,2026,1,23,2,6,3,40
7,11,2026,1,23,3,16,8,48
7,18,2026,1,23,4,1,20,29
7,25,2026,1,23,5,21,8,42
7,31,2026,1,23,4,2,17,27
7,36,2026,1,23,3,5,3,29
7,41,2026,1,23,2,21,5,45
7,47,2026,1,23,1,4,20,29
8,0,2026,1,23,1,4,0,33
8,5,2026,1,23,2,9,0,42
8,11,2026,1,23,3,13,10,45
8,18,2026,1,23,4,3,20,28
8,25,2026,1,23,5,22,7,43
8,31,2026,1,23,4,5,17,31
8,36,2026,1,23,3,6,6,31
8,41,2026,1,23,2,11,5,37
8,47,2026,1,23,1,3,20,20
9,0,2026,1,23,1,1,0,21
9,5,2026,1,23,2,3,0,24
9,11,2026,1,23,3,2,0,26
9,18,2026,1,23,4,3,20,9
9,25,2026,1,23,5,4,3,10
9,31,2026,1,23,4,3,0,13
9,36,2026,1,23,3,5,1,17
9,41,2026,1,23,2,2,3,16
9,47,2026,1,23,1,2,14,4
10,0,2026,1,23,1,5,0,9
10,5,2026,1,23,2,5,4,10
10,11,2026,1,23,3,6,4,12
10,18,2026,1,23,4,2,2,12
10,25,2026,1,23,5,4,3,13
10,31,2026,1,23,4,3,1,15
10,36,2026,1,23,3,2,2,15
10,41,2026,1,23,2,6,7,14
10,47,2026,1,23,1,3,6,11
11,0,2026,1,23,1,2,0,13
11,5,2026,1,23,2,4,2,15
11,11,2026,1,23,3,4,6,13
11,18,2026,1,23,4,4,4,13
11,25,2026,1,23,5,2,11,4
11,31,2026,1,23,4,3,0,7
11,36,2026,1,23,3,5,1,11
11,41,2026,1,23,2,2,1,12
11,47,2026,1,23,1,3,5,10
12,0,2026,1,23,1,5,0,15
12,5,2026,1,23,2,2,1,16
12,11,2026,1,23,3,5,4,17
12,18,2026,1,23,4,6,5,18
12,25,2026,1,23,5,4,11,11
12,31,2026,1,23,4,3,1,13
12,36,2026,1,23,3,5,3,15
12,41,2026,1,23,2,3,8,10
12,47,2026,1,23,1,3,7,6
13,0,2026,1,23,1,26,0,32
13,5,2026,1,23,2,5,3,34
13,11,2026,1,23,3,2,14,22
13,18,2026,1,23,4,9,6,25
13,25,2026,1,23,5,6,14,17
13,31,2026,1,23,4,9,1,25
13,36,2026,1,23,3,6,9,22
13,41,2026,1,23,2,3,13,12
13,47,2026,1,23,1,27,9,30
14,0,2026,1,23,1,26,0,56
14,5,2026,1,23,2,5,10,51
14,11,2026,1,23,3,4,18,37
14,18,2026,1,23,4,7,15,29
14,25,2026,1,23,5,6,20,15
14,31,2026,1,23,4,20,0,35
14,36,2026,1,23,3,4,11,28
14,41,2026,1,23,2,3,14,17
14,47,2026,1,23,1,12,8,21
15,0,2026,1,23,1,7,0,28
15,5,2026,1,23,2,5,6,27
15,11,2026,1,23,3,2,6,23
15,18,2026,1,23,4,9,12,20
15,25,2026,1,23,5,5,13,12
15,31,2026,1,23,4,17,2,27
15,36,2026,1,23,3,3,7,23
15,41,2026,1,23,2,6,7,22
15,47,2026,1,23,1,16,6,32
16,0,2026,1,23,1,5,0,37
16,5,2026,1,23,2,4,5,36
16,11,2026,1,23,3,5,10,31
16,18,2026,1,23,4,6,8,29
16,25,2026,1,23,5,2,20,11
16,31,2026,1,23,4,6,0,17
16,36,2026,1,23,3,4,6,15
16,41,2026,1,23,2,4,6,13
16,47,2026,1,23,1,6,6,13
17,0,2026,1,23,1,6,0,19
17,5,2026,1,23,2,5,2,22
17,11,2026,1,23,3,3,4,21
17,18,2026,1,23,4,2,4,19
17,25,2026,1,23,5,2,11,10
17,31,2026,1,23,4,2,0,12
17,36,2026,1,23,3,5,1,16
17,41,2026,1,23,2,6,3,19
17,47,2026,1,23,1,2,9,12
18,0,2026,1,23,1,5,0,17
18,5,2026,1,23,2,2,1,18
18,11,2026,1,23,3,2,5,15
18,18,2026,1,23,4,4,9,10
18,25,2026,1,23,5,4,5,9
18,31,2026,1,23,4,3,1,11
18,36,2026,1,23,3,3,3,11
18,41,2026,1,23,2,2,6,7
18,47,2026,1,23,1,6,4,9
19,0,2026,1,23,1,6,0,15
19,5,2026,1,23,2,2,3,14
19,11,2026,1,23,3,3,3,14
19,18,2026,1,23,4,4,4,14
19,25,2026,1,23,5,3,8,9
19,31,2026,1,23,4,3,1,11
19,36,2026,1,23,3,5,3,13
19,41,2026,1,23,2,6,4,15
19,47,2026,1,23,1,5,9,11
20,0,2026,1,23,1,5,0,16
20,5,2026,1,23,2,5,1,20
20,11,2026,1,23,3,2,4,18
20,18,2026,1,23,4,3,6,15
20,25,2026,1,23,5,2,12,5
20,31,2026,1,23,4,3,0,8
20,36,2026,1,23,3,3,1,10
20,41,2026,1,23,2,6,2,14
20,47,2026,1,23,1,6,6,14
21,0,2026,1,23,1,4,0,18
21,5,2026,1,23,2,5,3,20
21,11,2026,1,23,3,3,3,20
21,18,2026,1,23,4,5,7,18
21,25,2026,1,23,5,6,13,11
21,31,2026,1,23,4,4,1,14
21,36,2026,1,23,3,5,4,15
21,41,2026,1,23,2,5,8,12
21,47,2026,1,23,1,2,8,6
22,0,2026,1,23,1,3,0,9
22,5,2026,1,23,2,3,2,10
22,11,2026,1,23,3,5,2,13
22,18,2026,1,23,4,5,8,10
22,25,2026,1,23,5,5,4,11
22,31,2026,1,23,4,3,2,12
22,36,2026,1,23,3,6,3,15
22,41,2026,1,23,2,2,8,9
22,47,2026,1,23,1,6,4,11
23,0,2026,1,23,1,5,0,16
23,5,2026,1,23,2,6,3,19
23,11,2026,1,23,3,2,2,19
23,18,2026,1,23,4,3,9,13
23,25,2026,1,23,5,6,6,13
23,31,2026,1,23,4,4,0,17
23,36,2026,1,23,3,3,5,15
23,41,2026,1,23,2,5,4,16
23,47,2026,1,23,1,0,16,0
6,0,2026,1,24,1,5,0,5
6,5,2026,1,24,2,20,3,22
6,11,2026,1,24,3,16,3,35
6,18,2026,1,24,4,4,11,28
6,25,2026,1,24,5,12,15,25
6,31,2026,1,24,4,6,4,27
6,36,2026,1,24,3,22,7,42
6,41,2026,1,24,2,17,11,48
6,47,2026,1,24,1,6,19,35
7,0,2026,1,24,1,1,0,36
7,5,2026,1,24,2,5,1,40
7,11,2026,1,24,3,14,5,49
7,18,2026,1,24,4,2,20,31
7,25,2026,1,24,5,18,11,38
7,31,2026,1,24,4,3,12,29
7,36,2026,1,24,3,21,3,47
7,41,2026,1,24,2,17,7,57
7,47,2026,1,24,1,4,20,41
8,0,2026,1,24,1,2,0,43
8,5,2026,1,24,2,17,3,57
8,11,2026,1,24,3,17,8,66
8,18,2026,1,24,4,2,20,48
8,25,2026,1,24,5,21,20,49
8,31,2026,1,24,4,3,14,38
8,36,2026,1,24,3,5,5,38
8,41,2026,1,24,2,22,12,48
8,47,2026,1,24,1,2,20,30
9,0,2026,1,24,1,1,0,31
9,5,2026,1,24,2,5,2,34
9,11,2026,1,24,3,2,2,34
9,18,2026,1,24,4,4,20,18
9,25,2026,1,24,5,6,9,15
9,31,2026,1,24,4,2,2,15
9,36,2026,1,24,3,6,2,19
9,41,2026,1,24,2,5,2,22
9,47,2026,1,24,1,1,18,5
10,0,2026,1,24,1,3,0,8
10,5,2026,1,24,2,6,2,12
10,11,2026,1,24,3,2,6,8
10,18,2026,1,24,4,6,3,11
10,25,2026,1,24,5,6,5,12
10,31,2026,1,24,4,3,1,14
10,36,2026,1,24,3,6,2,18
10,41,2026,1,24,2,4,2,20
10,47,2026,1,24,1,6,10,16
11,0,2026,1,24,1,4,0,20
11,5,2026,1,24,2,4,1,23
11,11,2026,1,24,3,6,4,25
11,18,2026,1,24,4,4,9,20
11,25,2026,1,24,5,5,11,14
11,31,2026,1,24,4,4,3,15
11,36,2026,1,24,3,2,2,15
11,41,2026,1,24,2,4,8,11
11,47,2026,1,24,1,6,5,12
12,0,2026,1,24,1,2,0,14
12,5,2026,1,24,2,3,1,16
12,11,2026,1,24,3,2,1,17
12,18,2026,1,24,4,3,8,12
12,25,2026,1,24,5,4,7,9
12,31,2026,1,24,4,4,1,12
12,36,2026,1,24,3,5,1,16
12,41,2026,1,24,2,2,5,13
12,47,2026,1,24,1,5,4,14
13,0,2026,1,24,1,21,0,35
13,5,2026,1,24,2,4,4,35
13,11,2026,1,24,3,3,12,26
13,18,2026,1,24,4,10,7,29
13,25,2026,1,24,5,3,20,12
13,31,2026,1,24,4,24,0,36
13,36,2026,1,24,3,4,9,31
13,41,2026,1,24,2,3,16,18
13,47,2026,1,24,1,31,6,43
14,0,2026,1,24,1,13,0,56
14,5,2026,1,24,2,5,17,44
14,11,2026,1,24,3,4,14,34
14,18,2026,1,24,4,12,11,35
14,25,2026,1,24,5,3,20,18
14,31,2026,1,24,4,19,0,37
14,36,2026,1,24,3,4,11,30
14,41,2026,1,24,2,2,12,20
14,47,2026,1,24,1,22,11,31
15,0,2026,1,24,1,32,0,63
15,5,2026,1,24,2,2,9,56
15,11,2026,1,24,3,6,20,42
15,18,2026,1,24,4,20,17,45
15,25,2026,1,24,5,5,20,30
15,31,2026,1,24,4,30,0,60
15,36,2026,1,24,3,6,20,46
15,41,2026,1,24,2,3,20,29
15,47,2026,1,24,1,24,12,41
16,0,2026,1,24,1,2,0,43
16,5,2026,1,24,2,5,8,40
16,11,2026,1,24,3,3,8,35
16,18,2026,1,24,4,2,12,25
16,25,2026,1,24,5,2,20,7
16,31,2026,1,24,4,5,1,11
16,36,2026,1,24,3,5,0,16
16,41,2026,1,24,2,2,5,13
16,47,2026,1,24,1,6,6,13
17,0,2026,1,24,1,5,0,18
17,5,2026,1,24,2,5,4,19
17,11,2026,1,24,3,3,3,19
17,18,2026,1,24,4,5,5,19
17,25,2026,1,24,5,4,14,9
17,31,2026,1,24,4,5,0,14
17,36,2026,1,24,3,2,3,13
17,41,2026,1,24,2,2,7,8
17,47,2026,1,24,1,2,3,7
18,0,2026,1,24,1,4,0,11
18,5,2026,1,24,2,6,1,16
18,11,2026,1,24,3,3,6,13
18,18,2026,1,24,4,4,2,15
18,25,2026,1,24,5,2,6,11
18,31,2026,1,24,4,2,0,13
18,36,2026,1,24,3,4,3,14
18,41,2026,1,24,2,6,5,15
18,47,2026,1,24,1,3,10,8
19,0,2026,1,24,1,5,0,13
19,5,2026,1,24,2,2,2,13
19,11,2026,1,24,3,6,3,16
19,18,2026,1,24,4,2,7,11
19,25,2026,1,24,5,6,5,12
19,31,2026,1,24,4,5,1,16
19,36,2026,1,24,3,2,2,16
19,41,2026,1,24,2,5,6,15
19,47,2026,1,24,1,2,11,6
20,0,2026,1,24,1,6,0,12
20,5,2026,1,24,2,4,2,14
20,11,2026,1,24,3,6,4,16
20,18,2026,1,24,4,3,5,14
20,25,2026,1,24,5,6,7,13
20,31,2026,1,24,4,3,2,14
20,36,2026,1,24,3,5,3,16
20,41,2026,1,24,2,2,4,14
20,47,2026,1,24,1,6,12,8
21,0,2026,1,24,1,3,0,11
21,5,2026,1,24,2,3,5,9
21,11,2026,1,24,3,3,0,12
21,18,2026,1,24,4,4,4,12
21,25,2026,1,24,5,5,8,9
21,31,2026,1,24,4,4,1,12
21,36,2026,1,24,3,3,3,12
21,41,2026,1,24,2,2,3,11
21,47,2026,1,24,1,6,6,11
22,0,2026,1,24,1,6,0,17
22,5,2026,1,24,2,2,2,17
22,11,2026,1,24,3,5,7,15
22,18,2026,1,24,4,2,4,13
22,25,2026,1,24,5,5,8,10
22,31,2026,1,24,4,5,0,15
22,36,2026,1,24,3,5,3,17
22,41,2026,1,24,2,3,4,16
22,47,2026,1,24,1,2,10,8
23,0,2026,1,24,1,5,0,13
23,5,2026,1,24,2,6,2,17
23,11,2026,1,24,3,6,3,20
23,18,2026,1,24,4,6,7,19
23,25,2026,1,24,5,5,9,15
23,31,2026,1,24,4,5,1,19
23,36,2026,1,24,3,6,3,22
23,41,2026,1,24,2,6,12,16
23,47,2026,1,24,1,0,16,0
6,0,2026,1,25,1,4,0,4
6,5,2026,1,25,2,10,0,14
6,11,2026,1,25,3,5,1,18
6,18,2026,1,25,4,4,4,18
6,25,2026,1,25,5,16,13,21
6,31,2026,1,25,4,5,3,23
6,36,2026,1,25,3,21,6,38
6,41,2026,1,25,2,14,10,42
6,47,2026,1,25,1,5,12,35
7,0,2026,1,25,1,1,0,36
7,5,2026,1,25,2,22,2,56
7,11,2026,1,25,3,10,9,57
7,18,2026,1,25,4,4,20,41
7,25,2026,1,25,5,17,13,45
7,31,2026,1,25,4,3,16,32
7,36,2026,1,25,3,12,1,43
7,41,2026,1,25,2,15,11,47
7,47,2026,1,25,1,4,20,31
8,0,2026,1,25,1,4,0,35
8,5,2026,1,25,2,19,1,53
8,11,2026,1,25,3,16,5,64
8,18,2026,1,25,4,1,20,45
8,25,2026,1,25,5,17,20,42
8,31,2026,1,25,4,1,14,29
8,36,2026,1,25,3,14,3,40
8,41,2026,1,25,2,20,6,54
8,47,2026,1,25,1,4,20,38
9,0,2026,1,25,1,2,0,40
9,5,2026,1,25,2,6,2,44
9,11,2026,1,25,3,5,8,41
9,18,2026,1,25,4,5,20,26
9,25,2026,1,25,5,5,12,19
9,31,2026,1,25,4,2,2,19
9,36,2026,1,25,3,5,1,23
9,41,2026,1,25,2,4,3,24
9,47,2026,1,25,1,3,20,7
10,0,2026,1,25,1,2,0,9
10,5,2026,1,25,2,2,1,10
10,11,2026,1,25,3,2,3,9
10,18,2026,1,25,4,3,4,8
10,25,2026,1,25,5,2,3,7
10,31,2026,1,25,4,2,1,8
10,36,2026,1,25,3,6,0,14
10,41,2026,1,25,2,6,3,17
10,47,2026,1,25,1,2,11,8
11,0,2026,1,25,1,2,0,10
11,5,2026,1,25,2,6,1,15
11,11,2026,1,25,3,5,3,17
11,18,2026,1,25,4,3,8,12
11,25,2026,1,25,5,2,5,9
11,31,2026,1,25,4,5,1,13
11,36,2026,1,25,3,4,2,15
11,41,2026,1,25,2,6,5,16
11,47,2026,1,25,1,5,10,11
12,0,2026,1,25,1,6,0,17
12,5,2026,1,25,2,4,3,18
12,11,2026,1,25,3,2,5,15
12,18,2026,1,25,4,6,5,16
12,25,2026,1,25,5,5,12,9
12,31,2026,1,25,4,3,1,11
12,36,2026,1,25,3,3,4,10
12,41,2026,1,25,2,6,6,10
12,47,2026,1,25,1,6,4,12
13,0,2026,1,25,1,30,0,42
13,5,2026,1,25,2,4,6,40
13,11,2026,1,25,3,2,17,25
13,18,2026,1,25,4,27,10,42
13,25,2026,1,25,5,2,17,27
13,31,2026,1,25,4,25,0,52
13,36,2026,1,25,3,5,15,42
13,41,2026,1,25,2,3,20,25
13,47,2026,1,25,1,30,15,40
14,0,2026,1,25,1,26,0,66
14,5,2026,1,25,2,2,20,48
14,11,2026,1,25,3,2,17,33
14,18,2026,1,25,4,12,11,34
14,25,2026,1,25,5,6,20,20
14,31,2026,1,25,4,30,1,49
14,36,2026,1,25,3,6,16,39
14,41,2026,1,25,2,3,19,23
14,47,2026,1,25,1,9,7,25
15,0,2026,1,25,1,22,0,47
15,5,2026,1,25,2,3,7,43
15,11,2026,1,25,3,5,9,39
15,18,2026,1,25,4,30,16,53
15,25,2026,1,25,5,4,20,37
15,31,2026,1,25,4,17,1,53
15,36,2026,1,25,3,5,13,45
15,41,2026,1,25,2,5,20,30
15,47,2026,1,25,1,18,16,32
16,0,2026,1,25,1,2,0,34
16,5,2026,1,25,2,3,3,34
16,11,2026,1,25,3,4,5,33
16,18,2026,1,25,4,3,15,21
16,25,2026,1,25,5,5,18,8
16,31,2026,1,25,4,3,1,10
16,36,2026,1,25,3,2,5,7
16,41,2026,1,25,2,2,2,7
16,47,2026,1,25,1,3,5,5
17,0,2026,1,25,1,6,0,11
17,5,2026,1,25,2,3,2,12
17,11,2026,1,25,3,5,5,12
17,18,2026,1,25,4,3,4,11
17,25,2026,1,25,5,2,4,9
17,31,2026,1,25,4,4,2,11
17,36,2026,1,25,3,4,4,11
17,41,2026,1,25,2,3,4,10
17,47,2026,1,25,1,2,4,8
18,0,2026,1,25,1,5,0,13
18,5,2026,1,25,2,5,3,15
18,11,2026,1,25,3,2,2,15
18,18,2026,1,25,4,3,7,11
18,25,2026,1,25,5,4,5,10
18,31,2026,1,25,4,3,1,12
18,36,2026,1,25,3,4,5,11
18,41,2026,1,25,2,3,5,9
18,47,2026,1,25,1,5,4,10
19,0,2026,1,25,1,6,0,16
19,5,2026,1,25,2,3,1,18
19,11,2026,1,25,3,5,7,16
19,18,2026,1,25,4,2,10,8
19,25,2026,1,25,5,4,6,6
19,31,2026,1,25,4,5,0,11
19,36,2026,1,25,3,4,1,14
19,41,2026,1,25,2,2,4,12
19,47,2026,1,25,1,5,7,10
20,0,2026,1,25,1,2,0,12
20,5,2026,1,25,2,5,1,16
20,11,2026,1,25,3,2,3,15
20,18,2026,1,25,4,6,4,17
20,25,2026,1,25,5,2,7,12
20,31,2026,1,25,4,4,0,16
20,36,2026,1,25,3,5,0,21
20,41,2026,1,25,2,5,9,17
20,47,2026,1,25,1,2,7,12
21,0,2026,1,25,1,2,0,14
21,5,2026,1,25,2,3,1,16
21,11,2026,1,25,3,5,5,16
21,18,2026,1,25,4,6,5,17
21,25,2026,1,25,5,4,10,11
21,31,2026,1,25,4,6,2,15
21,36,2026,1,25,3,2,6,11
21,41,2026,1,25,2,3,3,11
21,47,2026,1,25,1,3,5,9
22,0,2026,1,25,1,6,0,15
22,5,2026,1,25,2,6,0,21
22,11,2026,1,25,3,6,8,19
22,18,2026,1,25,4,2,6,15
22,25,2026,1,25,5,5,9,11
22,31,2026,1,25,4,6,1,16
22,36,2026,1,25,3,4,3,17
22,41,2026,1,25,2,3,4,16
22,47,2026,1,25,1,4,8,12
23,0,2026,1,25,1,4,0,16
23,5,2026,1,25,2,5,1,20
23,11,2026,1,25,3,3,6,17
23,18,2026,1,25,4,5,8,14
23,25,2026,1,25,5,5,6,13
23,31,2026,1,25,4,4,1,16
23,36,2026,1,25,3,3,6,13
23,41,2026,1,25,2,2,8,7
23,47,2026,1,25,1,0,7,0
6,0,2026,1,26,1,2,0,2
6,5,2026,1,26,2,14,1,15
6,11,2026,1,26,3,15,3,27
6,18,2026,1,26,4,5,11,21
6,25,2026,1,26,5,12,12,21
6,31,2026,1,26,4,2,3,20
6,36,2026,1,26,3,15,5,30
6,41,2026,1,26,2,14,9,35
6,47,2026,1,26,1,2,10,27
7,0,2026,1,26,1,2,0,29
7,5,2026,1,26,2,22,1,50
7,11,2026,1,26,3,15,4,61
7,18,2026,1,26,4,1,20,42
7,25,2026,1,26,5,18,18,42
7,31,2026,1,26,4,1,14,29
7,36,2026,1,26,3,16,4,41
7,41,2026,1,26,2,6,6,41
7,47,2026,1,26,1,1,20,22
8,0,2026,1,26,1,1,0,23
8,5,2026,1,26,2,15,1,37
8,11,2026,1,26,3,5,5,37
8,18,2026,1,26,4,2,20,19
8,25,2026,1,26,5,15,2,32
8,31,2026,1,26,4,3,9,26
8,36,2026,1,26,3,21,3,44
8,41,2026,1,26,2,19,6,57
8,47,2026,1,26,1,3,20,40
9,0,2026,1,26,1,3,0,43
9,5,2026,1,26,2,5,1,47
9,11,2026,1,26,3,3,13,37
9,18,2026,1,26,4,2,20,19
9,25,2026,1,26,5,3,11,11
9,31,2026,1,26,4,5,2,14
9,36,2026,1,26,3,5,1,18
9,41,2026,1,26,2,3,1,20
9,47,2026,1,26,1,4,18,6
10,0,2026,1,26,1,3,0,9
10,5,2026,1,26,2,6,3,12
10,11,2026,1,26,3,2,4,10
10,18,2026,1,26,4,3,5,8
10,25,2026,1,26,5,2,4,6
10,31,2026,1,26,4,5,0,11
10,36,2026,1,26,3,4,1,14
10,41,2026,1,26,2,2,6,10
10,47,2026,1,26,1,6,4,12
11,0,2026,1,26,1,5,0,17
11,5,2026,1,26,2,4,1,20
11,11,2026,1,26,3,2,5,17
11,18,2026,1,26,4,2,11,8
11,25,2026,1,26,5,2,7,3
11,31,2026,1,26,4,4,0,7
11,36,2026,1,26,3,2,2,7
11,41,2026,1,26,2,2,2,7
11,47,2026,1,26,1,4,3,8
12,0,2026,1,26,1,5,0,13
12,5,2026,1,26,2,4,2,15
12,11,2026,1,26,3,3,5,13
12,18,2026,1,26,4,5,6,12
12,25,2026,1,26,5,2,4,10
12,31,2026,1,26,4,5,1,14
12,36,2026,1,26,3,2,6,10
12,41,2026,1,26,2,6,4,12
12,47,2026,1,26,1,4,7,9
13,0,2026,1,26,1,23,0,32
13,5,2026,1,26,2,5,8,29
13,11,2026,1,26,3,5,9,25
13,18,2026,1,26,4,9,10,24
13,25,2026,1,26,5,4,15,13
13,31,2026,1,26,4,12,0,25
13,36,2026,1,26,3,4,9,20
13,41,2026,1,26,2,5,9,16
13,47,2026,1,26,1,32,9,39
14,0,2026,1,26,1,11,0,50
14,5,2026,1,26,2,6,15,41
14,11,2026,1,26,3,2,12,31
14,18,2026,1,26,4,21,12,40
14,25,2026,1,26,5,4,20,24
14,31,2026,1,26,4,28,0,52
14,36,2026,1,26,3,4,14,42
14,41,2026,1,26,2,3,19,26
14,47,2026,1,26,1,26,15,37
15,0,2026,1,26,1,13,0,50
15,5,2026,1,26,2,6,9,47
15,11,2026,1,26,3,4,16,35
15,18,2026,1,26,4,19,12,42
15,25,2026,1,26,5,6,20,28
15,31,2026,1,26,4,10,0,38
15,36,2026,1,26,3,3,12,29
15,41,2026,1,26,2,6,15,20
15,47,2026,1,26,1,20,9,31
16,0,2026,1,26,1,6,0,37
16,5,2026,1,26,2,4,4,37
16,11,2026,1,26,3,6,10,33
16,18,2026,1,26,4,4,11,26
16,25,2026,1,26,5,4,18,12
16,31,2026,1,26,4,2,0,14
16,36,2026,1,26,3,3,2,15
16,41,2026,1,26,2,5,5,15
16,47,2026,1,26,1,3,8,10
17,0,2026,1,26,1,4,0,14
17,5,2026,1,26,2,3,2,15
17,11,2026,1,26,3,4,5,14
17,18,2026,1,26,4,2,2,14
17,25,2026,1,26,5,5,9,10
17,31,2026,1,26,4,6,2,14
17,36,2026,1,26,3,4,3,15
17,41,2026,1,26,2,6,4,17
17,47,2026,1,26,1,3,10,10
18,0,2026,1,26,1,2,0,12
18,5,2026,1,26,2,3,2,13
18,11,2026,1,26,3,5,4,14
18,18,2026,1,26,4,4,3,15
18,25,2026,1,26,5,3,9,9
18,31,2026,1,26,4,6,0,15
18,36,2026,1,26,3,6,1,20
18,41,2026,1,26,2,5,12,13
18,47,2026,1,26,1,3,4,12
19,0,2026,1,26,1,4,0,16
19,5,2026,1,26,2,2,3,15
19,11,2026,1,26,3,6,4,17
19,18,2026,1,26,4,4,6,15
19,25,2026,1,26,5,4,8,11
19,31,2026,1,26,4,6,0,17
19,36,2026,1,26,3,3,7,13
19,41,2026,1,26,2,2,5,10
19,47,2026,1,26,1,4,7,7
20,0,2026,1,26,1,6,0,13
20,5,2026,1,26,2,5,2,16
20,11,2026,1,26,3,2,2,16
20,18,2026,1,26,4,4,6,14
20,25,2026,1,26,5,4,8,10
20,31,2026,1,26,4,5,1,14
20,36,2026,1,26,3,6,4,16
20,41,2026,1,26,2,5,4,17
20,47,2026,1,26,1,3,8,12
21,0,2026,1,26,1,5,0,17
21,5,2026,1,26,2,2,2,17
21,11,2026,1,26,3,4,3,18
21,18,2026,1,26,4,2,7,13
21,25,2026,1,26,5,3,13,3
21,31,2026,1,26,4,3,0,6
21,36,2026,1,26,3,6,2,10
21,41,2026,1,26,2,5,2,13
21,47,2026,1,26,1,3,3,13
22,0,2026,1,26,1,3,0,16
22,5,2026,1,26,2,5,2,19
22,11,2026,1,26,3,6,6,19
22,18,2026,1,26,4,3,7,15
22,25,2026,1,26,5,4,9,10
22,31,2026,1,26,4,3,1,12
22,36,2026,1,26,3,4,4,12
22,41,2026,1,26,2,2,5,9
22,47,2026,1,26,1,5,5,9
23,0,2026,1,26,1,4,0,13
23,5,2026,1,26,2,6,2,17
23,11,2026,1,26,3,4,2,19
23,18,2026,1,26,4,2,8,13
23,25,2026,1,26,5,6,6,13
23,31,2026,1,26,4,3,1,15
23,36,2026,1,26,3,6,3,18
23,41,2026,1,26,2,3,4,17
23,47,2026,1,26,1,0,17,0
6,0,2026,1,27,1,4,0,4
6,5,2026,1,27,2,17,0,21
6,11,2026,1,27,3,7,6,22
6,18,2026,1,27,4,4,9,17
6,25,2026,1,27,5,17,8,26
6,31,2026,1,27,4,3,4,25
6,36,2026,1,27,3,22,6,41
6,41,2026,1,27,2,17,13,45
6,47,2026,1,27,1,4,16,33
7,0,2026,1,27,1,4,0,37
7,5,2026,1,27,2,18,1,54
7,11,2026,1,27,3,11,11,54
7,18,2026,1,27,4,2,20,36
7,25,2026,1,27,5,14,13,37
7,31,2026,1,27,4,1,11,27
7,36,2026,1,27,3,11,2,36
7,41,2026,1,27,2,10,5,41
7,47,2026,1,27,1,2,20,23
8,0,2026,1,27,1,1,0,24
8,5,2026,1,27,2,16,1,39
8,11,2026,1,27,3,17,2,54
8,18,2026,1,27,4,4,20,38
8,25,2026,1,27,5,9,11,36
8,31,2026,1,27,4,1,8,29
8,36,2026,1,27,3,9,3,35
8,41,2026,1,27,2,10,8,37
8,47,2026,1,27,1,3,20,20
9,0,2026,1,27,1,1,0,21
9,5,2026,1,27,2,6,1,26
9,11,2026,1,27,3,4,0,30
9,18,2026,1,27,4,3,20,13
9,25,2026,1,27,5,3,6,10
9,31,2026,1,27,4,4,2,12
9,36,2026,1,27,3,6,2,16
9,41,2026,1,27,2,6,2,20
9,47,2026,1,27,1,2,19,3
10,0,2026,1,27,1,5,0,8
10,5,2026,1,27,2,6,2,12
10,11,2026,1,27,3,5,0,17
10,18,2026,1,27,4,5,6,16
10,25,2026,1,27,5,2,9,9
10,31,2026,1,27,4,4,0,13
10,36,2026,1,27,3,5,3,15
10,41,2026,1,27,2,4,6,13
10,47,2026,1,27,1,6,9,10
11,0,2026,1,27,1,4,0,14
11,5,2026,1,27,2,3,4,13
11,11,2026,1,27,3,2,3,12
11,18,2026,1,27,4,5,8,9
11,25,2026,1,27,5,6,6,9
11,31,2026,1,27,4,5,1,13
11,36,2026,1,27,3,4,4,13
11,41,2026,1,27,2,4,2,15
11,47,2026,1,27,1,6,11,10
12,0,2026,1,27,1,3,0,13
12,5,2026,1,27,2,2,3,12
12,11,2026,1,27,3,6,3,15
12,18,2026,1,27,4,4,6,13
12,25,2026,1,27,5,2,9,6
12,31,2026,1,27,4,2,1,7
12,36,2026,1,27,3,3,2,8
12,41,2026,1,27,2,2,3,7
12,47,2026,1,27,1,5,5,7
13,0,2026,1,27,1,15,0,22
13,5,2026,1,27,2,6,6,22
13,11,2026,1,27,3,4,4,22
13,18,2026,1,27,4,7,12,17
13,25,2026,1,27,5,2,10,9
13,31,2026,1,27,4,21,0,30
13,36,2026,1,27,3,4,11,23
13,41,2026,1,27,2,3,11,15
13,47,2026,1,27,1,7,5,17
14,0,2026,1,27,1,27,0,44
14,5,2026,1,27,2,2,6,40
14,11,2026,1,27,3,4,14,30
14,18,2026,1,27,4,14,9,35
14,25,2026,1,27,5,4,20,19
14,31,2026,1,27,4,23,0,42
14,36,2026,1,27,3,2,14,30
14,41,2026,1,27,2,2,14,18
14,47,2026,1,27,1,11,13,16
15,0,2026,1,27,1,7,0,23
15,5,2026,1,27,2,3,4,22
15,11,2026,1,27,3,4,5,21
15,18,2026,1,27,4,20,4,37
15,25,2026,1,27,5,6,20,23
15,31,2026,1,27,4,18,1,40
15,36,2026,1,27,3,3,17,26
15,41,2026,1,27,2,3,17,12
15,47,2026,1,27,1,18,2,28
16,0,2026,1,27,1,6,0,34
16,5,2026,1,27,2,2,5,31
16,11,2026,1,27,3,4,10,25
16,18,2026,1,27,4,3,10,18
16,25,2026,1,27,5,3,13,8
16,31,2026,1,27,4,2,2,8
16,36,2026,1,27,3,6,3,11
16,41,2026,1,27,2,3,3,11
16,47,2026,1,27,1,2,5,8
17,0,2026,1,27,1,4,0,12
17,5,2026,1,27,2,3,3,12
17,11,2026,1,27,3,4,2,14
17,18,2026,1,27,4,5,6,13
17,25,2026,1,27,5,4,5,12
17,31,2026,1,27,4,6,0,18
17,36,2026,1,27,3,2,4,16
17,41,2026,1,27,2,2,7,11
17,47,2026,1,27,1,5,9,7
18,0,2026,1,27,1,2,0,9
18,5,2026,1,27,2,3,1,11
18,11,2026,1,27,3,4,1,14
18,18,2026,1,27,4,3,6,11
18,25,2026,1,27,5,4,6,9
18,31,2026,1,27,4,3,1,11
18,36,2026,1,27,3,6,4,13
18,41,2026,1,27,2,2,5,10
18,47,2026,1,27,1,4,5,9
19,0,2026,1,27,1,2,0,11
19,5,2026,1,27,2,6,2,15
19,11,2026,1,27,3,4,3,16
19,18,2026,1,27,4,2,5,13
19,25,2026,1,27,5,5,9,9
19,31,2026,1,27,4,5,1,13
19,36,2026,1,27,3,2,6,9
19,41,2026,1,27,2,5,1,13
19,47,2026,1,27,1,4,8,9
20,0,2026,1,27,1,3,0,12
20,5,2026,1,27,2,5,6,11
20,11,2026,1,27,3,4,1,14
20,18,2026,1,27,4,3,6,11
20,25,2026,1,27,5,4,8,7
20,31,2026,1,27,4,3,3,7
20,36,2026,1,27,3,5,2,10
20,41,2026,1,27,2,3,2,11
20,47,2026,1,27,1,3,4,10
21,0,2026,1,27,1,2,0,12
21,5,2026,1,27,2,4,2,14
21,11,2026,1,27,3,2,2,14
21,18,2026,1,27,4,6,6,14
21,25,2026,1,27,5,4,6,12
21,31,2026,1,27,4,4,1,15
21,36,2026,1,27,3,6,4,17
21,41,2026,1,27,2,5,8,14
21,47,2026,1,27,1,5,7,12
22,0,2026,1,27,1,3,0,15
22,5,2026,1,27,2,4,3,16
22,11,2026,1,27,3,6,9,13
22,18,2026,1,27,4,5,4,14
22,25,2026,1,27,5,5,6,13
22,31,2026,1,27,4,2,1,14
22,36,2026,1,27,3,3,2,15
22,41,2026,1,27,2,5,6,14
22,47,2026,1,27,1,3,8,9
23,0,2026,1,27,1,6,0,15
23,5,2026,1,27,2,3,1,17
23,11,2026,1,27,3,4,5,16
23,18,2026,1,27,4,3,4,15
23,25,2026,1,27,5,3,9,9
23,31,2026,1,27,4,6,0,15
23,36,2026,1,27,3,4,5,14
23,41,2026,1,27,2,2,6,10
23,47,2026,1,27,1,0,10,0
6,0,2026,1,28,1,6,0,6
6,5,2026,1,28,2,14,3,17
6,11,2026,1,28,3,14,3,28
6,18,2026,1,28,4,3,8,23
6,25,2026,1,28,5,13,13,23
6,31,2026,1,28,4,2,4,21
6,36,2026,1,28,3,17,3,35
6,41,2026,1,28,2,11,8,38
6,47,2026,1,28,1,5,14,29
7,0,2026,1,28,1,3,0,32
7,5,2026,1,28,2,18,0,50
7,11,2026,1,28,3,16,8,58
7,18,2026,1,28,4,2,20,40
7,25,2026,1,28,5,22,13,49
7,31,2026,1,28,4,2,16,35
7,36,2026,1,28,3,18,5,48
7,41,2026,1,28,2,14,12,50
7,47,2026,1,28,1,3,20,33
8,0,2026,1,28,1,2,0,35
8,5,2026,1,28,2,5,0,40
8,11,2026,1,28,3,6,5,41
8,18,2026,1,28,4,2,20,23
8,25,2026,1,28,5,17,12,28
8,31,2026,1,28,4,4,7,25
8,36,2026,1,28,3,8,1,32
8,41,2026,1,28,2,16,3,45
8,47,2026,1,28,1,3,20,28
9,0,2026,1,28,1,4,0,32
9,5,2026,1,28,2,6,0,38
9,11,2026,1,28,3,3,10,31
9,18,2026,1,28,4,5,20,16
9,25,2026,1,28,5,4,3,17
9,31,2026,1,28,4,3,3,17
9,36,2026,1,28,3,5,1,21
9,41,2026,1,28,2,3,1,23
9,47,2026,1,28,1,2,20,5
10,0,2026,1,28,1,2,0,7
10,5,2026,1,28,2,6,1,12
10,11,2026,1,28,3,4,5,11
10,18,2026,1,28,4,2,5,8
10,25,2026,1,28,5,5,2,11
10,31,2026,1,28,4,2,0,13
10,36,2026,1,28,3,4,1,16
10,41,2026,1,28,2,4,6,14
10,47,2026,1,28,1,3,8,9
11,0,2026,1,28,1,5,0,14
11,5,2026,1,28,2,3,4,13
11,11,2026,1,28,3,2,4,11
11,18,2026,1,28,4,3,5,9
11,25,2026,1,28,5,5,5,9
11,31,2026,1,28,4,6,1,14
11,36,2026,1,28,3,2,5,11
11,41,2026,1,28,2,6,4,13
11,47,2026,1,28,1,3,8,8
12,0,2026,1,28,1,6,0,14
12,5,2026,1,28,2,2,2,14
12,11,2026,1,28,3,6,4,16
12,18,2026,1,28,4,2,3,15
12,25,2026,1,28,5,6,11,10
12,31,2026,1,28,4,5,1,14
12,36,2026,1,28,3,5,0,19
12,41,2026,1,28,2,5,8,16
12,47,2026,1,28,1,4,8,12
13,0,2026,1,28,1,30,0,42
13,5,2026,1,28,2,5,7,40
13,11,2026,1,28,3,3,15,28
13,18,2026,1,28,4,24,14,38
13,25,2026,1,28,5,5,20,23
13,31,2026,1,28,4,7,1,29
13,36,2026,1,28,3,5,13,21
13,41,2026,1,28,2,2,5,18
13,47,2026,1,28,1,19,11,26
14,0,2026,1,28,1,12,0,38
14,5,2026,1,28,2,2,6,34
14,11,2026,1,28,3,6,11,29
14,18,2026,1,28,4,11,7,33
14,25,2026,1,28,5,2,20,15
14,31,2026,1,28,4,26,1,40
14,36,2026,1,28,3,5,12,33
14,41,2026,1,28,2,6,11,28
14,47,2026,1,28,1,10,16,22
15,0,2026,1,28,1,15,0,37
15,5,2026,1,28,2,4,5,36
15,11,2026,1,28,3,2,12,26
15,18,2026,1,28,4,10,10,26
15,25,2026,1,28,5,2,19,9
15,31,2026,1,28,4,19,1,27
15,36,2026,1,28,3,6,5,28
15,41,2026,1,28,2,5,9,24
15,47,2026,1,28,1,29,10,43
16,0,2026,1,28,1,4,0,47
16,5,2026,1,28,2,5,11,41
16,11,2026,1,28,3,4,7,38
16,18,2026,1,28,4,5,15,28
16,25,2026,1,28,5,6,20,14
16,31,2026,1,28,4,5,1,18
16,36,2026,1,28,3,3,1,20
16,41,2026,1,28,2,5,4,21
16,47,2026,1,28,1,3,12,12
17,0,2026,1,28,1,2,0,14
17,5,2026,1,28,2,6,2,18
17,11,2026,1,28,3,5,5,18
17,18,2026,1,28,4,3,9,12
17,25,2026,1,28,5,3,7,8
17,31,2026,1,28,4,2,0,10
17,36,2026,1,28,3,5,1,14
17,41,2026,1,28,2,2,4,12
17,47,2026,1,28,1,4,7,9
18,0,2026,1,28,1,2,0,11
18,5,2026,1,28,2,3,1,13
18,11,2026,1,28,3,6,2,17
18,18,2026,1,28,4,2,4,15
18,25,2026,1,28,5,3,6,12
18,31,2026,1,28,4,6,0,18
18,36,2026,1,28,3,2,5,15
18,41,2026,1,28,2,6,4,17
18,47,2026,1,28,1,4,10,11
19,0,2026,1,28,1,5,0,16
19,5,2026,1,28,2,4,3,17
19,11,2026,1,28,3,5,5,17
19,18,2026,1,28,4,5,4,18
19,25,2026,1,28,5,2,10,10
19,31,2026,1,28,4,3,0,13
19,36,2026,1,28,3,3,4,12
19,41,2026,1,28,2,6,3,15
19,47,2026,1,28,1,4,8,11
20,0,2026,1,28,1,6,0,17
20,5,2026,1,28,2,2,3,16
20,11,2026,1,28,3,3,2,17
20,18,2026,1,28,4,2,6,13
20,25,2026,1,28,5,4,9,8
20,31,2026,1,28,4,3,1,10
20,36,2026,1,28,3,4,4,10
20,41,2026,1,28,2,6,2,14
20,47,2026,1,28,1,2,7,9
21,0,2026,1,28,1,6,0,15
21,5,2026,1,28,2,4,0,19
21,11,2026,1,28,3,6,5,20
21,18,2026,1,28,4,4,12,12
21,25,2026,1,28,5,4,5,11
21,31,2026,1,28,4,2,2,11
21,36,2026,1,28,3,5,4,12
21,41,2026,1,28,2,5,5,12
21,47,2026,1,28,1,2,7,7
22,0,2026,1,28,1,4,0,11
22,5,2026,1,28,2,2,2,11
22,11,2026,1,28,3,6,3,14
22,18,2026,1,28,4,3,6,11
22,25,2026,1,28,5,5,5,11
22,31,2026,1,28,4,6,2,15
22,36,2026,1,28,3,2,3,14
22,41,2026,1,28,2,2,4,12
22,47,2026,1,28,1,5,10,7
23,0,2026,1,28,1,5,0,12
23,5,2026,1,28,2,3,4,11
23,11,2026,1,28,3,2,4,9
23,18,2026,1,28,4,5,2,12
23,25,2026,1,28,5,2,4,10
23,31,2026,1,28,4,5,0,15
23,36,2026,1,28,3,3,4,14
23,41,2026,1,28,2,5,9,10
23,47,2026,1,28,1,0,10,0
6,0,2026,1,29,1,6,0,6
6,5,2026,1,29,2,13,0,19
6,11,2026,1,29,3,7,6,20
6,18,2026,1,29,4,2,5,17
6,25,2026,1,29,5,18,8,27
6,31,2026,1,29,4,2,4,25
6,36,2026,1,29,3,21,5,41
6,41,2026,1,29,2,8,6,43
6,47,2026,1,29,1,4,15,32
7,0,2026,1,29,1,4,0,36
7,5,2026,1,29,2,18,2,52
7,11,2026,1,29,3,9,8,53
7,18,2026,1,29,4,4,20,37
7,25,2026,1,29,5,7,14,30
7,31,2026,1,29,4,1,5,26
7,36,2026,1,29,3,14,2,38
7,41,2026,1,29,2,20,6,52
7,47,2026,1,29,1,1,20,33
8,0,2026,1,29,1,2,0,35
8,5,2026,1,29,2,11,0,46
8,11,2026,1,29,3,8,10,44
8,18,2026,1,29,4,5,20,29
8,25,2026,1,29,5,22,7,44
8,31,2026,1,29,4,1,19,26
8,36,2026,1,29,3,15,1,40
8,41,2026,1,29,2,22,8,54
8,47,2026,1,29,1,1,20,35
9,0,2026,1,29,1,4,0,39
9,5,2026,1,29,2,4,2,41
9,11,2026,1,29,3,5,9,37
9,18,2026,1,29,4,2,20,19
9,25,2026,1,29,5,2,9,12
9,31,2026,1,29,4,5,1,16
9,36,2026,1,29,3,3,1,18
9,41,2026,1,29,2,5,2,21
9,47,2026,1,29,1,4,20,5
10,0,2026,1,29,1,3,0,8
10,5,2026,1,29,2,6,2,12
10,11,2026,1,29,3,2,4,10
10,18,2026,1,29,4,3,4,9
10,25,2026,1,29,5,6,9,6
10,31,2026,1,29,4,4,1,9
10,36,2026,1,29,3,2,4,7
10,41,2026,1,29,2,4,2,9
10,47,2026,1,29,1,2,3,8
11,0,2026,1,29,1,6,0,14
11,5,2026,1,29,2,5,3,16
11,11,2026,1,29,3,3,6,13
11,18,2026,1,29,4,3,6,10
11,25,2026,1,29,5,2,6,6
11,31,2026,1,29,4,5,1,10
11,36,2026,1,29,3,5,3,12
11,41,2026,1,29,2,6,4,14
11,47,2026,1,29,1,3,7,10
12,0,2026,1,29,1,6,0,16
12,5,2026,1,29,2,3,0,19
12,11,2026,1,29,3,2,3,18
12,18,2026,1,29,4,2,4,16
12,25,2026,1,29,5,6,11,11
12,31,2026,1,29,4,4,3,12
12,36,2026,1,29,3,6,1,17
12,41,2026,1,29,2,6,5,18
12,47,2026,1,29,1,2,9,11
13,0,2026,1,29,1,15,0,26
13,5,2026,1,29,2,5,5,26
13,11,2026,1,29,3,5,14,17
13,18,2026,1,29,4,29,5,41
13,25,2026,1,29,5,3,16,28
13,31,2026,1,29,4,32,0,60
13,36,2026,1,29,3,6,15,51
13,41,2026,1,29,2,2,19,34
13,47,2026,1,29,1,21,15,40
14,0,2026,1,29,1,18,0,58
14,5,2026,1,29,2,2,11,49
14,11,2026,1,29,3,3,16,36
14,18,2026,1,29,4,8,13,31
14,25,2026,1,29,5,5,20,16
14,31,2026,1,29,4,7,1,22
14,36,2026,1,29,3,5,9,18
14,41,2026,1,29,2,3,9,12
14,47,2026,1,29,1,10,7,15
15,0,2026,1,29,1,23,0,38
15,5,2026,1,29,2,2,8,32
15,11,2026,1,29,3,6,7,31
15,18,2026,1,29,4,29,9,51
15,25,2026,1,29,5,4,20,35
15,31,2026,1,29,4,26,1,60
15,36,2026,1,29,3,3,20,43
15,41,2026,1,29,2,5,19,29
15,47,2026,1,29,1,19,19,29
16,0,2026,1,29,1,3,0,32
16,5,2026,1,29,2,2,8,26
16,11,2026,1,29,3,3,9,20
16,18,2026,1,29,4,3,4,19
16,25,2026,1,29,5,2,13,8
16,31,2026,1,29,4,3,0,11
16,36,2026,1,29,3,2,2,11
16,41,2026,1,29,2,2,5,8
16,47,2026,1,29,1,5,6,7
17,0,2026,1,29,1,3,0,10
17,5,2026,1,29,2,6,2,14
17,11,2026,1,29,3,3,3,14
17,18,2026,1,29,4,4,5,13
17,25,2026,1,29,5,4,7,10
17,31,2026,1,29,4,2,1,11
17,36,2026,1,29,3,4,1,14
17,41,2026,1,29,2,5,3,16
17,47,2026,1,29,1,5,11,10
18,0,2026,1,29,1,5,0,15
18,5,2026,1,29,2,5,2,18
18,11,2026,1,29,3,3,1,20
18,18,2026,1,29,4,4,7,17
18,25,2026,1,29,5,3,12,8
18,31,2026,1,29,4,6,0,14
18,36,2026,1,29,3,4,3,15
18,41,2026,1,29,2,6,4,17
18,47,2026,1,29,1,5,7,15
19,0,2026,1,29,1,6,0,21
19,5,2026,1,29,2,2,3,20
19,11,2026,1,29,3,6,3,23
19,18,2026,1,29,4,5,10,18
19,25,2026,1,29,5,2,14,6
19,31,2026,1,29,4,2,0,8
19,36,2026,1,29,3,6,2,12
19,41,2026,1,29,2,2,4,10
19,47,2026,1,29,1,3,5,8
20,0,2026,1,29,1,6,0,14
20,5,2026,1,29,2,4,1,17
20,11,2026,1,29,3,4,3,18
20,18,2026,1,29,4,5,8,15
20,25,2026,1,29,5,4,8,11
20,31,2026,1,29,4,4,0,15
20,36,2026,1,29,3,3,6,12
20,41,2026,1,29,2,6,3,15
20,47,2026,1,29,1,4,9,10
21,0,2026,1,29,1,6,0,16
21,5,2026,1,29,2,3,3,16
21,11,2026,1,29,3,2,7,11
21,18,2026,1,29,4,3,5,9
21,25,2026,1,29,5,5,5,9
21,31,2026,1,29,4,4,1,12
21,36,2026,1,29,3,4,4,12
21,41,2026,1,29,2,2,4,10
21,47,2026,1,29,1,4,6,8
22,0,2026,1,29,1,5,0,13
22,5,2026,1,29,2,3,1,15
22,11,2026,1,29,3,4,6,13
22,18,2026,1,29,4,4,2,15
22,25,2026,1,29,5,3,7,11
22,31,2026,1,29,4,3,0,14
22,36,2026,1,29,3,6,0,20
22,41,2026,1,29,2,4,9,15
22,47,2026,1,29,1,3,9,9
23,0,2026,1,29,1,6,0,15
23,5,2026,1,29,2,2,2,15
23,11,2026,1,29,3,5,4,16
23,18,2026,1,29,4,4,8,12
23,25,2026,1,29,5,2,5,9
23,31,2026,1,29,4,2,2,9
23,36,2026,1,29,3,6,2,13
23,41,2026,1,29,2,2,2,13
23,47,2026,1,29,1,0,13,0
6,0,2026,1,30,1,2,0,2
6,5,2026,1,30,2,19,1,20
6,11,2026,1,30,3,9,5,24
6,18,2026,1,30,4,6,5,25
6,25,2026,1,30,5,20,9,36
6,31,2026,1,30,4,6,6,36
6,36,2026,1,30,3,20,6,50
6,41,2026,1,30,2,10,15,45
6,47,2026,1,30,1,5,20,30
7,0,2026,1,30,1,4,0,34
7,5,2026,1,30,2,5,3,36
7,11,2026,1,30,3,13,6,43
7,18,2026,1,30,4,4,20,27
7,25,2026,1,30,5,11,7,31
7,31,2026,1,30,4,4,10,25
7,36,2026,1,30,3,19,2,42
7,41,2026,1,30,2,18,6,54
7,47,2026,1,30,1,4,20,38
8,0,2026,1,30,1,1,0,39
8,5,2026,1,30,2,16,0,55
8,11,2026,1,30,3,18,11,62
8,18,2026,1,30,4,4,20,46
8,25,2026,1,30,5,7,20,33
8,31,2026,1,30,4,4,4,33
8,36,2026,1,30,3,18,6,45
8,41,2026,1,30,2,15,8,52
8,47,2026,1,30,1,1,20,33
9,0,2026,1,30,1,4,0,37
9,5,2026,1,30,2,3,1,39
9,11,2026,1,30,3,4,3,40
9,18,2026,1,30,4,5,20,25
9,25,2026,1,30,5,6,13,18
9,31,2026,1,30,4,4,1,21
9,36,2026,1,30,3,3,1,23
9,41,2026,1,30,2,3,0,26
9,47,2026,1,30,1,2,20,8
10,0,2026,1,30,1,2,0,10
10,5,2026,1,30,2,4,0,14
10,11,2026,1,30,3,5,3,16
10,18,2026,1,30,4,3,8,11
10,25,2026,1,30,5,3,8,6
10,31,2026,1,30,4,3,0,9
10,36,2026,1,30,3,2,5,6
10,41,2026,1,30,2,5,3,8
10,47,2026,1,30,1,6,4,10
11,0,2026,1,30,1,6,0,16
11,5,2026,1,30,2,6,5,17
11,11,2026,1,30,3,2,4,15
11,18,2026,1,30,4,5,6,14
11,25,2026,1,30,5,2,8,8
11,31,2026,1,30,4,5,1,12
11,36,2026,1,30,3,4,4,12
11,41,2026,1,30,2,6,1,17
11,47,2026,1,30,1,5,8,14
12,0,2026,1,30,1,4,0,18
12,5,2026,1,30,2,3,0,21
12,11,2026,1,30,3,5,3,23
12,18,2026,1,30,4,4,9,18
12,25,2026,1,30,5,6,10,14
12,31,2026,1,30,4,5,1,18
12,36,2026,1,30,3,4,3,19
12,41,2026,1,30,2,5,10,14
12,47,2026,1,30,1,2,8,8
13,0,2026,1,30,1,9,0,17
13,5,2026,1,30,2,5,2,20
13,11,2026,1,30,3,2,5,17
13,18,2026,1,30,4,12,10,19
13,25,2026,1,30,5,5,11,13
13,31,2026,1,30,4,32,1,44
13,36,2026,1,30,3,5,17,32
13,41,2026,1,30,2,6,9,29
13,47,2026,1,30,1,17,9,37
14,0,2026,1,30,1,29,0,66
14,5,2026,1,30,2,5,17,54
14,11,2026,1,30,3,3,19,38
14,18,2026,1,30,4,23,17,44
14,25,2026,1,30,5,6,20,30
14,31,2026,1,30,4,9,1,38
14,36,2026,1,30,3,3,4,37
14,41,2026,1,30,2,3,15,25
14,47,2026,1,30,1,32,18,39
15,0,2026,1,30,1,14,0,53
15,5,2026,1,30,2,5,12,46
15,11,2026,1,30,3,4,17,33
15,18,2026,1,30,4,32,9,56
15,25,2026,1,30,5,2,20,38
15,31,2026,1,30,4,17,0,55
15,36,2026,1,30,3,4,18,41
15,41,2026,1,30,2,3,20,24
15,47,2026,1,30,1,14,14,24
16,0,2026,1,30,1,2,0,26
16,5,2026,1,30,2,5,6,25
16,11,2026,1,30,3,4,4,25
16,18,2026,1,30,4,6,7,24
16,25,2026,1,30,5,5,15,14
16,31,2026,1,30,4,4,2,16
16,36,2026,1,30,3,5,5,16
16,41,2026,1,30,2,5,7,14
16,47,2026,1,30,1,6,7,13
17,0,2026,1,30,1,3,0,16
17,5,2026,1,30,2,4,2,18
17,11,2026,1,30,3,5,3,20
17,18,2026,1,30,4,3,8,15
17,25,2026,1,30,5,3,12,6
17,31,2026,1,30,4,5,0,11
17,36,2026,1,30,3,4,2,13
17,41,2026,1,30,2,5,7,11
17,47,2026,1,30,1,2,3,10
18,0,2026,1,30,1,3,0,13
18,5,2026,1,30,2,3,0,16
18,11,2026,1,30,3,2,3,15
18,18,2026,1,30,4,4,6,13
18,25,2026,1,30,5,4,8,9
18,31,2026,1,30,4,4,0,13
18,36,2026,1,30,3,2,4,11
18,41,2026,1,30,2,6,4,13
18,47,2026,1,30,1,2,6,9
19,0,2026,1,30,1,6,0,15
19,5,2026,1,30,2,3,1,17
19,11,2026,1,30,3,2,5,14
19,18,2026,1,30,4,5,8,11
19,25,2026,1,30,5,5,7,9
19,31,2026,1,30,4,3,1,11
19,36,2026,1,30,3,4,4,11
19,41,2026,1,30,2,6,4,13
19,47,2026,1,30,1,5,4,14
20,0,2026,1,30,1,4,0,18
20,5,2026,1,30,2,5,2,21
20,11,2026,1,30,3,2,5,18
20,18,2026,1,30,4,4,7,15
20,25,2026,1,30,5,5,12,8
20,31,2026,1,30,4,5,0,13
20,36,2026,1,30,3,2,4,11
20,41,2026,1,30,2,6,5,12
20,47,2026,1,30,1,4,8,8
21,0,2026,1,30,1,6,0,14
21,5,2026,1,30,2,6,1,19
21,11,2026,1,30,3,6,4,21
21,18,2026,1,30,4,6,11,16
21,25,2026,1,30,5,4,8,12
21,31,2026,1,30,4,4,1,15
21,36,2026,1,30,3,6,2,19
21,41,2026,1,30,2,6,6,19
21,47,2026,1,30,1,4,9,14
22,0,2026,1,30,1,6,0,20
22,5,2026,1,30,2,2,1,21
22,11,2026,1,30,3,6,3,24
22,18,2026,1,30,4,6,12,18
22,25,2026,1,30,5,2,12,8
22,31,2026,1,30,4,5,1,12
22,36,2026,1,30,3,5,3,14
22,41,2026,1,30,2,5,5,14
22,47,2026,1,30,1,2,5,11
23,0,2026,1,30,1,4,0,15
23,5,2026,1,30,2,5,2,18
23,11,2026,1,30,3,4,4,18
23,18,2026,1,30,4,2,8,12
23,25,2026,1,30,5,6,9,9
23,31,2026,1,30,4,5,3,11
23,36,2026,1,30,3,3,6,8
23,41,2026,1,30,2,3,7,4
23,47,2026,1,30,1,0,4,0
6,0,2026,1,31,1,4,0,4
6,5,2026,1,31,2,18,0,22
6,11,2026,1,31,3,7,4,25
6,18,2026,1,31,4,4,7,22
6,25,2026,1,31,5,7,8,21
6,31,2026,1,31,4,3,2,22
6,36,2026,1,31,3,18,3,37
6,41,2026,1,31,2,14,6,45
6,47,2026,1,31,1,2,20,27
7,0,2026,1,31,1,4,0,31
7,5,2026,1,31,2,13,3,41
7,11,2026,1,31,3,5,8,38
7,18,2026,1,31,4,5,20,23
7,25,2026,1,31,5,7,5,25
7,31,2026,1,31,4,5,3,27
7,36,2026,1,31,3,13,1,39
7,41,2026,1,31,2,5,6,38
7,47,2026,1,31,1,1,20,19
8,0,2026,1,31,1,3,0,22
8,5,2026,1,31,2,8,1,29
8,11,2026,1,31,3,19,1,47
8,18,2026,1,31,4,1,20,28
8,25,2026,1,31,5,5,9,24
8,31,2026,1,31,4,4,3,25
8,36,2026,1,31,3,6,2,29
8,41,2026,1,31,2,18,1,46
8,47,2026,1,31,1,3,20,29
9,0,2026,1,31,1,4,0,33
9,5,2026,1,31,2,6,1,38
9,11,2026,1,31,3,6,7,37
9,18,2026,1,31,4,3,20,20
9,25,2026,1,31,5,4,7,17
9,31,2026,1,31,4,2,0,19
9,36,2026,1,31,3,2,2,19
9,41,2026,1,31,2,3,2,20
9,47,2026,1,31,1,3,18,5
10,0,2026,1,31,1,3,0,8
10,5,2026,1,31,2,6,1,13
10,11,2026,1,31,3,4,3,14
10,18,2026,1,31,4,6,5,15
10,25,2026,1,31,5,6,11,10
10,31,2026,1,31,4,3,4,9
10,36,2026,1,31,3,2,1,10
10,41,2026,1,31,2,4,4,10
10,47,2026,1,31,1,3,4,9
11,0,2026,1,31,1,4,0,13
11,5,2026,1,31,2,2,2,13
11,11,2026,1,31,3,2,6,9
11,18,2026,1,31,4,2,2,9
11,25,2026,1,31,5,5,7,7
11,31,2026,1,31,4,5,0,12
11,36,2026,1,31,3,5,2,15
11,41,2026,1,31,2,4,6,13
11,47,2026,1,31,1,2,6,9
12,0,2026,1,31,1,4,0,13
12,5,2026,1,31,2,4,1,16
12,11,2026,1,31,3,2,2,16
12,18,2026,1,31,4,3,6,13
12,25,2026,1,31,5,4,5,12
12,31,2026,1,31,4,2,2,12
12,36,2026,1,31,3,4,0,16
12,41,2026,1,31,2,6,8,14
12,47,2026,1,31,1,6,9,11
13,0,2026,1,31,1,24,0,35
13,5,2026,1,31,2,2,7,30
13,11,2026,1,31,3,4,13,21
13,18,2026,1,31,4,25,8,38
13,25,2026,1,31,5,5,19,24
13,31,2026,1,31,4,28,1,51
13,36,2026,1,31,3,4,15,40
13,41,2026,1,31,2,5,20,25
13,47,2026,1,31,1,23,9,39
14,0,2026,1,31,1,10,0,49
14,5,2026,1,31,2,2,11,40
14,11,2026,1,31,3,2,11,31
14,18,2026,1,31,4,14,7,38
14,25,2026,1,31,5,3,20,21
14,31,2026,1,31,4,18,2,37
14,36,2026,1,31,3,6,13,30
14,41,2026,1,31,2,3,18,15
14,47,2026,1,31,1,30,10,35
15,0,2026,1,31,1,17,0,52
15,5,2026,1,31,2,5,12,45
15,11,2026,1,31,3,5,13,37
15,18,2026,1,31,4,32,14,55
15,25,2026,1,31,5,4,20,39
15,31,2026,1,31,4,21,0,60
15,36,2026,1,31,3,5,20,45
15,41,2026,1,31,2,2,20,27
15,47,2026,1,31,1,21,12,36
16,0,2026,1,31,1,2,0,38
16,5,2026,1,31,2,3,7,34
16,11,2026,1,31,3,2,5,31
16,18,2026,1,31,4,4,11,24
16,25,2026,1,31,5,3,19,8
16,31,2026,1,31,4,4,1,11
16,36,2026,1,31,3,3,1,13
16,41,2026,1,31,2,5,5,13
16,47,2026,1,31,1,6,7,12
17,0,2026,1,31,1,3,0,15
17,5,2026,1,31,2,6,3,18
17,11,2026,1,31,3,4,3,19
17,18,2026,1,31,4,6,8,17
17,25,2026,1,31,5,3,10,10
17,31,2026,1,31,4,6,1,15
17,36,2026,1,31,3,4,4,15
17,41,2026,1,31,2,2,6,11
17,47,2026,1,31,1,5,6,10
18,0,2026,1,31,1,2,0,12
18,5,2026,1,31,2,2,3,11
18,11,2026,1,31,3,5,3,13
18,18,2026,1,31,4,4,6,11
18,25,2026,1,31,5,3,4,10
18,31,2026,1,31,4,3,2,11
18,36,2026,1,31,3,6,2,15
18,41,2026,1,31,2,5,6,14
18,47,2026,1,31,1,3,6,11
19,0,2026,1,31,1,6,0,17
19,5,2026,1,31,2,3,2,18
19,11,2026,1,31,3,3,6,15
19,18,2026,1,31,4,3,5,13
19,25,2026,1,31,5,4,11,6
19,31,2026,1,31,4,3,0,9
19,36,2026,1,31,3,3,3,9
19,41,2026,1,31,2,6,3,12
19,47,2026,1,31,1,4,6,10
20,0,2026,1,31,1,2,0,12
20,5,2026,1,31,2,5,1,16
20,11,2026,1,31,3,3,3,16
20,18,2026,1,31,4,3,8,11
20,25,2026,1,31,5,2,7,6
20,31,2026,1,31,4,3,0,9
20,36,2026,1,31,3,5,0,14
20,41,2026,1,31,2,5,6,13
20,47,2026,1,31,1,6,5,14
21,0,2026,1,31,1,5,0,19
21,5,2026,1,31,2,2,1,20
21,11,2026,1,31,3,5,2,23
21,18,2026,1,31,4,6,8,21
21,25,2026,1,31,5,6,14,13
21,31,2026,1,31,4,2,1,14
21,36,2026,1,31,3,3,2,15
21,41,2026,1,31,2,3,8,10
21,47,2026,1,31,1,6,5,11
22,0,2026,1,31,1,5,0,16
22,5,2026,1,31,2,2,3,15
22,11,2026,1,31,3,2,4,13
22,18,2026,1,31,4,4,7,10
22,25,2026,1,31,5,3,6,7
22,31,2026,1,31,4,3,0,10
22,36,2026,1,31,3,2,3,9
22,41,2026,1,31,2,2,6,5
22,47,2026,1,31,1,2,1,6
23,0,2026,1,31,1,6,0,12
23,5,2026,1,31,2,3,2,13
23,11,2026,1,31,3,5,5,13
23,18,2026,1,31,4,2,5,10
23,25,2026,1,31,5,2,6,6
23,31,2026,1,31,4,4,0,10
23,36,2026,1,31,3,6,2,14
23,41,2026,1,31,2,5,4,15
23,47,2026,1,31,1,0,15,0
6,0,2026,2,1,1,4,0,4
6,5,2026,2,1,2,21,0,25
6,11,2026,2,1,3,8,6,27
6,18,2026,2,1,4,6,8,25
6,25,2026,2,1,5,21,14,32
6,31,2026,2,1,4,3,6,29
6,36,2026,2,1,3,11,5,35
6,41,2026,2,1,2,6,12,29
6,47,2026,2,1,1,5,14,20
7,0,2026,2,1,1,1,0,21
7,5,2026,2,1,2,8,1,28
7,11,2026,2,1,3,20,3,45
7,18,2026,2,1,4,5,20,30
7,25,2026,2,1,5,13,7,36
7,31,2026,2,1,4,2,12,26
7,36,2026,2,1,3,15,2,39
7,41,2026,2,1,2,18,3,54
7,47,2026,2,1,1,4,20,38
8,0,2026,2,1,1,3,0,41
8,5,2026,2,1,2,21,1,61
8,11,2026,2,1,3,13,13,61
8,18,2026,2,1,4,1,20,42
8,25,2026,2,1,5,11,11,42
8,31,2026,2,1,4,1,9,34
8,36,2026,2,1,3,16,2,48
8,41,2026,2,1,2,10,15,43
8,47,2026,2,1,1,3,20,26
9,0,2026,2,1,1,1,0,27
9,5,2026,2,1,2,2,2,27
9,11,2026,2,1,3,6,0,33
9,18,2026,2,1,4,1,20,14
9,25,2026,2,1,5,4,5,13
9,31,2026,2,1,4,1,2,12
9,36,2026,2,1,3,2,0,14
9,41,2026,2,1,2,5,2,17
9,47,2026,2,1,1,4,15,6
10,0,2026,2,1,1,4,0,10
10,5,2026,2,1,2,4,3,11
10,11,2026,2,1,3,6,3,14
10,18,2026,2,1,4,4,4,14
10,25,2026,2,1,5,4,6,12
10,31,2026,2,1,4,5,1,16
10,36,2026,2,1,3,6,3,19
10,41,2026,2,1,2,4,5,18
10,47,2026,2,1,1,6,14,10
11,0,2026,2,1,1,2,0,12
11,5,2026,2,1,2,2,3,11
11,11,2026,2,1,3,5,2,14
11,18,2026,2,1,4,5,6,13
11,25,2026,2,1,5,2,8,7
11,31,2026,2,1,4,2,1,8
11,36,2026,2,1,3,2,2,8
11,41,2026,2,1,2,6,3,11
11,47,2026,2,1,1,5,3,13
12,0,2026,2,1,1,6,0,19
12,5,2026,2,1,2,4,2,21
12,11,2026,2,1,3,4,8,17
12,18,2026,2,1,4,6,6,17
12,25,2026,2,1,5,2,12,7
12,31,2026,2,1,4,3,1,9
12,36,2026,2,1,3,4,0,13
12,41,2026,2,1,2,6,4,15
12,47,2026,2,1,1,3,7,11
13,0,2026,2,1,1,21,0,32
13,5,2026,2,1,2,4,3,33
13,11,2026,2,1,3,2,12,23
13,18,2026,2,1,4,13,7,29
13,25,2026,2,1,5,4,15,18
13,31,2026,2,1,4,9,0,27
13,36,2026,2,1,3,4,11,20
13,41,2026,2,1,2,2,10,12
13,47,2026,2,1,1,11,8,15
14,0,2026,2,1,1,22,0,37
14,5,2026,2,1,2,2,8,31
14,11,2026,2,1,3,4,14,21
14,18,2026,2,1,4,23,6,38
14,25,2026,2,1,5,6,16,28
14,31,2026,2,1,4,27,2,53
14,36,2026,2,1,3,3,10,46
14,41,2026,2,1,2,3,15,34
14,47,2026,2,1,1,13,20,27
15,0,2026,2,1,1,17,0,44
15,5,2026,2,1,2,2,10,36
15,11,2026,2,1,3,3,9,30
15,18,2026,2,1,4,11,9,32
15,25,2026,2,1,5,2,20,14
15,31,2026,2,1,4,26,0,40
15,36,2026,2,1,3,3,11,32
15,41,2026,2,1,2,3,20,15
15,47,2026,2,1,1,17,6,26
16,0,2026,2,1,1,3,0,29
16,5,2026,2,1,2,6,5,30
16,11,2026,2,1,3,3,8,25
16,18,2026,2,1,4,4,10,19
16,25,2026,2,1,5,3,14,8
16,31,2026,2,1,4,2,1,9
16,36,2026,2,1,3,2,2,9
16,41,2026,2,1,2,6,3,12
16,47,2026,2,1,1,6,3,15
17,0,2026,2,1,1,6,0,21
17,5,2026,2,1,2,5,3,23
17,11,2026,2,1,3,4,10,17
17,18,2026,2,1,4,4,5,16
17,25,2026,2,1,5,2,9,9
17,31,2026,2,1,4,2,1,10
17,36,2026,2,1,3,4,1,13
17,41,2026,2,1,2,2,5,10
17,47,2026,2,1,1,4,2,12
18,0,2026,2,1,1,5,0,17
18,5,2026,2,1,2,3,1,19
18,11,2026,2,1,3,5,4,20
18,18,2026,2,1,4,2,9,13
18,25,2026,2,1,5,6,8,11
18,31,2026,2,1,4,2,2,11
18,36,2026,2,1,3,2,1,12
18,41,2026,2,1,2,6,4,14
18,47,2026,2,1,1,3,10,7
19,0,2026,2,1,1,5,0,12
19,5,2026,2,1,2,6,2,16
19,11,2026,2,1,3,5,1,20
19,18,2026,2,1,4,2,7,15
19,25,2026,2,1,5,2,11,6
19,31,2026,2,1,4,2,1,7
19,36,2026,2,1,3,2,2,7
19,41,2026,2,1,2,5,4,8
19,47,2026,2,1,1,2,3,7
20,0,2026,2,1,1,2,0,9
20,5,2026,2,1,2,4,1,12
20,11,2026,2,1,3,5,2,15
20,18,2026,2,1,4,4,6,13
20,25,2026,2,1,5,5,7,11
20,31,2026,2,1,4,4,1,14
20,36,2026,2,1,3,5,3,16
20,41,2026,2,1,2,4,5,15
20,47,2026,2,1,1,5,6,14
21,0,2026,2,1,1,2,0,16
21,5,2026,2,1,2,5,2,19
21,11,2026,2,1,3,4,4,19
21,18,2026,2,1,4,5,7,17
21,25,2026,2,1,5,2,10,9
21,31,2026,2,1,4,6,0,15
21,36,2026,2,1,3,6,4,17
21,41,2026,2,1,2,5,6,16
21,47,2026,2,1,1,2,9,9
22,0,2026,2,1,1,5,0,14
22,5,2026,2,1,2,2,1,15
22,11,2026,2,1,3,4,3,16
22,18,2026,2,1,4,2,5,13
22,25,2026,2,1,5,3,12,4
22,31,2026,2,1,4,3,0,7
22,36,2026,2,1,3,6,1,12
22,41,2026,2,1,2,3,3,12
22,47,2026,2,1,1,2,3,11
23,0,2026,2,1,1,4,0,15
23,5,2026,2,1,2,6,0,21
23,11,2026,2,1,3,6,5,22
23,18,2026,2,1,4,5,13,14
23,25,2026,2,1,5,2,7,9
23,31,2026,2,1,4,3,0,12
23,36,2026,2,1,3,4,3,13
23,41,2026,2,1,2,5,5,13
23,47,2026,2,1,1,0,13,0
6,0,2026,2,2,1,4,0,4
6,5,2026,2,2,2,15,1,18
6,11,2026,2,2,3,16,5,29
6,18,2026,2,2,4,6,8,27
6,25,2026,2,2,5,16,16,27
6,31,2026,2,2,4,4,3,28
6,36,2026,2,2,3,8,7,29
6,41,2026,2,2,2,6,6,29
6,47,2026,2,2,1,2,16,15
7,0,2026,2,2,1,1,0,16
7,5,2026,2,2,2,17,1,32
7,11,2026,2,2,3,14,2,44
7,18,2026,2,2,4,3,20,27
7,25,2026,2,2,5,19,4,42
7,31,2026,2,2,4,2,18,26
7,36,2026,2,2,3,20,1,45
7,41,2026,2,2,2,12,9,48
7,47,2026,2,2,1,1,20,29
8,0,2026,2,2,1,1,0,30
8,5,2026,2,2,2,6,0,36
8,11,2026,2,2,3,15,3,48
8,18,2026,2,2,4,1,20,29
8,25,2026,2,2,5,13,10,32
8,31,2026,2,2,4,1,7,26
8,36,2026,2,2,3,20,4,42
8,41,2026,2,2,2,20,4,58
8,47,2026,2,2,1,4,20,42
9,0,2026,2,2,1,1,0,43
9,5,2026,2,2,2,5,3,45
9,11,2026,2,2,3,2,10,37
9,18,2026,2,2,4,4,20,21
9,25,2026,2,2,5,3,11,13
9,31,2026,2,2,4,1,1,13
9,36,2026,2,2,3,6,1,18
9,41,2026,2,2,2,4,1,21
9,47,2026,2,2,1,3,20,4
10,0,2026,2,2,1,6,0,10
10,5,2026,2,2,2,6,4,12
10,11,2026,2,2,3,5,4,13
10,18,2026,2,2,4,5,5,13
10,25,2026,2,2,5,2,7,8
10,31,2026,2,2,4,5,0,13
10,36,2026,2,2,3,6,3,16
10,41,2026,2,2,2,4,8,12
10,47,2026,2,2,1,4,5,11
11,0,2026,2,2,1,3,0,14
11,5,2026,2,2,2,4,0,18
11,11,2026,2,2,3,5,6,17
11,18,2026,2,2,4,2,6,13
11,25,2026,2,2,5,5,8,10
11,31,2026,2,2,4,4,2,12
11,36,2026,2,2,3,2,1,13
11,41,2026,2,2,2,3,7,9
11,47,2026,2,2,1,5,4,10
12,0,2026,2,2,1,6,0,16
12,5,2026,2,2,2,5,0,21
12,11,2026,2,2,3,5,5,21
12,18,2026,2,2,4,4,4,21
12,25,2026,2,2,5,6,13,14
12,31,2026,2,2,4,2,2,14
12,36,2026,2,2,3,3,4,13
12,41,2026,2,2,2,2,2,13
12,47,2026,2,2,1,3,10,6
13,0,2026,2,2,1,23,0,29
13,5,2026,2,2,2,5,4,30
13,11,2026,2,2,3,3,11,22
13,18,2026,2,2,4,23,4,41
13,25,2026,2,2,5,5,20,26
13,31,2026,2,2,4,9,0,35
13,36,2026,2,2,3,2,9,28
13,41,2026,2,2,2,3,9,22
13,47,2026,2,2,1,22,14,30
14,0,2026,2,2,1,10,0,40
14,5,2026,2,2,2,5,13,32
14,11,2026,2,2,3,3,9,26
14,18,2026,2,2,4,30,8,48
14,25,2026,2,2,5,5,20,33
14,31,2026,2,2,4,10,0,43
14,36,2026,2,2,3,6,15,34
14,41,2026,2,2,2,6,13,27
14,47,2026,2,2,1,27,13,41
15,0,2026,2,2,1,25,0,66
15,5,2026,2,2,2,5,19,52
15,11,2026,2,2,3,3,20,35
15,18,2026,2,2,4,27,14,48
15,25,2026,2,2,5,3,20,31
15,31,2026,2,2,4,30,1,60
15,36,2026,2,2,3,5,11,54
15,41,2026,2,2,2,6,20,40
15,47,2026,2,2,1,10,19,31
16,0,2026,2,2,1,6,0,37
16,5,2026,2,2,2,4,7,34
16,11,2026,2,2,3,4,6,32
16,18,2026,2,2,4,4,9,27
16,25,2026,2,2,5,4,20,11
16,31,2026,2,2,4,3,3,11
16,36,2026,2,2,3,4,1,14
16,41,2026,2,2,2,2,5,11
16,47,2026,2,2,1,4,6,9
17,0,2026,2,2,1,4,0,13
17,5,2026,2,2,2,4,3,14
17,11,2026,2,2,3,3,4,13
17,18,2026,2,2,4,5,6,12
17,25,2026,2,2,5,6,6,12
17,31,2026,2,2,4,6,2,16
17,36,2026,2,2,3,5,5,16
17,41,2026,2,2,2,3,5,14
17,47,2026,2,2,1,3,8,9
18,0,2026,2,2,1,3,0,12
18,5,2026,2,2,2,2,0,14
18,11,2026,2,2,3,4,3,15
18,18,2026,2,2,4,3,6,12
18,25,2026,2,2,5,5,7,10
18,31,2026,2,2,4,2,0,12
18,36,2026,2,2,3,6,2,16
18,41,2026,2,2,2,2,2,16
18,47,2026,2,2,1,2,10,8
19,0,2026,2,2,1,4,0,12
19,5,2026,2,2,2,6,1,17
19,11,2026,2,2,3,6,3,20
19,18,2026,2,2,4,2,9,13
19,25,2026,2,2,5,4,7,10
19,31,2026,2,2,4,5,0,15
19,36,2026,2,2,3,4,2,17
19,41,2026,2,2,2,3,7,13
19,47,2026,2,2,1,4,6,11
20,0,2026,2,2,1,4,0,15
20,5,2026,2,2,2,5,3,17
20,11,2026,2,2,3,4,6,15
20,18,2026,2,2,4,4,3,16
20,25,2026,2,2,5,5,8,13
20,31,2026,2,2,4,5,1,17
20,36,2026,2,2,3,6,1,22
20,41,2026,2,2,2,6,5,23
20,47,2026,2,2,1,6,14,15
21,0,2026,2,2,1,4,0,19
21,5,2026,2,2,2,5,2,22
21,11,2026,2,2,3,4,7,19
21,18,2026,2,2,4,4,8,15
21,25,2026,2,2,5,5,9,11
21,31,2026,2,2,4,3,2,12
21,36,2026,2,2,3,4,5,11
21,41,2026,2,2,2,3,4,10
21,47,2026,2,2,1,2,6,6
22,0,2026,2,2,1,6,0,12
22,5,2026,2,2,2,2,2,12
22,11,2026,2,2,3,6,3,15
22,18,2026,2,2,4,2,7,10
22,25,2026,2,2,5,4,7,7
22,31,2026,2,2,4,4,1,10
22,36,2026,2,2,3,5,3,12
22,41,2026,2,2,2,5,6,11
22,47,2026,2,2,1,2,5,8
23,0,2026,2,2,1,5,0,13
23,5,2026,2,2,2,6,1,18
23,11,2026,2,2,3,3,10,11
23,18,2026,2,2,4,6,5,12
23,25,2026,2,2,5,2,4,10
23,31,2026,2,2,4,6,1,15
23,36,2026,2,2,3,4,6,13
23,41,2026,2,2,2,3,8,8
23,47,2026,2,2,1,0,8,0
6,0,2026,2,3,1,5,0,5
6,5,2026,2,3,2,21,1,25
6,11,2026,2,3,3,5,7,23
6,18,2026,2,3,4,4,9,18
6,25,2026,2,3,5,16,11,23
6,31,2026,2,3,4,5,8,20
6,36,2026,2,3,3,19,6,33
6,41,2026,2,3,2,17,5,45
6,47,2026,2,3,1,3,16,32
7,0,2026,2,3,1,4,0,36
7,5,2026,2,3,2,14,1,49
7,11,2026,2,3,3,22,11,60
7,18,2026,2,3,4,2,20,42
7,25,2026,2,3,5,20,13,49
7,31,2026,2,3,4,4,14,39
7,36,2026,2,3,3,15,4,50
7,41,2026,2,3,2,17,13,54
7,47,2026,2,3,1,4,20,38
8,0,2026,2,3,1,1,0,39
8,5,2026,2,3,2,8,0,47
8,11,2026,2,3,3,22,11,58
8,18,2026,2,3,4,2,20,40
8,25,2026,2,3,5,15,13,42
8,31,2026,2,3,4,1,12,31
8,36,2026,2,3,3,15,4,42
8,41,2026,2,3,2,19,8,53
8,47,2026,2,3,1,1,20,34
9,0,2026,2,3,1,1,0,35
9,5,2026,2,3,2,5,0,40
9,11,2026,2,3,3,2,8,34
9,18,2026,2,3,4,2,20,16
9,25,2026,2,3,5,6,7,15
9,31,2026,2,3,4,5,3,17
9,36,2026,2,3,3,4,0,21
9,41,2026,2,3,2,6,1,26
9,47,2026,2,3,1,1,20,7
10,0,2026,2,3,1,4,0,11
10,5,2026,2,3,2,3,2,12
10,11,2026,2,3,3,6,4,14
10,18,2026,2,3,4,4,5,13
10,25,2026,2,3,5,2,5,10
10,31,2026,2,3,4,4,1,13
10,36,2026,2,3,3,3,2,14
10,41,2026,2,3,2,2,4,12
10,47,2026,2,3,1,2,7,7
11,0,2026,2,3,1,4,0,11
11,5,2026,2,3,2,5,1,15
11,11,2026,2,3,3,2,5,12
11,18,2026,2,3,4,4,5,11
11,25,2026,2,3,5,2,5,8
11,31,2026,2,3,4,2,0,10
11,36,2026,2,3,3,6,0,16
11,41,2026,2,3,2,2,4,14
11,47,2026,2,3,1,3,8,9
12,0,2026,2,3,1,3,0,12
12,5,2026,2,3,2,6,2,16
12,11,2026,2,3,3,6,3,19
12,18,2026,2,3,4,3,6,16
12,25,2026,2,3,5,6,10,12
12,31,2026,2,3,4,3,3,12
12,36,2026,2,3,3,3,3,12
12,41,2026,2,3,2,6,2,16
12,47,2026,2,3,1,5,8,13
13,0,2026,2,3,1,21,0,34
13,5,2026,2,3,2,2,6,30
13,11,2026,2,3,3,5,12,23
13,18,2026,2,3,4,18,5,36
13,25,2026,2,3,5,2,19,19
13,31,2026,2,3,4,32,0,51
13,36,2026,2,3,3,5,16,40
13,41,2026,2,3,2,3,15,28
13,47,2026,2,3,1,20,8,40
14,0,2026,2,3,1,26,0,66
14,5,2026,2,3,2,4,18,52
14,11,2026,2,3,3,4,18,38
14,18,2026,2,3,4,11,13,36
14,25,2026,2,3,5,3,20,19
14,31,2026,2,3,4,20,1,38
14,36,2026,2,3,3,6,12,32
14,41,2026,2,3,2,2,14,20
14,47,2026,2,3,1,32,14,38
15,0,2026,2,3,1,14,0,52
15,5,2026,2,3,2,2,15,39
15,11,2026,2,3,3,3,15,27
15,18,2026,2,3,4,25,4,48
15,25,2026,2,3,5,4,20,32
15,31,2026,2,3,4,7,2,37
15,36,2026,2,3,3,5,10,32
15,41,2026,2,3,2,4,20,16
15,47,2026,2,3,1,18,5,29
16,0,2026,2,3,1,6,0,35
16,5,2026,2,3,2,5,5,35
16,11,2026,2,3,3,5,8,32
16,18,2026,2,3,4,6,11,27
16,25,2026,2,3,5,4,18,13
16,31,2026,2,3,4,5,2,16
16,36,2026,2,3,3,3,3,16
16,41,2026,2,3,2,4,4,16
16,47,2026,2,3,1,3,9,10
17,0,2026,2,3,1,5,0,15
17,5,2026,2,3,2,5,2,18
17,11,2026,2,3,3,6,5,19
17,18,2026,2,3,4,6,5,20
17,25,2026,2,3,5,2,9,13
17,31,2026,2,3,4,6,1,18
17,36,2026,2,3,3,5,7,16
17,41,2026,2,3,2,3,3,16
17,47,2026,2,3,1,5,10,11
18,0,2026,2,3,1,2,0,13
18,5,2026,2,3,2,6,0,19
18,11,2026,2,3,3,3,5,17
18,18,2026,2,3,4,3,0,20
18,25,2026,2,3,5,6,16,10
18,31,2026,2,3,4,4,1,13
18,36,2026,2,3,3,5,4,14
18,41,2026,2,3,2,6,6,14
18,47,2026,2,3,1,2,11,5
19,0,2026,2,3,1,4,0,9
19,5,2026,2,3,2,2,1,10
19,11,2026,2,3,3,4,0,14
19,18,2026,2,3,4,4,6,12
19,25,2026,2,3,5,3,7,8
19,31,2026,2,3,4,4,0,12
19,36,2026,2,3,3,5,5,12
19,41,2026,2,3,2,3,1,14
19,47,2026,2,3,1,6,7,13
20,0,2026,2,3,1,2,0,15
20,5,2026,2,3,2,2,4,13
20,11,2026,2,3,3,6,1,18
20,18,2026,2,3,4,3,11,10
20,25,2026,2,3,5,5,4,11
20,31,2026,2,3,4,4,0,15
20,36,2026,2,3,3,6,6,15
20,41,2026,2,3,2,2,5,12
20,47,2026,2,3,1,2,7,7
21,0,2026,2,3,1,3,0,10
21,5,2026,2,3,2,6,1,15
21,11,2026,2,3,3,4,4,15
21,18,2026,2,3,4,4,6,13
21,25,2026,2,3,5,3,7,9
21,31,2026,2,3,4,2,2,9
21,36,2026,2,3,3,2,1,10
21,41,2026,2,3,2,4,3,11
21,47,2026,2,3,1,2,6,7
22,0,2026,2,3,1,2,0,9
22,5,2026,2,3,2,6,1,14
22,11,2026,2,3,3,4,8,10
22,18,2026,2,3,4,5,5,10
22,25,2026,2,3,5,6,5,11
22,31,2026,2,3,4,3,1,13
22,36,2026,2,3,3,4,4,13
22,41,2026,2,3,2,4,7,10
22,47,2026,2,3,1,6,7,9
23,0,2026,2,3,1,5,0,14
23,5,2026,2,3,2,2,2,14
23,11,2026,2,3,3,3,5,12
23,18,2026,2,3,4,4,5,11
23,25,2026,2,3,5,6,8,9
23,31,2026,2,3,4,5,1,13
23,36,2026,2,3,3,6,5,14
23,41,2026,2,3,2,3,6,11
23,47,2026,2,3,1,0,11,0
6,0,2026,2,4,1,2,0,2
6,5,2026,2,4,2,10,0,12
6,11,2026,2,4,3,21,2,31
6,18,2026,2,4,4,6,7,30
6,25,2026,2,4,5,14,7,37
6,31,2026,2,4,4,6,2,41
6,36,2026,2,4,3,14,7,48
6,41,2026,2,4,2,8,13,43
6,47,2026,2,4,1,2,20,25
7,0,2026,2,4,1,4,0,29
7,5,2026,2,4,2,14,1,42
7,11,2026,2,4,3,18,3,57
7,18,2026,2,4,4,2,20,39
7,25,2026,2,4,5,14,14,39
7,31,2026,2,4,4,5,10,34
7,36,2026,2,4,3,21,8,47
7,41,2026,2,4,2,15,6,56
7,47,2026,2,4,1,4,20,40
8,0,2026,2,4,1,4,0,44
8,5,2026,2,4,2,10,3,51
8,11,2026,2,4,3,11,9,53
8,18,2026,2,4,4,5,20,38
8,25,2026,2,4,5,13,17,34
8,31,2026,2,4,4,2,7,29
8,36,2026,2,4,3,16,3,42
8,41,2026,2,4,2,22,7,57
8,47,2026,2,4,1,3,20,40
9,0,2026,2,4,1,3,0,43
9,5,2026,2,4,2,2,2,43
9,11,2026,2,4,3,2,6,39
9,18,2026,2,4,4,1,20,20
9,25,2026,2,4,5,6,15,11
9,31,2026,2,4,4,5,3,13
9,36,2026,2,4,3,2,0,15
9,41,2026,2,4,2,5,1,19
9,47,2026,2,4,1,2,18,3
10,0,2026,2,4,1,5,0,8
10,5,2026,2,4,2,6,1,13
10,11,2026,2,4,3,5,4,14
10,18,2026,2,4,4,3,4,13
10,25,2026,2,4,5,4,7,10
10,31,2026,2,4,4,6,2,14
10,36,2026,2,4,3,2,2,14
10,41,2026,2,4,2,2,3,13
10,47,2026,2,4,1,2,10,5
11,0,2026,2,4,1,4,0,9
11,5,2026,2,4,2,2,1,10
11,11,2026,2,4,3,3,2,11
11,18,2026,2,4,4,4,2,13
11,25,2026,2,4,5,3,9,7
11,31,2026,2,4,4,5,0,12
11,36,2026,2,4,3,2,2,12
11,41,2026,2,4,2,5,5,12
11,47,2026,2,4,1,6,5,13
12,0,2026,2,4,1,5,0,18
12,5,2026,2,4,2,2,1,19
12,11,2026,2,4,3,3,7,15
12,18,2026,2,4,4,4,7,12
12,25,2026,2,4,5,2,9,5
12,31,2026,2,4,4,5,0,10
12,36,2026,2,4,3,3,0,13
12,41,2026,2,4,2,6,4,15
12,47,2026,2,4,1,2,7,10
13,0,2026,2,4,1,24,0,34
13,5,2026,2,4,2,5,4,35
13,11,2026,2,4,3,4,8,31
13,18,2026,2,4,4,18,13,36
13,25,2026,2,4,5,6,16,26
13,31,2026,2,4,4,30,1,55
13,36,2026,2,4,3,4,16,43
13,41,2026,2,4,2,5,18,30
13,47,2026,2,4,1,8,13,25
14,0,2026,2,4,1,15,0,40
14,5,2026,2,4,2,5,9,36
14,11,2026,2,4,3,6,7,35
14,18,2026,2,4,4,29,9,55
14,25,2026,2,4,5,5,20,40
14,31,2026,2,4,4,26,2,64
14,36,2026,2,4,3,5,20,49
14,41,2026,2,4,2,5,20,34
14,47,2026,2,4,1,32,16,50
15,0,2026,2,4,1,16,0,66
15,5,2026,2,4,2,5,11,60
15,11,2026,2,4,3,4,20,44
15,18,2026,2,4,4,8,19,33
15,25,2026,2,4,5,4,20,17
15,31,2026,2,4,4,8,0,25
15,36,2026,2,4,3,5,4,26
15,41,2026,2,4,2,6,10,22
15,47,2026,2,4,1,11,13,20
16,0,2026,2,4,1,6,0,26
16,5,2026,2,4,2,3,4,25
16,11,2026,2,4,3,3,5,23
16,18,2026,2,4,4,5,9,19
16,25,2026,2,4,5,3,11,11
16,31,2026,2,4,4,4,1,14
16,36,2026,2,4,3,6,2,18
16,41,2026,2,4,2,3,3,18
16,47,2026,2,4,1,2,10,10
17,0,2026,2,4,1,3,0,13
17,5,2026,2,4,2,6,1,18
17,11,2026,2,4,3,6,5,19
17,18,2026,2,4,4,3,9,13
17,25,2026,2,4,5,4,8,9
17,31,2026,2,4,4,4,1,12
17,36,2026,2,4,3,5,2,15
17,41,2026,2,4,2,5,5,15
17,47,2026,2,4,1,6,8,13
18,0,2026,2,4,1,3,0,16
18,5,2026,2,4,2,2,4,14
18,11,2026,2,4,3,5,2,17
18,18,2026,2,4,4,3,6,14
18,25,2026,2,4,5,3,8,9
18,31,2026,2,4,4,3,0,12
18,36,2026,2,4,3,6,2,16
18,41,2026,2,4,2,3,6,13
18,47,2026,2,4,1,3,7,9
19,0,2026,2,4,1,5,0,14
19,5,2026,2,4,2,5,3,16
19,11,2026,2,4,3,2,5,13
19,18,2026,2,4,4,5,6,12
19,25,2026,2,4,5,5,6,11
19,31,2026,2,4,4,6,1,16
19,36,2026,2,4,3,4,2,18
19,41,2026,2,4,2,2,4,16
19,47,2026,2,4,1,3,10,9
20,0,2026,2,4,1,3,0,12
20,5,2026,2,4,2,6,2,16
20,11,2026,2,4,3,3,2,17
20,18,2026,2,4,4,4,5,16
20,25,2026,2,4,5,4,11,9
20,31,2026,2,4,4,2,1,10
20,36,2026,2,4,3,2,4,8
20,41,2026,2,4,2,2,5,5
20,47,2026,2,4,1,6,1,10
21,0,2026,2,4,1,2,0,12
21,5,2026,2,4,2,4,3,13
21,11,2026,2,4,3,5,2,16
21,18,2026,2,4,4,3,7,12
21,25,2026,2,4,5,2,7,7
21,31,2026,2,4,4,4,0,11
21,36,2026,2,4,3,3,1,13
21,41,2026,2,4,2,4,1,16
21,47,2026,2,4,1,2,8,10
22,0,2026,2,4,1,6,0,16
22,5,2026,2,4,2,4,2,18
22,11,2026,2,4,3,3,3,18
22,18,2026,2,4,4,4,4,18
22,25,2026,2,4,5,5,13,10
22,31,2026,2,4,4,2,2,10
22,36,2026,2,4,3,5,1,14
22,41,2026,2,4,2,3,5,12
22,47,2026,2,4,1,5,5,12
23,0,2026,2,4,1,2,0,14
23,5,2026,2,4,2,3,0,17
23,11,2026,2,4,3,2,3,16
23,18,2026,2,4,4,3,6,13
23,25,2026,2,4,5,3,10,6
23,31,2026,2,4,4,4,1,9
23,36,2026,2,4,3,5,3,11
23,41,2026,2,4,2,5,6,10
23,47,2026,2,4,1,0,10,0
6,0,2026,2,5,1,4,0,4
6,5,2026,2,5,2,20,1,23
6,11,2026,2,5,3,10,4,29
6,18,2026,2,5,4,6,8,27
6,25,2026,2,5,5,20,12,35
6,31,2026,2,5,4,6,7,34
6,36,2026,2,5,3,18,9,43
6,41,2026,2,5,2,18,6,55
6,47,2026,2,5,1,5,20,40
7,0,2026,2,5,1,2,0,42
7,5,2026,2,5,2,15,6,51
7,11,2026,2,5,3,8,5,54
7,18,2026,2,5,4,2,20,36
7,25,2026,2,5,5,6,15,27
7,31,2026,2,5,4,4,4,27
7,36,2026,2,5,3,14,2,39
7,41,2026,2,5,2,14,5,48
7,47,2026,2,5,1,4,20,32
8,0,2026,2,5,1,2,0,34
8,5,2026,2,5,2,9,1,42
8,11,2026,2,5,3,6,6,42
8,18,2026,2,5,4,3,20,25
8,25,2026,2,5,5,14,9,30
8,31,2026,2,5,4,5,7,28
8,36,2026,2,5,3,22,2,48
8,41,2026,2,5,2,9,6,51
8,47,2026,2,5,1,3,20,34
9,0,2026,2,5,1,3,0,37
9,5,2026,2,5,2,3,3,37
9,11,2026,2,5,3,2,5,34
9,18,2026,2,5,4,3,20,17
9,25,2026,2,5,5,5,10,12
9,31,2026,2,5,4,5,0,17
9,36,2026,2,5,3,5,1,21
9,41,2026,2,5,2,6,0,27
9,47,2026,2,5,1,1,20,8
10,0,2026,2,5,1,3,0,11
10,5,2026,2,5,2,5,0,16
10,11,2026,2,5,3,2,6,12
10,18,2026,2,5,4,5,5,12
10,25,2026,2,5,5,4,7,9
10,31,2026,2,5,4,5,2,12
10,36,2026,2,5,3,4,5,11
10,41,2026,2,5,2,6,4,13
10,47,2026,2,5,1,2,4,11
11,0,2026,2,5,1,5,0,16
11,5,2026,2,5,2,6,2,20
11,11,2026,2,5,3,6,6,20
11,18,2026,2,5,4,3,9,14
11,25,2026,2,5,5,6,10,10
11,31,2026,2,5,4,4,2,12
11,36,2026,2,5,3,4,3,13
11,41,2026,2,5,2,2,2,13
11,47,2026,2,5,1,6,9,10
12,0,2026,2,5,1,3,0,13
12,5,2026,2,5,2,3,1,15
12,11,2026,2,5,3,3,4,14
12,18,2026,2,5,4,3,3,14
12,25,2026,2,5,5,2,10,6
12,31,2026,2,5,4,6,0,12
12,36,2026,2,5,3,2,4,10
12,41,2026,2,5,2,4,5,9
12,47,2026,2,5,1,4,3,10
13,0,2026,2,5,1,28,0,38
13,5,2026,2,5,2,3,9,32
13,11,2026,2,5,3,6,5,33
13,18,2026,2,5,4,9,15,27
13,25,2026,2,5,5,5,17,15
13,31,2026,2,5,4,19,2,32
13,36,2026,2,5,3,5,10,27
13,41,2026,2,5,2,2,11,18
13,47,2026,2,5,1,7,12,13
14,0,2026,2,5,1,11,0,24
14,5,2026,2,5,2,2,1,25
14,11,2026,2,5,3,4,5,24
14,18,2026,2,5,4,28,7,45
14,25,2026,2,5,5,4,20,29
14,31,2026,2,5,4,23,2,50
14,36,2026,2,5,3,5,19,36
14,41,2026,2,5,2,4,17,23
14,47,2026,2,5,1,31,9,45
15,0,2026,2,5,1,17,0,62
15,5,2026,2,5,2,4,15,51
15,11,2026,2,5,3,4,20,35
15,18,2026,2,5,4,32,10,57
15,25,2026,2,5,5,5,20,42
15,31,2026,2,5,4,20,1,61
15,36,2026,2,5,3,3,20,44
15,41,2026,2,5,2,2,20,26
15,47,2026,2,5,1,7,17,16
16,0,2026,2,5,1,6,0,22
16,5,2026,2,5,2,4,4,22
16,11,2026,2,5,3,6,7,21
16,18,2026,2,5,4,2,3,20
16,25,2026,2,5,5,3,13,10
16,31,2026,2,5,4,2,0,12
16,36,2026,2,5,3,2,2,12
16,41,2026,2,5,2,4,5,11
16,47,2026,2,5,1,5,8,8
17,0,2026,2,5,1,3,0,11
17,5,2026,2,5,2,3,3,11
17,11,2026,2,5,3,4,3,12
17,18,2026,2,5,4,3,5,10
17,25,2026,2,5,5,6,6,10
17,31,2026,2,5,4,4,0,14
17,36,2026,2,5,3,4,2,16
17,41,2026,2,5,2,6,8,14
17,47,2026,2,5,1,6,6,14
18,0,2026,2,5,1,5,0,19
18,5,2026,2,5,2,6,2,23
18,11,2026,2,5,3,3,10,16
18,18,2026,2,5,4,5,7,14
18,25,2026,2,5,5,2,7,9
18,31,2026,2,5,4,6,1,14
18,36,2026,2,5,3,5,3,16
18,41,2026,2,5,2,3,6,13
18,47,2026,2,5,1,2,9,6
19,0,2026,2,5,1,4,0,10
19,5,2026,2,5,2,3,2,11
19,11,2026,2,5,3,5,0,16
19,18,2026,2,5,4,3,8,11
19,25,2026,2,5,5,5,5,11
19,31,2026,2,5,4,3,1,13
19,36,2026,2,5,3,2,5,10
19,41,2026,2,5,2,5,1,14
19,47,2026,2,5,1,4,8,10
20,0,2026,2,5,1,2,0,12
20,5,2026,2,5,2,2,2,12
20,11,2026,2,5,3,4,3,13
20,18,2026,2,5,4,3,4,12
20,25,2026,2,5,5,2,6,8
20,31,2026,2,5,4,3,0,11
20,36,2026,2,5,3,3,3,11
20,41,2026,2,5,2,5,5,11
20,47,2026,2,5,1,6,4,13
21,0,2026,2,5,1,3,0,16
21,5,2026,2,5,2,5,1,20
21,11,2026,2,5,3,3,3,20
21,18,2026,2,5,4,5,9,16
21,25,2026,2,5,5,4,12,8
21,31,2026,2,5,4,4,0,12
21,36,2026,2,5,3,2,2,12
21,41,2026,2,5,2,6,5,13
21,47,2026,2,5,1,6,6,13
22,0,2026,2,5,1,2,0,15
22,5,2026,2,5,2,4,1,18
22,11,2026,2,5,3,2,3,17
22,18,2026,2,5,4,3,7,13
22,25,2026,2,5,5,2,8,7
22,31,2026,2,5,4,3,0,10
22,36,2026,2,5,3,2,3,9
22,41,2026,2,5,2,2,1,10
22,47,2026,2,5,1,2,8,4
23,0,2026,2,5,1,2,0,6
23,5,2026,2,5,2,3,2,7
23,11,2026,2,5,3,5,1,11
23,18,2026,2,5,4,6,7,10
23,25,2026,2,5,5,6,2,14
23,31,2026,2,5,4,3,2,15
23,36,2026,2,5,3,3,4,14
23,41,2026,2,5,2,3,7,10
23,47,2026,2,5,1,0,10,0
6,0,2026,2,6,1,3,0,3
6,5,2026,2,6,2,22,0,25
6,11,2026,2,6,3,7,5,27
6,18,2026,2,6,4,6,10,23
6,25,2026,2,6,5,14,15,22
6,31,2026,2,6,4,4,4,22
6,36,2026,2,6,3,22,4,40
6,41,2026,2,6,2,18,11,47
6,47,2026,2,6,1,2,15,34
7,0,2026,2,6,1,1,0,35
7,5,2026,2,6,2,11,1,45
7,11,2026,2,6,3,22,6,61
7,18,2026,2,6,4,1,20,42
7,25,2026,2,6,5,13,14,41
7,31,2026,2,6,4,3,10,34
7,36,2026,2,6,3,7,3,38
7,41,2026,2,6,2,10,10,38
7,47,2026,2,6,1,1,20,19
8,0,2026,2,6,1,4,0,23
8,5,2026,2,6,2,11,2,32
8,11,2026,2,6,3,20,5,47
8,18,2026,2,6,4,5,20,32
8,25,2026,2,6,5,16,8,40
8,31,2026,2,6,4,1,10,31
8,36,2026,2,6,3,5,5,31
8,41,2026,2,6,2,8,7,32
8,47,2026,2,6,1,2,20,14
9,0,2026,2,6,1,3,0,17
9,5,2026,2,6,2,4,2,19
9,11,2026,2,6,3,3,2,20
9,18,2026,2,6,4,2,16,6
9,25,2026,2,6,5,2,2,6
9,31,2026,2,6,4,1,0,7
9,36,2026,2,6,3,3,0,10
9,41,2026,2,6,2,2,0,12
9,47,2026,2,6,1,2,11,3
10,0,2026,2,6,1,3,0,6
10,5,2026,2,6,2,6,0,12
10,11,2026,2,6,3,2,5,9
10,18,2026,2,6,4,3,4,8
10,25,2026,2,6,5,3,4,7
10,31,2026,2,6,4,3,0,10
10,36,2026,2,6,3,5,1,14
10,41,2026,2,6,2,4,4,14
10,47,2026,2,6,1,2,6,10
11,0,2026,2,6,1,5,0,15
11,5,2026,2,6,2,6,1,20
11,11,2026,2,6,3,2,5,17
11,18,2026,2,6,4,2,5,14
11,25,2026,2,6,5,4,8,10
11,31,2026,2,6,4,6,2,14
11,36,2026,2,6,3,3,1,16
11,41,2026,2,6,2,5,7,14
11,47,2026,2,6,1,2,8,8
12,0,2026,2,6,1,2,0,10
12,5,2026,2,6,2,4,2,12
12,11,2026,2,6,3,5,4,13
12,18,2026,2,6,4,4,4,13
12,25,2026,2,6,5,3,8,8
12,31,2026,2,6,4,3,1,10
12,36,2026,2,6,3,2,3,9
12,41,2026,2,6,2,3,1,11
12,47,2026,2,6,1,2,7,6
13,0,2026,2,6,1,23,0,29
13,5,2026,2,6,2,6,12,23
13,11,2026,2,6,3,3,9,17
13,18,2026,2,6,4,7,3,21
13,25,2026,2,6,5,4,15,10
13,31,2026,2,6,4,15,0,25
13,36,2026,2,6,3,6,6,25
13,41,2026,2,6,2,6,9,22
13,47,2026,2,6,1,31,8,45
14,0,2026,2,6,1,21,0,66
14,5,2026,2,6,2,4,18,52
14,11,2026,2,6,3,4,19,37
14,18,2026,2,6,4,18,12,43
14,25,2026,2,6,5,3,20,26
14,31,2026,2,6,4,20,0,46
14,36,2026,2,6,3,4,19,31
14,41,2026,2,6,2,3,10,24
14,47,2026,2,6,1,8,15,17
15,0,2026,2,6,1,32,0,49
15,5,2026,2,6,2,5,18,36
15,11,2026,2,6,3,2,20,18
15,18,2026,2,6,4,24,5,37
15,25,2026,2,6,5,6,17,26
15,31,2026,2,6,4,26,2,50
15,36,2026,2,6,3,4,16,38
15,41,2026,2,6,2,4,14,28
15,47,2026,2,6,1,10,20,18
16,0,2026,2,6,1,3,0,21
16,5,2026,2,6,2,2,1,22
16,11,2026,2,6,3,6,6,22
16,18,2026,2,6,4,2,3,21
16,25,2026,2,6,5,3,15,9
16,31,2026,2,6,4,4,2,11
16,36,2026,2,6,3,4,3,12
16,41,2026,2,6,2,2,5,9
16,47,2026,2,6,1,2,4,7
17,0,2026,2,6,1,5,0,12
17,5,2026,2,6,2,5,3,14
17,11,2026,2,6,3,5,4,15
17,18,2026,2,6,4,2,5,12
17,25,2026,2,6,5,4,8,8
17,31,2026,2,6,4,3,1,10
17,36,2026,2,6,3,3,1,12
17,41,2026,2,6,2,6,7,11
17,47,2026,2,6,1,4,1,14
18,0,2026,2,6,1,4,0,18
18,5,2026,2,6,2,6,2,22
18,11,2026,2,6,3,6,6,22
18,18,2026,2,6,4,5,7,20
18,25,2026,2,6,5,5,10,15
18,31,2026,2,6,4,3,3,15
18,36,2026,2,6,3,4,6,13
18,41,2026,2,6,2,2,6,9
18,47,2026,2,6,1,4,5,8
19,0,2026,2,6,1,6,0,14
19,5,2026,2,6,2,6,3,17
19,11,2026,2,6,3,4,6,15
19,18,2026,2,6,4,3,4,14
19,25,2026,2,6,5,2,11,5
19,31,2026,2,6,4,5,0,10
19,36,2026,2,6,3,4,3,11
19,41,2026,2,6,2,5,2,14
19,47,2026,2,6,1,3,5,12
20,0,2026,2,6,1,3,0,15
20,5,2026,2,6,2,2,0,17
20,11,2026,2,6,3,4,7,14
20,18,2026,2,6,4,2,5,11
20,25,2026,2,6,5,5,9,7
20,31,2026,2,6,4,2,1,8
20,36,2026,2,6,3,3,1,10
20,41,2026,2,6,2,5,5,10
20,47,2026,2,6,1,2,3,9
21,0,2026,2,6,1,5,0,14
21,5,2026,2,6,2,4,1,17
21,11,2026,2,6,3,2,1,18
21,18,2026,2,6,4,6,8,16
21,25,2026,2,6,5,4,7,13
21,31,2026,2,6,4,4,1,16
21,36,2026,2,6,3,6,5,17
21,41,2026,2,6,2,2,4,15
21,47,2026,2,6,1,5,8,12
22,0,2026,2,6,1,2,0,14
22,5,2026,2,6,2,5,2,17
22,11,2026,2,6,3,5,4,18
22,18,2026,2,6,4,2,3,17
22,25,2026,2,6,5,2,11,8
22,31,2026,2,6,4,2,2,8
22,36,2026,2,6,3,4,1,11
22,41,2026,2,6,2,6,3,14
22,47,2026,2,6,1,3,7,10
23,0,2026,2,6,1,3,0,13
23,5,2026,2,6,2,6,3,16
23,11,2026,2,6,3,5,1,20
23,18,2026,2,6,4,5,12,13
23,25,2026,2,6,5,6,8,11
23,31,2026,2,6,4,2,2,11
23,36,2026,2,6,3,3,3,11
23,41,2026,2,6,2,5,5,11
23,47,2026,2,6,1,0,11,0
6,0,2026,2,7,1,6,0,6
6,5,2026,2,7,2,18,0,24
6,11,2026,2,7,3,9,9,24
6,18,2026,2,7,4,4,8,20
6,25,2026,2,7,5,19,8,31
6,31,2026,2,7,4,2,4,29
6,36,2026,2,7,3,8,6,31
6,41,2026,2,7,2,12,11,32
6,47,2026,2,7,1,2,15,19
7,0,2026,2,7,1,2,0,21
7,5,2026,2,7,2,14,0,35
7,11,2026,2,7,3,12,3,44
7,18,2026,2,7,4,3,20,27
7,25,2026,2,7,5,15,5,37
7,31,2026,2,7,4,1,13,25
7,36,2026,2,7,3,20,0,45
7,41,2026,2,7,2,8,6,47
7,47,2026,2,7,1,3,20,30
8,0,2026,2,7,1,3,0,33
8,5,2026,2,7,2,13,1,45
8,11,2026,2,7,3,21,7,59
8,18,2026,2,7,4,5,20,44
8,25,2026,2,7,5,15,16,43
8,31,2026,2,7,4,5,6,42
8,36,2026,2,7,3,21,9,54
8,41,2026,2,7,2,20,13,61
8,47,2026,2,7,1,3,20,44
9,0,2026,2,7,1,4,0,48
9,5,2026,2,7,2,5,3,50
9,11,2026,2,7,3,5,9,46
9,18,2026,2,7,4,4,20,30
9,25,2026,2,7,5,4,20,14
9,31,2026,2,7,4,4,0,18
9,36,2026,2,7,3,3,2,19
9,41,2026,2,7,2,3,1,21
9,47,2026,2,7,1,2,19,4
10,0,2026,2,7,1,2,0,6
10,5,2026,2,7,2,5,1,10
10,11,2026,2,7,3,5,1,14
10,18,2026,2,7,4,2,4,12
10,25,2026,2,7,5,2,5,9
10,31,2026,2,7,4,4,0,13
10,36,2026,2,7,3,6,2,17
10,41,2026,2,7,2,3,6,14
10,47,2026,2,7,1,3,9,8
11,0,2026,2,7,1,5,0,13
11,5,2026,2,7,2,2,1,14
11,11,2026,2,7,3,5,4,15
11,18,2026,2,7,4,3,5,13
11,25,2026,2,7,5,3,6,10
11,31,2026,2,7,4,5,0,15
11,36,2026,2,7,3,5,5,15
11,41,2026,2,7,2,6,7,14
11,47,2026,2,7,1,3,4,13
12,0,2026,2,7,1,2,0,15
12,5,2026,2,7,2,4,1,18
12,11,2026,2,7,3,3,4,17
12,18,2026,2,7,4,6,6,17
12,25,2026,2,7,5,5,10,12
12,31,2026,2,7,4,6,1,17
12,36,2026,2,7,3,6,4,19
12,41,2026,2,7,2,2,8,13
12,47,2026,2,7,1,5,10,8
13,0,2026,2,7,1,13,0,21
13,5,2026,2,7,2,4,6,19
13,11,2026,2,7,3,6,7,18
13,18,2026,2,7,4,10,4,24
13,25,2026,2,7,5,2,15,11
13,31,2026,2,7,4,11,1,21
13,36,2026,2,7,3,6,6,21
13,41,2026,2,7,2,3,11,13
13,47,2026,2,7,1,22,5,30
14,0,2026,2,7,1,18,0,48
14,5,2026,2,7,2,6,10,44
14,11,2026,2,7,3,5,16,33
14,18,2026,2,7,4,9,9,33
14,25,2026,2,7,5,2,20,15
14,31,2026,2,7,4,23,0,38
14,36,2026,2,7,3,4,12,30
14,41,2026,2,7,2,6,12,24
14,47,2026,2,7,1,28,9,43
15,0,2026,2,7,1,7,0,50
15,5,2026,2,7,2,5,13,42
15,11,2026,2,7,3,5,12,35
15,18,2026,2,7,4,22,11,46
15,25,2026,2,7,5,2,20,28
15,31,2026,2,7,4,22,0,50
15,36,2026,2,7,3,3,15,38
15,41,2026,2,7,2,2,20,20
15,47,2026,2,7,1,13,11,22
16,0,2026,2,7,1,5,0,27
16,5,2026,2,7,2,2,5,24
16,11,2026,2,7,3,6,8,22
16,18,2026,2,7,4,6,8,20
16,25,2026,2,7,5,2,13,9
16,31,2026,2,7,4,3,0,12
16,36,2026,2,7,3,6,5,13
16,41,2026,2,7,2,2,4,11
16,47,2026,2,7,1,6,7,10
17,0,2026,2,7,1,5,0,15
17,5,2026,2,7,2,2,1,16
17,11,2026,2,7,3,3,5,14
17,18,2026,2,7,4,4,6,12
17,25,2026,2,7,5,2,5,9
17,31,2026,2,7,4,5,1,13
17,36,2026,2,7,3,6,2,17
17,41,2026,2,7,2,4,2,19
17,47,2026,2,7,1,4,11,12
18,0,2026,2,7,1,4,0,16
18,5,2026,2,7,2,6,4,18
18,11,2026,2,7,3,4,5,17
18,18,2026,2,7,4,2,6,13
18,25,2026,2,7,5,3,8,8
18,31,2026,2,7,4,6,2,12
18,36,2026,2,7,3,5,3,14
18,41,2026,2,7,2,6,2,18
18,47,2026,2,7,1,3,6,15
19,0,2026,2,7,1,2,0,17
19,5,2026,2,7,2,2,0,19
19,11,2026,2,7,3,4,3,20
19,18,2026,2,7,4,3,7,16
19,25,2026,2,7,5,6,11,11
19,31,2026,2,7,4,4,2,13
19,36,2026,2,7,3,5,1,17
19,41,2026,2,7,2,4,5,16
19,47,2026,2,7,1,6,10,12
20,0,2026,2,7,1,4,0,16
20,5,2026,2,7,2,5,3,18
20,11,2026,2,7,3,5,5,18
20,18,2026,2,7,4,5,10,13
20,25,2026,2,7,5,4,8,9
20,31,2026,2,7,4,4,2,11
20,36,2026,2,7,3,5,4,12
20,41,2026,2,7,2,2,5,9
20,47,2026,2,7,1,6,5,10
21,0,2026,2,7,1,2,0,12
21,5,2026,2,7,2,4,1,15
21,11,2026,2,7,3,6,5,16
21,18,2026,2,7,4,6,10,12
21,25,2026,2,7,5,4,4,12
21,31,2026,2,7,4,2,1,13
21,36,2026,2,7,3,4,3,14
21,41,2026,2,7,2,3,0,17
21,47,2026,2,7,1,5,12,10
22,0,2026,2,7,1,2,0,12
22,5,2026,2,7,2,2,2,12
22,11,2026,2,7,3,3,1,14
22,18,2026,2,7,4,3,4,13
22,25,2026,2,7,5,6,9,10
22,31,2026,2,7,4,3,1,12
22,36,2026,2,7,3,2,3,11
22,41,2026,2,7,2,5,3,13
22,47,2026,2,7,1,5,8,10
23,0,2026,2,7,1,5,0,15
23,5,2026,2,7,2,4,2,17
23,11,2026,2,7,3,3,7,13
23,18,2026,2,7,4,4,5,12
23,25,2026,2,7,5,3,5,10
23,31,2026,2,7,4,6,0,16
23,36,2026,2,7,3,2,3,15
23,41,2026,2,7,2,6,11,10
23,47,2026,2,7,1,0,10,0
6,0,2026,2,8,1,3,0,3
6,5,2026,2,8,2,11,0,14
6,11,2026,2,8,3,13,7,20
6,18,2026,2,8,4,2,7,15
6,25,2026,2,8,5,6,4,17
6,31,2026,2,8,4,3,1,19
6,36,2026,2,8,3,5,4,20
6,41,2026,2,8,2,19,5,34
6,47,2026,2,8,1,6,11,29
7,0,2026,2,8,1,2,0,31
7,5,2026,2,8,2,9,2,38
7,11,2026,2,8,3,11,6,43
7,18,2026,2,8,4,4,20,27
7,25,2026,2,8,5,7,9,25
7,31,2026,2,8,4,5,4,26
7,36,2026,2,8,3,16,2,40
7,41,2026,2,8,2,13,4,49
7,47,2026,2,8,1,4,20,33
8,0,2026,2,8,1,3,0,36
8,5,2026,2,8,2,14,3,47
8,11,2026,2,8,3,14,7,54
8,18,2026,2,8,4,2,20,36
8,25,2026,2,8,5,5,13,28
8,31,2026,2,8,4,3,5,26
8,36,2026,2,8,3,21,3,44
8,41,2026,2,8,2,20,4,60
8,47,2026,2,8,1,2,20,42
9,0,2026,2,8,1,3,0,45
9,5,2026,2,8,2,4,2,47
9,11,2026,2,8,3,2,11,38
9,18,2026,2,8,4,1,20,19
9,25,2026,2,8,5,3,12,10
9,31,2026,2,8,4,3,2,11
9,36,2026,2,8,3,6,0,17
9,41,2026,2,8,2,2,0,19
9,47,2026,2,8,1,3,16,6
10,0,2026,2,8,1,5,0,11
10,5,2026,2,8,2,6,3,14
10,11,2026,2,8,3,4,5,13
10,18,2026,2,8,4,5,4,14
10,25,2026,2,8,5,2,8,8
10,31,2026,2,8,4,4,1,11
10,36,2026,2,8,3,2,3,10
10,41,2026,2,8,2,4,3,11
10,47,2026,2,8,1,6,8,9
11,0,2026,2,8,1,3,0,12
11,5,2026,2,8,2,5,1,16
11,11,2026,2,8,3,6,8,14
11,18,2026,2,8,4,5,5,14
11,25,2026,2,8,5,3,4,13
11,31,2026,2,8,4,5,1,17
11,36,2026,2,8,3,3,4,16
11,41,2026,2,8,2,4,4,16
11,47,2026,2,8,1,2,11,7
12,0,2026,2,8,1,2,0,9
12,5,2026,2,8,2,2,0,11
12,11,2026,2,8,3,4,1,14
12,18,2026,2,8,4,3,4,13
12,25,2026,2,8,5,4,10,7
12,31,2026,2,8,4,4,1,10
12,36,2026,2,8,3,6,4,12
12,41,2026,2,8,2,5,5,12
12,47,2026,2,8,1,2,8,6
13,0,2026,2,8,1,27,0,33
13,5,2026,2,8,2,6,9,30
13,11,2026,2,8,3,2,11,21
13,18,2026,2,8,4,29,10,40
13,25,2026,2,8,5,3,16,27
13,31,2026,2,8,4,25,0,52
13,36,2026,2,8,3,5,18,39
13,41,2026,2,8,2,6,19,26
13,47,2026,2,8,1,27,11,42
14,0,2026,2,8,1,24,0,66
14,5,2026,2,8,2,4,19,51
14,11,2026,2,8,3,6,19,38
14,18,2026,2,8,4,8,16,30
14,25,2026,2,8,5,6,20,16
14,31,2026,2,8,4,20,1,35
14,36,2026,2,8,3,6,10,31
14,41,2026,2,8,2,2,15,18
14,47,2026,2,8,1,28,9,37
15,0,2026,2,8,1,22,0,59
15,5,2026,2,8,2,6,14,51
15,11,2026,2,8,3,5,20,36
15,18,2026,2,8,4,24,9,51
15,25,2026,2,8,5,3,20,34
15,31,2026,2,8,4,30,0,64
15,36,2026,2,8,3,6,20,50
15,41,2026,2,8,2,6,18,38
15,47,2026,2,8,1,23,20,41
16,0,2026,2,8,1,5,0,46
16,5,2026,2,8,2,2,7,41
16,11,2026,2,8,3,3,12,32
16,18,2026,2,8,4,4,9,27
16,25,2026,2,8,5,2,20,9
16,31,2026,2,8,4,3,0,12
16,36,2026,2,8,3,4,0,16
16,41,2026,2,8,2,5,9,12
16,47,2026,2,8,1,5,6,11
17,0,2026,2,8,1,3,0,14
17,5,2026,2,8,2,6,4,16
17,11,2026,2,8,3,6,3,19
17,18,2026,2,8,4,4,5,18
17,25,2026,2,8,5,3,8,13
17,31,2026,2,8,4,2,2,13
17,36,2026,2,8,3,5,2,16
17,41,2026,2,8,2,5,7,14
17,47,2026,2,8,1,5,10,9
18,0,2026,2,8,1,3,0,12
18,5,2026,2,8,2,4,2,14
18,11,2026,2,8,3,2,3,13
18,18,2026,2,8,4,5,7,11
18,25,2026,2,8,5,4,6,9
18,31,2026,2,8,4,5,1,13
18,36,2026,2,8,3,5,4,14
18,41,2026,2,8,2,5,5,14
18,47,2026,2,8,1,2,6,10
19,0,2026,2,8,1,5,0,15
19,5,2026,2,8,2,5,1,19
19,11,2026,2,8,3,4,6,17
19,18,2026,2,8,4,2,5,14
19,25,2026,2,8,5,4,10,8
19,31,2026,2,8,4,2,0,10
19,36,2026,2,8,3,3,3,10
19,41,2026,2,8,2,4,4,10
19,47,2026,2,8,1,2,3,9
20,0,2026,2,8,1,4,0,13
20,5,2026,2,8,2,3,2,14
20,11,2026,2,8,3,5,2,17
20,18,2026,2,8,4,4,6,15
20,25,2026,2,8,5,4,7,12
20,31,2026,2,8,4,5,2,15
20,36,2026,2,8,3,5,3,17
20,41,2026,2,8,2,3,6,14
20,47,2026,2,8,1,4,7,11
21,0,2026,2,8,1,2,0,13
21,5,2026,2,8,2,5,2,16
21,11,2026,2,8,3,3,3,16
21,18,2026,2,8,4,6,5,17
21,25,2026,2,8,5,4,12,9
21,31,2026,2,8,4,6,0,15
21,36,2026,2,8,3,6,2,19
21,41,2026,2,8,2,2,8,13
21,47,2026,2,8,1,3,9,7
22,0,2026,2,8,1,3,0,10
22,5,2026,2,8,2,3,1,12
22,11,2026,2,8,3,6,4,14
22,18,2026,2,8,4,5,4,15
22,25,2026,2,8,5,5,9,11
22,31,2026,2,8,4,6,1,16
22,36,2026,2,8,3,2,5,13
22,41,2026,2,8,2,4,7,10
22,47,2026,2,8,1,3,5,8
23,0,2026,2,8,1,3,0,11
23,5,2026,2,8,2,2,3,10
23,11,2026,2,8,3,4,5,9
23,18,2026,2,8,4,3,3,9
23,25,2026,2,8,5,3,6,6
23,31,2026,2,8,4,5,2,9
23,36,2026,2,8,3,4,2,11
23,41,2026,2,8,2,6,5,12
23,47,2026,2,8,1,0,12,0
6,0,2026,2,9,1,4,0,4
6,5,2026,2,9,2,15,1,18
6,11,2026,2,9,3,22,5,35
6,18,2026,2,9,4,4,11,28
6,25,2026,2,9,5,17,16,29
6,31,2026,2,9,4,5,6,28
6,36,2026,2,9,3,18,4,42
6,41,2026,2,9,2,17,12,47
6,47,2026,2,9,1,2,16,33
7,0,2026,2,9,1,4,0,37
7,5,2026,2,9,2,18,2,53
7,11,2026,2,9,3,10,7,56
7,18,2026,2,9,4,4,20,40
7,25,2026,2,9,5,6,15,31
7,31,2026,2,9,4,5,4,32
7,36,2026,2,9,3,6,5,33
7,41,2026,2,9,2,6,6,33
7,47,2026,2,9,1,2,20,15
8,0,2026,2,9,1,2,0,17
8,5,2026,2,9,2,20,1,36
8,11,2026,2,9,3,21,4,53
8,18,2026,2,9,4,3,20,36
8,25,2026,2,9,5,13,6,43
8,31,2026,2,9,4,3,11,35
8,36,2026,2,9,3,8,3,40
8,41,2026,2,9,2,12,12,40
8,47,2026,2,9,1,3,20,23
9,0,2026,2,9,1,1,0,24
9,5,2026,2,9,2,3,0,27
9,11,2026,2,9,3,5,2,30
9,18,2026,2,9,4,5,18,17
9,25,2026,2,9,5,6,6,17
9,31,2026,2,9,4,4,2,19
9,36,2026,2,9,3,2,0,21
9,41,2026,2,9,2,2,4,19
9,47,2026,2,9,1,4,19,4
10,0,2026,2,9,1,2,0,6
10,5,2026,2,9,2,5,2,9
10,11,2026,2,9,3,3,2,10
10,18,2026,2,9,4,6,4,12
10,25,2026,2,9,5,5,4,13
10,31,2026,2,9,4,5,0,18
10,36,2026,2,9,3,4,3,19
10,41,2026,2,9,2,3,4,18
10,47,2026,2,9,1,6,14,10
11,0,2026,2,9,1,3,0,13
11,5,2026,2,9,2,4,1,16
11,11,2026,2,9,3,2,4,14
11,18,2026,2,9,4,4,5,13
11,25,2026,2,9,5,2,6,9
11,31,2026,2,9,4,3,1,11
11,36,2026,2,9,3,6,0,17
11,41,2026,2,9,2,5,6,16
11,47,2026,2,9,1,3,8,11
12,0,2026,2,9,1,2,0,13
12,5,2026,2,9,2,4,2,15
12,11,2026,2,9,3,3,2,16
12,18,2026,2,9,4,6,4,18
12,25,2026,2,9,5,4,13,9
12,31,2026,2,9,4,3,2,10
12,36,2026,2,9,3,5,0,15
12,41,2026,2,9,2,5,5,15
12,47,2026,2,9,1,6,9,12
13,0,2026,2,9,1,32,0,44
13,5,2026,2,9,2,6,10,40
13,11,2026,2,9,3,2,11,31
13,18,2026,2,9,4,24,9,46
13,25,2026,2,9,5,3,20,29
13,31,2026,2,9,4,29,1,57
13,36,2026,2,9,3,3,16,44
13,41,2026,2,9,2,4,20,28
13,47,2026,2,9,1,24,9,43
14,0,2026,2,9,1,16,0,59
14,5,2026,2,9,2,3,14,48
14,11,2026,2,9,3,6,20,34
14,18,2026,2,9,4,25,11,48
14,25,2026,2,9,5,5,20,33
14,31,2026,2,9,4,26,3,56
14,36,2026,2,9,3,2,19,39
14,41,2026,2,9,2,5,20,24
14,47,2026,2,9,1,27,11,40
15,0,2026,2,9,1,17,0,57
15,5,2026,2,9,2,6,13,50
15,11,2026,2,9,3,2,18,34
15,18,2026,2,9,4,9,11,32
15,25,2026,2,9,5,4,20,16
15,31,2026,2,9,4,20,0,36
15,36,2026,2,9,3,6,14,28
15,41,2026,2,9,2,2,10,20
15,47,2026,2,9,1,21,11,30
16,0,2026,2,9,1,2,0,32
16,5,2026,2,9,2,4,4,32
16,11,2026,2,9,3,2,10,24
16,18,2026,2,9,4,2,9,17
16,25,2026,2,9,5,3,12,8
16,31,2026,2,9,4,4,0,12
16,36,2026,2,9,3,4,1,15
16,41,2026,2,9,2,3,6,12
16,47,2026,2,9,1,4,6,10
17,0,2026,2,9,1,2,0,12
17,5,2026,2,9,2,3,1,14
17,11,2026,2,9,3,3,2,15
17,18,2026,2,9,4,4,8,11
17,25,2026,2,9,5,2,4,9
17,31,2026,2,9,4,5,0,14
17,36,2026,2,9,3,2,4,12
17,41,2026,2,9,2,4,6,10
17,47,2026,2,9,1,3,8,5
18,0,2026,2,9,1,2,0,7
18,5,2026,2,9,2,4,2,9
18,11,2026,2,9,3,4,2,11
18,18,2026,2,9,4,4,9,6
18,25,2026,2,9,5,5,0,11
18,31,2026,2,9,4,3,2,12
18,36,2026,2,9,3,6,4,14
18,41,2026,2,9,2,3,6,11
18,47,2026,2,9,1,3,6,8
19,0,2026,2,9,1,3,0,11
19,5,2026,2,9,2,5,0,16
19,11,2026,2,9,3,3,3,16
19,18,2026,2,9,4,5,8,13
19,25,2026,2,9,5,4,8,9
19,31,2026,2,9,4,4,3,10
19,36,2026,2,9,3,5,3,12
19,41,2026,2,9,2,2,4,10
19,47,2026,2,9,1,2,5,7
20,0,2026,2,9,1,4,0,11
20,5,2026,2,9,2,3,3,11
20,11,2026,2,9,3,5,2,14
20,18,2026,2,9,4,6,5,15
20,25,2026,2,9,5,5,9,11
20,31,2026,2,9,4,2,0,13
20,36,2026,2,9,3,4,4,13
20,41,2026,2,9,2,4,6,11
20,47,2026,2,9,1,6,7,10
21,0,2026,2,9,1,3,0,13
21,5,2026,2,9,2,5,4,14
21,11,2026,2,9,3,5,3,16
21,18,2026,2,9,4,2,8,10
21,25,2026,2,9,5,3,5,8
21,31,2026,2,9,4,6,1,13
21,36,2026,2,9,3,4,3,14
21,41,2026,2,9,2,3,3,14
21,47,2026,2,9,1,6,8,12
22,0,2026,2,9,1,4,0,16
22,5,2026,2,9,2,5,2,19
22,11,2026,2,9,3,5,6,18
22,18,2026,2,9,4,4,8,14
22,25,2026,2,9,5,3,7,10
22,31,2026,2,9,4,6,1,15
22,36,2026,2,9,3,6,4,17
22,41,2026,2,9,2,5,10,12
22,47,2026,2,9,1,5,7,10
23,0,2026,2,9,1,4,0,14
23,5,2026,2,9,2,3,4,13
23,11,2026,2,9,3,2,3,12
23,18,2026,2,9,4,3,6,9
23,25,2026,2,9,5,3,7,5
23,31,2026,2,9,4,2,0,7
23,36,2026,2,9,3,2,1,8
23,41,2026,2,9,2,3,3,8
23,47,2026,2,9,1,0,8,0
6,0,2026,2,10,1,4,0,4
6,5,2026,2,10,2,16,2,18
6,11,2026,2,10,3,17,7,28
6,18,2026,2,10,4,6,12,22
6,25,2026,2,10,5,15,4,33
6,31,2026,2,10,4,6,2,37
6,36,2026,2,10,3,17,2,52
6,41,2026,2,10,2,20,18,54
6,47,2026,2,10,1,2,20,36
7,0,2026,2,10,1,1,0,37
7,5,2026,2,10,2,11,0,48
7,11,2026,2,10,3,18,7,59
7,18,2026,2,10,4,2,20,41
7,25,2026,2,10,5,21,17,45
7,31,2026,2,10,4,1,15,31
7,36,2026,2,10,3,13,2,42
7,41,2026,2,10,2,21,8,55
7,47,2026,2,10,1,1,20,36
8,0,2026,2,10,1,1,0,37
8,5,2026,2,10,2,20,1,56
8,11,2026,2,10,3,8,5,59
8,18,2026,2,10,4,5,20,44
8,25,2026,2,10,5,22,18,48
8,31,2026,2,10,4,4,17,35
8,36,2026,2,10,3,16,10,41
8,41,2026,2,10,2,17,6,52
8,47,2026,2,10,1,2,20,34
9,0,2026,2,10,1,1,0,35
9,5,2026,2,10,2,2,2,35
9,11,2026,2,10,3,6,2,39
9,18,2026,2,10,4,3,20,22
9,25,2026,2,10,5,3,11,14
9,31,2026,2,10,4,4,1,17
9,36,2026,2,10,3,2,0,19
9,41,2026,2,10,2,5,3,21
9,47,2026,2,10,1,4,19,6
10,0,2026,2,10,1,2,0,8
10,5,2026,2,10,2,2,1,9
10,11,2026,2,10,3,5,2,12
10,18,2026,2,10,4,3,4,11
10,25,2026,2,10,5,2,6,7
10,31,2026,2,10,4,3,0,10
10,36,2026,2,10,3,5,2,13
10,41,2026,2,10,2,6,7,12
10,47,2026,2,10,1,5,4,13
11,0,2026,2,10,1,5,0,18
11,5,2026,2,10,2,4,2,20
11,11,2026,2,10,3,3,7,16
11,18,2026,2,10,4,5,7,14
11,25,2026,2,10,5,3,9,8
11,31,2026,2,10,4,5,0,13
11,36,2026,2,10,3,5,9,9
11,41,2026,2,10,2,2,2,9
11,47,2026,2,10,1,4,5,8
12,0,2026,2,10,1,3,0,11
12,5,2026,2,10,2,2,1,12
12,11,2026,2,10,3,6,4,14
12,18,2026,2,10,4,2,9,7
12,25,2026,2,10,5,6,4,9
12,31,2026,2,10,4,4,4,9
12,36,2026,2,10,3,2,1,10
12,41,2026,2,10,2,3,4,9
12,47,2026,2,10,1,3,6,6
13,0,2026,2,10,1,15,0,21
13,5,2026,2,10,2,6,5,22
13,11,2026,2,10,3,2,8,16
13,18,2026,2,10,4,13,4,25
13,25,2026,2,10,5,2,14,13
13,31,2026,2,10,4,30,0,43
13,36,2026,2,10,3,3,12,34
13,41,2026,2,10,2,3,19,18
13,47,2026,2,10,1,17,8,27
14,0,2026,2,10,1,30,0,57
14,5,2026,2,10,2,3,12,48
14,11,2026,2,10,3,5,19,34
14,18,2026,2,10,4,10,9,35
14,25,2026,2,10,5,4,20,19
14,31,2026,2,10,4,21,2,38
14,36,2026,2,10,3,6,8,36
14,41,2026,2,10,2,4,15,25
14,47,2026,2,10,1,19,16,28
15,0,2026,2,10,1,20,0,48
15,5,2026,2,10,2,2,11,39
15,11,2026,2,10,3,2,13,28
15,18,2026,2,10,4,18,14,32
15,25,2026,2,10,5,6,15,23
15,31,2026,2,10,4,30,3,50
15,36,2026,2,10,3,3,19,34
15,41,2026,2,10,2,6,13,27
15,47,2026,2,10,1,13,10,30
16,0,2026,2,10,1,4,0,34
16,5,2026,2,10,2,6,3,37
16,11,2026,2,10,3,4,7,34
16,18,2026,2,10,4,5,9,30
16,25,2026,2,10,5,2,20,12
16,31,2026,2,10,4,3,1,14
16,36,2026,2,10,3,3,2,15
16,41,2026,2,10,2,3,6,12
16,47,2026,2,10,1,5,7,10
17,0,2026,2,10,1,2,0,12
17,5,2026,2,10,2,6,2,16
17,11,2026,2,10,3,4,6,14
17,18,2026,2,10,4,4,4,14
17,25,2026,2,10,5,3,10,7
17,31,2026,2,10,4,2,1,8
17,36,2026,2,10,3,3,4,7
17,41,2026,2,10,2,6,2,11
17,47,2026,2,10,1,5,3,13
18,0,2026,2,10,1,5,0,18
18,5,2026,2,10,2,4,3,19
18,11,2026,2,10,3,6,5,20
18,18,2026,2,10,4,2,11,11
18,25,2026,2,10,5,4,6,9
18,31,2026,2,10,4,2,1,10
18,36,2026,2,10,3,5,2,13
18,41,2026,2,10,2,6,2,17
18,47,2026,2,10,1,6,11,12
19,0,2026,2,10,1,4,0,16
19,5,2026,2,10,2,2,3,15
19,11,2026,2,10,3,2,4,13
19,18,2026,2,10,4,6,8,11
19,25,2026,2,10,5,2,5,8
19,31,2026,2,10,4,4,0,12
19,36,2026,2,10,3,6,3,15
19,41,2026,2,10,2,3,4,14
19,47,2026,2,10,1,2,6,10
20,0,2026,2,10,1,4,0,14
20,5,2026,2,10,2,2,1,15
20,11,2026,2,10,3,4,4,15
20,18,2026,2,10,4,3,6,12
20,25,2026,2,10,5,2,9,5
20,31,2026,2,10,4,2,1,6
20,36,2026,2,10,3,4,2,8
20,41,2026,2,10,2,3,1,10
20,47,2026,2,10,1,6,4,12
21,0,2026,2,10,1,6,0,18
21,5,2026,2,10,2,4,2,20
21,11,2026,2,10,3,2,4,18
21,18,2026,2,10,4,5,9,14
21,25,2026,2,10,5,2,11,5
21,31,2026,2,10,4,2,0,7
21,36,2026,2,10,3,3,1,9
21,41,2026,2,10,2,2,3,8
21,47,2026,2,10,1,6,4,10
22,0,2026,2,10,1,5,0,15
22,5,2026,2,10,2,6,1,20
22,11,2026,2,10,3,6,5,21
22,18,2026,2,10,4,2,9,14
22,25,2026,2,10,5,5,8,11
22,31,2026,2,10,4,3,2,12
22,36,2026,2,10,3,6,0,18
22,41,2026,2,10,2,6,9,15
22,47,2026,2,10,1,4,10,9
23,0,2026,2,10,1,2,0,11
23,5,2026,2,10,2,2,4,9
23,11,2026,2,10,3,6,2,13
23,18,2026,2,10,4,3,2,14
23,25,2026,2,10,5,6,4,16
23,31,2026,2,10,4,2,4,14
23,36,2026,2,10,3,5,3,16
23,41,2026,2,10,2,3,9,10
23,47,2026,2,10,1,0,10,0
6,0,2026,2,11,1,2,0,2
6,5,2026,2,11,2,14,0,16
6,11,2026,2,11,3,18,3,31
6,18,2026,2,11,4,4,10,25
6,25,2026,2,11,5,8,12,21
6,31,2026,2,11,4,2,1,22
6,36,2026,2,11,3,19,4,37
6,41,2026,2,11,2,17,6,48
6,47,2026,2,11,1,3,20,31
7,0,2026,2,11,1,2,0,33
7,5,2026,2,11,2,21,2,52
7,11,2026,2,11,3,15,6,61
7,18,2026,2,11,4,1,20,42
7,25,2026,2,11,5,20,16,46
7,31,2026,2,11,4,1,14,33
7,36,2026,2,11,3,16,4,45
7,41,2026,2,11,2,21,11,55
7,47,2026,2,11,1,2,20,37
8,0,2026,2,11,1,1,0,38
8,5,2026,2,11,2,17,0,55
8,11,2026,2,11,3,7,7,55
8,18,2026,2,11,4,1,20,36
8,25,2026,2,11,5,5,18,23
8,31,2026,2,11,4,2,1,24
8,36,2026,2,11,3,22,2,44
8,41,2026,2,11,2,9,3,50
8,47,2026,2,11,1,2,20,32
9,0,2026,2,11,1,4,0,36
9,5,2026,2,11,2,5,2,39
9,11,2026,2,11,3,2,8,33
9,18,2026,2,11,4,1,20,14
9,25,2026,2,11,5,6,7,13
9,31,2026,2,11,4,2,4,11
9,36,2026,2,11,3,2,1,12
9,41,2026,2,11,2,3,0,15
9,47,2026,2,11,1,2,15,2
10,0,2026,2,11,1,5,0,7
10,5,2026,2,11,2,2,1,8
10,11,2026,2,11,3,3,4,7
10,18,2026,2,11,4,4,3,8
10,25,2026,2,11,5,6,2,12
10,31,2026,2,11,4,6,0,18
10,36,2026,2,11,3,4,3,19
10,41,2026,2,11,2,4,8,15
10,47,2026,2,11,1,3,9,9
11,0,2026,2,11,1,4,0,13
11,5,2026,2,11,2,5,2,16
11,11,2026,2,11,3,5,3,18
11,18,2026,2,11,4,3,9,12
11,25,2026,2,11,5,6,6,12
11,31,2026,2,11,4,6,0,18
11,36,2026,2,11,3,6,8,16
11,41,2026,2,11,2,2,5,13
11,47,2026,2,11,1,4,7,10
12,0,2026,2,11,1,2,0,12
12,5,2026,2,11,2,4,3,13
12,11,2026,2,11,3,4,3,14
12,18,2026,2,11,4,5,6,13
12,25,2026,2,11,5,5,5,13
12,31,2026,2,11,4,4,1,16
12,36,2026,2,11,3,4,8,12
12,41,2026,2,11,2,3,4,11
12,47,2026,2,11,1,3,9,5
13,0,2026,2,11,1,15,0,20
13,5,2026,2,11,2,4,6,18
13,11,2026,2,11,3,5,6,17
13,18,2026,2,11,4,21,6,32
13,25,2026,2,11,5,2,12,22
13,31,2026,2,11,4,14,0,36
13,36,2026,2,11,3,5,10,31
13,41,2026,2,11,2,3,14,20
13,47,2026,2,11,1,26,16,30
14,0,2026,2,11,1,19,0,49
14,5,2026,2,11,2,6,15,40
14,11,2026,2,11,3,6,15,31
14,18,2026,2,11,4,11,13,29
14,25,2026,2,11,5,6,16,19
14,31,2026,2,11,4,19,2,36
14,36,2026,2,11,3,4,9,31
14,41,2026,2,11,2,4,14,21
14,47,2026,2,11,1,15,10,26
15,0,2026,2,11,1,9,0,35
15,5,2026,2,11,2,3,9,29
15,11,2026,2,11,3,4,10,23
15,18,2026,2,11,4,28,2,49
15,25,2026,2,11,5,6,20,35
15,31,2026,2,11,4,7,0,42
15,36,2026,2,11,3,4,16,30
15,41,2026,2,11,2,6,16,20
15,47,2026,2,11,1,14,13,21
16,0,2026,2,11,1,5,0,26
16,5,2026,2,11,2,6,6,26
16,11,2026,2,11,3,6,9,23
16,18,2026,2,11,4,3,10,16
16,25,2026,2,11,5,2,8,10
16,31,2026,2,11,4,3,1,12
16,36,2026,2,11,3,4,0,16
16,41,2026,2,11,2,5,4,17
16,47,2026,2,11,1,3,9,11
17,0,2026,2,11,1,2,0,13
17,5,2026,2,11,2,3,2,14
17,11,2026,2,11,3,3,3,14
17,18,2026,2,11,4,4,4,14
17,25,2026,2,11,5,2,8,8
17,31,2026,2,11,4,3,2,9
17,36,2026,2,11,3,4,3,10
17,41,2026,2,11,2,5,4,11
17,47,2026,2,11,1,3,8,6
18,0,2026,2,11,1,2,0,8
18,5,2026,2,11,2,2,2,8
18,11,2026,2,11,3,3,3,8
18,18,2026,2,11,4,3,3,8
18,25,2026,2,11,5,3,5,6
18,31,2026,2,11,4,3,0,9
18,36,2026,2,11,3,3,1,11
18,41,2026,2,11,2,3,6,8
18,47,2026,2,11,1,5,5,8
19,0,2026,2,11,1,6,0,14
19,5,2026,2,11,2,4,2,16
19,11,2026,2,11,3,5,6,15
19,18,2026,2,11,4,5,7,13
19,25,2026,2,11,5,5,8,10
19,31,2026,2,11,4,2,0,12
19,36,2026,2,11,3,3,3,12
19,41,2026,2,11,2,5,7,10
19,47,2026,2,11,1,6,4,12
20,0,2026,2,11,1,2,0,14
20,5,2026,2,11,2,6,0,20
20,11,2026,2,11,3,6,5,21
20,18,2026,2,11,4,5,7,19
20,25,2026,2,11,5,3,10,12
20,31,2026,2,11,4,2,1,13
20,36,2026,2,11,3,6,3,16
20,41,2026,2,11,2,5,1,20
20,47,2026,2,11,1,6,12,14
21,0,2026,2,11,1,2,0,16
21,5,2026,2,11,2,2,0,18
21,11,2026,2,11,3,3,5,16
21,18,2026,2,11,4,3,7,12
21,25,2026,2,11,5,3,7,8
21,31,2026,2,11,4,5,1,12
21,36,2026,2,11,3,5,2,15
21,41,2026,2,11,2,2,6,11
21,47,2026,2,11,1,6,7,10
22,0,2026,2,11,1,5,0,15
22,5,2026,2,11,2,4,1,18
22,11,2026,2,11,3,6,5,19
22,18,2026,2,11,4,6,5,20
22,25,2026,2,11,5,3,11,12
22,31,2026,2,11,4,4,1,15
22,36,2026,2,11,3,2,3,14
22,41,2026,2,11,2,3,4,13
22,47,2026,2,11,1,4,7,10
23,0,2026,2,11,1,3,0,13
23,5,2026,2,11,2,6,1,18
23,11,2026,2,11,3,4,6,16
23,18,2026,2,11,4,5,9,12
23,25,2026,2,11,5,4,7,9
23,31,2026,2,11,4,6,1,14
23,36,2026,2,11,3,5,6,13
23,41,2026,2,11,2,4,8,9
23,47,2026,2,11,1,0,9,0
6,0,2026,2,12,1,4,0,4
6,5,2026,2,12,2,17,1,20
6,11,2026,2,12,3,7,4,23
6,18,2026,2,12,4,5,7,21
6,25,2026,2,12,5,7,7,21
6,31,2026,2,12,4,2,2,21
6,36,2026,2,12,3,17,3,35
6,41,2026,2,12,2,5,8,32
6,47,2026,2,12,1,3,14,21
7,0,2026,2,12,1,2,0,23
7,5,2026,2,12,2,7,1,29
7,11,2026,2,12,3,15,1,43
7,18,2026,2,12,4,4,20,27
7,25,2026,2,12,5,14,1,40
7,31,2026,2,12,4,3,9,34
7,36,2026,2,12,3,6,5,35
7,41,2026,2,12,2,22,7,50
7,47,2026,2,12,1,3,20,33
8,0,2026,2,12,1,1,0,34
8,5,2026,2,12,2,13,2,45
8,11,2026,2,12,3,5,4,46
8,18,2026,2,12,4,5,20,31
8,25,2026,2,12,5,8,11,28
8,31,2026,2,12,4,3,6,25
8,36,2026,2,12,3,6,2,29
8,41,2026,2,12,2,13,1,41
8,47,2026,2,12,1,4,20,25
9,0,2026,2,12,1,2,0,27
9,5,2026,2,12,2,6,0,33
9,11,2026,2,12,3,2,2,33
9,18,2026,2,12,4,3,18,18
9,25,2026,2,12,5,2,9,11
9,31,2026,2,12,4,4,0,15
9,36,2026,2,12,3,5,1,19
9,41,2026,2,12,2,3,1,21
9,47,2026,2,12,1,2,17,6
10,0,2026,2,12,1,5,0,11
10,5,2026,2,12,2,2,3,10
10,11,2026,2,12,3,3,0,13
10,18,2026,2,12,4,6,3,16
10,25,2026,2,12,5,4,9,11
10,31,2026,2,12,4,6,1,16
10,36,2026,2,12,3,2,5,13
10,41,2026,2,12,2,3,5,11
10,47,2026,2,12,1,4,5,10
11,0,2026,2,12,1,3,0,13
11,5,2026,2,12,2,4,1,16
11,11,2026,2,12,3,2,1,17
11,18,2026,2,12,4,6,3,20
11,25,2026,2,12,5,2,15,7
11,31,2026,2,12,4,6,0,13
11,36,2026,2,12,3,3,6,10
11,41,2026,2,12,2,6,3,13
11,47,2026,2,12,1,3,6,10
12,0,2026,2,12,1,4,0,14
12,5,2026,2,12,2,5,0,19
12,11,2026,2,12,3,6,2,23
12,18,2026,2,12,4,4,9,18
12,25,2026,2,12,5,2,9,11
12,31,2026,2,12,4,5,0,16
12,36,2026,2,12,3,5,3,18
12,41,2026,2,12,2,2,9,11
12,47,2026,2,12,1,3,7,7
13,0,2026,2,12,1,8,0,15
13,5,2026,2,12,2,3,3,15
13,11,2026,2,12,3,2,2,15
13,18,2026,2,12,4,28,6,37
13,25,2026,2,12,5,3,13,27
13,31,2026,2,12,4,12,1,38
13,36,2026,2,12,3,5,14,29
13,41,2026,2,12,2,6,14,21
13,47,2026,2,12,1,14,9,26
14,0,2026,2,12,1,23,0,49
14,5,2026,2,12,2,4,11,42
14,11,2026,2,12,3,2,8,36
14,18,2026,2,12,4,18,16,38
14,25,2026,2,12,5,2,20,20
14,31,2026,2,12,4,31,0,51
14,36,2026,2,12,3,5,17,39
14,41,2026,2,12,2,5,17,27
14,47,2026,2,12,1,11,11,27
15,0,2026,2,12,1,16,0,43
15,5,2026,2,12,2,3,8,38
15,11,2026,2,12,3,2,12,28
15,18,2026,2,12,4,27,6,49
15,25,2026,2,12,5,3,20,32
15,31,2026,2,12,4,7,1,38
15,36,2026,2,12,3,3,20,21
15,41,2026,2,12,2,4,11,14
15,47,2026,2,12,1,15,6,23
16,0,2026,2,12,1,4,0,27
16,5,2026,2,12,2,2,10,19
16,11,2026,2,12,3,2,5,16
16,18,2026,2,12,4,2,4,14
16,25,2026,2,12,5,6,11,9
16,31,2026,2,12,4,5,2,12
16,36,2026,2,12,3,5,4,13
16,41,2026,2,12,2,5,4,14
16,47,2026,2,12,1,6,6,14
17,0,2026,2,12,1,4,0,18
17,5,2026,2,12,2,4,4,18
17,11,2026,2,12,3,4,5,17
17,18,2026,2,12,4,4,2,19
17,25,2026,2,12,5,6,12,13
17,31,2026,2,12,4,4,1,16
17,36,2026,2,12,3,2,6,12
17,41,2026,2,12,2,2,4,10
17,47,2026,2,12,1,2,6,6
18,0,2026,2,12,1,3,0,9
18,5,2026,2,12,2,2,0,11
18,11,2026,2,12,3,6,4,13
18,18,2026,2,12,4,6,4,15
18,25,2026,2,12,5,3,6,12
18,31,2026,2,12,4,2,0,14
18,36,2026,2,12,3,4,2,16
18,41,2026,2,12,2,3,6,13
18,47,2026,2,12,1,5,7,11
19,0,2026,2,12,1,4,0,15
19,5,2026,2,12,2,3,4,14
19,11,2026,2,12,3,6,3,17
19,18,2026,2,12,4,6,8,15
19,25,2026,2,12,5,5,5,15
19,31,2026,2,12,4,2,2,15
19,36,2026,2,12,3,6,2,19
19,41,2026,2,12,2,6,8,17
19,47,2026,2,12,1,6,14,9
20,0,2026,2,12,1,4,0,13
20,5,2026,2,12,2,2,2,13
20,11,2026,2,12,3,5,4,14
20,18,2026,2,12,4,6,7,13
20,25,2026,2,12,5,2,4,11
20,31,2026,2,12,4,4,0,15
20,36,2026,2,12,3,2,2,15
20,41,2026,2,12,2,6,4,17
20,47,2026,2,12,1,4,12,9
21,0,2026,2,12,1,6,0,15
21,5,2026,2,12,2,4,2,17
21,11,2026,2,12,3,5,5,17
21,18,2026,2,12,4,4,8,13
21,25,2026,2,12,5,6,5,14
21,31,2026,2,12,4,6,3,17
21,36,2026,2,12,3,4,3,18
21,41,2026,2,12,2,5,7,16
21,47,2026,2,12,1,3,11,8
22,0,2026,2,12,1,6,0,14
22,5,2026,2,12,2,2,0,16
22,11,2026,2,12,3,6,8,14
22,18,2026,2,12,4,4,5,13
22,25,2026,2,12,5,3,5,11
22,31,2026,2,12,4,2,0,13
22,36,2026,2,12,3,6,1,18
22,41,2026,2,12,2,3,2,19
22,47,2026,2,12,1,4,14,9
23,0,2026,2,12,1,3,0,12
23,5,2026,2,12,2,5,4,13
23,11,2026,2,12,3,6,2,17
23,18,2026,2,12,4,4,6,15
23,25,2026,2,12,5,2,7,10
23,31,2026,2,12,4,2,1,11
23,36,2026,2,12,3,3,3,11
23,41,2026,2,12,2,4,5,10
23,47,2026,2,12,1,0,10,0
6,0,2026,2,13,1,2,0,2
6,5,2026,2,13,2,11,1,12
6,11,2026,2,13,3,20,1,31
6,18,2026,2,13,4,6,11,26
6,25,2026,2,13,5,19,12,33
6,31,2026,2,13,4,4,7,30
6,36,2026,2,13,3,9,5,34
6,41,2026,2,13,2,5,19,20
6,47,2026,2,13,1,6,8,18
7,0,2026,2,13,1,1,0,19
7,5,2026,2,13,2,15,1,33
7,11,2026,2,13,3,10,1,42
7,18,2026,2,13,4,5,20,27
7,25,2026,2,13,5,9,5,31
7,31,2026,2,13,4,3,8,26
7,36,2026,2,13,3,21,2,45
7,41,2026,2,13,2,16,6,55
7,47,2026,2,13,1,2,20,37
8,0,2026,2,13,1,4,0,41
8,5,2026,2,13,2,17,0,58
8,11,2026,2,13,3,17,9,66
8,18,2026,2,13,4,1,20,47
8,25,2026,2,13,5,8,20,35
8,31,2026,2,13,4,4,7,32
8,36,2026,2,13,3,21,4,49
8,41,2026,2,13,2,5,10,44
8,47,2026,2,13,1,2,20,26
9,0,2026,2,13,1,3,0,29
9,5,2026,2,13,2,4,1,32
9,11,2026,2,13,3,3,2,33
9,18,2026,2,13,4,3,20,16
9,25,2026,2,13,5,4,6,14
9,31,2026,2,13,4,5,2,17
9,36,2026,2,13,3,4,1,20
9,41,2026,2,13,2,3,4,19
9,47,2026,2,13,1,1,16,4
10,0,2026,2,13,1,6,0,10
10,5,2026,2,13,2,3,2,11
10,11,2026,2,13,3,3,3,11
10,18,2026,2,13,4,3,4,10
10,25,2026,2,13,5,2,8,4
10,31,2026,2,13,4,2,2,4
10,36,2026,2,13,3,3,2,5
10,41,2026,2,13,2,2,0,7
10,47,2026,2,13,1,5,1,11
11,0,2026,2,13,1,2,0,13
11,5,2026,2,13,2,4,0,17
11,11,2026,2,13,3,5,4,18
11,18,2026,2,13,4,2,7,13
11,25,2026,2,13,5,3,9,7
11,31,2026,2,13,4,2,0,9
11,36,2026,2,13,3,3,0,12
11,41,2026,2,13,2,6,4,14
11,47,2026,2,13,1,6,6,14
12,0,2026,2,13,1,3,0,17
12,5,2026,2,13,2,3,1,19
12,11,2026,2,13,3,6,3,22
12,18,2026,2,13,4,5,8,19
12,25,2026,2,13,5,5,13,11
12,31,2026,2,13,4,5,1,15
12,36,2026,2,13,3,6,4,17
12,41,2026,2,13,2,6,7,16
12,47,2026,2,13,1,4,9,11
13,0,2026,2,13,1,10,0,21
13,5,2026,2,13,2,2,3,20
13,11,2026,2,13,3,3,8,15
13,18,2026,2,13,4,24,5,34
13,25,2026,2,13,5,3,15,22
13,31,2026,2,13,4,13,0,35
13,36,2026,2,13,3,6,7,34
13,41,2026,2,13,2,2,20,16
13,47,2026,2,13,1,14,12,18
14,0,2026,2,13,1,16,0,34
14,5,2026,2,13,2,5,3,36
14,11,2026,2,13,3,5,12,29
14,18,2026,2,13,4,21,5,45
14,25,2026,2,13,5,5,20,30
14,31,2026,2,13,4,26,1,55
14,36,2026,2,13,3,2,17,40
14,41,2026,2,13,2,2,20,22
14,47,2026,2,13,1,20,12,30
15,0,2026,2,13,1,23,0,53
15,5,2026,2,13,2,5,11,47
15,11,2026,2,13,3,2,14,35
15,18,2026,2,13,4,18,13,40
15,25,2026,2,13,5,3,20,23
15,31,2026,2,13,4,19,0,42
15,36,2026,2,13,3,4,18,28
15,41,2026,2,13,2,3,7,24
15,47,2026,2,13,1,25,12,37
16,0,2026,2,13,1,6,0,43
16,5,2026,2,13,2,2,8,37
16,11,2026,2,13,3,5,16,26
16,18,2026,2,13,4,5,9,22
16,25,2026,2,13,5,6,14,14
16,31,2026,2,13,4,6,2,18
16,36,2026,2,13,3,4,6,16
16,41,2026,2,13,2,6,7,15
16,47,2026,2,13,1,6,9,12
17,0,2026,2,13,1,2,0,14
17,5,2026,2,13,2,3,1,16
17,11,2026,2,13,3,3,6,13
17,18,2026,2,13,4,2,6,9
17,25,2026,2,13,5,2,4,7
17,31,2026,2,13,4,6,1,12
17,36,2026,2,13,3,2,1,13
17,41,2026,2,13,2,4,4,13
17,47,2026,2,13,1,2,5,10
18,0,2026,2,13,1,6,0,16
18,5,2026,2,13,2,3,0,19
18,11,2026,2,13,3,2,4,17
18,18,2026,2,13,4,6,9,14
18,25,2026,2,13,5,3,7,10
18,31,2026,2,13,4,5,1,14
18,36,2026,2,13,3,4,6,12
18,41,2026,2,13,2,2,7,7
18,47,2026,2,13,1,3,4,6
19,0,2026,2,13,1,5,0,11
19,5,2026,2,13,2,5,2,14
19,11,2026,2,13,3,6,6,14
19,18,2026,2,13,4,2,6,10
19,25,2026,2,13,5,2,4,8
19,31,2026,2,13,4,5,1,12
19,36,2026,2,13,3,6,2,16
19,41,2026,2,13,2,2,6,12
19,47,2026,2,13,1,4,9,7
20,0,2026,2,13,1,6,0,13
20,5,2026,2,13,2,2,4,11
20,11,2026,2,13,3,3,2,12
20,18,2026,2,13,4,6,4,14
20,25,2026,2,13,5,3,7,10
20,31,2026,2,13,4,5,1,14
20,36,2026,2,13,3,5,4,15
20,41,2026,2,13,2,3,7,11
20,47,2026,2,13,1,2,5,8
21,0,2026,2,13,1,6,0,14
21,5,2026,2,13,2,3,2,15
21,11,2026,2,13,3,2,4,13
21,18,2026,2,13,4,2,6,9
21,25,2026,2,13,5,4,5,8
21,31,2026,2,13,4,2,1,9
21,36,2026,2,13,3,2,3,8
21,41,2026,2,13,2,2,4,6
21,47,2026,2,13,1,3,4,5
22,0,2026,2,13,1,3,0,8
22,5,2026,2,13,2,6,0,14
22,11,2026,2,13,3,5,5,14
22,18,2026,2,13,4,2,6,10
22,25,2026,2,13,5,4,7,7
22,31,2026,2,13,4,3,0,10
22,36,2026,2,13,3,2,5,7
22,41,2026,2,13,2,2,3,6
22,47,2026,2,13,1,6,0,12
23,0,2026,2,13,1,3,0,15
23,5,2026,2,13,2,6,3,18
23,11,2026,2,13,3,6,5,19
23,18,2026,2,13,4,2,5,16
23,25,2026,2,13,5,6,11,11
23,31,2026,2,13,4,3,1,13
23,36,2026,2,13,3,2,2,13
23,41,2026,2,13,2,3,6,10
23,47,2026,2,13,1,0,10,0
6,0,2026,2,14,1,2,0,2
6,5,2026,2,14,2,9,0,11
6,11,2026,2,14,3,12,4,19
6,18,2026,2,14,4,4,5,18
6,25,2026,2,14,5,8,8,18
6,31,2026,2,14,4,2,4,16
6,36,2026,2,14,3,11,2,25
6,41,2026,2,14,2,7,5,27
6,47,2026,2,14,1,4,10,21
7,0,2026,2,14,1,2,0,23
7,5,2026,2,14,2,6,3,26
7,11,2026,2,14,3,22,0,48
7,18,2026,2,14,4,3,20,31
7,25,2026,2,14,5,17,9,39
7,31,2026,2,14,4,2,9,32
7,36,2026,2,14,3,10,3,39
7,41,2026,2,14,2,21,11,49
7,47,2026,2,14,1,4,20,33
8,0,2026,2,14,1,2,0,35
8,5,2026,2,14,2,7,2,40
8,11,2026,2,14,3,17,7,50
8,18,2026,2,14,4,4,20,34
8,25,2026,2,14,5,11,9,36
8,31,2026,2,14,4,2,9,29
8,36,2026,2,14,3,9,2,36
8,41,2026,2,14,2,15,8,43
8,47,2026,2,14,1,1,20,24
9,0,2026,2,14,1,1,0,25
9,5,2026,2,14,2,3,0,28
9,11,2026,2,14,3,4,5,27
9,18,2026,2,14,4,1,20,8
9,25,2026,2,14,5,2,4,6
9,31,2026,2,14,4,5,1,10
9,36,2026,2,14,3,4,0,14
9,41,2026,2,14,2,4,0,18
9,47,2026,2,14,1,1,17,2
10,0,2026,2,14,1,2,0,4
10,5,2026,2,14,2,2,2,4
10,11,2026,2,14,3,4,2,6
10,18,2026,2,14,4,3,1,8
10,25,2026,2,14,5,5,3,10
10,31,2026,2,14,4,5,0,15
10,36,2026,2,14,3,3,6,12
10,41,2026,2,14,2,5,4,13
10,47,2026,2,14,1,5,6,12
11,0,2026,2,14,1,3,0,15
11,5,2026,2,14,2,2,1,16
11,11,2026,2,14,3,5,1,20
11,18,2026,2,14,4,2,7,15
11,25,2026,2,14,5,3,10,8
11,31,2026,2,14,4,3,0,11
11,36,2026,2,14,3,5,4,12
11,41,2026,2,14,2,6,2,16
11,47,2026,2,14,1,4,10,10
12,0,2026,2,14,1,3,0,13
12,5,2026,2,14,2,4,1,16
12,11,2026,2,14,3,5,6,15
12,18,2026,2,14,4,5,7,13
12,25,2026,2,14,5,5,4,14
12,31,2026,2,14,4,6,0,20
12,36,2026,2,14,3,5,4,21
12,41,2026,2,14,2,4,5,20
12,47,2026,2,14,1,3,17,6
13,0,2026,2,14,1,20,0,26
13,5,2026,2,14,2,5,6,25
13,11,2026,2,14,3,3,5,23
13,18,2026,2,14,4,26,8,41
13,25,2026,2,14,5,2,20,23
13,31,2026,2,14,4,21,0,44
13,36,2026,2,14,3,5,9,40
13,41,2026,2,14,2,6,17,29
13,47,2026,2,14,1,20,14,35
14,0,2026,2,14,1,19,0,54
14,5,2026,2,14,2,5,9,50
14,11,2026,2,14,3,2,19,33
14,18,2026,2,14,4,25,10,48
14,25,2026,2,14,5,6,20,34
14,31,2026,2,14,4,21,0,55
14,36,2026,2,14,3,4,20,39
14,41,2026,2,14,2,5,20,24
14,47,2026,2,14,1,7,14,17
15,0,2026,2,14,1,13,0,30
15,5,2026,2,14,2,4,6,28
15,11,2026,2,14,3,2,6,24
15,18,2026,2,14,4,27,8,43
15,25,2026,2,14,5,3,20,26
15,31,2026,2,14,4,24,2,48
15,36,2026,2,14,3,5,15,38
15,41,2026,2,14,2,4,20,22
15,47,2026,2,14,1,22,7,37
16,0,2026,2,14,1,6,0,43
16,5,2026,2,14,2,2,10,35
16,11,2026,2,14,3,3,8,30
16,18,2026,2,14,4,2,9,23
16,25,2026,2,14,5,4,17,10
16,31,2026,2,14,4,4,0,14
16,36,2026,2,14,3,5,2,17
16,41,2026,2,14,2,5,6,16
16,47,2026,2,14,1,2,7,11
17,0,2026,2,14,1,5,0,16
17,5,2026,2,14,2,2,1,17
17,11,2026,2,14,3,5,6,16
17,18,2026,2,14,4,4,4,16
17,25,2026,2,14,5,4,13,7
17,31,2026,2,14,4,2,0,9
17,36,2026,2,14,3,2,3,8
17,41,2026,2,14,2,6,3,11
17,47,2026,2,14,1,6,4,13
18,0,2026,2,14,1,6,0,19
18,5,2026,2,14,2,4,3,20
18,11,2026,2,14,3,6,6,20
18,18,2026,2,14,4,2,4,18
18,25,2026,2,14,5,2,10,10
18,31,2026,2,14,4,3,1,12
18,36,2026,2,14,3,4,0,16
18,41,2026,2,14,2,3,10,9
18,47,2026,2,14,1,6,8,7
19,0,2026,2,14,1,5,0,12
19,5,2026,2,14,2,2,3,11
19,11,2026,2,14,3,6,4,13
19,18,2026,2,14,4,5,4,14
19,25,2026,2,14,5,6,4,16
19,31,2026,2,14,4,2,1,17
19,36,2026,2,14,3,5,1,21
19,41,2026,2,14,2,4,12,13
19,47,2026,2,14,1,3,10,6
20,0,2026,2,14,1,2,0,8
20,5,2026,2,14,2,6,1,13
20,11,2026,2,14,3,4,3,14
20,18,2026,2,14,4,5,4,15
20,25,2026,2,14,5,3,8,10
20,31,2026,2,14,4,3,1,12
20,36,2026,2,14,3,5,2,15
20,41,2026,2,14,2,5,6,14
20,47,2026,2,14,1,2,4,12
21,0,2026,2,14,1,4,0,16
21,5,2026,2,14,2,2,3,15
21,11,2026,2,14,3,4,1,18
21,18,2026,2,14,4,3,8,13
21,25,2026,2,14,5,6,7,12
21,31,2026,2,14,4,2,2,12
21,36,2026,2,14,3,4,4,12
21,41,2026,2,14,2,4,3,13
21,47,2026,2,14,1,2,5,10
22,0,2026,2,14,1,2,0,12
22,5,2026,2,14,2,2,1,13
22,11,2026,2,14,3,2,1,14
22,18,2026,2,14,4,6,5,15
22,25,2026,2,14,5,3,9,9
22,31,2026,2,14,4,4,1,12
22,36,2026,2,14,3,2,4,10
22,41,2026,2,14,2,3,0,13
22,47,2026,2,14,1,4,7,10
23,0,2026,2,14,1,3,0,13
23,5,2026,2,14,2,6,0,19
23,11,2026,2,14,3,6,3,22
23,18,2026,2,14,4,3,8,17
23,25,2026,2,14,5,5,12,10
23,31,2026,2,14,4,5,2,13
23,36,2026,2,14,3,2,3,12
23,41,2026,2,14,2,2,9,5
23,47,2026,2,14,1,0,5,0
6,0,2026,2,15,1,5,0,5
6,5,2026,2,15,2,20,1,24
6,11,2026,2,15,3,5,9,20
6,18,2026,2,15,4,2,7,15
6,25,2026,2,15,5,9,6,18
6,31,2026,2,15,4,3,4,17
6,36,2026,2,15,3,6,2,21
6,41,2026,2,15,2,6,5,22
6,47,2026,2,15,1,5,12,15
7,0,2026,2,15,1,3,0,18
7,5,2026,2,15,2,15,1,32
7,11,2026,2,15,3,21,4,49
7,18,2026,2,15,4,2,20,31
7,25,2026,2,15,5,5,7,29
7,31,2026,2,15,4,5,4,30
7,36,2026,2,15,3,19,3,46
7,41,2026,2,15,2,21,6,61
7,47,2026,2,15,1,1,20,42
8,0,2026,2,15,1,1,0,43
8,5,2026,2,15,2,5,1,47
8,11,2026,2,15,3,7,12,42
8,18,2026,2,15,4,4,20,26
8,25,2026,2,15,5,15,11,30
8,31,2026,2,15,4,4,5,29
8,36,2026,2,15,3,7,3,33
8,41,2026,2,15,2,11,6,38
8,47,2026,2,15,1,1,20,19
9,0,2026,2,15,1,1,0,20
9,5,2026,2,15,2,3,0,23
9,11,2026,2,15,3,5,0,28
9,18,2026,2,15,4,2,19,11
9,25,2026,2,15,5,4,4,11
9,31,2026,2,15,4,3,3,11
9,36,2026,2,15,3,3,1,13
9,41,2026,2,15,2,5,0,18
9,47,2026,2,15,1,2,15,5
10,0,2026,2,15,1,3,0,8
10,5,2026,2,15,2,3,3,8
10,11,2026,2,15,3,4,1,11
10,18,2026,2,15,4,4,4,11
10,25,2026,2,15,5,2,6,7
10,31,2026,2,15,4,4,0,11
10,36,2026,2,15,3,6,1,16
10,41,2026,2,15,2,5,7,14
10,47,2026,2,15,1,6,8,12
11,0,2026,2,15,1,5,0,17
11,5,2026,2,15,2,4,2,19
11,11,2026,2,15,3,4,9,14
11,18,2026,2,15,4,6,8,12
11,25,2026,2,15,5,2,7,7
11,31,2026,2,15,4,2,0,9
11,36,2026,2,15,3,4,0,13
11,41,2026,2,15,2,6,3,16
11,47,2026,2,15,1,6,10,12
12,0,2026,2,15,1,4,0,16
12,5,2026,2,15,2,3,3,16
12,11,2026,2,15,3,2,4,14
12,18,2026,2,15,4,6,5,15
12,25,2026,2,15,5,3,11,7
12,31,2026,2,15,4,2,0,9
12,36,2026,2,15,3,6,3,12
12,41,2026,2,15,2,2,2,12
12,47,2026,2,15,1,2,7,7
13,0,2026,2,15,1,10,0,17
13,5,2026,2,15,2,6,2,21
13,11,2026,2,15,3,5,5,21
13,18,2026,2,15,4,22,7,36
13,25,2026,2,15,5,3,14,25
13,31,2026,2,15,4,29,0,54
13,36,2026,2,15,3,4,16,42
13,41,2026,2,15,2,3,20,25
13,47,2026,2,15,1,14,11,28
14,0,2026,2,15,1,30,0,58
14,5,2026,2,15,2,5,15,48
14,11,2026,2,15,3,4,16,36
14,18,2026,2,15,4,19,15,40
14,25,2026,2,15,5,3,20,23
14,31,2026,2,15,4,16,1,38
14,36,2026,2,15,3,6,10,34
14,41,2026,2,15,2,2,18,18
14,47,2026,2,15,1,23,10,31
15,0,2026,2,15,1,19,0,50
15,5,2026,2,15,2,6,12,44
15,11,2026,2,15,3,2,19,27
15,18,2026,2,15,4,24,4,47
15,25,2026,2,15,5,6,20,33
15,31,2026,2,15,4,22,0,55
15,36,2026,2,15,3,6,18,43
15,41,2026,2,15,2,6,15,34
15,47,2026,2,15,1,30,15,49
16,0,2026,2,15,1,5,0,54
16,5,2026,2,15,2,5,13,46
16,11,2026,2,15,3,3,14,35
16,18,2026,2,15,4,4,18,21
16,25,2026,2,15,5,6,17,10
16,31,2026,2,15,4,5,0,15
16,36,2026,2,15,3,6,6,15
16,41,2026,2,15,2,4,4,15
16,47,2026,2,15,1,5,5,15
17,0,2026,2,15,1,2,0,17
17,5,2026,2,15,2,2,2,17
17,11,2026,2,15,3,4,3,18
17,18,2026,2,15,4,3,9,12
17,25,2026,2,15,5,6,9,9
17,31,2026,2,15,4,3,1,11
17,36,2026,2,15,3,2,2,11
17,41,2026,2,15,2,5,6,10
17,47,2026,2,15,1,3,5,8
18,0,2026,2,15,1,6,0,14
18,5,2026,2,15,2,6,3,17
18,11,2026,2,15,3,3,4,16
18,18,2026,2,15,4,6,8,14
18,25,2026,2,15,5,5,6,13
18,31,2026,2,15,4,6,2,17
18,36,2026,2,15,3,2,1,18
18,41,2026,2,15,2,6,11,13
18,47,2026,2,15,1,3,5,11
19,0,2026,2,15,1,2,0,13
19,5,2026,2,15,2,5,1,17
19,11,2026,2,15,3,4,3,18
19,18,2026,2,15,4,4,7,15
19,25,2026,2,15,5,4,7,12
19,31,2026,2,15,4,5,1,16
19,36,2026,2,15,3,5,5,16
19,41,2026,2,15,2,4,4,16
19,47,2026,2,15,1,6,11,11
20,0,2026,2,15,1,4,0,15
20,5,2026,2,15,2,3,5,13
20,11,2026,2,15,3,6,1,18
20,18,2026,2,15,4,2,6,14
20,25,2026,2,15,5,4,7,11
20,31,2026,2,15,4,3,2,12
20,36,2026,2,15,3,5,2,15
20,41,2026,2,15,2,3,4,14
20,47,2026,2,15,1,4,9,9
21,0,2026,2,15,1,4,0,13
21,5,2026,2,15,2,6,2,17
21,11,2026,2,15,3,3,5,15
21,18,2026,2,15,4,5,6,14
21,25,2026,2,15,5,3,7,10
21,31,2026,2,15,4,5,1,14
21,36,2026,2,15,3,3,5,12
21,41,2026,2,15,2,5,5,12
21,47,2026,2,15,1,5,4,13
22,0,2026,2,15,1,3,0,16
22,5,2026,2,15,2,4,2,18
22,11,2026,2,15,3,6,4,20
22,18,2026,2,15,4,5,9,16
22,25,2026,2,15,5,4,8,12
22,31,2026,2,15,4,5,1,16
22,36,2026,2,15,3,2,3,15
22,41,2026,2,15,2,4,10,9
22,47,2026,2,15,1,4,5,8
23,0,2026,2,15,1,4,0,12
23,5,2026,2,15,2,4,1,15
23,11,2026,2,15,3,2,4,13
23,18,2026,2,15,4,6,7,12
23,25,2026,2,15,5,2,8,6
23,31,2026,2,15,4,5,0,11
23,36,2026,2,15,3,2,4,9
23,41,2026,2,15,2,6,6,9
23,47,2026,2,15,1,0,9,0
6,0,2026,2,16,1,6,0,6
6,5,2026,2,16,2,12,2,16
6,11,2026,2,16,3,18,4,30
6,18,2026,2,16,4,6,12,24
6,25,2026,2,16,5,14,9,29
6,31,2026,2,16,4,2,1,30
6,36,2026,2,16,3,20,6,44
6,41,2026,2,16,2,13,12,45
6,47,2026,2,16,1,3,17,31
7,0,2026,2,16,1,4,0,35
7,5,2026,2,16,2,8,0,43
7,11,2026,2,16,3,8,7,44
7,18,2026,2,16,4,2,20,26
7,25,2026,2,16,5,21,10,37
7,31,2026,2,16,4,2,12,27
7,36,2026,2,16,3,20,4,43
7,41,2026,2,16,2,16,5,54
7,47,2026,2,16,1,3,20,37
8,0,2026,2,16,1,4,0,41
8,5,2026,2,16,2,20,1,60
8,11,2026,2,16,3,14,8,66
8,18,2026,2,16,4,2,20,48
8,25,2026,2,16,5,13,18,43
8,31,2026,2,16,4,1,12,32
8,36,2026,2,16,3,16,1,47
8,41,2026,2,16,2,15,13,49
8,47,2026,2,16,1,1,20,30
9,0,2026,2,16,1,2,0,32
9,5,2026,2,16,2,3,0,35
9,11,2026,2,16,3,4,7,32
9,18,2026,2,16,4,5,20,17
9,25,2026,2,16,5,3,6,14
9,31,2026,2,16,4,5,1,18
9,36,2026,2,16,3,6,3,21
9,41,2026,2,16,2,2,0,23
9,47,2026,2,16,1,3,20,6
10,0,2026,2,16,1,3,0,9
10,5,2026,2,16,2,4,0,13
10,11,2026,2,16,3,2,5,10
10,18,2026,2,16,4,3,3,10
10,25,2026,2,16,5,3,7,6
10,31,2026,2,16,4,2,1,7
10,36,2026,2,16,3,3,3,7
10,41,2026,2,16,2,3,2,8
10,47,2026,2,16,1,4,5,7
11,0,2026,2,16,1,2,0,9
11,5,2026,2,16,2,5,0,14
11,11,2026,2,16,3,5,4,15
11,18,2026,2,16,4,3,7,11
11,25,2026,2,16,5,2,8,5
11,31,2026,2,16,4,5,0,10
11,36,2026,2,16,3,5,3,12
11,41,2026,2,16,2,3,5,10
11,47,2026,2,16,1,6,6,10
12,0,2026,2,16,1,2,0,12
12,5,2026,2,16,2,4,0,16
12,11,2026,2,16,3,4,4,16
12,18,2026,2,16,4,5,6,15
12,25,2026,2,16,5,5,9,11
12,31,2026,2,16,4,6,2,15
12,36,2026,2,16,3,2,6,11
12,41,2026,2,16,2,3,5,9
12,47,2026,2,16,1,3,4,8
13,0,2026,2,16,1,8,0,16
13,5,2026,2,16,2,3,4,15
13,11,2026,2,16,3,6,2,19
13,18,2026,2,16,4,15,7,27
13,25,2026,2,16,5,3,13,17
13,31,2026,2,16,4,29,1,45
13,36,2026,2,16,3,5,14,36
13,41,2026,2,16,2,2,19,19
13,47,2026,2,16,1,22,7,34
14,0,2026,2,16,1,31,0,65
14,5,2026,2,16,2,5,20,50
14,11,2026,2,16,3,3,20,33
14,18,2026,2,16,4,29,9,53
14,25,2026,2,16,5,4,20,37
14,31,2026,2,16,4,9,0,46
14,36,2026,2,16,3,3,12,37
14,41,2026,2,16,2,2,20,19
14,47,2026,2,16,1,14,14,19
15,0,2026,2,16,1,23,0,42
15,5,2026,2,16,2,3,5,40
15,11,2026,2,16,3,4,14,30
15,18,2026,2,16,4,26,11,45
15,25,2026,2,16,5,2,20,27
15,31,2026,2,16,4,8,0,35
15,36,2026,2,16,3,5,15,25
15,41,2026,2,16,2,4,10,19
15,47,2026,2,16,1,10,13,16
16,0,2026,2,16,1,2,0,18
16,5,2026,2,16,2,2,4,16
16,11,2026,2,16,3,3,3,16
16,18,2026,2,16,4,2,7,11
16,25,2026,2,16,5,5,7,9
16,31,2026,2,16,4,4,0,13
16,36,2026,2,16,3,4,3,14
16,41,2026,2,16,2,6,8,12
16,47,2026,2,16,1,3,6,9
17,0,2026,2,16,1,3,0,12
17,5,2026,2,16,2,6,1,17
17,11,2026,2,16,3,5,3,19
17,18,2026,2,16,4,2,9,12
17,25,2026,2,16,5,2,4,10
17,31,2026,2,16,4,3,1,12
17,36,2026,2,16,3,6,2,16
17,41,2026,2,16,2,3,7,12
17,47,2026,2,16,1,3,8,7
18,0,2026,2,16,1,5,0,12
18,5,2026,2,16,2,5,3,14
18,11,2026,2,16,3,3,2,15
18,18,2026,2,16,4,5,8,12
18,25,2026,2,16,5,2,6,8
18,31,2026,2,16,4,6,0,14
18,36,2026,2,16,3,6,2,18
18,41,2026,2,16,2,2,9,11
18,47,2026,2,16,1,5,6,10
19,0,2026,2,16,1,2,0,12
19,5,2026,2,16,2,3,2,13
19,11,2026,2,16,3,4,2,15
19,18,2026,2,16,4,4,7,12
19,25,2026,2,16,5,6,7,11
19,31,2026,2,16,4,5,3,13
19,36,2026,2,16,3,5,3,15
19,41,2026,2,16,2,3,8,10
19,47,2026,2,16,1,3,6,7
20,0,2026,2,16,1,5,0,12
20,5,2026,2,16,2,5,3,14
20,11,2026,2,16,3,5,2,17
20,18,2026,2,16,4,5,6,16
20,25,2026,2,16,5,4,10,10
20,31,2026,2,16,4,3,2,11
20,36,2026,2,16,3,2,2,11
20,41,2026,2,16,2,2,3,10
20,47,2026,2,16,1,4,6,8
21,0,2026,2,16,1,6,0,14
21,5,2026,2,16,2,5,2,17
21,11,2026,2,16,3,2,3,16
21,18,2026,2,16,4,5,6,15
21,25,2026,2,16,5,2,8,9
21,31,2026,2,16,4,2,0,11
21,36,2026,2,16,3,6,3,14
21,41,2026,2,16,2,3,5,12
21,47,2026,2,16,1,3,7,8
22,0,2026,2,16,1,6,0,14
22,5,2026,2,16,2,2,2,14
22,11,2026,2,16,3,5,2,17
22,18,2026,2,16,4,5,8,14
22,25,2026,2,16,5,5,9,10
22,31,2026,2,16,4,2,0,12
22,36,2026,2,16,3,4,4,12
22,41,2026,2,16,2,3,1,14
22,47,2026,2,16,1,5,8,11
23,0,2026,2,16,1,6,0,17
23,5,2026,2,16,2,6,3,20
23,11,2026,2,16,3,3,6,17
23,18,2026,2,16,4,4,9,12
23,25,2026,2,16,5,6,4,14
23,31,2026,2,16,4,6,2,18
23,36,2026,2,16,3,3,6,15
23,41,2026,2,16,2,3,7,11
23,47,2026,2,16,1,0,11,0
6,0,2026,2,17,1,5,0,5
6,5,2026,2,17,2,8,1,12
6,11,2026,2,17,3,10,2,20
6,18,2026,2,17,4,5,10,15
6,25,2026,2,17,5,20,4,31
6,31,2026,2,17,4,6,7,30
6,36,2026,2,17,3,15,7,38
6,41,2026,2,17,2,19,9,48
6,47,2026,2,17,1,6,18,36
7,0,2026,2,17,1,1,0,37
7,5,2026,2,17,2,19,4,52
7,11,2026,2,17,3,16,6,62
7,18,2026,2,17,4,1,20,43
7,25,2026,2,17,5,5,15,33
7,31,2026,2,17,4,2,3,32
7,36,2026,2,17,3,5,2,35
7,41,2026,2,17,2,21,10,46
7,47,2026,2,17,1,4,20,30
8,0,2026,2,17,1,2,0,32
8,5,2026,2,17,2,13,1,44
8,11,2026,2,17,3,21,2,63
8,18,2026,2,17,4,3,20,46
8,25,2026,2,17,5,14,18,42
8,31,2026,2,17,4,5,10,37
8,36,2026,2,17,3,17,5,49
8,41,2026,2,17,2,15,13,51
8,47,2026,2,17,1,1,20,32
9,0,2026,2,17,1,1,0,33
9,5,2026,2,17,2,2,0,35
9,11,2026,2,17,3,4,3,36
9,18,2026,2,17,4,4,20,20
9,25,2026,2,17,5,4,11,13
9,31,2026,2,17,4,5,1,17
9,36,2026,2,17,3,4,1,20
9,41,2026,2,17,2,2,0,22
9,47,2026,2,17,1,1,20,3
10,0,2026,2,17,1,6,0,9
10,5,2026,2,17,2,4,2,11
10,11,2026,2,17,3,3,4,10
10,18,2026,2,17,4,2,5,7
10,25,2026,2,17,5,4,2,9
10,31,2026,2,17,4,5,1,13
10,36,2026,2,17,3,6,2,17
10,41,2026,2,17,2,4,6,15
10,47,2026,2,17,1,6,9,12
11,0,2026,2,17,1,6,0,18
11,5,2026,2,17,2,3,6,15
11,11,2026,2,17,3,5,4,16
11,18,2026,2,17,4,4,11,9
11,25,2026,2,17,5,4,2,11
11,31,2026,2,17,4,3,1,13
11,36,2026,2,17,3,5,2,16
11,41,2026,2,17,2,5,4,17
11,47,2026,2,17,1,4,10,11
12,0,2026,2,17,1,3,0,14
12,5,2026,2,17,2,6,3,17
12,11,2026,2,17,3,5,4,18
12,18,2026,2,17,4,4,5,17
12,25,2026,2,17,5,5,10,12
12,31,2026,2,17,4,5,1,16
12,36,2026,2,17,3,5,2,19
12,41,2026,2,17,2,5,9,15
12,47,2026,2,17,1,2,5,12
13,0,2026,2,17,1,28,0,40
13,5,2026,2,17,2,2,10,32
13,11,2026,2,17,3,2,10,24
13,18,2026,2,17,4,28,10,42
13,25,2026,2,17,5,6,20,28
13,31,2026,2,17,4,21,1,48
13,36,2026,2,17,3,4,14,38
13,41,2026,2,17,2,3,14,27
13,47,2026,2,17,1,13,13,27
14,0,2026,2,17,1,30,0,57
14,5,2026,2,17,2,2,16,43
14,11,2026,2,17,3,6,12,37
14,18,2026,2,17,4,30,14,53
14,25,2026,2,17,5,2,20,35
14,31,2026,2,17,4,16,0,51
14,36,2026,2,17,3,4,13,42
14,41,2026,2,17,2,6,20,28
14,47,2026,2,17,1,21,15,34
15,0,2026,2,17,1,27,0,61
15,5,2026,2,17,2,5,16,50
15,11,2026,2,17,3,4,20,34
15,18,2026,2,17,4,14,11,37
15,25,2026,2,17,5,4,20,21
15,31,2026,2,17,4,26,0,47
15,36,2026,2,17,3,2,15,34
15,41,2026,2,17,2,3,10,27
15,47,2026,2,17,1,9,13,23
16,0,2026,2,17,1,3,0,26
16,5,2026,2,17,2,4,3,27
16,11,2026,2,17,3,3,5,25
16,18,2026,2,17,4,3,8,20
16,25,2026,2,17,5,6,18,8
16,31,2026,2,17,4,6,1,13
16,36,2026,2,17,3,2,2,13
16,41,2026,2,17,2,4,3,14
16,47,2026,2,17,1,2,7,9
17,0,2026,2,17,1,3,0,12
17,5,2026,2,17,2,2,0,14
17,11,2026,2,17,3,5,4,15
17,18,2026,2,17,4,6,4,17
17,25,2026,2,17,5,5,9,13
17,31,2026,2,17,4,5,1,17
17,36,2026,2,17,3,2,2,17
17,41,2026,2,17,2,4,7,14
17,47,2026,2,17,1,4,9,9
18,0,2026,2,17,1,5,0,14
18,5,2026,2,17,2,2,1,15
18,11,2026,2,17,3,5,4,16
18,18,2026,2,17,4,6,3,19
18,25,2026,2,17,5,3,10,12
18,31,2026,2,17,4,2,0,14
18,36,2026,2,17,3,2,4,12
18,41,2026,2,17,2,5,3,14
18,47,2026,2,17,1,6,10,10
19,0,2026,2,17,1,4,0,14
19,5,2026,2,17,2,4,3,15
19,11,2026,2,17,3,5,2,18
19,18,2026,2,17,4,2,6,14
19,25,2026,2,17,5,2,7,9
19,31,2026,2,17,4,5,0,14
19,36,2026,2,17,3,4,1,17
19,41,2026,2,17,2,5,6,16
19,47,2026,2,17,1,2,10,8
20,0,2026,2,17,1,4,0,12
20,5,2026,2,17,2,2,2,12
20,11,2026,2,17,3,4,0,16
20,18,2026,2,17,4,3,5,14
20,25,2026,2,17,5,3,8,9
20,31,2026,2,17,4,4,1,12
20,36,2026,2,17,3,3,0,15
20,41,2026,2,17,2,5,5,15
20,47,2026,2,17,1,6,9,12
21,0,2026,2,17,1,4,0,16
21,5,2026,2,17,2,4,2,18
21,11,2026,2,17,3,3,6,15
21,18,2026,2,17,4,6,8,13
21,25,2026,2,17,5,3,6,10
21,31,2026,2,17,4,3,1,12
21,36,2026,2,17,3,3,1,14
21,41,2026,2,17,2,6,4,16
21,47,2026,2,17,1,4,10,10
22,0,2026,2,17,1,2,0,12
22,5,2026,2,17,2,2,2,12
22,11,2026,2,17,3,4,5,11
22,18,2026,2,17,4,2,3,10
22,25,2026,2,17,5,2,6,6
22,31,2026,2,17,4,6,0,12
22,36,2026,2,17,3,5,1,16
22,41,2026,2,17,2,3,5,14
22,47,2026,2,17,1,4,4,14
23,0,2026,2,17,1,2,0,16
23,5,2026,2,17,2,4,1,19
23,11,2026,2,17,3,6,3,22
23,18,2026,2,17,4,4,10,16
23,25,2026,2,17,5,2,11,7
23,31,2026,2,17,4,2,0,9
23,36,2026,2,17,3,3,3,9
23,41,2026,2,17,2,2,4,7
23,47,2026,2,17,1,0,7,0
6,0,2026,2,18,1,4,0,4
6,5,2026,2,18,2,7,2,9
6,11,2026,2,18,3,5,3,11
6,18,2026,2,18,4,4,3,12
6,25,2026,2,18,5,10,4,18
6,31,2026,2,18,4,4,2,20
6,36,2026,2,18,3,16,5,31
6,41,2026,2,18,2,13,9,35
6,47,2026,2,18,1,5,11,29
7,0,2026,2,18,1,4,0,33
7,5,2026,2,18,2,20,3,50
7,11,2026,2,18,3,19,6,63
7,18,2026,2,18,4,5,20,48
7,25,2026,2,18,5,20,20,48
7,31,2026,2,18,4,2,17,33
7,36,2026,2,18,3,22,3,52
7,41,2026,2,18,2,10,14,48
7,47,2026,2,18,1,4,20,32
8,0,2026,2,18,1,2,0,34
8,5,2026,2,18,2,21,4,51
8,11,2026,2,18,3,19,5,65
8,18,2026,2,18,4,4,20,49
8,25,2026,2,18,5,8,14,43
8,31,2026,2,18,4,5,5,43
8,36,2026,2,18,3,13,3,53
8,41,2026,2,18,2,7,18,42
8,47,2026,2,18,1,4,20,26
9,0,2026,2,18,1,2,0,28
9,5,2026,2,18,2,5,0,33
9,11,2026,2,18,3,2,1,34
9,18,2026,2,18,4,3,20,17
9,25,2026,2,18,5,5,7,15
9,31,2026,2,18,4,2,1,16
9,36,2026,2,18,3,6,0,22
9,41,2026,2,18,2,4,4,22
9,47,2026,2,18,1,3,19,6
10,0,2026,2,18,1,5,0,11
10,5,2026,2,18,2,5,0,16
10,11,2026,2,18,3,5,5,16
10,18,2026,2,18,4,3,6,13
10,25,2026,2,18,5,4,6,11
10,31,2026,2,18,4,4,2,13
10,36,2026,2,18,3,5,5,13
10,41,2026,2,18,2,3,2,14
10,47,2026,2,18,1,2,7,9
11,0,2026,2,18,1,4,0,13
11,5,2026,2,18,2,3,2,14
11,11,2026,2,18,3,3,4,13
11,18,2026,2,18,4,3,2,14
11,25,2026,2,18,5,6,8,12
11,31,2026,2,18,4,6,2,16
11,36,2026,2,18,3,3,3,16
11,41,2026,2,18,2,6,5,17
11,47,2026,2,18,1,4,13,8
12,0,2026,2,18,1,5,0,13
12,5,2026,2,18,2,4,1,16
12,11,2026,2,18,3,5,8,13
12,18,2026,2,18,4,6,5,14
12,25,2026,2,18,5,6,9,11
12,31,2026,2,18,4,6,1,16
12,36,2026,2,18,3,2,6,12
12,41,2026,2,18,2,3,6,9
12,47,2026,2,18,1,5,4,10
13,0,2026,2,18,1,19,0,29
13,5,2026,2,18,2,2,9,22
13,11,2026,2,18,3,5,13,14
13,18,2026,2,18,4,14,3,25
13,25,2026,2,18,5,2,14,13
13,31,2026,2,18,4,7,1,19
13,36,2026,2,18,3,6,4,21
13,41,2026,2,18,2,5,5,21
13,47,2026,2,18,1,9,9,21
14,0,2026,2,18,1,8,0,29
14,5,2026,2,18,2,2,4,27
14,11,2026,2,18,3,5,5,27
14,18,2026,2,18,4,23,6,44
14,25,2026,2,18,5,6,20,30
14,31,2026,2,18,4,19,2,47
14,36,2026,2,18,3,3,17,33
14,41,2026,2,18,2,4,14,23
14,47,2026,2,18,1,14,15,22
15,0,2026,2,18,1,14,0,36
15,5,2026,2,18,2,4,6,34
15,11,2026,2,18,3,2,12,24
15,18,2026,2,18,4,32,4,52
15,25,2026,2,18,5,2,20,34
15,31,2026,2,18,4,13,1,46
15,36,2026,2,18,3,6,19,33
15,41,2026,2,18,2,2,16,19
15,47,2026,2,18,1,24,12,31
16,0,2026,2,18,1,2,0,33
16,5,2026,2,18,2,4,4,33
16,11,2026,2,18,3,4,8,29
16,18,2026,2,18,4,2,10,21
16,25,2026,2,18,5,4,13,12
16,31,2026,2,18,4,2,2,12
16,36,2026,2,18,3,5,1,16
16,41,2026,2,18,2,5,6,15
16,47,2026,2,18,1,3,10,8
17,0,2026,2,18,1,5,0,13
17,5,2026,2,18,2,2,1,14
17,11,2026,2,18,3,5,4,15
17,18,2026,2,18,4,3,6,12
17,25,2026,2,18,5,4,5,11
17,31,2026,2,18,4,3,1,13
17,36,2026,2,18,3,5,2,16
17,41,2026,2,18,2,2,3,15
17,47,2026,2,18,1,6,10,11
18,0,2026,2,18,1,3,0,14
18,5,2026,2,18,2,5,1,18
18,11,2026,2,18,3,4,5,17
18,18,2026,2,18,4,2,9,10
18,25,2026,2,18,5,2,7,5
18,31,2026,2,18,4,5,1,9
18,36,2026,2,18,3,2,3,8
18,41,2026,2,18,2,5,5,8
18,47,2026,2,18,1,3,6,5
19,0,2026,2,18,1,3,0,8
19,5,2026,2,18,2,2,2,8
19,11,2026,2,18,3,2,0,10
19,18,2026,2,18,4,5,6,9
19,25,2026,2,18,5,5,1,13
19,31,2026,2,18,4,3,1,15
19,36,2026,2,18,3,4,4,15
19,41,2026,2,18,2,4,6,13
19,47,2026,2,18,1,3,6,10
20,0,2026,2,18,1,4,0,14
20,5,2026,2,18,2,3,1,16
20,11,2026,2,18,3,3,2,17
20,18,2026,2,18,4,2,5,14
20,25,2026,2,18,5,4,11,7
20,31,2026,2,18,4,5,1,11
20,36,2026,2,18,3,3,2,12
20,41,2026,2,18,2,5,3,14
20,47,2026,2,18,1,2,9,7
21,0,2026,2,18,1,3,0,10
21,5,2026,2,18,2,3,3,10
21,11,2026,2,18,3,5,1,14
21,18,2026,2,18,4,4,5,13
21,25,2026,2,18,5,4,8,9
21,31,2026,2,18,4,3,1,11
21,36,2026,2,18,3,4,1,14
21,41,2026,2,18,2,4,5,13
21,47,2026,2,18,1,4,8,9
22,0,2026,2,18,1,2,0,11
22,5,2026,2,18,2,4,3,12
22,11,2026,2,18,3,5,4,13
22,18,2026,2,18,4,4,4,13
22,25,2026,2,18,5,5,6,12
22,31,2026,2,18,4,5,1,16
22,36,2026,2,18,3,4,3,17
22,41,2026,2,18,2,4,5,16
22,47,2026,2,18,1,4,10,10
23,0,2026,2,18,1,4,0,14
23,5,2026,2,18,2,5,0,19
23,11,2026,2,18,3,5,7,17
23,18,2026,2,18,4,4,6,15
23,25,2026,2,18,5,4,9,10
23,31,2026,2,18,4,6,1,15
23,36,2026,2,18,3,2,1,16
23,41,2026,2,18,2,6,11,11
23,47,2026,2,18,1,0,11,0
6,0,2026,2,19,1,5,0,5
6,5,2026,2,19,2,14,0,19
6,11,2026,2,19,3,11,0,30
6,18,2026,2,19,4,6,11,25
6,25,2026,2,19,5,7,8,24
6,31,2026,2,19,4,3,3,24
6,36,2026,2,19,3,22,3,43
6,41,2026,2,19,2,21,11,53
6,47,2026,2,19,1,3,18,38
7,0,2026,2,19,1,4,0,42
7,5,2026,2,19,2,5,2,45
7,11,2026,2,19,3,22,11,56
7,18,2026,2,19,4,1,20,37
7,25,2026,2,19,5,15,15,37
7,31,2026,2,19,4,2,12,27
7,36,2026,2,19,3,9,3,33
7,41,2026,2,19,2,19,4,48
7,47,2026,2,19,1,3,20,31
8,0,2026,2,19,1,2,0,33
8,5,2026,2,19,2,6,1,38
8,11,2026,2,19,3,18,4,52
8,18,2026,2,19,4,5,20,37
8,25,2026,2,19,5,19,13,43
8,31,2026,2,19,4,5,16,32
8,36,2026,2,19,3,6,4,34
8,41,2026,2,19,2,15,7,42
8,47,2026,2,19,1,2,20,24
9,0,2026,2,19,1,1,0,25
9,5,2026,2,19,2,4,0,29
9,11,2026,2,19,3,2,2,29
9,18,2026,2,19,4,1,20,10
9,25,2026,2,19,5,4,5,9
9,31,2026,2,19,4,5,1,13
9,36,2026,2,19,3,6,0,19
9,41,2026,2,19,2,5,1,23
9,47,2026,2,19,1,2,18,7
10,0,2026,2,19,1,4,0,11
10,5,2026,2,19,2,5,4,12
10,11,2026,2,19,3,3,4,11
10,18,2026,2,19,4,3,4,10
10,25,2026,2,19,5,4,4,10
10,31,2026,2,19,4,4,0,14
10,36,2026,2,19,3,6,4,16
10,41,2026,2,19,2,3,5,14
10,47,2026,2,19,1,3,8,9
11,0,2026,2,19,1,6,0,15
11,5,2026,2,19,2,6,4,17
11,11,2026,2,19,3,3,4,16
11,18,2026,2,19,4,6,7,15
11,25,2026,2,19,5,4,6,13
11,31,2026,2,19,4,6,0,19
11,36,2026,2,19,3,4,8,15
11,41,2026,2,19,2,4,5,14
11,47,2026,2,19,1,3,10,7
12,0,2026,2,19,1,4,0,11
12,5,2026,2,19,2,5,1,15
12,11,2026,2,19,3,3,7,11
12,18,2026,2,19,4,2,1,12
12,25,2026,2,19,5,5,9,8
12,31,2026,2,19,4,2,0,10
12,36,2026,2,19,3,3,4,9
12,41,2026,2,19,2,6,6,9
12,47,2026,2,19,1,3,3,9
13,0,2026,2,19,1,10,0,19
13,5,2026,2,19,2,5,4,20
13,11,2026,2,19,3,5,9,16
13,18,2026,2,19,4,7,5,18
13,25,2026,2,19,5,6,7,17
13,31,2026,2,19,4,14,1,30
13,36,2026,2,19,3,6,7,29
13,41,2026,2,19,2,6,15,20
13,47,2026,2,19,1,13,11,22
14,0,2026,2,19,1,17,0,39
14,5,2026,2,19,2,3,8,34
14,11,2026,2,19,3,2,8,28
14,18,2026,2,19,4,20,10,38
14,25,2026,2,19,5,3,20,21
14,31,2026,2,19,4,20,0,41
14,36,2026,2,19,3,3,20,24
14,41,2026,2,19,2,5,14,15
14,47,2026,2,19,1,13,8,20
15,0,2026,2,19,1,20,0,40
15,5,2026,2,19,2,2,9,33
15,11,2026,2,19,3,4,14,23
15,18,2026,2,19,4,30,10,43
15,25,2026,2,19,5,3,20,26
15,31,2026,2,19,4,12,1,37
15,36,2026,2,19,3,3,9,31
15,41,2026,2,19,2,5,13,23
15,47,2026,2,19,1,23,13,33
16,0,2026,2,19,1,4,0,37
16,5,2026,2,19,2,3,10,30
16,11,2026,2,19,3,5,5,30
16,18,2026,2,19,4,2,13,19
16,25,2026,2,19,5,2,14,7
16,31,2026,2,19,4,6,1,12
16,36,2026,2,19,3,3,3,12
16,41,2026,2,19,2,3,3,12
16,47,2026,2,19,1,4,7,9
17,0,2026,2,19,1,5,0,14
17,5,2026,2,19,2,2,6,10
17,11,2026,2,19,3,5,3,12
17,18,2026,2,19,4,5,3,14
17,25,2026,2,19,5,6,5,15
17,31,2026,2,19,4,5,1,19
17,36,2026,2,19,3,5,8,16
17,41,2026,2,19,2,2,4,14
17,47,2026,2,19,1,3,8,9
18,0,2026,2,19,1,2,0,11
18,5,2026,2,19,2,2,0,13
18,11,2026,2,19,3,4,2,15
18,18,2026,2,19,4,4,5,14
18,25,2026,2,19,5,3,9,8
18,31,2026,2,19,4,4,2,10
18,36,2026,2,19,3,4,4,10
18,41,2026,2,19,2,2,3,9
18,47,2026,2,19,1,5,6,8
19,0,2026,2,19,1,5,0,13
19,5,2026,2,19,2,3,4,12
19,11,2026,2,19,3,2,3,11
19,18,2026,2,19,4,5,3,13
19,25,2026,2,19,5,6,8,11
19,31,2026,2,19,4,6,4,13
19,36,2026,2,19,3,6,3,16
19,41,2026,2,19,2,3,4,15
19,47,2026,2,19,1,2,6,11
20,0,2026,2,19,1,4,0,15
20,5,2026,2,19,2,6,2,19
20,11,2026,2,19,3,3,3,19
20,18,2026,2,19,4,5,9,15
20,25,2026,2,19,5,5,8,12
20,31,2026,2,19,4,2,1,13
20,36,2026,2,19,3,3,3,13
20,41,2026,2,19,2,4,6,11
20,47,2026,2,19,1,6,9,8
21,0,2026,2,19,1,6,0,14
21,5,2026,2,19,2,2,1,15
21,11,2026,2,19,3,3,5,13
21,18,2026,2,19,4,6,8,11
21,25,2026,2,19,5,6,5,12
21,31,2026,2,19,4,2,2,12
21,36,2026,2,19,3,3,2,13
21,41,2026,2,19,2,4,7,10
21,47,2026,2,19,1,5,7,8
22,0,2026,2,19,1,3,0,11
22,5,2026,2,19,2,2,2,11
22,11,2026,2,19,3,6,5,12
22,18,2026,2,19,4,3,3,12
22,25,2026,2,19,5,2,7,7
22,31,2026,2,19,4,6,0,13
22,36,2026,2,19,3,2,3,12
22,41,2026,2,19,2,4,2,14
22,47,2026,2,19,1,4,7,11
23,0,2026,2,19,1,5,0,16
23,5,2026,2,19,2,3,2,17
23,11,2026,2,19,3,2,5,14
23,18,2026,2,19,4,6,7,13
23,25,2026,2,19,5,4,8,9
23,31,2026,2,19,4,5,1,13
23,36,2026,2,19,3,5,1,17
23,41,2026,2,19,2,5,9,13
23,47,2026,2,19,1,0,13,0
6,0,2026,2,20,1,3,0,3
6,5,2026,2,20,2,14,1,16
6,11,2026,2,20,3,22,5,33
6,18,2026,2,20,4,5,13,25
6,25,2026,2,20,5,5,15,15
6,31,2026,2,20,4,6,2,19
6,36,2026,2,20,3,14,1,32
6,41,2026,2,20,2,10,6,36
6,47,2026,2,20,1,2,15,23
7,0,2026,2,20,1,1,0,24
7,5,2026,2,20,2,9,1,32
7,11,2026,2,20,3,15,1,46
7,18,2026,2,20,4,5,20,31
7,25,2026,2,20,5,18,8,41
7,31,2026,2,20,4,2,13,30
7,36,2026,2,20,3,20,6,44
7,41,2026,2,20,2,19,5,58
7,47,2026,2,20,1,1,20,39
8,0,2026,2,20,1,2,0,41
8,5,2026,2,20,2,20,2,59
8,11,2026,2,20,3,12,10,61
8,18,2026,2,20,4,4,20,45
8,25,2026,2,20,5,15,16,44
8,31,2026,2,20,4,3,11,36
8,36,2026,2,20,3,7,3,40
8,41,2026,2,20,2,16,13,43
8,47,2026,2,20,1,2,20,25
9,0,2026,2,20,1,4,0,29
9,5,2026,2,20,2,5,1,33
9,11,2026,2,20,3,3,3,33
9,18,2026,2,20,4,3,20,16
9,25,2026,2,20,5,4,8,12
9,31,2026,2,20,4,3,1,14
9,36,2026,2,20,3,6,1,19
9,41,2026,2,20,2,2,1,20
9,47,2026,2,20,1,1,18,3
10,0,2026,2,20,1,6,0,9
10,5,2026,2,20,2,6,0,15
10,11,2026,2,20,3,2,5,12
10,18,2026,2,20,4,3,6,9
10,25,2026,2,20,5,3,3,9
10,31,2026,2,20,4,5,1,13
10,36,2026,2,20,3,3,3,13
10,41,2026,2,20,2,5,9,9
10,47,2026,2,20,1,4,3,10
11,0,2026,2,20,1,5,0,15
11,5,2026,2,20,2,3,3,15
11,11,2026,2,20,3,5,3,17
11,18,2026,2,20,4,2,5,14
11,25,2026,2,20,5,5,8,11
11,31,2026,2,20,4,6,2,15
11,36,2026,2,20,3,5,2,18
11,41,2026,2,20,2,5,3,20
11,47,2026,2,20,1,3,15,8
12,0,2026,2,20,1,6,0,14
12,5,2026,2,20,2,5,3,16
12,11,2026,2,20,3,3,1,18
12,18,2026,2,20,4,5,6,17
12,25,2026,2,20,5,3,12,8
12,31,2026,2,20,4,4,1,11
12,36,2026,2,20,3,6,5,12
12,41,2026,2,20,2,4,3,13
12,47,2026,2,20,1,6,7,12
13,0,2026,2,20,1,8,0,20
13,5,2026,2,20,2,2,6,16
13,11,2026,2,20,3,2,8,10
13,18,2026,2,20,4,14,7,17
13,25,2026,2,20,5,2,8,11
13,31,2026,2,20,4,7,0,18
13,36,2026,2,20,3,3,9,12
13,41,2026,2,20,2,6,6,12
13,47,2026,2,20,1,30,4,38
14,0,2026,2,20,1,11,0,49
14,5,2026,2,20,2,4,12,41
14,11,2026,2,20,3,5,16,30
14,18,2026,2,20,4,13,8,35
14,25,2026,2,20,5,6,20,21
14,31,2026,2,20,4,12,1,32
14,36,2026,2,20,3,4,11,25
14,41,2026,2,20,2,2,14,13
14,47,2026,2,20,1,25,6,32
15,0,2026,2,20,1,18,0,50
15,5,2026,2,20,2,3,11,42
15,11,2026,2,20,3,2,13,31
15,18,2026,2,20,4,16,9,38
15,25,2026,2,20,5,4,20,22
15,31,2026,2,20,4,20,2,40
15,36,2026,2,20,3,6,14,32
15,41,2026,2,20,2,5,14,23
15,47,2026,2,20,1,22,13,32
16,0,2026,2,20,1,6,0,38
16,5,2026,2,20,2,3,5,36
16,11,2026,2,20,3,4,7,33
16,18,2026,2,20,4,2,16,19
16,25,2026,2,20,5,2,14,7
16,31,2026,2,20,4,6,0,13
16,36,2026,2,20,3,6,1,18
16,41,2026,2,20,2,5,9,14
16,47,2026,2,20,1,4,6,12
17,0,2026,2,20,1,3,0,15
17,5,2026,2,20,2,2,0,17
17,11,2026,2,20,3,3,5,15
17,18,2026,2,20,4,6,7,14
17,25,2026,2,20,5,5,6,13
17,31,2026,2,20,4,4,0,17
17,36,2026,2,20,3,5,4,18
17,41,2026,2,20,2,3,8,13
17,47,2026,2,20,1,3,6,10
18,0,2026,2,20,1,6,0,16
18,5,2026,2,20,2,5,1,20
18,11,2026,2,20,3,6,4,22
18,18,2026,2,20,4,4,11,15
18,25,2026,2,20,5,5,10,10
18,31,2026,2,20,4,4,2,12
18,36,2026,2,20,3,4,1,15
18,41,2026,2,20,2,4,5,14
18,47,2026,2,20,1,3,8,9
19,0,2026,2,20,1,5,0,14
19,5,2026,2,20,2,3,4,13
19,11,2026,2,20,3,3,3,13
19,18,2026,2,20,4,6,5,14
19,25,2026,2,20,5,3,9,8
19,31,2026,2,20,4,6,3,11
19,36,2026,2,20,3,3,2,12
19,41,2026,2,20,2,5,7,10
19,47,2026,2,20,1,3,4,9
20,0,2026,2,20,1,2,0,11
20,5,2026,2,20,2,3,2,12
20,11,2026,2,20,3,3,3,12
20,18,2026,2,20,4,5,7,10
20,25,2026,2,20,5,4,4,10
20,31,2026,2,20,4,3,0,13
20,36,2026,2,20,3,4,3,14
20,41,2026,2,20,2,6,10,10
20,47,2026,2,20,1,5,7,8
21,0,2026,2,20,1,5,0,13
21,5,2026,2,20,2,6,2,17
21,11,2026,2,20,3,3,2,18
21,18,2026,2,20,4,3,4,17
21,25,2026,2,20,5,5,13,9
21,31,2026,2,20,4,5,2,12
21,36,2026,2,20,3,4,2,14
21,41,2026,2,20,2,6,3,17
21,47,2026,2,20,1,3,12,8
22,0,2026,2,20,1,5,0,13
22,5,2026,2,20,2,2,3,12
22,11,2026,2,20,3,3,3,12
22,18,2026,2,20,4,3,4,11
22,25,2026,2,20,5,4,7,8
22,31,2026,2,20,4,5,3,10
22,36,2026,2,20,3,3,1,12
22,41,2026,2,20,2,3,5,10
22,47,2026,2,20,1,4,5,9
23,0,2026,2,20,1,3,0,12
23,5,2026,2,20,2,5,2,15
23,11,2026,2,20,3,2,6,11
23,18,2026,2,20,4,2,6,7
23,25,2026,2,20,5,2,6,3
23,31,2026,2,20,4,6,0,9
23,36,2026,2,20,3,6,2,13
23,41,2026,2,20,2,4,8,9
23,47,2026,2,20,1,0,9,0
6,0,2026,2,21,1,3,0,3
6,5,2026,2,21,2,16,1,18
6,11,2026,2,21,3,16,6,28
6,18,2026,2,21,4,3,10,21
6,25,2026,2,21,5,21,10,32
6,31,2026,2,21,4,6,7,31
6,36,2026,2,21,3,21,6,46
6,41,2026,2,21,2,11,15,42
6,47,2026,2,21,1,3,12,33
7,0,2026,2,21,1,4,0,37
7,5,2026,2,21,2,8,3,42
7,11,2026,2,21,3,17,5,54
7,18,2026,2,21,4,3,20,37
7,25,2026,2,21,5,12,10,39
7,31,2026,2,21,4,3,8,34
7,36,2026,2,21,3,19,4,49
7,41,2026,2,21,2,22,11,60
7,47,2026,2,21,1,4,20,44
8,0,2026,2,21,1,1,0,45
8,5,2026,2,21,2,17,2,60
8,11,2026,2,21,3,17,11,66
8,18,2026,2,21,4,2,20,48
8,25,2026,2,21,5,22,20,50
8,31,2026,2,21,4,5,19,36
8,36,2026,2,21,3,13,4,45
8,41,2026,2,21,2,7,10,42
8,47,2026,2,21,1,1,20,23
9,0,2026,2,21,1,4,0,27
9,5,2026,2,21,2,5,0,32
9,11,2026,2,21,3,4,3,33
9,18,2026,2,21,4,4,20,17
9,25,2026,2,21,5,4,6,15
9,31,2026,2,21,4,2,0,17
9,36,2026,2,21,3,5,1,21
9,41,2026,2,21,2,5,1,25
9,47,2026,2,21,1,3,20,8
10,0,2026,2,21,1,4,0,12
10,5,2026,2,21,2,4,1,15
10,11,2026,2,21,3,3,5,13
10,18,2026,2,21,4,5,7,11
10,25,2026,2,21,5,2,3,10
10,31,2026,2,21,4,5,1,14
10,36,2026,2,21,3,3,3,14
10,41,2026,2,21,2,2,3,13
10,47,2026,2,21,1,2,9,6
11,0,2026,2,21,1,4,0,10
11,5,2026,2,21,2,6,1,15
11,11,2026,2,21,3,2,6,11
11,18,2026,2,21,4,2,4,9
11,25,2026,2,21,5,3,5,7
11,31,2026,2,21,4,2,1,8
11,36,2026,2,21,3,4,4,8
11,41,2026,2,21,2,5,1,12
11,47,2026,2,21,1,3,7,8
12,0,2026,2,21,1,6,0,14
12,5,2026,2,21,2,2,0,16
12,11,2026,2,21,3,6,6,16
12,18,2026,2,21,4,5,8,13
12,25,2026,2,21,5,5,8,10
12,31,2026,2,21,4,3,1,12
12,36,2026,2,21,3,5,2,15
12,41,2026,2,21,2,5,2,18
12,47,2026,2,21,1,2,8,12
13,0,2026,2,21,1,10,0,22
13,5,2026,2,21,2,2,1,23
13,11,2026,2,21,3,5,5,23
13,18,2026,2,21,4,31,8,46
13,25,2026,2,21,5,2,20,28
13,31,2026,2,21,4,19,0,47
13,36,2026,2,21,3,4,13,38
13,41,2026,2,21,2,6,18,26
13,47,2026,2,21,1,8,15,19
14,0,2026,2,21,1,11,0,30
14,5,2026,2,21,2,5,3,32
14,11,2026,2,21,3,5,7,30
14,18,2026,2,21,4,14,7,37
14,25,2026,2,21,5,3,20,20
14,31,2026,2,21,4,17,0,37
14,36,2026,2,21,3,4,9,32
14,41,2026,2,21,2,6,17,21
14,47,2026,2,21,1,13,10,24
15,0,2026,2,21,1,27,0,51
15,5,2026,2,21,2,4,14,41
15,11,2026,2,21,3,3,14,30
15,18,2026,2,21,4,30,7,53
15,25,2026,2,21,5,2,20,35
15,31,2026,2,21,4,7,0,42
15,36,2026,2,21,3,3,11,34
15,41,2026,2,21,2,2,17,19
15,47,2026,2,21,1,30,14,35
16,0,2026,2,21,1,2,0,37
16,5,2026,2,21,2,3,10,30
16,11,2026,2,21,3,3,12,21
16,18,2026,2,21,4,5,9,17
16,25,2026,2,21,5,3,12,8
16,31,2026,2,21,4,6,1,13
16,36,2026,2,21,3,3,0,16
16,41,2026,2,21,2,6,3,19
16,47,2026,2,21,1,4,9,14
17,0,2026,2,21,1,2,0,16
17,5,2026,2,21,2,6,2,20
17,11,2026,2,21,3,6,2,24
17,18,2026,2,21,4,6,4,26
17,25,2026,2,21,5,2,12,16
17,31,2026,2,21,4,6,0,22
17,36,2026,2,21,3,3,2,23
17,41,2026,2,21,2,6,10,19
17,47,2026,2,21,1,4,13,10
18,0,2026,2,21,1,6,0,16
18,5,2026,2,21,2,3,4,15
18,11,2026,2,21,3,2,3,14
18,18,2026,2,21,4,6,9,11
18,25,2026,2,21,5,3,6,8
18,31,2026,2,21,4,6,0,14
18,36,2026,2,21,3,2,7,9
18,41,2026,2,21,2,2,1,10
18,47,2026,2,21,1,4,6,8
19,0,2026,2,21,1,4,0,12
19,5,2026,2,21,2,5,2,15
19,11,2026,2,21,3,6,3,18
19,18,2026,2,21,4,3,5,16
19,25,2026,2,21,5,3,9,10
19,31,2026,2,21,4,5,0,15
19,36,2026,2,21,3,6,2,19
19,41,2026,2,21,2,5,7,17
19,47,2026,2,21,1,6,10,13
20,0,2026,2,21,1,5,0,18
20,5,2026,2,21,2,5,4,19
20,11,2026,2,21,3,5,6,18
20,18,2026,2,21,4,3,8,13
20,25,2026,2,21,5,2,7,8
20,31,2026,2,21,4,4,1,11
20,36,2026,2,21,3,3,3,11
20,41,2026,2,21,2,2,4,9
20,47,2026,2,21,1,6,5,10
21,0,2026,2,21,1,3,0,13
21,5,2026,2,21,2,2,2,13
21,11,2026,2,21,3,6,3,16
21,18,2026,2,21,4,5,5,16
21,25,2026,2,21,5,4,8,12
21,31,2026,2,21,4,5,1,16
21,36,2026,2,21,3,4,4,16
21,41,2026,2,21,2,5,6,15
21,47,2026,2,21,1,3,11,7
22,0,2026,2,21,1,5,0,12
22,5,2026,2,21,2,4,2,14
22,11,2026,2,21,3,3,3,14
22,18,2026,2,21,4,6,8,12
22,25,2026,2,21,5,5,7,10
22,31,2026,2,21,4,5,0,15
22,36,2026,2,21,3,2,3,14
22,41,2026,2,21,2,3,6,11
22,47,2026,2,21,1,6,6,11
23,0,2026,2,21,1,4,0,15
23,5,2026,2,21,2,4,4,15
23,11,2026,2,21,3,3,4,14
23,18,2026,2,21,4,6,4,16
23,25,2026,2,21,5,4,10,10
23,31,2026,2,21,4,6,0,16
23,36,2026,2,21,3,4,4,16
23,41,2026,2,21,2,3,7,12
23,47,2026,2,21,1,0,12,0
6,0,2026,2,22,1,6,0,6
6,5,2026,2,22,2,13,1,18
6,11,2026,2,22,3,16,2,32
6,18,2026,2,22,4,5,12,25
6,25,2026,2,22,5,19,11,33
6,31,2026,2,22,4,3,4,32
6,36,2026,2,22,3,6,7,31
6,41,2026,2,22,2,17,8,40
6,47,2026,2,22,1,2,19,23
7,0,2026,2,22,1,4,0,27
7,5,2026,2,22,2,17,1,43
7,11,2026,2,22,3,22,8,57
7,18,2026,2,22,4,1,20,38
7,25,2026,2,22,5,6,8,36
7,31,2026,2,22,4,5,4,37
7,36,2026,2,22,3,22,1,58
7,41,2026,2,22,2,14,15,57
7,47,2026,2,22,1,2,20,39
8,0,2026,2,22,1,2,0,41
8,5,2026,2,22,2,17,2,56
8,11,2026,2,22,3,15,11,60
8,18,2026,2,22,4,2,20,42
8,25,2026,2,22,5,22,18,46
8,31,2026,2,22,4,5,16,35
8,36,2026,2,22,3,14,8,41
8,41,2026,2,22,2,14,9,46
8,47,2026,2,22,1,1,20,27
9,0,2026,2,22,1,3,0,30
9,5,2026,2,22,2,2,2,30
9,11,2026,2,22,3,6,5,31
9,18,2026,2,22,4,5,20,16
9,25,2026,2,22,5,6,5,17
9,31,2026,2,22,4,3,1,19
9,36,2026,2,22,3,4,0,23
9,41,2026,2,22,2,6,2,27
9,47,2026,2,22,1,4,20,11
10,0,2026,2,22,1,4,0,15
10,5,2026,2,22,2,4,3,16
10,11,2026,2,22,3,3,4,15
10,18,2026,2,22,4,5,6,14
10,25,2026,2,22,5,3,8,9
10,31,2026,2,22,4,5,0,14
10,36,2026,2,22,3,2,5,11
10,41,2026,2,22,2,4,3,12
10,47,2026,2,22,1,4,4,12
11,0,2026,2,22,1,6,0,18
11,5,2026,2,22,2,2,2,18
11,11,2026,2,22,3,2,2,18
11,18,2026,2,22,4,6,6,18
11,25,2026,2,22,5,2,12,8
11,31,2026,2,22,4,4,0,12
11,36,2026,2,22,3,4,4,12
11,41,2026,2,22,2,3,6,9
11,47,2026,2,22,1,5,5,9
12,0,2026,2,22,1,2,0,11
12,5,2026,2,22,2,6,0,17
12,11,2026,2,22,3,3,5,15
12,18,2026,2,22,4,6,8,13
12,25,2026,2,22,5,5,7,11
12,31,2026,2,22,4,4,2,13
12,36,2026,2,22,3,4,1,16
12,41,2026,2,22,2,5,10,11
12,47,2026,2,22,1,6,7,10
13,0,2026,2,22,1,15,0,25
13,5,2026,2,22,2,4,7,22
13,11,2026,2,22,3,4,10,16
13,18,2026,2,22,4,32,6,42
13,25,2026,2,22,5,6,12,36
13,31,2026,2,22,4,18,1,53
13,36,2026,2,22,3,6,20,39
13,41,2026,2,22,2,2,20,21
13,47,2026,2,22,1,30,13,38
14,0,2026,2,22,1,22,0,60
14,5,2026,2,22,2,6,13,53
14,11,2026,2,22,3,6,20,39
14,18,2026,2,22,4,15,10,44
14,25,2026,2,22,5,4,20,28
14,31,2026,2,22,4,14,0,42
14,36,2026,2,22,3,6,12,36
14,41,2026,2,22,2,3,17,22
14,47,2026,2,22,1,29,12,39
15,0,2026,2,22,1,23,0,62
15,5,2026,2,22,2,6,14,54
15,11,2026,2,22,3,3,20,37
15,18,2026,2,22,4,31,12,56
15,25,2026,2,22,5,5,20,41
15,31,2026,2,22,4,16,0,57
15,36,2026,2,22,3,6,12,51
15,41,2026,2,22,2,6,20,37
15,47,2026,2,22,1,24,20,41
16,0,2026,2,22,1,3,0,44
16,5,2026,2,22,2,3,6,41
16,11,2026,2,22,3,5,10,36
16,18,2026,2,22,4,5,14,27
16,25,2026,2,22,5,6,17,16
16,31,2026,2,22,4,4,3,17
16,36,2026,2,22,3,4,4,17
16,41,2026,2,22,2,4,6,15
16,47,2026,2,22,1,2,6,11
17,0,2026,2,22,1,6,0,17
17,5,2026,2,22,2,5,1,21
17,11,2026,2,22,3,2,5,18
17,18,2026,2,22,4,4,5,17
17,25,2026,2,22,5,4,11,10
17,31,2026,2,22,4,4,1,13
17,36,2026,2,22,3,3,4,12
17,41,2026,2,22,2,5,2,15
17,47,2026,2,22,1,4,8,11
18,0,2026,2,22,1,2,0,13
18,5,2026,2,22,2,4,2,15
18,11,2026,2,22,3,3,2,16
18,18,2026,2,22,4,3,2,17
18,25,2026,2,22,5,5,13,9
18,31,2026,2,22,4,5,0,14
18,36,2026,2,22,3,5,4,15
18,41,2026,2,22,2,3,5,13
18,47,2026,2,22,1,3,7,9
19,0,2026,2,22,1,4,0,13
19,5,2026,2,22,2,5,1,17
19,11,2026,2,22,3,2,4,15
19,18,2026,2,22,4,2,6,11
19,25,2026,2,22,5,3,8,6
19,31,2026,2,22,4,6,1,11
19,36,2026,2,22,3,2,3,10
19,41,2026,2,22,2,4,5,9
19,47,2026,2,22,1,3,5,7
20,0,2026,2,22,1,2,0,9
20,5,2026,2,22,2,6,1,14
20,11,2026,2,22,3,2,2,14
20,18,2026,2,22,4,5,3,16
20,25,2026,2,22,5,6,14,8
20,31,2026,2,22,4,2,2,8
20,36,2026,2,22,3,6,2,12
20,41,2026,2,22,2,5,4,13
20,47,2026,2,22,1,5,4,14
21,0,2026,2,22,1,3,0,17
21,5,2026,2,22,2,5,4,18
21,11,2026,2,22,3,6,3,21
21,18,2026,2,22,4,4,10,15
21,25,2026,2,22,5,4,8,11
21,31,2026,2,22,4,3,2,12
21,36,2026,2,22,3,3,2,13
21,41,2026,2,22,2,4,4,13
21,47,2026,2,22,1,6,5,14
22,0,2026,2,22,1,4,0,18
22,5,2026,2,22,2,4,3,19
22,11,2026,2,22,3,2,5,16
22,18,2026,2,22,4,2,6,12
22,25,2026,2,22,5,4,11,5
22,31,2026,2,22,4,5,1,9
22,36,2026,2,22,3,2,4,7
22,41,2026,2,22,2,5,2,10
22,47,2026,2,22,1,5,6,9
23,0,2026,2,22,1,3,0,12
23,5,2026,2,22,2,4,2,14
23,11,2026,2,22,3,6,1,19
23,18,2026,2,22,4,5,5,19
23,25,2026,2,22,5,5,13,11
23,31,2026,2,22,4,5,2,14
23,36,2026,2,22,3,2,1,15
23,41,2026,2,22,2,4,9,10
23,47,2026,2,22,1,0,10,0
6,0,2026,2,23,1,6,0,6
6,5,2026,2,23,2,20,2,24
6,11,2026,2,23,3,11,6,29
6,18,2026,2,23,4,2,10,21
6,25,2026,2,23,5,8,10,19
6,31,2026,2,23,4,5,1,23
6,36,2026,2,23,3,16,4,35
6,41,2026,2,23,2,20,8,47
6,47,2026,2,23,1,5,16,36
7,0,2026,2,23,1,1,0,37
7,5,2026,2,23,2,7,4,40
7,11,2026,2,23,3,15,6,49
7,18,2026,2,23,4,4,20,33
7,25,2026,2,23,5,12,10,35
7,31,2026,2,23,4,1,9,27
7,36,2026,2,23,3,6,3,30
7,41,2026,2,23,2,16,5,41
7,47,2026,2,23,1,4,20,25
8,0,2026,2,23,1,1,0,26
8,5,2026,2,23,2,16,2,40
8,11,2026,2,23,3,12,4,48
8,18,2026,2,23,4,3,20,31
8,25,2026,2,23,5,22,5,48
8,31,2026,2,23,4,2,18,32
8,36,2026,2,23,3,22,5,49
8,41,2026,2,23,2,12,9,52
8,47,2026,2,23,1,2,20,34
9,0,2026,2,23,1,3,0,37
9,5,2026,2,23,2,3,2,38
9,11,2026,2,23,3,5,7,36
9,18,2026,2,23,4,5,20,21
9,25,2026,2,23,5,2,8,15
9,31,2026,2,23,4,4,1,18
9,36,2026,2,23,3,4,1,21
9,41,2026,2,23,2,2,1,22
9,47,2026,2,23,1,3,20,5
10,0,2026,2,23,1,2,0,7
10,5,2026,2,23,2,5,1,11
10,11,2026,2,23,3,4,2,13
10,18,2026,2,23,4,6,6,13
10,25,2026,2,23,5,5,7,11
10,31,2026,2,23,4,3,1,13
10,36,2026,2,23,3,2,0,15
10,41,2026,2,23,2,6,7,14
10,47,2026,2,23,1,6,7,13
11,0,2026,2,23,1,6,0,19
11,5,2026,2,23,2,5,3,21
11,11,2026,2,23,3,3,5,19
11,18,2026,2,23,4,6,11,14
11,25,2026,2,23,5,5,5,14
11,31,2026,2,23,4,4,0,18
11,36,2026,2,23,3,6,6,18
11,41,2026,2,23,2,6,6,18
11,47,2026,2,23,1,4,10,12
12,0,2026,2,23,1,2,0,14
12,5,2026,2,23,2,4,2,16
12,11,2026,2,23,3,3,5,14
12,18,2026,2,23,4,5,7,12
12,25,2026,2,23,5,2,7,7
12,31,2026,2,23,4,2,1,8
12,36,2026,2,23,3,5,2,11
12,41,2026,2,23,2,2,4,9
12,47,2026,2,23,1,6,3,12
13,0,2026,2,23,1,32,0,44
13,5,2026,2,23,2,5,10,39
13,11,2026,2,23,3,2,13,28
13,18,2026,2,23,4,12,14,26
13,25,2026,2,23,5,3,14,15
13,31,2026,2,23,4,24,1,38
13,36,2026,2,23,3,6,13,31
13,41,2026,2,23,2,5,13,23
13,47,2026,2,23,1,29,12,40
14,0,2026,2,23,1,11,0,51
14,5,2026,2,23,2,6,15,42
14,11,2026,2,23,3,2,14,30
14,18,2026,2,23,4,31,7,54
14,25,2026,2,23,5,4,20,38
14,31,2026,2,23,4,25,3,60
14,36,2026,2,23,3,4,18,46
14,41,2026,2,23,2,5,20,31
14,47,2026,2,23,1,23,17,37
15,0,2026,2,23,1,9,0,46
15,5,2026,2,23,2,3,9,40
15,11,2026,2,23,3,5,9,36
15,18,2026,2,23,4,13,13,36
15,25,2026,2,23,5,3,20,19
15,31,2026,2,23,4,13,0,32
15,36,2026,2,23,3,3,7,28
15,41,2026,2,23,2,5,12,21
15,47,2026,2,23,1,18,13,26
16,0,2026,2,23,1,3,0,29
16,5,2026,2,23,2,3,3,29
16,11,2026,2,23,3,6,9,26
16,18,2026,2,23,4,6,12,20
16,25,2026,2,23,5,5,13,12
16,31,2026,2,23,4,4,1,15
16,36,2026,2,23,3,6,4,17
16,41,2026,2,23,2,3,6,14
16,47,2026,2,23,1,5,9,10
17,0,2026,2,23,1,5,0,15
17,5,2026,2,23,2,4,1,18
17,11,2026,2,23,3,6,7,17
17,18,2026,2,23,4,5,5,17
17,25,2026,2,23,5,6,9,14
17,31,2026,2,23,4,5,2,17
17,36,2026,2,23,3,4,6,15
17,41,2026,2,23,2,5,4,16
17,47,2026,2,23,1,3,12,7
18,0,2026,2,23,1,4,0,11
18,5,2026,2,23,2,5,2,14
18,11,2026,2,23,3,6,1,19
18,18,2026,2,23,4,5,6,18
18,25,2026,2,23,5,4,6,16
18,31,2026,2,23,4,2,1,17
18,36,2026,2,23,3,2,4,15
18,41,2026,2,23,2,5,9,11
18,47,2026,2,23,1,2,7,6
19,0,2026,2,23,1,2,0,8
19,5,2026,2,23,2,6,1,13
19,11,2026,2,23,3,4,7,10
19,18,2026,2,23,4,4,5,9
19,25,2026,2,23,5,5,5,9
19,31,2026,2,23,4,6,0,15
19,36,2026,2,23,3,3,3,15
19,41,2026,2,23,2,2,11,6
19,47,2026,2,23,1,4,3,7
20,0,2026,2,23,1,6,0,13
20,5,2026,2,23,2,5,5,13
20,11,2026,2,23,3,4,3,14
20,18,2026,2,23,4,2,3,13
20,25,2026,2,23,5,4,9,8
20,31,2026,2,23,4,5,1,12
20,36,2026,2,23,3,6,2,16
20,41,2026,2,23,2,3,5,14
20,47,2026,2,23,1,5,5,14
21,0,2026,2,23,1,2,0,16
21,5,2026,2,23,2,6,1,21
21,11,2026,2,23,3,6,4,23
21,18,2026,2,23,4,3,12,14
21,25,2026,2,23,5,4,10,8
21,31,2026,2,23,4,6,1,13
21,36,2026,2,23,3,4,5,12
21,41,2026,2,23,2,5,3,14
21,47,2026,2,23,1,5,6,13
22,0,2026,2,23,1,3,0,16
22,5,2026,2,23,2,4,0,20
22,11,2026,2,23,3,3,6,17
22,18,2026,2,23,4,4,5,16
22,25,2026,2,23,5,3,9,10
22,31,2026,2,23,4,5,1,14
22,36,2026,2,23,3,6,6,14
22,41,2026,2,23,2,3,5,12
22,47,2026,2,23,1,2,5,9
23,0,2026,2,23,1,6,0,15
23,5,2026,2,23,2,5,2,18
23,11,2026,2,23,3,6,8,16
23,18,2026,2,23,4,4,5,15
23,25,2026,2,23,5,5,6,14
23,31,2026,2,23,4,3,1,16
23,36,2026,2,23,3,6,5,17
23,41,2026,2,23,2,4,7,14
23,47,2026,2,23,1,0,14,0
6,0,2026,2,24,1,4,0,4
6,5,2026,2,24,2,13,0,17
6,11,2026,2,24,3,7,4,20
6,18,2026,2,24,4,5,8,17
6,25,2026,2,24,5,11,10,18
6,31,2026,2,24,4,3,4,17
6,36,2026,2,24,3,22,4,35
6,41,2026,2,24,2,12,6,41
6,47,2026,2,24,1,2,17,26
7,0,2026,2,24,1,4,0,30
7,5,2026,2,24,2,6,1,35
7,11,2026,2,24,3,8,5,38
7,18,2026,2,24,4,4,20,22
7,25,2026,2,24,5,19,6,35
7,31,2026,2,24,4,5,10,30
7,36,2026,2,24,3,5,2,33
7,41,2026,2,24,2,16,6,43
7,47,2026,2,24,1,3,20,26
8,0,2026,2,24,1,1,0,27
8,5,2026,2,24,2,12,0,39
8,11,2026,2,24,3,21,3,57
8,18,2026,2,24,4,3,20,40
8,25,2026,2,24,5,8,14,34
8,31,2026,2,24,4,1,6,29
8,36,2026,2,24,3,14,3,40
8,41,2026,2,24,2,10,7,43
8,47,2026,2,24,1,2,20,25
9,0,2026,2,24,1,1,0,26
9,5,2026,2,24,2,4,1,29
9,11,2026,2,24,3,3,1,31
9,18,2026,2,24,4,3,20,14
9,25,2026,2,24,5,6,6,14
9,31,2026,2,24,4,4,2,16
9,36,2026,2,24,3,2,0,18
9,41,2026,2,24,2,3,1,20
9,47,2026,2,24,1,3,16,7
10,0,2026,2,24,1,3,0,10
10,5,2026,2,24,2,3,1,12
10,11,2026,2,24,3,3,3,12
10,18,2026,2,24,4,4,5,11
10,25,2026,2,24,5,5,5,11
10,31,2026,2,24,4,2,1,12
10,36,2026,2,24,3,2,5,9
10,41,2026,2,24,2,3,5,7
10,47,2026,2,24,1,2,4,5
11,0,2026,2,24,1,3,0,8
11,5,2026,2,24,2,6,0,14
11,11,2026,2,24,3,2,1,15
11,18,2026,2,24,4,5,8,12
11,25,2026,2,24,5,5,7,10
11,31,2026,2,24,4,4,3,11
11,36,2026,2,24,3,5,3,13
11,41,2026,2,24,2,3,3,13
11,47,2026,2,24,1,6,5,14
12,0,2026,2,24,1,2,0,16
12,5,2026,2,24,2,4,6,14
12,11,2026,2,24,3,5,3,16
12,18,2026,2,24,4,4,7,13
12,25,2026,2,24,5,2,5,10
12,31,2026,2,24,4,5,0,15
12,36,2026,2,24,3,5,2,18
12,41,2026,2,24,2,6,5,19
12,47,2026,2,24,1,2,9,12
13,0,2026,2,24,1,20,0,32
13,5,2026,2,24,2,4,4,32
13,11,2026,2,24,3,5,8,29
13,18,2026,2,24,4,28,9,48
13,25,2026,2,24,5,5,20,33
13,31,2026,2,24,4,31,0,64
13,36,2026,2,24,3,3,20,47
13,41,2026,2,24,2,2,20,29
13,47,2026,2,24,1,31,14,46
14,0,2026,2,24,1,19,0,65
14,5,2026,2,24,2,2,20,47
14,11,2026,2,24,3,4,18,33
14,18,2026,2,24,4,19,11,41
14,25,2026,2,24,5,3,20,24
14,31,2026,2,24,4,19,0,43
14,36,2026,2,24,3,2,20,25
14,41,2026,2,24,2,5,10,20
14,47,2026,2,24,1,25,8,37
15,0,2026,2,24,1,9,0,46
15,5,2026,2,24,2,3,13,36
15,11,2026,2,24,3,2,11,27
15,18,2026,2,24,4,26,5,48
15,25,2026,2,24,5,3,20,31
15,31,2026,2,24,4,13,2,42
15,36,2026,2,24,3,4,14,32
15,41,2026,2,24,2,2,19,15
15,47,2026,2,24,1,15,8,22
16,0,2026,2,24,1,6,0,28
16,5,2026,2,24,2,4,5,27
16,11,2026,2,24,3,4,4,27
16,18,2026,2,24,4,2,11,18
16,25,2026,2,24,5,4,15,7
16,31,2026,2,24,4,6,0,13
16,36,2026,2,24,3,6,4,15
16,41,2026,2,24,2,4,4,15
16,47,2026,2,24,1,6,7,14
17,0,2026,2,24,1,6,0,20
17,5,2026,2,24,2,2,3,19
17,11,2026,2,24,3,4,2,21
17,18,2026,2,24,4,3,8,16
17,25,2026,2,24,5,4,11,9
17,31,2026,2,24,4,5,3,11
17,36,2026,2,24,3,4,0,15
17,41,2026,2,24,2,5,5,15
17,47,2026,2,24,1,4,8,11
18,0,2026,2,24,1,2,0,13
18,5,2026,2,24,2,2,1,14
18,11,2026,2,24,3,3,4,13
18,18,2026,2,24,4,2,4,11
18,25,2026,2,24,5,4,7,8
18,31,2026,2,24,4,6,1,13
18,36,2026,2,24,3,6,4,15
18,41,2026,2,24,2,6,9,12
18,47,2026,2,24,1,3,4,11
19,0,2026,2,24,1,2,0,13
19,5,2026,2,24,2,4,1,16
19,11,2026,2,24,3,5,2,19
19,18,2026,2,24,4,4,4,19
19,25,2026,2,24,5,2,13,8
19,31,2026,2,24,4,2,1,9
19,36,2026,2,24,3,5,2,12
19,41,2026,2,24,2,2,4,10
19,47,2026,2,24,1,6,7,9
20,0,2026,2,24,1,2,0,11
20,5,2026,2,24,2,4,0,15
20,11,2026,2,24,3,5,4,16
20,18,2026,2,24,4,6,6,16
20,25,2026,2,24,5,3,9,10
20,31,2026,2,24,4,3,2,11
20,36,2026,2,24,3,5,4,12
20,41,2026,2,24,2,4,4,12
20,47,2026,2,24,1,3,5,10
21,0,2026,2,24,1,2,0,12
21,5,2026,2,24,2,5,1,16
21,11,2026,2,24,3,2,2,16
21,18,2026,2,24,4,4,9,11
21,25,2026,2,24,5,4,5,10
21,31,2026,2,24,4,4,0,14
21,36,2026,2,24,3,4,5,13
21,41,2026,2,24,2,4,5,12
21,47,2026,2,24,1,6,8,10
22,0,2026,2,24,1,4,0,14
22,5,2026,2,24,2,2,4,12
22,11,2026,2,24,3,6,3,15
22,18,2026,2,24,4,6,3,18
22,25,2026,2,24,5,2,8,12
22,31,2026,2,24,4,2,1,13
22,36,2026,2,24,3,6,1,18
22,41,2026,2,24,2,6,8,16
22,47,2026,2,24,1,5,9,12
23,0,2026,2,24,1,6,0,18
23,5,2026,2,24,2,3,4,17
23,11,2026,2,24,3,6,6,17
23,18,2026,2,24,4,6,9,14
23,25,2026,2,24,5,4,11,7
23,31,2026,2,24,4,2,1,8
23,36,2026,2,24,3,2,0,10
23,41,2026,2,24,2,4,4,10
23,47,2026,2,24,1,0,10,0
6,0,2026,2,25,1,4,0,4
6,5,2026,2,25,2,20,2,22
6,11,2026,2,25,3,17,8,31
6,18,2026,2,25,4,6,7,30
6,25,2026,2,25,5,21,9,42
6,31,2026,2,25,4,6,7,41
6,36,2026,2,25,3,9,10,40
6,41,2026,2,25,2,8,11,37
6,47,2026,2,25,1,2,20,19
7,0,2026,2,25,1,4,0,23
7,5,2026,2,25,2,8,0,31
7,11,2026,2,25,3,8,2,37
7,18,2026,2,25,4,3,20,20
7,25,2026,2,25,5,18,4,34
7,31,2026,2,25,4,1,10,25
7,36,2026,2,25,3,21,3,43
7,41,2026,2,25,2,19,6,56
7,47,2026,2,25,1,4,20,40
8,0,2026,2,25,1,3,0,43
8,5,2026,2,25,2,22,1,64
8,11,2026,2,25,3,5,9,60
8,18,2026,2,25,4,4,20,44
8,25,2026,2,25,5,12,20,36
8,31,2026,2,25,4,5,12,29
8,36,2026,2,25,3,17,4,42
8,41,2026,2,25,2,20,6,56
8,47,2026,2,25,1,3,20,39
9,0,2026,2,25,1,1,0,40
9,5,2026,2,25,2,2,2,40
9,11,2026,2,25,3,4,10,34
9,18,2026,2,25,4,2,20,16
9,25,2026,2,25,5,3,9,10
9,31,2026,2,25,4,2,1,11
9,36,2026,2,25,3,3,2,12
9,41,2026,2,25,2,6,0,18
9,47,2026,2,25,1,2,17,3
10,0,2026,2,25,1,4,0,7
10,5,2026,2,25,2,4,1,10
10,11,2026,2,25,3,5,2,13
10,18,2026,2,25,4,2,5,10
10,25,2026,2,25,5,4,5,9
10,31,2026,2,25,4,3,0,12
10,36,2026,2,25,3,6,2,16
10,41,2026,2,25,2,4,1,19
10,47,2026,2,25,1,2,12,9
11,0,2026,2,25,1,4,0,13
11,5,2026,2,25,2,6,1,18
11,11,2026,2,25,3,5,2,21
11,18,2026,2,25,4,6,10,17
11,25,2026,2,25,5,2,10,9
11,31,2026,2,25,4,4,1,12
11,36,2026,2,25,3,6,2,16
11,41,2026,2,25,2,3,4,15
11,47,2026,2,25,1,6,9,12
12,0,2026,2,25,1,6,0,18
12,5,2026,2,25,2,4,3,19
12,11,2026,2,25,3,6,6,19
12,18,2026,2,25,4,2,9,12
12,25,2026,2,25,5,2,7,7
12,31,2026,2,25,4,6,1,12
12,36,2026,2,25,3,4,1,15
12,41,2026,2,25,2,6,6,15
12,47,2026,2,25,1,5,10,10
13,0,2026,2,25,1,12,0,22
13,5,2026,2,25,2,5,5,22
13,11,2026,2,25,3,4,7,19
13,18,2026,2,25,4,14,5,28
13,25,2026,2,25,5,4,13,19
13,31,2026,2,25,4,23,1,41
13,36,2026,2,25,3,4,20,25
13,41,2026,2,25,2,4,9,20
13,47,2026,2,25,1,30,12,38
14,0,2026,2,25,1,25,0,63
14,5,2026,2,25,2,5,11,57
14,11,2026,2,25,3,5,20,42
14,18,2026,2,25,4,7,17,32
14,25,2026,2,25,5,2,20,14
14,31,2026,2,25,4,11,0,25
14,36,2026,2,25,3,5,5,25
14,41,2026,2,25,2,2,7,20
14,47,2026,2,25,1,30,9,41
15,0,2026,2,25,1,20,0,61
15,5,2026,2,25,2,6,15,52
15,11,2026,2,25,3,3,18,37
15,18,2026,2,25,4,22,15,44
15,25,2026,2,25,5,5,20,29
15,31,2026,2,25,4,25,2,52
15,36,2026,2,25,3,4,18,38
15,41,2026,2,25,2,3,17,24
15,47,2026,2,25,1,11,10,25
16,0,2026,2,25,1,3,0,28
16,5,2026,2,25,2,6,4,30
16,11,2026,2,25,3,4,8,26
16,18,2026,2,25,4,6,9,23
16,25,2026,2,25,5,4,15,12
16,31,2026,2,25,4,4,0,16
16,36,2026,2,25,3,4,7,13
16,41,2026,2,25,2,6,5,14
16,47,2026,2,25,1,2,7,9
17,0,2026,2,25,1,4,0,13
17,5,2026,2,25,2,6,0,19
17,11,2026,2,25,3,2,6,15
17,18,2026,2,25,4,4,3,16
17,25,2026,2,25,5,4,11,9
17,31,2026,2,25,4,6,3,12
17,36,2026,2,25,3,6,4,14
17,41,2026,2,25,2,4,5,13
17,47,2026,2,25,1,2,6,9
18,0,2026,2,25,1,3,0,12
18,5,2026,2,25,2,4,3,13
18,11,2026,2,25,3,2,5,10
18,18,2026,2,25,4,4,2,12
18,25,2026,2,25,5,2,6,8
18,31,2026,2,25,4,3,0,11
18,36,2026,2,25,3,3,1,13
18,41,2026,2,25,2,4,4,13
18,47,2026,2,25,1,2,8,7
19,0,2026,2,25,1,3,0,10
19,5,2026,2,25,2,5,2,13
19,11,2026,2,25,3,4,3,14
19,18,2026,2,25,4,5,7,12
19,25,2026,2,25,5,2,3,11
19,31,2026,2,25,4,5,0,16
19,36,2026,2,25,3,2,3,15
19,41,2026,2,25,2,3,8,10
19,47,2026,2,25,1,3,5,8
20,0,2026,2,25,1,4,0,12
20,5,2026,2,25,2,6,2,16
20,11,2026,2,25,3,5,7,14
20,18,2026,2,25,4,3,5,12
20,25,2026,2,25,5,4,7,9
20,31,2026,2,25,4,2,1,10
20,36,2026,2,25,3,6,2,14
20,41,2026,2,25,2,6,5,15
20,47,2026,2,25,1,3,8,10
21,0,2026,2,25,1,2,0,12
21,5,2026,2,25,2,5,0,17
21,11,2026,2,25,3,2,4,15
21,18,2026,2,25,4,4,6,13
21,25,2026,2,25,5,2,6,9
21,31,2026,2,25,4,2,0,11
21,36,2026,2,25,3,6,4,13
21,41,2026,2,25,2,3,4,12
21,47,2026,2,25,1,4,6,10
22,0,2026,2,25,1,4,0,14
22,5,2026,2,25,2,6,3,17
22,11,2026,2,25,3,5,3,19
22,18,2026,2,25,4,5,9,15
22,25,2026,2,25,5,5,7,13
22,31,2026,2,25,4,6,1,18
22,36,2026,2,25,3,3,6,15
22,41,2026,2,25,2,3,8,10
22,47,2026,2,25,1,4,6,8
23,0,2026,2,25,1,4,0,12
23,5,2026,2,25,2,2,5,9
23,11,2026,2,25,3,6,3,12
23,18,2026,2,25,4,6,5,13
23,25,2026,2,25,5,5,5,13
23,31,2026,2,25,4,5,2,16
23,36,2026,2,25,3,2,4,14
23,41,2026,2,25,2,5,4,15
23,47,2026,2,25,1,0,15,0
6,0,2026,2,26,1,2,0,2
6,5,2026,2,26,2,20,2,20
6,11,2026,2,26,3,6,7,19
6,18,2026,2,26,4,4,4,19
6,25,2026,2,26,5,7,6,20
6,31,2026,2,26,4,3,2,21
6,36,2026,2,26,3,12,2,31
6,41,2026,2,26,2,8,8,31
6,47,2026,2,26,1,2,15,18
7,0,2026,2,26,1,4,0,22
7,5,2026,2,26,2,11,2,31
7,11,2026,2,26,3,6,3,34
7,18,2026,2,26,4,3,20,17
7,25,2026,2,26,5,20,6,31
7,31,2026,2,26,4,2,10,23
7,36,2026,2,26,3,6,2,27
7,41,2026,2,26,2,10,3,34
7,47,2026,2,26,1,3,20,17
8,0,2026,2,26,1,1,0,18
8,5,2026,2,26,2,10,2,26
8,11,2026,2,26,3,6,1,31
8,18,2026,2,26,4,1,20,12
8,25,2026,2,26,5,7,2,17
8,31,2026,2,26,4,4,3,18
8,36,2026,2,26,3,16,0,34
8,41,2026,2,26,2,11,4,41
8,47,2026,2,26,1,3,20,24
9,0,2026,2,26,1,2,0,26
9,5,2026,2,26,2,4,0,30
9,11,2026,2,26,3,3,3,30
9,18,2026,2,26,4,1,20,11
9,25,2026,2,26,5,4,4,11
9,31,2026,2,26,4,2,0,13
9,36,2026,2,26,3,6,0,19
9,41,2026,2,26,2,5,0,24
9,47,2026,2,26,1,1,20,5
10,0,2026,2,26,1,5,0,10
10,5,2026,2,26,2,5,1,14
10,11,2026,2,26,3,6,2,18
10,18,2026,2,26,4,3,6,15
10,25,2026,2,26,5,3,8,10
10,31,2026,2,26,4,5,1,14
10,36,2026,2,26,3,2,2,14
10,41,2026,2,26,2,2,6,10
10,47,2026,2,26,1,6,6,10
11,0,2026,2,26,1,3,0,13
11,5,2026,2,26,2,5,3,15
11,11,2026,2,26,3,5,6,14
11,18,2026,2,26,4,4,6,12
11,25,2026,2,26,5,2,6,8
11,31,2026,2,26,4,5,0,13
11,36,2026,2,26,3,3,4,12
11,41,2026,2,26,2,3,2,13
11,47,2026,2,26,1,4,6,11
12,0,2026,2,26,1,3,0,14
12,5,2026,2,26,2,6,5,15
12,11,2026,2,26,3,4,0,19
12,18,2026,2,26,4,2,7,14
12,25,2026,2,26,5,5,8,11
12,31,2026,2,26,4,3,1,13
12,36,2026,2,26,3,3,3,13
12,41,2026,2,26,2,6,1,18
12,47,2026,2,26,1,6,9,15
13,0,2026,2,26,1,25,0,40
13,5,2026,2,26,2,3,12,31
13,11,2026,2,26,3,5,12,24
13,18,2026,2,26,4,25,8,41
13,25,2026,2,26,5,4,20,25
13,31,2026,2,26,4,12,1,36
13,36,2026,2,26,3,5,8,33
13,41,2026,2,26,2,6,20,19
13,47,2026,2,26,1,12,14,17
14,0,2026,2,26,1,14,0,31
14,5,2026,2,26,2,4,12,23
14,11,2026,2,26,3,4,11,16
14,18,2026,2,26,4,18,4,30
14,25,2026,2,26,5,6,15,21
14,31,2026,2,26,4,8,2,27
14,36,2026,2,26,3,4,11,20
14,41,2026,2,26,2,3,9,14
14,47,2026,2,26,1,12,7,19
15,0,2026,2,26,1,11,0,30
15,5,2026,2,26,2,4,4,30
15,11,2026,2,26,3,2,5,27
15,18,2026,2,26,4,16,8,35
15,25,2026,2,26,5,5,20,20
15,31,2026,2,26,4,17,1,36
15,36,2026,2,26,3,2,11,27
15,41,2026,2,26,2,5,12,20
15,47,2026,2,26,1,23,8,35
16,0,2026,2,26,1,4,0,39
16,5,2026,2,26,2,3,6,36
16,11,2026,2,26,3,6,10,32
16,18,2026,2,26,4,5,13,24
16,25,2026,2,26,5,3,18,9
16,31,2026,2,26,4,4,3,10
16,36,2026,2,26,3,2,2,10
16,41,2026,2,26,2,2,4,8
16,47,2026,2,26,1,4,4,8
17,0,2026,2,26,1,2,0,10
17,5,2026,2,26,2,5,2,13
17,11,2026,2,26,3,5,2,16
17,18,2026,2,26,4,5,3,18
17,25,2026,2,26,5,5,11,12
17,31,2026,2,26,4,3,1,14
17,36,2026,2,26,3,5,5,14
17,41,2026,2,26,2,5,7,12
17,47,2026,2,26,1,2,4,10
18,0,2026,2,26,1,4,0,14
18,5,2026,2,26,2,6,1,19
18,11,2026,2,26,3,5,6,18
18,18,2026,2,26,4,6,10,14
18,25,2026,2,26,5,3,7,10
18,31,2026,2,26,4,4,1,13
18,36,2026,2,26,3,6,5,14
18,41,2026,2,26,2,3,6,11
18,47,2026,2,26,1,6,5,12
19,0,2026,2,26,1,2,0,14
19,5,2026,2,26,2,5,1,18
19,11,2026,2,26,3,6,4,20
19,18,2026,2,26,4,2,4,18
19,25,2026,2,26,5,4,11,11
19,31,2026,2,26,4,5,1,15
19,36,2026,2,26,3,4,2,17
19,41,2026,2,26,2,4,4,17
19,47,2026,2,26,1,3,11,9
20,0,2026,2,26,1,2,0,11
20,5,2026,2,26,2,6,2,15
20,11,2026,2,26,3,4,2,17
20,18,2026,2,26,4,4,7,14
20,25,2026,2,26,5,2,7,9
20,31,2026,2,26,4,5,0,14
20,36,2026,2,26,3,4,2,16
20,41,2026,2,26,2,2,8,10
20,47,2026,2,26,1,4,3,11
21,0,2026,2,26,1,6,0,17
21,5,2026,2,26,2,4,2,19
21,11,2026,2,26,3,2,5,16
21,18,2026,2,26,4,5,4,17
21,25,2026,2,26,5,2,12,7
21,31,2026,2,26,4,6,1,12
21,36,2026,2,26,3,6,4,14
21,41,2026,2,26,2,6,4,16
21,47,2026,2,26,1,2,8,10
22,0,2026,2,26,1,5,0,15
22,5,2026,2,26,2,6,0,21
22,11,2026,2,26,3,4,6,19
22,18,2026,2,26,4,5,10,14
22,25,2026,2,26,5,3,8,9
22,31,2026,2,26,4,3,1,11
22,36,2026,2,26,3,6,4,13
22,41,2026,2,26,2,6,4,15
22,47,2026,2,26,1,3,6,12
23,0,2026,2,26,1,3,0,15
23,5,2026,2,26,2,2,4,13
23,11,2026,2,26,3,4,0,17
23,18,2026,2,26,4,5,8,14
23,25,2026,2,26,5,3,8,9
23,31,2026,2,26,4,4,1,12
23,36,2026,2,26,3,2,6,8
23,41,2026,2,26,2,2,4,6
23,47,2026,2,26,1,0,6,0
6,0,2026,2,27,1,4,0,4
6,5,2026,2,27,2,13,1,16
6,11,2026,2,27,3,17,4,29
6,18,2026,2,27,4,3,9,23
6,25,2026,2,27,5,19,9,33
6,31,2026,2,27,4,4,6,31
6,36,2026,2,27,3,12,10,33
6,41,2026,2,27,2,11,12,32
6,47,2026,2,27,1,6,10,28
7,0,2026,2,27,1,1,0,29
7,5,2026,2,27,2,16,2,43
7,11,2026,2,27,3,17,4,56
7,18,2026,2,27,4,2,20,38
7,25,2026,2,27,5,15,11,42
7,31,2026,2,27,4,5,12,35
7,36,2026,2,27,3,11,7,39
7,41,2026,2,27,2,16,9,46
7,47,2026,2,27,1,2,20,28
8,0,2026,2,27,1,4,0,32
8,5,2026,2,27,2,6,1,37
8,11,2026,2,27,3,13,5,45
8,18,2026,2,27,4,1,20,26
8,25,2026,2,27,5,17,11,32
8,31,2026,2,27,4,2,8,26
8,36,2026,2,27,3,16,2,40
8,41,2026,2,27,2,21,4,57
8,47,2026,2,27,1,3,20,40
9,0,2026,2,27,1,3,0,43
9,5,2026,2,27,2,6,1,48
9,11,2026,2,27,3,3,9,42
9,18,2026,2,27,4,5,20,27
9,25,2026,2,27,5,4,13,18
9,31,2026,2,27,4,4,0,22
9,36,2026,2,27,3,6,2,26
9,41,2026,2,27,2,6,4,28
9,47,2026,2,27,1,2,20,10
10,0,2026,2,27,1,2,0,12
10,5,2026,2,27,2,5,3,14
10,11,2026,2,27,3,6,1,19
10,18,2026,2,27,4,5,5,19
10,25,2026,2,27,5,6,11,14
10,31,2026,2,27,4,3,0,17
10,36,2026,2,27,3,3,7,13
10,41,2026,2,27,2,5,3,15
10,47,2026,2,27,1,2,11,6
11,0,2026,2,27,1,5,0,11
11,5,2026,2,27,2,5,3,13
11,11,2026,2,27,3,3,2,14
11,18,2026,2,27,4,6,7,13
11,25,2026,2,27,5,4,9,8
11,31,2026,2,27,4,5,1,12
11,36,2026,2,27,3,6,2,16
11,41,2026,2,27,2,6,9,13
11,47,2026,2,27,1,4,8,9
12,0,2026,2,27,1,3,0,12
12,5,2026,2,27,2,2,1,13
12,11,2026,2,27,3,5,1,17
12,18,2026,2,27,4,3,3,17
12,25,2026,2,27,5,2,10,9
12,31,2026,2,27,4,3,2,10
12,36,2026,2,27,3,3,0,13
12,41,2026,2,27,2,5,7,11
12,47,2026,2,27,1,2,1,12
13,0,2026,2,27,1,27,0,39
13,5,2026,2,27,2,6,5,40
13,11,2026,2,27,3,2,12,30
13,18,2026,2,27,4,28,8,50
13,25,2026,2,27,5,5,20,35
13,31,2026,2,27,4,21,0,56
13,36,2026,2,27,3,5,19,42
13,41,2026,2,27,2,2,19,25
13,47,2026,2,27,1,21,14,32
14,0,2026,2,27,1,32,0,64
14,5,2026,2,27,2,2,15,51
14,11,2026,2,27,3,4,19,36
14,18,2026,2,27,4,31,12,55
14,25,2026,2,27,5,6,20,41
14,31,2026,2,27,4,20,2,59
14,36,2026,2,27,3,6,20,45
14,41,2026,2,27,2,4,20,29
14,47,2026,2,27,1,23,17,35
15,0,2026,2,27,1,31,0,66
15,5,2026,2,27,2,3,19,50
15,11,2026,2,27,3,4,19,35
15,18,2026,2,27,4,32,12,55
15,25,2026,2,27,5,2,20,37
15,31,2026,2,27,4,28,1,64
15,36,2026,2,27,3,5,20,49
15,41,2026,2,27,2,6,20,35
15,47,2026,2,27,1,13,12,36
16,0,2026,2,27,1,5,0,41
16,5,2026,2,27,2,3,2,42
16,11,2026,2,27,3,3,11,34
16,18,2026,2,27,4,6,11,29
16,25,2026,2,27,5,4,20,13
16,31,2026,2,27,4,5,3,15
16,36,2026,2,27,3,3,2,16
16,41,2026,2,27,2,5,7,14
16,47,2026,2,27,1,2,8,8
17,0,2026,2,27,1,5,0,13
17,5,2026,2,27,2,5,3,15
17,11,2026,2,27,3,2,7,10
17,18,2026,2,27,4,5,2,13
17,25,2026,2,27,5,3,9,7
17,31,2026,2,27,4,2,0,9
17,36,2026,2,27,3,6,2,13
17,41,2026,2,27,2,4,3,14
17,47,2026,2,27,1,5,8,11
18,0,2026,2,27,1,5,0,16
18,5,2026,2,27,2,6,2,20
18,11,2026,2,27,3,5,5,20
18,18,2026,2,27,4,3,1,22
18,25,2026,2,27,5,3,14,11
18,31,2026,2,27,4,2,1,12
18,36,2026,2,27,3,2,2,12
18,41,2026,2,27,2,6,3,15
18,47,2026,2,27,1,4,8,11
19,0,2026,2,27,1,3,0,14
19,5,2026,2,27,2,4,1,17
19,11,2026,2,27,3,5,1,21
19,18,2026,2,27,4,3,8,16
19,25,2026,2,27,5,2,9,9
19,31,2026,2,27,4,2,1,10
19,36,2026,2,27,3,6,1,15
19,41,2026,2,27,2,4,6,13
19,47,2026,2,27,1,2,10,5
20,0,2026,2,27,1,4,0,9
20,5,2026,2,27,2,6,2,13
20,11,2026,2,27,3,2,4,11
20,18,2026,2,27,4,3,2,12
20,25,2026,2,27,5,4,6,10
20,31,2026,2,27,4,6,1,15
20,36,2026,2,27,3,4,3,16
20,41,2026,2,27,2,5,4,17
20,47,2026,2,27,1,3,7,13
21,0,2026,2,27,1,6,0,19
21,5,2026,2,27,2,4,2,21
21,11,2026,2,27,3,5,4,22
21,18,2026,2,27,4,6,10,18
21,25,2026,2,27,5,6,11,13
21,31,2026,2,27,4,6,3,16
21,36,2026,2,27,3,5,1,20
21,41,2026,2,27,2,5,9,16
21,47,2026,2,27,1,6,7,15
22,0,2026,2,27,1,5,0,20
22,5,2026,2,27,2,2,4,18
22,11,2026,2,27,3,3,5,16
22,18,2026,2,27,4,6,5,17
22,25,2026,2,27,5,6,9,14
22,31,2026,2,27,4,5,0,19
22,36,2026,2,27,3,6,9,16
22,41,2026,2,27,2,4,6,14
22,47,2026,2,27,1,3,8,9
23,0,2026,2,27,1,6,0,15
23,5,2026,2,27,2,4,3,16
23,11,2026,2,27,3,2,4,14
23,18,2026,2,27,4,2,7,9
23,25,2026,2,27,5,2,6,5
23,31,2026,2,27,4,6,0,11
23,36,2026,2,27,3,5,2,14
23,41,2026,2,27,2,5,8,11
23,47,2026,2,27,1,0,11,0
6,0,2026,2,28,1,2,0,2
6,5,2026,2,28,2,16,0,18
6,11,2026,2,28,3,10,5,23
6,18,2026,2,28,4,5,7,21
6,25,2026,2,28,5,10,5,26
6,31,2026,2,28,4,6,0,32
6,36,2026,2,28,3,10,6,36
6,41,2026,2,28,2,10,9,37
6,47,2026,2,28,1,2,20,19
7,0,2026,2,28,1,3,0,22
7,5,2026,2,28,2,19,1,40
7,11,2026,2,28,3,11,5,46
7,18,2026,2,28,4,5,20,31
7,25,2026,2,28,5,7,8,30
7,31,2026,2,28,4,5,6,29
7,36,2026,2,28,3,5,3,31
7,41,2026,2,28,2,18,8,41
7,47,2026,2,28,1,1,20,22
8,0,2026,2,28,1,2,0,24
8,5,2026,2,28,2,5,1,28
8,11,2026,2,28,3,6,2,32
8,18,2026,2,28,4,5,20,17
8,25,2026,2,28,5,5,6,16
8,31,2026,2,28,4,3,1,18
8,36,2026,2,28,3,10,3,25
8,41,2026,2,28,2,15,0,40
8,47,2026,2,28,1,2,20,22
9,0,2026,2,28,1,1,0,23
9,5,2026,2,28,2,6,0,29
9,11,2026,2,28,3,3,3,29
9,18,2026,2,28,4,5,20,14
9,25,2026,2,28,5,3,5,12
9,31,2026,2,28,4,1,1,12
9,36,2026,2,28,3,2,0,14
9,41,2026,2,28,2,2,0,16
9,47,2026,2,28,1,1,15,2
10,0,2026,2,28,1,3,0,5
10,5,2026,2,28,2,3,2,6
10,11,2026,2,28,3,6,2,10
10,18,2026,2,28,4,2,3,9
10,25,2026,2,28,5,5,3,11
10,31,2026,2,28,4,4,0,15
10,36,2026,2,28,3,2,3,14
10,41,2026,2,28,2,4,7,11
10,47,2026,2,28,1,3,7,7
11,0,2026,2,28,1,5,0,12
11,5,2026,2,28,2,4,4,12
11,11,2026,2,28,3,3,3,12
11,18,2026,2,28,4,4,5,11
11,25,2026,2,28,5,6,6,11
11,31,2026,2,28,4,2,0,13
11,36,2026,2,28,3,5,4,14
11,41,2026,2,28,2,3,4,13
11,47,2026,2,28,1,5,7,11
12,0,2026,2,28,1,2,0,13
12,5,2026,2,28,2,3,1,15
12,11,2026,2,28,3,2,4,13
12,18,2026,2,28,4,6,5,14
12,25,2026,2,28,5,3,9,8
12,31,2026,2,28,4,6,0,14
12,36,2026,2,28,3,5,4,15
12,41,2026,2,28,2,2,2,15
12,47,2026,2,28,1,3,9,9
13,0,2026,2,28,1,32,0,41
13,5,2026,2,28,2,6,11,36
13,11,2026,2,28,3,6,10,32
13,18,2026,2,28,4,19,8,43
13,25,2026,2,28,5,5,20,28
13,31,2026,2,28,4,24,0,52
13,36,2026,2,28,3,6,15,43
13,41,2026,2,28,2,4,20,27
13,47,2026,2,28,1,23,13,37
14,0,2026,2,28,1,29,0,66
14,5,2026,2,28,2,2,20,48
14,11,2026,2,28,3,2,18,32
14,18,2026,2,28,4,16,11,37
14,25,2026,2,28,5,6,20,23
14,31,2026,2,28,4,20,2,41
14,36,2026,2,28,3,2,13,30
14,41,2026,2,28,2,6,13,23
14,47,2026,2,28,1,8,8,23
15,0,2026,2,28,1,21,0,44
15,5,2026,2,28,2,5,8,41
15,11,2026,2,28,3,6,17,30
15,18,2026,2,28,4,9,9,30
15,25,2026,2,28,5,6,20,16
15,31,2026,2,28,4,13,3,26
15,36,2026,2,28,3,6,6,26
15,41,2026,2,28,2,2,10,18
15,47,2026,2,28,1,15,8,25
16,0,2026,2,28,1,6,0,31
16,5,2026,2,28,2,6,3,34
16,11,2026,2,28,3,5,7,32
16,18,2026,2,28,4,5,9,28
16,25,2026,2,28,5,2,20,10
16,31,2026,2,28,4,2,2,10
16,36,2026,2,28,3,3,2,11
16,41,2026,2,28,2,3,6,8
16,47,2026,2,28,1,2,2,8
17,0,2026,2,28,1,2,0,10
17,5,2026,2,28,2,6,2,14
17,11,2026,2,28,3,4,4,14
17,18,2026,2,28,4,3,2,15
17,25,2026,2,28,5,3,10,8
17,31,2026,2,28,4,4,0,12
17,36,2026,2,28,3,6,4,14
17,41,2026,2,28,2,2,7,9
17,47,2026,2,28,1,6,5,10
18,0,2026,2,28,1,3,0,13
18,5,2026,2,28,2,4,2,15
18,11,2026,2,28,3,5,5,15
18,18,2026,2,28,4,2,3,14
18,25,2026,2,28,5,2,9,7
18,31,2026,2,28,4,6,0,13
18,36,2026,2,28,3,3,3,13
18,41,2026,2,28,2,3,5,11
18,47,2026,2,28,1,3,6,8
19,0,2026,2,28,1,4,0,12
19,5,2026,2,28,2,4,0,16
19,11,2026,2,28,3,6,7,15
19,18,2026,2,28,4,5,4,16
19,25,2026,2,28,5,2,11,7
19,31,2026,2,28,4,3,0,10
19,36,2026,2,28,3,6,3,13
19,41,2026,2,28,2,4,3,14
19,47,2026,2,28,1,4,8,10
20,0,2026,2,28,1,5,0,15
20,5,2026,2,28,2,2,4,13
20,11,2026,2,28,3,4,5,12
20,18,2026,2,28,4,3,5,10
20,25,2026,2,28,5,4,6,8
20,31,2026,2,28,4,5,1,12
20,36,2026,2,28,3,5,4,13
20,41,2026,2,28,2,6,6,13
20,47,2026,2,28,1,2,6,9
21,0,2026,2,28,1,2,0,11
21,5,2026,2,28,2,5,2,14
21,11,2026,2,28,3,3,3,14
21,18,2026,2,28,4,3,6,11
21,25,2026,2,28,5,4,6,9
21,31,2026,2,28,4,5,0,14
21,36,2026,2,28,3,3,6,11
21,41,2026,2,28,2,6,4,13
21,47,2026,2,28,1,3,7,9
22,0,2026,2,28,1,3,0,12
22,5,2026,2,28,2,3,1,14
22,11,2026,2,28,3,4,5,13
22,18,2026,2,28,4,4,5,12
22,25,2026,2,28,5,3,6,9
22,31,2026,2,28,4,5,2,12
22,36,2026,2,28,3,4,2,14
22,41,2026,2,28,2,2,2,14
22,47,2026,2,28,1,3,7,10
23,0,2026,2,28,1,6,0,16
23,5,2026,2,28,2,5,3,18
23,11,2026,2,28,3,4,3,19
23,18,2026,2,28,4,4,3,20
23,25,2026,2,28,5,4,13,11
23,31,2026,2,28,4,2,1,12
23,36,2026,2,28,3,3,1,14
23,41,2026,2,28,2,5,10,9
23,47,2026,2,28,1,0,9,0
6,0,2026,3,1,1,4,0,4
6,5,2026,3,1,2,19,0,23
6,11,2026,3,1,3,13,10,26
6,18,2026,3,1,4,5,12,19
6,25,2026,3,1,5,14,8,25
6,31,2026,3,1,4,6,3,28
6,36,2026,3,1,3,16,11,33
6,41,2026,3,1,2,12,8,37
6,47,2026,3,1,1,6,11,32
7,0,2026,3,1,1,3,0,35
7,5,2026,3,1,2,21,1,55
7,11,2026,3,1,3,10,5,60
7,18,2026,3,1,4,1,20,41
7,25,2026,3,1,5,9,17,33
7,31,2026,3,1,4,4,3,34
7,36,2026,3,1,3,21,4,51
7,41,2026,3,1,2,18,14,55
7,47,2026,3,1,1,4,20,39
8,0,2026,3,1,1,4,0,43
8,5,2026,3,1,2,7,3,47
8,11,2026,3,1,3,14,12,49
8,18,2026,3,1,4,2,20,31
8,25,2026,3,1,5,14,8,37
8,31,2026,3,1,4,5,11,31
8,36,2026,3,1,3,17,4,44
8,41,2026,3,1,2,13,4,53
8,47,2026,3,1,1,4,20,37
9,0,2026,3,1,1,2,0,39
9,5,2026,3,1,2,3,3,39
9,11,2026,3,1,3,4,6,37
9,18,2026,3,1,4,1,20,18
9,25,2026,3,1,5,2,14,6
9,31,2026,3,1,4,2,1,7
9,36,2026,3,1,3,2,0,9
9,41,2026,3,1,2,3,0,12
9,47,2026,3,1,1,4,12,4
10,0,2026,3,1,1,2,0,6
10,5,2026,3,1,2,5,2,9
10,11,2026,3,1,3,5,2,12
10,18,2026,3,1,4,5,6,11
10,25,2026,3,1,5,4,3,12
10,31,2026,3,1,4,6,1,17
10,36,2026,3,1,3,5,5,17
10,41,2026,3,1,2,3,10,10
10,47,2026,3,1,1,2,4,8
11,0,2026,3,1,1,2,0,10
11,5,2026,3,1,2,6,0,16
11,11,2026,3,1,3,4,3,17
11,18,2026,3,1,4,5,7,15
11,25,2026,3,1,5,5,10,10
11,31,2026,3,1,4,3,2,11
11,36,2026,3,1,3,6,1,16
11,41,2026,3,1,2,6,6,16
11,47,2026,3,1,1,2,7,11
12,0,2026,3,1,1,4,0,15
12,5,2026,3,1,2,4,2,17
12,11,2026,3,1,3,5,5,17
12,18,2026,3,1,4,4,8,13
12,25,2026,3,1,5,5,5,13
12,31,2026,3,1,4,5,0,18
12,36,2026,3,1,3,6,5,19
12,41,2026,3,1,2,5,9,15
12,47,2026,3,1,1,5,7,13
13,0,2026,3,1,1,18,0,31
13,5,2026,3,1,2,6,4,33
13,11,2026,3,1,3,5,8,30
13,18,2026,3,1,4,29,7,52
13,25,2026,3,1,5,6,20,38
13,31,2026,3,1,4,17,0,55
13,36,2026,3,1,3,6,16,45
13,41,2026,3,1,2,6,20,31
13,47,2026,3,1,1,21,15,37
14,0,2026,3,1,1,24,0,61
14,5,2026,3,1,2,6,17,50
14,11,2026,3,1,3,3,19,34
14,18,2026,3,1,4,25,10,49
14,25,2026,3,1,5,3,20,32
14,31,2026,3,1,4,23,1,54
14,36,2026,3,1,3,2,17,39
14,41,2026,3,1,2,6,19,26
14,47,2026,3,1,1,23,16,33
15,0,2026,3,1,1,26,0,59
15,5,2026,3,1,2,2,12,49
15,11,2026,3,1,3,6,14,41
15,18,2026,3,1,4,7,19,29
15,25,2026,3,1,5,4,20,13
15,31,2026,3,1,4,21,2,32
15,36,2026,3,1,3,2,8,26
15,41,2026,3,1,2,3,13,16
15,47,2026,3,1,1,17,6,27
16,0,2026,3,1,1,2,0,29
16,5,2026,3,1,2,3,3,29
16,11,2026,3,1,3,3,7,25
16,18,2026,3,1,4,3,7,21
16,25,2026,3,1,5,4,14,11
16,31,2026,3,1,4,4,1,14
16,36,2026,3,1,3,2,2,14
16,41,2026,3,1,2,4,5,13
16,47,2026,3,1,1,2,9,6
17,0,2026,3,1,1,4,0,10
17,5,2026,3,1,2,6,0,16
17,11,2026,3,1,3,3,4,15
17,18,2026,3,1,4,4,6,13
17,25,2026,3,1,5,6,6,13
17,31,2026,3,1,4,6,0,19
17,36,2026,3,1,3,5,3,21
17,41,2026,3,1,2,2,6,17
17,47,2026,3,1,1,5,11,11
18,0,2026,3,1,1,2,0,13
18,5,2026,3,1,2,5,4,14
18,11,2026,3,1,3,2,3,13
18,18,2026,3,1,4,5,2,16
18,25,2026,3,1,5,5,9,12
18,31,2026,3,1,4,4,2,14
18,36,2026,3,1,3,3,3,14
18,41,2026,3,1,2,6,5,15
18,47,2026,3,1,1,5,7,13
19,0,2026,3,1,1,4,0,17
19,5,2026,3,1,2,4,1,20
19,11,2026,3,1,3,4,5,19
19,18,2026,3,1,4,4,7,16
19,25,2026,3,1,5,4,9,11
19,31,2026,3,1,4,5,2,14
19,36,2026,3,1,3,4,1,17
19,41,2026,3,1,2,3,4,16
19,47,2026,3,1,1,6,11,11
20,0,2026,3,1,1,5,0,16
20,5,2026,3,1,2,6,2,20
20,11,2026,3,1,3,3,7,16
20,18,2026,3,1,4,4,4,16
20,25,2026,3,1,5,4,12,8
20,31,2026,3,1,4,6,2,12
20,36,2026,3,1,3,5,1,16
20,41,2026,3,1,2,4,1,19
20,47,2026,3,1,1,4,11,12
21,0,2026,3,1,1,2,0,14
21,5,2026,3,1,2,6,1,19
21,11,2026,3,1,3,3,2,20
21,18,2026,3,1,4,6,8,18
21,25,2026,3,1,5,2,12,8
21,31,2026,3,1,4,5,0,13
21,36,2026,3,1,3,5,3,15
21,41,2026,3,1,2,4,5,14
21,47,2026,3,1,1,4,6,12
22,0,2026,3,1,1,4,0,16
22,5,2026,3,1,2,3,2,17
22,11,2026,3,1,3,6,3,20
22,18,2026,3,1,4,6,8,18
22,25,2026,3,1,5,4,15,7
22,31,2026,3,1,4,6,1,12
22,36,2026,3,1,3,6,2,16
22,41,2026,3,1,2,6,7,15
22,47,2026,3,1,1,4,8,11
23,0,2026,3,1,1,4,0,15
23,5,2026,3,1,2,3,1,17
23,11,2026,3,1,3,4,5,16
23,18,2026,3,1,4,5,3,18
23,25,2026,3,1,5,6,12,12
23,31,2026,3,1,4,4,1,15
23,36,2026,3,1,3,6,6,15
23,41,2026,3,1,2,3,9,9
23,47,2026,3,1,1,0,9,0
6,0,2026,3,2,1,2,0,2
6,5,2026,3,2,2,22,1,23
6,11,2026,3,2,3,21,4,40
6,18,2026,3,2,4,3,8,35
6,25,2026,3,2,5,9,18,26
6,31,2026,3,2,4,5,2,29
6,36,2026,3,2,3,17,7,39
6,41,2026,3,2,2,22,10,51
6,47,2026,3,2,1,5,20,36
7,0,2026,3,2,1,3,0,39
7,5,2026,3,2,2,15,3,51
7,11,2026,3,2,3,14,9,56
7,18,2026,3,2,4,4,20,40
7,25,2026,3,2,5,13,16,37
7,31,2026,3,2,4,1,10,28
7,36,2026,3,2,3,13,4,37
7,41,2026,3,2,2,11,5,43
7,47,2026,3,2,1,3,20,26
8,0,2026,3,2,1,4,0,30
8,5,2026,3,2,2,14,2,42
8,11,2026,3,2,3,8,3,47
8,18,2026,3,2,4,5,20,32
8,25,2026,3,2,5,20,8,44
8,31,2026,3,2,4,5,17,32
8,36,2026,3,2,3,7,6,33
8,41,2026,3,2,2,17,5,45
8,47,2026,3,2,1,3,20,28
9,0,2026,3,2,1,2,0,30
9,5,2026,3,2,2,3,1,32
9,11,2026,3,2,3,4,1,35
9,18,2026,3,2,4,2,20,17
9,25,2026,3,2,5,6,8,15
9,31,2026,3,2,4,4,1,18
9,36,2026,3,2,3,6,2,22
9,41,2026,3,2,2,5,1,26
9,47,2026,3,2,1,3,20,9
10,0,2026,3,2,1,3,0,12
10,5,2026,3,2,2,5,3,14
10,11,2026,3,2,3,6,2,18
10,18,2026,3,2,4,6,2,22
10,25,2026,3,2,5,5,15,12
10,31,2026,3,2,4,4,1,15
10,36,2026,3,2,3,6,1,20
10,41,2026,3,2,2,3,7,16
10,47,2026,3,2,1,5,8,13
11,0,2026,3,2,1,5,0,18
11,5,2026,3,2,2,6,1,23
11,11,2026,3,2,3,5,4,24
11,18,2026,3,2,4,4,9,19
11,25,2026,3,2,5,4,13,10
11,31,2026,3,2,4,2,2,10
11,36,2026,3,2,3,5,3,12
11,41,2026,3,2,2,3,4,11
11,47,2026,3,2,1,3,6,8
12,0,2026,3,2,1,6,0,14
12,5,2026,3,2,2,2,2,14
12,11,2026,3,2,3,6,5,15
12,18,2026,3,2,4,3,3,15
12,25,2026,3,2,5,2,9,8
12,31,2026,3,2,4,5,1,12
12,36,2026,3,2,3,3,2,13
12,41,2026,3,2,2,5,5,13
12,47,2026,3,2,1,5,4,14
13,0,2026,3,2,1,13,0,27
13,5,2026,3,2,2,3,6,24
13,11,2026,3,2,3,5,4,25
13,18,2026,3,2,4,7,9,23
13,25,2026,3,2,5,3,15,11
13,31,2026,3,2,4,28,1,38
13,36,2026,3,2,3,6,11,33
13,41,2026,3,2,2,5,13,25
13,47,2026,3,2,1,25,10,40
14,0,2026,3,2,1,12,0,52
14,5,2026,3,2,2,6,13,45
14,11,2026,3,2,3,2,12,35
14,18,2026,3,2,4,21,11,45
14,25,2026,3,2,5,4,20,29
14,31,2026,3,2,4,18,2,45
14,36,2026,3,2,3,6,14,37
14,41,2026,3,2,2,2,13,26
14,47,2026,3,2,1,15,18,23
15,0,2026,3,2,1,29,0,52
15,5,2026,3,2,2,6,11,47
15,11,2026,3,2,3,2,17,32
15,18,2026,3,2,4,8,10,30
15,25,2026,3,2,5,4,20,14
15,31,2026,3,2,4,15,0,29
15,36,2026,3,2,3,2,8,23
15,41,2026,3,2,2,3,5,21
15,47,2026,3,2,1,9,10,20
16,0,2026,3,2,1,2,0,22
16,5,2026,3,2,2,5,1,26
16,11,2026,3,2,3,4,7,23
16,18,2026,3,2,4,4,6,21
16,25,2026,3,2,5,3,16,8
16,31,2026,3,2,4,5,2,11
16,36,2026,3,2,3,2,1,12
16,41,2026,3,2,2,6,4,14
16,47,2026,3,2,1,4,9,9
17,0,2026,3,2,1,6,0,15
17,5,2026,3,2,2,3,3,15
17,11,2026,3,2,3,3,3,15
17,18,2026,3,2,4,5,4,16
17,25,2026,3,2,5,5,9,12
17,31,2026,3,2,4,2,3,11
17,36,2026,3,2,3,3,3,11
17,41,2026,3,2,2,4,5,10
17,47,2026,3,2,1,2,3,9
18,0,2026,3,2,1,6,0,15
18,5,2026,3,2,2,2,4,13
18,11,2026,3,2,3,5,2,16
18,18,2026,3,2,4,3,8,11
18,25,2026,3,2,5,4,5,10
18,31,2026,3,2,4,3,0,13
18,36,2026,3,2,3,3,3,13
18,41,2026,3,2,2,4,5,12
18,47,2026,3,2,1,2,8,6
19,0,2026,3,2,1,2,0,8
19,5,2026,3,2,2,2,2,8
19,11,2026,3,2,3,4,2,10
19,18,2026,3,2,4,2,4,8
19,25,2026,3,2,5,3,5,6
19,31,2026,3,2,4,5,1,10
19,36,2026,3,2,3,6,1,15
19,41,2026,3,2,2,6,6,15
19,47,2026,3,2,1,2,9,8
20,0,2026,3,2,1,6,0,14
20,5,2026,3,2,2,3,3,14
20,11,2026,3,2,3,3,4,13
20,18,2026,3,2,4,3,5,11
20,25,2026,3,2,5,6,6,11
20,31,2026,3,2,4,2,0,13
20,36,2026,3,2,3,4,1,16
20,41,2026,3,2,2,4,8,12
20,47,2026,3,2,1,3,10,5
21,0,2026,3,2,1,5,0,10
21,5,2026,3,2,2,3,1,12
21,11,2026,3,2,3,4,3,13
21,18,2026,3,2,4,3,2,14
21,25,2026,3,2,5,2,7,9
21,31,2026,3,2,4,3,1,11
21,36,2026,3,2,3,2,1,12
21,41,2026,3,2,2,6,3,15
21,47,2026,3,2,1,6,9,12
22,0,2026,3,2,1,6,0,18
22,5,2026,3,2,2,3,2,19
22,11,2026,3,2,3,5,5,19
22,18,2026,3,2,4,4,8,15
22,25,2026,3,2,5,2,10,7
22,31,2026,3,2,4,6,1,12
22,36,2026,3,2,3,6,3,15
22,41,2026,3,2,2,5,7,13
22,47,2026,3,2,1,4,6,11
23,0,2026,3,2,1,5,0,16
23,5,2026,3,2,2,5,2,19
23,11,2026,3,2,3,5,2,22
23,18,2026,3,2,4,5,8,19
23,25,2026,3,2,5,6,7,18
23,31,2026,3,2,4,3,2,19
23,36,2026,3,2,3,2,4,17
23,41,2026,3,2,2,3,7,13
23,47,2026,3,2,1,0,13,0
6,0,2026,3,3,1,5,0,5
6,5,2026,3,3,2,8,0,13
6,11,2026,3,3,3,12,8,17
6,18,2026,3,3,4,4,5,16
6,25,2026,3,3,5,19,8,27
6,31,2026,3,3,4,5,4,28
6,36,2026,3,3,3,11,7,32
6,41,2026,3,3,2,17,10,39
6,47,2026,3,3,1,2,14,27
7,0,2026,3,3,1,1,0,28
7,5,2026,3,3,2,21,0,49
7,11,2026,3,3,3,9,4,54
7,18,2026,3,3,4,4,20,38
7,25,2026,3,3,5,9,12,35
7,31,2026,3,3,4,3,7,31
7,36,2026,3,3,3,5,2,34
7,41,2026,3,3,2,15,8,41
7,47,2026,3,3,1,2,20,23
8,0,2026,3,3,1,2,0,25
8,5,2026,3,3,2,10,0,35
8,11,2026,3,3,3,16,5,46
8,18,2026,3,3,4,4,20,30
8,25,2026,3,3,5,21,8,43
8,31,2026,3,3,4,4,15,32
8,36,2026,3,3,3,19,5,46
8,41,2026,3,3,2,20,8,58
8,47,2026,3,3,1,3,20,41
9,0,2026,3,3,1,2,0,43
9,5,2026,3,3,2,3,1,45
9,11,2026,3,3,3,4,10,39
9,18,2026,3,3,4,1,20,20
9,25,2026,3,3,5,2,12,10
9,31,2026,3,3,4,2,0,12
9,36,2026,3,3,3,6,0,18
9,41,2026,3,3,2,4,2,20
9,47,2026,3,3,1,1,18,3
10,0,2026,3,3,1,3,0,6
10,5,2026,3,3,2,5,1,10
10,11,2026,3,3,3,3,1,12
10,18,2026,3,3,4,5,5,12
10,25,2026,3,3,5,6,7,11
10,31,2026,3,3,4,2,2,11
10,36,2026,3,3,3,6,2,15
10,41,2026,3,3,2,5,7,13
10,47,2026,3,3,1,5,5,13
11,0,2026,3,3,1,6,0,19
11,5,2026,3,3,2,6,5,20
11,11,2026,3,3,3,5,3,22
11,18,2026,3,3,4,2,12,12
11,25,2026,3,3,5,6,8,10
11,31,2026,3,3,4,2,1,11
11,36,2026,3,3,3,2,3,10
11,41,2026,3,3,2,2,4,8
11,47,2026,3,3,1,6,7,7
12,0,2026,3,3,1,6,0,13
12,5,2026,3,3,2,6,3,16
12,11,2026,3,3,3,2,5,13
12,18,2026,3,3,4,4,3,14
12,25,2026,3,3,5,2,8,8
12,31,2026,3,3,4,5,0,13
12,36,2026,3,3,3,5,5,13
12,41,2026,3,3,2,3,6,10
12,47,2026,3,3,1,3,5,8
13,0,2026,3,3,1,13,0,21
13,5,2026,3,3,2,2,1,22
13,11,2026,3,3,3,5,11,16
13,18,2026,3,3,4,12,3,25
13,25,2026,3,3,5,3,11,17
13,31,2026,3,3,4,27,1,43
13,36,2026,3,3,3,4,14,33
13,41,2026,3,3,2,4,17,20
13,47,2026,3,3,1,21,11,30
14,0,2026,3,3,1,7,0,37
14,5,2026,3,3,2,6,7,36
14,11,2026,3,3,3,3,6,33
14,18,2026,3,3,4,27,11,49
14,25,2026,3,3,5,5,20,34
14,31,2026,3,3,4,15,2,47
14,36,2026,3,3,3,4,17,34
14,41,2026,3,3,2,3,20,17
14,47,2026,3,3,1,18,7,28
15,0,2026,3,3,1,32,0,60
15,5,2026,3,3,2,6,14,52
15,11,2026,3,3,3,4,15,41
15,18,2026,3,3,4,15,16,40
15,25,2026,3,3,5,6,20,26
15,31,2026,3,3,4,20,1,45
15,36,2026,3,3,3,3,14,34
15,41,2026,3,3,2,6,16,24
15,47,2026,3,3,1,27,14,37
16,0,2026,3,3,1,5,0,42
16,5,2026,3,3,2,6,11,37
16,11,2026,3,3,3,3,6,34
16,18,2026,3,3,4,4,15,23
16,25,2026,3,3,5,6,18,11
16,31,2026,3,3,4,6,2,15
16,36,2026,3,3,3,2,3,14
16,41,2026,3,3,2,4,3,15
16,47,2026,3,3,1,6,8,13
17,0,2026,3,3,1,2,0,15
17,5,2026,3,3,2,3,1,17
17,11,2026,3,3,3,6,1,22
17,18,2026,3,3,4,3,6,19
17,25,2026,3,3,5,4,15,8
17,31,2026,3,3,4,3,0,11
17,36,2026,3,3,3,3,1,13
17,41,2026,3,3,2,5,8,10
17,47,2026,3,3,1,3,5,8
18,0,2026,3,3,1,5,0,13
18,5,2026,3,3,2,5,2,16
18,11,2026,3,3,3,6,6,16
18,18,2026,3,3,4,2,6,12
18,25,2026,3,3,5,3,5,10
18,31,2026,3,3,4,6,1,15
18,36,2026,3,3,3,6,1,20
18,41,2026,3,3,2,3,7,16
18,47,2026,3,3,1,3,7,12
19,0,2026,3,3,1,6,0,18
19,5,2026,3,3,2,6,2,22
19,11,2026,3,3,3,6,6,22
19,18,2026,3,3,4,3,5,20
19,25,2026,3,3,5,5,10,15
19,31,2026,3,3,4,2,0,17
19,36,2026,3,3,3,6,4,19
19,41,2026,3,3,2,4,5,18
19,47,2026,3,3,1,6,10,14
20,0,2026,3,3,1,5,0,19
20,5,2026,3,3,2,6,3,22
20,11,2026,3,3,3,6,5,23
20,18,2026,3,3,4,3,8,18
20,25,2026,3,3,5,4,8,14
20,31,2026,3,3,4,5,1,18
20,36,2026,3,3,3,4,1,21
20,41,2026,3,3,2,3,8,16
20,47,2026,3,3,1,2,10,8
21,0,2026,3,3,1,2,0,10
21,5,2026,3,3,2,2,2,10
21,11,2026,3,3,3,3,5,8
21,18,2026,3,3,4,3,2,9
21,25,2026,3,3,5,5,5,9
21,31,2026,3,3,4,3,0,12
21,36,2026,3,3,3,5,3,14
21,41,2026,3,3,2,2,7,9
21,47,2026,3,3,1,2,6,5
22,0,2026,3,3,1,3,0,8
22,5,2026,3,3,2,4,2,10
22,11,2026,3,3,3,6,3,13
22,18,2026,3,3,4,6,2,17
22,25,2026,3,3,5,6,7,16
22,31,2026,3,3,4,4,2,18
22,36,2026,3,3,3,2,3,17
22,41,2026,3,3,2,2,10,9
22,47,2026,3,3,1,6,7,8
23,0,2026,3,3,1,6,0,14
23,5,2026,3,3,2,3,0,17
23,11,2026,3,3,3,2,5,14
23,18,2026,3,3,4,2,5,11
23,25,2026,3,3,5,4,9,6
23,31,2026,3,3,4,2,2,6
23,36,2026,3,3,3,3,2,7
23,41,2026,3,3,2,4,2,9
23,47,2026,3,3,1,0,9,0
6,0,2026,3,4,1,6,0,6
6,5,2026,3,4,2,21,1,26
6,11,2026,3,4,3,21,5,42
6,18,2026,3,4,4,2,18,26
6,25,2026,3,4,5,16,10,32
6,31,2026,3,4,4,4,2,34
6,36,2026,3,4,3,17,9,42
6,41,2026,3,4,2,21,18,45
6,47,2026,3,4,1,2,19,28
7,0,2026,3,4,1,4,0,32
7,5,2026,3,4,2,9,1,40
7,11,2026,3,4,3,7,5,42
7,18,2026,3,4,4,5,20,27
7,25,2026,3,4,5,22,8,41
7,31,2026,3,4,4,3,15,29
7,36,2026,3,4,3,14,5,38
7,41,2026,3,4,2,8,7,39
7,47,2026,3,4,1,1,20,20
8,0,2026,3,4,1,3,0,23
8,5,2026,3,4,2,13,1,35
8,11,2026,3,4,3,22,5,52
8,18,2026,3,4,4,1,20,33
8,25,2026,3,4,5,7,9,31
8,31,2026,3,4,4,5,6,30
8,36,2026,3,4,3,10,3,37
8,41,2026,3,4,2,12,8,41
8,47,2026,3,4,1,4,20,25
9,0,2026,3,4,1,1,0,26
9,5,2026,3,4,2,6,0,32
9,11,2026,3,4,3,5,3,34
9,18,2026,3,4,4,1,20,15
9,25,2026,3,4,5,2,4,13
9,31,2026,3,4,4,5,2,16
9,36,2026,3,4,3,2,0,18
9,41,2026,3,4,2,3,0,21
9,47,2026,3,4,1,3,19,5
10,0,2026,3,4,1,5,0,10
10,5,2026,3,4,2,3,1,12
10,11,2026,3,4,3,5,2,15
10,18,2026,3,4,4,6,8,13
10,25,2026,3,4,5,3,6,10
10,31,2026,3,4,4,6,2,14
10,36,2026,3,4,3,2,3,13
10,41,2026,3,4,2,2,4,11
10,47,2026,3,4,1,6,9,8
11,0,2026,3,4,1,5,0,13
11,5,2026,3,4,2,4,3,14
11,11,2026,3,4,3,4,2,16
11,18,2026,3,4,4,4,5,15
11,25,2026,3,4,5,3,6,12
11,31,2026,3,4,4,4,0,16
11,36,2026,3,4,3,5,5,16
11,41,2026,3,4,2,6,5,17
11,47,2026,3,4,1,4,8,13
12,0,2026,3,4,1,4,0,17
12,5,2026,3,4,2,6,2,21
12,11,2026,3,4,3,6,8,19
12,18,2026,3,4,4,2,10,11
12,25,2026,3,4,5,4,5,10
12,31,2026,3,4,4,6,2,14
12,36,2026,3,4,3,3,3,14
12,41,2026,3,4,2,2,6,10
12,47,2026,3,4,1,4,6,8
13,0,2026,3,4,1,10,0,18
13,5,2026,3,4,2,2,6,14
13,11,2026,3,4,3,6,3,17
13,18,2026,3,4,4,10,1,26
13,25,2026,3,4,5,6,14,18
13,31,2026,3,4,4,24,1,41
13,36,2026,3,4,3,6,8,39
13,41,2026,3,4,2,3,18,24
13,47,2026,3,4,1,20,10,34
14,0,2026,3,4,1,20,0,54
14,5,2026,3,4,2,6,17,43
14,11,2026,3,4,3,6,17,32
14,18,2026,3,4,4,21,6,47
14,25,2026,3,4,5,3,20,30
14,31,2026,3,4,4,14,1,43
14,36,2026,3,4,3,5,11,37
14,41,2026,3,4,2,4,18,23
14,47,2026,3,4,1,19,13,29
15,0,2026,3,4,1,14,0,43
15,5,2026,3,4,2,2,11,34
15,11,2026,3,4,3,6,12,28
15,18,2026,3,4,4,29,7,50
15,25,2026,3,4,5,5,20,35
15,31,2026,3,4,4,20,2,53
15,36,2026,3,4,3,3,18,38
15,41,2026,3,4,2,4,20,22
15,47,2026,3,4,1,25,9,38
16,0,2026,3,4,1,4,0,42
16,5,2026,3,4,2,5,9,38
16,11,2026,3,4,3,6,9,35
16,18,2026,3,4,4,3,12,26
16,25,2026,3,4,5,6,20,12
16,31,2026,3,4,4,6,4,14
16,36,2026,3,4,3,3,3,14
16,41,2026,3,4,2,2,5,11
16,47,2026,3,4,1,6,7,10
17,0,2026,3,4,1,5,0,15
17,5,2026,3,4,2,3,2,16
17,11,2026,3,4,3,3,6,13
17,18,2026,3,4,4,3,6,10
17,25,2026,3,4,5,4,6,8
17,31,2026,3,4,4,5,1,12
17,36,2026,3,4,3,5,3,14
17,41,2026,3,4,2,4,6,12
17,47,2026,3,4,1,2,7,7
18,0,2026,3,4,1,3,0,10
18,5,2026,3,4,2,3,0,13
18,11,2026,3,4,3,5,3,15
18,18,2026,3,4,4,3,3,15
18,25,2026,3,4,5,4,9,10
18,31,2026,3,4,4,3,1,12
18,36,2026,3,4,3,4,0,16
18,41,2026,3,4,2,4,3,17
18,47,2026,3,4,1,4,11,10
19,0,2026,3,4,1,4,0,14
19,5,2026,3,4,2,5,5,14
19,11,2026,3,4,3,5,5,14
19,18,2026,3,4,4,6,7,13
19,25,2026,3,4,5,2,4,11
19,31,2026,3,4,4,3,0,14
19,36,2026,3,4,3,3,4,13
19,41,2026,3,4,2,5,6,12
19,47,2026,3,4,1,4,6,10
20,0,2026,3,4,1,5,0,15
20,5,2026,3,4,2,2,1,16
20,11,2026,3,4,3,5,5,16
20,18,2026,3,4,4,6,6,16
20,25,2026,3,4,5,3,8,11
20,31,2026,3,4,4,5,0,16
20,36,2026,3,4,3,6,2,20
20,41,2026,3,4,2,5,9,16
20,47,2026,3,4,1,6,6,16
21,0,2026,3,4,1,5,0,21
21,5,2026,3,4,2,2,3,20
21,11,2026,3,4,3,6,5,21
21,18,2026,3,4,4,4,7,18
21,25,2026,3,4,5,3,12,9
21,31,2026,3,4,4,3,1,11
21,36,2026,3,4,3,3,5,9
21,41,2026,3,4,2,2,3,8
21,47,2026,3,4,1,6,6,8
22,0,2026,3,4,1,3,0,11
22,5,2026,3,4,2,5,3,13
22,11,2026,3,4,3,3,2,14
22,18,2026,3,4,4,2,9,7
22,25,2026,3,4,5,4,5,6
22,31,2026,3,4,4,3,1,8
22,36,2026,3,4,3,4,3,9
22,41,2026,3,4,2,2,4,7
22,47,2026,3,4,1,4,5,6
23,0,2026,3,4,1,5,0,11
23,5,2026,3,4,2,2,2,11
23,11,2026,3,4,3,4,3,12
23,18,2026,3,4,4,2,4,10
23,25,2026,3,4,5,3,6,7
23,31,2026,3,4,4,4,0,11
23,36,2026,3,4,3,2,1,12
23,41,2026,3,4,2,3,5,10
23,47,2026,3,4,1,0,10,0
6,0,2026,3,5,1,2,0,2
6,5,2026,3,5,2,11,0,13
6,11,2026,3,5,3,8,1,20
6,18,2026,3,5,4,2,7,15
6,25,2026,3,5,5,21,3,33
6,31,2026,3,5,4,2,5,30
6,36,2026,3,5,3,11,7,34
6,41,2026,3,5,2,21,11,44
6,47,2026,3,5,1,2,19,27
7,0,2026,3,5,1,1,0,28
7,5,2026,3,5,2,19,1,46
7,11,2026,3,5,3,19,3,62
7,18,2026,3,5,4,1,20,43
7,25,2026,3,5,5,11,11,43
7,31,2026,3,5,4,4,8,39
7,36,2026,3,5,3,12,2,49
7,41,2026,3,5,2,20,18,51
7,47,2026,3,5,1,3,20,34
8,0,2026,3,5,1,2,0,36
8,5,2026,3,5,2,8,2,42
8,11,2026,3,5,3,22,7,57
8,18,2026,3,5,4,1,20,38
8,25,2026,3,5,5,19,12,45
8,31,2026,3,5,4,1,15,31
8,36,2026,3,5,3,11,5,37
8,41,2026,3,5,2,22,6,53
8,47,2026,3,5,1,3,20,36
9,0,2026,3,5,1,4,0,40
9,5,2026,3,5,2,5,1,44
9,11,2026,3,5,3,4,11,37
9,18,2026,3,5,4,4,20,21
9,25,2026,3,5,5,3,11,13
9,31,2026,3,5,4,3,1,15
9,36,2026,3,5,3,6,1,20
9,41,2026,3,5,2,5,2,23
9,47,2026,3,5,1,4,19,8
10,0,2026,3,5,1,5,0,13
10,5,2026,3,5,2,6,3,16
10,11,2026,3,5,3,3,3,16
10,18,2026,3,5,4,2,8,10
10,25,2026,3,5,5,4,5,9
10,31,2026,3,5,4,3,1,11
10,36,2026,3,5,3,4,5,10
10,41,2026,3,5,2,5,3,12
10,47,2026,3,5,1,5,7,10
11,0,2026,3,5,1,6,0,16
11,5,2026,3,5,2,6,4,18
11,11,2026,3,5,3,3,5,16
11,18,2026,3,5,4,5,8,13
11,25,2026,3,5,5,2,5,10
11,31,2026,3,5,4,5,1,14
11,36,2026,3,5,3,4,4,14
11,41,2026,3,5,2,6,3,17
11,47,2026,3,5,1,3,10,10
12,0,2026,3,5,1,5,0,15
12,5,2026,3,5,2,3,3,15
12,11,2026,3,5,3,2,4,13
12,18,2026,3,5,4,4,1,16
12,25,2026,3,5,5,4,12,8
12,31,2026,3,5,4,4,2,10
12,36,2026,3,5,3,5,2,13
12,41,2026,3,5,2,4,5,12
12,47,2026,3,5,1,3,6,9
13,0,2026,3,5,1,10,0,19
13,5,2026,3,5,2,3,2,20
13,11,2026,3,5,3,2,7,15
13,18,2026,3,5,4,26,2,39
13,25,2026,3,5,5,6,14,31
13,31,2026,3,5,4,12,0,43
13,36,2026,3,5,3,3,15,31
13,41,2026,3,5,2,6,20,17
13,47,2026,3,5,1,12,10,19
14,0,2026,3,5,1,28,0,47
14,5,2026,3,5,2,3,9,41
14,11,2026,3,5,3,2,13,30
14,18,2026,3,5,4,31,13,48
14,25,2026,3,5,5,5,20,33
14,31,2026,3,5,4,22,2,53
14,36,2026,3,5,3,2,17,38
14,41,2026,3,5,2,4,20,22
14,47,2026,3,5,1,15,9,28
15,0,2026,3,5,1,20,0,48
15,5,2026,3,5,2,3,6,45
15,11,2026,3,5,3,6,15,36
15,18,2026,3,5,4,12,9,39
15,25,2026,3,5,5,5,20,24
15,31,2026,3,5,4,13,1,36
15,36,2026,3,5,3,6,5,37
15,41,2026,3,5,2,2,20,19
15,47,2026,3,5,1,10,8,21
16,0,2026,3,5,1,5,0,26
16,5,2026,3,5,2,3,6,23
16,11,2026,3,5,3,2,3,22
16,18,2026,3,5,4,4,4,22
16,25,2026,3,5,5,5,16,11
16,31,2026,3,5,4,2,1,12
16,36,2026,3,5,3,4,2,14
16,41,2026,3,5,2,5,5,14
16,47,2026,3,5,1,3,5,12
17,0,2026,3,5,1,2,0,14
17,5,2026,3,5,2,3,0,17
17,11,2026,3,5,3,2,5,14
17,18,2026,3,5,4,3,5,12
17,25,2026,3,5,5,3,8,7
17,31,2026,3,5,4,2,1,8
17,36,2026,3,5,3,2,2,8
17,41,2026,3,5,2,3,1,10
17,47,2026,3,5,1,6,8,8
18,0,2026,3,5,1,5,0,13
18,5,2026,3,5,2,6,2,17
18,11,2026,3,5,3,6,7,16
18,18,2026,3,5,4,5,4,17
18,25,2026,3,5,5,2,7,12
18,31,2026,3,5,4,3,2,13
18,36,2026,3,5,3,4,3,14
18,41,2026,3,5,2,4,4,14
18,47,2026,3,5,1,3,7,10
19,0,2026,3,5,1,4,0,14
19,5,2026,3,5,2,2,1,15
19,11,2026,3,5,3,5,3,17
19,18,2026,3,5,4,4,8,13
19,25,2026,3,5,5,6,6,13
19,31,2026,3,5,4,5,2,16
19,36,2026,3,5,3,6,7,15
19,41,2026,3,5,2,5,4,16
19,47,2026,3,5,1,6,7,15
20,0,2026,3,5,1,6,0,21
20,5,2026,3,5,2,5,4,22
20,11,2026,3,5,3,3,5,20
20,18,2026,3,5,4,2,8,14
20,25,2026,3,5,5,5,10,9
20,31,2026,3,5,4,6,0,15
20,36,2026,3,5,3,3,4,14
20,41,2026,3,5,2,2,6,10
20,47,2026,3,5,1,5,8,7
21,0,2026,3,5,1,2,0,9
21,5,2026,3,5,2,5,2,12
21,11,2026,3,5,3,6,4,14
21,18,2026,3,5,4,2,5,11
21,25,2026,3,5,5,4,4,11
21,31,2026,3,5,4,5,1,15
21,36,2026,3,5,3,4,3,16
21,41,2026,3,5,2,6,5,17
21,47,2026,3,5,1,3,11,9
22,0,2026,3,5,1,6,0,15
22,5,2026,3,5,2,2,2,15
22,11,2026,3,5,3,2,4,13
22,18,2026,3,5,4,6,4,15
22,25,2026,3,5,5,2,6,11
22,31,2026,3,5,4,5,1,15
22,36,2026,3,5,3,3,3,15
22,41,2026,3,5,2,3,5,13
22,47,2026,3,5,1,2,6,9
23,0,2026,3,5,1,2,0,11
23,5,2026,3,5,2,2,0,13
23,11,2026,3,5,3,3,3,13
23,18,2026,3,5,4,5,4,14
23,25,2026,3,5,5,2,7,9
23,31,2026,3,5,4,3,2,10
23,36,2026,3,5,3,5,2,13
23,41,2026,3,5,2,6,7,12
23,47,2026,3,5,1,0,12,0
6,0,2026,3,6,1,3,0,3
6,5,2026,3,6,2,12,0,15
6,11,2026,3,6,3,6,6,15
6,18,2026,3,6,4,6,9,12
6,25,2026,3,6,5,12,6,18
6,31,2026,3,6,4,2,4,16
6,36,2026,3,6,3,22,3,35
6,41,2026,3,6,2,16,11,40
6,47,2026,3,6,1,3,11,32
7,0,2026,3,6,1,3,0,35
7,5,2026,3,6,2,18,2,51
7,11,2026,3,6,3,20,5,66
7,18,2026,3,6,4,4,20,50
7,25,2026,3,6,5,18,15,53
7,31,2026,3,6,4,5,13,45
7,36,2026,3,6,3,6,7,44
7,41,2026,3,6,2,18,20,42
7,47,2026,3,6,1,2,20,24
8,0,2026,3,6,1,2,0,26
8,5,2026,3,6,2,12,0,38
8,11,2026,3,6,3,13,5,46
8,18,2026,3,6,4,5,20,31
8,25,2026,3,6,5,14,5,40
8,31,2026,3,6,4,5,10,35
8,36,2026,3,6,3,10,5,40
8,41,2026,3,6,2,17,10,47
8,47,2026,3,6,1,1,20,28
9,0,2026,3,6,1,2,0,30
9,5,2026,3,6,2,2,1,31
9,11,2026,3,6,3,2,3,30
9,18,2026,3,6,4,4,20,14
9,25,2026,3,6,5,6,7,13
9,31,2026,3,6,4,4,3,14
9,36,2026,3,6,3,4,1,17
9,41,2026,3,6,2,3,3,17
9,47,2026,3,6,1,3,15,5
10,0,2026,3,6,1,5,0,10
10,5,2026,3,6,2,5,3,12
10,11,2026,3,6,3,4,4,12
10,18,2026,3,6,4,4,4,12
10,25,2026,3,6,5,6,5,13
10,31,2026,3,6,4,6,1,18
10,36,2026,3,6,3,2,1,19
10,41,2026,3,6,2,6,7,18
10,47,2026,3,6,1,5,14,9
11,0,2026,3,6,1,5,0,14
11,5,2026,3,6,2,5,2,17
11,11,2026,3,6,3,6,8,15
11,18,2026,3,6,4,6,8,13
11,25,2026,3,6,5,2,3,12
11,31,2026,3,6,4,3,0,15
11,36,2026,3,6,3,2,2,15
11,41,2026,3,6,2,3,6,12
11,47,2026,3,6,1,4,8,8
12,0,2026,3,6,1,5,0,13
12,5,2026,3,6,2,4,1,16
12,11,2026,3,6,3,2,4,14
12,18,2026,3,6,4,2,8,8
12,25,2026,3,6,5,4,6,6
12,31,2026,3,6,4,2,0,8
12,36,2026,3,6,3,6,1,13
12,41,2026,3,6,2,4,6,11
12,47,2026,3,6,1,4,7,8
13,0,2026,3,6,1,32,0,40
13,5,2026,3,6,2,6,10,36
13,11,2026,3,6,3,3,13,26
13,18,2026,3,6,4,16,11,31
13,25,2026,3,6,5,4,15,20
13,31,2026,3,6,4,7,2,25
13,36,2026,3,6,3,6,5,26
13,41,2026,3,6,2,4,13,17
13,47,2026,3,6,1,12,11,18
14,0,2026,3,6,1,24,0,42
14,5,2026,3,6,2,5,9,38
14,11,2026,3,6,3,5,16,27
14,18,2026,3,6,4,26,10,43
14,25,2026,3,6,5,3,18,28
14,31,2026,3,6,4,30,0,58
14,36,2026,3,6,3,2,16,44
14,41,2026,3,6,2,5,20,29
14,47,2026,3,6,1,15,14,30
15,0,2026,3,6,1,24,0,54
15,5,2026,3,6,2,3,11,46
15,11,2026,3,6,3,4,9,41
15,18,2026,3,6,4,13,15,39
15,25,2026,3,6,5,6,20,25
15,31,2026,3,6,4,15,0,40
15,36,2026,3,6,3,4,8,36
15,41,2026,3,6,2,6,19,23
15,47,2026,3,6,1,28,8,43
16,0,2026,3,6,1,3,0,46
16,5,2026,3,6,2,4,9,41
16,11,2026,3,6,3,3,8,36
16,18,2026,3,6,4,3,13,26
16,25,2026,3,6,5,6,20,12
16,31,2026,3,6,4,3,2,13
16,36,2026,3,6,3,2,0,15
16,41,2026,3,6,2,5,4,16
16,47,2026,3,6,1,2,11,7
17,0,2026,3,6,1,4,0,11
17,5,2026,3,6,2,4,1,14
17,11,2026,3,6,3,6,3,17
17,18,2026,3,6,4,6,1,22
17,25,2026,3,6,5,2,14,10
17,31,2026,3,6,4,2,0,12
17,36,2026,3,6,3,4,4,12
17,41,2026,3,6,2,2,5,9
17,47,2026,3,6,1,5,6,8
18,0,2026,3,6,1,3,0,11
18,5,2026,3,6,2,5,2,14
18,11,2026,3,6,3,2,1,15
18,18,2026,3,6,4,2,6,11
18,25,2026,3,6,5,2,8,5
18,31,2026,3,6,4,2,0,7
18,36,2026,3,6,3,5,1,11
18,41,2026,3,6,2,6,3,14
18,47,2026,3,6,1,4,6,12
19,0,2026,3,6,1,4,0,16
19,5,2026,3,6,2,5,5,16
19,11,2026,3,6,3,6,3,19
19,18,2026,3,6,4,6,9,16
19,25,2026,3,6,5,5,9,12
19,31,2026,3,6,4,4,0,16
19,36,2026,3,6,3,5,5,16
19,41,2026,3,6,2,5,5,16
19,47,2026,3,6,1,6,10,12
20,0,2026,3,6,1,4,0,16
20,5,2026,3,6,2,5,3,18
20,11,2026,3,6,3,2,7,13
20,18,2026,3,6,4,5,4,14
20,25,2026,3,6,5,5,9,10
20,31,2026,3,6,4,2,0,12
20,36,2026,3,6,3,4,4,12
20,41,2026,3,6,2,5,6,11
20,47,2026,3,6,1,6,4,13
21,0,2026,3,6,1,3,0,16
21,5,2026,3,6,2,3,3,16
21,11,2026,3,6,3,5,3,18
21,18,2026,3,6,4,4,8,14
21,25,2026,3,6,5,2,8,8
21,31,2026,3,6,4,2,1,9
21,36,2026,3,6,3,6,2,13
21,41,2026,3,6,2,3,4,12
21,47,2026,3,6,1,3,5,10
22,0,2026,3,6,1,6,0,16
22,5,2026,3,6,2,3,3,16
22,11,2026,3,6,3,6,5,17
22,18,2026,3,6,4,4,6,15
22,25,2026,3,6,5,4,6,13
22,31,2026,3,6,4,3,0,16
22,36,2026,3,6,3,2,3,15
22,41,2026,3,6,2,4,7,12
22,47,2026,3,6,1,5,6,11
23,0,2026,3,6,1,2,0,13
23,5,2026,3,6,2,6,0,19
23,11,2026,3,6,3,6,5,20
23,18,2026,3,6,4,4,10,14
23,25,2026,3,6,5,4,8,10
23,31,2026,3,6,4,2,0,12
23,36,2026,3,6,3,2,1,13
23,41,2026,3,6,2,3,7,9
23,47,2026,3,6,1,0,9,0
6,0,2026,3,7,1,6,0,6
6,5,2026,3,7,2,12,3,15
6,11,2026,3,7,3,21,5,31
6,18,2026,3,7,4,4,8,27
6,25,2026,3,7,5,19,12,34
6,31,2026,3,7,4,4,4,34
6,36,2026,3,7,3,21,5,50
6,41,2026,3,7,2,11,12,49
6,47,2026,3,7,1,6,20,35
7,0,2026,3,7,1,2,0,37
7,5,2026,3,7,2,19,1,55
7,11,2026,3,7,3,9,8,56
7,18,2026,3,7,4,4,20,40
7,25,2026,3,7,5,9,15,34
7,31,2026,3,7,4,5,6,33
7,36,2026,3,7,3,11,6,38
7,41,2026,3,7,2,15,8,45
7,47,2026,3,7,1,3,20,28
8,0,2026,3,7,1,1,0,29
8,5,2026,3,7,2,17,2,44
8,11,2026,3,7,3,14,7,51
8,18,2026,3,7,4,4,20,35
8,25,2026,3,7,5,8,6,37
8,31,2026,3,7,4,5,7,35
8,36,2026,3,7,3,17,3,49
8,41,2026,3,7,2,15,11,53
8,47,2026,3,7,1,1,20,34
9,0,2026,3,7,1,3,0,37
9,5,2026,3,7,2,5,2,40
9,11,2026,3,7,3,4,3,41
9,18,2026,3,7,4,5,20,26
9,25,2026,3,7,5,5,13,18
9,31,2026,3,7,4,1,2,17
9,36,2026,3,7,3,2,1,18
9,41,2026,3,7,2,5,1,22
9,47,2026,3,7,1,2,20,4
10,0,2026,3,7,1,4,0,8
10,5,2026,3,7,2,2,0,10
10,11,2026,3,7,3,2,2,10
10,18,2026,3,7,4,6,5,11
10,25,2026,3,7,5,6,5,12
10,31,2026,3,7,4,4,2,14
10,36,2026,3,7,3,2,4,12
10,41,2026,3,7,2,6,5,13
10,47,2026,3,7,1,6,6,13
11,0,2026,3,7,1,2,0,15
11,5,2026,3,7,2,4,0,19
11,11,2026,3,7,3,4,4,19
11,18,2026,3,7,4,3,9,13
11,25,2026,3,7,5,5,10,8
11,31,2026,3,7,4,5,2,11
11,36,2026,3,7,3,4,3,12
11,41,2026,3,7,2,6,4,14
11,47,2026,3,7,1,5,5,14
12,0,2026,3,7,1,6,0,20
12,5,2026,3,7,2,4,2,22
12,11,2026,3,7,3,6,3,25
12,18,2026,3,7,4,4,8,21
12,25,2026,3,7,5,4,15,10
12,31,2026,3,7,4,3,1,12
12,36,2026,3,7,3,4,6,10
12,41,2026,3,7,2,3,3,10
12,47,2026,3,7,1,6,6,10
13,0,2026,3,7,1,19,0,29
13,5,2026,3,7,2,3,7,25
13,11,2026,3,7,3,3,9,19
13,18,2026,3,7,4,20,14,25
13,25,2026,3,7,5,2,11,16
13,31,2026,3,7,4,24,0,40
13,36,2026,3,7,3,3,7,36
13,41,2026,3,7,2,2,14,24
13,47,2026,3,7,1,10,14,20
14,0,2026,3,7,1,7,0,27
14,5,2026,3,7,2,3,4,26
14,11,2026,3,7,3,6,8,24
14,18,2026,3,7,4,18,3,39
14,25,2026,3,7,5,4,20,23
14,31,2026,3,7,4,12,1,34
14,36,2026,3,7,3,3,14,23
14,41,2026,3,7,2,5,14,14
14,47,2026,3,7,1,8,9,13
15,0,2026,3,7,1,30,0,43
15,5,2026,3,7,2,4,12,35
15,11,2026,3,7,3,2,12,25
15,18,2026,3,7,4,21,10,36
15,25,2026,3,7,5,3,19,20
15,31,2026,3,7,4,15,0,35
15,36,2026,3,7,3,5,14,26
15,41,2026,3,7,2,6,17,15
15,47,2026,3,7,1,18,5,28
16,0,2026,3,7,1,3,0,31
16,5,2026,3,7,2,4,5,30
16,11,2026,3,7,3,2,6,26
16,18,2026,3,7,4,2,9,19
16,25,2026,3,7,5,6,13,12
16,31,2026,3,7,4,3,2,13
16,36,2026,3,7,3,4,4,13
16,41,2026,3,7,2,4,4,13
16,47,2026,3,7,1,4,9,8
17,0,2026,3,7,1,6,0,14
17,5,2026,3,7,2,3,4,13
17,11,2026,3,7,3,4,3,14
17,18,2026,3,7,4,5,6,13
17,25,2026,3,7,5,2,5,10
17,31,2026,3,7,4,3,1,12
17,36,2026,3,7,3,2,3,11
17,41,2026,3,7,2,5,6,10
17,47,2026,3,7,1,5,5,10
18,0,2026,3,7,1,5,0,15
18,5,2026,3,7,2,5,2,18
18,11,2026,3,7,3,3,7,14
18,18,2026,3,7,4,6,4,16
18,25,2026,3,7,5,2,8,10
18,31,2026,3,7,4,5,0,15
18,36,2026,3,7,3,3,4,14
18,41,2026,3,7,2,5,6,13
18,47,2026,3,7,1,2,7,8
19,0,2026,3,7,1,6,0,14
19,5,2026,3,7,2,4,2,16
19,11,2026,3,7,3,3,6,13
19,18,2026,3,7,4,6,7,12
19,25,2026,3,7,5,6,7,11
19,31,2026,3,7,4,5,3,13
19,36,2026,3,7,3,5,4,14
19,41,2026,3,7,2,2,6,10
19,47,2026,3,7,1,6,5,11
20,0,2026,3,7,1,6,0,17
20,5,2026,3,7,2,2,2,17
20,11,2026,3,7,3,2,5,14
20,18,2026,3,7,4,3,8,9
20,25,2026,3,7,5,3,4,8
20,31,2026,3,7,4,3,1,10
20,36,2026,3,7,3,5,4,11
20,41,2026,3,7,2,6,2,15
20,47,2026,3,7,1,6,7,14
21,0,2026,3,7,1,4,0,18
21,5,2026,3,7,2,2,1,19
21,11,2026,3,7,3,4,4,19
21,18,2026,3,7,4,6,9,16
21,25,2026,3,7,5,5,10,11
21,31,2026,3,7,4,6,2,15
21,36,2026,3,7,3,4,4,15
21,41,2026,3,7,2,4,3,16
21,47,2026,3,7,1,3,8,11
22,0,2026,3,7,1,5,0,16
22,5,2026,3,7,2,5,0,21
22,11,2026,3,7,3,6,6,21
22,18,2026,3,7,4,4,8,17
22,25,2026,3,7,5,4,12,9
22,31,2026,3,7,4,4,1,12
22,36,2026,3,7,3,6,2,16
22,41,2026,3,7,2,4,8,12
22,47,2026,3,7,1,2,3,11
23,0,2026,3,7,1,6,0,17
23,5,2026,3,7,2,2,2,17
23,11,2026,3,7,3,6,2,21
23,18,2026,3,7,4,3,6,18
23,25,2026,3,7,5,6,11,13
23,31,2026,3,7,4,4,1,16
23,36,2026,3,7,3,4,3,17
23,41,2026,3,7,2,5,10,12
23,47,2026,3,7,1,0,12,0
6,0,2026,3,8,1,3,0,3
6,5,2026,3,8,2,9,2,10
6,11,2026,3,8,3,10,1,19
6,18,2026,3,8,4,3,6,16
6,25,2026,3,8,5,18,5,29
6,31,2026,3,8,4,3,2,30
6,36,2026,3,8,3,21,5,46
6,41,2026,3,8,2,22,12,56
6,47,2026,3,8,1,3,20,39
7,0,2026,3,8,1,3,0,42
7,5,2026,3,8,2,22,2,62
7,11,2026,3,8,3,13,9,66
7,18,2026,3,8,4,2,20,48
7,25,2026,3,8,5,6,20,34
7,31,2026,3,8,4,4,3,35
7,36,2026,3,8,3,21,5,51
7,41,2026,3,8,2,11,12,50
7,47,2026,3,8,1,1,20,31
8,0,2026,3,8,1,4,0,35
8,5,2026,3,8,2,5,3,37
8,11,2026,3,8,3,5,4,38
8,18,2026,3,8,4,1,20,19
8,25,2026,3,8,5,22,10,31
8,31,2026,3,8,4,5,7,29
8,36,2026,3,8,3,12,5,36
8,41,2026,3,8,2,8,9,35
8,47,2026,3,8,1,3,20,18
9,0,2026,3,8,1,3,0,21
9,5,2026,3,8,2,6,1,26
9,11,2026,3,8,3,4,4,26
9,18,2026,3,8,4,4,20,10
9,25,2026,3,8,5,6,2,14
9,31,2026,3,8,4,5,1,18
9,36,2026,3,8,3,3,0,21
9,41,2026,3,8,2,4,4,21
9,47,2026,3,8,1,1,20,2
10,0,2026,3,8,1,4,0,6
10,5,2026,3,8,2,4,0,10
10,11,2026,3,8,3,3,4,9
10,18,2026,3,8,4,6,3,12
10,25,2026,3,8,5,5,6,11
10,31,2026,3,8,4,2,1,12
10,36,2026,3,8,3,3,4,11
10,41,2026,3,8,2,3,6,8
10,47,2026,3,8,1,3,3,8
11,0,2026,3,8,1,5,0,13
11,5,2026,3,8,2,5,0,18
11,11,2026,3,8,3,3,5,16
11,18,2026,3,8,4,3,8,11
11,25,2026,3,8,5,4,7,8
11,31,2026,3,8,4,2,2,8
11,36,2026,3,8,3,6,3,11
11,41,2026,3,8,2,2,4,9
11,47,2026,3,8,1,2,4,7
12,0,2026,3,8,1,6,0,13
12,5,2026,3,8,2,4,3,14
12,11,2026,3,8,3,5,2,17
12,18,2026,3,8,4,4,6,15
12,25,2026,3,8,5,2,9,8
12,31,2026,3,8,4,5,0,13
12,36,2026,3,8,3,2,2,13
12,41,2026,3,8,2,3,3,13
12,47,2026,3,8,1,6,9,10
13,0,2026,3,8,1,28,0,38
13,5,2026,3,8,2,4,14,28
13,11,2026,3,8,3,5,11,22
13,18,2026,3,8,4,30,4,48
13,25,2026,3,8,5,4,20,32
13,31,2026,3,8,4,10,1,41
13,36,2026,3,8,3,3,15,29
13,41,2026,3,8,2,4,15,18
13,47,2026,3,8,1,17,12,23
14,0,2026,3,8,1,27,0,50
14,5,2026,3,8,2,5,11,44
14,11,2026,3,8,3,2,15,31
14,18,2026,3,8,4,27,13,45
14,25,2026,3,8,5,3,20,28
14,31,2026,3,8,4,22,0,50
14,36,2026,3,8,3,6,14,42
14,41,2026,3,8,2,5,20,27
14,47,2026,3,8,1,9,15,21
15,0,2026,3,8,1,23,0,44
15,5,2026,3,8,2,6,4,46
15,11,2026,3,8,3,4,14,36
15,18,2026,3,8,4,15,14,37
15,25,2026,3,8,5,5,20,22
15,31,2026,3,8,4,13,1,34
15,36,2026,3,8,3,5,15,24
15,41,2026,3,8,2,3,7,20
15,47,2026,3,8,1,32,8,44
16,0,2026,3,8,1,4,0,48
16,5,2026,3,8,2,5,11,42
16,11,2026,3,8,3,5,14,33
16,18,2026,3,8,4,5,12,26
16,25,2026,3,8,5,5,20,11
16,31,2026,3,8,4,3,1,13
16,36,2026,3,8,3,3,2,14
16,41,2026,3,8,2,5,4,15
16,47,2026,3,8,1,6,7,14
17,0,2026,3,8,1,2,0,16
17,5,2026,3,8,2,2,0,18
17,11,2026,3,8,3,3,4,17
17,18,2026,3,8,4,5,9,13
17,25,2026,3,8,5,6,7,12
17,31,2026,3,8,4,4,2,14
17,36,2026,3,8,3,3,2,15
17,41,2026,3,8,2,4,9,10
17,47,2026,3,8,1,5,6,9
18,0,2026,3,8,1,5,0,14
18,5,2026,3,8,2,3,4,13
18,11,2026,3,8,3,4,5,12
18,18,2026,3,8,4,6,6,12
18,25,2026,3,8,5,4,6,10
18,31,2026,3,8,4,3,0,13
18,36,2026,3,8,3,5,3,15
18,41,2026,3,8,2,5,4,16
18,47,2026,3,8,1,6,8,14
19,0,2026,3,8,1,3,0,17
19,5,2026,3,8,2,2,2,17
19,11,2026,3,8,3,5,4,18
19,18,2026,3,8,4,6,4,20
19,25,2026,3,8,5,3,14,9
19,31,2026,3,8,4,3,0,12
19,36,2026,3,8,3,2,3,11
19,41,2026,3,8,2,6,7,10
19,47,2026,3,8,1,6,7,9
20,0,2026,3,8,1,5,0,14
20,5,2026,3,8,2,2,3,13
20,11,2026,3,8,3,2,0,15
20,18,2026,3,8,4,4,6,13
20,25,2026,3,8,5,4,10,7
20,31,2026,3,8,4,5,1,11
20,36,2026,3,8,3,3,3,11
20,41,2026,3,8,2,6,7,10
20,47,2026,3,8,1,6,4,12
21,0,2026,3,8,1,6,0,18
21,5,2026,3,8,2,5,3,20
21,11,2026,3,8,3,5,8,17
21,18,2026,3,8,4,6,7,16
21,25,2026,3,8,5,6,8,14
21,31,2026,3,8,4,3,0,17
21,36,2026,3,8,3,2,3,16
21,41,2026,3,8,2,2,8,10
21,47,2026,3,8,1,4,7,7
22,0,2026,3,8,1,2,0,9
22,5,2026,3,8,2,4,2,11
22,11,2026,3,8,3,2,2,11
22,18,2026,3,8,4,2,5,8
22,25,2026,3,8,5,5,5,8
22,31,2026,3,8,4,4,1,11
22,36,2026,3,8,3,5,3,13
22,41,2026,3,8,2,2,5,10
22,47,2026,3,8,1,2,5,7
23,0,2026,3,8,1,4,0,11
23,5,2026,3,8,2,6,2,15
23,11,2026,3,8,3,4,3,16
23,18,2026,3,8,4,6,5,17
23,25,2026,3,8,5,3,10,10
23,31,2026,3,8,4,2,0,12
23,36,2026,3,8,3,4,3,13
23,41,2026,3,8,2,2,8,7
23,47,2026,3,8,1,0,7,0
6,0,2026,3,9,1,3,0,3
6,5,2026,3,9,2,6,1,8
6,11,2026,3,9,3,14,3,19
6,18,2026,3,9,4,3,8,14
6,25,2026,3,9,5,20,3,31
6,31,2026,3,9,4,4,5,30
6,36,2026,3,9,3,14,9,35
6,41,2026,3,9,2,12,11,36
6,47,2026,3,9,1,3,18,21
7,0,2026,3,9,1,4,0,25
7,5,2026,3,9,2,11,1,35
7,11,2026,3,9,3,11,2,44
7,18,2026,3,9,4,2,20,26
7,25,2026,3,9,5,18,6,38
7,31,2026,3,9,4,5,14,29
7,36,2026,3,9,3,5,1,33
7,41,2026,3,9,2,11,9,35
7,47,2026,3,9,1,1,20,16
8,0,2026,3,9,1,4,0,20
8,5,2026,3,9,2,14,1,33
8,11,2026,3,9,3,14,2,45
8,18,2026,3,9,4,5,20,30
8,25,2026,3,9,5,8,6,32
8,31,2026,3,9,4,2,6,28
8,36,2026,3,9,3,18,2,44
8,41,2026,3,9,2,14,8,50
8,47,2026,3,9,1,1,20,31
9,0,2026,3,9,1,2,0,33
9,5,2026,3,9,2,4,0,37
9,11,2026,3,9,3,5,4,38
9,18,2026,3,9,4,4,20,22
9,25,2026,3,9,5,2,12,12
9,31,2026,3,9,4,2,2,12
9,36,2026,3,9,3,2,0,14
9,41,2026,3,9,2,5,1,18
9,47,2026,3,9,1,3,15,6
10,0,2026,3,9,1,2,0,8
10,5,2026,3,9,2,4,1,11
10,11,2026,3,9,3,4,4,11
10,18,2026,3,9,4,4,4,11
10,25,2026,3,9,5,3,4,10
10,31,2026,3,9,4,4,2,12
10,36,2026,3,9,3,4,3,13
10,41,2026,3,9,2,5,5,13
10,47,2026,3,9,1,6,7,12
11,0,2026,3,9,1,2,0,14
11,5,2026,3,9,2,6,1,19
11,11,2026,3,9,3,5,5,19
11,18,2026,3,9,4,2,10,11
11,25,2026,3,9,5,6,8,9
11,31,2026,3,9,4,6,1,14
11,36,2026,3,9,3,6,5,15
11,41,2026,3,9,2,5,8,12
11,47,2026,3,9,1,2,5,9
12,0,2026,3,9,1,3,0,12
12,5,2026,3,9,2,2,1,13
12,11,2026,3,9,3,5,3,15
12,18,2026,3,9,4,4,9,10
12,25,2026,3,9,5,4,3,11
12,31,2026,3,9,4,4,1,14
12,36,2026,3,9,3,5,2,17
12,41,2026,3,9,2,4,7,14
12,47,2026,3,9,1,2,6,10
13,0,2026,3,9,1,16,0,26
13,5,2026,3,9,2,5,6,25
13,11,2026,3,9,3,2,6,21
13,18,2026,3,9,4,12,5,28
13,25,2026,3,9,5,4,15,17
13,31,2026,3,9,4,10,2,25
13,36,2026,3,9,3,2,6,21
13,41,2026,3,9,2,4,9,16
13,47,2026,3,9,1,7,6,17
14,0,2026,3,9,1,14,0,31
14,5,2026,3,9,2,2,7,26
14,11,2026,3,9,3,3,6,23
14,18,2026,3,9,4,24,7,40
14,25,2026,3,9,5,4,20,24
14,31,2026,3,9,4,7,3,28
14,36,2026,3,9,3,3,7,24
14,41,2026,3,9,2,3,12,15
14,47,2026,3,9,1,11,7,19
15,0,2026,3,9,1,29,0,48
15,5,2026,3,9,2,5,5,48
15,11,2026,3,9,3,3,16,35
15,18,2026,3,9,4,17,12,40
15,25,2026,3,9,5,6,20,26
15,31,2026,3,9,4,7,1,32
15,36,2026,3,9,3,2,14,20
15,41,2026,3,9,2,2,10,12
15,47,2026,3,9,1,7,8,11
16,0,2026,3,9,1,3,0,14
16,5,2026,3,9,2,6,6,14
16,11,2026,3,9,3,4,2,16
16,18,2026,3,9,4,2,6,12
16,25,2026,3,9,5,3,5,10
16,31,2026,3,9,4,6,0,16
16,36,2026,3,9,3,5,3,18
16,41,2026,3,9,2,6,9,15
16,47,2026,3,9,1,3,9,9
17,0,2026,3,9,1,4,0,13
17,5,2026,3,9,2,4,3,14
17,11,2026,3,9,3,2,3,13
17,18,2026,3,9,4,6,3,16
17,25,2026,3,9,5,5,7,14
17,31,2026,3,9,4,4,3,15
17,36,2026,3,9,3,3,3,15
17,41,2026,3,9,2,4,7,12
17,47,2026,3,9,1,4,7,9
18,0,2026,3,9,1,3,0,12
18,5,2026,3,9,2,2,2,12
18,11,2026,3,9,3,3,1,14
18,18,2026,3,9,4,2,5,11
18,25,2026,3,9,5,3,7,7
18,31,2026,3,9,4,6,0,13
18,36,2026,3,9,3,4,4,13
18,41,2026,3,9,2,6,9,10
18,47,2026,3,9,1,5,5,10
19,0,2026,3,9,1,5,0,15
19,5,2026,3,9,2,6,1,20
19,11,2026,3,9,3,2,3,19
19,18,2026,3,9,4,3,6,16
19,25,2026,3,9,5,4,13,7
19,31,2026,3,9,4,5,2,10
19,36,2026,3,9,3,4,1,13
19,41,2026,3,9,2,4,3,14
19,47,2026,3,9,1,3,7,10
20,0,2026,3,9,1,2,0,12
20,5,2026,3,9,2,5,1,16
20,11,2026,3,9,3,6,4,18
20,18,2026,3,9,4,4,6,16
20,25,2026,3,9,5,4,9,11
20,31,2026,3,9,4,6,2,15
20,36,2026,3,9,3,4,4,15
20,41,2026,3,9,2,4,5,14
20,47,2026,3,9,1,4,9,9
21,0,2026,3,9,1,5,0,14
21,5,2026,3,9,2,4,4,14
21,11,2026,3,9,3,2,4,12
21,18,2026,3,9,4,2,7,7
21,25,2026,3,9,5,3,4,6
21,31,2026,3,9,4,2,0,8
21,36,2026,3,9,3,5,0,13
21,41,2026,3,9,2,6,3,16
21,47,2026,3,9,1,2,9,9
22,0,2026,3,9,1,6,0,15
22,5,2026,3,9,2,2,4,13
22,11,2026,3,9,3,5,2,16
22,18,2026,3,9,4,6,5,17
22,25,2026,3,9,5,3,9,11
22,31,2026,3,9,4,4,1,14
22,36,2026,3,9,3,5,3,16
22,41,2026,3,9,2,6,6,16
22,47,2026,3,9,1,3,7,12
23,0,2026,3,9,1,6,0,18
23,5,2026,3,9,2,4,3,19
23,11,2026,3,9,3,4,5,18
23,18,2026,3,9,4,5,4,19
23,25,2026,3,9,5,3,13,9
23,31,2026,3,9,4,5,1,13
23,36,2026,3,9,3,4,3,14
23,41,2026,3,9,2,4,7,11
23,47,2026,3,9,1,0,11,0
6,0,2026,3,10,1,5,0,5
6,5,2026,3,10,2,8,2,11
6,11,2026,3,10,3,5,0,16
6,18,2026,3,10,4,6,5,17
6,25,2026,3,10,5,6,7,16
6,31,2026,3,10,4,2,1,17
6,36,2026,3,10,3,7,2,22
6,41,2026,3,10,2,8,10,20
6,47,2026,3,10,1,6,8,18
7,0,2026,3,10,1,2,0,20
7,5,2026,3,10,2,6,0,26
7,11,2026,3,10,3,20,0,46
7,18,2026,3,10,4,3,20,29
7,25,2026,3,10,5,15,8,36
7,31,2026,3,10,4,4,14,26
7,36,2026,3,10,3,10,4,32
7,41,2026,3,10,2,21,2,51
7,47,2026,3,10,1,3,20,34
8,0,2026,3,10,1,2,0,36
8,5,2026,3,10,2,8,1,43
8,11,2026,3,10,3,12,7,48
8,18,2026,3,10,4,1,20,29
8,25,2026,3,10,5,8,8,29
8,31,2026,3,10,4,5,6,28
8,36,2026,3,10,3,18,3,43
8,41,2026,3,10,2,20,6,57
8,47,2026,3,10,1,1,20,38
9,0,2026,3,10,1,2,0,40
9,5,2026,3,10,2,5,1,44
9,11,2026,3,10,3,5,3,46
9,18,2026,3,10,4,3,20,29
9,25,2026,3,10,5,6,18,17
9,31,2026,3,10,4,1,1,17
9,36,2026,3,10,3,4,2,19
9,41,2026,3,10,2,2,1,20
9,47,2026,3,10,1,2,20,2
10,0,2026,3,10,1,4,0,6
10,5,2026,3,10,2,4,2,8
10,11,2026,3,10,3,6,1,13
10,18,2026,3,10,4,4,0,17
10,25,2026,3,10,5,3,7,13
10,31,2026,3,10,4,6,0,19
10,36,2026,3,10,3,4,5,18
10,41,2026,3,10,2,5,7,16
10,47,2026,3,10,1,3,7,12
11,0,2026,3,10,1,6,0,18
11,5,2026,3,10,2,5,0,23
11,11,2026,3,10,3,3,8,18
11,18,2026,3,10,4,3,8,13
11,25,2026,3,10,5,3,8,8
11,31,2026,3,10,4,6,1,13
11,36,2026,3,10,3,4,3,14
11,41,2026,3,10,2,6,7,13
11,47,2026,3,10,1,6,7,12
12,0,2026,3,10,1,4,0,16
12,5,2026,3,10,2,3,3,16
12,11,2026,3,10,3,5,6,15
12,18,2026,3,10,4,3,3,15
12,25,2026,3,10,5,2,7,10
12,31,2026,3,10,4,6,0,16
12,36,2026,3,10,3,4,3,17
12,41,2026,3,10,2,2,3,16
12,47,2026,3,10,1,6,9,13
13,0,2026,3,10,1,24,0,37
13,5,2026,3,10,2,5,11,31
13,11,2026,3,10,3,6,11,26
13,18,2026,3,10,4,24,9,41
13,25,2026,3,10,5,3,20,24
13,31,2026,3,10,4,27,0,51
13,36,2026,3,10,3,5,11,45
13,41,2026,3,10,2,4,15,34
13,47,2026,3,10,1,22,19,37
14,0,2026,3,10,1,7,0,44
14,5,2026,3,10,2,5,8,41
14,11,2026,3,10,3,2,14,29
14,18,2026,3,10,4,22,7,44
14,25,2026,3,10,5,5,20,29
14,31,2026,3,10,4,17,0,46
14,36,2026,3,10,3,5,17,34
14,41,2026,3,10,2,5,19,20
14,47,2026,3,10,1,7,12,15
15,0,2026,3,10,1,22,0,37
15,5,2026,3,10,2,4,6,35
15,11,2026,3,10,3,2,18,19
15,18,2026,3,10,4,12,3,28
15,25,2026,3,10,5,2,17,13
15,31,2026,3,10,4,24,0,37
15,36,2026,3,10,3,6,13,30
15,41,2026,3,10,2,5,16,19
15,47,2026,3,10,1,14,6,27
16,0,2026,3,10,1,2,0,29
16,5,2026,3,10,2,3,3,29
16,11,2026,3,10,3,2,6,25
16,18,2026,3,10,4,3,10,18
16,25,2026,3,10,5,2,12,8
16,31,2026,3,10,4,6,1,13
16,36,2026,3,10,3,5,3,15
16,41,2026,3,10,2,4,4,15
16,47,2026,3,10,1,4,10,9
17,0,2026,3,10,1,3,0,12
17,5,2026,3,10,2,4,1,15
17,11,2026,3,10,3,3,2,16
17,18,2026,3,10,4,4,7,13
17,25,2026,3,10,5,6,10,9
17,31,2026,3,10,4,6,0,15
17,36,2026,3,10,3,6,3,18
17,41,2026,3,10,2,4,7,15
17,47,2026,3,10,1,6,10,11
18,0,2026,3,10,1,4,0,15
18,5,2026,3,10,2,2,4,13
18,11,2026,3,10,3,6,7,12
18,18,2026,3,10,4,5,5,12
18,25,2026,3,10,5,3,6,9
18,31,2026,3,10,4,6,0,15
18,36,2026,3,10,3,5,6,14
18,41,2026,3,10,2,5,3,16
18,47,2026,3,10,1,2,6,12
19,0,2026,3,10,1,5,0,17
19,5,2026,3,10,2,2,2,17
19,11,2026,3,10,3,2,3,16
19,18,2026,3,10,4,5,7,14
19,25,2026,3,10,5,5,10,9
19,31,2026,3,10,4,2,1,10
19,36,2026,3,10,3,4,2,12
19,41,2026,3,10,2,3,4,11
19,47,2026,3,10,1,2,4,9
20,0,2026,3,10,1,5,0,14
20,5,2026,3,10,2,5,1,18
20,11,2026,3,10,3,2,4,16
20,18,2026,3,10,4,2,5,13
20,25,2026,3,10,5,4,9,8
20,31,2026,3,10,4,3,2,9
20,36,2026,3,10,3,2,2,9
20,41,2026,3,10,2,3,1,11
20,47,2026,3,10,1,4,7,8
21,0,2026,3,10,1,4,0,12
21,5,2026,3,10,2,4,2,14
21,11,2026,3,10,3,6,4,16
21,18,2026,3,10,4,4,9,11
21,25,2026,3,10,5,2,5,8
21,31,2026,3,10,4,5,1,12
21,36,2026,3,10,3,5,4,13
21,41,2026,3,10,2,3,4,12
21,47,2026,3,10,1,2,8,6
22,0,2026,3,10,1,3,0,9
22,5,2026,3,10,2,2,2,9
22,11,2026,3,10,3,5,3,11
22,18,2026,3,10,4,4,3,12
22,25,2026,3,10,5,5,5,12
22,31,2026,3,10,4,3,0,15
22,36,2026,3,10,3,3,0,18
22,41,2026,3,10,2,6,8,16
22,47,2026,3,10,1,6,9,13
23,0,2026,3,10,1,4,0,17
23,5,2026,3,10,2,5,3,19
23,11,2026,3,10,3,6,5,20
23,18,2026,3,10,4,5,12,13
23,25,2026,3,10,5,3,10,6
23,31,2026,3,10,4,4,1,9
23,36,2026,3,10,3,3,2,10
23,41,2026,3,10,2,5,7,8
23,47,2026,3,10,1,0,8,0
6,0,2026,3,11,1,3,0,3
6,5,2026,3,11,2,16,1,18
6,11,2026,3,11,3,21,4,35
6,18,2026,3,11,4,2,11,26
6,25,2026,3,11,5,17,13,30
6,31,2026,3,11,4,4,6,28
6,36,2026,3,11,3,22,7,43
6,41,2026,3,11,2,13,9,47
6,47,2026,3,11,1,4,20,31
7,0,2026,3,11,1,1,0,32
7,5,2026,3,11,2,19,3,48
7,11,2026,3,11,3,17,4,61
7,18,2026,3,11,4,5,20,46
7,25,2026,3,11,5,5,15,36
7,31,2026,3,11,4,1,3,34
7,36,2026,3,11,3,6,4,36
7,41,2026,3,11,2,14,12,38
7,47,2026,3,11,1,3,20,21
8,0,2026,3,11,1,3,0,24
8,5,2026,3,11,2,21,0,45
8,11,2026,3,11,3,22,4,63
8,18,2026,3,11,4,5,20,48
8,25,2026,3,11,5,11,20,39
8,31,2026,3,11,4,3,8,34
8,36,2026,3,11,3,7,1,40
8,41,2026,3,11,2,18,13,45
8,47,2026,3,11,1,4,20,29
9,0,2026,3,11,1,3,0,32
9,5,2026,3,11,2,5,2,35
9,11,2026,3,11,3,2,5,32
9,18,2026,3,11,4,2,20,14
9,25,2026,3,11,5,3,8,9
9,31,2026,3,11,4,2,1,10
9,36,2026,3,11,3,3,0,13
9,41,2026,3,11,2,5,4,14
9,47,2026,3,11,1,4,13,5
10,0,2026,3,11,1,5,0,10
10,5,2026,3,11,2,4,3,11
10,11,2026,3,11,3,2,3,10
10,18,2026,3,11,4,5,4,11
10,25,2026,3,11,5,6,7,10
10,31,2026,3,11,4,5,1,14
10,36,2026,3,11,3,3,2,15
10,41,2026,3,11,2,3,9,9
10,47,2026,3,11,1,6,4,11
11,0,2026,3,11,1,3,0,14
11,5,2026,3,11,2,4,3,15
11,11,2026,3,11,3,3,2,16
11,18,2026,3,11,4,3,5,14
11,25,2026,3,11,5,3,10,7
11,31,2026,3,11,4,6,1,12
11,36,2026,3,11,3,5,3,14
11,41,2026,3,11,2,5,2,17
11,47,2026,3,11,1,6,6,17
12,0,2026,3,11,1,4,0,21
12,5,2026,3,11,2,2,3,20
12,11,2026,3,11,3,5,7,18
12,18,2026,3,11,4,3,6,15
12,25,2026,3,11,5,4,10,9
12,31,2026,3,11,4,5,0,14
12,36,2026,3,11,3,4,0,18
12,41,2026,3,11,2,3,6,15
12,47,2026,3,11,1,4,6,13
13,0,2026,3,11,1,30,0,43
13,5,2026,3,11,2,5,13,35
13,11,2026,3,11,3,5,11,29
13,18,2026,3,11,4,22,8,43
13,25,2026,3,11,5,5,18,30
13,31,2026,3,11,4,24,2,52
13,36,2026,3,11,3,6,14,44
13,41,2026,3,11,2,2,20,26
13,47,2026,3,11,1,30,12,44
14,0,2026,3,11,1,22,0,66
14,5,2026,3,11,2,6,14,58
14,11,2026,3,11,3,5,20,43
14,18,2026,3,11,4,15,16,42
14,25,2026,3,11,5,5,20,27
14,31,2026,3,11,4,13,0,40
14,36,2026,3,11,3,3,9,34
14,41,2026,3,11,2,3,16,21
14,47,2026,3,11,1,29,14,36
15,0,2026,3,11,1,11,0,47
15,5,2026,3,11,2,3,11,39
15,11,2026,3,11,3,5,14,30
15,18,2026,3,11,4,8,12,26
15,25,2026,3,11,5,4,17,13
15,31,2026,3,11,4,18,1,30
15,36,2026,3,11,3,2,8,24
15,41,2026,3,11,2,2,14,12
15,47,2026,3,11,1,16,5,23
16,0,2026,3,11,1,3,0,26
16,5,2026,3,11,2,5,3,28
16,11,2026,3,11,3,3,6,25
16,18,2026,3,11,4,2,6,21
16,25,2026,3,11,5,5,16,10
16,31,2026,3,11,4,5,1,14
16,36,2026,3,11,3,6,1,19
16,41,2026,3,11,2,6,8,17
16,47,2026,3,11,1,4,10,11
17,0,2026,3,11,1,3,0,14
17,5,2026,3,11,2,5,2,17
17,11,2026,3,11,3,3,2,18
17,18,2026,3,11,4,6,5,19
17,25,2026,3,11,5,2,9,12
17,31,2026,3,11,4,3,0,15
17,36,2026,3,11,3,3,4,14
17,41,2026,3,11,2,4,2,16
17,47,2026,3,11,1,5,11,10
18,0,2026,3,11,1,2,0,12
18,5,2026,3,11,2,4,0,16
18,11,2026,3,11,3,3,6,13
18,18,2026,3,11,4,3,6,10
18,25,2026,3,11,5,6,8,8
18,31,2026,3,11,4,2,1,9
18,36,2026,3,11,3,4,2,11
18,41,2026,3,11,2,3,5,9
18,47,2026,3,11,1,6,6,9
19,0,2026,3,11,1,3,0,12
19,5,2026,3,11,2,3,2,13
19,11,2026,3,11,3,2,2,13
19,18,2026,3,11,4,6,4,15
19,25,2026,3,11,5,4,8,11
19,31,2026,3,11,4,3,1,13
19,36,2026,3,11,3,5,3,15
19,41,2026,3,11,2,4,4,15
19,47,2026,3,11,1,3,7,11
20,0,2026,3,11,1,6,0,17
20,5,2026,3,11,2,5,4,18
20,11,2026,3,11,3,4,1,21
20,18,2026,3,11,4,3,9,15
20,25,2026,3,11,5,6,9,12
20,31,2026,3,11,4,3,2,13
20,36,2026,3,11,3,2,4,11
20,41,2026,3,11,2,3,5,9
20,47,2026,3,11,1,3,7,5
21,0,2026,3,11,1,4,0,9
21,5,2026,3,11,2,2,2,9
21,11,2026,3,11,3,2,1,10
21,18,2026,3,11,4,6,7,9
21,25,2026,3,11,5,5,3,11
21,31,2026,3,11,4,3,0,14
21,36,2026,3,11,3,3,8,9
21,41,2026,3,11,2,2,5,6
21,47,2026,3,11,1,2,2,6
22,0,2026,3,11,1,4,0,10
22,5,2026,3,11,2,4,2,12
22,11,2026,3,11,3,5,4,13
22,18,2026,3,11,4,5,4,14
22,25,2026,3,11,5,4,8,10
22,31,2026,3,11,4,3,2,11
22,36,2026,3,11,3,5,1,15
22,41,2026,3,11,2,4,6,13
22,47,2026,3,11,1,4,8,9
23,0,2026,3,11,1,6,0,15
23,5,2026,3,11,2,3,3,15
23,11,2026,3,11,3,6,2,19
23,18,2026,3,11,4,3,11,11
23,25,2026,3,11,5,6,8,9
23,31,2026,3,11,4,3,1,11
23,36,2026,3,11,3,4,5,10
23,41,2026,3,11,2,5,5,10
23,47,2026,3,11,1,0,10,0
6,0,2026,3,12,1,5,0,5
6,5,2026,3,12,2,16,2,19
6,11,2026,3,12,3,7,3,23
6,18,2026,3,12,4,5,10,18
6,25,2026,3,12,5,7,3,22
6,31,2026,3,12,4,2,1,23
6,36,2026,3,12,3,9,7,25
6,41,2026,3,12,2,10,7,28
6,47,2026,3,12,1,5,10,23
7,0,2026,3,12,1,3,0,26
7,5,2026,3,12,2,8,0,34
7,11,2026,3,12,3,15,3,46
7,18,2026,3,12,4,2,20,28
7,25,2026,3,12,5,11,8,31
7,31,2026,3,12,4,3,8,26
7,36,2026,3,12,3,13,2,37
7,41,2026,3,12,2,7,4,40
7,47,2026,3,12,1,4,20,24
8,0,2026,3,12,1,4,0,28
8,5,2026,3,12,2,12,2,38
8,11,2026,3,12,3,14,3,49
8,18,2026,3,12,4,1,20,30
8,25,2026,3,12,5,14,12,32
8,31,2026,3,12,4,1,7,26
8,36,2026,3,12,3,9,2,33
8,41,2026,3,12,2,17,3,47
8,47,2026,3,12,1,3,20,30
9,0,2026,3,12,1,1,0,31
9,5,2026,3,12,2,6,1,36
9,11,2026,3,12,3,3,7,32
9,18,2026,3,12,4,4,20,16
9,25,2026,3,12,5,5,6,15
9,31,2026,3,12,4,1,1,15
9,36,2026,3,12,3,5,1,19
9,41,2026,3,12,2,4,2,21
9,47,2026,3,12,1,2,19,4
10,0,2026,3,12,1,4,0,8
10,5,2026,3,12,2,6,3,11
10,11,2026,3,12,3,4,3,12
10,18,2026,3,12,4,3,2,13
10,25,2026,3,12,5,6,8,11
10,31,2026,3,12,4,3,2,12
10,36,2026,3,12,3,5,1,16
10,41,2026,3,12,2,5,5,16
10,47,2026,3,12,1,6,12,10
11,0,2026,3,12,1,3,0,13
11,5,2026,3,12,2,2,1,14
11,11,2026,3,12,3,3,3,14
11,18,2026,3,12,4,2,6,10
11,25,2026,3,12,5,5,7,8
11,31,2026,3,12,4,4,1,11
11,36,2026,3,12,3,5,2,14
11,41,2026,3,12,2,3,6,11
11,47,2026,3,12,1,4,9,6
12,0,2026,3,12,1,5,0,11
12,5,2026,3,12,2,5,1,15
12,11,2026,3,12,3,6,6,15
12,18,2026,3,12,4,5,5,15
12,25,2026,3,12,5,3,5,13
12,31,2026,3,12,4,3,1,15
12,36,2026,3,12,3,5,2,18
12,41,2026,3,12,2,5,7,16
12,47,2026,3,12,1,3,9,10
13,0,2026,3,12,1,11,0,21
13,5,2026,3,12,2,6,4,23
13,11,2026,3,12,3,5,6,22
13,18,2026,3,12,4,21,5,38
13,25,2026,3,12,5,3,20,21
13,31,2026,3,12,4,20,1,40
13,36,2026,3,12,3,2,9,33
13,41,2026,3,12,2,5,12,26
13,47,2026,3,12,1,13,11,28
14,0,2026,3,12,1,7,0,35
14,5,2026,3,12,2,2,7,30
14,11,2026,3,12,3,6,4,32
14,18,2026,3,12,4,7,6,33
14,25,2026,3,12,5,2,20,15
14,31,2026,3,12,4,10,0,25
14,36,2026,3,12,3,2,8,19
14,41,2026,3,12,2,4,9,14
14,47,2026,3,12,1,21,8,27
15,0,2026,3,12,1,23,0,50
15,5,2026,3,12,2,3,11,42
15,11,2026,3,12,3,4,19,27
15,18,2026,3,12,4,7,10,24
15,25,2026,3,12,5,6,16,14
15,31,2026,3,12,4,30,0,44
15,36,2026,3,12,3,4,9,39
15,41,2026,3,12,2,2,17,24
15,47,2026,3,12,1,30,10,44
16,0,2026,3,12,1,3,0,47
16,5,2026,3,12,2,4,8,43
16,11,2026,3,12,3,4,10,37
16,18,2026,3,12,4,3,14,26
16,25,2026,3,12,5,4,20,10
16,31,2026,3,12,4,5,0,15
16,36,2026,3,12,3,4,3,16
16,41,2026,3,12,2,5,6,15
16,47,2026,3,12,1,5,8,12
17,0,2026,3,12,1,2,0,14
17,5,2026,3,12,2,4,3,15
17,11,2026,3,12,3,2,4,13
17,18,2026,3,12,4,5,8,10
17,25,2026,3,12,5,3,7,6
17,31,2026,3,12,4,6,1,11
17,36,2026,3,12,3,4,1,14
17,41,2026,3,12,2,3,3,14
17,47,2026,3,12,1,3,6,11
18,0,2026,3,12,1,3,0,14
18,5,2026,3,12,2,4,1,17
18,11,2026,3,12,3,3,1,19
18,18,2026,3,12,4,6,7,18
18,25,2026,3,12,5,5,11,12
18,31,2026,3,12,4,5,1,16
18,36,2026,3,12,3,4,3,17
18,41,2026,3,12,2,3,4,16
18,47,2026,3,12,1,4,7,13
19,0,2026,3,12,1,4,0,17
19,5,2026,3,12,2,4,3,18
19,11,2026,3,12,3,5,2,21
19,18,2026,3,12,4,2,7,16
19,25,2026,3,12,5,5,8,13
19,31,2026,3,12,4,4,3,14
19,36,2026,3,12,3,3,1,16
19,41,2026,3,12,2,5,8,13
19,47,2026,3,12,1,4,7,10
20,0,2026,3,12,1,6,0,16
20,5,2026,3,12,2,2,1,17
20,11,2026,3,12,3,5,3,19
20,18,2026,3,12,4,6,6,19
20,25,2026,3,12,5,6,11,14
20,31,2026,3,12,4,6,1,19
20,36,2026,3,12,3,4,3,20
20,41,2026,3,12,2,5,10,15
20,47,2026,3,12,1,5,7,13
21,0,2026,3,12,1,3,0,16
21,5,2026,3,12,2,2,1,17
21,11,2026,3,12,3,5,5,17
21,18,2026,3,12,4,4,5,16
21,25,2026,3,12,5,3,10,9
21,31,2026,3,12,4,2,0,11
21,36,2026,3,12,3,3,1,13
21,41,2026,3,12,2,5,4,14
21,47,2026,3,12,1,5,9,10
22,0,2026,3,12,1,3,0,13
22,5,2026,3,12,2,4,1,16
22,11,2026,3,12,3,5,1,20
22,18,2026,3,12,4,4,11,13
22,25,2026,3,12,5,6,7,12
22,31,2026,3,12,4,3,0,15
22,36,2026,3,12,3,2,5,12
22,41,2026,3,12,2,6,5,13
22,47,2026,3,12,1,5,7,11
23,0,2026,3,12,1,4,0,15
23,5,2026,3,12,2,3,3,15
23,11,2026,3,12,3,4,4,15
23,18,2026,3,12,4,5,8,12
23,25,2026,3,12,5,2,5,9
23,31,2026,3,12,4,4,1,12
23,36,2026,3,12,3,6,1,17
23,41,2026,3,12,2,3,10,10
23,47,2026,3,12,1,0,10,0
6,0,2026,3,13,1,4,0,4
6,5,2026,3,13,2,20,0,24
6,11,2026,3,13,3,12,8,28
6,18,2026,3,13,4,4,10,22
6,25,2026,3,13,5,17,9,30
6,31,2026,3,13,4,5,4,31
6,36,2026,3,13,3,11,6,36
6,41,2026,3,13,2,17,14,39
6,47,2026,3,13,1,6,13,32
7,0,2026,3,13,1,3,0,35
7,5,2026,3,13,2,7,1,41
7,11,2026,3,13,3,20,8,53
7,18,2026,3,13,4,3,20,36
7,25,2026,3,13,5,18,11,43
7,31,2026,3,13,4,2,17,28
7,36,2026,3,13,3,8,3,33
7,41,2026,3,13,2,6,6,33
7,47,2026,3,13,1,4,20,17
8,0,2026,3,13,1,4,0,21
8,5,2026,3,13,2,5,1,25
8,11,2026,3,13,3,9,1,33
8,18,2026,3,13,4,1,18,16
8,25,2026,3,13,5,16,6,26
8,31,2026,3,13,4,1,4,23
8,36,2026,3,13,3,9,1,31
8,41,2026,3,13,2,9,5,35
8,47,2026,3,13,1,3,20,18
9,0,2026,3,13,1,1,0,19
9,5,2026,3,13,2,3,0,22
9,11,2026,3,13,3,6,0,28
9,18,2026,3,13,4,3,20,11
9,25,2026,3,13,5,4,2,13
9,31,2026,3,13,4,3,1,15
9,36,2026,3,13,3,6,0,21
9,41,2026,3,13,2,5,2,24
9,47,2026,3,13,1,4,20,8
10,0,2026,3,13,1,6,0,14
10,5,2026,3,13,2,4,4,14
10,11,2026,3,13,3,2,4,12
10,18,2026,3,13,4,3,5,10
10,25,2026,3,13,5,6,5,11
10,31,2026,3,13,4,2,1,12
10,36,2026,3,13,3,6,3,15
10,41,2026,3,13,2,4,6,13
10,47,2026,3,13,1,6,9,10
11,0,2026,3,13,1,3,0,13
11,5,2026,3,13,2,2,3,12
11,11,2026,3,13,3,4,4,12
11,18,2026,3,13,4,4,6,10
11,25,2026,3,13,5,4,5,9
11,31,2026,3,13,4,3,1,11
11,36,2026,3,13,3,5,3,13
11,41,2026,3,13,2,4,3,14
11,47,2026,3,13,1,4,8,10
12,0,2026,3,13,1,2,0,12
12,5,2026,3,13,2,5,0,17
12,11,2026,3,13,3,6,3,20
12,18,2026,3,13,4,4,10,14
12,25,2026,3,13,5,2,7,9
12,31,2026,3,13,4,3,1,11
12,36,2026,3,13,3,2,1,12
12,41,2026,3,13,2,6,3,15
12,47,2026,3,13,1,6,10,11
13,0,2026,3,13,1,24,0,35
13,5,2026,3,13,2,3,12,26
13,11,2026,3,13,3,6,8,24
13,18,2026,3,13,4,18,7,35
13,25,2026,3,13,5,6,15,26
13,31,2026,3,13,4,10,0,36
13,36,2026,3,13,3,2,13,25
13,41,2026,3,13,2,5,16,14
13,47,2026,3,13,1,12,7,19
14,0,2026,3,13,1,8,0,27
14,5,2026,3,13,2,3,2,28
14,11,2026,3,13,3,3,7,24
14,18,2026,3,13,4,21,11,34
14,25,2026,3,13,5,5,16,23
14,31,2026,3,13,4,19,0,42
14,36,2026,3,13,3,6,15,33
14,41,2026,3,13,2,4,15,22
14,47,2026,3,13,1,10,14,18
15,0,2026,3,13,1,22,0,40
15,5,2026,3,13,2,3,12,31
15,11,2026,3,13,3,5,10,26
15,18,2026,3,13,4,24,9,41
15,25,2026,3,13,5,4,20,25
15,31,2026,3,13,4,12,0,37
15,36,2026,3,13,3,4,10,31
15,41,2026,3,13,2,3,15,19
15,47,2026,3,13,1,10,12,17
16,0,2026,3,13,1,3,0,20
16,5,2026,3,13,2,6,3,23
16,11,2026,3,13,3,5,4,24
16,18,2026,3,13,4,3,10,17
16,25,2026,3,13,5,6,9,14
16,31,2026,3,13,4,2,2,14
16,36,2026,3,13,3,3,4,13
16,41,2026,3,13,2,6,4,15
16,47,2026,3,13,1,4,9,10
17,0,2026,3,13,1,4,0,14
17,5,2026,3,13,2,6,2,18
17,11,2026,3,13,3,2,5,15
17,18,2026,3,13,4,4,6,13
17,25,2026,3,13,5,3,9,7
17,31,2026,3,13,4,5,0,12
17,36,2026,3,13,3,2,1,13
17,41,2026,3,13,2,4,2,15
17,47,2026,3,13,1,5,9,11
18,0,2026,3,13,1,3,0,14
18,5,2026,3,13,2,3,2,15
18,11,2026,3,13,3,3,6,12
18,18,2026,3,13,4,3,6,9
18,25,2026,3,13,5,4,6,7
18,31,2026,3,13,4,4,1,10
18,36,2026,3,13,3,6,2,14
18,41,2026,3,13,2,6,5,15
18,47,2026,3,13,1,4,3,16
19,0,2026,3,13,1,3,0,19
19,5,2026,3,13,2,5,0,24
19,11,2026,3,13,3,2,7,19
19,18,2026,3,13,4,4,7,16
19,25,2026,3,13,5,4,11,9
19,31,2026,3,13,4,5,1,13
19,36,2026,3,13,3,5,5,13
19,41,2026,3,13,2,6,4,15
19,47,2026,3,13,1,4,8,11
20,0,2026,3,13,1,6,0,17
20,5,2026,3,13,2,2,3,16
20,11,2026,3,13,3,2,5,13
20,18,2026,3,13,4,6,4,15
20,25,2026,3,13,5,6,9,12
20,31,2026,3,13,4,3,1,14
20,36,2026,3,13,3,6,4,16
20,41,2026,3,13,2,3,6,13
20,47,2026,3,13,1,2,7,8
21,0,2026,3,13,1,4,0,12
21,5,2026,3,13,2,4,0,16
21,11,2026,3,13,3,3,6,13
21,18,2026,3,13,4,3,6,10
21,25,2026,3,13,5,2,7,5
21,31,2026,3,13,4,3,1,7
21,36,2026,3,13,3,5,3,9
21,41,2026,3,13,2,4,3,10
21,47,2026,3,13,1,2,3,9
22,0,2026,3,13,1,4,0,13
22,5,2026,3,13,2,5,0,18
22,11,2026,3,13,3,4,3,19
22,18,2026,3,13,4,6,10,15
22,25,2026,3,13,5,2,7,10
22,31,2026,3,13,4,3,1,12
22,36,2026,3,13,3,2,2,12
22,41,2026,3,13,2,2,2,12
22,47,2026,3,13,1,2,8,6
23,0,2026,3,13,1,3,0,9
23,5,2026,3,13,2,6,0,15
23,11,2026,3,13,3,4,4,15
23,18,2026,3,13,4,5,3,17
23,25,2026,3,13,5,5,8,14
23,31,2026,3,13,4,3,1,16
23,36,2026,3,13,3,5,3,18
23,41,2026,3,13,2,5,7,16
23,47,2026,3,13,1,0,16,0
6,0,2026,3,14,1,4,0,4
6,5,2026,3,14,2,22,1,25
6,11,2026,3,14,3,7,10,22
6,18,2026,3,14,4,2,10,14
6,25,2026,3,14,5,5,9,10
6,31,2026,3,14,4,5,0,15
6,36,2026,3,14,3,21,1,35
6,41,2026,3,14,2,17,8,44
6,47,2026,3,14,1,2,13,33
7,0,2026,3,14,1,3,0,36
7,5,2026,3,14,2,6,3,39
7,11,2026,3,14,3,18,6,51
7,18,2026,3,14,4,3,20,34
7,25,2026,3,14,5,6,11,29
7,31,2026,3,14,4,4,5,28
7,36,2026,3,14,3,22,1,49
7,41,2026,3,14,2,13,11,51
7,47,2026,3,14,1,4,20,35
8,0,2026,3,14,1,3,0,38
8,5,2026,3,14,2,20,2,56
8,11,2026,3,14,3,10,6,60
8,18,2026,3,14,4,2,20,42
8,25,2026,3,14,5,12,18,36
8,31,2026,3,14,4,1,9,28
8,36,2026,3,14,3,19,3,44
8,41,2026,3,14,2,11,7,48
8,47,2026,3,14,1,2,20,30
9,0,2026,3,14,1,2,0,32
9,5,2026,3,14,2,2,1,33
9,11,2026,3,14,3,2,4,31
9,18,2026,3,14,4,2,20,13
9,25,2026,3,14,5,3,7,9
9,31,2026,3,14,4,2,0,11
9,36,2026,3,14,3,3,1,13
9,41,2026,3,14,2,6,0,19
9,47,2026,3,14,1,4,16,7
10,0,2026,3,14,1,2,0,9
10,5,2026,3,14,2,4,4,9
10,11,2026,3,14,3,3,1,11
10,18,2026,3,14,4,6,2,15
10,25,2026,3,14,5,2,7,10
10,31,2026,3,14,4,5,0,15
10,36,2026,3,14,3,2,2,15
10,41,2026,3,14,2,4,6,13
10,47,2026,3,14,1,6,9,10
11,0,2026,3,14,1,5,0,15
11,5,2026,3,14,2,5,1,19
11,11,2026,3,14,3,5,4,20
11,18,2026,3,14,4,4,11,13
11,25,2026,3,14,5,6,9,10
11,31,2026,3,14,4,2,1,11
11,36,2026,3,14,3,5,4,12
11,41,2026,3,14,2,5,3,14
11,47,2026,3,14,1,3,6,11
12,0,2026,3,14,1,3,0,14
12,5,2026,3,14,2,2,2,14
12,11,2026,3,14,3,3,1,16
12,18,2026,3,14,4,2,9,9
12,25,2026,3,14,5,6,7,8
12,31,2026,3,14,4,2,1,9
12,36,2026,3,14,3,6,2,13
12,41,2026,3,14,2,5,2,16
12,47,2026,3,14,1,2,7,11
13,0,2026,3,14,1,26,0,37
13,5,2026,3,14,2,2,3,36
13,11,2026,3,14,3,2,12,26
13,18,2026,3,14,4,30,11,45
13,25,2026,3,14,5,6,19,32
13,31,2026,3,14,4,18,1,49
13,36,2026,3,14,3,2,15,36
13,41,2026,3,14,2,3,17,22
13,47,2026,3,14,1,29,11,40
14,0,2026,3,14,1,18,0,58
14,5,2026,3,14,2,3,17,44
14,11,2026,3,14,3,4,14,34
14,18,2026,3,14,4,24,12,46
14,25,2026,3,14,5,4,20,30
14,31,2026,3,14,4,9,0,39
14,36,2026,3,14,3,4,12,31
14,41,2026,3,14,2,4,13,22
14,47,2026,3,14,1,13,17,18
15,0,2026,3,14,1,19,0,37
15,5,2026,3,14,2,6,11,32
15,11,2026,3,14,3,5,10,27
15,18,2026,3,14,4,12,11,28
15,25,2026,3,14,5,6,13,21
15,31,2026,3,14,4,7,3,25
15,36,2026,3,14,3,5,5,25
15,41,2026,3,14,2,6,11,20
15,47,2026,3,14,1,17,12,25
16,0,2026,3,14,1,6,0,31
16,5,2026,3,14,2,2,9,24
16,11,2026,3,14,3,5,7,22
16,18,2026,3,14,4,6,10,18
16,25,2026,3,14,5,5,12,11
16,31,2026,3,14,4,2,1,12
16,36,2026,3,14,3,2,5,9
16,41,2026,3,14,2,4,5,8
16,47,2026,3,14,1,3,4,7
17,0,2026,3,14,1,5,0,12
17,5,2026,3,14,2,2,2,12
17,11,2026,3,14,3,6,3,15
17,18,2026,3,14,4,2,7,10
17,25,2026,3,14,5,5,5,10
17,31,2026,3,14,4,6,0,16
17,36,2026,3,14,3,3,3,16
17,41,2026,3,14,2,4,9,11
17,47,2026,3,14,1,2,4,9
18,0,2026,3,14,1,2,0,11
18,5,2026,3,14,2,4,1,14
18,11,2026,3,14,3,5,4,15
18,18,2026,3,14,4,3,3,15
18,25,2026,3,14,5,3,8,10
18,31,2026,3,14,4,6,1,15
18,36,2026,3,14,3,2,3,14
18,41,2026,3,14,2,4,4,14
18,47,2026,3,14,1,3,8,9
19,0,2026,3,14,1,6,0,15
19,5,2026,3,14,2,4,3,16
19,11,2026,3,14,3,4,6,14
19,18,2026,3,14,4,5,5,14
19,25,2026,3,14,5,2,10,6
19,31,2026,3,14,4,3,1,8
19,36,2026,3,14,3,2,3,7
19,41,2026,3,14,2,2,2,7
19,47,2026,3,14,1,5,4,8
20,0,2026,3,14,1,5,0,13
20,5,2026,3,14,2,5,3,15
20,11,2026,3,14,3,3,4,14
20,18,2026,3,14,4,6,4,16
20,25,2026,3,14,5,5,7,14
20,31,2026,3,14,4,2,1,15
20,36,2026,3,14,3,6,1,20
20,41,2026,3,14,2,4,7,17
20,47,2026,3,14,1,4,11,10
21,0,2026,3,14,1,5,0,15
21,5,2026,3,14,2,2,1,16
21,11,2026,3,14,3,4,4,16
21,18,2026,3,14,4,6,7,15
21,25,2026,3,14,5,2,9,8
21,31,2026,3,14,4,3,0,11
21,36,2026,3,14,3,5,6,10
21,41,2026,3,14,2,5,1,14
21,47,2026,3,14,1,4,6,12
22,0,2026,3,14,1,5,0,17
22,5,2026,3,14,2,2,0,19
22,11,2026,3,14,3,5,9,15
22,18,2026,3,14,4,3,7,11
22,25,2026,3,14,5,6,7,10
22,31,2026,3,14,4,4,4,10
22,36,2026,3,14,3,3,2,11
22,41,2026,3,14,2,2,4,9
22,47,2026,3,14,1,5,4,10
23,0,2026,3,14,1,6,0,16
23,5,2026,3,14,2,2,3,15
23,11,2026,3,14,3,2,4,13
23,18,2026,3,14,4,6,2,17
23,25,2026,3,14,5,4,14,7
23,31,2026,3,14,4,5,0,12
23,36,2026,3,14,3,2,4,10
23,41,2026,3,14,2,3,8,5
23,47,2026,3,14,1,0,5,0
6,0,2026,3,15,1,4,0,4
6,5,2026,3,15,2,20,0,24
6,11,2026,3,15,3,16,6,34
6,18,2026,3,15,4,2,7,29
6,25,2026,3,15,5,17,16,30
6,31,2026,3,15,4,5,8,27
6,36,2026,3,15,3,18,4,41
6,41,2026,3,15,2,22,10,53
6,47,2026,3,15,1,4,20,37
7,0,2026,3,15,1,2,0,39
7,5,2026,3,15,2,11,4,46
7,11,2026,3,15,3,12,9,49
7,18,2026,3,15,4,3,20,32
7,25,2026,3,15,5,22,10,44
7,31,2026,3,15,4,4,19,29
7,36,2026,3,15,3,20,4,45
7,41,2026,3,15,2,19,5,59
7,47,2026,3,15,1,1,20,40
8,0,2026,3,15,1,4,0,44
8,5,2026,3,15,2,21,2,63
8,11,2026,3,15,3,6,14,55
8,18,2026,3,15,4,5,20,40
8,25,2026,3,15,5,8,14,34
8,31,2026,3,15,4,1,8,27
8,36,2026,3,15,3,15,2,40
8,41,2026,3,15,2,10,4,46
8,47,2026,3,15,1,1,20,27
9,0,2026,3,15,1,3,0,30
9,5,2026,3,15,2,6,1,35
9,11,2026,3,15,3,5,2,38
9,18,2026,3,15,4,3,20,21
9,25,2026,3,15,5,2,10,13
9,31,2026,3,15,4,5,1,17
9,36,2026,3,15,3,5,1,21
9,41,2026,3,15,2,5,0,26
9,47,2026,3,15,1,2,20,8
10,0,2026,3,15,1,2,0,10
10,5,2026,3,15,2,5,2,13
10,11,2026,3,15,3,2,3,12
10,18,2026,3,15,4,3,1,14
10,25,2026,3,15,5,6,8,12
10,31,2026,3,15,4,6,2,16
10,36,2026,3,15,3,3,2,17
10,41,2026,3,15,2,5,4,18
10,47,2026,3,15,1,6,12,12
11,0,2026,3,15,1,2,0,14
11,5,2026,3,15,2,4,3,15
11,11,2026,3,15,3,5,4,16
11,18,2026,3,15,4,5,2,19
11,25,2026,3,15,5,5,9,15
11,31,2026,3,15,4,5,0,20
11,36,2026,3,15,3,4,3,21
11,41,2026,3,15,2,3,10,14
11,47,2026,3,15,1,2,9,7
12,0,2026,3,15,1,4,0,11
12,5,2026,3,15,2,6,2,15
12,11,2026,3,15,3,5,3,17
12,18,2026,3,15,4,2,4,15
12,25,2026,3,15,5,4,8,11
12,31,2026,3,15,4,4,1,14
12,36,2026,3,15,3,4,2,16
12,41,2026,3,15,2,3,5,14
12,47,2026,3,15,1,2,8,8
13,0,2026,3,15,1,16,0,24
13,5,2026,3,15,2,3,2,25
13,11,2026,3,15,3,2,7,20
13,18,2026,3,15,4,22,7,35
13,25,2026,3,15,5,4,17,22
13,31,2026,3,15,4,28,2,48
13,36,2026,3,15,3,6,18,36
13,41,2026,3,15,2,5,15,26
13,47,2026,3,15,1,31,10,47
14,0,2026,3,15,1,19,0,66
14,5,2026,3,15,2,5,16,55
14,11,2026,3,15,3,3,16,42
14,18,2026,3,15,4,30,17,55
14,25,2026,3,15,5,4,20,39
14,31,2026,3,15,4,13,1,51
14,36,2026,3,15,3,6,8,49
14,41,2026,3,15,2,6,20,35
14,47,2026,3,15,1,12,20,27
15,0,2026,3,15,1,24,0,51
15,5,2026,3,15,2,2,13,40
15,11,2026,3,15,3,2,11,31
15,18,2026,3,15,4,7,11,27
15,25,2026,3,15,5,3,20,10
15,31,2026,3,15,4,27,1,36
15,36,2026,3,15,3,5,11,30
15,41,2026,3,15,2,5,13,22
15,47,2026,3,15,1,10,9,23
16,0,2026,3,15,1,3,0,26
16,5,2026,3,15,2,3,4,25
16,11,2026,3,15,3,6,5,26
16,18,2026,3,15,4,6,10,22
16,25,2026,3,15,5,4,12,14
16,31,2026,3,15,4,4,1,17
16,36,2026,3,15,3,2,3,16
16,41,2026,3,15,2,3,5,14
16,47,2026,3,15,1,6,10,10
17,0,2026,3,15,1,6,0,16
17,5,2026,3,15,2,2,4,14
17,11,2026,3,15,3,2,3,13
17,18,2026,3,15,4,5,7,11
17,25,2026,3,15,5,5,7,9
17,31,2026,3,15,4,3,2,10
17,36,2026,3,15,3,3,2,11
17,41,2026,3,15,2,6,3,14
17,47,2026,3,15,1,4,5,13
18,0,2026,3,15,1,4,0,17
18,5,2026,3,15,2,5,3,19
18,11,2026,3,15,3,3,3,19
18,18,2026,3,15,4,4,6,17
18,25,2026,3,15,5,5,10,12
18,31,2026,3,15,4,2,0,14
18,36,2026,3,15,3,3,4,13
18,41,2026,3,15,2,3,5,11
18,47,2026,3,15,1,4,6,9
19,0,2026,3,15,1,4,0,13
19,5,2026,3,15,2,2,5,10
19,11,2026,3,15,3,4,4,10
19,18,2026,3,15,4,4,4,10
19,25,2026,3,15,5,3,4,9
19,31,2026,3,15,4,4,1,12
19,36,2026,3,15,3,3,6,9
19,41,2026,3,15,2,3,2,10
19,47,2026,3,15,1,3,7,6
20,0,2026,3,15,1,5,0,11
20,5,2026,3,15,2,2,0,13
20,11,2026,3,15,3,6,3,16
20,18,2026,3,15,4,3,6,13
20,25,2026,3,15,5,5,9,9
20,31,2026,3,15,4,4,3,10
20,36,2026,3,15,3,3,2,11
20,41,2026,3,15,2,3,7,7
20,47,2026,3,15,1,3,3,7
21,0,2026,3,15,1,2,0,9
21,5,2026,3,15,2,2,0,11
21,11,2026,3,15,3,5,6,10
21,18,2026,3,15,4,4,4,10
21,25,2026,3,15,5,3,6,7
21,31,2026,3,15,4,3,0,10
21,36,2026,3,15,3,6,2,14
21,41,2026,3,15,2,4,6,12
21,47,2026,3,15,1,3,3,12
22,0,2026,3,15,1,3,0,15
22,5,2026,3,15,2,2,0,17
22,11,2026,3,15,3,5,5,17
22,18,2026,3,15,4,6,4,19
22,25,2026,3,15,5,3,12,10
22,31,2026,3,15,4,3,2,11
22,36,2026,3,15,3,2,2,11
22,41,2026,3,15,2,3,5,9
22,47,2026,3,15,1,3,5,7
23,0,2026,3,15,1,5,0,12
23,5,2026,3,15,2,3,2,13
23,11,2026,3,15,3,5,4,14
23,18,2026,3,15,4,3,5,12
23,25,2026,3,15,5,2,5,9
23,31,2026,3,15,4,5,1,13
23,36,2026,3,15,3,6,2,17
23,41,2026,3,15,2,2,6,13
23,47,2026,3,15,1,0,13,0
6,0,2026,3,16,1,5,0,5
6,5,2026,3,16,2,8,1,12
6,11,2026,3,16,3,20,2,30
6,18,2026,3,16,4,4,6,28
6,25,2026,3,16,5,20,9,39
6,31,2026,3,16,4,4,4,39
6,36,2026,3,16,3,9,4,44
6,41,2026,3,16,2,13,12,45
6,47,2026,3,16,1,4,20,29
7,0,2026,3,16,1,2,0,31
7,5,2026,3,16,2,13,1,43
7,11,2026,3,16,3,17,6,54
7,18,2026,3,16,4,2,20,36
7,25,2026,3,16,5,11,13,34
7,31,2026,3,16,4,1,8,27
7,36,2026,3,16,3,7,1,33
7,41,2026,3,16,2,11,6,38
7,47,2026,3,16,1,1,20,19
8,0,2026,3,16,1,2,0,21
8,5,2026,3,16,2,8,0,29
8,11,2026,3,16,3,9,1,37
8,18,2026,3,16,4,5,20,22
8,25,2026,3,16,5,19,5,36
8,31,2026,3,16,4,5,12,29
8,36,2026,3,16,3,20,2,47
8,41,2026,3,16,2,5,6,46
8,47,2026,3,16,1,2,20,28
9,0,2026,3,16,1,2,0,30
9,5,2026,3,16,2,4,2,32
9,11,2026,3,16,3,3,2,33
9,18,2026,3,16,4,5,20,18
9,25,2026,3,16,5,5,9,14
9,31,2026,3,16,4,3,0,17
9,36,2026,3,16,3,3,0,20
9,41,2026,3,16,2,3,1,22
9,47,2026,3,16,1,4,17,9
10,0,2026,3,16,1,3,0,12
10,5,2026,3,16,2,5,1,16
10,11,2026,3,16,3,2,4,14
10,18,2026,3,16,4,6,5,15
10,25,2026,3,16,5,3,8,10
10,31,2026,3,16,4,6,0,16
10,36,2026,3,16,3,4,3,17
10,41,2026,3,16,2,3,6,14
10,47,2026,3,16,1,3,10,7
11,0,2026,3,16,1,5,0,12
11,5,2026,3,16,2,2,2,12
11,11,2026,3,16,3,5,3,14
11,18,2026,3,16,4,2,4,12
11,25,2026,3,16,5,2,9,5
11,31,2026,3,16,4,4,0,9
11,36,2026,3,16,3,6,1,14
11,41,2026,3,16,2,2,5,11
11,47,2026,3,16,1,6,6,11
12,0,2026,3,16,1,6,0,17
12,5,2026,3,16,2,5,2,20
12,11,2026,3,16,3,4,5,19
12,18,2026,3,16,4,4,7,16
12,25,2026,3,16,5,6,11,11
12,31,2026,3,16,4,2,0,13
12,36,2026,3,16,3,6,5,14
12,41,2026,3,16,2,4,6,12
12,47,2026,3,16,1,5,8,9
13,0,2026,3,16,1,10,0,19
13,5,2026,3,16,2,2,3,18
13,11,2026,3,16,3,3,5,16
13,18,2026,3,16,4,28,6,38
13,25,2026,3,16,5,3,15,26
13,31,2026,3,16,4,22,0,48
13,36,2026,3,16,3,4,12,40
13,41,2026,3,16,2,5,19,26
13,47,2026,3,16,1,29,14,41
14,0,2026,3,16,1,19,0,60
14,5,2026,3,16,2,3,18,45
14,11,2026,3,16,3,5,12,38
14,18,2026,3,16,4,9,11,36
14,25,2026,3,16,5,6,20,22
14,31,2026,3,16,4,15,1,36
14,36,2026,3,16,3,3,11,28
14,41,2026,3,16,2,4,19,13
14,47,2026,3,16,1,8,6,15
15,0,2026,3,16,1,27,0,42
15,5,2026,3,16,2,6,11,37
15,11,2026,3,16,3,2,8,31
15,18,2026,3,16,4,25,8,48
15,25,2026,3,16,5,3,20,31
15,31,2026,3,16,4,26,1,56
15,36,2026,3,16,3,3,20,39
15,41,2026,3,16,2,6,17,28
15,47,2026,3,16,1,27,11,44
16,0,2026,3,16,1,2,0,46
16,5,2026,3,16,2,5,9,42
16,11,2026,3,16,3,3,10,35
16,18,2026,3,16,4,4,14,25
16,25,2026,3,16,5,6,20,11
16,31,2026,3,16,4,5,2,14
16,36,2026,3,16,3,3,3,14
16,41,2026,3,16,2,4,4,14
16,47,2026,3,16,1,5,7,12
17,0,2026,3,16,1,2,0,14
17,5,2026,3,16,2,3,3,14
17,11,2026,3,16,3,4,4,14
17,18,2026,3,16,4,4,4,14
17,25,2026,3,16,5,5,8,11
17,31,2026,3,16,4,6,1,16
17,36,2026,3,16,3,2,4,14
17,41,2026,3,16,2,2,5,11
17,47,2026,3,16,1,3,6,8
18,0,2026,3,16,1,6,0,14
18,5,2026,3,16,2,4,2,16
18,11,2026,3,16,3,5,3,18
18,18,2026,3,16,4,4,3,19
18,25,2026,3,16,5,5,12,12
18,31,2026,3,16,4,4,2,14
18,36,2026,3,16,3,3,1,16
18,41,2026,3,16,2,4,6,14
18,47,2026,3,16,1,4,12,6
19,0,2026,3,16,1,4,0,10
19,5,2026,3,16,2,2,2,10
19,11,2026,3,16,3,2,2,10
19,18,2026,3,16,4,5,3,12
19,25,2026,3,16,5,5,9,8
19,31,2026,3,16,4,5,2,11
19,36,2026,3,16,3,2,5,8
19,41,2026,3,16,2,4,2,10
19,47,2026,3,16,1,2,8,4
20,0,2026,3,16,1,6,0,10
20,5,2026,3,16,2,4,0,14
20,11,2026,3,16,3,4,1,17
20,18,2026,3,16,4,3,7,13
20,25,2026,3,16,5,2,9,6
20,31,2026,3,16,4,4,1,9
20,36,2026,3,16,3,3,1,11
20,41,2026,3,16,2,5,1,15
20,47,2026,3,16,1,5,9,11
21,0,2026,3,16,1,4,0,15
21,5,2026,3,16,2,3,4,14
21,11,2026,3,16,3,6,5,15
21,18,2026,3,16,4,5,4,16
21,25,2026,3,16,5,3,9,10
21,31,2026,3,16,4,6,1,15
21,36,2026,3,16,3,2,1,16
21,41,2026,3,16,2,4,7,13
21,47,2026,3,16,1,6,6,13
22,0,2026,3,16,1,5,0,18
22,5,2026,3,16,2,3,4,17
22,11,2026,3,16,3,3,4,16
22,18,2026,3,16,4,4,9,11
22,25,2026,3,16,5,5,6,10
22,31,2026,3,16,4,3,3,10
22,36,2026,3,16,3,4,2,12
22,41,2026,3,16,2,2,4,10
22,47,2026,3,16,1,3,6,7
23,0,2026,3,16,1,2,0,9
23,5,2026,3,16,2,3,0,12
23,11,2026,3,16,3,3,3,12
23,18,2026,3,16,4,6,4,14
23,25,2026,3,16,5,2,9,7
23,31,2026,3,16,4,4,0,11
23,36,2026,3,16,3,6,3,14
23,41,2026,3,16,2,6,6,14
23,47,2026,3,16,1,0,14,0
6,0,2026,3,17,1,3,0,3
6,5,2026,3,17,2,9,0,12
6,11,2026,3,17,3,15,1,26
6,18,2026,3,17,4,5,4,27
6,25,2026,3,17,5,7,11,23
6,31,2026,3,17,4,5,2,26
6,36,2026,3,17,3,18,6,38
6,41,2026,3,17,2,13,14,37
6,47,2026,3,17,1,3,11,29
7,0,2026,3,17,1,4,0,33
7,5,2026,3,17,2,9,1,41
7,11,2026,3,17,3,10,6,45
7,18,2026,3,17,4,5,20,30
7,25,2026,3,17,5,6,10,26
7,31,2026,3,17,4,1,4,23
7,36,2026,3,17,3,19,1,41
7,41,2026,3,17,2,16,3,54
7,47,2026,3,17,1,2,20,36
8,0,2026,3,17,1,2,0,38
8,5,2026,3,17,2,20,3,55
8,11,2026,3,17,3,18,7,66
8,18,2026,3,17,4,5,20,51
8,25,2026,3,17,5,18,20,49
8,31,2026,3,17,4,3,13,39
8,36,2026,3,17,3,19,7,51
8,41,2026,3,17,2,6,14,43
8,47,2026,3,17,1,1,20,24
9,0,2026,3,17,1,4,0,28
9,5,2026,3,17,2,6,0,34
9,11,2026,3,17,3,6,4,36
9,18,2026,3,17,4,1,20,17
9,25,2026,3,17,5,2,6,13
9,31,2026,3,17,4,2,1,14
9,36,2026,3,17,3,5,1,18
9,41,2026,3,17,2,5,1,22
9,47,2026,3,17,1,4,20,6
10,0,2026,3,17,1,3,0,9
10,5,2026,3,17,2,5,2,12
10,11,2026,3,17,3,6,2,16
10,18,2026,3,17,4,6,5,17
10,25,2026,3,17,5,4,9,12
10,31,2026,3,17,4,2,0,14
10,36,2026,3,17,3,4,4,14
10,41,2026,3,17,2,4,5,13
10,47,2026,3,17,1,2,9,6
11,0,2026,3,17,1,3,0,9
11,5,2026,3,17,2,4,2,11
11,11,2026,3,17,3,4,1,14
11,18,2026,3,17,4,2,5,11
11,25,2026,3,17,5,5,5,11
11,31,2026,3,17,4,4,2,13
11,36,2026,3,17,3,4,2,15
11,41,2026,3,17,2,2,5,12
11,47,2026,3,17,1,6,6,12
12,0,2026,3,17,1,6,0,18
12,5,2026,3,17,2,2,3,17
12,11,2026,3,17,3,3,3,17
12,18,2026,3,17,4,5,7,15
12,25,2026,3,17,5,2,7,10
12,31,2026,3,17,4,2,0,12
12,36,2026,3,17,3,4,4,12
12,41,2026,3,17,2,3,6,9
12,47,2026,3,17,1,4,7,6
13,0,2026,3,17,1,20,0,26
13,5,2026,3,17,2,3,9,20
13,11,2026,3,17,3,5,10,15
13,18,2026,3,17,4,7,4,18
13,25,2026,3,17,5,5,10,13
13,31,2026,3,17,4,12,1,24
13,36,2026,3,17,3,2,7,19
13,41,2026,3,17,2,5,12,12
13,47,2026,3,17,1,15,5,22
14,0,2026,3,17,1,25,0,47
14,5,2026,3,17,2,6,18,35
14,11,2026,3,17,3,4,16,23
14,18,2026,3,17,4,22,5,40
14,25,2026,3,17,5,3,17,26
14,31,2026,3,17,4,27,1,52
14,36,2026,3,17,3,2,13,41
14,41,2026,3,17,2,3,15,29
14,47,2026,3,17,1,24,14,39
15,0,2026,3,17,1,27,0,66
15,5,2026,3,17,2,5,18,53
15,11,2026,3,17,3,6,20,39
15,18,2026,3,17,4,25,11,53
15,25,2026,3,17,5,5,20,38
15,31,2026,3,17,4,29,1,66
15,36,2026,3,17,3,4,20,50
15,41,2026,3,17,2,5,15,40
15,47,2026,3,17,1,28,20,48
16,0,2026,3,17,1,2,0,50
16,5,2026,3,17,2,3,7,46
16,11,2026,3,17,3,5,12,39
16,18,2026,3,17,4,2,12,29
16,25,2026,3,17,5,6,20,15
16,31,2026,3,17,4,6,0,21
16,36,2026,3,17,3,6,4,23
16,41,2026,3,17,2,4,7,20
16,47,2026,3,17,1,2,11,11
17,0,2026,3,17,1,4,0,15
17,5,2026,3,17,2,6,0,21
17,11,2026,3,17,3,3,9,15
17,18,2026,3,17,4,3,4,14
17,25,2026,3,17,5,4,6,12
17,31,2026,3,17,4,3,1,14
17,36,2026,3,17,3,2,4,12
17,41,2026,3,17,2,4,2,14
17,47,2026,3,17,1,5,11,8
18,0,2026,3,17,1,2,0,10
18,5,2026,3,17,2,5,1,14
18,11,2026,3,17,3,4,2,16
18,18,2026,3,17,4,2,8,10
18,25,2026,3,17,5,6,6,10
18,31,2026,3,17,4,2,1,11
18,36,2026,3,17,3,3,1,13
18,41,2026,3,17,2,3,6,10
18,47,2026,3,17,1,5,6,9
19,0,2026,3,17,1,6,0,15
19,5,2026,3,17,2,4,2,17
19,11,2026,3,17,3,5,4,18
19,18,2026,3,17,4,6,7,17
19,25,2026,3,17,5,4,9,12
19,31,2026,3,17,4,5,0,17
19,36,2026,3,17,3,4,3,18
19,41,2026,3,17,2,3,4,17
19,47,2026,3,17,1,2,10,9
20,0,2026,3,17,1,3,0,12
20,5,2026,3,17,2,2,2,12
20,11,2026,3,17,3,5,2,15
20,18,2026,3,17,4,5,5,15
20,25,2026,3,17,5,2,8,9
20,31,2026,3,17,4,5,0,14
20,36,2026,3,17,3,6,1,19
20,41,2026,3,17,2,2,9,12
20,47,2026,3,17,1,3,5,10
21,0,2026,3,17,1,3,0,13
21,5,2026,3,17,2,6,2,17
21,11,2026,3,17,3,2,4,15
21,18,2026,3,17,4,5,4,16
21,25,2026,3,17,5,2,12,6
21,31,2026,3,17,4,5,1,10
21,36,2026,3,17,3,6,0,16
21,41,2026,3,17,2,6,3,19
21,47,2026,3,17,1,3,11,11
22,0,2026,3,17,1,2,0,13
22,5,2026,3,17,2,4,0,17
22,11,2026,3,17,3,3,8,12
22,18,2026,3,17,4,5,5,12
22,25,2026,3,17,5,4,8,8
22,31,2026,3,17,4,2,1,9
22,36,2026,3,17,3,5,3,11
22,41,2026,3,17,2,3,2,12
22,47,2026,3,17,1,4,7,9
23,0,2026,3,17,1,4,0,13
23,5,2026,3,17,2,6,0,19
23,11,2026,3,17,3,4,5,18
23,18,2026,3,17,4,6,5,19
23,25,2026,3,17,5,4,13,10
23,31,2026,3,17,4,4,0,14
23,36,2026,3,17,3,4,5,13
23,41,2026,3,17,2,6,9,10
23,47,2026,3,17,1,0,10,0
6,0,2026,3,18,1,6,0,6
6,5,2026,3,18,2,5,2,9
6,11,2026,3,18,3,21,3,27
6,18,2026,3,18,4,6,8,25
6,25,2026,3,18,5,19,9,35
6,31,2026,3,18,4,3,4,34
6,36,2026,3,18,3,20,5,49
6,41,2026,3,18,2,8,17,40
6,47,2026,3,18,1,4,17,27
7,0,2026,3,18,1,2,0,29
7,5,2026,3,18,2,9,0,38
7,11,2026,3,18,3,6,5,39
7,18,2026,3,18,4,2,20,21
7,25,2026,3,18,5,13,7,27
7,31,2026,3,18,4,2,7,22
7,36,2026,3,18,3,13,0,35
7,41,2026,3,18,2,12,5,42
7,47,2026,3,18,1,4,20,26
8,0,2026,3,18,1,3,0,29
8,5,2026,3,18,2,12,0,41
8,11,2026,3,18,3,8,6,43
8,18,2026,3,18,4,2,20,25
8,25,2026,3,18,5,19,6,38
8,31,2026,3,18,4,3,12,29
8,36,2026,3,18,3,17,5,41
8,41,2026,3,18,2,13,5,49
8,47,2026,3,18,1,4,20,33
9,0,2026,3,18,1,1,0,34
9,5,2026,3,18,2,5,2,37
9,11,2026,3,18,3,5,3,39
9,18,2026,3,18,4,4,20,23
9,25,2026,3,18,5,6,11,18
9,31,2026,3,18,4,1,1,18
9,36,2026,3,18,3,2,0,20
9,41,2026,3,18,2,2,3,19
9,47,2026,3,18,1,2,19,2
10,0,2026,3,18,1,3,0,5
10,5,2026,3,18,2,2,1,6
10,11,2026,3,18,3,5,0,11
10,18,2026,3,18,4,3,2,12
10,25,2026,3,18,5,6,3,15
10,31,2026,3,18,4,2,1,16
10,36,2026,3,18,3,2,1,17
10,41,2026,3,18,2,3,8,12
10,47,2026,3,18,1,6,8,10
11,0,2026,3,18,1,6,0,16
11,5,2026,3,18,2,4,6,14
11,11,2026,3,18,3,3,0,17
11,18,2026,3,18,4,6,4,19
11,25,2026,3,18,5,2,13,8
11,31,2026,3,18,4,6,0,14
11,36,2026,3,18,3,6,5,15
11,41,2026,3,18,2,4,6,13
11,47,2026,3,18,1,4,8,9
12,0,2026,3,18,1,3,0,12
12,5,2026,3,18,2,6,3,15
12,11,2026,3,18,3,6,2,19
12,18,2026,3,18,4,6,2,23
12,25,2026,3,18,5,2,13,12
12,31,2026,3,18,4,5,0,17
12,36,2026,3,18,3,2,5,14
12,41,2026,3,18,2,4,8,10
12,47,2026,3,18,1,5,5,10
13,0,2026,3,18,1,19,0,29
13,5,2026,3,18,2,5,7,27
13,11,2026,3,18,3,6,7,26
13,18,2026,3,18,4,13,9,30
13,25,2026,3,18,5,4,19,15
13,31,2026,3,18,4,12,0,27
13,36,2026,3,18,3,5,10,22
13,41,2026,3,18,2,6,14,14
13,47,2026,3,18,1,17,4,27
14,0,2026,3,18,1,32,0,59
14,5,2026,3,18,2,3,15,47
14,11,2026,3,18,3,3,20,30
14,18,2026,3,18,4,32,20,42
14,25,2026,3,18,5,6,18,30
14,31,2026,3,18,4,8,0,38
14,36,2026,3,18,3,4,13,29
14,41,2026,3,18,2,6,13,22
14,47,2026,3,18,1,19,12,29
15,0,2026,3,18,1,19,0,48
15,5,2026,3,18,2,5,8,45
15,11,2026,3,18,3,6,12,39
15,18,2026,3,18,4,7,11,35
15,25,2026,3,18,5,5,20,20
15,31,2026,3,18,4,24,2,42
15,36,2026,3,18,3,6,10,38
15,41,2026,3,18,2,4,17,25
15,47,2026,3,18,1,9,13,21
16,0,2026,3,18,1,5,0,26
16,5,2026,3,18,2,5,2,29
16,11,2026,3,18,3,5,6,28
16,18,2026,3,18,4,5,11,22
16,25,2026,3,18,5,2,14,10
16,31,2026,3,18,4,5,0,15
16,36,2026,3,18,3,2,1,16
16,41,2026,3,18,2,5,9,12
16,47,2026,3,18,1,5,7,10
17,0,2026,3,18,1,5,0,15
17,5,2026,3,18,2,6,5,16
17,11,2026,3,18,3,4,3,17
17,18,2026,3,18,4,5,6,16
17,25,2026,3,18,5,6,7,15
17,31,2026,3,18,4,2,3,14
17,36,2026,3,18,3,5,2,17
17,41,2026,3,18,2,2,8,11
17,47,2026,3,18,1,3,6,8
18,0,2026,3,18,1,2,0,10
18,5,2026,3,18,2,6,0,16
18,11,2026,3,18,3,5,5,16
18,18,2026,3,18,4,4,8,12
18,25,2026,3,18,5,5,4,13
18,31,2026,3,18,4,2,1,14
18,36,2026,3,18,3,6,5,15
18,41,2026,3,18,2,2,4,13
18,47,2026,3,18,1,6,9,10
19,0,2026,3,18,1,4,0,14
19,5,2026,3,18,2,4,1,17
19,11,2026,3,18,3,2,3,16
19,18,2026,3,18,4,3,3,16
19,25,2026,3,18,5,4,13,7
19,31,2026,3,18,4,4,0,11
19,36,2026,3,18,3,2,4,9
19,41,2026,3,18,2,3,2,10
19,47,2026,3,18,1,6,5,11
20,0,2026,3,18,1,2,0,13
20,5,2026,3,18,2,2,2,13
20,11,2026,3,18,3,5,5,13
20,18,2026,3,18,4,2,4,11
20,25,2026,3,18,5,2,6,7
20,31,2026,3,18,4,6,1,12
20,36,2026,3,18,3,3,3,12
20,41,2026,3,18,2,4,4,12
20,47,2026,3,18,1,6,4,14
21,0,2026,3,18,1,4,0,18
21,5,2026,3,18,2,6,1,23
21,11,2026,3,18,3,3,6,20
21,18,2026,3,18,4,3,7,16
21,25,2026,3,18,5,6,9,13
21,31,2026,3,18,4,5,1,17
21,36,2026,3,18,3,6,2,21
21,41,2026,3,18,2,2,5,18
21,47,2026,3,18,1,4,13,9
22,0,2026,3,18,1,5,0,14
22,5,2026,3,18,2,2,1,15
22,11,2026,3,18,3,4,3,16
22,18,2026,3,18,4,3,7,12
22,25,2026,3,18,5,3,8,7
22,31,2026,3,18,4,5,1,11
22,36,2026,3,18,3,5,1,15
22,41,2026,3,18,2,2,5,12
22,47,2026,3,18,1,4,5,11
23,0,2026,3,18,1,3,0,14
23,5,2026,3,18,2,4,1,17
23,11,2026,3,18,3,6,4,19
23,18,2026,3,18,4,6,7,18
23,25,2026,3,18,5,6,10,14
23,31,2026,3,18,4,6,1,19
23,36,2026,3,18,3,6,4,21
23,41,2026,3,18,2,4,12,13
23,47,2026,3,18,1,0,13,0
6,0,2026,3,19,1,6,0,6
6,5,2026,3,19,2,15,0,21
6,11,2026,3,19,3,5,5,21
6,18,2026,3,19,4,3,9,15
6,25,2026,3,19,5,17,8,24
6,31,2026,3,19,4,5,2,27
6,36,2026,3,19,3,6,7,26
6,41,2026,3,19,2,17,10,33
6,47,2026,3,19,1,4,17,20
7,0,2026,3,19,1,1,0,21
7,5,2026,3,19,2,19,1,39
7,11,2026,3,19,3,22,1,60
7,18,2026,3,19,4,4,20,44
7,25,2026,3,19,5,12,16,40
7,31,2026,3,19,4,1,8,33
7,36,2026,3,19,3,22,4,51
7,41,2026,3,19,2,9,12,48
7,47,2026,3,19,1,2,20,30
8,0,2026,3,19,1,1,0,31
8,5,2026,3,19,2,12,2,41
8,11,2026,3,19,3,14,4,51
8,18,2026,3,19,4,4,20,35
8,25,2026,3,19,5,14,14,35
8,31,2026,3,19,4,2,7,30
8,36,2026,3,19,3,10,3,37
8,41,2026,3,19,2,20,7,50
8,47,2026,3,19,1,4,20,34
9,0,2026,3,19,1,3,0,37
9,5,2026,3,19,2,5,2,40
9,11,2026,3,19,3,2,7,35
9,18,2026,3,19,4,2,20,17
9,25,2026,3,19,5,6,10,13
9,31,2026,3,19,4,2,0,15
9,36,2026,3,19,3,2,0,17
9,41,2026,3,19,2,3,0,20
9,47,2026,3,19,1,4,17,7
10,0,2026,3,19,1,6,0,13
10,5,2026,3,19,2,2,4,11
10,11,2026,3,19,3,6,3,14
10,18,2026,3,19,4,4,2,16
10,25,2026,3,19,5,3,7,12
10,31,2026,3,19,4,5,0,17
10,36,2026,3,19,3,5,4,18
10,41,2026,3,19,2,3,5,16
10,47,2026,3,19,1,3,10,9
11,0,2026,3,19,1,6,0,15
11,5,2026,3,19,2,4,2,17
11,11,2026,3,19,3,4,4,17
11,18,2026,3,19,4,3,6,14
11,25,2026,3,19,5,5,9,10
11,31,2026,3,19,4,3,1,12
11,36,2026,3,19,3,2,3,11
11,41,2026,3,19,2,6,3,14
11,47,2026,3,19,1,3,5,12
12,0,2026,3,19,1,5,0,17
12,5,2026,3,19,2,6,4,19
12,11,2026,3,19,3,6,3,22
12,18,2026,3,19,4,2,4,20
12,25,2026,3,19,5,4,12,12
12,31,2026,3,19,4,5,0,17
12,36,2026,3,19,3,6,3,20
12,41,2026,3,19,2,6,9,17
12,47,2026,3,19,1,6,10,13
13,0,2026,3,19,1,20,0,33
13,5,2026,3,19,2,3,6,30
13,11,2026,3,19,3,2,10,22
13,18,2026,3,19,4,13,6,29
13,25,2026,3,19,5,6,19,16
13,31,2026,3,19,4,16,0,32
13,36,2026,3,19,3,5,14,23
13,41,2026,3,19,2,4,7,20
13,47,2026,3,19,1,29,9,40
14,0,2026,3,19,1,26,0,66
14,5,2026,3,19,2,2,19,49
14,11,2026,3,19,3,2,20,31
14,18,2026,3,19,4,18,8,41
14,25,2026,3,19,5,4,20,25
14,31,2026,3,19,4,10,1,34
14,36,2026,3,19,3,3,13,24
14,41,2026,3,19,2,4,13,15
14,47,2026,3,19,1,18,6,27
15,0,2026,3,19,1,25,0,52
15,5,2026,3,19,2,2,11,43
15,11,2026,3,19,3,4,15,32
15,18,2026,3,19,4,25,8,49
15,25,2026,3,19,5,6,20,35
15,31,2026,3,19,4,7,1,41
15,36,2026,3,19,3,6,17,30
15,41,2026,3,19,2,6,17,19
15,47,2026,3,19,1,31,10,40
16,0,2026,3,19,1,5,0,45
16,5,2026,3,19,2,5,12,38
16,11,2026,3,19,3,5,11,32
16,18,2026,3,19,4,5,17,20
16,25,2026,3,19,5,4,14,10
16,31,2026,3,19,4,2,1,11
16,36,2026,3,19,3,6,2,15
16,41,2026,3,19,2,4,5,14
16,47,2026,3,19,1,3,6,11
17,0,2026,3,19,1,3,0,14
17,5,2026,3,19,2,2,2,14
17,11,2026,3,19,3,4,6,12
17,18,2026,3,19,4,4,4,12
17,25,2026,3,19,5,6,5,13
17,31,2026,3,19,4,3,2,14
17,36,2026,3,19,3,5,2,17
17,41,2026,3,19,2,5,8,14
17,47,2026,3,19,1,3,8,9
18,0,2026,3,19,1,4,0,13
18,5,2026,3,19,2,3,2,14
18,11,2026,3,19,3,5,6,13
18,18,2026,3,19,4,6,8,11
18,25,2026,3,19,5,3,5,9
18,31,2026,3,19,4,3,0,12
18,36,2026,3,19,3,6,2,16
18,41,2026,3,19,2,3,6,13
18,47,2026,3,19,1,3,6,10
19,0,2026,3,19,1,2,0,12
19,5,2026,3,19,2,2,2,12
19,11,2026,3,19,3,2,2,12
19,18,2026,3,19,4,4,5,11
19,25,2026,3,19,5,4,7,8
19,31,2026,3,19,4,6,0,14
19,36,2026,3,19,3,4,4,14
19,41,2026,3,19,2,3,6,11
19,47,2026,3,19,1,6,6,11
20,0,2026,3,19,1,4,0,15
20,5,2026,3,19,2,4,1,18
20,11,2026,3,19,3,5,2,21
20,18,2026,3,19,4,6,10,17
20,25,2026,3,19,5,4,9,12
20,31,2026,3,19,4,6,1,17
20,36,2026,3,19,3,2,4,15
20,41,2026,3,19,2,2,7,10
20,47,2026,3,19,1,3,8,5
21,0,2026,3,19,1,4,0,9
21,5,2026,3,19,2,2,1,10
21,11,2026,3,19,3,4,4,10
21,18,2026,3,19,4,6,5,11
21,25,2026,3,19,5,5,2,14
21,31,2026,3,19,4,2,2,14
21,36,2026,3,19,3,4,6,12
21,41,2026,3,19,2,6,5,13
21,47,2026,3,19,1,4,4,13
22,0,2026,3,19,1,5,0,18
22,5,2026,3,19,2,2,3,17
22,11,2026,3,19,3,4,4,17
22,18,2026,3,19,4,3,5,15
22,25,2026,3,19,5,3,11,7
22,31,2026,3,19,4,4,0,11
22,36,2026,3,19,3,6,2,15
22,41,2026,3,19,2,6,6,15
22,47,2026,3,19,1,4,5,14
23,0,2026,3,19,1,4,0,18
23,5,2026,3,19,2,2,3,17
23,11,2026,3,19,3,2,3,16
23,18,2026,3,19,4,4,8,12
23,25,2026,3,19,5,6,8,10
23,31,2026,3,19,4,6,2,14
23,36,2026,3,19,3,2,4,12
23,41,2026,3,19,2,6,7,11
23,47,2026,3,19,1,0,11,0
6,0,2026,3,20,1,5,0,5
6,5,2026,3,20,2,15,0,20
6,11,2026,3,20,3,14,5,29
6,18,2026,3,20,4,5,10,24
6,25,2026,3,20,5,8,9,23
6,31,2026,3,20,4,5,5,23
6,36,2026,3,20,3,5,4,24
6,41,2026,3,20,2,18,4,38
6,47,2026,3,20,1,5,15,28
7,0,2026,3,20,1,2,0,30
7,5,2026,3,20,2,14,1,43
7,11,2026,3,20,3,10,2,51
7,18,2026,3,20,4,1,20,32
7,25,2026,3,20,5,19,10,41
7,31,2026,3,20,4,5,12,34
7,36,2026,3,20,3,6,7,33
7,41,2026,3,20,2,10,5,38
7,47,2026,3,20,1,2,20,20
8,0,2026,3,20,1,4,0,24
8,5,2026,3,20,2,7,0,31
8,11,2026,3,20,3,17,2,46
8,18,2026,3,20,4,1,20,27
8,25,2026,3,20,5,6,7,26
8,31,2026,3,20,4,2,3,25
8,36,2026,3,20,3,20,0,45
8,41,2026,3,20,2,18,6,57
8,47,2026,3,20,1,3,20,40
9,0,2026,3,20,1,2,0,42
9,5,2026,3,20,2,3,0,45
9,11,2026,3,20,3,3,8,40
9,18,2026,3,20,4,4,20,24
9,25,2026,3,20,5,5,16,13
9,31,2026,3,20,4,5,3,15
9,36,2026,3,20,3,4,1,18
9,41,2026,3,20,2,3,0,21
9,47,2026,3,20,1,4,20,5
10,0,2026,3,20,1,3,0,8
10,5,2026,3,20,2,6,1,13
10,11,2026,3,20,3,5,5,13
10,18,2026,3,20,4,6,4,15
10,25,2026,3,20,5,3,5,13
10,31,2026,3,20,4,2,1,14
10,36,2026,3,20,3,2,1,15
10,41,2026,3,20,2,5,3,17
10,47,2026,3,20,1,4,10,11
11,0,2026,3,20,1,6,0,17
11,5,2026,3,20,2,5,4,18
11,11,2026,3,20,3,5,1,22
11,18,2026,3,20,4,5,9,18
11,25,2026,3,20,5,3,11,10
11,31,2026,3,20,4,5,1,14
11,36,2026,3,20,3,3,2,15
11,41,2026,3,20,2,6,4,17
11,47,2026,3,20,1,5,9,13
12,0,2026,3,20,1,6,0,19
12,5,2026,3,20,2,2,3,18
12,11,2026,3,20,3,6,4,20
12,18,2026,3,20,4,2,6,16
12,25,2026,3,20,5,2,9,9
12,31,2026,3,20,4,2,1,10
12,36,2026,3,20,3,4,3,11
12,41,2026,3,20,2,2,5,8
12,47,2026,3,20,1,3,7,4
13,0,2026,3,20,1,8,0,12
13,5,2026,3,20,2,2,3,11
13,11,2026,3,20,3,6,3,14
13,18,2026,3,20,4,8,4,18
13,25,2026,3,20,5,2,9,11
13,31,2026,3,20,4,28,0,39
13,36,2026,3,20,3,2,7,34
13,41,2026,3,20,2,4,18,20
13,47,2026,3,20,1,27,5,42
14,0,2026,3,20,1,24,0,66
14,5,2026,3,20,2,5,18,53
14,11,2026,3,20,3,5,20,38
14,18,2026,3,20,4,24,13,49
14,25,2026,3,20,5,6,20,35
14,31,2026,3,20,4,7,2,40
14,36,2026,3,20,3,6,11,35
14,41,2026,3,20,2,4,15,24
14,47,2026,3,20,1,20,13,31
15,0,2026,3,20,1,9,0,40
15,5,2026,3,20,2,2,9,33
15,11,2026,3,20,3,5,7,31
15,18,2026,3,20,4,16,9,38
15,25,2026,3,20,5,3,20,21
15,31,2026,3,20,4,22,0,43
15,36,2026,3,20,3,6,11,38
15,41,2026,3,20,2,4,20,22
15,47,2026,3,20,1,13,9,26
16,0,2026,3,20,1,4,0,30
16,5,2026,3,20,2,5,1,34
16,11,2026,3,20,3,6,6,34
16,18,2026,3,20,4,6,11,29
16,25,2026,3,20,5,5,18,16
16,31,2026,3,20,4,3,3,16
16,36,2026,3,20,3,6,5,17
16,41,2026,3,20,2,5,2,20
16,47,2026,3,20,1,2,13,9
17,0,2026,3,20,1,5,0,14
17,5,2026,3,20,2,4,1,17
17,11,2026,3,20,3,6,7,16
17,18,2026,3,20,4,3,3,16
17,25,2026,3,20,5,4,9,11
17,31,2026,3,20,4,4,1,14
17,36,2026,3,20,3,4,1,17
17,41,2026,3,20,2,4,4,17
17,47,2026,3,20,1,5,10,12
18,0,2026,3,20,1,2,0,14
18,5,2026,3,20,2,4,2,16
18,11,2026,3,20,3,5,5,16
18,18,2026,3,20,4,4,4,16
18,25,2026,3,20,5,4,10,10
18,31,2026,3,20,4,5,1,14
18,36,2026,3,20,3,2,1,15
18,41,2026,3,20,2,6,7,14
18,47,2026,3,20,1,2,7,9
19,0,2026,3,20,1,2,0,11
19,5,2026,3,20,2,2,1,12
19,11,2026,3,20,3,3,4,11
19,18,2026,3,20,4,4,5,10
19,25,2026,3,20,5,5,6,9
19,31,2026,3,20,4,2,1,10
19,36,2026,3,20,3,3,1,12
19,41,2026,3,20,2,5,5,12
19,47,2026,3,20,1,5,6,11
20,0,2026,3,20,1,6,0,17
20,5,2026,3,20,2,6,3,20
20,11,2026,3,20,3,3,7,16
20,18,2026,3,20,4,5,7,14
20,25,2026,3,20,5,4,8,10
20,31,2026,3,20,4,2,1,11
20,36,2026,3,20,3,4,2,13
20,41,2026,3,20,2,5,2,16
20,47,2026,3,20,1,3,9,10
21,0,2026,3,20,1,2,0,12
21,5,2026,3,20,2,4,3,13
21,11,2026,3,20,3,6,2,17
21,18,2026,3,20,4,2,9,10
21,25,2026,3,20,5,2,4,8
21,31,2026,3,20,4,6,1,13
21,36,2026,3,20,3,4,1,16
21,41,2026,3,20,2,6,5,17
21,47,2026,3,20,1,3,6,14
22,0,2026,3,20,1,5,0,19
22,5,2026,3,20,2,2,2,19
22,11,2026,3,20,3,3,3,19
22,18,2026,3,20,4,2,7,14
22,25,2026,3,20,5,6,10,10
22,31,2026,3,20,4,6,1,15
22,36,2026,3,20,3,3,5,13
22,41,2026,3,20,2,5,5,13
22,47,2026,3,20,1,3,6,10
23,0,2026,3,20,1,5,0,15
23,5,2026,3,20,2,2,3,14
23,11,2026,3,20,3,5,3,16
23,18,2026,3,20,4,4,4,16
23,25,2026,3,20,5,4,8,12
23,31,2026,3,20,4,3,0,15
23,36,2026,3,20,3,4,7,12
23,41,2026,3,20,2,3,5,10
23,47,2026,3,20,1,0,10,0
6,0,2026,3,21,1,6,0,6
6,5,2026,3,21,2,5,2,9
6,11,2026,3,21,3,12,4,17
6,18,2026,3,21,4,2,5,14
6,25,2026,3,21,5,16,6,24
6,31,2026,3,21,4,5,2,27
6,36,2026,3,21,3,17,6,38
6,41,2026,3,21,2,17,6,49
6,47,2026,3,21,1,5,18,36
7,0,2026,3,21,1,4,0,40
7,5,2026,3,21,2,8,1,47
7,11,2026,3,21,3,9,8,48
7,18,2026,3,21,4,4,20,32
7,25,2026,3,21,5,16,12,36
7,31,2026,3,21,4,4,14,26
7,36,2026,3,21,3,15,3,38
7,41,2026,3,21,2,8,3,43
7,47,2026,3,21,1,1,20,24
8,0,2026,3,21,1,3,0,27
8,5,2026,3,21,2,6,1,32
8,11,2026,3,21,3,9,6,35
8,18,2026,3,21,4,2,20,17
8,25,2026,3,21,5,9,7,19
8,31,2026,3,21,4,3,2,20
8,36,2026,3,21,3,21,1,40
8,41,2026,3,21,2,13,1,52
8,47,2026,3,21,1,3,20,35
9,0,2026,3,21,1,1,0,36
9,5,2026,3,21,2,6,0,42
9,11,2026,3,21,3,3,9,36
9,18,2026,3,21,4,4,20,20
9,25,2026,3,21,5,4,7,17
9,31,2026,3,21,4,4,2,19
9,36,2026,3,21,3,2,0,21
9,41,2026,3,21,2,4,1,24
9,47,2026,3,21,1,2,20,6
10,0,2026,3,21,1,6,0,12
10,5,2026,3,21,2,3,4,11
10,11,2026,3,21,3,4,3,12
10,18,2026,3,21,4,4,5,11
10,25,2026,3,21,5,2,4,9
10,31,2026,3,21,4,3,0,12
10,36,2026,3,21,3,2,3,11
10,41,2026,3,21,2,5,4,12
10,47,2026,3,21,1,4,9,7
11,0,2026,3,21,1,2,0,9
11,5,2026,3,21,2,2,1,10
11,11,2026,3,21,3,3,3,10
11,18,2026,3,21,4,4,4,10
11,25,2026,3,21,5,2,7,5
11,31,2026,3,21,4,6,0,11
11,36,2026,3,21,3,6,3,14
11,41,2026,3,21,2,6,7,13
11,47,2026,3,21,1,3,4,12
12,0,2026,3,21,1,6,0,18
12,5,2026,3,21,2,6,1,23
12,11,2026,3,21,3,3,4,22
12,18,2026,3,21,4,3,4,21
12,25,2026,3,21,5,4,18,7
12,31,2026,3,21,4,3,1,9
12,36,2026,3,21,3,4,3,10
12,41,2026,3,21,2,4,2,12
12,47,2026,3,21,1,2,6,8
13,0,2026,3,21,1,7,0,15
13,5,2026,3,21,2,3,0,18
13,11,2026,3,21,3,6,4,20
13,18,2026,3,21,4,26,8,38
13,25,2026,3,21,5,3,10,31
13,31,2026,3,21,4,26,0,57
13,36,2026,3,21,3,4,20,41
13,41,2026,3,21,2,6,14,33
13,47,2026,3,21,1,11,17,27
14,0,2026,3,21,1,29,0,56
14,5,2026,3,21,2,4,12,48
14,11,2026,3,21,3,5,18,35
14,18,2026,3,21,4,24,9,50
14,25,2026,3,21,5,2,20,32
14,31,2026,3,21,4,21,1,52
14,36,2026,3,21,3,6,13,45
14,41,2026,3,21,2,4,20,29
14,47,2026,3,21,1,8,12,25
15,0,2026,3,21,1,12,0,37
15,5,2026,3,21,2,2,7,32
15,11,2026,3,21,3,5,6,31
15,18,2026,3,21,4,8,8,31
15,25,2026,3,21,5,6,20,17
15,31,2026,3,21,4,29,1,45
15,36,2026,3,21,3,6,15,36
15,41,2026,3,21,2,6,17,25
15,47,2026,3,21,1,11,9,27
16,0,2026,3,21,1,3,0,30
16,5,2026,3,21,2,5,2,33
16,11,2026,3,21,3,5,7,31
16,18,2026,3,21,4,2,13,20
16,25,2026,3,21,5,6,14,12
16,31,2026,3,21,4,5,3,14
16,36,2026,3,21,3,3,3,14
16,41,2026,3,21,2,6,6,14
16,47,2026,3,21,1,2,6,10
17,0,2026,3,21,1,5,0,15
17,5,2026,3,21,2,4,0,19
17,11,2026,3,21,3,2,4,17
17,18,2026,3,21,4,3,9,11
17,25,2026,3,21,5,2,7,6
17,31,2026,3,21,4,4,2,8
17,36,2026,3,21,3,2,3,7
17,41,2026,3,21,2,3,1,9
17,47,2026,3,21,1,4,4,9
18,0,2026,3,21,1,5,0,14
18,5,2026,3,21,2,2,2,14
18,11,2026,3,21,3,4,4,14
18,18,2026,3,21,4,4,7,11
18,25,2026,3,21,5,5,6,10
18,31,2026,3,21,4,4,1,13
18,36,2026,3,21,3,6,2,17
18,41,2026,3,21,2,2,5,14
18,47,2026,3,21,1,4,8,10
19,0,2026,3,21,1,3,0,13
19,5,2026,3,21,2,4,1,16
19,11,2026,3,21,3,4,3,17
19,18,2026,3,21,4,3,5,15
19,25,2026,3,21,5,6,9,12
19,31,2026,3,21,4,3,0,15
19,36,2026,3,21,3,4,1,18
19,41,2026,3,21,2,6,10,14
19,47,2026,3,21,1,6,7,13
20,0,2026,3,21,1,2,0,15
20,5,2026,3,21,2,4,4,15
20,11,2026,3,21,3,3,5,13
20,18,2026,3,21,4,6,3,16
20,25,2026,3,21,5,2,9,9
20,31,2026,3,21,4,3,0,12
20,36,2026,3,21,3,2,2,12
20,41,2026,3,21,2,4,6,10
20,47,2026,3,21,1,3,7,6
21,0,2026,3,21,1,6,0,12
21,5,2026,3,21,2,2,0,14
21,11,2026,3,21,3,4,4,14
21,18,2026,3,21,4,3,8,9
21,25,2026,3,21,5,5,4,10
21,31,2026,3,21,4,3,1,12
21,36,2026,3,21,3,6,0,18
21,41,2026,3,21,2,6,8,16
21,47,2026,3,21,1,5,5,16
22,0,2026,3,21,1,2,0,18
22,5,2026,3,21,2,5,0,23
22,11,2026,3,21,3,2,7,18
22,18,2026,3,21,4,2,8,12
22,25,2026,3,21,5,4,10,6
22,31,2026,3,21,4,2,1,7
22,36,2026,3,21,3,2,2,7
22,41,2026,3,21,2,2,3,6
22,47,2026,3,21,1,2,4,4
23,0,2026,3,21,1,5,0,9
23,5,2026,3,21,2,2,1,10
23,11,2026,3,21,3,6,2,14
23,18,2026,3,21,4,5,2,17
23,25,2026,3,21,5,3,8,12
23,31,2026,3,21,4,6,1,17
23,36,2026,3,21,3,6,4,19
23,41,2026,3,21,2,5,9,15
23,47,2026,3,21,1,0,15,0
6,0,2026,3,22,1,2,0,2
6,5,2026,3,22,2,15,0,17
6,11,2026,3,22,3,7,2,22
6,18,2026,3,22,4,4,7,19
6,25,2026,3,22,5,15,10,24
6,31,2026,3,22,4,5,6,23
6,36,2026,3,22,3,10,6,27
6,41,2026,3,22,2,8,6,29
6,47,2026,3,22,1,6,10,25
7,0,2026,3,22,1,3,0,28
7,5,2026,3,22,2,11,2,37
7,11,2026,3,22,3,11,3,45
7,18,2026,3,22,4,4,20,29
7,25,2026,3,22,5,19,9,39
7,31,2026,3,22,4,5,17,27
7,36,2026,3,22,3,18,4,41
7,41,2026,3,22,2,16,5,52
7,47,2026,3,22,1,4,20,36
8,0,2026,3,22,1,2,0,38
8,5,2026,3,22,2,18,2,54
8,11,2026,3,22,3,11,10,55
8,18,2026,3,22,4,4,20,39
8,25,2026,3,22,5,14,11,42
8,31,2026,3,22,4,5,10,37
8,36,2026,3,22,3,20,5,52
8,41,2026,3,22,2,9,15,46
8,47,2026,3,22,1,1,20,27
9,0,2026,3,22,1,2,0,29
9,5,2026,3,22,2,5,0,34
9,11,2026,3,22,3,6,2,38
9,18,2026,3,22,4,1,20,19
9,25,2026,3,22,5,6,8,17
9,31,2026,3,22,4,5,1,21
9,36,2026,3,22,3,5,0,26
9,41,2026,3,22,2,4,6,24
9,47,2026,3,22,1,2,20,6
10,0,2026,3,22,1,6,0,12
10,5,2026,3,22,2,3,3,12
10,11,2026,3,22,3,2,2,12
10,18,2026,3,22,4,2,5,9
10,25,2026,3,22,5,5,6,8
10,31,2026,3,22,4,5,1,12
10,36,2026,3,22,3,5,5,12
10,41,2026,3,22,2,3,2,13
10,47,2026,3,22,1,2,5,10
11,0,2026,3,22,1,6,0,16
11,5,2026,3,22,2,2,2,16
11,11,2026,3,22,3,3,6,13
11,18,2026,3,22,4,6,5,14
11,25,2026,3,22,5,2,6,10
11,31,2026,3,22,4,4,0,14
11,36,2026,3,22,3,2,4,12
11,41,2026,3,22,2,6,6,12
11,47,2026,3,22,1,2,6,8
12,0,2026,3,22,1,4,0,12
12,5,2026,3,22,2,3,1,14
12,11,2026,3,22,3,4,2,16
12,18,2026,3,22,4,6,7,15
12,25,2026,3,22,5,5,10,10
12,31,2026,3,22,4,2,1,11
12,36,2026,3,22,3,2,2,11
12,41,2026,3,22,2,4,3,12
12,47,2026,3,22,1,4,8,8
13,0,2026,3,22,1,9,0,17
13,5,2026,3,22,2,2,5,14
13,11,2026,3,22,3,2,5,11
13,18,2026,3,22,4,25,5,31
13,25,2026,3,22,5,2,9,24
13,31,2026,3,22,4,7,1,30
13,36,2026,3,22,3,3,10,23
13,41,2026,3,22,2,3,13,13
13,47,2026,3,22,1,15,9,19
14,0,2026,3,22,1,12,0,31
14,5,2026,3,22,2,2,7,26
14,11,2026,3,22,3,2,10,18
14,18,2026,3,22,4,12,2,28
14,25,2026,3,22,5,2,18,12
14,31,2026,3,22,4,9,0,21
14,36,2026,3,22,3,5,9,17
14,41,2026,3,22,2,6,8,15
14,47,2026,3,22,1,28,2,41
15,0,2026,3,22,1,24,0,65
15,5,2026,3,22,2,5,17,53
15,11,2026,3,22,3,3,20,36
15,18,2026,3,22,4,7,10,33
15,25,2026,3,22,5,6,20,19
15,31,2026,3,22,4,25,1,43
15,36,2026,3,22,3,3,10,36
15,41,2026,3,22,2,3,18,21
15,47,2026,3,22,1,21,9,33
16,0,2026,3,22,1,2,0,35
16,5,2026,3,22,2,5,8,32
16,11,2026,3,22,3,3,5,30
16,18,2026,3,22,4,5,9,26
16,25,2026,3,22,5,6,17,15
16,31,2026,3,22,4,4,0,19
16,36,2026,3,22,3,4,2,21
16,41,2026,3,22,2,3,5,19
16,47,2026,3,22,1,5,14,10
17,0,2026,3,22,1,3,0,13
17,5,2026,3,22,2,6,0,19
17,11,2026,3,22,3,3,3,19
17,18,2026,3,22,4,5,7,17
17,25,2026,3,22,5,3,10,10
17,31,2026,3,22,4,5,0,15
17,36,2026,3,22,3,5,3,17
17,41,2026,3,22,2,5,6,16
17,47,2026,3,22,1,5,7,14
18,0,2026,3,22,1,4,0,18
18,5,2026,3,22,2,4,3,19
18,11,2026,3,22,3,3,4,18
18,18,2026,3,22,4,6,6,18
18,25,2026,3,22,5,6,8,16
18,31,2026,3,22,4,3,1,18
18,36,2026,3,22,3,5,1,22
18,41,2026,3,22,2,6,6,22
18,47,2026,3,22,1,5,13,14
19,0,2026,3,22,1,2,0,16
19,5,2026,3,22,2,3,0,19
19,11,2026,3,22,3,2,6,15
19,18,2026,3,22,4,3,3,15
19,25,2026,3,22,5,4,11,8
19,31,2026,3,22,4,5,2,11
19,36,2026,3,22,3,2,5,8
19,41,2026,3,22,2,3,2,9
19,47,2026,3,22,1,6,3,12
20,0,2026,3,22,1,3,0,15
20,5,2026,3,22,2,3,1,17
20,11,2026,3,22,3,5,3,19
20,18,2026,3,22,4,4,5,18
20,25,2026,3,22,5,5,14,9
20,31,2026,3,22,4,4,1,12
20,36,2026,3,22,3,2,1,13
20,41,2026,3,22,2,4,7,10
20,47,2026,3,22,1,2,5,7
21,0,2026,3,22,1,6,0,13
21,5,2026,3,22,2,3,2,14
21,11,2026,3,22,3,3,5,12
21,18,2026,3,22,4,5,3,14
21,25,2026,3,22,5,3,7,10
21,31,2026,3,22,4,6,0,16
21,36,2026,3,22,3,5,6,15
21,41,2026,3,22,2,5,7,13
21,47,2026,3,22,1,3,7,9
22,0,2026,3,22,1,5,0,14
22,5,2026,3,22,2,6,4,16
22,11,2026,3,22,3,4,7,13
22,18,2026,3,22,4,4,5,12
22,25,2026,3,22,5,5,7,10
22,31,2026,3,22,4,5,0,15
22,36,2026,3,22,3,3,8,10
22,41,2026,3,22,2,3,3,10
22,47,2026,3,22,1,5,5,10
23,0,2026,3,22,1,3,0,13
23,5,2026,3,22,2,2,4,11
23,11,2026,3,22,3,2,2,11
23,18,2026,3,22,4,4,4,11
23,25,2026,3,22,5,4,7,8
23,31,2026,3,22,4,2,0,10
23,36,2026,3,22,3,5,3,12
23,41,2026,3,22,2,2,10,4
23,47,2026,3,22,1,0,4,0
6,0,2026,3,23,1,2,0,2
6,5,2026,3,23,2,13,0,15
6,11,2026,3,23,3,5,5,15
6,18,2026,3,23,4,3,6,12
6,25,2026,3,23,5,5,5,12
6,31,2026,3,23,4,5,1,16
6,36,2026,3,23,3,5,3,18
6,41,2026,3,23,2,18,5,31
6,47,2026,3,23,1,5,5,31
7,0,2026,3,23,1,1,0,32
7,5,2026,3,23,2,9,1,40
7,11,2026,3,23,3,20,6,54
7,18,2026,3,23,4,5,20,39
7,25,2026,3,23,5,22,12,49
7,31,2026,3,23,4,5,16,38
7,36,2026,3,23,3,14,5,47
7,41,2026,3,23,2,21,8,60
7,47,2026,3,23,1,3,20,43
8,0,2026,3,23,1,4,0,47
8,5,2026,3,23,2,21,2,66
8,11,2026,3,23,3,13,13,66
8,18,2026,3,23,4,2,20,48
8,25,2026,3,23,5,6,20,34
8,31,2026,3,23,4,1,4,31
8,36,2026,3,23,3,19,2,48
8,41,2026,3,23,2,11,11,48
8,47,2026,3,23,1,4,20,32
9,0,2026,3,23,1,2,0,34
9,5,2026,3,23,2,6,1,39
9,11,2026,3,23,3,2,5,36
9,18,2026,3,23,4,4,20,20
9,25,2026,3,23,5,5,9,16
9,31,2026,3,23,4,3,0,19
9,36,2026,3,23,3,2,0,21
9,41,2026,3,23,2,3,2,22
9,47,2026,3,23,1,3,20,5
10,0,2026,3,23,1,5,0,10
10,5,2026,3,23,2,6,4,12
10,11,2026,3,23,3,6,2,16
10,18,2026,3,23,4,3,10,9
10,25,2026,3,23,5,4,5,8
10,31,2026,3,23,4,5,3,10
10,36,2026,3,23,3,3,1,12
10,41,2026,3,23,2,6,3,15
10,47,2026,3,23,1,6,7,14
11,0,2026,3,23,1,2,0,16
11,5,2026,3,23,2,6,1,21
11,11,2026,3,23,3,2,6,17
11,18,2026,3,23,4,3,7,13
11,25,2026,3,23,5,3,7,9
11,31,2026,3,23,4,4,0,13
11,36,2026,3,23,3,3,2,14
11,41,2026,3,23,2,3,4,13
11,47,2026,3,23,1,3,7,9
12,0,2026,3,23,1,5,0,14
12,5,2026,3,23,2,3,2,15
12,11,2026,3,23,3,5,5,15
12,18,2026,3,23,4,4,5,14
12,25,2026,3,23,5,2,7,9
12,31,2026,3,23,4,4,0,13
12,36,2026,3,23,3,5,3,15
12,41,2026,3,23,2,4,6,13
12,47,2026,3,23,1,6,7,12
13,0,2026,3,23,1,12,0,24
13,5,2026,3,23,2,3,3,24
13,11,2026,3,23,3,3,6,21
13,18,2026,3,23,4,26,9,38
13,25,2026,3,23,5,4,16,26
13,31,2026,3,23,4,29,0,55
13,36,2026,3,23,3,3,13,45
13,41,2026,3,23,2,3,20,28
13,47,2026,3,23,1,13,16,25
14,0,2026,3,23,1,8,0,33
14,5,2026,3,23,2,5,3,35
14,11,2026,3,23,3,5,7,33
14,18,2026,3,23,4,14,9,38
14,25,2026,3,23,5,3,20,21
14,31,2026,3,23,4,21,0,42
14,36,2026,3,23,3,5,15,32
14,41,2026,3,23,2,5,15,22
14,47,2026,3,23,1,7,12,17
15,0,2026,3,23,1,22,0,39
15,5,2026,3,23,2,3,10,32
15,11,2026,3,23,3,5,9,28
15,18,2026,3,23,4,32,9,51
15,25,2026,3,23,5,4,20,35
15,31,2026,3,23,4,31,0,66
15,36,2026,3,23,3,5,18,53
15,41,2026,3,23,2,4,20,37
15,47,2026,3,23,1,10,15,32
16,0,2026,3,23,1,3,0,35
16,5,2026,3,23,2,3,4,34
16,11,2026,3,23,3,6,5,35
16,18,2026,3,23,4,2,9,28
16,25,2026,3,23,5,3,20,11
16,31,2026,3,23,4,4,1,14
16,36,2026,3,23,3,6,2,18
16,41,2026,3,23,2,3,4,17
16,47,2026,3,23,1,3,8,12
17,0,2026,3,23,1,5,0,17
17,5,2026,3,23,2,6,4,19
17,11,2026,3,23,3,6,3,22
17,18,2026,3,23,4,5,5,22
17,25,2026,3,23,5,4,12,14
17,31,2026,3,23,4,4,0,18
17,36,2026,3,23,3,5,3,20
17,41,2026,3,23,2,5,8,17
17,47,2026,3,23,1,2,12,7
18,0,2026,3,23,1,2,0,9
18,5,2026,3,23,2,5,3,11
18,11,2026,3,23,3,5,2,14
18,18,2026,3,23,4,3,4,13
18,25,2026,3,23,5,3,5,11
18,31,2026,3,23,4,2,1,12
18,36,2026,3,23,3,2,2,12
18,41,2026,3,23,2,6,5,13
18,47,2026,3,23,1,5,8,10
19,0,2026,3,23,1,3,0,13
19,5,2026,3,23,2,4,0,17
19,11,2026,3,23,3,4,3,18
19,18,2026,3,23,4,5,7,16
19,25,2026,3,23,5,2,12,6
19,31,2026,3,23,4,2,1,7
19,36,2026,3,23,3,5,0,12
19,41,2026,3,23,2,3,5,10
19,47,2026,3,23,1,3,4,9
20,0,2026,3,23,1,5,0,14
20,5,2026,3,23,2,3,4,13
20,11,2026,3,23,3,4,4,13
20,18,2026,3,23,4,2,3,12
20,25,2026,3,23,5,6,7,11
20,31,2026,3,23,4,4,2,13
20,36,2026,3,23,3,2,2,13
20,41,2026,3,23,2,2,4,11
20,47,2026,3,23,1,5,7,9
21,0,2026,3,23,1,4,0,13
21,5,2026,3,23,2,4,2,15
21,11,2026,3,23,3,5,1,19
21,18,2026,3,23,4,6,4,21
21,25,2026,3,23,5,3,11,13
21,31,2026,3,23,4,2,0,15
21,36,2026,3,23,3,4,5,14
21,41,2026,3,23,2,5,7,12
21,47,2026,3,23,1,4,4,12
22,0,2026,3,23,1,2,0,14
22,5,2026,3,23,2,3,1,16
22,11,2026,3,23,3,4,1,19
22,18,2026,3,23,4,6,10,15
22,25,2026,3,23,5,4,8,11
22,31,2026,3,23,4,6,1,16
22,36,2026,3,23,3,5,6,15
22,41,2026,3,23,2,3,2,16
22,47,2026,3,23,1,2,5,13
23,0,2026,3,23,1,6,0,19
23,5,2026,3,23,2,4,0,23
23,11,2026,3,23,3,2,5,20
23,18,2026,3,23,4,2,8,14
23,25,2026,3,23,5,6,11,9
23,31,2026,3,23,4,6,1,14
23,36,2026,3,23,3,4,2,16
23,41,2026,3,23,2,6,8,14
23,47,2026,3,23,1,0,14,0
6,0,2026,3,24,1,6,0,6
6,5,2026,3,24,2,19,1,24
6,11,2026,3,24,3,11,7,28
6,18,2026,3,24,4,2,9,21
6,25,2026,3,24,5,8,12,17
6,31,2026,3,24,4,2,2,17
6,36,2026,3,24,3,21,2,36
6,41,2026,3,24,2,6,10,32
6,47,2026,3,24,1,3,7,28
7,0,2026,3,24,1,2,0,30
7,5,2026,3,24,2,6,1,35
7,11,2026,3,24,3,8,4,39
7,18,2026,3,24,4,5,20,24
7,25,2026,3,24,5,14,8,30
7,31,2026,3,24,4,1,6,25
7,36,2026,3,24,3,19,0,44
7,41,2026,3,24,2,11,5,50
7,47,2026,3,24,1,2,20,32
8,0,2026,3,24,1,4,0,36
8,5,2026,3,24,2,10,3,43
8,11,2026,3,24,3,16,8,51
8,18,2026,3,24,4,1,20,32
8,25,2026,3,24,5,17,7,42
8,31,2026,3,24,4,4,13,33
8,36,2026,3,24,3,8,2,39
8,41,2026,3,24,2,15,9,45
8,47,2026,3,24,1,3,20,28
9,0,2026,3,24,1,2,0,30
9,5,2026,3,24,2,5,3,32
9,11,2026,3,24,3,2,2,32
9,18,2026,3,24,4,3,20,15
9,25,2026,3,24,5,5,7,13
9,31,2026,3,24,4,5,2,16
9,36,2026,3,24,3,2,1,17
9,41,2026,3,24,2,6,2,21
9,47,2026,3,24,1,3,19,5
10,0,2026,3,24,1,5,0,10
10,5,2026,3,24,2,2,3,9
10,11,2026,3,24,3,2,3,8
10,18,2026,3,24,4,6,1,13
10,25,2026,3,24,5,4,7,10
10,31,2026,3,24,4,6,0,16
10,36,2026,3,24,3,4,3,17
10,41,2026,3,24,2,3,8,12
10,47,2026,3,24,1,6,5,13
11,0,2026,3,24,1,2,0,15
11,5,2026,3,24,2,6,1,20
11,11,2026,3,24,3,4,5,19
11,18,2026,3,24,4,3,7,15
11,25,2026,3,24,5,6,9,12
11,31,2026,3,24,4,4,2,14
11,36,2026,3,24,3,6,0,20
11,41,2026,3,24,2,5,9,16
11,47,2026,3,24,1,3,12,7
12,0,2026,3,24,1,3,0,10
12,5,2026,3,24,2,4,2,12
12,11,2026,3,24,3,2,3,11
12,18,2026,3,24,4,6,4,13
12,25,2026,3,24,5,5,3,15
12,31,2026,3,24,4,6,1,20
12,36,2026,3,24,3,3,4,19
12,41,2026,3,24,2,3,5,17
12,47,2026,3,24,1,3,12,8
13,0,2026,3,24,1,17,0,25
13,5,2026,3,24,2,3,9,19
13,11,2026,3,24,3,4,8,15
13,18,2026,3,24,4,12,6,21
13,25,2026,3,24,5,3,11,13
13,31,2026,3,24,4,13,0,26
13,36,2026,3,24,3,3,8,21
13,41,2026,3,24,2,6,9,18
13,47,2026,3,24,1,23,9,32
14,0,2026,3,24,1,16,0,48
14,5,2026,3,24,2,5,11,42
14,11,2026,3,24,3,5,15,32
14,18,2026,3,24,4,11,9,34
14,25,2026,3,24,5,2,20,16
14,31,2026,3,24,4,9,0,25
14,36,2026,3,24,3,3,9,19
14,41,2026,3,24,2,2,13,8
14,47,2026,3,24,1,9,3,14
15,0,2026,3,24,1,11,0,25
15,5,2026,3,24,2,4,3,26
15,11,2026,3,24,3,4,8,22
15,18,2026,3,24,4,31,6,47
15,25,2026,3,24,5,4,18,33
15,31,2026,3,24,4,11,0,44
15,36,2026,3,24,3,4,13,35
15,41,2026,3,24,2,4,16,23
15,47,2026,3,24,1,14,16,21
16,0,2026,3,24,1,6,0,27
16,5,2026,3,24,2,3,4,26
16,11,2026,3,24,3,6,2,30
16,18,2026,3,24,4,4,9,25
16,25,2026,3,24,5,5,17,13
16,31,2026,3,24,4,6,0,19
16,36,2026,3,24,3,6,5,20
16,41,2026,3,24,2,2,10,12
16,47,2026,3,24,1,6,6,12
17,0,2026,3,24,1,5,0,17
17,5,2026,3,24,2,5,3,19
17,11,2026,3,24,3,6,4,21
17,18,2026,3,24,4,5,7,19
17,25,2026,3,24,5,2,10,11
17,31,2026,3,24,4,3,1,13
17,36,2026,3,24,3,4,3,14
17,41,2026,3,24,2,3,5,12
17,47,2026,3,24,1,3,6,9
18,0,2026,3,24,1,3,0,12
18,5,2026,3,24,2,2,0,14
18,11,2026,3,24,3,4,1,17
18,18,2026,3,24,4,4,7,14
18,25,2026,3,24,5,4,7,11
18,31,2026,3,24,4,6,1,16
18,36,2026,3,24,3,5,4,17
18,41,2026,3,24,2,3,4,16
18,47,2026,3,24,1,4,12,8
19,0,2026,3,24,1,3,0,11
19,5,2026,3,24,2,4,2,13
19,11,2026,3,24,3,2,1,14
19,18,2026,3,24,4,2,3,13
19,25,2026,3,24,5,6,8,11
19,31,2026,3,24,4,5,2,14
19,36,2026,3,24,3,3,3,14
19,41,2026,3,24,2,2,4,12
19,47,2026,3,24,1,6,7,11
20,0,2026,3,24,1,3,0,14
20,5,2026,3,24,2,5,4,15
20,11,2026,3,24,3,5,3,17
20,18,2026,3,24,4,3,4,16
20,25,2026,3,24,5,2,9,9
20,31,2026,3,24,4,4,0,13
20,36,2026,3,24,3,5,3,15
20,41,2026,3,24,2,4,5,14
20,47,2026,3,24,1,2,8,8
21,0,2026,3,24,1,2,0,10
21,5,2026,3,24,2,3,0,13
21,11,2026,3,24,3,5,5,13
21,18,2026,3,24,4,6,5,14
21,25,2026,3,24,5,5,7,12
21,31,2026,3,24,4,5,0,17
21,36,2026,3,24,3,5,3,19
21,41,2026,3,24,2,3,4,18
21,47,2026,3,24,1,5,12,11
22,0,2026,3,24,1,2,0,13
22,5,2026,3,24,2,3,2,14
22,11,2026,3,24,3,4,4,14
22,18,2026,3,24,4,3,4,13
22,25,2026,3,24,5,6,10,9
22,31,2026,3,24,4,5,2,12
22,36,2026,3,24,3,6,1,17
22,41,2026,3,24,2,2,10,9
22,47,2026,3,24,1,4,4,9
23,0,2026,3,24,1,3,0,12
23,5,2026,3,24,2,5,1,16
23,11,2026,3,24,3,3,2,17
23,18,2026,3,24,4,4,8,13
23,25,2026,3,24,5,5,7,11
23,31,2026,3,24,4,3,2,12
23,36,2026,3,24,3,5,4,13
23,41,2026,3,24,2,4,7,10
23,47,2026,3,24,1,0,10,0
6,0,2026,3,25,1,5,0,5
6,5,2026,3,25,2,7,3,9
6,11,2026,3,25,3,15,1,23
6,18,2026,3,25,4,4,8,19
6,25,2026,3,25,5,18,8,29
6,31,2026,3,25,4,3,3,29
6,36,2026,3,25,3,21,6,44
6,41,2026,3,25,2,17,12,49
6,47,2026,3,25,1,3,20,32
7,0,2026,3,25,1,4,0,36
7,5,2026,3,25,2,14,0,50
7,11,2026,3,25,3,10,8,52
7,18,2026,3,25,4,3,20,35
7,25,2026,3,25,5,15,13,37
7,31,2026,3,25,4,3,8,32
7,36,2026,3,25,3,11,4,39
7,41,2026,3,25,2,13,6,46
7,47,2026,3,25,1,2,20,28
8,0,2026,3,25,1,2,0,30
8,5,2026,3,25,2,11,0,41
8,11,2026,3,25,3,21,0,62
8,18,2026,3,25,4,1,20,43
8,25,2026,3,25,5,16,15,44
8,31,2026,3,25,4,2,13,33
8,36,2026,3,25,3,19,4,48
8,41,2026,3,25,2,5,13,40
8,47,2026,3,25,1,1,20,21
9,0,2026,3,25,1,1,0,22
9,5,2026,3,25,2,2,0,24
9,11,2026,3,25,3,3,1,26
9,18,2026,3,25,4,4,20,10
9,25,2026,3,25,5,6,5,11
9,31,2026,3,25,4,3,4,10
9,36,2026,3,25,3,5,0,15
9,41,2026,3,25,2,3,2,16
9,47,2026,3,25,1,2,14,4
10,0,2026,3,25,1,3,0,7
10,5,2026,3,25,2,2,2,7
10,11,2026,3,25,3,5,1,11
10,18,2026,3,25,4,3,3,11
10,25,2026,3,25,5,5,7,9
10,31,2026,3,25,4,3,0,12
10,36,2026,3,25,3,6,4,14
10,41,2026,3,25,2,2,1,15
10,47,2026,3,25,1,5,10,10
11,0,2026,3,25,1,2,0,12
11,5,2026,3,25,2,4,1,15
11,11,2026,3,25,3,4,3,16
11,18,2026,3,25,4,2,5,13
11,25,2026,3,25,5,3,10,6
11,31,2026,3,25,4,3,0,9
11,36,2026,3,25,3,5,2,12
11,41,2026,3,25,2,2,5,9
11,47,2026,3,25,1,2,3,8
12,0,2026,3,25,1,3,0,11
12,5,2026,3,25,2,2,1,12
12,11,2026,3,25,3,4,4,12
12,18,2026,3,25,4,3,5,10
12,25,2026,3,25,5,6,6,10
12,31,2026,3,25,4,5,1,14
12,36,2026,3,25,3,3,5,12
12,41,2026,3,25,2,6,4,14
12,47,2026,3,25,1,3,7,10
13,0,2026,3,25,1,24,0,34
13,5,2026,3,25,2,6,11,29
13,11,2026,3,25,3,3,8,24
13,18,2026,3,25,4,28,5,47
13,25,2026,3,25,5,3,20,30
13,31,2026,3,25,4,26,0,56
13,36,2026,3,25,3,5,19,42
13,41,2026,3,25,2,4,20,26
13,47,2026,3,25,1,9,12,23
14,0,2026,3,25,1,8,0,31
14,5,2026,3,25,2,2,1,32
14,11,2026,3,25,3,6,9,29
14,18,2026,3,25,4,25,10,44
14,25,2026,3,25,5,5,19,30
14,31,2026,3,25,4,20,2,48
14,36,2026,3,25,3,3,18,33
14,41,2026,3,25,2,6,16,23
14,47,2026,3,25,1,11,10,24
15,0,2026,3,25,1,16,0,40
15,5,2026,3,25,2,4,4,40
15,11,2026,3,25,3,3,8,35
15,18,2026,3,25,4,30,16,49
15,25,2026,3,25,5,6,20,35
15,31,2026,3,25,4,13,0,48
15,36,2026,3,25,3,6,20,34
15,41,2026,3,25,2,3,15,22
15,47,2026,3,25,1,17,10,29
16,0,2026,3,25,1,3,0,32
16,5,2026,3,25,2,6,4,34
16,11,2026,3,25,3,6,10,30
16,18,2026,3,25,4,6,5,31
16,25,2026,3,25,5,6,20,17
16,31,2026,3,25,4,3,2,18
16,36,2026,3,25,3,4,4,18
16,41,2026,3,25,2,6,3,21
16,47,2026,3,25,1,6,14,13
17,0,2026,3,25,1,5,0,18
17,5,2026,3,25,2,4,1,21
17,11,2026,3,25,3,2,2,21
17,18,2026,3,25,4,6,6,21
17,25,2026,3,25,5,5,14,12
17,31,2026,3,25,4,3,1,14
17,36,2026,3,25,3,5,6,13
17,41,2026,3,25,2,4,4,13
17,47,2026,3,25,1,5,7,11
18,0,2026,3,25,1,6,0,17
18,5,2026,3,25,2,6,2,21
18,11,2026,3,25,3,3,3,21
18,18,2026,3,25,4,6,10,17
18,25,2026,3,25,5,2,11,8
18,31,2026,3,25,4,6,1,13
18,36,2026,3,25,3,5,3,15
18,41,2026,3,25,2,5,5,15
18,47,2026,3,25,1,2,9,8
19,0,2026,3,25,1,4,0,12
19,5,2026,3,25,2,2,1,13
19,11,2026,3,25,3,3,3,13
19,18,2026,3,25,4,5,7,11
19,25,2026,3,25,5,5,4,12
19,31,2026,3,25,4,2,3,11
19,36,2026,3,25,3,3,2,12
19,41,2026,3,25,2,5,3,14
19,47,2026,3,25,1,4,10,8
20,0,2026,3,25,1,3,0,11
20,5,2026,3,25,2,6,2,15
20,11,2026,3,25,3,2,4,13
20,18,2026,3,25,4,5,7,11
20,25,2026,3,25,5,6,7,10
20,31,2026,3,25,4,2,2,10
20,36,2026,3,25,3,2,1,11
20,41,2026,3,25,2,6,3,14
20,47,2026,3,25,1,6,8,12
21,0,2026,3,25,1,3,0,15
21,5,2026,3,25,2,3,5,13
21,11,2026,3,25,3,5,4,14
21,18,2026,3,25,4,6,5,15
21,25,2026,3,25,5,4,7,12
21,31,2026,3,25,4,3,0,15
21,36,2026,3,25,3,5,3,17
21,41,2026,3,25,2,4,8,13
21,47,2026,3,25,1,6,6,13
22,0,2026,3,25,1,5,0,18
22,5,2026,3,25,2,2,3,17
22,11,2026,3,25,3,5,4,18
22,18,2026,3,25,4,2,5,15
22,25,2026,3,25,5,2,11,6
22,31,2026,3,25,4,2,0,8
22,36,2026,3,25,3,3,2,9
22,41,2026,3,25,2,5,3,11
22,47,2026,3,25,1,5,5,11
23,0,2026,3,25,1,2,0,13
23,5,2026,3,25,2,2,1,14
23,11,2026,3,25,3,4,5,13
23,18,2026,3,25,4,5,4,14
23,25,2026,3,25,5,5,5,14
23,31,2026,3,25,4,3,1,16
23,36,2026,3,25,3,6,6,16
23,41,2026,3,25,2,5,9,12
23,47,2026,3,25,1,0,12,0
6,0,2026,3,26,1,4,0,4
6,5,2026,3,26,2,22,1,25
6,11,2026,3,26,3,22,6,41
6,18,2026,3,26,4,2,9,34
6,25,2026,3,26,5,18,12,40
6,31,2026,3,26,4,2,6,36
6,36,2026,3,26,3,11,4,43
6,41,2026,3,26,2,20,12,51
6,47,2026,3,26,1,4,20,35
7,0,2026,3,26,1,3,0,38
7,5,2026,3,26,2,22,2,58
7,11,2026,3,26,3,17,12,63
7,18,2026,3,26,4,5,20,48
7,25,2026,3,26,5,8,15,41
7,31,2026,3,26,4,5,6,40
7,36,2026,3,26,3,12,7,45
7,41,2026,3,26,2,20,14,51
7,47,2026,3,26,1,3,20,34
8,0,2026,3,26,1,2,0,36
8,5,2026,3,26,2,18,0,54
8,11,2026,3,26,3,13,3,64
8,18,2026,3,26,4,1,20,45
8,25,2026,3,26,5,13,17,41
8,31,2026,3,26,4,2,10,33
8,36,2026,3,26,3,9,3,39
8,41,2026,3,26,2,21,9,51
8,47,2026,3,26,1,3,20,34
9,0,2026,3,26,1,2,0,36
9,5,2026,3,26,2,4,3,37
9,11,2026,3,26,3,6,6,37
9,18,2026,3,26,4,3,20,20
9,25,2026,3,26,5,5,12,13
9,31,2026,3,26,4,4,1,16
9,36,2026,3,26,3,4,1,19
9,41,2026,3,26,2,6,3,22
9,47,2026,3,26,1,2,20,4
10,0,2026,3,26,1,6,0,10
10,5,2026,3,26,2,4,3,11
10,11,2026,3,26,3,6,4,13
10,18,2026,3,26,4,2,4,11
10,25,2026,3,26,5,2,6,7
10,31,2026,3,26,4,4,1,10
10,36,2026,3,26,3,5,2,13
10,41,2026,3,26,2,3,7,9
10,47,2026,3,26,1,2,4,7
11,0,2026,3,26,1,2,0,9
11,5,2026,3,26,2,3,1,11
11,11,2026,3,26,3,4,4,11
11,18,2026,3,26,4,5,4,12
11,25,2026,3,26,5,5,3,14
11,31,2026,3,26,4,4,0,18
11,36,2026,3,26,3,3,3,18
11,41,2026,3,26,2,5,7,16
11,47,2026,3,26,1,6,13,9
12,0,2026,3,26,1,3,0,12
12,5,2026,3,26,2,5,0,17
12,11,2026,3,26,3,6,5,18
12,18,2026,3,26,4,5,6,17
12,25,2026,3,26,5,4,6,15
12,31,2026,3,26,4,5,1,19
12,36,2026,3,26,3,4,4,19
12,41,2026,3,26,2,6,5,20
12,47,2026,3,26,1,2,17,5
13,0,2026,3,26,1,25,0,30
13,5,2026,3,26,2,4,12,22
13,11,2026,3,26,3,6,7,21
13,18,2026,3,26,4,32,7,46
13,25,2026,3,26,5,3,20,29
13,31,2026,3,26,4,15,0,44
13,36,2026,3,26,3,5,15,34
13,41,2026,3,26,2,2,16,20
13,47,2026,3,26,1,25,11,34
14,0,2026,3,26,1,16,0,50
14,5,2026,3,26,2,5,12,43
14,11,2026,3,26,3,3,15,31
14,18,2026,3,26,4,32,11,52
14,25,2026,3,26,5,6,20,38
14,31,2026,3,26,4,23,1,60
14,36,2026,3,26,3,5,20,45
14,41,2026,3,26,2,5,20,30
14,47,2026,3,26,1,29,17,42
15,0,2026,3,26,1,8,0,50
15,5,2026,3,26,2,5,4,51
15,11,2026,3,26,3,5,18,38
15,18,2026,3,26,4,32,16,54
15,25,2026,3,26,5,6,20,40
15,31,2026,3,26,4,28,2,66
15,36,2026,3,26,3,2,20,48
15,41,2026,3,26,2,6,20,34
15,47,2026,3,26,1,28,20,42
16,0,2026,3,26,1,4,0,46
16,5,2026,3,26,2,2,9,39
16,11,2026,3,26,3,4,15,28
16,18,2026,3,26,4,4,8,24
16,25,2026,3,26,5,3,18,9
16,31,2026,3,26,4,3,0,12
16,36,2026,3,26,3,3,3,12
16,41,2026,3,26,2,2,5,9
16,47,2026,3,26,1,6,5,10
17,0,2026,3,26,1,6,0,16
17,5,2026,3,26,2,6,2,20
17,11,2026,3,26,3,2,4,18
17,18,2026,3,26,4,4,6,16
17,25,2026,3,26,5,4,11,9
17,31,2026,3,26,4,4,1,12
17,36,2026,3,26,3,6,1,17
17,41,2026,3,26,2,6,3,20
17,47,2026,3,26,1,5,11,14
18,0,2026,3,26,1,3,0,17
18,5,2026,3,26,2,3,0,20
18,11,2026,3,26,3,6,1,25
18,18,2026,3,26,4,6,10,21
18,25,2026,3,26,5,5,11,15
18,31,2026,3,26,4,6,0,21
18,36,2026,3,26,3,2,3,20
18,41,2026,3,26,2,4,7,17
18,47,2026,3,26,1,3,12,8
19,0,2026,3,26,1,3,0,11
19,5,2026,3,26,2,6,3,14
19,11,2026,3,26,3,4,0,18
19,18,2026,3,26,4,4,6,16
19,25,2026,3,26,5,5,10,11
19,31,2026,3,26,4,4,2,13
19,36,2026,3,26,3,5,3,15
19,41,2026,3,26,2,6,5,16
19,47,2026,3,26,1,3,8,11
20,0,2026,3,26,1,3,0,14
20,5,2026,3,26,2,5,2,17
20,11,2026,3,26,3,4,5,16
20,18,2026,3,26,4,3,6,13
20,25,2026,3,26,5,4,10,7
20,31,2026,3,26,4,4,0,11
20,36,2026,3,26,3,6,7,10
20,41,2026,3,26,2,3,3,10
20,47,2026,3,26,1,6,4,12
21,0,2026,3,26,1,2,0,14
21,5,2026,3,26,2,2,2,14
21,11,2026,3,26,3,2,4,12
21,18,2026,3,26,4,4,4,12
21,25,2026,3,26,5,5,5,12
21,31,2026,3,26,4,2,1,13
21,36,2026,3,26,3,2,1,14
21,41,2026,3,26,2,4,11,7
21,47,2026,3,26,1,4,4,7
22,0,2026,3,26,1,2,0,9
22,5,2026,3,26,2,6,1,14
22,11,2026,3,26,3,4,1,17
22,18,2026,3,26,4,2,10,9
22,25,2026,3,26,5,5,3,11
22,31,2026,3,26,4,6,1,16
22,36,2026,3,26,3,3,3,16
22,41,2026,3,26,2,2,5,13
22,47,2026,3,26,1,4,9,8
23,0,2026,3,26,1,2,0,10
23,5,2026,3,26,2,4,2,12
23,11,2026,3,26,3,4,1,15
23,18,2026,3,26,4,6,6,15
23,25,2026,3,26,5,2,9,8
23,31,2026,3,26,4,4,0,12
23,36,2026,3,26,3,4,5,11
23,41,2026,3,26,2,6,5,12
23,47,2026,3,26,1,0,12,0
6,0,2026,3,27,1,3,0,3
6,5,2026,3,27,2,13,1,15
6,11,2026,3,27,3,11,6,20
6,18,2026,3,27,4,5,7,18
6,25,2026,3,27,5,17,9,26
6,31,2026,3,27,4,4,4,26
6,36,2026,3,27,3,12,3,35
6,41,2026,3,27,2,12,13,34
6,47,2026,3,27,1,3,12,25
7,0,2026,3,27,1,1,0,26
7,5,2026,3,27,2,11,2,35
7,11,2026,3,27,3,20,6,49
7,18,2026,3,27,4,4,20,33
7,25,2026,3,27,5,5,7,31
7,31,2026,3,27,4,1,5,27
7,36,2026,3,27,3,6,1,32
7,41,2026,3,27,2,21,7,46
7,47,2026,3,27,1,3,20,29
8,0,2026,3,27,1,4,0,33
8,5,2026,3,27,2,14,0,47
8,11,2026,3,27,3,21,6,62
8,18,2026,3,27,4,5,20,47
8,25,2026,3,27,5,18,17,48
8,31,2026,3,27,4,3,15,36
8,36,2026,3,27,3,15,4,47
8,41,2026,3,27,2,20,10,57
8,47,2026,3,27,1,1,20,38
9,0,2026,3,27,1,4,0,42
9,5,2026,3,27,2,2,2,42
9,11,2026,3,27,3,2,5,39
9,18,2026,3,27,4,1,20,20
9,25,2026,3,27,5,3,16,7
9,31,2026,3,27,4,3,1,9
9,36,2026,3,27,3,3,0,12
9,41,2026,3,27,2,5,0,17
9,47,2026,3,27,1,2,15,4
10,0,2026,3,27,1,2,0,6
10,5,2026,3,27,2,6,0,12
10,11,2026,3,27,3,5,3,14
10,18,2026,3,27,4,3,5,12
10,25,2026,3,27,5,3,4,11
10,31,2026,3,27,4,5,1,15
10,36,2026,3,27,3,4,3,16
10,41,2026,3,27,2,6,6,16
10,47,2026,3,27,1,6,9,13
11,0,2026,3,27,1,4,0,17
11,5,2026,3,27,2,3,2,18
11,11,2026,3,27,3,5,5,18
11,18,2026,3,27,4,5,8,15
11,25,2026,3,27,5,6,10,11
11,31,2026,3,27,4,5,1,15
11,36,2026,3,27,3,2,2,15
11,41,2026,3,27,2,2,8,9
11,47,2026,3,27,1,6,6,9
12,0,2026,3,27,1,4,0,13
12,5,2026,3,27,2,4,2,15
12,11,2026,3,27,3,3,4,14
12,18,2026,3,27,4,5,4,15
12,25,2026,3,27,5,6,8,13
12,31,2026,3,27,4,5,1,17
12,36,2026,3,27,3,2,7,12
12,41,2026,3,27,2,4,3,13
12,47,2026,3,27,1,6,10,9
13,0,2026,3,27,1,22,0,31
13,5,2026,3,27,2,3,8,26
13,11,2026,3,27,3,2,8,20
13,18,2026,3,27,4,27,8,39
13,25,2026,3,27,5,5,15,29
13,31,2026,3,27,4,21,1,49
13,36,2026,3,27,3,6,20,35
13,41,2026,3,27,2,2,18,19
13,47,2026,3,27,1,32,12,39
14,0,2026,3,27,1,27,0,66
14,5,2026,3,27,2,4,20,50
14,11,2026,3,27,3,2,20,32
14,18,2026,3,27,4,9,7,34
14,25,2026,3,27,5,2,20,16
14,31,2026,3,27,4,7,0,23
14,36,2026,3,27,3,5,9,19
14,41,2026,3,27,2,2,7,14
14,47,2026,3,27,1,25,10,29
15,0,2026,3,27,1,20,0,49
15,5,2026,3,27,2,5,12,42
15,11,2026,3,27,3,5,18,29
15,18,2026,3,27,4,13,5,37
15,25,2026,3,27,5,2,20,19
15,31,2026,3,27,4,12,1,30
15,36,2026,3,27,3,4,12,22
15,41,2026,3,27,2,2,6,18
15,47,2026,3,27,1,30,11,37
16,0,2026,3,27,1,6,0,43
16,5,2026,3,27,2,4,6,41
16,11,2026,3,27,3,6,9,38
16,18,2026,3,27,4,2,15,25
16,25,2026,3,27,5,3,18,10
16,31,2026,3,27,4,5,2,13
16,36,2026,3,27,3,4,3,14
16,41,2026,3,27,2,6,4,16
16,47,2026,3,27,1,4,9,11
17,0,2026,3,27,1,5,0,16
17,5,2026,3,27,2,3,4,15
17,11,2026,3,27,3,2,3,14
17,18,2026,3,27,4,5,3,16
17,25,2026,3,27,5,5,9,12
17,31,2026,3,27,4,5,2,15
17,36,2026,3,27,3,2,4,13
17,41,2026,3,27,2,4,5,12
17,47,2026,3,27,1,6,5,13
18,0,2026,3,27,1,6,0,19
18,5,2026,3,27,2,4,4,19
18,11,2026,3,27,3,5,5,19
18,18,2026,3,27,4,5,6,18
18,25,2026,3,27,5,3,14,7
18,31,2026,3,27,4,6,0,13
18,36,2026,3,27,3,6,1,18
18,41,2026,3,27,2,3,6,15
18,47,2026,3,27,1,6,8,13
19,0,2026,3,27,1,4,0,17
19,5,2026,3,27,2,5,3,19
19,11,2026,3,27,3,6,4,21
19,18,2026,3,27,4,6,7,20
19,25,2026,3,27,5,4,11,13
19,31,2026,3,27,4,5,2,16
19,36,2026,3,27,3,6,6,16
19,41,2026,3,27,2,3,4,15
19,47,2026,3,27,1,2,7,10
20,0,2026,3,27,1,2,0,12
20,5,2026,3,27,2,5,1,16
20,11,2026,3,27,3,6,5,17
20,18,2026,3,27,4,5,5,17
20,25,2026,3,27,5,2,7,12
20,31,2026,3,27,4,3,1,14
20,36,2026,3,27,3,3,2,15
20,41,2026,3,27,2,6,4,17
20,47,2026,3,27,1,3,12,8
21,0,2026,3,27,1,2,0,10
21,5,2026,3,27,2,5,1,14
21,11,2026,3,27,3,5,5,14
21,18,2026,3,27,4,2,4,12
21,25,2026,3,27,5,2,8,6
21,31,2026,3,27,4,5,0,11
21,36,2026,3,27,3,6,3,14
21,41,2026,3,27,2,6,5,15
21,47,2026,3,27,1,6,7,14
22,0,2026,3,27,1,4,0,18
22,5,2026,3,27,2,6,2,22
22,11,2026,3,27,3,6,5,23
22,18,2026,3,27,4,2,9,16
22,25,2026,3,27,5,2,11,7
22,31,2026,3,27,4,2,0,9
22,36,2026,3,27,3,5,1,13
22,41,2026,3,27,2,6,5,14
22,47,2026,3,27,1,3,6,11
23,0,2026,3,27,1,5,0,16
23,5,2026,3,27,2,3,0,19
23,11,2026,3,27,3,6,1,24
23,18,2026,3,27,4,4,9,19
23,25,2026,3,27,5,6,12,13
23,31,2026,3,27,4,5,3,15
23,36,2026,3,27,3,3,3,15
23,41,2026,3,27,2,3,9,9
23,47,2026,3,27,1,0,9,0
6,0,2026,3,28,1,3,0,3
6,5,2026,3,28,2,15,1,17
6,11,2026,3,28,3,13,5,25
6,18,2026,3,28,4,5,5,25
6,25,2026,3,28,5,12,11,26
6,31,2026,3,28,4,6,3,29
6,36,2026,3,28,3,8,2,35
6,41,2026,3,28,2,19,13,41
6,47,2026,3,28,1,4,12,33
7,0,2026,3,28,1,4,0,37
7,5,2026,3,28,2,11,2,46
7,11,2026,3,28,3,11,7,50
7,18,2026,3,28,4,5,20,35
7,25,2026,3,28,5,20,14,41
7,31,2026,3,28,4,3,17,27
7,36,2026,3,28,3,20,2,45
7,41,2026,3,28,2,16,6,55
7,47,2026,3,28,1,1,20,36
8,0,2026,3,28,1,3,0,39
8,5,2026,3,28,2,6,3,42
8,11,2026,3,28,3,7,6,43
8,18,2026,3,28,4,5,20,28
8,25,2026,3,28,5,11,12,27
8,31,2026,3,28,4,3,6,24
8,36,2026,3,28,3,17,2,39
8,41,2026,3,28,2,15,2,52
8,47,2026,3,28,1,4,20,36
9,0,2026,3,28,1,1,0,37
9,5,2026,3,28,2,5,2,40
9,11,2026,3,28,3,3,6,37
9,18,2026,3,28,4,4,20,21
9,25,2026,3,28,5,6,10,17
9,31,2026,3,28,4,2,4,15
9,36,2026,3,28,3,6,0,21
9,41,2026,3,28,2,4,1,24
9,47,2026,3,28,1,4,20,8
10,0,2026,3,28,1,4,0,12
10,5,2026,3,28,2,3,4,11
10,11,2026,3,28,3,4,6,9
10,18,2026,3,28,4,4,3,10
10,25,2026,3,28,5,5,5,10
10,31,2026,3,28,4,4,1,13
10,36,2026,3,28,3,6,1,18
10,41,2026,3,28,2,4,11,11
10,47,2026,3,28,1,3,5,9
11,0,2026,3,28,1,5,0,14
11,5,2026,3,28,2,4,2,16
11,11,2026,3,28,3,5,2,19
11,18,2026,3,28,4,4,5,18
11,25,2026,3,28,5,2,10,10
11,31,2026,3,28,4,5,0,15
11,36,2026,3,28,3,3,1,17
11,41,2026,3,28,2,4,5,16
11,47,2026,3,28,1,2,9,9
12,0,2026,3,28,1,4,0,13
12,5,2026,3,28,2,6,3,16
12,11,2026,3,28,3,3,4,15
12,18,2026,3,28,4,3,4,14
12,25,2026,3,28,5,2,8,8
12,31,2026,3,28,4,2,0,10
12,36,2026,3,28,3,6,1,15
12,41,2026,3,28,2,6,3,18
12,47,2026,3,28,1,3,10,11
13,0,2026,3,28,1,29,0,40
13,5,2026,3,28,2,4,9,35
13,11,2026,3,28,3,6,13,28
13,18,2026,3,28,4,12,9,31
13,25,2026,3,28,5,3,18,16
13,31,2026,3,28,4,8,1,23
13,36,2026,3,28,3,5,2,26
13,41,2026,3,28,2,6,10,22
13,47,2026,3,28,1,25,10,37
14,0,2026,3,28,1,16,0,53
14,5,2026,3,28,2,6,10,49
14,11,2026,3,28,3,5,16,38
14,18,2026,3,28,4,11,11,38
14,25,2026,3,28,5,4,20,22
14,31,2026,3,28,4,9,0,31
14,36,2026,3,28,3,3,6,28
14,41,2026,3,28,2,5,14,19
14,47,2026,3,28,1,20,9,30
15,0,2026,3,28,1,7,0,37
15,5,2026,3,28,2,6,5,38
15,11,2026,3,28,3,3,13,28
15,18,2026,3,28,4,25,6,47
15,25,2026,3,28,5,5,20,32
15,31,2026,3,28,4,30,0,62
15,36,2026,3,28,3,6,20,48
15,41,2026,3,28,2,3,20,31
15,47,2026,3,28,1,31,18,44
16,0,2026,3,28,1,6,0,50
16,5,2026,3,28,2,6,11,45
16,11,2026,3,28,3,6,14,37
16,18,2026,3,28,4,3,14,26
16,25,2026,3,28,5,3,20,9
16,31,2026,3,28,4,2,0,11
16,36,2026,3,28,3,6,2,15
16,41,2026,3,28,2,4,8,11
16,47,2026,3,28,1,5,5,11
17,0,2026,3,28,1,3,0,14
17,5,2026,3,28,2,2,1,15
17,11,2026,3,28,3,5,3,17
17,18,2026,3,28,4,4,8,13
17,25,2026,3,28,5,4,9,8
17,31,2026,3,28,4,6,1,13
17,36,2026,3,28,3,5,4,14
17,41,2026,3,28,2,5,5,14
17,47,2026,3,28,1,5,7,12
18,0,2026,3,28,1,5,0,17
18,5,2026,3,28,2,3,5,15
18,11,2026,3,28,3,3,5,13
18,18,2026,3,28,4,4,6,11
18,25,2026,3,28,5,2,5,8
18,31,2026,3,28,4,4,0,12
18,36,2026,3,28,3,5,4,13
18,41,2026,3,28,2,2,4,11
18,47,2026,3,28,1,3,5,9
19,0,2026,3,28,1,2,0,11
19,5,2026,3,28,2,6,2,15
19,11,2026,3,28,3,3,1,17
19,18,2026,3,28,4,2,8,11
19,25,2026,3,28,5,3,6,8
19,31,2026,3,28,4,4,1,11
19,36,2026,3,28,3,3,0,14
19,41,2026,3,28,2,3,2,15
19,47,2026,3,28,1,2,9,8
20,0,2026,3,28,1,5,0,13
20,5,2026,3,28,2,5,3,15
20,11,2026,3,28,3,3,0,18
20,18,2026,3,28,4,5,8,15
20,25,2026,3,28,5,2,9,8
20,31,2026,3,28,4,4,1,11
20,36,2026,3,28,3,3,2,12
20,41,2026,3,28,2,4,2,14
20,47,2026,3,28,1,2,9,7
21,0,2026,3,28,1,3,0,10
21,5,2026,3,28,2,3,3,10
21,11,2026,3,28,3,3,2,11
21,18,2026,3,28,4,2,5,8
21,25,2026,3,28,5,6,4,10
21,31,2026,3,28,4,2,3,9
21,36,2026,3,28,3,4,2,11
21,41,2026,3,28,2,3,4,10
21,47,2026,3,28,1,3,4,9
22,0,2026,3,28,1,5,0,14
22,5,2026,3,28,2,3,3,14
22,11,2026,3,28,3,5,2,17
22,18,2026,3,28,4,6,5,18
22,25,2026,3,28,5,6,11,13
22,31,2026,3,28,4,5,1,17
22,36,2026,3,28,3,4,6,15
22,41,2026,3,28,2,6,6,15
22,47,2026,3,28,1,3,8,10
23,0,2026,3,28,1,3,0,13
23,5,2026,3,28,2,3,2,14
23,11,2026,3,28,3,5,5,14
23,18,2026,3,28,4,6,4,16
23,25,2026,3,28,5,4,8,12
23,31,2026,3,28,4,5,1,16
23,36,2026,3,28,3,6,4,18
23,41,2026,3,28,2,6,9,15
23,47,2026,3,28,1,0,15,0
6,0,2026,3,29,1,3,0,3
6,5,2026,3,29,2,18,2,19
6,11,2026,3,29,3,6,5,20
6,18,2026,3,29,4,5,4,21
6,25,2026,3,29,5,10,9,22
6,31,2026,3,29,4,6,3,25
6,36,2026,3,29,3,11,4,32
6,41,2026,3,29,2,11,10,33
6,47,2026,3,29,1,4,13,24
7,0,2026,3,29,1,3,0,27
7,5,2026,3,29,2,18,1,44
7,11,2026,3,29,3,14,8,50
7,18,2026,3,29,4,3,20,33
7,25,2026,3,29,5,22,6,49
7,31,2026,3,29,4,2,17,34
7,36,2026,3,29,3,22,1,55
7,41,2026,3,29,2,15,12,58
7,47,2026,3,29,1,3,20,41
8,0,2026,3,29,1,2,0,43
8,5,2026,3,29,2,20,3,60
8,11,2026,3,29,3,17,11,66
8,18,2026,3,29,4,1,20,47
8,25,2026,3,29,5,9,20,36
8,31,2026,3,29,4,2,6,32
8,36,2026,3,29,3,8,3,37
8,41,2026,3,29,2,10,9,38
8,47,2026,3,29,1,1,20,19
9,0,2026,3,29,1,4,0,23
9,5,2026,3,29,2,3,0,26
9,11,2026,3,29,3,4,2,28
9,18,2026,3,29,4,1,19,10
9,25,2026,3,29,5,6,5,11
9,31,2026,3,29,4,5,1,15
9,36,2026,3,29,3,3,0,18
9,41,2026,3,29,2,4,1,21
9,47,2026,3,29,1,3,18,6
10,0,2026,3,29,1,4,0,10
10,5,2026,3,29,2,3,0,13
10,11,2026,3,29,3,2,5,10
10,18,2026,3,29,4,2,3,9
10,25,2026,3,29,5,3,4,8
10,31,2026,3,29,4,6,1,13
10,36,2026,3,29,3,6,1,18
10,41,2026,3,29,2,2,5,15
10,47,2026,3,29,1,3,8,10
11,0,2026,3,29,1,4,0,14
11,5,2026,3,29,2,2,2,14
11,11,2026,3,29,3,3,2,15
11,18,2026,3,29,4,2,7,10
11,25,2026,3,29,5,3,4,9
11,31,2026,3,29,4,4,2,11
11,36,2026,3,29,3,3,2,12
11,41,2026,3,29,2,3,4,11
11,47,2026,3,29,1,3,9,5
12,0,2026,3,29,1,2,0,7
12,5,2026,3,29,2,6,1,12
12,11,2026,3,29,3,3,7,8
12,18,2026,3,29,4,6,4,10
12,25,2026,3,29,5,3,3,10
12,31,2026,3,29,4,3,1,12
12,36,2026,3,29,3,3,4,11
12,41,2026,3,29,2,5,6,10
12,47,2026,3,29,1,6,5,11
13,0,2026,3,29,1,9,0,20
13,5,2026,3,29,2,4,5,19
13,11,2026,3,29,3,6,8,17
13,18,2026,3,29,4,21,4,34
13,25,2026,3,29,5,6,20,20
13,31,2026,3,29,4,18,1,37
13,36,2026,3,29,3,3,12,28
13,41,2026,3,29,2,2,12,18
13,47,2026,3,29,1,14,7,25
14,0,2026,3,29,1,23,0,48
14,5,2026,3,29,2,5,10,43
14,11,2026,3,29,3,2,18,27
14,18,2026,3,29,4,24,5,46
14,25,2026,3,29,5,2,20,28
14,31,2026,3,29,4,30,0,58
14,36,2026,3,29,3,4,20,42
14,41,2026,3,29,2,6,20,28
14,47,2026,3,29,1,18,12,34
15,0,2026,3,29,1,20,0,54
15,5,2026,3,29,2,3,14,43
15,11,2026,3,29,3,5,14,34
15,18,2026,3,29,4,24,8,50
15,25,2026,3,29,5,5,20,35
15,31,2026,3,29,4,24,1,58
15,36,2026,3,29,3,5,20,43
15,41,2026,3,29,2,6,20,29
15,47,2026,3,29,1,23,15,37
16,0,2026,3,29,1,4,0,41
16,5,2026,3,29,2,6,3,44
16,11,2026,3,29,3,2,14,32
16,18,2026,3,29,4,5,14,23
16,25,2026,3,29,5,2,18,7
16,31,2026,3,29,4,3,0,10
16,36,2026,3,29,3,2,5,7
16,41,2026,3,29,2,4,3,8
16,47,2026,3,29,1,2,1,9
17,0,2026,3,29,1,2,0,11
17,5,2026,3,29,2,3,0,14
17,11,2026,3,29,3,2,0,16
17,18,2026,3,29,4,6,5,17
17,25,2026,3,29,5,6,9,14
17,31,2026,3,29,4,5,0,19
17,36,2026,3,29,3,4,2,21
17,41,2026,3,29,2,5,8,18
17,47,2026,3,29,1,3,14,7
18,0,2026,3,29,1,5,0,12
18,5,2026,3,29,2,6,2,16
18,11,2026,3,29,3,6,5,17
18,18,2026,3,29,4,5,6,16
18,25,2026,3,29,5,4,8,12
18,31,2026,3,29,4,4,1,15
18,36,2026,3,29,3,4,4,15
18,41,2026,3,29,2,6,7,14
18,47,2026,3,29,1,2,8,8
19,0,2026,3,29,1,2,0,10
19,5,2026,3,29,2,2,1,11
19,11,2026,3,29,3,6,3,14
19,18,2026,3,29,4,6,6,14
19,25,2026,3,29,5,6,5,15
19,31,2026,3,29,4,4,1,18
19,36,2026,3,29,3,4,4,18
19,41,2026,3,29,2,3,4,17
19,47,2026,3,29,1,2,9,10
20,0,2026,3,29,1,5,0,15
20,5,2026,3,29,2,2,4,13
20,11,2026,3,29,3,3,1,15
20,18,2026,3,29,4,4,4,15
20,25,2026,3,29,5,3,9,9
20,31,2026,3,29,4,4,0,13
20,36,2026,3,29,3,5,3,15
20,41,2026,3,29,2,5,6,14
20,47,2026,3,29,1,4,8,10
21,0,2026,3,29,1,3,0,13
21,5,2026,3,29,2,6,2,17
21,11,2026,3,29,3,6,2,21
21,18,2026,3,29,4,5,8,18
21,25,2026,3,29,5,5,11,12
21,31,2026,3,29,4,6,2,16
21,36,2026,3,29,3,4,3,17
21,41,2026,3,29,2,4,7,14
21,47,2026,3,29,1,2,10,6
22,0,2026,3,29,1,3,0,9
22,5,2026,3,29,2,4,1,12
22,11,2026,3,29,3,6,2,16
22,18,2026,3,29,4,4,4,16
22,25,2026,3,29,5,2,8,10
22,31,2026,3,29,4,3,2,11
22,36,2026,3,29,3,2,1,12
22,41,2026,3,29,2,4,5,11
22,47,2026,3,29,1,3,7,7
23,0,2026,3,29,1,3,0,10
23,5,2026,3,29,2,3,0,13
23,11,2026,3,29,3,6,4,15
23,18,2026,3,29,4,4,6,13
23,25,2026,3,29,5,3,6,10
23,31,2026,3,29,4,2,1,11
23,36,2026,3,29,3,5,5,11
23,41,2026,3,29,2,4,4,11
23,47,2026,3,29,1,0,11,0
6,0,2026,3,30,1,5,0,5
6,5,2026,3,30,2,9,1,13
6,11,2026,3,30,3,17,3,27
6,18,2026,3,30,4,5,8,24
6,25,2026,3,30,5,22,9,37
6,31,2026,3,30,4,6,5,38
6,36,2026,3,30,3,5,7,36
6,41,2026,3,30,2,16,14,38
6,47,2026,3,30,1,3,19,22
7,0,2026,3,30,1,4,0,26
7,5,2026,3,30,2,11,1,36
7,11,2026,3,30,3,10,2,44
7,18,2026,3,30,4,5,20,29
7,25,2026,3,30,5,16,5,40
7,31,2026,3,30,4,1,11,30
7,36,2026,3,30,3,16,5,41
7,41,2026,3,30,2,13,5,49
7,47,2026,3,30,1,1,20,30
8,0,2026,3,30,1,3,0,33
8,5,2026,3,30,2,9,0,42
8,11,2026,3,30,3,19,7,54
8,18,2026,3,30,4,4,20,38
8,25,2026,3,30,5,21,9,50
8,31,2026,3,30,4,3,15,38
8,36,2026,3,30,3,7,4,41
8,41,2026,3,30,2,9,14,36
8,47,2026,3,30,1,4,20,20
9,0,2026,3,30,1,1,0,21
9,5,2026,3,30,2,5,1,25
9,11,2026,3,30,3,5,3,27
9,18,2026,3,30,4,2,18,11
9,25,2026,3,30,5,5,1,15
9,31,2026,3,30,4,4,1,18
9,36,2026,3,30,3,3,0,21
9,41,2026,3,30,2,2,1,22
9,47,2026,3,30,1,4,20,6
10,0,2026,3,30,1,6,0,12
10,5,2026,3,30,2,3,1,14
10,11,2026,3,30,3,6,1,19
10,18,2026,3,30,4,2,4,17
10,25,2026,3,30,5,5,9,13
10,31,2026,3,30,4,4,2,15
10,36,2026,3,30,3,6,3,18
10,41,2026,3,30,2,5,7,16
10,47,2026,3,30,1,2,9,9
11,0,2026,3,30,1,2,0,11
11,5,2026,3,30,2,6,0,17
11,11,2026,3,30,3,2,4,15
11,18,2026,3,30,4,6,10,11
11,25,2026,3,30,5,2,6,7
11,31,2026,3,30,4,5,0,12
11,36,2026,3,30,3,2,6,8
11,41,2026,3,30,2,2,4,6
11,47,2026,3,30,1,6,2,10
12,0,2026,3,30,1,2,0,12
12,5,2026,3,30,2,3,1,14
12,11,2026,3,30,3,2,4,12
12,18,2026,3,30,4,2,4,10
12,25,2026,3,30,5,5,7,8
12,31,2026,3,30,4,6,1,13
12,36,2026,3,30,3,5,1,17
12,41,2026,3,30,2,2,5,14
12,47,2026,3,30,1,6,7,13
13,0,2026,3,30,1,8,0,21
13,5,2026,3,30,2,5,3,23
13,11,2026,3,30,3,4,5,22
13,18,2026,3,30,4,10,8,24
13,25,2026,3,30,5,2,12,14
13,31,2026,3,30,4,21,0,35
13,36,2026,3,30,3,6,10,31
13,41,2026,3,30,2,5,15,21
13,47,2026,3,30,1,12,12,21
14,0,2026,3,30,1,13,0,34
14,5,2026,3,30,2,6,7,33
14,11,2026,3,30,3,2,8,27
14,18,2026,3,30,4,18,8,37
14,25,2026,3,30,5,3,20,20
14,31,2026,3,30,4,11,0,31
14,36,2026,3,30,3,4,8,27
14,41,2026,3,30,2,4,11,20
14,47,2026,3,30,1,14,11,23
15,0,2026,3,30,1,32,0,55
15,5,2026,3,30,2,2,7,50
15,11,2026,3,30,3,6,20,36
15,18,2026,3,30,4,30,11,55
15,25,2026,3,30,5,4,20,39
15,31,2026,3,30,4,28,1,66
15,36,2026,3,30,3,5,18,53
15,41,2026,3,30,2,6,20,39
15,47,2026,3,30,1,26,15,50
16,0,2026,3,30,1,2,0,52
16,5,2026,3,30,2,2,8,46
16,11,2026,3,30,3,2,13,35
16,18,2026,3,30,4,6,14,27
16,25,2026,3,30,5,6,20,13
16,31,2026,3,30,4,6,0,19
16,36,2026,3,30,3,4,3,20
16,41,2026,3,30,2,5,9,16
16,47,2026,3,30,1,6,9,13
17,0,2026,3,30,1,2,0,15
17,5,2026,3,30,2,6,0,21
17,11,2026,3,30,3,2,7,16
17,18,2026,3,30,4,5,5,16
17,25,2026,3,30,5,5,9,12
17,31,2026,3,30,4,2,0,14
17,36,2026,3,30,3,5,4,15
17,41,2026,3,30,2,4,6,13
17,47,2026,3,30,1,6,8,11
18,0,2026,3,30,1,3,0,14
18,5,2026,3,30,2,6,4,16
18,11,2026,3,30,3,6,7,15
18,18,2026,3,30,4,2,9,8
18,25,2026,3,30,5,3,4,7
18,31,2026,3,30,4,3,0,10
18,36,2026,3,30,3,6,3,13
18,41,2026,3,30,2,4,6,11
18,47,2026,3,30,1,2,7,6
19,0,2026,3,30,1,3,0,9
19,5,2026,3,30,2,6,2,13
19,11,2026,3,30,3,2,2,13
19,18,2026,3,30,4,3,3,13
19,25,2026,3,30,5,2,7,8
19,31,2026,3,30,4,4,0,12
19,36,2026,3,30,3,4,1,15
19,41,2026,3,30,2,5,4,16
19,47,2026,3,30,1,4,10,10
20,0,2026,3,30,1,5,0,15
20,5,2026,3,30,2,5,1,19
20,11,2026,3,30,3,4,4,19
20,18,2026,3,30,4,6,5,20
20,25,2026,3,30,5,2,10,12
20,31,2026,3,30,4,3,0,15
20,36,2026,3,30,3,4,1,18
20,41,2026,3,30,2,4,8,14
20,47,2026,3,30,1,4,6,12
21,0,2026,3,30,1,6,0,18
21,5,2026,3,30,2,6,3,21
21,11,2026,3,30,3,5,2,24
21,18,2026,3,30,4,4,11,17
21,25,2026,3,30,5,5,11,11
21,31,2026,3,30,4,3,2,12
21,36,2026,3,30,3,5,2,15
21,41,2026,3,30,2,4,4,15
21,47,2026,3,30,1,2,8,9
22,0,2026,3,30,1,5,0,14
22,5,2026,3,30,2,2,0,16
22,11,2026,3,30,3,3,3,16
22,18,2026,3,30,4,5,6,15
22,25,2026,3,30,5,5,9,11
22,31,2026,3,30,4,2,1,12
22,36,2026,3,30,3,6,1,17
22,41,2026,3,30,2,4,7,14
22,47,2026,3,30,1,4,8,10
23,0,2026,3,30,1,3,0,13
23,5,2026,3,30,2,3,1,15
23,11,2026,3,30,3,5,2,18
23,18,2026,3,30,4,5,3,20
23,25,2026,3,30,5,5,12,13
23,31,2026,3,30,4,2,1,14
23,36,2026,3,30,3,3,4,13
23,41,2026,3,30,2,6,8,11
23,47,2026,3,30,1,0,11,0
6,0,2026,3,31,1,3,0,3
6,5,2026,3,31,2,21,2,22
6,11,2026,3,31,3,22,2,42
6,18,2026,3,31,4,3,11,34
6,25,2026,3,31,5,18,14,38
6,31,2026,3,31,4,5,5,38
6,36,2026,3,31,3,17,8,47
6,41,2026,3,31,2,7,13,41
6,47,2026,3,31,1,2,17,26
7,0,2026,3,31,1,3,0,29
7,5,2026,3,31,2,5,2,32
7,11,2026,3,31,3,19,2,49
7,18,2026,3,31,4,5,20,34
7,25,2026,3,31,5,7,10,31
7,31,2026,3,31,4,2,5,28
7,36,2026,3,31,3,12,1,39
7,41,2026,3,31,2,12,5,46
7,47,2026,3,31,1,2,20,28
8,0,2026,3,31,1,4,0,32
8,5,2026,3,31,2,8,0,40
8,11,2026,3,31,3,19,5,54
8,18,2026,3,31,4,3,20,37
8,25,2026,3,31,5,5,15,27
8,31,2026,3,31,4,4,4,27
8,36,2026,3,31,3,19,0,46
8,41,2026,3,31,2,15,10,51
8,47,2026,3,31,1,2,20,33
9,0,2026,3,31,1,3,0,36
9,5,2026,3,31,2,2,2,36
9,11,2026,3,31,3,3,4,35
9,18,2026,3,31,4,5,20,20
9,25,2026,3,31,5,5,11,14
9,31,2026,3,31,4,4,2,16
9,36,2026,3,31,3,4,0,20
9,41,2026,3,31,2,5,1,24
9,47,2026,3,31,1,4,20,8
10,0,2026,3,31,1,5,0,13
10,5,2026,3,31,2,2,3,12
10,11,2026,3,31,3,4,5,11
10,18,2026,3,31,4,3,5,9
10,25,2026,3,31,5,2,5,6
10,31,2026,3,31,4,3,1,8
10,36,2026,3,31,3,4,2,10
10,41,2026,3,31,2,6,7,9
10,47,2026,3,31,1,4,2,11
11,0,2026,3,31,1,2,0,13
11,5,2026,3,31,2,3,2,14
11,11,2026,3,31,3,3,3,14
11,18,2026,3,31,4,3,6,11
11,25,2026,3,31,5,3,8,6
11,31,2026,3,31,4,5,1,10
11,36,2026,3,31,3,4,3,11
11,41,2026,3,31,2,5,5,11
11,47,2026,3,31,1,4,2,13
12,0,2026,3,31,1,4,0,17
12,5,2026,3,31,2,2,2,17
12,11,2026,3,31,3,5,4,18
12,18,2026,3,31,4,4,3,19
12,25,2026,3,31,5,2,13,8
12,31,2026,3,31,4,6,1,13
12,36,2026,3,31,3,6,3,16
12,41,2026,3,31,2,6,7,15
12,47,2026,3,31,1,5,7,13
13,0,2026,3,31,1,31,0,44
13,5,2026,3,31,2,2,12,34
13,11,2026,3,31,3,5,12,27
13,18,2026,3,31,4,12,11,28
13,25,2026,3,31,5,5,15,18
13,31,2026,3,31,4,9,1,26
13,36,2026,3,31,3,4,7,23
13,41,2026,3,31,2,3,10,16
13,47,2026,3,31,1,8,7,17
14,0,2026,3,31,1,23,0,40
14,5,2026,3,31,2,5,8,37
14,11,2026,3,31,3,2,10,29
14,18,2026,3,31,4,21,6,44
14,25,2026,3,31,5,2,20,26
14,31,2026,3,31,4,28,0,54
14,36,2026,3,31,3,6,18,42
14,41,2026,3,31,2,4,16,30
14,47,2026,3,31,1,13,11,32
15,0,2026,3,31,1,7,0,39
15,5,2026,3,31,2,6,8,37
15,11,2026,3,31,3,3,8,32
15,18,2026,3,31,4,27,8,51
15,25,2026,3,31,5,3,20,34
15,31,2026,3,31,4,28,1,61
15,36,2026,3,31,3,2,20,43
15,41,2026,3,31,2,6,16,33
15,47,2026,3,31,1,23,16,40
16,0,2026,3,31,1,4,0,44
16,5,2026,3,31,2,5,5,44
16,11,2026,3,31,3,3,13,34
16,18,2026,3,31,4,2,18,18
16,25,2026,3,31,5,2,15,5
16,31,2026,3,31,4,5,2,8
16,36,2026,3,31,3,3,2,9
16,41,2026,3,31,2,3,2,10
16,47,2026,3,31,1,4,3,11
17,0,2026,3,31,1,2,0,13
17,5,2026,3,31,2,2,0,15
17,11,2026,3,31,3,3,1,17
17,18,2026,3,31,4,5,8,14
17,25,2026,3,31,5,5,9,10
17,31,2026,3,31,4,3,0,13
17,36,2026,3,31,3,3,2,14
17,41,2026,3,31,2,5,7,12
17,47,2026,3,31,1,5,5,12
18,0,2026,3,31,1,2,0,14
18,5,2026,3,31,2,6,0,20
18,11,2026,3,31,3,5,3,22
18,18,2026,3,31,4,6,10,18
18,25,2026,3,31,5,5,6,17
18,31,2026,3,31,4,3,0,20
18,36,2026,3,31,3,4,4,20
18,41,2026,3,31,2,5,10,15
18,47,2026,3,31,1,6,10,11
19,0,2026,3,31,1,5,0,16
19,5,2026,3,31,2,5,1,20
19,11,2026,3,31,3,3,5,18
19,18,2026,3,31,4,2,6,14
19,25,2026,3,31,5,4,7,11
19,31,2026,3,31,4,2,1,12
19,36,2026,3,31,3,5,4,13
19,41,2026,3,31,2,6,2,17
19,47,2026,3,31,1,2,9,10
20,0,2026,3,31,1,5,0,15
20,5,2026,3,31,2,2,1,16
20,11,2026,3,31,3,5,2,19
20,18,2026,3,31,4,5,13,11
20,25,2026,3,31,5,6,7,10
20,31,2026,3,31,4,5,0,15
20,36,2026,3,31,3,3,5,13
20,41,2026,3,31,2,6,5,14
20,47,2026,3,31,1,5,9,10
21,0,2026,3,31,1,4,0,14
21,5,2026,3,31,2,3,4,13
21,11,2026,3,31,3,3,2,14
21,18,2026,3,31,4,2,8,8
21,25,2026,3,31,5,4,2,10
21,31,2026,3,31,4,3,1,12
21,36,2026,3,31,3,2,4,10
21,41,2026,3,31,2,3,3,10
21,47,2026,3,31,1,5,6,9
22,0,2026,3,31,1,3,0,12
22,5,2026,3,31,2,5,3,14
22,11,2026,3,31,3,6,3,17
22,18,2026,3,31,4,5,7,15
22,25,2026,3,31,5,5,9,11
22,31,2026,3,31,4,6,1,16
22,36,2026,3,31,3,6,7,15
22,41,2026,3,31,2,6,7,14
22,47,2026,3,31,1,4,7,11
23,0,2026,3,31,1,3,0,14
23,5,2026,3,31,2,4,2,16
23,11,2026,3,31,3,4,7,13
23,18,2026,3,31,4,5,5,13
23,25,2026,3,31,5,2,6,9
23,31,2026,3,31,4,4,2,11
23,36,2026,3,31,3,6,1,16
23,41,2026,3,31,2,2,7,11
23,47,2026,3,31,1,0,11,0
6,0,2026,4,1,1,3,0,3
6,5,2026,4,1,2,10,0,13
6,11,2026,4,1,3,20,2,31
6,18,2026,4,1,4,2,7,26
6,25,2026,4,1,5,14,9,31
6,31,2026,4,1,4,2,5,28
6,36,2026,4,1,3,15,6,37
6,41,2026,4,1,2,8,12,33
6,47,2026,4,1,1,6,14,25
7,0,2026,4,1,1,2,0,27
7,5,2026,4,1,2,15,0,42
7,11,2026,4,1,3,12,4,50
7,18,2026,4,1,4,5,20,35
7,25,2026,4,1,5,16,11,40
7,31,2026,4,1,4,5,13,32
7,36,2026,4,1,3,10,4,38
7,41,2026,4,1,2,10,7,41
7,47,2026,4,1,1,4,20,25
8,0,2026,4,1,1,4,0,29
8,5,2026,4,1,2,16,1,44
8,11,2026,4,1,3,7,4,47
8,18,2026,4,1,4,2,20,29
8,25,2026,4,1,5,18,8,39
8,31,2026,4,1,4,2,17,24
8,36,2026,4,1,3,15,1,38
8,41,2026,4,1,2,9,4,43
8,47,2026,4,1,1,1,20,24
9,0,2026,4,1,1,2,0,26
9,5,2026,4,1,2,6,1,31
9,11,2026,4,1,3,6,1,36
9,18,2026,4,1,4,4,20,20
9,25,2026,4,1,5,4,5,19
9,31,2026,4,1,4,1,1,19
9,36,2026,4,1,3,5,1,23
9,41,2026,4,1,2,4,2,25
9,47,2026,4,1,1,4,20,9
10,0,2026,4,1,1,6,0,15
10,5,2026,4,1,2,6,2,19
10,11,2026,4,1,3,3,9,13
10,18,2026,4,1,4,2,4,11
10,25,2026,4,1,5,5,7,9
10,31,2026,4,1,4,5,2,12
10,36,2026,4,1,3,5,4,13
10,41,2026,4,1,2,4,4,13
10,47,2026,4,1,1,5,6,12
11,0,2026,4,1,1,2,0,14
11,5,2026,4,1,2,6,0,20
11,11,2026,4,1,3,4,4,20
11,18,2026,4,1,4,3,7,16
11,25,2026,4,1,5,3,10,9
11,31,2026,4,1,4,6,0,15
11,36,2026,4,1,3,4,1,18
11,41,2026,4,1,2,4,5,17
11,47,2026,4,1,1,4,12,9
12,0,2026,4,1,1,3,0,12
12,5,2026,4,1,2,4,2,14
12,11,2026,4,1,3,3,3,14
12,18,2026,4,1,4,5,6,13
12,25,2026,4,1,5,5,6,12
12,31,2026,4,1,4,4,2,14
12,36,2026,4,1,3,2,3,13
12,41,2026,4,1,2,3,6,10
12,47,2026,4,1,1,2,6,6
13,0,2026,4,1,1,30,0,36
13,5,2026,4,1,2,5,9,32
13,11,2026,4,1,3,4,12,24
13,18,2026,4,1,4,26,4,46
13,25,2026,4,1,5,6,20,32
13,31,2026,4,1,4,22,0,54
13,36,2026,4,1,3,6,16,44
13,41,2026,4,1,2,2,17,29
13,47,2026,4,1,1,7,15,21
14,0,2026,4,1,1,30,0,51
14,5,2026,4,1,2,6,11,46
14,11,2026,4,1,3,2,14,34
14,18,2026,4,1,4,28,10,52
14,25,2026,4,1,5,3,20,35
14,31,2026,4,1,4,7,0,42
14,36,2026,4,1,3,3,11,34
14,41,2026,4,1,2,3,14,23
14,47,2026,4,1,1,8,17,14
15,0,2026,4,1,1,19,0,33
15,5,2026,4,1,2,3,13,23
15,11,2026,4,1,3,2,11,14
15,18,2026,4,1,4,21,4,31
15,25,2026,4,1,5,5,12,24
15,31,2026,4,1,4,15,1,38
15,36,2026,4,1,3,2,9,31
15,41,2026,4,1,2,6,12,25
15,47,2026,4,1,1,8,12,21
16,0,2026,4,1,1,6,0,27
16,5,2026,4,1,2,3,5,25
16,11,2026,4,1,3,4,5,24
16,18,2026,4,1,4,6,9,21
16,25,2026,4,1,5,6,15,12
16,31,2026,4,1,4,5,0,17
16,36,2026,4,1,3,2,5,14
16,41,2026,4,1,2,5,8,11
16,47,2026,4,1,1,3,4,10
17,0,2026,4,1,1,4,0,14
17,5,2026,4,1,2,5,0,19
17,11,2026,4,1,3,6,5,20
17,18,2026,4,1,4,4,8,16
17,25,2026,4,1,5,2,9,9
17,31,2026,4,1,4,5,1,13
17,36,2026,4,1,3,3,1,15
17,41,2026,4,1,2,2,6,11
17,47,2026,4,1,1,6,6,11
18,0,2026,4,1,1,5,0,16
18,5,2026,4,1,2,2,6,12
18,11,2026,4,1,3,2,2,12
18,18,2026,4,1,4,2,7,7
18,25,2026,4,1,5,6,5,8
18,31,2026,4,1,4,2,2,8
18,36,2026,4,1,3,2,3,7
18,41,2026,4,1,2,4,1,10
18,47,2026,4,1,1,5,5,10
19,0,2026,4,1,1,4,0,14
19,5,2026,4,1,2,3,2,15
19,11,2026,4,1,3,2,8,9
19,18,2026,4,1,4,2,5,6
19,25,2026,4,1,5,2,3,5
19,31,2026,4,1,4,5,1,9
19,36,2026,4,1,3,3,1,11
19,41,2026,4,1,2,6,5,12
19,47,2026,4,1,1,3,6,9
20,0,2026,4,1,1,6,0,15
20,5,2026,4,1,2,3,0,18
20,11,2026,4,1,3,6,5,19
20,18,2026,4,1,4,3,3,19
20,25,2026,4,1,5,2,9,12
20,31,2026,4,1,4,2,0,14
20,36,2026,4,1,3,4,0,18
20,41,2026,4,1,2,6,8,16
20,47,2026,4,1,1,2,11,7
21,0,2026,4,1,1,6,0,13
21,5,2026,4,1,2,4,1,16
21,11,2026,4,1,3,4,3,17
21,18,2026,4,1,4,3,12,8
21,25,2026,4,1,5,6,1,13
21,31,2026,4,1,4,4,1,16
21,36,2026,4,1,3,6,4,18
21,41,2026,4,1,2,2,6,14
21,47,2026,4,1,1,5,10,9
22,0,2026,4,1,1,5,0,14
22,5,2026,4,1,2,5,1,18
22,11,2026,4,1,3,4,9,13
22,18,2026,4,1,4,6,6,13
22,25,2026,4,1,5,5,3,15
22,31,2026,4,1,4,5,1,19
22,36,2026,4,1,3,3,9,13
22,41,2026,4,1,2,3,3,13
22,47,2026,4,1,1,5,6,12
23,0,2026,4,1,1,4,0,16
23,5,2026,4,1,2,2,2,16
23,11,2026,4,1,3,2,6,12
23,18,2026,4,1,4,4,4,12
23,25,2026,4,1,5,5,7,10
23,31,2026,4,1,4,3,1,12
23,36,2026,4,1,3,4,4,12
23,41,2026,4,1,2,5,1,16
23,47,2026,4,1,1,0,16,0
6,0,2026,4,2,1,4,0,4
6,5,2026,4,2,2,18,0,22
6,11,2026,4,2,3,7,6,23
6,18,2026,4,2,4,6,4,25
6,25,2026,4,2,5,17,11,31
6,31,2026,4,2,4,2,4,29
6,36,2026,4,2,3,18,7,40
6,41,2026,4,2,2,11,10,41
6,47,2026,4,2,1,2,17,26
7,0,2026,4,2,1,2,0,28
7,5,2026,4,2,2,19,2,45
7,11,2026,4,2,3,7,4,48
7,18,2026,4,2,4,5,20,33
7,25,2026,4,2,5,16,2,47
7,31,2026,4,2,4,4,11,40
7,36,2026,4,2,3,15,4,51
7,41,2026,4,2,2,14,14,51
7,47,2026,4,2,1,1,20,32
8,0,2026,4,2,1,4,0,36
8,5,2026,4,2,2,16,2,50
8,11,2026,4,2,3,10,6,54
8,18,2026,4,2,4,5,20,39
8,25,2026,4,2,5,12,13,38
8,31,2026,4,2,4,3,10,31
8,36,2026,4,2,3,20,5,46
8,41,2026,4,2,2,22,9,59
8,47,2026,4,2,1,1,20,40
9,0,2026,4,2,1,4,0,44
9,5,2026,4,2,2,6,2,48
9,11,2026,4,2,3,2,10,40
9,18,2026,4,2,4,4,20,24
9,25,2026,4,2,5,4,13,15
9,31,2026,4,2,4,1,1,15
9,36,2026,4,2,3,2,0,17
9,41,2026,4,2,2,2,2,17
9,47,2026,4,2,1,1,17,1
10,0,2026,4,2,1,4,0,5
10,5,2026,4,2,2,4,0,9
10,11,2026,4,2,3,4,2,11
10,18,2026,4,2,4,3,5,9
10,25,2026,4,2,5,4,7,6
10,31,2026,4,2,4,3,1,8
10,36,2026,4,2,3,6,5,9
10,41,2026,4,2,2,2,2,9
10,47,2026,4,2,1,6,4,11
11,0,2026,4,2,1,3,0,14
11,5,2026,4,2,2,4,3,15
11,11,2026,4,2,3,6,6,15
11,18,2026,4,2,4,5,5,15
11,25,2026,4,2,5,6,7,14
11,31,2026,4,2,4,6,1,19
11,36,2026,4,2,3,6,2,23
11,41,2026,4,2,2,3,11,15
11,47,2026,4,2,1,4,9,10
12,0,2026,4,2,1,4,0,14
12,5,2026,4,2,2,6,2,18
12,11,2026,4,2,3,4,4,18
12,18,2026,4,2,4,6,4,20
12,25,2026,4,2,5,4,11,13
12,31,2026,4,2,4,6,1,18
12,36,2026,4,2,3,2,3,17
12,41,2026,4,2,2,2,8,11
12,47,2026,4,2,1,5,6,10
13,0,2026,4,2,1,24,0,34
13,5,2026,4,2,2,2,12,24
13,11,2026,4,2,3,2,6,20
13,18,2026,4,2,4,14,7,27
13,25,2026,4,2,5,6,14,19
13,31,2026,4,2,4,9,1,27
13,36,2026,4,2,3,6,8,25
13,41,2026,4,2,2,5,14,16
13,47,2026,4,2,1,13,8,21
14,0,2026,4,2,1,8,0,29
14,5,2026,4,2,2,3,4,28
14,11,2026,4,2,3,2,9,21
14,18,2026,4,2,4,23,7,37
14,25,2026,4,2,5,4,15,26
14,31,2026,4,2,4,29,0,55
14,36,2026,4,2,3,5,20,40
14,41,2026,4,2,2,5,16,29
14,47,2026,4,2,1,16,12,33
15,0,2026,4,2,1,24,0,57
15,5,2026,4,2,2,2,12,47
15,11,2026,4,2,3,5,16,36
15,18,2026,4,2,4,22,13,45
15,25,2026,4,2,5,5,20,30
15,31,2026,4,2,4,13,0,43
15,36,2026,4,2,3,5,15,33
15,41,2026,4,2,2,4,20,17
15,47,2026,4,2,1,32,6,43
16,0,2026,4,2,1,6,0,49
16,5,2026,4,2,2,3,11,41
16,11,2026,4,2,3,3,11,33
16,18,2026,4,2,4,4,13,24
16,25,2026,4,2,5,3,19,8
16,31,2026,4,2,4,2,0,10
16,36,2026,4,2,3,2,2,10
16,41,2026,4,2,2,2,3,9
16,47,2026,4,2,1,3,5,7
17,0,2026,4,2,1,2,0,9
17,5,2026,4,2,2,4,2,11
17,11,2026,4,2,3,4,3,12
17,18,2026,4,2,4,6,4,14
17,25,2026,4,2,5,6,7,13
17,31,2026,4,2,4,6,1,18
17,36,2026,4,2,3,3,4,17
17,41,2026,4,2,2,6,7,16
17,47,2026,4,2,1,3,8,11
18,0,2026,4,2,1,5,0,16
18,5,2026,4,2,2,6,1,21
18,11,2026,4,2,3,5,7,19
18,18,2026,4,2,4,6,8,17
18,25,2026,4,2,5,5,10,12
18,31,2026,4,2,4,4,1,15
18,36,2026,4,2,3,4,4,15
18,41,2026,4,2,2,5,6,14
18,47,2026,4,2,1,3,5,12
19,0,2026,4,2,1,5,0,17
19,5,2026,4,2,2,3,1,19
19,11,2026,4,2,3,4,4,19
19,18,2026,4,2,4,2,8,13
19,25,2026,4,2,5,5,10,8
19,31,2026,4,2,4,5,2,11
19,36,2026,4,2,3,2,2,11
19,41,2026,4,2,2,5,7,9
19,47,2026,4,2,1,5,4,10
20,0,2026,4,2,1,5,0,15
20,5,2026,4,2,2,4,4,15
20,11,2026,4,2,3,5,4,16
20,18,2026,4,2,4,2,5,13
20,25,2026,4,2,5,2,7,8
20,31,2026,4,2,4,5,0,13
20,36,2026,4,2,3,2,3,12
20,41,2026,4,2,2,5,4,13
20,47,2026,4,2,1,2,7,8
21,0,2026,4,2,1,5,0,13
21,5,2026,4,2,2,2,3,12
21,11,2026,4,2,3,5,3,14
21,18,2026,4,2,4,6,7,13
21,25,2026,4,2,5,3,4,12
21,31,2026,4,2,4,2,0,14
21,36,2026,4,2,3,2,6,10
21,41,2026,4,2,2,6,4,12
21,47,2026,4,2,1,2,7,7
22,0,2026,4,2,1,4,0,11
22,5,2026,4,2,2,2,2,11
22,11,2026,4,2,3,4,2,13
22,18,2026,4,2,4,4,4,13
22,25,2026,4,2,5,2,7,8
22,31,2026,4,2,4,2,0,10
22,36,2026,4,2,3,2,2,10
22,41,2026,4,2,2,4,3,11
22,47,2026,4,2,1,5,7,9
23,0,2026,4,2,1,4,0,13
23,5,2026,4,2,2,4,2,15
23,11,2026,4,2,3,5,3,17
23,18,2026,4,2,4,4,9,12
23,25,2026,4,2,5,6,8,10
23,31,2026,4,2,4,3,2,11
23,36,2026,4,2,3,3,6,8
23,41,2026,4,2,2,5,4,9
23,47,2026,4,2,1,0,9,0
6,0,2026,4,3,1,4,0,4
6,5,2026,4,3,2,14,1,17
6,11,2026,4,3,3,11,3,25
6,18,2026,4,3,4,6,9,22
6,25,2026,4,3,5,22,9,35
6,31,2026,4,3,4,6,6,35
6,36,2026,4,3,3,10,11,34
6,41,2026,4,3,2,17,10,41
6,47,2026,4,3,1,2,18,25
7,0,2026,4,3,1,2,0,27
7,5,2026,4,3,2,11,2,36
7,11,2026,4,3,3,19,2,53
7,18,2026,4,3,4,4,20,37
7,25,2026,4,3,5,12,12,37
7,31,2026,4,3,4,3,10,30
7,36,2026,4,3,3,7,5,32
7,41,2026,4,3,2,16,3,45
7,47,2026,4,3,1,3,20,28
8,0,2026,4,3,1,3,0,31
8,5,2026,4,3,2,13,3,41
8,11,2026,4,3,3,15,7,49
8,18,2026,4,3,4,4,20,33
8,25,2026,4,3,5,12,10,35
8,31,2026,4,3,4,4,10,29
8,36,2026,4,3,3,18,4,43
8,41,2026,4,3,2,8,5,46
8,47,2026,4,3,1,4,20,30
9,0,2026,4,3,1,2,0,32
9,5,2026,4,3,2,2,2,32
9,11,2026,4,3,3,3,3,32
9,18,2026,4,3,4,2,20,14
9,25,2026,4,3,5,6,7,13
9,31,2026,4,3,4,2,5,10
9,36,2026,4,3,3,4,0,14
9,41,2026,4,3,2,3,2,15
9,47,2026,4,3,1,1,13,3
10,0,2026,4,3,1,6,0,9
10,5,2026,4,3,2,4,1,12
10,11,2026,4,3,3,3,4,11
10,18,2026,4,3,4,4,4,11
10,25,2026,4,3,5,5,4,12
10,31,2026,4,3,4,5,2,15
10,36,2026,4,3,3,4,4,15
10,41,2026,4,3,2,3,6,12
10,47,2026,4,3,1,4,8,8
11,0,2026,4,3,1,5,0,13
11,5,2026,4,3,2,6,3,16
11,11,2026,4,3,3,2,4,14
11,18,2026,4,3,4,6,1,19
11,25,2026,4,3,5,3,11,11
11,31,2026,4,3,4,2,0,13
11,36,2026,4,3,3,2,1,14
11,41,2026,4,3,2,3,6,11
11,47,2026,4,3,1,2,7,6
12,0,2026,4,3,1,5,0,11
12,5,2026,4,3,2,6,0,17
12,11,2026,4,3,3,2,5,14
12,18,2026,4,3,4,6,5,15
12,25,2026,4,3,5,6,12,9
12,31,2026,4,3,4,6,2,13
12,36,2026,4,3,3,6,5,14
12,41,2026,4,3,2,6,4,16
12,47,2026,4,3,1,3,5,14
13,0,2026,4,3,1,32,0,46
13,5,2026,4,3,2,5,10,41
13,11,2026,4,3,3,6,16,31
13,18,2026,4,3,4,8,6,33
13,25,2026,4,3,5,4,20,17
13,31,2026,4,3,4,12,2,27
13,36,2026,4,3,3,2,4,25
13,41,2026,4,3,2,2,12,15
13,47,2026,4,3,1,28,7,36
14,0,2026,4,3,1,19,0,55
14,5,2026,4,3,2,4,18,41
14,11,2026,4,3,3,6,11,36
14,18,2026,4,3,4,20,10,46
14,25,2026,4,3,5,2,20,28
14,31,2026,4,3,4,9,0,37
14,36,2026,4,3,3,6,12,31
14,41,2026,4,3,2,5,17,19
14,47,2026,4,3,1,22,12,29
15,0,2026,4,3,1,9,0,38
15,5,2026,4,3,2,4,10,32
15,11,2026,4,3,3,2,8,26
15,18,2026,4,3,4,23,9,40
15,25,2026,4,3,5,3,20,23
15,31,2026,4,3,4,7,0,30
15,36,2026,4,3,3,3,9,24
15,41,2026,4,3,2,4,12,16
15,47,2026,4,3,1,21,7,30
16,0,2026,4,3,1,4,0,34
16,5,2026,4,3,2,4,5,33
16,11,2026,4,3,3,6,12,27
16,18,2026,4,3,4,5,13,19
16,25,2026,4,3,5,3,16,6
16,31,2026,4,3,4,3,1,8
16,36,2026,4,3,3,6,3,11
16,41,2026,4,3,2,3,2,12
16,47,2026,4,3,1,3,5,10
17,0,2026,4,3,1,6,0,16
17,5,2026,4,3,2,4,2,18
17,11,2026,4,3,3,3,3,18
17,18,2026,4,3,4,2,8,12
17,25,2026,4,3,5,4,9,7
17,31,2026,4,3,4,2,0,9
17,36,2026,4,3,3,5,3,11
17,41,2026,4,3,2,3,3,11
17,47,2026,4,3,1,6,4,13
18,0,2026,4,3,1,5,0,18
18,5,2026,4,3,2,2,1,19
18,11,2026,4,3,3,6,5,20
18,18,2026,4,3,4,3,7,16
18,25,2026,4,3,5,5,11,10
18,31,2026,4,3,4,3,0,13
18,36,2026,4,3,3,5,0,18
18,41,2026,4,3,2,3,5,16
18,47,2026,4,3,1,4,9,11
19,0,2026,4,3,1,6,0,17
19,5,2026,4,3,2,3,3,17
19,11,2026,4,3,3,3,1,19
19,18,2026,4,3,4,5,5,19
19,25,2026,4,3,5,5,14,10
19,31,2026,4,3,4,4,1,13
19,36,2026,4,3,3,6,3,16
19,41,2026,4,3,2,2,9,9
19,47,2026,4,3,1,2,6,5
20,0,2026,4,3,1,6,0,11
20,5,2026,4,3,2,4,4,11
20,11,2026,4,3,3,2,3,10
20,18,2026,4,3,4,2,3,9
20,25,2026,4,3,5,4,6,7
20,31,2026,4,3,4,4,1,10
20,36,2026,4,3,3,6,0,16
20,41,2026,4,3,2,6,6,16
20,47,2026,4,3,1,4,6,14
21,0,2026,4,3,1,2,0,16
21,5,2026,4,3,2,3,1,18
21,11,2026,4,3,3,6,7,17
21,18,2026,4,3,4,4,4,17
21,25,2026,4,3,5,3,10,10
21,31,2026,4,3,4,3,2,11
21,36,2026,4,3,3,4,1,14
21,41,2026,4,3,2,4,6,12
21,47,2026,4,3,1,6,4,14
22,0,2026,4,3,1,6,0,20
22,5,2026,4,3,2,5,3,22
22,11,2026,4,3,3,3,5,20
22,18,2026,4,3,4,4,6,18
22,25,2026,4,3,5,4,15,7
22,31,2026,4,3,4,3,0,10
22,36,2026,4,3,3,5,4,11
22,41,2026,4,3,2,5,1,15
22,47,2026,4,3,1,6,6,15
23,0,2026,4,3,1,4,0,19
23,5,2026,4,3,2,4,4,19
23,11,2026,4,3,3,2,3,18
23,18,2026,4,3,4,4,9,13
23,25,2026,4,3,5,5,7,11
23,31,2026,4,3,4,4,1,14
23,36,2026,4,3,3,2,3,13
23,41,2026,4,3,2,3,5,11
23,47,2026,4,3,1,0,11,0
