hour,minute,year,month,day,station,in,out,inside
6,0,2025,12,12,5,7,0,7
6,4,2025,12,12,7,5,0,12
6,9,2025,12,12,8,15,2,25
6,13,2025,12,12,9,5,5,25
6,18,2025,12,12,10,18,7,36
6,21,2025,12,12,11,15,10,41
6,27,2025,12,12,10,15,3,53
6,32,2025,12,12,9,5,8,50
6,38,2025,12,12,8,20,15,55
6,41,2025,12,12,7,2,23,34
6,48,2025,12,12,5,19,18,35
7,0,2025,12,12,5,6,0,41
7,4,2025,12,12,7,4,19,26
7,9,2025,12,12,8,12,4,34
7,13,2025,12,12,9,10,8,36
7,18,2025,12,12,10,12,7,41
7,21,2025,12,12,11,6,13,34
7,27,2025,12,12,10,17,1,50
7,32,2025,12,12,9,13,7,56
7,38,2025,12,12,8,11,10,57
7,41,2025,12,12,7,5,20,42
7,48,2025,12,12,5,7,20,29
8,0,2025,12,12,5,18,0,47
8,4,2025,12,12,7,5,16,36
8,9,2025,12,12,8,20,6,50
8,13,2025,12,12,9,22,7,65
8,18,2025,12,12,10,8,7,66
8,21,2025,12,12,11,5,24,47
8,27,2025,12,12,10,6,2,51
8,32,2025,12,12,9,18,9,60
8,38,2025,12,12,8,17,11,66
8,41,2025,12,12,7,1,29,38
8,48,2025,12,12,5,16,13,41
9,0,2025,12,12,5,5,0,46
9,4,2025,12,12,7,1,11,36
9,9,2025,12,12,8,4,3,37
9,13,2025,12,12,9,2,4,35
9,18,2025,12,12,10,4,18,21
9,21,2025,12,12,11,5,12,14
9,27,2025,12,12,10,3,0,17
9,32,2025,12,12,9,4,0,21
9,38,2025,12,12,8,2,0,23
9,41,2025,12,12,7,2,20,5
9,48,2025,12,12,5,6,2,9
10,0,2025,12,12,5,4,0,13
10,4,2025,12,12,7,2,3,12
10,9,2025,12,12,8,6,1,17
10,13,2025,12,12,9,6,5,18
10,18,2025,12,12,10,2,6,14
10,21,2025,12,12,11,2,7,9
10,27,2025,12,12,10,2,1,10
10,32,2025,12,12,9,5,0,15
10,38,2025,12,12,8,4,2,17
10,41,2025,12,12,7,2,4,15
10,48,2025,12,12,5,5,5,15
11,0,2025,12,12,5,5,0,20
11,4,2025,12,12,7,2,5,17
11,9,2025,12,12,8,6,0,23
11,13,2025,12,12,9,5,7,21
11,18,2025,12,12,10,3,7,17
11,21,2025,12,12,11,4,7,14
11,27,2025,12,12,10,3,1,16
11,32,2025,12,12,9,4,3,17
11,38,2025,12,12,8,5,3,19
11,41,2025,12,12,7,2,7,14
11,48,2025,12,12,5,2,8,8
12,0,2025,12,12,5,5,0,13
12,4,2025,12,12,7,4,1,16
12,9,2025,12,12,8,3,6,13
12,13,2025,12,12,9,3,4,12
12,18,2025,12,12,10,3,2,13
12,21,2025,12,12,11,3,6,10
12,27,2025,12,12,10,4,1,13
12,32,2025,12,12,9,4,5,12
12,38,2025,12,12,8,3,4,11
12,41,2025,12,12,7,3,3,11
12,48,2025,12,12,5,4,5,10
13,0,2025,12,12,5,2,0,12
13,4,2025,12,12,7,10,0,22
13,9,2025,12,12,8,3,4,21
13,13,2025,12,12,9,6,4,23
13,18,2025,12,12,10,4,6,21
13,21,2025,12,12,11,3,10,14
13,27,2025,12,12,10,6,0,20
13,32,2025,12,12,9,5,4,21
13,38,2025,12,12,8,5,5,21
13,41,2025,12,12,7,24,5,40
13,48,2025,12,12,5,6,15,31
14,0,2025,12,12,5,4,0,35
14,4,2025,12,12,7,28,0,63
14,9,2025,12,12,8,4,8,59
14,13,2025,12,12,9,5,20,44
14,18,2025,12,12,10,2,20,26
14,21,2025,12,12,11,5,15,16
14,27,2025,12,12,10,3,3,16
14,32,2025,12,12,9,5,1,20
14,38,2025,12,12,8,3,5,18
14,41,2025,12,12,7,14,3,29
14,48,2025,12,12,5,6,15,20
15,0,2025,12,12,5,3,0,23
15,4,2025,12,12,7,14,1,36
15,9,2025,12,12,8,6,10,32
15,13,2025,12,12,9,4,7,29
15,18,2025,12,12,10,2,10,21
15,21,2025,12,12,11,2,9,14
15,27,2025,12,12,10,3,2,15
15,32,2025,12,12,9,4,1,18
15,38,2025,12,12,8,5,1,22
15,41,2025,12,12,7,30,3,49
15,48,2025,12,12,5,3,16,36
16,0,2025,12,12,5,2,0,38
16,4,2025,12,12,7,3,0,41
16,9,2025,12,12,8,4,10,35
16,13,2025,12,12,9,6,11,30
16,18,2025,12,12,10,2,6,26
16,21,2025,12,12,11,3,15,14
16,27,2025,12,12,10,5,0,19
16,32,2025,12,12,9,3,4,18
16,38,2025,12,12,8,2,4,16
16,41,2025,12,12,7,2,8,10
16,48,2025,12,12,5,4,7,7
17,0,2025,12,12,5,6,0,13
17,4,2025,12,12,7,6,3,16
17,9,2025,12,12,8,5,3,18
17,13,2025,12,12,9,4,4,18
17,18,2025,12,12,10,4,6,16
17,21,2025,12,12,11,5,10,11
17,27,2025,12,12,10,3,2,12
17,32,2025,12,12,9,4,0,16
17,38,2025,12,12,8,6,2,20
17,41,2025,12,12,7,2,7,15
17,48,2025,12,12,5,4,10,9
18,0,2025,12,12,5,5,0,14
18,4,2025,12,12,7,4,1,17
18,9,2025,12,12,8,4,4,17
18,13,2025,12,12,9,2,7,12
18,18,2025,12,12,10,6,3,15
18,21,2025,12,12,11,6,6,15
18,27,2025,12,12,10,2,1,16
18,32,2025,12,12,9,6,2,20
18,38,2025,12,12,8,5,9,16
18,41,2025,12,12,7,6,5,17
18,48,2025,12,12,5,2,5,14
19,0,2025,12,12,5,3,0,17
19,4,2025,12,12,7,2,1,18
19,9,2025,12,12,8,6,6,18
19,13,2025,12,12,9,5,1,22
19,18,2025,12,12,10,3,7,18
19,21,2025,12,12,11,2,9,11
19,27,2025,12,12,10,4,0,15
19,32,2025,12,12,9,6,1,20
19,38,2025,12,12,8,5,5,20
19,41,2025,12,12,7,2,6,16
19,48,2025,12,12,5,5,8,13
20,0,2025,12,12,5,5,0,18
20,4,2025,12,12,7,3,4,17
20,9,2025,12,12,8,2,4,15
20,13,2025,12,12,9,6,1,20
20,18,2025,12,12,10,2,5,17
20,21,2025,12,12,11,4,10,11
20,27,2025,12,12,10,5,1,15
20,32,2025,12,12,9,5,1,19
20,38,2025,12,12,8,2,3,18
20,41,2025,12,12,7,4,8,14
20,48,2025,12,12,5,6,7,13
21,0,2025,12,12,5,6,0,19
21,4,2025,12,12,7,4,5,18
21,9,2025,12,12,8,6,4,20
21,13,2025,12,12,9,3,3,20
21,18,2025,12,12,10,3,4,19
21,21,2025,12,12,11,2,13,8
21,27,2025,12,12,10,4,1,11
21,32,2025,12,12,9,5,2,14
21,38,2025,12,12,8,5,3,16
21,41,2025,12,12,7,2,5,13
21,48,2025,12,12,5,6,5,14
22,0,2025,12,12,5,2,0,16
22,4,2025,12,12,7,4,2,18
22,9,2025,12,12,8,5,3,20
22,13,2025,12,12,9,4,4,20
22,18,2025,12,12,10,5,5,20
22,21,2025,12,12,11,4,10,14
22,27,2025,12,12,10,6,0,20
22,32,2025,12,12,9,2,4,18
22,38,2025,12,12,8,3,2,19
22,41,2025,12,12,7,6,9,16
22,48,2025,12,12,5,5,7,14
23,0,2025,12,12,5,2,0,16
23,4,2025,12,12,7,4,2,18
23,9,2025,12,12,8,5,5,18
23,13,2025,12,12,9,6,6,18
23,18,2025,12,12,10,6,4,20
23,21,2025,12,12,11,5,10,15
23,27,2025,12,12,10,2,0,17
23,32,2025,12,12,9,3,3,17
23,38,2025,12,12,8,5,7,15
23,41,2025,12,12,7,3,7,11
23,48,2025,12,12,5,0,11,0
6,0,2025,12,13,5,20,0,20
6,4,2025,12,13,7,5,2,23
6,9,2025,12,13,8,18,6,35
6,13,2025,12,13,9,20,6,49
6,18,2025,12,13,10,14,14,49
6,21,2025,12,13,11,17,13,53
6,27,2025,12,13,10,15,2,66
6,32,2025,12,13,9,8,8,66
6,38,2025,12,13,8,16,16,66
6,41,2025,12,13,7,2,21,47
6,48,2025,12,13,5,16,23,40
7,0,2025,12,13,5,8,0,48
7,4,2025,12,13,7,1,16,33
7,9,2025,12,13,8,8,3,38
7,13,2025,12,13,9,21,9,50
7,18,2025,12,13,10,14,19,45
7,21,2025,12,13,11,20,12,53
7,27,2025,12,13,10,16,9,60
7,32,2025,12,13,9,15,9,66
7,38,2025,12,13,8,12,12,66
7,41,2025,12,13,7,1,27,40
7,48,2025,12,13,5,12,17,35
8,0,2025,12,13,5,19,0,54
8,4,2025,12,13,7,1,20,35
8,9,2025,12,13,8,15,3,47
8,13,2025,12,13,9,21,3,65
8,18,2025,12,13,10,13,20,58
8,21,2025,12,13,11,17,17,58
8,27,2025,12,13,10,8,5,61
8,32,2025,12,13,9,9,4,66
8,38,2025,12,13,8,15,15,66
8,41,2025,12,13,7,2,30,38
8,48,2025,12,13,5,13,22,29
9,0,2025,12,13,5,6,0,35
9,4,2025,12,13,7,2,13,24
9,9,2025,12,13,8,4,2,26
9,13,2025,12,13,9,6,8,24
9,18,2025,12,13,10,3,6,21
9,21,2025,12,13,11,5,11,15
9,27,2025,12,13,10,3,0,18
9,32,2025,12,13,9,4,1,21
9,38,2025,12,13,8,5,5,21
9,41,2025,12,13,7,3,17,7
9,48,2025,12,13,5,3,2,8
10,0,2025,12,13,5,3,0,11
10,4,2025,12,13,7,2,2,11
10,9,2025,12,13,8,3,1,13
10,13,2025,12,13,9,2,4,11
10,18,2025,12,13,10,2,4,9
10,21,2025,12,13,11,3,7,5
10,27,2025,12,13,10,3,1,7
10,32,2025,12,13,9,5,1,11
10,38,2025,12,13,8,2,3,10
10,41,2025,12,13,7,2,2,10
10,48,2025,12,13,5,5,6,9
11,0,2025,12,13,5,3,0,12
11,4,2025,12,13,7,3,1,14
11,9,2025,12,13,8,4,1,17
11,13,2025,12,13,9,3,8,12
11,18,2025,12,13,10,4,5,11
11,21,2025,12,13,11,2,4,9
11,27,2025,12,13,10,3,0,12
11,32,2025,12,13,9,2,2,12
11,38,2025,12,13,8,2,4,10
11,41,2025,12,13,7,5,3,12
11,48,2025,12,13,5,2,6,8
12,0,2025,12,13,5,2,0,10
12,4,2025,12,13,7,2,1,11
12,9,2025,12,13,8,6,3,14
12,13,2025,12,13,9,2,3,13
12,18,2025,12,13,10,5,5,13
12,21,2025,12,13,11,2,6,9
12,27,2025,12,13,10,4,0,13
12,32,2025,12,13,9,6,2,17
12,38,2025,12,13,8,6,5,18
12,41,2025,12,13,7,2,4,16
12,48,2025,12,13,5,3,8,11
13,0,2025,12,13,5,3,0,14
13,4,2025,12,13,7,32,1,45
13,9,2025,12,13,8,5,16,34
13,13,2025,12,13,9,5,10,29
13,18,2025,12,13,10,5,10,24
13,21,2025,12,13,11,2,10,16
13,27,2025,12,13,10,3,0,19
13,32,2025,12,13,9,2,3,18
13,38,2025,12,13,8,4,5,17
13,41,2025,12,13,7,20,2,35
13,48,2025,12,13,5,3,9,29
14,0,2025,12,13,5,4,0,33
14,4,2025,12,13,7,26,0,59
14,9,2025,12,13,8,2,13,48
14,13,2025,12,13,9,4,17,35
14,18,2025,12,13,10,3,16,22
14,21,2025,12,13,11,4,15,11
14,27,2025,12,13,10,2,0,13
14,32,2025,12,13,9,5,5,13
14,38,2025,12,13,8,4,2,15
14,41,2025,12,13,7,27,2,40
14,48,2025,12,13,5,6,15,31
15,0,2025,12,13,5,3,0,34
15,4,2025,12,13,7,26,1,59
15,9,2025,12,13,8,6,13,52
15,13,2025,12,13,9,3,12,43
15,18,2025,12,13,10,2,17,28
15,21,2025,12,13,11,4,17,15
15,27,2025,12,13,10,5,1,19
15,32,2025,12,13,9,4,0,23
15,38,2025,12,13,8,2,2,23
15,41,2025,12,13,7,11,7,27
15,48,2025,12,13,5,5,14,18
16,0,2025,12,13,5,3,0,21
16,4,2025,12,13,7,4,0,25
16,9,2025,12,13,8,2,6,21
16,13,2025,12,13,9,6,7,20
16,18,2025,12,13,10,4,6,18
16,21,2025,12,13,11,3,7,14
16,27,2025,12,13,10,6,3,17
16,32,2025,12,13,9,3,3,17
16,38,2025,12,13,8,6,3,20
16,41,2025,12,13,7,4,3,21
16,48,2025,12,13,5,4,10,15
17,0,2025,12,13,5,4,0,19
17,4,2025,12,13,7,5,1,23
17,9,2025,12,13,8,3,3,23
17,13,2025,12,13,9,5,7,21
17,18,2025,12,13,10,2,7,16
17,21,2025,12,13,11,3,10,9
17,27,2025,12,13,10,5,1,13
17,32,2025,12,13,9,4,2,15
17,38,2025,12,13,8,5,5,15
17,41,2025,12,13,7,6,3,18
17,48,2025,12,13,5,6,6,18
18,0,2025,12,13,5,2,0,20
18,4,2025,12,13,7,5,1,24
18,9,2025,12,13,8,4,1,27
18,13,2025,12,13,9,2,9,20
18,18,2025,12,13,10,3,8,15
18,21,2025,12,13,11,3,10,8
18,27,2025,12,13,10,3,1,10
18,32,2025,12,13,9,5,3,12
18,38,2025,12,13,8,6,3,15
18,41,2025,12,13,7,3,4,14
18,48,2025,12,13,5,5,5,14
19,0,2025,12,13,5,4,0,18
19,4,2025,12,13,7,2,2,18
19,9,2025,12,13,8,6,2,22
19,13,2025,12,13,9,2,6,18
19,18,2025,12,13,10,2,5,15
19,21,2025,12,13,11,5,8,12
19,27,2025,12,13,10,3,1,14
19,32,2025,12,13,9,3,1,16
19,38,2025,12,13,8,3,2,17
19,41,2025,12,13,7,6,7,16
19,48,2025,12,13,5,5,8,13
20,0,2025,12,13,5,3,0,16
20,4,2025,12,13,7,4,2,18
20,9,2025,12,13,8,3,4,17
20,13,2025,12,13,9,2,4,15
20,18,2025,12,13,10,6,6,15
20,21,2025,12,13,11,2,8,9
20,27,2025,12,13,10,6,0,15
20,32,2025,12,13,9,4,2,17
20,38,2025,12,13,8,3,4,16
20,41,2025,12,13,7,6,7,15
20,48,2025,12,13,5,4,8,11
21,0,2025,12,13,5,4,0,15
21,4,2025,12,13,7,3,3,15
21,9,2025,12,13,8,5,4,16
21,13,2025,12,13,9,2,5,13
21,18,2025,12,13,10,6,6,13
21,21,2025,12,13,11,2,9,6
21,27,2025,12,13,10,3,0,9
21,32,2025,12,13,9,5,3,11
21,38,2025,12,13,8,2,0,13
21,41,2025,12,13,7,2,7,8
21,48,2025,12,13,5,6,4,10
22,0,2025,12,13,5,5,0,15
22,4,2025,12,13,7,2,1,16
22,9,2025,12,13,8,2,4,14
22,13,2025,12,13,9,3,6,11
22,18,2025,12,13,10,2,4,9
22,21,2025,12,13,11,4,3,10
22,27,2025,12,13,10,3,0,13
22,32,2025,12,13,9,4,1,16
22,38,2025,12,13,8,4,5,15
22,41,2025,12,13,7,2,4,13
22,48,2025,12,13,5,4,5,12
23,0,2025,12,13,5,3,0,15
23,4,2025,12,13,7,5,0,20
23,9,2025,12,13,8,3,2,21
23,13,2025,12,13,9,4,5,20
23,18,2025,12,13,10,3,9,14
23,21,2025,12,13,11,6,9,11
23,27,2025,12,13,10,2,2,11
23,32,2025,12,13,9,4,4,11
23,38,2025,12,13,8,3,2,12
23,41,2025,12,13,7,5,8,9
23,48,2025,12,13,5,0,9,0
6,0,2025,12,14,5,15,0,15
6,4,2025,12,14,7,6,2,19
6,9,2025,12,14,8,6,3,22
6,13,2025,12,14,9,6,5,23
6,18,2025,12,14,10,16,6,33
6,21,2025,12,14,11,19,13,39
6,27,2025,12,14,10,19,2,56
6,32,2025,12,14,9,19,9,66
6,38,2025,12,14,8,15,18,63
6,41,2025,12,14,7,4,18,49
6,48,2025,12,14,5,18,21,46
7,0,2025,12,14,5,11,0,57
7,4,2025,12,14,7,4,21,40
7,9,2025,12,14,8,13,5,48
7,13,2025,12,14,9,11,10,49
7,18,2025,12,14,10,10,14,45
7,21,2025,12,14,11,16,16,45
7,27,2025,12,14,10,15,7,53
7,32,2025,12,14,9,8,9,52
7,38,2025,12,14,8,19,9,62
7,41,2025,12,14,7,5,24,43
7,48,2025,12,14,5,13,15,41
8,0,2025,12,14,5,16,0,57
8,4,2025,12,14,7,4,21,40
8,9,2025,12,14,8,5,1,44
8,13,2025,12,14,9,16,9,51
8,18,2025,12,14,10,13,18,46
8,21,2025,12,14,11,9,19,36
8,27,2025,12,14,10,7,0,43
8,32,2025,12,14,9,21,7,57
8,38,2025,12,14,8,18,13,62
8,41,2025,12,14,7,2,21,43
8,48,2025,12,14,5,14,18,39
9,0,2025,12,14,5,4,0,43
9,4,2025,12,14,7,3,8,38
9,9,2025,12,14,8,6,5,39
9,13,2025,12,14,9,2,8,33
9,18,2025,12,14,10,3,11,25
9,21,2025,12,14,11,4,15,14
9,27,2025,12,14,10,4,0,18
9,32,2025,12,14,9,3,1,20
9,38,2025,12,14,8,2,1,21
9,41,2025,12,14,7,4,19,6
9,48,2025,12,14,5,5,2,9
10,0,2025,12,14,5,6,0,15
10,4,2025,12,14,7,2,4,13
10,9,2025,12,14,8,2,1,14
10,13,2025,12,14,9,4,5,13
10,18,2025,12,14,10,4,6,11
10,21,2025,12,14,11,3,6,8
10,27,2025,12,14,10,4,2,10
10,32,2025,12,14,9,6,5,11
10,38,2025,12,14,8,2,5,8
10,41,2025,12,14,7,3,2,9
10,48,2025,12,14,5,2,4,7
11,0,2025,12,14,5,4,0,11
11,4,2025,12,14,7,4,1,14
11,9,2025,12,14,8,5,2,17
11,13,2025,12,14,9,2,5,14
11,18,2025,12,14,10,3,5,12
11,21,2025,12,14,11,2,3,11
11,27,2025,12,14,10,4,0,15
11,32,2025,12,14,9,5,2,18
11,38,2025,12,14,8,5,1,22
11,41,2025,12,14,7,5,10,17
11,48,2025,12,14,5,2,8,11
12,0,2025,12,14,5,4,0,15
12,4,2025,12,14,7,3,0,18
12,9,2025,12,14,8,6,3,21
12,13,2025,12,14,9,2,5,18
12,18,2025,12,14,10,6,5,19
12,21,2025,12,14,11,4,9,14
12,27,2025,12,14,10,6,1,19
12,32,2025,12,14,9,2,2,19
12,38,2025,12,14,8,5,7,17
12,41,2025,12,14,7,2,7,12
12,48,2025,12,14,5,4,7,9
13,0,2025,12,14,5,6,0,15
13,4,2025,12,14,7,30,1,44
13,9,2025,12,14,8,5,8,41
13,13,2025,12,14,9,5,10,36
13,18,2025,12,14,10,3,10,29
13,21,2025,12,14,11,2,13,18
13,27,2025,12,14,10,6,1,23
13,32,2025,12,14,9,4,1,26
13,38,2025,12,14,8,5,5,26
13,41,2025,12,14,7,30,8,48
13,48,2025,12,14,5,3,21,30
14,0,2025,12,14,5,6,0,36
14,4,2025,12,14,7,30,1,65
14,9,2025,12,14,8,3,10,58
14,13,2025,12,14,9,2,17,43
14,18,2025,12,14,10,5,19,29
14,21,2025,12,14,11,6,20,15
14,27,2025,12,14,10,6,1,20
14,32,2025,12,14,9,5,2,23
14,38,2025,12,14,8,3,5,21
14,41,2025,12,14,7,23,5,39
14,48,2025,12,14,5,5,13,31
15,0,2025,12,14,5,6,0,37
15,4,2025,12,14,7,9,3,43
15,9,2025,12,14,8,6,8,41
15,13,2025,12,14,9,4,11,34
15,18,2025,12,14,10,6,9,31
15,21,2025,12,14,11,5,18,18
15,27,2025,12,14,10,5,0,23
15,32,2025,12,14,9,6,3,26
15,38,2025,12,14,8,4,3,27
15,41,2025,12,14,7,13,7,33
15,48,2025,12,14,5,3,15,21
16,0,2025,12,14,5,6,0,27
16,4,2025,12,14,7,6,1,32
16,9,2025,12,14,8,6,4,34
16,13,2025,12,14,9,6,4,36
16,18,2025,12,14,10,3,9,30
16,21,2025,12,14,11,6,15,21
16,27,2025,12,14,10,2,2,21
16,32,2025,12,14,9,5,0,26
16,38,2025,12,14,8,5,6,25
16,41,2025,12,14,7,5,12,18
16,48,2025,12,14,5,3,6,15
17,0,2025,12,14,5,4,0,19
17,4,2025,12,14,7,5,2,22
17,9,2025,12,14,8,6,6,22
17,13,2025,12,14,9,5,6,21
17,18,2025,12,14,10,6,9,18
17,21,2025,12,14,11,6,7,17
17,27,2025,12,14,10,5,0,22
17,32,2025,12,14,9,4,5,21
17,38,2025,12,14,8,6,4,23
17,41,2025,12,14,7,2,11,14
17,48,2025,12,14,5,6,9,11
18,0,2025,12,14,5,5,0,16
18,4,2025,12,14,7,6,1,21
18,9,2025,12,14,8,6,6,21
18,13,2025,12,14,9,4,2,23
18,18,2025,12,14,10,6,12,17
18,21,2025,12,14,11,2,10,9
18,27,2025,12,14,10,6,0,15
18,32,2025,12,14,9,3,6,12
18,38,2025,12,14,8,5,1,16
18,41,2025,12,14,7,6,3,19
18,48,2025,12,14,5,2,9,12
19,0,2025,12,14,5,4,0,16
19,4,2025,12,14,7,2,0,18
19,9,2025,12,14,8,3,4,17
19,13,2025,12,14,9,6,6,17
19,18,2025,12,14,10,3,7,13
19,21,2025,12,14,11,5,6,12
19,27,2025,12,14,10,3,1,14
19,32,2025,12,14,9,3,2,15
19,38,2025,12,14,8,3,1,17
19,41,2025,12,14,7,2,4,15
19,48,2025,12,14,5,4,7,12
20,0,2025,12,14,5,2,0,14
20,4,2025,12,14,7,6,2,18
20,9,2025,12,14,8,2,4,16
20,13,2025,12,14,9,4,4,16
20,18,2025,12,14,10,6,8,14
20,21,2025,12,14,11,4,6,12
20,27,2025,12,14,10,6,0,18
20,32,2025,12,14,9,2,5,15
20,38,2025,12,14,8,2,4,13
20,41,2025,12,14,7,3,6,10
20,48,2025,12,14,5,4,7,7
21,0,2025,12,14,5,3,0,10
21,4,2025,12,14,7,2,2,10
21,9,2025,12,14,8,2,0,12
21,13,2025,12,14,9,5,2,15
21,18,2025,12,14,10,6,7,14
21,21,2025,12,14,11,2,7,9
21,27,2025,12,14,10,3,0,12
21,32,2025,12,14,9,4,2,14
21,38,2025,12,14,8,5,1,18
21,41,2025,12,14,7,5,5,18
21,48,2025,12,14,5,2,6,14
22,0,2025,12,14,5,4,0,18
22,4,2025,12,14,7,3,1,20
22,9,2025,12,14,8,3,2,21
22,13,2025,12,14,9,4,3,22
22,18,2025,12,14,10,3,10,15
22,21,2025,12,14,11,3,7,11
22,27,2025,12,14,10,2,1,12
22,32,2025,12,14,9,4,1,15
22,38,2025,12,14,8,3,6,12
22,41,2025,12,14,7,4,5,11
22,48,2025,12,14,5,2,5,8
23,0,2025,12,14,5,3,0,11
23,4,2025,12,14,7,2,0,13
23,9,2025,12,14,8,5,1,17
23,13,2025,12,14,9,6,2,21
23,18,2025,12,14,10,3,8,16
23,21,2025,12,14,11,5,5,16
23,27,2025,12,14,10,2,2,16
23,32,2025,12,14,9,6,2,20
23,38,2025,12,14,8,2,5,17
23,41,2025,12,14,7,3,10,10
23,48,2025,12,14,5,0,10,0
6,0,2025,12,15,5,16,0,16
6,4,2025,12,15,7,4,5,15
6,9,2025,12,15,8,22,2,35
6,13,2025,12,15,9,8,9,34
6,18,2025,12,15,10,14,11,37
6,21,2025,12,15,11,16,12,41
6,27,2025,12,15,10,7,4,44
6,32,2025,12,15,9,16,7,53
6,38,2025,12,15,8,8,8,53
6,41,2025,12,15,7,6,19,40
6,48,2025,12,15,5,20,21,39
7,0,2025,12,15,5,15,0,54
7,4,2025,12,15,7,1,20,35
7,9,2025,12,15,8,17,5,47
7,13,2025,12,15,9,7,7,47
7,18,2025,12,15,10,11,17,41
7,21,2025,12,15,11,9,13,37
7,27,2025,12,15,10,5,3,39
7,32,2025,12,15,9,18,2,55
7,38,2025,12,15,8,18,7,66
7,41,2025,12,15,7,1,23,44
7,48,2025,12,15,5,14,18,40
8,0,2025,12,15,5,9,0,49
8,4,2025,12,15,7,4,14,39
8,9,2025,12,15,8,10,0,49
8,13,2025,12,15,9,22,11,60
8,18,2025,12,15,10,13,11,62
8,21,2025,12,15,11,11,20,53
8,27,2025,12,15,10,13,2,64
8,32,2025,12,15,9,10,9,65
8,38,2025,12,15,8,12,18,59
8,41,2025,12,15,7,1,27,33
8,48,2025,12,15,5,22,17,38
9,0,2025,12,15,5,6,0,44
9,4,2025,12,15,7,3,22,25
9,9,2025,12,15,8,4,4,25
9,13,2025,12,15,9,3,6,22
9,18,2025,12,15,10,3,6,19
9,21,2025,12,15,11,6,7,18
9,27,2025,12,15,10,3,1,20
9,32,2025,12,15,9,3,0,23
9,38,2025,12,15,8,4,2,25
9,41,2025,12,15,7,1,18,8
9,48,2025,12,15,5,2,6,4
10,0,2025,12,15,5,5,0,9
10,4,2025,12,15,7,2,1,10
10,9,2025,12,15,8,5,0,15
10,13,2025,12,15,9,2,4,13
10,18,2025,12,15,10,3,5,11
10,21,2025,12,15,11,5,5,11
10,27,2025,12,15,10,3,0,14
10,32,2025,12,15,9,2,1,15
10,38,2025,12,15,8,2,1,16
10,41,2025,12,15,7,2,6,12
10,48,2025,12,15,5,3,9,6
11,0,2025,12,15,5,3,0,9
11,4,2025,12,15,7,2,1,10
11,9,2025,12,15,8,6,0,16
11,13,2025,12,15,9,5,7,14
11,18,2025,12,15,10,3,2,15
11,21,2025,12,15,11,3,5,13
11,27,2025,12,15,10,4,0,17
11,32,2025,12,15,9,5,3,19
11,38,2025,12,15,8,6,5,20
11,41,2025,12,15,7,4,6,18
11,48,2025,12,15,5,5,7,16
12,0,2025,12,15,5,6,0,22
12,4,2025,12,15,7,6,3,25
12,9,2025,12,15,8,6,5,26
12,13,2025,12,15,9,2,7,21
12,18,2025,12,15,10,4,4,21
12,21,2025,12,15,11,2,11,12
12,27,2025,12,15,10,6,1,17
12,32,2025,12,15,9,2,1,18
12,38,2025,12,15,8,3,6,15
12,41,2025,12,15,7,6,2,19
12,48,2025,12,15,5,5,11,13
13,0,2025,12,15,5,4,0,17
13,4,2025,12,15,7,27,1,43
13,9,2025,12,15,8,3,12,34
13,13,2025,12,15,9,5,10,29
13,18,2025,12,15,10,6,10,25
13,21,2025,12,15,11,2,13,14
13,27,2025,12,15,10,6,0,20
13,32,2025,12,15,9,4,2,22
13,38,2025,12,15,8,2,4,20
13,41,2025,12,15,7,20,6,34
13,48,2025,12,15,5,6,16,24
14,0,2025,12,15,5,6,0,30
14,4,2025,12,15,7,28,3,55
14,9,2025,12,15,8,3,13,45
14,13,2025,12,15,9,2,11,36
14,18,2025,12,15,10,4,13,27
14,21,2025,12,15,11,3,18,12
14,27,2025,12,15,10,4,1,15
14,32,2025,12,15,9,2,2,15
14,38,2025,12,15,8,6,2,19
14,41,2025,12,15,7,18,5,32
14,48,2025,12,15,5,3,11,24
15,0,2025,12,15,5,4,0,28
15,4,2025,12,15,7,20,0,48
15,9,2025,12,15,8,5,4,49
15,13,2025,12,15,9,4,12,41
15,18,2025,12,15,10,2,14,29
15,21,2025,12,15,11,4,18,15
15,27,2025,12,15,10,3,0,18
15,32,2025,12,15,9,5,2,21
15,38,2025,12,15,8,5,5,21
15,41,2025,12,15,7,19,7,33
15,48,2025,12,15,5,5,13,25
16,0,2025,12,15,5,4,0,29
16,4,2025,12,15,7,3,3,29
16,9,2025,12,15,8,3,4,28
16,13,2025,12,15,9,4,12,20
16,18,2025,12,15,10,2,11,11
16,21,2025,12,15,11,4,4,11
16,27,2025,12,15,10,4,2,13
16,32,2025,12,15,9,6,2,17
16,38,2025,12,15,8,2,2,17
16,41,2025,12,15,7,2,6,13
16,48,2025,12,15,5,5,5,13
17,0,2025,12,15,5,5,0,18
17,4,2025,12,15,7,2,1,19
17,9,2025,12,15,8,6,4,21
17,13,2025,12,15,9,4,5,20
17,18,2025,12,15,10,2,4,18
17,21,2025,12,15,11,4,9,13
17,27,2025,12,15,10,5,1,17
17,32,2025,12,15,9,3,1,19
17,38,2025,12,15,8,2,1,20
17,41,2025,12,15,7,4,9,15
17,48,2025,12,15,5,3,10,8
18,0,2025,12,15,5,5,0,13
18,4,2025,12,15,7,4,1,16
18,9,2025,12,15,8,6,5,17
18,13,2025,12,15,9,2,1,18
18,18,2025,12,15,10,6,6,18
18,21,2025,12,15,11,6,7,17
18,27,2025,12,15,10,4,1,20
18,32,2025,12,15,9,6,4,22
18,38,2025,12,15,8,6,4,24
18,41,2025,12,15,7,5,8,21
18,48,2025,12,15,5,6,10,17
19,0,2025,12,15,5,4,0,21
19,4,2025,12,15,7,3,3,21
19,9,2025,12,15,8,4,3,22
19,13,2025,12,15,9,3,6,19
19,18,2025,12,15,10,3,5,17
19,21,2025,12,15,11,6,12,11
19,27,2025,12,15,10,5,0,16
19,32,2025,12,15,9,5,3,18
19,38,2025,12,15,8,4,6,16
19,41,2025,12,15,7,3,5,14
19,48,2025,12,15,5,2,5,11
20,0,2025,12,15,5,3,0,14
20,4,2025,12,15,7,5,2,17
20,9,2025,12,15,8,5,0,22
20,13,2025,12,15,9,2,4,20
20,18,2025,12,15,10,6,7,19
20,21,2025,12,15,11,5,13,11
20,27,2025,12,15,10,6,2,15
20,32,2025,12,15,9,6,2,19
20,38,2025,12,15,8,2,6,15
20,41,2025,12,15,7,2,4,13
20,48,2025,12,15,5,3,7,9
21,0,2025,12,15,5,5,0,14
21,4,2025,12,15,7,5,3,16
21,9,2025,12,15,8,2,5,13
21,13,2025,12,15,9,4,3,14
21,18,2025,12,15,10,2,4,12
21,21,2025,12,15,11,5,7,10
21,27,2025,12,15,10,2,3,9
21,32,2025,12,15,9,4,3,10
21,38,2025,12,15,8,4,4,10
21,41,2025,12,15,7,5,3,12
21,48,2025,12,15,5,6,2,16
22,0,2025,12,15,5,3,0,19
22,4,2025,12,15,7,5,2,22
22,9,2025,12,15,8,2,4,20
22,13,2025,12,15,9,6,5,21
22,18,2025,12,15,10,2,6,17
22,21,2025,12,15,11,6,8,15
22,27,2025,12,15,10,2,1,16
22,32,2025,12,15,9,2,0,18
22,38,2025,12,15,8,5,4,19
22,41,2025,12,15,7,2,7,14
22,48,2025,12,15,5,5,7,12
23,0,2025,12,15,5,3,0,15
23,4,2025,12,15,7,4,2,17
23,9,2025,12,15,8,4,4,17
23,13,2025,12,15,9,6,5,18
23,18,2025,12,15,10,4,9,13
23,21,2025,12,15,11,3,4,12
23,27,2025,12,15,10,6,3,15
23,32,2025,12,15,9,2,2,15
23,38,2025,12,15,8,5,4,16
23,41,2025,12,15,7,6,9,13
23,48,2025,12,15,5,0,13,0
6,0,2025,12,16,5,20,0,20
6,4,2025,12,16,7,3,6,17
6,9,2025,12,16,8,14,1,30
6,13,2025,12,16,9,22,10,42
6,18,2025,12,16,10,9,19,32
6,21,2025,12,16,11,5,16,21
6,27,2025,12,16,10,6,1,26
6,32,2025,12,16,9,12,0,38
6,38,2025,12,16,8,14,7,45
6,41,2025,12,16,7,5,17,33
6,48,2025,12,16,5,10,10,33
7,0,2025,12,16,5,19,0,52
7,4,2025,12,16,7,4,19,37
7,9,2025,12,16,8,20,4,53
7,13,2025,12,16,9,16,7,62
7,18,2025,12,16,10,20,16,66
7,21,2025,12,16,11,9,25,50
7,27,2025,12,16,10,16,0,66
7,32,2025,12,16,9,13,13,66
7,38,2025,12,16,8,15,15,66
7,41,2025,12,16,7,1,28,39
7,48,2025,12,16,5,17,21,35
8,0,2025,12,16,5,19,0,54
8,4,2025,12,16,7,3,24,33
8,9,2025,12,16,8,19,4,48
8,13,2025,12,16,9,8,7,49
8,18,2025,12,16,10,15,15,49
8,21,2025,12,16,11,10,19,40
8,27,2025,12,16,10,12,1,51
8,32,2025,12,16,9,21,8,64
8,38,2025,12,16,8,7,9,62
8,41,2025,12,16,7,2,21,43
8,48,2025,12,16,5,11,18,36
9,0,2025,12,16,5,3,0,39
9,4,2025,12,16,7,1,12,28
9,9,2025,12,16,8,2,0,30
9,13,2025,12,16,9,6,3,33
9,18,2025,12,16,10,3,8,28
9,21,2025,12,16,11,2,19,11
9,27,2025,12,16,10,6,0,17
9,32,2025,12,16,9,2,1,18
9,38,2025,12,16,8,6,2,22
9,41,2025,12,16,7,2,17,7
9,48,2025,12,16,5,4,3,8
10,0,2025,12,16,5,6,0,14
10,4,2025,12,16,7,6,1,19
10,9,2025,12,16,8,3,3,19
10,13,2025,12,16,9,5,2,22
10,18,2025,12,16,10,2,8,16
10,21,2025,12,16,11,4,5,15
10,27,2025,12,16,10,6,0,21
10,32,2025,12,16,9,5,2,24
10,38,2025,12,16,8,6,4,26
10,41,2025,12,16,7,4,11,19
10,48,2025,12,16,5,6,9,16
11,0,2025,12,16,5,5,0,21
11,4,2025,12,16,7,6,3,24
11,9,2025,12,16,8,2,3,23
11,13,2025,12,16,9,5,5,23
11,18,2025,12,16,10,6,10,19
11,21,2025,12,16,11,6,9,16
11,27,2025,12,16,10,4,2,18
11,32,2025,12,16,9,4,2,20
11,38,2025,12,16,8,3,3,20
11,41,2025,12,16,7,4,7,17
11,48,2025,12,16,5,4,8,13
12,0,2025,12,16,5,6,0,19
12,4,2025,12,16,7,2,3,18
12,9,2025,12,16,8,3,1,20
12,13,2025,12,16,9,4,4,20
12,18,2025,12,16,10,6,5,21
12,21,2025,12,16,11,3,11,13
12,27,2025,12,16,10,3,2,14
12,32,2025,12,16,9,6,1,19
12,38,2025,12,16,8,3,5,17
12,41,2025,12,16,7,5,4,18
12,48,2025,12,16,5,4,10,12
13,0,2025,12,16,5,2,0,14
13,4,2025,12,16,7,17,4,27
13,9,2025,12,16,8,3,5,25
13,13,2025,12,16,9,5,7,23
13,18,2025,12,16,10,6,6,23
13,21,2025,12,16,11,6,6,23
13,27,2025,12,16,10,5,1,27
13,32,2025,12,16,9,6,5,28
13,38,2025,12,16,8,5,9,24
13,41,2025,12,16,7,31,2,53
13,48,2025,12,16,5,4,24,33
14,0,2025,12,16,5,2,0,35
14,4,2025,12,16,7,20,0,55
14,9,2025,12,16,8,2,12,45
14,13,2025,12,16,9,5,14,36
14,18,2025,12,16,10,3,12,27
14,21,2025,12,16,11,6,11,22
14,27,2025,12,16,10,4,3,23
14,32,2025,12,16,9,5,1,27
14,38,2025,12,16,8,2,3,26
14,41,2025,12,16,7,25,5,46
14,48,2025,12,16,5,3,21,28
15,0,2025,12,16,5,6,0,34
15,4,2025,12,16,7,7,1,40
15,9,2025,12,16,8,4,12,32
15,13,2025,12,16,9,5,11,26
15,18,2025,12,16,10,3,8,21
15,21,2025,12,16,11,6,15,12
15,27,2025,12,16,10,4,3,13
15,32,2025,12,16,9,6,3,16
15,38,2025,12,16,8,5,5,16
15,41,2025,12,16,7,27,2,41
15,48,2025,12,16,5,6,12,35
16,0,2025,12,16,5,5,0,40
16,4,2025,12,16,7,2,4,38
16,9,2025,12,16,8,2,5,35
16,13,2025,12,16,9,3,9,29
16,18,2025,12,16,10,5,10,24
16,21,2025,12,16,11,5,14,15
16,27,2025,12,16,10,4,2,17
16,32,2025,12,16,9,3,1,19
16,38,2025,12,16,8,4,4,19
16,41,2025,12,16,7,6,8,17
16,48,2025,12,16,5,6,7,16
17,0,2025,12,16,5,5,0,21
17,4,2025,12,16,7,2,1,22
17,9,2025,12,16,8,4,5,21
17,13,2025,12,16,9,3,6,18
17,18,2025,12,16,10,3,7,14
17,21,2025,12,16,11,5,8,11
17,27,2025,12,16,10,2,0,13
17,32,2025,12,16,9,4,0,17
17,38,2025,12,16,8,6,3,20
17,41,2025,12,16,7,3,6,17
17,48,2025,12,16,5,3,10,10
18,0,2025,12,16,5,4,0,14
18,4,2025,12,16,7,2,3,13
18,9,2025,12,16,8,6,2,17
18,13,2025,12,16,9,3,2,18
18,18,2025,12,16,10,2,7,13
18,21,2025,12,16,11,5,7,11
18,27,2025,12,16,10,3,2,12
18,32,2025,12,16,9,5,2,15
18,38,2025,12,16,8,6,2,19
18,41,2025,12,16,7,6,5,20
18,48,2025,12,16,5,3,7,16
19,0,2025,12,16,5,5,0,21
19,4,2025,12,16,7,5,1,25
19,9,2025,12,16,8,5,2,28
19,13,2025,12,16,9,6,7,27
19,18,2025,12,16,10,4,8,23
19,21,2025,12,16,11,3,10,16
19,27,2025,12,16,10,4,1,19
19,32,2025,12,16,9,6,4,21
19,38,2025,12,16,8,3,5,19
19,41,2025,12,16,7,3,6,16
19,48,2025,12,16,5,3,9,10
20,0,2025,12,16,5,4,0,14
20,4,2025,12,16,7,3,1,16
20,9,2025,12,16,8,4,2,18
20,13,2025,12,16,9,2,6,14
20,18,2025,12,16,10,6,6,14
20,21,2025,12,16,11,6,6,14
20,27,2025,12,16,10,2,4,12
20,32,2025,12,16,9,3,2,13
20,38,2025,12,16,8,3,1,15
20,41,2025,12,16,7,5,3,17
20,48,2025,12,16,5,2,9,10
21,0,2025,12,16,5,3,0,13
21,4,2025,12,16,7,2,0,15
21,9,2025,12,16,8,3,3,15
21,13,2025,12,16,9,4,6,13
21,18,2025,12,16,10,3,2,14
21,21,2025,12,16,11,5,6,13
21,27,2025,12,16,10,3,0,16
21,32,2025,12,16,9,3,5,14
21,38,2025,12,16,8,6,5,15
21,41,2025,12,16,7,2,6,11
21,48,2025,12,16,5,4,7,8
22,0,2025,12,16,5,4,0,12
22,4,2025,12,16,7,4,1,15
22,9,2025,12,16,8,2,1,16
22,13,2025,12,16,9,6,3,19
22,18,2025,12,16,10,2,8,13
22,21,2025,12,16,11,4,6,11
22,27,2025,12,16,10,4,1,14
22,32,2025,12,16,9,4,1,17
22,38,2025,12,16,8,4,3,18
22,41,2025,12,16,7,6,6,18
22,48,2025,12,16,5,6,10,14
23,0,2025,12,16,5,2,0,16
23,4,2025,12,16,7,2,0,18
23,9,2025,12,16,8,5,7,16
23,13,2025,12,16,9,5,3,18
23,18,2025,12,16,10,5,7,16
23,21,2025,12,16,11,3,7,12
23,27,2025,12,16,10,6,0,18
23,32,2025,12,16,9,4,4,18
23,38,2025,12,16,8,4,4,18
23,41,2025,12,16,7,6,10,14
23,48,2025,12,16,5,0,14,0
6,0,2025,12,17,5,11,0,11
6,4,2025,12,17,7,6,3,14
6,9,2025,12,17,8,15,1,28
6,13,2025,12,17,9,19,8,39
6,18,2025,12,17,10,10,10,39
6,21,2025,12,17,11,6,6,39
6,27,2025,12,17,10,13,1,51
6,32,2025,12,17,9,18,3,66
6,38,2025,12,17,8,15,15,66
6,41,2025,12,17,7,6,23,49
6,48,2025,12,17,5,22,20,51
7,0,2025,12,17,5,15,0,66
7,4,2025,12,17,7,2,28,40
7,9,2025,12,17,8,20,4,56
7,13,2025,12,17,9,14,7,63
7,18,2025,12,17,10,17,19,61
7,21,2025,12,17,11,8,22,47
7,27,2025,12,17,10,11,4,54
7,32,2025,12,17,9,13,13,54
7,38,2025,12,17,8,12,8,58
7,41,2025,12,17,7,2,24,36
7,48,2025,12,17,5,14,18,32
8,0,2025,12,17,5,17,0,49
8,4,2025,12,17,7,2,19,32
8,9,2025,12,17,8,5,4,33
8,13,2025,12,17,9,8,5,36
8,18,2025,12,17,10,19,16,39
8,21,2025,12,17,11,8,11,36
8,27,2025,12,17,10,9,1,44
8,32,2025,12,17,9,22,3,63
8,38,2025,12,17,8,5,14,54
8,41,2025,12,17,7,1,23,32
8,48,2025,12,17,5,13,13,32
9,0,2025,12,17,5,2,0,34
9,4,2025,12,17,7,2,7,29
9,9,2025,12,17,8,4,5,28
9,13,2025,12,17,9,2,2,28
9,18,2025,12,17,10,2,11,19
9,21,2025,12,17,11,4,11,12
9,27,2025,12,17,10,5,0,17
9,32,2025,12,17,9,6,0,23
9,38,2025,12,17,8,2,1,24
9,41,2025,12,17,7,2,20,6
9,48,2025,12,17,5,6,4,8
10,0,2025,12,17,5,2,0,10
10,4,2025,12,17,7,3,1,12
10,9,2025,12,17,8,3,4,11
10,13,2025,12,17,9,6,1,16
10,18,2025,12,17,10,6,9,13
10,21,2025,12,17,11,3,7,9
10,27,2025,12,17,10,2,1,10
10,32,2025,12,17,9,3,1,12
10,38,2025,12,17,8,4,5,11
10,41,2025,12,17,7,3,2,12
10,48,2025,12,17,5,3,9,6
11,0,2025,12,17,5,4,0,10
11,4,2025,12,17,7,4,3,11
11,9,2025,12,17,8,6,3,14
11,13,2025,12,17,9,4,2,16
11,18,2025,12,17,10,2,6,12
11,21,2025,12,17,11,6,5,13
11,27,2025,12,17,10,6,0,19
11,32,2025,12,17,9,5,5,19
11,38,2025,12,17,8,6,2,23
11,41,2025,12,17,7,6,12,17
11,48,2025,12,17,5,5,7,15
12,0,2025,12,17,5,3,0,18
12,4,2025,12,17,7,4,4,18
12,9,2025,12,17,8,6,1,23
12,13,2025,12,17,9,6,6,23
12,18,2025,12,17,10,3,5,21
12,21,2025,12,17,11,6,9,18
12,27,2025,12,17,10,6,0,24
12,32,2025,12,17,9,2,2,24
12,38,2025,12,17,8,6,7,23
12,41,2025,12,17,7,5,6,22
12,48,2025,12,17,5,2,9,15
13,0,2025,12,17,5,5,0,20
13,4,2025,12,17,7,11,0,31
13,9,2025,12,17,8,3,5,29
13,13,2025,12,17,9,3,9,23
13,18,2025,12,17,10,6,7,22
13,21,2025,12,17,11,2,12,12
13,27,2025,12,17,10,4,0,16
13,32,2025,12,17,9,3,3,16
13,38,2025,12,17,8,5,6,15
13,41,2025,12,17,7,22,5,32
13,48,2025,12,17,5,3,7,28
14,0,2025,12,17,5,5,0,33
14,4,2025,12,17,7,20,1,52
14,9,2025,12,17,8,6,13,45
14,13,2025,12,17,9,6,9,42
14,18,2025,12,17,10,5,15,32
14,21,2025,12,17,11,4,15,21
14,27,2025,12,17,10,5,2,24
14,32,2025,12,17,9,4,1,27
14,38,2025,12,17,8,6,5,28
14,41,2025,12,17,7,13,4,37
14,48,2025,12,17,5,5,21,21
15,0,2025,12,17,5,3,0,24
15,4,2025,12,17,7,25,0,49
15,9,2025,12,17,8,5,9,45
15,13,2025,12,17,9,6,15,36
15,18,2025,12,17,10,3,11,28
15,21,2025,12,17,11,5,14,19
15,27,2025,12,17,10,5,1,23
15,32,2025,12,17,9,5,4,24
15,38,2025,12,17,8,2,4,22
15,41,2025,12,17,7,28,6,44
15,48,2025,12,17,5,6,20,30
16,0,2025,12,17,5,3,0,33
16,4,2025,12,17,7,3,1,35
16,9,2025,12,17,8,6,9,32
16,13,2025,12,17,9,3,7,28
16,18,2025,12,17,10,2,14,16
16,21,2025,12,17,11,2,10,8
16,27,2025,12,17,10,6,0,14
16,32,2025,12,17,9,2,1,15
16,38,2025,12,17,8,2,4,13
16,41,2025,12,17,7,3,5,11
16,48,2025,12,17,5,3,2,12
17,0,2025,12,17,5,3,0,15
17,4,2025,12,17,7,6,1,20
17,9,2025,12,17,8,2,5,17
17,13,2025,12,17,9,5,2,20
17,18,2025,12,17,10,4,4,20
17,21,2025,12,17,11,3,9,14
17,27,2025,12,17,10,3,1,16
17,32,2025,12,17,9,2,4,14
17,38,2025,12,17,8,4,5,13
17,41,2025,12,17,7,6,4,15
17,48,2025,12,17,5,4,8,11
18,0,2025,12,17,5,6,0,17
18,4,2025,12,17,7,5,3,19
18,9,2025,12,17,8,3,3,19
18,13,2025,12,17,9,6,4,21
18,18,2025,12,17,10,4,8,17
18,21,2025,12,17,11,4,6,15
18,27,2025,12,17,10,2,1,16
18,32,2025,12,17,9,6,4,18
18,38,2025,12,17,8,4,7,15
18,41,2025,12,17,7,3,6,12
18,48,2025,12,17,5,6,5,13
19,0,2025,12,17,5,6,0,19
19,4,2025,12,17,7,5,3,21
19,9,2025,12,17,8,3,3,21
19,13,2025,12,17,9,6,8,19
19,18,2025,12,17,10,3,6,16
19,21,2025,12,17,11,2,7,11
19,27,2025,12,17,10,2,0,13
19,32,2025,12,17,9,6,1,18
19,38,2025,12,17,8,3,5,16
19,41,2025,12,17,7,6,2,20
19,48,2025,12,17,5,4,10,14
20,0,2025,12,17,5,3,0,17
20,4,2025,12,17,7,5,1,21
20,9,2025,12,17,8,6,4,23
20,13,2025,12,17,9,5,7,21
20,18,2025,12,17,10,5,9,17
20,21,2025,12,17,11,5,7,15
20,27,2025,12,17,10,2,0,17
20,32,2025,12,17,9,5,4,18
20,38,2025,12,17,8,4,2,20
20,41,2025,12,17,7,5,7,18
20,48,2025,12,17,5,2,12,8
21,0,2025,12,17,5,5,0,13
21,4,2025,12,17,7,5,0,18
21,9,2025,12,17,8,3,4,17
21,13,2025,12,17,9,3,4,16
21,18,2025,12,17,10,6,6,16
21,21,2025,12,17,11,3,3,16
21,27,2025,12,17,10,5,0,21
21,32,2025,12,17,9,5,1,25
21,38,2025,12,17,8,4,5,24
21,41,2025,12,17,7,3,7,20
21,48,2025,12,17,5,3,10,13
22,0,2025,12,17,5,4,0,17
22,4,2025,12,17,7,4,1,20
22,9,2025,12,17,8,5,2,23
22,13,2025,12,17,9,5,3,25
22,18,2025,12,17,10,2,9,18
22,21,2025,12,17,11,6,10,14
22,27,2025,12,17,10,3,1,16
22,32,2025,12,17,9,5,5,16
22,38,2025,12,17,8,6,4,18
22,41,2025,12,17,7,2,10,10
22,48,2025,12,17,5,5,4,11
23,0,2025,12,17,5,6,0,17
23,4,2025,12,17,7,5,0,22
23,9,2025,12,17,8,4,5,21
23,13,2025,12,17,9,6,5,22
23,18,2025,12,17,10,3,8,17
23,21,2025,12,17,11,5,6,16
23,27,2025,12,17,10,6,0,22
23,32,2025,12,17,9,2,3,21
23,38,2025,12,17,8,2,3,20
23,41,2025,12,17,7,6,6,20
23,48,2025,12,17,5,0,20,0
6,0,2025,12,18,5,19,0,19
6,4,2025,12,18,7,4,5,18
6,9,2025,12,18,8,14,8,24
6,13,2025,12,18,9,5,11,18
6,18,2025,12,18,10,14,8,24
6,21,2025,12,18,11,20,6,38
6,27,2025,12,18,10,9,3,44
6,32,2025,12,18,9,14,8,50
6,38,2025,12,18,8,7,17,40
6,41,2025,12,18,7,4,13,31
6,48,2025,12,18,5,17,15,33
7,0,2025,12,18,5,21,0,54
7,4,2025,12,18,7,3,27,30
7,9,2025,12,18,8,5,3,32
7,13,2025,12,18,9,11,7,36
7,18,2025,12,18,10,15,17,34
7,21,2025,12,18,11,13,11,36
7,27,2025,12,18,10,6,4,38
7,32,2025,12,18,9,13,7,44
7,38,2025,12,18,8,5,9,40
7,41,2025,12,18,7,1,20,21
7,48,2025,12,18,5,10,7,24
8,0,2025,12,18,5,6,0,30
8,4,2025,12,18,7,4,9,25
8,9,2025,12,18,8,16,3,38
8,13,2025,12,18,9,8,5,41
8,18,2025,12,18,10,21,9,53
8,21,2025,12,18,11,13,18,48
8,27,2025,12,18,10,16,3,61
8,32,2025,12,18,9,13,8,66
8,38,2025,12,18,8,8,8,66
8,41,2025,12,18,7,4,31,39
8,48,2025,12,18,5,15,18,36
9,0,2025,12,18,5,5,0,41
9,4,2025,12,18,7,1,15,27
9,9,2025,12,18,8,4,4,27
9,13,2025,12,18,9,6,4,29
9,18,2025,12,18,10,6,6,29
9,21,2025,12,18,11,6,13,22
9,27,2025,12,18,10,5,0,27
9,32,2025,12,18,9,2,2,27
9,38,2025,12,18,8,5,1,31
9,41,2025,12,18,7,3,21,13
9,48,2025,12,18,5,4,6,11
10,0,2025,12,18,5,3,0,14
10,4,2025,12,18,7,5,3,16
10,9,2025,12,18,8,5,3,18
10,13,2025,12,18,9,2,4,16
10,18,2025,12,18,10,3,4,15
10,21,2025,12,18,11,6,7,14
10,27,2025,12,18,10,5,1,18
10,32,2025,12,18,9,2,4,16
10,38,2025,12,18,8,6,7,15
10,41,2025,12,18,7,3,3,15
10,48,2025,12,18,5,3,8,10
11,0,2025,12,18,5,3,0,13
11,4,2025,12,18,7,5,0,18
11,9,2025,12,18,8,4,2,20
11,13,2025,12,18,9,6,9,17
11,18,2025,12,18,10,4,5,16
11,21,2025,12,18,11,3,7,12
11,27,2025,12,18,10,4,0,16
11,32,2025,12,18,9,3,3,16
11,38,2025,12,18,8,5,3,18
11,41,2025,12,18,7,3,6,15
11,48,2025,12,18,5,2,4,13
12,0,2025,12,18,5,5,0,18
12,4,2025,12,18,7,6,1,23
12,9,2025,12,18,8,3,5,21
12,13,2025,12,18,9,5,6,20
12,18,2025,12,18,10,5,7,18
12,21,2025,12,18,11,5,9,14
12,27,2025,12,18,10,2,1,15
12,32,2025,12,18,9,3,1,17
12,38,2025,12,18,8,2,6,13
12,41,2025,12,18,7,4,2,15
12,48,2025,12,18,5,6,6,15
13,0,2025,12,18,5,5,0,20
13,4,2025,12,18,7,8,0,28
13,9,2025,12,18,8,6,6,28
13,13,2025,12,18,9,2,4,26
13,18,2025,12,18,10,5,8,23
13,21,2025,12,18,11,3,14,12
13,27,2025,12,18,10,2,1,13
13,32,2025,12,18,9,5,4,14
13,38,2025,12,18,8,4,6,12
13,41,2025,12,18,7,32,2,42
13,48,2025,12,18,5,6,13,35
14,0,2025,12,18,5,6,0,41
14,4,2025,12,18,7,25,1,65
14,9,2025,12,18,8,4,13,56
14,13,2025,12,18,9,2,20,38
14,18,2025,12,18,10,4,15,27
14,21,2025,12,18,11,2,18,11
14,27,2025,12,18,10,5,0,16
14,32,2025,12,18,9,5,0,21
14,38,2025,12,18,8,3,5,19
14,41,2025,12,18,7,29,5,43
14,48,2025,12,18,5,6,13,36
15,0,2025,12,18,5,5,0,41
15,4,2025,12,18,7,27,2,66
15,9,2025,12,18,8,2,17,51
15,13,2025,12,18,9,3,14,40
15,18,2025,12,18,10,5,15,30
15,21,2025,12,18,11,4,18,16
15,27,2025,12,18,10,3,0,19
15,32,2025,12,18,9,6,4,21
15,38,2025,12,18,8,6,4,23
15,41,2025,12,18,7,19,5,37
15,48,2025,12,18,5,3,15,25
16,0,2025,12,18,5,3,0,28
16,4,2025,12,18,7,5,0,33
16,9,2025,12,18,8,4,6,31
16,13,2025,12,18,9,5,7,29
16,18,2025,12,18,10,3,9,23
16,21,2025,12,18,11,4,14,13
16,27,2025,12,18,10,5,1,17
16,32,2025,12,18,9,6,2,21
16,38,2025,12,18,8,3,6,18
16,41,2025,12,18,7,5,6,17
16,48,2025,12,18,5,4,5,16
17,0,2025,12,18,5,2,0,18
17,4,2025,12,18,7,3,1,20
17,9,2025,12,18,8,5,3,22
17,13,2025,12,18,9,6,5,23
17,18,2025,12,18,10,2,9,16
17,21,2025,12,18,11,4,8,12
17,27,2025,12,18,10,3,1,14
17,32,2025,12,18,9,2,1,15
17,38,2025,12,18,8,5,4,16
17,41,2025,12,18,7,6,7,15
17,48,2025,12,18,5,6,9,12
18,0,2025,12,18,5,3,0,15
18,4,2025,12,18,7,6,3,18
18,9,2025,12,18,8,4,4,18
18,13,2025,12,18,9,4,5,17
18,18,2025,12,18,10,3,10,10
18,21,2025,12,18,11,5,4,11
18,27,2025,12,18,10,2,2,11
18,32,2025,12,18,9,2,1,12
18,38,2025,12,18,8,3,3,12
18,41,2025,12,18,7,2,5,9
18,48,2025,12,18,5,5,2,12
19,0,2025,12,18,5,4,0,16
19,4,2025,12,18,7,5,3,18
19,9,2025,12,18,8,5,5,18
19,13,2025,12,18,9,3,4,17
19,18,2025,12,18,10,2,4,15
19,21,2025,12,18,11,2,8,9
19,27,2025,12,18,10,2,2,9
19,32,2025,12,18,9,2,1,10
19,38,2025,12,18,8,6,5,11
19,41,2025,12,18,7,5,2,14
19,48,2025,12,18,5,6,5,15
20,0,2025,12,18,5,6,0,21
20,4,2025,12,18,7,2,2,21
20,9,2025,12,18,8,3,3,21
20,13,2025,12,18,9,2,3,20
20,18,2025,12,18,10,5,11,14
20,21,2025,12,18,11,2,8,8
20,27,2025,12,18,10,5,0,13
20,32,2025,12,18,9,4,2,15
20,38,2025,12,18,8,5,3,17
20,41,2025,12,18,7,6,7,16
20,48,2025,12,18,5,5,5,16
21,0,2025,12,18,5,3,0,19
21,4,2025,12,18,7,3,2,20
21,9,2025,12,18,8,6,4,22
21,13,2025,12,18,9,6,5,23
21,18,2025,12,18,10,6,9,20
21,21,2025,12,18,11,2,10,12
21,27,2025,12,18,10,5,0,17
21,32,2025,12,18,9,6,2,21
21,38,2025,12,18,8,4,5,20
21,41,2025,12,18,7,5,7,18
21,48,2025,12,18,5,6,5,19
22,0,2025,12,18,5,6,0,25
22,4,2025,12,18,7,2,2,25
22,9,2025,12,18,8,3,2,26
22,13,2025,12,18,9,6,3,29
22,18,2025,12,18,10,2,13,18
22,21,2025,12,18,11,6,12,12
22,27,2025,12,18,10,4,1,15
22,32,2025,12,18,9,2,3,14
22,38,2025,12,18,8,4,3,15
22,41,2025,12,18,7,3,9,9
22,48,2025,12,18,5,2,2,9
23,0,2025,12,18,5,5,0,14
23,4,2025,12,18,7,5,0,19
23,9,2025,12,18,8,2,4,17
23,13,2025,12,18,9,5,3,19
23,18,2025,12,18,10,6,8,17
23,21,2025,12,18,11,4,10,11
23,27,2025,12,18,10,6,1,16
23,32,2025,12,18,9,6,5,17
23,38,2025,12,18,8,2,4,15
23,41,2025,12,18,7,3,5,13
23,48,2025,12,18,5,0,13,0
6,0,2025,12,19,5,10,0,10
6,4,2025,12,19,7,6,2,14
6,9,2025,12,19,8,13,3,24
6,13,2025,12,19,9,21,5,40
6,18,2025,12,19,10,9,12,37
6,21,2025,12,19,11,6,12,31
6,27,2025,12,19,10,6,3,34
6,32,2025,12,19,9,22,3,53
6,38,2025,12,19,8,5,7,51
6,41,2025,12,19,7,6,22,35
6,48,2025,12,19,5,9,19,25
7,0,2025,12,19,5,18,0,43
7,4,2025,12,19,7,1,17,27
7,9,2025,12,19,8,19,3,43
7,13,2025,12,19,9,13,7,49
7,18,2025,12,19,10,22,11,60
7,21,2025,12,19,11,22,21,61
7,27,2025,12,19,10,9,4,66
7,32,2025,12,19,9,12,12,66
7,38,2025,12,19,8,16,16,66
7,41,2025,12,19,7,3,22,47
7,48,2025,12,19,5,15,21,41
8,0,2025,12,19,5,19,0,60
8,4,2025,12,19,7,1,27,34
8,9,2025,12,19,8,6,5,35
8,13,2025,12,19,9,7,5,37
8,18,2025,12,19,10,15,12,40
8,21,2025,12,19,11,16,17,39
8,27,2025,12,19,10,11,1,49
8,32,2025,12,19,9,15,6,58
8,38,2025,12,19,8,9,6,61
8,41,2025,12,19,7,5,30,36
8,48,2025,12,19,5,15,18,33
9,0,2025,12,19,5,6,0,39
9,4,2025,12,19,7,3,18,24
9,9,2025,12,19,8,6,3,27
9,13,2025,12,19,9,3,4,26
9,18,2025,12,19,10,6,9,23
9,21,2025,12,19,11,3,12,14
9,27,2025,12,19,10,3,0,17
9,32,2025,12,19,9,2,0,19
9,38,2025,12,19,8,3,2,20
9,41,2025,12,19,7,2,18,4
9,48,2025,12,19,5,5,1,8
10,0,2025,12,19,5,4,0,12
10,4,2025,12,19,7,4,1,15
10,9,2025,12,19,8,6,1,20
10,13,2025,12,19,9,6,4,22
10,18,2025,12,19,10,6,4,24
10,21,2025,12,19,11,4,13,15
10,27,2025,12,19,10,5,1,19
10,32,2025,12,19,9,4,7,16
10,38,2025,12,19,8,5,0,21
10,41,2025,12,19,7,2,9,14
10,48,2025,12,19,5,2,5,11
11,0,2025,12,19,5,6,0,17
11,4,2025,12,19,7,2,2,17
11,9,2025,12,19,8,3,0,20
11,13,2025,12,19,9,6,6,20
11,18,2025,12,19,10,2,11,11
11,21,2025,12,19,11,2,5,8
11,27,2025,12,19,10,3,1,10
11,32,2025,12,19,9,6,0,16
11,38,2025,12,19,8,6,3,19
11,41,2025,12,19,7,3,5,17
11,48,2025,12,19,5,6,7,16
12,0,2025,12,19,5,5,0,21
12,4,2025,12,19,7,5,3,23
12,9,2025,12,19,8,6,2,27
12,13,2025,12,19,9,4,3,28
12,18,2025,12,19,10,2,8,22
12,21,2025,12,19,11,6,15,13
12,27,2025,12,19,10,3,2,14
12,32,2025,12,19,9,4,2,16
12,38,2025,12,19,8,4,0,20
12,41,2025,12,19,7,3,6,17
12,48,2025,12,19,5,6,8,15
13,0,2025,12,19,5,5,0,20
13,4,2025,12,19,7,29,1,48
13,9,2025,12,19,8,5,7,46
13,13,2025,12,19,9,6,10,42
13,18,2025,12,19,10,5,17,30
13,21,2025,12,19,11,3,10,23
13,27,2025,12,19,10,3,2,24
13,32,2025,12,19,9,5,2,27
13,38,2025,12,19,8,2,3,26
13,41,2025,12,19,7,24,1,49
13,48,2025,12,19,5,3,24,28
14,0,2025,12,19,5,2,0,30
14,4,2025,12,19,7,28,1,57
14,9,2025,12,19,8,3,9,51
14,13,2025,12,19,9,6,9,48
14,18,2025,12,19,10,5,13,40
14,21,2025,12,19,11,5,20,25
14,27,2025,12,19,10,6,2,29
14,32,2025,12,19,9,2,4,27
14,38,2025,12,19,8,2,5,24
14,41,2025,12,19,7,30,4,50
14,48,2025,12,19,5,4,23,31
15,0,2025,12,19,5,6,0,37
15,4,2025,12,19,7,29,3,63
15,9,2025,12,19,8,2,10,55
15,13,2025,12,19,9,6,10,51
15,18,2025,12,19,10,6,17,40
15,21,2025,12,19,11,5,21,24
15,27,2025,12,19,10,2,1,25
15,32,2025,12,19,9,3,6,22
15,38,2025,12,19,8,3,4,21
15,41,2025,12,19,7,24,1,44
15,48,2025,12,19,5,2,23,23
16,0,2025,12,19,5,2,0,25
16,4,2025,12,19,7,6,1,30
16,9,2025,12,19,8,2,4,28
16,13,2025,12,19,9,6,7,27
16,18,2025,12,19,10,5,8,24
16,21,2025,12,19,11,6,13,17
16,27,2025,12,19,10,2,0,19
16,32,2025,12,19,9,5,1,23
16,38,2025,12,19,8,4,5,22
16,41,2025,12,19,7,6,6,22
16,48,2025,12,19,5,4,13,13
17,0,2025,12,19,5,5,0,18
17,4,2025,12,19,7,2,2,18
17,9,2025,12,19,8,2,1,19
17,13,2025,12,19,9,4,2,21
17,18,2025,12,19,10,2,6,17
17,21,2025,12,19,11,3,11,9
17,27,2025,12,19,10,4,0,13
17,32,2025,12,19,9,6,3,16
17,38,2025,12,19,8,2,4,14
17,41,2025,12,19,7,2,4,12
17,48,2025,12,19,5,5,5,12
18,0,2025,12,19,5,3,0,15
18,4,2025,12,19,7,3,1,17
18,9,2025,12,19,8,6,3,20
18,13,2025,12,19,9,3,3,20
18,18,2025,12,19,10,6,10,16
18,21,2025,12,19,11,6,8,14
18,27,2025,12,19,10,4,1,17
18,32,2025,12,19,9,5,4,18
18,38,2025,12,19,8,3,6,15
18,41,2025,12,19,7,5,2,18
18,48,2025,12,19,5,3,8,13
19,0,2025,12,19,5,4,0,17
19,4,2025,12,19,7,3,0,20
19,9,2025,12,19,8,2,2,20
19,13,2025,12,19,9,5,4,21
19,18,2025,12,19,10,6,10,17
19,21,2025,12,19,11,3,10,10
19,27,2025,12,19,10,3,1,12
19,32,2025,12,19,9,5,1,16
19,38,2025,12,19,8,6,4,18
19,41,2025,12,19,7,4,5,17
19,48,2025,12,19,5,2,5,14
20,0,2025,12,19,5,4,0,18
20,4,2025,12,19,7,6,1,23
20,9,2025,12,19,8,4,3,24
20,13,2025,12,19,9,5,7,22
20,18,2025,12,19,10,4,10,16
20,21,2025,12,19,11,3,8,11
20,27,2025,12,19,10,6,1,16
20,32,2025,12,19,9,4,3,17
20,38,2025,12,19,8,4,3,18
20,41,2025,12,19,7,5,4,19
20,48,2025,12,19,5,3,12,10
21,0,2025,12,19,5,2,0,12
21,4,2025,12,19,7,4,3,13
21,9,2025,12,19,8,4,1,16
21,13,2025,12,19,9,4,3,17
21,18,2025,12,19,10,5,5,17
21,21,2025,12,19,11,2,12,7
21,27,2025,12,19,10,3,0,10
21,32,2025,12,19,9,3,1,12
21,38,2025,12,19,8,3,3,12
21,41,2025,12,19,7,6,4,14
21,48,2025,12,19,5,4,7,11
22,0,2025,12,19,5,5,0,16
22,4,2025,12,19,7,3,1,18
22,9,2025,12,19,8,5,3,20
22,13,2025,12,19,9,2,2,20
22,18,2025,12,19,10,6,6,20
22,21,2025,12,19,11,5,10,15
22,27,2025,12,19,10,2,1,16
22,32,2025,12,19,9,4,5,15
22,38,2025,12,19,8,2,4,13
22,41,2025,12,19,7,3,5,11
22,48,2025,12,19,5,2,5,8
23,0,2025,12,19,5,3,0,11
23,4,2025,12,19,7,4,1,14
23,9,2025,12,19,8,3,2,15
23,13,2025,12,19,9,4,5,14
23,18,2025,12,19,10,5,8,11
23,21,2025,12,19,11,4,4,11
23,27,2025,12,19,10,6,0,17
23,32,2025,12,19,9,2,3,16
23,38,2025,12,19,8,4,2,18
23,41,2025,12,19,7,5,6,17
23,48,2025,12,19,5,0,17,0
6,0,2025,12,20,5,6,0,6
6,4,2025,12,20,7,6,1,11
6,9,2025,12,20,8,10,2,19
6,13,2025,12,20,9,20,5,34
6,18,2025,12,20,10,6,7,33
6,21,2025,12,20,11,20,10,43
6,27,2025,12,20,10,22,4,61
6,32,2025,12,20,9,9,4,66
6,38,2025,12,20,8,17,17,66
6,41,2025,12,20,7,3,20,49
6,48,2025,12,20,5,18,21,46
7,0,2025,12,20,5,15,0,61
7,4,2025,12,20,7,5,27,39
7,9,2025,12,20,8,18,3,54
7,13,2025,12,20,9,21,11,64
7,18,2025,12,20,10,10,19,55
7,21,2025,12,20,11,6,12,49
7,27,2025,12,20,10,10,1,58
7,32,2025,12,20,9,7,9,56
7,38,2025,12,20,8,10,8,58
7,41,2025,12,20,7,1,28,31
7,48,2025,12,20,5,14,15,30
8,0,2025,12,20,5,19,0,49
8,4,2025,12,20,7,5,22,32
8,9,2025,12,20,8,11,4,39
8,13,2025,12,20,9,21,10,50
8,18,2025,12,20,10,15,14,51
8,21,2025,12,20,11,6,11,46
8,27,2025,12,20,10,5,1,50
8,32,2025,12,20,9,6,8,48
8,38,2025,12,20,8,12,8,52
8,41,2025,12,20,7,5,26,31
8,48,2025,12,20,5,18,11,38
9,0,2025,12,20,5,6,0,44
9,4,2025,12,20,7,2,17,29
9,9,2025,12,20,8,4,1,32
9,13,2025,12,20,9,6,11,27
9,18,2025,12,20,10,2,7,22
9,21,2025,12,20,11,4,11,15
9,27,2025,12,20,10,2,1,16
9,32,2025,12,20,9,6,0,22
9,38,2025,12,20,8,4,1,25
9,41,2025,12,20,7,5,18,12
9,48,2025,12,20,5,2,4,10
10,0,2025,12,20,5,2,0,12
10,4,2025,12,20,7,3,1,14
10,9,2025,12,20,8,3,4,13
10,13,2025,12,20,9,2,4,11
10,18,2025,12,20,10,2,5,8
10,21,2025,12,20,11,2,7,3
10,27,2025,12,20,10,5,1,7
10,32,2025,12,20,9,5,0,12
10,38,2025,12,20,8,2,3,11
10,41,2025,12,20,7,2,2,11
10,48,2025,12,20,5,5,7,9
11,0,2025,12,20,5,4,0,13
11,4,2025,12,20,7,2,0,15
11,9,2025,12,20,8,3,3,15
11,13,2025,12,20,9,6,3,18
11,18,2025,12,20,10,4,7,15
11,21,2025,12,20,11,6,7,14
11,27,2025,12,20,10,6,0,20
11,32,2025,12,20,9,4,2,22
11,38,2025,12,20,8,4,6,20
11,41,2025,12,20,7,5,10,15
11,48,2025,12,20,5,5,7,13
12,0,2025,12,20,5,6,0,19
12,4,2025,12,20,7,6,3,22
12,9,2025,12,20,8,4,4,22
12,13,2025,12,20,9,4,2,24
12,18,2025,12,20,10,6,12,18
12,21,2025,12,20,11,3,9,12
12,27,2025,12,20,10,3,1,14
12,32,2025,12,20,9,3,1,16
12,38,2025,12,20,8,4,4,16
12,41,2025,12,20,7,4,7,13
12,48,2025,12,20,5,6,5,14
13,0,2025,12,20,5,6,0,20
13,4,2025,12,20,7,21,2,39
13,9,2025,12,20,8,3,9,33
13,13,2025,12,20,9,4,10,27
13,18,2025,12,20,10,5,9,23
13,21,2025,12,20,11,2,18,7
13,27,2025,12,20,10,5,1,11
13,32,2025,12,20,9,4,2,13
13,38,2025,12,20,8,5,3,15
13,41,2025,12,20,7,7,2,20
13,48,2025,12,20,5,6,8,18
14,0,2025,12,20,5,4,0,22
14,4,2025,12,20,7,12,1,33
14,9,2025,12,20,8,2,8,27
14,13,2025,12,20,9,6,8,25
14,18,2025,12,20,10,4,7,22
14,21,2025,12,20,11,2,13,11
14,27,2025,12,20,10,5,0,16
14,32,2025,12,20,9,5,2,19
14,38,2025,12,20,8,4,4,19
14,41,2025,12,20,7,18,3,34
14,48,2025,12,20,5,6,12,28
15,0,2025,12,20,5,5,0,33
15,4,2025,12,20,7,31,2,62
15,9,2025,12,20,8,4,12,54
15,13,2025,12,20,9,6,17,43
15,18,2025,12,20,10,6,20,29
15,21,2025,12,20,11,4,14,19
15,27,2025,12,20,10,2,2,19
15,32,2025,12,20,9,5,2,22
15,38,2025,12,20,8,2,6,18
15,41,2025,12,20,7,19,3,34
15,48,2025,12,20,5,3,16,21
16,0,2025,12,20,5,6,0,27
16,4,2025,12,20,7,5,2,30
16,9,2025,12,20,8,6,1,35
16,13,2025,12,20,9,5,15,25
16,18,2025,12,20,10,4,6,23
16,21,2025,12,20,11,2,16,9
16,27,2025,12,20,10,6,0,15
16,32,2025,12,20,9,6,3,18
16,38,2025,12,20,8,5,3,20
16,41,2025,12,20,7,2,5,17
16,48,2025,12,20,5,3,7,13
17,0,2025,12,20,5,3,0,16
17,4,2025,12,20,7,2,1,17
17,9,2025,12,20,8,3,3,17
17,13,2025,12,20,9,4,5,16
17,18,2025,12,20,10,2,4,14
17,21,2025,12,20,11,4,9,9
17,27,2025,12,20,10,4,0,13
17,32,2025,12,20,9,6,1,18
17,38,2025,12,20,8,5,4,19
17,41,2025,12,20,7,3,7,15
17,48,2025,12,20,5,5,6,14
18,0,2025,12,20,5,2,0,16
18,4,2025,12,20,7,3,1,18
18,9,2025,12,20,8,5,2,21
18,13,2025,12,20,9,5,5,21
18,18,2025,12,20,10,4,10,15
18,21,2025,12,20,11,5,6,14
18,27,2025,12,20,10,2,1,15
18,32,2025,12,20,9,4,1,18
18,38,2025,12,20,8,5,8,15
18,41,2025,12,20,7,4,2,17
18,48,2025,12,20,5,6,6,17
19,0,2025,12,20,5,3,0,20
19,4,2025,12,20,7,4,5,19
19,9,2025,12,20,8,6,2,23
19,13,2025,12,20,9,4,5,22
19,18,2025,12,20,10,2,7,17
19,21,2025,12,20,11,3,12,8
19,27,2025,12,20,10,2,1,9
19,32,2025,12,20,9,5,2,12
19,38,2025,12,20,8,5,4,13
19,41,2025,12,20,7,2,5,10
19,48,2025,12,20,5,4,6,8
20,0,2025,12,20,5,3,0,11
20,4,2025,12,20,7,5,3,13
20,9,2025,12,20,8,2,3,12
20,13,2025,12,20,9,4,4,12
20,18,2025,12,20,10,4,4,12
20,21,2025,12,20,11,6,6,12
20,27,2025,12,20,10,6,1,17
20,32,2025,12,20,9,2,4,15
20,38,2025,12,20,8,4,5,14
20,41,2025,12,20,7,5,6,13
20,48,2025,12,20,5,2,6,9
21,0,2025,12,20,5,3,0,12
21,4,2025,12,20,7,3,0,15
21,9,2025,12,20,8,3,2,16
21,13,2025,12,20,9,5,4,17
21,18,2025,12,20,10,6,6,17
21,21,2025,12,20,11,2,10,9
21,27,2025,12,20,10,2,0,11
21,32,2025,12,20,9,5,3,13
21,38,2025,12,20,8,3,4,12
21,41,2025,12,20,7,2,6,8
21,48,2025,12,20,5,2,2,8
22,0,2025,12,20,5,5,0,13
22,4,2025,12,20,7,6,2,17
22,9,2025,12,20,8,4,2,19
22,13,2025,12,20,9,5,6,18
22,18,2025,12,20,10,6,2,22
22,21,2025,12,20,11,6,11,17
22,27,2025,12,20,10,3,0,20
22,32,2025,12,20,9,2,5,17
22,38,2025,12,20,8,3,6,14
22,41,2025,12,20,7,4,5,13
22,48,2025,12,20,5,2,8,7
23,0,2025,12,20,5,2,0,9
23,4,2025,12,20,7,6,1,14
23,9,2025,12,20,8,6,3,17
23,13,2025,12,20,9,6,3,20
23,18,2025,12,20,10,2,5,17
23,21,2025,12,20,11,4,11,10
23,27,2025,12,20,10,2,0,12
23,32,2025,12,20,9,5,4,13
23,38,2025,12,20,8,4,2,15
23,41,2025,12,20,7,4,4,15
23,48,2025,12,20,5,0,15,0
6,0,2025,12,21,5,10,0,10
6,4,2025,12,21,7,4,3,11
6,9,2025,12,21,8,14,4,21
6,13,2025,12,21,9,17,4,34
6,18,2025,12,21,10,14,3,45
6,21,2025,12,21,11,16,12,49
6,27,2025,12,21,10,13,2,60
6,32,2025,12,21,9,12,6,66
6,38,2025,12,21,8,20,20,66
6,41,2025,12,21,7,5,22,49
6,48,2025,12,21,5,5,20,34
7,0,2025,12,21,5,5,0,39
7,4,2025,12,21,7,1,7,33
7,9,2025,12,21,8,15,2,46
7,13,2025,12,21,9,14,8,52
7,18,2025,12,21,10,13,13,52
7,21,2025,12,21,11,21,21,52
7,27,2025,12,21,10,17,10,59
7,32,2025,12,21,9,17,11,65
7,38,2025,12,21,8,12,22,55
7,41,2025,12,21,7,5,20,40
7,48,2025,12,21,5,15,14,41
8,0,2025,12,21,5,5,0,46
8,4,2025,12,21,7,1,10,37
8,9,2025,12,21,8,9,2,44
8,13,2025,12,21,9,22,8,58
8,18,2025,12,21,10,15,18,55
8,21,2025,12,21,11,10,19,46
8,27,2025,12,21,10,10,1,55
8,32,2025,12,21,9,21,10,66
8,38,2025,12,21,8,21,21,66
8,41,2025,12,21,7,2,21,47
8,48,2025,12,21,5,13,21,39
9,0,2025,12,21,5,4,0,43
9,4,2025,12,21,7,3,11,35
9,9,2025,12,21,8,4,0,39
9,13,2025,12,21,9,4,11,32
9,18,2025,12,21,10,3,10,25
9,21,2025,12,21,11,2,12,15
9,27,2025,12,21,10,5,0,20
9,32,2025,12,21,9,2,0,22
9,38,2025,12,21,8,3,1,24
9,41,2025,12,21,7,3,19,8
9,48,2025,12,21,5,6,5,9
10,0,2025,12,21,5,5,0,14
10,4,2025,12,21,7,6,5,15
10,9,2025,12,21,8,4,6,13
10,13,2025,12,21,9,6,3,16
10,18,2025,12,21,10,3,4,15
10,21,2025,12,21,11,5,6,14
10,27,2025,12,21,10,6,0,20
10,32,2025,12,21,9,4,3,21
10,38,2025,12,21,8,3,5,19
10,41,2025,12,21,7,4,7,16
10,48,2025,12,21,5,6,6,16
11,0,2025,12,21,5,5,0,21
11,4,2025,12,21,7,2,1,22
11,9,2025,12,21,8,4,5,21
11,13,2025,12,21,9,2,8,15
11,18,2025,12,21,10,6,7,14
11,21,2025,12,21,11,6,6,14
11,27,2025,12,21,10,3,1,16
11,32,2025,12,21,9,2,7,11
11,38,2025,12,21,8,3,2,12
11,41,2025,12,21,7,5,3,14
11,48,2025,12,21,5,4,4,14
12,0,2025,12,21,5,5,0,19
12,4,2025,12,21,7,3,0,22
12,9,2025,12,21,8,6,4,24
12,13,2025,12,21,9,3,7,20
12,18,2025,12,21,10,2,4,18
12,21,2025,12,21,11,2,13,7
12,27,2025,12,21,10,6,1,12
12,32,2025,12,21,9,6,2,16
12,38,2025,12,21,8,6,2,20
12,41,2025,12,21,7,4,6,18
12,48,2025,12,21,5,3,7,14
13,0,2025,12,21,5,4,0,18
13,4,2025,12,21,7,29,2,45
13,9,2025,12,21,8,3,8,40
13,13,2025,12,21,9,4,12,32
13,18,2025,12,21,10,4,12,24
13,21,2025,12,21,11,4,15,13
13,27,2025,12,21,10,4,1,16
13,32,2025,12,21,9,6,3,19
13,38,2025,12,21,8,5,2,22
13,41,2025,12,21,7,13,2,33
13,48,2025,12,21,5,5,12,26
14,0,2025,12,21,5,3,0,29
14,4,2025,12,21,7,24,0,53
14,9,2025,12,21,8,6,9,50
14,13,2025,12,21,9,3,10,43
14,18,2025,12,21,10,3,13,33
14,21,2025,12,21,11,4,20,17
14,27,2025,12,21,10,6,1,22
14,32,2025,12,21,9,4,4,22
14,38,2025,12,21,8,2,7,17
14,41,2025,12,21,7,18,4,31
14,48,2025,12,21,5,6,13,24
15,0,2025,12,21,5,4,0,28
15,4,2025,12,21,7,22,1,49
15,9,2025,12,21,8,5,11,43
15,13,2025,12,21,9,2,8,37
15,18,2025,12,21,10,3,12,28
15,21,2025,12,21,11,4,17,15
15,27,2025,12,21,10,2,1,16
15,32,2025,12,21,9,6,2,20
15,38,2025,12,21,8,6,3,23
15,41,2025,12,21,7,9,3,29
15,48,2025,12,21,5,5,16,18
16,0,2025,12,21,5,3,0,21
16,4,2025,12,21,7,3,2,22
16,9,2025,12,21,8,5,1,26
16,13,2025,12,21,9,2,10,18
16,18,2025,12,21,10,3,9,12
16,21,2025,12,21,11,6,2,16
16,27,2025,12,21,10,5,1,20
16,32,2025,12,21,9,2,2,20
16,38,2025,12,21,8,5,3,22
16,41,2025,12,21,7,2,5,19
16,48,2025,12,21,5,4,11,12
17,0,2025,12,21,5,6,0,18
17,4,2025,12,21,7,5,1,22
17,9,2025,12,21,8,2,4,20
17,13,2025,12,21,9,3,4,19
17,18,2025,12,21,10,5,4,20
17,21,2025,12,21,11,6,14,12
17,27,2025,12,21,10,3,2,13
17,32,2025,12,21,9,4,3,14
17,38,2025,12,21,8,3,4,13
17,41,2025,12,21,7,3,4,12
17,48,2025,12,21,5,2,4,10
18,0,2025,12,21,5,4,0,14
18,4,2025,12,21,7,6,1,19
18,9,2025,12,21,8,5,5,19
18,13,2025,12,21,9,4,6,17
18,18,2025,12,21,10,5,4,18
18,21,2025,12,21,11,5,7,16
18,27,2025,12,21,10,4,2,18
18,32,2025,12,21,9,4,5,17
18,38,2025,12,21,8,2,3,16
18,41,2025,12,21,7,3,5,14
18,48,2025,12,21,5,3,5,12
19,0,2025,12,21,5,2,0,14
19,4,2025,12,21,7,6,1,19
19,9,2025,12,21,8,2,3,18
19,13,2025,12,21,9,3,7,14
19,18,2025,12,21,10,2,4,12
19,21,2025,12,21,11,2,8,6
19,27,2025,12,21,10,3,0,9
19,32,2025,12,21,9,5,3,11
19,38,2025,12,21,8,3,4,10
19,41,2025,12,21,7,4,2,12
19,48,2025,12,21,5,6,5,13
20,0,2025,12,21,5,3,0,16
20,4,2025,12,21,7,3,5,14
20,9,2025,12,21,8,2,2,14
20,13,2025,12,21,9,2,6,10
20,18,2025,12,21,10,3,4,9
20,21,2025,12,21,11,5,2,12
20,27,2025,12,21,10,5,3,14
20,32,2025,12,21,9,6,1,19
20,38,2025,12,21,8,6,4,21
20,41,2025,12,21,7,6,6,21
20,48,2025,12,21,5,2,10,13
21,0,2025,12,21,5,3,0,16
21,4,2025,12,21,7,4,1,19
21,9,2025,12,21,8,3,4,18
21,13,2025,12,21,9,5,2,21
21,18,2025,12,21,10,4,4,21
21,21,2025,12,21,11,2,9,14
21,27,2025,12,21,10,2,1,15
21,32,2025,12,21,9,5,1,19
21,38,2025,12,21,8,2,2,19
21,41,2025,12,21,7,5,6,18
21,48,2025,12,21,5,2,8,12
22,0,2025,12,21,5,2,0,14
22,4,2025,12,21,7,2,0,16
22,9,2025,12,21,8,6,3,19
22,13,2025,12,21,9,6,4,21
22,18,2025,12,21,10,5,4,22
22,21,2025,12,21,11,5,12,15
22,27,2025,12,21,10,2,1,16
22,32,2025,12,21,9,6,3,19
22,38,2025,12,21,8,5,5,19
22,41,2025,12,21,7,5,3,21
22,48,2025,12,21,5,2,9,14
23,0,2025,12,21,5,6,0,20
23,4,2025,12,21,7,5,3,22
23,9,2025,12,21,8,3,5,20
23,13,2025,12,21,9,6,5,21
23,18,2025,12,21,10,4,7,18
23,21,2025,12,21,11,6,8,16
23,27,2025,12,21,10,2,0,18
23,32,2025,12,21,9,2,2,18
23,38,2025,12,21,8,6,4,20
23,41,2025,12,21,7,5,15,10
23,48,2025,12,21,5,0,10,0
6,0,2025,12,22,5,20,0,20
6,4,2025,12,22,7,6,3,23
6,9,2025,12,22,8,15,4,34
6,13,2025,12,22,9,9,11,32
6,18,2025,12,22,10,8,14,26
6,21,2025,12,22,11,15,13,28
6,27,2025,12,22,10,18,3,43
6,32,2025,12,22,9,16,9,50
6,38,2025,12,22,8,12,13,49
6,41,2025,12,22,7,6,16,39
6,48,2025,12,22,5,14,20,33
7,0,2025,12,22,5,20,0,53
7,4,2025,12,22,7,1,25,29
7,9,2025,12,22,8,14,1,42
7,13,2025,12,22,9,12,6,48
7,18,2025,12,22,10,18,15,51
7,21,2025,12,22,11,9,15,45
7,27,2025,12,22,10,16,0,61
7,32,2025,12,22,9,11,8,64
7,38,2025,12,22,8,5,10,59
7,41,2025,12,22,7,4,29,34
7,48,2025,12,22,5,12,12,34
8,0,2025,12,22,5,6,0,40
8,4,2025,12,22,7,2,12,30
8,9,2025,12,22,8,22,3,49
8,13,2025,12,22,9,22,7,64
8,18,2025,12,22,10,7,9,62
8,21,2025,12,22,11,8,19,51
8,27,2025,12,22,10,16,1,66
8,32,2025,12,22,9,8,8,66
8,38,2025,12,22,8,14,14,66
8,41,2025,12,22,7,3,31,38
8,48,2025,12,22,5,7,19,26
9,0,2025,12,22,5,5,0,31
9,4,2025,12,22,7,2,6,27
9,9,2025,12,22,8,2,4,25
9,13,2025,12,22,9,5,5,25
9,18,2025,12,22,10,2,7,20
9,21,2025,12,22,11,4,11,13
9,27,2025,12,22,10,3,1,15
9,32,2025,12,22,9,4,0,19
9,38,2025,12,22,8,6,1,24
9,41,2025,12,22,7,5,20,9
9,48,2025,12,22,5,2,3,8
10,0,2025,12,22,5,5,0,13
10,4,2025,12,22,7,2,3,12
10,9,2025,12,22,8,5,1,16
10,13,2025,12,22,9,3,6,13
10,18,2025,12,22,10,4,5,12
10,21,2025,12,22,11,6,6,12
10,27,2025,12,22,10,2,0,14
10,32,2025,12,22,9,2,0,16
10,38,2025,12,22,8,4,4,16
10,41,2025,12,22,7,5,3,18
10,48,2025,12,22,5,6,9,15
11,0,2025,12,22,5,2,0,17
11,4,2025,12,22,7,6,0,23
11,9,2025,12,22,8,6,5,24
11,13,2025,12,22,9,2,6,20
11,18,2025,12,22,10,5,7,18
11,21,2025,12,22,11,5,9,14
11,27,2025,12,22,10,6,2,18
11,32,2025,12,22,9,3,6,15
11,38,2025,12,22,8,2,3,14
11,41,2025,12,22,7,6,2,18
11,48,2025,12,22,5,6,8,16
12,0,2025,12,22,5,3,0,19
12,4,2025,12,22,7,4,2,21
12,9,2025,12,22,8,2,7,16
12,13,2025,12,22,9,6,6,16
12,18,2025,12,22,10,5,5,16
12,21,2025,12,22,11,2,6,12
12,27,2025,12,22,10,2,0,14
12,32,2025,12,22,9,6,0,20
12,38,2025,12,22,8,5,4,21
12,41,2025,12,22,7,6,7,20
12,48,2025,12,22,5,3,11,12
13,0,2025,12,22,5,4,0,16
13,4,2025,12,22,7,22,0,38
13,9,2025,12,22,8,4,7,35
13,13,2025,12,22,9,2,10,27
13,18,2025,12,22,10,4,10,21
13,21,2025,12,22,11,4,12,13
13,27,2025,12,22,10,6,1,18
13,32,2025,12,22,9,6,6,18
13,38,2025,12,22,8,5,4,19
13,41,2025,12,22,7,13,5,27
13,48,2025,12,22,5,2,13,16
14,0,2025,12,22,5,5,0,21
14,4,2025,12,22,7,10,0,31
14,9,2025,12,22,8,5,3,33
14,13,2025,12,22,9,6,10,29
14,18,2025,12,22,10,5,9,25
14,21,2025,12,22,11,2,15,12
14,27,2025,12,22,10,6,0,18
14,32,2025,12,22,9,3,5,16
14,38,2025,12,22,8,5,3,18
14,41,2025,12,22,7,27,3,42
14,48,2025,12,22,5,6,20,28
15,0,2025,12,22,5,3,0,31
15,4,2025,12,22,7,19,1,49
15,9,2025,12,22,8,3,12,40
15,13,2025,12,22,9,6,8,38
15,18,2025,12,22,10,3,14,27
15,21,2025,12,22,11,2,19,10
15,27,2025,12,22,10,5,0,15
15,32,2025,12,22,9,2,2,15
15,38,2025,12,22,8,4,5,14
15,41,2025,12,22,7,9,2,21
15,48,2025,12,22,5,6,10,17
16,0,2025,12,22,5,2,0,19
16,4,2025,12,22,7,3,0,22
16,9,2025,12,22,8,3,5,20
16,13,2025,12,22,9,6,6,20
16,18,2025,12,22,10,3,6,17
16,21,2025,12,22,11,3,10,10
16,27,2025,12,22,10,6,0,16
16,32,2025,12,22,9,3,4,15
16,38,2025,12,22,8,4,6,13
16,41,2025,12,22,7,4,6,11
16,48,2025,12,22,5,5,5,11
17,0,2025,12,22,5,5,0,16
17,4,2025,12,22,7,2,2,16
17,9,2025,12,22,8,4,8,12
17,13,2025,12,22,9,6,2,16
17,18,2025,12,22,10,2,4,14
17,21,2025,12,22,11,6,4,16
17,27,2025,12,22,10,6,3,19
17,32,2025,12,22,9,3,3,19
17,38,2025,12,22,8,5,6,18
17,41,2025,12,22,7,2,4,16
17,48,2025,12,22,5,6,11,11
18,0,2025,12,22,5,5,0,16
18,4,2025,12,22,7,6,3,19
18,9,2025,12,22,8,2,1,20
18,13,2025,12,22,9,4,3,21
18,18,2025,12,22,10,5,7,19
18,21,2025,12,22,11,6,8,17
18,27,2025,12,22,10,3,0,20
18,32,2025,12,22,9,6,2,24
18,38,2025,12,22,8,2,7,19
18,41,2025,12,22,7,3,9,13
18,48,2025,12,22,5,3,8,8
19,0,2025,12,22,5,4,0,12
19,4,2025,12,22,7,4,0,16
19,9,2025,12,22,8,3,5,14
19,13,2025,12,22,9,3,2,15
19,18,2025,12,22,10,4,4,15
19,21,2025,12,22,11,2,6,11
19,27,2025,12,22,10,4,1,14
19,32,2025,12,22,9,6,0,20
19,38,2025,12,22,8,6,7,19
19,41,2025,12,22,7,3,8,14
19,48,2025,12,22,5,4,7,11
20,0,2025,12,22,5,4,0,15
20,4,2025,12,22,7,5,0,20
20,9,2025,12,22,8,4,5,19
20,13,2025,12,22,9,2,3,18
20,18,2025,12,22,10,5,4,19
20,21,2025,12,22,11,3,10,12
20,27,2025,12,22,10,5,0,17
20,32,2025,12,22,9,2,3,16
20,38,2025,12,22,8,2,5,13
20,41,2025,12,22,7,5,5,13
20,48,2025,12,22,5,2,5,10
21,0,2025,12,22,5,5,0,15
21,4,2025,12,22,7,2,1,16
21,9,2025,12,22,8,4,2,18
21,13,2025,12,22,9,4,1,21
21,18,2025,12,22,10,4,9,16
21,21,2025,12,22,11,4,6,14
21,27,2025,12,22,10,6,2,18
21,32,2025,12,22,9,4,4,18
21,38,2025,12,22,8,2,3,17
21,41,2025,12,22,7,3,8,12
21,48,2025,12,22,5,5,6,11
22,0,2025,12,22,5,6,0,17
22,4,2025,12,22,7,3,1,19
22,9,2025,12,22,8,5,7,17
22,13,2025,12,22,9,3,4,16
22,18,2025,12,22,10,5,7,14
22,21,2025,12,22,11,4,6,12
22,27,2025,12,22,10,3,0,15
22,32,2025,12,22,9,4,2,17
22,38,2025,12,22,8,2,4,15
22,41,2025,12,22,7,4,7,12
22,48,2025,12,22,5,4,8,8
23,0,2025,12,22,5,2,0,10
23,4,2025,12,22,7,5,1,14
23,9,2025,12,22,8,6,2,18
23,13,2025,12,22,9,4,4,18
23,18,2025,12,22,10,3,3,18
23,21,2025,12,22,11,4,5,17
23,27,2025,12,22,10,3,0,20
23,32,2025,12,22,9,3,1,22
23,38,2025,12,22,8,6,4,24
23,41,2025,12,22,7,5,8,21
23,48,2025,12,22,5,0,21,0
6,0,2025,12,23,5,14,0,14
6,4,2025,12,23,7,6,4,16
6,9,2025,12,23,8,13,4,25
6,13,2025,12,23,9,12,4,33
6,18,2025,12,23,10,14,11,36
6,21,2025,12,23,11,18,11,43
6,27,2025,12,23,10,12,4,51
6,32,2025,12,23,9,13,10,54
6,38,2025,12,23,8,19,10,63
6,41,2025,12,23,7,3,17,49
6,48,2025,12,23,5,14,20,43
7,0,2025,12,23,5,10,0,53
7,4,2025,12,23,7,4,17,40
7,9,2025,12,23,8,21,3,58
7,13,2025,12,23,9,14,12,60
7,18,2025,12,23,10,7,8,59
7,21,2025,12,23,11,19,20,58
7,27,2025,12,23,10,10,2,66
7,32,2025,12,23,9,8,15,59
7,38,2025,12,23,8,15,8,66
7,41,2025,12,23,7,4,30,40
7,48,2025,12,23,5,14,21,33
8,0,2025,12,23,5,17,0,50
8,4,2025,12,23,7,2,23,29
8,9,2025,12,23,8,12,4,37
8,13,2025,12,23,9,12,9,40
8,18,2025,12,23,10,21,7,54
8,21,2025,12,23,11,10,16,48
8,27,2025,12,23,10,13,4,57
8,32,2025,12,23,9,7,7,57
8,38,2025,12,23,8,15,6,66
8,41,2025,12,23,7,4,35,35
8,48,2025,12,23,5,5,16,24
9,0,2025,12,23,5,4,0,28
9,4,2025,12,23,7,3,6,25
9,9,2025,12,23,8,5,1,29
9,13,2025,12,23,9,2,6,25
9,18,2025,12,23,10,4,7,22
9,21,2025,12,23,11,4,10,16
9,27,2025,12,23,10,5,0,21
9,32,2025,12,23,9,2,2,21
9,38,2025,12,23,8,5,3,23
9,41,2025,12,23,7,5,17,11
9,48,2025,12,23,5,5,6,10
10,0,2025,12,23,5,3,0,13
10,4,2025,12,23,7,5,1,17
10,9,2025,12,23,8,2,2,17
10,13,2025,12,23,9,4,7,14
10,18,2025,12,23,10,2,5,11
10,21,2025,12,23,11,3,3,11
10,27,2025,12,23,10,6,0,17
10,32,2025,12,23,9,6,4,19
10,38,2025,12,23,8,2,3,18
10,41,2025,12,23,7,2,3,17
10,48,2025,12,23,5,5,8,14
11,0,2025,12,23,5,6,0,20
11,4,2025,12,23,7,4,3,21
11,9,2025,12,23,8,4,6,19
11,13,2025,12,23,9,3,2,20
11,18,2025,12,23,10,5,8,17
11,21,2025,12,23,11,5,9,13
11,27,2025,12,23,10,3,0,16
11,32,2025,12,23,9,4,3,17
11,38,2025,12,23,8,5,3,19
11,41,2025,12,23,7,6,9,16
11,48,2025,12,23,5,4,12,8
12,0,2025,12,23,5,3,0,11
12,4,2025,12,23,7,4,1,14
12,9,2025,12,23,8,4,2,16
12,13,2025,12,23,9,5,3,18
12,18,2025,12,23,10,3,7,14
12,21,2025,12,23,11,6,7,13
12,27,2025,12,23,10,3,1,15
12,32,2025,12,23,9,3,0,18
12,38,2025,12,23,8,5,3,20
12,41,2025,12,23,7,2,8,14
12,48,2025,12,23,5,5,8,11
13,0,2025,12,23,5,6,0,17
13,4,2025,12,23,7,12,0,29
13,9,2025,12,23,8,5,5,29
13,13,2025,12,23,9,5,6,28
13,18,2025,12,23,10,4,8,24
13,21,2025,12,23,11,5,7,22
13,27,2025,12,23,10,2,1,23
13,32,2025,12,23,9,3,4,22
13,38,2025,12,23,8,2,4,20
13,41,2025,12,23,7,27,6,41
13,48,2025,12,23,5,6,17,30
14,0,2025,12,23,5,4,0,34
14,4,2025,12,23,7,26,0,60
14,9,2025,12,23,8,2,9,53
14,13,2025,12,23,9,4,14,43
14,18,2025,12,23,10,6,15,34
14,21,2025,12,23,11,5,20,19
14,27,2025,12,23,10,4,3,20
14,32,2025,12,23,9,4,4,20
14,38,2025,12,23,8,3,4,19
14,41,2025,12,23,7,26,4,41
14,48,2025,12,23,5,4,17,28
15,0,2025,12,23,5,2,0,30
15,4,2025,12,23,7,7,1,36
15,9,2025,12,23,8,2,6,32
15,13,2025,12,23,9,5,16,21
15,18,2025,12,23,10,3,7,17
15,21,2025,12,23,11,5,10,12
15,27,2025,12,23,10,5,2,15
15,32,2025,12,23,9,4,3,16
15,38,2025,12,23,8,3,2,17
15,41,2025,12,23,7,11,7,21
15,48,2025,12,23,5,6,8,19
16,0,2025,12,23,5,5,0,24
16,4,2025,12,23,7,4,4,24
16,9,2025,12,23,8,3,1,26
16,13,2025,12,23,9,6,5,27
16,18,2025,12,23,10,3,9,21
16,21,2025,12,23,11,4,11,14
16,27,2025,12,23,10,6,0,20
16,32,2025,12,23,9,3,4,19
16,38,2025,12,23,8,3,5,17
16,41,2025,12,23,7,3,2,18
16,48,2025,12,23,5,6,9,15
17,0,2025,12,23,5,6,0,21
17,4,2025,12,23,7,6,0,27
17,9,2025,12,23,8,6,5,28
17,13,2025,12,23,9,4,6,26
17,18,2025,12,23,10,2,10,18
17,21,2025,12,23,11,3,12,9
17,27,2025,12,23,10,2,2,9
17,32,2025,12,23,9,3,0,12
17,38,2025,12,23,8,2,3,11
17,41,2025,12,23,7,2,4,9
17,48,2025,12,23,5,2,4,7
18,0,2025,12,23,5,2,0,9
18,4,2025,12,23,7,3,3,9
18,9,2025,12,23,8,4,2,11
18,13,2025,12,23,9,6,2,15
18,18,2025,12,23,10,6,3,18
18,21,2025,12,23,11,4,4,18
18,27,2025,12,23,10,4,2,20
18,32,2025,12,23,9,5,6,19
18,38,2025,12,23,8,6,4,21
18,41,2025,12,23,7,2,9,14
18,48,2025,12,23,5,3,5,12
19,0,2025,12,23,5,4,0,16
19,4,2025,12,23,7,4,3,17
19,9,2025,12,23,8,4,2,19
19,13,2025,12,23,9,6,4,21
19,18,2025,12,23,10,4,8,17
19,21,2025,12,23,11,5,9,13
19,27,2025,12,23,10,2,3,12
19,32,2025,12,23,9,6,1,17
19,38,2025,12,23,8,5,2,20
19,41,2025,12,23,7,2,7,15
19,48,2025,12,23,5,3,5,13
20,0,2025,12,23,5,3,0,16
20,4,2025,12,23,7,4,1,19
20,9,2025,12,23,8,4,2,21
20,13,2025,12,23,9,2,4,19
20,18,2025,12,23,10,3,7,15
20,21,2025,12,23,11,2,8,9
20,27,2025,12,23,10,3,0,12
20,32,2025,12,23,9,6,3,15
20,38,2025,12,23,8,3,4,14
20,41,2025,12,23,7,6,4,16
20,48,2025,12,23,5,5,3,18
21,0,2025,12,23,5,4,0,22
21,4,2025,12,23,7,3,2,23
21,9,2025,12,23,8,5,3,25
21,13,2025,12,23,9,4,9,20
21,18,2025,12,23,10,5,11,14
21,21,2025,12,23,11,5,9,10
21,27,2025,12,23,10,4,2,12
21,32,2025,12,23,9,6,1,17
21,38,2025,12,23,8,6,4,19
21,41,2025,12,23,7,6,10,15
21,48,2025,12,23,5,4,6,13
22,0,2025,12,23,5,5,0,18
22,4,2025,12,23,7,5,1,22
22,9,2025,12,23,8,5,2,25
22,13,2025,12,23,9,2,10,17
22,18,2025,12,23,10,5,8,14
22,21,2025,12,23,11,5,5,14
22,27,2025,12,23,10,3,0,17
22,32,2025,12,23,9,2,3,16
22,38,2025,12,23,8,3,3,16
22,41,2025,12,23,7,2,7,11
22,48,2025,12,23,5,2,7,6
23,0,2025,12,23,5,6,0,12
23,4,2025,12,23,7,3,2,13
23,9,2025,12,23,8,2,4,11
23,13,2025,12,23,9,5,4,12
23,18,2025,12,23,10,6,4,14
23,21,2025,12,23,11,4,8,10
23,27,2025,12,23,10,4,0,14
23,32,2025,12,23,9,2,3,13
23,38,2025,12,23,8,2,3,12
23,41,2025,12,23,7,4,4,12
23,48,2025,12,23,5,0,12,0
6,0,2025,12,24,5,8,0,8
6,4,2025,12,24,7,6,2,12
6,9,2025,12,24,8,6,6,12
6,13,2025,12,24,9,18,4,26
6,18,2025,12,24,10,7,8,25
6,21,2025,12,24,11,14,6,33
6,27,2025,12,24,10,19,1,51
6,32,2025,12,24,9,11,10,52
6,38,2025,12,24,8,17,14,55
6,41,2025,12,24,7,3,18,40
6,48,2025,12,24,5,16,17,39
7,0,2025,12,24,5,13,0,52
7,4,2025,12,24,7,2,17,37
7,9,2025,12,24,8,10,4,43
7,13,2025,12,24,9,16,6,53
7,18,2025,12,24,10,8,13,48
7,21,2025,12,24,11,6,19,35
7,27,2025,12,24,10,15,2,48
7,32,2025,12,24,9,17,6,59
7,38,2025,12,24,8,5,9,55
7,41,2025,12,24,7,1,22,34
7,48,2025,12,24,5,5,18,21
8,0,2025,12,24,5,14,0,35
8,4,2025,12,24,7,4,14,25
8,9,2025,12,24,8,22,2,45
8,13,2025,12,24,9,17,9,53
8,18,2025,12,24,10,9,5,57
8,21,2025,12,24,11,6,18,45
8,27,2025,12,24,10,6,2,49
8,32,2025,12,24,9,15,6,58
8,38,2025,12,24,8,7,14,51
8,41,2025,12,24,7,4,29,26
8,48,2025,12,24,5,21,11,36
9,0,2025,12,24,5,5,0,41
9,4,2025,12,24,7,2,15,28
9,9,2025,12,24,8,6,2,32
9,13,2025,12,24,9,5,11,26
9,18,2025,12,24,10,4,11,19
9,21,2025,12,24,11,6,6,19
9,27,2025,12,24,10,2,0,21
9,32,2025,12,24,9,6,2,25
9,38,2025,12,24,8,2,1,26
9,41,2025,12,24,7,2,21,7
9,48,2025,12,24,5,4,3,8
10,0,2025,12,24,5,5,0,13
10,4,2025,12,24,7,3,4,12
10,9,2025,12,24,8,2,2,12
10,13,2025,12,24,9,2,2,12
10,18,2025,12,24,10,4,4,12
10,21,2025,12,24,11,3,4,11
10,27,2025,12,24,10,4,1,14
10,32,2025,12,24,9,5,3,16
10,38,2025,12,24,8,6,4,18
10,41,2025,12,24,7,4,8,14
10,48,2025,12,24,5,3,5,12
11,0,2025,12,24,5,6,0,18
11,4,2025,12,24,7,2,2,18
11,9,2025,12,24,8,3,2,19
11,13,2025,12,24,9,2,4,17
11,18,2025,12,24,10,3,10,10
11,21,2025,12,24,11,5,4,11
11,27,2025,12,24,10,3,0,14
11,32,2025,12,24,9,6,4,16
11,38,2025,12,24,8,4,4,16
11,41,2025,12,24,7,6,4,18
11,48,2025,12,24,5,4,6,16
12,0,2025,12,24,5,4,0,20
12,4,2025,12,24,7,5,0,25
12,9,2025,12,24,8,5,4,26
12,13,2025,12,24,9,3,7,22
12,18,2025,12,24,10,3,8,17
12,21,2025,12,24,11,6,9,14
12,27,2025,12,24,10,6,1,19
12,32,2025,12,24,9,3,3,19
12,38,2025,12,24,8,2,3,18
12,41,2025,12,24,7,2,7,13
12,48,2025,12,24,5,6,9,10
13,0,2025,12,24,5,6,0,16
13,4,2025,12,24,7,23,2,37
13,9,2025,12,24,8,5,7,35
13,13,2025,12,24,9,6,4,37
13,18,2025,12,24,10,2,7,32
13,21,2025,12,24,11,2,20,14
13,27,2025,12,24,10,5,1,18
13,32,2025,12,24,9,6,2,22
13,38,2025,12,24,8,6,5,23
13,41,2025,12,24,7,12,2,33
13,48,2025,12,24,5,5,11,27
14,0,2025,12,24,5,6,0,33
14,4,2025,12,24,7,18,0,51
14,9,2025,12,24,8,3,10,44
14,13,2025,12,24,9,2,12,34
14,18,2025,12,24,10,4,9,29
14,21,2025,12,24,11,2,21,10
14,27,2025,12,24,10,4,0,14
14,32,2025,12,24,9,2,0,16
14,38,2025,12,24,8,6,1,21
14,41,2025,12,24,7,14,4,31
14,48,2025,12,24,5,3,12,22
15,0,2025,12,24,5,4,0,26
15,4,2025,12,24,7,11,0,37
15,9,2025,12,24,8,3,8,32
15,13,2025,12,24,9,2,8,26
15,18,2025,12,24,10,2,11,17
15,21,2025,12,24,11,2,11,8
15,27,2025,12,24,10,5,1,12
15,32,2025,12,24,9,3,3,12
15,38,2025,12,24,8,4,3,13
15,41,2025,12,24,7,22,4,31
15,48,2025,12,24,5,2,11,22
16,0,2025,12,24,5,5,0,27
16,4,2025,12,24,7,2,1,28
16,9,2025,12,24,8,5,5,28
16,13,2025,12,24,9,5,7,26
16,18,2025,12,24,10,5,11,20
16,21,2025,12,24,11,6,9,17
16,27,2025,12,24,10,5,2,20
16,32,2025,12,24,9,5,3,22
16,38,2025,12,24,8,6,6,22
16,41,2025,12,24,7,6,4,24
16,48,2025,12,24,5,6,11,19
17,0,2025,12,24,5,2,0,21
17,4,2025,12,24,7,5,2,24
17,9,2025,12,24,8,3,5,22
17,13,2025,12,24,9,2,6,18
17,18,2025,12,24,10,3,5,16
17,21,2025,12,24,11,5,12,9
17,27,2025,12,24,10,5,1,13
17,32,2025,12,24,9,3,0,16
17,38,2025,12,24,8,5,3,18
17,41,2025,12,24,7,6,12,12
17,48,2025,12,24,5,2,8,6
18,0,2025,12,24,5,2,0,8
18,4,2025,12,24,7,2,1,9
18,9,2025,12,24,8,4,1,12
18,13,2025,12,24,9,2,3,11
18,18,2025,12,24,10,4,5,10
18,21,2025,12,24,11,5,6,9
18,27,2025,12,24,10,5,0,14
18,32,2025,12,24,9,3,1,16
18,38,2025,12,24,8,4,5,15
18,41,2025,12,24,7,2,5,12
18,48,2025,12,24,5,3,5,10
19,0,2025,12,24,5,2,0,12
19,4,2025,12,24,7,2,1,13
19,9,2025,12,24,8,4,1,16
19,13,2025,12,24,9,5,6,15
19,18,2025,12,24,10,2,6,11
19,21,2025,12,24,11,3,5,9
19,27,2025,12,24,10,2,0,11
19,32,2025,12,24,9,2,2,11
19,38,2025,12,24,8,3,4,10
19,41,2025,12,24,7,3,5,8
19,48,2025,12,24,5,6,2,12
20,0,2025,12,24,5,6,0,18
20,4,2025,12,24,7,5,4,19
20,9,2025,12,24,8,3,3,19
20,13,2025,12,24,9,6,4,21
20,18,2025,12,24,10,4,8,17
20,21,2025,12,24,11,2,9,10
20,27,2025,12,24,10,4,1,13
20,32,2025,12,24,9,6,2,17
20,38,2025,12,24,8,4,5,16
20,41,2025,12,24,7,3,4,15
20,48,2025,12,24,5,6,7,14
21,0,2025,12,24,5,5,0,19
21,4,2025,12,24,7,5,0,24
21,9,2025,12,24,8,2,2,24
21,13,2025,12,24,9,6,6,24
21,18,2025,12,24,10,3,8,19
21,21,2025,12,24,11,4,9,14
21,27,2025,12,24,10,3,0,17
21,32,2025,12,24,9,5,4,18
21,38,2025,12,24,8,3,2,19
21,41,2025,12,24,7,2,6,15
21,48,2025,12,24,5,2,8,9
22,0,2025,12,24,5,5,0,14
22,4,2025,12,24,7,3,2,15
22,9,2025,12,24,8,3,3,15
22,13,2025,12,24,9,6,5,16
22,18,2025,12,24,10,4,4,16
22,21,2025,12,24,11,4,10,10
22,27,2025,12,24,10,2,1,11
22,32,2025,12,24,9,3,3,11
22,38,2025,12,24,8,5,3,13
22,41,2025,12,24,7,6,2,17
22,48,2025,12,24,5,4,5,16
23,0,2025,12,24,5,4,0,20
23,4,2025,12,24,7,5,0,25
23,9,2025,12,24,8,4,2,27
23,13,2025,12,24,9,5,7,25
23,18,2025,12,24,10,3,10,18
23,21,2025,12,24,11,2,13,7
23,27,2025,12,24,10,5,0,12
23,32,2025,12,24,9,2,2,12
23,38,2025,12,24,8,3,3,12
23,41,2025,12,24,7,6,9,9
23,48,2025,12,24,5,0,9,0
6,0,2025,12,25,5,7,0,7
6,4,2025,12,25,7,5,1,11
6,9,2025,12,25,8,19,2,28
6,13,2025,12,25,9,22,6,44
6,18,2025,12,25,10,20,10,54
6,21,2025,12,25,11,12,17,49
6,27,2025,12,25,10,6,5,50
6,32,2025,12,25,9,16,5,61
6,38,2025,12,25,8,12,16,57
6,41,2025,12,25,7,3,24,36
6,48,2025,12,25,5,7,23,20
7,0,2025,12,25,5,6,0,26
7,4,2025,12,25,7,3,7,22
7,9,2025,12,25,8,14,4,32
7,13,2025,12,25,9,16,4,44
7,18,2025,12,25,10,14,11,47
7,21,2025,12,25,11,11,11,47
7,27,2025,12,25,10,9,5,51
7,32,2025,12,25,9,12,4,59
7,38,2025,12,25,8,13,6,66
7,41,2025,12,25,7,1,30,37
7,48,2025,12,25,5,13,16,34
8,0,2025,12,25,5,15,0,49
8,4,2025,12,25,7,2,24,27
8,9,2025,12,25,8,21,3,45
8,13,2025,12,25,9,18,6,57
8,18,2025,12,25,10,21,12,66
8,21,2025,12,25,11,13,20,59
8,27,2025,12,25,10,9,2,66
8,32,2025,12,25,9,5,5,66
8,38,2025,12,25,8,5,14,57
8,41,2025,12,25,7,4,24,37
8,48,2025,12,25,5,15,21,31
9,0,2025,12,25,5,5,0,36
9,4,2025,12,25,7,3,15,24
9,9,2025,12,25,8,5,2,27
9,13,2025,12,25,9,5,6,26
9,18,2025,12,25,10,6,8,24
9,21,2025,12,25,11,2,12,14
9,27,2025,12,25,10,2,0,16
9,32,2025,12,25,9,2,0,18
9,38,2025,12,25,8,6,2,22
9,41,2025,12,25,7,4,19,7
9,48,2025,12,25,5,3,3,7
10,0,2025,12,25,5,6,0,13
10,4,2025,12,25,7,4,2,15
10,9,2025,12,25,8,4,8,11
10,13,2025,12,25,9,6,4,13
10,18,2025,12,25,10,4,3,14
10,21,2025,12,25,11,6,4,16
10,27,2025,12,25,10,5,3,18
10,32,2025,12,25,9,6,4,20
10,38,2025,12,25,8,5,3,22
10,41,2025,12,25,7,3,8,17
10,48,2025,12,25,5,3,11,9
11,0,2025,12,25,5,4,0,13
11,4,2025,12,25,7,6,2,17
11,9,2025,12,25,8,2,3,16
11,13,2025,12,25,9,6,3,19
11,18,2025,12,25,10,3,5,17
11,21,2025,12,25,11,2,8,11
11,27,2025,12,25,10,4,0,15
11,32,2025,12,25,9,4,1,18
11,38,2025,12,25,8,5,4,19
11,41,2025,12,25,7,6,8,17
11,48,2025,12,25,5,4,7,14
12,0,2025,12,25,5,2,0,16
12,4,2025,12,25,7,3,1,18
12,9,2025,12,25,8,3,3,18
12,13,2025,12,25,9,5,8,15
12,18,2025,12,25,10,6,5,16
12,21,2025,12,25,11,6,7,15
12,27,2025,12,25,10,3,1,17
12,32,2025,12,25,9,3,4,16
12,38,2025,12,25,8,2,2,16
12,41,2025,12,25,7,3,7,12
12,48,2025,12,25,5,6,5,13
13,0,2025,12,25,5,2,0,15
13,4,2025,12,25,7,25,2,38
13,9,2025,12,25,8,4,11,31
13,13,2025,12,25,9,2,8,25
13,18,2025,12,25,10,2,7,20
13,21,2025,12,25,11,4,11,13
13,27,2025,12,25,10,3,0,16
13,32,2025,12,25,9,5,1,20
13,38,2025,12,25,8,3,4,19
13,41,2025,12,25,7,28,1,46
13,48,2025,12,25,5,2,20,28
14,0,2025,12,25,5,2,0,30
14,4,2025,12,25,7,20,1,49
14,9,2025,12,25,8,4,7,46
14,13,2025,12,25,9,6,15,37
14,18,2025,12,25,10,4,11,30
14,21,2025,12,25,11,5,18,17
14,27,2025,12,25,10,2,0,19
14,32,2025,12,25,9,3,4,18
14,38,2025,12,25,8,2,7,13
14,41,2025,12,25,7,15,3,25
14,48,2025,12,25,5,5,10,20
15,0,2025,12,25,5,6,0,26
15,4,2025,12,25,7,25,2,49
15,9,2025,12,25,8,3,9,43
15,13,2025,12,25,9,2,14,31
15,18,2025,12,25,10,6,12,25
15,21,2025,12,25,11,2,13,14
15,27,2025,12,25,10,6,1,19
15,32,2025,12,25,9,4,2,21
15,38,2025,12,25,8,2,8,15
15,41,2025,12,25,7,21,1,35
15,48,2025,12,25,5,5,15,25
16,0,2025,12,25,5,2,0,27
16,4,2025,12,25,7,4,2,29
16,9,2025,12,25,8,4,5,28
16,13,2025,12,25,9,4,12,20
16,18,2025,12,25,10,4,5,19
16,21,2025,12,25,11,4,12,11
16,27,2025,12,25,10,5,0,16
16,32,2025,12,25,9,2,4,14
16,38,2025,12,25,8,5,5,14
16,41,2025,12,25,7,6,4,16
16,48,2025,12,25,5,2,8,10
17,0,2025,12,25,5,2,0,12
17,4,2025,12,25,7,6,1,17
17,9,2025,12,25,8,5,2,20
17,13,2025,12,25,9,4,6,18
17,18,2025,12,25,10,3,5,16
17,21,2025,12,25,11,6,9,13
17,27,2025,12,25,10,4,1,16
17,32,2025,12,25,9,3,3,16
17,38,2025,12,25,8,2,4,14
17,41,2025,12,25,7,4,3,15
17,48,2025,12,25,5,6,9,12
18,0,2025,12,25,5,3,0,15
18,4,2025,12,25,7,2,3,14
18,9,2025,12,25,8,2,4,12
18,13,2025,12,25,9,4,4,12
18,18,2025,12,25,10,5,6,11
18,21,2025,12,25,11,4,5,10
18,27,2025,12,25,10,6,0,16
18,32,2025,12,25,9,6,1,21
18,38,2025,12,25,8,2,7,16
18,41,2025,12,25,7,3,8,11
18,48,2025,12,25,5,6,6,11
19,0,2025,12,25,5,3,0,14
19,4,2025,12,25,7,5,2,17
19,9,2025,12,25,8,6,5,18
19,13,2025,12,25,9,3,4,17
19,18,2025,12,25,10,5,5,17
19,21,2025,12,25,11,6,6,17
19,27,2025,12,25,10,5,2,20
19,32,2025,12,25,9,3,4,19
19,38,2025,12,25,8,4,4,19
19,41,2025,12,25,7,4,5,18
19,48,2025,12,25,5,6,11,13
20,0,2025,12,25,5,6,0,19
20,4,2025,12,25,7,6,2,23
20,9,2025,12,25,8,3,2,24
20,13,2025,12,25,9,5,5,24
20,18,2025,12,25,10,2,13,13
20,21,2025,12,25,11,2,8,7
20,27,2025,12,25,10,4,0,11
20,32,2025,12,25,9,5,1,15
20,38,2025,12,25,8,4,4,15
20,41,2025,12,25,7,3,6,12
20,48,2025,12,25,5,3,2,13
21,0,2025,12,25,5,6,0,19
21,4,2025,12,25,7,3,2,20
21,9,2025,12,25,8,6,3,23
21,13,2025,12,25,9,3,2,24
21,18,2025,12,25,10,6,11,19
21,21,2025,12,25,11,3,10,12
21,27,2025,12,25,10,4,0,16
21,32,2025,12,25,9,6,4,18
21,38,2025,12,25,8,5,5,18
21,41,2025,12,25,7,3,6,15
21,48,2025,12,25,5,3,8,10
22,0,2025,12,25,5,3,0,13
22,4,2025,12,25,7,6,1,18
22,9,2025,12,25,8,4,4,18
22,13,2025,12,25,9,3,4,17
22,18,2025,12,25,10,3,5,15
22,21,2025,12,25,11,4,9,10
22,27,2025,12,25,10,5,2,13
22,32,2025,12,25,9,2,2,13
22,38,2025,12,25,8,6,5,14
22,41,2025,12,25,7,2,4,12
22,48,2025,12,25,5,2,6,8
23,0,2025,12,25,5,5,0,13
23,4,2025,12,25,7,6,4,15
23,9,2025,12,25,8,5,1,19
23,13,2025,12,25,9,4,7,16
23,18,2025,12,25,10,5,7,14
23,21,2025,12,25,11,5,8,11
23,27,2025,12,25,10,2,2,11
23,32,2025,12,25,9,2,1,12
23,38,2025,12,25,8,5,3,14
23,41,2025,12,25,7,3,10,7
23,48,2025,12,25,5,0,7,0
6,0,2025,12,26,5,19,0,19
6,4,2025,12,26,7,2,2,19
6,9,2025,12,26,8,11,1,29
6,13,2025,12,26,9,9,5,33
6,18,2025,12,26,10,13,9,37
6,21,2025,12,26,11,15,16,36
6,27,2025,12,26,10,21,6,51
6,32,2025,12,26,9,10,11,50
6,38,2025,12,26,8,20,12,58
6,41,2025,12,26,7,6,17,47
6,48,2025,12,26,5,11,18,40
7,0,2025,12,26,5,19,0,59
7,4,2025,12,26,7,5,20,44
7,9,2025,12,26,8,12,4,52
7,13,2025,12,26,9,18,6,64
7,18,2025,12,26,10,8,16,56
7,21,2025,12,26,11,17,18,55
7,27,2025,12,26,10,14,3,66
7,32,2025,12,26,9,12,15,63
7,38,2025,12,26,8,21,19,65
7,41,2025,12,26,7,3,20,48
7,48,2025,12,26,5,12,21,39
8,0,2025,12,26,5,18,0,57
8,4,2025,12,26,7,3,23,37
8,9,2025,12,26,8,18,4,51
8,13,2025,12,26,9,22,7,66
8,18,2025,12,26,10,14,14,66
8,21,2025,12,26,11,21,21,66
8,27,2025,12,26,10,6,6,66
8,32,2025,12,26,9,5,12,59
8,38,2025,12,26,8,17,12,64
8,41,2025,12,26,7,1,26,39
8,48,2025,12,26,5,14,21,32
9,0,2025,12,26,5,4,0,36
9,4,2025,12,26,7,3,13,26
9,9,2025,12,26,8,6,4,28
9,13,2025,12,26,9,3,5,26
9,18,2025,12,26,10,3,9,20
9,21,2025,12,26,11,6,10,16
9,27,2025,12,26,10,3,0,19
9,32,2025,12,26,9,2,0,21
9,38,2025,12,26,8,4,1,24
9,41,2025,12,26,7,5,22,7
9,48,2025,12,26,5,4,2,9
10,0,2025,12,26,5,2,0,11
10,4,2025,12,26,7,4,1,14
10,9,2025,12,26,8,3,5,12
10,13,2025,12,26,9,4,5,11
10,18,2025,12,26,10,2,2,11
10,21,2025,12,26,11,2,5,8
10,27,2025,12,26,10,6,1,13
10,32,2025,12,26,9,2,2,13
10,38,2025,12,26,8,2,2,13
10,41,2025,12,26,7,4,6,11
10,48,2025,12,26,5,6,6,11
11,0,2025,12,26,5,4,0,15
11,4,2025,12,26,7,4,1,18
11,9,2025,12,26,8,6,4,20
11,13,2025,12,26,9,2,6,16
11,18,2025,12,26,10,2,8,10
11,21,2025,12,26,11,6,7,9
11,27,2025,12,26,10,3,2,10
11,32,2025,12,26,9,2,3,9
11,38,2025,12,26,8,5,2,12
11,41,2025,12,26,7,5,3,14
11,48,2025,12,26,5,4,7,11
12,0,2025,12,26,5,5,0,16
12,4,2025,12,26,7,2,1,17
12,9,2025,12,26,8,3,3,17
12,13,2025,12,26,9,5,8,14
12,18,2025,12,26,10,2,4,12
12,21,2025,12,26,11,4,5,11
12,27,2025,12,26,10,6,0,17
12,32,2025,12,26,9,2,4,15
12,38,2025,12,26,8,4,6,13
12,41,2025,12,26,7,5,4,14
12,48,2025,12,26,5,6,7,13
13,0,2025,12,26,5,4,0,17
13,4,2025,12,26,7,22,2,37
13,9,2025,12,26,8,3,6,34
13,13,2025,12,26,9,4,10,28
13,18,2025,12,26,10,3,8,23
13,21,2025,12,26,11,3,14,12
13,27,2025,12,26,10,4,0,16
13,32,2025,12,26,9,5,3,18
13,38,2025,12,26,8,5,5,18
13,41,2025,12,26,7,22,2,38
13,48,2025,12,26,5,5,10,33
14,0,2025,12,26,5,5,0,38
14,4,2025,12,26,7,30,2,66
14,9,2025,12,26,8,3,17,52
14,13,2025,12,26,9,3,10,45
14,18,2025,12,26,10,4,15,34
14,21,2025,12,26,11,2,20,16
14,27,2025,12,26,10,4,1,19
14,32,2025,12,26,9,5,4,20
14,38,2025,12,26,8,2,7,15
14,41,2025,12,26,7,14,2,27
14,48,2025,12,26,5,2,13,16
15,0,2025,12,26,5,3,0,19
15,4,2025,12,26,7,8,1,26
15,9,2025,12,26,8,6,7,25
15,13,2025,12,26,9,3,9,19
15,18,2025,12,26,10,5,6,18
15,21,2025,12,26,11,3,13,8
15,27,2025,12,26,10,3,0,11
15,32,2025,12,26,9,5,3,13
15,38,2025,12,26,8,6,3,16
15,41,2025,12,26,7,10,3,23
15,48,2025,12,26,5,2,11,14
16,0,2025,12,26,5,3,0,17
16,4,2025,12,26,7,2,1,18
16,9,2025,12,26,8,6,5,19
16,13,2025,12,26,9,6,3,22
16,18,2025,12,26,10,3,7,18
16,21,2025,12,26,11,2,6,14
16,27,2025,12,26,10,4,0,18
16,32,2025,12,26,9,2,0,20
16,38,2025,12,26,8,6,4,22
16,41,2025,12,26,7,6,9,19
16,48,2025,12,26,5,3,9,13
17,0,2025,12,26,5,2,0,15
17,4,2025,12,26,7,2,1,16
17,9,2025,12,26,8,5,2,19
17,13,2025,12,26,9,3,5,17
17,18,2025,12,26,10,5,5,17
17,21,2025,12,26,11,4,9,12
17,27,2025,12,26,10,3,2,13
17,32,2025,12,26,9,6,3,16
17,38,2025,12,26,8,2,4,14
17,41,2025,12,26,7,2,4,12
17,48,2025,12,26,5,5,4,13
18,0,2025,12,26,5,3,0,16
18,4,2025,12,26,7,5,3,18
18,9,2025,12,26,8,4,2,20
18,13,2025,12,26,9,6,5,21
18,18,2025,12,26,10,4,7,18
18,21,2025,12,26,11,5,9,14
18,27,2025,12,26,10,2,1,15
18,32,2025,12,26,9,3,1,17
18,38,2025,12,26,8,4,3,18
18,41,2025,12,26,7,2,8,12
18,48,2025,12,26,5,6,8,10
19,0,2025,12,26,5,4,0,14
19,4,2025,12,26,7,2,4,12
19,9,2025,12,26,8,6,5,13
19,13,2025,12,26,9,4,2,15
19,18,2025,12,26,10,5,2,18
19,21,2025,12,26,11,2,8,12
19,27,2025,12,26,10,6,0,18
19,32,2025,12,26,9,6,3,21
19,38,2025,12,26,8,2,6,17
19,41,2025,12,26,7,4,6,15
19,48,2025,12,26,5,4,6,13
20,0,2025,12,26,5,4,0,17
20,4,2025,12,26,7,2,0,19
20,9,2025,12,26,8,5,4,20
20,13,2025,12,26,9,4,6,18
20,18,2025,12,26,10,3,3,18
20,21,2025,12,26,11,6,12,12
20,27,2025,12,26,10,3,1,14
20,32,2025,12,26,9,6,5,15
20,38,2025,12,26,8,4,3,16
20,41,2025,12,26,7,3,5,14
20,48,2025,12,26,5,5,6,13
21,0,2025,12,26,5,3,0,16
21,4,2025,12,26,7,6,0,22
21,9,2025,12,26,8,5,3,24
21,13,2025,12,26,9,4,5,23
21,18,2025,12,26,10,5,9,19
21,21,2025,12,26,11,2,6,15
21,27,2025,12,26,10,2,0,17
21,32,2025,12,26,9,5,4,18
21,38,2025,12,26,8,2,1,19
21,41,2025,12,26,7,6,2,23
21,48,2025,12,26,5,5,11,17
22,0,2025,12,26,5,3,0,20
22,4,2025,12,26,7,6,5,21
22,9,2025,12,26,8,6,4,23
22,13,2025,12,26,9,3,4,22
22,18,2025,12,26,10,5,4,23
22,21,2025,12,26,11,2,16,9
22,27,2025,12,26,10,3,0,12
22,32,2025,12,26,9,6,2,16
22,38,2025,12,26,8,6,6,16
22,41,2025,12,26,7,2,4,14
22,48,2025,12,26,5,4,6,12
23,0,2025,12,26,5,6,0,18
23,4,2025,12,26,7,4,3,19
23,9,2025,12,26,8,5,2,22
23,13,2025,12,26,9,6,6,22
23,18,2025,12,26,10,5,11,16
23,21,2025,12,26,11,4,8,12
23,27,2025,12,26,10,5,0,17
23,32,2025,12,26,9,4,3,18
23,38,2025,12,26,8,4,6,16
23,41,2025,12,26,7,4,8,12
23,48,2025,12,26,5,0,12,0
6,0,2025,12,27,5,16,0,16
6,4,2025,12,27,7,5,2,19
6,9,2025,12,27,8,21,6,34
6,13,2025,12,27,9,10,11,33
6,18,2025,12,27,10,20,9,44
6,21,2025,12,27,11,5,9,40
6,27,2025,12,27,10,11,2,49
6,32,2025,12,27,9,11,6,54
6,38,2025,12,27,8,22,14,62
6,41,2025,12,27,7,3,20,45
6,48,2025,12,27,5,15,21,39
7,0,2025,12,27,5,21,0,60
7,4,2025,12,27,7,3,24,39
7,9,2025,12,27,8,8,9,38
7,13,2025,12,27,9,5,11,32
7,18,2025,12,27,10,10,9,33
7,21,2025,12,27,11,18,14,37
7,27,2025,12,27,10,15,2,50
7,32,2025,12,27,9,14,6,58
7,38,2025,12,27,8,22,14,66
7,41,2025,12,27,7,3,23,46
7,48,2025,12,27,5,16,19,43
8,0,2025,12,27,5,7,0,50
8,4,2025,12,27,7,1,19,32
8,9,2025,12,27,8,12,0,44
8,13,2025,12,27,9,10,9,45
8,18,2025,12,27,10,15,11,49
8,21,2025,12,27,11,9,18,40
8,27,2025,12,27,10,17,2,55
8,32,2025,12,27,9,13,9,59
8,38,2025,12,27,8,13,10,62
8,41,2025,12,27,7,2,28,36
8,48,2025,12,27,5,9,15,30
9,0,2025,12,27,5,3,0,33
9,4,2025,12,27,7,5,10,28
9,9,2025,12,27,8,6,2,32
9,13,2025,12,27,9,4,5,31
9,18,2025,12,27,10,2,7,26
9,21,2025,12,27,11,2,17,11
9,27,2025,12,27,10,5,0,16
9,32,2025,12,27,9,6,2,20
9,38,2025,12,27,8,5,1,24
9,41,2025,12,27,7,5,18,11
9,48,2025,12,27,5,4,4,11
10,0,2025,12,27,5,2,0,13
10,4,2025,12,27,7,3,1,15
10,9,2025,12,27,8,2,4,13
10,13,2025,12,27,9,3,4,12
10,18,2025,12,27,10,6,3,15
10,21,2025,12,27,11,2,7,10
10,27,2025,12,27,10,5,0,15
10,32,2025,12,27,9,4,1,18
10,38,2025,12,27,8,2,8,12
10,41,2025,12,27,7,2,7,7
10,48,2025,12,27,5,3,2,8
11,0,2025,12,27,5,4,0,12
11,4,2025,12,27,7,6,1,17
11,9,2025,12,27,8,3,6,14
11,13,2025,12,27,9,2,2,14
11,18,2025,12,27,10,4,6,12
11,21,2025,12,27,11,3,2,13
11,27,2025,12,27,10,2,0,15
11,32,2025,12,27,9,2,2,15
11,38,2025,12,27,8,5,2,18
11,41,2025,12,27,7,6,4,20
11,48,2025,12,27,5,6,11,15
12,0,2025,12,27,5,4,0,19
12,4,2025,12,27,7,6,1,24
12,9,2025,12,27,8,5,3,26
12,13,2025,12,27,9,6,9,23
12,18,2025,12,27,10,5,7,21
12,21,2025,12,27,11,5,11,15
12,27,2025,12,27,10,3,1,17
12,32,2025,12,27,9,3,0,20
12,38,2025,12,27,8,5,5,20
12,41,2025,12,27,7,6,5,21
12,48,2025,12,27,5,3,9,15
13,0,2025,12,27,5,3,0,18
13,4,2025,12,27,7,16,1,33
13,9,2025,12,27,8,2,6,29
13,13,2025,12,27,9,4,7,26
13,18,2025,12,27,10,2,12,16
13,21,2025,12,27,11,6,12,10
13,27,2025,12,27,10,3,0,13
13,32,2025,12,27,9,6,3,16
13,38,2025,12,27,8,2,7,11
13,41,2025,12,27,7,14,1,24
13,48,2025,12,27,5,2,5,21
14,0,2025,12,27,5,5,0,26
14,4,2025,12,27,7,20,2,44
14,9,2025,12,27,8,2,8,38
14,13,2025,12,27,9,2,9,31
14,18,2025,12,27,10,6,17,20
14,21,2025,12,27,11,4,10,14
14,27,2025,12,27,10,4,0,18
14,32,2025,12,27,9,2,6,14
14,38,2025,12,27,8,3,0,17
14,41,2025,12,27,7,7,3,21
14,48,2025,12,27,5,2,13,10
15,0,2025,12,27,5,3,0,13
15,4,2025,12,27,7,29,1,41
15,9,2025,12,27,8,2,8,35
15,13,2025,12,27,9,2,8,29
15,18,2025,12,27,10,5,12,22
15,21,2025,12,27,11,5,11,16
15,27,2025,12,27,10,6,2,20
15,32,2025,12,27,9,5,5,20
15,38,2025,12,27,8,3,2,21
15,41,2025,12,27,7,26,2,45
15,48,2025,12,27,5,3,21,27
16,0,2025,12,27,5,3,0,30
16,4,2025,12,27,7,4,4,30
16,9,2025,12,27,8,3,7,26
16,13,2025,12,27,9,4,7,23
16,18,2025,12,27,10,6,5,24
16,21,2025,12,27,11,3,17,10
16,27,2025,12,27,10,4,0,14
16,32,2025,12,27,9,4,1,17
16,38,2025,12,27,8,4,4,17
16,41,2025,12,27,7,6,3,20
16,48,2025,12,27,5,5,9,16
17,0,2025,12,27,5,4,0,20
17,4,2025,12,27,7,3,1,22
17,9,2025,12,27,8,4,4,22
17,13,2025,12,27,9,2,8,16
17,18,2025,12,27,10,6,4,18
17,21,2025,12,27,11,5,10,13
17,27,2025,12,27,10,5,4,14
17,32,2025,12,27,9,2,1,15
17,38,2025,12,27,8,3,3,15
17,41,2025,12,27,7,2,4,13
17,48,2025,12,27,5,6,6,13
18,0,2025,12,27,5,6,0,19
18,4,2025,12,27,7,3,2,20
18,9,2025,12,27,8,2,0,22
18,13,2025,12,27,9,3,6,19
18,18,2025,12,27,10,5,7,17
18,21,2025,12,27,11,2,9,10
18,27,2025,12,27,10,3,1,12
18,32,2025,12,27,9,6,2,16
18,38,2025,12,27,8,5,3,18
18,41,2025,12,27,7,5,1,22
18,48,2025,12,27,5,6,10,18
19,0,2025,12,27,5,4,0,22
19,4,2025,12,27,7,2,0,24
19,9,2025,12,27,8,4,6,22
19,13,2025,12,27,9,3,4,21
19,18,2025,12,27,10,2,6,17
19,21,2025,12,27,11,5,12,10
19,27,2025,12,27,10,5,1,14
19,32,2025,12,27,9,6,2,18
19,38,2025,12,27,8,2,6,14
19,41,2025,12,27,7,5,6,13
19,48,2025,12,27,5,4,7,10
20,0,2025,12,27,5,4,0,14
20,4,2025,12,27,7,5,2,17
20,9,2025,12,27,8,3,5,15
20,13,2025,12,27,9,5,3,17
20,18,2025,12,27,10,4,2,19
20,21,2025,12,27,11,5,8,16
20,27,2025,12,27,10,3,1,18
20,32,2025,12,27,9,3,4,17
20,38,2025,12,27,8,2,3,16
20,41,2025,12,27,7,5,5,16
20,48,2025,12,27,5,3,7,12
21,0,2025,12,27,5,5,0,17
21,4,2025,12,27,7,6,1,22
21,9,2025,12,27,8,5,5,22
21,13,2025,12,27,9,4,1,25
21,18,2025,12,27,10,5,12,18
21,21,2025,12,27,11,4,4,18
21,27,2025,12,27,10,2,0,20
21,32,2025,12,27,9,6,1,25
21,38,2025,12,27,8,5,6,24
21,41,2025,12,27,7,3,9,18
21,48,2025,12,27,5,2,8,12
22,0,2025,12,27,5,4,0,16
22,4,2025,12,27,7,6,2,20
22,9,2025,12,27,8,3,1,22
22,13,2025,12,27,9,4,5,21
22,18,2025,12,27,10,5,9,17
22,21,2025,12,27,11,5,9,13
22,27,2025,12,27,10,3,2,14
22,32,2025,12,27,9,5,2,17
22,38,2025,12,27,8,5,3,19
22,41,2025,12,27,7,3,8,14
22,48,2025,12,27,5,4,5,13
23,0,2025,12,27,5,5,0,18
23,4,2025,12,27,7,6,1,23
23,9,2025,12,27,8,6,5,24
23,13,2025,12,27,9,3,5,22
23,18,2025,12,27,10,5,8,19
23,21,2025,12,27,11,4,7,16
23,27,2025,12,27,10,2,1,17
23,32,2025,12,27,9,4,3,18
23,38,2025,12,27,8,2,5,15
23,41,2025,12,27,7,6,6,15
23,48,2025,12,27,5,0,15,0
6,0,2025,12,28,5,16,0,16
6,4,2025,12,28,7,5,5,16
6,9,2025,12,28,8,21,3,34
6,13,2025,12,28,9,15,10,39
6,18,2025,12,28,10,19,9,49
6,21,2025,12,28,11,5,15,39
6,27,2025,12,28,10,15,0,54
6,32,2025,12,28,9,22,10,66
6,38,2025,12,28,8,7,16,57
6,41,2025,12,28,7,4,22,39
6,48,2025,12,28,5,15,19,35
7,0,2025,12,28,5,17,0,52
7,4,2025,12,28,7,1,22,31
7,9,2025,12,28,8,9,3,37
7,13,2025,12,28,9,17,6,48
7,18,2025,12,28,10,15,6,57
7,21,2025,12,28,11,8,18,47
7,27,2025,12,28,10,14,3,58
7,32,2025,12,28,9,9,4,63
7,38,2025,12,28,8,11,9,65
7,41,2025,12,28,7,5,29,41
7,48,2025,12,28,5,8,21,28
8,0,2025,12,28,5,14,0,42
8,4,2025,12,28,7,3,16,29
8,9,2025,12,28,8,6,3,32
8,13,2025,12,28,9,8,5,35
8,18,2025,12,28,10,20,9,46
8,21,2025,12,28,11,18,15,49
8,27,2025,12,28,10,9,5,53
8,32,2025,12,28,9,7,5,55
8,38,2025,12,28,8,18,13,60
8,41,2025,12,28,7,2,22,40
8,48,2025,12,28,5,12,25,27
9,0,2025,12,28,5,4,0,31
9,4,2025,12,28,7,2,12,21
9,9,2025,12,28,8,2,2,21
9,13,2025,12,28,9,5,4,22
9,18,2025,12,28,10,4,8,18
9,21,2025,12,28,11,5,7,16
9,27,2025,12,28,10,2,0,18
9,32,2025,12,28,9,5,1,22
9,38,2025,12,28,8,4,5,21
9,41,2025,12,28,7,5,20,6
9,48,2025,12,28,5,6,0,12
10,0,2025,12,28,5,2,0,14
10,4,2025,12,28,7,3,3,14
10,9,2025,12,28,8,2,3,13
10,13,2025,12,28,9,3,4,12
10,18,2025,12,28,10,5,4,13
10,21,2025,12,28,11,2,8,7
10,27,2025,12,28,10,5,0,12
10,32,2025,12,28,9,4,1,15
10,38,2025,12,28,8,5,1,19
10,41,2025,12,28,7,3,3,19
10,48,2025,12,28,5,4,8,15
11,0,2025,12,28,5,3,0,18
11,4,2025,12,28,7,4,2,20
11,9,2025,12,28,8,3,2,21
11,13,2025,12,28,9,3,6,18
11,18,2025,12,28,10,2,3,17
11,21,2025,12,28,11,6,13,10
11,27,2025,12,28,10,2,2,10
11,32,2025,12,28,9,4,1,13
11,38,2025,12,28,8,6,1,18
11,41,2025,12,28,7,4,8,14
11,48,2025,12,28,5,6,5,15
12,0,2025,12,28,5,3,0,18
12,4,2025,12,28,7,2,3,17
12,9,2025,12,28,8,6,2,21
12,13,2025,12,28,9,2,2,21
12,18,2025,12,28,10,6,11,16
12,21,2025,12,28,11,3,9,10
12,27,2025,12,28,10,5,0,15
12,32,2025,12,28,9,5,2,18
12,38,2025,12,28,8,6,6,18
12,41,2025,12,28,7,3,6,15
12,48,2025,12,28,5,3,9,9
13,0,2025,12,28,5,3,0,12
13,4,2025,12,28,7,20,1,31
13,9,2025,12,28,8,2,7,26
13,13,2025,12,28,9,5,8,23
13,18,2025,12,28,10,3,10,16
13,21,2025,12,28,11,6,5,17
13,27,2025,12,28,10,3,1,19
13,32,2025,12,28,9,4,2,21
13,38,2025,12,28,8,3,5,19
13,41,2025,12,28,7,8,2,25
13,48,2025,12,28,5,4,16,13
14,0,2025,12,28,5,6,0,19
14,4,2025,12,28,7,25,1,43
14,9,2025,12,28,8,4,5,42
14,13,2025,12,28,9,6,8,40
14,18,2025,12,28,10,4,17,27
14,21,2025,12,28,11,3,11,19
14,27,2025,12,28,10,3,0,22
14,32,2025,12,28,9,6,3,25
14,38,2025,12,28,8,3,4,24
14,41,2025,12,28,7,12,3,33
14,48,2025,12,28,5,3,19,17
15,0,2025,12,28,5,5,0,22
15,4,2025,12,28,7,8,0,30
15,9,2025,12,28,8,2,8,24
15,13,2025,12,28,9,6,8,22
15,18,2025,12,28,10,5,8,19
15,21,2025,12,28,11,4,11,12
15,27,2025,12,28,10,3,0,15
15,32,2025,12,28,9,6,3,18
15,38,2025,12,28,8,3,8,13
15,41,2025,12,28,7,31,2,42
15,48,2025,12,28,5,6,14,34
16,0,2025,12,28,5,6,0,40
16,4,2025,12,28,7,5,5,40
16,9,2025,12,28,8,3,5,38
16,13,2025,12,28,9,5,7,36
16,18,2025,12,28,10,6,14,28
16,21,2025,12,28,11,2,19,11
16,27,2025,12,28,10,6,0,17
16,32,2025,12,28,9,6,2,21
16,38,2025,12,28,8,4,7,18
16,41,2025,12,28,7,6,7,17
16,48,2025,12,28,5,2,7,12
17,0,2025,12,28,5,6,0,18
17,4,2025,12,28,7,5,1,22
17,9,2025,12,28,8,4,4,22
17,13,2025,12,28,9,2,7,17
17,18,2025,12,28,10,3,8,12
17,21,2025,12,28,11,5,8,9
17,27,2025,12,28,10,2,0,11
17,32,2025,12,28,9,2,1,12
17,38,2025,12,28,8,3,2,13
17,41,2025,12,28,7,2,4,11
17,48,2025,12,28,5,2,7,6
18,0,2025,12,28,5,4,0,10
18,4,2025,12,28,7,4,4,10
18,9,2025,12,28,8,6,3,13
18,13,2025,12,28,9,4,1,16
18,18,2025,12,28,10,2,3,15
18,21,2025,12,28,11,6,6,15
18,27,2025,12,28,10,3,1,17
18,32,2025,12,28,9,6,3,20
18,38,2025,12,28,8,3,2,21
18,41,2025,12,28,7,6,6,21
18,48,2025,12,28,5,6,8,19
19,0,2025,12,28,5,3,0,22
19,4,2025,12,28,7,2,2,22
19,9,2025,12,28,8,4,2,24
19,13,2025,12,28,9,3,7,20
19,18,2025,12,28,10,2,5,17
19,21,2025,12,28,11,6,10,13
19,27,2025,12,28,10,6,1,18
19,32,2025,12,28,9,4,4,18
19,38,2025,12,28,8,5,3,20
19,41,2025,12,28,7,5,7,18
19,48,2025,12,28,5,6,7,17
20,0,2025,12,28,5,4,0,21
20,4,2025,12,28,7,5,1,25
20,9,2025,12,28,8,2,7,20
20,13,2025,12,28,9,3,9,14
20,18,2025,12,28,10,2,6,10
20,21,2025,12,28,11,5,6,9
20,27,2025,12,28,10,2,0,11
20,32,2025,12,28,9,6,2,15
20,38,2025,12,28,8,6,4,17
20,41,2025,12,28,7,6,5,18
20,48,2025,12,28,5,4,7,15
21,0,2025,12,28,5,2,0,17
21,4,2025,12,28,7,3,1,19
21,9,2025,12,28,8,5,2,22
21,13,2025,12,28,9,2,4,20
21,18,2025,12,28,10,4,9,15
21,21,2025,12,28,11,5,8,12
21,27,2025,12,28,10,4,0,16
21,32,2025,12,28,9,3,2,17
21,38,2025,12,28,8,2,4,15
21,41,2025,12,28,7,2,7,10
21,48,2025,12,28,5,5,4,11
22,0,2025,12,28,5,5,0,16
22,4,2025,12,28,7,6,2,20
22,9,2025,12,28,8,3,1,22
22,13,2025,12,28,9,6,5,23
22,18,2025,12,28,10,2,11,14
22,21,2025,12,28,11,6,8,12
22,27,2025,12,28,10,4,2,14
22,32,2025,12,28,9,2,2,14
22,38,2025,12,28,8,6,6,14
22,41,2025,12,28,7,2,3,13
22,48,2025,12,28,5,4,6,11
23,0,2025,12,28,5,6,0,17
23,4,2025,12,28,7,6,3,20
23,9,2025,12,28,8,4,1,23
23,13,2025,12,28,9,3,4,22
23,18,2025,12,28,10,5,8,19
23,21,2025,12,28,11,3,9,13
23,27,2025,12,28,10,4,1,16
23,32,2025,12,28,9,2,3,15
23,38,2025,12,28,8,5,3,17
23,41,2025,12,28,7,4,5,16
23,48,2025,12,28,5,0,16,0
6,0,2025,12,29,5,18,0,18
6,4,2025,12,29,7,6,6,18
6,9,2025,12,29,8,14,0,32
6,13,2025,12,29,9,22,10,44
6,18,2025,12,29,10,21,14,51
6,21,2025,12,29,11,5,14,42
6,27,2025,12,29,10,8,1,49
6,32,2025,12,29,9,15,9,55
6,38,2025,12,29,8,17,13,59
6,41,2025,12,29,7,2,18,43
6,48,2025,12,29,5,16,22,37
7,0,2025,12,29,5,16,0,53
7,4,2025,12,29,7,3,25,31
7,9,2025,12,29,8,13,4,40
7,13,2025,12,29,9,10,7,43
7,18,2025,12,29,10,16,13,46
7,21,2025,12,29,11,17,14,49
7,27,2025,12,29,10,17,2,64
7,32,2025,12,29,9,10,8,66
7,38,2025,12,29,8,15,15,66
7,41,2025,12,29,7,4,24,46
7,48,2025,12,29,5,5,22,29
8,0,2025,12,29,5,12,0,41
8,4,2025,12,29,7,1,12,30
8,9,2025,12,29,8,21,1,50
8,13,2025,12,29,9,22,12,60
8,18,2025,12,29,10,6,9,57
8,21,2025,12,29,11,16,19,54
8,27,2025,12,29,10,7,5,56
8,32,2025,12,29,9,9,4,61
8,38,2025,12,29,8,16,11,66
8,41,2025,12,29,7,1,34,33
8,48,2025,12,29,5,20,17,36
9,0,2025,12,29,5,6,0,42
9,4,2025,12,29,7,5,19,28
9,9,2025,12,29,8,2,1,29
9,13,2025,12,29,9,3,4,28
9,18,2025,12,29,10,6,10,24
9,21,2025,12,29,11,2,11,15
9,27,2025,12,29,10,2,0,17
9,32,2025,12,29,9,6,1,22
9,38,2025,12,29,8,5,0,27
9,41,2025,12,29,7,1,20,8
9,48,2025,12,29,5,3,4,7
10,0,2025,12,29,5,6,0,13
10,4,2025,12,29,7,2,1,14
10,9,2025,12,29,8,5,2,17
10,13,2025,12,29,9,6,2,21
10,18,2025,12,29,10,6,2,25
10,21,2025,12,29,11,6,9,22
10,27,2025,12,29,10,3,0,25
10,32,2025,12,29,9,6,4,27
10,38,2025,12,29,8,2,6,23
10,41,2025,12,29,7,2,10,15
10,48,2025,12,29,5,6,10,11
11,0,2025,12,29,5,6,0,17
11,4,2025,12,29,7,2,1,18
11,9,2025,12,29,8,2,4,16
11,13,2025,12,29,9,4,3,17
11,18,2025,12,29,10,4,2,19
11,21,2025,12,29,11,3,13,9
11,27,2025,12,29,10,2,1,10
11,32,2025,12,29,9,2,2,10
11,38,2025,12,29,8,3,4,9
11,41,2025,12,29,7,6,3,12
11,48,2025,12,29,5,6,4,14
12,0,2025,12,29,5,2,0,16
12,4,2025,12,29,7,3,1,18
12,9,2025,12,29,8,5,6,17
12,13,2025,12,29,9,6,7,16
12,18,2025,12,29,10,2,3,15
12,21,2025,12,29,11,4,4,15
12,27,2025,12,29,10,2,1,16
12,32,2025,12,29,9,4,0,20
12,38,2025,12,29,8,4,7,17
12,41,2025,12,29,7,3,5,15
12,48,2025,12,29,5,6,9,12
13,0,2025,12,29,5,5,0,17
13,4,2025,12,29,7,17,1,33
13,9,2025,12,29,8,5,6,32
13,13,2025,12,29,9,6,5,33
13,18,2025,12,29,10,5,14,24
13,21,2025,12,29,11,2,11,15
13,27,2025,12,29,10,6,1,20
13,32,2025,12,29,9,2,4,18
13,38,2025,12,29,8,2,2,18
13,41,2025,12,29,7,11,2,27
13,48,2025,12,29,5,2,11,18
14,0,2025,12,29,5,3,0,21
14,4,2025,12,29,7,32,1,52
14,9,2025,12,29,8,5,9,48
14,13,2025,12,29,9,5,12,41
14,18,2025,12,29,10,3,14,30
14,21,2025,12,29,11,2,16,16
14,27,2025,12,29,10,3,0,19
14,32,2025,12,29,9,6,3,22
14,38,2025,12,29,8,5,4,23
14,41,2025,12,29,7,18,7,34
14,48,2025,12,29,5,2,17,19
15,0,2025,12,29,5,2,0,21
15,4,2025,12,29,7,20,1,40
15,9,2025,12,29,8,2,5,37
15,13,2025,12,29,9,6,10,33
15,18,2025,12,29,10,2,9,26
15,21,2025,12,29,11,4,14,16
15,27,2025,12,29,10,6,1,21
15,32,2025,12,29,9,5,5,21
15,38,2025,12,29,8,3,7,17
15,41,2025,12,29,7,15,3,29
15,48,2025,12,29,5,4,15,18
16,0,2025,12,29,5,6,0,24
16,4,2025,12,29,7,3,2,25
16,9,2025,12,29,8,5,3,27
16,13,2025,12,29,9,6,6,27
16,18,2025,12,29,10,2,8,21
16,21,2025,12,29,11,4,13,12
16,27,2025,12,29,10,2,0,14
16,32,2025,12,29,9,6,3,17
16,38,2025,12,29,8,3,1,19
16,41,2025,12,29,7,4,5,18
16,48,2025,12,29,5,6,11,13
17,0,2025,12,29,5,5,0,18
17,4,2025,12,29,7,5,1,22
17,9,2025,12,29,8,6,7,21
17,13,2025,12,29,9,4,1,24
17,18,2025,12,29,10,5,11,18
17,21,2025,12,29,11,5,7,16
17,27,2025,12,29,10,2,1,17
17,32,2025,12,29,9,5,2,20
17,38,2025,12,29,8,4,2,22
17,41,2025,12,29,7,5,8,19
17,48,2025,12,29,5,3,7,15
18,0,2025,12,29,5,6,0,21
18,4,2025,12,29,7,6,4,23
18,9,2025,12,29,8,6,3,26
18,13,2025,12,29,9,6,9,23
18,18,2025,12,29,10,3,2,24
18,21,2025,12,29,11,4,13,15
18,27,2025,12,29,10,2,1,16
18,32,2025,12,29,9,6,1,21
18,38,2025,12,29,8,2,7,16
18,41,2025,12,29,7,4,6,14
18,48,2025,12,29,5,6,7,13
19,0,2025,12,29,5,2,0,15
19,4,2025,12,29,7,2,2,15
19,9,2025,12,29,8,2,1,16
19,13,2025,12,29,9,6,6,16
19,18,2025,12,29,10,3,6,13
19,21,2025,12,29,11,2,3,12
19,27,2025,12,29,10,4,0,16
19,32,2025,12,29,9,5,3,18
19,38,2025,12,29,8,3,6,15
19,41,2025,12,29,7,2,3,14
19,48,2025,12,29,5,2,6,10
20,0,2025,12,29,5,4,0,14
20,4,2025,12,29,7,6,0,20
20,9,2025,12,29,8,3,4,19
20,13,2025,12,29,9,2,0,21
20,18,2025,12,29,10,2,8,15
20,21,2025,12,29,11,2,11,6
20,27,2025,12,29,10,4,0,10
20,32,2025,12,29,9,2,2,10
20,38,2025,12,29,8,2,1,11
20,41,2025,12,29,7,6,5,12
20,48,2025,12,29,5,6,4,14
21,0,2025,12,29,5,6,0,20
21,4,2025,12,29,7,4,2,22
21,9,2025,12,29,8,3,7,18
21,13,2025,12,29,9,4,4,18
21,18,2025,12,29,10,6,3,21
21,21,2025,12,29,11,5,11,15
21,27,2025,12,29,10,2,1,16
21,32,2025,12,29,9,5,3,18
21,38,2025,12,29,8,6,5,19
21,41,2025,12,29,7,4,6,17
21,48,2025,12,29,5,6,9,14
22,0,2025,12,29,5,3,0,17
22,4,2025,12,29,7,5,2,20
22,9,2025,12,29,8,6,1,25
22,13,2025,12,29,9,2,9,18
22,18,2025,12,29,10,2,4,16
22,21,2025,12,29,11,4,7,13
22,27,2025,12,29,10,5,0,18
22,32,2025,12,29,9,4,3,19
22,38,2025,12,29,8,4,6,17
22,41,2025,12,29,7,4,4,17
22,48,2025,12,29,5,5,9,13
23,0,2025,12,29,5,3,0,16
23,4,2025,12,29,7,2,0,18
23,9,2025,12,29,8,2,2,18
23,13,2025,12,29,9,5,4,19
23,18,2025,12,29,10,2,8,13
23,21,2025,12,29,11,5,7,11
23,27,2025,12,29,10,3,1,13
23,32,2025,12,29,9,3,1,15
23,38,2025,12,29,8,5,5,15
23,41,2025,12,29,7,5,7,13
23,48,2025,12,29,5,0,13,0
6,0,2025,12,30,5,12,0,12
6,4,2025,12,30,7,4,2,14
6,9,2025,12,30,8,20,3,31
6,13,2025,12,30,9,9,5,35
6,18,2025,12,30,10,17,11,41
6,21,2025,12,30,11,5,11,35
6,27,2025,12,30,10,11,0,46
6,32,2025,12,30,9,7,6,47
6,38,2025,12,30,8,19,8,58
6,41,2025,12,30,7,5,19,44
6,48,2025,12,30,5,20,24,40
7,0,2025,12,30,5,21,0,61
7,4,2025,12,30,7,5,33,33
7,9,2025,12,30,8,10,5,38
7,13,2025,12,30,9,8,8,38
7,18,2025,12,30,10,5,7,36
7,21,2025,12,30,11,11,14,33
7,27,2025,12,30,10,18,0,51
7,32,2025,12,30,9,20,5,66
7,38,2025,12,30,8,9,9,66
7,41,2025,12,30,7,3,27,42
7,48,2025,12,30,5,19,18,43
8,0,2025,12,30,5,18,0,61
8,4,2025,12,30,7,2,25,38
8,9,2025,12,30,8,22,4,56
8,13,2025,12,30,9,14,4,66
8,18,2025,12,30,10,16,16,66
8,21,2025,12,30,11,14,20,60
8,27,2025,12,30,10,7,1,66
8,32,2025,12,30,9,7,12,61
8,38,2025,12,30,8,14,9,66
8,41,2025,12,30,7,4,26,44
8,48,2025,12,30,5,12,20,36
9,0,2025,12,30,5,2,0,38
9,4,2025,12,30,7,1,9,30
9,9,2025,12,30,8,6,4,32
9,13,2025,12,30,9,2,7,27
9,18,2025,12,30,10,6,8,25
9,21,2025,12,30,11,2,11,16
9,27,2025,12,30,10,2,0,18
9,32,2025,12,30,9,2,2,18
9,38,2025,12,30,8,3,1,20
9,41,2025,12,30,7,1,16,5
9,48,2025,12,30,5,2,3,4
10,0,2025,12,30,5,5,0,9
10,4,2025,12,30,7,6,0,15
10,9,2025,12,30,8,6,1,20
10,13,2025,12,30,9,6,6,20
10,18,2025,12,30,10,5,5,20
10,21,2025,12,30,11,5,8,17
10,27,2025,12,30,10,6,0,23
10,32,2025,12,30,9,5,5,23
10,38,2025,12,30,8,6,4,25
10,41,2025,12,30,7,5,10,20
10,48,2025,12,30,5,2,11,11
11,0,2025,12,30,5,3,0,14
11,4,2025,12,30,7,5,0,19
11,9,2025,12,30,8,3,3,19
11,13,2025,12,30,9,6,7,18
11,18,2025,12,30,10,5,7,16
11,21,2025,12,30,11,4,4,16
11,27,2025,12,30,10,5,1,20
11,32,2025,12,30,9,3,2,21
11,38,2025,12,30,8,4,5,20
11,41,2025,12,30,7,4,7,17
11,48,2025,12,30,5,3,8,12
12,0,2025,12,30,5,6,0,18
12,4,2025,12,30,7,4,4,18
12,9,2025,12,30,8,3,3,18
12,13,2025,12,30,9,5,4,19
12,18,2025,12,30,10,5,5,19
12,21,2025,12,30,11,5,9,15
12,27,2025,12,30,10,4,1,18
12,32,2025,12,30,9,2,3,17
12,38,2025,12,30,8,5,7,15
12,41,2025,12,30,7,3,3,15
12,48,2025,12,30,5,5,10,10
13,0,2025,12,30,5,2,0,12
13,4,2025,12,30,7,26,3,35
13,9,2025,12,30,8,4,7,32
13,13,2025,12,30,9,5,3,34
13,18,2025,12,30,10,2,14,22
13,21,2025,12,30,11,6,15,13
13,27,2025,12,30,10,2,2,13
13,32,2025,12,30,9,3,1,15
13,38,2025,12,30,8,2,3,14
13,41,2025,12,30,7,21,3,32
13,48,2025,12,30,5,4,10,26
14,0,2025,12,30,5,5,0,31
14,4,2025,12,30,7,18,0,49
14,9,2025,12,30,8,4,9,44
14,13,2025,12,30,9,2,13,33
14,18,2025,12,30,10,3,10,26
14,21,2025,12,30,11,2,13,15
14,27,2025,12,30,10,6,0,21
14,32,2025,12,30,9,2,3,20
14,38,2025,12,30,8,6,3,23
14,41,2025,12,30,7,29,5,47
14,48,2025,12,30,5,5,19,33
15,0,2025,12,30,5,5,0,38
15,4,2025,12,30,7,27,2,63
15,9,2025,12,30,8,2,11,54
15,13,2025,12,30,9,2,17,39
15,18,2025,12,30,10,3,19,23
15,21,2025,12,30,11,5,15,13
15,27,2025,12,30,10,5,1,17
15,32,2025,12,30,9,5,3,19
15,38,2025,12,30,8,2,8,13
15,41,2025,12,30,7,17,2,28
15,48,2025,12,30,5,2,13,17
16,0,2025,12,30,5,3,0,20
16,4,2025,12,30,7,5,1,24
16,9,2025,12,30,8,4,6,22
16,13,2025,12,30,9,5,6,21
16,18,2025,12,30,10,5,7,19
16,21,2025,12,30,11,2,10,11
16,27,2025,12,30,10,6,0,17
16,32,2025,12,30,9,5,3,19
16,38,2025,12,30,8,2,6,15
16,41,2025,12,30,7,2,7,10
16,48,2025,12,30,5,3,7,6
17,0,2025,12,30,5,6,0,12
17,4,2025,12,30,7,3,2,13
17,9,2025,12,30,8,6,2,17
17,13,2025,12,30,9,4,7,14
17,18,2025,12,30,10,3,5,12
17,21,2025,12,30,11,5,3,14
17,27,2025,12,30,10,3,0,17
17,32,2025,12,30,9,4,1,20
17,38,2025,12,30,8,3,5,18
17,41,2025,12,30,7,4,5,17
17,48,2025,12,30,5,4,6,15
18,0,2025,12,30,5,6,0,21
18,4,2025,12,30,7,2,4,19
18,9,2025,12,30,8,4,3,20
18,13,2025,12,30,9,2,6,16
18,18,2025,12,30,10,5,6,15
18,21,2025,12,30,11,3,8,10
18,27,2025,12,30,10,3,1,12
18,32,2025,12,30,9,5,4,13
18,38,2025,12,30,8,3,3,13
18,41,2025,12,30,7,4,3,14
18,48,2025,12,30,5,6,7,13
19,0,2025,12,30,5,4,0,17
19,4,2025,12,30,7,3,6,14
19,9,2025,12,30,8,5,2,17
19,13,2025,12,30,9,5,5,17
19,18,2025,12,30,10,2,5,14
19,21,2025,12,30,11,4,6,12
19,27,2025,12,30,10,3,0,15
19,32,2025,12,30,9,5,1,19
19,38,2025,12,30,8,4,4,19
19,41,2025,12,30,7,4,5,18
19,48,2025,12,30,5,6,10,14
20,0,2025,12,30,5,6,0,20
20,4,2025,12,30,7,4,3,21
20,9,2025,12,30,8,6,2,25
20,13,2025,12,30,9,2,9,18
20,18,2025,12,30,10,3,10,11
20,21,2025,12,30,11,2,6,7
20,27,2025,12,30,10,5,0,12
20,32,2025,12,30,9,3,1,14
20,38,2025,12,30,8,3,2,15
20,41,2025,12,30,7,3,6,12
20,48,2025,12,30,5,6,6,12
21,0,2025,12,30,5,3,0,15
21,4,2025,12,30,7,6,2,19
21,9,2025,12,30,8,6,4,21
21,13,2025,12,30,9,3,6,18
21,18,2025,12,30,10,5,5,18
21,21,2025,12,30,11,5,9,14
21,27,2025,12,30,10,4,1,17
21,32,2025,12,30,9,5,6,16
21,38,2025,12,30,8,6,5,17
21,41,2025,12,30,7,6,4,19
21,48,2025,12,30,5,4,7,16
22,0,2025,12,30,5,3,0,19
22,4,2025,12,30,7,4,2,21
22,9,2025,12,30,8,2,2,21
22,13,2025,12,30,9,4,3,22
22,18,2025,12,30,10,6,9,19
22,21,2025,12,30,11,3,8,14
22,27,2025,12,30,10,3,2,15
22,32,2025,12,30,9,2,2,15
22,38,2025,12,30,8,4,4,15
22,41,2025,12,30,7,4,6,13
22,48,2025,12,30,5,3,7,9
23,0,2025,12,30,5,5,0,14
23,4,2025,12,30,7,2,1,15
23,9,2025,12,30,8,5,5,15
23,13,2025,12,30,9,3,5,13
23,18,2025,12,30,10,2,4,11
23,21,2025,12,30,11,5,5,11
23,27,2025,12,30,10,4,1,14
23,32,2025,12,30,9,2,1,15
23,38,2025,12,30,8,5,3,17
23,41,2025,12,30,7,6,7,16
23,48,2025,12,30,5,0,16,0
6,0,2025,12,31,5,21,0,21
6,4,2025,12,31,7,3,4,20
6,9,2025,12,31,8,6,4,22
6,13,2025,12,31,9,20,4,38
6,18,2025,12,31,10,10,11,37
6,21,2025,12,31,11,5,14,28
6,27,2025,12,31,10,19,1,46
6,32,2025,12,31,9,7,6,47
6,38,2025,12,31,8,17,9,55
6,41,2025,12,31,7,4,19,40
6,48,2025,12,31,5,19,10,49
7,0,2025,12,31,5,13,0,62
7,4,2025,12,31,7,3,24,41
7,9,2025,12,31,8,21,3,59
7,13,2025,12,31,9,16,9,66
7,18,2025,12,31,10,13,13,66
7,21,2025,12,31,11,20,25,61
7,27,2025,12,31,10,11,6,66
7,32,2025,12,31,9,9,9,66
7,38,2025,12,31,8,10,10,66
7,41,2025,12,31,7,4,28,42
7,48,2025,12,31,5,14,20,36
8,0,2025,12,31,5,7,0,43
8,4,2025,12,31,7,3,17,29
8,9,2025,12,31,8,19,4,44
8,13,2025,12,31,9,10,4,50
8,18,2025,12,31,10,5,13,42
8,21,2025,12,31,11,10,13,39
8,27,2025,12,31,10,21,4,56
8,32,2025,12,31,9,11,8,59
8,38,2025,12,31,8,12,5,66
8,41,2025,12,31,7,2,24,44
8,48,2025,12,31,5,14,20,38
9,0,2025,12,31,5,6,0,44
9,4,2025,12,31,7,4,16,32
9,9,2025,12,31,8,6,3,35
9,13,2025,12,31,9,6,3,38
9,18,2025,12,31,10,3,11,30
9,21,2025,12,31,11,4,15,19
9,27,2025,12,31,10,2,2,19
9,32,2025,12,31,9,5,0,24
9,38,2025,12,31,8,4,4,24
9,41,2025,12,31,7,1,19,6
9,48,2025,12,31,5,4,3,7
10,0,2025,12,31,5,3,0,10
10,4,2025,12,31,7,2,1,11
10,9,2025,12,31,8,6,2,15
10,13,2025,12,31,9,4,7,12
10,18,2025,12,31,10,3,2,13
10,21,2025,12,31,11,5,5,13
10,27,2025,12,31,10,4,0,17
10,32,2025,12,31,9,4,6,15
10,38,2025,12,31,8,4,4,15
10,41,2025,12,31,7,2,3,14
10,48,2025,12,31,5,4,5,13
11,0,2025,12,31,5,6,0,19
11,4,2025,12,31,7,2,1,20
11,9,2025,12,31,8,5,3,22
11,13,2025,12,31,9,6,9,19
11,18,2025,12,31,10,5,5,19
11,21,2025,12,31,11,3,9,13
11,27,2025,12,31,10,5,0,18
11,32,2025,12,31,9,3,3,18
11,38,2025,12,31,8,4,3,19
11,41,2025,12,31,7,5,4,20
11,48,2025,12,31,5,3,8,15
12,0,2025,12,31,5,6,0,21
12,4,2025,12,31,7,6,0,27
12,9,2025,12,31,8,4,5,26
12,13,2025,12,31,9,6,6,26
12,18,2025,12,31,10,4,7,23
12,21,2025,12,31,11,2,14,11
12,27,2025,12,31,10,5,0,16
12,32,2025,12,31,9,2,1,17
12,38,2025,12,31,8,5,5,17
12,41,2025,12,31,7,5,3,19
12,48,2025,12,31,5,4,11,12
13,0,2025,12,31,5,5,0,17
13,4,2025,12,31,7,8,1,24
13,9,2025,12,31,8,4,3,25
13,13,2025,12,31,9,5,7,23
13,18,2025,12,31,10,5,5,23
13,21,2025,12,31,11,6,10,19
13,27,2025,12,31,10,5,1,23
13,32,2025,12,31,9,5,2,26
13,38,2025,12,31,8,4,4,26
13,41,2025,12,31,7,21,2,45
13,48,2025,12,31,5,6,22,29
14,0,2025,12,31,5,2,0,31
14,4,2025,12,31,7,30,0,61
14,9,2025,12,31,8,4,12,53
14,13,2025,12,31,9,3,19,37
14,18,2025,12,31,10,3,13,27
14,21,2025,12,31,11,6,16,17
14,27,2025,12,31,10,5,0,22
14,32,2025,12,31,9,2,5,19
14,38,2025,12,31,8,6,2,23
14,41,2025,12,31,7,27,7,43
14,48,2025,12,31,5,3,15,31
15,0,2025,12,31,5,6,0,37
15,4,2025,12,31,7,21,2,56
15,9,2025,12,31,8,6,17,45
15,13,2025,12,31,9,4,10,39
15,18,2025,12,31,10,6,16,29
15,21,2025,12,31,11,3,17,15
15,27,2025,12,31,10,4,0,19
15,32,2025,12,31,9,5,3,21
15,38,2025,12,31,8,6,5,22
15,41,2025,12,31,7,18,4,36
15,48,2025,12,31,5,6,17,25
16,0,2025,12,31,5,2,0,27
16,4,2025,12,31,7,2,3,26
16,9,2025,12,31,8,3,6,23
16,13,2025,12,31,9,5,8,20
16,18,2025,12,31,10,6,9,17
16,21,2025,12,31,11,2,9,10
16,27,2025,12,31,10,6,1,15
16,32,2025,12,31,9,6,6,15
16,38,2025,12,31,8,6,4,17
16,41,2025,12,31,7,3,8,12
16,48,2025,12,31,5,5,5,12
17,0,2025,12,31,5,5,0,17
17,4,2025,12,31,7,5,0,22
17,9,2025,12,31,8,6,3,25
17,13,2025,12,31,9,4,10,19
17,18,2025,12,31,10,4,3,20
17,21,2025,12,31,11,6,12,14
17,27,2025,12,31,10,3,1,16
17,32,2025,12,31,9,2,2,16
17,38,2025,12,31,8,2,4,14
17,41,2025,12,31,7,4,5,13
17,48,2025,12,31,5,5,7,11
18,0,2025,12,31,5,2,0,13
18,4,2025,12,31,7,4,0,17
18,9,2025,12,31,8,4,5,16
18,13,2025,12,31,9,3,1,18
18,18,2025,12,31,10,2,7,13
18,21,2025,12,31,11,2,6,9
18,27,2025,12,31,10,2,0,11
18,32,2025,12,31,9,3,1,13
18,38,2025,12,31,8,6,3,16
18,41,2025,12,31,7,2,8,10
18,48,2025,12,31,5,3,3,10
19,0,2025,12,31,5,3,0,13
19,4,2025,12,31,7,2,1,14
19,9,2025,12,31,8,2,0,16
19,13,2025,12,31,9,5,5,16
19,18,2025,12,31,10,2,4,14
19,21,2025,12,31,11,4,8,10
19,27,2025,12,31,10,6,1,15
19,32,2025,12,31,9,2,3,14
19,38,2025,12,31,8,3,5,12
19,41,2025,12,31,7,3,6,9
19,48,2025,12,31,5,5,3,11
20,0,2025,12,31,5,3,0,14
20,4,2025,12,31,7,3,2,15
20,9,2025,12,31,8,2,3,14
20,13,2025,12,31,9,3,5,12
20,18,2025,12,31,10,2,4,10
20,21,2025,12,31,11,3,5,8
20,27,2025,12,31,10,4,0,12
20,32,2025,12,31,9,6,3,15
20,38,2025,12,31,8,3,5,13
20,41,2025,12,31,7,3,5,11
20,48,2025,12,31,5,5,4,12
21,0,2025,12,31,5,3,0,15
21,4,2025,12,31,7,3,2,16
21,9,2025,12,31,8,3,2,17
21,13,2025,12,31,9,4,3,18
21,18,2025,12,31,10,2,11,9
21,21,2025,12,31,11,5,5,9
21,27,2025,12,31,10,2,1,10
21,32,2025,12,31,9,5,2,13
21,38,2025,12,31,8,2,2,13
21,41,2025,12,31,7,6,4,15
21,48,2025,12,31,5,3,5,13
22,0,2025,12,31,5,5,0,18
22,4,2025,12,31,7,5,0,23
22,9,2025,12,31,8,3,7,19
22,13,2025,12,31,9,2,4,17
22,18,2025,12,31,10,6,5,18
22,21,2025,12,31,11,6,12,12
22,27,2025,12,31,10,4,1,15
22,32,2025,12,31,9,3,1,17
22,38,2025,12,31,8,3,4,16
22,41,2025,12,31,7,4,5,15
22,48,2025,12,31,5,2,5,12
23,0,2025,12,31,5,5,0,17
23,4,2025,12,31,7,3,3,17
23,9,2025,12,31,8,3,2,18
23,13,2025,12,31,9,3,4,17
23,18,2025,12,31,10,4,6,15
23,21,2025,12,31,11,6,10,11
23,27,2025,12,31,10,2,0,13
23,32,2025,12,31,9,5,2,16
23,38,2025,12,31,8,2,7,11
23,41,2025,12,31,7,3,7,7
23,48,2025,12,31,5,0,7,0
6,0,2026,1,1,5,11,0,11
6,4,2026,1,1,7,3,3,11
6,9,2026,1,1,8,6,1,16
6,13,2026,1,1,9,5,3,18
6,18,2026,1,1,10,6,7,17
6,21,2026,1,1,11,15,9,23
6,27,2026,1,1,10,12,5,30
6,32,2026,1,1,9,22,6,46
6,38,2026,1,1,8,10,12,44
6,41,2026,1,1,7,3,12,35
6,48,2026,1,1,5,15,11,39
7,0,2026,1,1,5,9,0,48
7,4,2026,1,1,7,1,18,31
7,9,2026,1,1,8,18,2,47
7,13,2026,1,1,9,8,6,49
7,18,2026,1,1,10,14,10,53
7,21,2026,1,1,11,17,18,52
7,27,2026,1,1,10,6,5,53
7,32,2026,1,1,9,7,13,47
7,38,2026,1,1,8,16,8,55
7,41,2026,1,1,7,5,23,37
7,48,2026,1,1,5,19,16,40
8,0,2026,1,1,5,9,0,49
8,4,2026,1,1,7,3,21,31
8,9,2026,1,1,8,9,3,37
8,13,2026,1,1,9,20,11,46
8,18,2026,1,1,10,15,9,52
8,21,2026,1,1,11,16,13,55
8,27,2026,1,1,10,13,4,64
8,32,2026,1,1,9,7,13,58
8,38,2026,1,1,8,18,21,55
8,41,2026,1,1,7,4,20,39
8,48,2026,1,1,5,16,18,37
9,0,2026,1,1,5,3,0,40
9,4,2026,1,1,7,2,10,32
9,9,2026,1,1,8,5,8,29
9,13,2026,1,1,9,6,11,24
9,18,2026,1,1,10,5,10,19
9,21,2026,1,1,11,5,7,17
9,27,2026,1,1,10,2,2,17
9,32,2026,1,1,9,4,1,20
9,38,2026,1,1,8,3,2,21
9,41,2026,1,1,7,3,19,5
9,48,2026,1,1,5,2,2,5
10,0,2026,1,1,5,3,0,8
10,4,2026,1,1,7,4,2,10
10,9,2026,1,1,8,2,1,11
10,13,2026,1,1,9,3,4,10
10,18,2026,1,1,10,2,5,7
10,21,2026,1,1,11,3,1,9
10,27,2026,1,1,10,5,0,14
10,32,2026,1,1,9,3,4,13
10,38,2026,1,1,8,2,3,12
10,41,2026,1,1,7,3,5,10
10,48,2026,1,1,5,5,5,10
11,0,2026,1,1,5,3,0,13
11,4,2026,1,1,7,6,1,18
11,9,2026,1,1,8,5,4,19
11,13,2026,1,1,9,4,5,18
11,18,2026,1,1,10,2,5,15
11,21,2026,1,1,11,3,5,13
11,27,2026,1,1,10,6,1,18
11,32,2026,1,1,9,6,2,22
11,38,2026,1,1,8,3,6,19
11,41,2026,1,1,7,4,5,18
11,48,2026,1,1,5,5,7,16
12,0,2026,1,1,5,6,0,22
12,4,2026,1,1,7,2,3,21
12,9,2026,1,1,8,6,5,22
12,13,2026,1,1,9,5,8,19
12,18,2026,1,1,10,6,2,23
12,21,2026,1,1,11,4,12,15
12,27,2026,1,1,10,3,0,18
12,32,2026,1,1,9,2,2,18
12,38,2026,1,1,8,2,5,15
12,41,2026,1,1,7,5,9,11
12,48,2026,1,1,5,5,6,10
13,0,2026,1,1,5,6,0,16
13,4,2026,1,1,7,27,1,42
13,9,2026,1,1,8,3,7,38
13,13,2026,1,1,9,4,13,29
13,18,2026,1,1,10,3,13,19
13,21,2026,1,1,11,5,14,10
13,27,2026,1,1,10,4,3,11
13,32,2026,1,1,9,5,2,14
13,38,2026,1,1,8,5,5,14
13,41,2026,1,1,7,32,3,43
13,48,2026,1,1,5,3,15,31
14,0,2026,1,1,5,4,0,35
14,4,2026,1,1,7,9,1,43
14,9,2026,1,1,8,5,9,39
14,13,2026,1,1,9,6,12,33
14,18,2026,1,1,10,6,14,25
14,21,2026,1,1,11,3,15,13
14,27,2026,1,1,10,5,0,18
14,32,2026,1,1,9,4,5,17
14,38,2026,1,1,8,5,5,17
14,41,2026,1,1,7,15,1,31
14,48,2026,1,1,5,5,17,19
15,0,2026,1,1,5,5,0,24
15,4,2026,1,1,7,22,1,45
15,9,2026,1,1,8,4,10,39
15,13,2026,1,1,9,4,8,35
15,18,2026,1,1,10,6,16,25
15,21,2026,1,1,11,4,13,16
15,27,2026,1,1,10,4,0,20
15,32,2026,1,1,9,6,3,23
15,38,2026,1,1,8,2,2,23
15,41,2026,1,1,7,21,4,40
15,48,2026,1,1,5,5,16,29
16,0,2026,1,1,5,2,0,31
16,4,2026,1,1,7,5,1,35
16,9,2026,1,1,8,5,8,32
16,13,2026,1,1,9,5,7,30
16,18,2026,1,1,10,3,5,28
16,21,2026,1,1,11,3,16,15
16,27,2026,1,1,10,5,0,20
16,32,2026,1,1,9,6,2,24
16,38,2026,1,1,8,2,2,24
16,41,2026,1,1,7,4,8,20
16,48,2026,1,1,5,6,13,13
17,0,2026,1,1,5,5,0,18
17,4,2026,1,1,7,5,3,20
17,9,2026,1,1,8,2,3,19
17,13,2026,1,1,9,4,2,21
17,18,2026,1,1,10,6,8,19
17,21,2026,1,1,11,3,8,14
17,27,2026,1,1,10,2,2,14
17,32,2026,1,1,9,3,1,16
17,38,2026,1,1,8,5,2,19
17,41,2026,1,1,7,5,4,20
17,48,2026,1,1,5,5,11,14
18,0,2026,1,1,5,3,0,17
18,4,2026,1,1,7,6,2,21
18,9,2026,1,1,8,6,3,24
18,13,2026,1,1,9,4,11,17
18,18,2026,1,1,10,6,1,22
18,21,2026,1,1,11,2,10,14
18,27,2026,1,1,10,2,0,16
18,32,2026,1,1,9,5,1,20
18,38,2026,1,1,8,2,9,13
18,41,2026,1,1,7,5,5,13
18,48,2026,1,1,5,5,4,14
19,0,2026,1,1,5,6,0,20
19,4,2026,1,1,7,4,2,22
19,9,2026,1,1,8,6,4,24
19,13,2026,1,1,9,3,3,24
19,18,2026,1,1,10,5,11,18
19,21,2026,1,1,11,4,5,17
19,27,2026,1,1,10,2,2,17
19,32,2026,1,1,9,3,4,16
19,38,2026,1,1,8,3,4,15
19,41,2026,1,1,7,3,3,15
19,48,2026,1,1,5,4,7,12
20,0,2026,1,1,5,3,0,15
20,4,2026,1,1,7,4,3,16
20,9,2026,1,1,8,3,3,16
20,13,2026,1,1,9,5,5,16
20,18,2026,1,1,10,6,6,16
20,21,2026,1,1,11,4,7,13
20,27,2026,1,1,10,2,0,15
20,32,2026,1,1,9,2,2,15
20,38,2026,1,1,8,2,4,13
20,41,2026,1,1,7,2,6,9
20,48,2026,1,1,5,3,3,9
21,0,2026,1,1,5,6,0,15
21,4,2026,1,1,7,5,4,16
21,9,2026,1,1,8,6,3,19
21,13,2026,1,1,9,6,4,21
21,18,2026,1,1,10,5,9,17
21,21,2026,1,1,11,3,5,15
21,27,2026,1,1,10,3,1,17
21,32,2026,1,1,9,3,3,17
21,38,2026,1,1,8,4,6,15
21,41,2026,1,1,7,3,5,13
21,48,2026,1,1,5,6,6,13
22,0,2026,1,1,5,6,0,19
22,4,2026,1,1,7,3,4,18
22,9,2026,1,1,8,2,4,16
22,13,2026,1,1,9,3,7,12
22,18,2026,1,1,10,2,7,7
22,21,2026,1,1,11,4,2,9
22,27,2026,1,1,10,3,0,12
22,32,2026,1,1,9,2,2,12
22,38,2026,1,1,8,2,2,12
22,41,2026,1,1,7,6,4,14
22,48,2026,1,1,5,6,4,16
23,0,2026,1,1,5,2,0,18
23,4,2026,1,1,7,4,1,21
23,9,2026,1,1,8,5,5,21
23,13,2026,1,1,9,2,5,18
23,18,2026,1,1,10,2,8,12
23,21,2026,1,1,11,6,7,11
23,27,2026,1,1,10,3,2,12
23,32,2026,1,1,9,5,2,15
23,38,2026,1,1,8,5,4,16
23,41,2026,1,1,7,3,9,10
23,48,2026,1,1,5,0,10,0
6,0,2026,1,2,5,6,0,6
6,4,2026,1,2,7,4,1,9
6,9,2026,1,2,8,13,1,21
6,13,2026,1,2,9,13,3,31
6,18,2026,1,2,10,14,7,38
6,21,2026,1,2,11,14,8,44
6,27,2026,1,2,10,12,3,53
6,32,2026,1,2,9,18,14,57
6,38,2026,1,2,8,18,13,62
6,41,2026,1,2,7,4,22,44
6,48,2026,1,2,5,10,20,34
7,0,2026,1,2,5,11,0,45
7,4,2026,1,2,7,2,11,36
7,9,2026,1,2,8,7,3,40
7,13,2026,1,2,9,9,12,37
7,18,2026,1,2,10,16,11,42
7,21,2026,1,2,11,13,13,42
7,27,2026,1,2,10,19,5,56
7,32,2026,1,2,9,15,12,59
7,38,2026,1,2,8,19,12,66
7,41,2026,1,2,7,1,25,42
7,48,2026,1,2,5,19,20,41
8,0,2026,1,2,5,15,0,56
8,4,2026,1,2,7,3,23,36
8,9,2026,1,2,8,9,3,42
8,13,2026,1,2,9,10,9,43
8,18,2026,1,2,10,13,11,45
8,21,2026,1,2,11,22,13,54
8,27,2026,1,2,10,6,5,55
8,32,2026,1,2,9,5,9,51
8,38,2026,1,2,8,11,10,52
8,41,2026,1,2,7,1,26,27
8,48,2026,1,2,5,19,14,32
9,0,2026,1,2,5,5,0,37
9,4,2026,1,2,7,1,17,21
9,9,2026,1,2,8,6,2,25
9,13,2026,1,2,9,2,6,21
9,18,2026,1,2,10,4,5,20
9,21,2026,1,2,11,4,8,16
9,27,2026,1,2,10,4,1,19
9,32,2026,1,2,9,5,0,24
9,38,2026,1,2,8,6,1,29
9,41,2026,1,2,7,4,20,13
9,48,2026,1,2,5,2,6,9
10,0,2026,1,2,5,6,0,15
10,4,2026,1,2,7,4,1,18
10,9,2026,1,2,8,2,3,17
10,13,2026,1,2,9,2,3,16
10,18,2026,1,2,10,6,3,19
10,21,2026,1,2,11,3,10,12
10,27,2026,1,2,10,3,0,15
10,32,2026,1,2,9,5,0,20
10,38,2026,1,2,8,4,4,20
10,41,2026,1,2,7,6,5,21
10,48,2026,1,2,5,4,12,13
11,0,2026,1,2,5,4,0,17
11,4,2026,1,2,7,5,1,21
11,9,2026,1,2,8,6,4,23
11,13,2026,1,2,9,4,4,23
11,18,2026,1,2,10,3,11,15
11,21,2026,1,2,11,4,5,14
11,27,2026,1,2,10,4,1,17
11,32,2026,1,2,9,6,0,23
11,38,2026,1,2,8,3,10,16
11,41,2026,1,2,7,6,6,16
11,48,2026,1,2,5,6,9,13
12,0,2026,1,2,5,4,0,17
12,4,2026,1,2,7,6,2,21
12,9,2026,1,2,8,5,3,23
12,13,2026,1,2,9,4,5,22
12,18,2026,1,2,10,3,7,18
12,21,2026,1,2,11,4,13,9
12,27,2026,1,2,10,4,0,13
12,32,2026,1,2,9,4,1,16
12,38,2026,1,2,8,4,2,18
12,41,2026,1,2,7,2,9,11
12,48,2026,1,2,5,5,7,9
13,0,2026,1,2,5,4,0,13
13,4,2026,1,2,7,13,1,25
13,9,2026,1,2,8,2,6,21
13,13,2026,1,2,9,6,4,23
13,18,2026,1,2,10,2,5,20
13,21,2026,1,2,11,4,12,12
13,27,2026,1,2,10,3,1,14
13,32,2026,1,2,9,2,4,12
13,38,2026,1,2,8,5,5,12
13,41,2026,1,2,7,31,4,39
13,48,2026,1,2,5,6,11,34
14,0,2026,1,2,5,6,0,40
14,4,2026,1,2,7,24,1,63
14,9,2026,1,2,8,3,14,52
14,13,2026,1,2,9,4,24,32
14,18,2026,1,2,10,4,13,23
14,21,2026,1,2,11,3,13,13
14,27,2026,1,2,10,2,2,13
14,32,2026,1,2,9,2,1,14
14,38,2026,1,2,8,3,1,16
14,41,2026,1,2,7,23,3,36
14,48,2026,1,2,5,5,16,25
15,0,2026,1,2,5,6,0,31
15,4,2026,1,2,7,27,1,57
15,9,2026,1,2,8,6,18,45
15,13,2026,1,2,9,6,14,37
15,18,2026,1,2,10,6,11,32
15,21,2026,1,2,11,6,19,19
15,27,2026,1,2,10,5,1,23
15,32,2026,1,2,9,4,4,23
15,38,2026,1,2,8,4,5,22
15,41,2026,1,2,7,16,1,37
15,48,2026,1,2,5,5,17,25
16,0,2026,1,2,5,2,0,27
16,4,2026,1,2,7,3,2,28
16,9,2026,1,2,8,3,4,27
16,13,2026,1,2,9,2,4,25
16,18,2026,1,2,10,6,13,18
16,21,2026,1,2,11,4,11,11
16,27,2026,1,2,10,3,1,13
16,32,2026,1,2,9,2,3,12
16,38,2026,1,2,8,6,5,13
16,41,2026,1,2,7,6,4,15
16,48,2026,1,2,5,5,6,14
17,0,2026,1,2,5,3,0,17
17,4,2026,1,2,7,3,0,20
17,9,2026,1,2,8,4,3,21
17,13,2026,1,2,9,6,7,20
17,18,2026,1,2,10,6,8,18
17,21,2026,1,2,11,2,5,15
17,27,2026,1,2,10,4,0,19
17,32,2026,1,2,9,2,2,19
17,38,2026,1,2,8,6,2,23
17,41,2026,1,2,7,6,8,21
17,48,2026,1,2,5,3,11,13
18,0,2026,1,2,5,3,0,16
18,4,2026,1,2,7,6,2,20
18,9,2026,1,2,8,4,6,18
18,13,2026,1,2,9,5,5,18
18,18,2026,1,2,10,2,5,15
18,21,2026,1,2,11,2,5,12
18,27,2026,1,2,10,6,1,17
18,32,2026,1,2,9,2,2,17
18,38,2026,1,2,8,6,6,17
18,41,2026,1,2,7,5,3,19
18,48,2026,1,2,5,6,10,15
19,0,2026,1,2,5,4,0,19
19,4,2026,1,2,7,4,1,22
19,9,2026,1,2,8,4,3,23
19,13,2026,1,2,9,4,8,19
19,18,2026,1,2,10,4,5,18
19,21,2026,1,2,11,2,10,10
19,27,2026,1,2,10,6,0,16
19,32,2026,1,2,9,5,1,20
19,38,2026,1,2,8,6,4,22
19,41,2026,1,2,7,2,15,9
19,48,2026,1,2,5,4,5,8
20,0,2026,1,2,5,2,0,10
20,4,2026,1,2,7,4,1,13
20,9,2026,1,2,8,5,1,17
20,13,2026,1,2,9,5,4,18
20,18,2026,1,2,10,5,8,15
20,21,2026,1,2,11,5,5,15
20,27,2026,1,2,10,2,0,17
20,32,2026,1,2,9,4,2,19
20,38,2026,1,2,8,2,3,18
20,41,2026,1,2,7,5,7,16
20,48,2026,1,2,5,4,9,11
21,0,2026,1,2,5,3,0,14
21,4,2026,1,2,7,2,0,16
21,9,2026,1,2,8,6,5,17
21,13,2026,1,2,9,2,7,12
21,18,2026,1,2,10,4,5,11
21,21,2026,1,2,11,6,4,13
21,27,2026,1,2,10,2,0,15
21,32,2026,1,2,9,2,1,16
21,38,2026,1,2,8,5,6,15
21,41,2026,1,2,7,2,9,8
21,48,2026,1,2,5,2,4,6
22,0,2026,1,2,5,6,0,12
22,4,2026,1,2,7,4,1,15
22,9,2026,1,2,8,6,1,20
22,13,2026,1,2,9,3,5,18
22,18,2026,1,2,10,3,9,12
22,21,2026,1,2,11,5,8,9
22,27,2026,1,2,10,2,1,10
22,32,2026,1,2,9,4,2,12
22,38,2026,1,2,8,2,4,10
22,41,2026,1,2,7,2,4,8
22,48,2026,1,2,5,6,4,10
23,0,2026,1,2,5,4,0,14
23,4,2026,1,2,7,5,3,16
23,9,2026,1,2,8,6,2,20
23,13,2026,1,2,9,2,4,18
23,18,2026,1,2,10,4,6,16
23,21,2026,1,2,11,4,5,15
23,27,2026,1,2,10,6,1,20
23,32,2026,1,2,9,2,2,20
23,38,2026,1,2,8,2,6,16
23,41,2026,1,2,7,5,5,16
23,48,2026,1,2,5,0,16,0
6,0,2026,1,3,5,9,0,9
6,4,2026,1,3,7,4,1,12
6,9,2026,1,3,8,15,2,25
6,13,2026,1,3,9,10,6,29
6,18,2026,1,3,10,21,7,43
6,21,2026,1,3,11,9,10,42
6,27,2026,1,3,10,11,0,53
6,32,2026,1,3,9,10,8,55
6,38,2026,1,3,8,19,12,62
6,41,2026,1,3,7,5,20,47
6,48,2026,1,3,5,8,19,36
7,0,2026,1,3,5,20,0,56
7,4,2026,1,3,7,3,20,39
7,9,2026,1,3,8,16,5,50
7,13,2026,1,3,9,8,12,46
7,18,2026,1,3,10,12,14,44
7,21,2026,1,3,11,20,10,54
7,27,2026,1,3,10,9,10,53
7,32,2026,1,3,9,16,6,63
7,38,2026,1,3,8,10,7,66
7,41,2026,1,3,7,5,28,43
7,48,2026,1,3,5,9,19,33
8,0,2026,1,3,5,18,0,51
8,4,2026,1,3,7,4,18,37
8,9,2026,1,3,8,5,3,39
8,13,2026,1,3,9,14,7,46
8,18,2026,1,3,10,21,13,54
8,21,2026,1,3,11,16,17,53
8,27,2026,1,3,10,15,2,66
8,32,2026,1,3,9,6,6,66
8,38,2026,1,3,8,8,17,57
8,41,2026,1,3,7,3,30,30
8,48,2026,1,3,5,18,13,35
9,0,2026,1,3,5,5,0,40
9,4,2026,1,3,7,1,14,27
9,9,2026,1,3,8,3,1,29
9,13,2026,1,3,9,4,7,26
9,18,2026,1,3,10,5,6,25
9,21,2026,1,3,11,4,15,14
9,27,2026,1,3,10,4,0,18
9,32,2026,1,3,9,2,1,19
9,38,2026,1,3,8,6,1,24
9,41,2026,1,3,7,1,19,6
9,48,2026,1,3,5,3,4,5
10,0,2026,1,3,5,2,0,7
10,4,2026,1,3,7,5,0,12
10,9,2026,1,3,8,6,3,15
10,13,2026,1,3,9,6,2,19
10,18,2026,1,3,10,6,4,21
10,21,2026,1,3,11,6,5,22
10,27,2026,1,3,10,2,1,23
10,32,2026,1,3,9,2,6,19
10,38,2026,1,3,8,2,2,19
10,41,2026,1,3,7,2,8,13
10,48,2026,1,3,5,5,11,7
11,0,2026,1,3,5,3,0,10
11,4,2026,1,3,7,6,1,15
11,9,2026,1,3,8,2,4,13
11,13,2026,1,3,9,4,3,14
11,18,2026,1,3,10,3,4,13
11,21,2026,1,3,11,4,8,9
11,27,2026,1,3,10,3,1,11
11,32,2026,1,3,9,4,1,14
11,38,2026,1,3,8,6,1,19
11,41,2026,1,3,7,2,5,16
11,48,2026,1,3,5,2,7,11
12,0,2026,1,3,5,5,0,16
12,4,2026,1,3,7,4,2,18
12,9,2026,1,3,8,5,2,21
12,13,2026,1,3,9,6,7,20
12,18,2026,1,3,10,5,7,18
12,21,2026,1,3,11,6,8,16
12,27,2026,1,3,10,3,0,19
12,32,2026,1,3,9,4,5,18
12,38,2026,1,3,8,5,5,18
12,41,2026,1,3,7,5,6,17
12,48,2026,1,3,5,3,6,14
13,0,2026,1,3,5,2,0,16
13,4,2026,1,3,7,23,1,38
13,9,2026,1,3,8,4,8,34
13,13,2026,1,3,9,4,5,33
13,18,2026,1,3,10,4,5,32
13,21,2026,1,3,11,2,20,14
13,27,2026,1,3,10,2,0,16
13,32,2026,1,3,9,3,3,16
13,38,2026,1,3,8,4,2,18
13,41,2026,1,3,7,17,3,32
13,48,2026,1,3,5,6,19,19
14,0,2026,1,3,5,3,0,22
14,4,2026,1,3,7,16,0,38
14,9,2026,1,3,8,5,7,36
14,13,2026,1,3,9,4,9,31
14,18,2026,1,3,10,3,9,25
14,21,2026,1,3,11,5,15,15
14,27,2026,1,3,10,4,1,18
14,32,2026,1,3,9,5,4,19
14,38,2026,1,3,8,2,2,19
14,41,2026,1,3,7,21,4,36
14,48,2026,1,3,5,5,15,26
15,0,2026,1,3,5,6,0,32
15,4,2026,1,3,7,8,1,39
15,9,2026,1,3,8,2,9,32
15,13,2026,1,3,9,4,14,22
15,18,2026,1,3,10,3,6,19
15,21,2026,1,3,11,2,15,6
15,27,2026,1,3,10,6,0,12
15,32,2026,1,3,9,4,5,11
15,38,2026,1,3,8,6,2,15
15,41,2026,1,3,7,19,2,32
15,48,2026,1,3,5,4,8,28
16,0,2026,1,3,5,4,0,32
16,4,2026,1,3,7,2,0,34
16,9,2026,1,3,8,4,10,28
16,13,2026,1,3,9,3,4,27
16,18,2026,1,3,10,3,9,21
16,21,2026,1,3,11,5,14,12
16,27,2026,1,3,10,5,0,17
16,32,2026,1,3,9,4,1,20
16,38,2026,1,3,8,4,6,18
16,41,2026,1,3,7,2,5,15
16,48,2026,1,3,5,5,6,14
17,0,2026,1,3,5,5,0,19
17,4,2026,1,3,7,4,2,21
17,9,2026,1,3,8,5,4,22
17,13,2026,1,3,9,3,4,21
17,18,2026,1,3,10,2,6,17
17,21,2026,1,3,11,4,10,11
17,27,2026,1,3,10,3,0,14
17,32,2026,1,3,9,2,2,14
17,38,2026,1,3,8,4,3,15
17,41,2026,1,3,7,3,6,12
17,48,2026,1,3,5,2,6,8
18,0,2026,1,3,5,4,0,12
18,4,2026,1,3,7,5,2,15
18,9,2026,1,3,8,2,1,16
18,13,2026,1,3,9,6,5,17
18,18,2026,1,3,10,5,4,18
18,21,2026,1,3,11,2,9,11
18,27,2026,1,3,10,5,2,14
18,32,2026,1,3,9,3,1,16
18,38,2026,1,3,8,2,5,13
18,41,2026,1,3,7,2,4,11
18,48,2026,1,3,5,4,8,7
19,0,2026,1,3,5,4,0,11
19,4,2026,1,3,7,2,1,12
19,9,2026,1,3,8,4,2,14
19,13,2026,1,3,9,6,4,16
19,18,2026,1,3,10,4,7,13
19,21,2026,1,3,11,5,5,13
19,27,2026,1,3,10,4,0,17
19,32,2026,1,3,9,5,3,19
19,38,2026,1,3,8,6,4,21
19,41,2026,1,3,7,6,9,18
19,48,2026,1,3,5,6,8,16
20,0,2026,1,3,5,2,0,18
20,4,2026,1,3,7,3,1,20
20,9,2026,1,3,8,2,2,20
20,13,2026,1,3,9,2,3,19
20,18,2026,1,3,10,5,7,17
20,21,2026,1,3,11,3,12,8
20,27,2026,1,3,10,5,1,12
20,32,2026,1,3,9,2,3,11
20,38,2026,1,3,8,2,4,9
20,41,2026,1,3,7,3,3,9
20,48,2026,1,3,5,5,4,10
21,0,2026,1,3,5,5,0,15
21,4,2026,1,3,7,5,2,18
21,9,2026,1,3,8,2,2,18
21,13,2026,1,3,9,6,5,19
21,18,2026,1,3,10,4,5,18
21,21,2026,1,3,11,4,7,15
21,27,2026,1,3,10,6,2,19
21,32,2026,1,3,9,4,1,22
21,38,2026,1,3,8,5,5,22
21,41,2026,1,3,7,5,10,17
21,48,2026,1,3,5,2,7,12
22,0,2026,1,3,5,6,0,18
22,4,2026,1,3,7,5,2,21
22,9,2026,1,3,8,5,1,25
22,13,2026,1,3,9,6,2,29
22,18,2026,1,3,10,4,10,23
22,21,2026,1,3,11,6,12,17
22,27,2026,1,3,10,5,1,21
22,32,2026,1,3,9,3,2,22
22,38,2026,1,3,8,6,8,20
22,41,2026,1,3,7,6,6,20
22,48,2026,1,3,5,5,12,13
23,0,2026,1,3,5,5,0,18
23,4,2026,1,3,7,3,0,21
23,9,2026,1,3,8,4,3,22
23,13,2026,1,3,9,2,4,20
23,18,2026,1,3,10,5,6,19
23,21,2026,1,3,11,6,13,12
23,27,2026,1,3,10,3,1,14
23,32,2026,1,3,9,5,3,16
23,38,2026,1,3,8,6,4,18
23,41,2026,1,3,7,5,9,14
23,48,2026,1,3,5,0,14,0
6,0,2026,1,4,5,7,0,7
6,4,2026,1,4,7,3,3,7
6,9,2026,1,4,8,18,2,23
6,13,2026,1,4,9,14,6,31
6,18,2026,1,4,10,12,8,35
6,21,2026,1,4,11,8,9,34
6,27,2026,1,4,10,8,4,38
6,32,2026,1,4,9,22,7,53
6,38,2026,1,4,8,15,10,58
6,41,2026,1,4,7,2,16,44
6,48,2026,1,4,5,14,22,36
7,0,2026,1,4,5,17,0,53
7,4,2026,1,4,7,1,22,32
7,9,2026,1,4,8,22,2,52
7,13,2026,1,4,9,9,4,57
7,18,2026,1,4,10,17,18,56
7,21,2026,1,4,11,5,18,43
7,27,2026,1,4,10,15,2,56
7,32,2026,1,4,9,10,6,60
7,38,2026,1,4,8,12,10,62
7,41,2026,1,4,7,1,23,40
7,48,2026,1,4,5,21,20,41
8,0,2026,1,4,5,18,0,59
8,4,2026,1,4,7,4,24,39
8,9,2026,1,4,8,6,4,41
8,13,2026,1,4,9,12,6,47
8,18,2026,1,4,10,8,11,44
8,21,2026,1,4,11,6,18,32
8,27,2026,1,4,10,8,0,40
8,32,2026,1,4,9,16,2,54
8,38,2026,1,4,8,11,10,55
8,41,2026,1,4,7,4,23,36
8,48,2026,1,4,5,7,14,29
9,0,2026,1,4,5,6,0,35
9,4,2026,1,4,7,1,9,27
9,9,2026,1,4,8,2,0,29
9,13,2026,1,4,9,6,6,29
9,18,2026,1,4,10,6,13,22
9,21,2026,1,4,11,2,10,14
9,27,2026,1,4,10,2,1,15
9,32,2026,1,4,9,5,1,19
9,38,2026,1,4,8,2,1,20
9,41,2026,1,4,7,3,15,8
9,48,2026,1,4,5,3,4,7
10,0,2026,1,4,5,6,0,13
10,4,2026,1,4,7,2,1,14
10,9,2026,1,4,8,4,6,12
10,13,2026,1,4,9,2,3,11
10,18,2026,1,4,10,4,1,14
10,21,2026,1,4,11,2,6,10
10,27,2026,1,4,10,5,0,15
10,32,2026,1,4,9,6,1,20
10,38,2026,1,4,8,3,6,17
10,41,2026,1,4,7,4,4,17
10,48,2026,1,4,5,3,11,9
11,0,2026,1,4,5,4,0,13
11,4,2026,1,4,7,2,1,14
11,9,2026,1,4,8,6,3,17
11,13,2026,1,4,9,3,5,15
11,18,2026,1,4,10,5,8,12
11,21,2026,1,4,11,2,9,5
11,27,2026,1,4,10,5,0,10
11,32,2026,1,4,9,3,2,11
11,38,2026,1,4,8,5,4,12
11,41,2026,1,4,7,4,4,12
11,48,2026,1,4,5,3,5,10
12,0,2026,1,4,5,2,0,12
12,4,2026,1,4,7,3,2,13
12,9,2026,1,4,8,5,4,14
12,13,2026,1,4,9,4,3,15
12,18,2026,1,4,10,6,6,15
12,21,2026,1,4,11,5,7,13
12,27,2026,1,4,10,5,1,17
12,32,2026,1,4,9,6,4,19
12,38,2026,1,4,8,5,11,13
12,41,2026,1,4,7,3,2,14
12,48,2026,1,4,5,5,6,13
13,0,2026,1,4,5,2,0,15
13,4,2026,1,4,7,10,0,25
13,9,2026,1,4,8,3,4,24
13,13,2026,1,4,9,3,7,20
13,18,2026,1,4,10,4,4,20
13,21,2026,1,4,11,5,14,11
13,27,2026,1,4,10,2,2,11
13,32,2026,1,4,9,3,2,12
13,38,2026,1,4,8,5,2,15
13,41,2026,1,4,7,20,5,30
13,48,2026,1,4,5,2,10,22
14,0,2026,1,4,5,2,0,24
14,4,2026,1,4,7,24,0,48
14,9,2026,1,4,8,3,15,36
14,13,2026,1,4,9,2,6,32
14,18,2026,1,4,10,6,11,27
14,21,2026,1,4,11,4,20,11
14,27,2026,1,4,10,5,3,13
14,32,2026,1,4,9,4,5,12
14,38,2026,1,4,8,2,2,12
14,41,2026,1,4,7,30,3,39
14,48,2026,1,4,5,4,13,30
15,0,2026,1,4,5,4,0,34
15,4,2026,1,4,7,30,0,64
15,9,2026,1,4,8,2,18,48
15,13,2026,1,4,9,2,16,34
15,18,2026,1,4,10,6,14,26
15,21,2026,1,4,11,5,16,15
15,27,2026,1,4,10,4,1,18
15,32,2026,1,4,9,5,5,18
15,38,2026,1,4,8,6,3,21
15,41,2026,1,4,7,17,2,36
15,48,2026,1,4,5,3,12,27
16,0,2026,1,4,5,6,0,33
16,4,2026,1,4,7,3,4,32
16,9,2026,1,4,8,4,8,28
16,13,2026,1,4,9,5,11,22
16,18,2026,1,4,10,2,7,17
16,21,2026,1,4,11,2,10,9
16,27,2026,1,4,10,2,1,10
16,32,2026,1,4,9,6,1,15
16,38,2026,1,4,8,3,3,15
16,41,2026,1,4,7,2,5,12
16,48,2026,1,4,5,6,3,15
17,0,2026,1,4,5,5,0,20
17,4,2026,1,4,7,5,4,21
17,9,2026,1,4,8,2,1,22
17,13,2026,1,4,9,3,4,21
17,18,2026,1,4,10,2,8,15
17,21,2026,1,4,11,4,10,9
17,27,2026,1,4,10,6,0,15
17,32,2026,1,4,9,5,5,15
17,38,2026,1,4,8,2,5,12
17,41,2026,1,4,7,2,1,13
17,48,2026,1,4,5,6,7,12
18,0,2026,1,4,5,3,0,15
18,4,2026,1,4,7,2,2,15
18,9,2026,1,4,8,2,2,15
18,13,2026,1,4,9,3,2,16
18,18,2026,1,4,10,6,7,15
18,21,2026,1,4,11,2,6,11
18,27,2026,1,4,10,3,1,13
18,32,2026,1,4,9,2,2,13
18,38,2026,1,4,8,5,3,15
18,41,2026,1,4,7,3,6,12
18,48,2026,1,4,5,3,4,11
19,0,2026,1,4,5,4,0,15
19,4,2026,1,4,7,3,2,16
19,9,2026,1,4,8,6,1,21
19,13,2026,1,4,9,6,6,21
19,18,2026,1,4,10,5,6,20
19,21,2026,1,4,11,6,9,17
19,27,2026,1,4,10,4,2,19
19,32,2026,1,4,9,3,2,20
19,38,2026,1,4,8,5,5,20
19,41,2026,1,4,7,4,5,19
19,48,2026,1,4,5,6,10,15
20,0,2026,1,4,5,4,0,19
20,4,2026,1,4,7,5,2,22
20,9,2026,1,4,8,3,5,20
20,13,2026,1,4,9,6,4,22
20,18,2026,1,4,10,6,10,18
20,21,2026,1,4,11,3,5,16
20,27,2026,1,4,10,4,1,19
20,32,2026,1,4,9,5,1,23
20,38,2026,1,4,8,6,5,24
20,41,2026,1,4,7,3,10,17
20,48,2026,1,4,5,3,8,12
21,0,2026,1,4,5,6,0,18
21,4,2026,1,4,7,6,2,22
21,9,2026,1,4,8,6,5,23
21,13,2026,1,4,9,4,9,18
21,18,2026,1,4,10,3,7,14
21,21,2026,1,4,11,2,7,9
21,27,2026,1,4,10,6,0,15
21,32,2026,1,4,9,4,2,17
21,38,2026,1,4,8,4,5,16
21,41,2026,1,4,7,6,6,16
21,48,2026,1,4,5,3,10,9
22,0,2026,1,4,5,4,0,13
22,4,2026,1,4,7,3,5,11
22,9,2026,1,4,8,2,1,12
22,13,2026,1,4,9,6,5,13
22,18,2026,1,4,10,6,3,16
22,21,2026,1,4,11,5,4,17
22,27,2026,1,4,10,2,1,18
22,32,2026,1,4,9,5,0,23
22,38,2026,1,4,8,3,8,18
22,41,2026,1,4,7,3,5,16
22,48,2026,1,4,5,3,10,9
23,0,2026,1,4,5,4,0,13
23,4,2026,1,4,7,2,2,13
23,9,2026,1,4,8,3,3,13
23,13,2026,1,4,9,5,3,15
23,18,2026,1,4,10,6,8,13
23,21,2026,1,4,11,4,3,14
23,27,2026,1,4,10,3,0,17
23,32,2026,1,4,9,4,2,19
23,38,2026,1,4,8,6,7,18
23,41,2026,1,4,7,5,6,17
23,48,2026,1,4,5,0,17,0
6,0,2026,1,5,5,9,0,9
6,4,2026,1,5,7,2,3,8
6,9,2026,1,5,8,5,2,11
6,13,2026,1,5,9,8,2,17
6,18,2026,1,5,10,9,6,20
6,21,2026,1,5,11,11,7,24
6,27,2026,1,5,10,18,3,39
6,32,2026,1,5,9,5,2,42
6,38,2026,1,5,8,16,11,47
6,41,2026,1,5,7,5,14,38
6,48,2026,1,5,5,19,13,44
7,0,2026,1,5,5,15,0,59
7,4,2026,1,5,7,5,22,42
7,9,2026,1,5,8,10,6,46
7,13,2026,1,5,9,16,11,51
7,18,2026,1,5,10,6,12,45
7,21,2026,1,5,11,21,16,50
7,27,2026,1,5,10,18,7,61
7,32,2026,1,5,9,16,12,65
7,38,2026,1,5,8,16,15,66
7,41,2026,1,5,7,1,22,45
7,48,2026,1,5,5,16,22,39
8,0,2026,1,5,5,6,0,45
8,4,2026,1,5,7,4,19,30
8,9,2026,1,5,8,20,3,47
8,13,2026,1,5,9,12,11,48
8,18,2026,1,5,10,16,15,49
8,21,2026,1,5,11,8,8,49
8,27,2026,1,5,10,18,1,66
8,32,2026,1,5,9,9,13,62
8,38,2026,1,5,8,21,17,66
8,41,2026,1,5,7,3,25,44
8,48,2026,1,5,5,15,19,40
9,0,2026,1,5,5,2,0,42
9,4,2026,1,5,7,4,11,35
9,9,2026,1,5,8,6,2,39
9,13,2026,1,5,9,4,11,32
9,18,2026,1,5,10,2,11,23
9,21,2026,1,5,11,2,13,12
9,27,2026,1,5,10,5,0,17
9,32,2026,1,5,9,5,0,22
9,38,2026,1,5,8,4,2,24
9,41,2026,1,5,7,2,15,11
9,48,2026,1,5,5,2,5,8
10,0,2026,1,5,5,4,0,12
10,4,2026,1,5,7,5,0,17
10,9,2026,1,5,8,3,4,16
10,13,2026,1,5,9,5,2,19
10,18,2026,1,5,10,6,8,17
10,21,2026,1,5,11,4,8,13
10,27,2026,1,5,10,4,2,15
10,32,2026,1,5,9,4,2,17
10,38,2026,1,5,8,4,4,17
10,41,2026,1,5,7,4,5,16
10,48,2026,1,5,5,4,8,12
11,0,2026,1,5,5,2,0,14
11,4,2026,1,5,7,4,3,15
11,9,2026,1,5,8,6,4,17
11,13,2026,1,5,9,2,4,15
11,18,2026,1,5,10,6,3,18
11,21,2026,1,5,11,5,9,14
11,27,2026,1,5,10,5,1,18
11,32,2026,1,5,9,5,4,19
11,38,2026,1,5,8,2,7,14
11,41,2026,1,5,7,5,9,10
11,48,2026,1,5,5,2,6,6
12,0,2026,1,5,5,3,0,9
12,4,2026,1,5,7,6,0,15
12,9,2026,1,5,8,3,5,13
12,13,2026,1,5,9,2,6,9
12,18,2026,1,5,10,5,5,9
12,21,2026,1,5,11,2,2,9
12,27,2026,1,5,10,6,1,14
12,32,2026,1,5,9,3,3,14
12,38,2026,1,5,8,2,5,11
12,41,2026,1,5,7,6,3,14
12,48,2026,1,5,5,6,7,13
13,0,2026,1,5,5,5,0,18
13,4,2026,1,5,7,25,0,43
13,9,2026,1,5,8,2,11,34
13,13,2026,1,5,9,5,5,34
13,18,2026,1,5,10,6,14,26
13,21,2026,1,5,11,5,11,20
13,27,2026,1,5,10,5,2,23
13,32,2026,1,5,9,2,4,21
13,38,2026,1,5,8,2,5,18
13,41,2026,1,5,7,26,3,41
13,48,2026,1,5,5,5,15,31
14,0,2026,1,5,5,6,0,37
14,4,2026,1,5,7,30,2,65
14,9,2026,1,5,8,2,15,52
14,13,2026,1,5,9,6,17,41
14,18,2026,1,5,10,3,14,30
14,21,2026,1,5,11,2,18,14
14,27,2026,1,5,10,3,0,17
14,32,2026,1,5,9,6,1,22
14,38,2026,1,5,8,6,6,22
14,41,2026,1,5,7,19,6,35
14,48,2026,1,5,5,2,16,21
15,0,2026,1,5,5,3,0,24
15,4,2026,1,5,7,12,1,35
15,9,2026,1,5,8,4,0,39
15,13,2026,1,5,9,5,6,38
15,18,2026,1,5,10,5,20,23
15,21,2026,1,5,11,6,12,17
15,27,2026,1,5,10,3,0,20
15,32,2026,1,5,9,4,5,19
15,38,2026,1,5,8,3,2,20
15,41,2026,1,5,7,16,2,34
15,48,2026,1,5,5,6,18,22
16,0,2026,1,5,5,6,0,28
16,4,2026,1,5,7,6,4,30
16,9,2026,1,5,8,4,10,24
16,13,2026,1,5,9,2,6,20
16,18,2026,1,5,10,6,6,20
16,21,2026,1,5,11,3,13,10
16,27,2026,1,5,10,3,1,12
16,32,2026,1,5,9,5,3,14
16,38,2026,1,5,8,2,1,15
16,41,2026,1,5,7,3,5,13
16,48,2026,1,5,5,5,4,14
17,0,2026,1,5,5,2,0,16
17,4,2026,1,5,7,2,0,18
17,9,2026,1,5,8,5,2,21
17,13,2026,1,5,9,4,3,22
17,18,2026,1,5,10,5,8,19
17,21,2026,1,5,11,6,10,15
17,27,2026,1,5,10,2,1,16
17,32,2026,1,5,9,2,2,16
17,38,2026,1,5,8,4,5,15
17,41,2026,1,5,7,6,3,18
17,48,2026,1,5,5,5,11,12
18,0,2026,1,5,5,5,0,17
18,4,2026,1,5,7,3,3,17
18,9,2026,1,5,8,4,5,16
18,13,2026,1,5,9,2,4,14
18,18,2026,1,5,10,4,5,13
18,21,2026,1,5,11,4,6,11
18,27,2026,1,5,10,6,0,17
18,32,2026,1,5,9,4,5,16
18,38,2026,1,5,8,3,5,14
18,41,2026,1,5,7,6,4,16
18,48,2026,1,5,5,5,5,16
19,0,2026,1,5,5,5,0,21
19,4,2026,1,5,7,5,2,24
19,9,2026,1,5,8,4,4,24
19,13,2026,1,5,9,5,7,22
19,18,2026,1,5,10,6,9,19
19,21,2026,1,5,11,5,12,12
19,27,2026,1,5,10,6,0,18
19,32,2026,1,5,9,4,0,22
19,38,2026,1,5,8,5,8,19
19,41,2026,1,5,7,3,6,16
19,48,2026,1,5,5,3,9,10
20,0,2026,1,5,5,4,0,14
20,4,2026,1,5,7,3,1,16
20,9,2026,1,5,8,6,0,22
20,13,2026,1,5,9,4,3,23
20,18,2026,1,5,10,6,9,20
20,21,2026,1,5,11,5,13,12
20,27,2026,1,5,10,2,2,12
20,32,2026,1,5,9,2,3,11
20,38,2026,1,5,8,2,3,10
20,41,2026,1,5,7,3,4,9
20,48,2026,1,5,5,2,3,8
21,0,2026,1,5,5,4,0,12
21,4,2026,1,5,7,2,2,12
21,9,2026,1,5,8,4,4,12
21,13,2026,1,5,9,6,2,16
21,18,2026,1,5,10,6,5,17
21,21,2026,1,5,11,4,3,18
21,27,2026,1,5,10,2,0,20
21,32,2026,1,5,9,4,3,21
21,38,2026,1,5,8,6,4,23
21,41,2026,1,5,7,5,3,25
21,48,2026,1,5,5,6,12,19
22,0,2026,1,5,5,4,0,23
22,4,2026,1,5,7,3,2,24
22,9,2026,1,5,8,2,5,21
22,13,2026,1,5,9,3,9,15
22,18,2026,1,5,10,5,6,14
22,21,2026,1,5,11,6,7,13
22,27,2026,1,5,10,5,1,17
22,32,2026,1,5,9,6,3,20
22,38,2026,1,5,8,6,8,18
22,41,2026,1,5,7,2,8,12
22,48,2026,1,5,5,5,5,12
23,0,2026,1,5,5,4,0,16
23,4,2026,1,5,7,5,3,18
23,9,2026,1,5,8,6,1,23
23,13,2026,1,5,9,3,8,18
23,18,2026,1,5,10,5,6,17
23,21,2026,1,5,11,5,9,13
23,27,2026,1,5,10,4,1,16
23,32,2026,1,5,9,3,3,16
23,38,2026,1,5,8,4,6,14
23,41,2026,1,5,7,4,5,13
23,48,2026,1,5,5,0,13,0
6,0,2026,1,6,5,7,0,7
6,4,2026,1,6,7,3,0,10
6,9,2026,1,6,8,19,1,28
6,13,2026,1,6,9,20,7,41
6,18,2026,1,6,10,16,14,43
6,21,2026,1,6,11,14,14,43
6,27,2026,1,6,10,19,4,58
6,32,2026,1,6,9,17,9,66
6,38,2026,1,6,8,16,16,66
6,41,2026,1,6,7,2,22,46
6,48,2026,1,6,5,17,21,42
7,0,2026,1,6,5,8,0,50
7,4,2026,1,6,7,5,20,35
7,9,2026,1,6,8,14,4,45
7,13,2026,1,6,9,6,5,46
7,18,2026,1,6,10,9,17,38
7,21,2026,1,6,11,7,12,33
7,27,2026,1,6,10,6,3,36
7,32,2026,1,6,9,13,3,46
7,38,2026,1,6,8,22,5,63
7,41,2026,1,6,7,3,25,41
7,48,2026,1,6,5,16,15,42
8,0,2026,1,6,5,17,0,59
8,4,2026,1,6,7,5,27,37
8,9,2026,1,6,8,5,1,41
8,13,2026,1,6,9,5,6,40
8,18,2026,1,6,10,13,13,40
8,21,2026,1,6,11,22,18,44
8,27,2026,1,6,10,16,1,59
8,32,2026,1,6,9,12,5,66
8,38,2026,1,6,8,13,13,66
8,41,2026,1,6,7,4,34,36
8,48,2026,1,6,5,9,9,36
9,0,2026,1,6,5,2,0,38
9,4,2026,1,6,7,1,7,32
9,9,2026,1,6,8,5,4,33
9,13,2026,1,6,9,4,7,30
9,18,2026,1,6,10,5,7,28
9,21,2026,1,6,11,3,15,16
9,27,2026,1,6,10,2,0,18
9,32,2026,1,6,9,6,2,22
9,38,2026,1,6,8,4,1,25
9,41,2026,1,6,7,3,22,6
9,48,2026,1,6,5,5,3,8
10,0,2026,1,6,5,3,0,11
10,4,2026,1,6,7,3,5,9
10,9,2026,1,6,8,3,2,10
10,13,2026,1,6,9,3,6,7
10,18,2026,1,6,10,5,3,9
10,21,2026,1,6,11,3,1,11
10,27,2026,1,6,10,3,0,14
10,32,2026,1,6,9,5,3,16
10,38,2026,1,6,8,6,4,18
10,41,2026,1,6,7,3,4,17
10,48,2026,1,6,5,2,10,9
11,0,2026,1,6,5,4,0,13
11,4,2026,1,6,7,4,3,14
11,9,2026,1,6,8,4,2,16
11,13,2026,1,6,9,6,4,18
11,18,2026,1,6,10,6,3,21
11,21,2026,1,6,11,6,8,19
11,27,2026,1,6,10,3,0,22
11,32,2026,1,6,9,5,4,23
11,38,2026,1,6,8,5,5,23
11,41,2026,1,6,7,6,6,23
11,48,2026,1,6,5,4,12,15
12,0,2026,1,6,5,3,0,18
12,4,2026,1,6,7,4,1,21
12,9,2026,1,6,8,3,7,17
12,13,2026,1,6,9,6,1,22
12,18,2026,1,6,10,3,9,16
12,21,2026,1,6,11,4,10,10
12,27,2026,1,6,10,5,1,14
12,32,2026,1,6,9,3,0,17
12,38,2026,1,6,8,6,4,19
12,41,2026,1,6,7,6,4,21
12,48,2026,1,6,5,3,10,14
13,0,2026,1,6,5,2,0,16
13,4,2026,1,6,7,17,0,33
13,9,2026,1,6,8,6,10,29
13,13,2026,1,6,9,2,5,26
13,18,2026,1,6,10,2,8,20
13,21,2026,1,6,11,6,10,16
13,27,2026,1,6,10,4,1,19
13,32,2026,1,6,9,4,0,23
13,38,2026,1,6,8,2,3,22
13,41,2026,1,6,7,11,4,29
13,48,2026,1,6,5,5,15,19
14,0,2026,1,6,5,4,0,23
14,4,2026,1,6,7,14,0,37
14,9,2026,1,6,8,4,9,32
14,13,2026,1,6,9,4,6,30
14,18,2026,1,6,10,3,14,19
14,21,2026,1,6,11,3,9,13
14,27,2026,1,6,10,3,0,16
14,32,2026,1,6,9,4,3,17
14,38,2026,1,6,8,2,3,16
14,41,2026,1,6,7,12,4,24
14,48,2026,1,6,5,3,13,14
15,0,2026,1,6,5,6,0,20
15,4,2026,1,6,7,17,6,31
15,9,2026,1,6,8,5,7,29
15,13,2026,1,6,9,4,13,20
15,18,2026,1,6,10,6,6,20
15,21,2026,1,6,11,3,8,15
15,27,2026,1,6,10,4,2,17
15,32,2026,1,6,9,5,2,20
15,38,2026,1,6,8,5,7,18
15,41,2026,1,6,7,15,5,28
15,48,2026,1,6,5,3,12,19
16,0,2026,1,6,5,6,0,25
16,4,2026,1,6,7,5,0,30
16,9,2026,1,6,8,2,6,26
16,13,2026,1,6,9,3,9,20
16,18,2026,1,6,10,3,9,14
16,21,2026,1,6,11,5,8,11
16,27,2026,1,6,10,2,0,13
16,32,2026,1,6,9,3,3,13
16,38,2026,1,6,8,5,2,16
16,41,2026,1,6,7,2,8,10
16,48,2026,1,6,5,6,7,9
17,0,2026,1,6,5,3,0,12
17,4,2026,1,6,7,5,1,16
17,9,2026,1,6,8,3,5,14
17,13,2026,1,6,9,3,4,13
17,18,2026,1,6,10,6,5,14
17,21,2026,1,6,11,2,8,8
17,27,2026,1,6,10,3,0,11
17,32,2026,1,6,9,4,2,13
17,38,2026,1,6,8,2,3,12
17,41,2026,1,6,7,5,1,16
17,48,2026,1,6,5,4,7,13
18,0,2026,1,6,5,4,0,17
18,4,2026,1,6,7,3,3,17
18,9,2026,1,6,8,6,5,18
18,13,2026,1,6,9,2,2,18
18,18,2026,1,6,10,4,4,18
18,21,2026,1,6,11,3,9,12
18,27,2026,1,6,10,5,0,17
18,32,2026,1,6,9,5,3,19
18,38,2026,1,6,8,2,4,17
18,41,2026,1,6,7,3,2,18
18,48,2026,1,6,5,2,9,11
19,0,2026,1,6,5,6,0,17
19,4,2026,1,6,7,2,2,17
19,9,2026,1,6,8,6,2,21
19,13,2026,1,6,9,6,5,22
19,18,2026,1,6,10,3,8,17
19,21,2026,1,6,11,6,6,17
19,27,2026,1,6,10,4,1,20
19,32,2026,1,6,9,3,4,19
19,38,2026,1,6,8,6,8,17
19,41,2026,1,6,7,4,4,17
19,48,2026,1,6,5,2,10,9
20,0,2026,1,6,5,3,0,12
20,4,2026,1,6,7,5,1,16
20,9,2026,1,6,8,3,0,19
20,13,2026,1,6,9,3,9,13
20,18,2026,1,6,10,5,4,14
20,21,2026,1,6,11,2,6,10
20,27,2026,1,6,10,6,0,16
20,32,2026,1,6,9,3,4,15
20,38,2026,1,6,8,2,1,16
20,41,2026,1,6,7,5,6,15
20,48,2026,1,6,5,5,7,13
21,0,2026,1,6,5,4,0,17
21,4,2026,1,6,7,6,4,19
21,9,2026,1,6,8,6,3,22
21,13,2026,1,6,9,2,2,22
21,18,2026,1,6,10,4,8,18
21,21,2026,1,6,11,4,11,11
21,27,2026,1,6,10,6,1,16
21,32,2026,1,6,9,4,5,15
21,38,2026,1,6,8,2,5,12
21,41,2026,1,6,7,6,3,15
21,48,2026,1,6,5,2,5,12
22,0,2026,1,6,5,4,0,16
22,4,2026,1,6,7,4,0,20
22,9,2026,1,6,8,6,2,24
22,13,2026,1,6,9,2,4,22
22,18,2026,1,6,10,6,8,20
22,21,2026,1,6,11,6,9,17
22,27,2026,1,6,10,3,0,20
22,32,2026,1,6,9,4,2,22
22,38,2026,1,6,8,3,3,22
22,41,2026,1,6,7,6,13,15
22,48,2026,1,6,5,6,7,14
23,0,2026,1,6,5,4,0,18
23,4,2026,1,6,7,5,1,22
23,9,2026,1,6,8,4,6,20
23,13,2026,1,6,9,3,5,18
23,18,2026,1,6,10,6,5,19
23,21,2026,1,6,11,2,9,12
23,27,2026,1,6,10,6,1,17
23,32,2026,1,6,9,4,3,18
23,38,2026,1,6,8,2,3,17
23,41,2026,1,6,7,2,4,15
23,48,2026,1,6,5,0,15,0
6,0,2026,1,7,5,16,0,16
6,4,2026,1,7,7,6,5,17
6,9,2026,1,7,8,18,2,33
6,13,2026,1,7,9,9,6,36
6,18,2026,1,7,10,14,11,39
6,21,2026,1,7,11,18,13,44
6,27,2026,1,7,10,17,4,57
6,32,2026,1,7,9,22,13,66
6,38,2026,1,7,8,10,15,61
6,41,2026,1,7,7,5,21,45
6,48,2026,1,7,5,19,21,43
7,0,2026,1,7,5,14,0,57
7,4,2026,1,7,7,3,25,35
7,9,2026,1,7,8,16,4,47
7,13,2026,1,7,9,9,8,48
7,18,2026,1,7,10,22,16,54
7,21,2026,1,7,11,13,13,54
7,27,2026,1,7,10,18,6,66
7,32,2026,1,7,9,8,8,66
7,38,2026,1,7,8,9,9,66
7,41,2026,1,7,7,3,33,36
7,48,2026,1,7,5,8,18,26
8,0,2026,1,7,5,12,0,38
8,4,2026,1,7,7,2,17,23
8,9,2026,1,7,8,19,3,39
8,13,2026,1,7,9,22,4,57
8,18,2026,1,7,10,12,9,60
8,21,2026,1,7,11,21,20,61
8,27,2026,1,7,10,10,5,66
8,32,2026,1,7,9,13,13,66
8,38,2026,1,7,8,5,15,56
8,41,2026,1,7,7,1,31,26
8,48,2026,1,7,5,5,17,14
9,0,2026,1,7,5,6,0,20
9,4,2026,1,7,7,2,8,14
9,9,2026,1,7,8,5,1,18
9,13,2026,1,7,9,2,1,19
9,18,2026,1,7,10,5,4,20
9,21,2026,1,7,11,5,8,17
9,27,2026,1,7,10,4,0,21
9,32,2026,1,7,9,5,3,23
9,38,2026,1,7,8,6,1,28
9,41,2026,1,7,7,4,21,11
9,48,2026,1,7,5,2,4,9
10,0,2026,1,7,5,2,0,11
10,4,2026,1,7,7,5,2,14
10,9,2026,1,7,8,3,3,14
10,13,2026,1,7,9,4,3,15
10,18,2026,1,7,10,5,3,17
10,21,2026,1,7,11,6,5,18
10,27,2026,1,7,10,3,3,18
10,32,2026,1,7,9,6,4,20
10,38,2026,1,7,8,5,5,20
10,41,2026,1,7,7,3,6,17
10,48,2026,1,7,5,4,7,14
11,0,2026,1,7,5,5,0,19
11,4,2026,1,7,7,5,4,20
11,9,2026,1,7,8,4,4,20
11,13,2026,1,7,9,3,7,16
11,18,2026,1,7,10,5,4,17
11,21,2026,1,7,11,5,9,13
11,27,2026,1,7,10,3,0,16
11,32,2026,1,7,9,4,2,18
11,38,2026,1,7,8,3,5,16
11,41,2026,1,7,7,2,5,13
11,48,2026,1,7,5,6,8,11
12,0,2026,1,7,5,3,0,14
12,4,2026,1,7,7,3,5,12
12,9,2026,1,7,8,4,1,15
12,13,2026,1,7,9,5,4,16
12,18,2026,1,7,10,2,3,15
12,21,2026,1,7,11,2,11,6
12,27,2026,1,7,10,4,0,10
12,32,2026,1,7,9,6,3,13
12,38,2026,1,7,8,6,0,19
12,41,2026,1,7,7,4,5,18
12,48,2026,1,7,5,6,6,18
13,0,2026,1,7,5,6,0,24
13,4,2026,1,7,7,25,1,48
13,9,2026,1,7,8,6,10,44
13,13,2026,1,7,9,2,14,32
13,18,2026,1,7,10,3,15,20
13,21,2026,1,7,11,4,14,10
13,27,2026,1,7,10,6,1,15
13,32,2026,1,7,9,5,2,18
13,38,2026,1,7,8,4,3,19
13,41,2026,1,7,7,10,6,23
13,48,2026,1,7,5,4,8,19
14,0,2026,1,7,5,2,0,21
14,4,2026,1,7,7,28,1,48
14,9,2026,1,7,8,2,7,43
14,13,2026,1,7,9,4,11,36
14,18,2026,1,7,10,3,12,27
14,21,2026,1,7,11,5,18,14
14,27,2026,1,7,10,6,1,19
14,32,2026,1,7,9,6,3,22
14,38,2026,1,7,8,2,4,20
14,41,2026,1,7,7,32,2,50
14,48,2026,1,7,5,6,15,41
15,0,2026,1,7,5,3,0,44
15,4,2026,1,7,7,24,2,66
15,9,2026,1,7,8,5,16,55
15,13,2026,1,7,9,5,13,47
15,18,2026,1,7,10,5,15,37
15,21,2026,1,7,11,4,20,21
15,27,2026,1,7,10,4,1,24
15,32,2026,1,7,9,6,0,30
15,38,2026,1,7,8,6,3,33
15,41,2026,1,7,7,16,9,40
15,48,2026,1,7,5,5,20,25
16,0,2026,1,7,5,3,0,28
16,4,2026,1,7,7,6,0,34
16,9,2026,1,7,8,3,10,27
16,13,2026,1,7,9,2,5,24
16,18,2026,1,7,10,3,7,20
16,21,2026,1,7,11,4,16,8
16,27,2026,1,7,10,6,2,12
16,32,2026,1,7,9,4,4,12
16,38,2026,1,7,8,6,5,13
16,41,2026,1,7,7,3,3,13
16,48,2026,1,7,5,6,6,13
17,0,2026,1,7,5,4,0,17
17,4,2026,1,7,7,4,1,20
17,9,2026,1,7,8,5,4,21
17,13,2026,1,7,9,4,4,21
17,18,2026,1,7,10,2,7,16
17,21,2026,1,7,11,2,7,11
17,27,2026,1,7,10,5,1,15
17,32,2026,1,7,9,3,0,18
17,38,2026,1,7,8,2,3,17
17,41,2026,1,7,7,5,7,15
17,48,2026,1,7,5,6,7,14
18,0,2026,1,7,5,3,0,17
18,4,2026,1,7,7,4,2,19
18,9,2026,1,7,8,5,2,22
18,13,2026,1,7,9,3,7,18
18,18,2026,1,7,10,5,7,16
18,21,2026,1,7,11,4,11,9
18,27,2026,1,7,10,4,1,12
18,32,2026,1,7,9,4,3,13
18,38,2026,1,7,8,5,3,15
18,41,2026,1,7,7,3,5,13
18,48,2026,1,7,5,3,5,11
19,0,2026,1,7,5,4,0,15
19,4,2026,1,7,7,6,1,20
19,9,2026,1,7,8,2,2,20
19,13,2026,1,7,9,4,4,20
19,18,2026,1,7,10,6,4,22
19,21,2026,1,7,11,4,11,15
19,27,2026,1,7,10,3,1,17
19,32,2026,1,7,9,3,0,20
19,38,2026,1,7,8,2,7,15
19,41,2026,1,7,7,5,6,14
19,48,2026,1,7,5,5,6,13
20,0,2026,1,7,5,3,0,16
20,4,2026,1,7,7,4,1,19
20,9,2026,1,7,8,4,5,18
20,13,2026,1,7,9,2,7,13
20,18,2026,1,7,10,5,4,14
20,21,2026,1,7,11,3,6,11
20,27,2026,1,7,10,2,0,13
20,32,2026,1,7,9,3,3,13
20,38,2026,1,7,8,3,1,15
20,41,2026,1,7,7,2,8,9
20,48,2026,1,7,5,5,4,10
21,0,2026,1,7,5,2,0,12
21,4,2026,1,7,7,3,1,14
21,9,2026,1,7,8,2,2,14
21,13,2026,1,7,9,5,2,17
21,18,2026,1,7,10,3,8,12
21,21,2026,1,7,11,2,2,12
21,27,2026,1,7,10,3,0,15
21,32,2026,1,7,9,3,1,17
21,38,2026,1,7,8,3,6,14
21,41,2026,1,7,7,6,5,15
21,48,2026,1,7,5,6,5,16
22,0,2026,1,7,5,6,0,22
22,4,2026,1,7,7,6,1,27
22,9,2026,1,7,8,2,6,23
22,13,2026,1,7,9,2,8,17
22,18,2026,1,7,10,2,7,12
22,21,2026,1,7,11,6,6,12
22,27,2026,1,7,10,3,3,12
22,32,2026,1,7,9,3,3,12
22,38,2026,1,7,8,6,3,15
22,41,2026,1,7,7,2,3,14
22,48,2026,1,7,5,6,7,13
23,0,2026,1,7,5,3,0,16
23,4,2026,1,7,7,5,2,19
23,9,2026,1,7,8,3,2,20
23,13,2026,1,7,9,3,3,20
23,18,2026,1,7,10,2,8,14
23,21,2026,1,7,11,5,11,8
23,27,2026,1,7,10,6,1,13
23,32,2026,1,7,9,4,3,14
23,38,2026,1,7,8,2,6,10
23,41,2026,1,7,7,5,4,11
23,48,2026,1,7,5,0,11,0
6,0,2026,1,8,5,15,0,15
6,4,2026,1,8,7,2,6,11
6,9,2026,1,8,8,8,3,16
6,13,2026,1,8,9,22,5,33
6,18,2026,1,8,10,10,8,35
6,21,2026,1,8,11,5,9,31
6,27,2026,1,8,10,5,0,36
6,32,2026,1,8,9,16,5,47
6,38,2026,1,8,8,8,9,46
6,41,2026,1,8,7,5,16,35
6,48,2026,1,8,5,12,16,31
7,0,2026,1,8,5,15,0,46
7,4,2026,1,8,7,1,17,30
7,9,2026,1,8,8,9,3,36
7,13,2026,1,8,9,17,5,48
7,18,2026,1,8,10,18,13,53
7,21,2026,1,8,11,21,18,56
7,27,2026,1,8,10,15,5,66
7,32,2026,1,8,9,7,8,65
7,38,2026,1,8,8,8,14,59
7,41,2026,1,8,7,3,28,34
7,48,2026,1,8,5,7,20,21
8,0,2026,1,8,5,11,0,32
8,4,2026,1,8,7,1,11,22
8,9,2026,1,8,8,15,3,34
8,13,2026,1,8,9,22,3,53
8,18,2026,1,8,10,21,10,64
8,21,2026,1,8,11,21,19,66
8,27,2026,1,8,10,7,7,66
8,32,2026,1,8,9,10,13,63
8,38,2026,1,8,8,10,15,58
8,41,2026,1,8,7,2,28,32
8,48,2026,1,8,5,11,15,28
9,0,2026,1,8,5,3,0,31
9,4,2026,1,8,7,1,10,22
9,9,2026,1,8,8,4,1,25
9,13,2026,1,8,9,2,4,23
9,18,2026,1,8,10,2,8,17
9,21,2026,1,8,11,2,9,10
9,27,2026,1,8,10,3,0,13
9,32,2026,1,8,9,2,0,15
9,38,2026,1,8,8,3,1,17
9,41,2026,1,8,7,2,14,5
9,48,2026,1,8,5,4,1,8
10,0,2026,1,8,5,2,0,10
10,4,2026,1,8,7,6,0,16
10,9,2026,1,8,8,5,6,15
10,13,2026,1,8,9,4,5,14
10,18,2026,1,8,10,6,4,16
10,21,2026,1,8,11,4,6,14
10,27,2026,1,8,10,2,1,15
10,32,2026,1,8,9,2,3,14
10,38,2026,1,8,8,4,4,14
10,41,2026,1,8,7,5,3,16
10,48,2026,1,8,5,6,7,15
11,0,2026,1,8,5,6,0,21
11,4,2026,1,8,7,4,4,21
11,9,2026,1,8,8,3,5,19
11,13,2026,1,8,9,6,5,20
11,18,2026,1,8,10,5,10,15
11,21,2026,1,8,11,6,4,17
11,27,2026,1,8,10,2,3,16
11,32,2026,1,8,9,4,2,18
11,38,2026,1,8,8,6,3,21
11,41,2026,1,8,7,4,7,18
11,48,2026,1,8,5,2,6,14
12,0,2026,1,8,5,6,0,20
12,4,2026,1,8,7,2,2,20
12,9,2026,1,8,8,3,4,19
12,13,2026,1,8,9,5,5,19
12,18,2026,1,8,10,2,6,15
12,21,2026,1,8,11,3,11,7
12,27,2026,1,8,10,4,1,10
12,32,2026,1,8,9,6,2,14
12,38,2026,1,8,8,6,4,16
12,41,2026,1,8,7,3,1,18
12,48,2026,1,8,5,4,7,15
13,0,2026,1,8,5,4,0,19
13,4,2026,1,8,7,20,0,39
13,9,2026,1,8,8,4,7,36
13,13,2026,1,8,9,5,6,35
13,18,2026,1,8,10,3,12,26
13,21,2026,1,8,11,2,12,16
13,27,2026,1,8,10,3,0,19
13,32,2026,1,8,9,6,2,23
13,38,2026,1,8,8,3,4,22
13,41,2026,1,8,7,10,4,28
13,48,2026,1,8,5,3,15,16
14,0,2026,1,8,5,6,0,22
14,4,2026,1,8,7,31,0,53
14,9,2026,1,8,8,3,15,41
14,13,2026,1,8,9,4,15,30
14,18,2026,1,8,10,5,13,22
14,21,2026,1,8,11,3,10,15
14,27,2026,1,8,10,3,0,18
14,32,2026,1,8,9,4,5,17
14,38,2026,1,8,8,4,3,18
14,41,2026,1,8,7,8,1,25
14,48,2026,1,8,5,2,13,14
15,0,2026,1,8,5,5,0,19
15,4,2026,1,8,7,7,3,23
15,9,2026,1,8,8,3,3,23
15,13,2026,1,8,9,4,8,19
15,18,2026,1,8,10,6,7,18
15,21,2026,1,8,11,6,11,13
15,27,2026,1,8,10,5,0,18
15,32,2026,1,8,9,5,5,18
15,38,2026,1,8,8,3,6,15
15,41,2026,1,8,7,23,3,35
15,48,2026,1,8,5,5,13,27
16,0,2026,1,8,5,2,0,29
16,4,2026,1,8,7,6,0,35
16,9,2026,1,8,8,4,8,31
16,13,2026,1,8,9,5,7,29
16,18,2026,1,8,10,4,10,23
16,21,2026,1,8,11,3,13,13
16,27,2026,1,8,10,2,0,15
16,32,2026,1,8,9,2,1,16
16,38,2026,1,8,8,6,5,17
16,41,2026,1,8,7,5,5,17
16,48,2026,1,8,5,4,8,13
17,0,2026,1,8,5,4,0,17
17,4,2026,1,8,7,4,2,19
17,9,2026,1,8,8,3,4,18
17,13,2026,1,8,9,5,4,19
17,18,2026,1,8,10,2,8,13
17,21,2026,1,8,11,5,2,16
17,27,2026,1,8,10,4,1,19
17,32,2026,1,8,9,6,3,22
17,38,2026,1,8,8,2,6,18
17,41,2026,1,8,7,4,6,16
17,48,2026,1,8,5,6,5,17
18,0,2026,1,8,5,5,0,22
18,4,2026,1,8,7,4,1,25
18,9,2026,1,8,8,3,6,22
18,13,2026,1,8,9,3,2,23
18,18,2026,1,8,10,5,10,18
18,21,2026,1,8,11,4,11,11
18,27,2026,1,8,10,5,0,16
18,32,2026,1,8,9,3,5,14
18,38,2026,1,8,8,5,1,18
18,41,2026,1,8,7,6,5,19
18,48,2026,1,8,5,2,7,14
19,0,2026,1,8,5,5,0,19
19,4,2026,1,8,7,6,0,25
19,9,2026,1,8,8,3,3,25
19,13,2026,1,8,9,2,8,19
19,18,2026,1,8,10,6,8,17
19,21,2026,1,8,11,4,9,12
19,27,2026,1,8,10,6,0,18
19,32,2026,1,8,9,6,2,22
19,38,2026,1,8,8,3,3,22
19,41,2026,1,8,7,4,9,17
19,48,2026,1,8,5,6,7,16
20,0,2026,1,8,5,6,0,22
20,4,2026,1,8,7,6,3,25
20,9,2026,1,8,8,6,3,28
20,13,2026,1,8,9,3,5,26
20,18,2026,1,8,10,2,8,20
20,21,2026,1,8,11,6,9,17
20,27,2026,1,8,10,6,1,22
20,32,2026,1,8,9,2,2,22
20,38,2026,1,8,8,6,3,25
20,41,2026,1,8,7,4,11,18
20,48,2026,1,8,5,3,8,13
21,0,2026,1,8,5,4,0,17
21,4,2026,1,8,7,4,1,20
21,9,2026,1,8,8,4,2,22
21,13,2026,1,8,9,6,3,25
21,18,2026,1,8,10,3,10,18
21,21,2026,1,8,11,6,8,16
21,27,2026,1,8,10,4,0,20
21,32,2026,1,8,9,5,4,21
21,38,2026,1,8,8,6,4,23
21,41,2026,1,8,7,2,6,19
21,48,2026,1,8,5,5,5,19
22,0,2026,1,8,5,3,0,22
22,4,2026,1,8,7,2,0,24
22,9,2026,1,8,8,2,0,26
22,13,2026,1,8,9,3,5,24
22,18,2026,1,8,10,3,11,16
22,21,2026,1,8,11,4,9,11
22,27,2026,1,8,10,3,2,12
22,32,2026,1,8,9,6,1,17
22,38,2026,1,8,8,4,4,17
22,41,2026,1,8,7,6,5,18
22,48,2026,1,8,5,6,3,21
23,0,2026,1,8,5,6,0,27
23,4,2026,1,8,7,4,1,30
23,9,2026,1,8,8,5,5,30
23,13,2026,1,8,9,3,5,28
23,18,2026,1,8,10,3,12,19
23,21,2026,1,8,11,3,14,8
23,27,2026,1,8,10,5,0,13
23,32,2026,1,8,9,2,5,10
23,38,2026,1,8,8,5,4,11
23,41,2026,1,8,7,2,6,7
23,48,2026,1,8,5,0,7,0
6,0,2026,1,9,5,21,0,21
6,4,2026,1,9,7,4,3,22
6,9,2026,1,9,8,16,5,33
6,13,2026,1,9,9,12,14,31
6,18,2026,1,9,10,17,12,36
6,21,2026,1,9,11,10,9,37
6,27,2026,1,9,10,18,2,53
6,32,2026,1,9,9,22,11,64
6,38,2026,1,9,8,13,13,64
6,41,2026,1,9,7,5,22,47
6,48,2026,1,9,5,16,22,41
7,0,2026,1,9,5,22,0,63
7,4,2026,1,9,7,1,26,38
7,9,2026,1,9,8,15,6,47
7,13,2026,1,9,9,7,4,50
7,18,2026,1,9,10,17,6,61
7,21,2026,1,9,11,8,22,47
7,27,2026,1,9,10,9,2,54
7,32,2026,1,9,9,15,5,64
7,38,2026,1,9,8,18,16,66
7,41,2026,1,9,7,3,33,36
7,48,2026,1,9,5,6,8,34
8,0,2026,1,9,5,20,0,54
8,4,2026,1,9,7,4,20,38
8,9,2026,1,9,8,9,0,47
8,13,2026,1,9,9,20,9,58
8,18,2026,1,9,10,20,16,62
8,21,2026,1,9,11,6,20,48
8,27,2026,1,9,10,17,2,63
8,32,2026,1,9,9,15,12,66
8,38,2026,1,9,8,13,13,66
8,41,2026,1,9,7,3,21,48
8,48,2026,1,9,5,16,20,44
9,0,2026,1,9,5,4,0,48
9,4,2026,1,9,7,3,13,38
9,9,2026,1,9,8,2,2,38
9,13,2026,1,9,9,3,9,32
9,18,2026,1,9,10,2,11,23
9,21,2026,1,9,11,4,16,11
9,27,2026,1,9,10,5,0,16
9,32,2026,1,9,9,6,0,22
9,38,2026,1,9,8,2,1,23
9,41,2026,1,9,7,2,20,5
9,48,2026,1,9,5,6,1,10
10,0,2026,1,9,5,3,0,13
10,4,2026,1,9,7,4,4,13
10,9,2026,1,9,8,4,1,16
10,13,2026,1,9,9,5,3,18
10,18,2026,1,9,10,6,7,17
10,21,2026,1,9,11,6,7,16
10,27,2026,1,9,10,4,0,20
10,32,2026,1,9,9,5,4,21
10,38,2026,1,9,8,2,5,18
10,41,2026,1,9,7,5,5,18
10,48,2026,1,9,5,5,10,13
11,0,2026,1,9,5,3,0,16
11,4,2026,1,9,7,5,1,20
11,9,2026,1,9,8,2,3,19
11,13,2026,1,9,9,6,8,17
11,18,2026,1,9,10,5,6,16
11,21,2026,1,9,11,2,6,12
11,27,2026,1,9,10,6,0,18
11,32,2026,1,9,9,3,5,16
11,38,2026,1,9,8,6,6,16
11,41,2026,1,9,7,5,5,16
11,48,2026,1,9,5,2,8,10
12,0,2026,1,9,5,5,0,15
12,4,2026,1,9,7,2,1,16
12,9,2026,1,9,8,3,5,14
12,13,2026,1,9,9,3,4,13
12,18,2026,1,9,10,5,5,13
12,21,2026,1,9,11,4,5,12
12,27,2026,1,9,10,3,2,13
12,32,2026,1,9,9,5,1,17
12,38,2026,1,9,8,5,1,21
12,41,2026,1,9,7,4,8,17
12,48,2026,1,9,5,2,7,12
13,0,2026,1,9,5,6,0,18
13,4,2026,1,9,7,15,0,33
13,9,2026,1,9,8,3,5,31
13,13,2026,1,9,9,3,8,26
13,18,2026,1,9,10,3,10,19
13,21,2026,1,9,11,3,12,10
13,27,2026,1,9,10,5,0,15
13,32,2026,1,9,9,4,1,18
13,38,2026,1,9,8,6,5,19
13,41,2026,1,9,7,9,3,25
13,48,2026,1,9,5,6,9,22
14,0,2026,1,9,5,6,0,28
14,4,2026,1,9,7,18,2,44
14,9,2026,1,9,8,6,8,42
14,13,2026,1,9,9,6,9,39
14,18,2026,1,9,10,2,14,27
14,21,2026,1,9,11,4,18,13
14,27,2026,1,9,10,6,1,18
14,32,2026,1,9,9,2,2,18
14,38,2026,1,9,8,3,5,16
14,41,2026,1,9,7,23,4,35
14,48,2026,1,9,5,3,14,24
15,0,2026,1,9,5,5,0,29
15,4,2026,1,9,7,24,0,53
15,9,2026,1,9,8,5,14,44
15,13,2026,1,9,9,4,6,42
15,18,2026,1,9,10,5,15,32
15,21,2026,1,9,11,4,14,22
15,27,2026,1,9,10,2,0,24
15,32,2026,1,9,9,5,2,27
15,38,2026,1,9,8,5,5,27
15,41,2026,1,9,7,30,6,51
15,48,2026,1,9,5,3,21,33
16,0,2026,1,9,5,2,0,35
16,4,2026,1,9,7,5,2,38
16,9,2026,1,9,8,2,7,33
16,13,2026,1,9,9,6,9,30
16,18,2026,1,9,10,3,10,23
16,21,2026,1,9,11,4,17,10
16,27,2026,1,9,10,6,0,16
16,32,2026,1,9,9,4,2,18
16,38,2026,1,9,8,2,1,19
16,41,2026,1,9,7,3,8,14
16,48,2026,1,9,5,2,7,9
17,0,2026,1,9,5,5,0,14
17,4,2026,1,9,7,3,2,15
17,9,2026,1,9,8,6,3,18
17,13,2026,1,9,9,4,4,18
17,18,2026,1,9,10,5,7,16
17,21,2026,1,9,11,5,8,13
17,27,2026,1,9,10,3,1,15
17,32,2026,1,9,9,3,2,16
17,38,2026,1,9,8,2,2,16
17,41,2026,1,9,7,4,3,17
17,48,2026,1,9,5,6,8,15
18,0,2026,1,9,5,6,0,21
18,4,2026,1,9,7,5,5,21
18,9,2026,1,9,8,4,4,21
18,13,2026,1,9,9,2,3,20
18,18,2026,1,9,10,6,8,18
18,21,2026,1,9,11,4,10,12
18,27,2026,1,9,10,4,1,15
18,32,2026,1,9,9,4,2,17
18,38,2026,1,9,8,5,3,19
18,41,2026,1,9,7,5,10,14
18,48,2026,1,9,5,3,6,11
19,0,2026,1,9,5,4,0,15
19,4,2026,1,9,7,2,1,16
19,9,2026,1,9,8,6,1,21
19,13,2026,1,9,9,6,8,19
19,18,2026,1,9,10,3,10,12
19,21,2026,1,9,11,4,5,11
19,27,2026,1,9,10,4,0,15
19,32,2026,1,9,9,6,1,20
19,38,2026,1,9,8,5,6,19
19,41,2026,1,9,7,6,7,18
19,48,2026,1,9,5,3,4,17
20,0,2026,1,9,5,2,0,19
20,4,2026,1,9,7,3,0,22
20,9,2026,1,9,8,5,4,23
20,13,2026,1,9,9,4,3,24
20,18,2026,1,9,10,2,7,19
20,21,2026,1,9,11,5,15,9
20,27,2026,1,9,10,6,0,15
20,32,2026,1,9,9,5,1,19
20,38,2026,1,9,8,2,5,16
20,41,2026,1,9,7,2,8,10
20,48,2026,1,9,5,2,4,8
21,0,2026,1,9,5,6,0,14
21,4,2026,1,9,7,2,2,14
21,9,2026,1,9,8,2,2,14
21,13,2026,1,9,9,2,1,15
21,18,2026,1,9,10,4,4,15
21,21,2026,1,9,11,3,8,10
21,27,2026,1,9,10,5,0,15
21,32,2026,1,9,9,4,4,15
21,38,2026,1,9,8,6,3,18
21,41,2026,1,9,7,5,6,17
21,48,2026,1,9,5,4,6,15
22,0,2026,1,9,5,5,0,20
22,4,2026,1,9,7,2,2,20
22,9,2026,1,9,8,3,4,19
22,13,2026,1,9,9,4,4,19
22,18,2026,1,9,10,4,8,15
22,21,2026,1,9,11,5,10,10
22,27,2026,1,9,10,5,1,14
22,32,2026,1,9,9,6,3,17
22,38,2026,1,9,8,5,5,17
22,41,2026,1,9,7,3,6,14
22,48,2026,1,9,5,2,7,9
23,0,2026,1,9,5,4,0,13
23,4,2026,1,9,7,6,2,17
23,9,2026,1,9,8,4,3,18
23,13,2026,1,9,9,3,8,13
23,18,2026,1,9,10,6,4,15
23,21,2026,1,9,11,4,6,13
23,27,2026,1,9,10,4,0,17
23,32,2026,1,9,9,2,6,13
23,38,2026,1,9,8,2,3,12
23,41,2026,1,9,7,3,5,10
23,48,2026,1,9,5,0,10,0
6,0,2026,1,10,5,12,0,12
6,4,2026,1,10,7,3,1,14
6,9,2026,1,10,8,11,3,22
6,13,2026,1,10,9,12,5,29
6,18,2026,1,10,10,21,8,42
6,21,2026,1,10,11,11,15,38
6,27,2026,1,10,10,15,1,52
6,32,2026,1,10,9,10,10,52
6,38,2026,1,10,8,13,11,54
6,41,2026,1,10,7,5,19,40
6,48,2026,1,10,5,11,20,31
7,0,2026,1,10,5,13,0,44
7,4,2026,1,10,7,1,21,24
7,9,2026,1,10,8,6,3,27
7,13,2026,1,10,9,12,6,33
7,18,2026,1,10,10,17,1,49
7,21,2026,1,10,11,15,17,47
7,27,2026,1,10,10,14,5,56
7,32,2026,1,10,9,17,11,62
7,38,2026,1,10,8,16,12,66
7,41,2026,1,10,7,3,26,43
7,48,2026,1,10,5,18,15,46
8,0,2026,1,10,5,6,0,52
8,4,2026,1,10,7,2,16,38
8,9,2026,1,10,8,21,4,55
8,13,2026,1,10,9,13,11,57
8,18,2026,1,10,10,10,12,55
8,21,2026,1,10,11,6,19,42
8,27,2026,1,10,10,19,4,57
8,32,2026,1,10,9,12,3,66
8,38,2026,1,10,8,8,9,65
8,41,2026,1,10,7,5,27,43
8,48,2026,1,10,5,11,20,34
9,0,2026,1,10,5,3,0,37
9,4,2026,1,10,7,1,11,27
9,9,2026,1,10,8,3,3,27
9,13,2026,1,10,9,6,7,26
9,18,2026,1,10,10,5,10,21
9,21,2026,1,10,11,4,8,17
9,27,2026,1,10,10,5,0,22
9,32,2026,1,10,9,2,0,24
9,38,2026,1,10,8,5,4,25
9,41,2026,1,10,7,3,19,9
9,48,2026,1,10,5,6,2,13
10,0,2026,1,10,5,2,0,15
10,4,2026,1,10,7,2,1,16
10,9,2026,1,10,8,3,2,17
10,13,2026,1,10,9,2,5,14
10,18,2026,1,10,10,5,3,16
10,21,2026,1,10,11,6,7,15
10,27,2026,1,10,10,2,0,17
10,32,2026,1,10,9,5,2,20
10,38,2026,1,10,8,2,6,16
10,41,2026,1,10,7,2,7,11
10,48,2026,1,10,5,6,5,12
11,0,2026,1,10,5,5,0,17
11,4,2026,1,10,7,5,2,20
11,9,2026,1,10,8,5,6,19
11,13,2026,1,10,9,3,4,18
11,18,2026,1,10,10,6,8,16
11,21,2026,1,10,11,4,7,13
11,27,2026,1,10,10,5,1,17
11,32,2026,1,10,9,6,3,20
11,38,2026,1,10,8,6,6,20
11,41,2026,1,10,7,5,6,19
11,48,2026,1,10,5,4,8,15
12,0,2026,1,10,5,2,0,17
12,4,2026,1,10,7,3,0,20
12,9,2026,1,10,8,6,2,24
12,13,2026,1,10,9,4,7,21
12,18,2026,1,10,10,3,4,20
12,21,2026,1,10,11,2,11,11
12,27,2026,1,10,10,5,1,15
12,32,2026,1,10,9,2,2,15
12,38,2026,1,10,8,5,3,17
12,41,2026,1,10,7,3,2,18
12,48,2026,1,10,5,4,12,10
13,0,2026,1,10,5,6,0,16
13,4,2026,1,10,7,18,2,32
13,9,2026,1,10,8,3,4,31
13,13,2026,1,10,9,5,10,26
13,18,2026,1,10,10,4,9,21
13,21,2026,1,10,11,4,14,11
13,27,2026,1,10,10,6,1,16
13,32,2026,1,10,9,3,1,18
13,38,2026,1,10,8,6,8,16
13,41,2026,1,10,7,21,4,33
13,48,2026,1,10,5,2,6,29
14,0,2026,1,10,5,3,0,32
14,4,2026,1,10,7,17,0,49
14,9,2026,1,10,8,2,10,41
14,13,2026,1,10,9,3,10,34
14,18,2026,1,10,10,5,12,27
14,21,2026,1,10,11,4,19,12
14,27,2026,1,10,10,3,1,14
14,32,2026,1,10,9,6,5,15
14,38,2026,1,10,8,6,2,19
14,41,2026,1,10,7,21,3,37
14,48,2026,1,10,5,6,15,28
15,0,2026,1,10,5,5,0,33
15,4,2026,1,10,7,9,4,38
15,9,2026,1,10,8,6,8,36
15,13,2026,1,10,9,6,12,30
15,18,2026,1,10,10,4,11,23
15,21,2026,1,10,11,6,11,18
15,27,2026,1,10,10,2,2,18
15,32,2026,1,10,9,2,2,18
15,38,2026,1,10,8,6,4,20
15,41,2026,1,10,7,27,5,42
15,48,2026,1,10,5,5,20,27
16,0,2026,1,10,5,3,0,30
16,4,2026,1,10,7,5,3,32
16,9,2026,1,10,8,2,11,23
16,13,2026,1,10,9,6,6,23
16,18,2026,1,10,10,5,10,18
16,21,2026,1,10,11,3,7,14
16,27,2026,1,10,10,5,1,18
16,32,2026,1,10,9,4,1,21
16,38,2026,1,10,8,4,7,18
16,41,2026,1,10,7,2,7,13
16,48,2026,1,10,5,3,8,8
17,0,2026,1,10,5,3,0,11
17,4,2026,1,10,7,5,1,15
17,9,2026,1,10,8,4,3,16
17,13,2026,1,10,9,3,4,15
17,18,2026,1,10,10,2,4,13
17,21,2026,1,10,11,5,7,11
17,27,2026,1,10,10,6,0,17
17,32,2026,1,10,9,2,2,17
17,38,2026,1,10,8,4,4,17
17,41,2026,1,10,7,2,3,16
17,48,2026,1,10,5,6,8,14
18,0,2026,1,10,5,6,0,20
18,4,2026,1,10,7,3,1,22
18,9,2026,1,10,8,6,3,25
18,13,2026,1,10,9,5,6,24
18,18,2026,1,10,10,4,6,22
18,21,2026,1,10,11,3,14,11
18,27,2026,1,10,10,2,0,13
18,32,2026,1,10,9,6,3,16
18,38,2026,1,10,8,2,2,16
18,41,2026,1,10,7,6,9,13
18,48,2026,1,10,5,5,4,14
19,0,2026,1,10,5,4,0,18
19,4,2026,1,10,7,4,3,19
19,9,2026,1,10,8,5,7,17
19,13,2026,1,10,9,2,3,16
19,18,2026,1,10,10,6,1,21
19,21,2026,1,10,11,3,10,14
19,27,2026,1,10,10,4,1,17
19,32,2026,1,10,9,3,3,17
19,38,2026,1,10,8,2,2,17
19,41,2026,1,10,7,5,3,19
19,48,2026,1,10,5,6,10,15
20,0,2026,1,10,5,2,0,17
20,4,2026,1,10,7,4,2,19
20,9,2026,1,10,8,2,6,15
20,13,2026,1,10,9,5,5,15
20,18,2026,1,10,10,3,6,12
20,21,2026,1,10,11,5,7,10
20,27,2026,1,10,10,3,0,13
20,32,2026,1,10,9,5,2,16
20,38,2026,1,10,8,2,7,11
20,41,2026,1,10,7,3,1,13
20,48,2026,1,10,5,4,8,9
21,0,2026,1,10,5,3,0,12
21,4,2026,1,10,7,3,0,15
21,9,2026,1,10,8,4,2,17
21,13,2026,1,10,9,6,6,17
21,18,2026,1,10,10,4,6,15
21,21,2026,1,10,11,5,4,16
21,27,2026,1,10,10,5,2,19
21,32,2026,1,10,9,6,3,22
21,38,2026,1,10,8,5,6,21
21,41,2026,1,10,7,2,8,15
21,48,2026,1,10,5,2,8,9
22,0,2026,1,10,5,3,0,12
22,4,2026,1,10,7,5,1,16
22,9,2026,1,10,8,2,3,15
22,13,2026,1,10,9,3,4,14
22,18,2026,1,10,10,3,4,13
22,21,2026,1,10,11,2,6,9
22,27,2026,1,10,10,6,1,14
22,32,2026,1,10,9,2,3,13
22,38,2026,1,10,8,3,4,12
22,41,2026,1,10,7,3,0,15
22,48,2026,1,10,5,5,10,10
23,0,2026,1,10,5,2,0,12
23,4,2026,1,10,7,6,2,16
23,9,2026,1,10,8,2,3,15
23,13,2026,1,10,9,4,3,16
23,18,2026,1,10,10,2,5,13
23,21,2026,1,10,11,3,6,10
23,27,2026,1,10,10,2,2,10
23,32,2026,1,10,9,6,1,15
23,38,2026,1,10,8,4,2,17
23,41,2026,1,10,7,3,9,11
23,48,2026,1,10,5,0,11,0
6,0,2026,1,11,5,6,0,6
6,4,2026,1,11,7,3,2,7
6,9,2026,1,11,8,11,1,17
6,13,2026,1,11,9,6,2,21
6,18,2026,1,11,10,6,10,17
6,21,2026,1,11,11,19,4,32
6,27,2026,1,11,10,7,2,37
6,32,2026,1,11,9,16,6,47
6,38,2026,1,11,8,8,12,43
6,41,2026,1,11,7,6,14,35
6,48,2026,1,11,5,14,14,35
7,0,2026,1,11,5,11,0,46
7,4,2026,1,11,7,2,17,31
7,9,2026,1,11,8,13,4,40
7,13,2026,1,11,9,19,8,51
7,18,2026,1,11,10,21,14,58
7,21,2026,1,11,11,10,17,51
7,27,2026,1,11,10,18,3,66
7,32,2026,1,11,9,8,8,66
7,38,2026,1,11,8,14,21,59
7,41,2026,1,11,7,2,23,38
7,48,2026,1,11,5,16,23,31
8,0,2026,1,11,5,18,0,49
8,4,2026,1,11,7,1,23,27
8,9,2026,1,11,8,14,3,38
8,13,2026,1,11,9,11,7,42
8,18,2026,1,11,10,13,5,50
8,21,2026,1,11,11,5,15,40
8,27,2026,1,11,10,7,0,47
8,32,2026,1,11,9,20,6,61
8,38,2026,1,11,8,10,10,61
8,41,2026,1,11,7,5,23,43
8,48,2026,1,11,5,11,23,31
9,0,2026,1,11,5,2,0,33
9,4,2026,1,11,7,1,10,24
9,9,2026,1,11,8,4,1,27
9,13,2026,1,11,9,5,3,29
9,18,2026,1,11,10,2,10,21
9,21,2026,1,11,11,4,10,15
9,27,2026,1,11,10,6,0,21
9,32,2026,1,11,9,4,2,23
9,38,2026,1,11,8,6,2,27
9,41,2026,1,11,7,4,20,11
9,48,2026,1,11,5,5,2,14
10,0,2026,1,11,5,6,0,20
10,4,2026,1,11,7,6,4,22
10,9,2026,1,11,8,2,7,17
10,13,2026,1,11,9,4,5,16
10,18,2026,1,11,10,6,2,20
10,21,2026,1,11,11,4,9,15
10,27,2026,1,11,10,4,0,19
10,32,2026,1,11,9,6,4,21
10,38,2026,1,11,8,3,6,18
10,41,2026,1,11,7,3,7,14
10,48,2026,1,11,5,6,6,14
11,0,2026,1,11,5,2,0,16
11,4,2026,1,11,7,4,1,19
11,9,2026,1,11,8,2,1,20
11,13,2026,1,11,9,5,6,19
11,18,2026,1,11,10,4,5,18
11,21,2026,1,11,11,4,9,13
11,27,2026,1,11,10,6,0,19
11,32,2026,1,11,9,2,5,16
11,38,2026,1,11,8,4,5,15
11,41,2026,1,11,7,4,5,14
11,48,2026,1,11,5,4,4,14
12,0,2026,1,11,5,4,0,18
12,4,2026,1,11,7,4,2,20
12,9,2026,1,11,8,6,2,24
12,13,2026,1,11,9,5,8,21
12,18,2026,1,11,10,2,4,19
12,21,2026,1,11,11,4,9,14
12,27,2026,1,11,10,5,0,19
12,32,2026,1,11,9,4,1,22
12,38,2026,1,11,8,3,6,19
12,41,2026,1,11,7,2,3,18
12,48,2026,1,11,5,3,9,12
13,0,2026,1,11,5,5,0,17
13,4,2026,1,11,7,7,1,23
13,9,2026,1,11,8,4,5,22
13,13,2026,1,11,9,4,3,23
13,18,2026,1,11,10,3,8,18
13,21,2026,1,11,11,4,9,13
13,27,2026,1,11,10,2,1,14
13,32,2026,1,11,9,2,1,15
13,38,2026,1,11,8,5,5,15
13,41,2026,1,11,7,30,3,42
13,48,2026,1,11,5,4,10,36
14,0,2026,1,11,5,2,0,38
14,4,2026,1,11,7,13,0,51
14,9,2026,1,11,8,3,13,41
14,13,2026,1,11,9,4,19,26
14,18,2026,1,11,10,5,6,25
14,21,2026,1,11,11,5,13,17
14,27,2026,1,11,10,5,2,20
14,32,2026,1,11,9,5,2,23
14,38,2026,1,11,8,2,6,19
14,41,2026,1,11,7,24,3,40
14,48,2026,1,11,5,5,15,30
15,0,2026,1,11,5,3,0,33
15,4,2026,1,11,7,16,1,48
15,9,2026,1,11,8,4,11,41
15,13,2026,1,11,9,4,10,35
15,18,2026,1,11,10,5,16,24
15,21,2026,1,11,11,5,19,10
15,27,2026,1,11,10,4,1,13
15,32,2026,1,11,9,3,2,14
15,38,2026,1,11,8,4,2,16
15,41,2026,1,11,7,17,3,30
15,48,2026,1,11,5,3,11,22
16,0,2026,1,11,5,5,0,27
16,4,2026,1,11,7,5,1,31
16,9,2026,1,11,8,4,7,28
16,13,2026,1,11,9,5,7,26
16,18,2026,1,11,10,4,8,22
16,21,2026,1,11,11,5,12,15
16,27,2026,1,11,10,2,0,17
16,32,2026,1,11,9,2,6,13
16,38,2026,1,11,8,2,3,12
16,41,2026,1,11,7,2,3,11
16,48,2026,1,11,5,4,6,9
17,0,2026,1,11,5,3,0,12
17,4,2026,1,11,7,2,2,12
17,9,2026,1,11,8,2,1,13
17,13,2026,1,11,9,6,4,15
17,18,2026,1,11,10,2,6,11
17,21,2026,1,11,11,2,5,8
17,27,2026,1,11,10,6,1,13
17,32,2026,1,11,9,2,1,14
17,38,2026,1,11,8,3,3,14
17,41,2026,1,11,7,5,7,12
17,48,2026,1,11,5,4,3,13
18,0,2026,1,11,5,2,0,15
18,4,2026,1,11,7,5,1,19
18,9,2026,1,11,8,6,3,22
18,13,2026,1,11,9,4,5,21
18,18,2026,1,11,10,4,7,18
18,21,2026,1,11,11,3,6,15
18,27,2026,1,11,10,4,1,18
18,32,2026,1,11,9,3,1,20
18,38,2026,1,11,8,4,2,22
18,41,2026,1,11,7,3,6,19
18,48,2026,1,11,5,6,8,17
19,0,2026,1,11,5,3,0,20
19,4,2026,1,11,7,4,1,23
19,9,2026,1,11,8,4,5,22
19,13,2026,1,11,9,2,5,19
19,18,2026,1,11,10,2,6,15
19,21,2026,1,11,11,4,8,11
19,27,2026,1,11,10,5,1,15
19,32,2026,1,11,9,5,2,18
19,38,2026,1,11,8,2,4,16
19,41,2026,1,11,7,5,5,16
19,48,2026,1,11,5,4,6,14
20,0,2026,1,11,5,6,0,20
20,4,2026,1,11,7,2,1,21
20,9,2026,1,11,8,2,6,17
20,13,2026,1,11,9,6,5,18
20,18,2026,1,11,10,2,10,10
20,21,2026,1,11,11,6,3,13
20,27,2026,1,11,10,5,1,17
20,32,2026,1,11,9,3,2,18
20,38,2026,1,11,8,5,7,16
20,41,2026,1,11,7,5,8,13
20,48,2026,1,11,5,5,5,13
21,0,2026,1,11,5,4,0,17
21,4,2026,1,11,7,5,2,20
21,9,2026,1,11,8,2,2,20
21,13,2026,1,11,9,3,6,17
21,18,2026,1,11,10,6,10,13
21,21,2026,1,11,11,3,7,9
21,27,2026,1,11,10,2,1,10
21,32,2026,1,11,9,2,1,11
21,38,2026,1,11,8,5,4,12
21,41,2026,1,11,7,3,5,10
21,48,2026,1,11,5,6,5,11
22,0,2026,1,11,5,3,0,14
22,4,2026,1,11,7,6,2,18
22,9,2026,1,11,8,3,2,19
22,13,2026,1,11,9,5,6,18
22,18,2026,1,11,10,4,5,17
22,21,2026,1,11,11,4,7,14
22,27,2026,1,11,10,3,2,15
22,32,2026,1,11,9,4,2,17
22,38,2026,1,11,8,5,2,20
22,41,2026,1,11,7,5,7,18
22,48,2026,1,11,5,5,9,14
23,0,2026,1,11,5,3,0,17
23,4,2026,1,11,7,6,3,20
23,9,2026,1,11,8,6,3,23
23,13,2026,1,11,9,4,8,19
23,18,2026,1,11,10,4,4,19
23,21,2026,1,11,11,5,9,15
23,27,2026,1,11,10,6,1,20
23,32,2026,1,11,9,6,3,23
23,38,2026,1,11,8,4,9,18
23,41,2026,1,11,7,2,10,10
23,48,2026,1,11,5,0,10,0
6,0,2026,1,12,5,15,0,15
6,4,2026,1,12,7,4,0,19
6,9,2026,1,12,8,10,2,27
6,13,2026,1,12,9,16,6,37
6,18,2026,1,12,10,18,11,44
6,21,2026,1,12,11,7,9,42
6,27,2026,1,12,10,6,0,48
6,32,2026,1,12,9,14,7,55
6,38,2026,1,12,8,22,17,60
6,41,2026,1,12,7,6,24,42
6,48,2026,1,12,5,5,15,32
7,0,2026,1,12,5,21,0,53
7,4,2026,1,12,7,1,20,34
7,9,2026,1,12,8,10,5,39
7,13,2026,1,12,9,21,3,57
7,18,2026,1,12,10,14,13,58
7,21,2026,1,12,11,10,16,52
7,27,2026,1,12,10,9,5,56
7,32,2026,1,12,9,17,11,62
7,38,2026,1,12,8,11,12,61
7,41,2026,1,12,7,4,27,38
7,48,2026,1,12,5,10,15,33
8,0,2026,1,12,5,5,0,38
8,4,2026,1,12,7,5,10,33
8,9,2026,1,12,8,6,2,37
8,13,2026,1,12,9,16,6,47
8,18,2026,1,12,10,13,11,49
8,21,2026,1,12,11,20,17,52
8,27,2026,1,12,10,18,4,66
8,32,2026,1,12,9,12,12,66
8,38,2026,1,12,8,7,11,62
8,41,2026,1,12,7,5,23,44
8,48,2026,1,12,5,15,22,37
9,0,2026,1,12,5,2,0,39
9,4,2026,1,12,7,4,15,28
9,9,2026,1,12,8,5,5,28
9,13,2026,1,12,9,6,2,32
9,18,2026,1,12,10,2,8,26
9,21,2026,1,12,11,6,16,16
9,27,2026,1,12,10,2,0,18
9,32,2026,1,12,9,4,0,22
9,38,2026,1,12,8,6,2,26
9,41,2026,1,12,7,5,21,10
9,48,2026,1,12,5,4,5,9
10,0,2026,1,12,5,6,0,15
10,4,2026,1,12,7,4,4,15
10,9,2026,1,12,8,4,4,15
10,13,2026,1,12,9,4,1,18
10,18,2026,1,12,10,5,7,16
10,21,2026,1,12,11,5,5,16
10,27,2026,1,12,10,2,2,16
10,32,2026,1,12,9,3,1,18
10,38,2026,1,12,8,6,6,18
10,41,2026,1,12,7,6,6,18
10,48,2026,1,12,5,3,8,13
11,0,2026,1,12,5,5,0,18
11,4,2026,1,12,7,2,1,19
11,9,2026,1,12,8,5,5,19
11,13,2026,1,12,9,2,5,16
11,18,2026,1,12,10,3,5,14
11,21,2026,1,12,11,6,7,13
11,27,2026,1,12,10,2,0,15
11,32,2026,1,12,9,6,1,20
11,38,2026,1,12,8,2,3,19
11,41,2026,1,12,7,5,7,17
11,48,2026,1,12,5,2,7,12
12,0,2026,1,12,5,4,0,16
12,4,2026,1,12,7,6,1,21
12,9,2026,1,12,8,2,2,21
12,13,2026,1,12,9,2,4,19
12,18,2026,1,12,10,6,5,20
12,21,2026,1,12,11,3,11,12
12,27,2026,1,12,10,5,1,16
12,32,2026,1,12,9,5,2,19
12,38,2026,1,12,8,3,4,18
12,41,2026,1,12,7,3,5,16
12,48,2026,1,12,5,2,6,12
13,0,2026,1,12,5,6,0,18
13,4,2026,1,12,7,29,1,46
13,9,2026,1,12,8,4,10,40
13,13,2026,1,12,9,2,9,33
13,18,2026,1,12,10,4,12,25
13,21,2026,1,12,11,3,14,14
13,27,2026,1,12,10,5,1,18
13,32,2026,1,12,9,4,3,19
13,38,2026,1,12,8,3,2,20
13,41,2026,1,12,7,23,4,39
13,48,2026,1,12,5,2,12,29
14,0,2026,1,12,5,3,0,32
14,4,2026,1,12,7,26,1,57
14,9,2026,1,12,8,3,9,51
14,13,2026,1,12,9,6,18,39
14,18,2026,1,12,10,5,15,29
14,21,2026,1,12,11,5,15,19
14,27,2026,1,12,10,2,1,20
14,32,2026,1,12,9,5,3,22
14,38,2026,1,12,8,4,3,23
14,41,2026,1,12,7,29,3,49
14,48,2026,1,12,5,3,19,33
15,0,2026,1,12,5,2,0,35
15,4,2026,1,12,7,15,2,48
15,9,2026,1,12,8,5,11,42
15,13,2026,1,12,9,5,9,38
15,18,2026,1,12,10,4,14,28
15,21,2026,1,12,11,5,18,15
15,27,2026,1,12,10,4,0,19
15,32,2026,1,12,9,5,4,20
15,38,2026,1,12,8,2,5,17
15,41,2026,1,12,7,24,6,35
15,48,2026,1,12,5,6,11,30
16,0,2026,1,12,5,6,0,36
16,4,2026,1,12,7,5,2,39
16,9,2026,1,12,8,5,2,42
16,13,2026,1,12,9,3,17,28
16,18,2026,1,12,10,2,8,22
16,21,2026,1,12,11,2,12,12
16,27,2026,1,12,10,4,0,16
16,32,2026,1,12,9,6,3,19
16,38,2026,1,12,8,5,5,19
16,41,2026,1,12,7,3,5,17
16,48,2026,1,12,5,6,11,12
17,0,2026,1,12,5,4,0,16
17,4,2026,1,12,7,4,5,15
17,9,2026,1,12,8,2,2,15
17,13,2026,1,12,9,3,3,15
17,18,2026,1,12,10,4,5,14
17,21,2026,1,12,11,2,6,10
17,27,2026,1,12,10,5,0,15
17,32,2026,1,12,9,3,1,17
17,38,2026,1,12,8,6,3,20
17,41,2026,1,12,7,6,5,21
17,48,2026,1,12,5,4,11,14
18,0,2026,1,12,5,5,0,19
18,4,2026,1,12,7,2,3,18
18,9,2026,1,12,8,5,2,21
18,13,2026,1,12,9,6,5,22
18,18,2026,1,12,10,3,8,17
18,21,2026,1,12,11,4,10,11
18,27,2026,1,12,10,6,1,16
18,32,2026,1,12,9,4,2,18
18,38,2026,1,12,8,4,7,15
18,41,2026,1,12,7,5,5,15
18,48,2026,1,12,5,2,6,11
19,0,2026,1,12,5,6,0,17
19,4,2026,1,12,7,5,2,20
19,9,2026,1,12,8,4,3,21
19,13,2026,1,12,9,6,9,18
19,18,2026,1,12,10,5,7,16
19,21,2026,1,12,11,5,7,14
19,27,2026,1,12,10,4,2,16
19,32,2026,1,12,9,3,3,16
19,38,2026,1,12,8,6,5,17
19,41,2026,1,12,7,4,3,18
19,48,2026,1,12,5,5,7,16
20,0,2026,1,12,5,3,0,19
20,4,2026,1,12,7,2,4,17
20,9,2026,1,12,8,6,0,23
20,13,2026,1,12,9,3,5,21
20,18,2026,1,12,10,3,9,15
20,21,2026,1,12,11,2,9,8
20,27,2026,1,12,10,3,0,11
20,32,2026,1,12,9,2,3,10
20,38,2026,1,12,8,5,2,13
20,41,2026,1,12,7,2,4,11
20,48,2026,1,12,5,6,6,11
21,0,2026,1,12,5,4,0,15
21,4,2026,1,12,7,3,2,16
21,9,2026,1,12,8,2,1,17
21,13,2026,1,12,9,4,5,16
21,18,2026,1,12,10,2,4,14
21,21,2026,1,12,11,4,5,13
21,27,2026,1,12,10,4,1,16
21,32,2026,1,12,9,5,0,21
21,38,2026,1,12,8,3,6,18
21,41,2026,1,12,7,3,8,13
21,48,2026,1,12,5,5,7,11
22,0,2026,1,12,5,6,0,17
22,4,2026,1,12,7,4,2,19
22,9,2026,1,12,8,6,5,20
22,13,2026,1,12,9,3,4,19
22,18,2026,1,12,10,4,4,19
22,21,2026,1,12,11,4,8,15
22,27,2026,1,12,10,3,0,18
22,32,2026,1,12,9,4,1,21
22,38,2026,1,12,8,3,1,23
22,41,2026,1,12,7,3,9,17
22,48,2026,1,12,5,5,7,15
23,0,2026,1,12,5,6,0,21
23,4,2026,1,12,7,3,3,21
23,9,2026,1,12,8,3,5,19
23,13,2026,1,12,9,4,2,21
23,18,2026,1,12,10,5,8,18
23,21,2026,1,12,11,6,14,10
23,27,2026,1,12,10,5,0,15
23,32,2026,1,12,9,5,1,19
23,38,2026,1,12,8,5,5,19
23,41,2026,1,12,7,5,12,12
23,48,2026,1,12,5,0,12,0
6,0,2026,1,13,5,14,0,14
6,4,2026,1,13,7,3,4,13
6,9,2026,1,13,8,5,3,15
6,13,2026,1,13,9,18,4,29
6,18,2026,1,13,10,14,7,36
6,21,2026,1,13,11,14,8,42
6,27,2026,1,13,10,14,2,54
6,32,2026,1,13,9,8,7,55
6,38,2026,1,13,8,20,10,65
6,41,2026,1,13,7,4,21,48
6,48,2026,1,13,5,11,23,36
7,0,2026,1,13,5,21,0,57
7,4,2026,1,13,7,1,22,36
7,9,2026,1,13,8,18,1,53
7,13,2026,1,13,9,11,9,55
7,18,2026,1,13,10,14,11,58
7,21,2026,1,13,11,14,25,47
7,27,2026,1,13,10,20,1,66
7,32,2026,1,13,9,15,15,66
7,38,2026,1,13,8,8,17,57
7,41,2026,1,13,7,5,22,40
7,48,2026,1,13,5,11,18,33
8,0,2026,1,13,5,19,0,52
8,4,2026,1,13,7,3,21,34
8,9,2026,1,13,8,6,3,37
8,13,2026,1,13,9,9,6,40
8,18,2026,1,13,10,6,7,39
8,21,2026,1,13,11,5,18,26
8,27,2026,1,13,10,17,0,43
8,32,2026,1,13,9,20,4,59
8,38,2026,1,13,8,15,13,61
8,41,2026,1,13,7,2,22,41
8,48,2026,1,13,5,18,12,47
9,0,2026,1,13,5,6,0,53
9,4,2026,1,13,7,4,20,37
9,9,2026,1,13,8,2,0,39
9,13,2026,1,13,9,4,7,36
9,18,2026,1,13,10,4,14,26
9,21,2026,1,13,11,2,16,12
9,27,2026,1,13,10,6,0,18
9,32,2026,1,13,9,5,0,23
9,38,2026,1,13,8,5,2,26
9,41,2026,1,13,7,2,22,6
9,48,2026,1,13,5,2,3,5
10,0,2026,1,13,5,2,0,7
10,4,2026,1,13,7,4,0,11
10,9,2026,1,13,8,6,1,16
10,13,2026,1,13,9,4,3,17
10,18,2026,1,13,10,4,3,18
10,21,2026,1,13,11,5,7,16
10,27,2026,1,13,10,3,0,19
10,32,2026,1,13,9,5,2,22
10,38,2026,1,13,8,2,4,20
10,41,2026,1,13,7,2,8,14
10,48,2026,1,13,5,2,8,8
11,0,2026,1,13,5,3,0,11
11,4,2026,1,13,7,5,0,16
11,9,2026,1,13,8,4,3,17
11,13,2026,1,13,9,3,3,17
11,18,2026,1,13,10,4,7,14
11,21,2026,1,13,11,4,6,12
11,27,2026,1,13,10,3,0,15
11,32,2026,1,13,9,4,2,17
11,38,2026,1,13,8,2,5,14
11,41,2026,1,13,7,2,6,10
11,48,2026,1,13,5,6,7,9
12,0,2026,1,13,5,5,0,14
12,4,2026,1,13,7,6,1,19
12,9,2026,1,13,8,4,4,19
12,13,2026,1,13,9,2,6,15
12,18,2026,1,13,10,4,4,15
12,21,2026,1,13,11,5,6,14
12,27,2026,1,13,10,6,2,18
12,32,2026,1,13,9,4,5,17
12,38,2026,1,13,8,5,4,18
12,41,2026,1,13,7,4,4,18
12,48,2026,1,13,5,6,9,15
13,0,2026,1,13,5,3,0,18
13,4,2026,1,13,7,14,1,31
13,9,2026,1,13,8,4,5,30
13,13,2026,1,13,9,5,10,25
13,18,2026,1,13,10,5,6,24
13,21,2026,1,13,11,2,13,13
13,27,2026,1,13,10,2,1,14
13,32,2026,1,13,9,2,2,14
13,38,2026,1,13,8,2,6,10
13,41,2026,1,13,7,8,0,18
13,48,2026,1,13,5,3,8,13
14,0,2026,1,13,5,6,0,19
14,4,2026,1,13,7,13,1,31
14,9,2026,1,13,8,4,7,28
14,13,2026,1,13,9,5,10,23
14,18,2026,1,13,10,6,7,22
14,21,2026,1,13,11,5,10,17
14,27,2026,1,13,10,4,2,19
14,32,2026,1,13,9,2,2,19
14,38,2026,1,13,8,3,3,19
14,41,2026,1,13,7,7,3,23
14,48,2026,1,13,5,3,14,12
15,0,2026,1,13,5,3,0,15
15,4,2026,1,13,7,21,0,36
15,9,2026,1,13,8,6,8,34
15,13,2026,1,13,9,2,11,25
15,18,2026,1,13,10,3,14,14
15,21,2026,1,13,11,3,7,10
15,27,2026,1,13,10,5,1,14
15,32,2026,1,13,9,2,4,12
15,38,2026,1,13,8,4,2,14
15,41,2026,1,13,7,26,3,37
15,48,2026,1,13,5,2,14,25
16,0,2026,1,13,5,3,0,28
16,4,2026,1,13,7,5,3,30
16,9,2026,1,13,8,4,6,28
16,13,2026,1,13,9,5,10,23
16,18,2026,1,13,10,4,8,19
16,21,2026,1,13,11,3,12,10
16,27,2026,1,13,10,6,2,14
16,32,2026,1,13,9,3,3,14
16,38,2026,1,13,8,5,3,16
16,41,2026,1,13,7,6,3,19
16,48,2026,1,13,5,2,6,15
17,0,2026,1,13,5,6,0,21
17,4,2026,1,13,7,6,2,25
17,9,2026,1,13,8,2,4,23
17,13,2026,1,13,9,5,6,22
17,18,2026,1,13,10,6,9,19
17,21,2026,1,13,11,4,9,14
17,27,2026,1,13,10,2,0,16
17,32,2026,1,13,9,2,1,17
17,38,2026,1,13,8,3,5,15
17,41,2026,1,13,7,3,6,12
17,48,2026,1,13,5,2,5,9
18,0,2026,1,13,5,6,0,15
18,4,2026,1,13,7,6,1,20
18,9,2026,1,13,8,4,2,22
18,13,2026,1,13,9,5,5,22
18,18,2026,1,13,10,3,8,17
18,21,2026,1,13,11,2,11,8
18,27,2026,1,13,10,2,0,10
18,32,2026,1,13,9,2,2,10
18,38,2026,1,13,8,5,4,11
18,41,2026,1,13,7,2,3,10
18,48,2026,1,13,5,3,3,10
19,0,2026,1,13,5,5,0,15
19,4,2026,1,13,7,4,1,18
19,9,2026,1,13,8,6,2,22
19,13,2026,1,13,9,5,6,21
19,18,2026,1,13,10,2,6,17
19,21,2026,1,13,11,3,11,9
19,27,2026,1,13,10,5,1,13
19,32,2026,1,13,9,4,1,16
19,38,2026,1,13,8,5,4,17
19,41,2026,1,13,7,6,7,16
19,48,2026,1,13,5,4,5,15
20,0,2026,1,13,5,6,0,21
20,4,2026,1,13,7,3,4,20
20,9,2026,1,13,8,4,4,20
20,13,2026,1,13,9,2,3,19
20,18,2026,1,13,10,2,6,15
20,21,2026,1,13,11,2,10,7
20,27,2026,1,13,10,2,1,8
20,32,2026,1,13,9,2,2,8
20,38,2026,1,13,8,2,1,9
20,41,2026,1,13,7,5,2,12
20,48,2026,1,13,5,2,7,7
21,0,2026,1,13,5,4,0,11
21,4,2026,1,13,7,6,2,15
21,9,2026,1,13,8,6,5,16
21,13,2026,1,13,9,5,5,16
21,18,2026,1,13,10,5,5,16
21,21,2026,1,13,11,4,4,16
21,27,2026,1,13,10,4,1,19
21,32,2026,1,13,9,2,2,19
21,38,2026,1,13,8,3,5,17
21,41,2026,1,13,7,2,11,8
21,48,2026,1,13,5,2,3,7
22,0,2026,1,13,5,3,0,10
22,4,2026,1,13,7,4,1,13
22,9,2026,1,13,8,4,1,16
22,13,2026,1,13,9,3,5,14
22,18,2026,1,13,10,2,4,12
22,21,2026,1,13,11,2,8,6
22,27,2026,1,13,10,2,0,8
22,32,2026,1,13,9,6,2,12
22,38,2026,1,13,8,4,0,16
22,41,2026,1,13,7,2,6,12
22,48,2026,1,13,5,6,4,14
23,0,2026,1,13,5,2,0,16
23,4,2026,1,13,7,4,1,19
23,9,2026,1,13,8,2,5,16
23,13,2026,1,13,9,2,6,12
23,18,2026,1,13,10,5,4,13
23,21,2026,1,13,11,6,6,13
23,27,2026,1,13,10,3,0,16
23,32,2026,1,13,9,4,6,14
23,38,2026,1,13,8,2,3,13
23,41,2026,1,13,7,5,7,11
23,48,2026,1,13,5,0,11,0
6,0,2026,1,14,5,5,0,5
6,4,2026,1,14,7,5,1,9
6,9,2026,1,14,8,12,1,20
6,13,2026,1,14,9,13,7,26
6,18,2026,1,14,10,14,6,34
6,21,2026,1,14,11,6,8,32
6,27,2026,1,14,10,5,1,36
6,32,2026,1,14,9,9,6,39
6,38,2026,1,14,8,14,12,41
6,41,2026,1,14,7,3,7,37
6,48,2026,1,14,5,7,20,24
7,0,2026,1,14,5,21,0,45
7,4,2026,1,14,7,1,19,27
7,9,2026,1,14,8,10,5,32
7,13,2026,1,14,9,15,7,40
7,18,2026,1,14,10,14,14,40
7,21,2026,1,14,11,15,9,46
7,27,2026,1,14,10,12,4,54
7,32,2026,1,14,9,11,8,57
7,38,2026,1,14,8,15,11,61
7,41,2026,1,14,7,1,23,39
7,48,2026,1,14,5,17,20,36
8,0,2026,1,14,5,11,0,47
8,4,2026,1,14,7,1,24,24
8,9,2026,1,14,8,5,0,29
8,13,2026,1,14,9,20,7,42
8,18,2026,1,14,10,19,8,53
8,21,2026,1,14,11,5,16,42
8,27,2026,1,14,10,8,1,49
8,32,2026,1,14,9,6,2,53
8,38,2026,1,14,8,16,7,62
8,41,2026,1,14,7,5,28,39
8,48,2026,1,14,5,21,18,42
9,0,2026,1,14,5,3,0,45
9,4,2026,1,14,7,1,19,27
9,9,2026,1,14,8,4,2,29
9,13,2026,1,14,9,5,8,26
9,18,2026,1,14,10,3,7,22
9,21,2026,1,14,11,6,11,17
9,27,2026,1,14,10,4,0,21
9,32,2026,1,14,9,6,2,25
9,38,2026,1,14,8,5,0,30
9,41,2026,1,14,7,3,21,12
9,48,2026,1,14,5,6,4,14
10,0,2026,1,14,5,5,0,19
10,4,2026,1,14,7,6,1,24
10,9,2026,1,14,8,3,4,23
10,13,2026,1,14,9,5,7,21
10,18,2026,1,14,10,6,8,19
10,21,2026,1,14,11,6,11,14
10,27,2026,1,14,10,6,0,20
10,32,2026,1,14,9,2,3,19
10,38,2026,1,14,8,3,4,18
10,41,2026,1,14,7,4,5,17
10,48,2026,1,14,5,5,8,14
11,0,2026,1,14,5,3,0,17
11,4,2026,1,14,7,4,0,21
11,9,2026,1,14,8,6,5,22
11,13,2026,1,14,9,2,2,22
11,18,2026,1,14,10,3,7,18
11,21,2026,1,14,11,2,10,10
11,27,2026,1,14,10,4,1,13
11,32,2026,1,14,9,2,4,11
11,38,2026,1,14,8,3,1,13
11,41,2026,1,14,7,4,4,13
11,48,2026,1,14,5,4,6,11
12,0,2026,1,14,5,3,0,14
12,4,2026,1,14,7,4,0,18
12,9,2026,1,14,8,4,3,19
12,13,2026,1,14,9,2,6,15
12,18,2026,1,14,10,5,5,15
12,21,2026,1,14,11,2,6,11
12,27,2026,1,14,10,5,0,16
12,32,2026,1,14,9,4,1,19
12,38,2026,1,14,8,5,2,22
12,41,2026,1,14,7,6,8,20
12,48,2026,1,14,5,3,12,11
13,0,2026,1,14,5,2,0,13
13,4,2026,1,14,7,18,2,29
13,9,2026,1,14,8,5,6,28
13,13,2026,1,14,9,2,6,24
13,18,2026,1,14,10,6,5,25
13,21,2026,1,14,11,3,11,17
13,27,2026,1,14,10,6,0,23
13,32,2026,1,14,9,6,7,22
13,38,2026,1,14,8,3,5,20
13,41,2026,1,14,7,12,4,28
13,48,2026,1,14,5,2,14,16
14,0,2026,1,14,5,5,0,21
14,4,2026,1,14,7,19,2,38
14,9,2026,1,14,8,2,6,34
14,13,2026,1,14,9,3,12,25
14,18,2026,1,14,10,6,12,19
14,21,2026,1,14,11,5,9,15
14,27,2026,1,14,10,6,1,20
14,32,2026,1,14,9,5,4,21
14,38,2026,1,14,8,4,7,18
14,41,2026,1,14,7,8,4,22
14,48,2026,1,14,5,2,12,12
15,0,2026,1,14,5,6,0,18
15,4,2026,1,14,7,21,3,36
15,9,2026,1,14,8,2,7,31
15,13,2026,1,14,9,4,8,27
15,18,2026,1,14,10,5,15,17
15,21,2026,1,14,11,5,10,12
15,27,2026,1,14,10,3,2,13
15,32,2026,1,14,9,4,3,14
15,38,2026,1,14,8,2,3,13
15,41,2026,1,14,7,23,3,33
15,48,2026,1,14,5,2,13,22
16,0,2026,1,14,5,2,0,24
16,4,2026,1,14,7,5,1,28
16,9,2026,1,14,8,5,6,27
16,13,2026,1,14,9,5,11,21
16,18,2026,1,14,10,4,8,17
16,21,2026,1,14,11,3,8,12
16,27,2026,1,14,10,4,0,16
16,32,2026,1,14,9,3,3,16
16,38,2026,1,14,8,2,3,15
16,41,2026,1,14,7,3,4,14
16,48,2026,1,14,5,6,8,12
17,0,2026,1,14,5,3,0,15
17,4,2026,1,14,7,2,0,17
17,9,2026,1,14,8,4,2,19
17,13,2026,1,14,9,3,5,17
17,18,2026,1,14,10,4,9,12
17,21,2026,1,14,11,2,7,7
17,27,2026,1,14,10,6,0,13
17,32,2026,1,14,9,2,3,12
17,38,2026,1,14,8,3,0,15
17,41,2026,1,14,7,2,6,11
17,48,2026,1,14,5,3,6,8
18,0,2026,1,14,5,2,0,10
18,4,2026,1,14,7,5,2,13
18,9,2026,1,14,8,3,4,12
18,13,2026,1,14,9,3,1,14
18,18,2026,1,14,10,3,9,8
18,21,2026,1,14,11,2,3,7
18,27,2026,1,14,10,5,0,12
18,32,2026,1,14,9,6,0,18
18,38,2026,1,14,8,5,6,17
18,41,2026,1,14,7,3,6,14
18,48,2026,1,14,5,2,7,9
19,0,2026,1,14,5,3,0,12
19,4,2026,1,14,7,2,2,12
19,9,2026,1,14,8,5,2,15
19,13,2026,1,14,9,5,8,12
19,18,2026,1,14,10,2,5,9
19,21,2026,1,14,11,6,4,11
19,27,2026,1,14,10,3,1,13
19,32,2026,1,14,9,5,4,14
19,38,2026,1,14,8,5,3,16
19,41,2026,1,14,7,6,3,19
19,48,2026,1,14,5,3,7,15
20,0,2026,1,14,5,3,0,18
20,4,2026,1,14,7,2,0,20
20,9,2026,1,14,8,5,5,20
20,13,2026,1,14,9,3,7,16
20,18,2026,1,14,10,3,5,14
20,21,2026,1,14,11,5,7,12
20,27,2026,1,14,10,6,0,18
20,32,2026,1,14,9,4,3,19
20,38,2026,1,14,8,6,5,20
20,41,2026,1,14,7,6,7,19
20,48,2026,1,14,5,3,6,16
21,0,2026,1,14,5,6,0,22
21,4,2026,1,14,7,6,2,26
21,9,2026,1,14,8,3,6,23
21,13,2026,1,14,9,6,7,22
21,18,2026,1,14,10,6,5,23
21,21,2026,1,14,11,2,13,12
21,27,2026,1,14,10,6,1,17
21,32,2026,1,14,9,3,1,19
21,38,2026,1,14,8,6,7,18
21,41,2026,1,14,7,4,6,16
21,48,2026,1,14,5,3,4,15
22,0,2026,1,14,5,2,0,17
22,4,2026,1,14,7,2,0,19
22,9,2026,1,14,8,4,3,20
22,13,2026,1,14,9,4,3,21
22,18,2026,1,14,10,3,2,22
22,21,2026,1,14,11,3,16,9
22,27,2026,1,14,10,2,1,10
22,32,2026,1,14,9,4,5,9
22,38,2026,1,14,8,6,1,14
22,41,2026,1,14,7,4,5,13
22,48,2026,1,14,5,5,4,14
23,0,2026,1,14,5,6,0,20
23,4,2026,1,14,7,4,2,22
23,9,2026,1,14,8,6,3,25
23,13,2026,1,14,9,5,11,19
23,18,2026,1,14,10,6,8,17
23,21,2026,1,14,11,4,9,12
23,27,2026,1,14,10,5,0,17
23,32,2026,1,14,9,6,4,19
23,38,2026,1,14,8,4,5,18
23,41,2026,1,14,7,2,10,10
23,48,2026,1,14,5,0,10,0
6,0,2026,1,15,5,15,0,15
6,4,2026,1,15,7,3,2,16
6,9,2026,1,15,8,13,3,26
6,13,2026,1,15,9,8,8,26
6,18,2026,1,15,10,8,6,28
6,21,2026,1,15,11,13,11,30
6,27,2026,1,15,10,8,0,38
6,32,2026,1,15,9,9,5,42
6,38,2026,1,15,8,13,11,44
6,41,2026,1,15,7,6,17,33
6,48,2026,1,15,5,17,11,39
7,0,2026,1,15,5,22,0,61
7,4,2026,1,15,7,5,31,35
7,9,2026,1,15,8,14,3,46
7,13,2026,1,15,9,12,6,52
7,18,2026,1,15,10,15,11,56
7,21,2026,1,15,11,22,19,59
7,27,2026,1,15,10,11,5,65
7,32,2026,1,15,9,15,14,66
7,38,2026,1,15,8,9,15,60
7,41,2026,1,15,7,3,23,40
7,48,2026,1,15,5,11,21,30
8,0,2026,1,15,5,5,0,35
8,4,2026,1,15,7,1,8,28
8,9,2026,1,15,8,7,2,33
8,13,2026,1,15,9,16,7,42
8,18,2026,1,15,10,17,7,52
8,21,2026,1,15,11,7,16,43
8,27,2026,1,15,10,20,3,60
8,32,2026,1,15,9,14,11,63
8,38,2026,1,15,8,11,19,55
8,41,2026,1,15,7,4,20,39
8,48,2026,1,15,5,7,19,27
9,0,2026,1,15,5,5,0,32
9,4,2026,1,15,7,3,11,24
9,9,2026,1,15,8,6,1,29
9,13,2026,1,15,9,5,4,30
9,18,2026,1,15,10,4,7,27
9,21,2026,1,15,11,6,14,19
9,27,2026,1,15,10,2,0,21
9,32,2026,1,15,9,5,1,25
9,38,2026,1,15,8,2,2,25
9,41,2026,1,15,7,3,19,9
9,48,2026,1,15,5,6,6,9
10,0,2026,1,15,5,6,0,15
10,4,2026,1,15,7,4,1,18
10,9,2026,1,15,8,6,4,20
10,13,2026,1,15,9,4,4,20
10,18,2026,1,15,10,3,6,17
10,21,2026,1,15,11,5,10,12
10,27,2026,1,15,10,5,2,15
10,32,2026,1,15,9,4,2,17
10,38,2026,1,15,8,3,3,17
10,41,2026,1,15,7,2,7,12
10,48,2026,1,15,5,5,8,9
11,0,2026,1,15,5,5,0,14
11,4,2026,1,15,7,4,4,14
11,9,2026,1,15,8,3,0,17
11,13,2026,1,15,9,3,2,18
11,18,2026,1,15,10,5,5,18
11,21,2026,1,15,11,6,8,16
11,27,2026,1,15,10,4,1,19
11,32,2026,1,15,9,2,6,15
11,38,2026,1,15,8,2,4,13
11,41,2026,1,15,7,2,5,10
11,48,2026,1,15,5,2,7,5
12,0,2026,1,15,5,2,0,7
12,4,2026,1,15,7,5,1,11
12,9,2026,1,15,8,5,0,16
12,13,2026,1,15,9,5,5,16
12,18,2026,1,15,10,5,6,15
12,21,2026,1,15,11,3,4,14
12,27,2026,1,15,10,6,2,18
12,32,2026,1,15,9,3,3,18
12,38,2026,1,15,8,6,4,20
12,41,2026,1,15,7,5,9,16
12,48,2026,1,15,5,6,8,14
13,0,2026,1,15,5,6,0,20
13,4,2026,1,15,7,15,0,35
13,9,2026,1,15,8,4,7,32
13,13,2026,1,15,9,2,8,26
13,18,2026,1,15,10,6,7,25
13,21,2026,1,15,11,4,11,18
13,27,2026,1,15,10,3,0,21
13,32,2026,1,15,9,5,5,21
13,38,2026,1,15,8,6,3,24
13,41,2026,1,15,7,10,4,30
13,48,2026,1,15,5,2,13,19
14,0,2026,1,15,5,5,0,24
14,4,2026,1,15,7,7,0,31
14,9,2026,1,15,8,5,1,35
14,13,2026,1,15,9,5,10,30
14,18,2026,1,15,10,6,12,24
14,21,2026,1,15,11,6,14,16
14,27,2026,1,15,10,3,1,18
14,32,2026,1,15,9,6,3,21
14,38,2026,1,15,8,6,7,20
14,41,2026,1,15,7,12,2,30
14,48,2026,1,15,5,2,11,21
15,0,2026,1,15,5,6,0,27
15,4,2026,1,15,7,31,1,57
15,9,2026,1,15,8,6,9,54
15,13,2026,1,15,9,5,13,46
15,18,2026,1,15,10,6,16,36
15,21,2026,1,15,11,6,18,24
15,27,2026,1,15,10,5,3,26
15,32,2026,1,15,9,2,5,23
15,38,2026,1,15,8,2,4,21
15,41,2026,1,15,7,20,4,37
15,48,2026,1,15,5,5,17,25
16,0,2026,1,15,5,2,0,27
16,4,2026,1,15,7,4,0,31
16,9,2026,1,15,8,2,8,25
16,13,2026,1,15,9,6,5,26
16,18,2026,1,15,10,5,12,19
16,21,2026,1,15,11,3,11,11
16,27,2026,1,15,10,3,1,13
16,32,2026,1,15,9,6,3,16
16,38,2026,1,15,8,6,3,19
16,41,2026,1,15,7,2,2,19
16,48,2026,1,15,5,3,10,12
17,0,2026,1,15,5,5,0,17
17,4,2026,1,15,7,3,2,18
17,9,2026,1,15,8,2,3,17
17,13,2026,1,15,9,6,5,18
17,18,2026,1,15,10,3,5,16
17,21,2026,1,15,11,4,12,8
17,27,2026,1,15,10,4,1,11
17,32,2026,1,15,9,4,3,12
17,38,2026,1,15,8,6,3,15
17,41,2026,1,15,7,6,3,18
17,48,2026,1,15,5,4,9,13
18,0,2026,1,15,5,5,0,18
18,4,2026,1,15,7,6,1,23
18,9,2026,1,15,8,3,3,23
18,13,2026,1,15,9,4,4,23
18,18,2026,1,15,10,6,14,15
18,21,2026,1,15,11,2,5,12
18,27,2026,1,15,10,5,0,17
18,32,2026,1,15,9,4,4,17
18,38,2026,1,15,8,4,2,19
18,41,2026,1,15,7,2,5,16
18,48,2026,1,15,5,6,9,13
19,0,2026,1,15,5,5,0,18
19,4,2026,1,15,7,2,3,17
19,9,2026,1,15,8,4,2,19
19,13,2026,1,15,9,6,4,21
19,18,2026,1,15,10,6,6,21
19,21,2026,1,15,11,4,10,15
19,27,2026,1,15,10,2,1,16
19,32,2026,1,15,9,2,3,15
19,38,2026,1,15,8,4,3,16
19,41,2026,1,15,7,2,5,13
19,48,2026,1,15,5,3,8,8
20,0,2026,1,15,5,6,0,14
20,4,2026,1,15,7,3,3,14
20,9,2026,1,15,8,3,1,16
20,13,2026,1,15,9,4,5,15
20,18,2026,1,15,10,5,8,12
20,21,2026,1,15,11,5,4,13
20,27,2026,1,15,10,5,2,16
20,32,2026,1,15,9,3,3,16
20,38,2026,1,15,8,6,6,16
20,41,2026,1,15,7,4,2,18
20,48,2026,1,15,5,3,10,11
21,0,2026,1,15,5,6,0,17
21,4,2026,1,15,7,4,1,20
21,9,2026,1,15,8,3,3,20
21,13,2026,1,15,9,3,7,16
21,18,2026,1,15,10,2,6,12
21,21,2026,1,15,11,5,9,8
21,27,2026,1,15,10,5,1,12
21,32,2026,1,15,9,3,4,11
21,38,2026,1,15,8,4,2,13
21,41,2026,1,15,7,5,6,12
21,48,2026,1,15,5,3,4,11
22,0,2026,1,15,5,5,0,16
22,4,2026,1,15,7,5,2,19
22,9,2026,1,15,8,5,4,20
22,13,2026,1,15,9,2,4,18
22,18,2026,1,15,10,2,5,15
22,21,2026,1,15,11,4,9,10
22,27,2026,1,15,10,3,0,13
22,32,2026,1,15,9,3,1,15
22,38,2026,1,15,8,2,1,16
22,41,2026,1,15,7,4,7,13
22,48,2026,1,15,5,3,6,10
23,0,2026,1,15,5,6,0,16
23,4,2026,1,15,7,2,2,16
23,9,2026,1,15,8,3,0,19
23,13,2026,1,15,9,5,4,20
23,18,2026,1,15,10,4,10,14
23,21,2026,1,15,11,5,7,12
23,27,2026,1,15,10,6,2,16
23,32,2026,1,15,9,5,2,19
23,38,2026,1,15,8,3,8,14
23,41,2026,1,15,7,5,5,14
23,48,2026,1,15,5,0,14,0
6,0,2026,1,16,5,19,0,19
6,4,2026,1,16,7,3,5,17
6,9,2026,1,16,8,22,1,38
6,13,2026,1,16,9,7,8,37
6,18,2026,1,16,10,5,10,32
6,21,2026,1,16,11,20,14,38
6,27,2026,1,16,10,15,9,44
6,32,2026,1,16,9,13,8,49
6,38,2026,1,16,8,20,12,57
6,41,2026,1,16,7,3,20,40
6,48,2026,1,16,5,6,20,26
7,0,2026,1,16,5,7,0,33
7,4,2026,1,16,7,2,11,24
7,9,2026,1,16,8,22,2,44
7,13,2026,1,16,9,16,8,52
7,18,2026,1,16,10,14,11,55
7,21,2026,1,16,11,11,16,50
7,27,2026,1,16,10,13,3,60
7,32,2026,1,16,9,10,9,61
7,38,2026,1,16,8,14,17,58
7,41,2026,1,16,7,2,26,34
7,48,2026,1,16,5,12,17,29
8,0,2026,1,16,5,17,0,46
8,4,2026,1,16,7,1,23,24
8,9,2026,1,16,8,22,2,44
8,13,2026,1,16,9,8,4,48
8,18,2026,1,16,10,7,12,43
8,21,2026,1,16,11,15,14,44
8,27,2026,1,16,10,11,4,51
8,32,2026,1,16,9,12,10,53
8,38,2026,1,16,8,6,16,43
8,41,2026,1,16,7,1,20,24
8,48,2026,1,16,5,11,11,24
9,0,2026,1,16,5,3,0,27
9,4,2026,1,16,7,3,9,21
9,9,2026,1,16,8,4,2,23
9,13,2026,1,16,9,2,5,20
9,18,2026,1,16,10,2,10,12
9,21,2026,1,16,11,3,5,10
9,27,2026,1,16,10,3,0,13
9,32,2026,1,16,9,2,0,15
9,38,2026,1,16,8,6,1,20
9,41,2026,1,16,7,5,16,9
9,48,2026,1,16,5,2,0,11
10,0,2026,1,16,5,5,0,16
10,4,2026,1,16,7,2,1,17
10,9,2026,1,16,8,6,2,21
10,13,2026,1,16,9,3,9,15
10,18,2026,1,16,10,3,5,13
10,21,2026,1,16,11,6,6,13
10,27,2026,1,16,10,4,1,16
10,32,2026,1,16,9,5,5,16
10,38,2026,1,16,8,6,4,18
10,41,2026,1,16,7,5,7,16
10,48,2026,1,16,5,3,7,12
11,0,2026,1,16,5,2,0,14
11,4,2026,1,16,7,3,1,16
11,9,2026,1,16,8,2,1,17
11,13,2026,1,16,9,3,7,13
11,18,2026,1,16,10,6,3,16
11,21,2026,1,16,11,6,9,13
11,27,2026,1,16,10,4,0,17
11,32,2026,1,16,9,5,2,20
11,38,2026,1,16,8,3,3,20
11,41,2026,1,16,7,2,8,14
11,48,2026,1,16,5,6,7,13
12,0,2026,1,16,5,6,0,19
12,4,2026,1,16,7,2,1,20
12,9,2026,1,16,8,6,2,24
12,13,2026,1,16,9,5,2,27
12,18,2026,1,16,10,3,6,24
12,21,2026,1,16,11,3,16,11
12,27,2026,1,16,10,5,1,15
12,32,2026,1,16,9,4,0,19
12,38,2026,1,16,8,3,3,19
12,41,2026,1,16,7,5,5,19
12,48,2026,1,16,5,4,9,14
13,0,2026,1,16,5,2,0,16
13,4,2026,1,16,7,7,0,23
13,9,2026,1,16,8,4,6,21
13,13,2026,1,16,9,4,7,18
13,18,2026,1,16,10,4,7,15
13,21,2026,1,16,11,2,9,8
13,27,2026,1,16,10,3,0,11
13,32,2026,1,16,9,2,2,11
13,38,2026,1,16,8,2,2,11
13,41,2026,1,16,7,16,5,22
13,48,2026,1,16,5,2,8,16
14,0,2026,1,16,5,2,0,18
14,4,2026,1,16,7,14,0,32
14,9,2026,1,16,8,2,5,29
14,13,2026,1,16,9,6,8,27
14,18,2026,1,16,10,5,14,18
14,21,2026,1,16,11,2,6,14
14,27,2026,1,16,10,2,0,16
14,32,2026,1,16,9,4,4,16
14,38,2026,1,16,8,5,4,17
14,41,2026,1,16,7,26,5,38
14,48,2026,1,16,5,6,10,34
15,0,2026,1,16,5,5,0,39
15,4,2026,1,16,7,11,2,48
15,9,2026,1,16,8,6,9,45
15,13,2026,1,16,9,6,10,41
15,18,2026,1,16,10,3,16,28
15,21,2026,1,16,11,4,18,14
15,27,2026,1,16,10,2,0,16
15,32,2026,1,16,9,2,4,14
15,38,2026,1,16,8,4,3,15
15,41,2026,1,16,7,10,1,24
15,48,2026,1,16,5,6,13,17
16,0,2026,1,16,5,4,0,21
16,4,2026,1,16,7,6,2,25
16,9,2026,1,16,8,4,7,22
16,13,2026,1,16,9,5,7,20
16,18,2026,1,16,10,2,6,16
16,21,2026,1,16,11,4,5,15
16,27,2026,1,16,10,5,1,19
16,32,2026,1,16,9,4,2,21
16,38,2026,1,16,8,4,6,19
16,41,2026,1,16,7,6,3,22
16,48,2026,1,16,5,2,10,14
17,0,2026,1,16,5,6,0,20
17,4,2026,1,16,7,5,1,24
17,9,2026,1,16,8,6,3,27
17,13,2026,1,16,9,5,8,24
17,18,2026,1,16,10,4,6,22
17,21,2026,1,16,11,5,12,15
17,27,2026,1,16,10,2,1,16
17,32,2026,1,16,9,3,3,16
17,38,2026,1,16,8,4,3,17
17,41,2026,1,16,7,6,8,15
17,48,2026,1,16,5,2,4,13
18,0,2026,1,16,5,6,0,19
18,4,2026,1,16,7,2,1,20
18,9,2026,1,16,8,2,4,18
18,13,2026,1,16,9,2,3,17
18,18,2026,1,16,10,6,8,15
18,21,2026,1,16,11,2,6,11
18,27,2026,1,16,10,6,0,17
18,32,2026,1,16,9,4,6,15
18,38,2026,1,16,8,4,7,12
18,41,2026,1,16,7,4,4,12
18,48,2026,1,16,5,2,3,11
19,0,2026,1,16,5,6,0,17
19,4,2026,1,16,7,4,2,19
19,9,2026,1,16,8,3,3,19
19,13,2026,1,16,9,6,4,21
19,18,2026,1,16,10,5,12,14
19,21,2026,1,16,11,6,7,13
19,27,2026,1,16,10,2,1,14
19,32,2026,1,16,9,3,3,14
19,38,2026,1,16,8,4,4,14
19,41,2026,1,16,7,3,1,16
19,48,2026,1,16,5,2,8,10
20,0,2026,1,16,5,5,0,15
20,4,2026,1,16,7,3,1,17
20,9,2026,1,16,8,6,2,21
20,13,2026,1,16,9,5,4,22
20,18,2026,1,16,10,3,7,18
20,21,2026,1,16,11,4,10,12
20,27,2026,1,16,10,6,0,18
20,32,2026,1,16,9,5,4,19
20,38,2026,1,16,8,6,3,22
20,41,2026,1,16,7,4,5,21
20,48,2026,1,16,5,4,7,18
21,0,2026,1,16,5,3,0,21
21,4,2026,1,16,7,6,0,27
21,9,2026,1,16,8,6,6,27
21,13,2026,1,16,9,4,3,28
21,18,2026,1,16,10,2,8,22
21,21,2026,1,16,11,3,15,10
21,27,2026,1,16,10,3,0,13
21,32,2026,1,16,9,4,1,16
21,38,2026,1,16,8,3,4,15
21,41,2026,1,16,7,5,6,14
21,48,2026,1,16,5,5,8,11
22,0,2026,1,16,5,2,0,13
22,4,2026,1,16,7,6,1,18
22,9,2026,1,16,8,4,4,18
22,13,2026,1,16,9,3,4,17
22,18,2026,1,16,10,3,3,17
22,21,2026,1,16,11,3,9,11
22,27,2026,1,16,10,4,0,15
22,32,2026,1,16,9,5,1,19
22,38,2026,1,16,8,4,3,20
22,41,2026,1,16,7,6,8,18
22,48,2026,1,16,5,5,5,18
23,0,2026,1,16,5,6,0,24
23,4,2026,1,16,7,3,3,24
23,9,2026,1,16,8,4,7,21
23,13,2026,1,16,9,3,3,21
23,18,2026,1,16,10,2,6,17
23,21,2026,1,16,11,5,12,10
23,27,2026,1,16,10,5,0,15
23,32,2026,1,16,9,3,4,14
23,38,2026,1,16,8,6,5,15
23,41,2026,1,16,7,2,9,8
23,48,2026,1,16,5,0,8,0
6,0,2026,1,17,5,9,0,9
6,4,2026,1,17,7,6,0,15
6,9,2026,1,17,8,13,5,23
6,13,2026,1,17,9,8,2,29
6,18,2026,1,17,10,11,12,28
6,21,2026,1,17,11,11,9,30
6,27,2026,1,17,10,13,3,40
6,32,2026,1,17,9,7,5,42
6,38,2026,1,17,8,7,11,38
6,41,2026,1,17,7,2,16,24
6,48,2026,1,17,5,22,16,30
7,0,2026,1,17,5,16,0,46
7,4,2026,1,17,7,3,29,20
7,9,2026,1,17,8,7,2,25
7,13,2026,1,17,9,18,4,39
7,18,2026,1,17,10,13,6,46
7,21,2026,1,17,11,11,12,45
7,27,2026,1,17,10,18,2,61
7,32,2026,1,17,9,9,5,65
7,38,2026,1,17,8,10,15,60
7,41,2026,1,17,7,4,25,39
7,48,2026,1,17,5,17,17,39
8,0,2026,1,17,5,17,0,56
8,4,2026,1,17,7,3,24,35
8,9,2026,1,17,8,22,5,52
8,13,2026,1,17,9,14,7,59
8,18,2026,1,17,10,15,11,63
8,21,2026,1,17,11,19,22,60
8,27,2026,1,17,10,8,2,66
8,32,2026,1,17,9,11,11,66
8,38,2026,1,17,8,12,19,59
8,41,2026,1,17,7,2,24,37
8,48,2026,1,17,5,20,18,39
9,0,2026,1,17,5,6,0,45
9,4,2026,1,17,7,3,21,27
9,9,2026,1,17,8,3,2,28
9,13,2026,1,17,9,4,9,23
9,18,2026,1,17,10,2,9,16
9,21,2026,1,17,11,6,7,15
9,27,2026,1,17,10,6,1,20
9,32,2026,1,17,9,6,2,24
9,38,2026,1,17,8,5,3,26
9,41,2026,1,17,7,3,22,7
9,48,2026,1,17,5,2,4,5
10,0,2026,1,17,5,4,0,9
10,4,2026,1,17,7,5,3,11
10,9,2026,1,17,8,5,5,11
10,13,2026,1,17,9,5,0,16
10,18,2026,1,17,10,5,6,15
10,21,2026,1,17,11,6,5,16
10,27,2026,1,17,10,4,3,17
10,32,2026,1,17,9,3,1,19
10,38,2026,1,17,8,3,2,20
10,41,2026,1,17,7,6,9,17
10,48,2026,1,17,5,3,11,9
11,0,2026,1,17,5,5,0,14
11,4,2026,1,17,7,4,2,16
11,9,2026,1,17,8,3,5,14
11,13,2026,1,17,9,5,5,14
11,18,2026,1,17,10,6,5,15
11,21,2026,1,17,11,2,7,10
11,27,2026,1,17,10,4,2,12
11,32,2026,1,17,9,3,3,12
11,38,2026,1,17,8,3,4,11
11,41,2026,1,17,7,3,3,11
11,48,2026,1,17,5,6,5,12
12,0,2026,1,17,5,5,0,17
12,4,2026,1,17,7,3,1,19
12,9,2026,1,17,8,6,6,19
12,13,2026,1,17,9,2,6,15
12,18,2026,1,17,10,5,5,15
12,21,2026,1,17,11,5,7,13
12,27,2026,1,17,10,6,2,17
12,32,2026,1,17,9,6,3,20
12,38,2026,1,17,8,2,3,19
12,41,2026,1,17,7,5,7,17
12,48,2026,1,17,5,3,6,14
13,0,2026,1,17,5,3,0,17
13,4,2026,1,17,7,30,1,46
13,9,2026,1,17,8,2,9,39
13,13,2026,1,17,9,3,11,31
13,18,2026,1,17,10,5,10,26
13,21,2026,1,17,11,4,12,18
13,27,2026,1,17,10,2,1,19
13,32,2026,1,17,9,4,1,22
13,38,2026,1,17,8,3,4,21
13,41,2026,1,17,7,31,1,51
13,48,2026,1,17,5,5,24,32
14,0,2026,1,17,5,4,0,36
14,4,2026,1,17,7,20,1,55
14,9,2026,1,17,8,6,9,52
14,13,2026,1,17,9,6,18,40
14,18,2026,1,17,10,4,17,27
14,21,2026,1,17,11,4,14,17
14,27,2026,1,17,10,4,3,18
14,32,2026,1,17,9,3,0,21
14,38,2026,1,17,8,4,6,19
14,41,2026,1,17,7,29,3,45
14,48,2026,1,17,5,6,13,38
15,0,2026,1,17,5,4,0,42
15,4,2026,1,17,7,26,2,66
15,9,2026,1,17,8,4,17,53
15,13,2026,1,17,9,3,19,37
15,18,2026,1,17,10,2,12,27
15,21,2026,1,17,11,5,17,15
15,27,2026,1,17,10,4,2,17
15,32,2026,1,17,9,5,2,20
15,38,2026,1,17,8,6,6,20
15,41,2026,1,17,7,16,5,31
15,48,2026,1,17,5,5,14,22
16,0,2026,1,17,5,2,0,24
16,4,2026,1,17,7,2,0,26
16,9,2026,1,17,8,3,4,25
16,13,2026,1,17,9,5,7,23
16,18,2026,1,17,10,3,12,14
16,21,2026,1,17,11,6,10,10
16,27,2026,1,17,10,3,0,13
16,32,2026,1,17,9,6,6,13
16,38,2026,1,17,8,2,0,15
16,41,2026,1,17,7,2,4,13
16,48,2026,1,17,5,5,4,14
17,0,2026,1,17,5,3,0,17
17,4,2026,1,17,7,2,1,18
17,9,2026,1,17,8,6,5,19
17,13,2026,1,17,9,4,2,21
17,18,2026,1,17,10,2,11,12
17,21,2026,1,17,11,4,5,11
17,27,2026,1,17,10,4,1,14
17,32,2026,1,17,9,5,1,18
17,38,2026,1,17,8,2,5,15
17,41,2026,1,17,7,5,4,16
17,48,2026,1,17,5,5,10,11
18,0,2026,1,17,5,5,0,16
18,4,2026,1,17,7,3,2,17
18,9,2026,1,17,8,2,3,16
18,13,2026,1,17,9,3,8,11
18,18,2026,1,17,10,2,3,10
18,21,2026,1,17,11,5,5,10
18,27,2026,1,17,10,6,1,15
18,32,2026,1,17,9,5,1,19
18,38,2026,1,17,8,6,6,19
18,41,2026,1,17,7,4,7,16
18,48,2026,1,17,5,6,6,16
19,0,2026,1,17,5,6,0,22
19,4,2026,1,17,7,4,2,24
19,9,2026,1,17,8,6,4,26
19,13,2026,1,17,9,2,6,22
19,18,2026,1,17,10,3,11,14
19,21,2026,1,17,11,2,8,8
19,27,2026,1,17,10,5,0,13
19,32,2026,1,17,9,3,3,13
19,38,2026,1,17,8,6,1,18
19,41,2026,1,17,7,4,4,18
19,48,2026,1,17,5,4,8,14
20,0,2026,1,17,5,2,0,16
20,4,2026,1,17,7,6,1,21
20,9,2026,1,17,8,4,4,21
20,13,2026,1,17,9,6,6,21
20,18,2026,1,17,10,3,8,16
20,21,2026,1,17,11,5,7,14
20,27,2026,1,17,10,5,1,18
20,32,2026,1,17,9,3,3,18
20,38,2026,1,17,8,2,5,15
20,41,2026,1,17,7,3,6,12
20,48,2026,1,17,5,2,6,8
21,0,2026,1,17,5,5,0,13
21,4,2026,1,17,7,2,0,15
21,9,2026,1,17,8,2,2,15
21,13,2026,1,17,9,2,4,13
21,18,2026,1,17,10,3,5,11
21,21,2026,1,17,11,4,5,10
21,27,2026,1,17,10,5,0,15
21,32,2026,1,17,9,5,2,18
21,38,2026,1,17,8,2,2,18
21,41,2026,1,17,7,2,9,11
21,48,2026,1,17,5,4,7,8
22,0,2026,1,17,5,4,0,12
22,4,2026,1,17,7,5,1,16
22,9,2026,1,17,8,3,3,16
22,13,2026,1,17,9,2,1,17
22,18,2026,1,17,10,4,7,14
22,21,2026,1,17,11,2,8,8
22,27,2026,1,17,10,3,1,10
22,32,2026,1,17,9,4,0,14
22,38,2026,1,17,8,3,1,16
22,41,2026,1,17,7,5,8,13
22,48,2026,1,17,5,6,5,14
23,0,2026,1,17,5,6,0,20
23,4,2026,1,17,7,4,1,23
23,9,2026,1,17,8,4,3,24
23,13,2026,1,17,9,3,7,20
23,18,2026,1,17,10,3,8,15
23,21,2026,1,17,11,3,9,9
23,27,2026,1,17,10,5,0,14
23,32,2026,1,17,9,3,3,14
23,38,2026,1,17,8,2,1,15
23,41,2026,1,17,7,2,5,12
23,48,2026,1,17,5,0,12,0
6,0,2026,1,18,5,13,0,13
6,4,2026,1,18,7,4,4,13
6,9,2026,1,18,8,5,2,16
6,13,2026,1,18,9,5,5,16
6,18,2026,1,18,10,9,5,20
6,21,2026,1,18,11,6,11,15
6,27,2026,1,18,10,19,2,32
6,32,2026,1,18,9,11,7,36
6,38,2026,1,18,8,16,10,42
6,41,2026,1,18,7,2,11,33
6,48,2026,1,18,5,6,12,27
7,0,2026,1,18,5,17,0,44
7,4,2026,1,18,7,2,17,29
7,9,2026,1,18,8,12,1,40
7,13,2026,1,18,9,19,8,51
7,18,2026,1,18,10,14,8,57
7,21,2026,1,18,11,21,21,57
7,27,2026,1,18,10,14,5,66
7,32,2026,1,18,9,13,14,65
7,38,2026,1,18,8,6,14,57
7,41,2026,1,18,7,3,25,35
7,48,2026,1,18,5,22,21,36
8,0,2026,1,18,5,9,0,45
8,4,2026,1,18,7,3,23,25
8,9,2026,1,18,8,14,3,36
8,13,2026,1,18,9,20,5,51
8,18,2026,1,18,10,17,7,61
8,21,2026,1,18,11,5,19,47
8,27,2026,1,18,10,9,1,55
8,32,2026,1,18,9,19,12,62
8,38,2026,1,18,8,17,13,66
8,41,2026,1,18,7,2,26,42
8,48,2026,1,18,5,22,18,46
9,0,2026,1,18,5,3,0,49
9,4,2026,1,18,7,4,18,35
9,9,2026,1,18,8,3,1,37
9,13,2026,1,18,9,6,7,36
9,18,2026,1,18,10,6,15,27
9,21,2026,1,18,11,5,13,19
9,27,2026,1,18,10,2,0,21
9,32,2026,1,18,9,3,1,23
9,38,2026,1,18,8,4,2,25
9,41,2026,1,18,7,2,20,7
9,48,2026,1,18,5,6,5,8
10,0,2026,1,18,5,2,0,10
10,4,2026,1,18,7,3,1,12
10,9,2026,1,18,8,2,4,10
10,13,2026,1,18,9,3,1,12
10,18,2026,1,18,10,5,3,14
10,21,2026,1,18,11,5,6,13
10,27,2026,1,18,10,4,0,17
10,32,2026,1,18,9,6,1,22
10,38,2026,1,18,8,3,6,19
10,41,2026,1,18,7,6,8,17
10,48,2026,1,18,5,4,7,14
11,0,2026,1,18,5,6,0,20
11,4,2026,1,18,7,6,4,22
11,9,2026,1,18,8,2,3,21
11,13,2026,1,18,9,5,8,18
11,18,2026,1,18,10,2,8,12
11,21,2026,1,18,11,4,6,10
11,27,2026,1,18,10,5,0,15
11,32,2026,1,18,9,2,5,12
11,38,2026,1,18,8,3,5,10
11,41,2026,1,18,7,2,2,10
11,48,2026,1,18,5,5,5,10
12,0,2026,1,18,5,5,0,15
12,4,2026,1,18,7,3,4,14
12,9,2026,1,18,8,5,0,19
12,13,2026,1,18,9,2,4,17
12,18,2026,1,18,10,3,10,10
12,21,2026,1,18,11,3,2,11
12,27,2026,1,18,10,2,0,13
12,32,2026,1,18,9,2,2,13
12,38,2026,1,18,8,4,3,14
12,41,2026,1,18,7,3,3,14
12,48,2026,1,18,5,2,5,11
13,0,2026,1,18,5,4,0,15
13,4,2026,1,18,7,17,1,31
13,9,2026,1,18,8,3,2,32
13,13,2026,1,18,9,2,8,26
13,18,2026,1,18,10,4,13,17
13,21,2026,1,18,11,2,9,10
13,27,2026,1,18,10,5,0,15
13,32,2026,1,18,9,4,2,17
13,38,2026,1,18,8,2,6,13
13,41,2026,1,18,7,15,4,24
13,48,2026,1,18,5,2,10,16
14,0,2026,1,18,5,2,0,18
14,4,2026,1,18,7,7,0,25
14,9,2026,1,18,8,4,6,23
14,13,2026,1,18,9,4,7,20
14,18,2026,1,18,10,5,12,13
14,21,2026,1,18,11,3,6,10
14,27,2026,1,18,10,2,0,12
14,32,2026,1,18,9,3,0,15
14,38,2026,1,18,8,5,5,15
14,41,2026,1,18,7,27,5,37
14,48,2026,1,18,5,5,12,30
15,0,2026,1,18,5,6,0,36
15,4,2026,1,18,7,16,1,51
15,9,2026,1,18,8,3,10,44
15,13,2026,1,18,9,4,9,39
15,18,2026,1,18,10,5,21,23
15,21,2026,1,18,11,4,12,15
15,27,2026,1,18,10,4,1,18
15,32,2026,1,18,9,3,4,17
15,38,2026,1,18,8,5,6,16
15,41,2026,1,18,7,20,4,32
15,48,2026,1,18,5,6,13,25
16,0,2026,1,18,5,3,0,28
16,4,2026,1,18,7,4,2,30
16,9,2026,1,18,8,5,5,30
16,13,2026,1,18,9,6,13,23
16,18,2026,1,18,10,4,13,14
16,21,2026,1,18,11,3,8,9
16,27,2026,1,18,10,6,1,14
16,32,2026,1,18,9,3,2,15
16,38,2026,1,18,8,6,2,19
16,41,2026,1,18,7,6,5,20
16,48,2026,1,18,5,6,11,15
17,0,2026,1,18,5,4,0,19
17,4,2026,1,18,7,3,2,20
17,9,2026,1,18,8,3,3,20
17,13,2026,1,18,9,4,7,17
17,18,2026,1,18,10,2,7,12
17,21,2026,1,18,11,4,8,8
17,27,2026,1,18,10,3,1,10
17,32,2026,1,18,9,4,0,14
17,38,2026,1,18,8,6,5,15
17,41,2026,1,18,7,6,5,16
17,48,2026,1,18,5,4,7,13
18,0,2026,1,18,5,3,0,16
18,4,2026,1,18,7,5,1,20
18,9,2026,1,18,8,6,3,23
18,13,2026,1,18,9,6,5,24
18,18,2026,1,18,10,3,10,17
18,21,2026,1,18,11,3,3,17
18,27,2026,1,18,10,3,0,20
18,32,2026,1,18,9,2,3,19
18,38,2026,1,18,8,3,6,16
18,41,2026,1,18,7,5,7,14
18,48,2026,1,18,5,4,9,9
19,0,2026,1,18,5,2,0,11
19,4,2026,1,18,7,5,2,14
19,9,2026,1,18,8,5,2,17
19,13,2026,1,18,9,2,3,16
19,18,2026,1,18,10,5,4,17
19,21,2026,1,18,11,3,8,12
19,27,2026,1,18,10,5,0,17
19,32,2026,1,18,9,3,4,16
19,38,2026,1,18,8,5,3,18
19,41,2026,1,18,7,6,6,18
19,48,2026,1,18,5,4,10,12
20,0,2026,1,18,5,2,0,14
20,4,2026,1,18,7,3,1,16
20,9,2026,1,18,8,4,2,18
20,13,2026,1,18,9,4,6,16
20,18,2026,1,18,10,5,8,13
20,21,2026,1,18,11,3,4,12
20,27,2026,1,18,10,5,1,16
20,32,2026,1,18,9,4,1,19
20,38,2026,1,18,8,6,3,22
20,41,2026,1,18,7,5,6,21
20,48,2026,1,18,5,6,10,17
21,0,2026,1,18,5,6,0,23
21,4,2026,1,18,7,2,1,24
21,9,2026,1,18,8,2,8,18
21,13,2026,1,18,9,6,6,18
21,18,2026,1,18,10,5,7,16
21,21,2026,1,18,11,5,4,17
21,27,2026,1,18,10,5,0,22
21,32,2026,1,18,9,2,2,22
21,38,2026,1,18,8,6,6,22
21,41,2026,1,18,7,6,7,21
21,48,2026,1,18,5,5,6,20
22,0,2026,1,18,5,6,0,26
22,4,2026,1,18,7,4,3,27
22,9,2026,1,18,8,6,7,26
22,13,2026,1,18,9,4,7,23
22,18,2026,1,18,10,4,8,19
22,21,2026,1,18,11,6,12,13
22,27,2026,1,18,10,3,0,16
22,32,2026,1,18,9,2,3,15
22,38,2026,1,18,8,6,3,18
22,41,2026,1,18,7,3,2,19
22,48,2026,1,18,5,5,8,16
23,0,2026,1,18,5,5,0,21
23,4,2026,1,18,7,2,2,21
23,9,2026,1,18,8,5,2,24
23,13,2026,1,18,9,3,3,24
23,18,2026,1,18,10,6,7,23
23,21,2026,1,18,11,5,12,16
23,27,2026,1,18,10,4,1,19
23,32,2026,1,18,9,3,5,17
23,38,2026,1,18,8,4,5,16
23,41,2026,1,18,7,3,10,9
23,48,2026,1,18,5,0,9,0
6,0,2026,1,19,5,9,0,9
6,4,2026,1,19,7,5,1,13
6,9,2026,1,19,8,11,1,23
6,13,2026,1,19,9,5,5,23
6,18,2026,1,19,10,11,4,30
6,21,2026,1,19,11,11,10,31
6,27,2026,1,19,10,21,1,51
6,32,2026,1,19,9,13,11,53
6,38,2026,1,19,8,12,12,53
6,41,2026,1,19,7,4,19,38
6,48,2026,1,19,5,12,19,31
7,0,2026,1,19,5,6,0,37
7,4,2026,1,19,7,3,11,29
7,9,2026,1,19,8,12,1,40
7,13,2026,1,19,9,12,5,47
7,18,2026,1,19,10,18,12,53
7,21,2026,1,19,11,13,13,53
7,27,2026,1,19,10,19,6,66
7,32,2026,1,19,9,4,4,66
7,38,2026,1,19,8,8,9,65
7,41,2026,1,19,7,1,33,33
7,48,2026,1,19,5,20,18,35
8,0,2026,1,19,5,9,0,44
8,4,2026,1,19,7,5,21,28
8,9,2026,1,19,8,16,4,40
8,13,2026,1,19,9,16,6,50
8,18,2026,1,19,10,16,9,57
8,21,2026,1,19,11,20,18,59
8,27,2026,1,19,10,11,4,66
8,32,2026,1,19,9,8,8,66
8,38,2026,1,19,8,11,11,66
8,41,2026,1,19,7,3,34,35
8,48,2026,1,19,5,18,17,36
9,0,2026,1,19,5,2,0,38
9,4,2026,1,19,7,3,16,25
9,9,2026,1,19,8,5,1,29
9,13,2026,1,19,9,2,9,22
9,18,2026,1,19,10,3,1,24
9,21,2026,1,19,11,2,12,14
9,27,2026,1,19,10,6,1,19
9,32,2026,1,19,9,2,0,21
9,38,2026,1,19,8,2,1,22
9,41,2026,1,19,7,5,17,10
9,48,2026,1,19,5,3,7,6
10,0,2026,1,19,5,3,0,9
10,4,2026,1,19,7,5,2,12
10,9,2026,1,19,8,6,1,17
10,13,2026,1,19,9,4,5,16
10,18,2026,1,19,10,5,5,16
10,21,2026,1,19,11,2,7,11
10,27,2026,1,19,10,2,1,12
10,32,2026,1,19,9,4,1,15
10,38,2026,1,19,8,4,2,17
10,41,2026,1,19,7,2,6,13
10,48,2026,1,19,5,4,5,12
11,0,2026,1,19,5,6,0,18
11,4,2026,1,19,7,5,1,22
11,9,2026,1,19,8,6,2,26
11,13,2026,1,19,9,3,6,23
11,18,2026,1,19,10,5,12,16
11,21,2026,1,19,11,6,5,17
11,27,2026,1,19,10,4,0,21
11,32,2026,1,19,9,2,4,19
11,38,2026,1,19,8,5,4,20
11,41,2026,1,19,7,2,5,17
11,48,2026,1,19,5,5,10,12
12,0,2026,1,19,5,2,0,14
12,4,2026,1,19,7,5,2,17
12,9,2026,1,19,8,4,3,18
12,13,2026,1,19,9,3,3,18
12,18,2026,1,19,10,5,5,18
12,21,2026,1,19,11,2,11,9
12,27,2026,1,19,10,2,1,10
12,32,2026,1,19,9,5,1,14
12,38,2026,1,19,8,4,4,14
12,41,2026,1,19,7,3,6,11
12,48,2026,1,19,5,2,5,8
13,0,2026,1,19,5,2,0,10
13,4,2026,1,19,7,30,0,40
13,9,2026,1,19,8,6,8,38
13,13,2026,1,19,9,6,7,37
13,18,2026,1,19,10,6,14,29
13,21,2026,1,19,11,2,8,23
13,27,2026,1,19,10,3,0,26
13,32,2026,1,19,9,6,3,29
13,38,2026,1,19,8,4,3,30
13,41,2026,1,19,7,21,6,45
13,48,2026,1,19,5,5,20,30
14,0,2026,1,19,5,6,0,36
14,4,2026,1,19,7,14,3,47
14,9,2026,1,19,8,2,9,40
14,13,2026,1,19,9,4,10,34
14,18,2026,1,19,10,5,15,24
14,21,2026,1,19,11,6,19,11
14,27,2026,1,19,10,6,0,17
14,32,2026,1,19,9,6,3,20
14,38,2026,1,19,8,6,4,22
14,41,2026,1,19,7,20,4,38
14,48,2026,1,19,5,3,14,27
15,0,2026,1,19,5,5,0,32
15,4,2026,1,19,7,7,2,37
15,9,2026,1,19,8,2,8,31
15,13,2026,1,19,9,3,10,24
15,18,2026,1,19,10,2,9,17
15,21,2026,1,19,11,2,11,8
15,27,2026,1,19,10,3,0,11
15,32,2026,1,19,9,4,3,12
15,38,2026,1,19,8,3,3,12
15,41,2026,1,19,7,24,1,35
15,48,2026,1,19,5,2,12,25
16,0,2026,1,19,5,4,0,29
16,4,2026,1,19,7,4,2,31
16,9,2026,1,19,8,5,6,30
16,13,2026,1,19,9,3,8,25
16,18,2026,1,19,10,5,16,14
16,21,2026,1,19,11,2,3,13
16,27,2026,1,19,10,5,0,18
16,32,2026,1,19,9,6,2,22
16,38,2026,1,19,8,4,7,19
16,41,2026,1,19,7,6,8,17
16,48,2026,1,19,5,4,9,12
17,0,2026,1,19,5,6,0,18
17,4,2026,1,19,7,5,2,21
17,9,2026,1,19,8,5,2,24
17,13,2026,1,19,9,5,7,22
17,18,2026,1,19,10,5,9,18
17,21,2026,1,19,11,2,10,10
17,27,2026,1,19,10,3,0,13
17,32,2026,1,19,9,4,3,14
17,38,2026,1,19,8,4,3,15
17,41,2026,1,19,7,6,5,16
17,48,2026,1,19,5,2,9,9
18,0,2026,1,19,5,4,0,13
18,4,2026,1,19,7,3,3,13
18,9,2026,1,19,8,3,2,14
18,13,2026,1,19,9,5,6,13
18,18,2026,1,19,10,6,2,17
18,21,2026,1,19,11,3,6,14
18,27,2026,1,19,10,5,1,18
18,32,2026,1,19,9,2,5,15
18,38,2026,1,19,8,4,8,11
18,41,2026,1,19,7,6,4,13
18,48,2026,1,19,5,6,2,17
19,0,2026,1,19,5,4,0,21
19,4,2026,1,19,7,6,1,26
19,9,2026,1,19,8,4,7,23
19,13,2026,1,19,9,4,7,20
19,18,2026,1,19,10,5,10,15
19,21,2026,1,19,11,6,3,18
19,27,2026,1,19,10,6,3,21
19,32,2026,1,19,9,2,0,23
19,38,2026,1,19,8,6,4,25
19,41,2026,1,19,7,5,10,20
19,48,2026,1,19,5,3,13,10
20,0,2026,1,19,5,3,0,13
20,4,2026,1,19,7,2,0,15
20,9,2026,1,19,8,4,2,17
20,13,2026,1,19,9,2,3,16
20,18,2026,1,19,10,6,4,18
20,21,2026,1,19,11,3,9,12
20,27,2026,1,19,10,6,1,17
20,32,2026,1,19,9,3,3,17
20,38,2026,1,19,8,4,3,18
20,41,2026,1,19,7,5,8,15
20,48,2026,1,19,5,3,10,8
21,0,2026,1,19,5,6,0,14
21,4,2026,1,19,7,3,4,13
21,9,2026,1,19,8,5,4,14
21,13,2026,1,19,9,6,3,17
21,18,2026,1,19,10,6,5,18
21,21,2026,1,19,11,5,7,16
21,27,2026,1,19,10,3,0,19
21,32,2026,1,19,9,3,5,17
21,38,2026,1,19,8,4,2,19
21,41,2026,1,19,7,2,11,10
21,48,2026,1,19,5,6,6,10
22,0,2026,1,19,5,4,0,14
22,4,2026,1,19,7,2,0,16
22,9,2026,1,19,8,6,1,21
22,13,2026,1,19,9,3,6,18
22,18,2026,1,19,10,6,10,14
22,21,2026,1,19,11,4,6,12
22,27,2026,1,19,10,5,0,17
22,32,2026,1,19,9,6,3,20
22,38,2026,1,19,8,3,2,21
22,41,2026,1,19,7,5,9,17
22,48,2026,1,19,5,5,7,15
23,0,2026,1,19,5,5,0,20
23,4,2026,1,19,7,5,0,25
23,9,2026,1,19,8,5,4,26
23,13,2026,1,19,9,4,5,25
23,18,2026,1,19,10,5,7,23
23,21,2026,1,19,11,5,13,15
23,27,2026,1,19,10,5,0,20
23,32,2026,1,19,9,4,2,22
23,38,2026,1,19,8,4,5,21
23,41,2026,1,19,7,4,9,16
23,48,2026,1,19,5,0,16,0
6,0,2026,1,20,5,12,0,12
6,4,2026,1,20,7,3,1,14
6,9,2026,1,20,8,20,2,32
6,13,2026,1,20,9,14,6,40
6,18,2026,1,20,10,15,15,40
6,21,2026,1,20,11,5,11,34
6,27,2026,1,20,10,14,1,47
6,32,2026,1,20,9,13,12,48
6,38,2026,1,20,8,9,13,44
6,41,2026,1,20,7,3,18,29
6,48,2026,1,20,5,14,18,25
7,0,2026,1,20,5,15,0,40
7,4,2026,1,20,7,2,19,23
7,9,2026,1,20,8,21,4,40
7,13,2026,1,20,9,6,8,38
7,18,2026,1,20,10,5,7,36
7,21,2026,1,20,11,17,10,43
7,27,2026,1,20,10,6,3,46
7,32,2026,1,20,9,22,9,59
7,38,2026,1,20,8,17,10,66
7,41,2026,1,20,7,3,22,47
7,48,2026,1,20,5,7,22,32
8,0,2026,1,20,5,5,0,37
8,4,2026,1,20,7,2,10,29
8,9,2026,1,20,8,9,2,36
8,13,2026,1,20,9,21,7,50
8,18,2026,1,20,10,22,13,59
8,21,2026,1,20,11,11,15,55
8,27,2026,1,20,10,9,2,62
8,32,2026,1,20,9,11,13,60
8,38,2026,1,20,8,17,18,59
8,41,2026,1,20,7,4,21,42
8,48,2026,1,20,5,17,16,43
9,0,2026,1,20,5,5,0,48
9,4,2026,1,20,7,4,17,35
9,9,2026,1,20,8,5,4,36
9,13,2026,1,20,9,2,10,28
9,18,2026,1,20,10,3,9,22
9,21,2026,1,20,11,4,14,12
9,27,2026,1,20,10,6,0,18
9,32,2026,1,20,9,5,1,22
9,38,2026,1,20,8,6,2,26
9,41,2026,1,20,7,1,22,5
9,48,2026,1,20,5,5,2,8
10,0,2026,1,20,5,3,0,11
10,4,2026,1,20,7,2,2,11
10,9,2026,1,20,8,4,1,14
10,13,2026,1,20,9,6,3,17
10,18,2026,1,20,10,5,8,14
10,21,2026,1,20,11,5,7,12
10,27,2026,1,20,10,5,0,17
10,32,2026,1,20,9,6,1,22
10,38,2026,1,20,8,4,6,20
10,41,2026,1,20,7,2,5,17
10,48,2026,1,20,5,6,8,15
11,0,2026,1,20,5,5,0,20
11,4,2026,1,20,7,5,3,22
11,9,2026,1,20,8,3,2,23
11,13,2026,1,20,9,4,6,21
11,18,2026,1,20,10,3,6,18
11,21,2026,1,20,11,2,9,11
11,27,2026,1,20,10,3,0,14
11,32,2026,1,20,9,2,2,14
11,38,2026,1,20,8,5,2,17
11,41,2026,1,20,7,2,9,10
11,48,2026,1,20,5,6,6,10
12,0,2026,1,20,5,4,0,14
12,4,2026,1,20,7,4,2,16
12,9,2026,1,20,8,4,5,15
12,13,2026,1,20,9,5,4,16
12,18,2026,1,20,10,6,6,16
12,21,2026,1,20,11,2,6,12
12,27,2026,1,20,10,3,1,14
12,32,2026,1,20,9,4,3,15
12,38,2026,1,20,8,6,7,14
12,41,2026,1,20,7,6,5,15
12,48,2026,1,20,5,2,7,10
13,0,2026,1,20,5,5,0,15
13,4,2026,1,20,7,27,1,41
13,9,2026,1,20,8,3,11,33
13,13,2026,1,20,9,6,9,30
13,18,2026,1,20,10,2,10,22
13,21,2026,1,20,11,2,10,14
13,27,2026,1,20,10,5,0,19
13,32,2026,1,20,9,2,3,18
13,38,2026,1,20,8,2,4,16
13,41,2026,1,20,7,24,2,38
13,48,2026,1,20,5,4,10,32
14,0,2026,1,20,5,6,0,38
14,4,2026,1,20,7,24,1,61
14,9,2026,1,20,8,2,12,51
14,13,2026,1,20,9,5,13,43
14,18,2026,1,20,10,4,15,32
14,21,2026,1,20,11,4,17,19
14,27,2026,1,20,10,3,0,22
14,32,2026,1,20,9,6,3,25
14,38,2026,1,20,8,4,3,26
14,41,2026,1,20,7,14,4,36
14,48,2026,1,20,5,5,18,23
15,0,2026,1,20,5,2,0,25
15,4,2026,1,20,7,12,2,35
15,9,2026,1,20,8,2,5,32
15,13,2026,1,20,9,5,5,32
15,18,2026,1,20,10,3,18,17
15,21,2026,1,20,11,6,8,15
15,27,2026,1,20,10,5,4,16
15,32,2026,1,20,9,4,2,18
15,38,2026,1,20,8,4,6,16
15,41,2026,1,20,7,10,5,21
15,48,2026,1,20,5,6,9,18
16,0,2026,1,20,5,3,0,21
16,4,2026,1,20,7,3,1,23
16,9,2026,1,20,8,3,4,22
16,13,2026,1,20,9,4,10,16
16,18,2026,1,20,10,5,7,14
16,21,2026,1,20,11,4,4,14
16,27,2026,1,20,10,3,2,15
16,32,2026,1,20,9,2,0,17
16,38,2026,1,20,8,5,3,19
16,41,2026,1,20,7,4,8,15
16,48,2026,1,20,5,6,10,11
17,0,2026,1,20,5,5,0,16
17,4,2026,1,20,7,6,2,20
17,9,2026,1,20,8,4,3,21
17,13,2026,1,20,9,3,7,17
17,18,2026,1,20,10,6,9,14
17,21,2026,1,20,11,3,9,8
17,27,2026,1,20,10,5,1,12
17,32,2026,1,20,9,5,4,13
17,38,2026,1,20,8,6,3,16
17,41,2026,1,20,7,4,9,11
17,48,2026,1,20,5,2,3,10
18,0,2026,1,20,5,5,0,15
18,4,2026,1,20,7,4,2,17
18,9,2026,1,20,8,2,1,18
18,13,2026,1,20,9,2,8,12
18,18,2026,1,20,10,4,7,9
18,21,2026,1,20,11,4,4,9
18,27,2026,1,20,10,5,2,12
18,32,2026,1,20,9,6,1,17
18,38,2026,1,20,8,3,2,18
18,41,2026,1,20,7,2,7,13
18,48,2026,1,20,5,3,5,11
19,0,2026,1,20,5,2,0,13
19,4,2026,1,20,7,2,0,15
19,9,2026,1,20,8,6,3,18
19,13,2026,1,20,9,2,3,17
19,18,2026,1,20,10,2,3,16
19,21,2026,1,20,11,2,11,7
19,27,2026,1,20,10,3,0,10
19,32,2026,1,20,9,4,0,14
19,38,2026,1,20,8,2,4,12
19,41,2026,1,20,7,5,3,14
19,48,2026,1,20,5,2,7,9
20,0,2026,1,20,5,2,0,11
20,4,2026,1,20,7,3,1,13
20,9,2026,1,20,8,6,3,16
20,13,2026,1,20,9,4,6,14
20,18,2026,1,20,10,2,5,11
20,21,2026,1,20,11,6,6,11
20,27,2026,1,20,10,2,0,13
20,32,2026,1,20,9,6,1,18
20,38,2026,1,20,8,5,6,17
20,41,2026,1,20,7,2,4,15
20,48,2026,1,20,5,6,8,13
21,0,2026,1,20,5,5,0,18
21,4,2026,1,20,7,3,2,19
21,9,2026,1,20,8,2,2,19
21,13,2026,1,20,9,2,8,13
21,18,2026,1,20,10,2,3,12
21,21,2026,1,20,11,2,9,5
21,27,2026,1,20,10,5,0,10
21,32,2026,1,20,9,3,2,11
21,38,2026,1,20,8,3,4,10
21,41,2026,1,20,7,3,2,11
21,48,2026,1,20,5,2,5,8
22,0,2026,1,20,5,5,0,13
22,4,2026,1,20,7,4,2,15
22,9,2026,1,20,8,5,2,18
22,13,2026,1,20,9,3,4,17
22,18,2026,1,20,10,4,5,16
22,21,2026,1,20,11,2,10,8
22,27,2026,1,20,10,2,1,9
22,32,2026,1,20,9,3,1,11
22,38,2026,1,20,8,3,1,13
22,41,2026,1,20,7,2,2,13
22,48,2026,1,20,5,6,6,13
23,0,2026,1,20,5,3,0,16
23,4,2026,1,20,7,2,1,17
23,9,2026,1,20,8,2,2,17
23,13,2026,1,20,9,4,5,16
23,18,2026,1,20,10,4,7,13
23,21,2026,1,20,11,2,7,8
23,27,2026,1,20,10,4,0,12
23,32,2026,1,20,9,6,1,17
23,38,2026,1,20,8,3,7,13
23,41,2026,1,20,7,2,4,11
23,48,2026,1,20,5,0,11,0
6,0,2026,1,21,5,7,0,7
6,4,2026,1,21,7,4,1,10
6,9,2026,1,21,8,11,3,18
6,13,2026,1,21,9,21,5,34
6,18,2026,1,21,10,7,6,35
6,21,2026,1,21,11,17,12,40
6,27,2026,1,21,10,15,5,50
6,32,2026,1,21,9,7,4,53
6,38,2026,1,21,8,20,11,62
6,41,2026,1,21,7,2,20,44
6,48,2026,1,21,5,10,21,33
7,0,2026,1,21,5,7,0,40
7,4,2026,1,21,7,4,14,30
7,9,2026,1,21,8,19,4,45
7,13,2026,1,21,9,8,8,45
7,18,2026,1,21,10,8,16,37
7,21,2026,1,21,11,19,8,48
7,27,2026,1,21,10,17,6,59
7,32,2026,1,21,9,13,6,66
7,38,2026,1,21,8,12,12,66
7,41,2026,1,21,7,1,26,41
7,48,2026,1,21,5,9,20,30
8,0,2026,1,21,5,21,0,51
8,4,2026,1,21,7,2,20,33
8,9,2026,1,21,8,10,0,43
8,13,2026,1,21,9,18,11,50
8,18,2026,1,21,10,21,14,57
8,21,2026,1,21,11,12,16,53
8,27,2026,1,21,10,14,1,66
8,32,2026,1,21,9,10,10,66
8,38,2026,1,21,8,10,10,66
8,41,2026,1,21,7,1,34,33
8,48,2026,1,21,5,14,16,31
9,0,2026,1,21,5,5,0,36
9,4,2026,1,21,7,1,16,21
9,9,2026,1,21,8,4,2,23
9,13,2026,1,21,9,2,3,22
9,18,2026,1,21,10,2,6,18
9,21,2026,1,21,11,3,11,10
9,27,2026,1,21,10,2,1,11
9,32,2026,1,21,9,3,1,13
9,38,2026,1,21,8,4,1,16
9,41,2026,1,21,7,4,13,7
9,48,2026,1,21,5,6,3,10
10,0,2026,1,21,5,3,0,13
10,4,2026,1,21,7,3,2,14
10,9,2026,1,21,8,3,4,13
10,13,2026,1,21,9,6,2,17
10,18,2026,1,21,10,3,4,16
10,21,2026,1,21,11,4,8,12
10,27,2026,1,21,10,5,0,17
10,32,2026,1,21,9,6,2,21
10,38,2026,1,21,8,3,8,16
10,41,2026,1,21,7,2,6,12
10,48,2026,1,21,5,6,5,13
11,0,2026,1,21,5,4,0,17
11,4,2026,1,21,7,2,1,18
11,9,2026,1,21,8,4,3,19
11,13,2026,1,21,9,2,4,17
11,18,2026,1,21,10,5,7,15
11,21,2026,1,21,11,3,8,10
11,27,2026,1,21,10,5,1,14
11,32,2026,1,21,9,2,3,13
11,38,2026,1,21,8,5,4,14
11,41,2026,1,21,7,5,3,16
11,48,2026,1,21,5,6,5,17
12,0,2026,1,21,5,3,0,20
12,4,2026,1,21,7,2,0,22
12,9,2026,1,21,8,3,4,21
12,13,2026,1,21,9,2,5,18
12,18,2026,1,21,10,6,5,19
12,21,2026,1,21,11,6,11,14
12,27,2026,1,21,10,5,1,18
12,32,2026,1,21,9,4,1,21
12,38,2026,1,21,8,6,5,22
12,41,2026,1,21,7,5,9,18
12,48,2026,1,21,5,5,11,12
13,0,2026,1,21,5,5,0,17
13,4,2026,1,21,7,18,1,34
13,9,2026,1,21,8,5,7,32
13,13,2026,1,21,9,4,10,26
13,18,2026,1,21,10,2,13,15
13,21,2026,1,21,11,4,10,9
13,27,2026,1,21,10,3,0,12
13,32,2026,1,21,9,6,2,16
13,38,2026,1,21,8,4,2,18
13,41,2026,1,21,7,30,6,42
13,48,2026,1,21,5,6,16,32
14,0,2026,1,21,5,5,0,37
14,4,2026,1,21,7,22,2,57
14,9,2026,1,21,8,5,15,47
14,13,2026,1,21,9,6,10,43
14,18,2026,1,21,10,3,15,31
14,21,2026,1,21,11,5,13,23
14,27,2026,1,21,10,3,3,23
14,32,2026,1,21,9,6,1,28
14,38,2026,1,21,8,3,4,27
14,41,2026,1,21,7,27,4,50
14,48,2026,1,21,5,6,20,36
15,0,2026,1,21,5,3,0,39
15,4,2026,1,21,7,28,1,66
15,9,2026,1,21,8,4,15,55
15,13,2026,1,21,9,2,21,36
15,18,2026,1,21,10,4,12,28
15,21,2026,1,21,11,3,18,13
15,27,2026,1,21,10,2,1,14
15,32,2026,1,21,9,4,1,17
15,38,2026,1,21,8,3,6,14
15,41,2026,1,21,7,31,1,44
15,48,2026,1,21,5,4,16,32
16,0,2026,1,21,5,6,0,38
16,4,2026,1,21,7,5,1,42
16,9,2026,1,21,8,2,7,37
16,13,2026,1,21,9,4,9,32
16,18,2026,1,21,10,6,12,26
16,21,2026,1,21,11,3,14,15
16,27,2026,1,21,10,5,0,20
16,32,2026,1,21,9,4,1,23
16,38,2026,1,21,8,6,5,24
16,41,2026,1,21,7,3,8,19
16,48,2026,1,21,5,3,9,13
17,0,2026,1,21,5,3,0,16
17,4,2026,1,21,7,5,0,21
17,9,2026,1,21,8,3,4,20
17,13,2026,1,21,9,2,6,16
17,18,2026,1,21,10,3,8,11
17,21,2026,1,21,11,2,6,7
17,27,2026,1,21,10,5,1,11
17,32,2026,1,21,9,3,1,13
17,38,2026,1,21,8,5,6,12
17,41,2026,1,21,7,4,3,13
17,48,2026,1,21,5,6,5,14
18,0,2026,1,21,5,2,0,16
18,4,2026,1,21,7,2,3,15
18,9,2026,1,21,8,4,2,17
18,13,2026,1,21,9,4,3,18
18,18,2026,1,21,10,4,9,13
18,21,2026,1,21,11,3,7,9
18,27,2026,1,21,10,2,0,11
18,32,2026,1,21,9,3,2,12
18,38,2026,1,21,8,3,4,11
18,41,2026,1,21,7,5,4,12
18,48,2026,1,21,5,5,4,13
19,0,2026,1,21,5,6,0,19
19,4,2026,1,21,7,4,1,22
19,9,2026,1,21,8,4,6,20
19,13,2026,1,21,9,6,1,25
19,18,2026,1,21,10,4,8,21
19,21,2026,1,21,11,4,9,16
19,27,2026,1,21,10,4,1,19
19,32,2026,1,21,9,6,3,22
19,38,2026,1,21,8,2,6,18
19,41,2026,1,21,7,4,7,15
19,48,2026,1,21,5,2,8,9
20,0,2026,1,21,5,3,0,12
20,4,2026,1,21,7,6,2,16
20,9,2026,1,21,8,3,1,18
20,13,2026,1,21,9,6,5,19
20,18,2026,1,21,10,6,8,17
20,21,2026,1,21,11,6,6,17
20,27,2026,1,21,10,6,1,22
20,32,2026,1,21,9,4,2,24
20,38,2026,1,21,8,2,7,19
20,41,2026,1,21,7,4,8,15
20,48,2026,1,21,5,4,11,8
21,0,2026,1,21,5,4,0,12
21,4,2026,1,21,7,2,2,12
21,9,2026,1,21,8,4,3,13
21,13,2026,1,21,9,5,9,9
21,18,2026,1,21,10,3,1,11
21,21,2026,1,21,11,2,1,12
21,27,2026,1,21,10,3,0,15
21,32,2026,1,21,9,6,1,20
21,38,2026,1,21,8,4,4,20
21,41,2026,1,21,7,2,12,10
21,48,2026,1,21,5,4,4,10
22,0,2026,1,21,5,2,0,12
22,4,2026,1,21,7,4,2,14
22,9,2026,1,21,8,3,1,16
22,13,2026,1,21,9,4,3,17
22,18,2026,1,21,10,2,3,16
22,21,2026,1,21,11,5,9,12
22,27,2026,1,21,10,6,1,17
22,32,2026,1,21,9,4,0,21
22,38,2026,1,21,8,5,6,20
22,41,2026,1,21,7,3,6,17
22,48,2026,1,21,5,5,9,13
23,0,2026,1,21,5,2,0,15
23,4,2026,1,21,7,4,6,13
23,9,2026,1,21,8,3,1,15
23,13,2026,1,21,9,3,5,13
23,18,2026,1,21,10,3,4,12
23,21,2026,1,21,11,6,9,9
23,27,2026,1,21,10,3,1,11
23,32,2026,1,21,9,5,2,14
23,38,2026,1,21,8,5,3,16
23,41,2026,1,21,7,5,5,16
23,48,2026,1,21,5,0,16,0
6,0,2026,1,22,5,8,0,8
6,4,2026,1,22,7,3,1,10
6,9,2026,1,22,8,5,2,13
6,13,2026,1,22,9,19,6,26
6,18,2026,1,22,10,10,6,30
6,21,2026,1,22,11,11,7,34
6,27,2026,1,22,10,22,0,56
6,32,2026,1,22,9,13,5,64
6,38,2026,1,22,8,18,16,66
6,41,2026,1,22,7,6,16,56
6,48,2026,1,22,5,20,21,55
7,0,2026,1,22,5,11,0,66
7,4,2026,1,22,7,4,23,47
7,9,2026,1,22,8,14,4,57
7,13,2026,1,22,9,12,9,60
7,18,2026,1,22,10,9,15,54
7,21,2026,1,22,11,20,20,54
7,27,2026,1,22,10,15,3,66
7,32,2026,1,22,9,5,11,60
7,38,2026,1,22,8,15,12,63
7,41,2026,1,22,7,2,23,42
7,48,2026,1,22,5,7,23,26
8,0,2026,1,22,5,7,0,33
8,4,2026,1,22,7,3,11,25
8,9,2026,1,22,8,21,3,43
8,13,2026,1,22,9,7,10,40
8,18,2026,1,22,10,20,8,52
8,21,2026,1,22,11,6,14,44
8,27,2026,1,22,10,5,2,47
8,32,2026,1,22,9,10,8,49
8,38,2026,1,22,8,8,11,46
8,41,2026,1,22,7,4,21,29
8,48,2026,1,22,5,9,11,27
9,0,2026,1,22,5,4,0,31
9,4,2026,1,22,7,2,9,24
9,9,2026,1,22,8,4,2,26
9,13,2026,1,22,9,4,5,25
9,18,2026,1,22,10,4,8,21
9,21,2026,1,22,11,2,11,12
9,27,2026,1,22,10,6,0,18
9,32,2026,1,22,9,3,1,20
9,38,2026,1,22,8,2,0,22
9,41,2026,1,22,7,3,20,5
9,48,2026,1,22,5,2,2,5
10,0,2026,1,22,5,6,0,11
10,4,2026,1,22,7,3,3,11
10,9,2026,1,22,8,6,2,15
10,13,2026,1,22,9,5,5,15
10,18,2026,1,22,10,4,4,15
10,21,2026,1,22,11,3,7,11
10,27,2026,1,22,10,3,0,14
10,32,2026,1,22,9,4,4,14
10,38,2026,1,22,8,5,2,17
10,41,2026,1,22,7,4,6,15
10,48,2026,1,22,5,2,5,12
11,0,2026,1,22,5,3,0,15
11,4,2026,1,22,7,2,0,17
11,9,2026,1,22,8,4,1,20
11,13,2026,1,22,9,3,5,18
11,18,2026,1,22,10,2,7,13
11,21,2026,1,22,11,5,8,10
11,27,2026,1,22,10,4,3,11
11,32,2026,1,22,9,5,1,15
11,38,2026,1,22,8,4,3,16
11,41,2026,1,22,7,2,6,12
11,48,2026,1,22,5,5,5,12
12,0,2026,1,22,5,5,0,17
12,4,2026,1,22,7,5,0,22
12,9,2026,1,22,8,5,2,25
12,13,2026,1,22,9,2,4,23
12,18,2026,1,22,10,3,10,16
12,21,2026,1,22,11,3,10,9
12,27,2026,1,22,10,3,1,11
12,32,2026,1,22,9,6,2,15
12,38,2026,1,22,8,2,3,14
12,41,2026,1,22,7,4,6,12
12,48,2026,1,22,5,6,5,13
13,0,2026,1,22,5,6,0,19
13,4,2026,1,22,7,28,0,47
13,9,2026,1,22,8,3,9,41
13,13,2026,1,22,9,2,12,31
13,18,2026,1,22,10,6,12,25
13,21,2026,1,22,11,3,13,15
13,27,2026,1,22,10,5,2,18
13,32,2026,1,22,9,6,4,20
13,38,2026,1,22,8,5,7,18
13,41,2026,1,22,7,31,4,45
13,48,2026,1,22,5,5,17,33
14,0,2026,1,22,5,5,0,38
14,4,2026,1,22,7,20,0,58
14,9,2026,1,22,8,4,8,54
14,13,2026,1,22,9,6,13,47
14,18,2026,1,22,10,5,14,38
14,21,2026,1,22,11,3,20,21
14,27,2026,1,22,10,6,1,26
14,32,2026,1,22,9,4,1,29
14,38,2026,1,22,8,4,7,26
14,41,2026,1,22,7,17,3,40
14,48,2026,1,22,5,5,17,28
15,0,2026,1,22,5,2,0,30
15,4,2026,1,22,7,8,1,37
15,9,2026,1,22,8,3,6,34
15,13,2026,1,22,9,3,9,28
15,18,2026,1,22,10,3,10,21
15,21,2026,1,22,11,5,17,9
15,27,2026,1,22,10,5,1,13
15,32,2026,1,22,9,6,2,17
15,38,2026,1,22,8,6,8,15
15,41,2026,1,22,7,12,6,21
15,48,2026,1,22,5,3,7,17
16,0,2026,1,22,5,4,0,21
16,4,2026,1,22,7,5,0,26
16,9,2026,1,22,8,2,3,25
16,13,2026,1,22,9,6,8,23
16,18,2026,1,22,10,6,9,20
16,21,2026,1,22,11,4,9,15
16,27,2026,1,22,10,2,1,16
16,32,2026,1,22,9,2,2,16
16,38,2026,1,22,8,3,3,16
16,41,2026,1,22,7,6,5,17
16,48,2026,1,22,5,3,12,8
17,0,2026,1,22,5,5,0,13
17,4,2026,1,22,7,5,1,17
17,9,2026,1,22,8,4,1,20
17,13,2026,1,22,9,3,5,18
17,18,2026,1,22,10,3,6,15
17,21,2026,1,22,11,4,12,7
17,27,2026,1,22,10,5,1,11
17,32,2026,1,22,9,2,2,11
17,38,2026,1,22,8,2,3,10
17,41,2026,1,22,7,5,2,13
17,48,2026,1,22,5,2,4,11
18,0,2026,1,22,5,6,0,17
18,4,2026,1,22,7,5,5,17
18,9,2026,1,22,8,4,2,19
18,13,2026,1,22,9,5,6,18
18,18,2026,1,22,10,2,6,14
18,21,2026,1,22,11,5,8,11
18,27,2026,1,22,10,2,2,11
18,32,2026,1,22,9,2,2,11
18,38,2026,1,22,8,3,2,12
18,41,2026,1,22,7,3,5,10
18,48,2026,1,22,5,5,4,11
19,0,2026,1,22,5,2,0,13
19,4,2026,1,22,7,2,2,13
19,9,2026,1,22,8,5,2,16
19,13,2026,1,22,9,4,4,16
19,18,2026,1,22,10,3,1,18
19,21,2026,1,22,11,6,9,15
19,27,2026,1,22,10,5,0,20
19,32,2026,1,22,9,6,2,24
19,38,2026,1,22,8,6,6,24
19,41,2026,1,22,7,5,6,23
19,48,2026,1,22,5,4,12,15
20,0,2026,1,22,5,3,0,18
20,4,2026,1,22,7,5,1,22
20,9,2026,1,22,8,4,7,19
20,13,2026,1,22,9,5,3,21
20,18,2026,1,22,10,6,9,18
20,21,2026,1,22,11,6,9,15
20,27,2026,1,22,10,2,1,16
20,32,2026,1,22,9,4,4,16
20,38,2026,1,22,8,5,6,15
20,41,2026,1,22,7,2,5,12
20,48,2026,1,22,5,2,6,8
21,0,2026,1,22,5,3,0,11
21,4,2026,1,22,7,3,0,14
21,9,2026,1,22,8,6,4,16
21,13,2026,1,22,9,3,6,13
21,18,2026,1,22,10,3,3,13
21,21,2026,1,22,11,6,6,13
21,27,2026,1,22,10,4,4,13
21,32,2026,1,22,9,4,3,14
21,38,2026,1,22,8,5,2,17
21,41,2026,1,22,7,2,6,13
21,48,2026,1,22,5,3,5,11
22,0,2026,1,22,5,2,0,13
22,4,2026,1,22,7,3,1,15
22,9,2026,1,22,8,2,0,17
22,13,2026,1,22,9,6,3,20
22,18,2026,1,22,10,4,5,19
22,21,2026,1,22,11,3,11,11
22,27,2026,1,22,10,6,2,15
22,32,2026,1,22,9,4,4,15
22,38,2026,1,22,8,3,4,14
22,41,2026,1,22,7,2,3,13
22,48,2026,1,22,5,3,5,11
23,0,2026,1,22,5,3,0,14
23,4,2026,1,22,7,5,0,19
23,9,2026,1,22,8,5,3,21
23,13,2026,1,22,9,2,4,19
23,18,2026,1,22,10,2,8,13
23,21,2026,1,22,11,6,8,11
23,27,2026,1,22,10,2,0,13
23,32,2026,1,22,9,2,1,14
23,38,2026,1,22,8,6,4,16
23,41,2026,1,22,7,6,8,14
23,48,2026,1,22,5,0,14,0
6,0,2026,1,23,5,22,0,22
6,4,2026,1,23,7,6,4,24
6,9,2026,1,23,8,5,7,22
6,13,2026,1,23,9,15,9,28
6,18,2026,1,23,10,20,8,40
6,21,2026,1,23,11,11,12,39
6,27,2026,1,23,10,8,0,47
6,32,2026,1,23,9,9,8,48
6,38,2026,1,23,8,13,16,45
6,41,2026,1,23,7,4,15,34
6,48,2026,1,23,5,15,12,37
7,0,2026,1,23,5,12,0,49
7,4,2026,1,23,7,2,20,31
7,9,2026,1,23,8,14,2,43
7,13,2026,1,23,9,7,10,40
7,18,2026,1,23,10,18,4,54
7,21,2026,1,23,11,22,17,59
7,27,2026,1,23,10,12,5,66
7,32,2026,1,23,9,10,10,66
7,38,2026,1,23,8,12,12,66
7,41,2026,1,23,7,3,26,43
7,48,2026,1,23,5,19,25,37
8,0,2026,1,23,5,13,0,50
8,4,2026,1,23,7,3,22,31
8,9,2026,1,23,8,20,3,48
8,13,2026,1,23,9,19,5,62
8,18,2026,1,23,10,18,14,66
8,21,2026,1,23,11,6,17,55
8,27,2026,1,23,10,12,1,66
8,32,2026,1,23,9,10,10,66
8,38,2026,1,23,8,11,11,66
8,41,2026,1,23,7,3,30,39
8,48,2026,1,23,5,13,20,32
9,0,2026,1,23,5,4,0,36
9,4,2026,1,23,7,2,13,25
9,9,2026,1,23,8,5,4,26
9,13,2026,1,23,9,5,5,26
9,18,2026,1,23,10,6,8,24
9,21,2026,1,23,11,5,12,17
9,27,2026,1,23,10,6,0,23
9,32,2026,1,23,9,3,1,25
9,38,2026,1,23,8,2,2,25
9,41,2026,1,23,7,4,20,9
9,48,2026,1,23,5,6,3,12
10,0,2026,1,23,5,5,0,17
10,4,2026,1,23,7,5,1,21
10,9,2026,1,23,8,6,4,23
10,13,2026,1,23,9,6,8,21
10,18,2026,1,23,10,2,6,17
10,21,2026,1,23,11,5,12,10
10,27,2026,1,23,10,2,3,9
10,32,2026,1,23,9,3,0,12
10,38,2026,1,23,8,6,2,16
10,41,2026,1,23,7,3,5,14
10,48,2026,1,23,5,5,6,13
11,0,2026,1,23,5,6,0,19
11,4,2026,1,23,7,4,2,21
11,9,2026,1,23,8,5,6,20
11,13,2026,1,23,9,5,9,16
11,18,2026,1,23,10,6,2,20
11,21,2026,1,23,11,2,8,14
11,27,2026,1,23,10,5,1,18
11,32,2026,1,23,9,2,1,19
11,38,2026,1,23,8,6,6,19
11,41,2026,1,23,7,6,8,17
11,48,2026,1,23,5,4,8,13
12,0,2026,1,23,5,6,0,19
12,4,2026,1,23,7,6,1,24
12,9,2026,1,23,8,3,5,22
12,13,2026,1,23,9,2,7,17
12,18,2026,1,23,10,3,3,17
12,21,2026,1,23,11,3,10,10
12,27,2026,1,23,10,5,0,15
12,32,2026,1,23,9,4,3,16
12,38,2026,1,23,8,3,2,17
12,41,2026,1,23,7,6,8,15
12,48,2026,1,23,5,3,5,13
13,0,2026,1,23,5,3,0,16
13,4,2026,1,23,7,30,1,45
13,9,2026,1,23,8,5,6,44
13,13,2026,1,23,9,3,10,37
13,18,2026,1,23,10,4,12,29
13,21,2026,1,23,11,3,12,20
13,27,2026,1,23,10,3,0,23
13,32,2026,1,23,9,2,5,20
13,38,2026,1,23,8,2,3,19
13,41,2026,1,23,7,19,4,34
13,48,2026,1,23,5,3,18,19
14,0,2026,1,23,5,6,0,25
14,4,2026,1,23,7,17,1,41
14,9,2026,1,23,8,5,13,33
14,13,2026,1,23,9,4,2,35
14,18,2026,1,23,10,3,12,26
14,21,2026,1,23,11,6,17,15
14,27,2026,1,23,10,6,1,20
14,32,2026,1,23,9,3,4,19
14,38,2026,1,23,8,5,4,20
14,41,2026,1,23,7,28,2,46
14,48,2026,1,23,5,2,20,28
15,0,2026,1,23,5,6,0,34
15,4,2026,1,23,7,17,0,51
15,9,2026,1,23,8,3,7,47
15,13,2026,1,23,9,6,10,43
15,18,2026,1,23,10,5,17,31
15,21,2026,1,23,11,6,17,20
15,27,2026,1,23,10,2,2,20
15,32,2026,1,23,9,5,4,21
15,38,2026,1,23,8,3,4,20
15,41,2026,1,23,7,28,5,43
15,48,2026,1,23,5,5,15,33
16,0,2026,1,23,5,3,0,36
16,4,2026,1,23,7,3,0,39
16,9,2026,1,23,8,6,5,40
16,13,2026,1,23,9,5,16,29
16,18,2026,1,23,10,6,11,24
16,21,2026,1,23,11,3,13,14
16,27,2026,1,23,10,6,1,19
16,32,2026,1,23,9,4,3,20
16,38,2026,1,23,8,2,6,16
16,41,2026,1,23,7,6,5,17
16,48,2026,1,23,5,6,7,16
17,0,2026,1,23,5,2,0,18
17,4,2026,1,23,7,5,1,22
17,9,2026,1,23,8,4,3,23
17,13,2026,1,23,9,5,4,24
17,18,2026,1,23,10,6,14,16
17,21,2026,1,23,11,2,6,12
17,27,2026,1,23,10,6,0,18
17,32,2026,1,23,9,5,5,18
17,38,2026,1,23,8,3,3,18
17,41,2026,1,23,7,5,6,17
17,48,2026,1,23,5,5,10,12
18,0,2026,1,23,5,5,0,17
18,4,2026,1,23,7,3,2,18
18,9,2026,1,23,8,2,3,17
18,13,2026,1,23,9,4,4,17
18,18,2026,1,23,10,5,7,15
18,21,2026,1,23,11,6,7,14
18,27,2026,1,23,10,5,2,17
18,32,2026,1,23,9,3,2,18
18,38,2026,1,23,8,4,5,17
18,41,2026,1,23,7,3,8,12
18,48,2026,1,23,5,5,5,12
19,0,2026,1,23,5,5,0,17
19,4,2026,1,23,7,6,5,18
19,9,2026,1,23,8,3,3,18
19,13,2026,1,23,9,2,3,17
19,18,2026,1,23,10,3,7,13
19,21,2026,1,23,11,2,6,9
19,27,2026,1,23,10,3,0,12
19,32,2026,1,23,9,3,2,13
19,38,2026,1,23,8,4,0,17
19,41,2026,1,23,7,5,4,18
19,48,2026,1,23,5,6,4,20
20,0,2026,1,23,5,2,0,22
20,4,2026,1,23,7,2,0,24
20,9,2026,1,23,8,4,4,24
20,13,2026,1,23,9,3,7,20
20,18,2026,1,23,10,5,3,22
20,21,2026,1,23,11,5,13,14
20,27,2026,1,23,10,3,0,17
20,32,2026,1,23,9,4,2,19
20,38,2026,1,23,8,2,3,18
20,41,2026,1,23,7,2,6,14
20,48,2026,1,23,5,3,7,10
21,0,2026,1,23,5,5,0,15
21,4,2026,1,23,7,5,3,17
21,9,2026,1,23,8,3,0,20
21,13,2026,1,23,9,6,6,20
21,18,2026,1,23,10,2,8,14
21,21,2026,1,23,11,5,8,11
21,27,2026,1,23,10,6,2,15
21,32,2026,1,23,9,5,3,17
21,38,2026,1,23,8,2,8,11
21,41,2026,1,23,7,4,3,12
21,48,2026,1,23,5,4,4,12
22,0,2026,1,23,5,4,0,16
22,4,2026,1,23,7,2,1,17
22,9,2026,1,23,8,3,5,15
22,13,2026,1,23,9,5,5,15
22,18,2026,1,23,10,6,5,16
22,21,2026,1,23,11,5,7,14
22,27,2026,1,23,10,4,1,17
22,32,2026,1,23,9,4,2,19
22,38,2026,1,23,8,6,7,18
22,41,2026,1,23,7,3,7,14
22,48,2026,1,23,5,4,7,11
23,0,2026,1,23,5,3,0,14
23,4,2026,1,23,7,2,1,15
23,9,2026,1,23,8,2,2,15
23,13,2026,1,23,9,4,4,15
23,18,2026,1,23,10,5,5,15
23,21,2026,1,23,11,6,6,15
23,27,2026,1,23,10,5,1,19
23,32,2026,1,23,9,2,7,14
23,38,2026,1,23,8,3,1,16
23,41,2026,1,23,7,5,8,13
23,48,2026,1,23,5,0,13,0
6,0,2026,1,24,5,8,0,8
6,4,2026,1,24,7,6,2,12
6,9,2026,1,24,8,12,4,20
6,13,2026,1,24,9,10,7,23
6,18,2026,1,24,10,5,3,25
6,21,2026,1,24,11,20,10,35
6,27,2026,1,24,10,20,5,50
6,32,2026,1,24,9,11,8,53
6,38,2026,1,24,8,12,8,57
6,41,2026,1,24,7,6,19,44
6,48,2026,1,24,5,18,22,40
7,0,2026,1,24,5,20,0,60
7,4,2026,1,24,7,2,30,32
7,9,2026,1,24,8,5,2,35
7,13,2026,1,24,9,9,10,34
7,18,2026,1,24,10,17,10,41
7,21,2026,1,24,11,15,12,44
7,27,2026,1,24,10,16,3,57
7,32,2026,1,24,9,15,9,63
7,38,2026,1,24,8,11,12,62
7,41,2026,1,24,7,5,27,40
7,48,2026,1,24,5,18,14,44
8,0,2026,1,24,5,6,0,50
8,4,2026,1,24,7,1,19,32
8,9,2026,1,24,8,17,6,43
8,13,2026,1,24,9,15,7,51
8,18,2026,1,24,10,19,13,57
8,21,2026,1,24,11,8,16,49
8,27,2026,1,24,10,20,3,66
8,32,2026,1,24,9,11,17,60
8,38,2026,1,24,8,16,10,66
8,41,2026,1,24,7,1,20,47
8,48,2026,1,24,5,16,20,43
9,0,2026,1,24,5,2,0,45
9,4,2026,1,24,7,4,12,37
9,9,2026,1,24,8,4,3,38
9,13,2026,1,24,9,6,10,34
9,18,2026,1,24,10,3,12,25
9,21,2026,1,24,11,4,14,15
9,27,2026,1,24,10,2,1,16
9,32,2026,1,24,9,6,1,21
9,38,2026,1,24,8,3,1,23
9,41,2026,1,24,7,4,18,9
9,48,2026,1,24,5,4,6,7
10,0,2026,1,24,5,4,0,11
10,4,2026,1,24,7,4,1,14
10,9,2026,1,24,8,5,4,15
10,13,2026,1,24,9,2,3,14
10,18,2026,1,24,10,2,4,12
10,21,2026,1,24,11,2,6,8
10,27,2026,1,24,10,5,0,13
10,32,2026,1,24,9,2,3,12
10,38,2026,1,24,8,6,2,16
10,41,2026,1,24,7,6,8,14
10,48,2026,1,24,5,6,3,17
11,0,2026,1,24,5,6,0,23
11,4,2026,1,24,7,6,2,27
11,9,2026,1,24,8,2,4,25
11,13,2026,1,24,9,3,10,18
11,18,2026,1,24,10,5,7,16
11,21,2026,1,24,11,6,12,10
11,27,2026,1,24,10,4,1,13
11,32,2026,1,24,9,3,3,13
11,38,2026,1,24,8,2,3,12
11,41,2026,1,24,7,6,2,16
11,48,2026,1,24,5,6,7,15
12,0,2026,1,24,5,6,0,21
12,4,2026,1,24,7,2,4,19
12,9,2026,1,24,8,5,3,21
12,13,2026,1,24,9,3,7,17
12,18,2026,1,24,10,3,8,12
12,21,2026,1,24,11,5,6,11
12,27,2026,1,24,10,3,0,14
12,32,2026,1,24,9,3,2,15
12,38,2026,1,24,8,5,5,15
12,41,2026,1,24,7,3,7,11
12,48,2026,1,24,5,4,5,10
13,0,2026,1,24,5,5,0,15
13,4,2026,1,24,7,32,0,47
13,9,2026,1,24,8,4,10,41
13,13,2026,1,24,9,2,9,34
13,18,2026,1,24,10,6,8,32
13,21,2026,1,24,11,3,18,17
13,27,2026,1,24,10,5,1,21
13,32,2026,1,24,9,4,5,20
13,38,2026,1,24,8,5,3,22
13,41,2026,1,24,7,23,6,39
13,48,2026,1,24,5,2,13,28
14,0,2026,1,24,5,5,0,33
14,4,2026,1,24,7,28,1,60
14,9,2026,1,24,8,4,10,54
14,13,2026,1,24,9,3,17,40
14,18,2026,1,24,10,5,18,27
14,21,2026,1,24,11,5,16,16
14,27,2026,1,24,10,3,1,18
14,32,2026,1,24,9,5,5,18
14,38,2026,1,24,8,6,3,21
14,41,2026,1,24,7,19,3,37
14,48,2026,1,24,5,2,15,24
15,0,2026,1,24,5,2,0,26
15,4,2026,1,24,7,24,0,50
15,9,2026,1,24,8,6,9,47
15,13,2026,1,24,9,5,10,42
15,18,2026,1,24,10,5,16,31
15,21,2026,1,24,11,3,20,14
15,27,2026,1,24,10,2,0,16
15,32,2026,1,24,9,4,2,18
15,38,2026,1,24,8,4,6,16
15,41,2026,1,24,7,29,4,41
15,48,2026,1,24,5,2,14,29
16,0,2026,1,24,5,3,0,32
16,4,2026,1,24,7,3,0,35
16,9,2026,1,24,8,6,6,35
16,13,2026,1,24,9,3,8,30
16,18,2026,1,24,10,6,13,23
16,21,2026,1,24,11,5,12,16
16,27,2026,1,24,10,6,1,21
16,32,2026,1,24,9,6,2,25
16,38,2026,1,24,8,3,9,19
16,41,2026,1,24,7,6,4,21
16,48,2026,1,24,5,6,11,16
17,0,2026,1,24,5,2,0,18
17,4,2026,1,24,7,3,2,19
17,9,2026,1,24,8,5,2,22
17,13,2026,1,24,9,4,9,17
17,18,2026,1,24,10,2,3,16
17,21,2026,1,24,11,4,8,12
17,27,2026,1,24,10,5,1,16
17,32,2026,1,24,9,5,1,20
17,38,2026,1,24,8,4,4,20
17,41,2026,1,24,7,2,6,16
17,48,2026,1,24,5,6,6,16
18,0,2026,1,24,5,4,0,20
18,4,2026,1,24,7,5,3,22
18,9,2026,1,24,8,2,2,22
18,13,2026,1,24,9,5,3,24
18,18,2026,1,24,10,3,10,17
18,21,2026,1,24,11,3,10,10
18,27,2026,1,24,10,3,1,12
18,32,2026,1,24,9,6,1,17
18,38,2026,1,24,8,5,4,18
18,41,2026,1,24,7,4,8,14
18,48,2026,1,24,5,4,4,14
19,0,2026,1,24,5,3,0,17
19,4,2026,1,24,7,2,1,18
19,9,2026,1,24,8,2,2,18
19,13,2026,1,24,9,5,5,18
19,18,2026,1,24,10,4,4,18
19,21,2026,1,24,11,2,11,9
19,27,2026,1,24,10,5,1,13
19,32,2026,1,24,9,5,3,15
19,38,2026,1,24,8,4,8,11
19,41,2026,1,24,7,4,2,13
19,48,2026,1,24,5,5,7,11
20,0,2026,1,24,5,3,0,14
20,4,2026,1,24,7,4,1,17
20,9,2026,1,24,8,4,4,17
20,13,2026,1,24,9,4,4,17
20,18,2026,1,24,10,3,4,16
20,21,2026,1,24,11,6,10,12
20,27,2026,1,24,10,6,2,16
20,32,2026,1,24,9,2,3,15
20,38,2026,1,24,8,6,1,20
20,41,2026,1,24,7,5,6,19
20,48,2026,1,24,5,6,6,19
21,0,2026,1,24,5,5,0,24
21,4,2026,1,24,7,4,2,26
21,9,2026,1,24,8,2,4,24
21,13,2026,1,24,9,2,9,17
21,18,2026,1,24,10,4,10,11
21,21,2026,1,24,11,6,5,12
21,27,2026,1,24,10,6,2,16
21,32,2026,1,24,9,3,3,16
21,38,2026,1,24,8,6,2,20
21,41,2026,1,24,7,6,10,16
21,48,2026,1,24,5,2,8,10
22,0,2026,1,24,5,6,0,16
22,4,2026,1,24,7,3,0,19
22,9,2026,1,24,8,5,2,22
22,13,2026,1,24,9,4,7,19
22,18,2026,1,24,10,6,7,18
22,21,2026,1,24,11,2,10,10
22,27,2026,1,24,10,2,0,12
22,32,2026,1,24,9,2,3,11
22,38,2026,1,24,8,2,3,10
22,41,2026,1,24,7,5,4,11
22,48,2026,1,24,5,2,3,10
23,0,2026,1,24,5,2,0,12
23,4,2026,1,24,7,3,2,13
23,9,2026,1,24,8,3,4,12
23,13,2026,1,24,9,3,3,12
23,18,2026,1,24,10,2,4,10
23,21,2026,1,24,11,2,4,8
23,27,2026,1,24,10,5,1,12
23,32,2026,1,24,9,2,0,14
23,38,2026,1,24,8,3,8,9
23,41,2026,1,24,7,5,2,12
23,48,2026,1,24,5,0,12,0
6,0,2026,1,25,5,16,0,16
6,4,2026,1,25,7,6,2,20
6,9,2026,1,25,8,15,6,29
6,13,2026,1,25,9,5,8,26
6,18,2026,1,25,10,17,8,35
6,21,2026,1,25,11,20,12,43
6,27,2026,1,25,10,20,2,61
6,32,2026,1,25,9,14,9,66
6,38,2026,1,25,8,14,14,66
6,41,2026,1,25,7,3,21,48
6,48,2026,1,25,5,10,20,38
7,0,2026,1,25,5,21,0,59
7,4,2026,1,25,7,4,23,40
7,9,2026,1,25,8,10,2,48
7,13,2026,1,25,9,5,10,43
7,18,2026,1,25,10,13,13,43
7,21,2026,1,25,11,9,18,34
7,27,2026,1,25,10,18,1,51
7,32,2026,1,25,9,8,5,54
7,38,2026,1,25,8,16,12,58
7,41,2026,1,25,7,3,20,41
7,48,2026,1,25,5,17,15,43
8,0,2026,1,25,5,12,0,55
8,4,2026,1,25,7,3,19,39
8,9,2026,1,25,8,22,5,56
8,13,2026,1,25,9,13,8,61
8,18,2026,1,25,10,6,14,53
8,21,2026,1,25,11,20,20,53
8,27,2026,1,25,10,15,7,61
8,32,2026,1,25,9,8,3,66
8,38,2026,1,25,8,6,18,54
8,41,2026,1,25,7,2,24,32
8,48,2026,1,25,5,15,12,35
9,0,2026,1,25,5,5,0,40
9,4,2026,1,25,7,5,14,31
9,9,2026,1,25,8,3,3,31
9,13,2026,1,25,9,3,3,31
9,18,2026,1,25,10,6,8,29
9,21,2026,1,25,11,2,17,14
9,27,2026,1,25,10,3,0,17
9,32,2026,1,25,9,2,0,19
9,38,2026,1,25,8,3,0,22
9,41,2026,1,25,7,4,21,5
9,48,2026,1,25,5,5,2,8
10,0,2026,1,25,5,2,0,10
10,4,2026,1,25,7,2,0,12
10,9,2026,1,25,8,4,2,14
10,13,2026,1,25,9,3,2,15
10,18,2026,1,25,10,5,4,16
10,21,2026,1,25,11,3,10,9
10,27,2026,1,25,10,5,0,14
10,32,2026,1,25,9,3,1,16
10,38,2026,1,25,8,6,6,16
10,41,2026,1,25,7,2,5,13
10,48,2026,1,25,5,6,5,14
11,0,2026,1,25,5,3,0,17
11,4,2026,1,25,7,6,3,20
11,9,2026,1,25,8,4,3,21
11,13,2026,1,25,9,3,4,20
11,18,2026,1,25,10,3,8,15
11,21,2026,1,25,11,6,7,14
11,27,2026,1,25,10,3,0,17
11,32,2026,1,25,9,3,2,18
11,38,2026,1,25,8,6,6,18
11,41,2026,1,25,7,5,5,18
11,48,2026,1,25,5,4,9,13
12,0,2026,1,25,5,5,0,18
12,4,2026,1,25,7,2,2,18
12,9,2026,1,25,8,3,2,19
12,13,2026,1,25,9,4,8,15
12,18,2026,1,25,10,2,4,13
12,21,2026,1,25,11,5,7,11
12,27,2026,1,25,10,2,1,12
12,32,2026,1,25,9,2,2,12
12,38,2026,1,25,8,4,2,14
12,41,2026,1,25,7,2,3,13
12,48,2026,1,25,5,3,8,8
13,0,2026,1,25,5,6,0,14
13,4,2026,1,25,7,20,1,33
13,9,2026,1,25,8,6,8,31
13,13,2026,1,25,9,5,11,25
13,18,2026,1,25,10,5,8,22
13,21,2026,1,25,11,2,12,12
13,27,2026,1,25,10,4,1,15
13,32,2026,1,25,9,2,1,16
13,38,2026,1,25,8,4,3,17
13,41,2026,1,25,7,26,2,41
13,48,2026,1,25,5,3,11,33
14,0,2026,1,25,5,5,0,38
14,4,2026,1,25,7,28,0,66
14,9,2026,1,25,8,4,13,57
14,13,2026,1,25,9,4,18,43
14,18,2026,1,25,10,2,16,29
14,21,2026,1,25,11,5,18,16
14,27,2026,1,25,10,6,0,22
14,32,2026,1,25,9,3,2,23
14,38,2026,1,25,8,3,5,21
14,41,2026,1,25,7,27,3,45
14,48,2026,1,25,5,2,16,31
15,0,2026,1,25,5,6,0,37
15,4,2026,1,25,7,21,0,58
15,9,2026,1,25,8,3,7,54
15,13,2026,1,25,9,4,15,43
15,18,2026,1,25,10,3,20,26
15,21,2026,1,25,11,3,18,11
15,27,2026,1,25,10,5,0,16
15,32,2026,1,25,9,6,2,20
15,38,2026,1,25,8,3,7,16
15,41,2026,1,25,7,11,1,26
15,48,2026,1,25,5,5,12,19
16,0,2026,1,25,5,5,0,24
16,4,2026,1,25,7,4,2,26
16,9,2026,1,25,8,3,5,24
16,13,2026,1,25,9,6,6,24
16,18,2026,1,25,10,5,6,23
16,21,2026,1,25,11,5,14,14
16,27,2026,1,25,10,2,2,14
16,32,2026,1,25,9,5,2,17
16,38,2026,1,25,8,5,5,17
16,41,2026,1,25,7,2,3,16
16,48,2026,1,25,5,5,10,11
17,0,2026,1,25,5,6,0,17
17,4,2026,1,25,7,4,2,19
17,9,2026,1,25,8,5,4,20
17,13,2026,1,25,9,2,4,18
17,18,2026,1,25,10,3,9,12
17,21,2026,1,25,11,4,9,7
17,27,2026,1,25,10,2,1,8
17,32,2026,1,25,9,2,3,7
17,38,2026,1,25,8,6,0,13
17,41,2026,1,25,7,2,2,13
17,48,2026,1,25,5,5,4,14
18,0,2026,1,25,5,5,0,19
18,4,2026,1,25,7,4,2,21
18,9,2026,1,25,8,4,2,23
18,13,2026,1,25,9,5,5,23
18,18,2026,1,25,10,2,13,12
18,21,2026,1,25,11,5,4,13
18,27,2026,1,25,10,4,0,17
18,32,2026,1,25,9,6,1,22
18,38,2026,1,25,8,6,4,24
18,41,2026,1,25,7,3,7,20
18,48,2026,1,25,5,5,11,14
19,0,2026,1,25,5,2,0,16
19,4,2026,1,25,7,5,2,19
19,9,2026,1,25,8,3,2,20
19,13,2026,1,25,9,2,5,17
19,18,2026,1,25,10,2,8,11
19,21,2026,1,25,11,2,7,6
19,27,2026,1,25,10,5,0,11
19,32,2026,1,25,9,5,2,14
19,38,2026,1,25,8,4,4,14
19,41,2026,1,25,7,6,4,16
19,48,2026,1,25,5,4,6,14
20,0,2026,1,25,5,4,0,18
20,4,2026,1,25,7,3,0,21
20,9,2026,1,25,8,6,3,24
20,13,2026,1,25,9,6,10,20
20,18,2026,1,25,10,2,8,14
20,21,2026,1,25,11,5,6,13
20,27,2026,1,25,10,6,0,19
20,32,2026,1,25,9,4,2,21
20,38,2026,1,25,8,5,4,22
20,41,2026,1,25,7,5,7,20
20,48,2026,1,25,5,6,9,17
21,0,2026,1,25,5,5,0,22
21,4,2026,1,25,7,6,1,27
21,9,2026,1,25,8,2,7,22
21,13,2026,1,25,9,3,5,20
21,18,2026,1,25,10,2,7,15
21,21,2026,1,25,11,3,9,9
21,27,2026,1,25,10,4,1,12
21,32,2026,1,25,9,5,3,14
21,38,2026,1,25,8,3,6,11
21,41,2026,1,25,7,2,4,9
21,48,2026,1,25,5,2,4,7
22,0,2026,1,25,5,3,0,10
22,4,2026,1,25,7,3,1,12
22,9,2026,1,25,8,5,3,14
22,13,2026,1,25,9,4,3,15
22,18,2026,1,25,10,5,5,15
22,21,2026,1,25,11,2,3,14
22,27,2026,1,25,10,6,0,20
22,32,2026,1,25,9,3,0,23
22,38,2026,1,25,8,4,7,20
22,41,2026,1,25,7,4,9,15
22,48,2026,1,25,5,6,9,12
23,0,2026,1,25,5,5,0,17
23,4,2026,1,25,7,3,4,16
23,9,2026,1,25,8,4,5,15
23,13,2026,1,25,9,6,2,19
23,18,2026,1,25,10,5,6,18
23,21,2026,1,25,11,2,10,10
23,27,2026,1,25,10,5,1,14
23,32,2026,1,25,9,6,2,18
23,38,2026,1,25,8,5,6,17
23,41,2026,1,25,7,6,7,16
23,48,2026,1,25,5,0,16,0
6,0,2026,1,26,5,7,0,7
6,4,2026,1,26,7,5,1,11
6,9,2026,1,26,8,19,2,28
6,13,2026,1,26,9,8,6,30
6,18,2026,1,26,10,7,5,32
6,21,2026,1,26,11,10,12,30
6,27,2026,1,26,10,17,1,46
6,32,2026,1,26,9,20,7,59
6,38,2026,1,26,8,15,10,64
6,41,2026,1,26,7,5,20,49
6,48,2026,1,26,5,15,21,43
7,0,2026,1,26,5,10,0,53
7,4,2026,1,26,7,2,15,40
7,9,2026,1,26,8,7,4,43
7,13,2026,1,26,9,14,5,52
7,18,2026,1,26,10,11,13,50
7,21,2026,1,26,11,9,20,39
7,27,2026,1,26,10,5,2,42
7,32,2026,1,26,9,14,5,51
7,38,2026,1,26,8,22,10,63
7,41,2026,1,26,7,5,24,44
7,48,2026,1,26,5,20,10,54
8,0,2026,1,26,5,8,0,62
8,4,2026,1,26,7,3,18,47
8,9,2026,1,26,8,15,4,58
8,13,2026,1,26,9,15,16,57
8,18,2026,1,26,10,6,14,49
8,21,2026,1,26,11,6,16,39
8,27,2026,1,26,10,11,3,47
8,32,2026,1,26,9,5,5,47
8,38,2026,1,26,8,18,9,56
8,41,2026,1,26,7,4,24,36
8,48,2026,1,26,5,10,20,26
9,0,2026,1,26,5,5,0,31
9,4,2026,1,26,7,2,12,21
9,9,2026,1,26,8,2,2,21
9,13,2026,1,26,9,6,3,24
9,18,2026,1,26,10,5,4,25
9,21,2026,1,26,11,4,14,15
9,27,2026,1,26,10,2,0,17
9,32,2026,1,26,9,4,0,21
9,38,2026,1,26,8,4,0,25
9,41,2026,1,26,7,4,23,6
9,48,2026,1,26,5,6,4,8
10,0,2026,1,26,5,5,0,13
10,4,2026,1,26,7,5,3,15
10,9,2026,1,26,8,5,5,15
10,13,2026,1,26,9,2,0,17
10,18,2026,1,26,10,3,8,12
10,21,2026,1,26,11,3,7,8
10,27,2026,1,26,10,3,0,11
10,32,2026,1,26,9,4,2,13
10,38,2026,1,26,8,4,2,15
10,41,2026,1,26,7,2,6,11
10,48,2026,1,26,5,2,4,9
11,0,2026,1,26,5,3,0,12
11,4,2026,1,26,7,6,3,15
11,9,2026,1,26,8,4,2,17
11,13,2026,1,26,9,2,3,16
11,18,2026,1,26,10,6,6,16
11,21,2026,1,26,11,2,7,11
11,27,2026,1,26,10,6,0,17
11,32,2026,1,26,9,2,1,18
11,38,2026,1,26,8,6,2,22
11,41,2026,1,26,7,5,7,20
11,48,2026,1,26,5,3,10,13
12,0,2026,1,26,5,3,0,16
12,4,2026,1,26,7,6,1,21
12,9,2026,1,26,8,5,4,22
12,13,2026,1,26,9,3,4,21
12,18,2026,1,26,10,4,8,17
12,21,2026,1,26,11,2,7,12
12,27,2026,1,26,10,6,0,18
12,32,2026,1,26,9,4,1,21
12,38,2026,1,26,8,4,6,19
12,41,2026,1,26,7,5,5,19
12,48,2026,1,26,5,2,8,13
13,0,2026,1,26,5,5,0,18
13,4,2026,1,26,7,31,0,49
13,9,2026,1,26,8,6,6,49
13,13,2026,1,26,9,2,15,36
13,18,2026,1,26,10,5,12,29
13,21,2026,1,26,11,4,20,13
13,27,2026,1,26,10,3,1,15
13,32,2026,1,26,9,5,3,17
13,38,2026,1,26,8,4,5,16
13,41,2026,1,26,7,14,3,27
13,48,2026,1,26,5,4,14,17
14,0,2026,1,26,5,4,0,21
14,4,2026,1,26,7,30,0,51
14,9,2026,1,26,8,3,9,45
14,13,2026,1,26,9,2,11,36
14,18,2026,1,26,10,4,17,23
14,21,2026,1,26,11,4,13,14
14,27,2026,1,26,10,4,1,17
14,32,2026,1,26,9,3,1,19
14,38,2026,1,26,8,6,4,21
14,41,2026,1,26,7,10,4,27
14,48,2026,1,26,5,5,14,18
15,0,2026,1,26,5,6,0,24
15,4,2026,1,26,7,29,2,51
15,9,2026,1,26,8,3,9,45
15,13,2026,1,26,9,2,6,41
15,18,2026,1,26,10,2,17,26
15,21,2026,1,26,11,6,12,20
15,27,2026,1,26,10,2,2,20
15,32,2026,1,26,9,3,2,21
15,38,2026,1,26,8,6,2,25
15,41,2026,1,26,7,17,4,38
15,48,2026,1,26,5,5,20,23
16,0,2026,1,26,5,3,0,26
16,4,2026,1,26,7,6,0,32
16,9,2026,1,26,8,2,10,24
16,13,2026,1,26,9,5,6,23
16,18,2026,1,26,10,3,9,17
16,21,2026,1,26,11,5,10,12
16,27,2026,1,26,10,5,2,15
16,32,2026,1,26,9,6,2,19
16,38,2026,1,26,8,3,5,17
16,41,2026,1,26,7,4,5,16
16,48,2026,1,26,5,4,12,8
17,0,2026,1,26,5,3,0,11
17,4,2026,1,26,7,4,1,14
17,9,2026,1,26,8,2,1,15
17,13,2026,1,26,9,2,3,14
17,18,2026,1,26,10,4,1,17
17,21,2026,1,26,11,2,10,9
17,27,2026,1,26,10,4,0,13
17,32,2026,1,26,9,3,3,13
17,38,2026,1,26,8,4,2,15
17,41,2026,1,26,7,5,5,15
17,48,2026,1,26,5,3,4,14
18,0,2026,1,26,5,6,0,20
18,4,2026,1,26,7,4,2,22
18,9,2026,1,26,8,4,4,22
18,13,2026,1,26,9,2,5,19
18,18,2026,1,26,10,3,7,15
18,21,2026,1,26,11,3,8,10
18,27,2026,1,26,10,5,1,14
18,32,2026,1,26,9,5,3,16
18,38,2026,1,26,8,4,2,18
18,41,2026,1,26,7,2,8,12
18,48,2026,1,26,5,6,4,14
19,0,2026,1,26,5,4,0,18
19,4,2026,1,26,7,2,2,18
19,9,2026,1,26,8,6,4,20
19,13,2026,1,26,9,2,7,15
19,18,2026,1,26,10,2,8,9
19,21,2026,1,26,11,2,5,6
19,27,2026,1,26,10,2,0,8
19,32,2026,1,26,9,5,1,12
19,38,2026,1,26,8,5,6,11
19,41,2026,1,26,7,4,2,13
19,48,2026,1,26,5,5,4,14
20,0,2026,1,26,5,5,0,19
20,4,2026,1,26,7,4,4,19
20,9,2026,1,26,8,5,6,18
20,13,2026,1,26,9,5,7,16
20,18,2026,1,26,10,5,4,17
20,21,2026,1,26,11,2,7,12
20,27,2026,1,26,10,6,0,18
20,32,2026,1,26,9,2,5,15
20,38,2026,1,26,8,6,5,16
20,41,2026,1,26,7,3,9,10
20,48,2026,1,26,5,6,5,11
21,0,2026,1,26,5,6,0,17
21,4,2026,1,26,7,6,0,23
21,9,2026,1,26,8,2,6,19
21,13,2026,1,26,9,5,9,15
21,18,2026,1,26,10,3,8,10
21,21,2026,1,26,11,5,5,10
21,27,2026,1,26,10,2,1,11
21,32,2026,1,26,9,2,2,11
21,38,2026,1,26,8,4,2,13
21,41,2026,1,26,7,4,4,13
21,48,2026,1,26,5,4,7,10
22,0,2026,1,26,5,3,0,13
22,4,2026,1,26,7,4,1,16
22,9,2026,1,26,8,6,3,19
22,13,2026,1,26,9,5,3,21
22,18,2026,1,26,10,4,6,19
22,21,2026,1,26,11,4,8,15
22,27,2026,1,26,10,4,0,19
22,32,2026,1,26,9,3,2,20
22,38,2026,1,26,8,5,6,19
22,41,2026,1,26,7,4,7,16
22,48,2026,1,26,5,5,8,13
23,0,2026,1,26,5,5,0,18
23,4,2026,1,26,7,5,3,20
23,9,2026,1,26,8,3,8,15
23,13,2026,1,26,9,2,7,10
23,18,2026,1,26,10,3,4,9
23,21,2026,1,26,11,5,5,9
23,27,2026,1,26,10,4,1,12
23,32,2026,1,26,9,3,0,15
23,38,2026,1,26,8,4,7,12
23,41,2026,1,26,7,4,7,9
23,48,2026,1,26,5,0,9,0
6,0,2026,1,27,5,20,0,20
6,4,2026,1,27,7,5,4,21
6,9,2026,1,27,8,5,2,24
6,13,2026,1,27,9,5,8,21
6,18,2026,1,27,10,5,7,19
6,21,2026,1,27,11,15,6,28
6,27,2026,1,27,10,20,2,46
6,32,2026,1,27,9,9,8,47
6,38,2026,1,27,8,8,13,42
6,41,2026,1,27,7,3,13,32
6,48,2026,1,27,5,14,16,30
7,0,2026,1,27,5,21,0,51
7,4,2026,1,27,7,2,28,25
7,9,2026,1,27,8,15,5,35
7,13,2026,1,27,9,18,3,50
7,18,2026,1,27,10,5,10,45
7,21,2026,1,27,11,5,12,38
7,27,2026,1,27,10,20,2,56
7,32,2026,1,27,9,14,5,65
7,38,2026,1,27,8,11,13,63
7,41,2026,1,27,7,1,23,41
7,48,2026,1,27,5,10,16,35
8,0,2026,1,27,5,18,0,53
8,4,2026,1,27,7,3,23,33
8,9,2026,1,27,8,14,4,43
8,13,2026,1,27,9,5,5,43
8,18,2026,1,27,10,13,10,46
8,21,2026,1,27,11,6,18,34
8,27,2026,1,27,10,20,1,53
8,32,2026,1,27,9,7,12,48
8,38,2026,1,27,8,18,10,56
8,41,2026,1,27,7,3,22,37
8,48,2026,1,27,5,11,9,39
9,0,2026,1,27,5,5,0,44
9,4,2026,1,27,7,3,14,33
9,9,2026,1,27,8,2,2,33
9,13,2026,1,27,9,2,4,31
9,18,2026,1,27,10,5,9,27
9,21,2026,1,27,11,2,19,10
9,27,2026,1,27,10,4,0,14
9,32,2026,1,27,9,4,1,17
9,38,2026,1,27,8,4,2,19
9,41,2026,1,27,7,5,17,7
9,48,2026,1,27,5,2,1,8
10,0,2026,1,27,5,2,0,10
10,4,2026,1,27,7,2,0,12
10,9,2026,1,27,8,4,2,14
10,13,2026,1,27,9,3,5,12
10,18,2026,1,27,10,3,4,11
10,21,2026,1,27,11,5,6,10
10,27,2026,1,27,10,3,1,12
10,32,2026,1,27,9,5,1,16
10,38,2026,1,27,8,4,7,13
10,41,2026,1,27,7,2,5,10
10,48,2026,1,27,5,6,7,9
11,0,2026,1,27,5,3,0,12
11,4,2026,1,27,7,3,3,12
11,9,2026,1,27,8,6,0,18
11,13,2026,1,27,9,4,7,15
11,18,2026,1,27,10,4,3,16
11,21,2026,1,27,11,2,5,13
11,27,2026,1,27,10,2,0,15
11,32,2026,1,27,9,2,4,13
11,38,2026,1,27,8,4,4,13
11,41,2026,1,27,7,2,4,11
11,48,2026,1,27,5,3,7,7
12,0,2026,1,27,5,2,0,9
12,4,2026,1,27,7,6,0,15
12,9,2026,1,27,8,5,3,17
12,13,2026,1,27,9,2,3,16
12,18,2026,1,27,10,2,7,11
12,21,2026,1,27,11,6,6,11
12,27,2026,1,27,10,2,0,13
12,32,2026,1,27,9,6,1,18
12,38,2026,1,27,8,4,3,19
12,41,2026,1,27,7,4,7,16
12,48,2026,1,27,5,2,8,10
13,0,2026,1,27,5,4,0,14
13,4,2026,1,27,7,23,1,36
13,9,2026,1,27,8,6,3,39
13,13,2026,1,27,9,2,9,32
13,18,2026,1,27,10,3,9,26
13,21,2026,1,27,11,3,13,16
13,27,2026,1,27,10,2,1,17
13,32,2026,1,27,9,6,2,21
13,38,2026,1,27,8,5,1,25
13,41,2026,1,27,7,23,6,42
13,48,2026,1,27,5,6,13,35
14,0,2026,1,27,5,5,0,40
14,4,2026,1,27,7,20,2,58
14,9,2026,1,27,8,4,13,49
14,13,2026,1,27,9,3,18,34
14,18,2026,1,27,10,3,12,25
14,21,2026,1,27,11,5,13,17
14,27,2026,1,27,10,5,0,22
14,32,2026,1,27,9,2,4,20
14,38,2026,1,27,8,6,4,22
14,41,2026,1,27,7,28,2,48
14,48,2026,1,27,5,5,15,38
15,0,2026,1,27,5,2,0,40
15,4,2026,1,27,7,26,0,66
15,9,2026,1,27,8,5,18,53
15,13,2026,1,27,9,5,14,44
15,18,2026,1,27,10,3,18,29
15,21,2026,1,27,11,3,20,12
15,27,2026,1,27,10,5,1,16
15,32,2026,1,27,9,4,1,19
15,38,2026,1,27,8,2,6,15
15,41,2026,1,27,7,32,3,44
15,48,2026,1,27,5,5,17,32
16,0,2026,1,27,5,6,0,38
16,4,2026,1,27,7,6,1,43
16,9,2026,1,27,8,5,10,38
16,13,2026,1,27,9,6,15,29
16,18,2026,1,27,10,5,9,25
16,21,2026,1,27,11,5,16,14
16,27,2026,1,27,10,4,0,18
16,32,2026,1,27,9,3,2,19
16,38,2026,1,27,8,3,7,15
16,41,2026,1,27,7,5,5,15
16,48,2026,1,27,5,3,6,12
17,0,2026,1,27,5,2,0,14
17,4,2026,1,27,7,3,0,17
17,9,2026,1,27,8,4,3,18
17,13,2026,1,27,9,3,5,16
17,18,2026,1,27,10,4,5,15
17,21,2026,1,27,11,2,7,10
17,27,2026,1,27,10,6,0,16
17,32,2026,1,27,9,3,2,17
17,38,2026,1,27,8,4,3,18
17,41,2026,1,27,7,5,5,18
17,48,2026,1,27,5,3,7,14
18,0,2026,1,27,5,4,0,18
18,4,2026,1,27,7,5,1,22
18,9,2026,1,27,8,4,6,20
18,13,2026,1,27,9,4,1,23
18,18,2026,1,27,10,6,6,23
18,21,2026,1,27,11,5,11,17
18,27,2026,1,27,10,3,0,20
18,32,2026,1,27,9,2,2,20
18,38,2026,1,27,8,6,6,20
18,41,2026,1,27,7,6,7,19
18,48,2026,1,27,5,3,9,13
19,0,2026,1,27,5,4,0,17
19,4,2026,1,27,7,4,2,19
19,9,2026,1,27,8,2,2,19
19,13,2026,1,27,9,5,4,20
19,18,2026,1,27,10,3,10,13
19,21,2026,1,27,11,3,8,8
19,27,2026,1,27,10,2,1,9
19,32,2026,1,27,9,6,1,14
19,38,2026,1,27,8,6,2,18
19,41,2026,1,27,7,5,4,19
19,48,2026,1,27,5,4,4,19
20,0,2026,1,27,5,5,0,24
20,4,2026,1,27,7,6,0,30
20,9,2026,1,27,8,2,5,27
20,13,2026,1,27,9,4,6,25
20,18,2026,1,27,10,2,9,18
20,21,2026,1,27,11,3,15,6
20,27,2026,1,27,10,6,0,12
20,32,2026,1,27,9,3,1,14
20,38,2026,1,27,8,4,5,13
20,41,2026,1,27,7,3,6,10
20,48,2026,1,27,5,6,5,11
21,0,2026,1,27,5,6,0,17
21,4,2026,1,27,7,4,4,17
21,9,2026,1,27,8,2,4,15
21,13,2026,1,27,9,4,6,13
21,18,2026,1,27,10,6,4,15
21,21,2026,1,27,11,6,7,14
21,27,2026,1,27,10,4,0,18
21,32,2026,1,27,9,3,6,15
21,38,2026,1,27,8,4,2,17
21,41,2026,1,27,7,3,7,13
21,48,2026,1,27,5,6,9,10
22,0,2026,1,27,5,4,0,14
22,4,2026,1,27,7,3,5,12
22,9,2026,1,27,8,2,3,11
22,13,2026,1,27,9,6,4,13
22,18,2026,1,27,10,5,2,16
22,21,2026,1,27,11,6,5,17
22,27,2026,1,27,10,3,1,19
22,32,2026,1,27,9,2,3,18
22,38,2026,1,27,8,3,5,16
22,41,2026,1,27,7,2,4,14
22,48,2026,1,27,5,5,9,10
23,0,2026,1,27,5,6,0,16
23,4,2026,1,27,7,6,1,21
23,9,2026,1,27,8,3,4,20
23,13,2026,1,27,9,3,5,18
23,18,2026,1,27,10,2,5,15
23,21,2026,1,27,11,5,8,12
23,27,2026,1,27,10,3,2,13
23,32,2026,1,27,9,4,2,15
23,38,2026,1,27,8,2,5,12
23,41,2026,1,27,7,4,6,10
23,48,2026,1,27,5,0,10,0
6,0,2026,1,28,5,15,0,15
6,4,2026,1,28,7,3,4,14
6,9,2026,1,28,8,5,3,16
6,13,2026,1,28,9,15,6,25
6,18,2026,1,28,10,22,5,42
6,21,2026,1,28,11,20,9,53
6,27,2026,1,28,10,5,4,54
6,32,2026,1,28,9,14,9,59
6,38,2026,1,28,8,15,19,55
6,41,2026,1,28,7,2,20,37
6,48,2026,1,28,5,22,19,40
7,0,2026,1,28,5,18,0,58
7,4,2026,1,28,7,3,26,35
7,9,2026,1,28,8,13,5,43
7,13,2026,1,28,9,22,12,53
7,18,2026,1,28,10,11,12,52
7,21,2026,1,28,11,20,14,58
7,27,2026,1,28,10,11,6,63
7,32,2026,1,28,9,10,7,66
7,38,2026,1,28,8,10,14,62
7,41,2026,1,28,7,2,24,40
7,48,2026,1,28,5,12,20,32
8,0,2026,1,28,5,17,0,49
8,4,2026,1,28,7,3,18,34
8,9,2026,1,28,8,6,5,35
8,13,2026,1,28,9,6,9,32
8,18,2026,1,28,10,16,6,42
8,21,2026,1,28,11,21,15,48
8,27,2026,1,28,10,12,6,54
8,32,2026,1,28,9,17,7,64
8,38,2026,1,28,8,18,16,66
8,41,2026,1,28,7,1,25,42
8,48,2026,1,28,5,12,19,35
9,0,2026,1,28,5,6,0,41
9,4,2026,1,28,7,5,12,34
9,9,2026,1,28,8,4,3,35
9,13,2026,1,28,9,5,8,32
9,18,2026,1,28,10,3,16,19
9,21,2026,1,28,11,3,7,15
9,27,2026,1,28,10,6,1,20
9,32,2026,1,28,9,4,1,23
9,38,2026,1,28,8,4,3,24
9,41,2026,1,28,7,4,19,9
9,48,2026,1,28,5,4,4,9
10,0,2026,1,28,5,5,0,14
10,4,2026,1,28,7,5,0,19
10,9,2026,1,28,8,4,5,18
10,13,2026,1,28,9,5,3,20
10,18,2026,1,28,10,6,8,18
10,21,2026,1,28,11,2,6,14
10,27,2026,1,28,10,6,0,20
10,32,2026,1,28,9,6,1,25
10,38,2026,1,28,8,3,4,24
10,41,2026,1,28,7,4,7,21
10,48,2026,1,28,5,2,14,9
11,0,2026,1,28,5,5,0,14
11,4,2026,1,28,7,4,2,16
11,9,2026,1,28,8,5,4,17
11,13,2026,1,28,9,4,5,16
11,18,2026,1,28,10,4,6,14
11,21,2026,1,28,11,4,6,12
11,27,2026,1,28,10,6,0,18
11,32,2026,1,28,9,3,6,15
11,38,2026,1,28,8,2,2,15
11,41,2026,1,28,7,4,6,13
11,48,2026,1,28,5,6,7,12
12,0,2026,1,28,5,4,0,16
12,4,2026,1,28,7,5,0,21
12,9,2026,1,28,8,6,5,22
12,13,2026,1,28,9,3,4,21
12,18,2026,1,28,10,4,5,20
12,21,2026,1,28,11,3,11,12
12,27,2026,1,28,10,6,1,17
12,32,2026,1,28,9,2,0,19
12,38,2026,1,28,8,5,3,21
12,41,2026,1,28,7,3,8,16
12,48,2026,1,28,5,3,9,10
13,0,2026,1,28,5,3,0,13
13,4,2026,1,28,7,21,0,34
13,9,2026,1,28,8,5,2,37
13,13,2026,1,28,9,4,7,34
13,18,2026,1,28,10,2,11,25
13,21,2026,1,28,11,2,16,11
13,27,2026,1,28,10,4,0,15
13,32,2026,1,28,9,5,4,16
13,38,2026,1,28,8,2,3,15
13,41,2026,1,28,7,7,4,18
13,48,2026,1,28,5,3,9,12
14,0,2026,1,28,5,5,0,17
14,4,2026,1,28,7,29,2,44
14,9,2026,1,28,8,2,10,36
14,13,2026,1,28,9,2,10,28
14,18,2026,1,28,10,3,15,16
14,21,2026,1,28,11,6,10,12
14,27,2026,1,28,10,5,1,16
14,32,2026,1,28,9,4,3,17
14,38,2026,1,28,8,2,3,16
14,41,2026,1,28,7,22,2,36
14,48,2026,1,28,5,2,11,27
15,0,2026,1,28,5,2,0,29
15,4,2026,1,28,7,22,1,50
15,9,2026,1,28,8,6,9,47
15,13,2026,1,28,9,6,17,36
15,18,2026,1,28,10,2,9,29
15,21,2026,1,28,11,5,19,15
15,27,2026,1,28,10,5,1,19
15,32,2026,1,28,9,5,4,20
15,38,2026,1,28,8,4,7,17
15,41,2026,1,28,7,27,5,39
15,48,2026,1,28,5,3,14,28
16,0,2026,1,28,5,3,0,31
16,4,2026,1,28,7,2,1,32
16,9,2026,1,28,8,3,7,28
16,13,2026,1,28,9,2,9,21
16,18,2026,1,28,10,6,7,20
16,21,2026,1,28,11,6,11,15
16,27,2026,1,28,10,4,0,19
16,32,2026,1,28,9,6,4,21
16,38,2026,1,28,8,6,6,21
16,41,2026,1,28,7,2,5,18
16,48,2026,1,28,5,5,12,11
17,0,2026,1,28,5,6,0,17
17,4,2026,1,28,7,3,2,18
17,9,2026,1,28,8,2,2,18
17,13,2026,1,28,9,3,2,19
17,18,2026,1,28,10,3,8,14
17,21,2026,1,28,11,5,8,11
17,27,2026,1,28,10,3,0,14
17,32,2026,1,28,9,6,4,16
17,38,2026,1,28,8,4,4,16
17,41,2026,1,28,7,5,6,15
17,48,2026,1,28,5,4,9,10
18,0,2026,1,28,5,2,0,12
18,4,2026,1,28,7,5,3,14
18,9,2026,1,28,8,4,6,12
18,13,2026,1,28,9,3,4,11
18,18,2026,1,28,10,5,3,13
18,21,2026,1,28,11,6,6,13
18,27,2026,1,28,10,5,0,18
18,32,2026,1,28,9,3,3,18
18,38,2026,1,28,8,6,7,17
18,41,2026,1,28,7,2,5,14
18,48,2026,1,28,5,2,7,9
19,0,2026,1,28,5,6,0,15
19,4,2026,1,28,7,2,3,14
19,9,2026,1,28,8,4,3,15
19,13,2026,1,28,9,4,3,16
19,18,2026,1,28,10,5,1,20
19,21,2026,1,28,11,2,9,13
19,27,2026,1,28,10,4,1,16
19,32,2026,1,28,9,2,0,18
19,38,2026,1,28,8,6,4,20
19,41,2026,1,28,7,2,9,13
19,48,2026,1,28,5,5,9,9
20,0,2026,1,28,5,5,0,14
20,4,2026,1,28,7,3,3,14
20,9,2026,1,28,8,5,3,16
20,13,2026,1,28,9,5,5,16
20,18,2026,1,28,10,3,6,13
20,21,2026,1,28,11,2,5,10
20,27,2026,1,28,10,3,0,13
20,32,2026,1,28,9,3,2,14
20,38,2026,1,28,8,2,6,10
20,41,2026,1,28,7,3,3,10
20,48,2026,1,28,5,3,5,8
21,0,2026,1,28,5,2,0,10
21,4,2026,1,28,7,6,3,13
21,9,2026,1,28,8,3,2,14
21,13,2026,1,28,9,6,4,16
21,18,2026,1,28,10,6,2,20
21,21,2026,1,28,11,3,10,13
21,27,2026,1,28,10,4,1,16
21,32,2026,1,28,9,6,5,17
21,38,2026,1,28,8,5,3,19
21,41,2026,1,28,7,5,3,21
21,48,2026,1,28,5,6,9,18
22,0,2026,1,28,5,4,0,22
22,4,2026,1,28,7,3,7,18
22,9,2026,1,28,8,5,2,21
22,13,2026,1,28,9,3,5,19
22,18,2026,1,28,10,4,8,15
22,21,2026,1,28,11,5,5,15
22,27,2026,1,28,10,6,2,19
22,32,2026,1,28,9,6,4,21
22,38,2026,1,28,8,4,3,22
22,41,2026,1,28,7,4,10,16
22,48,2026,1,28,5,4,6,14
23,0,2026,1,28,5,3,0,17
23,4,2026,1,28,7,6,1,22
23,9,2026,1,28,8,2,2,22
23,13,2026,1,28,9,3,9,16
23,18,2026,1,28,10,5,1,20
23,21,2026,1,28,11,3,11,12
23,27,2026,1,28,10,5,1,16
23,32,2026,1,28,9,5,2,19
23,38,2026,1,28,8,2,2,19
23,41,2026,1,28,7,2,6,15
23,48,2026,1,28,5,0,15,0
6,0,2026,1,29,5,22,0,22
6,4,2026,1,29,7,2,7,17
6,9,2026,1,29,8,11,2,26
6,13,2026,1,29,9,11,8,29
6,18,2026,1,29,10,20,6,43
6,21,2026,1,29,11,14,13,44
6,27,2026,1,29,10,20,6,58
6,32,2026,1,29,9,6,6,58
6,38,2026,1,29,8,7,10,55
6,41,2026,1,29,7,6,22,39
6,48,2026,1,29,5,7,19,27
7,0,2026,1,29,5,6,0,33
7,4,2026,1,29,7,4,10,27
7,9,2026,1,29,8,15,2,40
7,13,2026,1,29,9,8,7,41
7,18,2026,1,29,10,7,10,38
7,21,2026,1,29,11,9,12,35
7,27,2026,1,29,10,13,2,46
7,32,2026,1,29,9,20,3,63
7,38,2026,1,29,8,8,17,54
7,41,2026,1,29,7,3,21,36
7,48,2026,1,29,5,14,10,40
8,0,2026,1,29,5,18,0,58
8,4,2026,1,29,7,1,21,38
8,9,2026,1,29,8,14,4,48
8,13,2026,1,29,9,16,8,56
8,18,2026,1,29,10,17,18,55
8,21,2026,1,29,11,22,20,57
8,27,2026,1,29,10,11,2,66
8,32,2026,1,29,9,12,12,66
8,38,2026,1,29,8,12,12,66
8,41,2026,1,29,7,5,22,49
8,48,2026,1,29,5,10,24,35
9,0,2026,1,29,5,6,0,41
9,4,2026,1,29,7,4,10,35
9,9,2026,1,29,8,3,3,35
9,13,2026,1,29,9,5,5,35
9,18,2026,1,29,10,6,14,27
9,21,2026,1,29,11,2,15,14
9,27,2026,1,29,10,5,1,18
9,32,2026,1,29,9,3,0,21
9,38,2026,1,29,8,4,0,25
9,41,2026,1,29,7,2,21,6
9,48,2026,1,29,5,4,2,8
10,0,2026,1,29,5,5,0,13
10,4,2026,1,29,7,3,2,14
10,9,2026,1,29,8,5,2,17
10,13,2026,1,29,9,4,5,16
10,18,2026,1,29,10,2,4,14
10,21,2026,1,29,11,5,10,9
10,27,2026,1,29,10,2,3,8
10,32,2026,1,29,9,3,1,10
10,38,2026,1,29,8,3,4,9
10,41,2026,1,29,7,5,4,10
10,48,2026,1,29,5,6,5,11
11,0,2026,1,29,5,6,0,17
11,4,2026,1,29,7,6,4,19
11,9,2026,1,29,8,4,7,16
11,13,2026,1,29,9,5,4,17
11,18,2026,1,29,10,6,9,14
11,21,2026,1,29,11,2,5,11
11,27,2026,1,29,10,5,0,16
11,32,2026,1,29,9,2,5,13
11,38,2026,1,29,8,5,3,15
11,41,2026,1,29,7,5,3,17
11,48,2026,1,29,5,6,9,14
12,0,2026,1,29,5,5,0,19
12,4,2026,1,29,7,6,0,25
12,9,2026,1,29,8,4,1,28
12,13,2026,1,29,9,6,11,23
12,18,2026,1,29,10,5,7,21
12,21,2026,1,29,11,2,12,11
12,27,2026,1,29,10,6,1,16
12,32,2026,1,29,9,2,1,17
12,38,2026,1,29,8,2,2,17
12,41,2026,1,29,7,6,4,19
12,48,2026,1,29,5,5,9,15
13,0,2026,1,29,5,6,0,21
13,4,2026,1,29,7,8,1,28
13,9,2026,1,29,8,4,5,27
13,13,2026,1,29,9,3,6,24
13,18,2026,1,29,10,6,10,20
13,21,2026,1,29,11,5,11,14
13,27,2026,1,29,10,3,0,17
13,32,2026,1,29,9,5,7,15
13,38,2026,1,29,8,2,0,17
13,41,2026,1,29,7,17,3,31
13,48,2026,1,29,5,4,12,23
14,0,2026,1,29,5,5,0,28
14,4,2026,1,29,7,13,1,40
14,9,2026,1,29,8,4,2,42
14,13,2026,1,29,9,4,9,37
14,18,2026,1,29,10,2,16,23
14,21,2026,1,29,11,2,16,9
14,27,2026,1,29,10,5,1,13
14,32,2026,1,29,9,4,0,17
14,38,2026,1,29,8,4,4,17
14,41,2026,1,29,7,12,2,27
14,48,2026,1,29,5,6,9,24
15,0,2026,1,29,5,6,0,30
15,4,2026,1,29,7,28,2,56
15,9,2026,1,29,8,6,16,46
15,13,2026,1,29,9,3,8,41
15,18,2026,1,29,10,4,11,34
15,21,2026,1,29,11,2,20,16
15,27,2026,1,29,10,5,1,20
15,32,2026,1,29,9,3,3,20
15,38,2026,1,29,8,6,1,25
15,41,2026,1,29,7,8,6,27
15,48,2026,1,29,5,5,16,16
16,0,2026,1,29,5,4,0,20
16,4,2026,1,29,7,4,1,23
16,9,2026,1,29,8,3,5,21
16,13,2026,1,29,9,4,4,21
16,18,2026,1,29,10,6,9,18
16,21,2026,1,29,11,2,9,11
16,27,2026,1,29,10,4,0,15
16,32,2026,1,29,9,3,1,17
16,38,2026,1,29,8,6,4,19
16,41,2026,1,29,7,4,4,19
16,48,2026,1,29,5,5,10,14
17,0,2026,1,29,5,2,0,16
17,4,2026,1,29,7,3,0,19
17,9,2026,1,29,8,4,4,19
17,13,2026,1,29,9,4,5,18
17,18,2026,1,29,10,5,9,14
17,21,2026,1,29,11,2,4,12
17,27,2026,1,29,10,5,0,17
17,32,2026,1,29,9,3,0,20
17,38,2026,1,29,8,6,4,22
17,41,2026,1,29,7,4,12,14
17,48,2026,1,29,5,6,8,12
18,0,2026,1,29,5,2,0,14
18,4,2026,1,29,7,5,2,17
18,9,2026,1,29,8,2,2,17
18,13,2026,1,29,9,4,4,17
18,18,2026,1,29,10,3,7,13
18,21,2026,1,29,11,4,6,11
18,27,2026,1,29,10,3,0,14
18,32,2026,1,29,9,6,3,17
18,38,2026,1,29,8,3,1,19
18,41,2026,1,29,7,2,5,16
18,48,2026,1,29,5,5,8,13
19,0,2026,1,29,5,3,0,16
19,4,2026,1,29,7,5,2,19
19,9,2026,1,29,8,2,3,18
19,13,2026,1,29,9,5,2,21
19,18,2026,1,29,10,4,8,17
19,21,2026,1,29,11,2,9,10
19,27,2026,1,29,10,5,1,14
19,32,2026,1,29,9,5,0,19
19,38,2026,1,29,8,3,5,17
19,41,2026,1,29,7,6,8,15
19,48,2026,1,29,5,3,5,13
20,0,2026,1,29,5,2,0,15
20,4,2026,1,29,7,6,0,21
20,9,2026,1,29,8,3,2,22
20,13,2026,1,29,9,2,4,20
20,18,2026,1,29,10,5,11,14
20,21,2026,1,29,11,6,6,14
20,27,2026,1,29,10,2,2,14
20,32,2026,1,29,9,2,2,14
20,38,2026,1,29,8,2,4,12
20,41,2026,1,29,7,2,4,10
20,48,2026,1,29,5,2,6,6
21,0,2026,1,29,5,2,0,8
21,4,2026,1,29,7,4,1,11
21,9,2026,1,29,8,3,2,12
21,13,2026,1,29,9,2,2,12
21,18,2026,1,29,10,2,5,9
21,21,2026,1,29,11,4,4,9
21,27,2026,1,29,10,3,1,11
21,32,2026,1,29,9,5,0,16
21,38,2026,1,29,8,5,3,18
21,41,2026,1,29,7,4,7,15
21,48,2026,1,29,5,5,5,15
22,0,2026,1,29,5,5,0,20
22,4,2026,1,29,7,3,3,20
22,9,2026,1,29,8,6,3,23
22,13,2026,1,29,9,3,4,22
22,18,2026,1,29,10,4,12,14
22,21,2026,1,29,11,4,7,11
22,27,2026,1,29,10,4,0,15
22,32,2026,1,29,9,4,1,18
22,38,2026,1,29,8,3,7,14
22,41,2026,1,29,7,4,8,10
22,48,2026,1,29,5,5,7,8
23,0,2026,1,29,5,6,0,14
23,4,2026,1,29,7,5,1,18
23,9,2026,1,29,8,5,3,20
23,13,2026,1,29,9,5,6,19
23,18,2026,1,29,10,5,11,13
23,21,2026,1,29,11,6,8,11
23,27,2026,1,29,10,3,1,13
23,32,2026,1,29,9,2,2,13
23,38,2026,1,29,8,2,3,12
23,41,2026,1,29,7,4,5,11
23,48,2026,1,29,5,0,11,0
6,0,2026,1,30,5,14,0,14
6,4,2026,1,30,7,4,0,18
6,9,2026,1,30,8,12,5,25
6,13,2026,1,30,9,16,8,33
6,18,2026,1,30,10,10,10,33
6,21,2026,1,30,11,12,11,34
6,27,2026,1,30,10,15,5,44
6,32,2026,1,30,9,12,7,49
6,38,2026,1,30,8,12,12,49
6,41,2026,1,30,7,6,20,35
6,48,2026,1,30,5,9,18,26
7,0,2026,1,30,5,6,0,32
7,4,2026,1,30,7,1,10,23
7,9,2026,1,30,8,14,2,35
7,13,2026,1,30,9,7,9,33
7,18,2026,1,30,10,8,6,35
7,21,2026,1,30,11,13,12,36
7,27,2026,1,30,10,22,1,57
7,32,2026,1,30,9,16,12,61
7,38,2026,1,30,8,13,12,62
7,41,2026,1,30,7,1,28,35
7,48,2026,1,30,5,14,18,31
8,0,2026,1,30,5,16,0,47
8,4,2026,1,30,7,5,21,31
8,9,2026,1,30,8,12,2,41
8,13,2026,1,30,9,18,7,52
8,18,2026,1,30,10,8,11,49
8,21,2026,1,30,11,19,12,56
8,27,2026,1,30,10,15,5,66
8,32,2026,1,30,9,10,10,66
8,38,2026,1,30,8,9,16,59
8,41,2026,1,30,7,4,23,40
8,48,2026,1,30,5,17,18,39
9,0,2026,1,30,5,4,0,43
9,4,2026,1,30,7,5,17,31
9,9,2026,1,30,8,2,3,30
9,13,2026,1,30,9,5,4,31
9,18,2026,1,30,10,5,9,27
9,21,2026,1,30,11,5,16,16
9,27,2026,1,30,10,5,0,21
9,32,2026,1,30,9,5,0,26
9,38,2026,1,30,8,3,3,26
9,41,2026,1,30,7,3,20,9
9,48,2026,1,30,5,5,1,13
10,0,2026,1,30,5,2,0,15
10,4,2026,1,30,7,5,2,18
10,9,2026,1,30,8,4,3,19
10,13,2026,1,30,9,5,5,19
10,18,2026,1,30,10,3,5,17
10,21,2026,1,30,11,4,10,11
10,27,2026,1,30,10,4,1,14
10,32,2026,1,30,9,5,2,17
10,38,2026,1,30,8,4,3,18
10,41,2026,1,30,7,2,7,13
10,48,2026,1,30,5,2,4,11
11,0,2026,1,30,5,5,0,16
11,4,2026,1,30,7,5,1,20
11,9,2026,1,30,8,4,1,23
11,13,2026,1,30,9,5,3,25
11,18,2026,1,30,10,4,8,21
11,21,2026,1,30,11,4,12,13
11,27,2026,1,30,10,4,1,16
11,32,2026,1,30,9,4,4,16
11,38,2026,1,30,8,3,4,15
11,41,2026,1,30,7,5,5,15
11,48,2026,1,30,5,3,9,9
12,0,2026,1,30,5,6,0,15
12,4,2026,1,30,7,3,0,18
12,9,2026,1,30,8,6,2,22
12,13,2026,1,30,9,5,3,24
12,18,2026,1,30,10,6,11,19
12,21,2026,1,30,11,6,9,16
12,27,2026,1,30,10,2,1,17
12,32,2026,1,30,9,4,2,19
12,38,2026,1,30,8,4,3,20
12,41,2026,1,30,7,2,3,19
12,48,2026,1,30,5,2,13,8
13,0,2026,1,30,5,4,0,12
13,4,2026,1,30,7,30,1,41
13,9,2026,1,30,8,2,6,37
13,13,2026,1,30,9,2,9,30
13,18,2026,1,30,10,6,8,28
13,21,2026,1,30,11,4,15,17
13,27,2026,1,30,10,5,0,22
13,32,2026,1,30,9,5,3,24
13,38,2026,1,30,8,4,3,25
13,41,2026,1,30,7,9,6,28
13,48,2026,1,30,5,5,14,19
14,0,2026,1,30,5,4,0,23
14,4,2026,1,30,7,19,3,39
14,9,2026,1,30,8,3,8,34
14,13,2026,1,30,9,4,8,30
14,18,2026,1,30,10,2,13,19
14,21,2026,1,30,11,2,12,9
14,27,2026,1,30,10,4,0,13
14,32,2026,1,30,9,5,5,13
14,38,2026,1,30,8,2,5,10
14,41,2026,1,30,7,15,2,23
14,48,2026,1,30,5,6,8,21
15,0,2026,1,30,5,5,0,26
15,4,2026,1,30,7,29,2,53
15,9,2026,1,30,8,4,11,46
15,13,2026,1,30,9,3,11,38
15,18,2026,1,30,10,3,12,29
15,21,2026,1,30,11,5,19,15
15,27,2026,1,30,10,3,4,14
15,32,2026,1,30,9,3,2,15
15,38,2026,1,30,8,2,3,14
15,41,2026,1,30,7,28,0,42
15,48,2026,1,30,5,6,15,33
16,0,2026,1,30,5,6,0,39
16,4,2026,1,30,7,3,3,39
16,9,2026,1,30,8,6,9,36
16,13,2026,1,30,9,3,9,30
16,18,2026,1,30,10,3,11,22
16,21,2026,1,30,11,6,17,11
16,27,2026,1,30,10,5,1,15
16,32,2026,1,30,9,3,2,16
16,38,2026,1,30,8,6,1,21
16,41,2026,1,30,7,2,8,15
16,48,2026,1,30,5,5,8,12
17,0,2026,1,30,5,3,0,15
17,4,2026,1,30,7,4,0,19
17,9,2026,1,30,8,2,2,19
17,13,2026,1,30,9,3,4,18
17,18,2026,1,30,10,6,7,17
17,21,2026,1,30,11,4,7,14
17,27,2026,1,30,10,5,1,18
17,32,2026,1,30,9,2,1,19
17,38,2026,1,30,8,2,5,16
17,41,2026,1,30,7,4,3,17
17,48,2026,1,30,5,5,10,12
18,0,2026,1,30,5,6,0,18
18,4,2026,1,30,7,2,0,20
18,9,2026,1,30,8,4,5,19
18,13,2026,1,30,9,4,4,19
18,18,2026,1,30,10,6,8,17
18,21,2026,1,30,11,5,9,13
18,27,2026,1,30,10,3,0,16
18,32,2026,1,30,9,2,1,17
18,38,2026,1,30,8,2,4,15
18,41,2026,1,30,7,5,7,13
18,48,2026,1,30,5,5,5,13
19,0,2026,1,30,5,3,0,16
19,4,2026,1,30,7,5,4,17
19,9,2026,1,30,8,3,0,20
19,13,2026,1,30,9,6,7,19
19,18,2026,1,30,10,6,10,15
19,21,2026,1,30,11,4,7,12
19,27,2026,1,30,10,4,0,16
19,32,2026,1,30,9,4,5,15
19,38,2026,1,30,8,4,3,16
19,41,2026,1,30,7,3,3,16
19,48,2026,1,30,5,4,9,11
20,0,2026,1,30,5,6,0,17
20,4,2026,1,30,7,5,2,20
20,9,2026,1,30,8,4,6,18
20,13,2026,1,30,9,5,5,18
20,18,2026,1,30,10,2,3,17
20,21,2026,1,30,11,3,7,13
20,27,2026,1,30,10,6,1,18
20,32,2026,1,30,9,6,1,23
20,38,2026,1,30,8,5,6,22
20,41,2026,1,30,7,5,5,22
20,48,2026,1,30,5,4,13,13
21,0,2026,1,30,5,6,0,19
21,4,2026,1,30,7,5,1,23
21,9,2026,1,30,8,3,4,22
21,13,2026,1,30,9,6,4,24
21,18,2026,1,30,10,3,7,20
21,21,2026,1,30,11,6,14,12
21,27,2026,1,30,10,3,0,15
21,32,2026,1,30,9,5,3,17
21,38,2026,1,30,8,6,3,20
21,41,2026,1,30,7,4,6,18
21,48,2026,1,30,5,5,9,14
22,0,2026,1,30,5,4,0,18
22,4,2026,1,30,7,3,0,21
22,9,2026,1,30,8,2,2,21
22,13,2026,1,30,9,4,7,18
22,18,2026,1,30,10,6,5,19
22,21,2026,1,30,11,6,9,16
22,27,2026,1,30,10,2,3,15
22,32,2026,1,30,9,3,0,18
22,38,2026,1,30,8,2,4,16
22,41,2026,1,30,7,5,5,16
22,48,2026,1,30,5,5,10,11
23,0,2026,1,30,5,3,0,14
23,4,2026,1,30,7,4,1,17
23,9,2026,1,30,8,5,3,19
23,13,2026,1,30,9,3,4,18
23,18,2026,1,30,10,6,10,14
23,21,2026,1,30,11,3,3,14
23,27,2026,1,30,10,3,0,17
23,32,2026,1,30,9,2,4,15
23,38,2026,1,30,8,6,2,19
23,41,2026,1,30,7,6,4,21
23,48,2026,1,30,5,0,21,0
6,0,2026,1,31,5,20,0,20
6,4,2026,1,31,7,2,3,19
6,9,2026,1,31,8,10,7,22
6,13,2026,1,31,9,18,2,38
6,18,2026,1,31,10,9,14,33
6,21,2026,1,31,11,11,12,32
6,27,2026,1,31,10,9,2,39
6,32,2026,1,31,9,18,2,55
6,38,2026,1,31,8,13,7,61
6,41,2026,1,31,7,5,16,50
6,48,2026,1,31,5,22,21,51
7,0,2026,1,31,5,10,0,61
7,4,2026,1,31,7,4,25,40
7,9,2026,1,31,8,17,2,55
7,13,2026,1,31,9,17,6,66
7,18,2026,1,31,10,9,18,57
7,21,2026,1,31,11,12,20,49
7,27,2026,1,31,10,6,3,52
7,32,2026,1,31,9,17,4,65
7,38,2026,1,31,8,14,13,66
7,41,2026,1,31,7,3,26,43
7,48,2026,1,31,5,5,16,32
8,0,2026,1,31,5,15,0,47
8,4,2026,1,31,7,5,16,36
8,9,2026,1,31,8,7,4,39
8,13,2026,1,31,9,19,8,50
8,18,2026,1,31,10,11,14,47
8,21,2026,1,31,11,12,17,42
8,27,2026,1,31,10,20,4,58
8,32,2026,1,31,9,8,7,59
8,38,2026,1,31,8,17,11,65
8,41,2026,1,31,7,1,24,42
8,48,2026,1,31,5,14,20,36
9,0,2026,1,31,5,2,0,38
9,4,2026,1,31,7,2,12,28
9,9,2026,1,31,8,4,0,32
9,13,2026,1,31,9,5,5,32
9,18,2026,1,31,10,4,10,26
9,21,2026,1,31,11,4,15,15
9,27,2026,1,31,10,2,0,17
9,32,2026,1,31,9,6,2,21
9,38,2026,1,31,8,4,1,24
9,41,2026,1,31,7,4,21,7
9,48,2026,1,31,5,2,4,5
10,0,2026,1,31,5,5,0,10
10,4,2026,1,31,7,2,3,9
10,9,2026,1,31,8,3,2,10
10,13,2026,1,31,9,4,2,12
10,18,2026,1,31,10,3,3,12
10,21,2026,1,31,11,6,4,14
10,27,2026,1,31,10,2,2,14
10,32,2026,1,31,9,2,2,14
10,38,2026,1,31,8,2,2,14
10,41,2026,1,31,7,2,8,8
10,48,2026,1,31,5,4,4,8
11,0,2026,1,31,5,5,0,13
11,4,2026,1,31,7,2,1,14
11,9,2026,1,31,8,4,2,16
11,13,2026,1,31,9,6,4,18
11,18,2026,1,31,10,4,4,18
11,21,2026,1,31,11,6,8,16
11,27,2026,1,31,10,2,2,16
11,32,2026,1,31,9,3,1,18
11,38,2026,1,31,8,4,7,15
11,41,2026,1,31,7,4,4,15
11,48,2026,1,31,5,4,9,10
12,0,2026,1,31,5,5,0,15
12,4,2026,1,31,7,3,3,15
12,9,2026,1,31,8,3,3,15
12,13,2026,1,31,9,6,2,19
12,18,2026,1,31,10,2,6,15
12,21,2026,1,31,11,5,6,14
12,27,2026,1,31,10,2,2,14
12,32,2026,1,31,9,5,3,16
12,38,2026,1,31,8,3,4,15
12,41,2026,1,31,7,4,1,18
12,48,2026,1,31,5,2,9,11
13,0,2026,1,31,5,2,0,13
13,4,2026,1,31,7,29,0,42
13,9,2026,1,31,8,3,5,40
13,13,2026,1,31,9,5,8,37
13,18,2026,1,31,10,4,11,30
13,21,2026,1,31,11,6,16,20
13,27,2026,1,31,10,6,1,25
13,32,2026,1,31,9,6,4,27
13,38,2026,1,31,8,4,5,26
13,41,2026,1,31,7,19,4,41
13,48,2026,1,31,5,5,23,23
14,0,2026,1,31,5,3,0,26
14,4,2026,1,31,7,29,1,54
14,9,2026,1,31,8,5,7,52
14,13,2026,1,31,9,6,13,45
14,18,2026,1,31,10,5,14,36
14,21,2026,1,31,11,2,20,18
14,27,2026,1,31,10,5,0,23
14,32,2026,1,31,9,2,5,20
14,38,2026,1,31,8,6,4,22
14,41,2026,1,31,7,30,4,48
14,48,2026,1,31,5,3,21,30
15,0,2026,1,31,5,2,0,32
15,4,2026,1,31,7,20,0,52
15,9,2026,1,31,8,2,13,41
15,13,2026,1,31,9,4,10,35
15,18,2026,1,31,10,3,16,22
15,21,2026,1,31,11,4,16,10
15,27,2026,1,31,10,5,2,13
15,32,2026,1,31,9,5,2,16
15,38,2026,1,31,8,5,2,19
15,41,2026,1,31,7,28,3,44
15,48,2026,1,31,5,5,16,33
16,0,2026,1,31,5,6,0,39
16,4,2026,1,31,7,6,2,43
16,9,2026,1,31,8,5,11,37
16,13,2026,1,31,9,2,13,26
16,18,2026,1,31,10,2,8,20
16,21,2026,1,31,11,4,14,10
16,27,2026,1,31,10,6,2,14
16,32,2026,1,31,9,4,1,17
16,38,2026,1,31,8,4,5,16
16,41,2026,1,31,7,3,5,14
16,48,2026,1,31,5,6,5,15
17,0,2026,1,31,5,3,0,18
17,4,2026,1,31,7,2,3,17
17,9,2026,1,31,8,3,2,18
17,13,2026,1,31,9,2,5,15
17,18,2026,1,31,10,4,4,15
17,21,2026,1,31,11,3,9,9
17,27,2026,1,31,10,2,2,9
17,32,2026,1,31,9,2,5,6
17,38,2026,1,31,8,5,1,10
17,41,2026,1,31,7,2,5,7
17,48,2026,1,31,5,2,3,6
18,0,2026,1,31,5,6,0,12
18,4,2026,1,31,7,6,1,17
18,9,2026,1,31,8,4,3,18
18,13,2026,1,31,9,5,4,19
18,18,2026,1,31,10,4,6,17
18,21,2026,1,31,11,6,8,15
18,27,2026,1,31,10,4,1,18
18,32,2026,1,31,9,4,4,18
18,38,2026,1,31,8,3,7,14
18,41,2026,1,31,7,2,7,9
18,48,2026,1,31,5,3,6,6
19,0,2026,1,31,5,6,0,12
19,4,2026,1,31,7,3,2,13
19,9,2026,1,31,8,6,1,18
19,13,2026,1,31,9,4,4,18
19,18,2026,1,31,10,4,4,18
19,21,2026,1,31,11,3,12,9
19,27,2026,1,31,10,4,2,11
19,32,2026,1,31,9,5,2,14
19,38,2026,1,31,8,4,4,14
19,41,2026,1,31,7,5,6,13
19,48,2026,1,31,5,2,5,10
20,0,2026,1,31,5,6,0,16
20,4,2026,1,31,7,3,2,17
20,9,2026,1,31,8,3,1,19
20,13,2026,1,31,9,6,4,21
20,18,2026,1,31,10,3,6,18
20,21,2026,1,31,11,2,9,11
20,27,2026,1,31,10,6,0,17
20,32,2026,1,31,9,6,3,20
20,38,2026,1,31,8,3,3,20
20,41,2026,1,31,7,5,7,18
20,48,2026,1,31,5,6,7,17
21,0,2026,1,31,5,4,0,21
21,4,2026,1,31,7,2,2,21
21,9,2026,1,31,8,6,2,25
21,13,2026,1,31,9,4,11,18
21,18,2026,1,31,10,5,6,17
21,21,2026,1,31,11,4,9,12
21,27,2026,1,31,10,4,2,14
21,32,2026,1,31,9,6,2,18
21,38,2026,1,31,8,4,8,14
21,41,2026,1,31,7,6,8,12
21,48,2026,1,31,5,4,3,13
22,0,2026,1,31,5,3,0,16
22,4,2026,1,31,7,2,1,17
22,9,2026,1,31,8,6,7,16
22,13,2026,1,31,9,3,6,13
22,18,2026,1,31,10,4,6,11
22,21,2026,1,31,11,2,5,8
22,27,2026,1,31,10,6,0,14
22,32,2026,1,31,9,2,1,15
22,38,2026,1,31,8,5,5,15
22,41,2026,1,31,7,6,7,14
22,48,2026,1,31,5,6,4,16
23,0,2026,1,31,5,4,0,20
23,4,2026,1,31,7,3,3,20
23,9,2026,1,31,8,3,4,19
23,13,2026,1,31,9,2,4,17
23,18,2026,1,31,10,4,8,13
23,21,2026,1,31,11,5,6,12
23,27,2026,1,31,10,3,1,14
23,32,2026,1,31,9,3,0,17
23,38,2026,1,31,8,3,4,16
23,41,2026,1,31,7,4,6,14
23,48,2026,1,31,5,0,14,0
6,0,2026,2,1,5,13,0,13
6,4,2026,2,1,7,6,2,17
6,9,2026,2,1,8,6,3,20
6,13,2026,2,1,9,9,4,25
6,18,2026,2,1,10,15,6,34
6,21,2026,2,1,11,20,14,40
6,27,2026,2,1,10,15,5,50
6,32,2026,2,1,9,12,7,55
6,38,2026,2,1,8,9,15,49
6,41,2026,2,1,7,3,18,34
6,48,2026,2,1,5,9,18,25
7,0,2026,2,1,5,13,0,38
7,4,2026,2,1,7,5,15,28
7,9,2026,2,1,8,6,3,31
7,13,2026,2,1,9,7,4,34
7,18,2026,2,1,10,14,8,40
7,21,2026,2,1,11,22,15,47
7,27,2026,2,1,10,20,7,60
7,32,2026,2,1,9,11,8,63
7,38,2026,2,1,8,6,11,58
7,41,2026,2,1,7,2,20,40
7,48,2026,2,1,5,12,20,32
8,0,2026,2,1,5,20,0,52
8,4,2026,2,1,7,2,21,33
8,9,2026,2,1,8,15,7,41
8,13,2026,2,1,9,20,5,56
8,18,2026,2,1,10,11,9,58
8,21,2026,2,1,11,20,22,56
8,27,2026,2,1,10,10,0,66
8,32,2026,2,1,9,9,17,58
8,38,2026,2,1,8,9,12,55
8,41,2026,2,1,7,4,27,32
8,48,2026,2,1,5,17,17,32
9,0,2026,2,1,5,6,0,38
9,4,2026,2,1,7,3,16,25
9,9,2026,2,1,8,4,4,25
9,13,2026,2,1,9,4,7,22
9,18,2026,2,1,10,4,5,21
9,21,2026,2,1,11,3,10,14
9,27,2026,2,1,10,6,0,20
9,32,2026,2,1,9,5,0,25
9,38,2026,2,1,8,4,0,29
9,41,2026,2,1,7,3,24,8
9,48,2026,2,1,5,2,1,9
10,0,2026,2,1,5,5,0,14
10,4,2026,2,1,7,6,3,17
10,9,2026,2,1,8,6,3,20
10,13,2026,2,1,9,5,3,22
10,18,2026,2,1,10,6,7,21
10,21,2026,2,1,11,5,10,16
10,27,2026,2,1,10,5,1,20
10,32,2026,2,1,9,5,4,21
10,38,2026,2,1,8,6,3,24
10,41,2026,2,1,7,4,7,21
10,48,2026,2,1,5,6,12,15
11,0,2026,2,1,5,3,0,18
11,4,2026,2,1,7,2,1,19
11,9,2026,2,1,8,5,2,22
11,13,2026,2,1,9,5,8,19
11,18,2026,2,1,10,2,6,15
11,21,2026,2,1,11,3,8,10
11,27,2026,2,1,10,4,0,14
11,32,2026,2,1,9,2,2,14
11,38,2026,2,1,8,3,5,12
11,41,2026,2,1,7,3,5,10
11,48,2026,2,1,5,5,4,11
12,0,2026,2,1,5,2,0,13
12,4,2026,2,1,7,6,1,18
12,9,2026,2,1,8,2,2,18
12,13,2026,2,1,9,6,6,18
12,18,2026,2,1,10,4,5,17
12,21,2026,2,1,11,4,7,14
12,27,2026,2,1,10,3,0,17
12,32,2026,2,1,9,4,0,21
12,38,2026,2,1,8,6,7,20
12,41,2026,2,1,7,4,8,16
12,48,2026,2,1,5,3,8,11
13,0,2026,2,1,5,5,0,16
13,4,2026,2,1,7,26,0,42
13,9,2026,2,1,8,2,6,38
13,13,2026,2,1,9,4,17,25
13,18,2026,2,1,10,5,6,24
13,21,2026,2,1,11,3,12,15
13,27,2026,2,1,10,4,0,19
13,32,2026,2,1,9,3,1,21
13,38,2026,2,1,8,3,12,12
13,41,2026,2,1,7,15,1,26
13,48,2026,2,1,5,2,14,14
14,0,2026,2,1,5,3,0,17
14,4,2026,2,1,7,17,1,33
14,9,2026,2,1,8,4,9,28
14,13,2026,2,1,9,4,9,23
14,18,2026,2,1,10,5,7,21
14,21,2026,2,1,11,5,10,16
14,27,2026,2,1,10,5,5,16
14,32,2026,2,1,9,6,3,19
14,38,2026,2,1,8,6,4,21
14,41,2026,2,1,7,31,2,50
14,48,2026,2,1,5,4,14,40
15,0,2026,2,1,5,3,0,43
15,4,2026,2,1,7,12,0,55
15,9,2026,2,1,8,2,12,45
15,13,2026,2,1,9,6,13,38
15,18,2026,2,1,10,4,16,26
15,21,2026,2,1,11,2,16,12
15,27,2026,2,1,10,2,2,12
15,32,2026,2,1,9,2,4,10
15,38,2026,2,1,8,5,1,14
15,41,2026,2,1,7,9,1,22
15,48,2026,2,1,5,3,10,15
16,0,2026,2,1,5,5,0,20
16,4,2026,2,1,7,5,1,24
16,9,2026,2,1,8,3,6,21
16,13,2026,2,1,9,6,6,21
16,18,2026,2,1,10,3,11,13
16,21,2026,2,1,11,6,6,13
16,27,2026,2,1,10,6,1,18
16,32,2026,2,1,9,6,2,22
16,38,2026,2,1,8,2,4,20
16,41,2026,2,1,7,2,5,17
16,48,2026,2,1,5,5,10,12
17,0,2026,2,1,5,3,0,15
17,4,2026,2,1,7,2,0,17
17,9,2026,2,1,8,6,1,22
17,13,2026,2,1,9,3,5,20
17,18,2026,2,1,10,6,7,19
17,21,2026,2,1,11,3,8,14
17,27,2026,2,1,10,3,0,17
17,32,2026,2,1,9,5,2,20
17,38,2026,2,1,8,5,3,22
17,41,2026,2,1,7,5,6,21
17,48,2026,2,1,5,3,9,15
18,0,2026,2,1,5,4,0,19
18,4,2026,2,1,7,3,1,21
18,9,2026,2,1,8,6,1,26
18,13,2026,2,1,9,3,6,23
18,18,2026,2,1,10,2,11,14
18,21,2026,2,1,11,4,6,12
18,27,2026,2,1,10,4,2,14
18,32,2026,2,1,9,2,1,15
18,38,2026,2,1,8,5,3,17
18,41,2026,2,1,7,4,3,18
18,48,2026,2,1,5,4,7,15
19,0,2026,2,1,5,4,0,19
19,4,2026,2,1,7,3,1,21
19,9,2026,2,1,8,6,5,22
19,13,2026,2,1,9,2,6,18
19,18,2026,2,1,10,4,6,16
19,21,2026,2,1,11,3,9,10
19,27,2026,2,1,10,2,1,11
19,32,2026,2,1,9,6,2,15
19,38,2026,2,1,8,5,2,18
19,41,2026,2,1,7,2,4,16
19,48,2026,2,1,5,4,7,13
20,0,2026,2,1,5,4,0,17
20,4,2026,2,1,7,3,0,20
20,9,2026,2,1,8,5,2,23
20,13,2026,2,1,9,4,6,21
20,18,2026,2,1,10,2,6,17
20,21,2026,2,1,11,5,11,11
20,27,2026,2,1,10,6,0,17
20,32,2026,2,1,9,6,2,21
20,38,2026,2,1,8,3,4,20
20,41,2026,2,1,7,4,5,19
20,48,2026,2,1,5,5,10,14
21,0,2026,2,1,5,3,0,17
21,4,2026,2,1,7,3,1,19
21,9,2026,2,1,8,5,4,20
21,13,2026,2,1,9,6,4,22
21,18,2026,2,1,10,3,7,18
21,21,2026,2,1,11,3,10,11
21,27,2026,2,1,10,3,0,14
21,32,2026,2,1,9,2,1,15
21,38,2026,2,1,8,3,3,15
21,41,2026,2,1,7,4,12,7
21,48,2026,2,1,5,2,1,8
22,0,2026,2,1,5,3,0,11
22,4,2026,2,1,7,5,0,16
22,9,2026,2,1,8,4,3,17
22,13,2026,2,1,9,2,3,16
22,18,2026,2,1,10,5,5,16
22,21,2026,2,1,11,3,6,13
22,27,2026,2,1,10,4,2,15
22,32,2026,2,1,9,3,2,16
22,38,2026,2,1,8,5,5,16
22,41,2026,2,1,7,3,6,13
22,48,2026,2,1,5,3,4,12
23,0,2026,2,1,5,3,0,15
23,4,2026,2,1,7,2,2,15
23,9,2026,2,1,8,6,2,19
23,13,2026,2,1,9,2,2,19
23,18,2026,2,1,10,4,10,13
23,21,2026,2,1,11,5,6,12
23,27,2026,2,1,10,2,1,13
23,32,2026,2,1,9,6,3,16
23,38,2026,2,1,8,2,3,15
23,41,2026,2,1,7,5,6,14
23,48,2026,2,1,5,0,14,0
6,0,2026,2,2,5,7,0,7
6,4,2026,2,2,7,4,2,9
6,9,2026,2,2,8,13,0,22
6,13,2026,2,2,9,15,3,34
6,18,2026,2,2,10,22,5,51
6,21,2026,2,2,11,10,16,45
6,27,2026,2,2,10,19,2,62
6,32,2026,2,2,9,11,7,66
6,38,2026,2,2,8,16,16,66
6,41,2026,2,2,7,4,24,46
6,48,2026,2,2,5,12,18,40
7,0,2026,2,2,5,22,0,62
7,4,2026,2,2,7,5,26,41
7,9,2026,2,2,8,9,5,45
7,13,2026,2,2,9,17,9,53
7,18,2026,2,2,10,13,13,53
7,21,2026,2,2,11,10,19,44
7,27,2026,2,2,10,8,3,49
7,32,2026,2,2,9,19,8,60
7,38,2026,2,2,8,20,14,66
7,41,2026,2,2,7,1,25,42
7,48,2026,2,2,5,8,16,34
8,0,2026,2,2,5,12,0,46
8,4,2026,2,2,7,2,14,34
8,9,2026,2,2,8,22,6,50
8,13,2026,2,2,9,22,8,64
8,18,2026,2,2,10,16,18,62
8,21,2026,2,2,11,15,14,63
8,27,2026,2,2,10,9,6,66
8,32,2026,2,2,9,14,14,66
8,38,2026,2,2,8,10,15,61
8,41,2026,2,2,7,1,27,35
8,48,2026,2,2,5,7,18,24
9,0,2026,2,2,5,3,0,27
9,4,2026,2,2,7,2,7,22
9,9,2026,2,2,8,2,0,24
9,13,2026,2,2,9,6,6,24
9,18,2026,2,2,10,2,7,19
9,21,2026,2,2,11,6,10,15
9,27,2026,2,2,10,6,0,21
9,32,2026,2,2,9,5,0,26
9,38,2026,2,2,8,3,0,29
9,41,2026,2,2,7,1,20,10
9,48,2026,2,2,5,4,3,11
10,0,2026,2,2,5,4,0,15
10,4,2026,2,2,7,2,1,16
10,9,2026,2,2,8,6,3,19
10,13,2026,2,2,9,4,5,18
10,18,2026,2,2,10,3,4,17
10,21,2026,2,2,11,3,9,11
10,27,2026,2,2,10,6,0,17
10,32,2026,2,2,9,4,3,18
10,38,2026,2,2,8,2,3,17
10,41,2026,2,2,7,4,6,15
10,48,2026,2,2,5,2,9,8
11,0,2026,2,2,5,6,0,14
11,4,2026,2,2,7,2,2,14
11,9,2026,2,2,8,3,1,16
11,13,2026,2,2,9,5,5,16
11,18,2026,2,2,10,3,3,16
11,21,2026,2,2,11,4,8,12
11,27,2026,2,2,10,5,1,16
11,32,2026,2,2,9,6,1,21
11,38,2026,2,2,8,6,5,22
11,41,2026,2,2,7,5,7,20
11,48,2026,2,2,5,5,9,16
12,0,2026,2,2,5,4,0,20
12,4,2026,2,2,7,3,0,23
12,9,2026,2,2,8,3,8,18
12,13,2026,2,2,9,4,2,20
12,18,2026,2,2,10,3,11,12
12,21,2026,2,2,11,3,7,8
12,27,2026,2,2,10,2,0,10
12,32,2026,2,2,9,6,3,13
12,38,2026,2,2,8,6,7,12
12,41,2026,2,2,7,2,3,11
12,48,2026,2,2,5,3,3,11
13,0,2026,2,2,5,6,0,17
13,4,2026,2,2,7,22,2,37
13,9,2026,2,2,8,4,8,33
13,13,2026,2,2,9,5,9,29
13,18,2026,2,2,10,5,11,23
13,21,2026,2,2,11,4,16,11
13,27,2026,2,2,10,2,0,13
13,32,2026,2,2,9,4,1,16
13,38,2026,2,2,8,3,4,15
13,41,2026,2,2,7,25,4,36
13,48,2026,2,2,5,6,13,29
14,0,2026,2,2,5,2,0,31
14,4,2026,2,2,7,17,0,48
14,9,2026,2,2,8,3,11,40
14,13,2026,2,2,9,5,6,39
14,18,2026,2,2,10,4,10,33
14,21,2026,2,2,11,6,19,20
14,27,2026,2,2,10,3,0,23
14,32,2026,2,2,9,5,2,26
14,38,2026,2,2,8,4,6,24
14,41,2026,2,2,7,13,6,31
14,48,2026,2,2,5,4,14,21
15,0,2026,2,2,5,2,0,23
15,4,2026,2,2,7,17,2,38
15,9,2026,2,2,8,4,9,33
15,13,2026,2,2,9,4,9,28
15,18,2026,2,2,10,4,7,25
15,21,2026,2,2,11,3,12,16
15,27,2026,2,2,10,5,0,21
15,32,2026,2,2,9,3,2,22
15,38,2026,2,2,8,4,4,22
15,41,2026,2,2,7,16,2,36
15,48,2026,2,2,5,4,15,25
16,0,2026,2,2,5,4,0,29
16,4,2026,2,2,7,2,2,29
16,9,2026,2,2,8,6,6,29
16,13,2026,2,2,9,6,6,29
16,18,2026,2,2,10,2,9,22
16,21,2026,2,2,11,2,14,10
16,27,2026,2,2,10,4,0,14
16,32,2026,2,2,9,2,3,13
16,38,2026,2,2,8,6,1,18
16,41,2026,2,2,7,3,4,17
16,48,2026,2,2,5,4,9,12
17,0,2026,2,2,5,5,0,17
17,4,2026,2,2,7,5,0,22
17,9,2026,2,2,8,6,4,24
17,13,2026,2,2,9,4,5,23
17,18,2026,2,2,10,4,8,19
17,21,2026,2,2,11,6,12,13
17,27,2026,2,2,10,4,1,16
17,32,2026,2,2,9,2,5,13
17,38,2026,2,2,8,2,4,11
17,41,2026,2,2,7,6,5,12
17,48,2026,2,2,5,3,5,10
18,0,2026,2,2,5,5,0,15
18,4,2026,2,2,7,5,1,19
18,9,2026,2,2,8,4,3,20
18,13,2026,2,2,9,3,8,15
18,18,2026,2,2,10,4,5,14
18,21,2026,2,2,11,4,7,11
18,27,2026,2,2,10,5,0,16
18,32,2026,2,2,9,4,3,17
18,38,2026,2,2,8,4,3,18
18,41,2026,2,2,7,5,6,17
18,48,2026,2,2,5,4,6,15
19,0,2026,2,2,5,4,0,19
19,4,2026,2,2,7,3,4,18
19,9,2026,2,2,8,6,1,23
19,13,2026,2,2,9,4,7,20
19,18,2026,2,2,10,4,4,20
19,21,2026,2,2,11,2,10,12
19,27,2026,2,2,10,3,1,14
19,32,2026,2,2,9,5,0,19
19,38,2026,2,2,8,4,4,19
19,41,2026,2,2,7,6,7,18
19,48,2026,2,2,5,2,7,13
20,0,2026,2,2,5,3,0,16
20,4,2026,2,2,7,4,1,19
20,9,2026,2,2,8,3,2,20
20,13,2026,2,2,9,6,7,19
20,18,2026,2,2,10,4,7,16
20,21,2026,2,2,11,2,7,11
20,27,2026,2,2,10,6,0,17
20,32,2026,2,2,9,4,3,18
20,38,2026,2,2,8,6,2,22
20,41,2026,2,2,7,6,8,20
20,48,2026,2,2,5,4,8,16
21,0,2026,2,2,5,5,0,21
21,4,2026,2,2,7,6,3,24
21,9,2026,2,2,8,6,3,27
21,13,2026,2,2,9,6,8,25
21,18,2026,2,2,10,2,12,15
21,21,2026,2,2,11,6,9,12
21,27,2026,2,2,10,2,0,14
21,32,2026,2,2,9,6,3,17
21,38,2026,2,2,8,4,4,17
21,41,2026,2,2,7,5,2,20
21,48,2026,2,2,5,6,8,18
22,0,2026,2,2,5,2,0,20
22,4,2026,2,2,7,6,1,25
22,9,2026,2,2,8,4,3,26
22,13,2026,2,2,9,4,3,27
22,18,2026,2,2,10,5,13,19
22,21,2026,2,2,11,3,10,12
22,27,2026,2,2,10,4,0,16
22,32,2026,2,2,9,2,4,14
22,38,2026,2,2,8,5,3,16
22,41,2026,2,2,7,5,5,16
22,48,2026,2,2,5,2,9,9
23,0,2026,2,2,5,5,0,14
23,4,2026,2,2,7,2,2,14
23,9,2026,2,2,8,6,2,18
23,13,2026,2,2,9,5,6,17
23,18,2026,2,2,10,5,7,15
23,21,2026,2,2,11,6,6,15
23,27,2026,2,2,10,3,1,17
23,32,2026,2,2,9,2,3,16
23,38,2026,2,2,8,2,6,12
23,41,2026,2,2,7,4,4,12
23,48,2026,2,2,5,0,12,0
6,0,2026,2,3,5,9,0,9
6,4,2026,2,3,7,2,2,9
6,9,2026,2,3,8,8,4,13
6,13,2026,2,3,9,6,4,15
6,18,2026,2,3,10,22,6,31
6,21,2026,2,3,11,19,6,44
6,27,2026,2,3,10,19,4,59
6,32,2026,2,3,9,18,14,63
6,38,2026,2,3,8,16,17,62
6,41,2026,2,3,7,6,15,53
6,48,2026,2,3,5,16,23,46
7,0,2026,2,3,5,6,0,52
7,4,2026,2,3,7,3,15,40
7,9,2026,2,3,8,6,3,43
7,13,2026,2,3,9,17,11,49
7,18,2026,2,3,10,6,10,45
7,21,2026,2,3,11,16,20,41
7,27,2026,2,3,10,16,4,53
7,32,2026,2,3,9,16,3,66
7,38,2026,2,3,8,15,15,66
7,41,2026,2,3,7,1,21,46
7,48,2026,2,3,5,12,21,37
8,0,2026,2,3,5,17,0,54
8,4,2026,2,3,7,5,20,39
8,9,2026,2,3,8,11,7,43
8,13,2026,2,3,9,17,11,49
8,18,2026,2,3,10,12,11,50
8,21,2026,2,3,11,12,16,46
8,27,2026,2,3,10,14,3,57
8,32,2026,2,3,9,12,9,60
8,38,2026,2,3,8,10,14,56
8,41,2026,2,3,7,4,28,32
8,48,2026,2,3,5,21,15,38
9,0,2026,2,3,5,2,0,40
9,4,2026,2,3,7,4,19,25
9,9,2026,2,3,8,2,2,25
9,13,2026,2,3,9,6,2,29
9,18,2026,2,3,10,5,7,27
9,21,2026,2,3,11,6,14,19
9,27,2026,2,3,10,3,0,22
9,32,2026,2,3,9,5,2,25
9,38,2026,2,3,8,3,0,28
9,41,2026,2,3,7,1,20,9
9,48,2026,2,3,5,6,5,10
10,0,2026,2,3,5,4,0,14
10,4,2026,2,3,7,5,1,18
10,9,2026,2,3,8,4,4,18
10,13,2026,2,3,9,4,5,17
10,18,2026,2,3,10,5,2,20
10,21,2026,2,3,11,5,11,14
10,27,2026,2,3,10,3,2,15
10,32,2026,2,3,9,3,3,15
10,38,2026,2,3,8,5,6,14
10,41,2026,2,3,7,5,4,15
10,48,2026,2,3,5,2,5,12
11,0,2026,2,3,5,5,0,17
11,4,2026,2,3,7,3,2,18
11,9,2026,2,3,8,2,3,17
11,13,2026,2,3,9,5,2,20
11,18,2026,2,3,10,6,8,18
11,21,2026,2,3,11,6,7,17
11,27,2026,2,3,10,3,1,19
11,32,2026,2,3,9,3,2,20
11,38,2026,2,3,8,5,4,21
11,41,2026,2,3,7,2,9,14
11,48,2026,2,3,5,4,8,10
12,0,2026,2,3,5,4,0,14
12,4,2026,2,3,7,2,2,14
12,9,2026,2,3,8,3,6,11
12,13,2026,2,3,9,5,2,14
12,18,2026,2,3,10,5,3,16
12,21,2026,2,3,11,5,7,14
12,27,2026,2,3,10,6,1,19
12,32,2026,2,3,9,2,5,16
12,38,2026,2,3,8,2,6,12
12,41,2026,2,3,7,6,6,12
12,48,2026,2,3,5,4,5,11
13,0,2026,2,3,5,2,0,13
13,4,2026,2,3,7,8,1,20
13,9,2026,2,3,8,6,6,20
13,13,2026,2,3,9,6,7,19
13,18,2026,2,3,10,2,7,14
13,21,2026,2,3,11,6,8,12
13,27,2026,2,3,10,2,3,11
13,32,2026,2,3,9,4,1,14
13,38,2026,2,3,8,6,1,19
13,41,2026,2,3,7,8,3,24
13,48,2026,2,3,5,2,9,17
14,0,2026,2,3,5,3,0,20
14,4,2026,2,3,7,31,0,51
14,9,2026,2,3,8,6,7,50
14,13,2026,2,3,9,2,14,38
14,18,2026,2,3,10,2,16,24
14,21,2026,2,3,11,4,14,14
14,27,2026,2,3,10,4,2,16
14,32,2026,2,3,9,3,6,13
14,38,2026,2,3,8,2,3,12
14,41,2026,2,3,7,10,4,18
14,48,2026,2,3,5,2,9,11
15,0,2026,2,3,5,5,0,16
15,4,2026,2,3,7,24,0,40
15,9,2026,2,3,8,6,11,35
15,13,2026,2,3,9,5,8,32
15,18,2026,2,3,10,2,5,29
15,21,2026,2,3,11,6,14,21
15,27,2026,2,3,10,2,3,20
15,32,2026,2,3,9,5,2,23
15,38,2026,2,3,8,4,4,23
15,41,2026,2,3,7,25,7,41
15,48,2026,2,3,5,5,15,31
16,0,2026,2,3,5,4,0,35
16,4,2026,2,3,7,6,3,38
16,9,2026,2,3,8,4,4,38
16,13,2026,2,3,9,4,8,34
16,18,2026,2,3,10,5,11,28
16,21,2026,2,3,11,3,18,13
16,27,2026,2,3,10,6,1,18
16,32,2026,2,3,9,5,3,20
16,38,2026,2,3,8,3,3,20
16,41,2026,2,3,7,2,6,16
16,48,2026,2,3,5,3,7,12
17,0,2026,2,3,5,3,0,15
17,4,2026,2,3,7,2,1,16
17,9,2026,2,3,8,2,3,15
17,13,2026,2,3,9,4,4,15
17,18,2026,2,3,10,4,6,13
17,21,2026,2,3,11,3,9,7
17,27,2026,2,3,10,6,2,11
17,32,2026,2,3,9,2,0,13
17,38,2026,2,3,8,4,1,16
17,41,2026,2,3,7,3,6,13
17,48,2026,2,3,5,2,6,9
18,0,2026,2,3,5,2,0,11
18,4,2026,2,3,7,6,1,16
18,9,2026,2,3,8,3,3,16
18,13,2026,2,3,9,5,1,20
18,18,2026,2,3,10,2,6,16
18,21,2026,2,3,11,3,10,9
18,27,2026,2,3,10,4,2,11
18,32,2026,2,3,9,4,3,12
18,38,2026,2,3,8,5,2,15
18,41,2026,2,3,7,2,5,12
18,48,2026,2,3,5,4,6,10
19,0,2026,2,3,5,5,0,15
19,4,2026,2,3,7,4,2,17
19,9,2026,2,3,8,6,3,20
19,13,2026,2,3,9,3,3,20
19,18,2026,2,3,10,5,6,19
19,21,2026,2,3,11,5,7,17
19,27,2026,2,3,10,6,1,22
19,32,2026,2,3,9,3,3,22
19,38,2026,2,3,8,5,5,22
19,41,2026,2,3,7,3,8,17
19,48,2026,2,3,5,4,9,12
20,0,2026,2,3,5,2,0,14
20,4,2026,2,3,7,6,0,20
20,9,2026,2,3,8,4,3,21
20,13,2026,2,3,9,2,7,16
20,18,2026,2,3,10,5,8,13
20,21,2026,2,3,11,3,4,12
20,27,2026,2,3,10,5,2,15
20,32,2026,2,3,9,2,4,13
20,38,2026,2,3,8,5,1,17
20,41,2026,2,3,7,3,4,16
20,48,2026,2,3,5,4,8,12
21,0,2026,2,3,5,2,0,14
21,4,2026,2,3,7,3,0,17
21,9,2026,2,3,8,4,4,17
21,13,2026,2,3,9,6,4,19
21,18,2026,2,3,10,2,5,16
21,21,2026,2,3,11,3,7,12
21,27,2026,2,3,10,3,0,15
21,32,2026,2,3,9,4,1,18
21,38,2026,2,3,8,4,5,17
21,41,2026,2,3,7,6,3,20
21,48,2026,2,3,5,2,10,12
22,0,2026,2,3,5,6,0,18
22,4,2026,2,3,7,2,2,18
22,9,2026,2,3,8,4,2,20
22,13,2026,2,3,9,5,6,19
22,18,2026,2,3,10,4,7,16
22,21,2026,2,3,11,5,7,14
22,27,2026,2,3,10,2,1,15
22,32,2026,2,3,9,6,3,18
22,38,2026,2,3,8,2,2,18
22,41,2026,2,3,7,4,5,17
22,48,2026,2,3,5,4,11,10
23,0,2026,2,3,5,3,0,13
23,4,2026,2,3,7,6,0,19
23,9,2026,2,3,8,4,2,21
23,13,2026,2,3,9,4,6,19
23,18,2026,2,3,10,3,6,16
23,21,2026,2,3,11,6,7,15
23,27,2026,2,3,10,5,0,20
23,32,2026,2,3,9,3,4,19
23,38,2026,2,3,8,4,3,20
23,41,2026,2,3,7,6,14,12
23,48,2026,2,3,5,0,12,0
6,0,2026,2,4,5,10,0,10
6,4,2026,2,4,7,3,2,11
6,9,2026,2,4,8,14,3,22
6,13,2026,2,4,9,7,6,23
6,18,2026,2,4,10,10,5,28
6,21,2026,2,4,11,20,6,42
6,27,2026,2,4,10,7,3,46
6,32,2026,2,4,9,16,7,55
6,38,2026,2,4,8,15,13,57
6,41,2026,2,4,7,2,23,36
6,48,2026,2,4,5,14,15,35
7,0,2026,2,4,5,10,0,45
7,4,2026,2,4,7,1,16,30
7,9,2026,2,4,8,12,5,37
7,13,2026,2,4,9,22,5,54
7,18,2026,2,4,10,16,15,55
7,21,2026,2,4,11,8,15,48
7,27,2026,2,4,10,13,2,59
7,32,2026,2,4,9,14,7,66
7,38,2026,2,4,8,8,11,63
7,41,2026,2,4,7,2,23,42
7,48,2026,2,4,5,13,24,31
8,0,2026,2,4,5,6,0,37
8,4,2026,2,4,7,3,14,26
8,9,2026,2,4,8,20,5,41
8,13,2026,2,4,9,17,6,52
8,18,2026,2,4,10,17,12,57
8,21,2026,2,4,11,12,14,55
8,27,2026,2,4,10,7,3,59
8,32,2026,2,4,9,18,14,63
8,38,2026,2,4,8,13,12,64
8,41,2026,2,4,7,4,28,40
8,48,2026,2,4,5,5,16,29
9,0,2026,2,4,5,5,0,34
9,4,2026,2,4,7,1,7,28
9,9,2026,2,4,8,5,1,32
9,13,2026,2,4,9,2,6,28
9,18,2026,2,4,10,5,8,25
9,21,2026,2,4,11,6,13,18
9,27,2026,2,4,10,6,1,23
9,32,2026,2,4,9,5,1,27
9,38,2026,2,4,8,4,2,29
9,41,2026,2,4,7,1,20,10
9,48,2026,2,4,5,2,3,9
10,0,2026,2,4,5,6,0,15
10,4,2026,2,4,7,2,3,14
10,9,2026,2,4,8,4,0,18
10,13,2026,2,4,9,4,4,18
10,18,2026,2,4,10,6,7,17
10,21,2026,2,4,11,2,8,11
10,27,2026,2,4,10,5,1,15
10,32,2026,2,4,9,3,0,18
10,38,2026,2,4,8,5,6,17
10,41,2026,2,4,7,6,5,18
10,48,2026,2,4,5,2,10,10
11,0,2026,2,4,5,2,0,12
11,4,2026,2,4,7,3,1,14
11,9,2026,2,4,8,5,2,17
11,13,2026,2,4,9,2,5,14
11,18,2026,2,4,10,3,3,14
11,21,2026,2,4,11,2,7,9
11,27,2026,2,4,10,3,0,12
11,32,2026,2,4,9,5,2,15
11,38,2026,2,4,8,2,1,16
11,41,2026,2,4,7,5,7,14
11,48,2026,2,4,5,3,6,11
12,0,2026,2,4,5,2,0,13
12,4,2026,2,4,7,6,1,18
12,9,2026,2,4,8,2,4,16
12,13,2026,2,4,9,2,2,16
12,18,2026,2,4,10,4,8,12
12,21,2026,2,4,11,4,7,9
12,27,2026,2,4,10,2,1,10
12,32,2026,2,4,9,5,1,14
12,38,2026,2,4,8,3,4,13
12,41,2026,2,4,7,2,3,12
12,48,2026,2,4,5,6,9,9
13,0,2026,2,4,5,6,0,15
13,4,2026,2,4,7,7,3,19
13,9,2026,2,4,8,3,2,20
13,13,2026,2,4,9,6,9,17
13,18,2026,2,4,10,5,6,16
13,21,2026,2,4,11,6,6,16
13,27,2026,2,4,10,6,1,21
13,32,2026,2,4,9,2,2,21
13,38,2026,2,4,8,3,7,17
13,41,2026,2,4,7,30,4,43
13,48,2026,2,4,5,5,14,34
14,0,2026,2,4,5,3,0,37
14,4,2026,2,4,7,19,0,56
14,9,2026,2,4,8,6,18,44
14,13,2026,2,4,9,2,10,36
14,18,2026,2,4,10,3,11,28
14,21,2026,2,4,11,2,14,16
14,27,2026,2,4,10,3,1,18
14,32,2026,2,4,9,6,0,24
14,38,2026,2,4,8,2,4,22
14,41,2026,2,4,7,8,5,25
14,48,2026,2,4,5,6,16,15
15,0,2026,2,4,5,5,0,20
15,4,2026,2,4,7,19,1,38
15,9,2026,2,4,8,6,7,37
15,13,2026,2,4,9,5,11,31
15,18,2026,2,4,10,3,11,23
15,21,2026,2,4,11,6,10,19
15,27,2026,2,4,10,2,3,18
15,32,2026,2,4,9,2,3,17
15,38,2026,2,4,8,3,3,17
15,41,2026,2,4,7,31,0,48
15,48,2026,2,4,5,6,18,36
16,0,2026,2,4,5,6,0,42
16,4,2026,2,4,7,2,2,42
16,9,2026,2,4,8,4,7,39
16,13,2026,2,4,9,5,11,33
16,18,2026,2,4,10,2,19,16
16,21,2026,2,4,11,4,10,10
16,27,2026,2,4,10,2,0,12
16,32,2026,2,4,9,5,3,14
16,38,2026,2,4,8,3,2,15
16,41,2026,2,4,7,2,7,10
16,48,2026,2,4,5,2,4,8
17,0,2026,2,4,5,3,0,11
17,4,2026,2,4,7,6,1,16
17,9,2026,2,4,8,4,2,18
17,13,2026,2,4,9,4,6,16
17,18,2026,2,4,10,5,7,14
17,21,2026,2,4,11,2,7,9
17,27,2026,2,4,10,6,0,15
17,32,2026,2,4,9,5,4,16
17,38,2026,2,4,8,5,2,19
17,41,2026,2,4,7,5,5,19
17,48,2026,2,4,5,5,10,14
18,0,2026,2,4,5,5,0,19
18,4,2026,2,4,7,6,2,23
18,9,2026,2,4,8,5,5,23
18,13,2026,2,4,9,5,5,23
18,18,2026,2,4,10,3,6,20
18,21,2026,2,4,11,2,10,12
18,27,2026,2,4,10,3,1,14
18,32,2026,2,4,9,5,0,19
18,38,2026,2,4,8,2,2,19
18,41,2026,2,4,7,3,8,14
18,48,2026,2,4,5,3,7,10
19,0,2026,2,4,5,4,0,14
19,4,2026,2,4,7,4,1,17
19,9,2026,2,4,8,5,4,18
19,13,2026,2,4,9,5,1,22
19,18,2026,2,4,10,4,7,19
19,21,2026,2,4,11,6,9,16
19,27,2026,2,4,10,2,1,17
19,32,2026,2,4,9,4,2,19
19,38,2026,2,4,8,6,6,19
19,41,2026,2,4,7,3,7,15
19,48,2026,2,4,5,5,6,14
20,0,2026,2,4,5,6,0,20
20,4,2026,2,4,7,3,3,20
20,9,2026,2,4,8,5,3,22
20,13,2026,2,4,9,6,7,21
20,18,2026,2,4,10,4,8,17
20,21,2026,2,4,11,3,11,9
20,27,2026,2,4,10,6,0,15
20,32,2026,2,4,9,5,1,19
20,38,2026,2,4,8,5,2,22
20,41,2026,2,4,7,2,7,17
20,48,2026,2,4,5,2,8,11
21,0,2026,2,4,5,2,0,13
21,4,2026,2,4,7,5,2,16
21,9,2026,2,4,8,2,0,18
21,13,2026,2,4,9,6,1,23
21,18,2026,2,4,10,3,7,19
21,21,2026,2,4,11,6,10,15
21,27,2026,2,4,10,2,0,17
21,32,2026,2,4,9,6,1,22
21,38,2026,2,4,8,6,5,23
21,41,2026,2,4,7,4,3,24
21,48,2026,2,4,5,5,15,14
22,0,2026,2,4,5,3,0,17
22,4,2026,2,4,7,3,1,19
22,9,2026,2,4,8,4,3,20
22,13,2026,2,4,9,6,5,21
22,18,2026,2,4,10,6,14,13
22,21,2026,2,4,11,2,5,10
22,27,2026,2,4,10,5,0,15
22,32,2026,2,4,9,6,5,16
22,38,2026,2,4,8,5,5,16
22,41,2026,2,4,7,3,5,14
22,48,2026,2,4,5,4,7,11
23,0,2026,2,4,5,6,0,17
23,4,2026,2,4,7,4,2,19
23,9,2026,2,4,8,5,5,19
23,13,2026,2,4,9,6,7,18
23,18,2026,2,4,10,3,6,15
23,21,2026,2,4,11,6,7,14
23,27,2026,2,4,10,5,1,18
23,32,2026,2,4,9,6,4,20
23,38,2026,2,4,8,2,8,14
23,41,2026,2,4,7,3,6,11
23,48,2026,2,4,5,0,11,0
6,0,2026,2,5,5,17,0,17
6,4,2026,2,5,7,5,3,19
6,9,2026,2,5,8,12,4,27
6,13,2026,2,5,9,5,6,26
6,18,2026,2,5,10,9,9,26
6,21,2026,2,5,11,9,14,21
6,27,2026,2,5,10,11,3,29
6,32,2026,2,5,9,10,5,34
6,38,2026,2,5,8,18,6,46
6,41,2026,2,5,7,4,12,38
6,48,2026,2,5,5,21,16,43
7,0,2026,2,5,5,18,0,61
7,4,2026,2,5,7,2,22,41
7,9,2026,2,5,8,8,7,42
7,13,2026,2,5,9,7,9,40
7,18,2026,2,5,10,19,12,47
7,21,2026,2,5,11,7,14,40
7,27,2026,2,5,10,11,1,50
7,32,2026,2,5,9,21,5,66
7,38,2026,2,5,8,14,14,66
7,41,2026,2,5,7,5,27,44
7,48,2026,2,5,5,16,19,41
8,0,2026,2,5,5,14,0,55
8,4,2026,2,5,7,3,21,37
8,9,2026,2,5,8,11,4,44
8,13,2026,2,5,9,16,8,52
8,18,2026,2,5,10,12,17,47
8,21,2026,2,5,11,21,15,53
8,27,2026,2,5,10,18,5,66
8,32,2026,2,5,9,10,10,66
8,38,2026,2,5,8,10,17,59
8,41,2026,2,5,7,5,24,40
8,48,2026,2,5,5,13,20,33
9,0,2026,2,5,5,5,0,38
9,4,2026,2,5,7,5,11,32
9,9,2026,2,5,8,6,6,32
9,13,2026,2,5,9,2,8,26
9,18,2026,2,5,10,4,8,22
9,21,2026,2,5,11,3,10,15
9,27,2026,2,5,10,6,0,21
9,32,2026,2,5,9,6,0,27
9,38,2026,2,5,8,2,4,25
9,41,2026,2,5,7,1,18,8
9,48,2026,2,5,5,4,5,7
10,0,2026,2,5,5,5,0,12
10,4,2026,2,5,7,3,2,13
10,9,2026,2,5,8,4,1,16
10,13,2026,2,5,9,2,3,15
10,18,2026,2,5,10,3,3,15
10,21,2026,2,5,11,2,8,9
10,27,2026,2,5,10,2,0,11
10,32,2026,2,5,9,2,0,13
10,38,2026,2,5,8,6,1,18
10,41,2026,2,5,7,3,5,16
10,48,2026,2,5,5,5,10,11
11,0,2026,2,5,5,3,0,14
11,4,2026,2,5,7,5,0,19
11,9,2026,2,5,8,5,4,20
11,13,2026,2,5,9,5,8,17
11,18,2026,2,5,10,5,5,17
11,21,2026,2,5,11,5,12,10
11,27,2026,2,5,10,6,1,15
11,32,2026,2,5,9,6,1,20
11,38,2026,2,5,8,5,4,21
11,41,2026,2,5,7,3,8,16
11,48,2026,2,5,5,5,8,13
12,0,2026,2,5,5,2,0,15
12,4,2026,2,5,7,2,1,16
12,9,2026,2,5,8,5,1,20
12,13,2026,2,5,9,3,5,18
12,18,2026,2,5,10,3,6,15
12,21,2026,2,5,11,4,11,8
12,27,2026,2,5,10,2,2,8
12,32,2026,2,5,9,5,1,12
12,38,2026,2,5,8,3,3,12
12,41,2026,2,5,7,6,1,17
12,48,2026,2,5,5,3,9,11
13,0,2026,2,5,5,3,0,14
13,4,2026,2,5,7,18,0,32
13,9,2026,2,5,8,2,7,27
13,13,2026,2,5,9,3,9,21
13,18,2026,2,5,10,2,10,13
13,21,2026,2,5,11,5,9,9
13,27,2026,2,5,10,2,0,11
13,32,2026,2,5,9,6,3,14
13,38,2026,2,5,8,3,2,15
13,41,2026,2,5,7,18,2,31
13,48,2026,2,5,5,4,8,27
14,0,2026,2,5,5,4,0,31
14,4,2026,2,5,7,13,2,42
14,9,2026,2,5,8,4,10,36
14,13,2026,2,5,9,4,7,33
14,18,2026,2,5,10,4,10,27
14,21,2026,2,5,11,2,14,15
14,27,2026,2,5,10,3,0,18
14,32,2026,2,5,9,6,1,23
14,38,2026,2,5,8,4,7,20
14,41,2026,2,5,7,9,5,24
14,48,2026,2,5,5,2,13,13
15,0,2026,2,5,5,6,0,19
15,4,2026,2,5,7,19,3,35
15,9,2026,2,5,8,4,5,34
15,13,2026,2,5,9,6,8,32
15,18,2026,2,5,10,6,12,26
15,21,2026,2,5,11,2,19,9
15,27,2026,2,5,10,5,1,13
15,32,2026,2,5,9,3,3,13
15,38,2026,2,5,8,5,5,13
15,41,2026,2,5,7,19,0,32
15,48,2026,2,5,5,4,7,29
16,0,2026,2,5,5,3,0,32
16,4,2026,2,5,7,5,1,36
16,9,2026,2,5,8,5,5,36
16,13,2026,2,5,9,2,8,30
16,18,2026,2,5,10,5,13,22
16,21,2026,2,5,11,4,14,12
16,27,2026,2,5,10,3,2,13
16,32,2026,2,5,9,5,0,18
16,38,2026,2,5,8,5,4,19
16,41,2026,2,5,7,2,7,14
16,48,2026,2,5,5,6,2,18
17,0,2026,2,5,5,3,0,21
17,4,2026,2,5,7,6,3,24
17,9,2026,2,5,8,2,2,24
17,13,2026,2,5,9,6,5,25
17,18,2026,2,5,10,4,2,27
17,21,2026,2,5,11,5,16,16
17,27,2026,2,5,10,2,0,18
17,32,2026,2,5,9,2,3,17
17,38,2026,2,5,8,6,4,19
17,41,2026,2,5,7,6,5,20
17,48,2026,2,5,5,5,9,16
18,0,2026,2,5,5,6,0,22
18,4,2026,2,5,7,4,2,24
18,9,2026,2,5,8,5,10,19
18,13,2026,2,5,9,5,2,22
18,18,2026,2,5,10,2,7,17
18,21,2026,2,5,11,3,7,13
18,27,2026,2,5,10,5,0,18
18,32,2026,2,5,9,2,1,19
18,38,2026,2,5,8,2,8,13
18,41,2026,2,5,7,3,5,11
18,48,2026,2,5,5,6,6,11
19,0,2026,2,5,5,5,0,16
19,4,2026,2,5,7,6,3,19
19,9,2026,2,5,8,6,3,22
19,13,2026,2,5,9,4,4,22
19,18,2026,2,5,10,4,7,19
19,21,2026,2,5,11,2,10,11
19,27,2026,2,5,10,5,1,15
19,32,2026,2,5,9,3,3,15
19,38,2026,2,5,8,6,2,19
19,41,2026,2,5,7,2,8,13
19,48,2026,2,5,5,6,6,13
20,0,2026,2,5,5,4,0,17
20,4,2026,2,5,7,4,2,19
20,9,2026,2,5,8,2,1,20
20,13,2026,2,5,9,4,8,16
20,18,2026,2,5,10,4,5,15
20,21,2026,2,5,11,5,9,11
20,27,2026,2,5,10,5,2,14
20,32,2026,2,5,9,6,4,16
20,38,2026,2,5,8,4,6,14
20,41,2026,2,5,7,6,8,12
20,48,2026,2,5,5,5,6,11
21,0,2026,2,5,5,6,0,17
21,4,2026,2,5,7,4,2,19
21,9,2026,2,5,8,5,7,17
21,13,2026,2,5,9,2,4,15
21,18,2026,2,5,10,2,5,12
21,21,2026,2,5,11,5,8,9
21,27,2026,2,5,10,5,1,13
21,32,2026,2,5,9,2,1,14
21,38,2026,2,5,8,4,0,18
21,41,2026,2,5,7,5,5,18
21,48,2026,2,5,5,5,12,11
22,0,2026,2,5,5,6,0,17
22,4,2026,2,5,7,5,1,21
22,9,2026,2,5,8,5,3,23
22,13,2026,2,5,9,2,6,19
22,18,2026,2,5,10,3,11,11
22,21,2026,2,5,11,3,6,8
22,27,2026,2,5,10,4,0,12
22,32,2026,2,5,9,3,1,14
22,38,2026,2,5,8,2,3,13
22,41,2026,2,5,7,4,3,14
22,48,2026,2,5,5,6,4,16
23,0,2026,2,5,5,4,0,20
23,4,2026,2,5,7,6,0,26
23,9,2026,2,5,8,2,7,21
23,13,2026,2,5,9,5,5,21
23,18,2026,2,5,10,3,3,21
23,21,2026,2,5,11,5,12,14
23,27,2026,2,5,10,2,0,16
23,32,2026,2,5,9,6,2,20
23,38,2026,2,5,8,3,5,18
23,41,2026,2,5,7,2,9,11
23,48,2026,2,5,5,0,11,0
6,0,2026,2,6,5,18,0,18
6,4,2026,2,6,7,4,0,22
6,9,2026,2,6,8,13,4,31
6,13,2026,2,6,9,11,11,31
6,18,2026,2,6,10,12,8,35
6,21,2026,2,6,11,19,9,45
6,27,2026,2,6,10,20,4,61
6,32,2026,2,6,9,11,6,66
6,38,2026,2,6,8,17,19,64
6,41,2026,2,6,7,4,21,47
6,48,2026,2,6,5,8,20,35
7,0,2026,2,6,5,6,0,41
7,4,2026,2,6,7,1,13,29
7,9,2026,2,6,8,13,2,40
7,13,2026,2,6,9,5,6,39
7,18,2026,2,6,10,15,6,48
7,21,2026,2,6,11,7,20,35
7,27,2026,2,6,10,12,0,47
7,32,2026,2,6,9,11,4,54
7,38,2026,2,6,8,14,14,54
7,41,2026,2,6,7,1,23,32
7,48,2026,2,6,5,13,15,30
8,0,2026,2,6,5,12,0,42
8,4,2026,2,6,7,4,16,30
8,9,2026,2,6,8,8,2,36
8,13,2026,2,6,9,19,4,51
8,18,2026,2,6,10,13,10,54
8,21,2026,2,6,11,6,18,42
8,27,2026,2,6,10,7,2,47
8,32,2026,2,6,9,7,6,48
8,38,2026,2,6,8,19,9,58
8,41,2026,2,6,7,2,25,35
8,48,2026,2,6,5,12,14,33
9,0,2026,2,6,5,6,0,39
9,4,2026,2,6,7,2,15,26
9,9,2026,2,6,8,2,2,26
9,13,2026,2,6,9,3,5,24
9,18,2026,2,6,10,3,10,17
9,21,2026,2,6,11,2,11,8
9,27,2026,2,6,10,4,0,12
9,32,2026,2,6,9,5,1,16
9,38,2026,2,6,8,6,0,22
9,41,2026,2,6,7,5,18,9
9,48,2026,2,6,5,6,3,12
10,0,2026,2,6,5,6,0,18
10,4,2026,2,6,7,5,0,23
10,9,2026,2,6,8,6,7,22
10,13,2026,2,6,9,4,2,24
10,18,2026,2,6,10,4,7,21
10,21,2026,2,6,11,4,10,15
10,27,2026,2,6,10,6,2,19
10,32,2026,2,6,9,5,2,22
10,38,2026,2,6,8,2,6,18
10,41,2026,2,6,7,6,9,15
10,48,2026,2,6,5,2,7,10
11,0,2026,2,6,5,2,0,12
11,4,2026,2,6,7,2,0,14
11,9,2026,2,6,8,2,3,13
11,13,2026,2,6,9,3,2,14
11,18,2026,2,6,10,3,7,10
11,21,2026,2,6,11,2,6,6
11,27,2026,2,6,10,6,1,11
11,32,2026,2,6,9,4,3,12
11,38,2026,2,6,8,4,2,14
11,41,2026,2,6,7,4,4,14
11,48,2026,2,6,5,6,5,15
12,0,2026,2,6,5,6,0,21
12,4,2026,2,6,7,4,2,23
12,9,2026,2,6,8,4,2,25
12,13,2026,2,6,9,5,8,22
12,18,2026,2,6,10,5,3,24
12,21,2026,2,6,11,2,10,16
12,27,2026,2,6,10,6,0,22
12,32,2026,2,6,9,4,3,23
12,38,2026,2,6,8,3,4,22
12,41,2026,2,6,7,2,5,19
12,48,2026,2,6,5,3,12,10
13,0,2026,2,6,5,3,0,13
13,4,2026,2,6,7,14,2,25
13,9,2026,2,6,8,4,5,24
13,13,2026,2,6,9,3,5,22
13,18,2026,2,6,10,5,11,16
13,21,2026,2,6,11,3,8,11
13,27,2026,2,6,10,3,0,14
13,32,2026,2,6,9,6,2,18
13,38,2026,2,6,8,4,6,16
13,41,2026,2,6,7,28,2,42
13,48,2026,2,6,5,2,15,29
14,0,2026,2,6,5,5,0,34
14,4,2026,2,6,7,8,0,42
14,9,2026,2,6,8,4,8,38
14,13,2026,2,6,9,4,8,34
14,18,2026,2,6,10,3,12,25
14,21,2026,2,6,11,4,15,14
14,27,2026,2,6,10,4,2,16
14,32,2026,2,6,9,3,2,17
14,38,2026,2,6,8,3,4,16
14,41,2026,2,6,7,10,2,24
14,48,2026,2,6,5,4,11,17
15,0,2026,2,6,5,4,0,21
15,4,2026,2,6,7,24,1,44
15,9,2026,2,6,8,3,4,43
15,13,2026,2,6,9,4,5,42
15,18,2026,2,6,10,2,17,27
15,21,2026,2,6,11,3,15,15
15,27,2026,2,6,10,5,1,19
15,32,2026,2,6,9,6,1,24
15,38,2026,2,6,8,3,4,23
15,41,2026,2,6,7,19,2,40
15,48,2026,2,6,5,4,20,24
16,0,2026,2,6,5,2,0,26
16,4,2026,2,6,7,3,3,26
16,9,2026,2,6,8,2,5,23
16,13,2026,2,6,9,6,3,26
16,18,2026,2,6,10,5,10,21
16,21,2026,2,6,11,2,11,12
16,27,2026,2,6,10,4,2,14
16,32,2026,2,6,9,5,2,17
16,38,2026,2,6,8,5,3,19
16,41,2026,2,6,7,4,3,20
16,48,2026,2,6,5,5,10,15
17,0,2026,2,6,5,5,0,20
17,4,2026,2,6,7,5,2,23
17,9,2026,2,6,8,2,10,15
17,13,2026,2,6,9,5,5,15
17,18,2026,2,6,10,4,5,14
17,21,2026,2,6,11,4,6,12
17,27,2026,2,6,10,4,2,14
17,32,2026,2,6,9,3,3,14
17,38,2026,2,6,8,3,2,15
17,41,2026,2,6,7,4,5,14
17,48,2026,2,6,5,3,6,11
18,0,2026,2,6,5,4,0,15
18,4,2026,2,6,7,6,5,16
18,9,2026,2,6,8,4,3,17
18,13,2026,2,6,9,2,5,14
18,18,2026,2,6,10,4,3,15
18,21,2026,2,6,11,5,7,13
18,27,2026,2,6,10,5,1,17
18,32,2026,2,6,9,2,3,16
18,38,2026,2,6,8,4,2,18
18,41,2026,2,6,7,5,5,18
18,48,2026,2,6,5,6,7,17
19,0,2026,2,6,5,2,0,19
19,4,2026,2,6,7,6,2,23
19,9,2026,2,6,8,6,2,27
19,13,2026,2,6,9,3,6,24
19,18,2026,2,6,10,5,7,22
19,21,2026,2,6,11,5,12,15
19,27,2026,2,6,10,6,1,20
19,32,2026,2,6,9,2,2,20
19,38,2026,2,6,8,3,9,14
19,41,2026,2,6,7,4,4,14
19,48,2026,2,6,5,3,5,12
20,0,2026,2,6,5,5,0,17
20,4,2026,2,6,7,6,0,23
20,9,2026,2,6,8,6,5,24
20,13,2026,2,6,9,6,9,21
20,18,2026,2,6,10,6,10,17
20,21,2026,2,6,11,5,6,16
20,27,2026,2,6,10,4,0,20
20,32,2026,2,6,9,2,2,20
20,38,2026,2,6,8,2,3,19
20,41,2026,2,6,7,2,5,16
20,48,2026,2,6,5,4,11,9
21,0,2026,2,6,5,3,0,12
21,4,2026,2,6,7,6,1,17
21,9,2026,2,6,8,2,5,14
21,13,2026,2,6,9,5,1,18
21,18,2026,2,6,10,5,6,17
21,21,2026,2,6,11,2,8,11
21,27,2026,2,6,10,2,0,13
21,32,2026,2,6,9,3,1,15
21,38,2026,2,6,8,2,4,13
21,41,2026,2,6,7,5,5,13
21,48,2026,2,6,5,5,7,11
22,0,2026,2,6,5,4,0,15
22,4,2026,2,6,7,2,0,17
22,9,2026,2,6,8,2,2,17
22,13,2026,2,6,9,4,4,17
22,18,2026,2,6,10,6,10,13
22,21,2026,2,6,11,6,4,15
22,27,2026,2,6,10,5,0,20
22,32,2026,2,6,9,3,6,17
22,38,2026,2,6,8,4,4,17
22,41,2026,2,6,7,3,4,16
22,48,2026,2,6,5,4,5,15
23,0,2026,2,6,5,5,0,20
23,4,2026,2,6,7,5,1,24
23,9,2026,2,6,8,3,2,25
23,13,2026,2,6,9,4,9,20
23,18,2026,2,6,10,4,9,15
23,21,2026,2,6,11,5,7,13
23,27,2026,2,6,10,5,1,17
23,32,2026,2,6,9,2,3,16
23,38,2026,2,6,8,4,4,16
23,41,2026,2,6,7,2,9,9
23,48,2026,2,6,5,0,9,0
6,0,2026,2,7,5,19,0,19
6,4,2026,2,7,7,5,3,21
6,9,2026,2,7,8,19,6,34
6,13,2026,2,7,9,9,7,36
6,18,2026,2,7,10,14,11,39
6,21,2026,2,7,11,20,16,43
6,27,2026,2,7,10,11,3,51
6,32,2026,2,7,9,5,10,46
6,38,2026,2,7,8,21,11,56
6,41,2026,2,7,7,6,18,44
6,48,2026,2,7,5,13,19,38
7,0,2026,2,7,5,17,0,55
7,4,2026,2,7,7,3,19,39
7,9,2026,2,7,8,22,7,54
7,13,2026,2,7,9,19,10,63
7,18,2026,2,7,10,19,16,66
7,21,2026,2,7,11,9,14,61
7,27,2026,2,7,10,6,1,66
7,32,2026,2,7,9,8,8,66
7,38,2026,2,7,8,9,9,66
7,41,2026,2,7,7,4,34,36
7,48,2026,2,7,5,16,19,33
8,0,2026,2,7,5,15,0,48
8,4,2026,2,7,7,2,24,26
8,9,2026,2,7,8,8,1,33
8,13,2026,2,7,9,10,6,37
8,18,2026,2,7,10,6,6,37
8,21,2026,2,7,11,8,14,31
8,27,2026,2,7,10,16,2,45
8,32,2026,2,7,9,19,6,58
8,38,2026,2,7,8,11,5,64
8,41,2026,2,7,7,1,20,45
8,48,2026,2,7,5,9,20,34
9,0,2026,2,7,5,5,0,39
9,4,2026,2,7,7,5,12,32
9,9,2026,2,7,8,4,0,36
9,13,2026,2,7,9,6,6,36
9,18,2026,2,7,10,5,12,29
9,21,2026,2,7,11,4,15,18
9,27,2026,2,7,10,6,1,23
9,32,2026,2,7,9,2,0,25
9,38,2026,2,7,8,2,2,25
9,41,2026,2,7,7,2,20,7
9,48,2026,2,7,5,2,4,5
10,0,2026,2,7,5,3,0,8
10,4,2026,2,7,7,5,1,12
10,9,2026,2,7,8,3,1,14
10,13,2026,2,7,9,2,1,15
10,18,2026,2,7,10,4,8,11
10,21,2026,2,7,11,5,3,13
10,27,2026,2,7,10,6,1,18
10,32,2026,2,7,9,4,5,17
10,38,2026,2,7,8,3,5,15
10,41,2026,2,7,7,2,5,12
10,48,2026,2,7,5,6,5,13
11,0,2026,2,7,5,2,0,15
11,4,2026,2,7,7,6,3,18
11,9,2026,2,7,8,6,3,21
11,13,2026,2,7,9,6,2,25
11,18,2026,2,7,10,4,8,21
11,21,2026,2,7,11,4,9,16
11,27,2026,2,7,10,5,0,21
11,32,2026,2,7,9,2,1,22
11,38,2026,2,7,8,6,5,23
11,41,2026,2,7,7,4,14,13
11,48,2026,2,7,5,5,2,16
12,0,2026,2,7,5,5,0,21
12,4,2026,2,7,7,5,3,23
12,9,2026,2,7,8,6,4,25
12,13,2026,2,7,9,2,7,20
12,18,2026,2,7,10,3,9,14
12,21,2026,2,7,11,4,5,13
12,27,2026,2,7,10,3,0,16
12,32,2026,2,7,9,3,1,18
12,38,2026,2,7,8,4,2,20
12,41,2026,2,7,7,3,11,12
12,48,2026,2,7,5,5,3,14
13,0,2026,2,7,5,2,0,16
13,4,2026,2,7,7,30,2,44
13,9,2026,2,7,8,5,6,43
13,13,2026,2,7,9,3,10,36
13,18,2026,2,7,10,2,14,24
13,21,2026,2,7,11,2,13,13
13,27,2026,2,7,10,4,0,17
13,32,2026,2,7,9,2,1,18
13,38,2026,2,7,8,6,2,22
13,41,2026,2,7,7,7,1,28
13,48,2026,2,7,5,2,20,10
14,0,2026,2,7,5,5,0,15
14,4,2026,2,7,7,17,0,32
14,9,2026,2,7,8,2,9,25
14,13,2026,2,7,9,2,7,20
14,18,2026,2,7,10,6,6,20
14,21,2026,2,7,11,4,12,12
14,27,2026,2,7,10,6,0,18
14,32,2026,2,7,9,5,3,20
14,38,2026,2,7,8,5,8,17
14,41,2026,2,7,7,23,4,36
14,48,2026,2,7,5,4,11,29
15,0,2026,2,7,5,2,0,31
15,4,2026,2,7,7,13,2,42
15,9,2026,2,7,8,5,5,42
15,13,2026,2,7,9,4,11,35
15,18,2026,2,7,10,5,11,29
15,21,2026,2,7,11,4,20,13
15,27,2026,2,7,10,3,2,14
15,32,2026,2,7,9,3,3,14
15,38,2026,2,7,8,2,4,12
15,41,2026,2,7,7,12,2,22
15,48,2026,2,7,5,6,11,17
16,0,2026,2,7,5,6,0,23
16,4,2026,2,7,7,3,2,24
16,9,2026,2,7,8,5,6,23
16,13,2026,2,7,9,2,7,18
16,18,2026,2,7,10,2,4,16
16,21,2026,2,7,11,4,11,9
16,27,2026,2,7,10,3,2,10
16,32,2026,2,7,9,3,0,13
16,38,2026,2,7,8,4,5,12
16,41,2026,2,7,7,4,4,12
16,48,2026,2,7,5,4,6,10
17,0,2026,2,7,5,6,0,16
17,4,2026,2,7,7,4,0,20
17,9,2026,2,7,8,2,3,19
17,13,2026,2,7,9,6,3,22
17,18,2026,2,7,10,6,11,17
17,21,2026,2,7,11,6,7,16
17,27,2026,2,7,10,3,0,19
17,32,2026,2,7,9,4,1,22
17,38,2026,2,7,8,3,3,22
17,41,2026,2,7,7,5,11,16
17,48,2026,2,7,5,3,8,11
18,0,2026,2,7,5,3,0,14
18,4,2026,2,7,7,4,1,17
18,9,2026,2,7,8,2,0,19
18,13,2026,2,7,9,5,4,20
18,18,2026,2,7,10,6,8,18
18,21,2026,2,7,11,5,8,15
18,27,2026,2,7,10,5,2,18
18,32,2026,2,7,9,5,4,19
18,38,2026,2,7,8,6,5,20
18,41,2026,2,7,7,3,9,14
18,48,2026,2,7,5,4,5,13
19,0,2026,2,7,5,4,0,17
19,4,2026,2,7,7,3,1,19
19,9,2026,2,7,8,4,5,18
19,13,2026,2,7,9,3,4,17
19,18,2026,2,7,10,5,6,16
19,21,2026,2,7,11,6,7,15
19,27,2026,2,7,10,3,2,16
19,32,2026,2,7,9,2,2,16
19,38,2026,2,7,8,3,5,14
19,41,2026,2,7,7,2,8,8
19,48,2026,2,7,5,3,4,7
20,0,2026,2,7,5,4,0,11
20,4,2026,2,7,7,4,0,15
20,9,2026,2,7,8,2,2,15
20,13,2026,2,7,9,2,6,11
20,18,2026,2,7,10,6,5,12
20,21,2026,2,7,11,4,3,13
20,27,2026,2,7,10,3,0,16
20,32,2026,2,7,9,4,1,19
20,38,2026,2,7,8,5,3,21
20,41,2026,2,7,7,5,13,13
20,48,2026,2,7,5,4,3,14
21,0,2026,2,7,5,3,0,17
21,4,2026,2,7,7,2,2,17
21,9,2026,2,7,8,4,1,20
21,13,2026,2,7,9,5,1,24
21,18,2026,2,7,10,3,9,18
21,21,2026,2,7,11,4,9,13
21,27,2026,2,7,10,2,1,14
21,32,2026,2,7,9,4,2,16
21,38,2026,2,7,8,5,5,16
21,41,2026,2,7,7,4,4,16
21,48,2026,2,7,5,6,11,11
22,0,2026,2,7,5,2,0,13
22,4,2026,2,7,7,2,3,12
22,9,2026,2,7,8,4,3,13
22,13,2026,2,7,9,5,4,14
22,18,2026,2,7,10,3,3,14
22,21,2026,2,7,11,6,7,13
22,27,2026,2,7,10,3,1,15
22,32,2026,2,7,9,3,2,16
22,38,2026,2,7,8,4,4,16
22,41,2026,2,7,7,5,7,14
22,48,2026,2,7,5,3,6,11
23,0,2026,2,7,5,4,0,15
23,4,2026,2,7,7,3,2,16
23,9,2026,2,7,8,5,3,18
23,13,2026,2,7,9,5,4,19
23,18,2026,2,7,10,2,7,14
23,21,2026,2,7,11,4,9,9
23,27,2026,2,7,10,4,0,13
23,32,2026,2,7,9,6,6,13
23,38,2026,2,7,8,5,6,12
23,41,2026,2,7,7,3,3,12
23,48,2026,2,7,5,0,12,0
6,0,2026,2,8,5,8,0,8
6,4,2026,2,8,7,5,1,12
6,9,2026,2,8,8,13,1,24
6,13,2026,2,8,9,16,6,34
6,18,2026,2,8,10,18,9,43
6,21,2026,2,8,11,18,16,45
6,27,2026,2,8,10,13,3,55
6,32,2026,2,8,9,6,7,54
6,38,2026,2,8,8,10,20,44
6,41,2026,2,8,7,4,15,33
6,48,2026,2,8,5,6,18,21
7,0,2026,2,8,5,17,0,38
7,4,2026,2,8,7,3,19,22
7,9,2026,2,8,8,20,1,41
7,13,2026,2,8,9,8,9,40
7,18,2026,2,8,10,18,7,51
7,21,2026,2,8,11,7,13,45
7,27,2026,2,8,10,8,1,52
7,32,2026,2,8,9,19,5,66
7,38,2026,2,8,8,9,9,66
7,41,2026,2,8,7,4,33,37
7,48,2026,2,8,5,9,16,30
8,0,2026,2,8,5,17,0,47
8,4,2026,2,8,7,4,19,32
8,9,2026,2,8,8,15,3,44
8,13,2026,2,8,9,19,8,55
8,18,2026,2,8,10,16,16,55
8,21,2026,2,8,11,12,16,51
8,27,2026,2,8,10,8,5,54
8,32,2026,2,8,9,7,14,47
8,38,2026,2,8,8,5,7,45
8,41,2026,2,8,7,4,26,23
8,48,2026,2,8,5,22,8,37
9,0,2026,2,8,5,4,0,41
9,4,2026,2,8,7,3,20,24
9,9,2026,2,8,8,5,3,26
9,13,2026,2,8,9,4,9,21
9,18,2026,2,8,10,2,2,21
9,21,2026,2,8,11,5,10,16
9,27,2026,2,8,10,2,0,18
9,32,2026,2,8,9,6,0,24
9,38,2026,2,8,8,5,2,27
9,41,2026,2,8,7,4,20,11
9,48,2026,2,8,5,4,4,11
10,0,2026,2,8,5,5,0,16
10,4,2026,2,8,7,6,2,20
10,9,2026,2,8,8,5,0,25
10,13,2026,2,8,9,6,10,21
10,18,2026,2,8,10,3,6,18
10,21,2026,2,8,11,3,9,12
10,27,2026,2,8,10,3,0,15
10,32,2026,2,8,9,2,1,16
10,38,2026,2,8,8,2,4,14
10,41,2026,2,8,7,4,6,12
10,48,2026,2,8,5,5,8,9
11,0,2026,2,8,5,5,0,14
11,4,2026,2,8,7,5,1,18
11,9,2026,2,8,8,6,6,18
11,13,2026,2,8,9,3,4,17
11,18,2026,2,8,10,2,5,14
11,21,2026,2,8,11,3,8,9
11,27,2026,2,8,10,5,0,14
11,32,2026,2,8,9,5,2,17
11,38,2026,2,8,8,2,6,13
11,41,2026,2,8,7,5,6,12
11,48,2026,2,8,5,4,5,11
12,0,2026,2,8,5,3,0,14
12,4,2026,2,8,7,2,3,13
12,9,2026,2,8,8,5,3,15
12,13,2026,2,8,9,4,4,15
12,18,2026,2,8,10,2,6,11
12,21,2026,2,8,11,3,7,7
12,27,2026,2,8,10,4,1,10
12,32,2026,2,8,9,4,1,13
12,38,2026,2,8,8,4,4,13
12,41,2026,2,8,7,6,2,17
12,48,2026,2,8,5,2,7,12
13,0,2026,2,8,5,5,0,17
13,4,2026,2,8,7,13,1,29
13,9,2026,2,8,8,6,5,30
13,13,2026,2,8,9,4,8,26
13,18,2026,2,8,10,6,8,24
13,21,2026,2,8,11,3,12,15
13,27,2026,2,8,10,2,2,15
13,32,2026,2,8,9,4,2,17
13,38,2026,2,8,8,4,4,17
13,41,2026,2,8,7,19,2,34
13,48,2026,2,8,5,3,11,26
14,0,2026,2,8,5,6,0,32
14,4,2026,2,8,7,24,0,56
14,9,2026,2,8,8,4,11,49
14,13,2026,2,8,9,3,7,45
14,18,2026,2,8,10,3,20,28
14,21,2026,2,8,11,5,19,14
14,27,2026,2,8,10,3,1,16
14,32,2026,2,8,9,5,6,15
14,38,2026,2,8,8,3,2,16
14,41,2026,2,8,7,30,7,39
14,48,2026,2,8,5,3,13,29
15,0,2026,2,8,5,6,0,35
15,4,2026,2,8,7,26,0,61
15,9,2026,2,8,8,2,11,52
15,13,2026,2,8,9,2,11,43
15,18,2026,2,8,10,2,23,22
15,21,2026,2,8,11,2,15,9
15,27,2026,2,8,10,5,0,14
15,32,2026,2,8,9,6,1,19
15,38,2026,2,8,8,4,7,16
15,41,2026,2,8,7,11,5,22
15,48,2026,2,8,5,5,6,21
16,0,2026,2,8,5,2,0,23
16,4,2026,2,8,7,3,1,25
16,9,2026,2,8,8,6,2,29
16,13,2026,2,8,9,2,8,23
16,18,2026,2,8,10,4,10,17
16,21,2026,2,8,11,3,8,12
16,27,2026,2,8,10,4,1,15
16,32,2026,2,8,9,4,1,18
16,38,2026,2,8,8,3,5,16
16,41,2026,2,8,7,2,5,13
16,48,2026,2,8,5,4,6,11
17,0,2026,2,8,5,6,0,17
17,4,2026,2,8,7,4,3,18
17,9,2026,2,8,8,4,4,18
17,13,2026,2,8,9,3,7,14
17,18,2026,2,8,10,3,7,10
17,21,2026,2,8,11,6,4,12
17,27,2026,2,8,10,4,0,16
17,32,2026,2,8,9,3,2,17
17,38,2026,2,8,8,2,3,16
17,41,2026,2,8,7,4,7,13
17,48,2026,2,8,5,3,4,12
18,0,2026,2,8,5,5,0,17
18,4,2026,2,8,7,2,0,19
18,9,2026,2,8,8,6,5,20
18,13,2026,2,8,9,4,3,21
18,18,2026,2,8,10,4,7,18
18,21,2026,2,8,11,3,11,10
18,27,2026,2,8,10,2,1,11
18,32,2026,2,8,9,5,1,15
18,38,2026,2,8,8,4,4,15
18,41,2026,2,8,7,5,4,16
18,48,2026,2,8,5,6,8,14
19,0,2026,2,8,5,4,0,18
19,4,2026,2,8,7,5,1,22
19,9,2026,2,8,8,2,5,19
19,13,2026,2,8,9,2,4,17
19,18,2026,2,8,10,6,8,15
19,21,2026,2,8,11,3,9,9
19,27,2026,2,8,10,2,0,11
19,32,2026,2,8,9,2,3,10
19,38,2026,2,8,8,5,1,14
19,41,2026,2,8,7,3,6,11
19,48,2026,2,8,5,3,4,10
20,0,2026,2,8,5,4,0,14
20,4,2026,2,8,7,4,2,16
20,9,2026,2,8,8,6,5,17
20,13,2026,2,8,9,2,2,17
20,18,2026,2,8,10,4,5,16
20,21,2026,2,8,11,2,10,8
20,27,2026,2,8,10,3,1,10
20,32,2026,2,8,9,5,1,14
20,38,2026,2,8,8,6,1,19
20,41,2026,2,8,7,6,4,21
20,48,2026,2,8,5,5,9,17
21,0,2026,2,8,5,4,0,21
21,4,2026,2,8,7,2,2,21
21,9,2026,2,8,8,6,5,22
21,13,2026,2,8,9,3,5,20
21,18,2026,2,8,10,3,8,15
21,21,2026,2,8,11,6,6,15
21,27,2026,2,8,10,4,2,17
21,32,2026,2,8,9,2,0,19
21,38,2026,2,8,8,4,6,17
21,41,2026,2,8,7,6,4,19
21,48,2026,2,8,5,5,12,12
22,0,2026,2,8,5,2,0,14
22,4,2026,2,8,7,4,2,16
22,9,2026,2,8,8,4,4,16
22,13,2026,2,8,9,5,1,20
22,18,2026,2,8,10,3,8,15
22,21,2026,2,8,11,3,6,12
22,27,2026,2,8,10,6,1,17
22,32,2026,2,8,9,4,2,19
22,38,2026,2,8,8,6,9,16
22,41,2026,2,8,7,6,4,18
22,48,2026,2,8,5,4,4,18
23,0,2026,2,8,5,5,0,23
23,4,2026,2,8,7,5,2,26
23,9,2026,2,8,8,4,5,25
23,13,2026,2,8,9,2,8,19
23,18,2026,2,8,10,3,8,14
23,21,2026,2,8,11,6,8,12
23,27,2026,2,8,10,5,1,16
23,32,2026,2,8,9,5,4,17
23,38,2026,2,8,8,2,2,17
23,41,2026,2,8,7,6,8,15
23,48,2026,2,8,5,0,15,0
6,0,2026,2,9,5,9,0,9
6,4,2026,2,9,7,5,2,12
6,9,2026,2,9,8,16,1,27
6,13,2026,2,9,9,18,9,36
6,18,2026,2,9,10,21,8,49
6,21,2026,2,9,11,8,16,41
6,27,2026,2,9,10,7,0,48
6,32,2026,2,9,9,5,8,45
6,38,2026,2,9,8,19,13,51
6,41,2026,2,9,7,6,20,37
6,48,2026,2,9,5,14,20,31
7,0,2026,2,9,5,10,0,41
7,4,2026,2,9,7,5,21,25
7,9,2026,2,9,8,11,4,32
7,13,2026,2,9,9,19,10,41
7,18,2026,2,9,10,8,7,42
7,21,2026,2,9,11,10,9,43
7,27,2026,2,9,10,5,4,44
7,32,2026,2,9,9,10,2,52
7,38,2026,2,9,8,15,9,58
7,41,2026,2,9,7,4,22,40
7,48,2026,2,9,5,14,20,34
8,0,2026,2,9,5,17,0,51
8,4,2026,2,9,7,2,23,30
8,9,2026,2,9,8,14,4,40
8,13,2026,2,9,9,20,9,51
8,18,2026,2,9,10,12,12,51
8,21,2026,2,9,11,7,10,48
8,27,2026,2,9,10,17,2,63
8,32,2026,2,9,9,12,9,66
8,38,2026,2,9,8,15,15,66
8,41,2026,2,9,7,4,28,42
8,48,2026,2,9,5,12,19,35
9,0,2026,2,9,5,5,0,40
9,4,2026,2,9,7,3,14,29
9,9,2026,2,9,8,3,4,28
9,13,2026,2,9,9,3,6,25
9,18,2026,2,9,10,2,9,18
9,21,2026,2,9,11,2,10,10
9,27,2026,2,9,10,4,0,14
9,32,2026,2,9,9,2,2,14
9,38,2026,2,9,8,3,1,16
9,41,2026,2,9,7,4,16,4
9,48,2026,2,9,5,2,1,5
10,0,2026,2,9,5,2,0,7
10,4,2026,2,9,7,6,1,12
10,9,2026,2,9,8,3,4,11
10,13,2026,2,9,9,5,4,12
10,18,2026,2,9,10,2,5,9
10,21,2026,2,9,11,6,3,12
10,27,2026,2,9,10,3,1,14
10,32,2026,2,9,9,3,2,15
10,38,2026,2,9,8,2,3,14
10,41,2026,2,9,7,5,4,15
10,48,2026,2,9,5,4,8,11
11,0,2026,2,9,5,5,0,16
11,4,2026,2,9,7,6,4,18
11,9,2026,2,9,8,3,6,15
11,13,2026,2,9,9,2,3,14
11,18,2026,2,9,10,4,3,15
11,21,2026,2,9,11,4,5,14
11,27,2026,2,9,10,5,1,18
11,32,2026,2,9,9,3,0,21
11,38,2026,2,9,8,2,7,16
11,41,2026,2,9,7,4,4,16
11,48,2026,2,9,5,2,7,11
12,0,2026,2,9,5,6,0,17
12,4,2026,2,9,7,5,2,20
12,9,2026,2,9,8,4,3,21
12,13,2026,2,9,9,2,4,19
12,18,2026,2,9,10,3,6,16
12,21,2026,2,9,11,4,9,11
12,27,2026,2,9,10,5,1,15
12,32,2026,2,9,9,3,6,12
12,38,2026,2,9,8,6,3,15
12,41,2026,2,9,7,4,4,15
12,48,2026,2,9,5,2,5,12
13,0,2026,2,9,5,4,0,16
13,4,2026,2,9,7,8,1,23
13,9,2026,2,9,8,4,5,22
13,13,2026,2,9,9,3,9,16
13,18,2026,2,9,10,5,5,16
13,21,2026,2,9,11,6,3,19
13,27,2026,2,9,10,4,0,23
13,32,2026,2,9,9,4,4,23
13,38,2026,2,9,8,2,5,20
13,41,2026,2,9,7,30,6,44
13,48,2026,2,9,5,6,20,30
14,0,2026,2,9,5,5,0,35
14,4,2026,2,9,7,28,1,62
14,9,2026,2,9,8,3,11,54
14,13,2026,2,9,9,3,20,37
14,18,2026,2,9,10,5,13,29
14,21,2026,2,9,11,3,19,13
14,27,2026,2,9,10,3,0,16
14,32,2026,2,9,9,4,4,16
14,38,2026,2,9,8,2,3,15
14,41,2026,2,9,7,28,4,39
14,48,2026,2,9,5,6,13,32
15,0,2026,2,9,5,5,0,37
15,4,2026,2,9,7,12,0,49
15,9,2026,2,9,8,4,12,41
15,13,2026,2,9,9,5,5,41
15,18,2026,2,9,10,4,16,29
15,21,2026,2,9,11,3,21,11
15,27,2026,2,9,10,4,0,15
15,32,2026,2,9,9,3,3,15
15,38,2026,2,9,8,5,0,20
15,41,2026,2,9,7,17,3,34
15,48,2026,2,9,5,2,16,20
16,0,2026,2,9,5,4,0,24
16,4,2026,2,9,7,4,3,25
16,9,2026,2,9,8,4,4,25
16,13,2026,2,9,9,3,7,21
16,18,2026,2,9,10,4,6,19
16,21,2026,2,9,11,5,13,11
16,27,2026,2,9,10,3,0,14
16,32,2026,2,9,9,4,4,14
16,38,2026,2,9,8,5,6,13
16,41,2026,2,9,7,3,2,14
16,48,2026,2,9,5,3,7,10
17,0,2026,2,9,5,4,0,14
17,4,2026,2,9,7,5,1,18
17,9,2026,2,9,8,5,1,22
17,13,2026,2,9,9,5,6,21
17,18,2026,2,9,10,2,6,17
17,21,2026,2,9,11,5,5,17
17,27,2026,2,9,10,6,2,21
17,32,2026,2,9,9,4,1,24
17,38,2026,2,9,8,5,5,24
17,41,2026,2,9,7,5,8,21
17,48,2026,2,9,5,4,11,14
18,0,2026,2,9,5,2,0,16
18,4,2026,2,9,7,4,1,19
18,9,2026,2,9,8,2,7,14
18,13,2026,2,9,9,5,8,11
18,18,2026,2,9,10,4,2,13
18,21,2026,2,9,11,5,4,14
18,27,2026,2,9,10,5,1,18
18,32,2026,2,9,9,3,2,19
18,38,2026,2,9,8,6,4,21
18,41,2026,2,9,7,5,2,24
18,48,2026,2,9,5,4,14,14
19,0,2026,2,9,5,2,0,16
19,4,2026,2,9,7,6,0,22
19,9,2026,2,9,8,6,3,25
19,13,2026,2,9,9,5,6,24
19,18,2026,2,9,10,3,5,22
19,21,2026,2,9,11,5,12,15
19,27,2026,2,9,10,4,1,18
19,32,2026,2,9,9,2,0,20
19,38,2026,2,9,8,3,3,20
19,41,2026,2,9,7,4,6,18
19,48,2026,2,9,5,4,12,10
20,0,2026,2,9,5,3,0,13
20,4,2026,2,9,7,3,0,16
20,9,2026,2,9,8,4,1,19
20,13,2026,2,9,9,4,4,19
20,18,2026,2,9,10,4,6,17
20,21,2026,2,9,11,6,7,16
20,27,2026,2,9,10,2,0,18
20,32,2026,2,9,9,6,4,20
20,38,2026,2,9,8,5,4,21
20,41,2026,2,9,7,2,10,13
20,48,2026,2,9,5,2,9,6
21,0,2026,2,9,5,6,0,12
21,4,2026,2,9,7,3,3,12
21,9,2026,2,9,8,3,2,13
21,13,2026,2,9,9,6,6,13
21,18,2026,2,9,10,5,4,14
21,21,2026,2,9,11,6,3,17
21,27,2026,2,9,10,3,1,19
21,32,2026,2,9,9,3,0,22
21,38,2026,2,9,8,2,5,19
21,41,2026,2,9,7,4,7,16
21,48,2026,2,9,5,2,9,9
22,0,2026,2,9,5,3,0,12
22,4,2026,2,9,7,2,1,13
22,9,2026,2,9,8,2,1,14
22,13,2026,2,9,9,4,2,16
22,18,2026,2,9,10,5,5,16
22,21,2026,2,9,11,2,11,7
22,27,2026,2,9,10,3,1,9
22,32,2026,2,9,9,6,4,11
22,38,2026,2,9,8,2,5,8
22,41,2026,2,9,7,3,3,8
22,48,2026,2,9,5,2,7,3
23,0,2026,2,9,5,5,0,8
23,4,2026,2,9,7,2,3,7
23,9,2026,2,9,8,4,2,9
23,13,2026,2,9,9,5,1,13
23,18,2026,2,9,10,6,5,14
23,21,2026,2,9,11,6,4,16
23,27,2026,2,9,10,5,1,20
23,32,2026,2,9,9,4,6,18
23,38,2026,2,9,8,2,5,15
23,41,2026,2,9,7,3,6,12
23,48,2026,2,9,5,0,12,0
6,0,2026,2,10,5,21,0,21
6,4,2026,2,10,7,5,7,19
6,9,2026,2,10,8,13,4,28
6,13,2026,2,10,9,13,11,30
6,18,2026,2,10,10,10,8,32
6,21,2026,2,10,11,15,9,38
6,27,2026,2,10,10,19,3,54
6,32,2026,2,10,9,7,13,48
6,38,2026,2,10,8,10,11,47
6,41,2026,2,10,7,2,19,30
6,48,2026,2,10,5,19,17,32
7,0,2026,2,10,5,15,0,47
7,4,2026,2,10,7,2,26,23
7,9,2026,2,10,8,12,1,34
7,13,2026,2,10,9,8,4,38
7,18,2026,2,10,10,18,7,49
7,21,2026,2,10,11,11,15,45
7,27,2026,2,10,10,14,2,57
7,32,2026,2,10,9,12,3,66
7,38,2026,2,10,8,9,14,61
7,41,2026,2,10,7,3,31,33
7,48,2026,2,10,5,11,15,29
8,0,2026,2,10,5,12,0,41
8,4,2026,2,10,7,1,17,25
8,9,2026,2,10,8,12,2,35
8,13,2026,2,10,9,10,2,43
8,18,2026,2,10,10,12,16,39
8,21,2026,2,10,11,17,14,42
8,27,2026,2,10,10,10,4,48
8,32,2026,2,10,9,9,6,51
8,38,2026,2,10,8,17,10,58
8,41,2026,2,10,7,1,23,36
8,48,2026,2,10,5,20,14,42
9,0,2026,2,10,5,4,0,46
9,4,2026,2,10,7,4,17,33
9,9,2026,2,10,8,2,4,31
9,13,2026,2,10,9,2,5,28
9,18,2026,2,10,10,2,10,20
9,21,2026,2,10,11,6,15,11
9,27,2026,2,10,10,3,0,14
9,32,2026,2,10,9,6,0,20
9,38,2026,2,10,8,5,1,24
9,41,2026,2,10,7,1,16,9
9,48,2026,2,10,5,4,5,8
10,0,2026,2,10,5,2,0,10
10,4,2026,2,10,7,4,2,12
10,9,2026,2,10,8,3,5,10
10,13,2026,2,10,9,2,1,11
10,18,2026,2,10,10,6,4,13
10,21,2026,2,10,11,4,6,11
10,27,2026,2,10,10,5,0,16
10,32,2026,2,10,9,5,4,17
10,38,2026,2,10,8,5,1,21
10,41,2026,2,10,7,5,10,16
10,48,2026,2,10,5,6,6,16
11,0,2026,2,10,5,6,0,22
11,4,2026,2,10,7,6,3,25
11,9,2026,2,10,8,4,2,27
11,13,2026,2,10,9,6,2,31
11,18,2026,2,10,10,3,9,25
11,21,2026,2,10,11,3,17,11
11,27,2026,2,10,10,4,2,13
11,32,2026,2,10,9,2,2,13
11,38,2026,2,10,8,4,0,17
11,41,2026,2,10,7,5,8,14
11,48,2026,2,10,5,5,5,14
12,0,2026,2,10,5,5,0,19
12,4,2026,2,10,7,5,2,22
12,9,2026,2,10,8,3,4,21
12,13,2026,2,10,9,3,8,16
12,18,2026,2,10,10,5,4,17
12,21,2026,2,10,11,2,10,9
12,27,2026,2,10,10,3,1,11
12,32,2026,2,10,9,2,3,10
12,38,2026,2,10,8,6,5,11
12,41,2026,2,10,7,2,4,9
12,48,2026,2,10,5,6,4,11
13,0,2026,2,10,5,2,0,13
13,4,2026,2,10,7,14,3,24
13,9,2026,2,10,8,4,4,24
13,13,2026,2,10,9,2,9,17
13,18,2026,2,10,10,5,5,17
13,21,2026,2,10,11,4,10,11
13,27,2026,2,10,10,6,0,17
13,32,2026,2,10,9,4,6,15
13,38,2026,2,10,8,2,2,15
13,41,2026,2,10,7,9,6,18
13,48,2026,2,10,5,6,7,17
14,0,2026,2,10,5,5,0,22
14,4,2026,2,10,7,18,2,38
14,9,2026,2,10,8,4,5,37
14,13,2026,2,10,9,4,7,34
14,18,2026,2,10,10,3,9,28
14,21,2026,2,10,11,3,16,15
14,27,2026,2,10,10,3,0,18
14,32,2026,2,10,9,2,3,17
14,38,2026,2,10,8,6,1,22
14,41,2026,2,10,7,19,5,36
14,48,2026,2,10,5,3,14,25
15,0,2026,2,10,5,4,0,29
15,4,2026,2,10,7,17,0,46
15,9,2026,2,10,8,3,10,39
15,13,2026,2,10,9,6,14,31
15,18,2026,2,10,10,3,12,22
15,21,2026,2,10,11,3,10,15
15,27,2026,2,10,10,3,1,17
15,32,2026,2,10,9,4,1,20
15,38,2026,2,10,8,6,7,19
15,41,2026,2,10,7,14,4,29
15,48,2026,2,10,5,4,10,23
16,0,2026,2,10,5,4,0,27
16,4,2026,2,10,7,6,3,30
16,9,2026,2,10,8,5,6,29
16,13,2026,2,10,9,6,12,23
16,18,2026,2,10,10,3,7,19
16,21,2026,2,10,11,2,7,14
16,27,2026,2,10,10,3,0,17
16,32,2026,2,10,9,6,1,22
16,38,2026,2,10,8,2,9,15
16,41,2026,2,10,7,3,6,12
16,48,2026,2,10,5,6,7,11
17,0,2026,2,10,5,4,0,15
17,4,2026,2,10,7,6,3,18
17,9,2026,2,10,8,4,2,20
17,13,2026,2,10,9,5,5,20
17,18,2026,2,10,10,6,8,18
17,21,2026,2,10,11,6,7,17
17,27,2026,2,10,10,2,0,19
17,32,2026,2,10,9,6,2,23
17,38,2026,2,10,8,5,3,25
17,41,2026,2,10,7,6,9,22
17,48,2026,2,10,5,2,12,12
18,0,2026,2,10,5,4,0,16
18,4,2026,2,10,7,2,1,17
18,9,2026,2,10,8,2,5,14
18,13,2026,2,10,9,2,3,13
18,18,2026,2,10,10,2,5,10
18,21,2026,2,10,11,4,7,7
18,27,2026,2,10,10,6,0,13
18,32,2026,2,10,9,4,5,12
18,38,2026,2,10,8,4,6,10
18,41,2026,2,10,7,2,2,10
18,48,2026,2,10,5,6,4,12
19,0,2026,2,10,5,3,0,15
19,4,2026,2,10,7,6,2,19
19,9,2026,2,10,8,4,4,19
19,13,2026,2,10,9,3,4,18
19,18,2026,2,10,10,5,6,17
19,21,2026,2,10,11,2,9,10
19,27,2026,2,10,10,6,1,15
19,32,2026,2,10,9,4,1,18
19,38,2026,2,10,8,5,4,19
19,41,2026,2,10,7,5,5,19
19,48,2026,2,10,5,5,8,16
20,0,2026,2,10,5,4,0,20
20,4,2026,2,10,7,6,0,26
20,9,2026,2,10,8,5,2,29
20,13,2026,2,10,9,6,4,31
20,18,2026,2,10,10,4,9,26
20,21,2026,2,10,11,5,16,15
20,27,2026,2,10,10,6,0,21
20,32,2026,2,10,9,6,3,24
20,38,2026,2,10,8,2,6,20
20,41,2026,2,10,7,4,8,16
20,48,2026,2,10,5,5,7,14
21,0,2026,2,10,5,2,0,16
21,4,2026,2,10,7,6,3,19
21,9,2026,2,10,8,6,4,21
21,13,2026,2,10,9,6,5,22
21,18,2026,2,10,10,2,3,21
21,21,2026,2,10,11,3,12,12
21,27,2026,2,10,10,2,1,13
21,32,2026,2,10,9,3,1,15
21,38,2026,2,10,8,6,4,17
21,41,2026,2,10,7,2,4,15
21,48,2026,2,10,5,5,7,13
22,0,2026,2,10,5,6,0,19
22,4,2026,2,10,7,6,2,23
22,9,2026,2,10,8,6,5,24
22,13,2026,2,10,9,6,7,23
22,18,2026,2,10,10,2,9,16
22,21,2026,2,10,11,6,6,16
22,27,2026,2,10,10,3,4,15
22,32,2026,2,10,9,6,0,21
22,38,2026,2,10,8,5,5,21
22,41,2026,2,10,7,6,4,23
22,48,2026,2,10,5,4,11,16
23,0,2026,2,10,5,5,0,21
23,4,2026,2,10,7,4,2,23
23,9,2026,2,10,8,5,5,23
23,13,2026,2,10,9,3,5,21
23,18,2026,2,10,10,6,4,23
23,21,2026,2,10,11,4,12,15
23,27,2026,2,10,10,5,1,19
23,32,2026,2,10,9,5,2,22
23,38,2026,2,10,8,4,4,22
23,41,2026,2,10,7,4,12,14
23,48,2026,2,10,5,0,14,0
6,0,2026,2,11,5,6,0,6
6,4,2026,2,11,7,2,1,7
6,9,2026,2,11,8,6,3,10
6,13,2026,2,11,9,15,3,22
6,18,2026,2,11,10,15,7,30
6,21,2026,2,11,11,14,12,32
6,27,2026,2,11,10,11,6,37
6,32,2026,2,11,9,11,4,44
6,38,2026,2,11,8,18,15,47
6,41,2026,2,11,7,5,15,37
6,48,2026,2,11,5,9,17,29
7,0,2026,2,11,5,22,0,51
7,4,2026,2,11,7,1,22,30
7,9,2026,2,11,8,6,5,31
7,13,2026,2,11,9,9,4,36
7,18,2026,2,11,10,20,15,41
7,21,2026,2,11,11,14,10,45
7,27,2026,2,11,10,12,4,53
7,32,2026,2,11,9,18,12,59
7,38,2026,2,11,8,11,12,58
7,41,2026,2,11,7,3,21,40
7,48,2026,2,11,5,5,16,29
8,0,2026,2,11,5,8,0,37
8,4,2026,2,11,7,1,12,26
8,9,2026,2,11,8,15,1,40
8,13,2026,2,11,9,15,8,47
8,18,2026,2,11,10,10,9,48
8,21,2026,2,11,11,14,14,48
8,27,2026,2,11,10,17,0,65
8,32,2026,2,11,9,10,9,66
8,38,2026,2,11,8,5,18,53
8,41,2026,2,11,7,3,21,35
8,48,2026,2,11,5,14,18,31
9,0,2026,2,11,5,2,0,33
9,4,2026,2,11,7,5,12,26
9,9,2026,2,11,8,6,2,30
9,13,2026,2,11,9,6,6,30
9,18,2026,2,11,10,2,7,25
9,21,2026,2,11,11,3,13,15
9,27,2026,2,11,10,6,0,21
9,32,2026,2,11,9,6,0,27
9,38,2026,2,11,8,3,1,29
9,41,2026,2,11,7,4,18,15
9,48,2026,2,11,5,5,7,13
10,0,2026,2,11,5,4,0,17
10,4,2026,2,11,7,6,2,21
10,9,2026,2,11,8,3,3,21
10,13,2026,2,11,9,3,4,20
10,18,2026,2,11,10,5,3,22
10,21,2026,2,11,11,4,16,10
10,27,2026,2,11,10,4,0,14
10,32,2026,2,11,9,4,1,17
10,38,2026,2,11,8,4,4,17
10,41,2026,2,11,7,2,3,16
10,48,2026,2,11,5,6,9,13
11,0,2026,2,11,5,4,0,17
11,4,2026,2,11,7,3,2,18
11,9,2026,2,11,8,6,4,20
11,13,2026,2,11,9,5,4,21
11,18,2026,2,11,10,5,5,21
11,21,2026,2,11,11,6,12,15
11,27,2026,2,11,10,5,1,19
11,32,2026,2,11,9,4,1,22
11,38,2026,2,11,8,6,7,21
11,41,2026,2,11,7,4,8,17
11,48,2026,2,11,5,5,7,15
12,0,2026,2,11,5,2,0,17
12,4,2026,2,11,7,5,0,22
12,9,2026,2,11,8,6,3,25
12,13,2026,2,11,9,3,3,25
12,18,2026,2,11,10,4,11,18
12,21,2026,2,11,11,3,11,10
12,27,2026,2,11,10,4,0,14
12,32,2026,2,11,9,2,1,15
12,38,2026,2,11,8,2,4,13
12,41,2026,2,11,7,6,6,13
12,48,2026,2,11,5,3,5,11
13,0,2026,2,11,5,6,0,17
13,4,2026,2,11,7,22,2,37
13,9,2026,2,11,8,6,7,36
13,13,2026,2,11,9,4,7,33
13,18,2026,2,11,10,4,9,28
13,21,2026,2,11,11,4,16,16
13,27,2026,2,11,10,4,0,20
13,32,2026,2,11,9,4,2,22
13,38,2026,2,11,8,6,7,21
13,41,2026,2,11,7,31,3,49
13,48,2026,2,11,5,3,16,36
14,0,2026,2,11,5,2,0,38
14,4,2026,2,11,7,10,0,48
14,9,2026,2,11,8,4,7,45
14,13,2026,2,11,9,6,16,35
14,18,2026,2,11,10,2,17,20
14,21,2026,2,11,11,3,15,8
14,27,2026,2,11,10,5,1,12
14,32,2026,2,11,9,4,2,14
14,38,2026,2,11,8,2,3,13
14,41,2026,2,11,7,30,4,39
14,48,2026,2,11,5,6,13,32
15,0,2026,2,11,5,3,0,35
15,4,2026,2,11,7,11,2,44
15,9,2026,2,11,8,3,10,37
15,13,2026,2,11,9,6,10,33
15,18,2026,2,11,10,6,16,23
15,21,2026,2,11,11,3,12,14
15,27,2026,2,11,10,5,1,18
15,32,2026,2,11,9,3,2,19
15,38,2026,2,11,8,6,6,19
15,41,2026,2,11,7,23,4,38
15,48,2026,2,11,5,4,15,27
16,0,2026,2,11,5,4,0,31
16,4,2026,2,11,7,2,3,30
16,9,2026,2,11,8,6,8,28
16,13,2026,2,11,9,6,11,23
16,18,2026,2,11,10,5,5,23
16,21,2026,2,11,11,2,11,14
16,27,2026,2,11,10,4,1,17
16,32,2026,2,11,9,2,4,15
16,38,2026,2,11,8,4,7,12
16,41,2026,2,11,7,6,5,13
16,48,2026,2,11,5,6,6,13
17,0,2026,2,11,5,3,0,16
17,4,2026,2,11,7,3,1,18
17,9,2026,2,11,8,6,3,21
17,13,2026,2,11,9,6,9,18
17,18,2026,2,11,10,3,6,15
17,21,2026,2,11,11,6,6,15
17,27,2026,2,11,10,6,2,19
17,32,2026,2,11,9,6,2,23
17,38,2026,2,11,8,2,4,21
17,41,2026,2,11,7,5,6,20
17,48,2026,2,11,5,6,9,17
18,0,2026,2,11,5,4,0,21
18,4,2026,2,11,7,4,4,21
18,9,2026,2,11,8,4,2,23
18,13,2026,2,11,9,5,6,22
18,18,2026,2,11,10,2,4,20
18,21,2026,2,11,11,3,13,10
18,27,2026,2,11,10,2,0,12
18,32,2026,2,11,9,5,3,14
18,38,2026,2,11,8,5,6,13
18,41,2026,2,11,7,6,4,15
18,48,2026,2,11,5,5,6,14
19,0,2026,2,11,5,6,0,20
19,4,2026,2,11,7,5,2,23
19,9,2026,2,11,8,4,4,23
19,13,2026,2,11,9,4,8,19
19,18,2026,2,11,10,3,5,17
19,21,2026,2,11,11,3,9,11
19,27,2026,2,11,10,2,0,13
19,32,2026,2,11,9,4,1,16
19,38,2026,2,11,8,2,4,14
19,41,2026,2,11,7,4,3,15
19,48,2026,2,11,5,4,10,9
20,0,2026,2,11,5,2,0,11
20,4,2026,2,11,7,4,1,14
20,9,2026,2,11,8,2,0,16
20,13,2026,2,11,9,3,4,15
20,18,2026,2,11,10,5,2,18
20,21,2026,2,11,11,2,9,11
20,27,2026,2,11,10,6,0,17
20,32,2026,2,11,9,2,2,17
20,38,2026,2,11,8,6,5,18
20,41,2026,2,11,7,5,8,15
20,48,2026,2,11,5,6,6,15
21,0,2026,2,11,5,3,0,18
21,4,2026,2,11,7,3,1,20
21,9,2026,2,11,8,3,2,21
21,13,2026,2,11,9,6,8,19
21,18,2026,2,11,10,5,9,15
21,21,2026,2,11,11,6,6,15
21,27,2026,2,11,10,4,1,18
21,32,2026,2,11,9,4,2,20
21,38,2026,2,11,8,4,4,20
21,41,2026,2,11,7,2,8,14
21,48,2026,2,11,5,5,4,15
22,0,2026,2,11,5,6,0,21
22,4,2026,2,11,7,3,4,20
22,9,2026,2,11,8,4,1,23
22,13,2026,2,11,9,5,5,23
22,18,2026,2,11,10,3,11,15
22,21,2026,2,11,11,3,10,8
22,27,2026,2,11,10,4,1,11
22,32,2026,2,11,9,2,1,12
22,38,2026,2,11,8,4,3,13
22,41,2026,2,11,7,4,7,10
22,48,2026,2,11,5,3,4,9
23,0,2026,2,11,5,2,0,11
23,4,2026,2,11,7,5,3,13
23,9,2026,2,11,8,4,1,16
23,13,2026,2,11,9,3,3,16
23,18,2026,2,11,10,2,7,11
23,21,2026,2,11,11,3,4,10
23,27,2026,2,11,10,6,0,16
23,32,2026,2,11,9,5,2,19
23,38,2026,2,11,8,2,4,17
23,41,2026,2,11,7,3,10,10
23,48,2026,2,11,5,0,10,0
6,0,2026,2,12,5,13,0,13
6,4,2026,2,12,7,5,1,17
6,9,2026,2,12,8,14,2,29
6,13,2026,2,12,9,9,11,27
6,18,2026,2,12,10,20,9,38
6,21,2026,2,12,11,8,10,36
6,27,2026,2,12,10,9,4,41
6,32,2026,2,12,9,19,7,53
6,38,2026,2,12,8,5,14,44
6,41,2026,2,12,7,5,20,29
6,48,2026,2,12,5,20,12,37
7,0,2026,2,12,5,12,0,49
7,4,2026,2,12,7,3,24,28
7,9,2026,2,12,8,13,6,35
7,13,2026,2,12,9,22,6,51
7,18,2026,2,12,10,19,10,60
7,21,2026,2,12,11,8,17,51
7,27,2026,2,12,10,16,3,64
7,32,2026,2,12,9,7,11,60
7,38,2026,2,12,8,20,15,65
7,41,2026,2,12,7,4,24,45
7,48,2026,2,12,5,10,18,37
8,0,2026,2,12,5,7,0,44
8,4,2026,2,12,7,2,12,34
8,9,2026,2,12,8,11,6,39
8,13,2026,2,12,9,19,9,49
8,18,2026,2,12,10,7,12,44
8,21,2026,2,12,11,22,17,49
8,27,2026,2,12,10,19,9,59
8,32,2026,2,12,9,9,10,58
8,38,2026,2,12,8,15,10,63
8,41,2026,2,12,7,2,21,44
8,48,2026,2,12,5,8,23,29
9,0,2026,2,12,5,4,0,33
9,4,2026,2,12,7,1,10,24
9,9,2026,2,12,8,4,1,27
9,13,2026,2,12,9,2,5,24
9,18,2026,2,12,10,4,7,21
9,21,2026,2,12,11,4,12,13
9,27,2026,2,12,10,5,0,18
9,32,2026,2,12,9,2,1,19
9,38,2026,2,12,8,3,1,21
9,41,2026,2,12,7,2,19,4
9,48,2026,2,12,5,4,2,6
10,0,2026,2,12,5,4,0,10
10,4,2026,2,12,7,3,1,12
10,9,2026,2,12,8,3,3,12
10,13,2026,2,12,9,3,2,13
10,18,2026,2,12,10,6,5,14
10,21,2026,2,12,11,5,5,14
10,27,2026,2,12,10,5,0,19
10,32,2026,2,12,9,4,3,20
10,38,2026,2,12,8,3,7,16
10,41,2026,2,12,7,4,5,15
10,48,2026,2,12,5,4,8,11
11,0,2026,2,12,5,2,0,13
11,4,2026,2,12,7,6,2,17
11,9,2026,2,12,8,5,3,19
11,13,2026,2,12,9,2,3,18
11,18,2026,2,12,10,5,11,12
11,21,2026,2,12,11,6,7,11
11,27,2026,2,12,10,3,1,13
11,32,2026,2,12,9,6,3,16
11,38,2026,2,12,8,4,5,15
11,41,2026,2,12,7,2,8,9
11,48,2026,2,12,5,2,3,8
12,0,2026,2,12,5,3,0,11
12,4,2026,2,12,7,3,0,14
12,9,2026,2,12,8,5,5,14
12,13,2026,2,12,9,3,2,15
12,18,2026,2,12,10,4,2,17
12,21,2026,2,12,11,2,9,10
12,27,2026,2,12,10,6,1,15
12,32,2026,2,12,9,2,1,16
12,38,2026,2,12,8,5,5,16
12,41,2026,2,12,7,4,4,16
12,48,2026,2,12,5,2,6,12
13,0,2026,2,12,5,6,0,18
13,4,2026,2,12,7,23,3,38
13,9,2026,2,12,8,4,8,34
13,13,2026,2,12,9,6,5,35
13,18,2026,2,12,10,3,11,27
13,21,2026,2,12,11,2,17,12
13,27,2026,2,12,10,5,0,17
13,32,2026,2,12,9,5,3,19
13,38,2026,2,12,8,6,1,24
13,41,2026,2,12,7,28,4,48
13,48,2026,2,12,5,3,19,32
14,0,2026,2,12,5,5,0,37
14,4,2026,2,12,7,27,1,63
14,9,2026,2,12,8,5,13,55
14,13,2026,2,12,9,5,17,43
14,18,2026,2,12,10,5,20,28
14,21,2026,2,12,11,6,13,21
14,27,2026,2,12,10,4,1,24
14,32,2026,2,12,9,3,1,26
14,38,2026,2,12,8,3,5,24
14,41,2026,2,12,7,23,8,39
14,48,2026,2,12,5,3,16,26
15,0,2026,2,12,5,3,0,29
15,4,2026,2,12,7,27,4,52
15,9,2026,2,12,8,6,8,50
15,13,2026,2,12,9,2,15,37
15,18,2026,2,12,10,6,17,26
15,21,2026,2,12,11,2,16,12
15,27,2026,2,12,10,5,0,17
15,32,2026,2,12,9,2,3,16
15,38,2026,2,12,8,3,1,18
15,41,2026,2,12,7,19,0,37
15,48,2026,2,12,5,5,16,26
16,0,2026,2,12,5,5,0,31
16,4,2026,2,12,7,5,5,31
16,9,2026,2,12,8,3,6,28
16,13,2026,2,12,9,4,9,23
16,18,2026,2,12,10,5,10,18
16,21,2026,2,12,11,5,9,14
16,27,2026,2,12,10,2,1,15
16,32,2026,2,12,9,2,1,16
16,38,2026,2,12,8,5,3,18
16,41,2026,2,12,7,3,7,14
16,48,2026,2,12,5,5,8,11
17,0,2026,2,12,5,2,0,13
17,4,2026,2,12,7,6,1,18
17,9,2026,2,12,8,2,3,17
17,13,2026,2,12,9,6,5,18
17,18,2026,2,12,10,4,6,16
17,21,2026,2,12,11,2,7,11
17,27,2026,2,12,10,4,0,15
17,32,2026,2,12,9,3,1,17
17,38,2026,2,12,8,6,7,16
17,41,2026,2,12,7,5,3,18
17,48,2026,2,12,5,3,6,15
18,0,2026,2,12,5,6,0,21
18,4,2026,2,12,7,6,5,22
18,9,2026,2,12,8,2,4,20
18,13,2026,2,12,9,3,5,18
18,18,2026,2,12,10,2,7,13
18,21,2026,2,12,11,6,9,10
18,27,2026,2,12,10,6,0,16
18,32,2026,2,12,9,5,4,17
18,38,2026,2,12,8,6,4,19
18,41,2026,2,12,7,6,4,21
18,48,2026,2,12,5,5,7,19
19,0,2026,2,12,5,4,0,23
19,4,2026,2,12,7,5,1,27
19,9,2026,2,12,8,2,6,23
19,13,2026,2,12,9,3,8,18
19,18,2026,2,12,10,2,5,15
19,21,2026,2,12,11,5,9,11
19,27,2026,2,12,10,6,2,15
19,32,2026,2,12,9,2,2,15
19,38,2026,2,12,8,5,2,18
19,41,2026,2,12,7,4,7,15
19,48,2026,2,12,5,2,6,11
20,0,2026,2,12,5,5,0,16
20,4,2026,2,12,7,3,1,18
20,9,2026,2,12,8,3,1,20
20,13,2026,2,12,9,2,6,16
20,18,2026,2,12,10,4,6,14
20,21,2026,2,12,11,6,11,9
20,27,2026,2,12,10,3,2,10
20,32,2026,2,12,9,6,3,13
20,38,2026,2,12,8,3,4,12
20,41,2026,2,12,7,2,5,9
20,48,2026,2,12,5,6,3,12
21,0,2026,2,12,5,5,0,17
21,4,2026,2,12,7,4,2,19
21,9,2026,2,12,8,6,2,23
21,13,2026,2,12,9,3,4,22
21,18,2026,2,12,10,3,12,13
21,21,2026,2,12,11,4,6,11
21,27,2026,2,12,10,6,2,15
21,32,2026,2,12,9,5,3,17
21,38,2026,2,12,8,5,6,16
21,41,2026,2,12,7,6,9,13
21,48,2026,2,12,5,4,3,14
22,0,2026,2,12,5,4,0,18
22,4,2026,2,12,7,6,3,21
22,9,2026,2,12,8,4,3,22
22,13,2026,2,12,9,5,3,24
22,18,2026,2,12,10,5,7,22
22,21,2026,2,12,11,2,13,11
22,27,2026,2,12,10,4,1,14
22,32,2026,2,12,9,3,1,16
22,38,2026,2,12,8,2,4,14
22,41,2026,2,12,7,2,4,12
22,48,2026,2,12,5,2,6,8
23,0,2026,2,12,5,3,0,11
23,4,2026,2,12,7,3,1,13
23,9,2026,2,12,8,2,0,15
23,13,2026,2,12,9,6,2,19
23,18,2026,2,12,10,5,4,20
23,21,2026,2,12,11,2,9,13
23,27,2026,2,12,10,3,0,16
23,32,2026,2,12,9,4,3,17
23,38,2026,2,12,8,4,3,18
23,41,2026,2,12,7,2,9,11
23,48,2026,2,12,5,0,11,0
6,0,2026,2,13,5,22,0,22
6,4,2026,2,13,7,4,3,23
6,9,2026,2,13,8,6,4,25
6,13,2026,2,13,9,22,6,41
6,18,2026,2,13,10,13,16,38
6,21,2026,2,13,11,19,14,43
6,27,2026,2,13,10,19,3,59
6,32,2026,2,13,9,15,8,66
6,38,2026,2,13,8,16,16,66
6,41,2026,2,13,7,5,20,51
6,48,2026,2,13,5,13,20,44
7,0,2026,2,13,5,8,0,52
7,4,2026,2,13,7,2,16,38
7,9,2026,2,13,8,13,2,49
7,13,2026,2,13,9,18,7,60
7,18,2026,2,13,10,12,16,56
7,21,2026,2,13,11,22,21,57
7,27,2026,2,13,10,12,3,66
7,32,2026,2,13,9,9,9,66
7,38,2026,2,13,8,10,19,57
7,41,2026,2,13,7,1,21,37
7,48,2026,2,13,5,10,19,28
8,0,2026,2,13,5,11,0,39
8,4,2026,2,13,7,2,15,26
8,9,2026,2,13,8,20,3,43
8,13,2026,2,13,9,6,5,44
8,18,2026,2,13,10,14,8,50
8,21,2026,2,13,11,11,17,44
8,27,2026,2,13,10,17,4,57
8,32,2026,2,13,9,14,5,66
8,38,2026,2,13,8,15,15,66
8,41,2026,2,13,7,1,28,39
8,48,2026,2,13,5,19,13,45
9,0,2026,2,13,5,4,0,49
9,4,2026,2,13,7,2,17,34
9,9,2026,2,13,8,4,1,37
9,13,2026,2,13,9,3,5,35
9,18,2026,2,13,10,5,12,28
9,21,2026,2,13,11,2,20,10
9,27,2026,2,13,10,4,0,14
9,32,2026,2,13,9,5,1,18
9,38,2026,2,13,8,4,2,20
9,41,2026,2,13,7,1,15,6
9,48,2026,2,13,5,5,2,9
10,0,2026,2,13,5,5,0,14
10,4,2026,2,13,7,5,3,16
10,9,2026,2,13,8,5,2,19
10,13,2026,2,13,9,3,4,18
10,18,2026,2,13,10,6,8,16
10,21,2026,2,13,11,5,7,14
10,27,2026,2,13,10,2,0,16
10,32,2026,2,13,9,3,1,18
10,38,2026,2,13,8,2,8,12
10,41,2026,2,13,7,6,3,15
10,48,2026,2,13,5,3,8,10
11,0,2026,2,13,5,6,0,16
11,4,2026,2,13,7,6,2,20
11,9,2026,2,13,8,3,2,21
11,13,2026,2,13,9,2,4,19
11,18,2026,2,13,10,6,9,16
11,21,2026,2,13,11,4,9,11
11,27,2026,2,13,10,2,2,11
11,32,2026,2,13,9,3,4,10
11,38,2026,2,13,8,5,2,13
11,41,2026,2,13,7,6,2,17
11,48,2026,2,13,5,2,5,14
12,0,2026,2,13,5,2,0,16
12,4,2026,2,13,7,4,1,19
12,9,2026,2,13,8,6,4,21
12,13,2026,2,13,9,4,6,19
12,18,2026,2,13,10,2,6,15
12,21,2026,2,13,11,5,5,15
12,27,2026,2,13,10,6,0,21
12,32,2026,2,13,9,5,4,22
12,38,2026,2,13,8,3,8,17
12,41,2026,2,13,7,5,6,16
12,48,2026,2,13,5,5,9,12
13,0,2026,2,13,5,4,0,16
13,4,2026,2,13,7,26,1,41
13,9,2026,2,13,8,6,13,34
13,13,2026,2,13,9,3,16,21
13,18,2026,2,13,10,3,8,16
13,21,2026,2,13,11,6,9,13
13,27,2026,2,13,10,2,3,12
13,32,2026,2,13,9,5,3,14
13,38,2026,2,13,8,2,4,12
13,41,2026,2,13,7,12,3,21
13,48,2026,2,13,5,6,9,18
14,0,2026,2,13,5,4,0,22
14,4,2026,2,13,7,11,1,32
14,9,2026,2,13,8,3,6,29
14,13,2026,2,13,9,2,5,26
14,18,2026,2,13,10,5,11,20
14,21,2026,2,13,11,3,11,12
14,27,2026,2,13,10,4,1,15
14,32,2026,2,13,9,5,4,16
14,38,2026,2,13,8,5,2,19
14,41,2026,2,13,7,7,3,23
14,48,2026,2,13,5,5,9,19
15,0,2026,2,13,5,3,0,22
15,4,2026,2,13,7,31,1,52
15,9,2026,2,13,8,3,13,42
15,13,2026,2,13,9,4,14,32
15,18,2026,2,13,10,2,11,23
15,21,2026,2,13,11,5,16,12
15,27,2026,2,13,10,3,2,13
15,32,2026,2,13,9,6,5,14
15,38,2026,2,13,8,6,5,15
15,41,2026,2,13,7,13,2,26
15,48,2026,2,13,5,6,8,24
16,0,2026,2,13,5,2,0,26
16,4,2026,2,13,7,6,2,30
16,9,2026,2,13,8,5,3,32
16,13,2026,2,13,9,5,11,26
16,18,2026,2,13,10,4,11,19
16,21,2026,2,13,11,3,13,9
16,27,2026,2,13,10,2,0,11
16,32,2026,2,13,9,3,1,13
16,38,2026,2,13,8,5,2,16
16,41,2026,2,13,7,4,8,12
16,48,2026,2,13,5,6,3,15
17,0,2026,2,13,5,4,0,19
17,4,2026,2,13,7,6,4,21
17,9,2026,2,13,8,2,1,22
17,13,2026,2,13,9,6,6,22
17,18,2026,2,13,10,2,8,16
17,21,2026,2,13,11,2,10,8
17,27,2026,2,13,10,3,0,11
17,32,2026,2,13,9,6,2,15
17,38,2026,2,13,8,2,6,11
17,41,2026,2,13,7,3,3,11
17,48,2026,2,13,5,6,8,9
18,0,2026,2,13,5,2,0,11
18,4,2026,2,13,7,4,3,12
18,9,2026,2,13,8,2,4,10
18,13,2026,2,13,9,2,2,10
18,18,2026,2,13,10,3,4,9
18,21,2026,2,13,11,5,5,9
18,27,2026,2,13,10,2,1,10
18,32,2026,2,13,9,3,3,10
18,38,2026,2,13,8,4,2,12
18,41,2026,2,13,7,5,2,15
18,48,2026,2,13,5,6,4,17
19,0,2026,2,13,5,6,0,23
19,4,2026,2,13,7,6,1,28
19,9,2026,2,13,8,6,9,25
19,13,2026,2,13,9,2,6,21
19,18,2026,2,13,10,3,9,15
19,21,2026,2,13,11,4,9,10
19,27,2026,2,13,10,6,0,16
19,32,2026,2,13,9,4,1,19
19,38,2026,2,13,8,3,6,16
19,41,2026,2,13,7,6,5,17
19,48,2026,2,13,5,4,7,14
20,0,2026,2,13,5,2,0,16
20,4,2026,2,13,7,6,1,21
20,9,2026,2,13,8,4,6,19
20,13,2026,2,13,9,4,4,19
20,18,2026,2,13,10,4,8,15
20,21,2026,2,13,11,3,6,12
20,27,2026,2,13,10,2,0,14
20,32,2026,2,13,9,5,2,17
20,38,2026,2,13,8,2,7,12
20,41,2026,2,13,7,2,4,10
20,48,2026,2,13,5,2,7,5
21,0,2026,2,13,5,2,0,7
21,4,2026,2,13,7,6,1,12
21,9,2026,2,13,8,3,1,14
21,13,2026,2,13,9,2,3,13
21,18,2026,2,13,10,3,3,13
21,21,2026,2,13,11,2,7,8
21,27,2026,2,13,10,5,0,13
21,32,2026,2,13,9,2,3,12
21,38,2026,2,13,8,3,3,12
21,41,2026,2,13,7,6,5,13
21,48,2026,2,13,5,5,3,15
22,0,2026,2,13,5,3,0,18
22,4,2026,2,13,7,3,0,21
22,9,2026,2,13,8,6,4,23
22,13,2026,2,13,9,4,5,22
22,18,2026,2,13,10,3,8,17
22,21,2026,2,13,11,3,11,9
22,27,2026,2,13,10,5,0,14
22,32,2026,2,13,9,6,3,17
22,38,2026,2,13,8,3,6,14
22,41,2026,2,13,7,3,7,10
22,48,2026,2,13,5,6,6,10
23,0,2026,2,13,5,2,0,12
23,4,2026,2,13,7,2,3,11
23,9,2026,2,13,8,5,3,13
23,13,2026,2,13,9,5,3,15
23,18,2026,2,13,10,4,3,16
23,21,2026,2,13,11,2,6,12
23,27,2026,2,13,10,5,0,17
23,32,2026,2,13,9,5,2,20
23,38,2026,2,13,8,6,6,20
23,41,2026,2,13,7,3,11,12
23,48,2026,2,13,5,0,12,0
6,0,2026,2,14,5,6,0,6
6,4,2026,2,14,7,6,1,11
6,9,2026,2,14,8,10,2,19
6,13,2026,2,14,9,8,7,20
6,18,2026,2,14,10,13,11,22
6,21,2026,2,14,11,12,6,28
6,27,2026,2,14,10,12,1,39
6,32,2026,2,14,9,20,10,49
6,38,2026,2,14,8,10,12,47
6,41,2026,2,14,7,6,13,40
6,48,2026,2,14,5,15,20,35
7,0,2026,2,14,5,13,0,48
7,4,2026,2,14,7,5,21,32
7,9,2026,2,14,8,20,3,49
7,13,2026,2,14,9,9,6,52
7,18,2026,2,14,10,8,16,44
7,21,2026,2,14,11,7,13,38
7,27,2026,2,14,10,8,1,45
7,32,2026,2,14,9,22,4,63
7,38,2026,2,14,8,7,8,62
7,41,2026,2,14,7,5,21,46
7,48,2026,2,14,5,7,20,33
8,0,2026,2,14,5,9,0,42
8,4,2026,2,14,7,1,11,32
8,9,2026,2,14,8,12,4,40
8,13,2026,2,14,9,20,6,54
8,18,2026,2,14,10,9,13,50
8,21,2026,2,14,11,15,15,50
8,27,2026,2,14,10,17,3,64
8,32,2026,2,14,9,10,8,66
8,38,2026,2,14,8,16,16,66
8,41,2026,2,14,7,1,22,45
8,48,2026,2,14,5,13,23,35
9,0,2026,2,14,5,6,0,41
9,4,2026,2,14,7,5,14,32
9,9,2026,2,14,8,3,1,34
9,13,2026,2,14,9,4,5,33
9,18,2026,2,14,10,2,10,25
9,21,2026,2,14,11,4,15,14
9,27,2026,2,14,10,5,0,19
9,32,2026,2,14,9,5,0,24
9,38,2026,2,14,8,3,0,27
9,41,2026,2,14,7,3,21,9
9,48,2026,2,14,5,4,5,8
10,0,2026,2,14,5,5,0,13
10,4,2026,2,14,7,6,3,16
10,9,2026,2,14,8,5,4,17
10,13,2026,2,14,9,4,1,20
10,18,2026,2,14,10,5,8,17
10,21,2026,2,14,11,4,10,11
10,27,2026,2,14,10,3,0,14
10,32,2026,2,14,9,4,4,14
10,38,2026,2,14,8,5,4,15
10,41,2026,2,14,7,4,5,14
10,48,2026,2,14,5,4,5,13
11,0,2026,2,14,5,5,0,18
11,4,2026,2,14,7,6,0,24
11,9,2026,2,14,8,2,4,22
11,13,2026,2,14,9,4,7,19
11,18,2026,2,14,10,3,9,13
11,21,2026,2,14,11,2,7,8
11,27,2026,2,14,10,5,0,13
11,32,2026,2,14,9,2,3,12
11,38,2026,2,14,8,2,5,9
11,41,2026,2,14,7,5,3,11
11,48,2026,2,14,5,2,3,10
12,0,2026,2,14,5,5,0,15
12,4,2026,2,14,7,4,1,18
12,9,2026,2,14,8,4,2,20
12,13,2026,2,14,9,2,2,20
12,18,2026,2,14,10,3,6,17
12,21,2026,2,14,11,3,11,9
12,27,2026,2,14,10,5,0,14
12,32,2026,2,14,9,4,5,13
12,38,2026,2,14,8,2,3,12
12,41,2026,2,14,7,4,4,12
12,48,2026,2,14,5,6,4,14
13,0,2026,2,14,5,4,0,18
13,4,2026,2,14,7,31,2,47
13,9,2026,2,14,8,6,13,40
13,13,2026,2,14,9,3,9,34
13,18,2026,2,14,10,2,13,23
13,21,2026,2,14,11,6,15,14
13,27,2026,2,14,10,6,2,18
13,32,2026,2,14,9,3,6,15
13,38,2026,2,14,8,6,2,19
13,41,2026,2,14,7,28,4,43
13,48,2026,2,14,5,4,11,36
14,0,2026,2,14,5,4,0,40
14,4,2026,2,14,7,26,0,66
14,9,2026,2,14,8,4,11,59
14,13,2026,2,14,9,4,16,47
14,18,2026,2,14,10,6,19,34
14,21,2026,2,14,11,5,20,19
14,27,2026,2,14,10,5,0,24
14,32,2026,2,14,9,2,6,20
14,38,2026,2,14,8,6,3,23
14,41,2026,2,14,7,27,2,48
14,48,2026,2,14,5,5,22,31
15,0,2026,2,14,5,3,0,34
15,4,2026,2,14,7,25,0,59
15,9,2026,2,14,8,2,13,48
15,13,2026,2,14,9,2,11,39
15,18,2026,2,14,10,2,13,28
15,21,2026,2,14,11,2,19,11
15,27,2026,2,14,10,4,1,14
15,32,2026,2,14,9,2,4,12
15,38,2026,2,14,8,6,1,17
15,41,2026,2,14,7,12,1,28
15,48,2026,2,14,5,6,12,22
16,0,2026,2,14,5,6,0,28
16,4,2026,2,14,7,2,4,26
16,9,2026,2,14,8,4,6,24
16,13,2026,2,14,9,2,6,20
16,18,2026,2,14,10,6,11,15
16,21,2026,2,14,11,6,6,15
16,27,2026,2,14,10,6,2,19
16,32,2026,2,14,9,3,2,20
16,38,2026,2,14,8,3,4,19
16,41,2026,2,14,7,4,8,15
16,48,2026,2,14,5,6,5,16
17,0,2026,2,14,5,2,0,18
17,4,2026,2,14,7,4,1,21
17,9,2026,2,14,8,6,4,23
17,13,2026,2,14,9,5,2,26
17,18,2026,2,14,10,4,6,24
17,21,2026,2,14,11,4,15,13
17,27,2026,2,14,10,6,2,17
17,32,2026,2,14,9,3,2,18
17,38,2026,2,14,8,2,1,19
17,41,2026,2,14,7,2,7,14
17,48,2026,2,14,5,6,9,11
18,0,2026,2,14,5,6,0,17
18,4,2026,2,14,7,4,3,18
18,9,2026,2,14,8,6,4,20
18,13,2026,2,14,9,3,6,17
18,18,2026,2,14,10,6,6,17
18,21,2026,2,14,11,6,11,12
18,27,2026,2,14,10,6,0,18
18,32,2026,2,14,9,4,3,19
18,38,2026,2,14,8,2,5,16
18,41,2026,2,14,7,2,6,12
18,48,2026,2,14,5,4,5,11
19,0,2026,2,14,5,2,0,13
19,4,2026,2,14,7,2,1,14
19,9,2026,2,14,8,2,1,15
19,13,2026,2,14,9,2,2,15
19,18,2026,2,14,10,5,5,15
19,21,2026,2,14,11,5,9,11
19,27,2026,2,14,10,6,0,17
19,32,2026,2,14,9,5,4,18
19,38,2026,2,14,8,4,6,16
19,41,2026,2,14,7,2,6,12
19,48,2026,2,14,5,4,6,10
20,0,2026,2,14,5,2,0,12
20,4,2026,2,14,7,6,1,17
20,9,2026,2,14,8,4,5,16
20,13,2026,2,14,9,4,2,18
20,18,2026,2,14,10,4,8,14
20,21,2026,2,14,11,2,6,10
20,27,2026,2,14,10,5,1,14
20,32,2026,2,14,9,3,2,15
20,38,2026,2,14,8,2,5,12
20,41,2026,2,14,7,2,4,10
20,48,2026,2,14,5,5,3,12
21,0,2026,2,14,5,2,0,14
21,4,2026,2,14,7,6,0,20
21,9,2026,2,14,8,5,3,22
21,13,2026,2,14,9,3,5,20
21,18,2026,2,14,10,3,5,18
21,21,2026,2,14,11,5,9,14
21,27,2026,2,14,10,6,0,20
21,32,2026,2,14,9,3,5,18
21,38,2026,2,14,8,4,6,16
21,41,2026,2,14,7,5,7,14
21,48,2026,2,14,5,3,8,9
22,0,2026,2,14,5,4,0,13
22,4,2026,2,14,7,4,1,16
22,9,2026,2,14,8,6,3,19
22,13,2026,2,14,9,3,4,18
22,18,2026,2,14,10,6,7,17
22,21,2026,2,14,11,6,5,18
22,27,2026,2,14,10,5,0,23
22,32,2026,2,14,9,5,5,23
22,38,2026,2,14,8,2,5,20
22,41,2026,2,14,7,2,7,15
22,48,2026,2,14,5,4,8,11
23,0,2026,2,14,5,5,0,16
23,4,2026,2,14,7,4,2,18
23,9,2026,2,14,8,3,4,17
23,13,2026,2,14,9,6,1,22
23,18,2026,2,14,10,6,6,22
23,21,2026,2,14,11,3,12,13
23,27,2026,2,14,10,2,1,14
23,32,2026,2,14,9,5,3,16
23,38,2026,2,14,8,4,3,17
23,41,2026,2,14,7,5,10,12
23,48,2026,2,14,5,0,12,0
6,0,2026,2,15,5,12,0,12
6,4,2026,2,15,7,3,5,10
6,9,2026,2,15,8,7,3,14
6,13,2026,2,15,9,21,3,32
6,18,2026,2,15,10,15,13,34
6,21,2026,2,15,11,20,11,43
6,27,2026,2,15,10,17,3,57
6,32,2026,2,15,9,21,15,63
6,38,2026,2,15,8,17,14,66
6,41,2026,2,15,7,5,23,48
6,48,2026,2,15,5,17,21,44
7,0,2026,2,15,5,7,0,51
7,4,2026,2,15,7,1,19,33
7,9,2026,2,15,8,22,2,53
7,13,2026,2,15,9,15,11,57
7,18,2026,2,15,10,14,16,55
7,21,2026,2,15,11,6,18,43
7,27,2026,2,15,10,15,0,58
7,32,2026,2,15,9,16,14,60
7,38,2026,2,15,8,17,11,66
7,41,2026,2,15,7,4,27,43
7,48,2026,2,15,5,20,18,45
8,0,2026,2,15,5,21,0,66
8,4,2026,2,15,7,1,27,40
8,9,2026,2,15,8,18,2,56
8,13,2026,2,15,9,19,11,64
8,18,2026,2,15,10,16,15,65
8,21,2026,2,15,11,14,22,57
8,27,2026,2,15,10,12,3,66
8,32,2026,2,15,9,9,9,66
8,38,2026,2,15,8,11,15,62
8,41,2026,2,15,7,4,27,39
8,48,2026,2,15,5,22,18,43
9,0,2026,2,15,5,5,0,48
9,4,2026,2,15,7,1,16,33
9,9,2026,2,15,8,5,4,34
9,13,2026,2,15,9,5,5,34
9,18,2026,2,15,10,4,11,27
9,21,2026,2,15,11,3,16,14
9,27,2026,2,15,10,3,0,17
9,32,2026,2,15,9,5,1,21
9,38,2026,2,15,8,4,4,21
9,41,2026,2,15,7,5,19,7
9,48,2026,2,15,5,4,3,8
10,0,2026,2,15,5,4,0,12
10,4,2026,2,15,7,2,0,14
10,9,2026,2,15,8,6,2,18
10,13,2026,2,15,9,6,3,21
10,18,2026,2,15,10,4,5,20
10,21,2026,2,15,11,3,8,15
10,27,2026,2,15,10,3,0,18
10,32,2026,2,15,9,3,2,19
10,38,2026,2,15,8,5,5,19
10,41,2026,2,15,7,2,5,16
10,48,2026,2,15,5,2,7,11
11,0,2026,2,15,5,2,0,13
11,4,2026,2,15,7,3,0,16
11,9,2026,2,15,8,3,2,17
11,13,2026,2,15,9,4,1,20
11,18,2026,2,15,10,4,6,18
11,21,2026,2,15,11,5,12,11
11,27,2026,2,15,10,2,0,13
11,32,2026,2,15,9,6,1,18
11,38,2026,2,15,8,5,3,20
11,41,2026,2,15,7,3,7,16
11,48,2026,2,15,5,6,11,11
12,0,2026,2,15,5,4,0,15
12,4,2026,2,15,7,6,5,16
12,9,2026,2,15,8,6,2,20
12,13,2026,2,15,9,3,4,19
12,18,2026,2,15,10,3,5,17
12,21,2026,2,15,11,6,8,15
12,27,2026,2,15,10,2,2,15
12,32,2026,2,15,9,4,4,15
12,38,2026,2,15,8,4,6,13
12,41,2026,2,15,7,3,5,11
12,48,2026,2,15,5,5,6,10
13,0,2026,2,15,5,4,0,14
13,4,2026,2,15,7,25,1,38
13,9,2026,2,15,8,6,9,35
13,13,2026,2,15,9,3,10,28
13,18,2026,2,15,10,2,7,23
13,21,2026,2,15,11,5,12,16
13,27,2026,2,15,10,4,1,19
13,32,2026,2,15,9,2,1,20
13,38,2026,2,15,8,5,3,22
13,41,2026,2,15,7,8,6,24
13,48,2026,2,15,5,6,17,13
14,0,2026,2,15,5,4,0,17
14,4,2026,2,15,7,29,2,44
14,9,2026,2,15,8,3,8,39
14,13,2026,2,15,9,6,10,35
14,18,2026,2,15,10,5,14,26
14,21,2026,2,15,11,4,14,16
14,27,2026,2,15,10,4,0,20
14,32,2026,2,15,9,6,3,23
14,38,2026,2,15,8,2,4,21
14,41,2026,2,15,7,14,3,32
14,48,2026,2,15,5,5,12,25
15,0,2026,2,15,5,6,0,31
15,4,2026,2,15,7,12,2,41
15,9,2026,2,15,8,5,10,36
15,13,2026,2,15,9,2,10,28
15,18,2026,2,15,10,2,8,22
15,21,2026,2,15,11,2,15,9
15,27,2026,2,15,10,6,0,15
15,32,2026,2,15,9,6,2,19
15,38,2026,2,15,8,2,6,15
15,41,2026,2,15,7,10,4,21
15,48,2026,2,15,5,5,8,18
16,0,2026,2,15,5,2,0,20
16,4,2026,2,15,7,6,0,26
16,9,2026,2,15,8,5,2,29
16,13,2026,2,15,9,4,8,25
16,18,2026,2,15,10,6,6,25
16,21,2026,2,15,11,3,13,15
16,27,2026,2,15,10,2,0,17
16,32,2026,2,15,9,5,3,19
16,38,2026,2,15,8,4,4,19
16,41,2026,2,15,7,2,4,17
16,48,2026,2,15,5,3,10,10
17,0,2026,2,15,5,3,0,13
17,4,2026,2,15,7,6,1,18
17,9,2026,2,15,8,3,1,20
17,13,2026,2,15,9,4,6,18
17,18,2026,2,15,10,3,7,14
17,21,2026,2,15,11,5,10,9
17,27,2026,2,15,10,5,1,13
17,32,2026,2,15,9,2,3,12
17,38,2026,2,15,8,5,3,14
17,41,2026,2,15,7,6,3,17
17,48,2026,2,15,5,3,9,11
18,0,2026,2,15,5,4,0,15
18,4,2026,2,15,7,6,3,18
18,9,2026,2,15,8,2,3,17
18,13,2026,2,15,9,2,3,16
18,18,2026,2,15,10,6,6,16
18,21,2026,2,15,11,4,8,12
18,27,2026,2,15,10,4,2,14
18,32,2026,2,15,9,5,3,16
18,38,2026,2,15,8,5,4,17
18,41,2026,2,15,7,4,4,17
18,48,2026,2,15,5,4,8,13
19,0,2026,2,15,5,4,0,17
19,4,2026,2,15,7,4,1,20
19,9,2026,2,15,8,5,2,23
19,13,2026,2,15,9,2,3,22
19,18,2026,2,15,10,3,11,14
19,21,2026,2,15,11,2,8,8
19,27,2026,2,15,10,4,0,12
19,32,2026,2,15,9,2,3,11
19,38,2026,2,15,8,2,1,12
19,41,2026,2,15,7,2,5,9
19,48,2026,2,15,5,6,4,11
20,0,2026,2,15,5,2,0,13
20,4,2026,2,15,7,4,4,13
20,9,2026,2,15,8,6,0,19
20,13,2026,2,15,9,2,8,13
20,18,2026,2,15,10,6,3,16
20,21,2026,2,15,11,5,8,13
20,27,2026,2,15,10,5,2,16
20,32,2026,2,15,9,5,3,18
20,38,2026,2,15,8,2,7,13
20,41,2026,2,15,7,2,4,11
20,48,2026,2,15,5,3,4,10
21,0,2026,2,15,5,5,0,15
21,4,2026,2,15,7,2,2,15
21,9,2026,2,15,8,4,0,19
21,13,2026,2,15,9,6,6,19
21,18,2026,2,15,10,5,6,18
21,21,2026,2,15,11,6,11,13
21,27,2026,2,15,10,3,3,13
21,32,2026,2,15,9,3,2,14
21,38,2026,2,15,8,2,3,13
21,41,2026,2,15,7,3,1,15
21,48,2026,2,15,5,2,9,8
22,0,2026,2,15,5,3,0,11
22,4,2026,2,15,7,4,0,15
22,9,2026,2,15,8,4,3,16
22,13,2026,2,15,9,3,2,17
22,18,2026,2,15,10,2,2,17
22,21,2026,2,15,11,4,10,11
22,27,2026,2,15,10,4,1,14
22,32,2026,2,15,9,5,2,17
22,38,2026,2,15,8,2,3,16
22,41,2026,2,15,7,4,2,18
22,48,2026,2,15,5,2,10,10
23,0,2026,2,15,5,3,0,13
23,4,2026,2,15,7,4,0,17
23,9,2026,2,15,8,5,2,20
23,13,2026,2,15,9,6,3,23
23,18,2026,2,15,10,2,10,15
23,21,2026,2,15,11,5,7,13
23,27,2026,2,15,10,6,1,18
23,32,2026,2,15,9,6,6,18
23,38,2026,2,15,8,6,1,23
23,41,2026,2,15,7,2,14,11
23,48,2026,2,15,5,0,11,0
6,0,2026,2,16,5,6,0,6
6,4,2026,2,16,7,4,0,10
6,9,2026,2,16,8,19,1,28
6,13,2026,2,16,9,20,5,43
6,18,2026,2,16,10,14,11,46
6,21,2026,2,16,11,12,15,43
6,27,2026,2,16,10,13,2,54
6,32,2026,2,16,9,12,6,60
6,38,2026,2,16,8,8,12,56
6,41,2026,2,16,7,6,18,44
6,48,2026,2,16,5,6,21,29
7,0,2026,2,16,5,5,0,34
7,4,2026,2,16,7,1,6,29
7,9,2026,2,16,8,17,1,45
7,13,2026,2,16,9,6,0,51
7,18,2026,2,16,10,16,13,54
7,21,2026,2,16,11,13,21,46
7,27,2026,2,16,10,14,2,58
7,32,2026,2,16,9,12,4,66
7,38,2026,2,16,8,8,8,66
7,41,2026,2,16,7,4,27,43
7,48,2026,2,16,5,16,20,39
8,0,2026,2,16,5,5,0,44
8,4,2026,2,16,7,4,17,31
8,9,2026,2,16,8,14,4,41
8,13,2026,2,16,9,10,4,47
8,18,2026,2,16,10,12,9,50
8,21,2026,2,16,11,18,21,47
8,27,2026,2,16,10,17,5,59
8,32,2026,2,16,9,15,12,62
8,38,2026,2,16,8,18,14,66
8,41,2026,2,16,7,2,20,48
8,48,2026,2,16,5,21,22,47
9,0,2026,2,16,5,4,0,51
9,4,2026,2,16,7,3,22,32
9,9,2026,2,16,8,3,2,33
9,13,2026,2,16,9,6,7,32
9,18,2026,2,16,10,5,8,29
9,21,2026,2,16,11,3,17,15
9,27,2026,2,16,10,5,0,20
9,32,2026,2,16,9,5,1,24
9,38,2026,2,16,8,5,3,26
9,41,2026,2,16,7,2,20,8
9,48,2026,2,16,5,6,1,13
10,0,2026,2,16,5,5,0,18
10,4,2026,2,16,7,4,2,20
10,9,2026,2,16,8,6,2,24
10,13,2026,2,16,9,3,6,21
10,18,2026,2,16,10,3,10,14
10,21,2026,2,16,11,3,6,11
10,27,2026,2,16,10,3,0,14
10,32,2026,2,16,9,3,3,14
10,38,2026,2,16,8,6,2,18
10,41,2026,2,16,7,5,4,19
10,48,2026,2,16,5,4,7,16
11,0,2026,2,16,5,4,0,20
11,4,2026,2,16,7,2,3,19
11,9,2026,2,16,8,2,5,16
11,13,2026,2,16,9,5,3,18
11,18,2026,2,16,10,4,6,16
11,21,2026,2,16,11,3,6,13
11,27,2026,2,16,10,4,0,17
11,32,2026,2,16,9,6,3,20
11,38,2026,2,16,8,4,8,16
11,41,2026,2,16,7,4,7,13
11,48,2026,2,16,5,6,7,12
12,0,2026,2,16,5,3,0,15
12,4,2026,2,16,7,5,2,18
12,9,2026,2,16,8,3,5,16
12,13,2026,2,16,9,4,2,18
12,18,2026,2,16,10,3,4,17
12,21,2026,2,16,11,6,9,14
12,27,2026,2,16,10,2,1,15
12,32,2026,2,16,9,2,3,14
12,38,2026,2,16,8,2,5,11
12,41,2026,2,16,7,4,5,10
12,48,2026,2,16,5,3,4,9
13,0,2026,2,16,5,5,0,14
13,4,2026,2,16,7,29,1,42
13,9,2026,2,16,8,5,3,44
13,13,2026,2,16,9,2,10,36
13,18,2026,2,16,10,4,7,33
13,21,2026,2,16,11,2,21,14
13,27,2026,2,16,10,2,0,16
13,32,2026,2,16,9,5,2,19
13,38,2026,2,16,8,3,4,18
13,41,2026,2,16,7,13,3,28
13,48,2026,2,16,5,2,12,18
14,0,2026,2,16,5,4,0,22
14,4,2026,2,16,7,22,1,43
14,9,2026,2,16,8,4,4,43
14,13,2026,2,16,9,5,13,35
14,18,2026,2,16,10,2,12,25
14,21,2026,2,16,11,2,14,13
14,27,2026,2,16,10,6,2,17
14,32,2026,2,16,9,4,2,19
14,38,2026,2,16,8,6,5,20
14,41,2026,2,16,7,9,3,26
14,48,2026,2,16,5,4,16,14
15,0,2026,2,16,5,5,0,19
15,4,2026,2,16,7,10,0,29
15,9,2026,2,16,8,6,5,30
15,13,2026,2,16,9,6,10,26
15,18,2026,2,16,10,4,7,23
15,21,2026,2,16,11,2,10,15
15,27,2026,2,16,10,6,0,21
15,32,2026,2,16,9,5,1,25
15,38,2026,2,16,8,3,7,21
15,41,2026,2,16,7,17,4,34
15,48,2026,2,16,5,3,16,21
16,0,2026,2,16,5,5,0,26
16,4,2026,2,16,7,3,0,29
16,9,2026,2,16,8,3,6,26
16,13,2026,2,16,9,5,5,26
16,18,2026,2,16,10,5,11,20
16,21,2026,2,16,11,3,10,13
16,27,2026,2,16,10,5,1,17
16,32,2026,2,16,9,4,3,18
16,38,2026,2,16,8,5,2,21
16,41,2026,2,16,7,4,8,17
16,48,2026,2,16,5,5,11,11
17,0,2026,2,16,5,3,0,14
17,4,2026,2,16,7,4,0,18
17,9,2026,2,16,8,6,4,20
17,13,2026,2,16,9,2,4,18
17,18,2026,2,16,10,4,4,18
17,21,2026,2,16,11,5,9,14
17,27,2026,2,16,10,3,1,16
17,32,2026,2,16,9,4,2,18
17,38,2026,2,16,8,4,6,16
17,41,2026,2,16,7,4,2,18
17,48,2026,2,16,5,5,9,14
18,0,2026,2,16,5,2,0,16
18,4,2026,2,16,7,5,1,20
18,9,2026,2,16,8,3,3,20
18,13,2026,2,16,9,5,5,20
18,18,2026,2,16,10,4,2,22
18,21,2026,2,16,11,4,12,14
18,27,2026,2,16,10,6,0,20
18,32,2026,2,16,9,2,0,22
18,38,2026,2,16,8,6,4,24
18,41,2026,2,16,7,2,12,14
18,48,2026,2,16,5,4,9,9
19,0,2026,2,16,5,4,0,13
19,4,2026,2,16,7,4,1,16
19,9,2026,2,16,8,3,3,16
19,13,2026,2,16,9,6,4,18
19,18,2026,2,16,10,5,4,19
19,21,2026,2,16,11,5,7,17
19,27,2026,2,16,10,5,2,20
19,32,2026,2,16,9,5,4,21
19,38,2026,2,16,8,3,5,19
19,41,2026,2,16,7,3,7,15
19,48,2026,2,16,5,2,9,8
20,0,2026,2,16,5,3,0,11
20,4,2026,2,16,7,5,3,13
20,9,2026,2,16,8,6,2,17
20,13,2026,2,16,9,2,3,16
20,18,2026,2,16,10,6,6,16
20,21,2026,2,16,11,5,8,13
20,27,2026,2,16,10,2,1,14
20,32,2026,2,16,9,4,3,15
20,38,2026,2,16,8,4,2,17
20,41,2026,2,16,7,6,3,20
20,48,2026,2,16,5,5,8,17
21,0,2026,2,16,5,4,0,21
21,4,2026,2,16,7,6,2,25
21,9,2026,2,16,8,4,2,27
21,13,2026,2,16,9,3,7,23
21,18,2026,2,16,10,6,12,17
21,21,2026,2,16,11,2,6,13
21,27,2026,2,16,10,2,1,14
21,32,2026,2,16,9,5,0,19
21,38,2026,2,16,8,5,6,18
21,41,2026,2,16,7,3,2,19
21,48,2026,2,16,5,6,13,12
22,0,2026,2,16,5,4,0,16
22,4,2026,2,16,7,2,0,18
22,9,2026,2,16,8,5,5,18
22,13,2026,2,16,9,6,5,19
22,18,2026,2,16,10,3,6,16
22,21,2026,2,16,11,2,9,9
22,27,2026,2,16,10,5,0,14
22,32,2026,2,16,9,6,3,17
22,38,2026,2,16,8,5,4,18
22,41,2026,2,16,7,6,4,20
22,48,2026,2,16,5,5,6,19
23,0,2026,2,16,5,3,0,22
23,4,2026,2,16,7,5,2,25
23,9,2026,2,16,8,3,5,23
23,13,2026,2,16,9,3,5,21
23,18,2026,2,16,10,5,3,23
23,21,2026,2,16,11,3,14,12
23,27,2026,2,16,10,4,1,15
23,32,2026,2,16,9,2,5,12
23,38,2026,2,16,8,3,5,10
23,41,2026,2,16,7,3,4,9
23,48,2026,2,16,5,0,9,0
6,0,2026,2,17,5,19,0,19
6,4,2026,2,17,7,3,2,20
6,9,2026,2,17,8,7,3,24
6,13,2026,2,17,9,9,5,28
6,18,2026,2,17,10,7,10,25
6,21,2026,2,17,11,5,8,22
6,27,2026,2,17,10,11,0,33
6,32,2026,2,17,9,16,4,45
6,38,2026,2,17,8,19,10,54
6,41,2026,2,17,7,4,17,41
6,48,2026,2,17,5,16,20,37
7,0,2026,2,17,5,22,0,59
7,4,2026,2,17,7,3,24,38
7,9,2026,2,17,8,5,4,39
7,13,2026,2,17,9,17,8,48
7,18,2026,2,17,10,6,11,43
7,21,2026,2,17,11,15,16,42
7,27,2026,2,17,10,14,5,51
7,32,2026,2,17,9,7,8,50
7,38,2026,2,17,8,18,13,55
7,41,2026,2,17,7,5,20,40
7,48,2026,2,17,5,8,19,29
8,0,2026,2,17,5,22,0,51
8,4,2026,2,17,7,4,25,30
8,9,2026,2,17,8,10,2,38
8,13,2026,2,17,9,14,8,44
8,18,2026,2,17,10,16,10,50
8,21,2026,2,17,11,10,13,47
8,27,2026,2,17,10,9,4,52
8,32,2026,2,17,9,14,3,63
8,38,2026,2,17,8,7,12,58
8,41,2026,2,17,7,2,32,28
8,48,2026,2,17,5,12,14,26
9,0,2026,2,17,5,6,0,32
9,4,2026,2,17,7,3,10,25
9,9,2026,2,17,8,2,4,23
9,13,2026,2,17,9,5,2,26
9,18,2026,2,17,10,4,9,21
9,21,2026,2,17,11,3,11,13
9,27,2026,2,17,10,6,1,18
9,32,2026,2,17,9,2,2,18
9,38,2026,2,17,8,3,0,21
9,41,2026,2,17,7,4,20,5
9,48,2026,2,17,5,4,3,6
10,0,2026,2,17,5,2,0,8
10,4,2026,2,17,7,5,1,12
10,9,2026,2,17,8,3,2,13
10,13,2026,2,17,9,5,4,14
10,18,2026,2,17,10,2,3,13
10,21,2026,2,17,11,6,3,16
10,27,2026,2,17,10,3,2,17
10,32,2026,2,17,9,2,4,15
10,38,2026,2,17,8,3,3,15
10,41,2026,2,17,7,5,9,11
10,48,2026,2,17,5,5,6,10
11,0,2026,2,17,5,3,0,13
11,4,2026,2,17,7,2,3,12
11,9,2026,2,17,8,6,1,17
11,13,2026,2,17,9,4,4,17
11,18,2026,2,17,10,4,5,16
11,21,2026,2,17,11,2,6,12
11,27,2026,2,17,10,6,0,18
11,32,2026,2,17,9,3,2,19
11,38,2026,2,17,8,5,5,19
11,41,2026,2,17,7,5,7,17
11,48,2026,2,17,5,4,9,12
12,0,2026,2,17,5,6,0,18
12,4,2026,2,17,7,2,3,17
12,9,2026,2,17,8,3,1,19
12,13,2026,2,17,9,5,2,22
12,18,2026,2,17,10,6,11,17
12,21,2026,2,17,11,3,5,15
12,27,2026,2,17,10,2,0,17
12,32,2026,2,17,9,6,2,21
12,38,2026,2,17,8,3,6,18
12,41,2026,2,17,7,6,8,16
12,48,2026,2,17,5,2,8,10
13,0,2026,2,17,5,6,0,16
13,4,2026,2,17,7,26,2,40
13,9,2026,2,17,8,4,5,39
13,13,2026,2,17,9,5,13,31
13,18,2026,2,17,10,2,8,25
13,21,2026,2,17,11,2,14,13
13,27,2026,2,17,10,5,1,17
13,32,2026,2,17,9,5,3,19
13,38,2026,2,17,8,6,5,20
13,41,2026,2,17,7,8,5,23
13,48,2026,2,17,5,6,9,20
14,0,2026,2,17,5,2,0,22
14,4,2026,2,17,7,27,1,48
14,9,2026,2,17,8,5,11,42
14,13,2026,2,17,9,3,18,27
14,18,2026,2,17,10,6,7,26
14,21,2026,2,17,11,2,16,12
14,27,2026,2,17,10,5,0,17
14,32,2026,2,17,9,6,5,18
14,38,2026,2,17,8,3,3,18
14,41,2026,2,17,7,28,3,43
14,48,2026,2,17,5,6,21,28
15,0,2026,2,17,5,4,0,32
15,4,2026,2,17,7,9,1,40
15,9,2026,2,17,8,4,8,36
15,13,2026,2,17,9,3,9,30
15,18,2026,2,17,10,4,15,19
15,21,2026,2,17,11,5,17,7
15,27,2026,2,17,10,6,1,12
15,32,2026,2,17,9,2,0,14
15,38,2026,2,17,8,2,6,10
15,41,2026,2,17,7,12,1,21
15,48,2026,2,17,5,4,7,18
16,0,2026,2,17,5,6,0,24
16,4,2026,2,17,7,4,2,26
16,9,2026,2,17,8,4,5,25
16,13,2026,2,17,9,6,4,27
16,18,2026,2,17,10,5,10,22
16,21,2026,2,17,11,6,11,17
16,27,2026,2,17,10,2,1,18
16,32,2026,2,17,9,5,0,23
16,38,2026,2,17,8,6,6,23
16,41,2026,2,17,7,2,4,21
16,48,2026,2,17,5,3,14,10
17,0,2026,2,17,5,2,0,12
17,4,2026,2,17,7,2,1,13
17,9,2026,2,17,8,4,0,17
17,13,2026,2,17,9,4,4,17
17,18,2026,2,17,10,2,5,14
17,21,2026,2,17,11,5,9,10
17,27,2026,2,17,10,5,2,13
17,32,2026,2,17,9,4,4,13
17,38,2026,2,17,8,4,0,17
17,41,2026,2,17,7,2,5,14
17,48,2026,2,17,5,6,6,14
18,0,2026,2,17,5,5,0,19
18,4,2026,2,17,7,5,0,24
18,9,2026,2,17,8,6,6,24
18,13,2026,2,17,9,4,4,24
18,18,2026,2,17,10,5,11,18
18,21,2026,2,17,11,6,11,13
18,27,2026,2,17,10,5,0,18
18,32,2026,2,17,9,5,2,21
18,38,2026,2,17,8,2,7,16
18,41,2026,2,17,7,5,7,14
18,48,2026,2,17,5,4,7,11
19,0,2026,2,17,5,4,0,15
19,4,2026,2,17,7,4,1,18
19,9,2026,2,17,8,2,4,16
19,13,2026,2,17,9,6,4,18
19,18,2026,2,17,10,5,4,19
19,21,2026,2,17,11,4,12,11
19,27,2026,2,17,10,3,2,12
19,32,2026,2,17,9,4,1,15
19,38,2026,2,17,8,2,4,13
19,41,2026,2,17,7,5,7,11
19,48,2026,2,17,5,4,4,11
20,0,2026,2,17,5,2,0,13
20,4,2026,2,17,7,3,1,15
20,9,2026,2,17,8,3,3,15
20,13,2026,2,17,9,4,6,13
20,18,2026,2,17,10,3,6,10
20,21,2026,2,17,11,2,4,8
20,27,2026,2,17,10,2,2,8
20,32,2026,2,17,9,2,0,10
20,38,2026,2,17,8,2,5,7
20,41,2026,2,17,7,6,1,12
20,48,2026,2,17,5,2,6,8
21,0,2026,2,17,5,6,0,14
21,4,2026,2,17,7,6,2,18
21,9,2026,2,17,8,2,4,16
21,13,2026,2,17,9,6,6,16
21,18,2026,2,17,10,5,3,18
21,21,2026,2,17,11,2,11,9
21,27,2026,2,17,10,2,1,10
21,32,2026,2,17,9,6,3,13
21,38,2026,2,17,8,6,1,18
21,41,2026,2,17,7,5,3,20
21,48,2026,2,17,5,6,5,21
22,0,2026,2,17,5,2,0,23
22,4,2026,2,17,7,6,1,28
22,9,2026,2,17,8,3,3,28
22,13,2026,2,17,9,4,7,25
22,18,2026,2,17,10,2,11,16
22,21,2026,2,17,11,5,10,11
22,27,2026,2,17,10,4,2,13
22,32,2026,2,17,9,6,2,17
22,38,2026,2,17,8,2,6,13
22,41,2026,2,17,7,2,3,12
22,48,2026,2,17,5,4,7,9
23,0,2026,2,17,5,4,0,13
23,4,2026,2,17,7,5,1,17
23,9,2026,2,17,8,6,4,19
23,13,2026,2,17,9,5,5,19
23,18,2026,2,17,10,6,5,20
23,21,2026,2,17,11,4,13,11
23,27,2026,2,17,10,6,1,16
23,32,2026,2,17,9,3,1,18
23,38,2026,2,17,8,6,7,17
23,41,2026,2,17,7,3,8,12
23,48,2026,2,17,5,0,12,0
6,0,2026,2,18,5,15,0,15
6,4,2026,2,18,7,5,2,18
6,9,2026,2,18,8,19,1,36
6,13,2026,2,18,9,22,3,55
6,18,2026,2,18,10,17,12,60
6,21,2026,2,18,11,12,20,52
6,27,2026,2,18,10,12,3,61
6,32,2026,2,18,9,11,9,63
6,38,2026,2,18,8,17,17,63
6,41,2026,2,18,7,4,24,43
6,48,2026,2,18,5,20,21,42
7,0,2026,2,18,5,17,0,59
7,4,2026,2,18,7,2,26,35
7,9,2026,2,18,8,21,4,52
7,13,2026,2,18,9,19,12,59
7,18,2026,2,18,10,15,9,65
7,21,2026,2,18,11,12,18,59
7,27,2026,2,18,10,10,3,66
7,32,2026,2,18,9,8,8,66
7,38,2026,2,18,8,14,14,66
7,41,2026,2,18,7,2,30,38
7,48,2026,2,18,5,21,21,38
8,0,2026,2,18,5,10,0,48
8,4,2026,2,18,7,3,19,32
8,9,2026,2,18,8,19,4,47
8,13,2026,2,18,9,6,10,43
8,18,2026,2,18,10,9,13,39
8,21,2026,2,18,11,12,10,41
8,27,2026,2,18,10,7,2,46
8,32,2026,2,18,9,8,4,50
8,38,2026,2,18,8,15,9,56
8,41,2026,2,18,7,4,26,34
8,48,2026,2,18,5,10,9,35
9,0,2026,2,18,5,2,0,37
9,4,2026,2,18,7,3,9,31
9,9,2026,2,18,8,3,0,34
9,13,2026,2,18,9,5,10,29
9,18,2026,2,18,10,6,13,22
9,21,2026,2,18,11,6,12,16
9,27,2026,2,18,10,2,0,18
9,32,2026,2,18,9,5,2,21
9,38,2026,2,18,8,5,2,24
9,41,2026,2,18,7,4,22,6
9,48,2026,2,18,5,6,2,10
10,0,2026,2,18,5,2,0,12
10,4,2026,2,18,7,2,0,14
10,9,2026,2,18,8,2,3,13
10,13,2026,2,18,9,6,2,17
10,18,2026,2,18,10,6,7,16
10,21,2026,2,18,11,6,7,15
10,27,2026,2,18,10,5,1,19
10,32,2026,2,18,9,4,4,19
10,38,2026,2,18,8,5,3,21
10,41,2026,2,18,7,5,8,18
10,48,2026,2,18,5,5,5,18
11,0,2026,2,18,5,5,0,23
11,4,2026,2,18,7,4,3,24
11,9,2026,2,18,8,5,3,26
11,13,2026,2,18,9,4,9,21
11,18,2026,2,18,10,2,6,17
11,21,2026,2,18,11,6,10,13
11,27,2026,2,18,10,5,0,18
11,32,2026,2,18,9,2,2,18
11,38,2026,2,18,8,5,6,17
11,41,2026,2,18,7,3,8,12
11,48,2026,2,18,5,3,7,8
12,0,2026,2,18,5,3,0,11
12,4,2026,2,18,7,6,1,16
12,9,2026,2,18,8,2,3,15
12,13,2026,2,18,9,4,4,15
12,18,2026,2,18,10,3,6,12
12,21,2026,2,18,11,3,4,11
12,27,2026,2,18,10,6,1,16
12,32,2026,2,18,9,6,2,20
12,38,2026,2,18,8,5,4,21
12,41,2026,2,18,7,5,6,20
12,48,2026,2,18,5,2,9,13
13,0,2026,2,18,5,4,0,17
13,4,2026,2,18,7,18,1,34
13,9,2026,2,18,8,6,9,31
13,13,2026,2,18,9,6,7,30
13,18,2026,2,18,10,4,11,23
13,21,2026,2,18,11,4,13,14
13,27,2026,2,18,10,5,0,19
13,32,2026,2,18,9,6,2,23
13,38,2026,2,18,8,4,3,24
13,41,2026,2,18,7,30,7,47
13,48,2026,2,18,5,4,20,31
14,0,2026,2,18,5,3,0,34
14,4,2026,2,18,7,10,2,42
14,9,2026,2,18,8,6,9,39
14,13,2026,2,18,9,5,11,33
14,18,2026,2,18,10,5,11,27
14,21,2026,2,18,11,4,18,13
14,27,2026,2,18,10,2,1,14
14,32,2026,2,18,9,6,2,18
14,38,2026,2,18,8,3,5,16
14,41,2026,2,18,7,19,4,31
14,48,2026,2,18,5,5,14,22
15,0,2026,2,18,5,6,0,28
15,4,2026,2,18,7,22,2,48
15,9,2026,2,18,8,5,16,37
15,13,2026,2,18,9,2,9,30
15,18,2026,2,18,10,5,9,26
15,21,2026,2,18,11,6,14,18
15,27,2026,2,18,10,6,1,23
15,32,2026,2,18,9,2,5,20
15,38,2026,2,18,8,6,2,24
15,41,2026,2,18,7,17,7,34
15,48,2026,2,18,5,4,15,23
16,0,2026,2,18,5,2,0,25
16,4,2026,2,18,7,5,1,29
16,9,2026,2,18,8,6,10,25
16,13,2026,2,18,9,5,4,26
16,18,2026,2,18,10,2,13,15
16,21,2026,2,18,11,5,7,13
16,27,2026,2,18,10,6,1,18
16,32,2026,2,18,9,6,2,22
16,38,2026,2,18,8,3,5,20
16,41,2026,2,18,7,3,10,13
16,48,2026,2,18,5,5,8,10
17,0,2026,2,18,5,3,0,13
17,4,2026,2,18,7,4,0,17
17,9,2026,2,18,8,4,5,16
17,13,2026,2,18,9,5,3,18
17,18,2026,2,18,10,2,6,14
17,21,2026,2,18,11,5,8,11
17,27,2026,2,18,10,3,0,14
17,32,2026,2,18,9,2,3,13
17,38,2026,2,18,8,5,4,14
17,41,2026,2,18,7,5,8,11
17,48,2026,2,18,5,5,5,11
18,0,2026,2,18,5,5,0,16
18,4,2026,2,18,7,5,3,18
18,9,2026,2,18,8,6,4,20
18,13,2026,2,18,9,5,8,17
18,18,2026,2,18,10,3,6,14
18,21,2026,2,18,11,5,5,14
18,27,2026,2,18,10,3,2,15
18,32,2026,2,18,9,3,2,16
18,38,2026,2,18,8,2,4,14
18,41,2026,2,18,7,3,9,8
18,48,2026,2,18,5,3,3,8
19,0,2026,2,18,5,3,0,11
19,4,2026,2,18,7,4,0,15
19,9,2026,2,18,8,4,5,14
19,13,2026,2,18,9,4,2,16
19,18,2026,2,18,10,3,8,11
19,21,2026,2,18,11,6,6,11
19,27,2026,2,18,10,2,1,12
19,32,2026,2,18,9,5,1,16
19,38,2026,2,18,8,3,3,16
19,41,2026,2,18,7,2,12,6
19,48,2026,2,18,5,3,1,8
20,0,2026,2,18,5,5,0,13
20,4,2026,2,18,7,5,1,17
20,9,2026,2,18,8,5,2,20
20,13,2026,2,18,9,3,5,18
20,18,2026,2,18,10,5,6,17
20,21,2026,2,18,11,3,4,16
20,27,2026,2,18,10,5,0,21
20,32,2026,2,18,9,5,0,26
20,38,2026,2,18,8,3,6,23
20,41,2026,2,18,7,3,8,18
20,48,2026,2,18,5,5,11,12
21,0,2026,2,18,5,6,0,18
21,4,2026,2,18,7,3,3,18
21,9,2026,2,18,8,3,3,18
21,13,2026,2,18,9,4,3,19
21,18,2026,2,18,10,2,6,15
21,21,2026,2,18,11,6,9,12
21,27,2026,2,18,10,5,3,14
21,32,2026,2,18,9,6,2,18
21,38,2026,2,18,8,5,2,21
21,41,2026,2,18,7,4,8,17
21,48,2026,2,18,5,4,5,16
22,0,2026,2,18,5,6,0,22
22,4,2026,2,18,7,5,2,25
22,9,2026,2,18,8,4,3,26
22,13,2026,2,18,9,4,5,25
22,18,2026,2,18,10,2,9,18
22,21,2026,2,18,11,2,11,9
22,27,2026,2,18,10,4,0,13
22,32,2026,2,18,9,3,0,16
22,38,2026,2,18,8,6,6,16
22,41,2026,2,18,7,2,10,8
22,48,2026,2,18,5,2,4,6
23,0,2026,2,18,5,5,0,11
23,4,2026,2,18,7,6,3,14
23,9,2026,2,18,8,2,3,13
23,13,2026,2,18,9,4,6,11
23,18,2026,2,18,10,4,6,9
23,21,2026,2,18,11,5,6,8
23,27,2026,2,18,10,6,1,13
23,32,2026,2,18,9,4,3,14
23,38,2026,2,18,8,2,7,9
23,41,2026,2,18,7,2,4,7
23,48,2026,2,18,5,0,7,0
6,0,2026,2,19,5,18,0,18
6,4,2026,2,19,7,6,7,17
6,9,2026,2,19,8,12,4,25
6,13,2026,2,19,9,12,4,33
6,18,2026,2,19,10,6,7,32
6,21,2026,2,19,11,9,14,27
6,27,2026,2,19,10,9,2,34
6,32,2026,2,19,9,15,4,45
6,38,2026,2,19,8,6,12,39
6,41,2026,2,19,7,4,11,32
6,48,2026,2,19,5,13,19,26
7,0,2026,2,19,5,11,0,37
7,4,2026,2,19,7,1,16,22
7,9,2026,2,19,8,22,2,42
7,13,2026,2,19,9,6,6,42
7,18,2026,2,19,10,8,7,43
7,21,2026,2,19,11,19,8,54
7,27,2026,2,19,10,18,6,66
7,32,2026,2,19,9,14,14,66
7,38,2026,2,19,8,13,13,66
7,41,2026,2,19,7,5,24,47
7,48,2026,2,19,5,14,22,39
8,0,2026,2,19,5,15,0,54
8,4,2026,2,19,7,3,22,35
8,9,2026,2,19,8,6,3,38
8,13,2026,2,19,9,5,8,35
8,18,2026,2,19,10,9,6,38
8,21,2026,2,19,11,16,19,35
8,27,2026,2,19,10,19,0,54
8,32,2026,2,19,9,6,5,55
8,38,2026,2,19,8,6,9,52
8,41,2026,2,19,7,4,27,29
8,48,2026,2,19,5,14,11,32
9,0,2026,2,19,5,3,0,35
9,4,2026,2,19,7,5,11,29
9,9,2026,2,19,8,4,4,29
9,13,2026,2,19,9,4,4,29
9,18,2026,2,19,10,3,7,25
9,21,2026,2,19,11,5,14,16
9,27,2026,2,19,10,4,0,20
9,32,2026,2,19,9,5,0,25
9,38,2026,2,19,8,2,1,26
9,41,2026,2,19,7,5,20,11
9,48,2026,2,19,5,5,5,11
10,0,2026,2,19,5,3,0,14
10,4,2026,2,19,7,4,3,15
10,9,2026,2,19,8,2,4,13
10,13,2026,2,19,9,6,3,16
10,18,2026,2,19,10,3,7,12
10,21,2026,2,19,11,5,3,14
10,27,2026,2,19,10,3,1,16
10,32,2026,2,19,9,2,1,17
10,38,2026,2,19,8,5,5,17
10,41,2026,2,19,7,2,6,13
10,48,2026,2,19,5,4,8,9
11,0,2026,2,19,5,6,0,15
11,4,2026,2,19,7,5,1,19
11,9,2026,2,19,8,6,6,19
11,13,2026,2,19,9,2,5,16
11,18,2026,2,19,10,5,2,19
11,21,2026,2,19,11,4,10,13
11,27,2026,2,19,10,6,0,19
11,32,2026,2,19,9,3,3,19
11,38,2026,2,19,8,4,5,18
11,41,2026,2,19,7,4,6,16
11,48,2026,2,19,5,4,7,13
12,0,2026,2,19,5,3,0,16
12,4,2026,2,19,7,3,1,18
12,9,2026,2,19,8,3,5,16
12,13,2026,2,19,9,2,6,12
12,18,2026,2,19,10,4,4,12
12,21,2026,2,19,11,4,4,12
12,27,2026,2,19,10,5,0,17
12,32,2026,2,19,9,5,2,20
12,38,2026,2,19,8,2,6,16
12,41,2026,2,19,7,5,3,18
12,48,2026,2,19,5,6,14,10
13,0,2026,2,19,5,4,0,14
13,4,2026,2,19,7,26,0,40
13,9,2026,2,19,8,5,8,37
13,13,2026,2,19,9,6,8,35
13,18,2026,2,19,10,2,12,25
13,21,2026,2,19,11,2,14,13
13,27,2026,2,19,10,4,2,15
13,32,2026,2,19,9,5,1,19
13,38,2026,2,19,8,3,5,17
13,41,2026,2,19,7,17,2,32
13,48,2026,2,19,5,4,11,25
14,0,2026,2,19,5,2,0,27
14,4,2026,2,19,7,31,2,56
14,9,2026,2,19,8,4,16,44
14,13,2026,2,19,9,3,17,30
14,18,2026,2,19,10,5,10,25
14,21,2026,2,19,11,4,13,16
14,27,2026,2,19,10,6,0,22
14,32,2026,2,19,9,6,5,23
14,38,2026,2,19,8,4,8,19
14,41,2026,2,19,7,12,7,24
14,48,2026,2,19,5,2,7,19
15,0,2026,2,19,5,4,0,23
15,4,2026,2,19,7,25,2,46
15,9,2026,2,19,8,5,7,44
15,13,2026,2,19,9,3,11,36
15,18,2026,2,19,10,4,14,26
15,21,2026,2,19,11,6,19,13
15,27,2026,2,19,10,5,1,17
15,32,2026,2,19,9,6,1,22
15,38,2026,2,19,8,4,7,19
15,41,2026,2,19,7,9,4,24
15,48,2026,2,19,5,5,11,18
16,0,2026,2,19,5,2,0,20
16,4,2026,2,19,7,6,1,25
16,9,2026,2,19,8,2,7,20
16,13,2026,2,19,9,6,3,23
16,18,2026,2,19,10,6,9,20
16,21,2026,2,19,11,5,12,13
16,27,2026,2,19,10,2,2,13
16,32,2026,2,19,9,6,2,17
16,38,2026,2,19,8,5,6,16
16,41,2026,2,19,7,6,2,20
16,48,2026,2,19,5,3,9,14
17,0,2026,2,19,5,4,0,18
17,4,2026,2,19,7,2,2,18
17,9,2026,2,19,8,3,3,18
17,13,2026,2,19,9,4,3,19
17,18,2026,2,19,10,4,8,15
17,21,2026,2,19,11,2,7,10
17,27,2026,2,19,10,6,0,16
17,32,2026,2,19,9,2,2,16
17,38,2026,2,19,8,6,2,20
17,41,2026,2,19,7,5,6,19
17,48,2026,2,19,5,5,9,15
18,0,2026,2,19,5,6,0,21
18,4,2026,2,19,7,6,1,26
18,9,2026,2,19,8,2,2,26
18,13,2026,2,19,9,2,8,20
18,18,2026,2,19,10,2,9,13
18,21,2026,2,19,11,5,11,7
18,27,2026,2,19,10,6,1,12
18,32,2026,2,19,9,5,0,17
18,38,2026,2,19,8,3,6,14
18,41,2026,2,19,7,4,4,14
18,48,2026,2,19,5,5,4,15
19,0,2026,2,19,5,2,0,17
19,4,2026,2,19,7,6,2,21
19,9,2026,2,19,8,4,5,20
19,13,2026,2,19,9,2,5,17
19,18,2026,2,19,10,2,3,16
19,21,2026,2,19,11,3,11,8
19,27,2026,2,19,10,4,0,12
19,32,2026,2,19,9,5,1,16
19,38,2026,2,19,8,5,1,20
19,41,2026,2,19,7,3,4,19
19,48,2026,2,19,5,4,8,15
20,0,2026,2,19,5,6,0,21
20,4,2026,2,19,7,6,1,26
20,9,2026,2,19,8,2,4,24
20,13,2026,2,19,9,6,4,26
20,18,2026,2,19,10,5,10,21
20,21,2026,2,19,11,6,10,17
20,27,2026,2,19,10,4,2,19
20,32,2026,2,19,9,2,1,20
20,38,2026,2,19,8,5,7,18
20,41,2026,2,19,7,2,7,13
20,48,2026,2,19,5,2,10,5
21,0,2026,2,19,5,6,0,11
21,4,2026,2,19,7,4,0,15
21,9,2026,2,19,8,3,2,16
21,13,2026,2,19,9,6,6,16
21,18,2026,2,19,10,4,5,15
21,21,2026,2,19,11,5,7,13
21,27,2026,2,19,10,5,0,18
21,32,2026,2,19,9,5,1,22
21,38,2026,2,19,8,5,6,21
21,41,2026,2,19,7,3,11,13
21,48,2026,2,19,5,3,7,9
22,0,2026,2,19,5,4,0,13
22,4,2026,2,19,7,6,1,18
22,9,2026,2,19,8,3,2,19
22,13,2026,2,19,9,5,7,17
22,18,2026,2,19,10,2,4,15
22,21,2026,2,19,11,2,9,8
22,27,2026,2,19,10,6,1,13
22,32,2026,2,19,9,5,4,14
22,38,2026,2,19,8,6,3,17
22,41,2026,2,19,7,6,4,19
22,48,2026,2,19,5,4,8,15
23,0,2026,2,19,5,2,0,17
23,4,2026,2,19,7,5,1,21
23,9,2026,2,19,8,6,3,24
23,13,2026,2,19,9,4,6,22
23,18,2026,2,19,10,2,5,19
23,21,2026,2,19,11,2,8,13
23,27,2026,2,19,10,4,1,16
23,32,2026,2,19,9,6,2,20
23,38,2026,2,19,8,5,4,21
23,41,2026,2,19,7,5,10,16
23,48,2026,2,19,5,0,16,0
6,0,2026,2,20,5,9,0,9
6,4,2026,2,20,7,3,2,10
6,9,2026,2,20,8,12,3,19
6,13,2026,2,20,9,20,2,37
6,18,2026,2,20,10,22,11,48
6,21,2026,2,20,11,10,12,46
6,27,2026,2,20,10,20,0,66
6,32,2026,2,20,9,9,9,66
6,38,2026,2,20,8,20,20,66
6,41,2026,2,20,7,6,21,51
6,48,2026,2,20,5,21,22,50
7,0,2026,2,20,5,16,0,66
7,4,2026,2,20,7,5,26,45
7,9,2026,2,20,8,11,4,52
7,13,2026,2,20,9,8,13,47
7,18,2026,2,20,10,11,8,50
7,21,2026,2,20,11,10,20,40
7,27,2026,2,20,10,14,1,53
7,32,2026,2,20,9,19,6,66
7,38,2026,2,20,8,10,10,66
7,41,2026,2,20,7,1,22,45
7,48,2026,2,20,5,11,23,33
8,0,2026,2,20,5,7,0,40
8,4,2026,2,20,7,4,16,28
8,9,2026,2,20,8,17,1,44
8,13,2026,2,20,9,8,3,49
8,18,2026,2,20,10,11,8,52
8,21,2026,2,20,11,15,20,47
8,27,2026,2,20,10,9,2,54
8,32,2026,2,20,9,8,5,57
8,38,2026,2,20,8,22,13,66
8,41,2026,2,20,7,3,26,43
8,48,2026,2,20,5,7,22,28
9,0,2026,2,20,5,4,0,32
9,4,2026,2,20,7,2,8,26
9,9,2026,2,20,8,2,2,26
9,13,2026,2,20,9,4,4,26
9,18,2026,2,20,10,2,9,19
9,21,2026,2,20,11,5,12,12
9,27,2026,2,20,10,6,1,17
9,32,2026,2,20,9,4,0,21
9,38,2026,2,20,8,4,0,25
9,41,2026,2,20,7,3,20,8
9,48,2026,2,20,5,5,3,10
10,0,2026,2,20,5,5,0,15
10,4,2026,2,20,7,4,2,17
10,9,2026,2,20,8,4,4,17
10,13,2026,2,20,9,2,7,12
10,18,2026,2,20,10,3,3,12
10,21,2026,2,20,11,6,6,12
10,27,2026,2,20,10,3,1,14
10,32,2026,2,20,9,6,1,19
10,38,2026,2,20,8,6,5,20
10,41,2026,2,20,7,2,7,15
10,48,2026,2,20,5,4,7,12
11,0,2026,2,20,5,4,0,16
11,4,2026,2,20,7,6,0,22
11,9,2026,2,20,8,3,5,20
11,13,2026,2,20,9,3,4,19
11,18,2026,2,20,10,4,6,17
11,21,2026,2,20,11,6,11,12
11,27,2026,2,20,10,2,0,14
11,32,2026,2,20,9,3,4,13
11,38,2026,2,20,8,2,3,12
11,41,2026,2,20,7,3,3,12
11,48,2026,2,20,5,3,7,8
12,0,2026,2,20,5,5,0,13
12,4,2026,2,20,7,6,2,17
12,9,2026,2,20,8,5,4,18
12,13,2026,2,20,9,5,4,19
12,18,2026,2,20,10,5,6,18
12,21,2026,2,20,11,2,8,12
12,27,2026,2,20,10,2,2,12
12,32,2026,2,20,9,5,0,17
12,38,2026,2,20,8,4,2,19
12,41,2026,2,20,7,4,5,18
12,48,2026,2,20,5,2,7,13
13,0,2026,2,20,5,3,0,16
13,4,2026,2,20,7,7,1,22
13,9,2026,2,20,8,6,2,26
13,13,2026,2,20,9,6,5,27
13,18,2026,2,20,10,2,10,19
13,21,2026,2,20,11,5,9,15
13,27,2026,2,20,10,3,0,18
13,32,2026,2,20,9,4,1,21
13,38,2026,2,20,8,3,3,21
13,41,2026,2,20,7,10,4,27
13,48,2026,2,20,5,2,14,15
14,0,2026,2,20,5,6,0,21
14,4,2026,2,20,7,12,0,33
14,9,2026,2,20,8,6,6,33
14,13,2026,2,20,9,5,10,28
14,18,2026,2,20,10,3,10,21
14,21,2026,2,20,11,3,10,14
14,27,2026,2,20,10,6,1,19
14,32,2026,2,20,9,3,1,21
14,38,2026,2,20,8,4,5,20
14,41,2026,2,20,7,15,5,30
14,48,2026,2,20,5,2,14,18
15,0,2026,2,20,5,2,0,20
15,4,2026,2,20,7,27,1,46
15,9,2026,2,20,8,2,9,39
15,13,2026,2,20,9,2,12,29
15,18,2026,2,20,10,4,10,23
15,21,2026,2,20,11,2,16,9
15,27,2026,2,20,10,3,1,11
15,32,2026,2,20,9,5,4,12
15,38,2026,2,20,8,4,5,11
15,41,2026,2,20,7,8,1,18
15,48,2026,2,20,5,5,8,15
16,0,2026,2,20,5,5,0,20
16,4,2026,2,20,7,2,4,18
16,9,2026,2,20,8,2,4,16
16,13,2026,2,20,9,3,5,14
16,18,2026,2,20,10,2,6,10
16,21,2026,2,20,11,6,6,10
16,27,2026,2,20,10,2,0,12
16,32,2026,2,20,9,5,3,14
16,38,2026,2,20,8,5,5,14
16,41,2026,2,20,7,3,4,13
16,48,2026,2,20,5,5,7,11
17,0,2026,2,20,5,4,0,15
17,4,2026,2,20,7,2,0,17
17,9,2026,2,20,8,2,1,18
17,13,2026,2,20,9,3,5,16
17,18,2026,2,20,10,2,5,13
17,21,2026,2,20,11,5,9,9
17,27,2026,2,20,10,5,1,13
17,32,2026,2,20,9,2,3,12
17,38,2026,2,20,8,5,4,13
17,41,2026,2,20,7,6,5,14
17,48,2026,2,20,5,2,3,13
18,0,2026,2,20,5,5,0,18
18,4,2026,2,20,7,2,1,19
18,9,2026,2,20,8,2,4,17
18,13,2026,2,20,9,3,6,14
18,18,2026,2,20,10,4,7,11
18,21,2026,2,20,11,6,7,10
18,27,2026,2,20,10,6,3,13
18,32,2026,2,20,9,4,1,16
18,38,2026,2,20,8,5,3,18
18,41,2026,2,20,7,2,3,17
18,48,2026,2,20,5,2,7,12
19,0,2026,2,20,5,2,0,14
19,4,2026,2,20,7,3,0,17
19,9,2026,2,20,8,4,2,19
19,13,2026,2,20,9,5,5,19
19,18,2026,2,20,10,5,9,15
19,21,2026,2,20,11,2,7,10
19,27,2026,2,20,10,2,1,11
19,32,2026,2,20,9,2,2,11
19,38,2026,2,20,8,3,2,12
19,41,2026,2,20,7,5,2,15
19,48,2026,2,20,5,3,6,12
20,0,2026,2,20,5,2,0,14
20,4,2026,2,20,7,5,1,18
20,9,2026,2,20,8,3,6,15
20,13,2026,2,20,9,3,5,13
20,18,2026,2,20,10,2,7,8
20,21,2026,2,20,11,6,2,12
20,27,2026,2,20,10,4,0,16
20,32,2026,2,20,9,6,5,17
20,38,2026,2,20,8,5,3,19
20,41,2026,2,20,7,6,6,19
20,48,2026,2,20,5,2,11,10
21,0,2026,2,20,5,3,0,13
21,4,2026,2,20,7,3,1,15
21,9,2026,2,20,8,5,4,16
21,13,2026,2,20,9,2,6,12
21,18,2026,2,20,10,4,5,11
21,21,2026,2,20,11,3,5,9
21,27,2026,2,20,10,5,1,13
21,32,2026,2,20,9,6,1,18
21,38,2026,2,20,8,2,3,17
21,41,2026,2,20,7,2,8,11
21,48,2026,2,20,5,4,7,8
22,0,2026,2,20,5,3,0,11
22,4,2026,2,20,7,5,1,15
22,9,2026,2,20,8,4,5,14
22,13,2026,2,20,9,6,3,17
22,18,2026,2,20,10,2,4,15
22,21,2026,2,20,11,6,12,9
22,27,2026,2,20,10,4,0,13
22,32,2026,2,20,9,5,4,14
22,38,2026,2,20,8,4,1,17
22,41,2026,2,20,7,2,5,14
22,48,2026,2,20,5,5,8,11
23,0,2026,2,20,5,4,0,15
23,4,2026,2,20,7,2,2,15
23,9,2026,2,20,8,5,4,16
23,13,2026,2,20,9,4,3,17
23,18,2026,2,20,10,5,6,16
23,21,2026,2,20,11,3,8,11
23,27,2026,2,20,10,4,0,15
23,32,2026,2,20,9,6,2,19
23,38,2026,2,20,8,3,3,19
23,41,2026,2,20,7,3,10,12
23,48,2026,2,20,5,0,12,0
6,0,2026,2,21,5,5,0,5
6,4,2026,2,21,7,2,1,6
6,9,2026,2,21,8,18,1,23
6,13,2026,2,21,9,17,8,32
6,18,2026,2,21,10,11,10,33
6,21,2026,2,21,11,13,11,35
6,27,2026,2,21,10,17,3,49
6,32,2026,2,21,9,6,11,44
6,38,2026,2,21,8,8,13,39
6,41,2026,2,21,7,2,17,24
6,48,2026,2,21,5,21,7,38
7,0,2026,2,21,5,6,0,44
7,4,2026,2,21,7,4,20,28
7,9,2026,2,21,8,5,4,29
7,13,2026,2,21,9,17,3,43
7,18,2026,2,21,10,15,8,50
7,21,2026,2,21,11,8,17,41
7,27,2026,2,21,10,22,2,61
7,32,2026,2,21,9,13,8,66
7,38,2026,2,21,8,9,12,63
7,41,2026,2,21,7,2,25,40
7,48,2026,2,21,5,6,12,34
8,0,2026,2,21,5,12,0,46
8,4,2026,2,21,7,2,13,35
8,9,2026,2,21,8,18,2,51
8,13,2026,2,21,9,7,5,53
8,18,2026,2,21,10,18,11,60
8,21,2026,2,21,11,9,20,49
8,27,2026,2,21,10,15,2,62
8,32,2026,2,21,9,7,6,63
8,38,2026,2,21,8,12,9,66
8,41,2026,2,21,7,1,33,34
8,48,2026,2,21,5,9,21,22
9,0,2026,2,21,5,6,0,28
9,4,2026,2,21,7,1,13,16
9,9,2026,2,21,8,3,0,19
9,13,2026,2,21,9,6,5,20
9,18,2026,2,21,10,6,5,21
9,21,2026,2,21,11,6,8,19
9,27,2026,2,21,10,4,0,23
9,32,2026,2,21,9,6,1,28
9,38,2026,2,21,8,2,0,30
9,41,2026,2,21,7,2,25,7
9,48,2026,2,21,5,3,2,8
10,0,2026,2,21,5,3,0,11
10,4,2026,2,21,7,6,0,17
10,9,2026,2,21,8,6,6,17
10,13,2026,2,21,9,4,4,17
10,18,2026,2,21,10,4,5,16
10,21,2026,2,21,11,4,11,9
10,27,2026,2,21,10,2,3,8
10,32,2026,2,21,9,4,0,12
10,38,2026,2,21,8,6,3,15
10,41,2026,2,21,7,5,7,13
10,48,2026,2,21,5,4,3,14
11,0,2026,2,21,5,3,0,17
11,4,2026,2,21,7,3,2,18
11,9,2026,2,21,8,4,3,19
11,13,2026,2,21,9,2,5,16
11,18,2026,2,21,10,3,6,13
11,21,2026,2,21,11,4,9,8
11,27,2026,2,21,10,5,0,13
11,32,2026,2,21,9,3,4,12
11,38,2026,2,21,8,4,3,13
11,41,2026,2,21,7,4,5,12
11,48,2026,2,21,5,2,5,9
12,0,2026,2,21,5,5,0,14
12,4,2026,2,21,7,3,2,15
12,9,2026,2,21,8,2,3,14
12,13,2026,2,21,9,2,3,13
12,18,2026,2,21,10,3,8,8
12,21,2026,2,21,11,6,5,9
12,27,2026,2,21,10,2,1,10
12,32,2026,2,21,9,5,3,12
12,38,2026,2,21,8,4,1,15
12,41,2026,2,21,7,2,5,12
12,48,2026,2,21,5,3,5,10
13,0,2026,2,21,5,2,0,12
13,4,2026,2,21,7,13,1,24
13,9,2026,2,21,8,3,3,24
13,13,2026,2,21,9,3,6,21
13,18,2026,2,21,10,6,7,20
13,21,2026,2,21,11,4,7,17
13,27,2026,2,21,10,6,1,22
13,32,2026,2,21,9,6,4,24
13,38,2026,2,21,8,5,8,21
13,41,2026,2,21,7,25,4,42
13,48,2026,2,21,5,5,15,32
14,0,2026,2,21,5,4,0,36
14,4,2026,2,21,7,29,0,65
14,9,2026,2,21,8,4,11,58
14,13,2026,2,21,9,4,15,47
14,18,2026,2,21,10,4,20,31
14,21,2026,2,21,11,2,20,13
14,27,2026,2,21,10,4,0,17
14,32,2026,2,21,9,5,1,21
14,38,2026,2,21,8,6,8,19
14,41,2026,2,21,7,29,7,41
14,48,2026,2,21,5,6,10,37
15,0,2026,2,21,5,2,0,39
15,4,2026,2,21,7,19,1,57
15,9,2026,2,21,8,5,8,54
15,13,2026,2,21,9,2,17,39
15,18,2026,2,21,10,2,13,28
15,21,2026,2,21,11,6,20,14
15,27,2026,2,21,10,3,0,17
15,32,2026,2,21,9,5,1,21
15,38,2026,2,21,8,2,4,19
15,41,2026,2,21,7,30,2,47
15,48,2026,2,21,5,4,19,32
16,0,2026,2,21,5,4,0,36
16,4,2026,2,21,7,2,2,36
16,9,2026,2,21,8,6,4,38
16,13,2026,2,21,9,5,9,34
16,18,2026,2,21,10,6,8,32
16,21,2026,2,21,11,3,21,14
16,27,2026,2,21,10,3,0,17
16,32,2026,2,21,9,3,1,19
16,38,2026,2,21,8,6,6,19
16,41,2026,2,21,7,6,7,18
16,48,2026,2,21,5,5,7,16
17,0,2026,2,21,5,3,0,19
17,4,2026,2,21,7,6,3,22
17,9,2026,2,21,8,6,5,23
17,13,2026,2,21,9,2,5,20
17,18,2026,2,21,10,6,4,22
17,21,2026,2,21,11,2,12,12
17,27,2026,2,21,10,6,0,18
17,32,2026,2,21,9,3,4,17
17,38,2026,2,21,8,2,6,13
17,41,2026,2,21,7,5,5,13
17,48,2026,2,21,5,5,5,13
18,0,2026,2,21,5,3,0,16
18,4,2026,2,21,7,5,3,18
18,9,2026,2,21,8,5,1,22
18,13,2026,2,21,9,4,7,19
18,18,2026,2,21,10,6,2,23
18,21,2026,2,21,11,3,14,12
18,27,2026,2,21,10,2,0,14
18,32,2026,2,21,9,2,3,13
18,38,2026,2,21,8,2,3,12
18,41,2026,2,21,7,2,3,11
18,48,2026,2,21,5,6,6,11
19,0,2026,2,21,5,4,0,15
19,4,2026,2,21,7,6,1,20
19,9,2026,2,21,8,6,6,20
19,13,2026,2,21,9,5,5,20
19,18,2026,2,21,10,6,8,18
19,21,2026,2,21,11,3,6,15
19,27,2026,2,21,10,4,1,18
19,32,2026,2,21,9,6,4,20
19,38,2026,2,21,8,6,8,18
19,41,2026,2,21,7,6,4,20
19,48,2026,2,21,5,4,9,15
20,0,2026,2,21,5,3,0,18
20,4,2026,2,21,7,4,0,22
20,9,2026,2,21,8,4,3,23
20,13,2026,2,21,9,2,5,20
20,18,2026,2,21,10,3,13,10
20,21,2026,2,21,11,3,4,9
20,27,2026,2,21,10,4,0,13
20,32,2026,2,21,9,5,3,15
20,38,2026,2,21,8,3,5,13
20,41,2026,2,21,7,5,5,13
20,48,2026,2,21,5,4,7,10
21,0,2026,2,21,5,3,0,13
21,4,2026,2,21,7,5,2,16
21,9,2026,2,21,8,3,3,16
21,13,2026,2,21,9,5,3,18
21,18,2026,2,21,10,3,6,15
21,21,2026,2,21,11,5,7,13
21,27,2026,2,21,10,5,2,16
21,32,2026,2,21,9,3,4,15
21,38,2026,2,21,8,4,2,17
21,41,2026,2,21,7,5,5,17
21,48,2026,2,21,5,5,11,11
22,0,2026,2,21,5,5,0,16
22,4,2026,2,21,7,2,5,13
22,9,2026,2,21,8,5,4,14
22,13,2026,2,21,9,4,4,14
22,18,2026,2,21,10,6,7,13
22,21,2026,2,21,11,4,5,12
22,27,2026,2,21,10,3,1,14
22,32,2026,2,21,9,4,3,15
22,38,2026,2,21,8,2,3,14
22,41,2026,2,21,7,6,7,13
22,48,2026,2,21,5,5,3,15
23,0,2026,2,21,5,5,0,20
23,4,2026,2,21,7,2,1,21
23,9,2026,2,21,8,5,3,23
23,13,2026,2,21,9,5,6,22
23,18,2026,2,21,10,5,6,21
23,21,2026,2,21,11,3,12,12
23,27,2026,2,21,10,6,2,16
23,32,2026,2,21,9,4,3,17
23,38,2026,2,21,8,6,4,19
23,41,2026,2,21,7,5,8,16
23,48,2026,2,21,5,0,16,0
6,0,2026,2,22,5,18,0,18
6,4,2026,2,22,7,2,3,17
6,9,2026,2,22,8,6,3,20
6,13,2026,2,22,9,18,5,33
6,18,2026,2,22,10,21,6,48
6,21,2026,2,22,11,15,13,50
6,27,2026,2,22,10,19,3,66
6,32,2026,2,22,9,5,17,54
6,38,2026,2,22,8,21,10,65
6,41,2026,2,22,7,4,22,47
6,48,2026,2,22,5,5,24,28
7,0,2026,2,22,5,19,0,47
7,4,2026,2,22,7,1,16,32
7,9,2026,2,22,8,12,3,41
7,13,2026,2,22,9,5,11,35
7,18,2026,2,22,10,8,7,36
7,21,2026,2,22,11,16,14,38
7,27,2026,2,22,10,21,4,55
7,32,2026,2,22,9,9,6,58
7,38,2026,2,22,8,7,13,52
7,41,2026,2,22,7,5,27,30
7,48,2026,2,22,5,14,11,33
8,0,2026,2,22,5,16,0,49
8,4,2026,2,22,7,2,23,28
8,9,2026,2,22,8,16,3,41
8,13,2026,2,22,9,8,4,45
8,18,2026,2,22,10,22,9,58
8,21,2026,2,22,11,22,20,60
8,27,2026,2,22,10,9,10,59
8,32,2026,2,22,9,20,18,61
8,38,2026,2,22,8,12,16,57
8,41,2026,2,22,7,1,20,38
8,48,2026,2,22,5,13,17,34
9,0,2026,2,22,5,6,0,40
9,4,2026,2,22,7,5,15,30
9,9,2026,2,22,8,5,0,35
9,13,2026,2,22,9,6,10,31
9,18,2026,2,22,10,5,12,24
9,21,2026,2,22,11,2,11,15
9,27,2026,2,22,10,6,1,20
9,32,2026,2,22,9,5,2,23
9,38,2026,2,22,8,4,1,26
9,41,2026,2,22,7,5,20,11
9,48,2026,2,22,5,3,4,10
10,0,2026,2,22,5,5,0,15
10,4,2026,2,22,7,3,0,18
10,9,2026,2,22,8,5,4,19
10,13,2026,2,22,9,2,4,17
10,18,2026,2,22,10,6,12,11
10,21,2026,2,22,11,5,5,11
10,27,2026,2,22,10,6,0,17
10,32,2026,2,22,9,6,3,20
10,38,2026,2,22,8,2,5,17
10,41,2026,2,22,7,5,5,17
10,48,2026,2,22,5,2,8,11
11,0,2026,2,22,5,6,0,17
11,4,2026,2,22,7,6,2,21
11,9,2026,2,22,8,3,4,20
11,13,2026,2,22,9,4,6,18
11,18,2026,2,22,10,2,6,14
11,21,2026,2,22,11,4,9,9
11,27,2026,2,22,10,5,2,12
11,32,2026,2,22,9,2,0,14
11,38,2026,2,22,8,6,2,18
11,41,2026,2,22,7,5,3,20
11,48,2026,2,22,5,6,10,16
12,0,2026,2,22,5,2,0,18
12,4,2026,2,22,7,4,2,20
12,9,2026,2,22,8,5,2,23
12,13,2026,2,22,9,6,8,21
12,18,2026,2,22,10,3,8,16
12,21,2026,2,22,11,5,7,14
12,27,2026,2,22,10,5,1,18
12,32,2026,2,22,9,2,4,16
12,38,2026,2,22,8,3,5,14
12,41,2026,2,22,7,6,6,14
12,48,2026,2,22,5,2,7,9
13,0,2026,2,22,5,2,0,11
13,4,2026,2,22,7,20,0,31
13,9,2026,2,22,8,6,6,31
13,13,2026,2,22,9,6,10,27
13,18,2026,2,22,10,6,11,22
13,21,2026,2,22,11,4,9,17
13,27,2026,2,22,10,4,1,20
13,32,2026,2,22,9,4,6,18
13,38,2026,2,22,8,4,4,18
13,41,2026,2,22,7,25,3,40
13,48,2026,2,22,5,3,19,24
14,0,2026,2,22,5,2,0,26
14,4,2026,2,22,7,20,1,45
14,9,2026,2,22,8,6,17,34
14,13,2026,2,22,9,2,9,27
14,18,2026,2,22,10,5,12,20
14,21,2026,2,22,11,2,7,15
14,27,2026,2,22,10,5,0,20
14,32,2026,2,22,9,4,7,17
14,38,2026,2,22,8,3,3,17
14,41,2026,2,22,7,32,4,45
14,48,2026,2,22,5,6,11,40
15,0,2026,2,22,5,6,0,46
15,4,2026,2,22,7,21,1,66
15,9,2026,2,22,8,4,12,58
15,13,2026,2,22,9,4,14,48
15,18,2026,2,22,10,6,19,35
15,21,2026,2,22,11,3,21,17
15,27,2026,2,22,10,5,0,22
15,32,2026,2,22,9,6,3,25
15,38,2026,2,22,8,2,3,24
15,41,2026,2,22,7,12,4,32
15,48,2026,2,22,5,4,16,20
16,0,2026,2,22,5,6,0,26
16,4,2026,2,22,7,3,4,25
16,9,2026,2,22,8,6,5,26
16,13,2026,2,22,9,3,5,24
16,18,2026,2,22,10,6,5,25
16,21,2026,2,22,11,4,16,13
16,27,2026,2,22,10,5,0,18
16,32,2026,2,22,9,5,4,19
16,38,2026,2,22,8,2,3,18
16,41,2026,2,22,7,5,7,16
16,48,2026,2,22,5,3,7,12
17,0,2026,2,22,5,3,0,15
17,4,2026,2,22,7,2,1,16
17,9,2026,2,22,8,4,3,17
17,13,2026,2,22,9,6,2,21
17,18,2026,2,22,10,4,8,17
17,21,2026,2,22,11,3,9,11
17,27,2026,2,22,10,4,0,15
17,32,2026,2,22,9,4,4,15
17,38,2026,2,22,8,2,5,12
17,41,2026,2,22,7,6,2,16
17,48,2026,2,22,5,6,5,17
18,0,2026,2,22,5,2,0,19
18,4,2026,2,22,7,3,2,20
18,9,2026,2,22,8,2,5,17
18,13,2026,2,22,9,5,6,16
18,18,2026,2,22,10,3,7,12
18,21,2026,2,22,11,2,6,8
18,27,2026,2,22,10,6,1,13
18,32,2026,2,22,9,4,2,15
18,38,2026,2,22,8,2,6,11
18,41,2026,2,22,7,6,6,11
18,48,2026,2,22,5,4,5,10
19,0,2026,2,22,5,5,0,15
19,4,2026,2,22,7,4,1,18
19,9,2026,2,22,8,6,5,19
19,13,2026,2,22,9,2,7,14
19,18,2026,2,22,10,6,3,17
19,21,2026,2,22,11,2,6,13
19,27,2026,2,22,10,3,1,15
19,32,2026,2,22,9,5,4,16
19,38,2026,2,22,8,3,4,15
19,41,2026,2,22,7,4,9,10
19,48,2026,2,22,5,4,5,9
20,0,2026,2,22,5,5,0,14
20,4,2026,2,22,7,6,3,17
20,9,2026,2,22,8,5,2,20
20,13,2026,2,22,9,6,3,23
20,18,2026,2,22,10,2,12,13
20,21,2026,2,22,11,5,6,12
20,27,2026,2,22,10,3,0,15
20,32,2026,2,22,9,6,4,17
20,38,2026,2,22,8,6,2,21
20,41,2026,2,22,7,4,11,14
20,48,2026,2,22,5,4,7,11
21,0,2026,2,22,5,5,0,16
21,4,2026,2,22,7,4,2,18
21,9,2026,2,22,8,3,1,20
21,13,2026,2,22,9,5,5,20
21,18,2026,2,22,10,4,6,18
21,21,2026,2,22,11,3,8,13
21,27,2026,2,22,10,3,0,16
21,32,2026,2,22,9,3,2,17
21,38,2026,2,22,8,3,3,17
21,41,2026,2,22,7,5,7,15
21,48,2026,2,22,5,3,7,11
22,0,2026,2,22,5,6,0,17
22,4,2026,2,22,7,5,0,22
22,9,2026,2,22,8,6,4,24
22,13,2026,2,22,9,4,4,24
22,18,2026,2,22,10,5,8,21
22,21,2026,2,22,11,2,11,12
22,27,2026,2,22,10,3,1,14
22,32,2026,2,22,9,3,1,16
22,38,2026,2,22,8,5,3,18
22,41,2026,2,22,7,3,4,17
22,48,2026,2,22,5,5,6,16
23,0,2026,2,22,5,6,0,22
23,4,2026,2,22,7,2,1,23
23,9,2026,2,22,8,5,3,25
23,13,2026,2,22,9,3,6,22
23,18,2026,2,22,10,3,4,21
23,21,2026,2,22,11,2,16,7
23,27,2026,2,22,10,2,0,9
23,32,2026,2,22,9,4,0,13
23,38,2026,2,22,8,2,4,11
23,41,2026,2,22,7,2,5,8
23,48,2026,2,22,5,0,8,0
6,0,2026,2,23,5,6,0,6
6,4,2026,2,23,7,3,0,9
6,9,2026,2,23,8,21,1,29
6,13,2026,2,23,9,6,4,31
6,18,2026,2,23,10,7,6,32
6,21,2026,2,23,11,13,14,31
6,27,2026,2,23,10,15,3,43
6,32,2026,2,23,9,10,4,49
6,38,2026,2,23,8,14,13,50
6,41,2026,2,23,7,4,12,42
6,48,2026,2,23,5,16,17,41
7,0,2026,2,23,5,11,0,52
7,4,2026,2,23,7,2,17,37
7,9,2026,2,23,8,15,4,48
7,13,2026,2,23,9,16,11,53
7,18,2026,2,23,10,22,14,61
7,21,2026,2,23,11,14,21,54
7,27,2026,2,23,10,15,3,66
7,32,2026,2,23,9,10,10,66
7,38,2026,2,23,8,7,17,56
7,41,2026,2,23,7,3,24,35
7,48,2026,2,23,5,12,20,27
8,0,2026,2,23,5,20,0,47
8,4,2026,2,23,7,3,20,30
8,9,2026,2,23,8,13,6,37
8,13,2026,2,23,9,18,6,49
8,18,2026,2,23,10,6,10,45
8,21,2026,2,23,11,10,10,45
8,27,2026,2,23,10,10,4,51
8,32,2026,2,23,9,16,2,65
8,38,2026,2,23,8,10,9,66
8,41,2026,2,23,7,3,28,41
8,48,2026,2,23,5,6,21,26
9,0,2026,2,23,5,2,0,28
9,4,2026,2,23,7,3,4,27
9,9,2026,2,23,8,3,3,27
9,13,2026,2,23,9,5,8,24
9,18,2026,2,23,10,3,5,22
9,21,2026,2,23,11,4,11,15
9,27,2026,2,23,10,3,0,18
9,32,2026,2,23,9,6,0,24
9,38,2026,2,23,8,6,1,29
9,41,2026,2,23,7,2,20,11
9,48,2026,2,23,5,6,3,14
10,0,2026,2,23,5,4,0,18
10,4,2026,2,23,7,2,2,18
10,9,2026,2,23,8,4,2,20
10,13,2026,2,23,9,3,7,16
10,18,2026,2,23,10,3,7,12
10,21,2026,2,23,11,5,5,12
10,27,2026,2,23,10,2,3,11
10,32,2026,2,23,9,3,1,13
10,38,2026,2,23,8,2,4,11
10,41,2026,2,23,7,6,5,12
10,48,2026,2,23,5,4,6,10
11,0,2026,2,23,5,4,0,14
11,4,2026,2,23,7,2,0,16
11,9,2026,2,23,8,3,3,16
11,13,2026,2,23,9,3,5,14
11,18,2026,2,23,10,3,5,12
11,21,2026,2,23,11,6,10,8
11,27,2026,2,23,10,6,2,12
11,32,2026,2,23,9,3,3,12
11,38,2026,2,23,8,2,3,11
11,41,2026,2,23,7,2,3,10
11,48,2026,2,23,5,4,6,8
12,0,2026,2,23,5,2,0,10
12,4,2026,2,23,7,3,0,13
12,9,2026,2,23,8,6,0,19
12,13,2026,2,23,9,3,3,19
12,18,2026,2,23,10,4,3,20
12,21,2026,2,23,11,2,13,9
12,27,2026,2,23,10,3,0,12
12,32,2026,2,23,9,4,2,14
12,38,2026,2,23,8,3,5,12
12,41,2026,2,23,7,4,1,15
12,48,2026,2,23,5,6,10,11
13,0,2026,2,23,5,4,0,15
13,4,2026,2,23,7,32,1,46
13,9,2026,2,23,8,6,15,37
13,13,2026,2,23,9,2,12,27
13,18,2026,2,23,10,5,7,25
13,21,2026,2,23,11,2,11,16
13,27,2026,2,23,10,5,0,21
13,32,2026,2,23,9,4,2,23
13,38,2026,2,23,8,4,7,20
13,41,2026,2,23,7,22,3,39
13,48,2026,2,23,5,3,13,29
14,0,2026,2,23,5,6,0,35
14,4,2026,2,23,7,20,1,54
14,9,2026,2,23,8,6,10,50
14,13,2026,2,23,9,6,13,43
14,18,2026,2,23,10,3,16,30
14,21,2026,2,23,11,3,20,13
14,27,2026,2,23,10,6,1,18
14,32,2026,2,23,9,4,2,20
14,38,2026,2,23,8,6,2,24
14,41,2026,2,23,7,14,5,33
14,48,2026,2,23,5,2,16,19
15,0,2026,2,23,5,5,0,24
15,4,2026,2,23,7,23,1,46
15,9,2026,2,23,8,5,10,41
15,13,2026,2,23,9,6,7,40
15,18,2026,2,23,10,3,12,31
15,21,2026,2,23,11,3,21,13
15,27,2026,2,23,10,2,0,15
15,32,2026,2,23,9,4,2,17
15,38,2026,2,23,8,6,5,18
15,41,2026,2,23,7,21,4,35
15,48,2026,2,23,5,6,8,33
16,0,2026,2,23,5,2,0,35
16,4,2026,2,23,7,3,2,36
16,9,2026,2,23,8,3,9,30
16,13,2026,2,23,9,2,12,20
16,18,2026,2,23,10,6,10,16
16,21,2026,2,23,11,4,9,11
16,27,2026,2,23,10,6,0,17
16,32,2026,2,23,9,4,3,18
16,38,2026,2,23,8,5,7,16
16,41,2026,2,23,7,2,3,15
16,48,2026,2,23,5,5,7,13
17,0,2026,2,23,5,6,0,19
17,4,2026,2,23,7,3,1,21
17,9,2026,2,23,8,5,7,19
17,13,2026,2,23,9,3,5,17
17,18,2026,2,23,10,4,4,17
17,21,2026,2,23,11,6,10,13
17,27,2026,2,23,10,2,2,13
17,32,2026,2,23,9,2,3,12
17,38,2026,2,23,8,5,2,15
17,41,2026,2,23,7,4,4,15
17,48,2026,2,23,5,2,7,10
18,0,2026,2,23,5,2,0,12
18,4,2026,2,23,7,5,0,17
18,9,2026,2,23,8,5,2,20
18,13,2026,2,23,9,6,3,23
18,18,2026,2,23,10,2,8,17
18,21,2026,2,23,11,5,9,13
18,27,2026,2,23,10,6,0,19
18,32,2026,2,23,9,4,3,20
18,38,2026,2,23,8,6,8,18
18,41,2026,2,23,7,5,3,20
18,48,2026,2,23,5,6,9,17
19,0,2026,2,23,5,3,0,20
19,4,2026,2,23,7,5,2,23
19,9,2026,2,23,8,3,2,24
19,13,2026,2,23,9,2,7,19
19,18,2026,2,23,10,5,6,18
19,21,2026,2,23,11,5,10,13
19,27,2026,2,23,10,5,2,16
19,32,2026,2,23,9,3,3,16
19,38,2026,2,23,8,3,6,13
19,41,2026,2,23,7,5,4,14
19,48,2026,2,23,5,4,5,13
20,0,2026,2,23,5,4,0,17
20,4,2026,2,23,7,6,2,21
20,9,2026,2,23,8,5,4,22
20,13,2026,2,23,9,6,9,19
20,18,2026,2,23,10,5,5,19
20,21,2026,2,23,11,5,8,16
20,27,2026,2,23,10,2,0,18
20,32,2026,2,23,9,2,5,15
20,38,2026,2,23,8,3,3,15
20,41,2026,2,23,7,2,5,12
20,48,2026,2,23,5,2,8,6
21,0,2026,2,23,5,4,0,10
21,4,2026,2,23,7,2,2,10
21,9,2026,2,23,8,2,0,12
21,13,2026,2,23,9,4,3,13
21,18,2026,2,23,10,5,6,12
21,21,2026,2,23,11,5,6,11
21,27,2026,2,23,10,4,0,15
21,32,2026,2,23,9,3,3,15
21,38,2026,2,23,8,4,3,16
21,41,2026,2,23,7,3,9,10
21,48,2026,2,23,5,6,3,13
22,0,2026,2,23,5,2,0,15
22,4,2026,2,23,7,5,1,19
22,9,2026,2,23,8,6,5,20
22,13,2026,2,23,9,6,4,22
22,18,2026,2,23,10,4,6,20
22,21,2026,2,23,11,2,10,12
22,27,2026,2,23,10,4,0,16
22,32,2026,2,23,9,5,4,17
22,38,2026,2,23,8,2,4,15
22,41,2026,2,23,7,5,2,18
22,48,2026,2,23,5,3,9,12
23,0,2026,2,23,5,3,0,15
23,4,2026,2,23,7,6,2,19
23,9,2026,2,23,8,4,5,18
23,13,2026,2,23,9,2,6,14
23,18,2026,2,23,10,6,6,14
23,21,2026,2,23,11,4,3,15
23,27,2026,2,23,10,6,0,21
23,32,2026,2,23,9,2,5,18
23,38,2026,2,23,8,4,5,17
23,41,2026,2,23,7,5,7,15
23,48,2026,2,23,5,0,15,0
6,0,2026,2,24,5,22,0,22
6,4,2026,2,24,7,5,7,20
6,9,2026,2,24,8,6,1,25
6,13,2026,2,24,9,22,10,37
6,18,2026,2,24,10,19,10,46
6,21,2026,2,24,11,16,13,49
6,27,2026,2,24,10,11,2,58
6,32,2026,2,24,9,16,8,66
6,38,2026,2,24,8,6,20,52
6,41,2026,2,24,7,4,20,36
6,48,2026,2,24,5,6,17,25
7,0,2026,2,24,5,14,0,39
7,4,2026,2,24,7,1,12,28
7,9,2026,2,24,8,12,5,35
7,13,2026,2,24,9,9,8,36
7,18,2026,2,24,10,10,12,34
7,21,2026,2,24,11,6,9,31
7,27,2026,2,24,10,10,2,39
7,32,2026,2,24,9,13,8,44
7,38,2026,2,24,8,15,4,55
7,41,2026,2,24,7,3,21,37
7,48,2026,2,24,5,14,16,35
8,0,2026,2,24,5,13,0,48
8,4,2026,2,24,7,3,17,34
8,9,2026,2,24,8,20,2,52
8,13,2026,2,24,9,7,7,52
8,18,2026,2,24,10,17,16,53
8,21,2026,2,24,11,21,18,56
8,27,2026,2,24,10,5,6,55
8,32,2026,2,24,9,11,13,53
8,38,2026,2,24,8,12,12,53
8,41,2026,2,24,7,5,21,37
8,48,2026,2,24,5,22,19,40
9,0,2026,2,24,5,3,0,43
9,4,2026,2,24,7,2,18,27
9,9,2026,2,24,8,6,3,30
9,13,2026,2,24,9,4,6,28
9,18,2026,2,24,10,3,11,20
9,21,2026,2,24,11,2,10,12
9,27,2026,2,24,10,5,0,17
9,32,2026,2,24,9,5,0,22
9,38,2026,2,24,8,5,1,26
9,41,2026,2,24,7,5,23,8
9,48,2026,2,24,5,4,3,9
10,0,2026,2,24,5,2,0,11
10,4,2026,2,24,7,6,3,14
10,9,2026,2,24,8,3,3,14
10,13,2026,2,24,9,2,5,11
10,18,2026,2,24,10,6,2,15
10,21,2026,2,24,11,3,6,12
10,27,2026,2,24,10,2,0,14
10,32,2026,2,24,9,4,2,16
10,38,2026,2,24,8,3,3,16
10,41,2026,2,24,7,5,7,14
10,48,2026,2,24,5,4,8,10
11,0,2026,2,24,5,4,0,14
11,4,2026,2,24,7,3,1,16
11,9,2026,2,24,8,4,3,17
11,13,2026,2,24,9,2,3,16
11,18,2026,2,24,10,2,5,13
11,21,2026,2,24,11,6,8,11
11,27,2026,2,24,10,4,0,15
11,32,2026,2,24,9,2,1,16
11,38,2026,2,24,8,2,4,14
11,41,2026,2,24,7,4,6,12
11,48,2026,2,24,5,3,4,11
12,0,2026,2,24,5,4,0,15
12,4,2026,2,24,7,5,1,19
12,9,2026,2,24,8,5,2,22
12,13,2026,2,24,9,2,8,16
12,18,2026,2,24,10,2,4,14
12,21,2026,2,24,11,5,6,13
12,27,2026,2,24,10,5,1,17
12,32,2026,2,24,9,2,1,18
12,38,2026,2,24,8,5,1,22
12,41,2026,2,24,7,6,10,18
12,48,2026,2,24,5,4,10,12
13,0,2026,2,24,5,4,0,16
13,4,2026,2,24,7,27,2,41
13,9,2026,2,24,8,3,4,40
13,13,2026,2,24,9,6,8,38
13,18,2026,2,24,10,3,13,28
13,21,2026,2,24,11,5,12,21
13,27,2026,2,24,10,6,0,27
13,32,2026,2,24,9,5,2,30
13,38,2026,2,24,8,3,8,25
13,41,2026,2,24,7,22,3,44
13,48,2026,2,24,5,3,22,25
14,0,2026,2,24,5,3,0,28
14,4,2026,2,24,7,20,0,48
14,9,2026,2,24,8,5,7,46
14,13,2026,2,24,9,6,11,41
14,18,2026,2,24,10,3,14,30
14,21,2026,2,24,11,2,16,16
14,27,2026,2,24,10,4,0,20
14,32,2026,2,24,9,4,5,19
14,38,2026,2,24,8,2,3,18
14,41,2026,2,24,7,13,2,29
14,48,2026,2,24,5,2,14,17
15,0,2026,2,24,5,6,0,23
15,4,2026,2,24,7,25,1,47
15,9,2026,2,24,8,4,7,44
15,13,2026,2,24,9,3,18,29
15,18,2026,2,24,10,6,7,28
15,21,2026,2,24,11,4,8,24
15,27,2026,2,24,10,3,1,26
15,32,2026,2,24,9,3,2,27
15,38,2026,2,24,8,3,4,26
15,41,2026,2,24,7,25,3,48
15,48,2026,2,24,5,2,27,23
16,0,2026,2,24,5,4,0,27
16,4,2026,2,24,7,2,1,28
16,9,2026,2,24,8,4,5,27
16,13,2026,2,24,9,3,9,21
16,18,2026,2,24,10,6,9,18
16,21,2026,2,24,11,2,11,9
16,27,2026,2,24,10,5,0,14
16,32,2026,2,24,9,4,5,13
16,38,2026,2,24,8,2,2,13
16,41,2026,2,24,7,5,2,16
16,48,2026,2,24,5,5,9,12
17,0,2026,2,24,5,2,0,14
17,4,2026,2,24,7,3,1,16
17,9,2026,2,24,8,4,3,17
17,13,2026,2,24,9,6,1,22
17,18,2026,2,24,10,4,9,17
17,21,2026,2,24,11,4,8,13
17,27,2026,2,24,10,5,2,16
17,32,2026,2,24,9,2,2,16
17,38,2026,2,24,8,6,2,20
17,41,2026,2,24,7,3,8,15
17,48,2026,2,24,5,4,10,9
18,0,2026,2,24,5,4,0,13
18,4,2026,2,24,7,5,2,16
18,9,2026,2,24,8,2,5,13
18,13,2026,2,24,9,4,1,16
18,18,2026,2,24,10,4,8,12
18,21,2026,2,24,11,2,5,9
18,27,2026,2,24,10,6,0,15
18,32,2026,2,24,9,5,1,19
18,38,2026,2,24,8,5,8,16
18,41,2026,2,24,7,2,5,13
18,48,2026,2,24,5,2,4,11
19,0,2026,2,24,5,2,0,13
19,4,2026,2,24,7,5,0,18
19,9,2026,2,24,8,3,2,19
19,13,2026,2,24,9,4,4,19
19,18,2026,2,24,10,5,5,19
19,21,2026,2,24,11,4,11,12
19,27,2026,2,24,10,2,0,14
19,32,2026,2,24,9,4,3,15
19,38,2026,2,24,8,6,2,19
19,41,2026,2,24,7,5,9,15
19,48,2026,2,24,5,4,6,13
20,0,2026,2,24,5,5,0,18
20,4,2026,2,24,7,2,2,18
20,9,2026,2,24,8,5,2,21
20,13,2026,2,24,9,3,8,16
20,18,2026,2,24,10,3,5,14
20,21,2026,2,24,11,4,10,8
20,27,2026,2,24,10,2,1,9
20,32,2026,2,24,9,6,0,15
20,38,2026,2,24,8,2,2,15
20,41,2026,2,24,7,3,8,10
20,48,2026,2,24,5,4,1,13
21,0,2026,2,24,5,4,0,17
21,4,2026,2,24,7,3,0,20
21,9,2026,2,24,8,2,2,20
21,13,2026,2,24,9,3,6,17
21,18,2026,2,24,10,6,8,15
21,21,2026,2,24,11,3,7,11
21,27,2026,2,24,10,5,0,16
21,32,2026,2,24,9,5,3,18
21,38,2026,2,24,8,5,4,19
21,41,2026,2,24,7,2,8,13
21,48,2026,2,24,5,3,5,11
22,0,2026,2,24,5,6,0,17
22,4,2026,2,24,7,5,2,20
22,9,2026,2,24,8,6,4,22
22,13,2026,2,24,9,3,3,22
22,18,2026,2,24,10,4,6,20
22,21,2026,2,24,11,2,9,13
22,27,2026,2,24,10,4,1,16
22,32,2026,2,24,9,2,3,15
22,38,2026,2,24,8,2,2,15
22,41,2026,2,24,7,3,4,14
22,48,2026,2,24,5,2,11,5
23,0,2026,2,24,5,3,0,8
23,4,2026,2,24,7,4,1,11
23,9,2026,2,24,8,3,4,10
23,13,2026,2,24,9,5,2,13
23,18,2026,2,24,10,5,4,14
23,21,2026,2,24,11,4,7,11
23,27,2026,2,24,10,2,0,13
23,32,2026,2,24,9,4,2,15
23,38,2026,2,24,8,4,1,18
23,41,2026,2,24,7,3,11,10
23,48,2026,2,24,5,0,10,0
6,0,2026,2,25,5,13,0,13
6,4,2026,2,25,7,5,4,14
6,9,2026,2,25,8,17,7,24
6,13,2026,2,25,9,19,6,37
6,18,2026,2,25,10,6,9,34
6,21,2026,2,25,11,22,9,47
6,27,2026,2,25,10,5,1,51
6,32,2026,2,25,9,10,7,54
6,38,2026,2,25,8,16,11,59
6,41,2026,2,25,7,5,18,46
6,48,2026,2,25,5,17,22,41
7,0,2026,2,25,5,6,0,47
7,4,2026,2,25,7,2,14,35
7,9,2026,2,25,8,19,2,52
7,13,2026,2,25,9,8,7,53
7,18,2026,2,25,10,8,10,51
7,21,2026,2,25,11,6,23,34
7,27,2026,2,25,10,6,1,39
7,32,2026,2,25,9,19,1,57
7,38,2026,2,25,8,5,13,49
7,41,2026,2,25,7,2,23,28
7,48,2026,2,25,5,11,13,26
8,0,2026,2,25,5,5,0,31
8,4,2026,2,25,7,1,10,22
8,9,2026,2,25,8,19,1,40
8,13,2026,2,25,9,17,5,52
8,18,2026,2,25,10,11,8,55
8,21,2026,2,25,11,20,16,59
8,27,2026,2,25,10,7,3,63
8,32,2026,2,25,9,16,13,66
8,38,2026,2,25,8,15,15,66
8,41,2026,2,25,7,5,22,49
8,48,2026,2,25,5,5,20,34
9,0,2026,2,25,5,6,0,40
9,4,2026,2,25,7,2,6,36
9,9,2026,2,25,8,5,0,41
9,13,2026,2,25,9,6,8,39
9,18,2026,2,25,10,4,19,24
9,21,2026,2,25,11,5,12,17
9,27,2026,2,25,10,5,0,22
9,32,2026,2,25,9,6,1,27
9,38,2026,2,25,8,6,0,33
9,41,2026,2,25,7,3,23,13
9,48,2026,2,25,5,4,3,14
10,0,2026,2,25,5,4,0,18
10,4,2026,2,25,7,4,0,22
10,9,2026,2,25,8,4,5,21
10,13,2026,2,25,9,5,6,20
10,18,2026,2,25,10,3,6,17
10,21,2026,2,25,11,2,13,6
10,27,2026,2,25,10,5,1,10
10,32,2026,2,25,9,3,1,12
10,38,2026,2,25,8,3,1,14
10,41,2026,2,25,7,6,5,15
10,48,2026,2,25,5,5,4,16
11,0,2026,2,25,5,5,0,21
11,4,2026,2,25,7,4,4,21
11,9,2026,2,25,8,4,5,20
11,13,2026,2,25,9,6,7,19
11,18,2026,2,25,10,5,3,21
11,21,2026,2,25,11,2,7,16
11,27,2026,2,25,10,3,0,19
11,32,2026,2,25,9,5,1,23
11,38,2026,2,25,8,5,8,20
11,41,2026,2,25,7,6,5,21
11,48,2026,2,25,5,2,11,12
12,0,2026,2,25,5,3,0,15
12,4,2026,2,25,7,3,1,17
12,9,2026,2,25,8,2,5,14
12,13,2026,2,25,9,5,2,17
12,18,2026,2,25,10,2,9,10
12,21,2026,2,25,11,4,4,10
12,27,2026,2,25,10,5,2,13
12,32,2026,2,25,9,3,2,14
12,38,2026,2,25,8,3,2,15
12,41,2026,2,25,7,3,2,16
12,48,2026,2,25,5,3,7,12
13,0,2026,2,25,5,4,0,16
13,4,2026,2,25,7,30,0,46
13,9,2026,2,25,8,5,12,39
13,13,2026,2,25,9,2,9,32
13,18,2026,2,25,10,2,12,22
13,21,2026,2,25,11,3,9,16
13,27,2026,2,25,10,5,1,20
13,32,2026,2,25,9,6,1,25
13,38,2026,2,25,8,3,5,23
13,41,2026,2,25,7,18,4,37
13,48,2026,2,25,5,6,15,28
14,0,2026,2,25,5,6,0,34
14,4,2026,2,25,7,32,0,66
14,9,2026,2,25,8,2,12,56
14,13,2026,2,25,9,4,15,45
14,18,2026,2,25,10,5,20,30
14,21,2026,2,25,11,5,20,15
14,27,2026,2,25,10,3,3,15
14,32,2026,2,25,9,6,1,20
14,38,2026,2,25,8,4,6,18
14,41,2026,2,25,7,32,1,49
14,48,2026,2,25,5,6,20,35
15,0,2026,2,25,5,2,0,37
15,4,2026,2,25,7,11,2,46
15,9,2026,2,25,8,6,7,45
15,13,2026,2,25,9,3,14,34
15,18,2026,2,25,10,5,10,29
15,21,2026,2,25,11,6,17,18
15,27,2026,2,25,10,4,2,20
15,32,2026,2,25,9,6,2,24
15,38,2026,2,25,8,4,2,26
15,41,2026,2,25,7,17,5,38
15,48,2026,2,25,5,4,14,28
16,0,2026,2,25,5,4,0,32
16,4,2026,2,25,7,2,2,32
16,9,2026,2,25,8,2,6,28
16,13,2026,2,25,9,6,6,28
16,18,2026,2,25,10,3,9,22
16,21,2026,2,25,11,2,12,12
16,27,2026,2,25,10,5,1,16
16,32,2026,2,25,9,6,2,20
16,38,2026,2,25,8,3,3,20
16,41,2026,2,25,7,6,6,20
16,48,2026,2,25,5,4,7,17
17,0,2026,2,25,5,6,0,23
17,4,2026,2,25,7,3,2,24
17,9,2026,2,25,8,3,4,23
17,13,2026,2,25,9,2,1,24
17,18,2026,2,25,10,4,10,18
17,21,2026,2,25,11,6,13,11
17,27,2026,2,25,10,3,2,12
17,32,2026,2,25,9,6,3,15
17,38,2026,2,25,8,4,9,10
17,41,2026,2,25,7,3,2,11
17,48,2026,2,25,5,2,5,8
18,0,2026,2,25,5,4,0,12
18,4,2026,2,25,7,3,2,13
18,9,2026,2,25,8,4,2,15
18,13,2026,2,25,9,2,3,14
18,18,2026,2,25,10,4,7,11
18,21,2026,2,25,11,4,8,7
18,27,2026,2,25,10,2,0,9
18,32,2026,2,25,9,4,1,12
18,38,2026,2,25,8,2,2,12
18,41,2026,2,25,7,5,1,16
18,48,2026,2,25,5,3,8,11
19,0,2026,2,25,5,3,0,14
19,4,2026,2,25,7,4,1,17
19,9,2026,2,25,8,4,3,18
19,13,2026,2,25,9,4,1,21
19,18,2026,2,25,10,6,4,23
19,21,2026,2,25,11,5,10,18
19,27,2026,2,25,10,3,2,19
19,32,2026,2,25,9,3,1,21
19,38,2026,2,25,8,3,5,19
19,41,2026,2,25,7,2,4,17
19,48,2026,2,25,5,2,9,10
20,0,2026,2,25,5,3,0,13
20,4,2026,2,25,7,6,1,18
20,9,2026,2,25,8,4,2,20
20,13,2026,2,25,9,4,7,17
20,18,2026,2,25,10,5,4,18
20,21,2026,2,25,11,5,9,14
20,27,2026,2,25,10,2,1,15
20,32,2026,2,25,9,6,2,19
20,38,2026,2,25,8,5,7,17
20,41,2026,2,25,7,5,7,15
20,48,2026,2,25,5,4,5,14
21,0,2026,2,25,5,5,0,19
21,4,2026,2,25,7,2,1,20
21,9,2026,2,25,8,2,2,20
21,13,2026,2,25,9,2,6,16
21,18,2026,2,25,10,2,8,10
21,21,2026,2,25,11,5,8,7
21,27,2026,2,25,10,5,2,10
21,32,2026,2,25,9,4,0,14
21,38,2026,2,25,8,3,6,11
21,41,2026,2,25,7,6,5,12
21,48,2026,2,25,5,4,3,13
22,0,2026,2,25,5,2,0,15
22,4,2026,2,25,7,5,1,19
22,9,2026,2,25,8,2,4,17
22,13,2026,2,25,9,5,5,17
22,18,2026,2,25,10,6,7,16
22,21,2026,2,25,11,2,7,11
22,27,2026,2,25,10,6,0,17
22,32,2026,2,25,9,3,6,14
22,38,2026,2,25,8,2,6,10
22,41,2026,2,25,7,4,5,9
22,48,2026,2,25,5,3,4,8
23,0,2026,2,25,5,4,0,12
23,4,2026,2,25,7,6,2,16
23,9,2026,2,25,8,4,5,15
23,13,2026,2,25,9,3,2,16
23,18,2026,2,25,10,6,3,19
23,21,2026,2,25,11,3,10,12
23,27,2026,2,25,10,4,0,16
23,32,2026,2,25,9,5,5,16
23,38,2026,2,25,8,3,5,14
23,41,2026,2,25,7,5,4,15
23,48,2026,2,25,5,0,15,0
6,0,2026,2,26,5,19,0,19
6,4,2026,2,26,7,6,2,23
6,9,2026,2,26,8,20,8,35
6,13,2026,2,26,9,14,9,40
6,18,2026,2,26,10,14,11,43
6,21,2026,2,26,11,8,13,38
6,27,2026,2,26,10,19,1,56
6,32,2026,2,26,9,8,12,52
6,38,2026,2,26,8,6,11,47
6,41,2026,2,26,7,5,20,32
6,48,2026,2,26,5,9,19,22
7,0,2026,2,26,5,22,0,44
7,4,2026,2,26,7,5,23,26
7,9,2026,2,26,8,18,3,41
7,13,2026,2,26,9,10,7,44
7,18,2026,2,26,10,17,7,54
7,21,2026,2,26,11,10,16,48
7,27,2026,2,26,10,16,2,62
7,32,2026,2,26,9,13,9,66
7,38,2026,2,26,8,21,22,65
7,41,2026,2,26,7,1,22,44
7,48,2026,2,26,5,7,18,33
8,0,2026,2,26,5,16,0,49
8,4,2026,2,26,7,1,16,34
8,9,2026,2,26,8,17,2,49
8,13,2026,2,26,9,18,10,57
8,18,2026,2,26,10,13,13,57
8,21,2026,2,26,11,21,12,66
8,27,2026,2,26,10,5,5,66
8,32,2026,2,26,9,11,12,65
8,38,2026,2,26,8,11,10,66
8,41,2026,2,26,7,3,28,41
8,48,2026,2,26,5,11,20,32
9,0,2026,2,26,5,4,0,36
9,4,2026,2,26,7,5,13,28
9,9,2026,2,26,8,2,2,28
9,13,2026,2,26,9,4,6,26
9,18,2026,2,26,10,3,10,19
9,21,2026,2,26,11,6,11,14
9,27,2026,2,26,10,2,0,16
9,32,2026,2,26,9,5,1,20
9,38,2026,2,26,8,5,2,23
9,41,2026,2,26,7,3,19,7
9,48,2026,2,26,5,5,3,9
10,0,2026,2,26,5,5,0,14
10,4,2026,2,26,7,3,0,17
10,9,2026,2,26,8,6,2,21
10,13,2026,2,26,9,4,7,18
10,18,2026,2,26,10,3,10,11
10,21,2026,2,26,11,2,6,7
10,27,2026,2,26,10,3,0,10
10,32,2026,2,26,9,6,3,13
10,38,2026,2,26,8,5,2,16
10,41,2026,2,26,7,5,6,15
10,48,2026,2,26,5,3,3,15
11,0,2026,2,26,5,4,0,19
11,4,2026,2,26,7,2,2,19
11,9,2026,2,26,8,6,1,24
11,13,2026,2,26,9,5,4,25
11,18,2026,2,26,10,4,8,21
11,21,2026,2,26,11,5,11,15
11,27,2026,2,26,10,5,1,19
11,32,2026,2,26,9,2,3,18
11,38,2026,2,26,8,5,4,19
11,41,2026,2,26,7,2,7,14
11,48,2026,2,26,5,2,8,8
12,0,2026,2,26,5,6,0,14
12,4,2026,2,26,7,6,1,19
12,9,2026,2,26,8,4,6,17
12,13,2026,2,26,9,3,5,15
12,18,2026,2,26,10,6,6,15
12,21,2026,2,26,11,6,5,16
12,27,2026,2,26,10,5,1,20
12,32,2026,2,26,9,2,2,20
12,38,2026,2,26,8,3,4,19
12,41,2026,2,26,7,6,5,20
12,48,2026,2,26,5,2,9,13
13,0,2026,2,26,5,2,0,15
13,4,2026,2,26,7,26,2,39
13,9,2026,2,26,8,2,7,34
13,13,2026,2,26,9,3,8,29
13,18,2026,2,26,10,2,7,24
13,21,2026,2,26,11,3,13,14
13,27,2026,2,26,10,2,0,16
13,32,2026,2,26,9,2,2,16
13,38,2026,2,26,8,2,5,13
13,41,2026,2,26,7,16,2,27
13,48,2026,2,26,5,6,12,21
14,0,2026,2,26,5,4,0,25
14,4,2026,2,26,7,12,3,34
14,9,2026,2,26,8,4,11,27
14,13,2026,2,26,9,4,8,23
14,18,2026,2,26,10,3,8,18
14,21,2026,2,26,11,5,10,13
14,27,2026,2,26,10,3,1,15
14,32,2026,2,26,9,3,3,15
14,38,2026,2,26,8,3,3,15
14,41,2026,2,26,7,16,2,29
14,48,2026,2,26,5,2,9,22
15,0,2026,2,26,5,3,0,25
15,4,2026,2,26,7,29,1,53
15,9,2026,2,26,8,2,8,47
15,13,2026,2,26,9,5,10,42
15,18,2026,2,26,10,3,15,30
15,21,2026,2,26,11,6,16,20
15,27,2026,2,26,10,3,2,21
15,32,2026,2,26,9,6,2,25
15,38,2026,2,26,8,6,5,26
15,41,2026,2,26,7,24,4,46
15,48,2026,2,26,5,2,18,30
16,0,2026,2,26,5,2,0,32
16,4,2026,2,26,7,2,0,34
16,9,2026,2,26,8,4,6,32
16,13,2026,2,26,9,2,6,28
16,18,2026,2,26,10,4,7,25
16,21,2026,2,26,11,4,18,11
16,27,2026,2,26,10,3,0,14
16,32,2026,2,26,9,4,3,15
16,38,2026,2,26,8,3,3,15
16,41,2026,2,26,7,4,10,9
16,48,2026,2,26,5,5,1,13
17,0,2026,2,26,5,3,0,16
17,4,2026,2,26,7,5,2,19
17,9,2026,2,26,8,4,4,19
17,13,2026,2,26,9,6,3,22
17,18,2026,2,26,10,5,10,17
17,21,2026,2,26,11,2,5,14
17,27,2026,2,26,10,3,0,17
17,32,2026,2,26,9,5,2,20
17,38,2026,2,26,8,5,3,22
17,41,2026,2,26,7,2,7,17
17,48,2026,2,26,5,3,9,11
18,0,2026,2,26,5,6,0,17
18,4,2026,2,26,7,2,2,17
18,9,2026,2,26,8,2,3,16
18,13,2026,2,26,9,3,4,15
18,18,2026,2,26,10,5,5,15
18,21,2026,2,26,11,6,9,12
18,27,2026,2,26,10,4,2,14
18,32,2026,2,26,9,5,2,17
18,38,2026,2,26,8,4,8,13
18,41,2026,2,26,7,5,3,15
18,48,2026,2,26,5,4,7,12
19,0,2026,2,26,5,5,0,17
19,4,2026,2,26,7,5,1,21
19,9,2026,2,26,8,4,2,23
19,13,2026,2,26,9,5,10,18
19,18,2026,2,26,10,2,4,16
19,21,2026,2,26,11,4,7,13
19,27,2026,2,26,10,2,1,14
19,32,2026,2,26,9,5,1,18
19,38,2026,2,26,8,6,7,17
19,41,2026,2,26,7,6,9,14
19,48,2026,2,26,5,5,5,14
20,0,2026,2,26,5,5,0,19
20,4,2026,2,26,7,6,2,23
20,9,2026,2,26,8,4,4,23
20,13,2026,2,26,9,4,5,22
20,18,2026,2,26,10,4,11,15
20,21,2026,2,26,11,2,7,10
20,27,2026,2,26,10,4,1,13
20,32,2026,2,26,9,6,1,18
20,38,2026,2,26,8,5,4,19
20,41,2026,2,26,7,6,6,19
20,48,2026,2,26,5,4,7,16
21,0,2026,2,26,5,3,0,19
21,4,2026,2,26,7,6,2,23
21,9,2026,2,26,8,6,4,25
21,13,2026,2,26,9,6,10,21
21,18,2026,2,26,10,3,12,12
21,21,2026,2,26,11,5,3,14
21,27,2026,2,26,10,6,1,19
21,32,2026,2,26,9,5,3,21
21,38,2026,2,26,8,3,9,15
21,41,2026,2,26,7,4,6,13
21,48,2026,2,26,5,5,8,10
22,0,2026,2,26,5,5,0,15
22,4,2026,2,26,7,5,2,18
22,9,2026,2,26,8,2,2,18
22,13,2026,2,26,9,5,5,18
22,18,2026,2,26,10,2,4,16
22,21,2026,2,26,11,6,6,16
22,27,2026,2,26,10,2,0,18
22,32,2026,2,26,9,4,2,20
22,38,2026,2,26,8,2,3,19
22,41,2026,2,26,7,3,9,13
22,48,2026,2,26,5,3,6,10
23,0,2026,2,26,5,4,0,14
23,4,2026,2,26,7,3,2,15
23,9,2026,2,26,8,4,2,17
23,13,2026,2,26,9,2,1,18
23,18,2026,2,26,10,2,9,11
23,21,2026,2,26,11,4,6,9
23,27,2026,2,26,10,4,1,12
23,32,2026,2,26,9,4,2,14
23,38,2026,2,26,8,3,5,12
23,41,2026,2,26,7,3,5,10
23,48,2026,2,26,5,0,10,0
6,0,2026,2,27,5,13,0,13
6,4,2026,2,27,7,4,1,16
6,9,2026,2,27,8,18,0,34
6,13,2026,2,27,9,7,1,40
6,18,2026,2,27,10,19,14,45
6,21,2026,2,27,11,19,19,45
6,27,2026,2,27,10,20,4,61
6,32,2026,2,27,9,18,13,66
6,38,2026,2,27,8,7,13,60
6,41,2026,2,27,7,2,23,39
6,48,2026,2,27,5,15,20,34
7,0,2026,2,27,5,17,0,51
7,4,2026,2,27,7,5,26,30
7,9,2026,2,27,8,20,2,48
7,13,2026,2,27,9,11,9,50
7,18,2026,2,27,10,9,6,53
7,21,2026,2,27,11,14,21,46
7,27,2026,2,27,10,10,3,53
7,32,2026,2,27,9,10,6,57
7,38,2026,2,27,8,13,11,59
7,41,2026,2,27,7,5,23,41
7,48,2026,2,27,5,6,15,32
8,0,2026,2,27,5,18,0,50
8,4,2026,2,27,7,3,19,34
8,9,2026,2,27,8,8,2,40
8,13,2026,2,27,9,17,7,50
8,18,2026,2,27,10,5,10,45
8,21,2026,2,27,11,20,18,47
8,27,2026,2,27,10,15,4,58
8,32,2026,2,27,9,5,12,51
8,38,2026,2,27,8,11,11,51
8,41,2026,2,27,7,2,20,33
8,48,2026,2,27,5,14,10,37
9,0,2026,2,27,5,6,0,43
9,4,2026,2,27,7,1,16,28
9,9,2026,2,27,8,6,1,33
9,13,2026,2,27,9,2,8,27
9,18,2026,2,27,10,3,5,25
9,21,2026,2,27,11,2,15,12
9,27,2026,2,27,10,4,0,16
9,32,2026,2,27,9,3,1,18
9,38,2026,2,27,8,3,0,21
9,41,2026,2,27,7,3,18,6
9,48,2026,2,27,5,2,3,5
10,0,2026,2,27,5,3,0,8
10,4,2026,2,27,7,5,2,11
10,9,2026,2,27,8,5,5,11
10,13,2026,2,27,9,2,2,11
10,18,2026,2,27,10,3,3,11
10,21,2026,2,27,11,3,7,7
10,27,2026,2,27,10,3,0,10
10,32,2026,2,27,9,5,0,15
10,38,2026,2,27,8,5,2,18
10,41,2026,2,27,7,5,0,23
10,48,2026,2,27,5,4,11,16
11,0,2026,2,27,5,3,0,19
11,4,2026,2,27,7,6,0,25
11,9,2026,2,27,8,2,2,25
11,13,2026,2,27,9,5,6,24
11,18,2026,2,27,10,6,7,23
11,21,2026,2,27,11,3,14,12
11,27,2026,2,27,10,6,2,16
11,32,2026,2,27,9,6,1,21
11,38,2026,2,27,8,6,7,20
11,41,2026,2,27,7,3,9,14
11,48,2026,2,27,5,5,8,11
12,0,2026,2,27,5,6,0,17
12,4,2026,2,27,7,3,2,18
12,9,2026,2,27,8,3,3,18
12,13,2026,2,27,9,5,5,18
12,18,2026,2,27,10,5,13,10
12,21,2026,2,27,11,3,5,8
12,27,2026,2,27,10,4,2,10
12,32,2026,2,27,9,4,2,12
12,38,2026,2,27,8,3,4,11
12,41,2026,2,27,7,5,2,14
12,48,2026,2,27,5,3,4,13
13,0,2026,2,27,5,2,0,15
13,4,2026,2,27,7,26,2,39
13,9,2026,2,27,8,6,6,39
13,13,2026,2,27,9,5,16,28
13,18,2026,2,27,10,3,6,25
13,21,2026,2,27,11,5,10,20
13,27,2026,2,27,10,6,2,24
13,32,2026,2,27,9,6,2,28
13,38,2026,2,27,8,4,9,23
13,41,2026,2,27,7,7,3,27
13,48,2026,2,27,5,4,16,15
14,0,2026,2,27,5,3,0,18
14,4,2026,2,27,7,27,1,44
14,9,2026,2,27,8,5,6,43
14,13,2026,2,27,9,5,11,37
14,18,2026,2,27,10,6,13,30
14,21,2026,2,27,11,4,12,22
14,27,2026,2,27,10,4,1,25
14,32,2026,2,27,9,3,8,20
14,38,2026,2,27,8,6,4,22
14,41,2026,2,27,7,9,3,28
14,48,2026,2,27,5,6,18,16
15,0,2026,2,27,5,5,0,21
15,4,2026,2,27,7,19,3,37
15,9,2026,2,27,8,2,3,36
15,13,2026,2,27,9,3,9,30
15,18,2026,2,27,10,5,15,20
15,21,2026,2,27,11,2,12,10
15,27,2026,2,27,10,4,0,14
15,32,2026,2,27,9,4,1,17
15,38,2026,2,27,8,2,1,18
15,41,2026,2,27,7,32,3,47
15,48,2026,2,27,5,3,15,35
16,0,2026,2,27,5,6,0,41
16,4,2026,2,27,7,3,4,40
16,9,2026,2,27,8,4,8,36
16,13,2026,2,27,9,2,11,27
16,18,2026,2,27,10,2,10,19
16,21,2026,2,27,11,3,14,8
16,27,2026,2,27,10,3,0,11
16,32,2026,2,27,9,3,2,12
16,38,2026,2,27,8,4,2,14
16,41,2026,2,27,7,3,5,12
16,48,2026,2,27,5,2,8,6
17,0,2026,2,27,5,3,0,9
17,4,2026,2,27,7,4,2,11
17,9,2026,2,27,8,5,2,14
17,13,2026,2,27,9,4,4,14
17,18,2026,2,27,10,4,4,14
17,21,2026,2,27,11,2,5,11
17,27,2026,2,27,10,6,0,17
17,32,2026,2,27,9,6,3,20
17,38,2026,2,27,8,3,4,19
17,41,2026,2,27,7,6,4,21
17,48,2026,2,27,5,5,8,18
18,0,2026,2,27,5,6,0,24
18,4,2026,2,27,7,6,5,25
18,9,2026,2,27,8,4,7,22
18,13,2026,2,27,9,6,6,22
18,18,2026,2,27,10,3,8,17
18,21,2026,2,27,11,5,8,14
18,27,2026,2,27,10,3,1,16
18,32,2026,2,27,9,3,1,18
18,38,2026,2,27,8,3,2,19
18,41,2026,2,27,7,4,11,12
18,48,2026,2,27,5,2,5,9
19,0,2026,2,27,5,6,0,15
19,4,2026,2,27,7,3,2,16
19,9,2026,2,27,8,3,3,16
19,13,2026,2,27,9,3,4,15
19,18,2026,2,27,10,3,6,12
19,21,2026,2,27,11,6,5,13
19,27,2026,2,27,10,3,2,14
19,32,2026,2,27,9,2,2,14
19,38,2026,2,27,8,6,3,17
19,41,2026,2,27,7,2,3,16
19,48,2026,2,27,5,5,9,12
20,0,2026,2,27,5,3,0,15
20,4,2026,2,27,7,2,1,16
20,9,2026,2,27,8,6,2,20
20,13,2026,2,27,9,6,6,20
20,18,2026,2,27,10,5,5,20
20,21,2026,2,27,11,6,9,17
20,27,2026,2,27,10,6,1,22
20,32,2026,2,27,9,4,4,22
20,38,2026,2,27,8,2,5,19
20,41,2026,2,27,7,5,6,18
20,48,2026,2,27,5,5,10,13
21,0,2026,2,27,5,3,0,16
21,4,2026,2,27,7,6,2,20
21,9,2026,2,27,8,3,6,17
21,13,2026,2,27,9,4,2,19
21,18,2026,2,27,10,3,5,17
21,21,2026,2,27,11,4,11,10
21,27,2026,2,27,10,2,0,12
21,32,2026,2,27,9,4,3,13
21,38,2026,2,27,8,6,5,14
21,41,2026,2,27,7,2,1,15
21,48,2026,2,27,5,3,5,13
22,0,2026,2,27,5,5,0,18
22,4,2026,2,27,7,5,2,21
22,9,2026,2,27,8,3,1,23
22,13,2026,2,27,9,3,4,22
22,18,2026,2,27,10,4,9,17
22,21,2026,2,27,11,6,9,14
22,27,2026,2,27,10,2,1,15
22,32,2026,2,27,9,2,1,16
22,38,2026,2,27,8,6,3,19
22,41,2026,2,27,7,5,4,20
22,48,2026,2,27,5,3,11,12
23,0,2026,2,27,5,2,0,14
23,4,2026,2,27,7,6,0,20
23,9,2026,2,27,8,5,4,21
23,13,2026,2,27,9,4,6,19
23,18,2026,2,27,10,5,10,14
23,21,2026,2,27,11,3,6,11
23,27,2026,2,27,10,3,2,12
23,32,2026,2,27,9,5,3,14
23,38,2026,2,27,8,5,3,16
23,41,2026,2,27,7,5,10,11
23,48,2026,2,27,5,0,11,0
6,0,2026,2,28,5,20,0,20
6,4,2026,2,28,7,6,3,23
6,9,2026,2,28,8,9,7,25
6,13,2026,2,28,9,14,8,31
6,18,2026,2,28,10,21,9,43
6,21,2026,2,28,11,9,15,37
6,27,2026,2,28,10,7,4,40
6,32,2026,2,28,9,20,5,55
6,38,2026,2,28,8,18,17,56
6,41,2026,2,28,7,6,16,46
6,48,2026,2,28,5,13,18,41
7,0,2026,2,28,5,22,0,63
7,4,2026,2,28,7,5,23,45
7,9,2026,2,28,8,10,5,50
7,13,2026,2,28,9,17,14,53
7,18,2026,2,28,10,9,17,45
7,21,2026,2,28,11,16,15,46
7,27,2026,2,28,10,6,1,51
7,32,2026,2,28,9,9,6,54
7,38,2026,2,28,8,7,11,50
7,41,2026,2,28,7,2,24,28
7,48,2026,2,28,5,20,16,32
8,0,2026,2,28,5,22,0,54
8,4,2026,2,28,7,1,29,26
8,9,2026,2,28,8,10,7,29
8,13,2026,2,28,9,17,6,40
8,18,2026,2,28,10,20,9,51
8,21,2026,2,28,11,14,18,47
8,27,2026,2,28,10,6,5,48
8,32,2026,2,28,9,5,7,46
8,38,2026,2,28,8,17,12,51
8,41,2026,2,28,7,3,20,34
8,48,2026,2,28,5,20,16,38
9,0,2026,2,28,5,4,0,42
9,4,2026,2,28,7,4,15,31
9,9,2026,2,28,8,5,5,31
9,13,2026,2,28,9,3,10,24
9,18,2026,2,28,10,4,9,19
9,21,2026,2,28,11,3,7,15
9,27,2026,2,28,10,4,0,19
9,32,2026,2,28,9,2,0,21
9,38,2026,2,28,8,4,0,25
9,41,2026,2,28,7,5,20,10
9,48,2026,2,28,5,3,3,10
10,0,2026,2,28,5,4,0,14
10,4,2026,2,28,7,6,1,19
10,9,2026,2,28,8,4,4,19
10,13,2026,2,28,9,2,4,17
10,18,2026,2,28,10,2,5,14
10,21,2026,2,28,11,2,6,10
10,27,2026,2,28,10,3,0,13
10,32,2026,2,28,9,2,3,12
10,38,2026,2,28,8,5,3,14
10,41,2026,2,28,7,2,6,10
10,48,2026,2,28,5,4,6,8
11,0,2026,2,28,5,5,0,13
11,4,2026,2,28,7,5,3,15
11,9,2026,2,28,8,3,1,17
11,13,2026,2,28,9,3,3,17
11,18,2026,2,28,10,6,8,15
11,21,2026,2,28,11,6,4,17
11,27,2026,2,28,10,5,1,21
11,32,2026,2,28,9,5,5,21
11,38,2026,2,28,8,2,5,18
11,41,2026,2,28,7,2,8,12
11,48,2026,2,28,5,4,7,9
12,0,2026,2,28,5,3,0,12
12,4,2026,2,28,7,6,1,17
12,9,2026,2,28,8,5,2,20
12,13,2026,2,28,9,5,3,22
12,18,2026,2,28,10,6,7,21
12,21,2026,2,28,11,2,11,12
12,27,2026,2,28,10,6,0,18
12,32,2026,2,28,9,3,2,19
12,38,2026,2,28,8,3,7,15
12,41,2026,2,28,7,4,7,12
12,48,2026,2,28,5,6,3,15
13,0,2026,2,28,5,3,0,18
13,4,2026,2,28,7,16,2,32
13,9,2026,2,28,8,6,6,32
13,13,2026,2,28,9,6,9,29
13,18,2026,2,28,10,5,13,21
13,21,2026,2,28,11,5,8,18
13,27,2026,2,28,10,3,1,20
13,32,2026,2,28,9,6,4,22
13,38,2026,2,28,8,2,3,21
13,41,2026,2,28,7,20,5,36
13,48,2026,2,28,5,4,14,26
14,0,2026,2,28,5,5,0,31
14,4,2026,2,28,7,9,1,39
14,9,2026,2,28,8,2,6,35
14,13,2026,2,28,9,4,4,35
14,18,2026,2,28,10,4,17,22
14,21,2026,2,28,11,5,17,10
14,27,2026,2,28,10,3,3,10
14,32,2026,2,28,9,2,2,10
14,38,2026,2,28,8,5,1,14
14,41,2026,2,28,7,18,2,30
14,48,2026,2,28,5,2,9,23
15,0,2026,2,28,5,4,0,27
15,4,2026,2,28,7,22,2,47
15,9,2026,2,28,8,4,9,42
15,13,2026,2,28,9,5,14,33
15,18,2026,2,28,10,4,12,25
15,21,2026,2,28,11,6,16,15
15,27,2026,2,28,10,3,2,16
15,32,2026,2,28,9,3,5,14
15,38,2026,2,28,8,4,4,14
15,41,2026,2,28,7,8,6,16
15,48,2026,2,28,5,3,6,13
16,0,2026,2,28,5,5,0,18
16,4,2026,2,28,7,2,2,18
16,9,2026,2,28,8,2,3,17
16,13,2026,2,28,9,4,8,13
16,18,2026,2,28,10,3,4,12
16,21,2026,2,28,11,4,6,10
16,27,2026,2,28,10,3,0,13
16,32,2026,2,28,9,4,2,15
16,38,2026,2,28,8,5,6,14
16,41,2026,2,28,7,4,6,12
16,48,2026,2,28,5,2,6,8
17,0,2026,2,28,5,4,0,12
17,4,2026,2,28,7,5,3,14
17,9,2026,2,28,8,4,0,18
17,13,2026,2,28,9,4,5,17
17,18,2026,2,28,10,4,6,15
17,21,2026,2,28,11,2,5,12
17,27,2026,2,28,10,4,1,15
17,32,2026,2,28,9,3,2,16
17,38,2026,2,28,8,6,5,17
17,41,2026,2,28,7,5,4,18
17,48,2026,2,28,5,5,7,16
18,0,2026,2,28,5,6,0,22
18,4,2026,2,28,7,3,3,22
18,9,2026,2,28,8,5,2,25
18,13,2026,2,28,9,4,7,22
18,18,2026,2,28,10,4,10,16
18,21,2026,2,28,11,2,11,7
18,27,2026,2,28,10,6,0,13
18,32,2026,2,28,9,4,1,16
18,38,2026,2,28,8,5,2,19
18,41,2026,2,28,7,6,11,14
18,48,2026,2,28,5,3,4,13
19,0,2026,2,28,5,5,0,18
19,4,2026,2,28,7,4,3,19
19,9,2026,2,28,8,5,2,22
19,13,2026,2,28,9,6,5,23
19,18,2026,2,28,10,2,10,15
19,21,2026,2,28,11,3,6,12
19,27,2026,2,28,10,4,0,16
19,32,2026,2,28,9,3,1,18
19,38,2026,2,28,8,2,4,16
19,41,2026,2,28,7,5,5,16
19,48,2026,2,28,5,2,9,9
20,0,2026,2,28,5,3,0,12
20,4,2026,2,28,7,6,1,17
20,9,2026,2,28,8,5,1,21
20,13,2026,2,28,9,2,4,19
20,18,2026,2,28,10,3,9,13
20,21,2026,2,28,11,3,3,13
20,27,2026,2,28,10,2,1,14
20,32,2026,2,28,9,2,2,14
20,38,2026,2,28,8,4,2,16
20,41,2026,2,28,7,6,8,14
20,48,2026,2,28,5,6,6,14
21,0,2026,2,28,5,3,0,17
21,4,2026,2,28,7,5,1,21
21,9,2026,2,28,8,6,4,23
21,13,2026,2,28,9,4,9,18
21,18,2026,2,28,10,3,5,16
21,21,2026,2,28,11,6,9,13
21,27,2026,2,28,10,4,2,15
21,32,2026,2,28,9,5,1,19
21,38,2026,2,28,8,3,5,17
21,41,2026,2,28,7,4,3,18
21,48,2026,2,28,5,6,6,18
22,0,2026,2,28,5,6,0,24
22,4,2026,2,28,7,5,2,27
22,9,2026,2,28,8,2,2,27
22,13,2026,2,28,9,3,9,21
22,18,2026,2,28,10,2,8,15
22,21,2026,2,28,11,6,11,10
22,27,2026,2,28,10,4,0,14
22,32,2026,2,28,9,3,2,15
22,38,2026,2,28,8,6,3,18
22,41,2026,2,28,7,6,5,19
22,48,2026,2,28,5,4,7,16
23,0,2026,2,28,5,4,0,20
23,4,2026,2,28,7,3,1,22
23,9,2026,2,28,8,5,0,27
23,13,2026,2,28,9,3,8,22
23,18,2026,2,28,10,6,11,17
23,21,2026,2,28,11,3,5,15
23,27,2026,2,28,10,5,1,19
23,32,2026,2,28,9,3,2,20
23,38,2026,2,28,8,2,5,17
23,41,2026,2,28,7,3,7,13
23,48,2026,2,28,5,0,13,0
6,0,2026,3,1,5,5,0,5
6,4,2026,3,1,7,3,0,8
6,9,2026,3,1,8,8,2,14
6,13,2026,3,1,9,10,3,21
6,18,2026,3,1,10,19,11,29
6,21,2026,3,1,11,9,11,27
6,27,2026,3,1,10,21,1,47
6,32,2026,3,1,9,19,10,56
6,38,2026,3,1,8,11,13,54
6,41,2026,3,1,7,6,19,41
6,48,2026,3,1,5,19,23,37
7,0,2026,3,1,5,16,0,53
7,4,2026,3,1,7,2,24,31
7,9,2026,3,1,8,11,2,40
7,13,2026,3,1,9,18,7,51
7,18,2026,3,1,10,7,9,49
7,21,2026,3,1,11,12,18,43
7,27,2026,3,1,10,6,3,46
7,32,2026,3,1,9,9,6,49
7,38,2026,3,1,8,9,12,46
7,41,2026,3,1,7,1,20,27
7,48,2026,3,1,5,20,16,31
8,0,2026,3,1,5,10,0,41
8,4,2026,3,1,7,3,23,21
8,9,2026,3,1,8,12,4,29
8,13,2026,3,1,9,13,5,37
8,18,2026,3,1,10,10,10,37
8,21,2026,3,1,11,18,7,48
8,27,2026,3,1,10,19,5,62
8,32,2026,3,1,9,16,14,64
8,38,2026,3,1,8,7,12,59
8,41,2026,3,1,7,1,26,34
8,48,2026,3,1,5,13,16,31
9,0,2026,3,1,5,4,0,35
9,4,2026,3,1,7,3,12,26
9,9,2026,3,1,8,3,0,29
9,13,2026,3,1,9,3,5,27
9,18,2026,3,1,10,2,10,19
9,21,2026,3,1,11,2,14,7
9,27,2026,3,1,10,4,0,11
9,32,2026,3,1,9,3,2,12
9,38,2026,3,1,8,5,1,16
9,41,2026,3,1,7,5,10,11
9,48,2026,3,1,5,3,2,12
10,0,2026,3,1,5,4,0,16
10,4,2026,3,1,7,5,2,19
10,9,2026,3,1,8,2,1,20
10,13,2026,3,1,9,2,4,18
10,18,2026,3,1,10,6,10,14
10,21,2026,3,1,11,5,7,12
10,27,2026,3,1,10,6,2,16
10,32,2026,3,1,9,5,1,20
10,38,2026,3,1,8,3,4,19
10,41,2026,3,1,7,2,6,15
10,48,2026,3,1,5,2,9,8
11,0,2026,3,1,5,4,0,12
11,4,2026,3,1,7,4,2,14
11,9,2026,3,1,8,6,1,19
11,13,2026,3,1,9,3,3,19
11,18,2026,3,1,10,3,8,14
11,21,2026,3,1,11,5,4,15
11,27,2026,3,1,10,3,1,17
11,32,2026,3,1,9,6,4,19
11,38,2026,3,1,8,4,4,19
11,41,2026,3,1,7,4,10,13
11,48,2026,3,1,5,4,7,10
12,0,2026,3,1,5,6,0,16
12,4,2026,3,1,7,4,1,19
12,9,2026,3,1,8,2,2,19
12,13,2026,3,1,9,4,5,18
12,18,2026,3,1,10,3,7,14
12,21,2026,3,1,11,2,6,10
12,27,2026,3,1,10,6,0,16
12,32,2026,3,1,9,5,1,20
12,38,2026,3,1,8,3,4,19
12,41,2026,3,1,7,5,6,18
12,48,2026,3,1,5,4,13,9
13,0,2026,3,1,5,3,0,12
13,4,2026,3,1,7,26,0,38
13,9,2026,3,1,8,3,9,32
13,13,2026,3,1,9,3,9,26
13,18,2026,3,1,10,5,11,20
13,21,2026,3,1,11,5,9,16
13,27,2026,3,1,10,5,0,21
13,32,2026,3,1,9,6,6,21
13,38,2026,3,1,8,4,6,19
13,41,2026,3,1,7,9,0,28
13,48,2026,3,1,5,3,14,17
14,0,2026,3,1,5,3,0,20
14,4,2026,3,1,7,30,1,49
14,9,2026,3,1,8,6,7,48
14,13,2026,3,1,9,6,10,44
14,18,2026,3,1,10,3,16,31
14,21,2026,3,1,11,2,17,16
14,27,2026,3,1,10,6,1,21
14,32,2026,3,1,9,2,1,22
14,38,2026,3,1,8,4,8,18
14,41,2026,3,1,7,12,1,29
14,48,2026,3,1,5,6,14,21
15,0,2026,3,1,5,4,0,25
15,4,2026,3,1,7,12,3,34
15,9,2026,3,1,8,6,3,37
15,13,2026,3,1,9,3,5,35
15,18,2026,3,1,10,6,16,25
15,21,2026,3,1,11,2,15,12
15,27,2026,3,1,10,5,2,15
15,32,2026,3,1,9,6,2,19
15,38,2026,3,1,8,4,6,17
15,41,2026,3,1,7,26,5,38
15,48,2026,3,1,5,5,6,37
16,0,2026,3,1,5,5,0,42
16,4,2026,3,1,7,4,2,44
16,9,2026,3,1,8,3,10,37
16,13,2026,3,1,9,2,21,18
16,18,2026,3,1,10,3,7,14
16,21,2026,3,1,11,6,10,10
16,27,2026,3,1,10,2,0,12
16,32,2026,3,1,9,5,1,16
16,38,2026,3,1,8,5,6,15
16,41,2026,3,1,7,3,3,15
16,48,2026,3,1,5,5,7,13
17,0,2026,3,1,5,6,0,19
17,4,2026,3,1,7,5,2,22
17,9,2026,3,1,8,3,5,20
17,13,2026,3,1,9,2,6,16
17,18,2026,3,1,10,4,7,13
17,21,2026,3,1,11,4,7,10
17,27,2026,3,1,10,5,1,14
17,32,2026,3,1,9,2,1,15
17,38,2026,3,1,8,4,2,17
17,41,2026,3,1,7,5,8,14
17,48,2026,3,1,5,4,7,11
18,0,2026,3,1,5,6,0,17
18,4,2026,3,1,7,2,2,17
18,9,2026,3,1,8,5,3,19
18,13,2026,3,1,9,5,5,19
18,18,2026,3,1,10,5,5,19
18,21,2026,3,1,11,3,8,14
18,27,2026,3,1,10,4,0,18
18,32,2026,3,1,9,5,2,21
18,38,2026,3,1,8,2,4,19
18,41,2026,3,1,7,3,5,17
18,48,2026,3,1,5,5,11,11
19,0,2026,3,1,5,3,0,14
19,4,2026,3,1,7,5,3,16
19,9,2026,3,1,8,4,4,16
19,13,2026,3,1,9,2,5,13
19,18,2026,3,1,10,2,6,9
19,21,2026,3,1,11,3,4,8
19,27,2026,3,1,10,2,2,8
19,32,2026,3,1,9,2,2,8
19,38,2026,3,1,8,2,0,10
19,41,2026,3,1,7,3,5,8
19,48,2026,3,1,5,6,4,10
20,0,2026,3,1,5,2,0,12
20,4,2026,3,1,7,5,0,17
20,9,2026,3,1,8,2,6,13
20,13,2026,3,1,9,2,7,8
20,18,2026,3,1,10,4,4,8
20,21,2026,3,1,11,5,3,10
20,27,2026,3,1,10,5,1,14
20,32,2026,3,1,9,3,3,14
20,38,2026,3,1,8,3,2,15
20,41,2026,3,1,7,5,5,15
20,48,2026,3,1,5,3,8,10
21,0,2026,3,1,5,3,0,13
21,4,2026,3,1,7,4,1,16
21,9,2026,3,1,8,2,4,14
21,13,2026,3,1,9,3,4,13
21,18,2026,3,1,10,5,4,14
21,21,2026,3,1,11,4,6,12
21,27,2026,3,1,10,5,0,17
21,32,2026,3,1,9,5,5,17
21,38,2026,3,1,8,6,4,19
21,41,2026,3,1,7,2,5,16
21,48,2026,3,1,5,6,5,17
22,0,2026,3,1,5,3,0,20
22,4,2026,3,1,7,4,2,22
22,9,2026,3,1,8,2,1,23
22,13,2026,3,1,9,6,4,25
22,18,2026,3,1,10,3,8,20
22,21,2026,3,1,11,3,12,11
22,27,2026,3,1,10,6,1,16
22,32,2026,3,1,9,3,3,16
22,38,2026,3,1,8,3,2,17
22,41,2026,3,1,7,6,3,20
22,48,2026,3,1,5,4,12,12
23,0,2026,3,1,5,4,0,16
23,4,2026,3,1,7,5,2,19
23,9,2026,3,1,8,6,5,20
23,13,2026,3,1,9,5,8,17
23,18,2026,3,1,10,2,5,14
23,21,2026,3,1,11,2,8,8
23,27,2026,3,1,10,3,0,11
23,32,2026,3,1,9,3,3,11
23,38,2026,3,1,8,3,4,10
23,41,2026,3,1,7,4,4,10
23,48,2026,3,1,5,0,10,0
6,0,2026,3,2,5,8,0,8
6,4,2026,3,2,7,3,1,10
6,9,2026,3,2,8,11,3,18
6,13,2026,3,2,9,19,1,36
6,18,2026,3,2,10,14,7,43
6,21,2026,3,2,11,10,18,35
6,27,2026,3,2,10,19,2,52
6,32,2026,3,2,9,6,9,49
6,38,2026,3,2,8,21,15,55
6,41,2026,3,2,7,4,19,40
6,48,2026,3,2,5,7,22,25
7,0,2026,3,2,5,22,0,47
7,4,2026,3,2,7,5,18,34
7,9,2026,3,2,8,19,7,46
7,13,2026,3,2,9,10,10,46
7,18,2026,3,2,10,9,13,42
7,21,2026,3,2,11,15,11,46
7,27,2026,3,2,10,15,3,58
7,32,2026,3,2,9,12,11,59
7,38,2026,3,2,8,13,14,58
7,41,2026,3,2,7,1,22,37
7,48,2026,3,2,5,16,12,41
8,0,2026,3,2,5,5,0,46
8,4,2026,3,2,7,5,11,40
8,9,2026,3,2,8,15,5,50
8,13,2026,3,2,9,10,6,54
8,18,2026,3,2,10,21,11,64
8,21,2026,3,2,11,22,20,66
8,27,2026,3,2,10,1,1,66
8,32,2026,3,2,9,8,8,66
8,38,2026,3,2,8,13,17,62
8,41,2026,3,2,7,1,33,30
8,48,2026,3,2,5,18,16,32
9,0,2026,3,2,5,4,0,36
9,4,2026,3,2,7,5,18,23
9,9,2026,3,2,8,3,2,24
9,13,2026,3,2,9,4,5,23
9,18,2026,3,2,10,6,8,21
9,21,2026,3,2,11,2,10,13
9,27,2026,3,2,10,5,0,18
9,32,2026,3,2,9,6,1,23
9,38,2026,3,2,8,5,2,26
9,41,2026,3,2,7,5,20,11
9,48,2026,3,2,5,2,2,11
10,0,2026,3,2,5,3,0,14
10,4,2026,3,2,7,4,3,15
10,9,2026,3,2,8,2,4,13
10,13,2026,3,2,9,2,6,9
10,18,2026,3,2,10,4,3,10
10,21,2026,3,2,11,3,3,10
10,27,2026,3,2,10,3,0,13
10,32,2026,3,2,9,4,2,15
10,38,2026,3,2,8,5,5,15
10,41,2026,3,2,7,6,5,16
10,48,2026,3,2,5,3,6,13
11,0,2026,3,2,5,2,0,15
11,4,2026,3,2,7,6,1,20
11,9,2026,3,2,8,2,2,20
11,13,2026,3,2,9,5,6,19
11,18,2026,3,2,10,6,8,17
11,21,2026,3,2,11,4,3,18
11,27,2026,3,2,10,2,1,19
11,32,2026,3,2,9,2,4,17
11,38,2026,3,2,8,4,5,16
11,41,2026,3,2,7,3,5,14
11,48,2026,3,2,5,4,7,11
12,0,2026,3,2,5,5,0,16
12,4,2026,3,2,7,6,3,19
12,9,2026,3,2,8,6,7,18
12,13,2026,3,2,9,6,3,21
12,18,2026,3,2,10,2,8,15
12,21,2026,3,2,11,6,6,15
12,27,2026,3,2,10,2,0,17
12,32,2026,3,2,9,2,3,16
12,38,2026,3,2,8,2,6,12
12,41,2026,3,2,7,5,5,12
12,48,2026,3,2,5,6,4,14
13,0,2026,3,2,5,4,0,18
13,4,2026,3,2,7,25,0,43
13,9,2026,3,2,8,6,10,39
13,13,2026,3,2,9,3,7,35
13,18,2026,3,2,10,4,12,27
13,21,2026,3,2,11,4,12,19
13,27,2026,3,2,10,2,0,21
13,32,2026,3,2,9,2,5,18
13,38,2026,3,2,8,4,4,18
13,41,2026,3,2,7,23,1,40
13,48,2026,3,2,5,4,20,24
14,0,2026,3,2,5,6,0,30
14,4,2026,3,2,7,10,0,40
14,9,2026,3,2,8,3,9,34
14,13,2026,3,2,9,5,15,24
14,18,2026,3,2,10,6,10,20
14,21,2026,3,2,11,3,10,13
14,27,2026,3,2,10,2,0,15
14,32,2026,3,2,9,5,1,19
14,38,2026,3,2,8,2,6,15
14,41,2026,3,2,7,7,4,18
14,48,2026,3,2,5,3,10,11
15,0,2026,3,2,5,3,0,14
15,4,2026,3,2,7,31,1,44
15,9,2026,3,2,8,4,10,38
15,13,2026,3,2,9,2,6,34
15,18,2026,3,2,10,4,11,27
15,21,2026,3,2,11,4,14,17
15,27,2026,3,2,10,3,0,20
15,32,2026,3,2,9,3,0,23
15,38,2026,3,2,8,3,4,22
15,41,2026,3,2,7,24,4,42
15,48,2026,3,2,5,3,15,30
16,0,2026,3,2,5,3,0,33
16,4,2026,3,2,7,2,1,34
16,9,2026,3,2,8,4,7,31
16,13,2026,3,2,9,4,7,28
16,18,2026,3,2,10,4,12,20
16,21,2026,3,2,11,2,10,12
16,27,2026,3,2,10,4,0,16
16,32,2026,3,2,9,5,2,19
16,38,2026,3,2,8,5,5,19
16,41,2026,3,2,7,4,10,13
16,48,2026,3,2,5,6,9,10
17,0,2026,3,2,5,5,0,15
17,4,2026,3,2,7,3,1,17
17,9,2026,3,2,8,2,4,15
17,13,2026,3,2,9,6,8,13
17,18,2026,3,2,10,4,2,15
17,21,2026,3,2,11,6,4,17
17,27,2026,3,2,10,5,3,19
17,32,2026,3,2,9,2,3,18
17,38,2026,3,2,8,6,6,18
17,41,2026,3,2,7,5,6,17
17,48,2026,3,2,5,3,10,10
18,0,2026,3,2,5,3,0,13
18,4,2026,3,2,7,5,2,16
18,9,2026,3,2,8,5,4,17
18,13,2026,3,2,9,2,6,13
18,18,2026,3,2,10,6,5,14
18,21,2026,3,2,11,4,5,13
18,27,2026,3,2,10,5,0,18
18,32,2026,3,2,9,5,2,21
18,38,2026,3,2,8,5,4,22
18,41,2026,3,2,7,5,5,22
18,48,2026,3,2,5,5,9,18
19,0,2026,3,2,5,5,0,23
19,4,2026,3,2,7,5,3,25
19,9,2026,3,2,8,6,2,29
19,13,2026,3,2,9,2,4,27
19,18,2026,3,2,10,6,11,22
19,21,2026,3,2,11,5,12,15
19,27,2026,3,2,10,2,2,15
19,32,2026,3,2,9,4,1,18
19,38,2026,3,2,8,2,3,17
19,41,2026,3,2,7,3,6,14
19,48,2026,3,2,5,2,8,8
20,0,2026,3,2,5,4,0,12
20,4,2026,3,2,7,3,0,15
20,9,2026,3,2,8,6,4,17
20,13,2026,3,2,9,4,6,15
20,18,2026,3,2,10,3,1,17
20,21,2026,3,2,11,2,7,12
20,27,2026,3,2,10,4,2,14
20,32,2026,3,2,9,5,0,19
20,38,2026,3,2,8,3,3,19
20,41,2026,3,2,7,3,7,15
20,48,2026,3,2,5,4,8,11
21,0,2026,3,2,5,5,0,16
21,4,2026,3,2,7,6,0,22
21,9,2026,3,2,8,4,2,24
21,13,2026,3,2,9,3,9,18
21,18,2026,3,2,10,5,5,18
21,21,2026,3,2,11,2,12,8
21,27,2026,3,2,10,2,1,9
21,32,2026,3,2,9,2,3,8
21,38,2026,3,2,8,6,4,10
21,41,2026,3,2,7,5,3,12
21,48,2026,3,2,5,4,5,11
22,0,2026,3,2,5,2,0,13
22,4,2026,3,2,7,5,1,17
22,9,2026,3,2,8,2,3,16
22,13,2026,3,2,9,3,5,14
22,18,2026,3,2,10,6,7,13
22,21,2026,3,2,11,3,6,10
22,27,2026,3,2,10,6,0,16
22,32,2026,3,2,9,5,3,18
22,38,2026,3,2,8,4,3,19
22,41,2026,3,2,7,4,7,16
22,48,2026,3,2,5,4,8,12
23,0,2026,3,2,5,4,0,16
23,4,2026,3,2,7,5,2,19
23,9,2026,3,2,8,2,6,15
23,13,2026,3,2,9,6,2,19
23,18,2026,3,2,10,2,3,18
23,21,2026,3,2,11,4,14,8
23,27,2026,3,2,10,2,0,10
23,32,2026,3,2,9,6,1,15
23,38,2026,3,2,8,6,5,16
23,41,2026,3,2,7,6,7,15
23,48,2026,3,2,5,0,15,0
6,0,2026,3,3,5,19,0,19
6,4,2026,3,3,7,6,3,22
6,9,2026,3,3,8,14,7,29
6,13,2026,3,3,9,18,10,37
6,18,2026,3,3,10,21,11,47
6,21,2026,3,3,11,7,15,39
6,27,2026,3,3,10,9,2,46
6,32,2026,3,3,9,9,8,47
6,38,2026,3,3,8,8,12,43
6,41,2026,3,3,7,3,18,28
6,48,2026,3,3,5,7,20,15
7,0,2026,3,3,5,11,0,26
7,4,2026,3,3,7,2,15,13
7,9,2026,3,3,8,5,4,14
7,13,2026,3,3,9,13,4,23
7,18,2026,3,3,10,6,2,27
7,21,2026,3,3,11,21,5,43
7,27,2026,3,3,10,18,1,60
7,32,2026,3,3,9,9,7,62
7,38,2026,3,3,8,11,10,63
7,41,2026,3,3,7,3,34,32
7,48,2026,3,3,5,22,13,41
8,0,2026,3,3,5,13,0,54
8,4,2026,3,3,7,3,25,32
8,9,2026,3,3,8,22,3,51
8,13,2026,3,3,9,7,8,50
8,18,2026,3,3,10,19,15,54
8,21,2026,3,3,11,6,12,48
8,27,2026,3,3,10,19,1,66
8,32,2026,3,3,9,10,10,66
8,38,2026,3,3,8,11,11,66
8,41,2026,3,3,7,4,36,34
8,48,2026,3,3,5,13,13,34
9,0,2026,3,3,5,5,0,39
9,4,2026,3,3,7,3,7,35
9,9,2026,3,3,8,6,4,37
9,13,2026,3,3,9,5,4,38
9,18,2026,3,3,10,5,14,29
9,21,2026,3,3,11,2,13,18
9,27,2026,3,3,10,5,0,23
9,32,2026,3,3,9,4,1,26
9,38,2026,3,3,8,6,4,28
9,41,2026,3,3,7,5,20,13
9,48,2026,3,3,5,5,5,13
10,0,2026,3,3,5,5,0,18
10,4,2026,3,3,7,2,3,17
10,9,2026,3,3,8,2,2,17
10,13,2026,3,3,9,4,5,16
10,18,2026,3,3,10,2,7,11
10,21,2026,3,3,11,4,5,10
10,27,2026,3,3,10,3,0,13
10,32,2026,3,3,9,3,1,15
10,38,2026,3,3,8,2,5,12
10,41,2026,3,3,7,6,6,12
10,48,2026,3,3,5,6,7,11
11,0,2026,3,3,5,5,0,16
11,4,2026,3,3,7,3,4,15
11,9,2026,3,3,8,5,2,18
11,13,2026,3,3,9,6,4,20
11,18,2026,3,3,10,3,4,19
11,21,2026,3,3,11,5,9,15
11,27,2026,3,3,10,3,1,17
11,32,2026,3,3,9,5,1,21
11,38,2026,3,3,8,4,1,24
11,41,2026,3,3,7,4,11,17
11,48,2026,3,3,5,5,8,14
12,0,2026,3,3,5,4,0,18
12,4,2026,3,3,7,4,1,21
12,9,2026,3,3,8,5,7,19
12,13,2026,3,3,9,4,5,18
12,18,2026,3,3,10,3,3,18
12,21,2026,3,3,11,5,10,13
12,27,2026,3,3,10,5,2,16
12,32,2026,3,3,9,6,2,20
12,38,2026,3,3,8,6,3,23
12,41,2026,3,3,7,6,6,23
12,48,2026,3,3,5,3,9,17
13,0,2026,3,3,5,3,0,20
13,4,2026,3,3,7,22,0,42
13,9,2026,3,3,8,6,5,43
13,13,2026,3,3,9,4,10,37
13,18,2026,3,3,10,6,17,26
13,21,2026,3,3,11,5,15,16
13,27,2026,3,3,10,2,3,15
13,32,2026,3,3,9,6,2,19
13,38,2026,3,3,8,6,8,17
13,41,2026,3,3,7,21,3,35
13,48,2026,3,3,5,4,9,30
14,0,2026,3,3,5,6,0,36
14,4,2026,3,3,7,21,1,56
14,9,2026,3,3,8,4,15,45
14,13,2026,3,3,9,6,15,36
14,18,2026,3,3,10,6,13,29
14,21,2026,3,3,11,6,17,18
14,27,2026,3,3,10,5,0,23
14,32,2026,3,3,9,6,4,25
14,38,2026,3,3,8,2,7,20
14,41,2026,3,3,7,27,4,43
14,48,2026,3,3,5,5,14,34
15,0,2026,3,3,5,4,0,38
15,4,2026,3,3,7,28,0,66
15,9,2026,3,3,8,6,12,60
15,13,2026,3,3,9,4,13,51
15,18,2026,3,3,10,6,20,37
15,21,2026,3,3,11,6,20,23
15,27,2026,3,3,10,2,0,25
15,32,2026,3,3,9,5,2,28
15,38,2026,3,3,8,3,7,24
15,41,2026,3,3,7,24,6,42
15,48,2026,3,3,5,4,20,26
16,0,2026,3,3,5,4,0,30
16,4,2026,3,3,7,4,0,34
16,9,2026,3,3,8,4,5,33
16,13,2026,3,3,9,4,6,31
16,18,2026,3,3,10,2,9,24
16,21,2026,3,3,11,2,19,7
16,27,2026,3,3,10,2,1,8
16,32,2026,3,3,9,4,0,12
16,38,2026,3,3,8,3,1,14
16,41,2026,3,3,7,3,3,14
16,48,2026,3,3,5,4,8,10
17,0,2026,3,3,5,5,0,15
17,4,2026,3,3,7,2,3,14
17,9,2026,3,3,8,6,4,16
17,13,2026,3,3,9,4,5,15
17,18,2026,3,3,10,5,6,14
17,21,2026,3,3,11,2,5,11
17,27,2026,3,3,10,3,0,14
17,32,2026,3,3,9,5,3,16
17,38,2026,3,3,8,3,5,14
17,41,2026,3,3,7,2,3,13
17,48,2026,3,3,5,6,6,13
18,0,2026,3,3,5,4,0,17
18,4,2026,3,3,7,5,2,20
18,9,2026,3,3,8,6,3,23
18,13,2026,3,3,9,4,9,18
18,18,2026,3,3,10,2,5,15
18,21,2026,3,3,11,5,7,13
18,27,2026,3,3,10,6,2,17
18,32,2026,3,3,9,3,3,17
18,38,2026,3,3,8,4,1,20
18,41,2026,3,3,7,3,5,18
18,48,2026,3,3,5,2,13,7
19,0,2026,3,3,5,2,0,9
19,4,2026,3,3,7,3,0,12
19,9,2026,3,3,8,2,1,13
19,13,2026,3,3,9,4,2,15
19,18,2026,3,3,10,2,9,8
19,21,2026,3,3,11,4,3,9
19,27,2026,3,3,10,6,1,14
19,32,2026,3,3,9,5,2,17
19,38,2026,3,3,8,2,3,16
19,41,2026,3,3,7,4,6,14
19,48,2026,3,3,5,6,9,11
20,0,2026,3,3,5,3,0,14
20,4,2026,3,3,7,2,2,14
20,9,2026,3,3,8,5,2,17
20,13,2026,3,3,9,5,3,19
20,18,2026,3,3,10,6,6,19
20,21,2026,3,3,11,2,9,12
20,27,2026,3,3,10,4,0,16
20,32,2026,3,3,9,2,6,12
20,38,2026,3,3,8,2,3,11
20,41,2026,3,3,7,5,3,13
20,48,2026,3,3,5,3,7,9
21,0,2026,3,3,5,5,0,14
21,4,2026,3,3,7,2,2,14
21,9,2026,3,3,8,5,1,18
21,13,2026,3,3,9,5,6,17
21,18,2026,3,3,10,6,3,20
21,21,2026,3,3,11,6,9,17
21,27,2026,3,3,10,4,4,17
21,32,2026,3,3,9,6,4,19
21,38,2026,3,3,8,5,3,21
21,41,2026,3,3,7,5,5,21
21,48,2026,3,3,5,2,9,14
22,0,2026,3,3,5,3,0,17
22,4,2026,3,3,7,6,2,21
22,9,2026,3,3,8,4,2,23
22,13,2026,3,3,9,2,7,18
22,18,2026,3,3,10,3,7,14
22,21,2026,3,3,11,4,9,9
22,27,2026,3,3,10,2,1,10
22,32,2026,3,3,9,2,0,12
22,38,2026,3,3,8,4,3,13
22,41,2026,3,3,7,2,4,11
22,48,2026,3,3,5,3,8,6
23,0,2026,3,3,5,2,0,8
23,4,2026,3,3,7,5,0,13
23,9,2026,3,3,8,6,2,17
23,13,2026,3,3,9,4,2,19
23,18,2026,3,3,10,3,7,15
23,21,2026,3,3,11,5,3,17
23,27,2026,3,3,10,2,1,18
23,32,2026,3,3,9,5,1,22
23,38,2026,3,3,8,5,7,20
23,41,2026,3,3,7,4,9,15
23,48,2026,3,3,5,0,15,0
6,0,2026,3,4,5,7,0,7
6,4,2026,3,4,7,3,2,8
6,9,2026,3,4,8,11,2,17
6,13,2026,3,4,9,15,4,28
6,18,2026,3,4,10,20,9,39
6,21,2026,3,4,11,6,9,36
6,27,2026,3,4,10,7,2,41
6,32,2026,3,4,9,19,10,50
6,38,2026,3,4,8,11,11,50
6,41,2026,3,4,7,2,17,35
6,48,2026,3,4,5,14,18,31
7,0,2026,3,4,5,14,0,45
7,4,2026,3,4,7,3,15,33
7,9,2026,3,4,8,11,3,41
7,13,2026,3,4,9,5,8,38
7,18,2026,3,4,10,14,14,38
7,21,2026,3,4,11,15,12,41
7,27,2026,3,4,10,9,3,47
7,32,2026,3,4,9,9,6,50
7,38,2026,3,4,8,13,10,53
7,41,2026,3,4,7,4,22,35
7,48,2026,3,4,5,15,12,38
8,0,2026,3,4,5,22,0,60
8,4,2026,3,4,7,1,28,33
8,9,2026,3,4,8,22,4,51
8,13,2026,3,4,9,10,7,54
8,18,2026,3,4,10,15,13,56
8,21,2026,3,4,11,9,19,46
8,27,2026,3,4,10,12,2,56
8,32,2026,3,4,9,17,7,66
8,38,2026,3,4,8,11,18,59
8,41,2026,3,4,7,1,26,34
8,48,2026,3,4,5,20,13,41
9,0,2026,3,4,5,3,0,44
9,4,2026,3,4,7,1,14,31
9,9,2026,3,4,8,2,3,30
9,13,2026,3,4,9,5,10,25
9,18,2026,3,4,10,6,7,24
9,21,2026,3,4,11,5,12,17
9,27,2026,3,4,10,2,0,19
9,32,2026,3,4,9,2,0,21
9,38,2026,3,4,8,6,2,25
9,41,2026,3,4,7,3,23,5
9,48,2026,3,4,5,2,1,6
10,0,2026,3,4,5,2,0,8
10,4,2026,3,4,7,3,2,9
10,9,2026,3,4,8,5,2,12
10,13,2026,3,4,9,4,0,16
10,18,2026,3,4,10,5,6,15
10,21,2026,3,4,11,6,5,16
10,27,2026,3,4,10,6,1,21
10,32,2026,3,4,9,6,3,24
10,38,2026,3,4,8,4,9,19
10,41,2026,3,4,7,5,7,17
10,48,2026,3,4,5,2,6,13
11,0,2026,3,4,5,6,0,19
11,4,2026,3,4,7,6,2,23
11,9,2026,3,4,8,5,5,23
11,13,2026,3,4,9,4,4,23
11,18,2026,3,4,10,2,9,16
11,21,2026,3,4,11,2,9,9
11,27,2026,3,4,10,3,0,12
11,32,2026,3,4,9,6,1,17
11,38,2026,3,4,8,5,4,18
11,41,2026,3,4,7,2,3,17
11,48,2026,3,4,5,6,3,20
12,0,2026,3,4,5,5,0,25
12,4,2026,3,4,7,5,3,27
12,9,2026,3,4,8,2,2,27
12,13,2026,3,4,9,6,9,24
12,18,2026,3,4,10,6,8,22
12,21,2026,3,4,11,3,13,12
12,27,2026,3,4,10,2,0,14
12,32,2026,3,4,9,2,2,14
12,38,2026,3,4,8,3,7,10
12,41,2026,3,4,7,3,2,11
12,48,2026,3,4,5,4,6,9
13,0,2026,3,4,5,5,0,14
13,4,2026,3,4,7,30,0,44
13,9,2026,3,4,8,3,8,39
13,13,2026,3,4,9,5,9,35
13,18,2026,3,4,10,6,11,30
13,21,2026,3,4,11,6,19,17
13,27,2026,3,4,10,4,2,19
13,32,2026,3,4,9,2,3,18
13,38,2026,3,4,8,3,5,16
13,41,2026,3,4,7,31,7,40
13,48,2026,3,4,5,2,13,29
14,0,2026,3,4,5,5,0,34
14,4,2026,3,4,7,14,0,48
14,9,2026,3,4,8,3,10,41
14,13,2026,3,4,9,4,15,30
14,18,2026,3,4,10,5,15,20
14,21,2026,3,4,11,5,9,16
14,27,2026,3,4,10,2,3,15
14,32,2026,3,4,9,5,1,19
14,38,2026,3,4,8,4,4,19
14,41,2026,3,4,7,28,8,39
14,48,2026,3,4,5,5,13,31
15,0,2026,3,4,5,5,0,36
15,4,2026,3,4,7,23,1,58
15,9,2026,3,4,8,5,6,57
15,13,2026,3,4,9,6,20,43
15,18,2026,3,4,10,4,11,36
15,21,2026,3,4,11,5,21,20
15,27,2026,3,4,10,3,0,23
15,32,2026,3,4,9,2,5,20
15,38,2026,3,4,8,5,5,20
15,41,2026,3,4,7,31,1,50
15,48,2026,3,4,5,4,17,37
16,0,2026,3,4,5,2,0,39
16,4,2026,3,4,7,4,2,41
16,9,2026,3,4,8,2,10,33
16,13,2026,3,4,9,3,9,27
16,18,2026,3,4,10,4,17,14
16,21,2026,3,4,11,4,8,10
16,27,2026,3,4,10,2,0,12
16,32,2026,3,4,9,3,5,10
16,38,2026,3,4,8,4,3,11
16,41,2026,3,4,7,5,3,13
16,48,2026,3,4,5,4,5,12
17,0,2026,3,4,5,6,0,18
17,4,2026,3,4,7,4,3,19
17,9,2026,3,4,8,2,2,19
17,13,2026,3,4,9,4,6,17
17,18,2026,3,4,10,6,9,14
17,21,2026,3,4,11,3,8,9
17,27,2026,3,4,10,2,1,10
17,32,2026,3,4,9,3,2,11
17,38,2026,3,4,8,2,1,12
17,41,2026,3,4,7,2,4,10
17,48,2026,3,4,5,2,7,5
18,0,2026,3,4,5,6,0,11
18,4,2026,3,4,7,5,2,14
18,9,2026,3,4,8,6,2,18
18,13,2026,3,4,9,6,3,21
18,18,2026,3,4,10,6,8,19
18,21,2026,3,4,11,2,5,16
18,27,2026,3,4,10,6,0,22
18,32,2026,3,4,9,5,5,22
18,38,2026,3,4,8,6,2,26
18,41,2026,3,4,7,2,4,24
18,48,2026,3,4,5,2,12,14
19,0,2026,3,4,5,6,0,20
19,4,2026,3,4,7,5,1,24
19,9,2026,3,4,8,6,1,29
19,13,2026,3,4,9,2,9,22
19,18,2026,3,4,10,4,11,15
19,21,2026,3,4,11,2,6,11
19,27,2026,3,4,10,2,1,12
19,32,2026,3,4,9,6,2,16
19,38,2026,3,4,8,5,5,16
19,41,2026,3,4,7,2,4,14
19,48,2026,3,4,5,4,6,12
20,0,2026,3,4,5,4,0,16
20,4,2026,3,4,7,4,1,19
20,9,2026,3,4,8,2,5,16
20,13,2026,3,4,9,5,1,20
20,18,2026,3,4,10,2,7,15
20,21,2026,3,4,11,2,8,9
20,27,2026,3,4,10,6,2,13
20,32,2026,3,4,9,2,1,14
20,38,2026,3,4,8,3,2,15
20,41,2026,3,4,7,5,6,14
20,48,2026,3,4,5,4,3,15
21,0,2026,3,4,5,5,0,20
21,4,2026,3,4,7,6,1,25
21,9,2026,3,4,8,3,7,21
21,13,2026,3,4,9,2,4,19
21,18,2026,3,4,10,3,11,11
21,21,2026,3,4,11,3,4,10
21,27,2026,3,4,10,3,0,13
21,32,2026,3,4,9,2,1,14
21,38,2026,3,4,8,4,4,14
21,41,2026,3,4,7,2,6,10
21,48,2026,3,4,5,4,5,9
22,0,2026,3,4,5,3,0,12
22,4,2026,3,4,7,3,2,13
22,9,2026,3,4,8,4,2,15
22,13,2026,3,4,9,4,4,15
22,18,2026,3,4,10,6,5,16
22,21,2026,3,4,11,3,7,12
22,27,2026,3,4,10,4,1,15
22,32,2026,3,4,9,5,5,15
22,38,2026,3,4,8,2,3,14
22,41,2026,3,4,7,5,3,16
22,48,2026,3,4,5,4,9,11
23,0,2026,3,4,5,6,0,17
23,4,2026,3,4,7,3,2,18
23,9,2026,3,4,8,5,2,21
23,13,2026,3,4,9,3,4,20
23,18,2026,3,4,10,5,5,20
23,21,2026,3,4,11,5,9,16
23,27,2026,3,4,10,3,1,18
23,32,2026,3,4,9,3,2,19
23,38,2026,3,4,8,5,6,18
23,41,2026,3,4,7,5,8,15
23,48,2026,3,4,5,0,15,0
6,0,2026,3,5,5,6,0,6
6,4,2026,3,5,7,5,0,11
6,9,2026,3,5,8,20,1,30
6,13,2026,3,5,9,17,7,40
6,18,2026,3,5,10,20,9,51
6,21,2026,3,5,11,22,16,57
6,27,2026,3,5,10,14,5,66
6,32,2026,3,5,9,9,9,66
6,38,2026,3,5,8,18,19,65
6,41,2026,3,5,7,5,22,48
6,48,2026,3,5,5,9,22,35
7,0,2026,3,5,5,9,0,44
7,4,2026,3,5,7,5,16,33
7,9,2026,3,5,8,20,4,49
7,13,2026,3,5,9,22,10,61
7,18,2026,3,5,10,12,9,64
7,21,2026,3,5,11,20,18,66
7,27,2026,3,5,10,4,4,66
7,32,2026,3,5,9,9,9,66
7,38,2026,3,5,8,10,19,57
7,41,2026,3,5,7,1,32,26
7,48,2026,3,5,5,16,13,29
8,0,2026,3,5,5,16,0,45
8,4,2026,3,5,7,1,26,20
8,9,2026,3,5,8,13,4,29
8,13,2026,3,5,9,19,5,43
8,18,2026,3,5,10,13,13,43
8,21,2026,3,5,11,19,11,51
8,27,2026,3,5,10,14,10,55
8,32,2026,3,5,9,17,8,64
8,38,2026,3,5,8,14,12,66
8,41,2026,3,5,7,4,23,47
8,48,2026,3,5,5,22,20,49
9,0,2026,3,5,5,6,0,55
9,4,2026,3,5,7,1,14,42
9,9,2026,3,5,8,6,4,44
9,13,2026,3,5,9,6,14,36
9,18,2026,3,5,10,4,9,31
9,21,2026,3,5,11,2,18,15
9,27,2026,3,5,10,4,1,18
9,32,2026,3,5,9,4,0,22
9,38,2026,3,5,8,3,3,22
9,41,2026,3,5,7,5,18,9
9,48,2026,3,5,5,4,3,10
10,0,2026,3,5,5,4,0,14
10,4,2026,3,5,7,4,3,15
10,9,2026,3,5,8,5,3,17
10,13,2026,3,5,9,5,6,16
10,18,2026,3,5,10,4,9,11
10,21,2026,3,5,11,4,5,10
10,27,2026,3,5,10,3,3,10
10,32,2026,3,5,9,4,1,13
10,38,2026,3,5,8,3,6,10
10,41,2026,3,5,7,3,3,10
10,48,2026,3,5,5,5,5,10
11,0,2026,3,5,5,6,0,16
11,4,2026,3,5,7,4,3,17
11,9,2026,3,5,8,2,3,16
11,13,2026,3,5,9,6,6,16
11,18,2026,3,5,10,3,2,17
11,21,2026,3,5,11,5,7,15
11,27,2026,3,5,10,3,2,16
11,32,2026,3,5,9,3,3,16
11,38,2026,3,5,8,6,4,18
11,41,2026,3,5,7,3,6,15
11,48,2026,3,5,5,2,8,9
12,0,2026,3,5,5,6,0,15
12,4,2026,3,5,7,5,0,20
12,9,2026,3,5,8,6,2,24
12,13,2026,3,5,9,2,12,14
12,18,2026,3,5,10,6,2,18
12,21,2026,3,5,11,4,10,12
12,27,2026,3,5,10,6,0,18
12,32,2026,3,5,9,5,3,20
12,38,2026,3,5,8,3,10,13
12,41,2026,3,5,7,3,3,13
12,48,2026,3,5,5,5,5,13
13,0,2026,3,5,5,6,0,19
13,4,2026,3,5,7,7,2,24
13,9,2026,3,5,8,5,4,25
13,13,2026,3,5,9,6,8,23
13,18,2026,3,5,10,4,10,17
13,21,2026,3,5,11,3,9,11
13,27,2026,3,5,10,5,0,16
13,32,2026,3,5,9,5,4,17
13,38,2026,3,5,8,4,3,18
13,41,2026,3,5,7,24,7,35
13,48,2026,3,5,5,4,12,27
14,0,2026,3,5,5,4,0,31
14,4,2026,3,5,7,32,1,62
14,9,2026,3,5,8,4,10,56
14,13,2026,3,5,9,5,12,49
14,18,2026,3,5,10,2,15,36
14,21,2026,3,5,11,6,21,21
14,27,2026,3,5,10,5,2,24
14,32,2026,3,5,9,4,2,26
14,38,2026,3,5,8,4,5,25
14,41,2026,3,5,7,32,4,53
14,48,2026,3,5,5,6,22,37
15,0,2026,3,5,5,6,0,43
15,4,2026,3,5,7,24,2,65
15,9,2026,3,5,8,4,18,51
15,13,2026,3,5,9,5,14,42
15,18,2026,3,5,10,6,14,34
15,21,2026,3,5,11,2,18,18
15,27,2026,3,5,10,6,1,23
15,32,2026,3,5,9,5,3,25
15,38,2026,3,5,8,3,6,22
15,41,2026,3,5,7,14,6,30
15,48,2026,3,5,5,4,13,21
16,0,2026,3,5,5,2,0,23
16,4,2026,3,5,7,4,0,27
16,9,2026,3,5,8,4,10,21
16,13,2026,3,5,9,4,10,15
16,18,2026,3,5,10,5,4,16
16,21,2026,3,5,11,4,7,13
16,27,2026,3,5,10,2,1,14
16,32,2026,3,5,9,6,1,19
16,38,2026,3,5,8,4,6,17
16,41,2026,3,5,7,4,3,18
16,48,2026,3,5,5,3,9,12
17,0,2026,3,5,5,4,0,16
17,4,2026,3,5,7,6,3,19
17,9,2026,3,5,8,6,2,23
17,13,2026,3,5,9,5,3,25
17,18,2026,3,5,10,6,9,22
17,21,2026,3,5,11,6,8,20
17,27,2026,3,5,10,5,0,25
17,32,2026,3,5,9,6,5,26
17,38,2026,3,5,8,3,14,15
17,41,2026,3,5,7,4,4,15
17,48,2026,3,5,5,6,11,10
18,0,2026,3,5,5,3,0,13
18,4,2026,3,5,7,6,2,17
18,9,2026,3,5,8,5,4,18
18,13,2026,3,5,9,2,3,17
18,18,2026,3,5,10,4,6,15
18,21,2026,3,5,11,2,9,8
18,27,2026,3,5,10,3,0,11
18,32,2026,3,5,9,6,5,12
18,38,2026,3,5,8,4,1,15
18,41,2026,3,5,7,5,3,17
18,48,2026,3,5,5,2,7,12
19,0,2026,3,5,5,5,0,17
19,4,2026,3,5,7,4,1,20
19,9,2026,3,5,8,3,4,19
19,13,2026,3,5,9,4,5,18
19,18,2026,3,5,10,4,2,20
19,21,2026,3,5,11,5,10,15
19,27,2026,3,5,10,4,2,17
19,32,2026,3,5,9,2,1,18
19,38,2026,3,5,8,6,4,20
19,41,2026,3,5,7,2,9,13
19,48,2026,3,5,5,2,7,8
20,0,2026,3,5,5,3,0,11
20,4,2026,3,5,7,5,1,15
20,9,2026,3,5,8,5,5,15
20,13,2026,3,5,9,3,5,13
20,18,2026,3,5,10,6,6,13
20,21,2026,3,5,11,4,3,14
20,27,2026,3,5,10,6,0,20
20,32,2026,3,5,9,2,2,20
20,38,2026,3,5,8,3,5,18
20,41,2026,3,5,7,6,5,19
20,48,2026,3,5,5,6,8,17
21,0,2026,3,5,5,2,0,19
21,4,2026,3,5,7,4,2,21
21,9,2026,3,5,8,6,3,24
21,13,2026,3,5,9,4,2,26
21,18,2026,3,5,10,5,9,22
21,21,2026,3,5,11,3,11,14
21,27,2026,3,5,10,2,1,15
21,32,2026,3,5,9,2,3,14
21,38,2026,3,5,8,2,2,14
21,41,2026,3,5,7,5,4,15
21,48,2026,3,5,5,3,11,7
22,0,2026,3,5,5,3,0,10
22,4,2026,3,5,7,2,2,10
22,9,2026,3,5,8,5,0,15
22,13,2026,3,5,9,4,3,16
22,18,2026,3,5,10,4,4,16
22,21,2026,3,5,11,5,7,14
22,27,2026,3,5,10,6,0,20
22,32,2026,3,5,9,5,2,23
22,38,2026,3,5,8,3,6,20
22,41,2026,3,5,7,5,6,19
22,48,2026,3,5,5,2,10,11
23,0,2026,3,5,5,2,0,13
23,4,2026,3,5,7,4,0,17
23,9,2026,3,5,8,4,2,19
23,13,2026,3,5,9,6,6,19
23,18,2026,3,5,10,2,7,14
23,21,2026,3,5,11,6,7,13
23,27,2026,3,5,10,5,2,16
23,32,2026,3,5,9,4,5,15
23,38,2026,3,5,8,4,7,12
23,41,2026,3,5,7,6,8,10
23,48,2026,3,5,5,0,10,0
6,0,2026,3,6,5,16,0,16
6,4,2026,3,6,7,3,4,15
6,9,2026,3,6,8,16,6,25
6,13,2026,3,6,9,16,5,36
6,18,2026,3,6,10,6,8,34
6,21,2026,3,6,11,20,15,39
6,27,2026,3,6,10,21,5,55
6,32,2026,3,6,9,8,12,51
6,38,2026,3,6,8,17,15,53
6,41,2026,3,6,7,3,21,35
6,48,2026,3,6,5,8,20,23
7,0,2026,3,6,5,6,0,29
7,4,2026,3,6,7,4,8,25
7,9,2026,3,6,8,5,2,28
7,13,2026,3,6,9,22,7,43
7,18,2026,3,6,10,12,9,46
7,21,2026,3,6,11,8,14,40
7,27,2026,3,6,10,9,2,47
7,32,2026,3,6,9,15,11,51
7,38,2026,3,6,8,20,13,58
7,41,2026,3,6,7,2,20,40
7,48,2026,3,6,5,11,11,40
8,0,2026,3,6,5,15,0,55
8,4,2026,3,6,7,5,22,38
8,9,2026,3,6,8,19,1,56
8,13,2026,3,6,9,13,3,66
8,18,2026,3,6,10,5,19,52
8,21,2026,3,6,11,15,15,52
8,27,2026,3,6,10,8,4,56
8,32,2026,3,6,9,10,7,59
8,38,2026,3,6,8,13,8,64
8,41,2026,3,6,7,2,30,36
8,48,2026,3,6,5,18,15,39
9,0,2026,3,6,5,5,0,44
9,4,2026,3,6,7,1,17,28
9,9,2026,3,6,8,6,2,32
9,13,2026,3,6,9,6,6,32
9,18,2026,3,6,10,6,10,28
9,21,2026,3,6,11,3,13,18
9,27,2026,3,6,10,4,1,21
9,32,2026,3,6,9,2,1,22
9,38,2026,3,6,8,5,2,25
9,41,2026,3,6,7,1,19,7
9,48,2026,3,6,5,2,2,7
10,0,2026,3,6,5,3,0,10
10,4,2026,3,6,7,5,0,15
10,9,2026,3,6,8,6,4,17
10,13,2026,3,6,9,4,5,16
10,18,2026,3,6,10,6,6,16
10,21,2026,3,6,11,6,4,18
10,27,2026,3,6,10,5,1,22
10,32,2026,3,6,9,5,0,27
10,38,2026,3,6,8,2,8,21
10,41,2026,3,6,7,4,10,15
10,48,2026,3,6,5,4,6,13
11,0,2026,3,6,5,5,0,18
11,4,2026,3,6,7,4,2,20
11,9,2026,3,6,8,2,4,18
11,13,2026,3,6,9,6,6,18
11,18,2026,3,6,10,4,6,16
11,21,2026,3,6,11,3,10,9
11,27,2026,3,6,10,4,0,13
11,32,2026,3,6,9,4,4,13
11,38,2026,3,6,8,2,3,12
11,41,2026,3,6,7,4,5,11
11,48,2026,3,6,5,6,5,12
12,0,2026,3,6,5,2,0,14
12,4,2026,3,6,7,3,3,14
12,9,2026,3,6,8,6,3,17
12,13,2026,3,6,9,6,6,17
12,18,2026,3,6,10,5,7,15
12,21,2026,3,6,11,3,6,12
12,27,2026,3,6,10,3,0,15
12,32,2026,3,6,9,2,2,15
12,38,2026,3,6,8,6,4,17
12,41,2026,3,6,7,5,7,15
12,48,2026,3,6,5,4,7,12
13,0,2026,3,6,5,5,0,17
13,4,2026,3,6,7,17,0,34
13,9,2026,3,6,8,4,7,31
13,13,2026,3,6,9,4,7,28
13,18,2026,3,6,10,6,9,25
13,21,2026,3,6,11,2,14,13
13,27,2026,3,6,10,4,0,17
13,32,2026,3,6,9,2,1,18
13,38,2026,3,6,8,6,5,19
13,41,2026,3,6,7,26,3,42
13,48,2026,3,6,5,6,19,29
14,0,2026,3,6,5,3,0,32
14,4,2026,3,6,7,16,0,48
14,9,2026,3,6,8,3,17,34
14,13,2026,3,6,9,4,16,22
14,18,2026,3,6,10,5,12,15
14,21,2026,3,6,11,5,5,15
14,27,2026,3,6,10,5,0,20
14,32,2026,3,6,9,3,6,17
14,38,2026,3,6,8,3,9,11
14,41,2026,3,6,7,28,3,36
14,48,2026,3,6,5,3,16,23
15,0,2026,3,6,5,5,0,28
15,4,2026,3,6,7,8,0,36
15,9,2026,3,6,8,4,10,30
15,13,2026,3,6,9,6,10,26
15,18,2026,3,6,10,3,10,19
15,21,2026,3,6,11,3,9,13
15,27,2026,3,6,10,6,1,18
15,32,2026,3,6,9,2,1,19
15,38,2026,3,6,8,2,4,17
15,41,2026,3,6,7,31,3,45
15,48,2026,3,6,5,2,14,33
16,0,2026,3,6,5,2,0,35
16,4,2026,3,6,7,3,0,38
16,9,2026,3,6,8,6,11,33
16,13,2026,3,6,9,5,8,30
16,18,2026,3,6,10,4,11,23
16,21,2026,3,6,11,5,11,17
16,27,2026,3,6,10,5,0,22
16,32,2026,3,6,9,2,2,22
16,38,2026,3,6,8,3,7,18
16,41,2026,3,6,7,3,7,14
16,48,2026,3,6,5,4,9,9
17,0,2026,3,6,5,3,0,12
17,4,2026,3,6,7,5,1,16
17,9,2026,3,6,8,3,1,18
17,13,2026,3,6,9,6,4,20
17,18,2026,3,6,10,5,5,20
17,21,2026,3,6,11,6,13,13
17,27,2026,3,6,10,3,2,14
17,32,2026,3,6,9,3,4,13
17,38,2026,3,6,8,5,3,15
17,41,2026,3,6,7,6,8,13
17,48,2026,3,6,5,2,4,11
18,0,2026,3,6,5,4,0,15
18,4,2026,3,6,7,6,0,21
18,9,2026,3,6,8,5,5,21
18,13,2026,3,6,9,4,6,19
18,18,2026,3,6,10,2,7,14
18,21,2026,3,6,11,3,6,11
18,27,2026,3,6,10,4,1,14
18,32,2026,3,6,9,6,2,18
18,38,2026,3,6,8,2,5,15
18,41,2026,3,6,7,2,2,15
18,48,2026,3,6,5,4,9,10
19,0,2026,3,6,5,5,0,15
19,4,2026,3,6,7,6,1,20
19,9,2026,3,6,8,4,8,16
19,13,2026,3,6,9,5,2,19
19,18,2026,3,6,10,6,8,17
19,21,2026,3,6,11,3,10,10
19,27,2026,3,6,10,6,0,16
19,32,2026,3,6,9,5,1,20
19,38,2026,3,6,8,3,5,18
19,41,2026,3,6,7,3,6,15
19,48,2026,3,6,5,5,8,12
20,0,2026,3,6,5,4,0,16
20,4,2026,3,6,7,6,1,21
20,9,2026,3,6,8,6,5,22
20,13,2026,3,6,9,3,4,21
20,18,2026,3,6,10,5,6,20
20,21,2026,3,6,11,5,11,14
20,27,2026,3,6,10,2,2,14
20,32,2026,3,6,9,3,2,15
20,38,2026,3,6,8,2,4,13
20,41,2026,3,6,7,6,8,11
20,48,2026,3,6,5,6,3,14
21,0,2026,3,6,5,2,0,16
21,4,2026,3,6,7,3,2,17
21,9,2026,3,6,8,4,4,17
21,13,2026,3,6,9,5,6,16
21,18,2026,3,6,10,2,6,12
21,21,2026,3,6,11,6,9,9
21,27,2026,3,6,10,6,1,14
21,32,2026,3,6,9,4,4,14
21,38,2026,3,6,8,5,1,18
21,41,2026,3,6,7,4,5,17
21,48,2026,3,6,5,6,8,15
22,0,2026,3,6,5,5,0,20
22,4,2026,3,6,7,3,1,22
22,9,2026,3,6,8,6,1,27
22,13,2026,3,6,9,2,4,25
22,18,2026,3,6,10,3,7,21
22,21,2026,3,6,11,3,16,8
22,27,2026,3,6,10,3,1,10
22,32,2026,3,6,9,6,1,15
22,38,2026,3,6,8,6,1,20
22,41,2026,3,6,7,5,9,16
22,48,2026,3,6,5,5,5,16
23,0,2026,3,6,5,4,0,20
23,4,2026,3,6,7,5,3,22
23,9,2026,3,6,8,6,4,24
23,13,2026,3,6,9,3,7,20
23,18,2026,3,6,10,6,9,17
23,21,2026,3,6,11,4,7,14
23,27,2026,3,6,10,5,2,17
23,32,2026,3,6,9,3,0,20
23,38,2026,3,6,8,4,4,20
23,41,2026,3,6,7,3,12,11
23,48,2026,3,6,5,0,11,0
6,0,2026,3,7,5,18,0,18
6,4,2026,3,7,7,4,2,20
6,9,2026,3,7,8,20,6,34
6,13,2026,3,7,9,16,9,41
6,18,2026,3,7,10,20,8,53
6,21,2026,3,7,11,13,16,50
6,27,2026,3,7,10,17,5,62
6,32,2026,3,7,9,12,8,66
6,38,2026,3,7,8,7,23,50
6,41,2026,3,7,7,5,17,38
6,48,2026,3,7,5,14,21,31
7,0,2026,3,7,5,19,0,50
7,4,2026,3,7,7,3,24,29
7,9,2026,3,7,8,15,2,42
7,13,2026,3,7,9,6,11,37
7,18,2026,3,7,10,15,9,43
7,21,2026,3,7,11,6,10,39
7,27,2026,3,7,10,20,4,55
7,32,2026,3,7,9,13,6,62
7,38,2026,3,7,8,10,6,66
7,41,2026,3,7,7,5,28,43
7,48,2026,3,7,5,16,20,39
8,0,2026,3,7,5,16,0,55
8,4,2026,3,7,7,3,23,35
8,9,2026,3,7,8,17,6,46
8,13,2026,3,7,9,7,3,50
8,18,2026,3,7,10,21,9,62
8,21,2026,3,7,11,7,22,47
8,27,2026,3,7,10,15,1,61
8,32,2026,3,7,9,18,13,66
8,38,2026,3,7,8,18,20,64
8,41,2026,3,7,7,4,21,47
8,48,2026,3,7,5,9,17,39
9,0,2026,3,7,5,2,0,41
9,4,2026,3,7,7,3,6,38
9,9,2026,3,7,8,5,4,39
9,13,2026,3,7,9,3,7,35
9,18,2026,3,7,10,6,12,29
9,21,2026,3,7,11,4,15,18
9,27,2026,3,7,10,4,0,22
9,32,2026,3,7,9,4,1,25
9,38,2026,3,7,8,3,5,23
9,41,2026,3,7,7,1,19,5
9,48,2026,3,7,5,2,4,3
10,0,2026,3,7,5,6,0,9
10,4,2026,3,7,7,3,2,10
10,9,2026,3,7,8,5,0,15
10,13,2026,3,7,9,2,4,13
10,18,2026,3,7,10,4,5,12
10,21,2026,3,7,11,2,7,7
10,27,2026,3,7,10,6,0,13
10,32,2026,3,7,9,4,5,12
10,38,2026,3,7,8,2,2,12
10,41,2026,3,7,7,3,3,12
10,48,2026,3,7,5,4,6,10
11,0,2026,3,7,5,4,0,14
11,4,2026,3,7,7,2,2,14
11,9,2026,3,7,8,5,1,18
11,13,2026,3,7,9,2,6,14
11,18,2026,3,7,10,2,2,14
11,21,2026,3,7,11,4,8,10
11,27,2026,3,7,10,2,1,11
11,32,2026,3,7,9,4,0,15
11,38,2026,3,7,8,5,4,16
11,41,2026,3,7,7,5,6,15
11,48,2026,3,7,5,3,7,11
12,0,2026,3,7,5,3,0,14
12,4,2026,3,7,7,5,1,18
12,9,2026,3,7,8,6,3,21
12,13,2026,3,7,9,6,4,23
12,18,2026,3,7,10,4,4,23
12,21,2026,3,7,11,4,12,15
12,27,2026,3,7,10,4,0,19
12,32,2026,3,7,9,2,2,19
12,38,2026,3,7,8,5,6,18
12,41,2026,3,7,7,5,6,17
12,48,2026,3,7,5,2,8,11
13,0,2026,3,7,5,2,0,13
13,4,2026,3,7,7,14,0,27
13,9,2026,3,7,8,4,6,25
13,13,2026,3,7,9,4,9,20
13,18,2026,3,7,10,6,8,18
13,21,2026,3,7,11,6,8,16
13,27,2026,3,7,10,4,1,19
13,32,2026,3,7,9,6,3,22
13,38,2026,3,7,8,3,4,21
13,41,2026,3,7,7,11,3,29
13,48,2026,3,7,5,3,12,20
14,0,2026,3,7,5,2,0,22
14,4,2026,3,7,7,26,1,47
14,9,2026,3,7,8,2,10,39
14,13,2026,3,7,9,3,7,35
14,18,2026,3,7,10,2,15,22
14,21,2026,3,7,11,5,14,13
14,27,2026,3,7,10,5,0,18
14,32,2026,3,7,9,3,4,17
14,38,2026,3,7,8,6,4,19
14,41,2026,3,7,7,16,1,34
14,48,2026,3,7,5,5,14,25
15,0,2026,3,7,5,3,0,28
15,4,2026,3,7,7,16,1,43
15,9,2026,3,7,8,2,10,35
15,13,2026,3,7,9,2,12,25
15,18,2026,3,7,10,2,7,20
15,21,2026,3,7,11,5,15,10
15,27,2026,3,7,10,4,1,13
15,32,2026,3,7,9,2,0,15
15,38,2026,3,7,8,5,3,17
15,41,2026,3,7,7,11,3,25
15,48,2026,3,7,5,2,8,19
16,0,2026,3,7,5,4,0,23
16,4,2026,3,7,7,2,0,25
16,9,2026,3,7,8,6,4,27
16,13,2026,3,7,9,5,7,25
16,18,2026,3,7,10,3,11,17
16,21,2026,3,7,11,6,11,12
16,27,2026,3,7,10,5,1,16
16,32,2026,3,7,9,2,4,14
16,38,2026,3,7,8,6,3,17
16,41,2026,3,7,7,4,6,15
16,48,2026,3,7,5,3,5,13
17,0,2026,3,7,5,4,0,17
17,4,2026,3,7,7,6,3,20
17,9,2026,3,7,8,2,0,22
17,13,2026,3,7,9,6,2,26
17,18,2026,3,7,10,5,14,17
17,21,2026,3,7,11,2,7,12
17,27,2026,3,7,10,5,0,17
17,32,2026,3,7,9,2,1,18
17,38,2026,3,7,8,2,7,13
17,41,2026,3,7,7,2,4,11
17,48,2026,3,7,5,2,5,8
18,0,2026,3,7,5,4,0,12
18,4,2026,3,7,7,2,3,11
18,9,2026,3,7,8,5,3,13
18,13,2026,3,7,9,2,3,12
18,18,2026,3,7,10,6,4,14
18,21,2026,3,7,11,5,7,12
18,27,2026,3,7,10,3,1,14
18,32,2026,3,7,9,4,2,16
18,38,2026,3,7,8,6,2,20
18,41,2026,3,7,7,2,9,13
18,48,2026,3,7,5,2,6,9
19,0,2026,3,7,5,5,0,14
19,4,2026,3,7,7,4,1,17
19,9,2026,3,7,8,4,2,19
19,13,2026,3,7,9,6,4,21
19,18,2026,3,7,10,4,6,19
19,21,2026,3,7,11,6,7,18
19,27,2026,3,7,10,6,0,24
19,32,2026,3,7,9,2,3,23
19,38,2026,3,7,8,2,5,20
19,41,2026,3,7,7,3,11,12
19,48,2026,3,7,5,5,10,7
20,0,2026,3,7,5,5,0,12
20,4,2026,3,7,7,6,5,13
20,9,2026,3,7,8,5,3,15
20,13,2026,3,7,9,2,6,11
20,18,2026,3,7,10,3,4,10
20,21,2026,3,7,11,3,5,8
20,27,2026,3,7,10,2,0,10
20,32,2026,3,7,9,4,1,13
20,38,2026,3,7,8,5,1,17
20,41,2026,3,7,7,2,4,15
20,48,2026,3,7,5,2,10,7
21,0,2026,3,7,5,4,0,11
21,4,2026,3,7,7,4,0,15
21,9,2026,3,7,8,6,2,19
21,13,2026,3,7,9,6,5,20
21,18,2026,3,7,10,6,8,18
21,21,2026,3,7,11,5,7,16
21,27,2026,3,7,10,3,3,16
21,32,2026,3,7,9,3,2,17
21,38,2026,3,7,8,2,4,15
21,41,2026,3,7,7,4,5,14
21,48,2026,3,7,5,5,10,9
22,0,2026,3,7,5,5,0,14
22,4,2026,3,7,7,3,2,15
22,9,2026,3,7,8,2,4,13
22,13,2026,3,7,9,4,1,16
22,18,2026,3,7,10,4,6,14
22,21,2026,3,7,11,6,7,13
22,27,2026,3,7,10,4,0,17
22,32,2026,3,7,9,4,5,16
22,38,2026,3,7,8,5,5,16
22,41,2026,3,7,7,2,3,15
22,48,2026,3,7,5,6,9,12
23,0,2026,3,7,5,3,0,15
23,4,2026,3,7,7,5,1,19
23,9,2026,3,7,8,2,3,18
23,13,2026,3,7,9,6,3,21
23,18,2026,3,7,10,3,10,14
23,21,2026,3,7,11,6,9,11
23,27,2026,3,7,10,2,0,13
23,32,2026,3,7,9,3,2,14
23,38,2026,3,7,8,3,3,14
23,41,2026,3,7,7,3,7,10
23,48,2026,3,7,5,0,10,0
6,0,2026,3,8,5,9,0,9
6,4,2026,3,8,7,6,4,11
6,9,2026,3,8,8,7,4,14
6,13,2026,3,8,9,13,2,25
6,18,2026,3,8,10,17,6,36
6,21,2026,3,8,11,8,7,37
6,27,2026,3,8,10,10,3,44
6,32,2026,3,8,9,13,7,50
6,38,2026,3,8,8,5,12,43
6,41,2026,3,8,7,3,15,31
6,48,2026,3,8,5,10,17,24
7,0,2026,3,8,5,7,0,31
7,4,2026,3,8,7,1,12,20
7,9,2026,3,8,8,15,2,33
7,13,2026,3,8,9,12,3,42
7,18,2026,3,8,10,22,6,58
7,21,2026,3,8,11,18,18,58
7,27,2026,3,8,10,15,7,66
7,32,2026,3,8,9,16,18,64
7,38,2026,3,8,8,7,16,55
7,41,2026,3,8,7,1,20,36
7,48,2026,3,8,5,7,15,28
8,0,2026,3,8,5,14,0,42
8,4,2026,3,8,7,2,14,30
8,9,2026,3,8,8,10,3,37
8,13,2026,3,8,9,14,6,45
8,18,2026,3,8,10,14,6,53
8,21,2026,3,8,11,17,19,51
8,27,2026,3,8,10,20,5,66
8,32,2026,3,8,9,7,17,56
8,38,2026,3,8,8,6,10,52
8,41,2026,3,8,7,4,27,29
8,48,2026,3,8,5,19,15,33
9,0,2026,3,8,5,3,0,36
9,4,2026,3,8,7,4,16,24
9,9,2026,3,8,8,2,3,23
9,13,2026,3,8,9,6,7,22
9,18,2026,3,8,10,3,6,19
9,21,2026,3,8,11,5,8,16
9,27,2026,3,8,10,2,0,18
9,32,2026,3,8,9,2,3,17
9,38,2026,3,8,8,2,0,19
9,41,2026,3,8,7,4,14,9
9,48,2026,3,8,5,2,4,7
10,0,2026,3,8,5,6,0,13
10,4,2026,3,8,7,3,1,15
10,9,2026,3,8,8,6,5,16
10,13,2026,3,8,9,5,5,16
10,18,2026,3,8,10,4,6,14
10,21,2026,3,8,11,3,7,10
10,27,2026,3,8,10,2,2,10
10,32,2026,3,8,9,6,3,13
10,38,2026,3,8,8,3,1,15
10,41,2026,3,8,7,3,3,15
10,48,2026,3,8,5,2,5,12
11,0,2026,3,8,5,4,0,16
11,4,2026,3,8,7,5,1,20
11,9,2026,3,8,8,5,5,20
11,13,2026,3,8,9,5,6,19
11,18,2026,3,8,10,6,6,19
11,21,2026,3,8,11,3,9,13
11,27,2026,3,8,10,6,2,17
11,32,2026,3,8,9,3,2,18
11,38,2026,3,8,8,4,2,20
11,41,2026,3,8,7,6,9,17
11,48,2026,3,8,5,3,8,12
12,0,2026,3,8,5,5,0,17
12,4,2026,3,8,7,2,0,19
12,9,2026,3,8,8,5,4,20
12,13,2026,3,8,9,3,5,18
12,18,2026,3,8,10,2,7,13
12,21,2026,3,8,11,4,7,10
12,27,2026,3,8,10,5,0,15
12,32,2026,3,8,9,2,4,13
12,38,2026,3,8,8,6,2,17
12,41,2026,3,8,7,5,7,15
12,48,2026,3,8,5,2,7,10
13,0,2026,3,8,5,2,0,12
13,4,2026,3,8,7,18,1,29
13,9,2026,3,8,8,5,6,28
13,13,2026,3,8,9,6,12,22
13,18,2026,3,8,10,4,7,19
13,21,2026,3,8,11,6,6,19
13,27,2026,3,8,10,4,0,23
13,32,2026,3,8,9,6,6,23
13,38,2026,3,8,8,2,3,22
13,41,2026,3,8,7,25,2,45
13,48,2026,3,8,5,4,17,32
14,0,2026,3,8,5,3,0,35
14,4,2026,3,8,7,7,0,42
14,9,2026,3,8,8,4,4,42
14,13,2026,3,8,9,5,14,33
14,18,2026,3,8,10,6,18,21
14,21,2026,3,8,11,4,10,15
14,27,2026,3,8,10,6,2,19
14,32,2026,3,8,9,4,2,21
14,38,2026,3,8,8,4,6,19
14,41,2026,3,8,7,19,7,31
14,48,2026,3,8,5,3,13,21
15,0,2026,3,8,5,3,0,24
15,4,2026,3,8,7,14,4,34
15,9,2026,3,8,8,2,5,31
15,13,2026,3,8,9,4,10,25
15,18,2026,3,8,10,5,8,22
15,21,2026,3,8,11,6,12,16
15,27,2026,3,8,10,2,1,17
15,32,2026,3,8,9,5,1,21
15,38,2026,3,8,8,5,5,21
15,41,2026,3,8,7,14,4,31
15,48,2026,3,8,5,6,14,23
16,0,2026,3,8,5,3,0,26
16,4,2026,3,8,7,2,3,25
16,9,2026,3,8,8,6,3,28
16,13,2026,3,8,9,6,8,26
16,18,2026,3,8,10,2,10,18
16,21,2026,3,8,11,2,9,11
16,27,2026,3,8,10,6,0,17
16,32,2026,3,8,9,5,3,19
16,38,2026,3,8,8,5,5,19
16,41,2026,3,8,7,2,6,15
16,48,2026,3,8,5,3,8,10
17,0,2026,3,8,5,4,0,14
17,4,2026,3,8,7,2,5,11
17,9,2026,3,8,8,5,2,14
17,13,2026,3,8,9,3,4,13
17,18,2026,3,8,10,2,4,11
17,21,2026,3,8,11,6,5,12
17,27,2026,3,8,10,2,1,13
17,32,2026,3,8,9,6,3,16
17,38,2026,3,8,8,3,3,16
17,41,2026,3,8,7,6,2,20
17,48,2026,3,8,5,4,11,13
18,0,2026,3,8,5,4,0,17
18,4,2026,3,8,7,2,2,17
18,9,2026,3,8,8,4,4,17
18,13,2026,3,8,9,3,4,16
18,18,2026,3,8,10,5,9,12
18,21,2026,3,8,11,5,9,8
18,27,2026,3,8,10,3,1,10
18,32,2026,3,8,9,3,0,13
18,38,2026,3,8,8,6,0,19
18,41,2026,3,8,7,3,6,16
18,48,2026,3,8,5,2,10,8
19,0,2026,3,8,5,3,0,11
19,4,2026,3,8,7,6,1,16
19,9,2026,3,8,8,4,2,18
19,13,2026,3,8,9,2,4,16
19,18,2026,3,8,10,3,6,13
19,21,2026,3,8,11,6,7,12
19,27,2026,3,8,10,2,0,14
19,32,2026,3,8,9,6,2,18
19,38,2026,3,8,8,4,5,17
19,41,2026,3,8,7,5,8,14
19,48,2026,3,8,5,2,6,10
20,0,2026,3,8,5,5,0,15
20,4,2026,3,8,7,6,0,21
20,9,2026,3,8,8,3,0,24
20,13,2026,3,8,9,6,7,23
20,18,2026,3,8,10,6,13,16
20,21,2026,3,8,11,2,8,10
20,27,2026,3,8,10,6,1,15
20,32,2026,3,8,9,2,0,17
20,38,2026,3,8,8,3,5,15
20,41,2026,3,8,7,6,6,15
20,48,2026,3,8,5,4,4,15
21,0,2026,3,8,5,2,0,17
21,4,2026,3,8,7,4,2,19
21,9,2026,3,8,8,3,3,19
21,13,2026,3,8,9,5,2,22
21,18,2026,3,8,10,6,8,20
21,21,2026,3,8,11,2,8,14
21,27,2026,3,8,10,4,0,18
21,32,2026,3,8,9,3,1,20
21,38,2026,3,8,8,5,4,21
21,41,2026,3,8,7,6,6,21
21,48,2026,3,8,5,4,13,12
22,0,2026,3,8,5,4,0,16
22,4,2026,3,8,7,6,2,20
22,9,2026,3,8,8,3,3,20
22,13,2026,3,8,9,3,3,20
22,18,2026,3,8,10,2,7,15
22,21,2026,3,8,11,3,8,10
22,27,2026,3,8,10,3,0,13
22,32,2026,3,8,9,2,3,12
22,38,2026,3,8,8,3,3,12
22,41,2026,3,8,7,5,3,14
22,48,2026,3,8,5,3,9,8
23,0,2026,3,8,5,4,0,12
23,4,2026,3,8,7,3,3,12
23,9,2026,3,8,8,5,0,17
23,13,2026,3,8,9,2,3,16
23,18,2026,3,8,10,4,8,12
23,21,2026,3,8,11,6,5,13
23,27,2026,3,8,10,4,0,17
23,32,2026,3,8,9,4,3,18
23,38,2026,3,8,8,3,8,13
23,41,2026,3,8,7,6,8,11
23,48,2026,3,8,5,0,11,0
6,0,2026,3,9,5,18,0,18
6,4,2026,3,9,7,6,3,21
6,9,2026,3,9,8,20,5,36
6,13,2026,3,9,9,12,7,41
6,18,2026,3,9,10,17,13,45
6,21,2026,3,9,11,11,13,43
6,27,2026,3,9,10,19,4,58
6,32,2026,3,9,9,9,13,54
6,38,2026,3,9,8,19,7,66
6,41,2026,3,9,7,6,21,51
6,48,2026,3,9,5,22,20,53
7,0,2026,3,9,5,8,0,61
7,4,2026,3,9,7,2,21,42
7,9,2026,3,9,8,15,7,50
7,13,2026,3,9,9,13,5,58
7,18,2026,3,9,10,10,16,52
7,21,2026,3,9,11,5,20,37
7,27,2026,3,9,10,6,1,42
7,32,2026,3,9,9,10,5,47
7,38,2026,3,9,8,15,12,50
7,41,2026,3,9,7,4,21,33
7,48,2026,3,9,5,18,16,35
8,0,2026,3,9,5,11,0,46
8,4,2026,3,9,7,3,23,26
8,9,2026,3,9,8,18,0,44
8,13,2026,3,9,9,18,7,55
8,18,2026,3,9,10,6,7,54
8,21,2026,3,9,11,20,21,53
8,27,2026,3,9,10,15,5,63
8,32,2026,3,9,9,5,12,56
8,38,2026,3,9,8,19,10,65
8,41,2026,3,9,7,2,25,42
8,48,2026,3,9,5,14,19,37
9,0,2026,3,9,5,6,0,43
9,4,2026,3,9,7,5,12,36
9,9,2026,3,9,8,4,2,38
9,13,2026,3,9,9,2,6,34
9,18,2026,3,9,10,3,10,27
9,21,2026,3,9,11,2,18,11
9,27,2026,3,9,10,2,0,13
9,32,2026,3,9,9,3,1,15
9,38,2026,3,9,8,5,1,19
9,41,2026,3,9,7,5,16,8
9,48,2026,3,9,5,6,4,10
10,0,2026,3,9,5,5,0,15
10,4,2026,3,9,7,6,0,21
10,9,2026,3,9,8,6,6,21
10,13,2026,3,9,9,3,2,22
10,18,2026,3,9,10,2,8,16
10,21,2026,3,9,11,4,9,11
10,27,2026,3,9,10,2,1,12
10,32,2026,3,9,9,3,2,13
10,38,2026,3,9,8,3,1,15
10,41,2026,3,9,7,5,3,17
10,48,2026,3,9,5,4,10,11
11,0,2026,3,9,5,4,0,15
11,4,2026,3,9,7,5,3,17
11,9,2026,3,9,8,2,1,18
11,13,2026,3,9,9,5,8,15
11,18,2026,3,9,10,6,2,19
11,21,2026,3,9,11,6,9,16
11,27,2026,3,9,10,6,1,21
11,32,2026,3,9,9,6,5,22
11,38,2026,3,9,8,2,5,19
11,41,2026,3,9,7,5,6,18
11,48,2026,3,9,5,2,11,9
12,0,2026,3,9,5,2,0,11
12,4,2026,3,9,7,4,0,15
12,9,2026,3,9,8,4,1,18
12,13,2026,3,9,9,2,3,17
12,18,2026,3,9,10,6,8,15
12,21,2026,3,9,11,5,9,11
12,27,2026,3,9,10,6,2,15
12,32,2026,3,9,9,3,4,14
12,38,2026,3,9,8,3,7,10
12,41,2026,3,9,7,5,3,12
12,48,2026,3,9,5,4,5,11
13,0,2026,3,9,5,5,0,16
13,4,2026,3,9,7,22,2,36
13,9,2026,3,9,8,4,3,37
13,13,2026,3,9,9,6,8,35
13,18,2026,3,9,10,4,10,29
13,21,2026,3,9,11,2,14,17
13,27,2026,3,9,10,5,0,22
13,32,2026,3,9,9,5,3,24
13,38,2026,3,9,8,4,6,22
13,41,2026,3,9,7,30,3,49
13,48,2026,3,9,5,6,19,36
14,0,2026,3,9,5,2,0,38
14,4,2026,3,9,7,9,2,45
14,9,2026,3,9,8,6,13,38
14,13,2026,3,9,9,2,10,30
14,18,2026,3,9,10,6,15,21
14,21,2026,3,9,11,4,11,14
14,27,2026,3,9,10,4,1,17
14,32,2026,3,9,9,6,6,17
14,38,2026,3,9,8,4,3,18
14,41,2026,3,9,7,27,3,42
14,48,2026,3,9,5,3,16,29
15,0,2026,3,9,5,5,0,34
15,4,2026,3,9,7,11,0,45
15,9,2026,3,9,8,6,13,38
15,13,2026,3,9,9,3,16,25
15,18,2026,3,9,10,6,11,20
15,21,2026,3,9,11,2,10,12
15,27,2026,3,9,10,6,0,18
15,32,2026,3,9,9,2,2,18
15,38,2026,3,9,8,3,4,17
15,41,2026,3,9,7,21,6,32
15,48,2026,3,9,5,2,9,25
16,0,2026,3,9,5,4,0,29
16,4,2026,3,9,7,6,0,35
16,9,2026,3,9,8,3,9,29
16,13,2026,3,9,9,4,8,25
16,18,2026,3,9,10,5,14,16
16,21,2026,3,9,11,3,10,9
16,27,2026,3,9,10,3,0,12
16,32,2026,3,9,9,2,1,13
16,38,2026,3,9,8,6,7,12
16,41,2026,3,9,7,3,1,14
16,48,2026,3,9,5,3,3,14
17,0,2026,3,9,5,4,0,18
17,4,2026,3,9,7,6,2,22
17,9,2026,3,9,8,3,3,22
17,13,2026,3,9,9,6,4,24
17,18,2026,3,9,10,2,8,18
17,21,2026,3,9,11,2,11,9
17,27,2026,3,9,10,2,0,11
17,32,2026,3,9,9,2,1,12
17,38,2026,3,9,8,5,2,15
17,41,2026,3,9,7,6,3,18
17,48,2026,3,9,5,4,12,10
18,0,2026,3,9,5,2,0,12
18,4,2026,3,9,7,3,2,13
18,9,2026,3,9,8,2,5,10
18,13,2026,3,9,9,2,4,8
18,18,2026,3,9,10,2,0,10
18,21,2026,3,9,11,6,7,9
18,27,2026,3,9,10,6,1,14
18,32,2026,3,9,9,4,4,14
18,38,2026,3,9,8,6,6,14
18,41,2026,3,9,7,5,4,15
18,48,2026,3,9,5,3,6,12
19,0,2026,3,9,5,2,0,14
19,4,2026,3,9,7,4,2,16
19,9,2026,3,9,8,5,4,17
19,13,2026,3,9,9,3,3,17
19,18,2026,3,9,10,3,6,14
19,21,2026,3,9,11,2,6,10
19,27,2026,3,9,10,5,0,15
19,32,2026,3,9,9,4,2,17
19,38,2026,3,9,8,5,2,20
19,41,2026,3,9,7,3,6,17
19,48,2026,3,9,5,4,9,12
20,0,2026,3,9,5,5,0,17
20,4,2026,3,9,7,4,2,19
20,9,2026,3,9,8,4,5,18
20,13,2026,3,9,9,4,2,20
20,18,2026,3,9,10,4,5,19
20,21,2026,3,9,11,6,8,17
20,27,2026,3,9,10,6,2,21
20,32,2026,3,9,9,6,2,25
20,38,2026,3,9,8,5,6,24
20,41,2026,3,9,7,4,10,18
20,48,2026,3,9,5,4,8,14
21,0,2026,3,9,5,6,0,20
21,4,2026,3,9,7,5,2,23
21,9,2026,3,9,8,5,6,22
21,13,2026,3,9,9,4,2,24
21,18,2026,3,9,10,4,8,20
21,21,2026,3,9,11,4,10,14
21,27,2026,3,9,10,4,0,18
21,32,2026,3,9,9,2,1,19
21,38,2026,3,9,8,6,7,18
21,41,2026,3,9,7,5,6,17
21,48,2026,3,9,5,2,8,11
22,0,2026,3,9,5,4,0,15
22,4,2026,3,9,7,5,1,19
22,9,2026,3,9,8,3,4,18
22,13,2026,3,9,9,4,5,17
22,18,2026,3,9,10,6,9,14
22,21,2026,3,9,11,6,5,15
22,27,2026,3,9,10,4,1,18
22,32,2026,3,9,9,5,4,19
22,38,2026,3,9,8,4,5,18
22,41,2026,3,9,7,3,7,14
22,48,2026,3,9,5,5,8,11
23,0,2026,3,9,5,2,0,13
23,4,2026,3,9,7,5,0,18
23,9,2026,3,9,8,5,2,21
23,13,2026,3,9,9,6,8,19
23,18,2026,3,9,10,6,7,18
23,21,2026,3,9,11,6,3,21
23,27,2026,3,9,10,6,2,25
23,32,2026,3,9,9,6,5,26
23,38,2026,3,9,8,6,9,23
23,41,2026,3,9,7,6,8,21
23,48,2026,3,9,5,0,21,0
6,0,2026,3,10,5,14,0,14
6,4,2026,3,10,7,6,3,17
6,9,2026,3,10,8,16,5,28
6,13,2026,3,10,9,13,7,34
6,18,2026,3,10,10,21,8,47
6,21,2026,3,10,11,12,15,44
6,27,2026,3,10,10,7,3,48
6,32,2026,3,10,9,11,8,51
6,38,2026,3,10,8,7,13,45
6,41,2026,3,10,7,6,20,31
6,48,2026,3,10,5,14,13,32
7,0,2026,3,10,5,22,0,54
7,4,2026,3,10,7,1,25,30
7,9,2026,3,10,8,13,3,40
7,13,2026,3,10,9,10,7,43
7,18,2026,3,10,10,18,16,45
7,21,2026,3,10,11,7,11,41
7,27,2026,3,10,10,16,2,55
7,32,2026,3,10,9,15,7,63
7,38,2026,3,10,8,8,11,60
7,41,2026,3,10,7,2,31,31
7,48,2026,3,10,5,6,9,28
8,0,2026,3,10,5,5,0,33
8,4,2026,3,10,7,5,9,29
8,9,2026,3,10,8,12,3,38
8,13,2026,3,10,9,12,5,45
8,18,2026,3,10,10,15,9,51
8,21,2026,3,10,11,7,16,42
8,27,2026,3,10,10,16,1,57
8,32,2026,3,10,9,11,4,64
8,38,2026,3,10,8,13,11,66
8,41,2026,3,10,7,3,26,43
8,48,2026,3,10,5,21,16,48
9,0,2026,3,10,5,4,0,52
9,4,2026,3,10,7,5,15,42
9,9,2026,3,10,8,2,5,39
9,13,2026,3,10,9,6,9,36
9,18,2026,3,10,10,6,12,30
9,21,2026,3,10,11,3,16,17
9,27,2026,3,10,10,5,0,22
9,32,2026,3,10,9,2,0,24
9,38,2026,3,10,8,6,1,29
9,41,2026,3,10,7,4,21,12
9,48,2026,3,10,5,3,4,11
10,0,2026,3,10,5,4,0,15
10,4,2026,3,10,7,4,2,17
10,9,2026,3,10,8,3,4,16
10,13,2026,3,10,9,5,4,17
10,18,2026,3,10,10,3,5,15
10,21,2026,3,10,11,6,7,14
10,27,2026,3,10,10,5,1,18
10,32,2026,3,10,9,2,2,18
10,38,2026,3,10,8,3,4,17
10,41,2026,3,10,7,2,8,11
10,48,2026,3,10,5,3,6,8
11,0,2026,3,10,5,4,0,12
11,4,2026,3,10,7,4,1,15
11,9,2026,3,10,8,5,4,16
11,13,2026,3,10,9,5,2,19
11,18,2026,3,10,10,2,7,14
11,21,2026,3,10,11,3,8,9
11,27,2026,3,10,10,6,0,15
11,32,2026,3,10,9,6,2,19
11,38,2026,3,10,8,6,3,22
11,41,2026,3,10,7,5,7,20
11,48,2026,3,10,5,6,10,16
12,0,2026,3,10,5,3,0,19
12,4,2026,3,10,7,3,4,18
12,9,2026,3,10,8,4,3,19
12,13,2026,3,10,9,3,4,18
12,18,2026,3,10,10,2,4,16
12,21,2026,3,10,11,5,8,13
12,27,2026,3,10,10,2,1,14
12,32,2026,3,10,9,4,2,16
12,38,2026,3,10,8,5,4,17
12,41,2026,3,10,7,2,4,15
12,48,2026,3,10,5,6,11,10
13,0,2026,3,10,5,5,0,15
13,4,2026,3,10,7,24,2,37
13,9,2026,3,10,8,5,6,36
13,13,2026,3,10,9,3,10,29
13,18,2026,3,10,10,6,14,21
13,21,2026,3,10,11,5,8,18
13,27,2026,3,10,10,3,2,19
13,32,2026,3,10,9,3,2,20
13,38,2026,3,10,8,5,5,20
13,41,2026,3,10,7,30,4,46
13,48,2026,3,10,5,6,13,39
14,0,2026,3,10,5,3,0,42
14,4,2026,3,10,7,24,0,66
14,9,2026,3,10,8,3,14,55
14,13,2026,3,10,9,5,16,44
14,18,2026,3,10,10,4,16,32
14,21,2026,3,10,11,6,19,19
14,27,2026,3,10,10,5,0,24
14,32,2026,3,10,9,5,4,25
14,38,2026,3,10,8,5,4,26
14,41,2026,3,10,7,31,4,53
14,48,2026,3,10,5,5,25,33
15,0,2026,3,10,5,6,0,39
15,4,2026,3,10,7,12,1,50
15,9,2026,3,10,8,6,8,48
15,13,2026,3,10,9,2,14,36
15,18,2026,3,10,10,4,13,27
15,21,2026,3,10,11,4,20,11
15,27,2026,3,10,10,5,1,15
15,32,2026,3,10,9,2,4,13
15,38,2026,3,10,8,2,4,11
15,41,2026,3,10,7,29,3,37
15,48,2026,3,10,5,4,13,28
16,0,2026,3,10,5,2,0,30
16,4,2026,3,10,7,4,1,33
16,9,2026,3,10,8,2,4,31
16,13,2026,3,10,9,4,4,31
16,18,2026,3,10,10,2,12,21
16,21,2026,3,10,11,3,14,10
16,27,2026,3,10,10,5,0,15
16,32,2026,3,10,9,3,2,16
16,38,2026,3,10,8,4,2,18
16,41,2026,3,10,7,6,5,19
16,48,2026,3,10,5,5,10,14
17,0,2026,3,10,5,4,0,18
17,4,2026,3,10,7,5,0,23
17,9,2026,3,10,8,3,5,21
17,13,2026,3,10,9,6,7,20
17,18,2026,3,10,10,5,7,18
17,21,2026,3,10,11,6,7,17
17,27,2026,3,10,10,4,0,21
17,32,2026,3,10,9,4,2,23
17,38,2026,3,10,8,6,8,21
17,41,2026,3,10,7,4,7,18
17,48,2026,3,10,5,4,9,13
18,0,2026,3,10,5,4,0,17
18,4,2026,3,10,7,3,2,18
18,9,2026,3,10,8,4,2,20
18,13,2026,3,10,9,3,4,19
18,18,2026,3,10,10,4,6,17
18,21,2026,3,10,11,4,9,12
18,27,2026,3,10,10,2,2,12
18,32,2026,3,10,9,6,3,15
18,38,2026,3,10,8,3,6,12
18,41,2026,3,10,7,4,6,10
18,48,2026,3,10,5,3,2,11
19,0,2026,3,10,5,6,0,17
19,4,2026,3,10,7,6,2,21
19,9,2026,3,10,8,4,5,20
19,13,2026,3,10,9,5,4,21
19,18,2026,3,10,10,6,8,19
19,21,2026,3,10,11,3,8,14
19,27,2026,3,10,10,2,2,14
19,32,2026,3,10,9,2,2,14
19,38,2026,3,10,8,3,2,15
19,41,2026,3,10,7,5,8,12
19,48,2026,3,10,5,4,6,10
20,0,2026,3,10,5,4,0,14
20,4,2026,3,10,7,3,4,13
20,9,2026,3,10,8,6,2,17
20,13,2026,3,10,9,4,4,17
20,18,2026,3,10,10,5,3,19
20,21,2026,3,10,11,4,11,12
20,27,2026,3,10,10,6,1,17
20,32,2026,3,10,9,6,3,20
20,38,2026,3,10,8,3,5,18
20,41,2026,3,10,7,3,8,13
20,48,2026,3,10,5,4,3,14
21,0,2026,3,10,5,3,0,17
21,4,2026,3,10,7,4,2,19
21,9,2026,3,10,8,5,3,21
21,13,2026,3,10,9,4,6,19
21,18,2026,3,10,10,3,2,20
21,21,2026,3,10,11,3,14,9
21,27,2026,3,10,10,5,0,14
21,32,2026,3,10,9,2,2,14
21,38,2026,3,10,8,3,5,12
21,41,2026,3,10,7,4,5,11
21,48,2026,3,10,5,5,4,12
22,0,2026,3,10,5,6,0,18
22,4,2026,3,10,7,3,3,18
22,9,2026,3,10,8,3,0,21
22,13,2026,3,10,9,6,6,21
22,18,2026,3,10,10,3,8,16
22,21,2026,3,10,11,6,12,10
22,27,2026,3,10,10,5,2,13
22,32,2026,3,10,9,4,1,16
22,38,2026,3,10,8,5,6,15
22,41,2026,3,10,7,4,2,17
22,48,2026,3,10,5,4,8,13
23,0,2026,3,10,5,5,0,18
23,4,2026,3,10,7,4,2,20
23,9,2026,3,10,8,4,2,22
23,13,2026,3,10,9,2,4,20
23,18,2026,3,10,10,2,9,13
23,21,2026,3,10,11,4,6,11
23,27,2026,3,10,10,5,0,16
23,32,2026,3,10,9,2,0,18
23,38,2026,3,10,8,2,5,15
23,41,2026,3,10,7,5,6,14
23,48,2026,3,10,5,0,14,0
6,0,2026,3,11,5,17,0,17
6,4,2026,3,11,7,5,5,17
6,9,2026,3,11,8,14,4,27
6,13,2026,3,11,9,8,6,29
6,18,2026,3,11,10,13,9,33
6,21,2026,3,11,11,15,10,38
6,27,2026,3,11,10,16,2,52
6,32,2026,3,11,9,5,10,47
6,38,2026,3,11,8,5,9,43
6,41,2026,3,11,7,6,16,33
6,48,2026,3,11,5,14,20,27
7,0,2026,3,11,5,16,0,43
7,4,2026,3,11,7,5,21,27
7,9,2026,3,11,8,22,7,42
7,13,2026,3,11,9,10,9,43
7,18,2026,3,11,10,21,7,57
7,21,2026,3,11,11,5,12,50
7,27,2026,3,11,10,6,1,55
7,32,2026,3,11,9,14,9,60
7,38,2026,3,11,8,16,10,66
7,41,2026,3,11,7,3,24,45
7,48,2026,3,11,5,8,20,33
8,0,2026,3,11,5,8,0,41
8,4,2026,3,11,7,2,13,30
8,9,2026,3,11,8,12,3,39
8,13,2026,3,11,9,22,9,52
8,18,2026,3,11,10,7,11,48
8,21,2026,3,11,11,19,14,53
8,27,2026,3,11,10,8,4,57
8,32,2026,3,11,9,8,9,56
8,38,2026,3,11,8,6,12,50
8,41,2026,3,11,7,2,25,27
8,48,2026,3,11,5,15,16,26
9,0,2026,3,11,5,3,0,29
9,4,2026,3,11,7,3,11,21
9,9,2026,3,11,8,6,5,22
9,13,2026,3,11,9,6,4,24
9,18,2026,3,11,10,4,7,21
9,21,2026,3,11,11,2,5,18
9,27,2026,3,11,10,2,0,20
9,32,2026,3,11,9,3,0,23
9,38,2026,3,11,8,6,3,26
9,41,2026,3,11,7,3,21,8
9,48,2026,3,11,5,4,4,8
10,0,2026,3,11,5,6,0,14
10,4,2026,3,11,7,4,0,18
10,9,2026,3,11,8,3,4,17
10,13,2026,3,11,9,2,6,13
10,18,2026,3,11,10,6,4,15
10,21,2026,3,11,11,4,8,11
10,27,2026,3,11,10,6,1,16
10,32,2026,3,11,9,3,3,16
10,38,2026,3,11,8,6,9,13
10,41,2026,3,11,7,5,4,14
10,48,2026,3,11,5,4,6,12
11,0,2026,3,11,5,5,0,17
11,4,2026,3,11,7,3,1,19
11,9,2026,3,11,8,3,2,20
11,13,2026,3,11,9,4,1,23
11,18,2026,3,11,10,3,13,13
11,21,2026,3,11,11,2,7,8
11,27,2026,3,11,10,6,0,14
11,32,2026,3,11,9,6,0,20
11,38,2026,3,11,8,2,4,18
11,41,2026,3,11,7,6,11,13
11,48,2026,3,11,5,4,4,13
12,0,2026,3,11,5,6,0,19
12,4,2026,3,11,7,5,1,23
12,9,2026,3,11,8,5,3,25
12,13,2026,3,11,9,4,6,23
12,18,2026,3,11,10,3,10,16
12,21,2026,3,11,11,6,10,12
12,27,2026,3,11,10,6,0,18
12,32,2026,3,11,9,3,2,19
12,38,2026,3,11,8,6,6,19
12,41,2026,3,11,7,5,6,18
12,48,2026,3,11,5,2,8,12
13,0,2026,3,11,5,3,0,15
13,4,2026,3,11,7,21,0,36
13,9,2026,3,11,8,4,8,32
13,13,2026,3,11,9,4,9,27
13,18,2026,3,11,10,2,6,23
13,21,2026,3,11,11,6,16,13
13,27,2026,3,11,10,6,2,17
13,32,2026,3,11,9,6,5,18
13,38,2026,3,11,8,3,5,16
13,41,2026,3,11,7,17,1,32
13,48,2026,3,11,5,6,8,30
14,0,2026,3,11,5,3,0,33
14,4,2026,3,11,7,11,2,42
14,9,2026,3,11,8,3,6,39
14,13,2026,3,11,9,5,10,34
14,18,2026,3,11,10,5,12,27
14,21,2026,3,11,11,5,20,12
14,27,2026,3,11,10,4,1,15
14,32,2026,3,11,9,5,2,18
14,38,2026,3,11,8,5,5,18
14,41,2026,3,11,7,9,2,25
14,48,2026,3,11,5,4,13,16
15,0,2026,3,11,5,5,0,21
15,4,2026,3,11,7,26,0,47
15,9,2026,3,11,8,2,11,38
15,13,2026,3,11,9,4,10,32
15,18,2026,3,11,10,4,11,25
15,21,2026,3,11,11,3,16,12
15,27,2026,3,11,10,4,0,16
15,32,2026,3,11,9,2,5,13
15,38,2026,3,11,8,4,1,16
15,41,2026,3,11,7,7,1,22
15,48,2026,3,11,5,2,11,13
16,0,2026,3,11,5,5,0,18
16,4,2026,3,11,7,5,2,21
16,9,2026,3,11,8,5,3,23
16,13,2026,3,11,9,3,6,20
16,18,2026,3,11,10,2,8,14
16,21,2026,3,11,11,3,4,13
16,27,2026,3,11,10,3,0,16
16,32,2026,3,11,9,2,4,14
16,38,2026,3,11,8,4,4,14
16,41,2026,3,11,7,3,4,13
16,48,2026,3,11,5,3,5,11
17,0,2026,3,11,5,6,0,17
17,4,2026,3,11,7,6,1,22
17,9,2026,3,11,8,4,5,21
17,13,2026,3,11,9,5,6,20
17,18,2026,3,11,10,2,6,16
17,21,2026,3,11,11,3,13,6
17,27,2026,3,11,10,2,1,7
17,32,2026,3,11,9,4,1,10
17,38,2026,3,11,8,5,2,13
17,41,2026,3,11,7,2,5,10
17,48,2026,3,11,5,3,5,8
18,0,2026,3,11,5,6,0,14
18,4,2026,3,11,7,6,1,19
18,9,2026,3,11,8,4,2,21
18,13,2026,3,11,9,6,4,23
18,18,2026,3,11,10,4,7,20
18,21,2026,3,11,11,5,13,12
18,27,2026,3,11,10,4,0,16
18,32,2026,3,11,9,5,3,18
18,38,2026,3,11,8,6,3,21
18,41,2026,3,11,7,2,5,18
18,48,2026,3,11,5,3,11,10
19,0,2026,3,11,5,2,0,12
19,4,2026,3,11,7,5,1,16
19,9,2026,3,11,8,5,3,18
19,13,2026,3,11,9,6,4,20
19,18,2026,3,11,10,3,3,20
19,21,2026,3,11,11,3,14,9
19,27,2026,3,11,10,4,1,12
19,32,2026,3,11,9,5,2,15
19,38,2026,3,11,8,4,4,15
19,41,2026,3,11,7,2,3,14
19,48,2026,3,11,5,3,8,9
20,0,2026,3,11,5,4,0,13
20,4,2026,3,11,7,3,2,14
20,9,2026,3,11,8,6,3,17
20,13,2026,3,11,9,4,5,16
20,18,2026,3,11,10,5,6,15
20,21,2026,3,11,11,3,7,11
20,27,2026,3,11,10,6,0,17
20,32,2026,3,11,9,6,4,19
20,38,2026,3,11,8,3,3,19
20,41,2026,3,11,7,5,5,19
20,48,2026,3,11,5,2,7,14
21,0,2026,3,11,5,4,0,18
21,4,2026,3,11,7,2,0,20
21,9,2026,3,11,8,2,4,18
21,13,2026,3,11,9,4,3,19
21,18,2026,3,11,10,6,7,18
21,21,2026,3,11,11,2,9,11
21,27,2026,3,11,10,6,0,17
21,32,2026,3,11,9,5,0,22
21,38,2026,3,11,8,5,4,23
21,41,2026,3,11,7,2,4,21
21,48,2026,3,11,5,5,10,16
22,0,2026,3,11,5,5,0,21
22,4,2026,3,11,7,3,3,21
22,9,2026,3,11,8,4,5,20
22,13,2026,3,11,9,2,1,21
22,18,2026,3,11,10,6,8,19
22,21,2026,3,11,11,6,13,12
22,27,2026,3,11,10,2,1,13
22,32,2026,3,11,9,6,2,17
22,38,2026,3,11,8,3,0,20
22,41,2026,3,11,7,4,10,14
22,48,2026,3,11,5,5,5,14
23,0,2026,3,11,5,2,0,16
23,4,2026,3,11,7,4,1,19
23,9,2026,3,11,8,5,8,16
23,13,2026,3,11,9,3,5,14
23,18,2026,3,11,10,4,9,9
23,21,2026,3,11,11,5,4,10
23,27,2026,3,11,10,3,3,10
23,32,2026,3,11,9,3,1,12
23,38,2026,3,11,8,4,3,13
23,41,2026,3,11,7,4,2,15
23,48,2026,3,11,5,0,15,0
6,0,2026,3,12,5,18,0,18
6,4,2026,3,12,7,3,3,18
6,9,2026,3,12,8,22,3,37
6,13,2026,3,12,9,6,13,30
6,18,2026,3,12,10,7,6,31
6,21,2026,3,12,11,17,14,34
6,27,2026,3,12,10,7,5,36
6,32,2026,3,12,9,11,6,41
6,38,2026,3,12,8,17,9,49
6,41,2026,3,12,7,5,17,37
6,48,2026,3,12,5,6,22,21
7,0,2026,3,12,5,20,0,41
7,4,2026,3,12,7,4,19,26
7,9,2026,3,12,8,5,7,24
7,13,2026,3,12,9,20,3,41
7,18,2026,3,12,10,9,8,42
7,21,2026,3,12,11,19,10,51
7,27,2026,3,12,10,21,6,66
7,32,2026,3,12,9,11,11,66
7,38,2026,3,12,8,5,20,51
7,41,2026,3,12,7,4,24,31
7,48,2026,3,12,5,19,12,38
8,0,2026,3,12,5,10,0,48
8,4,2026,3,12,7,3,19,32
8,9,2026,3,12,8,15,4,43
8,13,2026,3,12,9,21,7,57
8,18,2026,3,12,10,20,12,65
8,21,2026,3,12,11,6,15,56
8,27,2026,3,12,10,13,3,66
8,32,2026,3,12,9,8,8,66
8,38,2026,3,12,8,9,15,60
8,41,2026,3,12,7,3,27,36
8,48,2026,3,12,5,20,20,36
9,0,2026,3,12,5,3,0,39
9,4,2026,3,12,7,3,14,28
9,9,2026,3,12,8,4,5,27
9,13,2026,3,12,9,4,8,23
9,18,2026,3,12,10,4,10,17
9,21,2026,3,12,11,6,6,17
9,27,2026,3,12,10,2,1,18
9,32,2026,3,12,9,4,2,20
9,38,2026,3,12,8,3,1,22
9,41,2026,3,12,7,1,21,2
9,48,2026,3,12,5,6,1,7
10,0,2026,3,12,5,5,0,12
10,4,2026,3,12,7,6,2,16
10,9,2026,3,12,8,3,2,17
10,13,2026,3,12,9,4,5,16
10,18,2026,3,12,10,2,4,14
10,21,2026,3,12,11,6,10,10
10,27,2026,3,12,10,3,0,13
10,32,2026,3,12,9,6,3,16
10,38,2026,3,12,8,4,5,15
10,41,2026,3,12,7,3,7,11
10,48,2026,3,12,5,2,5,8
11,0,2026,3,12,5,2,0,10
11,4,2026,3,12,7,5,0,15
11,9,2026,3,12,8,6,1,20
11,13,2026,3,12,9,6,6,20
11,18,2026,3,12,10,5,8,17
11,21,2026,3,12,11,4,9,12
11,27,2026,3,12,10,4,0,16
11,32,2026,3,12,9,2,4,14
11,38,2026,3,12,8,2,3,13
11,41,2026,3,12,7,2,4,11
11,48,2026,3,12,5,2,7,6
12,0,2026,3,12,5,2,0,8
12,4,2026,3,12,7,3,1,10
12,9,2026,3,12,8,4,2,12
12,13,2026,3,12,9,3,4,11
12,18,2026,3,12,10,4,2,13
12,21,2026,3,12,11,6,4,15
12,27,2026,3,12,10,4,0,19
12,32,2026,3,12,9,3,1,21
12,38,2026,3,12,8,3,1,23
12,41,2026,3,12,7,4,9,18
12,48,2026,3,12,5,3,12,9
13,0,2026,3,12,5,4,0,13
13,4,2026,3,12,7,12,1,24
13,9,2026,3,12,8,6,3,27
13,13,2026,3,12,9,3,4,26
13,18,2026,3,12,10,4,7,23
13,21,2026,3,12,11,4,14,13
13,27,2026,3,12,10,6,0,19
13,32,2026,3,12,9,5,2,22
13,38,2026,3,12,8,5,5,22
13,41,2026,3,12,7,27,4,45
13,48,2026,3,12,5,2,15,32
14,0,2026,3,12,5,4,0,36
14,4,2026,3,12,7,17,1,52
14,9,2026,3,12,8,4,8,48
14,13,2026,3,12,9,3,8,43
14,18,2026,3,12,10,6,18,31
14,21,2026,3,12,11,6,18,19
14,27,2026,3,12,10,6,1,24
14,32,2026,3,12,9,5,7,22
14,38,2026,3,12,8,3,4,21
14,41,2026,3,12,7,30,3,48
14,48,2026,3,12,5,3,19,32
15,0,2026,3,12,5,2,0,34
15,4,2026,3,12,7,30,1,63
15,9,2026,3,12,8,5,15,53
15,13,2026,3,12,9,6,15,44
15,18,2026,3,12,10,6,11,39
15,21,2026,3,12,11,2,20,21
15,27,2026,3,12,10,5,1,25
15,32,2026,3,12,9,4,3,26
15,38,2026,3,12,8,2,7,21
15,41,2026,3,12,7,11,5,27
15,48,2026,3,12,5,2,12,17
16,0,2026,3,12,5,4,0,21
16,4,2026,3,12,7,5,0,26
16,9,2026,3,12,8,2,5,23
16,13,2026,3,12,9,2,5,20
16,18,2026,3,12,10,5,8,17
16,21,2026,3,12,11,3,7,13
16,27,2026,3,12,10,5,1,17
16,32,2026,3,12,9,6,2,21
16,38,2026,3,12,8,5,1,25
16,41,2026,3,12,7,2,8,19
16,48,2026,3,12,5,3,9,13
17,0,2026,3,12,5,5,0,18
17,4,2026,3,12,7,5,2,21
17,9,2026,3,12,8,6,2,25
17,13,2026,3,12,9,3,4,24
17,18,2026,3,12,10,6,3,27
17,21,2026,3,12,11,6,19,14
17,27,2026,3,12,10,6,1,19
17,32,2026,3,12,9,5,2,22
17,38,2026,3,12,8,4,6,20
17,41,2026,3,12,7,4,6,18
17,48,2026,3,12,5,5,5,18
18,0,2026,3,12,5,6,0,24
18,4,2026,3,12,7,2,0,26
18,9,2026,3,12,8,6,9,23
18,13,2026,3,12,9,3,10,16
18,18,2026,3,12,10,6,5,17
18,21,2026,3,12,11,2,9,10
18,27,2026,3,12,10,5,0,15
18,32,2026,3,12,9,5,3,17
18,38,2026,3,12,8,3,4,16
18,41,2026,3,12,7,4,5,15
18,48,2026,3,12,5,4,5,14
19,0,2026,3,12,5,6,0,20
19,4,2026,3,12,7,3,3,20
19,9,2026,3,12,8,5,7,18
19,13,2026,3,12,9,5,4,19
19,18,2026,3,12,10,6,5,20
19,21,2026,3,12,11,4,7,17
19,27,2026,3,12,10,6,2,21
19,32,2026,3,12,9,3,5,19
19,38,2026,3,12,8,2,5,16
19,41,2026,3,12,7,3,7,12
19,48,2026,3,12,5,2,6,8
20,0,2026,3,12,5,5,0,13
20,4,2026,3,12,7,5,1,17
20,9,2026,3,12,8,6,1,22
20,13,2026,3,12,9,3,3,22
20,18,2026,3,12,10,6,6,22
20,21,2026,3,12,11,2,9,15
20,27,2026,3,12,10,4,1,18
20,32,2026,3,12,9,3,1,20
20,38,2026,3,12,8,6,1,25
20,41,2026,3,12,7,2,12,15
20,48,2026,3,12,5,6,9,12
21,0,2026,3,12,5,5,0,17
21,4,2026,3,12,7,2,3,16
21,9,2026,3,12,8,4,1,19
21,13,2026,3,12,9,5,7,17
21,18,2026,3,12,10,4,8,13
21,21,2026,3,12,11,6,4,15
21,27,2026,3,12,10,4,1,18
21,32,2026,3,12,9,2,1,19
21,38,2026,3,12,8,6,7,18
21,41,2026,3,12,7,4,4,18
21,48,2026,3,12,5,3,10,11
22,0,2026,3,12,5,2,0,13
22,4,2026,3,12,7,4,1,16
22,9,2026,3,12,8,2,3,15
22,13,2026,3,12,9,2,3,14
22,18,2026,3,12,10,2,3,13
22,21,2026,3,12,11,3,7,9
22,27,2026,3,12,10,2,0,11
22,32,2026,3,12,9,2,2,11
22,38,2026,3,12,8,2,7,6
22,41,2026,3,12,7,6,1,11
22,48,2026,3,12,5,3,4,10
23,0,2026,3,12,5,5,0,15
23,4,2026,3,12,7,2,2,15
23,9,2026,3,12,8,3,0,18
23,13,2026,3,12,9,3,7,14
23,18,2026,3,12,10,2,5,11
23,21,2026,3,12,11,2,6,7
23,27,2026,3,12,10,2,0,9
23,32,2026,3,12,9,5,4,10
23,38,2026,3,12,8,4,5,9
23,41,2026,3,12,7,4,4,9
23,48,2026,3,12,5,0,9,0
6,0,2026,3,13,5,15,0,15
6,4,2026,3,13,7,3,2,16
6,9,2026,3,13,8,15,2,29
6,13,2026,3,13,9,16,12,33
6,18,2026,3,13,10,17,10,40
6,21,2026,3,13,11,20,13,47
6,27,2026,3,13,10,19,3,63
6,32,2026,3,13,9,7,9,61
6,38,2026,3,13,8,5,13,53
6,41,2026,3,13,7,6,21,38
6,48,2026,3,13,5,17,20,35
7,0,2026,3,13,5,16,0,51
7,4,2026,3,13,7,5,22,34
7,9,2026,3,13,8,20,2,52
7,13,2026,3,13,9,13,9,56
7,18,2026,3,13,10,12,13,55
7,21,2026,3,13,11,19,18,56
7,27,2026,3,13,10,12,2,66
7,32,2026,3,13,9,5,7,64
7,38,2026,3,13,8,12,20,56
7,41,2026,3,13,7,5,24,37
7,48,2026,3,13,5,12,17,32
8,0,2026,3,13,5,14,0,46
8,4,2026,3,13,7,1,16,31
8,9,2026,3,13,8,14,3,42
8,13,2026,3,13,9,20,7,55
8,18,2026,3,13,10,19,8,66
8,21,2026,3,13,11,14,18,62
8,27,2026,3,13,10,7,3,66
8,32,2026,3,13,9,8,8,66
8,38,2026,3,13,8,18,20,64
8,41,2026,3,13,7,4,28,40
8,48,2026,3,13,5,14,16,38
9,0,2026,3,13,5,3,0,41
9,4,2026,3,13,7,3,11,33
9,9,2026,3,13,8,4,1,36
9,13,2026,3,13,9,2,5,33
9,18,2026,3,13,10,3,14,22
9,21,2026,3,13,11,5,14,13
9,27,2026,3,13,10,3,0,16
9,32,2026,3,13,9,4,0,20
9,38,2026,3,13,8,5,3,22
9,41,2026,3,13,7,3,18,7
9,48,2026,3,13,5,2,1,8
10,0,2026,3,13,5,3,0,11
10,4,2026,3,13,7,5,2,14
10,9,2026,3,13,8,3,0,17
10,13,2026,3,13,9,3,9,11
10,18,2026,3,13,10,3,3,11
10,21,2026,3,13,11,4,5,10
10,27,2026,3,13,10,5,0,15
10,32,2026,3,13,9,3,2,16
10,38,2026,3,13,8,3,2,17
10,41,2026,3,13,7,5,5,17
10,48,2026,3,13,5,5,9,13
11,0,2026,3,13,5,6,0,19
11,4,2026,3,13,7,6,4,21
11,9,2026,3,13,8,4,4,21
11,13,2026,3,13,9,4,5,20
11,18,2026,3,13,10,4,6,18
11,21,2026,3,13,11,2,8,12
11,27,2026,3,13,10,3,0,15
11,32,2026,3,13,9,5,1,19
11,38,2026,3,13,8,4,6,17
11,41,2026,3,13,7,6,4,19
11,48,2026,3,13,5,5,11,13
12,0,2026,3,13,5,4,0,17
12,4,2026,3,13,7,6,2,21
12,9,2026,3,13,8,3,2,22
12,13,2026,3,13,9,5,9,18
12,18,2026,3,13,10,5,7,16
12,21,2026,3,13,11,4,4,16
12,27,2026,3,13,10,6,0,22
12,32,2026,3,13,9,5,3,24
12,38,2026,3,13,8,5,3,26
12,41,2026,3,13,7,6,10,22
12,48,2026,3,13,5,4,11,15
13,0,2026,3,13,5,6,0,21
13,4,2026,3,13,7,26,3,44
13,9,2026,3,13,8,4,9,39
13,13,2026,3,13,9,6,10,35
13,18,2026,3,13,10,4,12,27
13,21,2026,3,13,11,5,17,15
13,27,2026,3,13,10,6,1,20
13,32,2026,3,13,9,3,4,19
13,38,2026,3,13,8,3,8,14
13,41,2026,3,13,7,25,5,34
13,48,2026,3,13,5,5,9,30
14,0,2026,3,13,5,2,0,32
14,4,2026,3,13,7,16,0,48
14,9,2026,3,13,8,6,11,43
14,13,2026,3,13,9,3,13,33
14,18,2026,3,13,10,6,10,29
14,21,2026,3,13,11,5,15,19
14,27,2026,3,13,10,5,2,22
14,32,2026,3,13,9,6,1,27
14,38,2026,3,13,8,3,8,22
14,41,2026,3,13,7,18,5,35
14,48,2026,3,13,5,2,18,19
15,0,2026,3,13,5,4,0,23
15,4,2026,3,13,7,8,0,31
15,9,2026,3,13,8,3,4,30
15,13,2026,3,13,9,6,7,29
15,18,2026,3,13,10,5,13,21
15,21,2026,3,13,11,5,12,14
15,27,2026,3,13,10,6,2,18
15,32,2026,3,13,9,6,4,20
15,38,2026,3,13,8,2,7,15
15,41,2026,3,13,7,13,6,22
15,48,2026,3,13,5,3,5,20
16,0,2026,3,13,5,3,0,23
16,4,2026,3,13,7,5,2,26
16,9,2026,3,13,8,4,0,30
16,13,2026,3,13,9,4,7,27
16,18,2026,3,13,10,2,6,23
16,21,2026,3,13,11,5,14,14
16,27,2026,3,13,10,5,1,18
16,32,2026,3,13,9,2,1,19
16,38,2026,3,13,8,6,6,19
16,41,2026,3,13,7,5,6,18
16,48,2026,3,13,5,2,8,12
17,0,2026,3,13,5,2,0,14
17,4,2026,3,13,7,4,0,18
17,9,2026,3,13,8,3,2,19
17,13,2026,3,13,9,2,4,17
17,18,2026,3,13,10,6,7,16
17,21,2026,3,13,11,6,9,13
17,27,2026,3,13,10,5,2,16
17,32,2026,3,13,9,5,4,17
17,38,2026,3,13,8,3,5,15
17,41,2026,3,13,7,4,6,13
17,48,2026,3,13,5,4,5,12
18,0,2026,3,13,5,4,0,16
18,4,2026,3,13,7,5,3,18
18,9,2026,3,13,8,5,2,21
18,13,2026,3,13,9,6,6,21
18,18,2026,3,13,10,5,7,19
18,21,2026,3,13,11,6,8,17
18,27,2026,3,13,10,5,3,19
18,32,2026,3,13,9,6,2,23
18,38,2026,3,13,8,6,5,24
18,41,2026,3,13,7,2,6,20
18,48,2026,3,13,5,6,12,14
19,0,2026,3,13,5,4,0,18
19,4,2026,3,13,7,2,3,17
19,9,2026,3,13,8,3,3,17
19,13,2026,3,13,9,6,5,18
19,18,2026,3,13,10,2,7,13
19,21,2026,3,13,11,2,7,8
19,27,2026,3,13,10,5,0,13
19,32,2026,3,13,9,3,2,14
19,38,2026,3,13,8,3,1,16
19,41,2026,3,13,7,4,6,14
19,48,2026,3,13,5,2,8,8
20,0,2026,3,13,5,2,0,10
20,4,2026,3,13,7,6,0,16
20,9,2026,3,13,8,4,2,18
20,13,2026,3,13,9,6,7,17
20,18,2026,3,13,10,4,2,19
20,21,2026,3,13,11,4,8,15
20,27,2026,3,13,10,4,0,19
20,32,2026,3,13,9,5,4,20
20,38,2026,3,13,8,6,7,19
20,41,2026,3,13,7,3,8,14
20,48,2026,3,13,5,5,7,12
21,0,2026,3,13,5,5,0,17
21,4,2026,3,13,7,2,1,18
21,9,2026,3,13,8,3,3,18
21,13,2026,3,13,9,6,5,19
21,18,2026,3,13,10,2,5,16
21,21,2026,3,13,11,2,10,8
21,27,2026,3,13,10,3,0,11
21,32,2026,3,13,9,2,0,13
21,38,2026,3,13,8,2,4,11
21,41,2026,3,13,7,4,0,15
21,48,2026,3,13,5,5,8,12
22,0,2026,3,13,5,3,0,15
22,4,2026,3,13,7,4,2,17
22,9,2026,3,13,8,2,5,14
22,13,2026,3,13,9,2,1,15
22,18,2026,3,13,10,2,8,9
22,21,2026,3,13,11,6,6,9
22,27,2026,3,13,10,3,0,12
22,32,2026,3,13,9,6,1,17
22,38,2026,3,13,8,5,3,19
22,41,2026,3,13,7,4,8,15
22,48,2026,3,13,5,2,9,8
23,0,2026,3,13,5,5,0,13
23,4,2026,3,13,7,5,2,16
23,9,2026,3,13,8,4,1,19
23,13,2026,3,13,9,4,7,16
23,18,2026,3,13,10,3,5,14
23,21,2026,3,13,11,4,7,11
23,27,2026,3,13,10,2,0,13
23,32,2026,3,13,9,5,3,15
23,38,2026,3,13,8,6,4,17
23,41,2026,3,13,7,3,5,15
23,48,2026,3,13,5,0,15,0
6,0,2026,3,14,5,18,0,18
6,4,2026,3,14,7,2,5,15
6,9,2026,3,14,8,17,3,29
6,13,2026,3,14,9,17,5,41
6,18,2026,3,14,10,17,9,49
6,21,2026,3,14,11,17,14,52
6,27,2026,3,14,10,9,3,58
6,32,2026,3,14,9,10,17,51
6,38,2026,3,14,8,7,10,48
6,41,2026,3,14,7,6,18,36
6,48,2026,3,14,5,17,20,33
7,0,2026,3,14,5,19,0,52
7,4,2026,3,14,7,2,25,29
7,9,2026,3,14,8,13,4,38
7,13,2026,3,14,9,17,7,48
7,18,2026,3,14,10,14,8,54
7,21,2026,3,14,11,21,20,55
7,27,2026,3,14,10,15,4,66
7,32,2026,3,14,9,12,12,66
7,38,2026,3,14,8,8,18,56
7,41,2026,3,14,7,1,22,35
7,48,2026,3,14,5,12,19,28
8,0,2026,3,14,5,13,0,41
8,4,2026,3,14,7,5,19,27
8,9,2026,3,14,8,11,2,36
8,13,2026,3,14,9,20,8,48
8,18,2026,3,14,10,20,14,54
8,21,2026,3,14,11,10,16,48
8,27,2026,3,14,10,14,1,61
8,32,2026,3,14,9,15,10,66
8,38,2026,3,14,8,12,13,65
8,41,2026,3,14,7,5,24,46
8,48,2026,3,14,5,12,20,38
9,0,2026,3,14,5,5,0,43
9,4,2026,3,14,7,2,14,31
9,9,2026,3,14,8,2,3,30
9,13,2026,3,14,9,6,6,30
9,18,2026,3,14,10,4,7,27
9,21,2026,3,14,11,3,16,14
9,27,2026,3,14,10,3,0,17
9,32,2026,3,14,9,5,1,21
9,38,2026,3,14,8,3,1,23
9,41,2026,3,14,7,1,21,3
9,48,2026,3,14,5,3,1,5
10,0,2026,3,14,5,4,0,9
10,4,2026,3,14,7,3,1,11
10,9,2026,3,14,8,4,1,14
10,13,2026,3,14,9,4,4,14
10,18,2026,3,14,10,5,4,15
10,21,2026,3,14,11,5,7,13
10,27,2026,3,14,10,2,3,12
10,32,2026,3,14,9,2,3,11
10,38,2026,3,14,8,2,2,11
10,41,2026,3,14,7,2,3,10
10,48,2026,3,14,5,6,7,9
11,0,2026,3,14,5,3,0,12
11,4,2026,3,14,7,6,5,13
11,9,2026,3,14,8,2,2,13
11,13,2026,3,14,9,2,1,14
11,18,2026,3,14,10,5,6,13
11,21,2026,3,14,11,3,6,10
11,27,2026,3,14,10,6,1,15
11,32,2026,3,14,9,5,3,17
11,38,2026,3,14,8,3,5,15
11,41,2026,3,14,7,5,0,20
11,48,2026,3,14,5,4,10,14
12,0,2026,3,14,5,5,0,19
12,4,2026,3,14,7,5,1,23
12,9,2026,3,14,8,2,5,20
12,13,2026,3,14,9,6,7,19
12,18,2026,3,14,10,6,9,16
12,21,2026,3,14,11,3,7,12
12,27,2026,3,14,10,6,0,18
12,32,2026,3,14,9,3,6,15
12,38,2026,3,14,8,3,6,12
12,41,2026,3,14,7,3,3,12
12,48,2026,3,14,5,3,7,8
13,0,2026,3,14,5,4,0,12
13,4,2026,3,14,7,18,2,28
13,9,2026,3,14,8,5,3,30
13,13,2026,3,14,9,3,6,27
13,18,2026,3,14,10,3,7,23
13,21,2026,3,14,11,5,17,11
13,27,2026,3,14,10,5,1,15
13,32,2026,3,14,9,3,2,16
13,38,2026,3,14,8,5,6,15
13,41,2026,3,14,7,19,2,32
13,48,2026,3,14,5,4,14,22
14,0,2026,3,14,5,6,0,28
14,4,2026,3,14,7,14,2,40
14,9,2026,3,14,8,4,4,40
14,13,2026,3,14,9,6,6,40
14,18,2026,3,14,10,6,19,27
14,21,2026,3,14,11,2,16,13
14,27,2026,3,14,10,6,0,19
14,32,2026,3,14,9,5,5,19
14,38,2026,3,14,8,6,7,18
14,41,2026,3,14,7,19,3,34
14,48,2026,3,14,5,4,13,25
15,0,2026,3,14,5,6,0,31
15,4,2026,3,14,7,11,1,41
15,9,2026,3,14,8,4,9,36
15,13,2026,3,14,9,5,11,30
15,18,2026,3,14,10,6,13,23
15,21,2026,3,14,11,5,13,15
15,27,2026,3,14,10,5,1,19
15,32,2026,3,14,9,3,4,18
15,38,2026,3,14,8,4,6,16
15,41,2026,3,14,7,30,2,44
15,48,2026,3,14,5,3,15,32
16,0,2026,3,14,5,4,0,36
16,4,2026,3,14,7,4,2,38
16,9,2026,3,14,8,5,7,36
16,13,2026,3,14,9,4,13,27
16,18,2026,3,14,10,3,13,17
16,21,2026,3,14,11,5,9,13
16,27,2026,3,14,10,2,3,12
16,32,2026,3,14,9,4,2,14
16,38,2026,3,14,8,2,2,14
16,41,2026,3,14,7,6,6,14
16,48,2026,3,14,5,3,5,12
17,0,2026,3,14,5,3,0,15
17,4,2026,3,14,7,3,1,17
17,9,2026,3,14,8,6,3,20
17,13,2026,3,14,9,6,7,19
17,18,2026,3,14,10,3,3,19
17,21,2026,3,14,11,6,7,18
17,27,2026,3,14,10,3,1,20
17,32,2026,3,14,9,3,3,20
17,38,2026,3,14,8,3,4,19
17,41,2026,3,14,7,3,4,18
17,48,2026,3,14,5,2,14,6
18,0,2026,3,14,5,3,0,9
18,4,2026,3,14,7,2,0,11
18,9,2026,3,14,8,4,3,12
18,13,2026,3,14,9,2,4,10
18,18,2026,3,14,10,6,4,12
18,21,2026,3,14,11,4,5,11
18,27,2026,3,14,10,6,1,16
18,32,2026,3,14,9,6,1,21
18,38,2026,3,14,8,2,8,15
18,41,2026,3,14,7,5,4,16
18,48,2026,3,14,5,2,7,11
19,0,2026,3,14,5,2,0,13
19,4,2026,3,14,7,2,2,13
19,9,2026,3,14,8,6,1,18
19,13,2026,3,14,9,6,4,20
19,18,2026,3,14,10,6,8,18
19,21,2026,3,14,11,3,10,11
19,27,2026,3,14,10,4,1,14
19,32,2026,3,14,9,2,3,13
19,38,2026,3,14,8,6,1,18
19,41,2026,3,14,7,5,4,19
19,48,2026,3,14,5,4,9,14
20,0,2026,3,14,5,4,0,18
20,4,2026,3,14,7,4,2,20
20,9,2026,3,14,8,6,2,24
20,13,2026,3,14,9,4,6,22
20,18,2026,3,14,10,3,9,16
20,21,2026,3,14,11,3,5,14
20,27,2026,3,14,10,5,1,18
20,32,2026,3,14,9,4,1,21
20,38,2026,3,14,8,5,7,19
20,41,2026,3,14,7,4,3,20
20,48,2026,3,14,5,5,10,15
21,0,2026,3,14,5,6,0,21
21,4,2026,3,14,7,3,0,24
21,9,2026,3,14,8,2,5,21
21,13,2026,3,14,9,4,7,18
21,18,2026,3,14,10,4,9,13
21,21,2026,3,14,11,3,7,9
21,27,2026,3,14,10,3,0,12
21,32,2026,3,14,9,3,2,13
21,38,2026,3,14,8,5,0,18
21,41,2026,3,14,7,5,3,20
21,48,2026,3,14,5,4,8,16
22,0,2026,3,14,5,3,0,19
22,4,2026,3,14,7,6,2,23
22,9,2026,3,14,8,5,0,28
22,13,2026,3,14,9,3,8,23
22,18,2026,3,14,10,4,11,16
22,21,2026,3,14,11,3,8,11
22,27,2026,3,14,10,2,0,13
22,32,2026,3,14,9,3,3,13
22,38,2026,3,14,8,4,2,15
22,41,2026,3,14,7,6,4,17
22,48,2026,3,14,5,5,6,16
23,0,2026,3,14,5,5,0,21
23,4,2026,3,14,7,5,0,26
23,9,2026,3,14,8,5,5,26
23,13,2026,3,14,9,6,5,27
23,18,2026,3,14,10,4,12,19
23,21,2026,3,14,11,4,10,13
23,27,2026,3,14,10,6,1,18
23,32,2026,3,14,9,4,4,18
23,38,2026,3,14,8,2,7,13
23,41,2026,3,14,7,4,7,10
23,48,2026,3,14,5,0,10,0
6,0,2026,3,15,5,13,0,13
6,4,2026,3,15,7,5,3,15
6,9,2026,3,15,8,13,3,25
6,13,2026,3,15,9,18,4,39
6,18,2026,3,15,10,20,10,49
6,21,2026,3,15,11,8,15,42
6,27,2026,3,15,10,6,1,47
6,32,2026,3,15,9,13,4,56
6,38,2026,3,15,8,14,17,53
6,41,2026,3,15,7,5,16,42
6,48,2026,3,15,5,5,20,27
7,0,2026,3,15,5,5,0,32
7,4,2026,3,15,7,3,9,26
7,9,2026,3,15,8,16,1,41
7,13,2026,3,15,9,22,12,51
7,18,2026,3,15,10,16,10,57
7,21,2026,3,15,11,17,14,60
7,27,2026,3,15,10,10,4,66
7,32,2026,3,15,9,15,17,64
7,38,2026,3,15,8,9,14,59
7,41,2026,3,15,7,1,24,36
7,48,2026,3,15,5,20,18,38
8,0,2026,3,15,5,7,0,45
8,4,2026,3,15,7,3,21,27
8,9,2026,3,15,8,6,4,29
8,13,2026,3,15,9,22,2,49
8,18,2026,3,15,10,14,17,46
8,21,2026,3,15,11,19,14,51
8,27,2026,3,15,10,11,3,59
8,32,2026,3,15,9,16,9,66
8,38,2026,3,15,8,18,19,65
8,41,2026,3,15,7,2,26,41
8,48,2026,3,15,5,21,15,47
9,0,2026,3,15,5,2,0,49
9,4,2026,3,15,7,3,18,34
9,9,2026,3,15,8,3,3,34
9,13,2026,3,15,9,4,12,26
9,18,2026,3,15,10,6,6,26
9,21,2026,3,15,11,6,12,20
9,27,2026,3,15,10,4,3,21
9,32,2026,3,15,9,5,1,25
9,38,2026,3,15,8,6,3,28
9,41,2026,3,15,7,5,22,11
9,48,2026,3,15,5,4,2,13
10,0,2026,3,15,5,3,0,16
10,4,2026,3,15,7,2,0,18
10,9,2026,3,15,8,3,4,17
10,13,2026,3,15,9,2,4,15
10,18,2026,3,15,10,2,7,10
10,21,2026,3,15,11,4,8,6
10,27,2026,3,15,10,4,1,9
10,32,2026,3,15,9,4,2,11
10,38,2026,3,15,8,5,3,13
10,41,2026,3,15,7,2,3,12
10,48,2026,3,15,5,5,3,14
11,0,2026,3,15,5,2,0,16
11,4,2026,3,15,7,4,1,19
11,9,2026,3,15,8,3,2,20
11,13,2026,3,15,9,5,4,21
11,18,2026,3,15,10,2,8,15
11,21,2026,3,15,11,3,8,10
11,27,2026,3,15,10,3,0,13
11,32,2026,3,15,9,2,1,14
11,38,2026,3,15,8,2,0,16
11,41,2026,3,15,7,5,6,15
11,48,2026,3,15,5,3,8,10
12,0,2026,3,15,5,3,0,13
12,4,2026,3,15,7,5,3,15
12,9,2026,3,15,8,3,3,15
12,13,2026,3,15,9,2,2,15
12,18,2026,3,15,10,3,3,15
12,21,2026,3,15,11,3,9,9
12,27,2026,3,15,10,4,1,12
12,32,2026,3,15,9,3,1,14
12,38,2026,3,15,8,4,3,15
12,41,2026,3,15,7,4,7,12
12,48,2026,3,15,5,4,3,13
13,0,2026,3,15,5,6,0,19
13,4,2026,3,15,7,30,0,49
13,9,2026,3,15,8,6,11,44
13,13,2026,3,15,9,6,14,36
13,18,2026,3,15,10,6,14,28
13,21,2026,3,15,11,4,13,19
13,27,2026,3,15,10,5,1,23
13,32,2026,3,15,9,5,2,26
13,38,2026,3,15,8,5,4,27
13,41,2026,3,15,7,29,5,51
13,48,2026,3,15,5,3,20,34
14,0,2026,3,15,5,4,0,38
14,4,2026,3,15,7,28,0,66
14,9,2026,3,15,8,3,15,54
14,13,2026,3,15,9,4,13,45
14,18,2026,3,15,10,5,17,33
14,21,2026,3,15,11,6,21,18
14,27,2026,3,15,10,5,2,21
14,32,2026,3,15,9,5,4,22
14,38,2026,3,15,8,6,7,21
14,41,2026,3,15,7,32,9,44
14,48,2026,3,15,5,5,10,39
15,0,2026,3,15,5,5,0,44
15,4,2026,3,15,7,23,1,66
15,9,2026,3,15,8,5,11,60
15,13,2026,3,15,9,2,20,42
15,18,2026,3,15,10,3,15,30
15,21,2026,3,15,11,2,19,13
15,27,2026,3,15,10,4,0,17
15,32,2026,3,15,9,2,2,17
15,38,2026,3,15,8,4,4,17
15,41,2026,3,15,7,19,2,34
15,48,2026,3,15,5,5,11,28
16,0,2026,3,15,5,2,0,30
16,4,2026,3,15,7,6,0,36
16,9,2026,3,15,8,2,10,28
16,13,2026,3,15,9,6,7,27
16,18,2026,3,15,10,6,8,25
16,21,2026,3,15,11,6,14,17
16,27,2026,3,15,10,6,2,21
16,32,2026,3,15,9,2,6,17
16,38,2026,3,15,8,5,6,16
16,41,2026,3,15,7,4,3,17
16,48,2026,3,15,5,4,11,10
17,0,2026,3,15,5,6,0,16
17,4,2026,3,15,7,5,2,19
17,9,2026,3,15,8,4,4,19
17,13,2026,3,15,9,2,3,18
17,18,2026,3,15,10,4,6,16
17,21,2026,3,15,11,4,7,13
17,27,2026,3,15,10,3,0,16
17,32,2026,3,15,9,5,2,19
17,38,2026,3,15,8,6,2,23
17,41,2026,3,15,7,2,6,19
17,48,2026,3,15,5,4,7,16
18,0,2026,3,15,5,3,0,19
18,4,2026,3,15,7,2,0,21
18,9,2026,3,15,8,3,2,22
18,13,2026,3,15,9,5,8,19
18,18,2026,3,15,10,4,8,15
18,21,2026,3,15,11,3,9,9
18,27,2026,3,15,10,3,0,12
18,32,2026,3,15,9,2,4,10
18,38,2026,3,15,8,3,6,7
18,41,2026,3,15,7,6,4,9
18,48,2026,3,15,5,3,1,11
19,0,2026,3,15,5,3,0,14
19,4,2026,3,15,7,3,1,16
19,9,2026,3,15,8,4,4,16
19,13,2026,3,15,9,4,4,16
19,18,2026,3,15,10,3,8,11
19,21,2026,3,15,11,4,5,10
19,27,2026,3,15,10,5,2,13
19,32,2026,3,15,9,3,2,14
19,38,2026,3,15,8,5,3,16
19,41,2026,3,15,7,3,3,16
19,48,2026,3,15,5,4,8,12
20,0,2026,3,15,5,4,0,16
20,4,2026,3,15,7,5,3,18
20,9,2026,3,15,8,3,1,20
20,13,2026,3,15,9,3,6,17
20,18,2026,3,15,10,5,9,13
20,21,2026,3,15,11,6,7,12
20,27,2026,3,15,10,4,0,16
20,32,2026,3,15,9,3,1,18
20,38,2026,3,15,8,4,6,16
20,41,2026,3,15,7,5,6,15
20,48,2026,3,15,5,4,12,7
21,0,2026,3,15,5,4,0,11
21,4,2026,3,15,7,2,2,11
21,9,2026,3,15,8,3,5,9
21,13,2026,3,15,9,2,2,9
21,18,2026,3,15,10,6,4,11
21,21,2026,3,15,11,2,6,7
21,27,2026,3,15,10,4,0,11
21,32,2026,3,15,9,2,5,8
21,38,2026,3,15,8,3,1,10
21,41,2026,3,15,7,4,5,9
21,48,2026,3,15,5,5,2,12
22,0,2026,3,15,5,6,0,18
22,4,2026,3,15,7,4,6,16
22,9,2026,3,15,8,3,2,17
22,13,2026,3,15,9,2,5,14
22,18,2026,3,15,10,2,2,14
22,21,2026,3,15,11,5,10,9
22,27,2026,3,15,10,3,1,11
22,32,2026,3,15,9,4,2,13
22,38,2026,3,15,8,4,3,14
22,41,2026,3,15,7,4,6,12
22,48,2026,3,15,5,3,5,10
23,0,2026,3,15,5,3,0,13
23,4,2026,3,15,7,4,1,16
23,9,2026,3,15,8,3,3,16
23,13,2026,3,15,9,6,5,17
23,18,2026,3,15,10,3,6,14
23,21,2026,3,15,11,5,9,10
23,27,2026,3,15,10,5,1,14
23,32,2026,3,15,9,2,2,14
23,38,2026,3,15,8,3,4,13
23,41,2026,3,15,7,3,3,13
23,48,2026,3,15,5,0,13,0
6,0,2026,3,16,5,5,0,5
6,4,2026,3,16,7,3,0,8
6,9,2026,3,16,8,6,2,12
6,13,2026,3,16,9,21,3,30
6,18,2026,3,16,10,8,5,33
6,21,2026,3,16,11,21,7,47
6,27,2026,3,16,10,6,1,52
6,32,2026,3,16,9,15,7,60
6,38,2026,3,16,8,10,14,56
6,41,2026,3,16,7,6,19,43
6,48,2026,3,16,5,22,21,44
7,0,2026,3,16,5,12,0,56
7,4,2026,3,16,7,5,22,39
7,9,2026,3,16,8,11,3,47
7,13,2026,3,16,9,14,9,52
7,18,2026,3,16,10,17,14,55
7,21,2026,3,16,11,9,18,46
7,27,2026,3,16,10,21,2,65
7,32,2026,3,16,9,8,7,66
7,38,2026,3,16,8,8,8,66
7,41,2026,3,16,7,3,28,41
7,48,2026,3,16,5,13,20,34
8,0,2026,3,16,5,18,0,52
8,4,2026,3,16,7,5,24,33
8,9,2026,3,16,8,18,1,50
8,13,2026,3,16,9,15,11,54
8,18,2026,3,16,10,17,11,60
8,21,2026,3,16,11,5,21,44
8,27,2026,3,16,10,13,2,55
8,32,2026,3,16,9,13,8,60
8,38,2026,3,16,8,20,14,66
8,41,2026,3,16,7,5,24,47
8,48,2026,3,16,5,7,20,34
9,0,2026,3,16,5,3,0,37
9,4,2026,3,16,7,4,4,37
9,9,2026,3,16,8,6,5,38
9,13,2026,3,16,9,2,11,29
9,18,2026,3,16,10,4,10,23
9,21,2026,3,16,11,5,12,16
9,27,2026,3,16,10,3,1,18
9,32,2026,3,16,9,4,0,22
9,38,2026,3,16,8,4,0,26
9,41,2026,3,16,7,1,17,10
9,48,2026,3,16,5,5,7,8
10,0,2026,3,16,5,5,0,13
10,4,2026,3,16,7,2,1,14
10,9,2026,3,16,8,5,2,17
10,13,2026,3,16,9,5,7,15
10,18,2026,3,16,10,2,5,12
10,21,2026,3,16,11,5,3,14
10,27,2026,3,16,10,5,1,18
10,32,2026,3,16,9,4,1,21
10,38,2026,3,16,8,6,4,23
10,41,2026,3,16,7,3,7,19
10,48,2026,3,16,5,5,9,15
11,0,2026,3,16,5,3,0,18
11,4,2026,3,16,7,6,3,21
11,9,2026,3,16,8,2,3,20
11,13,2026,3,16,9,5,4,21
11,18,2026,3,16,10,3,9,15
11,21,2026,3,16,11,4,7,12
11,27,2026,3,16,10,5,3,14
11,32,2026,3,16,9,4,4,14
11,38,2026,3,16,8,5,3,16
11,41,2026,3,16,7,3,6,13
11,48,2026,3,16,5,3,4,12
12,0,2026,3,16,5,3,0,15
12,4,2026,3,16,7,6,0,21
12,9,2026,3,16,8,2,4,19
12,13,2026,3,16,9,2,5,16
12,18,2026,3,16,10,4,9,11
12,21,2026,3,16,11,6,5,12
12,27,2026,3,16,10,6,1,17
12,32,2026,3,16,9,5,2,20
12,38,2026,3,16,8,4,8,16
12,41,2026,3,16,7,3,5,14
12,48,2026,3,16,5,3,6,11
13,0,2026,3,16,5,4,0,15
13,4,2026,3,16,7,25,4,36
13,9,2026,3,16,8,4,4,36
13,13,2026,3,16,9,3,13,26
13,18,2026,3,16,10,6,10,22
13,21,2026,3,16,11,2,13,11
13,27,2026,3,16,10,2,0,13
13,32,2026,3,16,9,3,4,12
13,38,2026,3,16,8,3,5,10
13,41,2026,3,16,7,19,3,26
13,48,2026,3,16,5,3,4,25
14,0,2026,3,16,5,6,0,31
14,4,2026,3,16,7,8,3,36
14,9,2026,3,16,8,4,9,31
14,13,2026,3,16,9,6,10,27
14,18,2026,3,16,10,6,7,26
14,21,2026,3,16,11,5,13,18
14,27,2026,3,16,10,2,1,19
14,32,2026,3,16,9,4,3,20
14,38,2026,3,16,8,2,6,16
14,41,2026,3,16,7,14,2,28
14,48,2026,3,16,5,6,13,21
15,0,2026,3,16,5,6,0,27
15,4,2026,3,16,7,21,3,45
15,9,2026,3,16,8,4,7,42
15,13,2026,3,16,9,6,8,40
15,18,2026,3,16,10,2,14,28
15,21,2026,3,16,11,6,19,15
15,27,2026,3,16,10,4,1,18
15,32,2026,3,16,9,3,3,18
15,38,2026,3,16,8,2,4,16
15,41,2026,3,16,7,31,4,43
15,48,2026,3,16,5,6,20,29
16,0,2026,3,16,5,5,0,34
16,4,2026,3,16,7,3,2,35
16,9,2026,3,16,8,5,7,33
16,13,2026,3,16,9,6,13,26
16,18,2026,3,16,10,6,11,21
16,21,2026,3,16,11,6,10,17
16,27,2026,3,16,10,4,0,21
16,32,2026,3,16,9,5,3,23
16,38,2026,3,16,8,5,8,20
16,41,2026,3,16,7,6,8,18
16,48,2026,3,16,5,5,7,16
17,0,2026,3,16,5,5,0,21
17,4,2026,3,16,7,2,1,22
17,9,2026,3,16,8,4,3,23
17,13,2026,3,16,9,4,8,19
17,18,2026,3,16,10,4,7,16
17,21,2026,3,16,11,4,10,10
17,27,2026,3,16,10,5,0,15
17,32,2026,3,16,9,2,4,13
17,38,2026,3,16,8,2,3,12
17,41,2026,3,16,7,5,4,13
17,48,2026,3,16,5,4,6,11
18,0,2026,3,16,5,6,0,17
18,4,2026,3,16,7,6,1,22
18,9,2026,3,16,8,3,4,21
18,13,2026,3,16,9,5,4,22
18,18,2026,3,16,10,2,8,16
18,21,2026,3,16,11,3,9,10
18,27,2026,3,16,10,2,0,12
18,32,2026,3,16,9,2,3,11
18,38,2026,3,16,8,3,2,12
18,41,2026,3,16,7,2,5,9
18,48,2026,3,16,5,6,5,10
19,0,2026,3,16,5,3,0,13
19,4,2026,3,16,7,2,2,13
19,9,2026,3,16,8,3,4,12
19,13,2026,3,16,9,2,6,8
19,18,2026,3,16,10,6,3,11
19,21,2026,3,16,11,2,3,10
19,27,2026,3,16,10,4,0,14
19,32,2026,3,16,9,2,6,10
19,38,2026,3,16,8,2,0,12
19,41,2026,3,16,7,2,4,10
19,48,2026,3,16,5,6,5,11
20,0,2026,3,16,5,3,0,14
20,4,2026,3,16,7,4,1,17
20,9,2026,3,16,8,6,5,18
20,13,2026,3,16,9,4,6,16
20,18,2026,3,16,10,4,7,13
20,21,2026,3,16,11,2,6,9
20,27,2026,3,16,10,4,0,13
20,32,2026,3,16,9,6,1,18
20,38,2026,3,16,8,6,7,17
20,41,2026,3,16,7,5,7,15
20,48,2026,3,16,5,4,7,12
21,0,2026,3,16,5,5,0,17
21,4,2026,3,16,7,6,1,22
21,9,2026,3,16,8,2,3,21
21,13,2026,3,16,9,4,5,20
21,18,2026,3,16,10,4,10,14
21,21,2026,3,16,11,2,6,10
21,27,2026,3,16,10,2,1,11
21,32,2026,3,16,9,4,1,14
21,38,2026,3,16,8,5,5,14
21,41,2026,3,16,7,6,3,17
21,48,2026,3,16,5,3,8,12
22,0,2026,3,16,5,6,0,18
22,4,2026,3,16,7,4,1,21
22,9,2026,3,16,8,3,4,20
22,13,2026,3,16,9,4,5,19
22,18,2026,3,16,10,2,7,14
22,21,2026,3,16,11,4,8,10
22,27,2026,3,16,10,6,0,16
22,32,2026,3,16,9,2,3,15
22,38,2026,3,16,8,3,4,14
22,41,2026,3,16,7,3,5,12
22,48,2026,3,16,5,5,9,8
23,0,2026,3,16,5,4,0,12
23,4,2026,3,16,7,4,0,16
23,9,2026,3,16,8,4,5,15
23,13,2026,3,16,9,2,3,14
23,18,2026,3,16,10,3,4,13
23,21,2026,3,16,11,5,5,13
23,27,2026,3,16,10,4,2,15
23,32,2026,3,16,9,6,2,19
23,38,2026,3,16,8,2,8,13
23,41,2026,3,16,7,2,6,9
23,48,2026,3,16,5,0,9,0
6,0,2026,3,17,5,20,0,20
6,4,2026,3,17,7,2,3,19
6,9,2026,3,17,8,7,3,23
6,13,2026,3,17,9,16,8,31
6,18,2026,3,17,10,10,8,33
6,21,2026,3,17,11,22,15,40
6,27,2026,3,17,10,11,5,46
6,32,2026,3,17,9,13,13,46
6,38,2026,3,17,8,15,15,46
6,41,2026,3,17,7,4,16,34
6,48,2026,3,17,5,15,17,32
7,0,2026,3,17,5,15,0,47
7,4,2026,3,17,7,3,23,27
7,9,2026,3,17,8,14,6,35
7,13,2026,3,17,9,6,5,36
7,18,2026,3,17,10,6,10,32
7,21,2026,3,17,11,20,11,41
7,27,2026,3,17,10,13,0,54
7,32,2026,3,17,9,16,4,66
7,38,2026,3,17,8,14,16,64
7,41,2026,3,17,7,1,32,33
7,48,2026,3,17,5,5,13,25
8,0,2026,3,17,5,22,0,47
8,4,2026,3,17,7,1,19,29
8,9,2026,3,17,8,22,3,48
8,13,2026,3,17,9,22,7,63
8,18,2026,3,17,10,15,13,65
8,21,2026,3,17,11,12,17,60
8,27,2026,3,17,10,6,3,63
8,32,2026,3,17,9,11,8,66
8,38,2026,3,17,8,8,10,64
8,41,2026,3,17,7,2,31,35
8,48,2026,3,17,5,18,17,36
9,0,2026,3,17,5,6,0,42
9,4,2026,3,17,7,5,18,29
9,9,2026,3,17,8,2,3,28
9,13,2026,3,17,9,2,4,26
9,18,2026,3,17,10,6,10,22
9,21,2026,3,17,11,4,11,15
9,27,2026,3,17,10,4,0,19
9,32,2026,3,17,9,5,0,24
9,38,2026,3,17,8,3,0,27
9,41,2026,3,17,7,2,22,7
9,48,2026,3,17,5,5,2,10
10,0,2026,3,17,5,2,0,12
10,4,2026,3,17,7,6,1,17
10,9,2026,3,17,8,3,4,16
10,13,2026,3,17,9,6,5,17
10,18,2026,3,17,10,3,3,17
10,21,2026,3,17,11,4,9,12
10,27,2026,3,17,10,5,1,16
10,32,2026,3,17,9,4,2,18
10,38,2026,3,17,8,2,5,15
10,41,2026,3,17,7,3,5,13
10,48,2026,3,17,5,5,7,11
11,0,2026,3,17,5,2,0,13
11,4,2026,3,17,7,5,3,15
11,9,2026,3,17,8,6,2,19
11,13,2026,3,17,9,2,3,18
11,18,2026,3,17,10,4,6,16
11,21,2026,3,17,11,4,8,12
11,27,2026,3,17,10,6,1,17
11,32,2026,3,17,9,3,1,19
11,38,2026,3,17,8,2,4,17
11,41,2026,3,17,7,6,3,20
11,48,2026,3,17,5,3,10,13
12,0,2026,3,17,5,5,0,18
12,4,2026,3,17,7,3,3,18
12,9,2026,3,17,8,5,3,20
12,13,2026,3,17,9,5,6,19
12,18,2026,3,17,10,2,5,16
12,21,2026,3,17,11,6,9,13
12,27,2026,3,17,10,2,2,13
12,32,2026,3,17,9,6,2,17
12,38,2026,3,17,8,4,3,18
12,41,2026,3,17,7,3,8,13
12,48,2026,3,17,5,4,4,13
13,0,2026,3,17,5,5,0,18
13,4,2026,3,17,7,20,0,38
13,9,2026,3,17,8,3,7,34
13,13,2026,3,17,9,2,9,27
13,18,2026,3,17,10,4,10,21
13,21,2026,3,17,11,3,10,14
13,27,2026,3,17,10,4,0,18
13,32,2026,3,17,9,4,3,19
13,38,2026,3,17,8,4,4,19
13,41,2026,3,17,7,13,4,28
13,48,2026,3,17,5,4,11,21
14,0,2026,3,17,5,4,0,25
14,4,2026,3,17,7,32,1,56
14,9,2026,3,17,8,2,9,49
14,13,2026,3,17,9,6,13,42
14,18,2026,3,17,10,6,16,32
14,21,2026,3,17,11,6,16,22
14,27,2026,3,17,10,5,0,27
14,32,2026,3,17,9,5,5,27
14,38,2026,3,17,8,2,6,23
14,41,2026,3,17,7,12,1,34
14,48,2026,3,17,5,4,23,15
15,0,2026,3,17,5,5,0,20
15,4,2026,3,17,7,26,1,45
15,9,2026,3,17,8,4,15,34
15,13,2026,3,17,9,5,12,27
15,18,2026,3,17,10,2,7,22
15,21,2026,3,17,11,2,8,16
15,27,2026,3,17,10,2,1,17
15,32,2026,3,17,9,2,1,18
15,38,2026,3,17,8,4,6,16
15,41,2026,3,17,7,7,4,19
15,48,2026,3,17,5,5,9,15
16,0,2026,3,17,5,6,0,21
16,4,2026,3,17,7,2,0,23
16,9,2026,3,17,8,4,7,20
16,13,2026,3,17,9,5,7,18
16,18,2026,3,17,10,6,7,17
16,21,2026,3,17,11,5,7,15
16,27,2026,3,17,10,5,1,19
16,32,2026,3,17,9,3,2,20
16,38,2026,3,17,8,4,4,20
16,41,2026,3,17,7,4,11,13
16,48,2026,3,17,5,4,7,10
17,0,2026,3,17,5,5,0,15
17,4,2026,3,17,7,3,2,16
17,9,2026,3,17,8,2,4,14
17,13,2026,3,17,9,4,5,13
17,18,2026,3,17,10,5,3,15
17,21,2026,3,17,11,2,8,9
17,27,2026,3,17,10,2,1,10
17,32,2026,3,17,9,6,0,16
17,38,2026,3,17,8,3,5,14
17,41,2026,3,17,7,6,4,16
17,48,2026,3,17,5,3,8,11
18,0,2026,3,17,5,5,0,16
18,4,2026,3,17,7,2,3,15
18,9,2026,3,17,8,3,1,17
18,13,2026,3,17,9,5,3,19
18,18,2026,3,17,10,3,5,17
18,21,2026,3,17,11,6,9,14
18,27,2026,3,17,10,2,0,16
18,32,2026,3,17,9,2,4,14
18,38,2026,3,17,8,4,2,16
18,41,2026,3,17,7,6,7,15
18,48,2026,3,17,5,4,11,8
19,0,2026,3,17,5,6,0,14
19,4,2026,3,17,7,6,0,20
19,9,2026,3,17,8,5,5,20
19,13,2026,3,17,9,6,3,23
19,18,2026,3,17,10,4,9,18
19,21,2026,3,17,11,2,7,13
19,27,2026,3,17,10,3,0,16
19,32,2026,3,17,9,6,1,21
19,38,2026,3,17,8,6,7,20
19,41,2026,3,17,7,6,7,19
19,48,2026,3,17,5,2,6,15
20,0,2026,3,17,5,4,0,19
20,4,2026,3,17,7,6,2,23
20,9,2026,3,17,8,3,5,21
20,13,2026,3,17,9,6,5,22
20,18,2026,3,17,10,2,5,19
20,21,2026,3,17,11,3,9,13
20,27,2026,3,17,10,5,0,18
20,32,2026,3,17,9,3,1,20
20,38,2026,3,17,8,3,2,21
20,41,2026,3,17,7,4,6,19
20,48,2026,3,17,5,4,15,8
21,0,2026,3,17,5,3,0,11
21,4,2026,3,17,7,2,1,12
21,9,2026,3,17,8,6,2,16
21,13,2026,3,17,9,3,2,17
21,18,2026,3,17,10,3,7,13
21,21,2026,3,17,11,6,6,13
21,27,2026,3,17,10,5,0,18
21,32,2026,3,17,9,4,5,17
21,38,2026,3,17,8,3,4,16
21,41,2026,3,17,7,5,7,14
21,48,2026,3,17,5,2,5,11
22,0,2026,3,17,5,4,0,15
22,4,2026,3,17,7,5,1,19
22,9,2026,3,17,8,3,3,19
22,13,2026,3,17,9,6,2,23
22,18,2026,3,17,10,2,8,17
22,21,2026,3,17,11,5,9,13
22,27,2026,3,17,10,2,1,14
22,32,2026,3,17,9,2,1,15
22,38,2026,3,17,8,6,2,19
22,41,2026,3,17,7,3,6,16
22,48,2026,3,17,5,5,9,12
23,0,2026,3,17,5,2,0,14
23,4,2026,3,17,7,6,1,19
23,9,2026,3,17,8,2,2,19
23,13,2026,3,17,9,4,1,22
23,18,2026,3,17,10,5,10,17
23,21,2026,3,17,11,2,7,12
23,27,2026,3,17,10,4,0,16
23,32,2026,3,17,9,5,6,15
23,38,2026,3,17,8,4,5,14
23,41,2026,3,17,7,2,6,10
23,48,2026,3,17,5,0,10,0
6,0,2026,3,18,5,11,0,11
6,4,2026,3,18,7,2,4,9
6,9,2026,3,18,8,8,1,16
6,13,2026,3,18,9,5,5,16
6,18,2026,3,18,10,19,3,32
6,21,2026,3,18,11,21,8,45
6,27,2026,3,18,10,14,5,54
6,32,2026,3,18,9,12,11,55
6,38,2026,3,18,8,18,15,58
6,41,2026,3,18,7,3,17,44
6,48,2026,3,18,5,11,21,34
7,0,2026,3,18,5,19,0,53
7,4,2026,3,18,7,2,20,35
7,9,2026,3,18,8,6,4,37
7,13,2026,3,18,9,11,7,41
7,18,2026,3,18,10,16,15,42
7,21,2026,3,18,11,8,14,36
7,27,2026,3,18,10,17,1,52
7,32,2026,3,18,9,7,9,50
7,38,2026,3,18,8,15,10,55
7,41,2026,3,18,7,3,23,35
7,48,2026,3,18,5,22,18,39
8,0,2026,3,18,5,17,0,56
8,4,2026,3,18,7,2,27,31
8,9,2026,3,18,8,6,5,32
8,13,2026,3,18,9,17,7,42
8,18,2026,3,18,10,19,12,49
8,21,2026,3,18,11,12,10,51
8,27,2026,3,18,10,17,2,66
8,32,2026,3,18,9,3,3,66
8,38,2026,3,18,8,10,11,65
8,41,2026,3,18,7,4,31,38
8,48,2026,3,18,5,22,21,39
9,0,2026,3,18,5,6,0,45
9,4,2026,3,18,7,2,19,28
9,9,2026,3,18,8,3,3,28
9,13,2026,3,18,9,2,12,18
9,18,2026,3,18,10,6,5,19
9,21,2026,3,18,11,2,10,11
9,27,2026,3,18,10,6,1,16
9,32,2026,3,18,9,2,0,18
9,38,2026,3,18,8,6,0,24
9,41,2026,3,18,7,4,21,7
9,48,2026,3,18,5,6,3,10
10,0,2026,3,18,5,5,0,15
10,4,2026,3,18,7,2,3,14
10,9,2026,3,18,8,5,0,19
10,13,2026,3,18,9,3,7,15
10,18,2026,3,18,10,5,7,13
10,21,2026,3,18,11,6,7,12
10,27,2026,3,18,10,4,0,16
10,32,2026,3,18,9,6,7,15
10,38,2026,3,18,8,6,1,20
10,41,2026,3,18,7,6,6,20
10,48,2026,3,18,5,2,10,12
11,0,2026,3,18,5,4,0,16
11,4,2026,3,18,7,2,0,18
11,9,2026,3,18,8,5,4,19
11,13,2026,3,18,9,4,6,17
11,18,2026,3,18,10,5,6,16
11,21,2026,3,18,11,6,7,15
11,27,2026,3,18,10,5,1,19
11,32,2026,3,18,9,5,1,23
11,38,2026,3,18,8,3,5,21
11,41,2026,3,18,7,2,3,20
11,48,2026,3,18,5,6,15,11
12,0,2026,3,18,5,6,0,17
12,4,2026,3,18,7,4,2,19
12,9,2026,3,18,8,4,6,17
12,13,2026,3,18,9,5,5,17
12,18,2026,3,18,10,4,6,15
12,21,2026,3,18,11,4,8,11
12,27,2026,3,18,10,4,1,14
12,32,2026,3,18,9,3,3,14
12,38,2026,3,18,8,3,5,12
12,41,2026,3,18,7,5,3,14
12,48,2026,3,18,5,3,6,11
13,0,2026,3,18,5,3,0,14
13,4,2026,3,18,7,21,0,35
13,9,2026,3,18,8,6,5,36
13,13,2026,3,18,9,4,8,32
13,18,2026,3,18,10,2,10,24
13,21,2026,3,18,11,3,15,12
13,27,2026,3,18,10,4,0,16
13,32,2026,3,18,9,4,2,18
13,38,2026,3,18,8,3,3,18
13,41,2026,3,18,7,28,5,41
13,48,2026,3,18,5,2,13,30
14,0,2026,3,18,5,4,0,34
14,4,2026,3,18,7,20,3,51
14,9,2026,3,18,8,2,11,42
14,13,2026,3,18,9,6,8,40
14,18,2026,3,18,10,3,16,27
14,21,2026,3,18,11,4,15,16
14,27,2026,3,18,10,6,0,22
14,32,2026,3,18,9,2,6,18
14,38,2026,3,18,8,5,2,21
14,41,2026,3,18,7,18,6,33
14,48,2026,3,18,5,2,16,19
15,0,2026,3,18,5,5,0,24
15,4,2026,3,18,7,24,1,47
15,9,2026,3,18,8,4,5,46
15,13,2026,3,18,9,2,13,35
15,18,2026,3,18,10,4,11,28
15,21,2026,3,18,11,3,19,12
15,27,2026,3,18,10,3,0,15
15,32,2026,3,18,9,5,1,19
15,38,2026,3,18,8,4,4,19
15,41,2026,3,18,7,20,2,37
15,48,2026,3,18,5,5,11,31
16,0,2026,3,18,5,6,0,37
16,4,2026,3,18,7,3,0,40
16,9,2026,3,18,8,5,10,35
16,13,2026,3,18,9,5,7,33
16,18,2026,3,18,10,3,10,26
16,21,2026,3,18,11,5,17,14
16,27,2026,3,18,10,3,0,17
16,32,2026,3,18,9,4,4,17
16,38,2026,3,18,8,6,4,19
16,41,2026,3,18,7,5,6,18
16,48,2026,3,18,5,5,7,16
17,0,2026,3,18,5,5,0,21
17,4,2026,3,18,7,6,1,26
17,9,2026,3,18,8,4,4,26
17,13,2026,3,18,9,4,5,25
17,18,2026,3,18,10,3,8,20
17,21,2026,3,18,11,6,11,15
17,27,2026,3,18,10,6,2,19
17,32,2026,3,18,9,6,3,22
17,38,2026,3,18,8,5,7,20
17,41,2026,3,18,7,6,4,22
17,48,2026,3,18,5,6,16,12
18,0,2026,3,18,5,2,0,14
18,4,2026,3,18,7,3,2,15
18,9,2026,3,18,8,2,3,14
18,13,2026,3,18,9,4,1,17
18,18,2026,3,18,10,3,3,17
18,21,2026,3,18,11,4,8,13
18,27,2026,3,18,10,4,1,16
18,32,2026,3,18,9,5,3,18
18,38,2026,3,18,8,3,2,19
18,41,2026,3,18,7,4,9,14
18,48,2026,3,18,5,5,3,16
19,0,2026,3,18,5,6,0,22
19,4,2026,3,18,7,2,3,21
19,9,2026,3,18,8,4,3,22
19,13,2026,3,18,9,5,4,23
19,18,2026,3,18,10,5,12,16
19,21,2026,3,18,11,6,10,12
19,27,2026,3,18,10,3,1,14
19,32,2026,3,18,9,5,5,14
19,38,2026,3,18,8,5,5,14
19,41,2026,3,18,7,5,6,13
19,48,2026,3,18,5,2,6,9
20,0,2026,3,18,5,6,0,15
20,4,2026,3,18,7,5,2,18
20,9,2026,3,18,8,3,5,16
20,13,2026,3,18,9,6,4,18
20,18,2026,3,18,10,6,9,15
20,21,2026,3,18,11,3,9,9
20,27,2026,3,18,10,4,0,13
20,32,2026,3,18,9,4,3,14
20,38,2026,3,18,8,3,4,13
20,41,2026,3,18,7,5,0,18
20,48,2026,3,18,5,6,9,15
21,0,2026,3,18,5,5,0,20
21,4,2026,3,18,7,3,3,20
21,9,2026,3,18,8,3,5,18
21,13,2026,3,18,9,4,4,18
21,18,2026,3,18,10,4,8,14
21,21,2026,3,18,11,6,8,12
21,27,2026,3,18,10,4,2,14
21,32,2026,3,18,9,3,2,15
21,38,2026,3,18,8,5,1,19
21,41,2026,3,18,7,2,8,13
21,48,2026,3,18,5,5,6,12
22,0,2026,3,18,5,5,0,17
22,4,2026,3,18,7,2,2,17
22,9,2026,3,18,8,3,2,18
22,13,2026,3,18,9,6,4,20
22,18,2026,3,18,10,3,10,13
22,21,2026,3,18,11,4,8,9
22,27,2026,3,18,10,6,1,14
22,32,2026,3,18,9,4,1,17
22,38,2026,3,18,8,3,5,15
22,41,2026,3,18,7,4,3,16
22,48,2026,3,18,5,6,8,14
23,0,2026,3,18,5,4,0,18
23,4,2026,3,18,7,2,4,16
23,9,2026,3,18,8,2,2,16
23,13,2026,3,18,9,2,2,16
23,18,2026,3,18,10,6,4,18
23,21,2026,3,18,11,2,8,12
23,27,2026,3,18,10,2,0,14
23,32,2026,3,18,9,2,3,13
23,38,2026,3,18,8,4,4,13
23,41,2026,3,18,7,6,4,15
23,48,2026,3,18,5,0,15,0
6,0,2026,3,19,5,15,0,15
6,4,2026,3,19,7,2,3,14
6,9,2026,3,19,8,15,1,28
6,13,2026,3,19,9,17,8,37
6,18,2026,3,19,10,5,12,30
6,21,2026,3,19,11,5,9,26
6,27,2026,3,19,10,15,2,39
6,32,2026,3,19,9,6,8,37
6,38,2026,3,19,8,12,6,43
6,41,2026,3,19,7,5,14,34
6,48,2026,3,19,5,11,20,25
7,0,2026,3,19,5,13,0,38
7,4,2026,3,19,7,2,21,19
7,9,2026,3,19,8,5,2,22
7,13,2026,3,19,9,6,5,23
7,18,2026,3,19,10,14,3,34
7,21,2026,3,19,11,19,12,41
7,27,2026,3,19,10,11,7,45
7,32,2026,3,19,9,18,6,57
7,38,2026,3,19,8,18,9,66
7,41,2026,3,19,7,1,21,46
7,48,2026,3,19,5,21,22,45
8,0,2026,3,19,5,14,0,59
8,4,2026,3,19,7,3,24,38
8,9,2026,3,19,8,15,2,51
8,13,2026,3,19,9,20,6,65
8,18,2026,3,19,10,15,14,66
8,21,2026,3,19,11,7,21,52
8,27,2026,3,19,10,16,2,66
8,32,2026,3,19,9,9,9,66
8,38,2026,3,19,8,9,9,66
8,41,2026,3,19,7,4,27,43
8,48,2026,3,19,5,17,21,39
9,0,2026,3,19,5,2,0,41
9,4,2026,3,19,7,5,15,31
9,9,2026,3,19,8,3,1,33
9,13,2026,3,19,9,3,7,29
9,18,2026,3,19,10,4,6,27
9,21,2026,3,19,11,3,19,11
9,27,2026,3,19,10,3,0,14
9,32,2026,3,19,9,5,0,19
9,38,2026,3,19,8,4,1,22
9,41,2026,3,19,7,3,19,6
9,48,2026,3,19,5,2,4,4
10,0,2026,3,19,5,6,0,10
10,4,2026,3,19,7,6,0,16
10,9,2026,3,19,8,6,2,20
10,13,2026,3,19,9,3,6,17
10,18,2026,3,19,10,3,7,13
10,21,2026,3,19,11,6,8,11
10,27,2026,3,19,10,2,1,12
10,32,2026,3,19,9,6,3,15
10,38,2026,3,19,8,4,2,17
10,41,2026,3,19,7,2,7,12
10,48,2026,3,19,5,4,3,13
11,0,2026,3,19,5,6,0,19
11,4,2026,3,19,7,3,1,21
11,9,2026,3,19,8,5,2,24
11,13,2026,3,19,9,2,5,21
11,18,2026,3,19,10,2,9,14
11,21,2026,3,19,11,3,10,7
11,27,2026,3,19,10,2,0,9
11,32,2026,3,19,9,6,1,14
11,38,2026,3,19,8,5,3,16
11,41,2026,3,19,7,2,5,13
11,48,2026,3,19,5,5,5,13
12,0,2026,3,19,5,6,0,19
12,4,2026,3,19,7,5,0,24
12,9,2026,3,19,8,4,3,25
12,13,2026,3,19,9,3,8,20
12,18,2026,3,19,10,5,8,17
12,21,2026,3,19,11,6,8,15
12,27,2026,3,19,10,2,0,17
12,32,2026,3,19,9,2,1,18
12,38,2026,3,19,8,6,4,20
12,41,2026,3,19,7,3,8,15
12,48,2026,3,19,5,4,10,9
13,0,2026,3,19,5,2,0,11
13,4,2026,3,19,7,25,0,36
13,9,2026,3,19,8,4,5,35
13,13,2026,3,19,9,3,8,30
13,18,2026,3,19,10,5,10,25
13,21,2026,3,19,11,5,11,19
13,27,2026,3,19,10,5,0,24
13,32,2026,3,19,9,6,7,23
13,38,2026,3,19,8,2,5,20
13,41,2026,3,19,7,23,6,37
13,48,2026,3,19,5,2,16,23
14,0,2026,3,19,5,2,0,25
14,4,2026,3,19,7,9,0,34
14,9,2026,3,19,8,6,9,31
14,13,2026,3,19,9,6,7,30
14,18,2026,3,19,10,4,15,19
14,21,2026,3,19,11,3,7,15
14,27,2026,3,19,10,6,0,21
14,32,2026,3,19,9,6,3,24
14,38,2026,3,19,8,3,7,20
14,41,2026,3,19,7,21,5,36
14,48,2026,3,19,5,2,15,23
15,0,2026,3,19,5,5,0,28
15,4,2026,3,19,7,17,1,44
15,9,2026,3,19,8,4,13,35
15,13,2026,3,19,9,5,10,30
15,18,2026,3,19,10,2,12,20
15,21,2026,3,19,11,6,13,13
15,27,2026,3,19,10,5,3,15
15,32,2026,3,19,9,2,2,15
15,38,2026,3,19,8,4,4,15
15,41,2026,3,19,7,22,4,33
15,48,2026,3,19,5,6,10,29
16,0,2026,3,19,5,2,0,31
16,4,2026,3,19,7,2,1,32
16,9,2026,3,19,8,5,7,30
16,13,2026,3,19,9,2,8,24
16,18,2026,3,19,10,3,11,16
16,21,2026,3,19,11,5,11,10
16,27,2026,3,19,10,4,1,13
16,32,2026,3,19,9,3,1,15
16,38,2026,3,19,8,4,3,16
16,41,2026,3,19,7,2,4,14
16,48,2026,3,19,5,6,8,12
17,0,2026,3,19,5,6,0,18
17,4,2026,3,19,7,6,5,19
17,9,2026,3,19,8,6,2,23
17,13,2026,3,19,9,3,4,22
17,18,2026,3,19,10,6,7,21
17,21,2026,3,19,11,2,9,14
17,27,2026,3,19,10,3,1,16
17,32,2026,3,19,9,2,3,15
17,38,2026,3,19,8,4,3,16
17,41,2026,3,19,7,5,3,18
17,48,2026,3,19,5,3,9,12
18,0,2026,3,19,5,2,0,14
18,4,2026,3,19,7,5,1,18
18,9,2026,3,19,8,3,5,16
18,13,2026,3,19,9,4,2,18
18,18,2026,3,19,10,4,7,15
18,21,2026,3,19,11,2,8,9
18,27,2026,3,19,10,4,0,13
18,32,2026,3,19,9,5,3,15
18,38,2026,3,19,8,5,5,15
18,41,2026,3,19,7,2,2,15
18,48,2026,3,19,5,6,5,16
19,0,2026,3,19,5,3,0,19
19,4,2026,3,19,7,4,2,21
19,9,2026,3,19,8,5,5,21
19,13,2026,3,19,9,3,2,22
19,18,2026,3,19,10,3,6,19
19,21,2026,3,19,11,6,9,16
19,27,2026,3,19,10,2,0,18
19,32,2026,3,19,9,4,2,20
19,38,2026,3,19,8,5,4,21
19,41,2026,3,19,7,6,10,17
19,48,2026,3,19,5,2,8,11
20,0,2026,3,19,5,3,0,14
20,4,2026,3,19,7,2,0,16
20,9,2026,3,19,8,6,2,20
20,13,2026,3,19,9,3,8,15
20,18,2026,3,19,10,2,7,10
20,21,2026,3,19,11,3,5,8
20,27,2026,3,19,10,3,2,9
20,32,2026,3,19,9,6,1,14
20,38,2026,3,19,8,5,4,15
20,41,2026,3,19,7,3,5,13
20,48,2026,3,19,5,2,5,10
21,0,2026,3,19,5,4,0,14
21,4,2026,3,19,7,4,3,15
21,9,2026,3,19,8,5,3,17
21,13,2026,3,19,9,5,7,15
21,18,2026,3,19,10,4,9,10
21,21,2026,3,19,11,6,5,11
21,27,2026,3,19,10,2,2,11
21,32,2026,3,19,9,2,2,11
21,38,2026,3,19,8,4,3,12
21,41,2026,3,19,7,2,4,10
21,48,2026,3,19,5,5,5,10
22,0,2026,3,19,5,4,0,14
22,4,2026,3,19,7,4,3,15
22,9,2026,3,19,8,4,2,17
22,13,2026,3,19,9,4,5,16
22,18,2026,3,19,10,4,4,16
22,21,2026,3,19,11,2,8,10
22,27,2026,3,19,10,3,1,12
22,32,2026,3,19,9,4,0,16
22,38,2026,3,19,8,3,4,15
22,41,2026,3,19,7,5,8,12
22,48,2026,3,19,5,5,4,13
23,0,2026,3,19,5,4,0,17
23,4,2026,3,19,7,5,2,20
23,9,2026,3,19,8,2,4,18
23,13,2026,3,19,9,3,4,17
23,18,2026,3,19,10,6,10,13
23,21,2026,3,19,11,4,6,11
23,27,2026,3,19,10,3,0,14
23,32,2026,3,19,9,6,2,18
23,38,2026,3,19,8,5,5,18
23,41,2026,3,19,7,6,10,14
23,48,2026,3,19,5,0,14,0
6,0,2026,3,20,5,18,0,18
6,4,2026,3,20,7,5,3,20
6,9,2026,3,20,8,15,1,34
6,13,2026,3,20,9,5,6,33
6,18,2026,3,20,10,17,13,37
6,21,2026,3,20,11,8,16,29
6,27,2026,3,20,10,8,1,36
6,32,2026,3,20,9,8,9,35
6,38,2026,3,20,8,6,8,33
6,41,2026,3,20,7,5,15,23
6,48,2026,3,20,5,12,12,23
7,0,2026,3,20,5,21,0,44
7,4,2026,3,20,7,1,24,21
7,9,2026,3,20,8,18,3,36
7,13,2026,3,20,9,12,10,38
7,18,2026,3,20,10,22,8,52
7,21,2026,3,20,11,5,8,49
7,27,2026,3,20,10,8,3,54
7,32,2026,3,20,9,14,2,66
7,38,2026,3,20,8,5,5,66
7,41,2026,3,20,7,3,34,35
7,48,2026,3,20,5,14,19,30
8,0,2026,3,20,5,7,0,37
8,4,2026,3,20,7,1,15,23
8,9,2026,3,20,8,8,1,30
8,13,2026,3,20,9,17,3,44
8,18,2026,3,20,10,19,16,47
8,21,2026,3,20,11,20,10,57
8,27,2026,3,20,10,11,2,66
8,32,2026,3,20,9,7,8,65
8,38,2026,3,20,8,10,9,66
8,41,2026,3,20,7,3,32,37
8,48,2026,3,20,5,9,19,27
9,0,2026,3,20,5,6,0,33
9,4,2026,3,20,7,2,14,21
9,9,2026,3,20,8,4,0,25
9,13,2026,3,20,9,2,2,25
9,18,2026,3,20,10,3,4,24
9,21,2026,3,20,11,5,16,13
9,27,2026,3,20,10,6,0,19
9,32,2026,3,20,9,4,0,23
9,38,2026,3,20,8,6,0,29
9,41,2026,3,20,7,2,22,9
9,48,2026,3,20,5,4,5,8
10,0,2026,3,20,5,4,0,12
10,4,2026,3,20,7,2,1,13
10,9,2026,3,20,8,2,5,10
10,13,2026,3,20,9,4,3,11
10,18,2026,3,20,10,5,4,12
10,21,2026,3,20,11,3,4,11
10,27,2026,3,20,10,5,1,15
10,32,2026,3,20,9,3,2,16
10,38,2026,3,20,8,2,10,8
10,41,2026,3,20,7,2,2,8
10,48,2026,3,20,5,6,6,8
11,0,2026,3,20,5,4,0,12
11,4,2026,3,20,7,4,2,14
11,9,2026,3,20,8,3,2,15
11,13,2026,3,20,9,4,6,13
11,18,2026,3,20,10,6,5,14
11,21,2026,3,20,11,6,7,13
11,27,2026,3,20,10,2,0,15
11,32,2026,3,20,9,6,6,15
11,38,2026,3,20,8,3,3,15
11,41,2026,3,20,7,5,8,12
11,48,2026,3,20,5,5,5,12
12,0,2026,3,20,5,6,0,18
12,4,2026,3,20,7,5,4,19
12,9,2026,3,20,8,3,2,20
12,13,2026,3,20,9,6,4,22
12,18,2026,3,20,10,3,8,17
12,21,2026,3,20,11,3,10,10
12,27,2026,3,20,10,6,0,16
12,32,2026,3,20,9,3,4,15
12,38,2026,3,20,8,5,2,18
12,41,2026,3,20,7,5,4,19
12,48,2026,3,20,5,2,8,13
13,0,2026,3,20,5,5,0,18
13,4,2026,3,20,7,12,0,30
13,9,2026,3,20,8,4,2,32
13,13,2026,3,20,9,2,13,21
13,18,2026,3,20,10,2,7,16
13,21,2026,3,20,11,4,9,11
13,27,2026,3,20,10,2,2,11
13,32,2026,3,20,9,2,1,12
13,38,2026,3,20,8,5,3,14
13,41,2026,3,20,7,18,2,30
13,48,2026,3,20,5,6,10,26
14,0,2026,3,20,5,2,0,28
14,4,2026,3,20,7,21,0,49
14,9,2026,3,20,8,4,11,42
14,13,2026,3,20,9,2,12,32
14,18,2026,3,20,10,2,11,23
14,21,2026,3,20,11,2,14,11
14,27,2026,3,20,10,2,0,13
14,32,2026,3,20,9,2,2,13
14,38,2026,3,20,8,4,3,14
14,41,2026,3,20,7,25,2,37
14,48,2026,3,20,5,2,9,30
15,0,2026,3,20,5,6,0,36
15,4,2026,3,20,7,23,2,57
15,9,2026,3,20,8,6,14,49
15,13,2026,3,20,9,3,13,39
15,18,2026,3,20,10,4,21,22
15,21,2026,3,20,11,2,15,9
15,27,2026,3,20,10,5,0,14
15,32,2026,3,20,9,5,4,15
15,38,2026,3,20,8,5,5,15
15,41,2026,3,20,7,15,4,26
15,48,2026,3,20,5,5,7,24
16,0,2026,3,20,5,3,0,27
16,4,2026,3,20,7,5,2,30
16,9,2026,3,20,8,5,6,29
16,13,2026,3,20,9,5,6,28
16,18,2026,3,20,10,5,8,25
16,21,2026,3,20,11,5,15,15
16,27,2026,3,20,10,6,1,20
16,32,2026,3,20,9,6,6,20
16,38,2026,3,20,8,2,4,18
16,41,2026,3,20,7,5,6,17
16,48,2026,3,20,5,6,6,17
17,0,2026,3,20,5,6,0,23
17,4,2026,3,20,7,2,3,22
17,9,2026,3,20,8,3,2,23
17,13,2026,3,20,9,2,4,21
17,18,2026,3,20,10,6,12,15
17,21,2026,3,20,11,4,7,12
17,27,2026,3,20,10,5,2,15
17,32,2026,3,20,9,4,2,17
17,38,2026,3,20,8,5,1,21
17,41,2026,3,20,7,5,9,17
17,48,2026,3,20,5,3,9,11
18,0,2026,3,20,5,2,0,13
18,4,2026,3,20,7,2,0,15
18,9,2026,3,20,8,6,3,18
18,13,2026,3,20,9,6,8,16
18,18,2026,3,20,10,2,4,14
18,21,2026,3,20,11,5,6,13
18,27,2026,3,20,10,3,1,15
18,32,2026,3,20,9,4,1,18
18,38,2026,3,20,8,6,7,17
18,41,2026,3,20,7,6,5,18
18,48,2026,3,20,5,3,4,17
19,0,2026,3,20,5,6,0,23
19,4,2026,3,20,7,5,2,26
19,9,2026,3,20,8,6,4,28
19,13,2026,3,20,9,4,9,23
19,18,2026,3,20,10,3,10,16
19,21,2026,3,20,11,3,9,10
19,27,2026,3,20,10,6,0,16
19,32,2026,3,20,9,2,1,17
19,38,2026,3,20,8,6,4,19
19,41,2026,3,20,7,2,4,17
19,48,2026,3,20,5,5,9,13
20,0,2026,3,20,5,2,0,15
20,4,2026,3,20,7,2,2,15
20,9,2026,3,20,8,3,2,16
20,13,2026,3,20,9,5,5,16
20,18,2026,3,20,10,2,3,15
20,21,2026,3,20,11,5,8,12
20,27,2026,3,20,10,6,0,18
20,32,2026,3,20,9,6,2,22
20,38,2026,3,20,8,5,4,23
20,41,2026,3,20,7,2,5,20
20,48,2026,3,20,5,2,11,11
21,0,2026,3,20,5,6,0,17
21,4,2026,3,20,7,4,1,20
21,9,2026,3,20,8,6,1,25
21,13,2026,3,20,9,2,8,19
21,18,2026,3,20,10,2,10,11
21,21,2026,3,20,11,3,8,6
21,27,2026,3,20,10,4,1,9
21,32,2026,3,20,9,4,3,10
21,38,2026,3,20,8,3,3,10
21,41,2026,3,20,7,5,4,11
21,48,2026,3,20,5,5,4,12
22,0,2026,3,20,5,6,0,18
22,4,2026,3,20,7,6,4,20
22,9,2026,3,20,8,6,5,21
22,13,2026,3,20,9,4,10,15
22,18,2026,3,20,10,6,5,16
22,21,2026,3,20,11,3,7,12
22,27,2026,3,20,10,2,2,12
22,32,2026,3,20,9,6,3,15
22,38,2026,3,20,8,4,3,16
22,41,2026,3,20,7,4,4,16
22,48,2026,3,20,5,6,8,14
23,0,2026,3,20,5,2,0,16
23,4,2026,3,20,7,2,2,16
23,9,2026,3,20,8,6,4,18
23,13,2026,3,20,9,6,5,19
23,18,2026,3,20,10,6,8,17
23,21,2026,3,20,11,3,10,10
23,27,2026,3,20,10,3,1,12
23,32,2026,3,20,9,2,3,11
23,38,2026,3,20,8,5,5,11
23,41,2026,3,20,7,4,5,10
23,48,2026,3,20,5,0,10,0
6,0,2026,3,21,5,10,0,10
6,4,2026,3,21,7,6,3,13
6,9,2026,3,21,8,12,1,24
6,13,2026,3,21,9,19,6,37
6,18,2026,3,21,10,12,11,38
6,21,2026,3,21,11,9,11,36
6,27,2026,3,21,10,6,3,39
6,32,2026,3,21,9,9,5,43
6,38,2026,3,21,8,22,10,55
6,41,2026,3,21,7,6,26,35
6,48,2026,3,21,5,18,19,34
7,0,2026,3,21,5,8,0,42
7,4,2026,3,21,7,4,18,28
7,9,2026,3,21,8,19,2,45
7,13,2026,3,21,9,6,9,42
7,18,2026,3,21,10,7,8,41
7,21,2026,3,21,11,19,8,52
7,27,2026,3,21,10,12,5,59
7,32,2026,3,21,9,12,6,65
7,38,2026,3,21,8,16,18,63
7,41,2026,3,21,7,4,22,45
7,48,2026,3,21,5,19,20,44
8,0,2026,3,21,5,8,0,52
8,4,2026,3,21,7,2,19,35
8,9,2026,3,21,8,15,4,46
8,13,2026,3,21,9,5,7,44
8,18,2026,3,21,10,19,13,50
8,21,2026,3,21,11,10,17,43
8,27,2026,3,21,10,16,2,57
8,32,2026,3,21,9,12,10,59
8,38,2026,3,21,8,19,16,62
8,41,2026,3,21,7,4,25,41
8,48,2026,3,21,5,7,20,28
9,0,2026,3,21,5,3,0,31
9,4,2026,3,21,7,1,7,25
9,9,2026,3,21,8,6,2,29
9,13,2026,3,21,9,2,6,25
9,18,2026,3,21,10,6,7,24
9,21,2026,3,21,11,3,10,17
9,27,2026,3,21,10,5,1,21
9,32,2026,3,21,9,5,0,26
9,38,2026,3,21,8,5,1,30
9,41,2026,3,21,7,4,21,13
9,48,2026,3,21,5,5,1,17
10,0,2026,3,21,5,4,0,21
10,4,2026,3,21,7,5,2,24
10,9,2026,3,21,8,5,4,25
10,13,2026,3,21,9,3,5,23
10,18,2026,3,21,10,5,7,21
10,21,2026,3,21,11,4,13,12
10,27,2026,3,21,10,6,1,17
10,32,2026,3,21,9,4,3,18
10,38,2026,3,21,8,2,3,17
10,41,2026,3,21,7,5,5,17
10,48,2026,3,21,5,6,8,15
11,0,2026,3,21,5,2,0,17
11,4,2026,3,21,7,2,0,19
11,9,2026,3,21,8,2,4,17
11,13,2026,3,21,9,3,3,17
11,18,2026,3,21,10,3,8,12
11,21,2026,3,21,11,3,6,9
11,27,2026,3,21,10,2,1,10
11,32,2026,3,21,9,5,1,14
11,38,2026,3,21,8,6,4,16
11,41,2026,3,21,7,4,6,14
11,48,2026,3,21,5,5,4,15
12,0,2026,3,21,5,5,0,20
12,4,2026,3,21,7,3,1,22
12,9,2026,3,21,8,4,4,22
12,13,2026,3,21,9,2,3,21
12,18,2026,3,21,10,6,5,22
12,21,2026,3,21,11,3,13,12
12,27,2026,3,21,10,2,1,13
12,32,2026,3,21,9,2,3,12
12,38,2026,3,21,8,5,5,12
12,41,2026,3,21,7,6,2,16
12,48,2026,3,21,5,3,4,15
13,0,2026,3,21,5,3,0,18
13,4,2026,3,21,7,17,1,34
13,9,2026,3,21,8,2,3,33
13,13,2026,3,21,9,3,7,29
13,18,2026,3,21,10,2,15,16
13,21,2026,3,21,11,5,12,9
13,27,2026,3,21,10,5,3,11
13,32,2026,3,21,9,4,3,12
13,38,2026,3,21,8,5,7,10
13,41,2026,3,21,7,16,3,23
13,48,2026,3,21,5,2,10,15
14,0,2026,3,21,5,4,0,19
14,4,2026,3,21,7,9,0,28
14,9,2026,3,21,8,4,7,25
14,13,2026,3,21,9,2,4,23
14,18,2026,3,21,10,4,9,18
14,21,2026,3,21,11,2,7,13
14,27,2026,3,21,10,5,1,17
14,32,2026,3,21,9,5,3,19
14,38,2026,3,21,8,5,4,20
14,41,2026,3,21,7,16,4,32
14,48,2026,3,21,5,2,11,23
15,0,2026,3,21,5,3,0,26
15,4,2026,3,21,7,31,0,57
15,9,2026,3,21,8,3,6,54
15,13,2026,3,21,9,2,15,41
15,18,2026,3,21,10,6,20,27
15,21,2026,3,21,11,6,15,18
15,27,2026,3,21,10,6,3,21
15,32,2026,3,21,9,3,4,20
15,38,2026,3,21,8,2,6,16
15,41,2026,3,21,7,7,5,18
15,48,2026,3,21,5,4,13,9
16,0,2026,3,21,5,5,0,14
16,4,2026,3,21,7,5,2,17
16,9,2026,3,21,8,6,3,20
16,13,2026,3,21,9,4,3,21
16,18,2026,3,21,10,3,12,12
16,21,2026,3,21,11,5,4,13
16,27,2026,3,21,10,6,1,18
16,32,2026,3,21,9,6,4,20
16,38,2026,3,21,8,5,5,20
16,41,2026,3,21,7,5,5,20
16,48,2026,3,21,5,5,12,13
17,0,2026,3,21,5,2,0,15
17,4,2026,3,21,7,4,0,19
17,9,2026,3,21,8,5,1,23
17,13,2026,3,21,9,2,4,21
17,18,2026,3,21,10,6,9,18
17,21,2026,3,21,11,5,9,14
17,27,2026,3,21,10,4,0,18
17,32,2026,3,21,9,3,0,21
17,38,2026,3,21,8,6,6,21
17,41,2026,3,21,7,5,11,15
17,48,2026,3,21,5,2,8,9
18,0,2026,3,21,5,5,0,14
18,4,2026,3,21,7,4,2,16
18,9,2026,3,21,8,5,5,16
18,13,2026,3,21,9,2,4,14
18,18,2026,3,21,10,3,5,12
18,21,2026,3,21,11,5,6,11
18,27,2026,3,21,10,6,1,16
18,32,2026,3,21,9,3,2,17
18,38,2026,3,21,8,3,2,18
18,41,2026,3,21,7,2,5,15
18,48,2026,3,21,5,2,9,8
19,0,2026,3,21,5,3,0,11
19,4,2026,3,21,7,4,2,13
19,9,2026,3,21,8,4,2,15
19,13,2026,3,21,9,5,2,18
19,18,2026,3,21,10,6,10,14
19,21,2026,3,21,11,5,6,13
19,27,2026,3,21,10,2,2,13
19,32,2026,3,21,9,4,1,16
19,38,2026,3,21,8,5,7,14
19,41,2026,3,21,7,6,7,13
19,48,2026,3,21,5,5,4,14
20,0,2026,3,21,5,4,0,18
20,4,2026,3,21,7,3,2,19
20,9,2026,3,21,8,3,2,20
20,13,2026,3,21,9,2,7,15
20,18,2026,3,21,10,5,5,15
20,21,2026,3,21,11,2,9,8
20,27,2026,3,21,10,6,0,14
20,32,2026,3,21,9,3,5,12
20,38,2026,3,21,8,3,4,11
20,41,2026,3,21,7,3,3,11
20,48,2026,3,21,5,5,6,10
21,0,2026,3,21,5,5,0,15
21,4,2026,3,21,7,6,1,20
21,9,2026,3,21,8,2,4,18
21,13,2026,3,21,9,6,3,21
21,18,2026,3,21,10,2,8,15
21,21,2026,3,21,11,2,9,8
21,27,2026,3,21,10,4,0,12
21,32,2026,3,21,9,3,2,13
21,38,2026,3,21,8,6,6,13
21,41,2026,3,21,7,6,4,15
21,48,2026,3,21,5,2,4,13
22,0,2026,3,21,5,4,0,17
22,4,2026,3,21,7,2,0,19
22,9,2026,3,21,8,3,2,20
22,13,2026,3,21,9,5,4,21
22,18,2026,3,21,10,4,7,18
22,21,2026,3,21,11,4,8,14
22,27,2026,3,21,10,4,1,17
22,32,2026,3,21,9,4,5,16
22,38,2026,3,21,8,2,5,13
22,41,2026,3,21,7,2,5,10
22,48,2026,3,21,5,2,6,6
23,0,2026,3,21,5,2,0,8
23,4,2026,3,21,7,5,2,11
23,9,2026,3,21,8,3,0,14
23,13,2026,3,21,9,4,2,16
23,18,2026,3,21,10,5,4,17
23,21,2026,3,21,11,6,12,11
23,27,2026,3,21,10,3,3,11
23,32,2026,3,21,9,5,4,12
23,38,2026,3,21,8,3,3,12
23,41,2026,3,21,7,3,6,9
23,48,2026,3,21,5,0,9,0
6,0,2026,3,22,5,17,0,17
6,4,2026,3,22,7,3,2,18
6,9,2026,3,22,8,5,4,19
6,13,2026,3,22,9,15,4,30
6,18,2026,3,22,10,13,6,37
6,21,2026,3,22,11,21,12,46
6,27,2026,3,22,10,7,2,51
6,32,2026,3,22,9,20,8,63
6,38,2026,3,22,8,18,18,63
6,41,2026,3,22,7,6,17,52
6,48,2026,3,22,5,8,20,40
7,0,2026,3,22,5,15,0,55
7,4,2026,3,22,7,4,19,40
7,9,2026,3,22,8,20,5,55
7,13,2026,3,22,9,17,9,63
7,18,2026,3,22,10,13,20,56
7,21,2026,3,22,11,15,14,57
7,27,2026,3,22,10,11,2,66
7,32,2026,3,22,9,12,12,66
7,38,2026,3,22,8,13,13,66
7,41,2026,3,22,7,1,28,39
7,48,2026,3,22,5,10,20,29
8,0,2026,3,22,5,17,0,46
8,4,2026,3,22,7,3,18,31
8,9,2026,3,22,8,19,2,48
8,13,2026,3,22,9,18,6,60
8,18,2026,3,22,10,11,13,58
8,21,2026,3,22,11,10,16,52
8,27,2026,3,22,10,14,4,62
8,32,2026,3,22,9,11,10,63
8,38,2026,3,22,8,14,11,66
8,41,2026,3,22,7,1,28,39
8,48,2026,3,22,5,16,14,41
9,0,2026,3,22,5,4,0,45
9,4,2026,3,22,7,3,18,30
9,9,2026,3,22,8,3,1,32
9,13,2026,3,22,9,6,10,28
9,18,2026,3,22,10,3,5,26
9,21,2026,3,22,11,5,15,16
9,27,2026,3,22,10,4,0,20
9,32,2026,3,22,9,2,1,21
9,38,2026,3,22,8,3,2,22
9,41,2026,3,22,7,2,19,5
9,48,2026,3,22,5,4,0,9
10,0,2026,3,22,5,6,0,15
10,4,2026,3,22,7,5,3,17
10,9,2026,3,22,8,6,3,20
10,13,2026,3,22,9,6,4,22
10,18,2026,3,22,10,6,5,23
10,21,2026,3,22,11,2,11,14
10,27,2026,3,22,10,6,1,19
10,32,2026,3,22,9,6,2,23
10,38,2026,3,22,8,5,7,21
10,41,2026,3,22,7,4,11,14
10,48,2026,3,22,5,3,7,10
11,0,2026,3,22,5,5,0,15
11,4,2026,3,22,7,3,0,18
11,9,2026,3,22,8,3,3,18
11,13,2026,3,22,9,3,6,15
11,18,2026,3,22,10,3,7,11
11,21,2026,3,22,11,6,8,9
11,27,2026,3,22,10,4,1,12
11,32,2026,3,22,9,2,1,13
11,38,2026,3,22,8,5,3,15
11,41,2026,3,22,7,4,5,14
11,48,2026,3,22,5,2,4,12
12,0,2026,3,22,5,6,0,18
12,4,2026,3,22,7,2,3,17
12,9,2026,3,22,8,4,2,19
12,13,2026,3,22,9,3,2,20
12,18,2026,3,22,10,5,6,19
12,21,2026,3,22,11,6,10,15
12,27,2026,3,22,10,5,0,20
12,32,2026,3,22,9,3,3,20
12,38,2026,3,22,8,5,8,17
12,41,2026,3,22,7,4,8,13
12,48,2026,3,22,5,2,8,7
13,0,2026,3,22,5,6,0,13
13,4,2026,3,22,7,21,1,33
13,9,2026,3,22,8,5,6,32
13,13,2026,3,22,9,4,8,28
13,18,2026,3,22,10,6,9,25
13,21,2026,3,22,11,6,11,20
13,27,2026,3,22,10,4,0,24
13,32,2026,3,22,9,3,1,26
13,38,2026,3,22,8,4,6,24
13,41,2026,3,22,7,14,4,34
13,48,2026,3,22,5,6,17,23
14,0,2026,3,22,5,2,0,25
14,4,2026,3,22,7,12,1,36
14,9,2026,3,22,8,5,7,34
14,13,2026,3,22,9,3,10,27
14,18,2026,3,22,10,5,12,20
14,21,2026,3,22,11,4,12,12
14,27,2026,3,22,10,5,0,17
14,32,2026,3,22,9,5,3,19
14,38,2026,3,22,8,6,6,19
14,41,2026,3,22,7,18,1,36
14,48,2026,3,22,5,6,11,31
15,0,2026,3,22,5,5,0,36
15,4,2026,3,22,7,10,1,45
15,9,2026,3,22,8,4,9,40
15,13,2026,3,22,9,3,11,32
15,18,2026,3,22,10,6,12,26
15,21,2026,3,22,11,6,17,15
15,27,2026,3,22,10,6,1,20
15,32,2026,3,22,9,4,4,20
15,38,2026,3,22,8,2,7,15
15,41,2026,3,22,7,20,3,32
15,48,2026,3,22,5,6,12,26
16,0,2026,3,22,5,3,0,29
16,4,2026,3,22,7,3,0,32
16,9,2026,3,22,8,3,6,29
16,13,2026,3,22,9,3,8,24
16,18,2026,3,22,10,5,11,18
16,21,2026,3,22,11,2,10,10
16,27,2026,3,22,10,5,0,15
16,32,2026,3,22,9,6,2,19
16,38,2026,3,22,8,5,4,20
16,41,2026,3,22,7,5,8,17
16,48,2026,3,22,5,2,8,11
17,0,2026,3,22,5,2,0,13
17,4,2026,3,22,7,2,1,14
17,9,2026,3,22,8,2,2,14
17,13,2026,3,22,9,3,1,16
17,18,2026,3,22,10,3,1,18
17,21,2026,3,22,11,3,11,10
17,27,2026,3,22,10,3,0,13
17,32,2026,3,22,9,3,0,16
17,38,2026,3,22,8,3,4,15
17,41,2026,3,22,7,3,3,15
17,48,2026,3,22,5,3,7,11
18,0,2026,3,22,5,3,0,14
18,4,2026,3,22,7,5,3,16
18,9,2026,3,22,8,2,5,13
18,13,2026,3,22,9,6,2,17
18,18,2026,3,22,10,5,8,14
18,21,2026,3,22,11,4,5,13
18,27,2026,3,22,10,4,1,16
18,32,2026,3,22,9,6,2,20
18,38,2026,3,22,8,4,7,17
18,41,2026,3,22,7,3,6,14
18,48,2026,3,22,5,2,7,9
19,0,2026,3,22,5,3,0,12
19,4,2026,3,22,7,5,2,15
19,9,2026,3,22,8,4,5,14
19,13,2026,3,22,9,3,3,14
19,18,2026,3,22,10,4,4,14
19,21,2026,3,22,11,4,11,7
19,27,2026,3,22,10,3,0,10
19,32,2026,3,22,9,2,2,10
19,38,2026,3,22,8,6,3,13
19,41,2026,3,22,7,3,5,11
19,48,2026,3,22,5,5,2,14
20,0,2026,3,22,5,5,0,19
20,4,2026,3,22,7,4,1,22
20,9,2026,3,22,8,2,4,20
20,13,2026,3,22,9,5,4,21
20,18,2026,3,22,10,2,11,12
20,21,2026,3,22,11,4,7,9
20,27,2026,3,22,10,5,2,12
20,32,2026,3,22,9,3,2,13
20,38,2026,3,22,8,6,1,18
20,41,2026,3,22,7,6,5,19
20,48,2026,3,22,5,5,7,17
21,0,2026,3,22,5,5,0,22
21,4,2026,3,22,7,6,1,27
21,9,2026,3,22,8,5,8,24
21,13,2026,3,22,9,5,3,26
21,18,2026,3,22,10,4,7,23
21,21,2026,3,22,11,3,13,13
21,27,2026,3,22,10,4,1,16
21,32,2026,3,22,9,3,1,18
21,38,2026,3,22,8,4,4,18
21,41,2026,3,22,7,2,5,15
21,48,2026,3,22,5,4,9,10
22,0,2026,3,22,5,5,0,15
22,4,2026,3,22,7,2,1,16
22,9,2026,3,22,8,2,2,16
22,13,2026,3,22,9,4,3,17
22,18,2026,3,22,10,3,6,14
22,21,2026,3,22,11,6,10,10
22,27,2026,3,22,10,4,0,14
22,32,2026,3,22,9,3,4,13
22,38,2026,3,22,8,4,4,13
22,41,2026,3,22,7,2,3,12
22,48,2026,3,22,5,6,7,11
23,0,2026,3,22,5,3,0,14
23,4,2026,3,22,7,2,1,15
23,9,2026,3,22,8,5,4,16
23,13,2026,3,22,9,6,4,18
23,18,2026,3,22,10,6,7,17
23,21,2026,3,22,11,3,5,15
23,27,2026,3,22,10,3,1,17
23,32,2026,3,22,9,4,2,19
23,38,2026,3,22,8,5,3,21
23,41,2026,3,22,7,2,10,13
23,48,2026,3,22,5,0,13,0
6,0,2026,3,23,5,16,0,16
6,4,2026,3,23,7,3,3,16
6,9,2026,3,23,8,12,3,25
6,13,2026,3,23,9,16,4,37
6,18,2026,3,23,10,10,11,36
6,21,2026,3,23,11,19,12,43
6,27,2026,3,23,10,17,5,55
6,32,2026,3,23,9,5,8,52
6,38,2026,3,23,8,9,9,52
6,41,2026,3,23,7,4,14,42
6,48,2026,3,23,5,20,20,42
7,0,2026,3,23,5,20,0,62
7,4,2026,3,23,7,3,29,36
7,9,2026,3,23,8,11,4,43
7,13,2026,3,23,9,9,8,44
7,18,2026,3,23,10,11,17,38
7,21,2026,3,23,11,9,14,33
7,27,2026,3,23,10,22,0,55
7,32,2026,3,23,9,8,10,53
7,38,2026,3,23,8,11,11,53
7,41,2026,3,23,7,5,27,31
7,48,2026,3,23,5,15,12,34
8,0,2026,3,23,5,16,0,50
8,4,2026,3,23,7,5,25,30
8,9,2026,3,23,8,19,1,48
8,13,2026,3,23,9,11,8,51
8,18,2026,3,23,10,11,7,55
8,21,2026,3,23,11,8,21,42
8,27,2026,3,23,10,14,1,55
8,32,2026,3,23,9,8,6,57
8,38,2026,3,23,8,15,12,60
8,41,2026,3,23,7,4,20,44
8,48,2026,3,23,5,14,20,38
9,0,2026,3,23,5,5,0,43
9,4,2026,3,23,7,5,13,35
9,9,2026,3,23,8,4,5,34
9,13,2026,3,23,9,3,6,31
9,18,2026,3,23,10,2,12,21
9,21,2026,3,23,11,2,10,13
9,27,2026,3,23,10,4,0,17
9,32,2026,3,23,9,4,0,21
9,38,2026,3,23,8,3,3,21
9,41,2026,3,23,7,5,15,11
9,48,2026,3,23,5,4,5,10
10,0,2026,3,23,5,2,0,12
10,4,2026,3,23,7,4,1,15
10,9,2026,3,23,8,6,2,19
10,13,2026,3,23,9,5,6,18
10,18,2026,3,23,10,5,6,17
10,21,2026,3,23,11,3,8,12
10,27,2026,3,23,10,6,1,17
10,32,2026,3,23,9,4,3,18
10,38,2026,3,23,8,5,3,20
10,41,2026,3,23,7,6,13,13
10,48,2026,3,23,5,5,5,13
11,0,2026,3,23,5,2,0,15
11,4,2026,3,23,7,5,2,18
11,9,2026,3,23,8,5,4,19
11,13,2026,3,23,9,5,1,23
11,18,2026,3,23,10,5,6,22
11,21,2026,3,23,11,6,14,14
11,27,2026,3,23,10,4,0,18
11,32,2026,3,23,9,5,5,18
11,38,2026,3,23,8,2,3,17
11,41,2026,3,23,7,2,8,11
11,48,2026,3,23,5,6,6,11
12,0,2026,3,23,5,4,0,15
12,4,2026,3,23,7,3,3,15
12,9,2026,3,23,8,5,2,18
12,13,2026,3,23,9,6,10,14
12,18,2026,3,23,10,6,5,15
12,21,2026,3,23,11,2,7,10
12,27,2026,3,23,10,2,0,12
12,32,2026,3,23,9,2,0,14
12,38,2026,3,23,8,5,3,16
12,41,2026,3,23,7,3,4,15
12,48,2026,3,23,5,5,7,13
13,0,2026,3,23,5,4,0,17
13,4,2026,3,23,7,24,1,40
13,9,2026,3,23,8,6,8,38
13,13,2026,3,23,9,2,11,29
13,18,2026,3,23,10,5,13,21
13,21,2026,3,23,11,2,10,13
13,27,2026,3,23,10,6,0,19
13,32,2026,3,23,9,5,1,23
13,38,2026,3,23,8,6,3,26
13,41,2026,3,23,7,18,5,39
13,48,2026,3,23,5,4,20,23
14,0,2026,3,23,5,4,0,27
14,4,2026,3,23,7,18,0,45
14,9,2026,3,23,8,6,13,38
14,13,2026,3,23,9,3,9,32
14,18,2026,3,23,10,5,8,29
14,21,2026,3,23,11,6,16,19
14,27,2026,3,23,10,6,3,22
14,32,2026,3,23,9,4,3,23
14,38,2026,3,23,8,3,3,23
14,41,2026,3,23,7,16,5,34
14,48,2026,3,23,5,6,14,26
15,0,2026,3,23,5,3,0,29
15,4,2026,3,23,7,13,2,40
15,9,2026,3,23,8,6,8,38
15,13,2026,3,23,9,6,11,33
15,18,2026,3,23,10,5,11,27
15,21,2026,3,23,11,5,14,18
15,27,2026,3,23,10,3,0,21
15,32,2026,3,23,9,6,2,25
15,38,2026,3,23,8,5,2,28
15,41,2026,3,23,7,14,3,39
15,48,2026,3,23,5,2,21,20
16,0,2026,3,23,5,5,0,25
16,4,2026,3,23,7,6,1,30
16,9,2026,3,23,8,4,2,32
16,13,2026,3,23,9,3,6,29
16,18,2026,3,23,10,5,8,26
16,21,2026,3,23,11,3,16,13
16,27,2026,3,23,10,4,1,16
16,32,2026,3,23,9,5,2,19
16,38,2026,3,23,8,4,4,19
16,41,2026,3,23,7,5,4,20
16,48,2026,3,23,5,5,9,16
17,0,2026,3,23,5,2,0,18
17,4,2026,3,23,7,5,0,23
17,9,2026,3,23,8,5,5,23
17,13,2026,3,23,9,3,3,23
17,18,2026,3,23,10,3,9,17
17,21,2026,3,23,11,5,10,12
17,27,2026,3,23,10,5,0,17
17,32,2026,3,23,9,6,5,18
17,38,2026,3,23,8,5,3,20
17,41,2026,3,23,7,6,9,17
17,48,2026,3,23,5,6,8,15
18,0,2026,3,23,5,2,0,17
18,4,2026,3,23,7,5,5,17
18,9,2026,3,23,8,4,2,19
18,13,2026,3,23,9,5,6,18
18,18,2026,3,23,10,2,6,14
18,21,2026,3,23,11,6,7,13
18,27,2026,3,23,10,6,2,17
18,32,2026,3,23,9,3,1,19
18,38,2026,3,23,8,5,6,18
18,41,2026,3,23,7,2,6,14
18,48,2026,3,23,5,2,7,9
19,0,2026,3,23,5,6,0,15
19,4,2026,3,23,7,3,1,17
19,9,2026,3,23,8,3,3,17
19,13,2026,3,23,9,6,4,19
19,18,2026,3,23,10,4,6,17
19,21,2026,3,23,11,2,9,10
19,27,2026,3,23,10,3,0,13
19,32,2026,3,23,9,5,1,17
19,38,2026,3,23,8,5,2,20
19,41,2026,3,23,7,3,11,12
19,48,2026,3,23,5,2,5,9
20,0,2026,3,23,5,6,0,15
20,4,2026,3,23,7,4,1,18
20,9,2026,3,23,8,4,3,19
20,13,2026,3,23,9,4,4,19
20,18,2026,3,23,10,3,7,15
20,21,2026,3,23,11,6,5,16
20,27,2026,3,23,10,4,1,19
20,32,2026,3,23,9,4,3,20
20,38,2026,3,23,8,6,6,20
20,41,2026,3,23,7,6,6,20
20,48,2026,3,23,5,6,10,16
21,0,2026,3,23,5,3,0,19
21,4,2026,3,23,7,5,3,21
21,9,2026,3,23,8,4,5,20
21,13,2026,3,23,9,3,7,16
21,18,2026,3,23,10,6,7,15
21,21,2026,3,23,11,2,5,12
21,27,2026,3,23,10,6,1,17
21,32,2026,3,23,9,6,2,21
21,38,2026,3,23,8,6,6,21
21,41,2026,3,23,7,2,7,16
21,48,2026,3,23,5,2,10,8
22,0,2026,3,23,5,5,0,13
22,4,2026,3,23,7,6,2,17
22,9,2026,3,23,8,5,4,18
22,13,2026,3,23,9,5,5,18
22,18,2026,3,23,10,5,6,17
22,21,2026,3,23,11,4,8,13
22,27,2026,3,23,10,3,1,15
22,32,2026,3,23,9,5,2,18
22,38,2026,3,23,8,2,6,14
22,41,2026,3,23,7,3,4,13
22,48,2026,3,23,5,6,8,11
23,0,2026,3,23,5,4,0,15
23,4,2026,3,23,7,5,1,19
23,9,2026,3,23,8,3,4,18
23,13,2026,3,23,9,4,5,17
23,18,2026,3,23,10,3,5,15
23,21,2026,3,23,11,4,8,11
23,27,2026,3,23,10,6,0,17
23,32,2026,3,23,9,4,4,17
23,38,2026,3,23,8,5,5,17
23,41,2026,3,23,7,4,7,14
23,48,2026,3,23,5,0,14,0
6,0,2026,3,24,5,16,0,16
6,4,2026,3,24,7,5,6,15
6,9,2026,3,24,8,18,4,29
6,13,2026,3,24,9,10,10,29
6,18,2026,3,24,10,19,7,41
6,21,2026,3,24,11,15,7,49
6,27,2026,3,24,10,16,3,62
6,32,2026,3,24,9,11,7,66
6,38,2026,3,24,8,7,14,59
6,41,2026,3,24,7,4,21,42
6,48,2026,3,24,5,15,20,37
7,0,2026,3,24,5,10,0,47
7,4,2026,3,24,7,3,19,31
7,9,2026,3,24,8,17,5,43
7,13,2026,3,24,9,19,5,57
7,18,2026,3,24,10,12,13,56
7,21,2026,3,24,11,7,13,50
7,27,2026,3,24,10,11,1,60
7,32,2026,3,24,9,10,10,60
7,38,2026,3,24,8,21,15,66
7,41,2026,3,24,7,5,27,44
7,48,2026,3,24,5,6,14,36
8,0,2026,3,24,5,10,0,46
8,4,2026,3,24,7,3,11,38
8,9,2026,3,24,8,12,4,46
8,13,2026,3,24,9,14,11,49
8,18,2026,3,24,10,9,12,46
8,21,2026,3,24,11,20,16,50
8,27,2026,3,24,10,5,7,48
8,32,2026,3,24,9,6,4,50
8,38,2026,3,24,8,6,10,46
8,41,2026,3,24,7,4,21,29
8,48,2026,3,24,5,7,19,17
9,0,2026,3,24,5,4,0,21
9,4,2026,3,24,7,3,8,16
9,9,2026,3,24,8,3,2,17
9,13,2026,3,24,9,4,3,18
9,18,2026,3,24,10,2,4,16
9,21,2026,3,24,11,5,8,13
9,27,2026,3,24,10,4,0,17
9,32,2026,3,24,9,2,0,19
9,38,2026,3,24,8,5,1,23
9,41,2026,3,24,7,1,17,7
9,48,2026,3,24,5,3,3,7
10,0,2026,3,24,5,4,0,11
10,4,2026,3,24,7,5,1,15
10,9,2026,3,24,8,6,0,21
10,13,2026,3,24,9,3,7,17
10,18,2026,3,24,10,6,9,14
10,21,2026,3,24,11,5,4,15
10,27,2026,3,24,10,5,1,19
10,32,2026,3,24,9,4,7,16
10,38,2026,3,24,8,4,3,17
10,41,2026,3,24,7,6,6,17
10,48,2026,3,24,5,5,7,15
11,0,2026,3,24,5,3,0,18
11,4,2026,3,24,7,3,2,19
11,9,2026,3,24,8,3,1,21
11,13,2026,3,24,9,3,6,18
11,18,2026,3,24,10,6,8,16
11,21,2026,3,24,11,6,8,14
11,27,2026,3,24,10,3,3,14
11,32,2026,3,24,9,2,3,13
11,38,2026,3,24,8,4,7,10
11,41,2026,3,24,7,4,2,12
11,48,2026,3,24,5,3,4,11
12,0,2026,3,24,5,6,0,17
12,4,2026,3,24,7,2,2,17
12,9,2026,3,24,8,3,4,16
12,13,2026,3,24,9,3,4,15
12,18,2026,3,24,10,5,4,16
12,21,2026,3,24,11,2,10,8
12,27,2026,3,24,10,5,0,13
12,32,2026,3,24,9,3,2,14
12,38,2026,3,24,8,4,3,15
12,41,2026,3,24,7,4,6,13
12,48,2026,3,24,5,4,2,15
13,0,2026,3,24,5,5,0,20
13,4,2026,3,24,7,14,1,33
13,9,2026,3,24,8,4,10,27
13,13,2026,3,24,9,5,6,26
13,18,2026,3,24,10,3,5,24
13,21,2026,3,24,11,6,16,14
13,27,2026,3,24,10,2,1,15
13,32,2026,3,24,9,3,2,16
13,38,2026,3,24,8,3,5,14
13,41,2026,3,24,7,29,3,40
13,48,2026,3,24,5,5,15,30
14,0,2026,3,24,5,5,0,35
14,4,2026,3,24,7,22,2,55
14,9,2026,3,24,8,2,13,44
14,13,2026,3,24,9,4,17,31
14,18,2026,3,24,10,2,9,24
14,21,2026,3,24,11,6,11,19
14,27,2026,3,24,10,5,2,22
14,32,2026,3,24,9,6,2,26
14,38,2026,3,24,8,4,6,24
14,41,2026,3,24,7,7,5,26
14,48,2026,3,24,5,3,13,16
15,0,2026,3,24,5,5,0,21
15,4,2026,3,24,7,18,1,38
15,9,2026,3,24,8,5,6,37
15,13,2026,3,24,9,2,9,30
15,18,2026,3,24,10,6,11,25
15,21,2026,3,24,11,5,15,15
15,27,2026,3,24,10,2,0,17
15,32,2026,3,24,9,4,0,21
15,38,2026,3,24,8,2,7,16
15,41,2026,3,24,7,31,7,40
15,48,2026,3,24,5,3,12,31
16,0,2026,3,24,5,6,0,37
16,4,2026,3,24,7,5,2,40
16,9,2026,3,24,8,3,7,36
16,13,2026,3,24,9,5,6,35
16,18,2026,3,24,10,3,16,22
16,21,2026,3,24,11,2,14,10
16,27,2026,3,24,10,6,0,16
16,32,2026,3,24,9,4,2,18
16,38,2026,3,24,8,2,2,18
16,41,2026,3,24,7,4,8,14
16,48,2026,3,24,5,6,7,13
17,0,2026,3,24,5,6,0,19
17,4,2026,3,24,7,4,2,21
17,9,2026,3,24,8,6,5,22
17,13,2026,3,24,9,2,8,16
17,18,2026,3,24,10,5,10,11
17,21,2026,3,24,11,5,6,10
17,27,2026,3,24,10,6,0,16
17,32,2026,3,24,9,6,5,17
17,38,2026,3,24,8,3,5,15
17,41,2026,3,24,7,4,6,13
17,48,2026,3,24,5,5,6,12
18,0,2026,3,24,5,6,0,18
18,4,2026,3,24,7,5,0,23
18,9,2026,3,24,8,3,8,18
18,13,2026,3,24,9,2,7,13
18,18,2026,3,24,10,6,3,16
18,21,2026,3,24,11,3,10,9
18,27,2026,3,24,10,3,1,11
18,32,2026,3,24,9,5,1,15
18,38,2026,3,24,8,6,3,18
18,41,2026,3,24,7,3,3,18
18,48,2026,3,24,5,2,9,11
19,0,2026,3,24,5,3,0,14
19,4,2026,3,24,7,4,1,17
19,9,2026,3,24,8,5,0,22
19,13,2026,3,24,9,4,5,21
19,18,2026,3,24,10,6,10,17
19,21,2026,3,24,11,6,7,16
19,27,2026,3,24,10,4,0,20
19,32,2026,3,24,9,2,4,18
19,38,2026,3,24,8,2,3,17
19,41,2026,3,24,7,4,4,17
19,48,2026,3,24,5,6,10,13
20,0,2026,3,24,5,6,0,19
20,4,2026,3,24,7,4,3,20
20,9,2026,3,24,8,3,3,20
20,13,2026,3,24,9,3,4,19
20,18,2026,3,24,10,6,7,18
20,21,2026,3,24,11,4,9,13
20,27,2026,3,24,10,6,2,17
20,32,2026,3,24,9,4,4,17
20,38,2026,3,24,8,6,6,17
20,41,2026,3,24,7,5,5,17
20,48,2026,3,24,5,4,7,14
21,0,2026,3,24,5,2,0,16
21,4,2026,3,24,7,5,1,20
21,9,2026,3,24,8,6,1,25
21,13,2026,3,24,9,3,5,23
21,18,2026,3,24,10,6,7,22
21,21,2026,3,24,11,5,13,14
21,27,2026,3,24,10,4,0,18
21,32,2026,3,24,9,4,3,19
21,38,2026,3,24,8,3,6,16
21,41,2026,3,24,7,2,8,10
21,48,2026,3,24,5,3,5,8
22,0,2026,3,24,5,3,0,11
22,4,2026,3,24,7,2,0,13
22,9,2026,3,24,8,6,2,17
22,13,2026,3,24,9,4,4,17
22,18,2026,3,24,10,4,6,15
22,21,2026,3,24,11,3,7,11
22,27,2026,3,24,10,6,0,17
22,32,2026,3,24,9,2,4,15
22,38,2026,3,24,8,4,2,17
22,41,2026,3,24,7,4,6,15
22,48,2026,3,24,5,5,6,14
23,0,2026,3,24,5,3,0,17
23,4,2026,3,24,7,4,0,21
23,9,2026,3,24,8,4,3,22
23,13,2026,3,24,9,6,5,23
23,18,2026,3,24,10,3,7,19
23,21,2026,3,24,11,4,11,12
23,27,2026,3,24,10,6,1,17
23,32,2026,3,24,9,2,3,16
23,38,2026,3,24,8,5,4,17
23,41,2026,3,24,7,3,7,13
23,48,2026,3,24,5,0,13,0
6,0,2026,3,25,5,15,0,15
6,4,2026,3,25,7,6,4,17
6,9,2026,3,25,8,22,2,37
6,13,2026,3,25,9,9,10,36
6,18,2026,3,25,10,7,11,32
6,21,2026,3,25,11,12,13,31
6,27,2026,3,25,10,14,4,41
6,32,2026,3,25,9,12,6,47
6,38,2026,3,25,8,11,10,48
6,41,2026,3,25,7,4,16,36
6,48,2026,3,25,5,15,21,30
7,0,2026,3,25,5,20,0,50
7,4,2026,3,25,7,4,26,28
7,9,2026,3,25,8,20,6,42
7,13,2026,3,25,9,21,9,54
7,18,2026,3,25,10,15,12,57
7,21,2026,3,25,11,9,8,58
7,27,2026,3,25,10,11,3,66
7,32,2026,3,25,9,7,7,66
7,38,2026,3,25,8,5,16,55
7,41,2026,3,25,7,5,34,26
7,48,2026,3,25,5,19,12,33
8,0,2026,3,25,5,15,0,48
8,4,2026,3,25,7,5,23,30
8,9,2026,3,25,8,21,4,47
8,13,2026,3,25,9,12,6,53
8,18,2026,3,25,10,14,7,60
8,21,2026,3,25,11,11,19,52
8,27,2026,3,25,10,16,2,66
8,32,2026,3,25,9,6,8,64
8,38,2026,3,25,8,7,14,57
8,41,2026,3,25,7,1,25,33
8,48,2026,3,25,5,17,19,31
9,0,2026,3,25,5,3,0,34
9,4,2026,3,25,7,4,16,22
9,9,2026,3,25,8,5,4,23
9,13,2026,3,25,9,4,4,23
9,18,2026,3,25,10,5,6,22
9,21,2026,3,25,11,3,9,16
9,27,2026,3,25,10,5,1,20
9,32,2026,3,25,9,4,0,24
9,38,2026,3,25,8,4,0,28
9,41,2026,3,25,7,1,22,7
9,48,2026,3,25,5,6,5,8
10,0,2026,3,25,5,5,0,13
10,4,2026,3,25,7,4,1,16
10,9,2026,3,25,8,2,6,12
10,13,2026,3,25,9,3,2,13
10,18,2026,3,25,10,5,4,14
10,21,2026,3,25,11,4,8,10
10,27,2026,3,25,10,6,0,16
10,32,2026,3,25,9,3,3,16
10,38,2026,3,25,8,5,3,18
10,41,2026,3,25,7,2,8,12
10,48,2026,3,25,5,6,6,12
11,0,2026,3,25,5,2,0,14
11,4,2026,3,25,7,5,2,17
11,9,2026,3,25,8,4,5,16
11,13,2026,3,25,9,5,1,20
11,18,2026,3,25,10,4,5,19
11,21,2026,3,25,11,2,11,10
11,27,2026,3,25,10,6,0,16
11,32,2026,3,25,9,6,1,21
11,38,2026,3,25,8,4,7,18
11,41,2026,3,25,7,5,5,18
11,48,2026,3,25,5,3,9,12
12,0,2026,3,25,5,4,0,16
12,4,2026,3,25,7,6,3,19
12,9,2026,3,25,8,3,3,19
12,13,2026,3,25,9,5,4,20
12,18,2026,3,25,10,6,5,21
12,21,2026,3,25,11,6,12,15
12,27,2026,3,25,10,4,0,19
12,32,2026,3,25,9,3,7,15
12,38,2026,3,25,8,2,7,10
12,41,2026,3,25,7,6,3,13
12,48,2026,3,25,5,5,6,12
13,0,2026,3,25,5,3,0,15
13,4,2026,3,25,7,11,0,26
13,9,2026,3,25,8,4,6,24
13,13,2026,3,25,9,3,0,27
13,18,2026,3,25,10,3,11,19
13,21,2026,3,25,11,4,11,12
13,27,2026,3,25,10,3,1,14
13,32,2026,3,25,9,2,3,13
13,38,2026,3,25,8,3,3,13
13,41,2026,3,25,7,22,2,33
13,48,2026,3,25,5,2,14,21
14,0,2026,3,25,5,4,0,25
14,4,2026,3,25,7,26,0,51
14,9,2026,3,25,8,5,5,51
14,13,2026,3,25,9,5,18,38
14,18,2026,3,25,10,2,16,24
14,21,2026,3,25,11,5,14,15
14,27,2026,3,25,10,4,1,18
14,32,2026,3,25,9,2,2,18
14,38,2026,3,25,8,6,5,19
14,41,2026,3,25,7,23,2,40
14,48,2026,3,25,5,6,16,30
15,0,2026,3,25,5,3,0,33
15,4,2026,3,25,7,19,1,51
15,9,2026,3,25,8,4,14,41
15,13,2026,3,25,9,4,14,31
15,18,2026,3,25,10,6,11,26
15,21,2026,3,25,11,6,14,18
15,27,2026,3,25,10,5,1,22
15,32,2026,3,25,9,3,4,21
15,38,2026,3,25,8,4,8,17
15,41,2026,3,25,7,31,2,46
15,48,2026,3,25,5,3,18,31
16,0,2026,3,25,5,5,0,36
16,4,2026,3,25,7,4,3,37
16,9,2026,3,25,8,3,7,33
16,13,2026,3,25,9,3,9,27
16,18,2026,3,25,10,2,12,17
16,21,2026,3,25,11,4,11,10
16,27,2026,3,25,10,2,0,12
16,32,2026,3,25,9,6,1,17
16,38,2026,3,25,8,4,4,17
16,41,2026,3,25,7,4,3,18
16,48,2026,3,25,5,5,6,17
17,0,2026,3,25,5,2,0,19
17,4,2026,3,25,7,3,1,21
17,9,2026,3,25,8,5,3,23
17,13,2026,3,25,9,3,7,19
17,18,2026,3,25,10,2,8,13
17,21,2026,3,25,11,4,8,9
17,27,2026,3,25,10,4,1,12
17,32,2026,3,25,9,5,3,14
17,38,2026,3,25,8,4,3,15
17,41,2026,3,25,7,6,3,18
17,48,2026,3,25,5,2,9,11
18,0,2026,3,25,5,2,0,13
18,4,2026,3,25,7,3,2,14
18,9,2026,3,25,8,6,2,18
18,13,2026,3,25,9,6,8,16
18,18,2026,3,25,10,2,5,13
18,21,2026,3,25,11,5,2,16
18,27,2026,3,25,10,2,2,16
18,32,2026,3,25,9,4,1,19
18,38,2026,3,25,8,5,5,19
18,41,2026,3,25,7,6,9,16
18,48,2026,3,25,5,2,9,9
19,0,2026,3,25,5,6,0,15
19,4,2026,3,25,7,2,3,14
19,9,2026,3,25,8,5,5,14
19,13,2026,3,25,9,4,6,12
19,18,2026,3,25,10,5,4,13
19,21,2026,3,25,11,6,3,16
19,27,2026,3,25,10,2,2,16
19,32,2026,3,25,9,3,4,15
19,38,2026,3,25,8,3,2,16
19,41,2026,3,25,7,5,5,16
19,48,2026,3,25,5,5,8,13
20,0,2026,3,25,5,4,0,17
20,4,2026,3,25,7,6,1,22
20,9,2026,3,25,8,3,5,20
20,13,2026,3,25,9,3,6,17
20,18,2026,3,25,10,6,8,15
20,21,2026,3,25,11,4,7,12
20,27,2026,3,25,10,2,0,14
20,32,2026,3,25,9,5,1,18
20,38,2026,3,25,8,4,3,19
20,41,2026,3,25,7,4,6,17
20,48,2026,3,25,5,3,8,12
21,0,2026,3,25,5,5,0,17
21,4,2026,3,25,7,5,1,21
21,9,2026,3,25,8,6,5,22
21,13,2026,3,25,9,4,5,21
21,18,2026,3,25,10,3,9,15
21,21,2026,3,25,11,6,8,13
21,27,2026,3,25,10,6,1,18
21,32,2026,3,25,9,3,3,18
21,38,2026,3,25,8,3,2,19
21,41,2026,3,25,7,4,6,17
21,48,2026,3,25,5,2,10,9
22,0,2026,3,25,5,6,0,15
22,4,2026,3,25,7,4,3,16
22,9,2026,3,25,8,5,1,20
22,13,2026,3,25,9,5,5,20
22,18,2026,3,25,10,5,5,20
22,21,2026,3,25,11,5,8,17
22,27,2026,3,25,10,4,1,20
22,32,2026,3,25,9,3,2,21
22,38,2026,3,25,8,5,5,21
22,41,2026,3,25,7,5,7,19
22,48,2026,3,25,5,5,8,16
23,0,2026,3,25,5,2,0,18
23,4,2026,3,25,7,2,1,19
23,9,2026,3,25,8,2,4,17
23,13,2026,3,25,9,3,5,15
23,18,2026,3,25,10,3,5,13
23,21,2026,3,25,11,4,9,8
23,27,2026,3,25,10,3,0,11
23,32,2026,3,25,9,3,5,9
23,38,2026,3,25,8,2,3,8
23,41,2026,3,25,7,6,2,12
23,48,2026,3,25,5,0,12,0
6,0,2026,3,26,5,22,0,22
6,4,2026,3,26,7,4,3,23
6,9,2026,3,26,8,15,7,31
6,13,2026,3,26,9,18,6,43
6,18,2026,3,26,10,15,8,50
6,21,2026,3,26,11,13,19,44
6,27,2026,3,26,10,20,4,60
6,32,2026,3,26,9,7,14,53
6,38,2026,3,26,8,13,13,53
6,41,2026,3,26,7,6,16,43
6,48,2026,3,26,5,8,20,31
7,0,2026,3,26,5,20,0,51
7,4,2026,3,26,7,4,22,33
7,9,2026,3,26,8,17,6,44
7,13,2026,3,26,9,20,7,57
7,18,2026,3,26,10,17,12,62
7,21,2026,3,26,11,13,17,58
7,27,2026,3,26,10,11,3,66
7,32,2026,3,26,9,9,10,65
7,38,2026,3,26,8,10,15,60
7,41,2026,3,26,7,4,29,35
7,48,2026,3,26,5,21,17,39
8,0,2026,3,26,5,21,0,60
8,4,2026,3,26,7,5,31,34
8,9,2026,3,26,8,11,7,38
8,13,2026,3,26,9,20,6,52
8,18,2026,3,26,10,9,14,47
8,21,2026,3,26,11,17,11,53
8,27,2026,3,26,10,18,6,65
8,32,2026,3,26,9,10,9,66
8,38,2026,3,26,8,11,17,60
8,41,2026,3,26,7,5,23,42
8,48,2026,3,26,5,10,15,37
9,0,2026,3,26,5,5,0,42
9,4,2026,3,26,7,2,10,34
9,9,2026,3,26,8,3,1,36
9,13,2026,3,26,9,3,8,31
9,18,2026,3,26,10,6,11,26
9,21,2026,3,26,11,6,14,18
9,27,2026,3,26,10,2,3,17
9,32,2026,3,26,9,6,1,22
9,38,2026,3,26,8,6,1,27
9,41,2026,3,26,7,1,20,8
9,48,2026,3,26,5,4,3,9
10,0,2026,3,26,5,5,0,14
10,4,2026,3,26,7,4,1,17
10,9,2026,3,26,8,2,4,15
10,13,2026,3,26,9,2,5,12
10,18,2026,3,26,10,6,4,14
10,21,2026,3,26,11,4,4,14
10,27,2026,3,26,10,3,0,17
10,32,2026,3,26,9,5,3,19
10,38,2026,3,26,8,6,5,20
10,41,2026,3,26,7,2,4,18
10,48,2026,3,26,5,4,7,15
11,0,2026,3,26,5,3,0,18
11,4,2026,3,26,7,4,0,22
11,9,2026,3,26,8,6,2,26
11,13,2026,3,26,9,6,5,27
11,18,2026,3,26,10,3,12,18
11,21,2026,3,26,11,3,9,12
11,27,2026,3,26,10,2,1,13
11,32,2026,3,26,9,5,5,13
11,38,2026,3,26,8,5,6,12
11,41,2026,3,26,7,2,5,9
11,48,2026,3,26,5,2,2,9
12,0,2026,3,26,5,3,0,12
12,4,2026,3,26,7,6,0,18
12,9,2026,3,26,8,2,4,16
12,13,2026,3,26,9,2,2,16
12,18,2026,3,26,10,6,10,12
12,21,2026,3,26,11,6,4,14
12,27,2026,3,26,10,2,1,15
12,32,2026,3,26,9,3,2,16
12,38,2026,3,26,8,6,5,17
12,41,2026,3,26,7,6,6,17
12,48,2026,3,26,5,3,7,13
13,0,2026,3,26,5,2,0,15
13,4,2026,3,26,7,21,1,35
13,9,2026,3,26,8,3,6,32
13,13,2026,3,26,9,3,9,26
13,18,2026,3,26,10,6,13,19
13,21,2026,3,26,11,3,9,13
13,27,2026,3,26,10,2,1,14
13,32,2026,3,26,9,5,4,15
13,38,2026,3,26,8,3,1,17
13,41,2026,3,26,7,24,2,39
13,48,2026,3,26,5,5,15,29
14,0,2026,3,26,5,2,0,31
14,4,2026,3,26,7,32,0,63
14,9,2026,3,26,8,6,16,53
14,13,2026,3,26,9,2,15,40
14,18,2026,3,26,10,3,16,27
14,21,2026,3,26,11,3,20,10
14,27,2026,3,26,10,6,1,15
14,32,2026,3,26,9,2,7,10
14,38,2026,3,26,8,4,3,11
14,41,2026,3,26,7,13,1,23
14,48,2026,3,26,5,2,9,16
15,0,2026,3,26,5,6,0,22
15,4,2026,3,26,7,18,2,38
15,9,2026,3,26,8,6,8,36
15,13,2026,3,26,9,5,12,29
15,18,2026,3,26,10,5,11,23
15,21,2026,3,26,11,5,10,18
15,27,2026,3,26,10,5,0,23
15,32,2026,3,26,9,6,5,24
15,38,2026,3,26,8,6,4,26
15,41,2026,3,26,7,20,5,41
15,48,2026,3,26,5,4,21,24
16,0,2026,3,26,5,2,0,26
16,4,2026,3,26,7,3,1,28
16,9,2026,3,26,8,3,4,27
16,13,2026,3,26,9,6,6,27
16,18,2026,3,26,10,3,14,16
16,21,2026,3,26,11,4,10,10
16,27,2026,3,26,10,6,2,14
16,32,2026,3,26,9,4,3,15
16,38,2026,3,26,8,4,4,15
16,41,2026,3,26,7,6,5,16
16,48,2026,3,26,5,6,7,15
17,0,2026,3,26,5,6,0,21
17,4,2026,3,26,7,2,3,20
17,9,2026,3,26,8,4,2,22
17,13,2026,3,26,9,3,4,21
17,18,2026,3,26,10,3,7,17
17,21,2026,3,26,11,5,11,11
17,27,2026,3,26,10,5,2,14
17,32,2026,3,26,9,6,2,18
17,38,2026,3,26,8,2,6,14
17,41,2026,3,26,7,2,6,10
17,48,2026,3,26,5,6,5,11
18,0,2026,3,26,5,5,0,16
18,4,2026,3,26,7,2,1,17
18,9,2026,3,26,8,6,1,22
18,13,2026,3,26,9,5,3,24
18,18,2026,3,26,10,5,7,22
18,21,2026,3,26,11,3,10,15
18,27,2026,3,26,10,2,1,16
18,32,2026,3,26,9,4,1,19
18,38,2026,3,26,8,5,9,15
18,41,2026,3,26,7,6,2,19
18,48,2026,3,26,5,6,10,15
19,0,2026,3,26,5,4,0,19
19,4,2026,3,26,7,2,3,18
19,9,2026,3,26,8,5,2,21
19,13,2026,3,26,9,4,8,17
19,18,2026,3,26,10,2,6,13
19,21,2026,3,26,11,4,8,9
19,27,2026,3,26,10,6,2,13
19,32,2026,3,26,9,4,5,12
19,38,2026,3,26,8,6,2,16
19,41,2026,3,26,7,5,4,17
19,48,2026,3,26,5,5,6,16
20,0,2026,3,26,5,5,0,21
20,4,2026,3,26,7,6,0,27
20,9,2026,3,26,8,2,5,24
20,13,2026,3,26,9,4,8,20
20,18,2026,3,26,10,6,6,20
20,21,2026,3,26,11,5,12,13
20,27,2026,3,26,10,3,2,14
20,32,2026,3,26,9,4,4,14
20,38,2026,3,26,8,3,2,15
20,41,2026,3,26,7,4,4,15
20,48,2026,3,26,5,2,8,9
21,0,2026,3,26,5,2,0,11
21,4,2026,3,26,7,5,1,15
21,9,2026,3,26,8,3,1,17
21,13,2026,3,26,9,6,2,21
21,18,2026,3,26,10,5,9,17
21,21,2026,3,26,11,5,6,16
21,27,2026,3,26,10,2,1,17
21,32,2026,3,26,9,2,2,17
21,38,2026,3,26,8,5,4,18
21,41,2026,3,26,7,2,10,10
21,48,2026,3,26,5,2,5,7
22,0,2026,3,26,5,5,0,12
22,4,2026,3,26,7,6,2,16
22,9,2026,3,26,8,5,3,18
22,13,2026,3,26,9,4,5,17
22,18,2026,3,26,10,5,4,18
22,21,2026,3,26,11,4,8,14
22,27,2026,3,26,10,2,1,15
22,32,2026,3,26,9,2,4,13
22,38,2026,3,26,8,5,5,13
22,41,2026,3,26,7,2,4,11
22,48,2026,3,26,5,6,6,11
23,0,2026,3,26,5,6,0,17
23,4,2026,3,26,7,4,2,19
23,9,2026,3,26,8,4,4,19
23,13,2026,3,26,9,5,5,19
23,18,2026,3,26,10,3,8,14
23,21,2026,3,26,11,2,6,10
23,27,2026,3,26,10,3,1,12
23,32,2026,3,26,9,2,1,13
23,38,2026,3,26,8,2,4,11
23,41,2026,3,26,7,2,6,7
23,48,2026,3,26,5,0,7,0
6,0,2026,3,27,5,9,0,9
6,4,2026,3,27,7,5,3,11
6,9,2026,3,27,8,18,1,28
6,13,2026,3,27,9,9,6,31
6,18,2026,3,27,10,11,7,35
6,21,2026,3,27,11,7,16,26
6,27,2026,3,27,10,22,3,45
6,32,2026,3,27,9,14,9,50
6,38,2026,3,27,8,19,13,56
6,41,2026,3,27,7,3,15,44
6,48,2026,3,27,5,22,20,46
7,0,2026,3,27,5,20,0,66
7,4,2026,3,27,7,1,32,35
7,9,2026,3,27,8,6,4,37
7,13,2026,3,27,9,11,5,43
7,18,2026,3,27,10,10,15,38
7,21,2026,3,27,11,22,18,42
7,27,2026,3,27,10,13,4,51
7,32,2026,3,27,9,19,6,64
7,38,2026,3,27,8,9,14,59
7,41,2026,3,27,7,1,29,31
7,48,2026,3,27,5,12,15,28
8,0,2026,3,27,5,11,0,39
8,4,2026,3,27,7,4,16,27
8,9,2026,3,27,8,18,2,43
8,13,2026,3,27,9,6,9,40
8,18,2026,3,27,10,10,7,43
8,21,2026,3,27,11,19,13,49
8,27,2026,3,27,10,5,6,48
8,32,2026,3,27,9,16,10,54
8,38,2026,3,27,8,18,8,64
8,41,2026,3,27,7,3,23,44
8,48,2026,3,27,5,11,17,38
9,0,2026,3,27,5,5,0,43
9,4,2026,3,27,7,3,14,32
9,9,2026,3,27,8,2,2,32
9,13,2026,3,27,9,4,9,27
9,18,2026,3,27,10,5,13,19
9,21,2026,3,27,11,5,8,16
9,27,2026,3,27,10,6,0,22
9,32,2026,3,27,9,6,0,28
9,38,2026,3,27,8,6,2,32
9,41,2026,3,27,7,5,21,16
9,48,2026,3,27,5,4,7,13
10,0,2026,3,27,5,2,0,15
10,4,2026,3,27,7,4,2,17
10,9,2026,3,27,8,6,4,19
10,13,2026,3,27,9,4,5,18
10,18,2026,3,27,10,2,6,14
10,21,2026,3,27,11,6,8,12
10,27,2026,3,27,10,4,1,15
10,32,2026,3,27,9,4,3,16
10,38,2026,3,27,8,2,4,14
10,41,2026,3,27,7,5,5,14
10,48,2026,3,27,5,2,8,8
11,0,2026,3,27,5,5,0,13
11,4,2026,3,27,7,5,1,17
11,9,2026,3,27,8,5,6,16
11,13,2026,3,27,9,6,4,18
11,18,2026,3,27,10,5,4,19
11,21,2026,3,27,11,5,8,16
11,27,2026,3,27,10,3,2,17
11,32,2026,3,27,9,4,2,19
11,38,2026,3,27,8,3,4,18
11,41,2026,3,27,7,3,4,17
11,48,2026,3,27,5,5,11,11
12,0,2026,3,27,5,6,0,17
12,4,2026,3,27,7,2,0,19
12,9,2026,3,27,8,2,3,18
12,13,2026,3,27,9,5,10,13
12,18,2026,3,27,10,6,5,14
12,21,2026,3,27,11,3,4,13
12,27,2026,3,27,10,5,1,17
12,32,2026,3,27,9,4,2,19
12,38,2026,3,27,8,2,5,16
12,41,2026,3,27,7,3,7,12
12,48,2026,3,27,5,3,7,8
13,0,2026,3,27,5,6,0,14
13,4,2026,3,27,7,17,0,31
13,9,2026,3,27,8,6,6,31
13,13,2026,3,27,9,4,10,25
13,18,2026,3,27,10,3,8,20
13,21,2026,3,27,11,5,5,20
13,27,2026,3,27,10,4,0,24
13,32,2026,3,27,9,5,2,27
13,38,2026,3,27,8,4,9,22
13,41,2026,3,27,7,8,7,23
13,48,2026,3,27,5,5,10,18
14,0,2026,3,27,5,2,0,20
14,4,2026,3,27,7,29,0,49
14,9,2026,3,27,8,5,7,47
14,13,2026,3,27,9,3,12,38
14,18,2026,3,27,10,4,13,29
14,21,2026,3,27,11,5,12,22
14,27,2026,3,27,10,6,2,26
14,32,2026,3,27,9,6,1,31
14,38,2026,3,27,8,6,6,31
14,41,2026,3,27,7,7,6,32
14,48,2026,3,27,5,4,18,18
15,0,2026,3,27,5,4,0,22
15,4,2026,3,27,7,19,0,41
15,9,2026,3,27,8,2,5,38
15,13,2026,3,27,9,3,6,35
15,18,2026,3,27,10,5,12,28
15,21,2026,3,27,11,4,19,13
15,27,2026,3,27,10,6,0,19
15,32,2026,3,27,9,2,8,13
15,38,2026,3,27,8,2,2,13
15,41,2026,3,27,7,14,2,25
15,48,2026,3,27,5,6,14,17
16,0,2026,3,27,5,5,0,22
16,4,2026,3,27,7,5,1,26
16,9,2026,3,27,8,3,3,26
16,13,2026,3,27,9,3,7,22
16,18,2026,3,27,10,5,7,20
16,21,2026,3,27,11,2,9,13
16,27,2026,3,27,10,4,2,15
16,32,2026,3,27,9,6,2,19
16,38,2026,3,27,8,2,4,17
16,41,2026,3,27,7,4,11,10
16,48,2026,3,27,5,6,5,11
17,0,2026,3,27,5,2,0,13
17,4,2026,3,27,7,4,1,16
17,9,2026,3,27,8,2,0,18
17,13,2026,3,27,9,3,4,17
17,18,2026,3,27,10,4,4,17
17,21,2026,3,27,11,6,11,12
17,27,2026,3,27,10,2,2,12
17,32,2026,3,27,9,2,3,11
17,38,2026,3,27,8,5,4,12
17,41,2026,3,27,7,5,3,14
17,48,2026,3,27,5,3,4,13
18,0,2026,3,27,5,4,0,17
18,4,2026,3,27,7,2,0,19
18,9,2026,3,27,8,5,3,21
18,13,2026,3,27,9,6,9,18
18,18,2026,3,27,10,6,4,20
18,21,2026,3,27,11,4,10,14
18,27,2026,3,27,10,2,1,15
18,32,2026,3,27,9,3,1,17
18,38,2026,3,27,8,6,10,13
18,41,2026,3,27,7,4,6,11
18,48,2026,3,27,5,4,3,12
19,0,2026,3,27,5,3,0,15
19,4,2026,3,27,7,4,1,18
19,9,2026,3,27,8,6,3,21
19,13,2026,3,27,9,4,9,16
19,18,2026,3,27,10,2,8,10
19,21,2026,3,27,11,6,6,10
19,27,2026,3,27,10,5,3,12
19,32,2026,3,27,9,3,1,14
19,38,2026,3,27,8,2,5,11
19,41,2026,3,27,7,2,4,9
19,48,2026,3,27,5,3,5,7
20,0,2026,3,27,5,6,0,13
20,4,2026,3,27,7,4,1,16
20,9,2026,3,27,8,5,2,19
20,13,2026,3,27,9,4,4,19
20,18,2026,3,27,10,3,8,14
20,21,2026,3,27,11,6,7,13
20,27,2026,3,27,10,5,4,14
20,32,2026,3,27,9,6,0,20
20,38,2026,3,27,8,6,7,19
20,41,2026,3,27,7,6,5,20
20,48,2026,3,27,5,2,10,12
21,0,2026,3,27,5,5,0,17
21,4,2026,3,27,7,3,0,20
21,9,2026,3,27,8,2,3,19
21,13,2026,3,27,9,4,4,19
21,18,2026,3,27,10,4,6,17
21,21,2026,3,27,11,3,8,12
21,27,2026,3,27,10,2,0,14
21,32,2026,3,27,9,5,3,16
21,38,2026,3,27,8,2,5,13
21,41,2026,3,27,7,5,4,14
21,48,2026,3,27,5,5,7,12
22,0,2026,3,27,5,3,0,15
22,4,2026,3,27,7,5,1,19
22,9,2026,3,27,8,5,7,17
22,13,2026,3,27,9,5,1,21
22,18,2026,3,27,10,4,4,21
22,21,2026,3,27,11,3,9,15
22,27,2026,3,27,10,3,0,18
22,32,2026,3,27,9,6,1,23
22,38,2026,3,27,8,2,4,21
22,41,2026,3,27,7,5,7,19
22,48,2026,3,27,5,3,7,15
23,0,2026,3,27,5,3,0,18
23,4,2026,3,27,7,5,0,23
23,9,2026,3,27,8,4,3,24
23,13,2026,3,27,9,6,1,29
23,18,2026,3,27,10,4,9,24
23,21,2026,3,27,11,4,13,15
23,27,2026,3,27,10,3,1,17
23,32,2026,3,27,9,5,2,20
23,38,2026,3,27,8,4,4,20
23,41,2026,3,27,7,4,7,17
23,48,2026,3,27,5,0,17,0
6,0,2026,3,28,5,12,0,12
6,4,2026,3,28,7,4,3,13
6,9,2026,3,28,8,20,4,29
6,13,2026,3,28,9,9,2,36
6,18,2026,3,28,10,18,7,47
6,21,2026,3,28,11,8,14,41
6,27,2026,3,28,10,11,3,49
6,32,2026,3,28,9,21,6,64
6,38,2026,3,28,8,14,12,66
6,41,2026,3,28,7,2,22,46
6,48,2026,3,28,5,15,23,38
7,0,2026,3,28,5,9,0,47
7,4,2026,3,28,7,1,16,32
7,9,2026,3,28,8,12,1,43
7,13,2026,3,28,9,13,8,48
7,18,2026,3,28,10,18,16,50
7,21,2026,3,28,11,13,15,48
7,27,2026,3,28,10,14,4,58
7,32,2026,3,28,9,5,7,56
7,38,2026,3,28,8,7,9,54
7,41,2026,3,28,7,2,28,28
7,48,2026,3,28,5,17,11,34
8,0,2026,3,28,5,7,0,41
8,4,2026,3,28,7,1,20,22
8,9,2026,3,28,8,12,1,33
8,13,2026,3,28,9,18,2,49
8,18,2026,3,28,10,12,9,52
8,21,2026,3,28,11,10,20,42
8,27,2026,3,28,10,6,2,46
8,32,2026,3,28,9,14,6,54
8,38,2026,3,28,8,18,13,59
8,41,2026,3,28,7,1,20,40
8,48,2026,3,28,5,20,15,45
9,0,2026,3,28,5,3,0,48
9,4,2026,3,28,7,4,18,34
9,9,2026,3,28,8,6,1,39
9,13,2026,3,28,9,6,5,40
9,18,2026,3,28,10,6,14,32
9,21,2026,3,28,11,4,14,22
9,27,2026,3,28,10,3,0,25
9,32,2026,3,28,9,2,1,26
9,38,2026,3,28,8,3,2,27
9,41,2026,3,28,7,1,20,8
9,48,2026,3,28,5,6,3,11
10,0,2026,3,28,5,6,0,17
10,4,2026,3,28,7,3,4,16
10,9,2026,3,28,8,2,2,16
10,13,2026,3,28,9,4,5,15
10,18,2026,3,28,10,6,6,15
10,21,2026,3,28,11,2,6,11
10,27,2026,3,28,10,4,1,14
10,32,2026,3,28,9,4,1,17
10,38,2026,3,28,8,3,2,18
10,41,2026,3,28,7,2,8,12
10,48,2026,3,28,5,5,6,11
11,0,2026,3,28,5,5,0,16
11,4,2026,3,28,7,5,3,18
11,9,2026,3,28,8,5,5,18
11,13,2026,3,28,9,3,4,17
11,18,2026,3,28,10,2,6,13
11,21,2026,3,28,11,2,6,9
11,27,2026,3,28,10,6,0,15
11,32,2026,3,28,9,6,3,18
11,38,2026,3,28,8,6,1,23
11,41,2026,3,28,7,2,7,18
11,48,2026,3,28,5,5,10,13
12,0,2026,3,28,5,2,0,15
12,4,2026,3,28,7,5,4,16
12,9,2026,3,28,8,5,2,19
12,13,2026,3,28,9,6,5,20
12,18,2026,3,28,10,3,8,15
12,21,2026,3,28,11,5,5,15
12,27,2026,3,28,10,4,3,16
12,32,2026,3,28,9,2,4,14
12,38,2026,3,28,8,4,3,15
12,41,2026,3,28,7,3,4,14
12,48,2026,3,28,5,4,7,11
13,0,2026,3,28,5,5,0,16
13,4,2026,3,28,7,26,1,41
13,9,2026,3,28,8,6,6,41
13,13,2026,3,28,9,3,6,38
13,18,2026,3,28,10,2,15,25
13,21,2026,3,28,11,5,14,16
13,27,2026,3,28,10,5,2,19
13,32,2026,3,28,9,3,1,21
13,38,2026,3,28,8,6,3,24
13,41,2026,3,28,7,25,4,45
13,48,2026,3,28,5,5,18,32
14,0,2026,3,28,5,2,0,34
14,4,2026,3,28,7,27,1,60
14,9,2026,3,28,8,3,10,53
14,13,2026,3,28,9,5,14,44
14,18,2026,3,28,10,2,18,28
14,21,2026,3,28,11,2,14,16
14,27,2026,3,28,10,6,0,22
14,32,2026,3,28,9,6,3,25
14,38,2026,3,28,8,3,4,24
14,41,2026,3,28,7,29,2,51
14,48,2026,3,28,5,4,20,35
15,0,2026,3,28,5,6,0,41
15,4,2026,3,28,7,10,1,50
15,9,2026,3,28,8,4,19,35
15,13,2026,3,28,9,2,8,29
15,18,2026,3,28,10,2,12,19
15,21,2026,3,28,11,5,12,12
15,27,2026,3,28,10,3,2,13
15,32,2026,3,28,9,3,2,14
15,38,2026,3,28,8,5,0,19
15,41,2026,3,28,7,18,3,34
15,48,2026,3,28,5,4,10,28
16,0,2026,3,28,5,5,0,33
16,4,2026,3,28,7,6,0,39
16,9,2026,3,28,8,4,5,38
16,13,2026,3,28,9,4,13,29
16,18,2026,3,28,10,2,10,21
16,21,2026,3,28,11,5,14,12
16,27,2026,3,28,10,3,1,14
16,32,2026,3,28,9,4,2,16
16,38,2026,3,28,8,6,3,19
16,41,2026,3,28,7,3,6,16
16,48,2026,3,28,5,3,10,9
17,0,2026,3,28,5,4,0,13
17,4,2026,3,28,7,2,2,13
17,9,2026,3,28,8,4,1,16
17,13,2026,3,28,9,2,5,13
17,18,2026,3,28,10,2,4,11
17,21,2026,3,28,11,3,6,8
17,27,2026,3,28,10,2,0,10
17,32,2026,3,28,9,2,1,11
17,38,2026,3,28,8,6,3,14
17,41,2026,3,28,7,3,4,13
17,48,2026,3,28,5,6,3,16
18,0,2026,3,28,5,6,0,22
18,4,2026,3,28,7,4,1,25
18,9,2026,3,28,8,3,5,23
18,13,2026,3,28,9,4,7,20
18,18,2026,3,28,10,4,6,18
18,21,2026,3,28,11,2,14,6
18,27,2026,3,28,10,3,0,9
18,32,2026,3,28,9,2,1,10
18,38,2026,3,28,8,6,4,12
18,41,2026,3,28,7,6,4,14
18,48,2026,3,28,5,4,5,13
19,0,2026,3,28,5,4,0,17
19,4,2026,3,28,7,3,3,17
19,9,2026,3,28,8,4,2,19
19,13,2026,3,28,9,5,4,20
19,18,2026,3,28,10,4,10,14
19,21,2026,3,28,11,2,7,9
19,27,2026,3,28,10,6,0,15
19,32,2026,3,28,9,5,2,18
19,38,2026,3,28,8,5,5,18
19,41,2026,3,28,7,3,5,16
19,48,2026,3,28,5,3,8,11
20,0,2026,3,28,5,4,0,15
20,4,2026,3,28,7,3,1,17
20,9,2026,3,28,8,6,2,21
20,13,2026,3,28,9,3,2,22
20,18,2026,3,28,10,6,11,17
20,21,2026,3,28,11,3,10,10
20,27,2026,3,28,10,4,0,14
20,32,2026,3,28,9,3,0,17
20,38,2026,3,28,8,5,6,16
20,41,2026,3,28,7,2,4,14
20,48,2026,3,28,5,5,9,10
21,0,2026,3,28,5,6,0,16
21,4,2026,3,28,7,5,3,18
21,9,2026,3,28,8,6,3,21
21,13,2026,3,28,9,6,6,21
21,18,2026,3,28,10,2,7,16
21,21,2026,3,28,11,6,6,16
21,27,2026,3,28,10,6,1,21
21,32,2026,3,28,9,2,3,20
21,38,2026,3,28,8,2,2,20
21,41,2026,3,28,7,4,8,16
21,48,2026,3,28,5,6,8,14
22,0,2026,3,28,5,2,0,16
22,4,2026,3,28,7,5,1,20
22,9,2026,3,28,8,3,8,15
22,13,2026,3,28,9,2,2,15
22,18,2026,3,28,10,2,6,11
22,21,2026,3,28,11,6,5,12
22,27,2026,3,28,10,2,1,13
22,32,2026,3,28,9,3,4,12
22,38,2026,3,28,8,3,3,12
22,41,2026,3,28,7,3,2,13
22,48,2026,3,28,5,5,11,7
23,0,2026,3,28,5,3,0,10
23,4,2026,3,28,7,3,0,13
23,9,2026,3,28,8,2,2,13
23,13,2026,3,28,9,4,3,14
23,18,2026,3,28,10,4,5,13
23,21,2026,3,28,11,4,6,11
23,27,2026,3,28,10,5,1,15
23,32,2026,3,28,9,3,4,14
23,38,2026,3,28,8,4,6,12
23,41,2026,3,28,7,2,3,11
23,48,2026,3,28,5,0,11,0
6,0,2026,3,29,5,14,0,14
6,4,2026,3,29,7,2,4,12
6,9,2026,3,29,8,14,5,21
6,13,2026,3,29,9,12,4,29
6,18,2026,3,29,10,21,9,41
6,21,2026,3,29,11,9,14,36
6,27,2026,3,29,10,17,3,50
6,32,2026,3,29,9,19,9,60
6,38,2026,3,29,8,6,12,54
6,41,2026,3,29,7,5,18,41
6,48,2026,3,29,5,11,17,35
7,0,2026,3,29,5,13,0,48
7,4,2026,3,29,7,4,15,37
7,9,2026,3,29,8,6,4,39
7,13,2026,3,29,9,9,7,41
7,18,2026,3,29,10,13,12,42
7,21,2026,3,29,11,16,18,40
7,27,2026,3,29,10,16,3,53
7,32,2026,3,29,9,16,8,61
7,38,2026,3,29,8,17,12,66
7,41,2026,3,29,7,4,20,50
7,48,2026,3,29,5,18,20,48
8,0,2026,3,29,5,16,0,64
8,4,2026,3,29,7,4,20,48
8,9,2026,3,29,8,20,4,64
8,13,2026,3,29,9,13,11,66
8,18,2026,3,29,10,16,16,66
8,21,2026,3,29,11,10,25,51
8,27,2026,3,29,10,5,1,55
8,32,2026,3,29,9,18,13,60
8,38,2026,3,29,8,5,14,51
8,41,2026,3,29,7,3,24,30
8,48,2026,3,29,5,9,16,23
9,0,2026,3,29,5,6,0,29
9,4,2026,3,29,7,1,8,22
9,9,2026,3,29,8,3,4,21
9,13,2026,3,29,9,6,2,25
9,18,2026,3,29,10,5,13,17
9,21,2026,3,29,11,3,4,16
9,27,2026,3,29,10,6,0,22
9,32,2026,3,29,9,6,1,27
9,38,2026,3,29,8,6,3,30
9,41,2026,3,29,7,1,21,10
9,48,2026,3,29,5,6,4,12
10,0,2026,3,29,5,4,0,16
10,4,2026,3,29,7,3,2,17
10,9,2026,3,29,8,6,4,19
10,13,2026,3,29,9,3,4,18
10,18,2026,3,29,10,2,5,15
10,21,2026,3,29,11,6,8,13
10,27,2026,3,29,10,4,0,17
10,32,2026,3,29,9,2,1,18
10,38,2026,3,29,8,3,7,14
10,41,2026,3,29,7,5,6,13
10,48,2026,3,29,5,2,4,11
11,0,2026,3,29,5,2,0,13
11,4,2026,3,29,7,4,0,17
11,9,2026,3,29,8,5,2,20
11,13,2026,3,29,9,2,6,16
11,18,2026,3,29,10,3,4,15
11,21,2026,3,29,11,5,8,12
11,27,2026,3,29,10,5,0,17
11,32,2026,3,29,9,4,3,18
11,38,2026,3,29,8,6,6,18
11,41,2026,3,29,7,4,6,16
11,48,2026,3,29,5,6,7,15
12,0,2026,3,29,5,2,0,17
12,4,2026,3,29,7,3,0,20
12,9,2026,3,29,8,6,4,22
12,13,2026,3,29,9,3,4,21
12,18,2026,3,29,10,6,9,18
12,21,2026,3,29,11,5,11,12
12,27,2026,3,29,10,3,2,13
12,32,2026,3,29,9,2,3,12
12,38,2026,3,29,8,2,2,12
12,41,2026,3,29,7,5,4,13
12,48,2026,3,29,5,2,5,10
13,0,2026,3,29,5,3,0,13
13,4,2026,3,29,7,29,2,40
13,9,2026,3,29,8,4,7,37
13,13,2026,3,29,9,6,9,34
13,18,2026,3,29,10,5,12,27
13,21,2026,3,29,11,4,12,19
13,27,2026,3,29,10,6,1,24
13,32,2026,3,29,9,4,2,26
13,38,2026,3,29,8,6,5,27
13,41,2026,3,29,7,15,3,39
13,48,2026,3,29,5,2,18,23
14,0,2026,3,29,5,6,0,29
14,4,2026,3,29,7,8,1,36
14,9,2026,3,29,8,5,8,33
14,13,2026,3,29,9,5,6,32
14,18,2026,3,29,10,3,8,27
14,21,2026,3,29,11,3,13,17
14,27,2026,3,29,10,2,0,19
14,32,2026,3,29,9,2,0,21
14,38,2026,3,29,8,5,8,18
14,41,2026,3,29,7,23,2,39
14,48,2026,3,29,5,4,19,24
15,0,2026,3,29,5,3,0,27
15,4,2026,3,29,7,21,0,48
15,9,2026,3,29,8,3,10,41
15,13,2026,3,29,9,2,20,23
15,18,2026,3,29,10,3,6,20
15,21,2026,3,29,11,2,14,8
15,27,2026,3,29,10,5,0,13
15,32,2026,3,29,9,2,3,12
15,38,2026,3,29,8,5,2,15
15,41,2026,3,29,7,21,6,30
15,48,2026,3,29,5,6,10,26
16,0,2026,3,29,5,6,0,32
16,4,2026,3,29,7,2,2,32
16,9,2026,3,29,8,6,6,32
16,13,2026,3,29,9,6,6,32
16,18,2026,3,29,10,2,13,21
16,21,2026,3,29,11,5,15,11
16,27,2026,3,29,10,4,2,13
16,32,2026,3,29,9,3,1,15
16,38,2026,3,29,8,4,3,16
16,41,2026,3,29,7,4,8,12
16,48,2026,3,29,5,2,6,8
17,0,2026,3,29,5,4,0,12
17,4,2026,3,29,7,6,1,17
17,9,2026,3,29,8,2,1,18
17,13,2026,3,29,9,3,3,18
17,18,2026,3,29,10,5,7,16
17,21,2026,3,29,11,2,9,9
17,27,2026,3,29,10,6,0,15
17,32,2026,3,29,9,5,1,19
17,38,2026,3,29,8,4,6,17
17,41,2026,3,29,7,6,7,16
17,48,2026,3,29,5,5,10,11
18,0,2026,3,29,5,3,0,14
18,4,2026,3,29,7,5,2,17
18,9,2026,3,29,8,3,3,17
18,13,2026,3,29,9,4,5,16
18,18,2026,3,29,10,3,9,10
18,21,2026,3,29,11,2,5,7
18,27,2026,3,29,10,5,0,12
18,32,2026,3,29,9,5,1,16
18,38,2026,3,29,8,5,5,16
18,41,2026,3,29,7,3,6,13
18,48,2026,3,29,5,6,6,13
19,0,2026,3,29,5,5,0,18
19,4,2026,3,29,7,4,1,21
19,9,2026,3,29,8,6,7,20
19,13,2026,3,29,9,4,3,21
19,18,2026,3,29,10,2,6,17
19,21,2026,3,29,11,4,7,14
19,27,2026,3,29,10,5,1,18
19,32,2026,3,29,9,2,4,16
19,38,2026,3,29,8,3,4,15
19,41,2026,3,29,7,4,6,13
19,48,2026,3,29,5,5,7,11
20,0,2026,3,29,5,3,0,14
20,4,2026,3,29,7,2,1,15
20,9,2026,3,29,8,4,6,13
20,13,2026,3,29,9,5,3,15
20,18,2026,3,29,10,4,0,19
20,21,2026,3,29,11,2,10,11
20,27,2026,3,29,10,6,0,17
20,32,2026,3,29,9,6,4,19
20,38,2026,3,29,8,2,5,16
20,41,2026,3,29,7,2,7,11
20,48,2026,3,29,5,4,6,9
21,0,2026,3,29,5,4,0,13
21,4,2026,3,29,7,6,0,19
21,9,2026,3,29,8,6,3,22
21,13,2026,3,29,9,5,3,24
21,18,2026,3,29,10,2,6,20
21,21,2026,3,29,11,2,10,12
21,27,2026,3,29,10,4,2,14
21,32,2026,3,29,9,5,3,16
21,38,2026,3,29,8,3,2,17
21,41,2026,3,29,7,6,3,20
21,48,2026,3,29,5,6,11,15
22,0,2026,3,29,5,5,0,20
22,4,2026,3,29,7,2,2,20
22,9,2026,3,29,8,3,2,21
22,13,2026,3,29,9,6,7,20
22,18,2026,3,29,10,5,6,19
22,21,2026,3,29,11,6,10,15
22,27,2026,3,29,10,6,0,21
22,32,2026,3,29,9,3,3,21
22,38,2026,3,29,8,3,4,20
22,41,2026,3,29,7,3,6,17
22,48,2026,3,29,5,5,9,13
23,0,2026,3,29,5,3,0,16
23,4,2026,3,29,7,2,0,18
23,9,2026,3,29,8,2,1,19
23,13,2026,3,29,9,6,8,17
23,18,2026,3,29,10,2,4,15
23,21,2026,3,29,11,4,6,13
23,27,2026,3,29,10,4,2,15
23,32,2026,3,29,9,5,1,19
23,38,2026,3,29,8,5,5,19
23,41,2026,3,29,7,5,7,17
23,48,2026,3,29,5,0,17,0
6,0,2026,3,30,5,6,0,6
6,4,2026,3,30,7,4,1,9
6,9,2026,3,30,8,13,3,19
6,13,2026,3,30,9,21,5,35
6,18,2026,3,30,10,21,14,42
6,21,2026,3,30,11,10,11,41
6,27,2026,3,30,10,11,3,49
6,32,2026,3,30,9,13,8,54
6,38,2026,3,30,8,8,13,49
6,41,2026,3,30,7,2,17,34
6,48,2026,3,30,5,20,20,34
7,0,2026,3,30,5,22,0,56
7,4,2026,3,30,7,4,33,27
7,9,2026,3,30,8,9,3,33
7,13,2026,3,30,9,8,8,33
7,18,2026,3,30,10,22,10,45
7,21,2026,3,30,11,18,8,55
7,27,2026,3,30,10,16,5,66
7,32,2026,3,30,9,16,16,66
7,38,2026,3,30,8,12,12,66
7,41,2026,3,30,7,3,29,40
7,48,2026,3,30,5,11,17,34
8,0,2026,3,30,5,15,0,49
8,4,2026,3,30,7,3,16,36
8,9,2026,3,30,8,22,5,53
8,13,2026,3,30,9,9,5,57
8,18,2026,3,30,10,6,19,44
8,21,2026,3,30,11,10,16,38
8,27,2026,3,30,10,7,2,43
8,32,2026,3,30,9,19,7,55
8,38,2026,3,30,8,12,7,60
8,41,2026,3,30,7,3,23,40
8,48,2026,3,30,5,8,19,29
9,0,2026,3,30,5,6,0,35
9,4,2026,3,30,7,3,11,27
9,9,2026,3,30,8,3,3,27
9,13,2026,3,30,9,2,6,23
9,18,2026,3,30,10,2,10,15
9,21,2026,3,30,11,4,9,10
9,27,2026,3,30,10,4,0,14
9,32,2026,3,30,9,3,2,15
9,38,2026,3,30,8,3,0,18
9,41,2026,3,30,7,4,14,8
9,48,2026,3,30,5,6,4,10
10,0,2026,3,30,5,6,0,16
10,4,2026,3,30,7,4,2,18
10,9,2026,3,30,8,5,3,20
10,13,2026,3,30,9,5,5,20
10,18,2026,3,30,10,3,7,16
10,21,2026,3,30,11,4,8,12
10,27,2026,3,30,10,6,0,18
10,32,2026,3,30,9,5,1,22
10,38,2026,3,30,8,6,7,21
10,41,2026,3,30,7,5,6,20
10,48,2026,3,30,5,4,10,14
11,0,2026,3,30,5,2,0,16
11,4,2026,3,30,7,5,0,21
11,9,2026,3,30,8,2,5,18
11,13,2026,3,30,9,2,2,18
11,18,2026,3,30,10,6,7,17
11,21,2026,3,30,11,2,7,12
11,27,2026,3,30,10,3,0,15
11,32,2026,3,30,9,6,1,20
11,38,2026,3,30,8,4,4,20
11,41,2026,3,30,7,4,4,20
11,48,2026,3,30,5,6,9,17
12,0,2026,3,30,5,6,0,23
12,4,2026,3,30,7,3,4,22
12,9,2026,3,30,8,3,3,22
12,13,2026,3,30,9,4,5,21
12,18,2026,3,30,10,2,5,18
12,21,2026,3,30,11,4,11,11
12,27,2026,3,30,10,3,1,13
12,32,2026,3,30,9,4,1,16
12,38,2026,3,30,8,6,5,17
12,41,2026,3,30,7,2,5,14
12,48,2026,3,30,5,3,7,10
13,0,2026,3,30,5,3,0,13
13,4,2026,3,30,7,32,0,45
13,9,2026,3,30,8,2,7,40
13,13,2026,3,30,9,2,7,35
13,18,2026,3,30,10,5,12,28
13,21,2026,3,30,11,4,10,22
13,27,2026,3,30,10,6,1,27
13,32,2026,3,30,9,3,5,25
13,38,2026,3,30,8,4,2,27
13,41,2026,3,30,7,22,4,45
13,48,2026,3,30,5,3,24,24
14,0,2026,3,30,5,4,0,28
14,4,2026,3,30,7,20,0,48
14,9,2026,3,30,8,5,16,37
14,13,2026,3,30,9,6,11,32
14,18,2026,3,30,10,5,12,25
14,21,2026,3,30,11,4,15,14
14,27,2026,3,30,10,4,0,18
14,32,2026,3,30,9,2,4,16
14,38,2026,3,30,8,3,1,18
14,41,2026,3,30,7,11,6,23
14,48,2026,3,30,5,5,14,14
15,0,2026,3,30,5,5,0,19
15,4,2026,3,30,7,14,1,32
15,9,2026,3,30,8,3,6,29
15,13,2026,3,30,9,5,8,26
15,18,2026,3,30,10,5,10,21
15,21,2026,3,30,11,6,8,19
15,27,2026,3,30,10,5,0,24
15,32,2026,3,30,9,5,4,25
15,38,2026,3,30,8,3,9,19
15,41,2026,3,30,7,22,3,38
15,48,2026,3,30,5,5,16,27
16,0,2026,3,30,5,6,0,33
16,4,2026,3,30,7,6,5,34
16,9,2026,3,30,8,5,4,35
16,13,2026,3,30,9,6,8,33
16,18,2026,3,30,10,4,15,22
16,21,2026,3,30,11,5,16,11
16,27,2026,3,30,10,2,0,13
16,32,2026,3,30,9,2,1,14
16,38,2026,3,30,8,5,1,18
16,41,2026,3,30,7,6,10,14
16,48,2026,3,30,5,4,6,12
17,0,2026,3,30,5,4,0,16
17,4,2026,3,30,7,5,1,20
17,9,2026,3,30,8,6,6,20
17,13,2026,3,30,9,2,4,18
17,18,2026,3,30,10,3,5,16
17,21,2026,3,30,11,4,8,12
17,27,2026,3,30,10,2,1,13
17,32,2026,3,30,9,5,0,18
17,38,2026,3,30,8,4,4,18
17,41,2026,3,30,7,4,3,19
17,48,2026,3,30,5,5,10,14
18,0,2026,3,30,5,6,0,20
18,4,2026,3,30,7,5,5,20
18,9,2026,3,30,8,2,2,20
18,13,2026,3,30,9,2,4,18
18,18,2026,3,30,10,6,13,11
18,21,2026,3,30,11,5,5,11
18,27,2026,3,30,10,3,3,11
18,32,2026,3,30,9,3,2,12
18,38,2026,3,30,8,4,4,12
18,41,2026,3,30,7,4,5,11
18,48,2026,3,30,5,3,5,9
19,0,2026,3,30,5,4,0,13
19,4,2026,3,30,7,3,1,15
19,9,2026,3,30,8,3,3,15
19,13,2026,3,30,9,3,5,13
19,18,2026,3,30,10,5,7,11
19,21,2026,3,30,11,3,4,10
19,27,2026,3,30,10,5,0,15
19,32,2026,3,30,9,4,1,18
19,38,2026,3,30,8,3,6,15
19,41,2026,3,30,7,4,5,14
19,48,2026,3,30,5,4,5,13
20,0,2026,3,30,5,5,0,18
20,4,2026,3,30,7,3,2,19
20,9,2026,3,30,8,2,3,18
20,13,2026,3,30,9,2,5,15
20,18,2026,3,30,10,4,5,14
20,21,2026,3,30,11,4,9,9
20,27,2026,3,30,10,4,1,12
20,32,2026,3,30,9,3,2,13
20,38,2026,3,30,8,5,3,15
20,41,2026,3,30,7,2,5,12
20,48,2026,3,30,5,6,4,14
21,0,2026,3,30,5,3,0,17
21,4,2026,3,30,7,2,1,18
21,9,2026,3,30,8,3,3,18
21,13,2026,3,30,9,2,2,18
21,18,2026,3,30,10,2,8,12
21,21,2026,3,30,11,2,7,7
21,27,2026,3,30,10,2,0,9
21,32,2026,3,30,9,6,2,13
21,38,2026,3,30,8,6,3,16
21,41,2026,3,30,7,6,4,18
21,48,2026,3,30,5,3,5,16
22,0,2026,3,30,5,4,0,20
22,4,2026,3,30,7,2,2,20
22,9,2026,3,30,8,4,1,23
22,13,2026,3,30,9,6,3,26
22,18,2026,3,30,10,4,11,19
22,21,2026,3,30,11,6,9,16
22,27,2026,3,30,10,2,1,17
22,32,2026,3,30,9,5,1,21
22,38,2026,3,30,8,3,6,18
22,41,2026,3,30,7,5,9,14
22,48,2026,3,30,5,5,4,15
23,0,2026,3,30,5,4,0,19
23,4,2026,3,30,7,3,2,20
23,9,2026,3,30,8,4,5,19
23,13,2026,3,30,9,4,3,20
23,18,2026,3,30,10,3,7,16
23,21,2026,3,30,11,4,11,9
23,27,2026,3,30,10,2,1,10
23,32,2026,3,30,9,3,3,10
23,38,2026,3,30,8,3,3,10
23,41,2026,3,30,7,5,8,7
23,48,2026,3,30,5,0,7,0
6,0,2026,3,31,5,11,0,11
6,4,2026,3,31,7,6,2,15
6,9,2026,3,31,8,7,5,17
6,13,2026,3,31,9,9,6,20
6,18,2026,3,31,10,11,4,27
6,21,2026,3,31,11,17,9,35
6,27,2026,3,31,10,14,5,44
6,32,2026,3,31,9,9,6,47
6,38,2026,3,31,8,10,10,47
6,41,2026,3,31,7,4,15,36
6,48,2026,3,31,5,6,20,22
7,0,2026,3,31,5,15,0,37
7,4,2026,3,31,7,1,17,21
7,9,2026,3,31,8,22,3,40
7,13,2026,3,31,9,15,9,46
7,18,2026,3,31,10,11,7,50
7,21,2026,3,31,11,9,12,47
7,27,2026,3,31,10,13,2,58
7,32,2026,3,31,9,5,7,56
7,38,2026,3,31,8,12,8,60
7,41,2026,3,31,7,1,26,35
7,48,2026,3,31,5,6,16,25
8,0,2026,3,31,5,6,0,31
8,4,2026,3,31,7,5,10,26
8,9,2026,3,31,8,13,1,38
8,13,2026,3,31,9,11,3,46
8,18,2026,3,31,10,14,15,45
8,21,2026,3,31,11,18,13,50
8,27,2026,3,31,10,8,5,53
8,32,2026,3,31,9,16,8,61
8,38,2026,3,31,8,18,17,62
8,41,2026,3,31,7,1,25,38
8,48,2026,3,31,5,5,16,27
9,0,2026,3,31,5,4,0,31
9,4,2026,3,31,7,3,5,29
9,9,2026,3,31,8,5,3,31
9,13,2026,3,31,9,5,6,30
9,18,2026,3,31,10,4,12,22
9,21,2026,3,31,11,2,10,14
9,27,2026,3,31,10,6,0,20
9,32,2026,3,31,9,6,0,26
9,38,2026,3,31,8,6,1,31
9,41,2026,3,31,7,3,22,12
9,48,2026,3,31,5,4,5,11
10,0,2026,3,31,5,6,0,17
10,4,2026,3,31,7,4,1,20
10,9,2026,3,31,8,5,6,19
10,13,2026,3,31,9,6,8,17
10,18,2026,3,31,10,3,5,15
10,21,2026,3,31,11,6,3,18
10,27,2026,3,31,10,2,0,20
10,32,2026,3,31,9,5,2,23
10,38,2026,3,31,8,4,12,15
10,41,2026,3,31,7,3,7,11
10,48,2026,3,31,5,4,6,9
11,0,2026,3,31,5,6,0,15
11,4,2026,3,31,7,4,4,15
11,9,2026,3,31,8,2,4,13
11,13,2026,3,31,9,6,4,15
11,18,2026,3,31,10,6,5,16
11,21,2026,3,31,11,6,4,18
11,27,2026,3,31,10,2,2,18
11,32,2026,3,31,9,4,2,20
11,38,2026,3,31,8,5,5,20
11,41,2026,3,31,7,2,4,18
11,48,2026,3,31,5,2,14,6
12,0,2026,3,31,5,2,0,8
12,4,2026,3,31,7,4,1,11
12,9,2026,3,31,8,2,2,11
12,13,2026,3,31,9,5,4,12
12,18,2026,3,31,10,4,4,12
12,21,2026,3,31,11,5,6,11
12,27,2026,3,31,10,2,0,13
12,32,2026,3,31,9,6,1,18
12,38,2026,3,31,8,5,5,18
12,41,2026,3,31,7,5,7,16
12,48,2026,3,31,5,5,7,14
13,0,2026,3,31,5,3,0,17
13,4,2026,3,31,7,29,1,45
13,9,2026,3,31,8,2,7,40
13,13,2026,3,31,9,3,10,33
13,18,2026,3,31,10,6,15,24
13,21,2026,3,31,11,4,15,13
13,27,2026,3,31,10,3,0,16
13,32,2026,3,31,9,6,3,19
13,38,2026,3,31,8,4,3,20
13,41,2026,3,31,7,8,6,22
13,48,2026,3,31,5,5,9,18
14,0,2026,3,31,5,3,0,21
14,4,2026,3,31,7,11,0,32
14,9,2026,3,31,8,6,3,35
14,13,2026,3,31,9,3,12,26
14,18,2026,3,31,10,4,9,21
14,21,2026,3,31,11,5,13,13
14,27,2026,3,31,10,4,2,15
14,32,2026,3,31,9,3,4,14
14,38,2026,3,31,8,6,3,17
14,41,2026,3,31,7,7,4,20
14,48,2026,3,31,5,2,9,13
15,0,2026,3,31,5,5,0,18
15,4,2026,3,31,7,22,0,40
15,9,2026,3,31,8,2,10,32
15,13,2026,3,31,9,4,11,25
15,18,2026,3,31,10,6,7,24
15,21,2026,3,31,11,3,9,18
15,27,2026,3,31,10,5,0,23
15,32,2026,3,31,9,3,1,25
15,38,2026,3,31,8,3,4,24
15,41,2026,3,31,7,28,3,49
15,48,2026,3,31,5,4,26,27
16,0,2026,3,31,5,4,0,31
16,4,2026,3,31,7,2,0,33
16,9,2026,3,31,8,3,9,27
16,13,2026,3,31,9,4,11,20
16,18,2026,3,31,10,2,8,14
16,21,2026,3,31,11,3,8,9
16,27,2026,3,31,10,3,0,12
16,32,2026,3,31,9,5,1,16
16,38,2026,3,31,8,6,3,19
16,41,2026,3,31,7,2,6,15
16,48,2026,3,31,5,4,8,11
17,0,2026,3,31,5,3,0,14
17,4,2026,3,31,7,4,0,18
17,9,2026,3,31,8,6,7,17
17,13,2026,3,31,9,3,5,15
17,18,2026,3,31,10,3,5,13
17,21,2026,3,31,11,4,5,12
17,27,2026,3,31,10,2,1,13
17,32,2026,3,31,9,3,1,15
17,38,2026,3,31,8,5,4,16
17,41,2026,3,31,7,3,2,17
17,48,2026,3,31,5,3,10,10
18,0,2026,3,31,5,6,0,16
18,4,2026,3,31,7,4,2,18
18,9,2026,3,31,8,6,2,22
18,13,2026,3,31,9,6,4,24
18,18,2026,3,31,10,4,9,19
18,21,2026,3,31,11,2,9,12
18,27,2026,3,31,10,5,1,16
18,32,2026,3,31,9,5,2,19
18,38,2026,3,31,8,4,3,20
18,41,2026,3,31,7,6,9,17
18,48,2026,3,31,5,3,9,11
19,0,2026,3,31,5,4,0,15
19,4,2026,3,31,7,6,1,20
19,9,2026,3,31,8,4,1,23
19,13,2026,3,31,9,4,8,19
19,18,2026,3,31,10,6,4,21
19,21,2026,3,31,11,4,7,18
19,27,2026,3,31,10,4,1,21
19,32,2026,3,31,9,4,8,17
19,38,2026,3,31,8,2,3,16
19,41,2026,3,31,7,2,3,15
19,48,2026,3,31,5,5,8,12
20,0,2026,3,31,5,6,0,18
20,4,2026,3,31,7,2,5,15
20,9,2026,3,31,8,4,3,16
20,13,2026,3,31,9,2,3,15
20,18,2026,3,31,10,2,5,12
20,21,2026,3,31,11,6,7,11
20,27,2026,3,31,10,4,2,13
20,32,2026,3,31,9,4,2,15
20,38,2026,3,31,8,6,2,19
20,41,2026,3,31,7,4,5,18
20,48,2026,3,31,5,4,9,13
21,0,2026,3,31,5,4,0,17
21,4,2026,3,31,7,3,3,17
21,9,2026,3,31,8,3,3,17
21,13,2026,3,31,9,3,3,17
21,18,2026,3,31,10,6,8,15
21,21,2026,3,31,11,3,5,13
21,27,2026,3,31,10,3,1,15
21,32,2026,3,31,9,4,2,17
21,38,2026,3,31,8,4,2,19
21,41,2026,3,31,7,3,5,17
21,48,2026,3,31,5,4,10,11
22,0,2026,3,31,5,6,0,17
22,4,2026,3,31,7,6,1,22
22,9,2026,3,31,8,2,2,22
22,13,2026,3,31,9,4,5,21
22,18,2026,3,31,10,6,7,20
22,21,2026,3,31,11,3,6,17
22,27,2026,3,31,10,4,0,21
22,32,2026,3,31,9,6,4,23
22,38,2026,3,31,8,6,7,22
22,41,2026,3,31,7,3,5,20
22,48,2026,3,31,5,6,9,17
23,0,2026,3,31,5,6,0,23
23,4,2026,3,31,7,3,2,24
23,9,2026,3,31,8,6,1,29
23,13,2026,3,31,9,4,8,25
23,18,2026,3,31,10,4,11,18
23,21,2026,3,31,11,4,13,9
23,27,2026,3,31,10,5,1,13
23,32,2026,3,31,9,3,2,14
23,38,2026,3,31,8,6,1,19
23,41,2026,3,31,7,3,10,12
23,48,2026,3,31,5,0,12,0
6,0,2026,4,1,5,10,0,10
6,4,2026,4,1,7,3,4,9
6,9,2026,4,1,8,22,2,29
6,13,2026,4,1,9,9,12,26
6,18,2026,4,1,10,7,7,26
6,21,2026,4,1,11,11,3,34
6,27,2026,4,1,10,21,3,52
6,32,2026,4,1,9,17,7,62
6,38,2026,4,1,8,18,21,59
6,41,2026,4,1,7,5,12,52
6,48,2026,4,1,5,8,23,37
7,0,2026,4,1,5,10,0,47
7,4,2026,4,1,7,3,12,38
7,9,2026,4,1,8,21,3,56
7,13,2026,4,1,9,5,13,48
7,18,2026,4,1,10,15,7,56
7,21,2026,4,1,11,13,21,48
7,27,2026,4,1,10,6,2,52
7,32,2026,4,1,9,18,4,66
7,38,2026,4,1,8,14,14,66
7,41,2026,4,1,7,1,27,40
7,48,2026,4,1,5,8,20,28
8,0,2026,4,1,5,11,0,39
8,4,2026,4,1,7,2,12,29
8,9,2026,4,1,8,21,3,47
8,13,2026,4,1,9,11,9,49
8,18,2026,4,1,10,5,12,42
8,21,2026,4,1,11,21,12,51
8,27,2026,4,1,10,12,4,59
8,32,2026,4,1,9,5,10,54
8,38,2026,4,1,8,11,13,52
8,41,2026,4,1,7,4,22,34
8,48,2026,4,1,5,20,20,34
9,0,2026,4,1,5,5,0,39
9,4,2026,4,1,7,1,19,21
9,9,2026,4,1,8,2,2,21
9,13,2026,4,1,9,4,9,16
9,18,2026,4,1,10,4,8,12
9,21,2026,4,1,11,3,4,11
9,27,2026,4,1,10,4,0,15
9,32,2026,4,1,9,4,2,17
9,38,2026,4,1,8,3,1,19
9,41,2026,4,1,7,3,15,7
9,48,2026,4,1,5,5,0,12
10,0,2026,4,1,5,3,0,15
10,4,2026,4,1,7,4,1,18
10,9,2026,4,1,8,5,3,20
10,13,2026,4,1,9,6,6,20
10,18,2026,4,1,10,3,4,19
10,21,2026,4,1,11,3,10,12
10,27,2026,4,1,10,2,2,12
10,32,2026,4,1,9,6,3,15
10,38,2026,4,1,8,5,3,17
10,41,2026,4,1,7,2,7,12
10,48,2026,4,1,5,2,4,10
11,0,2026,4,1,5,5,0,15
11,4,2026,4,1,7,3,3,15
11,9,2026,4,1,8,6,3,18
11,13,2026,4,1,9,3,1,20
11,18,2026,4,1,10,6,6,20
11,21,2026,4,1,11,6,9,17
11,27,2026,4,1,10,3,1,19
11,32,2026,4,1,9,2,4,17
11,38,2026,4,1,8,2,2,17
11,41,2026,4,1,7,2,6,13
11,48,2026,4,1,5,5,8,10
12,0,2026,4,1,5,2,0,12
12,4,2026,4,1,7,6,1,17
12,9,2026,4,1,8,3,6,14
12,13,2026,4,1,9,3,5,12
12,18,2026,4,1,10,2,3,11
12,21,2026,4,1,11,5,5,11
12,27,2026,4,1,10,6,1,16
12,32,2026,4,1,9,6,4,18
12,38,2026,4,1,8,6,3,21
12,41,2026,4,1,7,2,4,19
12,48,2026,4,1,5,4,15,8
13,0,2026,4,1,5,4,0,12
13,4,2026,4,1,7,31,0,43
13,9,2026,4,1,8,5,10,38
13,13,2026,4,1,9,2,8,32
13,18,2026,4,1,10,2,9,25
13,21,2026,4,1,11,2,16,11
13,27,2026,4,1,10,3,0,14
13,32,2026,4,1,9,4,0,18
13,38,2026,4,1,8,5,1,22
13,41,2026,4,1,7,7,5,24
13,48,2026,4,1,5,3,9,18
14,0,2026,4,1,5,3,0,21
14,4,2026,4,1,7,27,0,48
14,9,2026,4,1,8,5,8,45
14,13,2026,4,1,9,6,8,43
14,18,2026,4,1,10,6,12,37
14,21,2026,4,1,11,3,19,21
14,27,2026,4,1,10,4,1,24
14,32,2026,4,1,9,2,3,23
14,38,2026,4,1,8,3,5,21
14,41,2026,4,1,7,23,3,41
14,48,2026,4,1,5,2,20,23
15,0,2026,4,1,5,5,0,28
15,4,2026,4,1,7,24,0,52
15,9,2026,4,1,8,3,11,44
15,13,2026,4,1,9,4,14,34
15,18,2026,4,1,10,5,11,28
15,21,2026,4,1,11,5,17,16
15,27,2026,4,1,10,4,2,18
15,32,2026,4,1,9,6,5,19
15,38,2026,4,1,8,2,4,17
15,41,2026,4,1,7,12,2,27
15,48,2026,4,1,5,3,14,16
16,0,2026,4,1,5,5,0,21
16,4,2026,4,1,7,6,3,24
16,9,2026,4,1,8,5,4,25
16,13,2026,4,1,9,3,7,21
16,18,2026,4,1,10,2,8,15
16,21,2026,4,1,11,3,10,8
16,27,2026,4,1,10,2,0,10
16,32,2026,4,1,9,5,0,15
16,38,2026,4,1,8,4,3,16
16,41,2026,4,1,7,5,3,18
16,48,2026,4,1,5,4,8,14
17,0,2026,4,1,5,4,0,18
17,4,2026,4,1,7,5,3,20
17,9,2026,4,1,8,2,2,20
17,13,2026,4,1,9,4,4,20
17,18,2026,4,1,10,4,7,17
17,21,2026,4,1,11,5,11,11
17,27,2026,4,1,10,4,0,15
17,32,2026,4,1,9,2,3,14
17,38,2026,4,1,8,6,4,16
17,41,2026,4,1,7,2,6,12
17,48,2026,4,1,5,4,8,8
18,0,2026,4,1,5,2,0,10
18,4,2026,4,1,7,5,2,13
18,9,2026,4,1,8,2,3,12
18,13,2026,4,1,9,3,3,12
18,18,2026,4,1,10,3,7,8
18,21,2026,4,1,11,5,2,11
18,27,2026,4,1,10,2,1,12
18,32,2026,4,1,9,6,3,15
18,38,2026,4,1,8,4,4,15
18,41,2026,4,1,7,3,6,12
18,48,2026,4,1,5,6,4,14
19,0,2026,4,1,5,3,0,17
19,4,2026,4,1,7,2,2,17
19,9,2026,4,1,8,2,2,17
19,13,2026,4,1,9,5,5,17
19,18,2026,4,1,10,3,3,17
19,21,2026,4,1,11,2,12,7
19,27,2026,4,1,10,4,1,10
19,32,2026,4,1,9,2,2,10
19,38,2026,4,1,8,6,3,13
19,41,2026,4,1,7,4,5,12
19,48,2026,4,1,5,3,3,12
20,0,2026,4,1,5,5,0,17
20,4,2026,4,1,7,5,1,21
20,9,2026,4,1,8,4,6,19
20,13,2026,4,1,9,4,3,20
20,18,2026,4,1,10,4,6,18
20,21,2026,4,1,11,2,8,12
20,27,2026,4,1,10,6,1,17
20,32,2026,4,1,9,3,2,18
20,38,2026,4,1,8,6,2,22
20,41,2026,4,1,7,5,6,21
20,48,2026,4,1,5,3,8,16
21,0,2026,4,1,5,6,0,22
21,4,2026,4,1,7,2,0,24
21,9,2026,4,1,8,3,3,24
21,13,2026,4,1,9,2,10,16
21,18,2026,4,1,10,5,5,16
21,21,2026,4,1,11,3,9,10
21,27,2026,4,1,10,4,0,14
21,32,2026,4,1,9,3,3,14
21,38,2026,4,1,8,3,1,16
21,41,2026,4,1,7,3,6,13
21,48,2026,4,1,5,5,5,13
22,0,2026,4,1,5,3,0,16
22,4,2026,4,1,7,4,2,18
22,9,2026,4,1,8,4,3,19
22,13,2026,4,1,9,4,5,18
22,18,2026,4,1,10,5,8,15
22,21,2026,4,1,11,4,8,11
22,27,2026,4,1,10,3,2,12
22,32,2026,4,1,9,5,1,16
22,38,2026,4,1,8,6,3,19
22,41,2026,4,1,7,4,7,16
22,48,2026,4,1,5,2,8,10
23,0,2026,4,1,5,6,0,16
23,4,2026,4,1,7,3,3,16
23,9,2026,4,1,8,6,1,21
23,13,2026,4,1,9,2,9,14
23,18,2026,4,1,10,4,3,15
23,21,2026,4,1,11,2,5,12
23,27,2026,4,1,10,6,0,18
23,32,2026,4,1,9,6,4,20
23,38,2026,4,1,8,4,4,20
23,41,2026,4,1,7,3,13,10
23,48,2026,4,1,5,0,10,0
6,0,2026,4,2,5,11,0,11
6,4,2026,4,2,7,4,2,13
6,9,2026,4,2,8,22,1,34
6,13,2026,4,2,9,9,10,33
6,18,2026,4,2,10,11,4,40
6,21,2026,4,2,11,6,13,33
6,27,2026,4,2,10,21,2,52
6,32,2026,4,2,9,21,7,66
6,38,2026,4,2,8,17,17,66
6,41,2026,4,2,7,5,23,48
6,48,2026,4,2,5,12,20,40
7,0,2026,4,2,5,6,0,46
7,4,2026,4,2,7,5,13,38
7,9,2026,4,2,8,7,3,42
7,13,2026,4,2,9,18,1,59
7,18,2026,4,2,10,10,18,51
7,21,2026,4,2,11,18,21,48
7,27,2026,4,2,10,13,6,55
7,32,2026,4,2,9,14,15,54
7,38,2026,4,2,8,16,10,60
7,41,2026,4,2,7,2,27,35
7,48,2026,4,2,5,13,12,36
8,0,2026,4,2,5,19,0,55
8,4,2026,4,2,7,1,22,34
8,9,2026,4,2,8,19,1,52
8,13,2026,4,2,9,5,14,43
8,18,2026,4,2,10,18,7,54
8,21,2026,4,2,11,9,19,44
8,27,2026,4,2,10,8,0,52
8,32,2026,4,2,9,19,10,61
8,38,2026,4,2,8,12,7,66
8,41,2026,4,2,7,5,26,45
8,48,2026,4,2,5,15,20,40
9,0,2026,4,2,5,6,0,46
9,4,2026,4,2,7,3,11,38
9,9,2026,4,2,8,6,5,39
9,13,2026,4,2,9,4,6,37
9,18,2026,4,2,10,6,15,28
9,21,2026,4,2,11,4,12,20
9,27,2026,4,2,10,6,0,26
9,32,2026,4,2,9,6,1,31
9,38,2026,4,2,8,3,2,32
9,41,2026,4,2,7,2,24,10
9,48,2026,4,2,5,5,5,10
10,0,2026,4,2,5,2,0,12
10,4,2026,4,2,7,6,1,17
10,9,2026,4,2,8,2,4,15
10,13,2026,4,2,9,6,6,15
10,18,2026,4,2,10,3,4,14
10,21,2026,4,2,11,6,5,15
10,27,2026,4,2,10,6,1,20
10,32,2026,4,2,9,6,2,24
10,38,2026,4,2,8,3,4,23
10,41,2026,4,2,7,2,8,17
10,48,2026,4,2,5,6,9,14
11,0,2026,4,2,5,2,0,16
11,4,2026,4,2,7,3,2,17
11,9,2026,4,2,8,4,3,18
11,13,2026,4,2,9,2,3,17
11,18,2026,4,2,10,2,6,13
11,21,2026,4,2,11,4,8,9
11,27,2026,4,2,10,4,1,12
11,32,2026,4,2,9,2,1,13
11,38,2026,4,2,8,2,5,10
11,41,2026,4,2,7,3,4,9
11,48,2026,4,2,5,4,4,9
12,0,2026,4,2,5,6,0,15
12,4,2026,4,2,7,5,0,20
12,9,2026,4,2,8,2,6,16
12,13,2026,4,2,9,3,2,17
12,18,2026,4,2,10,6,4,19
12,21,2026,4,2,11,4,10,13
12,27,2026,4,2,10,2,1,14
12,32,2026,4,2,9,3,2,15
12,38,2026,4,2,8,6,0,21
12,41,2026,4,2,7,6,8,19
12,48,2026,4,2,5,3,8,14
13,0,2026,4,2,5,2,0,16
13,4,2026,4,2,7,28,2,42
13,9,2026,4,2,8,2,8,36
13,13,2026,4,2,9,6,6,36
13,18,2026,4,2,10,5,12,29
13,21,2026,4,2,11,4,12,21
13,27,2026,4,2,10,6,1,26
13,32,2026,4,2,9,5,2,29
13,38,2026,4,2,8,6,5,30
13,41,2026,4,2,7,18,7,41
13,48,2026,4,2,5,2,16,27
14,0,2026,4,2,5,4,0,31
14,4,2026,4,2,7,30,0,61
14,9,2026,4,2,8,6,12,55
14,13,2026,4,2,9,3,17,41
14,18,2026,4,2,10,4,11,34
14,21,2026,4,2,11,5,20,19
14,27,2026,4,2,10,2,1,20
14,32,2026,4,2,9,2,1,21
14,38,2026,4,2,8,4,3,22
14,41,2026,4,2,7,20,4,38
14,48,2026,4,2,5,5,18,25
15,0,2026,4,2,5,3,0,28
15,4,2026,4,2,7,8,3,33
15,9,2026,4,2,8,2,6,29
15,13,2026,4,2,9,5,10,24
15,18,2026,4,2,10,2,6,20
15,21,2026,4,2,11,5,14,11
15,27,2026,4,2,10,3,0,14
15,32,2026,4,2,9,6,1,19
15,38,2026,4,2,8,3,6,16
15,41,2026,4,2,7,7,3,20
15,48,2026,4,2,5,3,7,16
16,0,2026,4,2,5,2,0,18
16,4,2026,4,2,7,3,2,19
16,9,2026,4,2,8,6,2,23
16,13,2026,4,2,9,5,6,22
16,18,2026,4,2,10,5,7,20
16,21,2026,4,2,11,6,10,16
16,27,2026,4,2,10,3,2,17
16,32,2026,4,2,9,4,3,18
16,38,2026,4,2,8,3,7,14
16,41,2026,4,2,7,6,9,11
16,48,2026,4,2,5,6,5,12
17,0,2026,4,2,5,2,0,14
17,4,2026,4,2,7,4,5,13
17,9,2026,4,2,8,4,3,14
17,13,2026,4,2,9,5,2,17
17,18,2026,4,2,10,4,5,16
17,21,2026,4,2,11,3,7,12
17,27,2026,4,2,10,3,0,15
17,32,2026,4,2,9,5,3,17
17,38,2026,4,2,8,3,4,16
17,41,2026,4,2,7,2,8,10
17,48,2026,4,2,5,6,5,11
18,0,2026,4,2,5,5,0,16
18,4,2026,4,2,7,6,2,20
18,9,2026,4,2,8,2,2,20
18,13,2026,4,2,9,5,7,18
18,18,2026,4,2,10,4,6,16
18,21,2026,4,2,11,2,9,9
18,27,2026,4,2,10,2,1,10
18,32,2026,4,2,9,2,1,11
18,38,2026,4,2,8,2,1,12
18,41,2026,4,2,7,6,6,12
18,48,2026,4,2,5,5,6,11
19,0,2026,4,2,5,5,0,16
19,4,2026,4,2,7,6,2,20
19,9,2026,4,2,8,4,3,21
19,13,2026,4,2,9,2,7,16
19,18,2026,4,2,10,5,6,15
19,21,2026,4,2,11,6,8,13
19,27,2026,4,2,10,6,2,17
19,32,2026,4,2,9,4,1,20
19,38,2026,4,2,8,6,6,20
19,41,2026,4,2,7,4,7,17
19,48,2026,4,2,5,2,7,12
20,0,2026,4,2,5,3,0,15
20,4,2026,4,2,7,5,1,19
20,9,2026,4,2,8,2,2,19
20,13,2026,4,2,9,2,7,14
20,18,2026,4,2,10,3,7,10
20,21,2026,4,2,11,5,4,11
20,27,2026,4,2,10,4,0,15
20,32,2026,4,2,9,4,3,16
20,38,2026,4,2,8,3,2,17
20,41,2026,4,2,7,3,11,9
20,48,2026,4,2,5,2,3,8
21,0,2026,4,2,5,4,0,12
21,4,2026,4,2,7,3,1,14
21,9,2026,4,2,8,6,2,18
21,13,2026,4,2,9,4,5,17
21,18,2026,4,2,10,5,7,15
21,21,2026,4,2,11,3,4,14
21,27,2026,4,2,10,3,0,17
21,32,2026,4,2,9,5,1,21
21,38,2026,4,2,8,2,6,17
21,41,2026,4,2,7,6,7,16
21,48,2026,4,2,5,4,8,12
22,0,2026,4,2,5,4,0,16
22,4,2026,4,2,7,6,2,20
22,9,2026,4,2,8,2,2,20
22,13,2026,4,2,9,6,7,19
22,18,2026,4,2,10,3,8,14
22,21,2026,4,2,11,6,5,15
22,27,2026,4,2,10,6,2,19
22,32,2026,4,2,9,6,1,24
22,38,2026,4,2,8,4,9,19
22,41,2026,4,2,7,3,5,17
22,48,2026,4,2,5,3,7,13
23,0,2026,4,2,5,5,0,18
23,4,2026,4,2,7,3,2,19
23,9,2026,4,2,8,3,2,20
23,13,2026,4,2,9,5,0,25
23,18,2026,4,2,10,6,9,22
23,21,2026,4,2,11,4,10,16
23,27,2026,4,2,10,6,0,22
23,32,2026,4,2,9,5,4,23
23,38,2026,4,2,8,2,5,20
23,41,2026,4,2,7,4,5,19
23,48,2026,4,2,5,0,19,0
6,0,2026,4,3,5,17,0,17
6,4,2026,4,3,7,4,5,16
6,9,2026,4,3,8,6,4,18
6,13,2026,4,3,9,11,5,24
6,18,2026,4,3,10,16,10,30
6,21,2026,4,3,11,14,6,38
6,27,2026,4,3,10,15,1,52
6,32,2026,4,3,9,7,8,51
6,38,2026,4,3,8,8,17,42
6,41,2026,4,3,7,5,12,35
6,48,2026,4,3,5,12,20,27
7,0,2026,4,3,5,18,0,45
7,4,2026,4,3,7,2,21,26
7,9,2026,4,3,8,6,1,31
7,13,2026,4,3,9,21,3,49
7,18,2026,4,3,10,17,11,55
7,21,2026,4,3,11,15,19,51
7,27,2026,4,3,10,14,2,63
7,32,2026,4,3,9,10,7,66
7,38,2026,4,3,8,18,21,63
7,41,2026,4,3,7,4,29,38
7,48,2026,4,3,5,7,15,30
8,0,2026,4,3,5,18,0,48
8,4,2026,4,3,7,5,19,34
8,9,2026,4,3,8,17,7,44
8,13,2026,4,3,9,6,7,43
8,18,2026,4,3,10,17,8,52
8,21,2026,4,3,11,8,16,44
8,27,2026,4,3,10,18,1,61
8,32,2026,4,3,9,12,7,66
8,38,2026,4,3,8,12,12,66
8,41,2026,4,3,7,3,26,43
8,48,2026,4,3,5,21,20,44
9,0,2026,4,3,5,2,0,46
9,4,2026,4,3,7,5,14,37
9,9,2026,4,3,8,5,4,38
9,13,2026,4,3,9,6,5,39
9,18,2026,4,3,10,6,13,32
9,21,2026,4,3,11,3,16,19
9,27,2026,4,3,10,6,0,25
9,32,2026,4,3,9,3,1,27
9,38,2026,4,3,8,4,1,30
9,41,2026,4,3,7,5,20,15
9,48,2026,4,3,5,2,6,11
10,0,2026,4,3,5,2,0,13
10,4,2026,4,3,7,2,1,14
10,9,2026,4,3,8,5,1,18
10,13,2026,4,3,9,3,1,20
10,18,2026,4,3,10,3,10,13
10,21,2026,4,3,11,6,8,11
10,27,2026,4,3,10,2,0,13
10,32,2026,4,3,9,3,1,15
10,38,2026,4,3,8,6,3,18
10,41,2026,4,3,7,2,10,10
10,48,2026,4,3,5,4,3,11
11,0,2026,4,3,5,2,0,13
11,4,2026,4,3,7,3,1,15
11,9,2026,4,3,8,5,1,19
11,13,2026,4,3,9,4,3,20
11,18,2026,4,3,10,5,9,16
11,21,2026,4,3,11,2,7,11
11,27,2026,4,3,10,6,0,17
11,32,2026,4,3,9,6,2,21
11,38,2026,4,3,8,3,4,20
11,41,2026,4,3,7,6,10,16
11,48,2026,4,3,5,3,5,14
12,0,2026,4,3,5,2,0,16
12,4,2026,4,3,7,5,2,19
12,9,2026,4,3,8,2,2,19
12,13,2026,4,3,9,6,2,23
12,18,2026,4,3,10,4,9,18
12,21,2026,4,3,11,4,7,15
12,27,2026,4,3,10,2,0,17
12,32,2026,4,3,9,2,3,16
12,38,2026,4,3,8,2,3,15
12,41,2026,4,3,7,6,5,16
12,48,2026,4,3,5,5,10,11
13,0,2026,4,3,5,3,0,14
13,4,2026,4,3,7,23,2,35
13,9,2026,4,3,8,5,6,34
13,13,2026,4,3,9,4,7,31
13,18,2026,4,3,10,3,12,22
13,21,2026,4,3,11,2,10,14
13,27,2026,4,3,10,3,1,16
13,32,2026,4,3,9,6,2,20
13,38,2026,4,3,8,3,4,19
13,41,2026,4,3,7,23,4,38
13,48,2026,4,3,5,2,17,23
14,0,2026,4,3,5,5,0,28
14,4,2026,4,3,7,8,0,36
14,9,2026,4,3,8,3,8,31
14,13,2026,4,3,9,3,10,24
14,18,2026,4,3,10,3,9,18
14,21,2026,4,3,11,5,11,12
14,27,2026,4,3,10,4,1,15
14,32,2026,4,3,9,2,2,15
14,38,2026,4,3,8,5,1,19
14,41,2026,4,3,7,18,5,32
14,48,2026,4,3,5,2,10,24
15,0,2026,4,3,5,5,0,29
15,4,2026,4,3,7,27,1,55
15,9,2026,4,3,8,6,13,48
15,13,2026,4,3,9,2,16,34
15,18,2026,4,3,10,6,14,26
15,21,2026,4,3,11,3,14,15
15,27,2026,4,3,10,2,1,16
15,32,2026,4,3,9,6,3,19
15,38,2026,4,3,8,4,4,19
15,41,2026,4,3,7,25,6,38
15,48,2026,4,3,5,2,11,29
16,0,2026,4,3,5,5,0,34
16,4,2026,4,3,7,3,2,35
16,9,2026,4,3,8,6,7,34
16,13,2026,4,3,9,3,12,25
16,18,2026,4,3,10,3,9,19
16,21,2026,4,3,11,2,10,11
16,27,2026,4,3,10,5,1,15
16,32,2026,4,3,9,6,2,19
16,38,2026,4,3,8,5,3,21
16,41,2026,4,3,7,2,6,17
16,48,2026,4,3,5,3,11,9
17,0,2026,4,3,5,3,0,12
17,4,2026,4,3,7,3,1,14
17,9,2026,4,3,8,6,1,19
17,13,2026,4,3,9,3,2,20
17,18,2026,4,3,10,2,4,18
17,21,2026,4,3,11,6,12,12
17,27,2026,4,3,10,4,1,15
17,32,2026,4,3,9,5,2,18
17,38,2026,4,3,8,6,3,21
17,41,2026,4,3,7,3,3,21
17,48,2026,4,3,5,2,11,12
18,0,2026,4,3,5,5,0,17
18,4,2026,4,3,7,2,3,16
18,9,2026,4,3,8,4,0,20
18,13,2026,4,3,9,6,7,19
18,18,2026,4,3,10,2,9,12
18,21,2026,4,3,11,5,5,12
18,27,2026,4,3,10,3,1,14
18,32,2026,4,3,9,3,2,15
18,38,2026,4,3,8,5,5,15
18,41,2026,4,3,7,4,2,17
18,48,2026,4,3,5,5,8,14
19,0,2026,4,3,5,4,0,18
19,4,2026,4,3,7,2,1,19
19,9,2026,4,3,8,4,5,18
19,13,2026,4,3,9,2,3,17
19,18,2026,4,3,10,5,5,17
19,21,2026,4,3,11,2,9,10
19,27,2026,4,3,10,6,1,15
19,32,2026,4,3,9,4,2,17
19,38,2026,4,3,8,5,6,16
19,41,2026,4,3,7,6,6,16
19,48,2026,4,3,5,6,6,16
20,0,2026,4,3,5,3,0,19
20,4,2026,4,3,7,4,2,21
20,9,2026,4,3,8,2,5,18
20,13,2026,4,3,9,4,1,21
20,18,2026,4,3,10,2,10,13
20,21,2026,4,3,11,3,7,9
20,27,2026,4,3,10,3,1,11
20,32,2026,4,3,9,2,0,13
20,38,2026,4,3,8,3,5,11
20,41,2026,4,3,7,5,3,13
20,48,2026,4,3,5,6,8,11
21,0,2026,4,3,5,6,0,17
21,4,2026,4,3,7,6,2,21
21,9,2026,4,3,8,2,7,16
21,13,2026,4,3,9,3,3,16
21,18,2026,4,3,10,3,6,13
21,21,2026,4,3,11,2,7,8
21,27,2026,4,3,10,2,0,10
21,32,2026,4,3,9,4,0,14
21,38,2026,4,3,8,2,2,14
21,41,2026,4,3,7,5,3,16
21,48,2026,4,3,5,2,9,9
22,0,2026,4,3,5,2,0,11
22,4,2026,4,3,7,3,2,12
22,9,2026,4,3,8,5,2,15
22,13,2026,4,3,9,2,3,14
22,18,2026,4,3,10,5,2,17
22,21,2026,4,3,11,4,10,11
22,27,2026,4,3,10,5,0,16
22,32,2026,4,3,9,3,4,15
22,38,2026,4,3,8,2,4,13
22,41,2026,4,3,7,6,5,14
22,48,2026,4,3,5,2,4,12
23,0,2026,4,3,5,2,0,14
23,4,2026,4,3,7,3,0,17
23,9,2026,4,3,8,3,1,19
23,13,2026,4,3,9,6,4,21
23,18,2026,4,3,10,5,5,21
23,21,2026,4,3,11,3,10,14
23,27,2026,4,3,10,3,0,17
23,32,2026,4,3,9,3,0,20
23,38,2026,4,3,8,4,6,18
23,41,2026,4,3,7,6,9,15
23,48,2026,4,3,5,0,15,0
