hour,minute,year,month,day,station,in,out,inside
6,0,2025,12,12,19,2,0,2
6,12,2025,12,12,18,5,1,6
6,26,2025,12,12,16,20,2,24
6,31,2025,12,12,14,10,9,25
6,36,2025,12,12,16,15,3,37
6,46,2025,12,12,18,5,17,25
6,58,2025,12,12,19,3,16,12
7,0,2025,12,12,19,4,0,16
7,12,2025,12,12,18,3,7,12
7,26,2025,12,12,16,12,3,21
7,31,2025,12,12,14,14,7,28
7,36,2025,12,12,16,14,0,42
7,46,2025,12,12,18,3,17,28
7,58,2025,12,12,19,3,24,7
8,0,2025,12,12,19,4,0,11
8,12,2025,12,12,18,1,7,5
8,26,2025,12,12,16,5,0,10
8,31,2025,12,12,14,12,4,18
8,36,2025,12,12,16,13,1,30
8,46,2025,12,12,18,3,16,17
8,58,2025,12,12,19,5,17,5
9,0,2025,12,12,19,3,0,8
9,12,2025,12,12,18,5,6,7
9,26,2025,12,12,16,4,1,10
9,31,2025,12,12,14,3,1,12
9,36,2025,12,12,16,3,0,15
9,46,2025,12,12,18,4,6,13
9,58,2025,12,12,19,4,12,5
10,0,2025,12,12,19,3,0,8
10,12,2025,12,12,18,6,2,12
10,26,2025,12,12,16,3,4,11
10,31,2025,12,12,14,3,7,7
10,36,2025,12,12,16,3,2,8
10,46,2025,12,12,18,3,1,10
10,58,2025,12,12,19,5,7,8
11,0,2025,12,12,19,6,0,14
11,12,2025,12,12,18,2,3,13
11,26,2025,12,12,16,5,5,13
11,31,2025,12,12,14,2,6,9
11,36,2025,12,12,16,4,1,12
11,46,2025,12,12,18,6,3,15
11,58,2025,12,12,19,3,9,9
12,0,2025,12,12,19,4,0,13
12,12,2025,12,12,18,5,1,17
12,26,2025,12,12,16,6,4,19
12,31,2025,12,12,14,6,12,13
12,36,2025,12,12,16,5,4,14
12,46,2025,12,12,18,3,3,14
12,58,2025,12,12,19,6,13,7
13,0,2025,12,12,19,7,0,14
13,12,2025,12,12,18,30,4,40
13,26,2025,12,12,16,3,17,26
13,31,2025,12,12,14,5,21,10
13,36,2025,12,12,16,6,1,15
13,46,2025,12,12,18,17,3,29
13,58,2025,12,12,19,19,14,34
14,0,2025,12,12,19,29,0,63
14,12,2025,12,12,18,12,9,66
14,26,2025,12,12,16,3,26,43
14,31,2025,12,12,14,5,28,20
14,36,2025,12,12,16,5,3,22
14,46,2025,12,12,18,26,3,45
14,58,2025,12,12,19,17,24,38
15,0,2025,12,12,19,22,0,60
15,12,2025,12,12,18,19,13,66
15,26,2025,12,12,16,3,20,49
15,31,2025,12,12,14,5,27,27
15,36,2025,12,12,16,5,3,29
15,46,2025,12,12,18,31,4,56
15,58,2025,12,12,19,12,21,47
16,0,2025,12,12,19,4,0,51
16,12,2025,12,12,18,6,8,49
16,26,2025,12,12,16,3,19,33
16,31,2025,12,12,14,4,26,11
16,36,2025,12,12,16,2,1,12
16,46,2025,12,12,18,5,1,16
16,58,2025,12,12,19,6,10,12
17,0,2025,12,12,19,4,0,16
17,12,2025,12,12,18,4,4,16
17,26,2025,12,12,16,5,9,12
17,31,2025,12,12,14,5,8,9
17,36,2025,12,12,16,3,2,10
17,46,2025,12,12,18,2,2,10
17,58,2025,12,12,19,4,6,8
18,0,2025,12,12,19,3,0,11
18,12,2025,12,12,18,4,0,15
18,26,2025,12,12,16,4,8,11
18,31,2025,12,12,14,6,6,11
18,36,2025,12,12,16,4,1,14
18,46,2025,12,12,18,2,6,10
18,58,2025,12,12,19,3,8,5
19,0,2025,12,12,19,4,0,9
19,12,2025,12,12,18,4,3,10
19,26,2025,12,12,16,4,3,11
19,31,2025,12,12,14,2,5,8
19,36,2025,12,12,16,2,0,10
19,46,2025,12,12,18,4,4,10
19,58,2025,12,12,19,3,7,6
20,0,2025,12,12,19,4,0,10
20,12,2025,12,12,18,3,1,12
20,26,2025,12,12,16,5,5,12
20,31,2025,12,12,14,2,6,8
20,36,2025,12,12,16,6,1,13
20,46,2025,12,12,18,5,6,12
20,58,2025,12,12,19,4,8,8
21,0,2025,12,12,19,3,0,11
21,12,2025,12,12,18,2,1,12
21,26,2025,12,12,16,2,6,8
21,31,2025,12,12,14,2,6,4
21,36,2025,12,12,16,6,0,10
21,46,2025,12,12,18,4,4,10
21,58,2025,12,12,19,5,6,9
22,0,2025,12,12,19,6,0,15
22,12,2025,12,12,18,5,3,17
22,26,2025,12,12,16,2,9,10
22,31,2025,12,12,14,4,6,8
22,36,2025,12,12,16,2,1,9
22,46,2025,12,12,18,6,3,12
22,58,2025,12,12,19,6,8,10
23,0,2025,12,12,19,4,0,14
23,12,2025,12,12,18,2,4,12
23,26,2025,12,12,16,5,7,10
23,31,2025,12,12,14,6,3,13
23,36,2025,12,12,16,6,4,15
23,46,2025,12,12,18,4,7,12
23,58,2025,12,12,19,0,12,0
6,0,2025,12,13,19,4,0,4
6,12,2025,12,13,18,2,1,5
6,26,2025,12,13,16,13,2,16
6,31,2025,12,13,14,15,5,26
6,36,2025,12,13,16,12,5,33
6,46,2025,12,13,18,3,13,23
6,58,2025,12,13,19,2,16,9
7,0,2025,12,13,19,4,0,13
7,12,2025,12,13,18,5,5,13
7,26,2025,12,13,16,20,2,31
7,31,2025,12,13,14,17,7,41
7,36,2025,12,13,16,18,1,58
7,46,2025,12,13,18,5,20,43
7,58,2025,12,13,19,4,20,27
8,0,2025,12,13,19,2,0,29
8,12,2025,12,13,18,4,4,29
8,26,2025,12,13,16,22,5,46
8,31,2025,12,13,14,13,20,39
8,36,2025,12,13,16,6,0,45
8,46,2025,12,13,18,3,23,25
8,58,2025,12,13,19,3,21,7
9,0,2025,12,13,19,3,0,10
9,12,2025,12,13,18,4,6,8
9,26,2025,12,13,16,3,1,10
9,31,2025,12,13,14,6,5,11
9,36,2025,12,13,16,3,1,13
9,46,2025,12,13,18,4,3,14
9,58,2025,12,13,19,1,13,2
10,0,2025,12,13,19,4,0,6
10,12,2025,12,13,18,4,0,10
10,26,2025,12,13,16,6,6,10
10,31,2025,12,13,14,4,5,9
10,36,2025,12,13,16,4,2,11
10,46,2025,12,13,18,4,2,13
10,58,2025,12,13,19,3,6,10
11,0,2025,12,13,19,5,0,15
11,12,2025,12,13,18,5,1,19
11,26,2025,12,13,16,6,7,18
11,31,2025,12,13,14,4,12,10
11,36,2025,12,13,16,3,2,11
11,46,2025,12,13,18,4,2,13
11,58,2025,12,13,19,6,9,10
12,0,2025,12,13,19,3,0,13
12,12,2025,12,13,18,5,1,17
12,26,2025,12,13,16,2,8,11
12,31,2025,12,13,14,5,9,7
12,36,2025,12,13,16,4,1,10
12,46,2025,12,13,18,3,1,12
12,58,2025,12,13,19,4,8,8
13,0,2025,12,13,19,25,0,33
13,12,2025,12,13,18,19,6,46
13,26,2025,12,13,16,6,19,33
13,31,2025,12,13,14,3,21,15
13,36,2025,12,13,16,3,2,16
13,46,2025,12,13,18,7,6,17
13,58,2025,12,13,19,32,10,39
14,0,2025,12,13,19,18,0,57
14,12,2025,12,13,18,17,10,64
14,26,2025,12,13,16,2,23,43
14,31,2025,12,13,14,6,24,25
14,36,2025,12,13,16,6,2,29
14,46,2025,12,13,18,17,3,43
14,58,2025,12,13,19,27,21,49
15,0,2025,12,13,19,17,0,66
15,12,2025,12,13,18,12,17,61
15,26,2025,12,13,16,4,24,41
15,31,2025,12,13,14,6,25,22
15,36,2025,12,13,16,6,3,25
15,46,2025,12,13,18,25,2,48
15,58,2025,12,13,19,8,23,33
16,0,2025,12,13,19,4,0,37
16,12,2025,12,13,18,6,6,37
16,26,2025,12,13,16,3,18,22
16,31,2025,12,13,14,4,18,8
16,36,2025,12,13,16,4,2,10
16,46,2025,12,13,18,4,1,13
16,58,2025,12,13,19,6,7,12
17,0,2025,12,13,19,4,0,16
17,12,2025,12,13,18,4,3,17
17,26,2025,12,13,16,5,7,15
17,31,2025,12,13,14,5,11,9
17,36,2025,12,13,16,6,3,12
17,46,2025,12,13,18,3,2,13
17,58,2025,12,13,19,5,10,8
18,0,2025,12,13,19,5,0,13
18,12,2025,12,13,18,3,5,11
18,26,2025,12,13,16,4,3,12
18,31,2025,12,13,14,6,9,9
18,36,2025,12,13,16,2,2,9
18,46,2025,12,13,18,4,4,9
18,58,2025,12,13,19,2,8,3
19,0,2025,12,13,19,3,0,6
19,12,2025,12,13,18,5,2,9
19,26,2025,12,13,16,2,3,8
19,31,2025,12,13,14,4,5,7
19,36,2025,12,13,16,5,1,11
19,46,2025,12,13,18,4,5,10
19,58,2025,12,13,19,3,6,7
20,0,2025,12,13,19,6,0,13
20,12,2025,12,13,18,6,4,15
20,26,2025,12,13,16,6,5,16
20,31,2025,12,13,14,5,9,12
20,36,2025,12,13,16,3,2,13
20,46,2025,12,13,18,3,5,11
20,58,2025,12,13,19,4,9,6
21,0,2025,12,13,19,6,0,12
21,12,2025,12,13,18,4,4,12
21,26,2025,12,13,16,5,8,9
21,31,2025,12,13,14,5,6,8
21,36,2025,12,13,16,5,3,10
21,46,2025,12,13,18,2,6,6
21,58,2025,12,13,19,6,4,8
22,0,2025,12,13,19,2,0,10
22,12,2025,12,13,18,4,3,11
22,26,2025,12,13,16,6,5,12
22,31,2025,12,13,14,3,8,7
22,36,2025,12,13,16,5,0,12
22,46,2025,12,13,18,4,5,11
22,58,2025,12,13,19,4,6,9
23,0,2025,12,13,19,2,0,11
23,12,2025,12,13,18,5,0,16
23,26,2025,12,13,16,5,6,15
23,31,2025,12,13,14,3,8,10
23,36,2025,12,13,16,6,2,14
23,46,2025,12,13,18,6,5,15
23,58,2025,12,13,19,0,15,0
6,0,2025,12,14,19,4,0,4
6,12,2025,12,14,18,5,1,8
6,26,2025,12,14,16,14,4,18
6,31,2025,12,14,14,5,6,17
6,36,2025,12,14,16,8,3,22
6,46,2025,12,14,18,3,10,15
6,58,2025,12,14,19,4,12,7
7,0,2025,12,14,19,3,0,10
7,12,2025,12,14,18,1,5,6
7,26,2025,12,14,16,8,3,11
7,31,2025,12,14,14,21,3,29
7,36,2025,12,14,16,11,0,40
7,46,2025,12,14,18,4,17,27
7,58,2025,12,14,19,2,23,6
8,0,2025,12,14,19,1,0,7
8,12,2025,12,14,18,5,2,10
8,26,2025,12,14,16,18,3,25
8,31,2025,12,14,14,17,2,40
8,36,2025,12,14,16,19,1,58
8,46,2025,12,14,18,2,32,28
8,58,2025,12,14,19,2,25,5
9,0,2025,12,14,19,1,0,6
9,12,2025,12,14,18,4,3,7
9,26,2025,12,14,16,4,2,9
9,31,2025,12,14,14,3,2,10
9,36,2025,12,14,16,3,2,11
9,46,2025,12,14,18,4,4,11
9,58,2025,12,14,19,3,10,4
10,0,2025,12,14,19,6,0,10
10,12,2025,12,14,18,2,2,10
10,26,2025,12,14,16,2,5,7
10,31,2025,12,14,14,4,5,6
10,36,2025,12,14,16,5,1,10
10,46,2025,12,14,18,4,7,7
10,58,2025,12,14,19,5,2,10
11,0,2025,12,14,19,6,0,16
11,12,2025,12,14,18,2,1,17
11,26,2025,12,14,16,6,5,18
11,31,2025,12,14,14,6,13,11
11,36,2025,12,14,16,6,2,15
11,46,2025,12,14,18,4,6,13
11,58,2025,12,14,19,6,10,9
12,0,2025,12,14,19,3,0,12
12,12,2025,12,14,18,6,4,14
12,26,2025,12,14,16,4,5,13
12,31,2025,12,14,14,5,7,11
12,36,2025,12,14,16,2,5,8
12,46,2025,12,14,18,4,0,12
12,58,2025,12,14,19,2,8,6
13,0,2025,12,14,19,15,0,21
13,12,2025,12,14,18,9,3,27
13,26,2025,12,14,16,5,14,18
13,31,2025,12,14,14,2,13,7
13,36,2025,12,14,16,5,1,11
13,46,2025,12,14,18,7,2,16
13,58,2025,12,14,19,29,8,37
14,0,2025,12,14,19,15,0,52
14,12,2025,12,14,18,26,12,66
14,26,2025,12,14,16,5,36,35
14,31,2025,12,14,14,6,22,19
14,36,2025,12,14,16,2,4,17
14,46,2025,12,14,18,24,2,39
14,58,2025,12,14,19,19,20,38
15,0,2025,12,14,19,27,0,65
15,12,2025,12,14,18,13,14,64
15,26,2025,12,14,16,2,26,40
15,31,2025,12,14,14,3,25,18
15,36,2025,12,14,16,4,2,20
15,46,2025,12,14,18,24,1,43
15,58,2025,12,14,19,29,22,50
16,0,2025,12,14,19,6,0,56
16,12,2025,12,14,18,5,15,46
16,26,2025,12,14,16,3,20,29
16,31,2025,12,14,14,3,21,11
16,36,2025,12,14,16,5,0,16
16,46,2025,12,14,18,3,4,15
16,58,2025,12,14,19,4,9,10
17,0,2025,12,14,19,2,0,12
17,12,2025,12,14,18,4,1,15
17,26,2025,12,14,16,2,4,13
17,31,2025,12,14,14,3,10,6
17,36,2025,12,14,16,6,2,10
17,46,2025,12,14,18,6,2,14
17,58,2025,12,14,19,4,7,11
18,0,2025,12,14,19,5,0,16
18,12,2025,12,14,18,2,4,14
18,26,2025,12,14,16,4,5,13
18,31,2025,12,14,14,3,9,7
18,36,2025,12,14,16,6,1,12
18,46,2025,12,14,18,3,3,12
18,58,2025,12,14,19,3,9,6
19,0,2025,12,14,19,4,0,10
19,12,2025,12,14,18,6,2,14
19,26,2025,12,14,16,4,5,13
19,31,2025,12,14,14,5,9,9
19,36,2025,12,14,16,3,2,10
19,46,2025,12,14,18,2,5,7
19,58,2025,12,14,19,4,7,4
20,0,2025,12,14,19,6,0,10
20,12,2025,12,14,18,4,1,13
20,26,2025,12,14,16,5,11,7
20,31,2025,12,14,14,4,2,9
20,36,2025,12,14,16,5,1,13
20,46,2025,12,14,18,4,4,13
20,58,2025,12,14,19,4,8,9
21,0,2025,12,14,19,3,0,12
21,12,2025,12,14,18,4,3,13
21,26,2025,12,14,16,2,3,12
21,31,2025,12,14,14,6,10,8
21,36,2025,12,14,16,6,1,13
21,46,2025,12,14,18,5,5,13
21,58,2025,12,14,19,4,10,7
22,0,2025,12,14,19,5,0,12
22,12,2025,12,14,18,6,4,14
22,26,2025,12,14,16,4,7,11
22,31,2025,12,14,14,2,3,10
22,36,2025,12,14,16,6,0,16
22,46,2025,12,14,18,5,5,16
22,58,2025,12,14,19,2,9,9
23,0,2025,12,14,19,5,0,14
23,12,2025,12,14,18,3,1,16
23,26,2025,12,14,16,4,5,15
23,31,2025,12,14,14,5,12,8
23,36,2025,12,14,16,4,2,10
23,46,2025,12,14,18,3,3,10
23,58,2025,12,14,19,0,10,0
6,0,2025,12,15,19,2,0,2
6,12,2025,12,15,18,4,1,5
6,26,2025,12,15,16,8,4,9
6,31,2025,12,15,14,20,3,26
6,36,2025,12,15,16,7,5,28
6,46,2025,12,15,18,4,16,16
6,58,2025,12,15,19,4,11,9
7,0,2025,12,15,19,3,0,12
7,12,2025,12,15,18,2,7,7
7,26,2025,12,15,16,22,1,28
7,31,2025,12,15,14,8,4,32
7,36,2025,12,15,16,9,0,41
7,46,2025,12,15,18,1,23,19
7,58,2025,12,15,19,1,19,1
8,0,2025,12,15,19,5,0,6
8,12,2025,12,15,18,5,5,6
8,26,2025,12,15,16,9,1,14
8,31,2025,12,15,14,14,2,26
8,36,2025,12,15,16,18,0,44
8,46,2025,12,15,18,2,23,23
8,58,2025,12,15,19,2,20,5
9,0,2025,12,15,19,1,0,6
9,12,2025,12,15,18,4,3,7
9,26,2025,12,15,16,2,1,8
9,31,2025,12,15,14,6,2,12
9,36,2025,12,15,16,3,1,14
9,46,2025,12,15,18,5,4,15
9,58,2025,12,15,19,4,15,4
10,0,2025,12,15,19,3,0,7
10,12,2025,12,15,18,5,3,9
10,26,2025,12,15,16,2,6,5
10,31,2025,12,15,14,2,3,4
10,36,2025,12,15,16,3,1,6
10,46,2025,12,15,18,6,2,10
10,58,2025,12,15,19,2,5,7
11,0,2025,12,15,19,4,0,11
11,12,2025,12,15,18,6,3,14
11,26,2025,12,15,16,2,3,13
11,31,2025,12,15,14,4,10,7
11,36,2025,12,15,16,3,0,10
11,46,2025,12,15,18,4,5,9
11,58,2025,12,15,19,5,6,8
12,0,2025,12,15,19,4,0,12
12,12,2025,12,15,18,6,4,14
12,26,2025,12,15,16,5,8,11
12,31,2025,12,15,14,4,5,10
12,36,2025,12,15,16,6,2,14
12,46,2025,12,15,18,3,3,14
12,58,2025,12,15,19,6,12,8
13,0,2025,12,15,19,14,0,22
13,12,2025,12,15,18,23,10,35
13,26,2025,12,15,16,6,16,25
13,31,2025,12,15,14,3,13,15
13,36,2025,12,15,16,6,0,21
13,46,2025,12,15,18,30,7,44
13,58,2025,12,15,19,11,17,38
14,0,2025,12,15,19,23,0,61
14,12,2025,12,15,18,17,12,66
14,26,2025,12,15,16,5,29,42
14,31,2025,12,15,14,6,20,28
14,36,2025,12,15,16,5,2,31
14,46,2025,12,15,18,14,8,37
14,58,2025,12,15,19,8,20,25
15,0,2025,12,15,19,9,0,34
15,12,2025,12,15,18,29,7,56
15,26,2025,12,15,16,2,23,35
15,31,2025,12,15,14,3,26,12
15,36,2025,12,15,16,4,2,14
15,46,2025,12,15,18,31,2,43
15,58,2025,12,15,19,12,19,36
16,0,2025,12,15,19,3,0,39
16,12,2025,12,15,18,3,3,39
16,26,2025,12,15,16,5,17,27
16,31,2025,12,15,14,3,20,10
16,36,2025,12,15,16,4,0,14
16,46,2025,12,15,18,5,5,14
16,58,2025,12,15,19,6,9,11
17,0,2025,12,15,19,4,0,15
17,12,2025,12,15,18,4,1,18
17,26,2025,12,15,16,6,8,16
17,31,2025,12,15,14,3,12,7
17,36,2025,12,15,16,2,0,9
17,46,2025,12,15,18,3,2,10
17,58,2025,12,15,19,3,7,6
18,0,2025,12,15,19,3,0,9
18,12,2025,12,15,18,5,1,13
18,26,2025,12,15,16,6,4,15
18,31,2025,12,15,14,3,8,10
18,36,2025,12,15,16,4,0,14
18,46,2025,12,15,18,6,6,14
18,58,2025,12,15,19,2,12,4
19,0,2025,12,15,19,5,0,9
19,12,2025,12,15,18,3,2,10
19,26,2025,12,15,16,2,2,10
19,31,2025,12,15,14,2,7,5
19,36,2025,12,15,16,6,1,10
19,46,2025,12,15,18,4,5,9
19,58,2025,12,15,19,2,3,8
20,0,2025,12,15,19,4,0,12
20,12,2025,12,15,18,3,2,13
20,26,2025,12,15,16,4,5,12
20,31,2025,12,15,14,3,8,7
20,36,2025,12,15,16,5,2,10
20,46,2025,12,15,18,4,4,10
20,58,2025,12,15,19,3,8,5
21,0,2025,12,15,19,5,0,10
21,12,2025,12,15,18,5,2,13
21,26,2025,12,15,16,2,5,10
21,31,2025,12,15,14,2,7,5
21,36,2025,12,15,16,4,1,8
21,46,2025,12,15,18,5,4,9
21,58,2025,12,15,19,3,5,7
22,0,2025,12,15,19,2,0,9
22,12,2025,12,15,18,3,2,10
22,26,2025,12,15,16,2,5,7
22,31,2025,12,15,14,6,5,8
22,36,2025,12,15,16,4,2,10
22,46,2025,12,15,18,6,7,9
22,58,2025,12,15,19,6,3,12
23,0,2025,12,15,19,2,0,14
23,12,2025,12,15,18,6,3,17
23,26,2025,12,15,16,3,5,15
23,31,2025,12,15,14,2,7,10
23,36,2025,12,15,16,4,1,13
23,46,2025,12,15,18,3,7,9
23,58,2025,12,15,19,0,9,0
6,0,2025,12,16,19,6,0,6
6,12,2025,12,16,18,4,2,8
6,26,2025,12,16,16,19,4,23
6,31,2025,12,16,14,17,11,29
6,36,2025,12,16,16,6,8,27
6,46,2025,12,16,18,3,10,20
6,58,2025,12,16,19,2,13,9
7,0,2025,12,16,19,1,0,10
7,12,2025,12,16,18,3,3,10
7,26,2025,12,16,16,14,0,24
7,31,2025,12,16,14,14,7,31
7,36,2025,12,16,16,21,1,51
7,46,2025,12,16,18,5,27,29
7,58,2025,12,16,19,3,24,8
8,0,2025,12,16,19,4,0,12
8,12,2025,12,16,18,4,6,10
8,26,2025,12,16,16,9,6,13
8,31,2025,12,16,14,15,1,27
8,36,2025,12,16,16,6,0,33
8,46,2025,12,16,18,2,16,19
8,58,2025,12,16,19,3,18,4
9,0,2025,12,16,19,4,0,8
9,12,2025,12,16,18,5,5,8
9,26,2025,12,16,16,5,2,11
9,31,2025,12,16,14,3,5,9
9,36,2025,12,16,16,2,0,11
9,46,2025,12,16,18,2,6,7
9,58,2025,12,16,19,1,6,2
10,0,2025,12,16,19,6,0,8
10,12,2025,12,16,18,6,4,10
10,26,2025,12,16,16,4,3,11
10,31,2025,12,16,14,5,6,10
10,36,2025,12,16,16,2,2,10
10,46,2025,12,16,18,6,5,11
10,58,2025,12,16,19,2,4,9
11,0,2025,12,16,19,6,0,15
11,12,2025,12,16,18,5,5,15
11,26,2025,12,16,16,4,8,11
11,31,2025,12,16,14,6,7,10
11,36,2025,12,16,16,4,2,12
11,46,2025,12,16,18,4,3,13
11,58,2025,12,16,19,6,8,11
12,0,2025,12,16,19,3,0,14
12,12,2025,12,16,18,4,3,15
12,26,2025,12,16,16,5,6,14
12,31,2025,12,16,14,3,9,8
12,36,2025,12,16,16,3,0,11
12,46,2025,12,16,18,2,4,9
12,58,2025,12,16,19,4,7,6
13,0,2025,12,16,19,23,0,29
13,12,2025,12,16,18,7,10,26
13,26,2025,12,16,16,5,12,19
13,31,2025,12,16,14,2,14,7
13,36,2025,12,16,16,5,0,12
13,46,2025,12,16,18,28,5,35
13,58,2025,12,16,19,9,11,33
14,0,2025,12,16,19,10,0,43
14,12,2025,12,16,18,26,4,65
14,26,2025,12,16,16,2,20,47
14,31,2025,12,16,14,5,32,20
14,36,2025,12,16,16,2,2,20
14,46,2025,12,16,18,11,4,27
14,58,2025,12,16,19,12,20,19
15,0,2025,12,16,19,19,0,38
15,12,2025,12,16,18,20,11,47
15,26,2025,12,16,16,3,27,23
15,31,2025,12,16,14,5,21,7
15,36,2025,12,16,16,6,4,9
15,46,2025,12,16,18,19,1,27
15,58,2025,12,16,19,19,10,36
16,0,2025,12,16,19,6,0,42
16,12,2025,12,16,18,3,11,34
16,26,2025,12,16,16,3,15,22
16,31,2025,12,16,14,4,20,6
16,36,2025,12,16,16,2,0,8
16,46,2025,12,16,18,2,3,7
16,58,2025,12,16,19,3,6,4
17,0,2025,12,16,19,2,0,6
17,12,2025,12,16,18,6,2,10
17,26,2025,12,16,16,5,3,12
17,31,2025,12,16,14,4,6,10
17,36,2025,12,16,16,3,2,11
17,46,2025,12,16,18,5,3,13
17,58,2025,12,16,19,3,8,8
18,0,2025,12,16,19,3,0,11
18,12,2025,12,16,18,5,3,13
18,26,2025,12,16,16,4,5,12
18,31,2025,12,16,14,4,8,8
18,36,2025,12,16,16,5,2,11
18,46,2025,12,16,18,6,3,14
18,58,2025,12,16,19,5,10,9
19,0,2025,12,16,19,5,0,14
19,12,2025,12,16,18,5,5,14
19,26,2025,12,16,16,3,6,11
19,31,2025,12,16,14,2,5,8
19,36,2025,12,16,16,3,1,10
19,46,2025,12,16,18,4,3,11
19,58,2025,12,16,19,6,9,8
20,0,2025,12,16,19,4,0,12
20,12,2025,12,16,18,4,0,16
20,26,2025,12,16,16,3,10,9
20,31,2025,12,16,14,5,6,8
20,36,2025,12,16,16,6,2,12
20,46,2025,12,16,18,3,4,11
20,58,2025,12,16,19,3,5,9
21,0,2025,12,16,19,6,0,15
21,12,2025,12,16,18,4,2,17
21,26,2025,12,16,16,5,4,18
21,31,2025,12,16,14,4,11,11
21,36,2025,12,16,16,5,2,14
21,46,2025,12,16,18,5,6,13
21,58,2025,12,16,19,2,7,8
22,0,2025,12,16,19,2,0,10
22,12,2025,12,16,18,2,2,10
22,26,2025,12,16,16,6,3,13
22,31,2025,12,16,14,3,8,8
22,36,2025,12,16,16,3,2,9
22,46,2025,12,16,18,2,3,8
22,58,2025,12,16,19,4,5,7
23,0,2025,12,16,19,5,0,12
23,12,2025,12,16,18,4,4,12
23,26,2025,12,16,16,4,3,13
23,31,2025,12,16,14,4,13,4
23,36,2025,12,16,16,5,2,7
23,46,2025,12,16,18,4,4,7
23,58,2025,12,16,19,0,7,0
6,0,2025,12,17,19,6,0,6
6,12,2025,12,17,18,5,0,11
6,26,2025,12,17,16,17,4,24
6,31,2025,12,17,14,18,10,32
6,36,2025,12,17,16,13,8,37
6,46,2025,12,17,18,2,17,22
6,58,2025,12,17,19,5,19,8
7,0,2025,12,17,19,1,0,9
7,12,2025,12,17,18,1,6,4
7,26,2025,12,17,16,17,0,21
7,31,2025,12,17,14,20,4,37
7,36,2025,12,17,16,15,2,50
7,46,2025,12,17,18,1,23,28
7,58,2025,12,17,19,2,27,3
8,0,2025,12,17,19,1,0,4
8,12,2025,12,17,18,3,2,5
8,26,2025,12,17,16,12,0,17
8,31,2025,12,17,14,11,5,23
8,36,2025,12,17,16,10,0,33
8,46,2025,12,17,18,2,15,20
8,58,2025,12,17,19,4,19,5
9,0,2025,12,17,19,2,0,7
9,12,2025,12,17,18,2,4,5
9,26,2025,12,17,16,4,4,5
9,31,2025,12,17,14,2,1,6
9,36,2025,12,17,16,5,0,11
9,46,2025,12,17,18,4,7,8
9,58,2025,12,17,19,4,6,6
10,0,2025,12,17,19,5,0,11
10,12,2025,12,17,18,6,3,14
10,26,2025,12,17,16,3,5,12
10,31,2025,12,17,14,3,9,6
10,36,2025,12,17,16,2,0,8
10,46,2025,12,17,18,5,1,12
10,58,2025,12,17,19,2,7,7
11,0,2025,12,17,19,5,0,12
11,12,2025,12,17,18,3,3,12
11,26,2025,12,17,16,2,5,9
11,31,2025,12,17,14,4,5,8
11,36,2025,12,17,16,5,1,12
11,46,2025,12,17,18,3,3,12
11,58,2025,12,17,19,5,9,8
12,0,2025,12,17,19,6,0,14
12,12,2025,12,17,18,3,3,14
12,26,2025,12,17,16,2,6,10
12,31,2025,12,17,14,6,7,9
12,36,2025,12,17,16,4,2,11
12,46,2025,12,17,18,5,2,14
12,58,2025,12,17,19,2,8,8
13,0,2025,12,17,19,10,0,18
13,12,2025,12,17,18,15,4,29
13,26,2025,12,17,16,5,11,23
13,31,2025,12,17,14,5,17,11
13,36,2025,12,17,16,6,1,16
13,46,2025,12,17,18,19,4,31
13,58,2025,12,17,19,27,14,44
14,0,2025,12,17,19,14,0,58
14,12,2025,12,17,18,20,12,66
14,26,2025,12,17,16,5,23,48
14,31,2025,12,17,14,2,23,27
14,36,2025,12,17,16,5,0,32
14,46,2025,12,17,18,29,9,52
14,58,2025,12,17,19,12,20,44
15,0,2025,12,17,19,17,0,61
15,12,2025,12,17,18,14,9,66
15,26,2025,12,17,16,6,30,42
15,31,2025,12,17,14,4,22,24
15,36,2025,12,17,16,2,2,24
15,46,2025,12,17,18,18,3,39
15,58,2025,12,17,19,13,23,29
16,0,2025,12,17,19,3,0,32
16,12,2025,12,17,18,5,4,33
16,26,2025,12,17,16,6,14,25
16,31,2025,12,17,14,2,17,10
16,36,2025,12,17,16,4,0,14
16,46,2025,12,17,18,3,7,10
16,58,2025,12,17,19,6,7,9
17,0,2025,12,17,19,3,0,12
17,12,2025,12,17,18,5,2,15
17,26,2025,12,17,16,2,7,10
17,31,2025,12,17,14,2,7,5
17,36,2025,12,17,16,5,0,10
17,46,2025,12,17,18,2,5,7
17,58,2025,12,17,19,5,5,7
18,0,2025,12,17,19,5,0,12
18,12,2025,12,17,18,2,7,7
18,26,2025,12,17,16,4,4,7
18,31,2025,12,17,14,4,7,4
18,36,2025,12,17,16,2,2,4
18,46,2025,12,17,18,4,2,6
18,58,2025,12,17,19,5,1,10
19,0,2025,12,17,19,2,0,12
19,12,2025,12,17,18,3,3,12
19,26,2025,12,17,16,2,5,9
19,31,2025,12,17,14,4,8,5
19,36,2025,12,17,16,5,3,7
19,46,2025,12,17,18,6,2,11
19,58,2025,12,17,19,3,6,8
20,0,2025,12,17,19,3,0,11
20,12,2025,12,17,18,2,1,12
20,26,2025,12,17,16,2,1,13
20,31,2025,12,17,14,5,10,8
20,36,2025,12,17,16,4,4,8
20,46,2025,12,17,18,2,3,7
20,58,2025,12,17,19,5,4,8
21,0,2025,12,17,19,6,0,14
21,12,2025,12,17,18,6,1,19
21,26,2025,12,17,16,4,11,12
21,31,2025,12,17,14,3,8,7
21,36,2025,12,17,16,4,1,10
21,46,2025,12,17,18,5,3,12
21,58,2025,12,17,19,2,8,6
22,0,2025,12,17,19,5,0,11
22,12,2025,12,17,18,4,3,12
22,26,2025,12,17,16,5,5,12
22,31,2025,12,17,14,2,8,6
22,36,2025,12,17,16,3,0,9
22,46,2025,12,17,18,5,5,9
22,58,2025,12,17,19,5,5,9
23,0,2025,12,17,19,2,0,11
23,12,2025,12,17,18,4,2,13
23,26,2025,12,17,16,5,5,13
23,31,2025,12,17,14,4,9,8
23,36,2025,12,17,16,3,1,10
23,46,2025,12,17,18,3,6,7
23,58,2025,12,17,19,0,7,0
6,0,2025,12,18,19,2,0,2
6,12,2025,12,18,18,6,0,8
6,26,2025,12,18,16,8,2,14
6,31,2025,12,18,14,8,8,14
6,36,2025,12,18,16,16,2,28
6,46,2025,12,18,18,4,14,18
6,58,2025,12,18,19,4,10,12
7,0,2025,12,18,19,4,0,16
7,12,2025,12,18,18,5,5,16
7,26,2025,12,18,16,19,3,32
7,31,2025,12,18,14,18,9,41
7,36,2025,12,18,16,6,0,47
7,46,2025,12,18,18,4,18,33
7,58,2025,12,18,19,4,29,8
8,0,2025,12,18,19,4,0,12
8,12,2025,12,18,18,2,7,7
8,26,2025,12,18,16,16,2,21
8,31,2025,12,18,14,11,3,29
8,36,2025,12,18,16,19,0,48
8,46,2025,12,18,18,5,23,30
8,58,2025,12,18,19,2,24,8
9,0,2025,12,18,19,5,0,13
9,12,2025,12,18,18,4,3,14
9,26,2025,12,18,16,5,4,15
9,31,2025,12,18,14,4,6,13
9,36,2025,12,18,16,6,0,19
9,46,2025,12,18,18,2,9,12
9,58,2025,12,18,19,1,12,1
10,0,2025,12,18,19,6,0,7
10,12,2025,12,18,18,6,3,10
10,26,2025,12,18,16,3,5,8
10,31,2025,12,18,14,2,4,6
10,36,2025,12,18,16,4,0,10
10,46,2025,12,18,18,2,0,12
10,58,2025,12,18,19,3,7,8
11,0,2025,12,18,19,3,0,11
11,12,2025,12,18,18,4,2,13
11,26,2025,12,18,16,5,5,13
11,31,2025,12,18,14,5,6,12
11,36,2025,12,18,16,6,2,16
11,46,2025,12,18,18,6,8,14
11,58,2025,12,18,19,2,9,7
12,0,2025,12,18,19,5,0,12
12,12,2025,12,18,18,5,1,16
12,26,2025,12,18,16,6,7,15
12,31,2025,12,18,14,6,10,11
12,36,2025,12,18,16,6,3,14
12,46,2025,12,18,18,3,6,11
12,58,2025,12,18,19,2,8,5
13,0,2025,12,18,19,18,0,23
13,12,2025,12,18,18,19,6,36
13,26,2025,12,18,16,2,12,26
13,31,2025,12,18,14,5,22,9
13,36,2025,12,18,16,4,0,13
13,46,2025,12,18,18,21,4,30
13,58,2025,12,18,19,31,10,51
14,0,2025,12,18,19,12,0,63
14,12,2025,12,18,18,13,10,66
14,26,2025,12,18,16,2,28,40
14,31,2025,12,18,14,3,25,18
14,36,2025,12,18,16,4,3,19
14,46,2025,12,18,18,10,0,29
14,58,2025,12,18,19,19,19,29
15,0,2025,12,18,19,21,0,50
15,12,2025,12,18,18,10,11,49
15,26,2025,12,18,16,4,24,29
15,31,2025,12,18,14,3,22,10
15,36,2025,12,18,16,6,2,14
15,46,2025,12,18,18,26,7,33
15,58,2025,12,18,19,17,9,41
16,0,2025,12,18,19,2,0,43
16,12,2025,12,18,18,3,6,40
16,26,2025,12,18,16,2,17,25
16,31,2025,12,18,14,6,22,9
16,36,2025,12,18,16,4,4,9
16,46,2025,12,18,18,6,4,11
16,58,2025,12,18,19,2,6,7
17,0,2025,12,18,19,2,0,9
17,12,2025,12,18,18,2,1,10
17,26,2025,12,18,16,4,2,12
17,31,2025,12,18,14,5,8,9
17,36,2025,12,18,16,5,0,14
17,46,2025,12,18,18,5,5,14
17,58,2025,12,18,19,3,6,11
18,0,2025,12,18,19,2,0,13
18,12,2025,12,18,18,3,3,13
18,26,2025,12,18,16,4,5,12
18,31,2025,12,18,14,6,8,10
18,36,2025,12,18,16,5,3,12
18,46,2025,12,18,18,4,5,11
18,58,2025,12,18,19,5,6,10
19,0,2025,12,18,19,5,0,15
19,12,2025,12,18,18,5,1,19
19,26,2025,12,18,16,4,10,13
19,31,2025,12,18,14,2,8,7
19,36,2025,12,18,16,3,0,10
19,46,2025,12,18,18,6,5,11
19,58,2025,12,18,19,2,6,7
20,0,2025,12,18,19,4,0,11
20,12,2025,12,18,18,2,3,10
20,26,2025,12,18,16,4,4,10
20,31,2025,12,18,14,4,6,8
20,36,2025,12,18,16,2,1,9
20,46,2025,12,18,18,2,3,8
20,58,2025,12,18,19,2,7,3
21,0,2025,12,18,19,6,0,9
21,12,2025,12,18,18,2,1,10
21,26,2025,12,18,16,6,6,10
21,31,2025,12,18,14,3,5,8
21,36,2025,12,18,16,2,0,10
21,46,2025,12,18,18,2,3,9
21,58,2025,12,18,19,6,7,8
22,0,2025,12,18,19,4,0,12
22,12,2025,12,18,18,3,2,13
22,26,2025,12,18,16,5,9,9
22,31,2025,12,18,14,4,6,7
22,36,2025,12,18,16,4,1,10
22,46,2025,12,18,18,2,5,7
22,58,2025,12,18,19,5,5,7
23,0,2025,12,18,19,2,0,9
23,12,2025,12,18,18,6,4,11
23,26,2025,12,18,16,2,5,8
23,31,2025,12,18,14,3,5,6
23,36,2025,12,18,16,6,1,11
23,46,2025,12,18,18,6,5,12
23,58,2025,12,18,19,0,12,0
6,0,2025,12,19,19,6,0,6
6,12,2025,12,19,18,2,2,6
6,26,2025,12,19,16,18,4,20
6,31,2025,12,19,14,14,5,29
6,36,2025,12,19,16,7,5,31
6,46,2025,12,19,18,2,13,20
6,58,2025,12,19,19,5,16,9
7,0,2025,12,19,19,1,0,10
7,12,2025,12,19,18,1,4,7
7,26,2025,12,19,16,19,1,25
7,31,2025,12,19,14,15,5,35
7,36,2025,12,19,16,9,0,44
7,46,2025,12,19,18,3,23,24
7,58,2025,12,19,19,5,20,9
8,0,2025,12,19,19,5,0,14
8,12,2025,12,19,18,5,8,11
8,26,2025,12,19,16,10,3,18
8,31,2025,12,19,14,7,3,22
8,36,2025,12,19,16,11,0,33
8,46,2025,12,19,18,4,15,22
8,58,2025,12,19,19,4,21,5
9,0,2025,12,19,19,2,0,7
9,12,2025,12,19,18,5,6,6
9,26,2025,12,19,16,3,0,9
9,31,2025,12,19,14,3,2,10
9,36,2025,12,19,16,4,0,14
9,46,2025,12,19,18,3,4,13
9,58,2025,12,19,19,4,11,6
10,0,2025,12,19,19,2,0,8
10,12,2025,12,19,18,3,3,8
10,26,2025,12,19,16,2,5,5
10,31,2025,12,19,14,5,3,7
10,36,2025,12,19,16,5,2,10
10,46,2025,12,19,18,6,7,9
10,58,2025,12,19,19,2,5,6
11,0,2025,12,19,19,2,0,8
11,12,2025,12,19,18,6,2,12
11,26,2025,12,19,16,2,5,9
11,31,2025,12,19,14,3,5,7
11,36,2025,12,19,16,4,1,10
11,46,2025,12,19,18,6,2,14
11,58,2025,12,19,19,4,11,7
12,0,2025,12,19,19,6,0,13
12,12,2025,12,19,18,2,4,11
12,26,2025,12,19,16,6,7,10
12,31,2025,12,19,14,5,5,10
12,36,2025,12,19,16,5,1,14
12,46,2025,12,19,18,6,5,15
12,58,2025,12,19,19,5,8,12
13,0,2025,12,19,19,9,0,21
13,12,2025,12,19,18,18,4,35
13,26,2025,12,19,16,3,12,26
13,31,2025,12,19,14,4,20,10
13,36,2025,12,19,16,4,3,11
13,46,2025,12,19,18,19,1,29
13,58,2025,12,19,19,22,8,43
14,0,2025,12,19,19,14,0,57
14,12,2025,12,19,18,7,8,56
14,26,2025,12,19,16,2,23,35
14,31,2025,12,19,14,3,26,12
14,36,2025,12,19,16,5,1,16
14,46,2025,12,19,18,9,3,22
14,58,2025,12,19,19,32,11,43
15,0,2025,12,19,19,15,0,58
15,12,2025,12,19,18,20,12,66
15,26,2025,12,19,16,2,25,43
15,31,2025,12,19,14,6,21,28
15,36,2025,12,19,16,6,3,31
15,46,2025,12,19,18,11,7,35
15,58,2025,12,19,19,23,20,38
16,0,2025,12,19,19,6,0,44
16,12,2025,12,19,18,6,8,42
16,26,2025,12,19,16,4,17,29
16,31,2025,12,19,14,5,21,13
16,36,2025,12,19,16,6,0,19
16,46,2025,12,19,18,6,7,18
16,58,2025,12,19,19,3,12,9
17,0,2025,12,19,19,4,0,13
17,12,2025,12,19,18,5,4,14
17,26,2025,12,19,16,4,7,11
17,31,2025,12,19,14,2,6,7
17,36,2025,12,19,16,3,1,9
17,46,2025,12,19,18,2,4,7
17,58,2025,12,19,19,3,5,5
18,0,2025,12,19,19,4,0,9
18,12,2025,12,19,18,5,4,10
18,26,2025,12,19,16,4,2,12
18,31,2025,12,19,14,5,5,12
18,36,2025,12,19,16,2,0,14
18,46,2025,12,19,18,5,6,13
18,58,2025,12,19,19,3,8,8
19,0,2025,12,19,19,5,0,13
19,12,2025,12,19,18,5,2,16
19,26,2025,12,19,16,3,9,10
19,31,2025,12,19,14,2,6,6
19,36,2025,12,19,16,2,0,8
19,46,2025,12,19,18,3,2,9
19,58,2025,12,19,19,5,5,9
20,0,2025,12,19,19,2,0,11
20,12,2025,12,19,18,2,4,9
20,26,2025,12,19,16,4,5,8
20,31,2025,12,19,14,4,4,8
20,36,2025,12,19,16,4,0,12
20,46,2025,12,19,18,2,7,7
20,58,2025,12,19,19,3,5,5
21,0,2025,12,19,19,4,0,9
21,12,2025,12,19,18,2,4,7
21,26,2025,12,19,16,4,3,8
21,31,2025,12,19,14,3,5,6
21,36,2025,12,19,16,5,1,10
21,46,2025,12,19,18,6,7,9
21,58,2025,12,19,19,3,5,7
22,0,2025,12,19,19,4,0,11
22,12,2025,12,19,18,6,2,15
22,26,2025,12,19,16,5,6,14
22,31,2025,12,19,14,2,9,7
22,36,2025,12,19,16,6,0,13
22,46,2025,12,19,18,5,6,12
22,58,2025,12,19,19,6,7,11
23,0,2025,12,19,19,3,0,14
23,12,2025,12,19,18,6,4,16
23,26,2025,12,19,16,4,7,13
23,31,2025,12,19,14,2,7,8
23,36,2025,12,19,16,6,1,13
23,46,2025,12,19,18,4,1,16
23,58,2025,12,19,19,0,16,0
6,0,2025,12,20,19,3,0,3
6,12,2025,12,20,18,3,1,5
6,26,2025,12,20,16,19,0,24
6,31,2025,12,20,14,15,6,33
6,36,2025,12,20,16,5,4,34
6,46,2025,12,20,18,3,13,24
6,58,2025,12,20,19,6,19,11
7,0,2025,12,20,19,3,0,14
7,12,2025,12,20,18,1,7,8
7,26,2025,12,20,16,14,3,19
7,31,2025,12,20,14,21,5,35
7,36,2025,12,20,16,19,1,53
7,46,2025,12,20,18,2,28,27
7,58,2025,12,20,19,3,22,8
8,0,2025,12,20,19,4,0,12
8,12,2025,12,20,18,1,5,8
8,26,2025,12,20,16,13,3,18
8,31,2025,12,20,14,12,4,26
8,36,2025,12,20,16,5,2,29
8,46,2025,12,20,18,4,13,20
8,58,2025,12,20,19,1,16,5
9,0,2025,12,20,19,5,0,10
9,12,2025,12,20,18,1,5,6
9,26,2025,12,20,16,2,2,6
9,31,2025,12,20,14,4,4,6
9,36,2025,12,20,16,4,0,10
9,46,2025,12,20,18,4,2,12
9,58,2025,12,20,19,1,12,1
10,0,2025,12,20,19,6,0,7
10,12,2025,12,20,18,2,1,8
10,26,2025,12,20,16,3,4,7
10,31,2025,12,20,14,2,3,6
10,36,2025,12,20,16,4,0,10
10,46,2025,12,20,18,5,3,12
10,58,2025,12,20,19,5,9,8
11,0,2025,12,20,19,2,0,10
11,12,2025,12,20,18,2,5,7
11,26,2025,12,20,16,2,3,6
11,31,2025,12,20,14,3,4,5
11,36,2025,12,20,16,3,3,5
11,46,2025,12,20,18,2,1,6
11,58,2025,12,20,19,2,4,4
12,0,2025,12,20,19,2,0,6
12,12,2025,12,20,18,2,1,7
12,26,2025,12,20,16,6,3,10
12,31,2025,12,20,14,6,3,13
12,36,2025,12,20,16,4,4,13
12,46,2025,12,20,18,5,5,13
12,58,2025,12,20,19,3,10,6
13,0,2025,12,20,19,12,0,18
13,12,2025,12,20,18,10,4,24
13,26,2025,12,20,16,3,12,15
13,31,2025,12,20,14,2,10,7
13,36,2025,12,20,16,6,2,11
13,46,2025,12,20,18,20,2,29
13,58,2025,12,20,19,19,14,34
14,0,2025,12,20,19,27,0,61
14,12,2025,12,20,18,14,9,66
14,26,2025,12,20,16,5,23,48
14,31,2025,12,20,14,2,29,21
14,36,2025,12,20,16,6,0,27
14,46,2025,12,20,18,17,5,39
14,58,2025,12,20,19,29,23,45
15,0,2025,12,20,19,21,0,66
15,12,2025,12,20,18,16,16,66
15,26,2025,12,20,16,6,23,49
15,31,2025,12,20,14,3,27,25
15,36,2025,12,20,16,4,3,26
15,46,2025,12,20,18,12,4,34
15,58,2025,12,20,19,27,20,41
16,0,2025,12,20,19,5,0,46
16,12,2025,12,20,18,2,9,39
16,26,2025,12,20,16,6,16,29
16,31,2025,12,20,14,2,21,10
16,36,2025,12,20,16,4,1,13
16,46,2025,12,20,18,4,4,13
16,58,2025,12,20,19,2,9,6
17,0,2025,12,20,19,4,0,10
17,12,2025,12,20,18,4,3,11
17,26,2025,12,20,16,6,5,12
17,31,2025,12,20,14,3,7,8
17,36,2025,12,20,16,3,2,9
17,46,2025,12,20,18,2,2,9
17,58,2025,12,20,19,5,7,7
18,0,2025,12,20,19,2,0,9
18,12,2025,12,20,18,5,1,13
18,26,2025,12,20,16,3,4,12
18,31,2025,12,20,14,5,7,10
18,36,2025,12,20,16,6,1,15
18,46,2025,12,20,18,5,6,14
18,58,2025,12,20,19,6,7,13
19,0,2025,12,20,19,2,0,15
19,12,2025,12,20,18,6,4,17
19,26,2025,12,20,16,5,5,17
19,31,2025,12,20,14,4,13,8
19,36,2025,12,20,16,2,1,9
19,46,2025,12,20,18,5,4,10
19,58,2025,12,20,19,3,5,8
20,0,2025,12,20,19,3,0,11
20,12,2025,12,20,18,4,1,14
20,26,2025,12,20,16,5,6,13
20,31,2025,12,20,14,5,8,10
20,36,2025,12,20,16,5,1,14
20,46,2025,12,20,18,4,5,13
20,58,2025,12,20,19,5,7,11
21,0,2025,12,20,19,6,0,17
21,12,2025,12,20,18,4,2,19
21,26,2025,12,20,16,4,9,14
21,31,2025,12,20,14,6,10,10
21,36,2025,12,20,16,2,2,10
21,46,2025,12,20,18,6,5,11
21,58,2025,12,20,19,4,5,10
22,0,2025,12,20,19,5,0,15
22,12,2025,12,20,18,3,2,16
22,26,2025,12,20,16,5,6,15
22,31,2025,12,20,14,2,12,5
22,36,2025,12,20,16,4,0,9
22,46,2025,12,20,18,5,3,11
22,58,2025,12,20,19,2,5,8
23,0,2025,12,20,19,4,0,12
23,12,2025,12,20,18,4,2,14
23,26,2025,12,20,16,4,7,11
23,31,2025,12,20,14,3,7,7
23,36,2025,12,20,16,6,1,12
23,46,2025,12,20,18,5,2,15
23,58,2025,12,20,19,0,15,0
6,0,2025,12,21,19,2,0,2
6,12,2025,12,21,18,2,0,4
6,26,2025,12,21,16,13,2,15
6,31,2025,12,21,14,5,6,14
6,36,2025,12,21,16,16,1,29
6,46,2025,12,21,18,3,11,21
6,58,2025,12,21,19,3,15,9
7,0,2025,12,21,19,4,0,13
7,12,2025,12,21,18,3,6,10
7,26,2025,12,21,16,18,2,26
7,31,2025,12,21,14,21,6,41
7,36,2025,12,21,16,14,2,53
7,46,2025,12,21,18,1,31,23
7,58,2025,12,21,19,1,20,4
8,0,2025,12,21,19,3,0,7
8,12,2025,12,21,18,1,3,5
8,26,2025,12,21,16,9,2,12
8,31,2025,12,21,14,10,2,20
8,36,2025,12,21,16,15,1,34
8,46,2025,12,21,18,1,19,16
8,58,2025,12,21,19,1,15,2
9,0,2025,12,21,19,2,0,4
9,12,2025,12,21,18,2,3,3
9,26,2025,12,21,16,3,0,6
9,31,2025,12,21,14,5,2,9
9,36,2025,12,21,16,2,0,11
9,46,2025,12,21,18,3,4,10
9,58,2025,12,21,19,5,10,5
10,0,2025,12,21,19,4,0,9
10,12,2025,12,21,18,5,4,10
10,26,2025,12,21,16,5,3,12
10,31,2025,12,21,14,2,7,7
10,36,2025,12,21,16,3,0,10
10,46,2025,12,21,18,2,6,6
10,58,2025,12,21,19,6,5,7
11,0,2025,12,21,19,2,0,9
11,12,2025,12,21,18,3,3,9
11,26,2025,12,21,16,2,2,9
11,31,2025,12,21,14,4,6,7
11,36,2025,12,21,16,2,2,7
11,46,2025,12,21,18,5,4,8
11,58,2025,12,21,19,5,4,9
12,0,2025,12,21,19,4,0,13
12,12,2025,12,21,18,6,5,14
12,26,2025,12,21,16,2,4,12
12,31,2025,12,21,14,4,10,6
12,36,2025,12,21,16,4,1,9
12,46,2025,12,21,18,2,3,8
12,58,2025,12,21,19,4,3,9
13,0,2025,12,21,19,32,0,41
13,12,2025,12,21,18,9,10,40
13,26,2025,12,21,16,6,14,32
13,31,2025,12,21,14,4,21,15
13,36,2025,12,21,16,3,1,17
13,46,2025,12,21,18,17,7,27
13,58,2025,12,21,19,10,16,21
14,0,2025,12,21,19,32,0,53
14,12,2025,12,21,18,24,11,66
14,26,2025,12,21,16,6,32,40
14,31,2025,12,21,14,3,23,20
14,36,2025,12,21,16,5,0,25
14,46,2025,12,21,18,31,7,49
14,58,2025,12,21,19,14,22,41
15,0,2025,12,21,19,18,0,59
15,12,2025,12,21,18,11,11,59
15,26,2025,12,21,16,5,24,40
15,31,2025,12,21,14,5,24,21
15,36,2025,12,21,16,5,5,21
15,46,2025,12,21,18,26,5,42
15,58,2025,12,21,19,14,19,37
16,0,2025,12,21,19,2,0,39
16,12,2025,12,21,18,5,6,38
16,26,2025,12,21,16,6,15,29
16,31,2025,12,21,14,5,21,13
16,36,2025,12,21,16,6,0,19
16,46,2025,12,21,18,6,6,19
16,58,2025,12,21,19,6,14,11
17,0,2025,12,21,19,2,0,13
17,12,2025,12,21,18,2,2,13
17,26,2025,12,21,16,2,8,7
17,31,2025,12,21,14,3,4,6
17,36,2025,12,21,16,4,0,10
17,46,2025,12,21,18,6,3,13
17,58,2025,12,21,19,4,8,9
18,0,2025,12,21,19,5,0,14
18,12,2025,12,21,18,6,1,19
18,26,2025,12,21,16,6,7,18
18,31,2025,12,21,14,6,11,13
18,36,2025,12,21,16,4,2,15
18,46,2025,12,21,18,2,2,15
18,58,2025,12,21,19,6,13,8
19,0,2025,12,21,19,3,0,11
19,12,2025,12,21,18,3,4,10
19,26,2025,12,21,16,3,4,9
19,31,2025,12,21,14,4,6,7
19,36,2025,12,21,16,3,2,8
19,46,2025,12,21,18,2,2,8
19,58,2025,12,21,19,4,5,7
20,0,2025,12,21,19,4,0,11
20,12,2025,12,21,18,5,2,14
20,26,2025,12,21,16,4,5,13
20,31,2025,12,21,14,3,6,10
20,36,2025,12,21,16,3,0,13
20,46,2025,12,21,18,6,4,15
20,58,2025,12,21,19,4,8,11
21,0,2025,12,21,19,6,0,17
21,12,2025,12,21,18,5,3,19
21,26,2025,12,21,16,5,4,20
21,31,2025,12,21,14,2,15,7
21,36,2025,12,21,16,2,1,8
21,46,2025,12,21,18,2,3,7
21,58,2025,12,21,19,6,7,6
22,0,2025,12,21,19,5,0,11
22,12,2025,12,21,18,3,5,9
22,26,2025,12,21,16,4,4,9
22,31,2025,12,21,14,6,4,11
22,36,2025,12,21,16,2,5,8
22,46,2025,12,21,18,2,5,5
22,58,2025,12,21,19,5,5,5
23,0,2025,12,21,19,6,0,11
23,12,2025,12,21,18,5,5,11
23,26,2025,12,21,16,4,4,11
23,31,2025,12,21,14,6,5,12
23,36,2025,12,21,16,5,2,15
23,46,2025,12,21,18,2,7,10
23,58,2025,12,21,19,0,10,0
6,0,2025,12,22,19,6,0,6
6,12,2025,12,22,18,2,0,8
6,26,2025,12,22,16,19,2,25
6,31,2025,12,22,14,9,14,20
6,36,2025,12,22,16,20,6,34
6,46,2025,12,22,18,4,19,19
6,58,2025,12,22,19,4,12,11
7,0,2025,12,22,19,1,0,12
7,12,2025,12,22,18,4,4,12
7,26,2025,12,22,16,10,1,21
7,31,2025,12,22,14,10,8,23
7,36,2025,12,22,16,12,0,35
7,46,2025,12,22,18,1,14,22
7,58,2025,12,22,19,1,21,2
8,0,2025,12,22,19,5,0,7
8,12,2025,12,22,18,3,4,6
8,26,2025,12,22,16,14,2,18
8,31,2025,12,22,14,17,2,33
8,36,2025,12,22,16,12,1,44
8,46,2025,12,22,18,3,21,26
8,58,2025,12,22,19,1,21,6
9,0,2025,12,22,19,3,0,9
9,12,2025,12,22,18,1,4,6
9,26,2025,12,22,16,2,1,7
9,31,2025,12,22,14,2,4,5
9,36,2025,12,22,16,2,0,7
9,46,2025,12,22,18,3,5,5
9,58,2025,12,22,19,5,5,5
10,0,2025,12,22,19,3,0,8
10,12,2025,12,22,18,2,3,7
10,26,2025,12,22,16,6,5,8
10,31,2025,12,22,14,3,3,8
10,36,2025,12,22,16,2,1,9
10,46,2025,12,22,18,4,2,11
10,58,2025,12,22,19,4,7,8
11,0,2025,12,22,19,3,0,11
11,12,2025,12,22,18,2,4,9
11,26,2025,12,22,16,4,2,11
11,31,2025,12,22,14,4,6,9
11,36,2025,12,22,16,3,0,12
11,46,2025,12,22,18,3,5,10
11,58,2025,12,22,19,3,10,3
12,0,2025,12,22,19,3,0,6
12,12,2025,12,22,18,5,2,9
12,26,2025,12,22,16,6,7,8
12,31,2025,12,22,14,3,3,8
12,36,2025,12,22,16,3,1,10
12,46,2025,12,22,18,4,2,12
12,58,2025,12,22,19,4,12,4
13,0,2025,12,22,19,10,0,14
13,12,2025,12,22,18,31,3,42
13,26,2025,12,22,16,4,19,27
13,31,2025,12,22,14,5,14,18
13,36,2025,12,22,16,6,2,22
13,46,2025,12,22,18,16,6,32
13,58,2025,12,22,19,21,20,33
14,0,2025,12,22,19,16,0,49
14,12,2025,12,22,18,22,8,63
14,26,2025,12,22,16,2,23,42
14,31,2025,12,22,14,3,36,9
14,36,2025,12,22,16,5,1,13
14,46,2025,12,22,18,14,4,23
14,58,2025,12,22,19,26,12,37
15,0,2025,12,22,19,11,0,48
15,12,2025,12,22,18,19,9,58
15,26,2025,12,22,16,2,28,32
15,31,2025,12,22,14,5,20,17
15,36,2025,12,22,16,6,2,21
15,46,2025,12,22,18,23,5,39
15,58,2025,12,22,19,22,16,45
16,0,2025,12,22,19,3,0,48
16,12,2025,12,22,18,3,6,45
16,26,2025,12,22,16,3,17,31
16,31,2025,12,22,14,3,26,8
16,36,2025,12,22,16,3,1,10
16,46,2025,12,22,18,4,4,10
16,58,2025,12,22,19,2,3,9
17,0,2025,12,22,19,4,0,13
17,12,2025,12,22,18,3,1,15
17,26,2025,12,22,16,6,7,14
17,31,2025,12,22,14,3,12,5
17,36,2025,12,22,16,2,2,5
17,46,2025,12,22,18,5,0,10
17,58,2025,12,22,19,4,4,10
18,0,2025,12,22,19,3,0,13
18,12,2025,12,22,18,4,1,16
18,26,2025,12,22,16,6,6,16
18,31,2025,12,22,14,5,10,11
18,36,2025,12,22,16,3,1,13
18,46,2025,12,22,18,3,10,6
18,58,2025,12,22,19,4,3,7
19,0,2025,12,22,19,2,0,9
19,12,2025,12,22,18,6,1,14
19,26,2025,12,22,16,6,4,16
19,31,2025,12,22,14,6,10,12
19,36,2025,12,22,16,5,4,13
19,46,2025,12,22,18,6,4,15
19,58,2025,12,22,19,3,8,10
20,0,2025,12,22,19,4,0,14
20,12,2025,12,22,18,6,1,19
20,26,2025,12,22,16,2,5,16
20,31,2025,12,22,14,2,10,8
20,36,2025,12,22,16,4,1,11
20,46,2025,12,22,18,5,2,14
20,58,2025,12,22,19,2,7,9
21,0,2025,12,22,19,2,0,11
21,12,2025,12,22,18,6,2,15
21,26,2025,12,22,16,4,6,13
21,31,2025,12,22,14,5,9,9
21,36,2025,12,22,16,6,4,11
21,46,2025,12,22,18,3,5,9
21,58,2025,12,22,19,5,5,9
22,0,2025,12,22,19,5,0,14
22,12,2025,12,22,18,3,1,16
22,26,2025,12,22,16,5,9,12
22,31,2025,12,22,14,6,8,10
22,36,2025,12,22,16,3,1,12
22,46,2025,12,22,18,2,6,8
22,58,2025,12,22,19,6,6,8
23,0,2025,12,22,19,6,0,14
23,12,2025,12,22,18,2,5,11
23,26,2025,12,22,16,4,6,9
23,31,2025,12,22,14,3,4,8
23,36,2025,12,22,16,2,2,8
23,46,2025,12,22,18,3,1,10
23,58,2025,12,22,19,0,10,0
6,0,2025,12,23,19,2,0,2
6,12,2025,12,23,18,5,0,7
6,26,2025,12,23,16,6,4,9
6,31,2025,12,23,14,20,6,23
6,36,2025,12,23,16,7,5,25
6,46,2025,12,23,18,5,10,20
6,58,2025,12,23,19,3,14,9
7,0,2025,12,23,19,4,0,13
7,12,2025,12,23,18,2,5,10
7,26,2025,12,23,16,8,4,14
7,31,2025,12,23,14,5,4,15
7,36,2025,12,23,16,13,0,28
7,46,2025,12,23,18,3,14,17
7,58,2025,12,23,19,3,14,6
8,0,2025,12,23,19,5,0,11
8,12,2025,12,23,18,3,8,6
8,26,2025,12,23,16,8,1,13
8,31,2025,12,23,14,18,2,29
8,36,2025,12,23,16,21,0,50
8,46,2025,12,23,18,1,21,30
8,58,2025,12,23,19,4,28,6
9,0,2025,12,23,19,5,0,11
9,12,2025,12,23,18,4,7,8
9,26,2025,12,23,16,2,2,8
9,31,2025,12,23,14,5,3,10
9,36,2025,12,23,16,3,0,13
9,46,2025,12,23,18,3,2,14
9,58,2025,12,23,19,1,14,1
10,0,2025,12,23,19,3,0,4
10,12,2025,12,23,18,4,1,7
10,26,2025,12,23,16,6,4,9
10,31,2025,12,23,14,5,3,11
10,36,2025,12,23,16,5,1,15
10,46,2025,12,23,18,5,6,14
10,58,2025,12,23,19,2,9,7
11,0,2025,12,23,19,5,0,12
11,12,2025,12,23,18,2,1,13
11,26,2025,12,23,16,6,4,15
11,31,2025,12,23,14,4,12,7
11,36,2025,12,23,16,4,4,7
11,46,2025,12,23,18,4,3,8
11,58,2025,12,23,19,2,4,6
12,0,2025,12,23,19,3,0,9
12,12,2025,12,23,18,2,2,9
12,26,2025,12,23,16,6,3,12
12,31,2025,12,23,14,5,7,10
12,36,2025,12,23,16,3,0,13
12,46,2025,12,23,18,2,9,6
12,58,2025,12,23,19,2,5,3
13,0,2025,12,23,19,19,0,22
13,12,2025,12,23,18,19,5,36
13,26,2025,12,23,16,6,20,22
13,31,2025,12,23,14,3,18,7
13,36,2025,12,23,16,2,1,8
13,46,2025,12,23,18,27,4,31
13,58,2025,12,23,19,23,14,40
14,0,2025,12,23,19,8,0,48
14,12,2025,12,23,18,19,7,60
14,26,2025,12,23,16,5,20,45
14,31,2025,12,23,14,4,21,28
14,36,2025,12,23,16,2,2,28
14,46,2025,12,23,18,8,3,33
14,58,2025,12,23,19,32,23,42
15,0,2025,12,23,19,16,0,58
15,12,2025,12,23,18,16,8,66
15,26,2025,12,23,16,2,28,40
15,31,2025,12,23,14,6,31,15
15,36,2025,12,23,16,2,3,14
15,46,2025,12,23,18,13,3,24
15,58,2025,12,23,19,23,13,34
16,0,2025,12,23,19,6,0,40
16,12,2025,12,23,18,3,13,30
16,26,2025,12,23,16,2,13,19
16,31,2025,12,23,14,5,18,6
16,36,2025,12,23,16,6,1,11
16,46,2025,12,23,18,3,7,7
16,58,2025,12,23,19,3,6,4
17,0,2025,12,23,19,5,0,9
17,12,2025,12,23,18,4,2,11
17,26,2025,12,23,16,6,7,10
17,31,2025,12,23,14,3,4,9
17,36,2025,12,23,16,3,3,9
17,46,2025,12,23,18,3,3,9
17,58,2025,12,23,19,3,6,6
18,0,2025,12,23,19,2,0,8
18,12,2025,12,23,18,3,2,9
18,26,2025,12,23,16,3,6,6
18,31,2025,12,23,14,3,3,6
18,36,2025,12,23,16,2,0,8
18,46,2025,12,23,18,4,2,10
18,58,2025,12,23,19,4,5,9
19,0,2025,12,23,19,4,0,13
19,12,2025,12,23,18,6,3,16
19,26,2025,12,23,16,2,7,11
19,31,2025,12,23,14,3,7,7
19,36,2025,12,23,16,6,1,12
19,46,2025,12,23,18,2,6,8
19,58,2025,12,23,19,6,5,9
20,0,2025,12,23,19,3,0,12
20,12,2025,12,23,18,5,5,12
20,26,2025,12,23,16,3,2,13
20,31,2025,12,23,14,4,10,7
20,36,2025,12,23,16,3,1,9
20,46,2025,12,23,18,2,1,10
20,58,2025,12,23,19,2,7,5
21,0,2025,12,23,19,4,0,9
21,12,2025,12,23,18,2,4,7
21,26,2025,12,23,16,6,3,10
21,31,2025,12,23,14,3,7,6
21,36,2025,12,23,16,3,1,8
21,46,2025,12,23,18,4,4,8
21,58,2025,12,23,19,5,3,10
22,0,2025,12,23,19,6,0,16
22,12,2025,12,23,18,3,1,18
22,26,2025,12,23,16,3,8,13
22,31,2025,12,23,14,4,11,6
22,36,2025,12,23,16,4,2,8
22,46,2025,12,23,18,4,4,8
22,58,2025,12,23,19,3,3,8
23,0,2025,12,23,19,6,0,14
23,12,2025,12,23,18,4,2,16
23,26,2025,12,23,16,6,9,13
23,31,2025,12,23,14,2,10,5
23,36,2025,12,23,16,5,0,10
23,46,2025,12,23,18,6,5,11
23,58,2025,12,23,19,0,11,0
6,0,2025,12,24,19,4,0,4
6,12,2025,12,24,18,5,0,9
6,26,2025,12,24,16,21,7,23
6,31,2025,12,24,14,18,9,32
6,36,2025,12,24,16,12,8,36
6,46,2025,12,24,18,5,13,28
6,58,2025,12,24,19,2,16,14
7,0,2025,12,24,19,1,0,15
7,12,2025,12,24,18,3,1,17
7,26,2025,12,24,16,22,3,36
7,31,2025,12,24,14,14,14,36
7,36,2025,12,24,16,11,0,47
7,46,2025,12,24,18,2,27,22
7,58,2025,12,24,19,3,20,5
8,0,2025,12,24,19,3,0,8
8,12,2025,12,24,18,1,6,3
8,26,2025,12,24,16,14,1,16
8,31,2025,12,24,14,10,1,25
8,36,2025,12,24,16,19,0,44
8,46,2025,12,24,18,4,27,21
8,58,2025,12,24,19,1,20,2
9,0,2025,12,24,19,3,0,5
9,12,2025,12,24,18,2,2,5
9,26,2025,12,24,16,3,2,6
9,31,2025,12,24,14,2,3,5
9,36,2025,12,24,16,6,0,11
9,46,2025,12,24,18,2,6,7
9,58,2025,12,24,19,5,5,7
10,0,2025,12,24,19,5,0,12
10,12,2025,12,24,18,4,4,12
10,26,2025,12,24,16,3,6,9
10,31,2025,12,24,14,3,8,4
10,36,2025,12,24,16,3,1,6
10,46,2025,12,24,18,4,4,6
10,58,2025,12,24,19,2,2,6
11,0,2025,12,24,19,2,0,8
11,12,2025,12,24,18,4,2,10
11,26,2025,12,24,16,3,7,6
11,31,2025,12,24,14,6,3,9
11,36,2025,12,24,16,3,3,9
11,46,2025,12,24,18,4,3,10
11,58,2025,12,24,19,5,6,9
12,0,2025,12,24,19,4,0,13
12,12,2025,12,24,18,2,2,13
12,26,2025,12,24,16,5,6,12
12,31,2025,12,24,14,2,7,7
12,36,2025,12,24,16,6,0,13
12,46,2025,12,24,18,5,6,12
12,58,2025,12,24,19,4,9,7
13,0,2025,12,24,19,24,0,31
13,12,2025,12,24,18,18,6,43
13,26,2025,12,24,16,3,18,28
13,31,2025,12,24,14,4,21,11
13,36,2025,12,24,16,4,2,13
13,46,2025,12,24,18,27,4,36
13,58,2025,12,24,19,23,12,47
14,0,2025,12,24,19,19,0,66
14,12,2025,12,24,18,11,11,66
14,26,2025,12,24,16,3,31,38
14,31,2025,12,24,14,6,24,20
14,36,2025,12,24,16,2,5,17
14,46,2025,12,24,18,7,3,21
14,58,2025,12,24,19,26,14,33
15,0,2025,12,24,19,28,0,61
15,12,2025,12,24,18,18,13,66
15,26,2025,12,24,16,2,27,41
15,31,2025,12,24,14,2,21,22
15,36,2025,12,24,16,2,1,23
15,46,2025,12,24,18,16,2,37
15,58,2025,12,24,19,13,20,30
16,0,2025,12,24,19,6,0,36
16,12,2025,12,24,18,5,3,38
16,26,2025,12,24,16,6,18,26
16,31,2025,12,24,14,4,20,10
16,36,2025,12,24,16,5,1,14
16,46,2025,12,24,18,6,3,17
16,58,2025,12,24,19,5,9,13
17,0,2025,12,24,19,4,0,17
17,12,2025,12,24,18,2,4,15
17,26,2025,12,24,16,4,5,14
17,31,2025,12,24,14,2,11,5
17,36,2025,12,24,16,4,1,8
17,46,2025,12,24,18,5,2,11
17,58,2025,12,24,19,3,5,9
18,0,2025,12,24,19,5,0,14
18,12,2025,12,24,18,4,2,16
18,26,2025,12,24,16,5,5,16
18,31,2025,12,24,14,5,10,11
18,36,2025,12,24,16,6,2,15
18,46,2025,12,24,18,5,8,12
18,58,2025,12,24,19,5,8,9
19,0,2025,12,24,19,2,0,11
19,12,2025,12,24,18,3,1,13
19,26,2025,12,24,16,4,4,13
19,31,2025,12,24,14,5,8,10
19,36,2025,12,24,16,2,3,9
19,46,2025,12,24,18,5,5,9
19,58,2025,12,24,19,5,6,8
20,0,2025,12,24,19,3,0,11
20,12,2025,12,24,18,4,3,12
20,26,2025,12,24,16,4,3,13
20,31,2025,12,24,14,2,7,8
20,36,2025,12,24,16,6,0,14
20,46,2025,12,24,18,2,3,13
20,58,2025,12,24,19,5,10,8
21,0,2025,12,24,19,5,0,13
21,12,2025,12,24,18,3,4,12
21,26,2025,12,24,16,2,7,7
21,31,2025,12,24,14,6,4,9
21,36,2025,12,24,16,3,2,10
21,46,2025,12,24,18,5,3,12
21,58,2025,12,24,19,5,10,7
22,0,2025,12,24,19,6,0,13
22,12,2025,12,24,18,3,2,14
22,26,2025,12,24,16,5,5,14
22,31,2025,12,24,14,5,11,8
22,36,2025,12,24,16,6,1,13
22,46,2025,12,24,18,4,4,13
22,58,2025,12,24,19,4,7,10
23,0,2025,12,24,19,4,0,14
23,12,2025,12,24,18,6,3,17
23,26,2025,12,24,16,4,7,14
23,31,2025,12,24,14,4,10,8
23,36,2025,12,24,16,3,1,10
23,46,2025,12,24,18,4,5,9
23,58,2025,12,24,19,0,9,0
6,0,2025,12,25,19,3,0,3
6,12,2025,12,25,18,4,2,5
6,26,2025,12,25,16,19,1,23
6,31,2025,12,25,14,7,6,24
6,36,2025,12,25,16,16,0,40
6,46,2025,12,25,18,5,17,28
6,58,2025,12,25,19,6,20,14
7,0,2025,12,25,19,1,0,15
7,12,2025,12,25,18,3,5,13
7,26,2025,12,25,16,11,3,21
7,31,2025,12,25,14,20,8,33
7,36,2025,12,25,16,13,3,43
7,46,2025,12,25,18,3,20,26
7,58,2025,12,25,19,5,22,9
8,0,2025,12,25,19,2,0,11
8,12,2025,12,25,18,4,5,10
8,26,2025,12,25,16,21,3,28
8,31,2025,12,25,14,14,6,36
8,36,2025,12,25,16,7,0,43
8,46,2025,12,25,18,3,21,25
8,58,2025,12,25,19,4,22,7
9,0,2025,12,25,19,5,0,12
9,12,2025,12,25,18,5,7,10
9,26,2025,12,25,16,4,1,13
9,31,2025,12,25,14,3,5,11
9,36,2025,12,25,16,2,0,13
9,46,2025,12,25,18,2,5,10
9,58,2025,12,25,19,2,9,3
10,0,2025,12,25,19,2,0,5
10,12,2025,12,25,18,4,1,8
10,26,2025,12,25,16,6,5,9
10,31,2025,12,25,14,5,2,12
10,36,2025,12,25,16,6,1,17
10,46,2025,12,25,18,6,5,18
10,58,2025,12,25,19,4,9,13
11,0,2025,12,25,19,4,0,17
11,12,2025,12,25,18,5,2,20
11,26,2025,12,25,16,2,4,18
11,31,2025,12,25,14,4,15,7
11,36,2025,12,25,16,2,2,7
11,46,2025,12,25,18,4,2,9
11,58,2025,12,25,19,4,5,8
12,0,2025,12,25,19,2,0,10
12,12,2025,12,25,18,3,3,10
12,26,2025,12,25,16,5,5,10
12,31,2025,12,25,14,3,8,5
12,36,2025,12,25,16,4,2,7
12,46,2025,12,25,18,4,2,9
12,58,2025,12,25,19,4,3,10
13,0,2025,12,25,19,10,0,20
13,12,2025,12,25,18,23,3,40
13,26,2025,12,25,16,5,19,26
13,31,2025,12,25,14,5,17,14
13,36,2025,12,25,16,3,3,14
13,46,2025,12,25,18,24,1,37
13,58,2025,12,25,19,27,21,43
14,0,2025,12,25,19,14,0,57
14,12,2025,12,25,18,9,16,50
14,26,2025,12,25,16,4,21,33
14,31,2025,12,25,14,6,20,19
14,36,2025,12,25,16,6,3,22
14,46,2025,12,25,18,27,5,44
14,58,2025,12,25,19,24,20,48
15,0,2025,12,25,19,8,0,56
15,12,2025,12,25,18,20,10,66
15,26,2025,12,25,16,2,25,43
15,31,2025,12,25,14,2,21,24
15,36,2025,12,25,16,3,0,27
15,46,2025,12,25,18,17,5,39
15,58,2025,12,25,19,22,20,41
16,0,2025,12,25,19,4,0,45
16,12,2025,12,25,18,4,8,41
16,26,2025,12,25,16,5,19,27
16,31,2025,12,25,14,4,20,11
16,36,2025,12,25,16,4,1,14
16,46,2025,12,25,18,2,3,13
16,58,2025,12,25,19,4,11,6
17,0,2025,12,25,19,3,0,9
17,12,2025,12,25,18,2,3,8
17,26,2025,12,25,16,3,2,9
17,31,2025,12,25,14,6,6,9
17,36,2025,12,25,16,2,0,11
17,46,2025,12,25,18,4,3,12
17,58,2025,12,25,19,6,11,7
18,0,2025,12,25,19,3,0,10
18,12,2025,12,25,18,3,2,11
18,26,2025,12,25,16,2,4,9
18,31,2025,12,25,14,6,6,9
18,36,2025,12,25,16,4,3,10
18,46,2025,12,25,18,5,3,12
18,58,2025,12,25,19,6,7,11
19,0,2025,12,25,19,6,0,17
19,12,2025,12,25,18,5,4,18
19,26,2025,12,25,16,3,8,13
19,31,2025,12,25,14,3,9,7
19,36,2025,12,25,16,6,2,11
19,46,2025,12,25,18,4,3,12
19,58,2025,12,25,19,5,6,11
20,0,2025,12,25,19,3,0,14
20,12,2025,12,25,18,5,1,18
20,26,2025,12,25,16,3,7,14
20,31,2025,12,25,14,6,10,10
20,36,2025,12,25,16,6,3,13
20,46,2025,12,25,18,6,7,12
20,58,2025,12,25,19,5,3,14
21,0,2025,12,25,19,5,0,19
21,12,2025,12,25,18,3,4,18
21,26,2025,12,25,16,4,7,15
21,31,2025,12,25,14,2,12,5
21,36,2025,12,25,16,5,1,9
21,46,2025,12,25,18,3,4,8
21,58,2025,12,25,19,6,5,9
22,0,2025,12,25,19,3,0,12
22,12,2025,12,25,18,4,5,11
22,26,2025,12,25,16,2,6,7
22,31,2025,12,25,14,2,4,5
22,36,2025,12,25,16,5,1,9
22,46,2025,12,25,18,6,4,11
22,58,2025,12,25,19,6,6,11
23,0,2025,12,25,19,4,0,15
23,12,2025,12,25,18,6,2,19
23,26,2025,12,25,16,2,9,12
23,31,2025,12,25,14,3,10,5
23,36,2025,12,25,16,2,3,4
23,46,2025,12,25,18,3,0,7
23,58,2025,12,25,19,0,7,0
6,0,2025,12,26,19,2,0,2
6,12,2025,12,26,18,3,1,4
6,26,2025,12,26,16,16,0,20
6,31,2025,12,26,14,22,7,35
6,36,2025,12,26,16,12,8,39
6,46,2025,12,26,18,5,16,28
6,58,2025,12,26,19,2,20,10
7,0,2025,12,26,19,5,0,15
7,12,2025,12,26,18,2,6,11
7,26,2025,12,26,16,11,5,17
7,31,2025,12,26,14,15,4,28
7,36,2025,12,26,16,14,0,42
7,46,2025,12,26,18,4,22,24
7,58,2025,12,26,19,1,20,5
8,0,2025,12,26,19,3,0,8
8,12,2025,12,26,18,1,4,5
8,26,2025,12,26,16,13,4,14
8,31,2025,12,26,14,5,1,18
8,36,2025,12,26,16,21,0,39
8,46,2025,12,26,18,1,16,24
8,58,2025,12,26,19,3,21,6
9,0,2025,12,26,19,2,0,8
9,12,2025,12,26,18,1,5,4
9,26,2025,12,26,16,5,1,8
9,31,2025,12,26,14,6,2,12
9,36,2025,12,26,16,4,0,16
9,46,2025,12,26,18,2,6,12
9,58,2025,12,26,19,1,12,1
10,0,2025,12,26,19,4,0,5
10,12,2025,12,26,18,3,2,6
10,26,2025,12,26,16,5,2,9
10,31,2025,12,26,14,6,5,10
10,36,2025,12,26,16,4,2,12
10,46,2025,12,26,18,4,5,11
10,58,2025,12,26,19,2,8,5
11,0,2025,12,26,19,3,0,8
11,12,2025,12,26,18,3,1,10
11,26,2025,12,26,16,4,6,8
11,31,2025,12,26,14,2,4,6
11,36,2025,12,26,16,3,1,8
11,46,2025,12,26,18,3,2,9
11,58,2025,12,26,19,5,4,10
12,0,2025,12,26,19,6,0,16
12,12,2025,12,26,18,2,6,12
12,26,2025,12,26,16,3,5,10
12,31,2025,12,26,14,5,7,8
12,36,2025,12,26,16,3,1,10
12,46,2025,12,26,18,3,4,9
12,58,2025,12,26,19,4,7,6
13,0,2025,12,26,19,22,0,28
13,12,2025,12,26,18,32,2,58
13,26,2025,12,26,16,5,25,38
13,31,2025,12,26,14,5,28,15
13,36,2025,12,26,16,4,1,18
13,46,2025,12,26,18,32,6,44
13,58,2025,12,26,19,21,17,48
14,0,2025,12,26,19,18,0,66
14,12,2025,12,26,18,24,24,66
14,26,2025,12,26,16,6,22,50
14,31,2025,12,26,14,2,20,32
14,36,2025,12,26,16,2,2,32
14,46,2025,12,26,18,10,7,35
14,58,2025,12,26,19,18,24,29
15,0,2025,12,26,19,22,0,51
15,12,2025,12,26,18,9,9,51
15,26,2025,12,26,16,6,21,36
15,31,2025,12,26,14,4,21,19
15,36,2025,12,26,16,4,1,22
15,46,2025,12,26,18,13,5,30
15,58,2025,12,26,19,24,19,35
16,0,2025,12,26,19,2,0,37
16,12,2025,12,26,18,2,9,30
16,26,2025,12,26,16,5,16,19
16,31,2025,12,26,14,2,13,8
16,36,2025,12,26,16,6,2,12
16,46,2025,12,26,18,2,5,9
16,58,2025,12,26,19,3,7,5
17,0,2025,12,26,19,4,0,9
17,12,2025,12,26,18,3,1,11
17,26,2025,12,26,16,4,3,12
17,31,2025,12,26,14,5,9,8
17,36,2025,12,26,16,3,1,10
17,46,2025,12,26,18,2,4,8
17,58,2025,12,26,19,2,7,3
18,0,2025,12,26,19,4,0,7
18,12,2025,12,26,18,6,1,12
18,26,2025,12,26,16,3,5,10
18,31,2025,12,26,14,6,6,10
18,36,2025,12,26,16,5,4,11
18,46,2025,12,26,18,3,5,9
18,58,2025,12,26,19,4,5,8
19,0,2025,12,26,19,6,0,14
19,12,2025,12,26,18,5,3,16
19,26,2025,12,26,16,3,4,15
19,31,2025,12,26,14,5,11,9
19,36,2025,12,26,16,3,1,11
19,46,2025,12,26,18,2,3,10
19,58,2025,12,26,19,5,9,6
20,0,2025,12,26,19,3,0,9
20,12,2025,12,26,18,5,0,14
20,26,2025,12,26,16,2,9,7
20,31,2025,12,26,14,6,4,9
20,36,2025,12,26,16,4,2,11
20,46,2025,12,26,18,2,8,5
20,58,2025,12,26,19,2,3,4
21,0,2025,12,26,19,2,0,6
21,12,2025,12,26,18,6,1,11
21,26,2025,12,26,16,3,5,9
21,31,2025,12,26,14,5,5,9
21,36,2025,12,26,16,4,1,12
21,46,2025,12,26,18,3,3,12
21,58,2025,12,26,19,5,9,8
22,0,2025,12,26,19,6,0,14
22,12,2025,12,26,18,5,3,16
22,26,2025,12,26,16,4,5,15
22,31,2025,12,26,14,2,9,8
22,36,2025,12,26,16,6,0,14
22,46,2025,12,26,18,6,5,15
22,58,2025,12,26,19,5,9,11
23,0,2025,12,26,19,5,0,16
23,12,2025,12,26,18,4,3,17
23,26,2025,12,26,16,4,8,13
23,31,2025,12,26,14,6,10,9
23,36,2025,12,26,16,6,1,14
23,46,2025,12,26,18,6,6,14
23,58,2025,12,26,19,0,14,0
6,0,2025,12,27,19,6,0,6
6,12,2025,12,27,18,6,3,9
6,26,2025,12,27,16,6,2,13
6,31,2025,12,27,14,22,6,29
6,36,2025,12,27,16,13,9,33
6,46,2025,12,27,18,3,16,20
6,58,2025,12,27,19,3,15,8
7,0,2025,12,27,19,5,0,13
7,12,2025,12,27,18,4,8,9
7,26,2025,12,27,16,18,0,27
7,31,2025,12,27,14,19,6,40
7,36,2025,12,27,16,20,0,60
7,46,2025,12,27,18,3,34,29
7,58,2025,12,27,19,3,23,9
8,0,2025,12,27,19,2,0,11
8,12,2025,12,27,18,1,3,9
8,26,2025,12,27,16,12,3,18
8,31,2025,12,27,14,11,5,24
8,36,2025,12,27,16,14,0,38
8,46,2025,12,27,18,5,19,24
8,58,2025,12,27,19,2,24,2
9,0,2025,12,27,19,2,0,4
9,12,2025,12,27,18,1,4,1
9,26,2025,12,27,16,2,0,3
9,31,2025,12,27,14,2,1,4
9,36,2025,12,27,16,4,0,8
9,46,2025,12,27,18,4,4,8
9,58,2025,12,27,19,1,8,1
10,0,2025,12,27,19,4,0,5
10,12,2025,12,27,18,3,2,6
10,26,2025,12,27,16,2,2,6
10,31,2025,12,27,14,5,2,9
10,36,2025,12,27,16,6,3,12
10,46,2025,12,27,18,5,3,14
10,58,2025,12,27,19,2,8,8
11,0,2025,12,27,19,4,0,12
11,12,2025,12,27,18,4,2,14
11,26,2025,12,27,16,2,2,14
11,31,2025,12,27,14,3,11,6
11,36,2025,12,27,16,6,1,11
11,46,2025,12,27,18,5,6,10
11,58,2025,12,27,19,4,5,9
12,0,2025,12,27,19,4,0,13
12,12,2025,12,27,18,6,2,17
12,26,2025,12,27,16,4,8,13
12,31,2025,12,27,14,3,9,7
12,36,2025,12,27,16,5,0,12
12,46,2025,12,27,18,2,5,9
12,58,2025,12,27,19,3,7,5
13,0,2025,12,27,19,27,0,32
13,12,2025,12,27,18,28,6,54
13,26,2025,12,27,16,6,29,31
13,31,2025,12,27,14,5,23,13
13,36,2025,12,27,16,3,2,14
13,46,2025,12,27,18,25,3,36
13,58,2025,12,27,19,18,14,40
14,0,2025,12,27,19,23,0,63
14,12,2025,12,27,18,13,12,64
14,26,2025,12,27,16,2,28,38
14,31,2025,12,27,14,5,23,20
14,36,2025,12,27,16,3,2,21
14,46,2025,12,27,18,25,5,41
14,58,2025,12,27,19,13,16,38
15,0,2025,12,27,19,7,0,45
15,12,2025,12,27,18,20,2,63
15,26,2025,12,27,16,3,24,42
15,31,2025,12,27,14,5,32,15
15,36,2025,12,27,16,6,4,17
15,46,2025,12,27,18,9,7,19
15,58,2025,12,27,19,23,11,31
16,0,2025,12,27,19,5,0,36
16,12,2025,12,27,18,4,11,29
16,26,2025,12,27,16,2,15,16
16,31,2025,12,27,14,2,14,4
16,36,2025,12,27,16,5,0,9
16,46,2025,12,27,18,2,2,9
16,58,2025,12,27,19,4,4,9
17,0,2025,12,27,19,2,0,11
17,12,2025,12,27,18,6,3,14
17,26,2025,12,27,16,6,6,14
17,31,2025,12,27,14,2,9,7
17,36,2025,12,27,16,2,0,9
17,46,2025,12,27,18,5,4,10
17,58,2025,12,27,19,2,8,4
18,0,2025,12,27,19,4,0,8
18,12,2025,12,27,18,5,2,11
18,26,2025,12,27,16,3,3,11
18,31,2025,12,27,14,3,8,6
18,36,2025,12,27,16,6,0,12
18,46,2025,12,27,18,3,5,10
18,58,2025,12,27,19,5,9,6
19,0,2025,12,27,19,6,0,12
19,12,2025,12,27,18,6,3,15
19,26,2025,12,27,16,4,4,15
19,31,2025,12,27,14,2,11,6
19,36,2025,12,27,16,4,0,10
19,46,2025,12,27,18,5,6,9
19,58,2025,12,27,19,4,4,9
20,0,2025,12,27,19,4,0,13
20,12,2025,12,27,18,3,1,15
20,26,2025,12,27,16,6,5,16
20,31,2025,12,27,14,5,10,11
20,36,2025,12,27,16,4,2,13
20,46,2025,12,27,18,4,7,10
20,58,2025,12,27,19,5,4,11
21,0,2025,12,27,19,2,0,13
21,12,2025,12,27,18,6,3,16
21,26,2025,12,27,16,4,4,16
21,31,2025,12,27,14,4,13,7
21,36,2025,12,27,16,2,0,9
21,46,2025,12,27,18,5,4,10
21,58,2025,12,27,19,4,7,7
22,0,2025,12,27,19,6,0,13
22,12,2025,12,27,18,2,3,12
22,26,2025,12,27,16,6,6,12
22,31,2025,12,27,14,5,9,8
22,36,2025,12,27,16,6,1,13
22,46,2025,12,27,18,3,5,11
22,58,2025,12,27,19,5,8,8
23,0,2025,12,27,19,3,0,11
23,12,2025,12,27,18,2,1,12
23,26,2025,12,27,16,6,5,13
23,31,2025,12,27,14,4,8,9
23,36,2025,12,27,16,6,1,14
23,46,2025,12,27,18,4,9,9
23,58,2025,12,27,19,0,9,0
6,0,2025,12,28,19,5,0,5
6,12,2025,12,28,18,4,1,8
6,26,2025,12,28,16,20,3,25
6,31,2025,12,28,14,19,9,35
6,36,2025,12,28,16,19,6,48
6,46,2025,12,28,18,4,23,29
6,58,2025,12,28,19,3,22,10
7,0,2025,12,28,19,1,0,11
7,12,2025,12,28,18,5,1,15
7,26,2025,12,28,16,5,4,16
7,31,2025,12,28,14,7,10,13
7,36,2025,12,28,16,17,0,30
7,46,2025,12,28,18,2,9,23
7,58,2025,12,28,19,4,20,7
8,0,2025,12,28,19,5,0,12
8,12,2025,12,28,18,1,9,4
8,26,2025,12,28,16,22,2,24
8,31,2025,12,28,14,18,1,41
8,36,2025,12,28,16,20,1,60
8,46,2025,12,28,18,3,35,28
8,58,2025,12,28,19,3,23,8
9,0,2025,12,28,19,4,0,12
9,12,2025,12,28,18,5,7,10
9,26,2025,12,28,16,2,4,8
9,31,2025,12,28,14,2,4,6
9,36,2025,12,28,16,5,0,11
9,46,2025,12,28,18,2,5,8
9,58,2025,12,28,19,3,8,3
10,0,2025,12,28,19,3,0,6
10,12,2025,12,28,18,6,2,10
10,26,2025,12,28,16,4,3,11
10,31,2025,12,28,14,2,8,5
10,36,2025,12,28,16,6,1,10
10,46,2025,12,28,18,2,5,7
10,58,2025,12,28,19,3,5,5
11,0,2025,12,28,19,3,0,8
11,12,2025,12,28,18,6,1,13
11,26,2025,12,28,16,5,2,16
11,31,2025,12,28,14,6,10,12
11,36,2025,12,28,16,3,0,15
11,46,2025,12,28,18,2,5,12
11,58,2025,12,28,19,6,10,8
12,0,2025,12,28,19,5,0,13
12,12,2025,12,28,18,4,5,12
12,26,2025,12,28,16,4,9,7
12,31,2025,12,28,14,5,4,8
12,36,2025,12,28,16,3,1,10
12,46,2025,12,28,18,4,3,11
12,58,2025,12,28,19,5,5,11
13,0,2025,12,28,19,14,0,25
13,12,2025,12,28,18,13,6,32
13,26,2025,12,28,16,6,14,24
13,31,2025,12,28,14,3,18,9
13,36,2025,12,28,16,6,0,15
13,46,2025,12,28,18,21,5,31
13,58,2025,12,28,19,17,16,32
14,0,2025,12,28,19,14,0,46
14,12,2025,12,28,18,23,7,62
14,26,2025,12,28,16,2,33,31
14,31,2025,12,28,14,3,23,11
14,36,2025,12,28,16,5,1,15
14,46,2025,12,28,18,20,2,33
14,58,2025,12,28,19,20,17,36
15,0,2025,12,28,19,17,0,53
15,12,2025,12,28,18,15,11,57
15,26,2025,12,28,16,2,20,39
15,31,2025,12,28,14,4,22,21
15,36,2025,12,28,16,4,1,24
15,46,2025,12,28,18,20,6,38
15,58,2025,12,28,19,7,22,23
16,0,2025,12,28,19,6,0,29
16,12,2025,12,28,18,5,3,31
16,26,2025,12,28,16,4,14,21
16,31,2025,12,28,14,5,16,10
16,36,2025,12,28,16,6,1,15
16,46,2025,12,28,18,4,6,13
16,58,2025,12,28,19,5,9,9
17,0,2025,12,28,19,6,0,15
17,12,2025,12,28,18,2,6,11
17,26,2025,12,28,16,5,3,13
17,31,2025,12,28,14,2,8,7
17,36,2025,12,28,16,5,0,12
17,46,2025,12,28,18,4,6,10
17,58,2025,12,28,19,5,4,11
18,0,2025,12,28,19,5,0,16
18,12,2025,12,28,18,6,4,18
18,26,2025,12,28,16,3,8,13
18,31,2025,12,28,14,3,10,6
18,36,2025,12,28,16,6,1,11
18,46,2025,12,28,18,6,2,15
18,58,2025,12,28,19,4,10,9
19,0,2025,12,28,19,3,0,12
19,12,2025,12,28,18,2,3,11
19,26,2025,12,28,16,5,3,13
19,31,2025,12,28,14,2,9,6
19,36,2025,12,28,16,3,0,9
19,46,2025,12,28,18,6,6,9
19,58,2025,12,28,19,3,5,7
20,0,2025,12,28,19,4,0,11
20,12,2025,12,28,18,2,2,11
20,26,2025,12,28,16,6,5,12
20,31,2025,12,28,14,6,8,10
20,36,2025,12,28,16,4,3,11
20,46,2025,12,28,18,6,2,15
20,58,2025,12,28,19,6,7,14
21,0,2025,12,28,19,2,0,16
21,12,2025,12,28,18,2,1,17
21,26,2025,12,28,16,6,8,15
21,31,2025,12,28,14,3,11,7
21,36,2025,12,28,16,2,1,8
21,46,2025,12,28,18,4,3,9
21,58,2025,12,28,19,6,8,7
22,0,2025,12,28,19,4,0,11
22,12,2025,12,28,18,3,6,8
22,26,2025,12,28,16,4,2,10
22,31,2025,12,28,14,4,7,7
22,36,2025,12,28,16,5,0,12
22,46,2025,12,28,18,4,5,11
22,58,2025,12,28,19,4,4,11
23,0,2025,12,28,19,4,0,15
23,12,2025,12,28,18,2,1,16
23,26,2025,12,28,16,3,7,12
23,31,2025,12,28,14,4,9,7
23,36,2025,12,28,16,5,1,11
23,46,2025,12,28,18,4,4,11
23,58,2025,12,28,19,0,11,0
6,0,2025,12,29,19,4,0,4
6,12,2025,12,29,18,4,1,7
6,26,2025,12,29,16,5,2,10
6,31,2025,12,29,14,17,7,20
6,36,2025,12,29,16,15,3,32
6,46,2025,12,29,18,2,17,17
6,58,2025,12,29,19,3,11,9
7,0,2025,12,29,19,3,0,12
7,12,2025,12,29,18,2,5,9
7,26,2025,12,29,16,7,3,13
7,31,2025,12,29,14,16,5,24
7,36,2025,12,29,16,16,1,39
7,46,2025,12,29,18,5,20,24
7,58,2025,12,29,19,4,22,6
8,0,2025,12,29,19,4,0,10
8,12,2025,12,29,18,4,7,7
8,26,2025,12,29,16,9,3,13
8,31,2025,12,29,14,8,1,20
8,36,2025,12,29,16,6,0,26
8,46,2025,12,29,18,2,11,17
8,58,2025,12,29,19,4,15,6
9,0,2025,12,29,19,1,0,7
9,12,2025,12,29,18,4,3,8
9,26,2025,12,29,16,4,2,10
9,31,2025,12,29,14,5,3,12
9,36,2025,12,29,16,3,0,15
9,46,2025,12,29,18,1,5,11
9,58,2025,12,29,19,1,10,2
10,0,2025,12,29,19,3,0,5
10,12,2025,12,29,18,2,1,6
10,26,2025,12,29,16,4,1,9
10,31,2025,12,29,14,2,5,6
10,36,2025,12,29,16,4,1,9
10,46,2025,12,29,18,4,2,11
10,58,2025,12,29,19,4,5,10
11,0,2025,12,29,19,4,0,14
11,12,2025,12,29,18,5,1,18
11,26,2025,12,29,16,2,8,12
11,31,2025,12,29,14,5,7,10
11,36,2025,12,29,16,5,2,13
11,46,2025,12,29,18,5,7,11
11,58,2025,12,29,19,4,7,8
12,0,2025,12,29,19,4,0,12
12,12,2025,12,29,18,3,5,10
12,26,2025,12,29,16,3,3,10
12,31,2025,12,29,14,5,8,7
12,36,2025,12,29,16,6,4,9
12,46,2025,12,29,18,2,3,8
12,58,2025,12,29,19,6,5,9
13,0,2025,12,29,19,9,0,18
13,12,2025,12,29,18,26,3,41
13,26,2025,12,29,16,3,16,28
13,31,2025,12,29,14,4,20,12
13,36,2025,12,29,16,6,2,16
13,46,2025,12,29,18,30,4,42
13,58,2025,12,29,19,32,12,62
14,0,2025,12,29,19,4,0,66
14,12,2025,12,29,18,7,7,66
14,26,2025,12,29,16,2,31,37
14,31,2025,12,29,14,2,28,11
14,36,2025,12,29,16,6,0,17
14,46,2025,12,29,18,10,3,24
14,58,2025,12,29,19,19,14,29
15,0,2025,12,29,19,18,0,47
15,12,2025,12,29,18,16,7,56
15,26,2025,12,29,16,3,21,38
15,31,2025,12,29,14,4,27,15
15,36,2025,12,29,16,6,3,18
15,46,2025,12,29,18,17,6,29
15,58,2025,12,29,19,21,14,36
16,0,2025,12,29,19,3,0,39
16,12,2025,12,29,18,6,9,36
16,26,2025,12,29,16,6,15,27
16,31,2025,12,29,14,4,20,11
16,36,2025,12,29,16,3,3,11
16,46,2025,12,29,18,6,3,14
16,58,2025,12,29,19,2,10,6
17,0,2025,12,29,19,6,0,12
17,12,2025,12,29,18,3,3,12
17,26,2025,12,29,16,6,7,11
17,31,2025,12,29,14,2,5,8
17,36,2025,12,29,16,4,1,11
17,46,2025,12,29,18,3,5,9
17,58,2025,12,29,19,6,5,10
18,0,2025,12,29,19,5,0,15
18,12,2025,12,29,18,4,3,16
18,26,2025,12,29,16,5,5,16
18,31,2025,12,29,14,3,11,8
18,36,2025,12,29,16,2,2,8
18,46,2025,12,29,18,4,4,8
18,58,2025,12,29,19,6,5,9
19,0,2025,12,29,19,3,0,12
19,12,2025,12,29,18,3,3,12
19,26,2025,12,29,16,6,7,11
19,31,2025,12,29,14,3,5,9
19,36,2025,12,29,16,4,1,12
19,46,2025,12,29,18,5,4,13
19,58,2025,12,29,19,4,9,8
20,0,2025,12,29,19,6,0,14
20,12,2025,12,29,18,4,2,16
20,26,2025,12,29,16,4,8,12
20,31,2025,12,29,14,2,6,8
20,36,2025,12,29,16,6,1,13
20,46,2025,12,29,18,2,8,7
20,58,2025,12,29,19,6,4,9
21,0,2025,12,29,19,4,0,13
21,12,2025,12,29,18,6,4,15
21,26,2025,12,29,16,4,6,13
21,31,2025,12,29,14,5,7,11
21,36,2025,12,29,16,5,4,12
21,46,2025,12,29,18,3,4,11
21,58,2025,12,29,19,5,6,10
22,0,2025,12,29,19,6,0,16
22,12,2025,12,29,18,6,4,18
22,26,2025,12,29,16,6,7,17
22,31,2025,12,29,14,5,11,11
22,36,2025,12,29,16,3,1,13
22,46,2025,12,29,18,3,5,11
22,58,2025,12,29,19,6,10,7
23,0,2025,12,29,19,4,0,11
23,12,2025,12,29,18,5,3,13
23,26,2025,12,29,16,4,8,9
23,31,2025,12,29,14,2,5,6
23,36,2025,12,29,16,4,0,10
23,46,2025,12,29,18,6,7,9
23,58,2025,12,29,19,0,9,0
6,0,2025,12,30,19,4,0,4
6,12,2025,12,30,18,2,0,6
6,26,2025,12,30,16,13,5,14
6,31,2025,12,30,14,10,3,21
6,36,2025,12,30,16,15,1,35
6,46,2025,12,30,18,2,11,26
6,58,2025,12,30,19,3,18,11
7,0,2025,12,30,19,5,0,16
7,12,2025,12,30,18,5,7,14
7,26,2025,12,30,16,5,0,19
7,31,2025,12,30,14,8,9,18
7,36,2025,12,30,16,14,1,31
7,46,2025,12,30,18,5,13,23
7,58,2025,12,30,19,5,21,7
8,0,2025,12,30,19,4,0,11
8,12,2025,12,30,18,4,7,8
8,26,2025,12,30,16,15,1,22
8,31,2025,12,30,14,9,5,26
8,36,2025,12,30,16,13,0,39
8,46,2025,12,30,18,5,19,25
8,58,2025,12,30,19,5,20,10
9,0,2025,12,30,19,4,0,14
9,12,2025,12,30,18,2,7,9
9,26,2025,12,30,16,2,4,7
9,31,2025,12,30,14,5,3,9
9,36,2025,12,30,16,4,2,11
9,46,2025,12,30,18,2,3,10
9,58,2025,12,30,19,5,10,5
10,0,2025,12,30,19,4,0,9
10,12,2025,12,30,18,5,2,12
10,26,2025,12,30,16,5,7,10
10,31,2025,12,30,14,4,3,11
10,36,2025,12,30,16,3,1,13
10,46,2025,12,30,18,6,6,13
10,58,2025,12,30,19,5,5,13
11,0,2025,12,30,19,4,0,17
11,12,2025,12,30,18,3,5,15
11,26,2025,12,30,16,4,5,14
11,31,2025,12,30,14,2,12,4
11,36,2025,12,30,16,6,2,8
11,46,2025,12,30,18,3,3,8
11,58,2025,12,30,19,3,7,4
12,0,2025,12,30,19,2,0,6
12,12,2025,12,30,18,6,1,11
12,26,2025,12,30,16,6,6,11
12,31,2025,12,30,14,3,5,9
12,36,2025,12,30,16,3,1,11
12,46,2025,12,30,18,3,5,9
12,58,2025,12,30,19,5,6,8
13,0,2025,12,30,19,10,0,18
13,12,2025,12,30,18,8,6,20
13,26,2025,12,30,16,2,10,12
13,31,2025,12,30,14,2,8,6
13,36,2025,12,30,16,6,1,11
13,46,2025,12,30,18,27,2,36
13,58,2025,12,30,19,14,11,39
14,0,2025,12,30,19,21,0,60
14,12,2025,12,30,18,9,6,63
14,26,2025,12,30,16,6,29,40
14,31,2025,12,30,14,5,25,20
14,36,2025,12,30,16,3,2,21
14,46,2025,12,30,18,8,8,21
14,58,2025,12,30,19,28,14,35
15,0,2025,12,30,19,9,0,44
15,12,2025,12,30,18,9,8,45
15,26,2025,12,30,16,2,20,27
15,31,2025,12,30,14,6,21,12
15,36,2025,12,30,16,2,4,10
15,46,2025,12,30,18,13,3,20
15,58,2025,12,30,19,19,11,28
16,0,2025,12,30,19,6,0,34
16,12,2025,12,30,18,2,8,28
16,26,2025,12,30,16,4,16,16
16,31,2025,12,30,14,3,14,5
16,36,2025,12,30,16,4,0,9
16,46,2025,12,30,18,4,3,10
16,58,2025,12,30,19,2,6,6
17,0,2025,12,30,19,2,0,8
17,12,2025,12,30,18,6,2,12
17,26,2025,12,30,16,6,2,16
17,31,2025,12,30,14,6,9,13
17,36,2025,12,30,16,3,1,15
17,46,2025,12,30,18,4,4,15
17,58,2025,12,30,19,6,13,8
18,0,2025,12,30,19,4,0,12
18,12,2025,12,30,18,4,1,15
18,26,2025,12,30,16,6,7,14
18,31,2025,12,30,14,6,7,13
18,36,2025,12,30,16,6,4,15
18,46,2025,12,30,18,4,4,15
18,58,2025,12,30,19,4,8,11
19,0,2025,12,30,19,6,0,17
19,12,2025,12,30,18,4,2,19
19,26,2025,12,30,16,3,7,15
19,31,2025,12,30,14,4,13,6
19,36,2025,12,30,16,6,1,11
19,46,2025,12,30,18,6,4,13
19,58,2025,12,30,19,4,4,13
20,0,2025,12,30,19,2,0,15
20,12,2025,12,30,18,4,2,17
20,26,2025,12,30,16,2,3,16
20,31,2025,12,30,14,6,11,11
20,36,2025,12,30,16,2,4,9
20,46,2025,12,30,18,4,0,13
20,58,2025,12,30,19,2,11,4
21,0,2025,12,30,19,3,0,7
21,12,2025,12,30,18,2,3,6
21,26,2025,12,30,16,2,4,4
21,31,2025,12,30,14,6,2,8
21,36,2025,12,30,16,6,3,11
21,46,2025,12,30,18,4,5,10
21,58,2025,12,30,19,3,4,9
22,0,2025,12,30,19,3,0,12
22,12,2025,12,30,18,4,1,15
22,26,2025,12,30,16,2,6,11
22,31,2025,12,30,14,4,10,5
22,36,2025,12,30,16,2,1,6
22,46,2025,12,30,18,6,1,11
22,58,2025,12,30,19,6,6,11
23,0,2025,12,30,19,5,0,16
23,12,2025,12,30,18,6,8,14
23,26,2025,12,30,16,5,7,12
23,31,2025,12,30,14,2,8,6
23,36,2025,12,30,16,4,1,9
23,46,2025,12,30,18,4,5,8
23,58,2025,12,30,19,0,8,0
6,0,2025,12,31,19,3,0,3
6,12,2025,12,31,18,3,3,3
6,26,2025,12,31,16,12,1,14
6,31,2025,12,31,14,14,4,24
6,36,2025,12,31,16,16,2,38
6,46,2025,12,31,18,2,16,24
6,58,2025,12,31,19,6,21,9
7,0,2025,12,31,19,5,0,14
7,12,2025,12,31,18,3,9,8
7,26,2025,12,31,16,9,0,17
7,31,2025,12,31,14,14,6,25
7,36,2025,12,31,16,13,0,38
7,46,2025,12,31,18,4,19,23
7,58,2025,12,31,19,4,22,5
8,0,2025,12,31,19,4,0,9
8,12,2025,12,31,18,1,7,3
8,26,2025,12,31,16,17,1,19
8,31,2025,12,31,14,19,2,36
8,36,2025,12,31,16,12,0,48
8,46,2025,12,31,18,1,26,23
8,58,2025,12,31,19,2,21,4
9,0,2025,12,31,19,5,0,9
9,12,2025,12,31,18,1,6,4
9,26,2025,12,31,16,4,0,8
9,31,2025,12,31,14,5,3,10
9,36,2025,12,31,16,2,0,12
9,46,2025,12,31,18,4,7,9
9,58,2025,12,31,19,3,9,3
10,0,2025,12,31,19,3,0,6
10,12,2025,12,31,18,2,1,7
10,26,2025,12,31,16,6,3,10
10,31,2025,12,31,14,5,7,8
10,36,2025,12,31,16,5,3,10
10,46,2025,12,31,18,4,5,9
10,58,2025,12,31,19,6,7,8
11,0,2025,12,31,19,4,0,12
11,12,2025,12,31,18,4,5,11
11,26,2025,12,31,16,6,3,14
11,31,2025,12,31,14,3,7,10
11,36,2025,12,31,16,6,0,16
11,46,2025,12,31,18,6,4,18
11,58,2025,12,31,19,5,11,12
12,0,2025,12,31,19,5,0,17
12,12,2025,12,31,18,4,4,17
12,26,2025,12,31,16,3,8,12
12,31,2025,12,31,14,2,8,6
12,36,2025,12,31,16,6,0,12
12,46,2025,12,31,18,2,3,11
12,58,2025,12,31,19,6,10,7
13,0,2025,12,31,19,26,0,33
13,12,2025,12,31,18,9,10,32
13,26,2025,12,31,16,3,13,22
13,31,2025,12,31,14,3,19,6
13,36,2025,12,31,16,4,1,9
13,46,2025,12,31,18,9,5,13
13,58,2025,12,31,19,17,5,25
14,0,2025,12,31,19,8,0,33
14,12,2025,12,31,18,13,8,38
14,26,2025,12,31,16,2,14,26
14,31,2025,12,31,14,2,22,6
14,36,2025,12,31,16,3,1,8
14,46,2025,12,31,18,13,3,18
14,58,2025,12,31,19,13,6,25
15,0,2025,12,31,19,21,0,46
15,12,2025,12,31,18,14,11,49
15,26,2025,12,31,16,4,20,33
15,31,2025,12,31,14,4,25,12
15,36,2025,12,31,16,4,1,15
15,46,2025,12,31,18,24,6,33
15,58,2025,12,31,19,16,13,36
16,0,2025,12,31,19,3,0,39
16,12,2025,12,31,18,3,7,35
16,26,2025,12,31,16,3,18,20
16,31,2025,12,31,14,6,17,9
16,36,2025,12,31,16,2,2,9
16,46,2025,12,31,18,3,3,9
16,58,2025,12,31,19,5,7,7
17,0,2025,12,31,19,3,0,10
17,12,2025,12,31,18,6,5,11
17,26,2025,12,31,16,4,3,12
17,31,2025,12,31,14,3,8,7
17,36,2025,12,31,16,6,1,12
17,46,2025,12,31,18,5,3,14
17,58,2025,12,31,19,4,9,9
18,0,2025,12,31,19,5,0,14
18,12,2025,12,31,18,3,2,15
18,26,2025,12,31,16,5,5,15
18,31,2025,12,31,14,3,10,8
18,36,2025,12,31,16,6,1,13
18,46,2025,12,31,18,4,5,12
18,58,2025,12,31,19,6,7,11
19,0,2025,12,31,19,4,0,15
19,12,2025,12,31,18,3,5,13
19,26,2025,12,31,16,5,3,15
19,31,2025,12,31,14,3,12,6
19,36,2025,12,31,16,3,1,8
19,46,2025,12,31,18,3,3,8
19,58,2025,12,31,19,4,4,8
20,0,2025,12,31,19,2,0,10
20,12,2025,12,31,18,2,1,11
20,26,2025,12,31,16,2,5,8
20,31,2025,12,31,14,5,7,6
20,36,2025,12,31,16,4,0,10
20,46,2025,12,31,18,5,3,12
20,58,2025,12,31,19,2,9,5
21,0,2025,12,31,19,4,0,9
21,12,2025,12,31,18,3,2,10
21,26,2025,12,31,16,3,7,6
21,31,2025,12,31,14,5,5,6
21,36,2025,12,31,16,4,1,9
21,46,2025,12,31,18,3,1,11
21,58,2025,12,31,19,2,5,8
22,0,2025,12,31,19,4,0,12
22,12,2025,12,31,18,3,3,12
22,26,2025,12,31,16,4,2,14
22,31,2025,12,31,14,2,10,6
22,36,2025,12,31,16,6,1,11
22,46,2025,12,31,18,4,4,11
22,58,2025,12,31,19,3,6,8
23,0,2025,12,31,19,6,0,14
23,12,2025,12,31,18,4,2,16
23,26,2025,12,31,16,5,7,14
23,31,2025,12,31,14,2,11,5
23,36,2025,12,31,16,3,0,8
23,46,2025,12,31,18,3,5,6
23,58,2025,12,31,19,0,6,0
6,0,2026,1,1,19,3,0,3
6,12,2026,1,1,18,3,1,5
6,26,2026,1,1,16,16,1,20
6,31,2026,1,1,14,7,9,18
6,36,2026,1,1,16,21,1,38
6,46,2026,1,1,18,5,16,27
6,58,2026,1,1,19,2,18,11
7,0,2026,1,1,19,4,0,15
7,12,2026,1,1,18,5,6,14
7,26,2026,1,1,16,17,4,27
7,31,2026,1,1,14,9,7,29
7,36,2026,1,1,16,9,0,38
7,46,2026,1,1,18,2,20,20
7,58,2026,1,1,19,3,20,3
8,0,2026,1,1,19,5,0,8
8,12,2026,1,1,18,5,8,5
8,26,2026,1,1,16,10,0,15
8,31,2026,1,1,14,8,1,22
8,36,2026,1,1,16,13,0,35
8,46,2026,1,1,18,1,14,22
8,58,2026,1,1,19,3,20,5
9,0,2026,1,1,19,1,0,6
9,12,2026,1,1,18,2,3,5
9,26,2026,1,1,16,5,2,8
9,31,2026,1,1,14,3,2,9
9,36,2026,1,1,16,4,0,13
9,46,2026,1,1,18,5,9,9
9,58,2026,1,1,19,3,9,3
10,0,2026,1,1,19,6,0,9
10,12,2026,1,1,18,5,1,13
10,26,2026,1,1,16,4,5,12
10,31,2026,1,1,14,2,11,3
10,36,2026,1,1,16,3,0,6
10,46,2026,1,1,18,3,3,6
10,58,2026,1,1,19,3,1,8
11,0,2026,1,1,19,5,0,13
11,12,2026,1,1,18,4,0,17
11,26,2026,1,1,16,5,9,13
11,31,2026,1,1,14,2,8,7
11,36,2026,1,1,16,2,2,7
11,46,2026,1,1,18,3,2,8
11,58,2026,1,1,19,2,5,5
12,0,2026,1,1,19,4,0,9
12,12,2026,1,1,18,3,2,10
12,26,2026,1,1,16,3,5,8
12,31,2026,1,1,14,3,5,6
12,36,2026,1,1,16,5,0,11
12,46,2026,1,1,18,5,7,9
12,58,2026,1,1,19,5,6,8
13,0,2026,1,1,19,24,0,32
13,12,2026,1,1,18,14,6,40
13,26,2026,1,1,16,4,20,24
13,31,2026,1,1,14,3,18,9
13,36,2026,1,1,16,2,1,10
13,46,2026,1,1,18,21,2,29
13,58,2026,1,1,19,27,12,44
14,0,2026,1,1,19,22,0,66
14,12,2026,1,1,18,7,7,66
14,26,2026,1,1,16,5,27,44
14,31,2026,1,1,14,4,32,16
14,36,2026,1,1,16,5,2,19
14,46,2026,1,1,18,30,5,44
14,58,2026,1,1,19,9,18,35
15,0,2026,1,1,19,16,0,51
15,12,2026,1,1,18,23,8,66
15,26,2026,1,1,16,6,22,50
15,31,2026,1,1,14,6,21,35
15,36,2026,1,1,16,6,4,37
15,46,2026,1,1,18,30,9,58
15,58,2026,1,1,19,26,23,61
16,0,2026,1,1,19,3,0,64
16,12,2026,1,1,18,2,16,50
16,26,2026,1,1,16,2,23,29
16,31,2026,1,1,14,4,25,8
16,36,2026,1,1,16,2,2,8
16,46,2026,1,1,18,4,2,10
16,58,2026,1,1,19,5,5,10
17,0,2026,1,1,19,6,0,16
17,12,2026,1,1,18,6,5,17
17,26,2026,1,1,16,6,10,13
17,31,2026,1,1,14,4,8,9
17,36,2026,1,1,16,5,3,11
17,46,2026,1,1,18,5,4,12
17,58,2026,1,1,19,6,7,11
18,0,2026,1,1,19,5,0,16
18,12,2026,1,1,18,6,2,20
18,26,2026,1,1,16,4,9,15
18,31,2026,1,1,14,4,10,9
18,36,2026,1,1,16,4,2,11
18,46,2026,1,1,18,6,5,12
18,58,2026,1,1,19,5,7,10
19,0,2026,1,1,19,2,0,12
19,12,2026,1,1,18,5,3,14
19,26,2026,1,1,16,2,6,10
19,31,2026,1,1,14,2,8,4
19,36,2026,1,1,16,4,1,7
19,46,2026,1,1,18,5,3,9
19,58,2026,1,1,19,2,5,6
20,0,2026,1,1,19,2,0,8
20,12,2026,1,1,18,2,2,8
20,26,2026,1,1,16,6,3,11
20,31,2026,1,1,14,5,9,7
20,36,2026,1,1,16,2,0,9
20,46,2026,1,1,18,4,4,9
20,58,2026,1,1,19,4,5,8
21,0,2026,1,1,19,3,0,11
21,12,2026,1,1,18,6,3,14
21,26,2026,1,1,16,3,4,13
21,31,2026,1,1,14,4,11,6
21,36,2026,1,1,16,4,0,10
21,46,2026,1,1,18,4,2,12
21,58,2026,1,1,19,6,9,9
22,0,2026,1,1,19,6,0,15
22,12,2026,1,1,18,6,0,21
22,26,2026,1,1,16,4,6,19
22,31,2026,1,1,14,3,10,12
22,36,2026,1,1,16,4,1,15
22,46,2026,1,1,18,4,4,15
22,58,2026,1,1,19,2,11,6
23,0,2026,1,1,19,5,0,11
23,12,2026,1,1,18,2,1,12
23,26,2026,1,1,16,4,7,9
23,31,2026,1,1,14,6,7,8
23,36,2026,1,1,16,5,5,8
23,46,2026,1,1,18,3,3,8
23,58,2026,1,1,19,0,8,0
6,0,2026,1,2,19,4,0,4
6,12,2026,1,2,18,5,0,9
6,26,2026,1,2,16,6,2,13
6,31,2026,1,2,14,18,5,26
6,36,2026,1,2,16,16,5,37
6,46,2026,1,2,18,6,13,30
6,58,2026,1,2,19,4,20,14
7,0,2026,1,2,19,3,0,17
7,12,2026,1,2,18,2,6,13
7,26,2026,1,2,16,19,2,30
7,31,2026,1,2,14,10,9,31
7,36,2026,1,2,16,10,1,40
7,46,2026,1,2,18,2,21,21
7,58,2026,1,2,19,5,19,7
8,0,2026,1,2,19,3,0,10
8,12,2026,1,2,18,3,6,7
8,26,2026,1,2,16,21,0,28
8,31,2026,1,2,14,5,4,29
8,36,2026,1,2,16,12,0,41
8,46,2026,1,2,18,1,19,23
8,58,2026,1,2,19,3,21,5
9,0,2026,1,2,19,1,0,6
9,12,2026,1,2,18,5,4,7
9,26,2026,1,2,16,3,1,9
9,31,2026,1,2,14,6,3,12
9,36,2026,1,2,16,3,0,15
9,46,2026,1,2,18,5,3,17
9,58,2026,1,2,19,3,16,4
10,0,2026,1,2,19,5,0,9
10,12,2026,1,2,18,2,4,7
10,26,2026,1,2,16,3,3,7
10,31,2026,1,2,14,5,6,6
10,36,2026,1,2,16,2,1,7
10,46,2026,1,2,18,6,1,12
10,58,2026,1,2,19,5,9,8
11,0,2026,1,2,19,4,0,12
11,12,2026,1,2,18,5,6,11
11,26,2026,1,2,16,3,3,11
11,31,2026,1,2,14,3,8,6
11,36,2026,1,2,16,2,0,8
11,46,2026,1,2,18,4,3,9
11,58,2026,1,2,19,3,5,7
12,0,2026,1,2,19,5,0,12
12,12,2026,1,2,18,4,2,14
12,26,2026,1,2,16,5,4,15
12,31,2026,1,2,14,3,11,7
12,36,2026,1,2,16,3,1,9
12,46,2026,1,2,18,2,4,7
12,58,2026,1,2,19,6,5,8
13,0,2026,1,2,19,18,0,26
13,12,2026,1,2,18,23,3,46
13,26,2026,1,2,16,2,25,23
13,31,2026,1,2,14,5,18,10
13,36,2026,1,2,16,6,3,13
13,46,2026,1,2,18,9,3,19
13,58,2026,1,2,19,29,10,38
14,0,2026,1,2,19,16,0,54
14,12,2026,1,2,18,15,13,56
14,26,2026,1,2,16,6,20,42
14,31,2026,1,2,14,4,21,25
14,36,2026,1,2,16,2,3,24
14,46,2026,1,2,18,15,6,33
14,58,2026,1,2,19,25,22,36
15,0,2026,1,2,19,11,0,47
15,12,2026,1,2,18,23,4,66
15,26,2026,1,2,16,6,20,52
15,31,2026,1,2,14,2,23,31
15,36,2026,1,2,16,5,2,34
15,46,2026,1,2,18,27,9,52
15,58,2026,1,2,19,16,23,45
16,0,2026,1,2,19,6,0,51
16,12,2026,1,2,18,6,10,47
16,26,2026,1,2,16,3,23,27
16,31,2026,1,2,14,6,23,10
16,36,2026,1,2,16,2,2,10
16,46,2026,1,2,18,3,4,9
16,58,2026,1,2,19,5,7,7
17,0,2026,1,2,19,2,0,9
17,12,2026,1,2,18,3,2,10
17,26,2026,1,2,16,4,6,8
17,31,2026,1,2,14,3,2,9
17,36,2026,1,2,16,6,1,14
17,46,2026,1,2,18,6,7,13
17,58,2026,1,2,19,2,8,7
18,0,2026,1,2,19,2,0,9
18,12,2026,1,2,18,5,2,12
18,26,2026,1,2,16,2,2,12
18,31,2026,1,2,14,6,10,8
18,36,2026,1,2,16,4,4,8
18,46,2026,1,2,18,2,4,6
18,58,2026,1,2,19,3,3,6
19,0,2026,1,2,19,3,0,9
19,12,2026,1,2,18,4,4,9
19,26,2026,1,2,16,3,2,10
19,31,2026,1,2,14,4,8,6
19,36,2026,1,2,16,5,3,8
19,46,2026,1,2,18,5,2,11
19,58,2026,1,2,19,5,4,12
20,0,2026,1,2,19,2,0,14
20,12,2026,1,2,18,4,2,16
20,26,2026,1,2,16,4,4,16
20,31,2026,1,2,14,4,11,9
20,36,2026,1,2,16,4,2,11
20,46,2026,1,2,18,5,1,15
20,58,2026,1,2,19,5,7,13
21,0,2026,1,2,19,2,0,15
21,12,2026,1,2,18,4,2,17
21,26,2026,1,2,16,6,5,18
21,31,2026,1,2,14,4,10,12
21,36,2026,1,2,16,6,3,15
21,46,2026,1,2,18,4,6,13
21,58,2026,1,2,19,3,9,7
22,0,2026,1,2,19,2,0,9
22,12,2026,1,2,18,2,2,9
22,26,2026,1,2,16,5,2,12
22,31,2026,1,2,14,2,7,7
22,36,2026,1,2,16,6,0,13
22,46,2026,1,2,18,6,6,13
22,58,2026,1,2,19,6,7,12
23,0,2026,1,2,19,2,0,14
23,12,2026,1,2,18,2,1,15
23,26,2026,1,2,16,5,8,12
23,31,2026,1,2,14,4,8,8
23,36,2026,1,2,16,3,2,9
23,46,2026,1,2,18,2,5,6
23,58,2026,1,2,19,0,6,0
6,0,2026,1,3,19,6,0,6
6,12,2026,1,3,18,2,2,6
6,26,2026,1,3,16,6,4,8
6,31,2026,1,3,14,22,6,24
6,36,2026,1,3,16,21,5,40
6,46,2026,1,3,18,6,15,31
6,58,2026,1,3,19,4,16,19
7,0,2026,1,3,19,5,0,24
7,12,2026,1,3,18,1,9,16
7,26,2026,1,3,16,21,3,34
7,31,2026,1,3,14,21,14,41
7,36,2026,1,3,16,18,0,59
7,46,2026,1,3,18,3,25,37
7,58,2026,1,3,19,1,32,6
8,0,2026,1,3,19,1,0,7
8,12,2026,1,3,18,5,2,10
8,26,2026,1,3,16,7,4,13
8,31,2026,1,3,14,21,4,30
8,36,2026,1,3,16,14,0,44
8,46,2026,1,3,18,4,21,27
8,58,2026,1,3,19,5,22,10
9,0,2026,1,3,19,1,0,11
9,12,2026,1,3,18,2,4,9
9,26,2026,1,3,16,3,2,10
9,31,2026,1,3,14,2,5,7
9,36,2026,1,3,16,3,0,10
9,46,2026,1,3,18,5,6,9
9,58,2026,1,3,19,2,9,2
10,0,2026,1,3,19,3,0,5
10,12,2026,1,3,18,5,1,9
10,26,2026,1,3,16,3,4,8
10,31,2026,1,3,14,5,7,6
10,36,2026,1,3,16,6,4,8
10,46,2026,1,3,18,3,3,8
10,58,2026,1,3,19,5,4,9
11,0,2026,1,3,19,3,0,12
11,12,2026,1,3,18,5,4,13
11,26,2026,1,3,16,2,4,11
11,31,2026,1,3,14,6,5,12
11,36,2026,1,3,16,6,3,15
11,46,2026,1,3,18,4,6,13
11,58,2026,1,3,19,2,6,9
12,0,2026,1,3,19,3,0,12
12,12,2026,1,3,18,2,1,13
12,26,2026,1,3,16,6,6,13
12,31,2026,1,3,14,4,8,9
12,36,2026,1,3,16,3,2,10
12,46,2026,1,3,18,2,4,8
12,58,2026,1,3,19,5,6,7
13,0,2026,1,3,19,20,0,27
13,12,2026,1,3,18,31,4,54
13,26,2026,1,3,16,5,28,31
13,31,2026,1,3,14,5,22,14
13,36,2026,1,3,16,5,3,16
13,46,2026,1,3,18,10,4,22
13,58,2026,1,3,19,7,12,17
14,0,2026,1,3,19,22,0,39
14,12,2026,1,3,18,13,5,47
14,26,2026,1,3,16,6,22,31
14,31,2026,1,3,14,6,23,14
14,36,2026,1,3,16,3,4,13
14,46,2026,1,3,18,30,4,39
14,58,2026,1,3,19,24,14,49
15,0,2026,1,3,19,10,0,59
15,12,2026,1,3,18,19,12,66
15,26,2026,1,3,16,2,20,48
15,31,2026,1,3,14,6,27,27
15,36,2026,1,3,16,3,4,26
15,46,2026,1,3,18,31,5,52
15,58,2026,1,3,19,20,20,52
16,0,2026,1,3,19,6,0,58
16,12,2026,1,3,18,3,13,48
16,26,2026,1,3,16,5,21,32
16,31,2026,1,3,14,3,24,11
16,36,2026,1,3,16,6,0,17
16,46,2026,1,3,18,6,6,17
16,58,2026,1,3,19,6,9,14
17,0,2026,1,3,19,6,0,20
17,12,2026,1,3,18,6,3,23
17,26,2026,1,3,16,5,8,20
17,31,2026,1,3,14,3,16,7
17,36,2026,1,3,16,6,1,12
17,46,2026,1,3,18,2,4,10
17,58,2026,1,3,19,4,6,8
18,0,2026,1,3,19,3,0,11
18,12,2026,1,3,18,5,2,14
18,26,2026,1,3,16,4,4,14
18,31,2026,1,3,14,5,9,10
18,36,2026,1,3,16,5,2,13
18,46,2026,1,3,18,5,3,15
18,58,2026,1,3,19,5,10,10
19,0,2026,1,3,19,5,0,15
19,12,2026,1,3,18,2,3,14
19,26,2026,1,3,16,3,9,8
19,31,2026,1,3,14,3,4,7
19,36,2026,1,3,16,6,1,12
19,46,2026,1,3,18,4,8,8
19,58,2026,1,3,19,4,5,7
20,0,2026,1,3,19,4,0,11
20,12,2026,1,3,18,6,3,14
20,26,2026,1,3,16,3,6,11
20,31,2026,1,3,14,5,6,10
20,36,2026,1,3,16,5,3,12
20,46,2026,1,3,18,2,3,11
20,58,2026,1,3,19,3,10,4
21,0,2026,1,3,19,5,0,9
21,12,2026,1,3,18,4,4,9
21,26,2026,1,3,16,2,0,11
21,31,2026,1,3,14,3,6,8
21,36,2026,1,3,16,6,2,12
21,46,2026,1,3,18,3,4,11
21,58,2026,1,3,19,4,7,8
22,0,2026,1,3,19,3,0,11
22,12,2026,1,3,18,4,1,14
22,26,2026,1,3,16,4,4,14
22,31,2026,1,3,14,4,11,7
22,36,2026,1,3,16,4,0,11
22,46,2026,1,3,18,3,4,10
22,58,2026,1,3,19,5,5,10
23,0,2026,1,3,19,3,0,13
23,12,2026,1,3,18,5,3,15
23,26,2026,1,3,16,5,6,14
23,31,2026,1,3,14,2,9,7
23,36,2026,1,3,16,4,0,11
23,46,2026,1,3,18,2,3,10
23,58,2026,1,3,19,0,10,0
6,0,2026,1,4,19,4,0,4
6,12,2026,1,4,18,3,1,6
6,26,2026,1,4,16,16,2,20
6,31,2026,1,4,14,5,4,21
6,36,2026,1,4,16,13,1,33
6,46,2026,1,4,18,2,11,24
6,58,2026,1,4,19,3,14,13
7,0,2026,1,4,19,3,0,16
7,12,2026,1,4,18,5,6,15
7,26,2026,1,4,16,11,1,25
7,31,2026,1,4,14,22,9,38
7,36,2026,1,4,16,13,1,50
7,46,2026,1,4,18,3,22,31
7,58,2026,1,4,19,2,27,6
8,0,2026,1,4,19,3,0,9
8,12,2026,1,4,18,3,5,7
8,26,2026,1,4,16,10,3,14
8,31,2026,1,4,14,22,2,34
8,36,2026,1,4,16,9,0,43
8,46,2026,1,4,18,5,21,27
8,58,2026,1,4,19,1,23,5
9,0,2026,1,4,19,1,0,6
9,12,2026,1,4,18,3,2,7
9,26,2026,1,4,16,5,0,12
9,31,2026,1,4,14,6,6,12
9,36,2026,1,4,16,5,0,17
9,46,2026,1,4,18,5,5,17
9,58,2026,1,4,19,1,16,2
10,0,2026,1,4,19,3,0,5
10,12,2026,1,4,18,6,1,10
10,26,2026,1,4,16,2,3,9
10,31,2026,1,4,14,4,5,8
10,36,2026,1,4,16,3,1,10
10,46,2026,1,4,18,6,3,13
10,58,2026,1,4,19,6,6,13
11,0,2026,1,4,19,6,0,19
11,12,2026,1,4,18,2,3,18
11,26,2026,1,4,16,5,8,15
11,31,2026,1,4,14,3,10,8
11,36,2026,1,4,16,2,1,9
11,46,2026,1,4,18,6,3,12
11,58,2026,1,4,19,4,6,10
12,0,2026,1,4,19,6,0,16
12,12,2026,1,4,18,5,2,19
12,26,2026,1,4,16,2,11,10
12,31,2026,1,4,14,2,8,4
12,36,2026,1,4,16,6,0,10
12,46,2026,1,4,18,4,4,10
12,58,2026,1,4,19,6,2,14
13,0,2026,1,4,19,14,0,28
13,12,2026,1,4,18,19,7,40
13,26,2026,1,4,16,2,13,29
13,31,2026,1,4,14,5,22,12
13,36,2026,1,4,16,5,4,13
13,46,2026,1,4,18,32,3,42
13,58,2026,1,4,19,7,18,31
14,0,2026,1,4,19,20,0,51
14,12,2026,1,4,18,19,4,66
14,26,2026,1,4,16,6,26,46
14,31,2026,1,4,14,2,28,20
14,36,2026,1,4,16,6,2,24
14,46,2026,1,4,18,27,4,47
14,58,2026,1,4,19,19,25,41
15,0,2026,1,4,19,25,0,66
15,12,2026,1,4,18,22,26,62
15,26,2026,1,4,16,3,20,45
15,31,2026,1,4,14,6,20,31
15,36,2026,1,4,16,4,4,31
15,46,2026,1,4,18,10,7,34
15,58,2026,1,4,19,16,22,28
16,0,2026,1,4,19,6,0,34
16,12,2026,1,4,18,6,3,37
16,26,2026,1,4,16,5,18,24
16,31,2026,1,4,14,3,16,11
16,36,2026,1,4,16,6,2,15
16,46,2026,1,4,18,3,6,12
16,58,2026,1,4,19,6,6,12
17,0,2026,1,4,19,2,0,14
17,12,2026,1,4,18,4,2,16
17,26,2026,1,4,16,2,5,13
17,31,2026,1,4,14,4,9,8
17,36,2026,1,4,16,2,1,9
17,46,2026,1,4,18,2,4,7
17,58,2026,1,4,19,3,4,6
18,0,2026,1,4,19,4,0,10
18,12,2026,1,4,18,2,3,9
18,26,2026,1,4,16,5,4,10
18,31,2026,1,4,14,2,5,7
18,36,2026,1,4,16,2,2,7
18,46,2026,1,4,18,2,1,8
18,58,2026,1,4,19,6,6,8
19,0,2026,1,4,19,5,0,13
19,12,2026,1,4,18,5,0,18
19,26,2026,1,4,16,5,7,16
19,31,2026,1,4,14,5,12,9
19,36,2026,1,4,16,5,2,12
19,46,2026,1,4,18,3,3,12
19,58,2026,1,4,19,6,7,11
20,0,2026,1,4,19,4,0,15
20,12,2026,1,4,18,4,2,17
20,26,2026,1,4,16,3,5,15
20,31,2026,1,4,14,2,13,4
20,36,2026,1,4,16,4,1,7
20,46,2026,1,4,18,6,3,10
20,58,2026,1,4,19,6,5,11
21,0,2026,1,4,19,3,0,14
21,12,2026,1,4,18,4,5,13
21,26,2026,1,4,16,4,4,13
21,31,2026,1,4,14,3,8,8
21,36,2026,1,4,16,3,1,10
21,46,2026,1,4,18,5,2,13
21,58,2026,1,4,19,3,5,11
22,0,2026,1,4,19,5,0,16
22,12,2026,1,4,18,5,4,17
22,26,2026,1,4,16,3,6,14
22,31,2026,1,4,14,5,11,8
22,36,2026,1,4,16,2,1,9
22,46,2026,1,4,18,5,2,12
22,58,2026,1,4,19,3,8,7
23,0,2026,1,4,19,5,0,12
23,12,2026,1,4,18,6,3,15
23,26,2026,1,4,16,4,4,15
23,31,2026,1,4,14,5,11,9
23,36,2026,1,4,16,3,2,10
23,46,2026,1,4,18,3,3,10
23,58,2026,1,4,19,0,10,0
6,0,2026,1,5,19,6,0,6
6,12,2026,1,5,18,5,0,11
6,26,2026,1,5,16,20,5,26
6,31,2026,1,5,14,12,10,28
6,36,2026,1,5,16,15,2,41
6,46,2026,1,5,18,5,15,31
6,58,2026,1,5,19,2,22,11
7,0,2026,1,5,19,5,0,16
7,12,2026,1,5,18,5,4,17
7,26,2026,1,5,16,21,8,30
7,31,2026,1,5,14,17,7,40
7,36,2026,1,5,16,9,1,48
7,46,2026,1,5,18,3,25,26
7,58,2026,1,5,19,2,22,6
8,0,2026,1,5,19,3,0,9
8,12,2026,1,5,18,5,5,9
8,26,2026,1,5,16,21,2,28
8,31,2026,1,5,14,9,3,34
8,36,2026,1,5,16,6,2,38
8,46,2026,1,5,18,1,16,23
8,58,2026,1,5,19,1,22,2
9,0,2026,1,5,19,5,0,7
9,12,2026,1,5,18,5,4,8
9,26,2026,1,5,16,6,2,12
9,31,2026,1,5,14,3,4,11
9,36,2026,1,5,16,2,1,12
9,46,2026,1,5,18,5,7,10
9,58,2026,1,5,19,3,9,4
10,0,2026,1,5,19,3,0,7
10,12,2026,1,5,18,2,1,8
10,26,2026,1,5,16,6,3,11
10,31,2026,1,5,14,4,9,6
10,36,2026,1,5,16,4,0,10
10,46,2026,1,5,18,4,4,10
10,58,2026,1,5,19,6,7,9
11,0,2026,1,5,19,5,0,14
11,12,2026,1,5,18,4,4,14
11,26,2026,1,5,16,2,9,7
11,31,2026,1,5,14,4,3,8
11,36,2026,1,5,16,3,1,10
11,46,2026,1,5,18,4,4,10
11,58,2026,1,5,19,2,6,6
12,0,2026,1,5,19,4,0,10
12,12,2026,1,5,18,6,2,14
12,26,2026,1,5,16,5,3,16
12,31,2026,1,5,14,5,9,12
12,36,2026,1,5,16,4,2,14
12,46,2026,1,5,18,3,5,12
12,58,2026,1,5,19,2,7,7
13,0,2026,1,5,19,20,0,27
13,12,2026,1,5,18,30,3,54
13,26,2026,1,5,16,2,25,31
13,31,2026,1,5,14,6,23,14
13,36,2026,1,5,16,4,2,16
13,46,2026,1,5,18,19,3,32
13,58,2026,1,5,19,32,13,51
14,0,2026,1,5,19,15,0,66
14,12,2026,1,5,18,20,20,66
14,26,2026,1,5,16,3,23,46
14,31,2026,1,5,14,6,23,29
14,36,2026,1,5,16,3,3,29
14,46,2026,1,5,18,23,6,46
14,58,2026,1,5,19,19,20,45
15,0,2026,1,5,19,21,0,66
15,12,2026,1,5,18,12,14,64
15,26,2026,1,5,16,2,31,35
15,31,2026,1,5,14,4,21,18
15,36,2026,1,5,16,4,3,19
15,46,2026,1,5,18,19,1,37
15,58,2026,1,5,19,9,17,29
16,0,2026,1,5,19,5,0,34
16,12,2026,1,5,18,3,6,31
16,26,2026,1,5,16,6,9,28
16,31,2026,1,5,14,3,20,11
16,36,2026,1,5,16,4,0,15
16,46,2026,1,5,18,2,7,10
16,58,2026,1,5,19,4,8,6
17,0,2026,1,5,19,4,0,10
17,12,2026,1,5,18,6,5,11
17,26,2026,1,5,16,2,6,7
17,31,2026,1,5,14,5,5,7
17,36,2026,1,5,16,2,2,7
17,46,2026,1,5,18,3,3,7
17,58,2026,1,5,19,2,4,5
18,0,2026,1,5,19,5,0,10
18,12,2026,1,5,18,2,1,11
18,26,2026,1,5,16,5,5,11
18,31,2026,1,5,14,2,6,7
18,36,2026,1,5,16,6,1,12
18,46,2026,1,5,18,3,6,9
18,58,2026,1,5,19,5,4,10
19,0,2026,1,5,19,3,0,13
19,12,2026,1,5,18,6,1,18
19,26,2026,1,5,16,3,7,14
19,31,2026,1,5,14,2,12,4
19,36,2026,1,5,16,5,1,8
19,46,2026,1,5,18,3,0,11
19,58,2026,1,5,19,6,7,10
20,0,2026,1,5,19,3,0,13
20,12,2026,1,5,18,4,5,12
20,26,2026,1,5,16,3,1,14
20,31,2026,1,5,14,3,12,5
20,36,2026,1,5,16,2,0,7
20,46,2026,1,5,18,3,1,9
20,58,2026,1,5,19,6,6,9
21,0,2026,1,5,19,3,0,12
21,12,2026,1,5,18,4,3,13
21,26,2026,1,5,16,3,3,13
21,31,2026,1,5,14,4,8,9
21,36,2026,1,5,16,4,1,12
21,46,2026,1,5,18,2,2,12
21,58,2026,1,5,19,4,8,8
22,0,2026,1,5,19,6,0,14
22,12,2026,1,5,18,2,3,13
22,26,2026,1,5,16,5,6,12
22,31,2026,1,5,14,4,6,10
22,36,2026,1,5,16,5,2,13
22,46,2026,1,5,18,6,4,15
22,58,2026,1,5,19,6,12,9
23,0,2026,1,5,19,4,0,13
23,12,2026,1,5,18,3,4,12
23,26,2026,1,5,16,2,5,9
23,31,2026,1,5,14,5,8,6
23,36,2026,1,5,16,4,2,8
23,46,2026,1,5,18,4,3,9
23,58,2026,1,5,19,0,9,0
6,0,2026,1,6,19,5,0,5
6,12,2026,1,6,18,2,1,6
6,26,2026,1,6,16,16,2,20
6,31,2026,1,6,14,16,9,27
6,36,2026,1,6,16,12,4,35
6,46,2026,1,6,18,3,13,25
6,58,2026,1,6,19,4,18,11
7,0,2026,1,6,19,2,0,13
7,12,2026,1,6,18,1,5,9
7,26,2026,1,6,16,22,2,29
7,31,2026,1,6,14,6,7,28
7,36,2026,1,6,16,11,0,39
7,46,2026,1,6,18,4,21,22
7,58,2026,1,6,19,3,22,3
8,0,2026,1,6,19,4,0,7
8,12,2026,1,6,18,1,6,2
8,26,2026,1,6,16,12,1,13
8,31,2026,1,6,14,9,1,21
8,36,2026,1,6,16,17,0,38
8,46,2026,1,6,18,5,21,22
8,58,2026,1,6,19,5,20,7
9,0,2026,1,6,19,3,0,10
9,12,2026,1,6,18,3,7,6
9,26,2026,1,6,16,6,0,12
9,31,2026,1,6,14,2,4,10
9,36,2026,1,6,16,6,0,16
9,46,2026,1,6,18,1,6,11
9,58,2026,1,6,19,4,11,4
10,0,2026,1,6,19,2,0,6
10,12,2026,1,6,18,2,0,8
10,26,2026,1,6,16,3,4,7
10,31,2026,1,6,14,3,5,5
10,36,2026,1,6,16,3,3,5
10,46,2026,1,6,18,5,3,7
10,58,2026,1,6,19,2,5,4
11,0,2026,1,6,19,3,0,7
11,12,2026,1,6,18,4,1,10
11,26,2026,1,6,16,4,2,12
11,31,2026,1,6,14,6,7,11
11,36,2026,1,6,16,3,0,14
11,46,2026,1,6,18,5,8,11
11,58,2026,1,6,19,6,5,12
12,0,2026,1,6,19,3,0,15
12,12,2026,1,6,18,5,2,18
12,26,2026,1,6,16,4,10,12
12,31,2026,1,6,14,3,6,9
12,36,2026,1,6,16,6,1,14
12,46,2026,1,6,18,2,5,11
12,58,2026,1,6,19,3,8,6
13,0,2026,1,6,19,27,0,33
13,12,2026,1,6,18,20,8,45
13,26,2026,1,6,16,2,18,29
13,31,2026,1,6,14,4,20,13
13,36,2026,1,6,16,6,1,18
13,46,2026,1,6,18,31,8,41
13,58,2026,1,6,19,20,13,48
14,0,2026,1,6,19,18,0,66
14,12,2026,1,6,18,10,10,66
14,26,2026,1,6,16,4,31,39
14,31,2026,1,6,14,2,25,16
14,36,2026,1,6,16,3,2,17
14,46,2026,1,6,18,31,3,45
14,58,2026,1,6,19,11,20,36
15,0,2026,1,6,19,21,0,57
15,12,2026,1,6,18,13,4,66
15,26,2026,1,6,16,3,28,41
15,31,2026,1,6,14,3,25,19
15,36,2026,1,6,16,2,2,19
15,46,2026,1,6,18,14,2,31
15,58,2026,1,6,19,11,19,23
16,0,2026,1,6,19,4,0,27
16,12,2026,1,6,18,6,5,28
16,26,2026,1,6,16,3,9,22
16,31,2026,1,6,14,2,17,7
16,36,2026,1,6,16,2,0,9
16,46,2026,1,6,18,2,1,10
16,58,2026,1,6,19,5,10,5
17,0,2026,1,6,19,2,0,7
17,12,2026,1,6,18,4,3,8
17,26,2026,1,6,16,4,4,8
17,31,2026,1,6,14,3,3,8
17,36,2026,1,6,16,5,1,12
17,46,2026,1,6,18,4,5,11
17,58,2026,1,6,19,5,5,11
18,0,2026,1,6,19,2,0,13
18,12,2026,1,6,18,4,2,15
18,26,2026,1,6,16,3,3,15
18,31,2026,1,6,14,3,12,6
18,36,2026,1,6,16,3,0,9
18,46,2026,1,6,18,6,5,10
18,58,2026,1,6,19,4,5,9
19,0,2026,1,6,19,6,0,15
19,12,2026,1,6,18,2,6,11
19,26,2026,1,6,16,6,4,13
19,31,2026,1,6,14,6,10,9
19,36,2026,1,6,16,5,3,11
19,46,2026,1,6,18,4,2,13
19,58,2026,1,6,19,3,8,8
20,0,2026,1,6,19,5,0,13
20,12,2026,1,6,18,6,1,18
20,26,2026,1,6,16,6,7,17
20,31,2026,1,6,14,2,10,9
20,36,2026,1,6,16,3,0,12
20,46,2026,1,6,18,5,5,12
20,58,2026,1,6,19,5,8,9
21,0,2026,1,6,19,5,0,14
21,12,2026,1,6,18,3,5,12
21,26,2026,1,6,16,2,7,7
21,31,2026,1,6,14,3,6,4
21,36,2026,1,6,16,6,1,9
21,46,2026,1,6,18,3,3,9
21,58,2026,1,6,19,5,1,13
22,0,2026,1,6,19,3,0,16
22,12,2026,1,6,18,5,6,15
22,26,2026,1,6,16,4,4,15
22,31,2026,1,6,14,5,8,12
22,36,2026,1,6,16,5,2,15
22,46,2026,1,6,18,2,7,10
22,58,2026,1,6,19,3,7,6
23,0,2026,1,6,19,5,0,11
23,12,2026,1,6,18,3,2,12
23,26,2026,1,6,16,5,5,12
23,31,2026,1,6,14,4,9,7
23,36,2026,1,6,16,6,2,11
23,46,2026,1,6,18,3,7,7
23,58,2026,1,6,19,0,7,0
6,0,2026,1,7,19,2,0,2
6,12,2026,1,7,18,3,1,4
6,26,2026,1,7,16,13,2,15
6,31,2026,1,7,14,22,5,32
6,36,2026,1,7,16,13,10,35
6,46,2026,1,7,18,5,13,27
6,58,2026,1,7,19,6,20,13
7,0,2026,1,7,19,1,0,14
7,12,2026,1,7,18,1,7,8
7,26,2026,1,7,16,7,2,13
7,31,2026,1,7,14,6,6,13
7,36,2026,1,7,16,14,1,26
7,46,2026,1,7,18,3,14,15
7,58,2026,1,7,19,4,15,4
8,0,2026,1,7,19,5,0,9
8,12,2026,1,7,18,2,8,3
8,26,2026,1,7,16,21,0,24
8,31,2026,1,7,14,16,1,39
8,36,2026,1,7,16,15,1,53
8,46,2026,1,7,18,5,26,32
8,58,2026,1,7,19,1,26,7
9,0,2026,1,7,19,4,0,11
9,12,2026,1,7,18,2,3,10
9,26,2026,1,7,16,6,3,13
9,31,2026,1,7,14,2,6,9
9,36,2026,1,7,16,6,1,14
9,46,2026,1,7,18,2,10,6
9,58,2026,1,7,19,5,6,5
10,0,2026,1,7,19,5,0,10
10,12,2026,1,7,18,2,2,10
10,26,2026,1,7,16,2,4,8
10,31,2026,1,7,14,4,6,6
10,36,2026,1,7,16,3,2,7
10,46,2026,1,7,18,6,1,12
10,58,2026,1,7,19,3,6,9
11,0,2026,1,7,19,4,0,13
11,12,2026,1,7,18,5,1,17
11,26,2026,1,7,16,6,5,18
11,31,2026,1,7,14,2,12,8
11,36,2026,1,7,16,3,1,10
11,46,2026,1,7,18,3,2,11
11,58,2026,1,7,19,3,7,7
12,0,2026,1,7,19,6,0,13
12,12,2026,1,7,18,4,1,16
12,26,2026,1,7,16,2,7,11
12,31,2026,1,7,14,6,9,8
12,36,2026,1,7,16,3,3,8
12,46,2026,1,7,18,5,3,10
12,58,2026,1,7,19,6,7,9
13,0,2026,1,7,19,29,0,38
13,12,2026,1,7,18,18,12,44
13,26,2026,1,7,16,3,24,23
13,31,2026,1,7,14,4,17,10
13,36,2026,1,7,16,2,1,11
13,46,2026,1,7,18,7,2,16
13,58,2026,1,7,19,8,10,14
14,0,2026,1,7,19,25,0,39
14,12,2026,1,7,18,13,3,49
14,26,2026,1,7,16,5,23,31
14,31,2026,1,7,14,3,20,14
14,36,2026,1,7,16,3,1,16
14,46,2026,1,7,18,13,7,22
14,58,2026,1,7,19,32,11,43
15,0,2026,1,7,19,23,0,66
15,12,2026,1,7,18,16,16,66
15,26,2026,1,7,16,3,30,39
15,31,2026,1,7,14,5,20,24
15,36,2026,1,7,16,5,3,26
15,46,2026,1,7,18,9,6,29
15,58,2026,1,7,19,11,23,17
16,0,2026,1,7,19,3,0,20
16,12,2026,1,7,18,5,3,22
16,26,2026,1,7,16,6,7,21
16,31,2026,1,7,14,4,14,11
16,36,2026,1,7,16,6,2,15
16,46,2026,1,7,18,3,6,12
16,58,2026,1,7,19,4,9,7
17,0,2026,1,7,19,5,0,12
17,12,2026,1,7,18,5,2,15
17,26,2026,1,7,16,6,11,10
17,31,2026,1,7,14,2,7,5
17,36,2026,1,7,16,6,1,10
17,46,2026,1,7,18,5,3,12
17,58,2026,1,7,19,3,4,11
18,0,2026,1,7,19,2,0,13
18,12,2026,1,7,18,2,4,11
18,26,2026,1,7,16,3,3,11
18,31,2026,1,7,14,4,9,6
18,36,2026,1,7,16,2,3,5
18,46,2026,1,7,18,4,4,5
18,58,2026,1,7,19,3,3,5
19,0,2026,1,7,19,6,0,11
19,12,2026,1,7,18,6,3,14
19,26,2026,1,7,16,4,3,15
19,31,2026,1,7,14,3,9,9
19,36,2026,1,7,16,6,2,13
19,46,2026,1,7,18,4,3,14
19,58,2026,1,7,19,3,9,8
20,0,2026,1,7,19,3,0,11
20,12,2026,1,7,18,5,0,16
20,26,2026,1,7,16,3,4,15
20,31,2026,1,7,14,3,11,7
20,36,2026,1,7,16,5,3,9
20,46,2026,1,7,18,3,4,8
20,58,2026,1,7,19,3,6,5
21,0,2026,1,7,19,4,0,9
21,12,2026,1,7,18,3,3,9
21,26,2026,1,7,16,3,2,10
21,31,2026,1,7,14,3,8,5
21,36,2026,1,7,16,4,1,8
21,46,2026,1,7,18,2,4,6
21,58,2026,1,7,19,4,3,7
22,0,2026,1,7,19,4,0,11
22,12,2026,1,7,18,2,1,12
22,26,2026,1,7,16,3,4,11
22,31,2026,1,7,14,5,9,7
22,36,2026,1,7,16,2,1,8
22,46,2026,1,7,18,6,1,13
22,58,2026,1,7,19,6,6,13
23,0,2026,1,7,19,5,0,18
23,12,2026,1,7,18,4,4,18
23,26,2026,1,7,16,5,8,15
23,31,2026,1,7,14,4,11,8
23,36,2026,1,7,16,2,1,9
23,46,2026,1,7,18,3,4,8
23,58,2026,1,7,19,0,8,0
6,0,2026,1,8,19,6,0,6
6,12,2026,1,8,18,4,2,8
6,26,2026,1,8,16,22,5,25
6,31,2026,1,8,14,20,14,31
6,36,2026,1,8,16,16,7,40
6,46,2026,1,8,18,3,23,20
6,58,2026,1,8,19,2,12,10
7,0,2026,1,8,19,3,0,13
7,12,2026,1,8,18,1,5,9
7,26,2026,1,8,16,5,1,13
7,31,2026,1,8,14,12,7,18
7,36,2026,1,8,16,20,1,37
7,46,2026,1,8,18,2,17,22
7,58,2026,1,8,19,2,20,4
8,0,2026,1,8,19,5,0,9
8,12,2026,1,8,18,1,5,5
8,26,2026,1,8,16,20,3,22
8,31,2026,1,8,14,11,2,31
8,36,2026,1,8,16,16,0,47
8,46,2026,1,8,18,3,23,27
8,58,2026,1,8,19,1,24,4
9,0,2026,1,8,19,5,0,9
9,12,2026,1,8,18,3,5,7
9,26,2026,1,8,16,2,1,8
9,31,2026,1,8,14,4,3,9
9,36,2026,1,8,16,3,0,12
9,46,2026,1,8,18,1,5,8
9,58,2026,1,8,19,1,7,2
10,0,2026,1,8,19,5,0,7
10,12,2026,1,8,18,4,1,10
10,26,2026,1,8,16,2,4,8
10,31,2026,1,8,14,6,6,8
10,36,2026,1,8,16,3,3,8
10,46,2026,1,8,18,3,5,6
10,58,2026,1,8,19,3,2,7
11,0,2026,1,8,19,3,0,10
11,12,2026,1,8,18,3,2,11
11,26,2026,1,8,16,6,5,12
11,31,2026,1,8,14,2,7,7
11,36,2026,1,8,16,3,1,9
11,46,2026,1,8,18,5,3,11
11,58,2026,1,8,19,6,5,12
12,0,2026,1,8,19,4,0,16
12,12,2026,1,8,18,5,4,17
12,26,2026,1,8,16,5,5,17
12,31,2026,1,8,14,6,13,10
12,36,2026,1,8,16,4,3,11
12,46,2026,1,8,18,6,6,11
12,58,2026,1,8,19,3,6,8
13,0,2026,1,8,19,28,0,36
13,12,2026,1,8,18,31,9,58
13,26,2026,1,8,16,4,25,37
13,31,2026,1,8,14,2,27,12
13,36,2026,1,8,16,3,0,15
13,46,2026,1,8,18,22,4,33
13,58,2026,1,8,19,24,14,43
14,0,2026,1,8,19,16,0,59
14,12,2026,1,8,18,18,11,66
14,26,2026,1,8,16,2,27,41
14,31,2026,1,8,14,3,21,23
14,36,2026,1,8,16,5,0,28
14,46,2026,1,8,18,27,4,51
14,58,2026,1,8,19,15,21,45
15,0,2026,1,8,19,21,0,66
15,12,2026,1,8,18,14,24,56
15,26,2026,1,8,16,6,20,42
15,31,2026,1,8,14,5,22,25
15,36,2026,1,8,16,3,4,24
15,46,2026,1,8,18,24,5,43
15,58,2026,1,8,19,16,23,36
16,0,2026,1,8,19,3,0,39
16,12,2026,1,8,18,4,8,35
16,26,2026,1,8,16,3,21,17
16,31,2026,1,8,14,4,12,9
16,36,2026,1,8,16,6,1,14
16,46,2026,1,8,18,6,3,17
16,58,2026,1,8,19,3,7,13
17,0,2026,1,8,19,6,0,19
17,12,2026,1,8,18,4,3,20
17,26,2026,1,8,16,6,8,18
17,31,2026,1,8,14,4,13,9
17,36,2026,1,8,16,2,0,11
17,46,2026,1,8,18,6,7,10
17,58,2026,1,8,19,2,4,8
18,0,2026,1,8,19,6,0,14
18,12,2026,1,8,18,5,3,16
18,26,2026,1,8,16,4,8,12
18,31,2026,1,8,14,3,7,8
18,36,2026,1,8,16,2,0,10
18,46,2026,1,8,18,6,4,12
18,58,2026,1,8,19,6,7,11
19,0,2026,1,8,19,4,0,15
19,12,2026,1,8,18,6,7,14
19,26,2026,1,8,16,5,8,11
19,31,2026,1,8,14,3,6,8
19,36,2026,1,8,16,5,0,13
19,46,2026,1,8,18,5,3,15
19,58,2026,1,8,19,6,12,9
20,0,2026,1,8,19,5,0,14
20,12,2026,1,8,18,3,4,13
20,26,2026,1,8,16,3,6,10
20,31,2026,1,8,14,6,7,9
20,36,2026,1,8,16,6,4,11
20,46,2026,1,8,18,6,3,14
20,58,2026,1,8,19,4,5,13
21,0,2026,1,8,19,3,0,16
21,12,2026,1,8,18,6,2,20
21,26,2026,1,8,16,3,7,16
21,31,2026,1,8,14,4,13,7
21,36,2026,1,8,16,2,4,5
21,46,2026,1,8,18,4,1,8
21,58,2026,1,8,19,5,4,9
22,0,2026,1,8,19,5,0,14
22,12,2026,1,8,18,4,1,17
22,26,2026,1,8,16,6,8,15
22,31,2026,1,8,14,4,9,10
22,36,2026,1,8,16,4,0,14
22,46,2026,1,8,18,5,6,13
22,58,2026,1,8,19,5,10,8
23,0,2026,1,8,19,5,0,13
23,12,2026,1,8,18,6,4,15
23,26,2026,1,8,16,2,6,11
23,31,2026,1,8,14,2,9,4
23,36,2026,1,8,16,6,1,9
23,46,2026,1,8,18,5,4,10
23,58,2026,1,8,19,0,10,0
6,0,2026,1,9,19,6,0,6
6,12,2026,1,9,18,5,2,9
6,26,2026,1,9,16,6,3,12
6,31,2026,1,9,14,20,7,25
6,36,2026,1,9,16,19,5,39
6,46,2026,1,9,18,2,18,23
6,58,2026,1,9,19,2,18,7
7,0,2026,1,9,19,3,0,10
7,12,2026,1,9,18,5,4,11
7,26,2026,1,9,16,18,2,27
7,31,2026,1,9,14,21,6,42
7,36,2026,1,9,16,9,1,50
7,46,2026,1,9,18,4,23,31
7,58,2026,1,9,19,2,26,7
8,0,2026,1,9,19,1,0,8
8,12,2026,1,9,18,1,3,6
8,26,2026,1,9,16,16,3,19
8,31,2026,1,9,14,12,4,27
8,36,2026,1,9,16,17,0,44
8,46,2026,1,9,18,1,17,28
8,58,2026,1,9,19,5,27,6
9,0,2026,1,9,19,3,0,9
9,12,2026,1,9,18,2,8,3
9,26,2026,1,9,16,5,0,8
9,31,2026,1,9,14,4,1,11
9,36,2026,1,9,16,2,0,13
9,46,2026,1,9,18,5,5,13
9,58,2026,1,9,19,5,11,7
10,0,2026,1,9,19,2,0,9
10,12,2026,1,9,18,6,2,13
10,26,2026,1,9,16,2,7,8
10,31,2026,1,9,14,4,6,6
10,36,2026,1,9,16,6,1,11
10,46,2026,1,9,18,4,7,8
10,58,2026,1,9,19,4,4,8
11,0,2026,1,9,19,5,0,13
11,12,2026,1,9,18,4,2,15
11,26,2026,1,9,16,6,5,16
11,31,2026,1,9,14,6,12,10
11,36,2026,1,9,16,6,3,13
11,46,2026,1,9,18,2,6,9
11,58,2026,1,9,19,4,5,8
12,0,2026,1,9,19,5,0,13
12,12,2026,1,9,18,5,1,17
12,26,2026,1,9,16,2,5,14
12,31,2026,1,9,14,2,10,6
12,36,2026,1,9,16,5,0,11
12,46,2026,1,9,18,3,5,9
12,58,2026,1,9,19,3,6,6
13,0,2026,1,9,19,16,0,22
13,12,2026,1,9,18,27,9,40
13,26,2026,1,9,16,3,15,28
13,31,2026,1,9,14,5,23,10
13,36,2026,1,9,16,3,1,12
13,46,2026,1,9,18,23,5,30
13,58,2026,1,9,19,15,9,36
14,0,2026,1,9,19,14,0,50
14,12,2026,1,9,18,21,5,66
14,26,2026,1,9,16,5,24,47
14,31,2026,1,9,14,5,21,31
14,36,2026,1,9,16,6,4,33
14,46,2026,1,9,18,8,9,32
14,58,2026,1,9,19,24,21,35
15,0,2026,1,9,19,21,0,56
15,12,2026,1,9,18,11,9,58
15,26,2026,1,9,16,6,22,42
15,31,2026,1,9,14,3,25,20
15,36,2026,1,9,16,5,1,24
15,46,2026,1,9,18,18,7,35
15,58,2026,1,9,19,27,17,45
16,0,2026,1,9,19,6,0,51
16,12,2026,1,9,18,6,10,47
16,26,2026,1,9,16,4,23,28
16,31,2026,1,9,14,6,22,12
16,36,2026,1,9,16,5,1,16
16,46,2026,1,9,18,3,7,12
16,58,2026,1,9,19,3,9,6
17,0,2026,1,9,19,2,0,8
17,12,2026,1,9,18,6,3,11
17,26,2026,1,9,16,5,7,9
17,31,2026,1,9,14,6,3,12
17,36,2026,1,9,16,3,1,14
17,46,2026,1,9,18,4,5,13
17,58,2026,1,9,19,3,9,7
18,0,2026,1,9,19,6,0,13
18,12,2026,1,9,18,5,1,17
18,26,2026,1,9,16,4,6,15
18,31,2026,1,9,14,5,8,12
18,36,2026,1,9,16,5,0,17
18,46,2026,1,9,18,6,8,15
18,58,2026,1,9,19,6,12,9
19,0,2026,1,9,19,4,0,13
19,12,2026,1,9,18,5,4,14
19,26,2026,1,9,16,2,5,11
19,31,2026,1,9,14,3,7,7
19,36,2026,1,9,16,3,1,9
19,46,2026,1,9,18,4,2,11
19,58,2026,1,9,19,4,8,7
20,0,2026,1,9,19,5,0,12
20,12,2026,1,9,18,4,3,13
20,26,2026,1,9,16,4,6,11
20,31,2026,1,9,14,2,7,6
20,36,2026,1,9,16,5,2,9
20,46,2026,1,9,18,2,3,8
20,58,2026,1,9,19,5,5,8
21,0,2026,1,9,19,4,0,12
21,12,2026,1,9,18,3,2,13
21,26,2026,1,9,16,3,3,13
21,31,2026,1,9,14,6,11,8
21,36,2026,1,9,16,4,2,10
21,46,2026,1,9,18,5,5,10
21,58,2026,1,9,19,6,5,11
22,0,2026,1,9,19,4,0,15
22,12,2026,1,9,18,4,2,17
22,26,2026,1,9,16,6,11,12
22,31,2026,1,9,14,2,8,6
22,36,2026,1,9,16,5,0,11
22,46,2026,1,9,18,5,5,11
22,58,2026,1,9,19,5,6,10
23,0,2026,1,9,19,4,0,14
23,12,2026,1,9,18,5,3,16
23,26,2026,1,9,16,6,6,16
23,31,2026,1,9,14,5,10,11
23,36,2026,1,9,16,2,2,11
23,46,2026,1,9,18,2,6,7
23,58,2026,1,9,19,0,7,0
6,0,2026,1,10,19,6,0,6
6,12,2026,1,10,18,4,2,8
6,26,2026,1,10,16,6,4,10
6,31,2026,1,10,14,14,5,19
6,36,2026,1,10,16,19,6,32
6,46,2026,1,10,18,2,16,18
6,58,2026,1,10,19,6,12,12
7,0,2026,1,10,19,4,0,16
7,12,2026,1,10,18,3,8,11
7,26,2026,1,10,16,20,3,28
7,31,2026,1,10,14,19,8,39
7,36,2026,1,10,16,8,1,46
7,46,2026,1,10,18,4,19,31
7,58,2026,1,10,19,3,27,7
8,0,2026,1,10,19,5,0,12
8,12,2026,1,10,18,5,8,9
8,26,2026,1,10,16,8,3,14
8,31,2026,1,10,14,14,4,24
8,36,2026,1,10,16,7,0,31
8,46,2026,1,10,18,1,14,18
8,58,2026,1,10,19,2,18,2
9,0,2026,1,10,19,2,0,4
9,12,2026,1,10,18,2,4,2
9,26,2026,1,10,16,4,0,6
9,31,2026,1,10,14,6,0,12
9,36,2026,1,10,16,6,0,18
9,46,2026,1,10,18,4,9,13
9,58,2026,1,10,19,4,13,4
10,0,2026,1,10,19,2,0,6
10,12,2026,1,10,18,6,3,9
10,26,2026,1,10,16,3,4,8
10,31,2026,1,10,14,2,5,5
10,36,2026,1,10,16,5,2,8
10,46,2026,1,10,18,2,2,8
10,58,2026,1,10,19,5,4,9
11,0,2026,1,10,19,2,0,11
11,12,2026,1,10,18,4,2,13
11,26,2026,1,10,16,4,4,13
11,31,2026,1,10,14,5,8,10
11,36,2026,1,10,16,5,1,14
11,46,2026,1,10,18,2,6,10
11,58,2026,1,10,19,2,5,7
12,0,2026,1,10,19,4,0,11
12,12,2026,1,10,18,6,1,16
12,26,2026,1,10,16,6,5,17
12,31,2026,1,10,14,4,11,10
12,36,2026,1,10,16,3,1,12
12,46,2026,1,10,18,3,5,10
12,58,2026,1,10,19,4,7,7
13,0,2026,1,10,19,19,0,26
13,12,2026,1,10,18,30,2,54
13,26,2026,1,10,16,6,19,41
13,31,2026,1,10,14,2,25,18
13,36,2026,1,10,16,2,1,19
13,46,2026,1,10,18,23,5,37
13,58,2026,1,10,19,18,17,38
14,0,2026,1,10,19,26,0,64
14,12,2026,1,10,18,10,8,66
14,26,2026,1,10,16,5,28,43
14,31,2026,1,10,14,5,28,20
14,36,2026,1,10,16,2,2,20
14,46,2026,1,10,18,23,5,38
14,58,2026,1,10,19,27,17,48
15,0,2026,1,10,19,18,0,66
15,12,2026,1,10,18,14,22,58
15,26,2026,1,10,16,5,24,39
15,31,2026,1,10,14,6,20,25
15,36,2026,1,10,16,4,3,26
15,46,2026,1,10,18,9,7,28
15,58,2026,1,10,19,15,20,23
16,0,2026,1,10,19,4,0,27
16,12,2026,1,10,18,6,6,27
16,26,2026,1,10,16,5,17,15
16,31,2026,1,10,14,5,9,11
16,36,2026,1,10,16,4,1,14
16,46,2026,1,10,18,3,4,13
16,58,2026,1,10,19,2,11,4
17,0,2026,1,10,19,6,0,10
17,12,2026,1,10,18,6,3,13
17,26,2026,1,10,16,2,6,9
17,31,2026,1,10,14,2,4,7
17,36,2026,1,10,16,4,0,11
17,46,2026,1,10,18,2,5,8
17,58,2026,1,10,19,3,7,4
18,0,2026,1,10,19,5,0,9
18,12,2026,1,10,18,2,2,9
18,26,2026,1,10,16,4,6,7
18,31,2026,1,10,14,3,4,6
18,36,2026,1,10,16,3,0,9
18,46,2026,1,10,18,3,4,8
18,58,2026,1,10,19,6,5,9
19,0,2026,1,10,19,6,0,15
19,12,2026,1,10,18,6,5,16
19,26,2026,1,10,16,4,4,16
19,31,2026,1,10,14,2,10,8
19,36,2026,1,10,16,6,0,14
19,46,2026,1,10,18,5,4,15
19,58,2026,1,10,19,3,11,7
20,0,2026,1,10,19,2,0,9
20,12,2026,1,10,18,6,2,13
20,26,2026,1,10,16,6,8,11
20,31,2026,1,10,14,5,3,13
20,36,2026,1,10,16,3,1,15
20,46,2026,1,10,18,2,5,12
20,58,2026,1,10,19,6,9,9
21,0,2026,1,10,19,2,0,11
21,12,2026,1,10,18,2,4,9
21,26,2026,1,10,16,6,6,9
21,31,2026,1,10,14,2,5,6
21,36,2026,1,10,16,4,1,9
21,46,2026,1,10,18,6,5,10
21,58,2026,1,10,19,6,5,11
22,0,2026,1,10,19,5,0,16
22,12,2026,1,10,18,2,6,12
22,26,2026,1,10,16,3,3,12
22,31,2026,1,10,14,6,11,7
22,36,2026,1,10,16,2,2,7
22,46,2026,1,10,18,5,3,9
22,58,2026,1,10,19,5,6,8
23,0,2026,1,10,19,5,0,13
23,12,2026,1,10,18,2,3,12
23,26,2026,1,10,16,4,1,15
23,31,2026,1,10,14,3,13,5
23,36,2026,1,10,16,6,1,10
23,46,2026,1,10,18,3,3,10
23,58,2026,1,10,19,0,10,0
6,0,2026,1,11,19,4,0,4
6,12,2026,1,11,18,5,0,9
6,26,2026,1,11,16,20,5,24
6,31,2026,1,11,14,11,9,26
6,36,2026,1,11,16,15,5,36
6,46,2026,1,11,18,2,13,25
6,58,2026,1,11,19,5,15,15
7,0,2026,1,11,19,2,0,17
7,12,2026,1,11,18,2,5,14
7,26,2026,1,11,16,10,3,21
7,31,2026,1,11,14,22,9,34
7,36,2026,1,11,16,18,2,50
7,46,2026,1,11,18,2,20,32
7,58,2026,1,11,19,5,30,7
8,0,2026,1,11,19,4,0,11
8,12,2026,1,11,18,3,5,9
8,26,2026,1,11,16,6,4,11
8,31,2026,1,11,14,9,3,17
8,36,2026,1,11,16,20,0,37
8,46,2026,1,11,18,1,16,22
8,58,2026,1,11,19,4,20,6
9,0,2026,1,11,19,5,0,11
9,12,2026,1,11,18,1,8,4
9,26,2026,1,11,16,6,1,9
9,31,2026,1,11,14,6,3,12
9,36,2026,1,11,16,3,0,15
9,46,2026,1,11,18,2,7,10
9,58,2026,1,11,19,2,9,3
10,0,2026,1,11,19,5,0,8
10,12,2026,1,11,18,2,2,8
10,26,2026,1,11,16,5,3,10
10,31,2026,1,11,14,5,5,10
10,36,2026,1,11,16,5,1,14
10,46,2026,1,11,18,6,5,15
10,58,2026,1,11,19,6,9,12
11,0,2026,1,11,19,4,0,16
11,12,2026,1,11,18,6,4,18
11,26,2026,1,11,16,3,9,12
11,31,2026,1,11,14,3,11,4
11,36,2026,1,11,16,5,0,9
11,46,2026,1,11,18,5,3,11
11,58,2026,1,11,19,3,7,7
12,0,2026,1,11,19,3,0,10
12,12,2026,1,11,18,5,1,14
12,26,2026,1,11,16,6,5,15
12,31,2026,1,11,14,3,6,12
12,36,2026,1,11,16,6,2,16
12,46,2026,1,11,18,5,5,16
12,58,2026,1,11,19,5,12,9
13,0,2026,1,11,19,8,0,17
13,12,2026,1,11,18,29,3,43
13,26,2026,1,11,16,2,19,26
13,31,2026,1,11,14,5,19,12
13,36,2026,1,11,16,5,1,16
13,46,2026,1,11,18,9,4,21
13,58,2026,1,11,19,31,10,42
14,0,2026,1,11,19,21,0,63
14,12,2026,1,11,18,15,12,66
14,26,2026,1,11,16,5,28,43
14,31,2026,1,11,14,5,23,25
14,36,2026,1,11,16,2,3,24
14,46,2026,1,11,18,7,5,26
14,58,2026,1,11,19,17,20,23
15,0,2026,1,11,19,24,0,47
15,12,2026,1,11,18,26,10,63
15,26,2026,1,11,16,6,21,48
15,31,2026,1,11,14,5,36,17
15,36,2026,1,11,16,4,1,20
15,46,2026,1,11,18,15,5,30
15,58,2026,1,11,19,17,18,29
16,0,2026,1,11,19,3,0,32
16,12,2026,1,11,18,2,5,29
16,26,2026,1,11,16,5,11,23
16,31,2026,1,11,14,2,19,6
16,36,2026,1,11,16,3,0,9
16,46,2026,1,11,18,5,4,10
16,58,2026,1,11,19,4,6,8
17,0,2026,1,11,19,2,0,10
17,12,2026,1,11,18,3,1,12
17,26,2026,1,11,16,5,6,11
17,31,2026,1,11,14,3,7,7
17,36,2026,1,11,16,2,2,7
17,46,2026,1,11,18,3,2,8
17,58,2026,1,11,19,4,5,7
18,0,2026,1,11,19,6,0,13
18,12,2026,1,11,18,3,3,13
18,26,2026,1,11,16,6,4,15
18,31,2026,1,11,14,6,10,11
18,36,2026,1,11,16,4,3,12
18,46,2026,1,11,18,5,2,15
18,58,2026,1,11,19,2,9,8
19,0,2026,1,11,19,3,0,11
19,12,2026,1,11,18,6,0,17
19,26,2026,1,11,16,2,4,15
19,31,2026,1,11,14,5,11,9
19,36,2026,1,11,16,6,2,13
19,46,2026,1,11,18,3,5,11
19,58,2026,1,11,19,4,8,7
20,0,2026,1,11,19,4,0,11
20,12,2026,1,11,18,4,4,11
20,26,2026,1,11,16,5,5,11
20,31,2026,1,11,14,4,8,7
20,36,2026,1,11,16,6,3,10
20,46,2026,1,11,18,6,4,12
20,58,2026,1,11,19,2,6,8
21,0,2026,1,11,19,6,0,14
21,12,2026,1,11,18,3,3,14
21,26,2026,1,11,16,2,6,10
21,31,2026,1,11,14,5,7,8
21,36,2026,1,11,16,5,3,10
21,46,2026,1,11,18,5,4,11
21,58,2026,1,11,19,6,5,12
22,0,2026,1,11,19,6,0,18
22,12,2026,1,11,18,4,6,16
22,26,2026,1,11,16,3,6,13
22,31,2026,1,11,14,5,10,8
22,36,2026,1,11,16,4,0,12
22,46,2026,1,11,18,6,4,14
22,58,2026,1,11,19,6,8,12
23,0,2026,1,11,19,5,0,17
23,12,2026,1,11,18,2,2,17
23,26,2026,1,11,16,5,5,17
23,31,2026,1,11,14,5,12,10
23,36,2026,1,11,16,4,2,12
23,46,2026,1,11,18,2,7,7
23,58,2026,1,11,19,0,7,0
6,0,2026,1,12,19,3,0,3
6,12,2026,1,12,18,6,2,7
6,26,2026,1,12,16,9,3,13
6,31,2026,1,12,14,7,7,13
6,36,2026,1,12,16,5,3,15
6,46,2026,1,12,18,6,7,14
6,58,2026,1,12,19,6,10,10
7,0,2026,1,12,19,2,0,12
7,12,2026,1,12,18,5,8,9
7,26,2026,1,12,16,10,1,18
7,31,2026,1,12,14,15,3,30
7,36,2026,1,12,16,12,1,41
7,46,2026,1,12,18,1,19,23
7,58,2026,1,12,19,2,21,4
8,0,2026,1,12,19,2,0,6
8,12,2026,1,12,18,5,4,7
8,26,2026,1,12,16,12,1,18
8,31,2026,1,12,14,20,3,35
8,36,2026,1,12,16,6,1,40
8,46,2026,1,12,18,3,17,26
8,58,2026,1,12,19,3,21,8
9,0,2026,1,12,19,2,0,10
9,12,2026,1,12,18,2,3,9
9,26,2026,1,12,16,4,3,10
9,31,2026,1,12,14,3,5,8
9,36,2026,1,12,16,5,0,13
9,46,2026,1,12,18,1,8,6
9,58,2026,1,12,19,3,5,4
10,0,2026,1,12,19,5,0,9
10,12,2026,1,12,18,2,3,8
10,26,2026,1,12,16,3,3,8
10,31,2026,1,12,14,5,5,8
10,36,2026,1,12,16,4,1,11
10,46,2026,1,12,18,3,6,8
10,58,2026,1,12,19,5,4,9
11,0,2026,1,12,19,5,0,14
11,12,2026,1,12,18,5,4,15
11,26,2026,1,12,16,4,3,16
11,31,2026,1,12,14,6,12,10
11,36,2026,1,12,16,3,0,13
11,46,2026,1,12,18,4,5,12
11,58,2026,1,12,19,5,7,10
12,0,2026,1,12,19,6,0,16
12,12,2026,1,12,18,3,3,16
12,26,2026,1,12,16,3,6,13
12,31,2026,1,12,14,2,11,4
12,36,2026,1,12,16,6,1,9
12,46,2026,1,12,18,3,5,7
12,58,2026,1,12,19,6,4,9
13,0,2026,1,12,19,31,0,40
13,12,2026,1,12,18,7,6,41
13,26,2026,1,12,16,2,19,24
13,31,2026,1,12,14,3,20,7
13,36,2026,1,12,16,6,1,12
13,46,2026,1,12,18,13,5,20
13,58,2026,1,12,19,28,10,38
14,0,2026,1,12,19,28,0,66
14,12,2026,1,12,18,14,14,66
14,26,2026,1,12,16,3,29,40
14,31,2026,1,12,14,5,23,22
14,36,2026,1,12,16,6,1,27
14,46,2026,1,12,18,8,3,32
14,58,2026,1,12,19,27,20,39
15,0,2026,1,12,19,10,0,49
15,12,2026,1,12,18,14,13,50
15,26,2026,1,12,16,5,25,30
15,31,2026,1,12,14,3,21,12
15,36,2026,1,12,16,3,3,12
15,46,2026,1,12,18,31,6,37
15,58,2026,1,12,19,19,10,46
16,0,2026,1,12,19,4,0,50
16,12,2026,1,12,18,3,5,48
16,26,2026,1,12,16,6,24,30
16,31,2026,1,12,14,4,21,13
16,36,2026,1,12,16,3,1,15
16,46,2026,1,12,18,5,4,16
16,58,2026,1,12,19,3,14,5
17,0,2026,1,12,19,3,0,8
17,12,2026,1,12,18,3,2,9
17,26,2026,1,12,16,3,5,7
17,31,2026,1,12,14,2,6,3
17,36,2026,1,12,16,6,0,9
17,46,2026,1,12,18,4,5,8
17,58,2026,1,12,19,3,3,8
18,0,2026,1,12,19,5,0,13
18,12,2026,1,12,18,6,2,17
18,26,2026,1,12,16,5,6,16
18,31,2026,1,12,14,5,10,11
18,36,2026,1,12,16,6,1,16
18,46,2026,1,12,18,6,7,15
18,58,2026,1,12,19,3,11,7
19,0,2026,1,12,19,2,0,9
19,12,2026,1,12,18,4,3,10
19,26,2026,1,12,16,6,2,14
19,31,2026,1,12,14,6,10,10
19,36,2026,1,12,16,5,1,14
19,46,2026,1,12,18,5,5,14
19,58,2026,1,12,19,6,10,10
20,0,2026,1,12,19,4,0,14
20,12,2026,1,12,18,3,4,13
20,26,2026,1,12,16,4,5,12
20,31,2026,1,12,14,2,9,5
20,36,2026,1,12,16,4,1,8
20,46,2026,1,12,18,2,2,8
20,58,2026,1,12,19,2,3,7
21,0,2026,1,12,19,4,0,11
21,12,2026,1,12,18,2,0,13
21,26,2026,1,12,16,5,4,14
21,31,2026,1,12,14,2,8,8
21,36,2026,1,12,16,2,2,8
21,46,2026,1,12,18,2,4,6
21,58,2026,1,12,19,5,3,8
22,0,2026,1,12,19,2,0,10
22,12,2026,1,12,18,6,4,12
22,26,2026,1,12,16,3,4,11
22,31,2026,1,12,14,5,8,8
22,36,2026,1,12,16,3,4,7
22,46,2026,1,12,18,2,4,5
22,58,2026,1,12,19,2,4,3
23,0,2026,1,12,19,2,0,5
23,12,2026,1,12,18,3,1,7
23,26,2026,1,12,16,3,1,9
23,31,2026,1,12,14,6,4,11
23,36,2026,1,12,16,4,1,14
23,46,2026,1,12,18,5,5,14
23,58,2026,1,12,19,0,14,0
6,0,2026,1,13,19,2,0,2
6,12,2026,1,13,18,3,1,4
6,26,2026,1,13,16,8,1,11
6,31,2026,1,13,14,5,5,11
6,36,2026,1,13,16,7,1,17
6,46,2026,1,13,18,4,6,15
6,58,2026,1,13,19,2,11,6
7,0,2026,1,13,19,5,0,11
7,12,2026,1,13,18,4,7,8
7,26,2026,1,13,16,6,1,13
7,31,2026,1,13,14,8,3,18
7,36,2026,1,13,16,11,1,28
7,46,2026,1,13,18,5,10,23
7,58,2026,1,13,19,5,23,5
8,0,2026,1,13,19,4,0,9
8,12,2026,1,13,18,2,8,3
8,26,2026,1,13,16,18,0,21
8,31,2026,1,13,14,17,5,33
8,36,2026,1,13,16,11,3,41
8,46,2026,1,13,18,1,19,23
8,58,2026,1,13,19,3,22,4
9,0,2026,1,13,19,2,0,6
9,12,2026,1,13,18,2,5,3
9,26,2026,1,13,16,3,1,5
9,31,2026,1,13,14,3,1,7
9,36,2026,1,13,16,2,0,9
9,46,2026,1,13,18,4,4,9
9,58,2026,1,13,19,3,9,3
10,0,2026,1,13,19,4,0,7
10,12,2026,1,13,18,2,3,6
10,26,2026,1,13,16,6,3,9
10,31,2026,1,13,14,2,4,7
10,36,2026,1,13,16,4,0,11
10,46,2026,1,13,18,4,3,12
10,58,2026,1,13,19,4,9,7
11,0,2026,1,13,19,6,0,13
11,12,2026,1,13,18,4,6,11
11,26,2026,1,13,16,5,5,11
11,31,2026,1,13,14,6,8,9
11,36,2026,1,13,16,3,2,10
11,46,2026,1,13,18,6,5,11
11,58,2026,1,13,19,6,6,11
12,0,2026,1,13,19,5,0,16
12,12,2026,1,13,18,2,4,14
12,26,2026,1,13,16,2,4,12
12,31,2026,1,13,14,6,10,8
12,36,2026,1,13,16,2,1,9
12,46,2026,1,13,18,4,6,7
12,58,2026,1,13,19,5,4,8
13,0,2026,1,13,19,11,0,19
13,12,2026,1,13,18,32,6,45
13,26,2026,1,13,16,6,15,36
13,31,2026,1,13,14,6,21,21
13,36,2026,1,13,16,2,4,19
13,46,2026,1,13,18,24,5,38
13,58,2026,1,13,19,12,18,32
14,0,2026,1,13,19,17,0,49
14,12,2026,1,13,18,22,5,66
14,26,2026,1,13,16,6,25,47
14,31,2026,1,13,14,5,26,26
14,36,2026,1,13,16,2,2,26
14,46,2026,1,13,18,25,6,45
14,58,2026,1,13,19,24,24,45
15,0,2026,1,13,19,9,0,54
15,12,2026,1,13,18,22,10,66
15,26,2026,1,13,16,6,30,42
15,31,2026,1,13,14,6,26,22
15,36,2026,1,13,16,3,2,23
15,46,2026,1,13,18,11,7,27
15,58,2026,1,13,19,19,15,31
16,0,2026,1,13,19,4,0,35
16,12,2026,1,13,18,3,9,29
16,26,2026,1,13,16,5,16,18
16,31,2026,1,13,14,6,11,13
16,36,2026,1,13,16,3,2,14
16,46,2026,1,13,18,4,5,13
16,58,2026,1,13,19,6,8,11
17,0,2026,1,13,19,6,0,17
17,12,2026,1,13,18,6,2,21
17,26,2026,1,13,16,5,8,18
17,31,2026,1,13,14,6,12,12
17,36,2026,1,13,16,2,3,11
17,46,2026,1,13,18,5,5,11
17,58,2026,1,13,19,2,7,6
18,0,2026,1,13,19,3,0,9
18,12,2026,1,13,18,4,1,12
18,26,2026,1,13,16,6,7,11
18,31,2026,1,13,14,3,5,9
18,36,2026,1,13,16,3,2,10
18,46,2026,1,13,18,2,5,7
18,58,2026,1,13,19,4,5,6
19,0,2026,1,13,19,6,0,12
19,12,2026,1,13,18,4,4,12
19,26,2026,1,13,16,2,7,7
19,31,2026,1,13,14,6,6,7
19,36,2026,1,13,16,3,3,7
19,46,2026,1,13,18,3,2,8
19,58,2026,1,13,19,2,5,5
20,0,2026,1,13,19,5,0,10
20,12,2026,1,13,18,3,2,11
20,26,2026,1,13,16,5,4,12
20,31,2026,1,13,14,5,6,11
20,36,2026,1,13,16,5,2,14
20,46,2026,1,13,18,2,7,9
20,58,2026,1,13,19,2,7,4
21,0,2026,1,13,19,2,0,6
21,12,2026,1,13,18,3,2,7
21,26,2026,1,13,16,2,1,8
21,31,2026,1,13,14,2,5,5
21,36,2026,1,13,16,2,0,7
21,46,2026,1,13,18,4,1,10
21,58,2026,1,13,19,3,6,7
22,0,2026,1,13,19,3,0,10
22,12,2026,1,13,18,4,3,11
22,26,2026,1,13,16,3,5,9
22,31,2026,1,13,14,3,5,7
22,36,2026,1,13,16,4,0,11
22,46,2026,1,13,18,5,4,12
22,58,2026,1,13,19,3,8,7
23,0,2026,1,13,19,4,0,11
23,12,2026,1,13,18,3,3,11
23,26,2026,1,13,16,3,5,9
23,31,2026,1,13,14,5,6,8
23,36,2026,1,13,16,4,3,9
23,46,2026,1,13,18,3,3,9
23,58,2026,1,13,19,0,9,0
6,0,2026,1,14,19,6,0,6
6,12,2026,1,14,18,2,2,6
6,26,2026,1,14,16,16,2,20
6,31,2026,1,14,14,21,7,34
6,36,2026,1,14,16,18,5,47
6,46,2026,1,14,18,2,14,35
6,58,2026,1,14,19,5,25,15
7,0,2026,1,14,19,5,0,20
7,12,2026,1,14,18,2,8,14
7,26,2026,1,14,16,21,2,33
7,31,2026,1,14,14,11,11,33
7,36,2026,1,14,16,19,0,52
7,46,2026,1,14,18,5,29,28
7,58,2026,1,14,19,1,21,8
8,0,2026,1,14,19,2,0,10
8,12,2026,1,14,18,3,3,10
8,26,2026,1,14,16,20,3,27
8,31,2026,1,14,14,12,5,34
8,36,2026,1,14,16,22,1,55
8,46,2026,1,14,18,2,34,23
8,58,2026,1,14,19,4,20,7
9,0,2026,1,14,19,3,0,10
9,12,2026,1,14,18,1,5,6
9,26,2026,1,14,16,5,4,7
9,31,2026,1,14,14,2,1,8
9,36,2026,1,14,16,4,0,12
9,46,2026,1,14,18,4,5,11
9,58,2026,1,14,19,5,11,5
10,0,2026,1,14,19,4,0,9
10,12,2026,1,14,18,4,4,9
10,26,2026,1,14,16,6,3,12
10,31,2026,1,14,14,6,7,11
10,36,2026,1,14,16,2,1,12
10,46,2026,1,14,18,6,5,13
10,58,2026,1,14,19,5,8,10
11,0,2026,1,14,19,5,0,15
11,12,2026,1,14,18,5,4,16
11,26,2026,1,14,16,2,7,11
11,31,2026,1,14,14,5,6,10
11,36,2026,1,14,16,2,3,9
11,46,2026,1,14,18,6,1,14
11,58,2026,1,14,19,4,7,11
12,0,2026,1,14,19,6,0,17
12,12,2026,1,14,18,3,3,17
12,26,2026,1,14,16,5,8,14
12,31,2026,1,14,14,5,8,11
12,36,2026,1,14,16,6,2,15
12,46,2026,1,14,18,4,8,11
12,58,2026,1,14,19,2,7,6
13,0,2026,1,14,19,10,0,16
13,12,2026,1,14,18,23,4,35
13,26,2026,1,14,16,4,13,26
13,31,2026,1,14,14,3,20,9
13,36,2026,1,14,16,3,1,11
13,46,2026,1,14,18,10,3,18
13,58,2026,1,14,19,23,7,34
14,0,2026,1,14,19,20,0,54
14,12,2026,1,14,18,18,6,66
14,26,2026,1,14,16,3,26,43
14,31,2026,1,14,14,2,22,23
14,36,2026,1,14,16,2,0,25
14,46,2026,1,14,18,23,4,44
14,58,2026,1,14,19,13,20,37
15,0,2026,1,14,19,25,0,62
15,12,2026,1,14,18,9,5,66
15,26,2026,1,14,16,5,27,44
15,31,2026,1,14,14,5,30,19
15,36,2026,1,14,16,4,2,21
15,46,2026,1,14,18,20,4,37
15,58,2026,1,14,19,21,21,37
16,0,2026,1,14,19,2,0,39
16,12,2026,1,14,18,3,8,34
16,26,2026,1,14,16,3,13,24
16,31,2026,1,14,14,5,21,8
16,36,2026,1,14,16,3,2,9
16,46,2026,1,14,18,6,5,10
16,58,2026,1,14,19,6,6,10
17,0,2026,1,14,19,6,0,16
17,12,2026,1,14,18,3,5,14
17,26,2026,1,14,16,4,9,9
17,31,2026,1,14,14,5,5,9
17,36,2026,1,14,16,2,3,8
17,46,2026,1,14,18,5,5,8
17,58,2026,1,14,19,4,5,7
18,0,2026,1,14,19,4,0,11
18,12,2026,1,14,18,3,2,12
18,26,2026,1,14,16,4,9,7
18,31,2026,1,14,14,5,3,9
18,36,2026,1,14,16,3,1,11
18,46,2026,1,14,18,6,5,12
18,58,2026,1,14,19,6,7,11
19,0,2026,1,14,19,6,0,17
19,12,2026,1,14,18,4,7,14
19,26,2026,1,14,16,5,7,12
19,31,2026,1,14,14,4,8,8
19,36,2026,1,14,16,2,2,8
19,46,2026,1,14,18,4,2,10
19,58,2026,1,14,19,5,7,8
20,0,2026,1,14,19,4,0,12
20,12,2026,1,14,18,3,3,12
20,26,2026,1,14,16,3,4,11
20,31,2026,1,14,14,2,8,5
20,36,2026,1,14,16,5,1,9
20,46,2026,1,14,18,3,4,8
20,58,2026,1,14,19,4,6,6
21,0,2026,1,14,19,2,0,8
21,12,2026,1,14,18,2,2,8
21,26,2026,1,14,16,3,3,8
21,31,2026,1,14,14,2,5,5
21,36,2026,1,14,16,5,1,9
21,46,2026,1,14,18,4,0,13
21,58,2026,1,14,19,3,7,9
22,0,2026,1,14,19,3,0,12
22,12,2026,1,14,18,3,1,14
22,26,2026,1,14,16,5,2,17
22,31,2026,1,14,14,4,14,7
22,36,2026,1,14,16,4,3,8
22,46,2026,1,14,18,4,1,11
22,58,2026,1,14,19,2,10,3
23,0,2026,1,14,19,5,0,8
23,12,2026,1,14,18,5,3,10
23,26,2026,1,14,16,6,3,13
23,31,2026,1,14,14,3,8,8
23,36,2026,1,14,16,2,1,9
23,46,2026,1,14,18,5,4,10
23,58,2026,1,14,19,0,10,0
6,0,2026,1,15,19,2,0,2
6,12,2026,1,15,18,3,2,3
6,26,2026,1,15,16,8,3,8
6,31,2026,1,15,14,22,1,29
6,36,2026,1,15,16,22,9,42
6,46,2026,1,15,18,5,14,33
6,58,2026,1,15,19,2,20,15
7,0,2026,1,15,19,5,0,20
7,12,2026,1,15,18,3,5,18
7,26,2026,1,15,16,19,3,34
7,31,2026,1,15,14,7,14,27
7,36,2026,1,15,16,10,0,37
7,46,2026,1,15,18,1,17,21
7,58,2026,1,15,19,5,20,6
8,0,2026,1,15,19,2,0,8
8,12,2026,1,15,18,3,6,5
8,26,2026,1,15,16,10,1,14
8,31,2026,1,15,14,16,2,28
8,36,2026,1,15,16,22,0,50
8,46,2026,1,15,18,5,23,32
8,58,2026,1,15,19,4,25,11
9,0,2026,1,15,19,4,0,15
9,12,2026,1,15,18,5,8,12
9,26,2026,1,15,16,3,4,11
9,31,2026,1,15,14,4,4,11
9,36,2026,1,15,16,5,0,16
9,46,2026,1,15,18,3,6,13
9,58,2026,1,15,19,3,12,4
10,0,2026,1,15,19,4,0,8
10,12,2026,1,15,18,4,3,9
10,26,2026,1,15,16,4,3,10
10,31,2026,1,15,14,3,8,5
10,36,2026,1,15,16,6,1,10
10,46,2026,1,15,18,6,6,10
10,58,2026,1,15,19,6,3,13
11,0,2026,1,15,19,3,0,16
11,12,2026,1,15,18,5,1,20
11,26,2026,1,15,16,4,10,14
11,31,2026,1,15,14,4,9,9
11,36,2026,1,15,16,5,2,12
11,46,2026,1,15,18,6,5,13
11,58,2026,1,15,19,2,7,8
12,0,2026,1,15,19,3,0,11
12,12,2026,1,15,18,6,1,16
12,26,2026,1,15,16,2,5,13
12,31,2026,1,15,14,5,8,10
12,36,2026,1,15,16,5,2,13
12,46,2026,1,15,18,4,5,12
12,58,2026,1,15,19,3,6,9
13,0,2026,1,15,19,31,0,40
13,12,2026,1,15,18,11,6,45
13,26,2026,1,15,16,5,22,28
13,31,2026,1,15,14,2,23,7
13,36,2026,1,15,16,2,2,7
13,46,2026,1,15,18,27,5,29
13,58,2026,1,15,19,24,8,45
14,0,2026,1,15,19,19,0,64
14,12,2026,1,15,18,9,12,61
14,26,2026,1,15,16,6,27,40
14,31,2026,1,15,14,2,25,17
14,36,2026,1,15,16,6,1,22
14,46,2026,1,15,18,20,6,36
14,58,2026,1,15,19,32,19,49
15,0,2026,1,15,19,10,0,59
15,12,2026,1,15,18,13,17,55
15,26,2026,1,15,16,3,21,37
15,31,2026,1,15,14,4,21,20
15,36,2026,1,15,16,6,1,25
15,46,2026,1,15,18,23,6,42
15,58,2026,1,15,19,30,20,52
16,0,2026,1,15,19,2,0,54
16,12,2026,1,15,18,5,15,44
16,26,2026,1,15,16,4,23,25
16,31,2026,1,15,14,6,20,11
16,36,2026,1,15,16,2,1,12
16,46,2026,1,15,18,5,4,13
16,58,2026,1,15,19,6,10,9
17,0,2026,1,15,19,6,0,15
17,12,2026,1,15,18,6,1,20
17,26,2026,1,15,16,6,5,21
17,31,2026,1,15,14,4,16,9
17,36,2026,1,15,16,2,1,10
17,46,2026,1,15,18,2,6,6
17,58,2026,1,15,19,6,4,8
18,0,2026,1,15,19,3,0,11
18,12,2026,1,15,18,3,2,12
18,26,2026,1,15,16,5,4,13
18,31,2026,1,15,14,6,9,10
18,36,2026,1,15,16,4,1,13
18,46,2026,1,15,18,3,1,15
18,58,2026,1,15,19,2,11,6
19,0,2026,1,15,19,4,0,10
19,12,2026,1,15,18,6,2,14
19,26,2026,1,15,16,3,6,11
19,31,2026,1,15,14,5,9,7
19,36,2026,1,15,16,2,2,7
19,46,2026,1,15,18,4,1,10
19,58,2026,1,15,19,3,8,5
20,0,2026,1,15,19,2,0,7
20,12,2026,1,15,18,5,2,10
20,26,2026,1,15,16,4,6,8
20,31,2026,1,15,14,5,3,10
20,36,2026,1,15,16,5,4,11
20,46,2026,1,15,18,2,2,11
20,58,2026,1,15,19,2,8,5
21,0,2026,1,15,19,2,0,7
21,12,2026,1,15,18,2,2,7
21,26,2026,1,15,16,2,1,8
21,31,2026,1,15,14,5,6,7
21,36,2026,1,15,16,6,1,12
21,46,2026,1,15,18,2,3,11
21,58,2026,1,15,19,5,6,10
22,0,2026,1,15,19,2,0,12
22,12,2026,1,15,18,2,3,11
22,26,2026,1,15,16,5,2,14
22,31,2026,1,15,14,6,9,11
22,36,2026,1,15,16,6,1,16
22,46,2026,1,15,18,6,4,18
22,58,2026,1,15,19,6,13,11
23,0,2026,1,15,19,6,0,17
23,12,2026,1,15,18,2,3,16
23,26,2026,1,15,16,4,6,14
23,31,2026,1,15,14,2,12,4
23,36,2026,1,15,16,2,0,6
23,46,2026,1,15,18,4,3,7
23,58,2026,1,15,19,0,7,0
6,0,2026,1,16,19,3,0,3
6,12,2026,1,16,18,6,3,6
6,26,2026,1,16,16,16,1,21
6,31,2026,1,16,14,13,7,27
6,36,2026,1,16,16,9,6,30
6,46,2026,1,16,18,3,14,19
6,58,2026,1,16,19,4,14,9
7,0,2026,1,16,19,5,0,14
7,12,2026,1,16,18,2,9,7
7,26,2026,1,16,16,16,1,22
7,31,2026,1,16,14,7,6,23
7,36,2026,1,16,16,7,0,30
7,46,2026,1,16,18,1,13,18
7,58,2026,1,16,19,1,17,2
8,0,2026,1,16,19,3,0,5
8,12,2026,1,16,18,2,3,4
8,26,2026,1,16,16,12,0,16
8,31,2026,1,16,14,12,4,24
8,36,2026,1,16,16,12,1,35
8,46,2026,1,16,18,3,19,19
8,58,2026,1,16,19,5,19,5
9,0,2026,1,16,19,2,0,7
9,12,2026,1,16,18,1,7,1
9,26,2026,1,16,16,3,1,3
9,31,2026,1,16,14,5,1,7
9,36,2026,1,16,16,5,0,12
9,46,2026,1,16,18,1,3,10
9,58,2026,1,16,19,3,10,3
10,0,2026,1,16,19,5,0,8
10,12,2026,1,16,18,3,2,9
10,26,2026,1,16,16,6,4,11
10,31,2026,1,16,14,2,8,5
10,36,2026,1,16,16,3,2,6
10,46,2026,1,16,18,2,0,8
10,58,2026,1,16,19,3,6,5
11,0,2026,1,16,19,5,0,10
11,12,2026,1,16,18,4,5,9
11,26,2026,1,16,16,2,2,9
11,31,2026,1,16,14,5,7,7
11,36,2026,1,16,16,6,2,11
11,46,2026,1,16,18,3,3,11
11,58,2026,1,16,19,5,8,8
12,0,2026,1,16,19,5,0,13
12,12,2026,1,16,18,3,3,13
12,26,2026,1,16,16,4,2,15
12,31,2026,1,16,14,6,11,10
12,36,2026,1,16,16,5,4,11
12,46,2026,1,16,18,6,3,14
12,58,2026,1,16,19,2,8,8
13,0,2026,1,16,19,20,0,28
13,12,2026,1,16,18,32,5,55
13,26,2026,1,16,16,6,23,38
13,31,2026,1,16,14,4,28,14
13,36,2026,1,16,16,3,2,15
13,46,2026,1,16,18,15,4,26
13,58,2026,1,16,19,13,15,24
14,0,2026,1,16,19,7,0,31
14,12,2026,1,16,18,23,3,51
14,26,2026,1,16,16,3,26,28
14,31,2026,1,16,14,5,22,11
14,36,2026,1,16,16,3,3,11
14,46,2026,1,16,18,31,1,41
14,58,2026,1,16,19,16,17,40
15,0,2026,1,16,19,23,0,63
15,12,2026,1,16,18,17,14,66
15,26,2026,1,16,16,4,20,50
15,31,2026,1,16,14,2,29,23
15,36,2026,1,16,16,5,1,27
15,46,2026,1,16,18,30,3,54
15,58,2026,1,16,19,11,20,45
16,0,2026,1,16,19,2,0,47
16,12,2026,1,16,18,2,7,42
16,26,2026,1,16,16,2,21,23
16,31,2026,1,16,14,4,21,6
16,36,2026,1,16,16,5,2,9
16,46,2026,1,16,18,6,4,11
16,58,2026,1,16,19,5,5,11
17,0,2026,1,16,19,3,0,14
17,12,2026,1,16,18,6,1,19
17,26,2026,1,16,16,6,9,16
17,31,2026,1,16,14,3,10,9
17,36,2026,1,16,16,4,1,12
17,46,2026,1,16,18,4,3,13
17,58,2026,1,16,19,5,11,7
18,0,2026,1,16,19,3,0,10
18,12,2026,1,16,18,6,2,14
18,26,2026,1,16,16,5,8,11
18,31,2026,1,16,14,5,6,10
18,36,2026,1,16,16,4,2,12
18,46,2026,1,16,18,3,4,11
18,58,2026,1,16,19,4,8,7
19,0,2026,1,16,19,4,0,11
19,12,2026,1,16,18,5,3,13
19,26,2026,1,16,16,3,6,10
19,31,2026,1,16,14,4,7,7
19,36,2026,1,16,16,3,2,8
19,46,2026,1,16,18,6,2,12
19,58,2026,1,16,19,2,7,7
20,0,2026,1,16,19,6,0,13
20,12,2026,1,16,18,5,1,17
20,26,2026,1,16,16,5,6,16
20,31,2026,1,16,14,3,9,10
20,36,2026,1,16,16,2,1,11
20,46,2026,1,16,18,6,5,12
20,58,2026,1,16,19,2,6,8
21,0,2026,1,16,19,2,0,10
21,12,2026,1,16,18,5,2,13
21,26,2026,1,16,16,3,8,8
21,31,2026,1,16,14,3,4,7
21,36,2026,1,16,16,6,1,12
21,46,2026,1,16,18,6,9,9
21,58,2026,1,16,19,5,6,8
22,0,2026,1,16,19,6,0,14
22,12,2026,1,16,18,6,4,16
22,26,2026,1,16,16,4,10,10
22,31,2026,1,16,14,5,5,10
22,36,2026,1,16,16,4,2,12
22,46,2026,1,16,18,6,6,12
22,58,2026,1,16,19,4,8,8
23,0,2026,1,16,19,3,0,11
23,12,2026,1,16,18,2,3,10
23,26,2026,1,16,16,3,2,11
23,31,2026,1,16,14,4,10,5
23,36,2026,1,16,16,3,0,8
23,46,2026,1,16,18,3,5,6
23,58,2026,1,16,19,0,6,0
6,0,2026,1,17,19,2,0,2
6,12,2026,1,17,18,3,1,4
6,26,2026,1,17,16,5,2,7
6,31,2026,1,17,14,20,2,25
6,36,2026,1,17,16,17,6,36
6,46,2026,1,17,18,4,14,26
6,58,2026,1,17,19,2,19,9
7,0,2026,1,17,19,2,0,11
7,12,2026,1,17,18,2,3,10
7,26,2026,1,17,16,16,1,25
7,31,2026,1,17,14,16,9,32
7,36,2026,1,17,16,9,0,41
7,46,2026,1,17,18,1,19,23
7,58,2026,1,17,19,2,22,3
8,0,2026,1,17,19,2,0,5
8,12,2026,1,17,18,3,3,5
8,26,2026,1,17,16,21,1,25
8,31,2026,1,17,14,20,1,44
8,36,2026,1,17,16,11,0,55
8,46,2026,1,17,18,1,30,26
8,58,2026,1,17,19,5,25,6
9,0,2026,1,17,19,5,0,11
9,12,2026,1,17,18,5,8,8
9,26,2026,1,17,16,6,1,13
9,31,2026,1,17,14,5,2,16
9,36,2026,1,17,16,5,0,21
9,46,2026,1,17,18,2,8,15
9,58,2026,1,17,19,4,15,4
10,0,2026,1,17,19,4,0,8
10,12,2026,1,17,18,4,2,10
10,26,2026,1,17,16,2,5,7
10,31,2026,1,17,14,2,6,3
10,36,2026,1,17,16,2,1,4
10,46,2026,1,17,18,5,2,7
10,58,2026,1,17,19,2,3,6
11,0,2026,1,17,19,6,0,12
11,12,2026,1,17,18,5,1,16
11,26,2026,1,17,16,2,6,12
11,31,2026,1,17,14,4,11,5
11,36,2026,1,17,16,5,2,8
11,46,2026,1,17,18,4,3,9
11,58,2026,1,17,19,5,4,10
12,0,2026,1,17,19,3,0,13
12,12,2026,1,17,18,6,2,17
12,26,2026,1,17,16,2,5,14
12,31,2026,1,17,14,3,9,8
12,36,2026,1,17,16,5,1,12
12,46,2026,1,17,18,4,3,13
12,58,2026,1,17,19,3,11,5
13,0,2026,1,17,19,9,0,14
13,12,2026,1,17,18,15,3,26
13,26,2026,1,17,16,2,15,13
13,31,2026,1,17,14,4,10,7
13,36,2026,1,17,16,4,3,8
13,46,2026,1,17,18,21,3,26
13,58,2026,1,17,19,14,9,31
14,0,2026,1,17,19,24,0,55
14,12,2026,1,17,18,14,9,60
14,26,2026,1,17,16,6,25,41
14,31,2026,1,17,14,5,21,25
14,36,2026,1,17,16,4,1,28
14,46,2026,1,17,18,19,7,40
14,58,2026,1,17,19,9,20,29
15,0,2026,1,17,19,22,0,51
15,12,2026,1,17,18,14,12,53
15,26,2026,1,17,16,6,24,35
15,31,2026,1,17,14,3,22,16
15,36,2026,1,17,16,4,1,19
15,46,2026,1,17,18,28,3,44
15,58,2026,1,17,19,18,25,37
16,0,2026,1,17,19,3,0,40
16,12,2026,1,17,18,3,5,38
16,26,2026,1,17,16,6,16,28
16,31,2026,1,17,14,6,20,14
16,36,2026,1,17,16,6,2,18
16,46,2026,1,17,18,6,6,18
16,58,2026,1,17,19,4,12,10
17,0,2026,1,17,19,3,0,13
17,12,2026,1,17,18,5,6,12
17,26,2026,1,17,16,3,8,7
17,31,2026,1,17,14,3,3,7
17,36,2026,1,17,16,6,2,11
17,46,2026,1,17,18,5,1,15
17,58,2026,1,17,19,2,10,7
18,0,2026,1,17,19,3,0,10
18,12,2026,1,17,18,5,3,12
18,26,2026,1,17,16,5,7,10
18,31,2026,1,17,14,5,7,8
18,36,2026,1,17,16,3,1,10
18,46,2026,1,17,18,6,1,15
18,58,2026,1,17,19,2,8,9
19,0,2026,1,17,19,4,0,13
19,12,2026,1,17,18,3,2,14
19,26,2026,1,17,16,2,3,13
19,31,2026,1,17,14,5,10,8
19,36,2026,1,17,16,4,2,10
19,46,2026,1,17,18,3,3,10
19,58,2026,1,17,19,6,6,10
20,0,2026,1,17,19,2,0,12
20,12,2026,1,17,18,3,1,14
20,26,2026,1,17,16,5,7,12
20,31,2026,1,17,14,2,6,8
20,36,2026,1,17,16,2,0,10
20,46,2026,1,17,18,4,4,10
20,58,2026,1,17,19,5,7,8
21,0,2026,1,17,19,2,0,10
21,12,2026,1,17,18,5,5,10
21,26,2026,1,17,16,4,5,9
21,31,2026,1,17,14,4,6,7
21,36,2026,1,17,16,6,2,11
21,46,2026,1,17,18,5,3,13
21,58,2026,1,17,19,2,9,6
22,0,2026,1,17,19,3,0,9
22,12,2026,1,17,18,3,1,11
22,26,2026,1,17,16,3,5,9
22,31,2026,1,17,14,6,7,8
22,36,2026,1,17,16,5,1,12
22,46,2026,1,17,18,5,6,11
22,58,2026,1,17,19,3,7,7
23,0,2026,1,17,19,3,0,10
23,12,2026,1,17,18,6,3,13
23,26,2026,1,17,16,6,4,15
23,31,2026,1,17,14,2,6,11
23,36,2026,1,17,16,4,1,14
23,46,2026,1,17,18,6,6,14
23,58,2026,1,17,19,0,14,0
6,0,2026,1,18,19,2,0,2
6,12,2026,1,18,18,5,0,7
6,26,2026,1,18,16,21,4,24
6,31,2026,1,18,14,15,7,32
6,36,2026,1,18,16,12,6,38
6,46,2026,1,18,18,4,11,31
6,58,2026,1,18,19,4,20,15
7,0,2026,1,18,19,5,0,20
7,12,2026,1,18,18,4,7,17
7,26,2026,1,18,16,5,1,21
7,31,2026,1,18,14,16,12,25
7,36,2026,1,18,16,12,1,36
7,46,2026,1,18,18,5,15,26
7,58,2026,1,18,19,5,20,11
8,0,2026,1,18,19,3,0,14
8,12,2026,1,18,18,1,8,7
8,26,2026,1,18,16,15,4,18
8,31,2026,1,18,14,6,2,22
8,36,2026,1,18,16,10,2,30
8,46,2026,1,18,18,3,17,16
8,58,2026,1,18,19,4,15,5
9,0,2026,1,18,19,4,0,9
9,12,2026,1,18,18,4,6,7
9,26,2026,1,18,16,4,1,10
9,31,2026,1,18,14,4,3,11
9,36,2026,1,18,16,2,0,13
9,46,2026,1,18,18,4,6,11
9,58,2026,1,18,19,1,11,1
10,0,2026,1,18,19,2,0,3
10,12,2026,1,18,18,5,0,8
10,26,2026,1,18,16,3,3,8
10,31,2026,1,18,14,3,4,7
10,36,2026,1,18,16,6,1,12
10,46,2026,1,18,18,4,3,13
10,58,2026,1,18,19,2,8,7
11,0,2026,1,18,19,6,0,13
11,12,2026,1,18,18,5,2,16
11,26,2026,1,18,16,6,6,16
11,31,2026,1,18,14,5,12,9
11,36,2026,1,18,16,5,2,12
11,46,2026,1,18,18,5,1,16
11,58,2026,1,18,19,3,9,10
12,0,2026,1,18,19,2,0,12
12,12,2026,1,18,18,6,3,15
12,26,2026,1,18,16,2,1,16
12,31,2026,1,18,14,6,13,9
12,36,2026,1,18,16,3,2,10
12,46,2026,1,18,18,2,1,11
12,58,2026,1,18,19,2,10,3
13,0,2026,1,18,19,8,0,11
13,12,2026,1,18,18,24,3,32
13,26,2026,1,18,16,5,21,16
13,31,2026,1,18,14,6,11,11
13,36,2026,1,18,16,4,3,12
13,46,2026,1,18,18,23,7,28
13,58,2026,1,18,19,17,8,37
14,0,2026,1,18,19,18,0,55
14,12,2026,1,18,18,18,12,61
14,26,2026,1,18,16,6,21,46
14,31,2026,1,18,14,2,22,26
14,36,2026,1,18,16,2,2,26
14,46,2026,1,18,18,22,4,44
14,58,2026,1,18,19,9,20,33
15,0,2026,1,18,19,14,0,47
15,12,2026,1,18,18,21,2,66
15,26,2026,1,18,16,6,32,40
15,31,2026,1,18,14,3,26,17
15,36,2026,1,18,16,3,2,18
15,46,2026,1,18,18,8,3,23
15,58,2026,1,18,19,14,15,22
16,0,2026,1,18,19,5,0,27
16,12,2026,1,18,18,6,6,27
16,26,2026,1,18,16,4,14,17
16,31,2026,1,18,14,6,12,11
16,36,2026,1,18,16,2,1,12
16,46,2026,1,18,18,5,4,13
16,58,2026,1,18,19,5,10,8
17,0,2026,1,18,19,6,0,14
17,12,2026,1,18,18,2,6,10
17,26,2026,1,18,16,6,5,11
17,31,2026,1,18,14,6,6,11
17,36,2026,1,18,16,2,1,12
17,46,2026,1,18,18,3,7,8
17,58,2026,1,18,19,2,6,4
18,0,2026,1,18,19,2,0,6
18,12,2026,1,18,18,2,2,6
18,26,2026,1,18,16,5,1,10
18,31,2026,1,18,14,5,5,10
18,36,2026,1,18,16,3,2,11
18,46,2026,1,18,18,2,4,9
18,58,2026,1,18,19,2,6,5
19,0,2026,1,18,19,6,0,11
19,12,2026,1,18,18,3,3,11
19,26,2026,1,18,16,3,5,9
19,31,2026,1,18,14,2,4,7
19,36,2026,1,18,16,6,1,12
19,46,2026,1,18,18,4,5,11
19,58,2026,1,18,19,5,8,8
20,0,2026,1,18,19,4,0,12
20,12,2026,1,18,18,4,5,11
20,26,2026,1,18,16,6,3,14
20,31,2026,1,18,14,2,5,11
20,36,2026,1,18,16,4,0,15
20,46,2026,1,18,18,5,6,14
20,58,2026,1,18,19,3,9,8
21,0,2026,1,18,19,5,0,13
21,12,2026,1,18,18,5,3,15
21,26,2026,1,18,16,2,4,13
21,31,2026,1,18,14,3,9,7
21,36,2026,1,18,16,4,1,10
21,46,2026,1,18,18,2,1,11
21,58,2026,1,18,19,4,9,6
22,0,2026,1,18,19,6,0,12
22,12,2026,1,18,18,2,3,11
22,26,2026,1,18,16,5,4,12
22,31,2026,1,18,14,4,7,9
22,36,2026,1,18,16,3,1,11
22,46,2026,1,18,18,4,7,8
22,58,2026,1,18,19,3,6,5
23,0,2026,1,18,19,3,0,8
23,12,2026,1,18,18,2,3,7
23,26,2026,1,18,16,6,4,9
23,31,2026,1,18,14,5,4,10
23,36,2026,1,18,16,6,2,14
23,46,2026,1,18,18,5,6,13
23,58,2026,1,18,19,0,13,0
6,0,2026,1,19,19,4,0,4
6,12,2026,1,19,18,3,0,7
6,26,2026,1,19,16,14,2,19
6,31,2026,1,19,14,18,8,29
6,36,2026,1,19,16,8,7,30
6,46,2026,1,19,18,5,17,18
6,58,2026,1,19,19,2,16,4
7,0,2026,1,19,19,2,0,6
7,12,2026,1,19,18,1,4,3
7,26,2026,1,19,16,17,1,19
7,31,2026,1,19,14,13,1,31
7,36,2026,1,19,16,7,0,38
7,46,2026,1,19,18,1,19,20
7,58,2026,1,19,19,3,20,3
8,0,2026,1,19,19,3,0,6
8,12,2026,1,19,18,5,5,6
8,26,2026,1,19,16,15,1,20
8,31,2026,1,19,14,9,2,27
8,36,2026,1,19,16,10,2,35
8,46,2026,1,19,18,5,15,25
8,58,2026,1,19,19,2,20,7
9,0,2026,1,19,19,5,0,12
9,12,2026,1,19,18,2,6,8
9,26,2026,1,19,16,4,5,7
9,31,2026,1,19,14,2,2,7
9,36,2026,1,19,16,3,0,10
9,46,2026,1,19,18,4,7,7
9,58,2026,1,19,19,2,7,2
10,0,2026,1,19,19,2,0,4
10,12,2026,1,19,18,3,2,5
10,26,2026,1,19,16,6,3,8
10,31,2026,1,19,14,6,3,11
10,36,2026,1,19,16,4,1,14
10,46,2026,1,19,18,5,6,13
10,58,2026,1,19,19,5,10,8
11,0,2026,1,19,19,3,0,11
11,12,2026,1,19,18,4,5,10
11,26,2026,1,19,16,3,3,10
11,31,2026,1,19,14,6,7,9
11,36,2026,1,19,16,5,5,9
11,46,2026,1,19,18,3,2,10
11,58,2026,1,19,19,6,5,11
12,0,2026,1,19,19,2,0,13
12,12,2026,1,19,18,6,6,13
12,26,2026,1,19,16,3,3,13
12,31,2026,1,19,14,2,10,5
12,36,2026,1,19,16,5,0,10
12,46,2026,1,19,18,2,7,5
12,58,2026,1,19,19,2,4,3
13,0,2026,1,19,19,9,0,12
13,12,2026,1,19,18,24,2,34
13,26,2026,1,19,16,2,14,22
13,31,2026,1,19,14,3,13,12
13,36,2026,1,19,16,4,1,15
13,46,2026,1,19,18,26,3,38
13,58,2026,1,19,19,26,20,44
14,0,2026,1,19,19,19,0,63
14,12,2026,1,19,18,13,10,66
14,26,2026,1,19,16,4,24,46
14,31,2026,1,19,14,5,29,22
14,36,2026,1,19,16,5,3,24
14,46,2026,1,19,18,19,5,38
14,58,2026,1,19,19,12,22,28
15,0,2026,1,19,19,23,0,51
15,12,2026,1,19,18,12,6,57
15,26,2026,1,19,16,2,20,39
15,31,2026,1,19,14,3,25,17
15,36,2026,1,19,16,3,3,17
15,46,2026,1,19,18,11,3,25
15,58,2026,1,19,19,30,17,38
16,0,2026,1,19,19,2,0,40
16,12,2026,1,19,18,5,11,34
16,26,2026,1,19,16,5,18,21
16,31,2026,1,19,14,2,17,6
16,36,2026,1,19,16,4,0,10
16,46,2026,1,19,18,3,6,7
16,58,2026,1,19,19,2,5,4
17,0,2026,1,19,19,3,0,7
17,12,2026,1,19,18,2,0,9
17,26,2026,1,19,16,6,2,13
17,31,2026,1,19,14,6,10,9
17,36,2026,1,19,16,3,2,10
17,46,2026,1,19,18,4,6,8
17,58,2026,1,19,19,5,4,9
18,0,2026,1,19,19,4,0,13
18,12,2026,1,19,18,5,3,15
18,26,2026,1,19,16,5,6,14
18,31,2026,1,19,14,4,11,7
18,36,2026,1,19,16,6,0,13
18,46,2026,1,19,18,4,4,13
18,58,2026,1,19,19,6,11,8
19,0,2026,1,19,19,4,0,12
19,12,2026,1,19,18,2,2,12
19,26,2026,1,19,16,5,5,12
19,31,2026,1,19,14,5,7,10
19,36,2026,1,19,16,4,2,12
19,46,2026,1,19,18,6,8,10
19,58,2026,1,19,19,5,6,9
20,0,2026,1,19,19,4,0,13
20,12,2026,1,19,18,6,3,16
20,26,2026,1,19,16,2,6,12
20,31,2026,1,19,14,5,8,9
20,36,2026,1,19,16,5,1,13
20,46,2026,1,19,18,4,4,13
20,58,2026,1,19,19,6,10,9
21,0,2026,1,19,19,6,0,15
21,12,2026,1,19,18,5,2,18
21,26,2026,1,19,16,4,10,12
21,31,2026,1,19,14,5,7,10
21,36,2026,1,19,16,3,3,10
21,46,2026,1,19,18,6,3,13
21,58,2026,1,19,19,6,9,10
22,0,2026,1,19,19,2,0,12
22,12,2026,1,19,18,6,3,15
22,26,2026,1,19,16,2,6,11
22,31,2026,1,19,14,4,8,7
22,36,2026,1,19,16,4,2,9
22,46,2026,1,19,18,3,4,8
22,58,2026,1,19,19,6,2,12
23,0,2026,1,19,19,5,0,17
23,12,2026,1,19,18,5,4,18
23,26,2026,1,19,16,3,6,15
23,31,2026,1,19,14,6,10,11
23,36,2026,1,19,16,5,1,15
23,46,2026,1,19,18,5,7,13
23,58,2026,1,19,19,0,13,0
6,0,2026,1,20,19,4,0,4
6,12,2026,1,20,18,5,3,6
6,26,2026,1,20,16,9,2,13
6,31,2026,1,20,14,19,7,25
6,36,2026,1,20,16,16,5,36
6,46,2026,1,20,18,6,16,26
6,58,2026,1,20,19,6,17,15
7,0,2026,1,20,19,4,0,19
7,12,2026,1,20,18,1,8,12
7,26,2026,1,20,16,19,7,24
7,31,2026,1,20,14,14,5,33
7,36,2026,1,20,16,15,0,48
7,46,2026,1,20,18,1,22,27
7,58,2026,1,20,19,5,26,6
8,0,2026,1,20,19,2,0,8
8,12,2026,1,20,18,4,6,6
8,26,2026,1,20,16,5,1,10
8,31,2026,1,20,14,6,1,15
8,36,2026,1,20,16,15,1,29
8,46,2026,1,20,18,5,15,19
8,58,2026,1,20,19,5,17,7
9,0,2026,1,20,19,3,0,10
9,12,2026,1,20,18,4,7,7
9,26,2026,1,20,16,5,2,10
9,31,2026,1,20,14,6,3,13
9,36,2026,1,20,16,5,1,17
9,46,2026,1,20,18,1,7,11
9,58,2026,1,20,19,4,10,5
10,0,2026,1,20,19,2,0,7
10,12,2026,1,20,18,5,4,8
10,26,2026,1,20,16,6,3,11
10,31,2026,1,20,14,3,6,8
10,36,2026,1,20,16,2,0,10
10,46,2026,1,20,18,2,4,8
10,58,2026,1,20,19,3,7,4
11,0,2026,1,20,19,5,0,9
11,12,2026,1,20,18,4,5,8
11,26,2026,1,20,16,2,2,8
11,31,2026,1,20,14,2,6,4
11,36,2026,1,20,16,5,0,9
11,46,2026,1,20,18,5,3,11
11,58,2026,1,20,19,3,8,6
12,0,2026,1,20,19,3,0,9
12,12,2026,1,20,18,3,1,11
12,26,2026,1,20,16,4,6,9
12,31,2026,1,20,14,6,5,10
12,36,2026,1,20,16,6,2,14
12,46,2026,1,20,18,3,6,11
12,58,2026,1,20,19,2,7,6
13,0,2026,1,20,19,16,0,22
13,12,2026,1,20,18,18,3,37
13,26,2026,1,20,16,4,16,25
13,31,2026,1,20,14,3,20,8
13,36,2026,1,20,16,3,3,8
13,46,2026,1,20,18,12,0,20
13,58,2026,1,20,19,24,9,35
14,0,2026,1,20,19,31,0,66
14,12,2026,1,20,18,13,13,66
14,26,2026,1,20,16,4,26,44
14,31,2026,1,20,14,6,27,23
14,36,2026,1,20,16,3,3,23
14,46,2026,1,20,18,23,8,38
14,58,2026,1,20,19,32,16,54
15,0,2026,1,20,19,12,0,66
15,12,2026,1,20,18,16,16,66
15,26,2026,1,20,16,3,24,45
15,31,2026,1,20,14,3,26,22
15,36,2026,1,20,16,6,1,27
15,46,2026,1,20,18,22,1,48
15,58,2026,1,20,19,28,20,56
16,0,2026,1,20,19,6,0,62
16,12,2026,1,20,18,3,19,46
16,26,2026,1,20,16,6,23,29
16,31,2026,1,20,14,3,20,12
16,36,2026,1,20,16,6,1,17
16,46,2026,1,20,18,5,4,18
16,58,2026,1,20,19,2,14,6
17,0,2026,1,20,19,6,0,12
17,12,2026,1,20,18,2,1,13
17,26,2026,1,20,16,2,6,9
17,31,2026,1,20,14,4,6,7
17,36,2026,1,20,16,4,0,11
17,46,2026,1,20,18,5,2,14
17,58,2026,1,20,19,4,10,8
18,0,2026,1,20,19,5,0,13
18,12,2026,1,20,18,4,2,15
18,26,2026,1,20,16,6,7,14
18,31,2026,1,20,14,4,9,9
18,36,2026,1,20,16,5,1,13
18,46,2026,1,20,18,5,8,10
18,58,2026,1,20,19,6,6,10
19,0,2026,1,20,19,4,0,14
19,12,2026,1,20,18,6,3,17
19,26,2026,1,20,16,6,4,19
19,31,2026,1,20,14,5,8,16
19,36,2026,1,20,16,5,3,18
19,46,2026,1,20,18,6,3,21
19,58,2026,1,20,19,6,14,13
20,0,2026,1,20,19,2,0,15
20,12,2026,1,20,18,2,3,14
20,26,2026,1,20,16,2,6,10
20,31,2026,1,20,14,3,9,4
20,36,2026,1,20,16,3,1,6
20,46,2026,1,20,18,2,4,4
20,58,2026,1,20,19,5,0,9
21,0,2026,1,20,19,4,0,13
21,12,2026,1,20,18,6,1,18
21,26,2026,1,20,16,5,6,17
21,31,2026,1,20,14,5,12,10
21,36,2026,1,20,16,5,2,13
21,46,2026,1,20,18,3,2,14
21,58,2026,1,20,19,4,10,8
22,0,2026,1,20,19,6,0,14
22,12,2026,1,20,18,2,4,12
22,26,2026,1,20,16,3,4,11
22,31,2026,1,20,14,2,8,5
22,36,2026,1,20,16,2,0,7
22,46,2026,1,20,18,6,3,10
22,58,2026,1,20,19,5,4,11
23,0,2026,1,20,19,6,0,17
23,12,2026,1,20,18,2,2,17
23,26,2026,1,20,16,2,8,11
23,31,2026,1,20,14,5,9,7
23,36,2026,1,20,16,6,3,10
23,46,2026,1,20,18,6,6,10
23,58,2026,1,20,19,0,10,0
6,0,2026,1,21,19,4,0,4
6,12,2026,1,21,18,2,1,5
6,26,2026,1,21,16,16,2,19
6,31,2026,1,21,14,22,8,33
6,36,2026,1,21,16,12,4,41
6,46,2026,1,21,18,3,17,27
6,58,2026,1,21,19,6,18,15
7,0,2026,1,21,19,3,0,18
7,12,2026,1,21,18,1,9,10
7,26,2026,1,21,16,5,0,15
7,31,2026,1,21,14,7,9,13
7,36,2026,1,21,16,5,1,17
7,46,2026,1,21,18,4,7,14
7,58,2026,1,21,19,5,14,5
8,0,2026,1,21,19,5,0,10
8,12,2026,1,21,18,2,10,2
8,26,2026,1,21,16,20,0,22
8,31,2026,1,21,14,10,1,31
8,36,2026,1,21,16,13,0,44
8,46,2026,1,21,18,4,22,26
8,58,2026,1,21,19,3,20,9
9,0,2026,1,21,19,5,0,14
9,12,2026,1,21,18,2,6,10
9,26,2026,1,21,16,3,2,11
9,31,2026,1,21,14,5,7,9
9,36,2026,1,21,16,2,1,10
9,46,2026,1,21,18,3,5,8
9,58,2026,1,21,19,5,8,5
10,0,2026,1,21,19,3,0,8
10,12,2026,1,21,18,5,5,8
10,26,2026,1,21,16,3,4,7
10,31,2026,1,21,14,6,3,10
10,36,2026,1,21,16,6,1,15
10,46,2026,1,21,18,5,7,13
10,58,2026,1,21,19,2,7,8
11,0,2026,1,21,19,4,0,12
11,12,2026,1,21,18,4,2,14
11,26,2026,1,21,16,2,7,9
11,31,2026,1,21,14,4,7,6
11,36,2026,1,21,16,2,1,7
11,46,2026,1,21,18,5,5,7
11,58,2026,1,21,19,3,1,9
12,0,2026,1,21,19,4,0,13
12,12,2026,1,21,18,6,3,16
12,26,2026,1,21,16,5,4,17
12,31,2026,1,21,14,6,14,9
12,36,2026,1,21,16,6,1,14
12,46,2026,1,21,18,5,6,13
12,58,2026,1,21,19,2,7,8
13,0,2026,1,21,19,24,0,32
13,12,2026,1,21,18,18,9,41
13,26,2026,1,21,16,6,16,31
13,31,2026,1,21,14,3,20,14
13,36,2026,1,21,16,6,1,19
13,46,2026,1,21,18,11,6,24
13,58,2026,1,21,19,28,11,41
14,0,2026,1,21,19,25,0,66
14,12,2026,1,21,18,11,21,56
14,26,2026,1,21,16,4,20,40
14,31,2026,1,21,14,2,25,17
14,36,2026,1,21,16,2,0,19
14,46,2026,1,21,18,16,2,33
14,58,2026,1,21,19,20,21,32
15,0,2026,1,21,19,26,0,58
15,12,2026,1,21,18,15,7,66
15,26,2026,1,21,16,6,25,47
15,31,2026,1,21,14,6,26,27
15,36,2026,1,21,16,4,3,28
15,46,2026,1,21,18,23,7,44
15,58,2026,1,21,19,15,22,37
16,0,2026,1,21,19,2,0,39
16,12,2026,1,21,18,3,2,40
16,26,2026,1,21,16,5,20,25
16,31,2026,1,21,14,6,21,10
16,36,2026,1,21,16,5,0,15
16,46,2026,1,21,18,2,8,9
16,58,2026,1,21,19,2,5,6
17,0,2026,1,21,19,3,0,9
17,12,2026,1,21,18,5,2,12
17,26,2026,1,21,16,6,6,12
17,31,2026,1,21,14,5,5,12
17,36,2026,1,21,16,5,1,16
17,46,2026,1,21,18,2,10,8
17,58,2026,1,21,19,4,7,5
18,0,2026,1,21,19,6,0,11
18,12,2026,1,21,18,3,3,11
18,26,2026,1,21,16,6,5,12
18,31,2026,1,21,14,3,6,9
18,36,2026,1,21,16,2,1,10
18,46,2026,1,21,18,6,4,12
18,58,2026,1,21,19,3,7,8
19,0,2026,1,21,19,6,0,14
19,12,2026,1,21,18,4,2,16
19,26,2026,1,21,16,5,4,17
19,31,2026,1,21,14,3,11,9
19,36,2026,1,21,16,3,2,10
19,46,2026,1,21,18,2,3,9
19,58,2026,1,21,19,3,7,5
20,0,2026,1,21,19,2,0,7
20,12,2026,1,21,18,5,4,8
20,26,2026,1,21,16,5,1,12
20,31,2026,1,21,14,5,7,10
20,36,2026,1,21,16,3,2,11
20,46,2026,1,21,18,6,5,12
20,58,2026,1,21,19,4,6,10
21,0,2026,1,21,19,3,0,13
21,12,2026,1,21,18,6,0,19
21,26,2026,1,21,16,4,5,18
21,31,2026,1,21,14,6,12,12
21,36,2026,1,21,16,3,2,13
21,46,2026,1,21,18,2,2,13
21,58,2026,1,21,19,6,11,8
22,0,2026,1,21,19,2,0,10
22,12,2026,1,21,18,6,0,16
22,26,2026,1,21,16,6,4,18
22,31,2026,1,21,14,4,12,10
22,36,2026,1,21,16,2,2,10
22,46,2026,1,21,18,5,5,10
22,58,2026,1,21,19,6,5,11
23,0,2026,1,21,19,3,0,14
23,12,2026,1,21,18,6,2,18
23,26,2026,1,21,16,6,9,15
23,31,2026,1,21,14,6,6,15
23,36,2026,1,21,16,3,1,17
23,46,2026,1,21,18,6,7,16
23,58,2026,1,21,19,0,16,0
6,0,2026,1,22,19,6,0,6
6,12,2026,1,22,18,6,2,10
6,26,2026,1,22,16,9,3,16
6,31,2026,1,22,14,8,6,18
6,36,2026,1,22,16,19,3,34
6,46,2026,1,22,18,2,15,21
6,58,2026,1,22,19,2,18,5
7,0,2026,1,22,19,4,0,9
7,12,2026,1,22,18,5,2,12
7,26,2026,1,22,16,19,3,28
7,31,2026,1,22,14,15,8,35
7,36,2026,1,22,16,22,1,56
7,46,2026,1,22,18,5,23,38
7,58,2026,1,22,19,5,33,10
8,0,2026,1,22,19,5,0,15
8,12,2026,1,22,18,1,6,10
8,26,2026,1,22,16,6,5,11
8,31,2026,1,22,14,12,4,19
8,36,2026,1,22,16,15,1,33
8,46,2026,1,22,18,1,22,12
8,58,2026,1,22,19,2,11,3
9,0,2026,1,22,19,5,0,8
9,12,2026,1,22,18,2,5,5
9,26,2026,1,22,16,4,2,7
9,31,2026,1,22,14,3,1,9
9,36,2026,1,22,16,2,1,10
9,46,2026,1,22,18,1,2,9
9,58,2026,1,22,19,3,8,4
10,0,2026,1,22,19,4,0,8
10,12,2026,1,22,18,5,4,9
10,26,2026,1,22,16,2,6,5
10,31,2026,1,22,14,4,4,5
10,36,2026,1,22,16,5,1,9
10,46,2026,1,22,18,3,3,9
10,58,2026,1,22,19,6,5,10
11,0,2026,1,22,19,4,0,14
11,12,2026,1,22,18,3,6,11
11,26,2026,1,22,16,6,4,13
11,31,2026,1,22,14,6,8,11
11,36,2026,1,22,16,3,0,14
11,46,2026,1,22,18,2,11,5
11,58,2026,1,22,19,4,3,6
12,0,2026,1,22,19,2,0,8
12,12,2026,1,22,18,6,2,12
12,26,2026,1,22,16,5,5,12
12,31,2026,1,22,14,2,8,6
12,36,2026,1,22,16,6,1,11
12,46,2026,1,22,18,5,3,13
12,58,2026,1,22,19,4,8,9
13,0,2026,1,22,19,29,0,38
13,12,2026,1,22,18,18,8,48
13,26,2026,1,22,16,3,22,29
13,31,2026,1,22,14,3,22,10
13,36,2026,1,22,16,4,0,14
13,46,2026,1,22,18,28,4,38
13,58,2026,1,22,19,32,21,49
14,0,2026,1,22,19,17,0,66
14,12,2026,1,22,18,7,20,53
14,26,2026,1,22,16,5,25,33
14,31,2026,1,22,14,6,21,18
14,36,2026,1,22,16,5,2,21
14,46,2026,1,22,18,18,3,36
14,58,2026,1,22,19,9,21,24
15,0,2026,1,22,19,18,0,42
15,12,2026,1,22,18,27,5,64
15,26,2026,1,22,16,2,31,35
15,31,2026,1,22,14,3,27,11
15,36,2026,1,22,16,4,2,13
15,46,2026,1,22,18,18,4,27
15,58,2026,1,22,19,24,18,33
16,0,2026,1,22,19,4,0,37
16,12,2026,1,22,18,4,11,30
16,26,2026,1,22,16,6,13,23
16,31,2026,1,22,14,5,19,9
16,36,2026,1,22,16,6,1,14
16,46,2026,1,22,18,3,5,12
16,58,2026,1,22,19,3,9,6
17,0,2026,1,22,19,3,0,9
17,12,2026,1,22,18,6,4,11
17,26,2026,1,22,16,6,5,12
17,31,2026,1,22,14,3,7,8
17,36,2026,1,22,16,2,1,9
17,46,2026,1,22,18,4,5,8
17,58,2026,1,22,19,3,6,5
18,0,2026,1,22,19,3,0,8
18,12,2026,1,22,18,5,0,13
18,26,2026,1,22,16,6,7,12
18,31,2026,1,22,14,4,6,10
18,36,2026,1,22,16,2,2,10
18,46,2026,1,22,18,3,4,9
18,58,2026,1,22,19,2,7,4
19,0,2026,1,22,19,4,0,8
19,12,2026,1,22,18,3,2,9
19,26,2026,1,22,16,3,4,8
19,31,2026,1,22,14,6,4,10
19,36,2026,1,22,16,3,1,12
19,46,2026,1,22,18,5,6,11
19,58,2026,1,22,19,5,7,9
20,0,2026,1,22,19,6,0,15
20,12,2026,1,22,18,4,5,14
20,26,2026,1,22,16,5,8,11
20,31,2026,1,22,14,2,5,8
20,36,2026,1,22,16,2,1,9
20,46,2026,1,22,18,4,3,10
20,58,2026,1,22,19,2,6,6
21,0,2026,1,22,19,3,0,9
21,12,2026,1,22,18,4,2,11
21,26,2026,1,22,16,6,4,13
21,31,2026,1,22,14,2,9,6
21,36,2026,1,22,16,4,1,9
21,46,2026,1,22,18,2,4,7
21,58,2026,1,22,19,6,6,7
22,0,2026,1,22,19,3,0,10
22,12,2026,1,22,18,6,4,12
22,26,2026,1,22,16,4,7,9
22,31,2026,1,22,14,6,1,14
22,36,2026,1,22,16,2,1,15
22,46,2026,1,22,18,4,2,17
22,58,2026,1,22,19,5,14,8
23,0,2026,1,22,19,4,0,12
23,12,2026,1,22,18,5,3,14
23,26,2026,1,22,16,3,5,12
23,31,2026,1,22,14,6,10,8
23,36,2026,1,22,16,4,1,11
23,46,2026,1,22,18,3,5,9
23,58,2026,1,22,19,0,9,0
6,0,2026,1,23,19,4,0,4
6,12,2026,1,23,18,4,1,7
6,26,2026,1,23,16,16,2,21
6,31,2026,1,23,14,8,6,23
6,36,2026,1,23,16,6,2,27
6,46,2026,1,23,18,2,8,21
6,58,2026,1,23,19,4,19,6
7,0,2026,1,23,19,5,0,11
7,12,2026,1,23,18,1,7,5
7,26,2026,1,23,16,5,1,9
7,31,2026,1,23,14,19,3,25
7,36,2026,1,23,16,21,2,44
7,46,2026,1,23,18,1,22,23
7,58,2026,1,23,19,1,21,3
8,0,2026,1,23,19,1,0,4
8,12,2026,1,23,18,1,2,3
8,26,2026,1,23,16,14,0,17
8,31,2026,1,23,14,5,3,19
8,36,2026,1,23,16,8,0,27
8,46,2026,1,23,18,4,13,18
8,58,2026,1,23,19,5,16,7
9,0,2026,1,23,19,1,0,8
9,12,2026,1,23,18,3,6,5
9,26,2026,1,23,16,6,0,11
9,31,2026,1,23,14,4,3,12
9,36,2026,1,23,16,4,0,16
9,46,2026,1,23,18,3,7,12
9,58,2026,1,23,19,1,10,3
10,0,2026,1,23,19,2,0,5
10,12,2026,1,23,18,5,2,8
10,26,2026,1,23,16,6,3,11
10,31,2026,1,23,14,4,7,8
10,36,2026,1,23,16,6,2,12
10,46,2026,1,23,18,4,6,10
10,58,2026,1,23,19,4,8,6
11,0,2026,1,23,19,3,0,9
11,12,2026,1,23,18,6,0,15
11,26,2026,1,23,16,6,9,12
11,31,2026,1,23,14,3,7,8
11,36,2026,1,23,16,3,0,11
11,46,2026,1,23,18,4,4,11
11,58,2026,1,23,19,6,6,11
12,0,2026,1,23,19,3,0,14
12,12,2026,1,23,18,4,4,14
12,26,2026,1,23,16,3,6,11
12,31,2026,1,23,14,5,7,9
12,36,2026,1,23,16,3,3,9
12,46,2026,1,23,18,5,5,9
12,58,2026,1,23,19,5,5,9
13,0,2026,1,23,19,29,0,38
13,12,2026,1,23,18,16,10,44
13,26,2026,1,23,16,5,19,30
13,31,2026,1,23,14,5,20,15
13,36,2026,1,23,16,5,4,16
13,46,2026,1,23,18,22,5,33
13,58,2026,1,23,19,15,13,35
14,0,2026,1,23,19,11,0,46
14,12,2026,1,23,18,12,8,50
14,26,2026,1,23,16,3,27,26
14,31,2026,1,23,14,4,20,10
14,36,2026,1,23,16,6,1,15
14,46,2026,1,23,18,27,3,39
14,58,2026,1,23,19,12,15,36
15,0,2026,1,23,19,28,0,64
15,12,2026,1,23,18,13,11,66
15,26,2026,1,23,16,6,26,46
15,31,2026,1,23,14,6,27,25
15,36,2026,1,23,16,6,3,28
15,46,2026,1,23,18,12,8,32
15,58,2026,1,23,19,12,22,22
16,0,2026,1,23,19,6,0,28
16,12,2026,1,23,18,2,8,22
16,26,2026,1,23,16,3,12,13
16,31,2026,1,23,14,6,11,8
16,36,2026,1,23,16,6,1,13
16,46,2026,1,23,18,2,6,9
16,58,2026,1,23,19,6,6,9
17,0,2026,1,23,19,2,0,11
17,12,2026,1,23,18,2,3,10
17,26,2026,1,23,16,5,6,9
17,31,2026,1,23,14,6,6,9
17,36,2026,1,23,16,3,3,9
17,46,2026,1,23,18,5,5,9
17,58,2026,1,23,19,6,8,7
18,0,2026,1,23,19,3,0,10
18,12,2026,1,23,18,3,4,9
18,26,2026,1,23,16,6,3,12
18,31,2026,1,23,14,5,7,10
18,36,2026,1,23,16,5,2,13
18,46,2026,1,23,18,3,4,12
18,58,2026,1,23,19,4,7,9
19,0,2026,1,23,19,4,0,13
19,12,2026,1,23,18,6,2,17
19,26,2026,1,23,16,4,7,14
19,31,2026,1,23,14,6,10,10
19,36,2026,1,23,16,5,3,12
19,46,2026,1,23,18,4,7,9
19,58,2026,1,23,19,5,5,9
20,0,2026,1,23,19,3,0,12
20,12,2026,1,23,18,5,1,16
20,26,2026,1,23,16,5,7,14
20,31,2026,1,23,14,5,7,12
20,36,2026,1,23,16,3,1,14
20,46,2026,1,23,18,5,5,14
20,58,2026,1,23,19,5,11,8
21,0,2026,1,23,19,2,0,10
21,12,2026,1,23,18,5,3,12
21,26,2026,1,23,16,4,4,12
21,31,2026,1,23,14,5,9,8
21,36,2026,1,23,16,6,2,12
21,46,2026,1,23,18,4,8,8
21,58,2026,1,23,19,6,5,9
22,0,2026,1,23,19,4,0,13
22,12,2026,1,23,18,5,3,15
22,26,2026,1,23,16,4,7,12
22,31,2026,1,23,14,6,10,8
22,36,2026,1,23,16,6,2,12
22,46,2026,1,23,18,2,6,8
22,58,2026,1,23,19,4,5,7
23,0,2026,1,23,19,5,0,12
23,12,2026,1,23,18,6,2,16
23,26,2026,1,23,16,4,10,10
23,31,2026,1,23,14,6,7,9
23,36,2026,1,23,16,5,3,11
23,46,2026,1,23,18,4,3,12
23,58,2026,1,23,19,0,12,0
6,0,2026,1,24,19,2,0,2
6,12,2026,1,24,18,2,1,3
6,26,2026,1,24,16,5,2,6
6,31,2026,1,24,14,5,2,9
6,36,2026,1,24,16,7,5,11
6,46,2026,1,24,18,5,4,12
6,58,2026,1,24,19,5,8,9
7,0,2026,1,24,19,4,0,13
7,12,2026,1,24,18,5,7,11
7,26,2026,1,24,16,17,3,25
7,31,2026,1,24,14,15,3,37
7,36,2026,1,24,16,21,0,58
7,46,2026,1,24,18,5,27,36
7,58,2026,1,24,19,4,30,10
8,0,2026,1,24,19,3,0,13
8,12,2026,1,24,18,2,7,8
8,26,2026,1,24,16,19,2,25
8,31,2026,1,24,14,7,5,27
8,36,2026,1,24,16,5,0,32
8,46,2026,1,24,18,3,10,25
8,58,2026,1,24,19,3,22,6
9,0,2026,1,24,19,5,0,11
9,12,2026,1,24,18,2,6,7
9,26,2026,1,24,16,6,2,11
9,31,2026,1,24,14,6,3,14
9,36,2026,1,24,16,2,0,16
9,46,2026,1,24,18,2,10,8
9,58,2026,1,24,19,4,7,5
10,0,2026,1,24,19,3,0,8
10,12,2026,1,24,18,5,3,10
10,26,2026,1,24,16,4,3,11
10,31,2026,1,24,14,2,10,3
10,36,2026,1,24,16,3,0,6
10,46,2026,1,24,18,3,2,7
10,58,2026,1,24,19,3,3,7
11,0,2026,1,24,19,4,0,11
11,12,2026,1,24,18,6,3,14
11,26,2026,1,24,16,4,1,17
11,31,2026,1,24,14,6,12,11
11,36,2026,1,24,16,3,1,13
11,46,2026,1,24,18,4,3,14
11,58,2026,1,24,19,4,12,6
12,0,2026,1,24,19,6,0,12
12,12,2026,1,24,18,4,3,13
12,26,2026,1,24,16,2,7,8
12,31,2026,1,24,14,4,6,6
12,36,2026,1,24,16,5,1,10
12,46,2026,1,24,18,4,2,12
12,58,2026,1,24,19,4,7,9
13,0,2026,1,24,19,22,0,31
13,12,2026,1,24,18,19,7,43
13,26,2026,1,24,16,3,18,28
13,31,2026,1,24,14,6,20,14
13,36,2026,1,24,16,2,4,12
13,46,2026,1,24,18,24,3,33
13,58,2026,1,24,19,31,12,52
14,0,2026,1,24,19,7,0,59
14,12,2026,1,24,18,13,13,59
14,26,2026,1,24,16,5,22,42
14,31,2026,1,24,14,5,24,23
14,36,2026,1,24,16,2,3,22
14,46,2026,1,24,18,28,4,46
14,58,2026,1,24,19,16,27,35
15,0,2026,1,24,19,20,0,55
15,12,2026,1,24,18,11,10,56
15,26,2026,1,24,16,6,25,37
15,31,2026,1,24,14,4,20,21
15,36,2026,1,24,16,3,3,21
15,46,2026,1,24,18,15,6,30
15,58,2026,1,24,19,10,17,23
16,0,2026,1,24,19,3,0,26
16,12,2026,1,24,18,5,2,29
16,26,2026,1,24,16,4,18,15
16,31,2026,1,24,14,3,11,7
16,36,2026,1,24,16,3,1,9
16,46,2026,1,24,18,5,2,12
16,58,2026,1,24,19,4,6,10
17,0,2026,1,24,19,2,0,12
17,12,2026,1,24,18,6,3,15
17,26,2026,1,24,16,2,5,12
17,31,2026,1,24,14,2,9,5
17,36,2026,1,24,16,3,2,6
17,46,2026,1,24,18,3,1,8
17,58,2026,1,24,19,3,4,7
18,0,2026,1,24,19,6,0,13
18,12,2026,1,24,18,2,5,10
18,26,2026,1,24,16,5,3,12
18,31,2026,1,24,14,2,8,6
18,36,2026,1,24,16,3,0,9
18,46,2026,1,24,18,5,2,12
18,58,2026,1,24,19,5,6,11
19,0,2026,1,24,19,5,0,16
19,12,2026,1,24,18,4,2,18
19,26,2026,1,24,16,2,8,12
19,31,2026,1,24,14,6,11,7
19,36,2026,1,24,16,6,1,12
19,46,2026,1,24,18,2,6,8
19,58,2026,1,24,19,3,5,6
20,0,2026,1,24,19,3,0,9
20,12,2026,1,24,18,2,2,9
20,26,2026,1,24,16,3,2,10
20,31,2026,1,24,14,3,6,7
20,36,2026,1,24,16,6,2,11
20,46,2026,1,24,18,3,3,11
20,58,2026,1,24,19,4,8,7
21,0,2026,1,24,19,2,0,9
21,12,2026,1,24,18,4,2,11
21,26,2026,1,24,16,5,4,12
21,31,2026,1,24,14,5,7,10
21,36,2026,1,24,16,4,2,12
21,46,2026,1,24,18,5,4,13
21,58,2026,1,24,19,3,9,7
22,0,2026,1,24,19,3,0,10
22,12,2026,1,24,18,3,0,13
22,26,2026,1,24,16,2,5,10
22,31,2026,1,24,14,4,7,7
22,36,2026,1,24,16,4,2,9
22,46,2026,1,24,18,6,2,13
22,58,2026,1,24,19,3,9,7
23,0,2026,1,24,19,4,0,11
23,12,2026,1,24,18,5,5,11
23,26,2026,1,24,16,3,8,6
23,31,2026,1,24,14,3,4,5
23,36,2026,1,24,16,3,1,7
23,46,2026,1,24,18,3,3,7
23,58,2026,1,24,19,0,7,0
6,0,2026,1,25,19,4,0,4
6,12,2026,1,25,18,6,2,8
6,26,2026,1,25,16,16,4,20
6,31,2026,1,25,14,6,9,17
6,36,2026,1,25,16,15,5,27
6,46,2026,1,25,18,3,9,21
6,58,2026,1,25,19,3,15,9
7,0,2026,1,25,19,4,0,13
7,12,2026,1,25,18,1,5,9
7,26,2026,1,25,16,21,3,27
7,31,2026,1,25,14,7,6,28
7,36,2026,1,25,16,12,2,38
7,46,2026,1,25,18,4,25,17
7,58,2026,1,25,19,5,16,6
8,0,2026,1,25,19,4,0,10
8,12,2026,1,25,18,4,8,6
8,26,2026,1,25,16,13,2,17
8,31,2026,1,25,14,21,1,37
8,36,2026,1,25,16,11,0,48
8,46,2026,1,25,18,1,23,26
8,58,2026,1,25,19,2,24,4
9,0,2026,1,25,19,2,0,6
9,12,2026,1,25,18,4,2,8
9,26,2026,1,25,16,4,3,9
9,31,2026,1,25,14,4,2,11
9,36,2026,1,25,16,5,0,16
9,46,2026,1,25,18,1,6,11
9,58,2026,1,25,19,3,11,3
10,0,2026,1,25,19,6,0,9
10,12,2026,1,25,18,2,3,8
10,26,2026,1,25,16,4,5,7
10,31,2026,1,25,14,4,3,8
10,36,2026,1,25,16,5,1,12
10,46,2026,1,25,18,4,3,13
10,58,2026,1,25,19,5,9,9
11,0,2026,1,25,19,4,0,13
11,12,2026,1,25,18,6,3,16
11,26,2026,1,25,16,5,6,15
11,31,2026,1,25,14,3,9,9
11,36,2026,1,25,16,4,1,12
11,46,2026,1,25,18,4,5,11
11,58,2026,1,25,19,4,6,9
12,0,2026,1,25,19,3,0,12
12,12,2026,1,25,18,2,2,12
12,26,2026,1,25,16,4,4,12
12,31,2026,1,25,14,2,9,5
12,36,2026,1,25,16,6,1,10
12,46,2026,1,25,18,5,4,11
12,58,2026,1,25,19,5,5,11
13,0,2026,1,25,19,25,0,36
13,12,2026,1,25,18,32,6,62
13,26,2026,1,25,16,2,25,39
13,31,2026,1,25,14,3,30,12
13,36,2026,1,25,16,2,1,13
13,46,2026,1,25,18,32,1,44
13,58,2026,1,25,19,32,13,63
14,0,2026,1,25,19,3,0,66
14,12,2026,1,25,18,9,9,66
14,26,2026,1,25,16,6,29,43
14,31,2026,1,25,14,6,28,21
14,36,2026,1,25,16,4,4,21
14,46,2026,1,25,18,25,4,42
14,58,2026,1,25,19,26,18,50
15,0,2026,1,25,19,14,0,64
15,12,2026,1,25,18,18,18,64
15,26,2026,1,25,16,4,24,44
15,31,2026,1,25,14,6,22,28
15,36,2026,1,25,16,6,5,29
15,46,2026,1,25,18,31,5,55
15,58,2026,1,25,19,28,21,62
16,0,2026,1,25,19,3,0,65
16,12,2026,1,25,18,2,13,54
16,26,2026,1,25,16,6,28,32
16,31,2026,1,25,14,3,24,11
16,36,2026,1,25,16,3,0,14
16,46,2026,1,25,18,2,8,8
16,58,2026,1,25,19,3,6,5
17,0,2026,1,25,19,2,0,7
17,12,2026,1,25,18,3,2,8
17,26,2026,1,25,16,6,5,9
17,31,2026,1,25,14,6,5,10
17,36,2026,1,25,16,5,3,12
17,46,2026,1,25,18,3,3,12
17,58,2026,1,25,19,5,8,9
18,0,2026,1,25,19,3,0,12
18,12,2026,1,25,18,2,4,10
18,26,2026,1,25,16,6,5,11
18,31,2026,1,25,14,2,6,7
18,36,2026,1,25,16,2,0,9
18,46,2026,1,25,18,2,6,5
18,58,2026,1,25,19,4,2,7
19,0,2026,1,25,19,4,0,11
19,12,2026,1,25,18,3,1,13
19,26,2026,1,25,16,3,5,11
19,31,2026,1,25,14,3,8,6
19,36,2026,1,25,16,3,1,8
19,46,2026,1,25,18,3,4,7
19,58,2026,1,25,19,5,4,8
20,0,2026,1,25,19,5,0,13
20,12,2026,1,25,18,5,3,15
20,26,2026,1,25,16,4,7,12
20,31,2026,1,25,14,5,4,13
20,36,2026,1,25,16,4,2,15
20,46,2026,1,25,18,4,5,14
20,58,2026,1,25,19,4,12,6
21,0,2026,1,25,19,3,0,9
21,12,2026,1,25,18,4,2,11
21,26,2026,1,25,16,2,5,8
21,31,2026,1,25,14,2,5,5
21,36,2026,1,25,16,6,0,11
21,46,2026,1,25,18,3,2,12
21,58,2026,1,25,19,5,6,11
22,0,2026,1,25,19,4,0,15
22,12,2026,1,25,18,2,4,13
22,26,2026,1,25,16,5,1,17
22,31,2026,1,25,14,5,14,8
22,36,2026,1,25,16,3,2,9
22,46,2026,1,25,18,4,5,8
22,58,2026,1,25,19,4,4,8
23,0,2026,1,25,19,6,0,14
23,12,2026,1,25,18,2,5,11
23,26,2026,1,25,16,4,4,11
23,31,2026,1,25,14,6,7,10
23,36,2026,1,25,16,3,2,11
23,46,2026,1,25,18,6,5,12
23,58,2026,1,25,19,0,12,0
6,0,2026,1,26,19,4,0,4
6,12,2026,1,26,18,2,0,6
6,26,2026,1,26,16,5,3,8
6,31,2026,1,26,14,21,6,23
6,36,2026,1,26,16,13,6,30
6,46,2026,1,26,18,3,9,24
6,58,2026,1,26,19,2,17,9
7,0,2026,1,26,19,2,0,11
7,12,2026,1,26,18,3,4,10
7,26,2026,1,26,16,20,2,28
7,31,2026,1,26,14,12,5,35
7,36,2026,1,26,16,21,0,56
7,46,2026,1,26,18,2,27,31
7,58,2026,1,26,19,3,27,7
8,0,2026,1,26,19,3,0,10
8,12,2026,1,26,18,4,5,9
8,26,2026,1,26,16,17,0,26
8,31,2026,1,26,14,20,7,39
8,36,2026,1,26,16,7,1,45
8,46,2026,1,26,18,4,24,25
8,58,2026,1,26,19,3,20,8
9,0,2026,1,26,19,5,0,13
9,12,2026,1,26,18,2,7,8
9,26,2026,1,26,16,4,2,10
9,31,2026,1,26,14,2,4,8
9,36,2026,1,26,16,6,0,14
9,46,2026,1,26,18,5,4,15
9,58,2026,1,26,19,2,13,4
10,0,2026,1,26,19,3,0,7
10,12,2026,1,26,18,4,2,9
10,26,2026,1,26,16,6,5,10
10,31,2026,1,26,14,2,4,8
10,36,2026,1,26,16,2,1,9
10,46,2026,1,26,18,2,3,8
10,58,2026,1,26,19,5,4,9
11,0,2026,1,26,19,6,0,15
11,12,2026,1,26,18,2,4,13
11,26,2026,1,26,16,5,5,13
11,31,2026,1,26,14,4,9,8
11,36,2026,1,26,16,3,1,10
11,46,2026,1,26,18,2,1,11
11,58,2026,1,26,19,4,8,7
12,0,2026,1,26,19,2,0,9
12,12,2026,1,26,18,2,3,8
12,26,2026,1,26,16,2,3,7
12,31,2026,1,26,14,5,4,8
12,36,2026,1,26,16,3,0,11
12,46,2026,1,26,18,6,6,11
12,58,2026,1,26,19,2,7,6
13,0,2026,1,26,19,8,0,14
13,12,2026,1,26,18,20,4,30
13,26,2026,1,26,16,6,12,24
13,31,2026,1,26,14,5,14,15
13,36,2026,1,26,16,4,2,17
13,46,2026,1,26,18,15,5,27
13,58,2026,1,26,19,32,11,48
14,0,2026,1,26,19,17,0,65
14,12,2026,1,26,18,23,22,66
14,26,2026,1,26,16,2,22,46
14,31,2026,1,26,14,4,21,29
14,36,2026,1,26,16,5,3,31
14,46,2026,1,26,18,15,4,42
14,58,2026,1,26,19,18,23,37
15,0,2026,1,26,19,21,0,58
15,12,2026,1,26,18,21,13,66
15,26,2026,1,26,16,4,23,47
15,31,2026,1,26,14,6,22,31
15,36,2026,1,26,16,5,2,34
15,46,2026,1,26,18,27,9,52
15,58,2026,1,26,19,27,21,58
16,0,2026,1,26,19,2,0,60
16,12,2026,1,26,18,5,14,51
16,26,2026,1,26,16,2,22,31
16,31,2026,1,26,14,3,24,10
16,36,2026,1,26,16,5,1,14
16,46,2026,1,26,18,5,4,15
16,58,2026,1,26,19,2,9,8
17,0,2026,1,26,19,6,0,14
17,12,2026,1,26,18,3,2,15
17,26,2026,1,26,16,3,8,10
17,31,2026,1,26,14,2,6,6
17,36,2026,1,26,16,3,2,7
17,46,2026,1,26,18,6,4,9
17,58,2026,1,26,19,5,3,11
18,0,2026,1,26,19,4,0,15
18,12,2026,1,26,18,5,1,19
18,26,2026,1,26,16,5,8,16
18,31,2026,1,26,14,4,14,6
18,36,2026,1,26,16,4,2,8
18,46,2026,1,26,18,5,1,12
18,58,2026,1,26,19,3,7,8
19,0,2026,1,26,19,4,0,12
19,12,2026,1,26,18,3,2,13
19,26,2026,1,26,16,2,2,13
19,31,2026,1,26,14,4,11,6
19,36,2026,1,26,16,3,0,9
19,46,2026,1,26,18,5,3,11
19,58,2026,1,26,19,6,6,11
20,0,2026,1,26,19,5,0,16
20,12,2026,1,26,18,3,2,17
20,26,2026,1,26,16,5,5,17
20,31,2026,1,26,14,2,11,8
20,36,2026,1,26,16,5,1,12
20,46,2026,1,26,18,2,2,12
20,58,2026,1,26,19,3,7,8
21,0,2026,1,26,19,2,0,10
21,12,2026,1,26,18,5,2,13
21,26,2026,1,26,16,5,4,14
21,31,2026,1,26,14,3,8,9
21,36,2026,1,26,16,4,2,11
21,46,2026,1,26,18,3,5,9
21,58,2026,1,26,19,5,7,7
22,0,2026,1,26,19,4,0,11
22,12,2026,1,26,18,5,3,13
22,26,2026,1,26,16,4,3,14
22,31,2026,1,26,14,4,8,10
22,36,2026,1,26,16,6,1,15
22,46,2026,1,26,18,3,6,12
22,58,2026,1,26,19,3,10,5
23,0,2026,1,26,19,3,0,8
23,12,2026,1,26,18,6,1,13
23,26,2026,1,26,16,3,5,11
23,31,2026,1,26,14,5,5,11
23,36,2026,1,26,16,6,1,16
23,46,2026,1,26,18,4,8,12
23,58,2026,1,26,19,0,12,0
6,0,2026,1,27,19,6,0,6
6,12,2026,1,27,18,6,1,11
6,26,2026,1,27,16,7,8,10
6,31,2026,1,27,14,15,4,21
6,36,2026,1,27,16,19,4,36
6,46,2026,1,27,18,5,16,25
6,58,2026,1,27,19,5,16,14
7,0,2026,1,27,19,4,0,18
7,12,2026,1,27,18,4,8,14
7,26,2026,1,27,16,21,3,32
7,31,2026,1,27,14,18,9,41
7,36,2026,1,27,16,12,1,52
7,46,2026,1,27,18,2,27,27
7,58,2026,1,27,19,3,23,7
8,0,2026,1,27,19,4,0,11
8,12,2026,1,27,18,3,5,9
8,26,2026,1,27,16,10,2,17
8,31,2026,1,27,14,15,5,27
8,36,2026,1,27,16,11,1,37
8,46,2026,1,27,18,4,17,24
8,58,2026,1,27,19,1,21,4
9,0,2026,1,27,19,1,0,5
9,12,2026,1,27,18,3,2,6
9,26,2026,1,27,16,5,1,10
9,31,2026,1,27,14,5,2,13
9,36,2026,1,27,16,6,0,19
9,46,2026,1,27,18,3,9,13
9,58,2026,1,27,19,5,13,5
10,0,2026,1,27,19,2,0,7
10,12,2026,1,27,18,2,1,8
10,26,2026,1,27,16,3,4,7
10,31,2026,1,27,14,4,5,6
10,36,2026,1,27,16,2,1,7
10,46,2026,1,27,18,5,3,9
10,58,2026,1,27,19,5,4,10
11,0,2026,1,27,19,6,0,16
11,12,2026,1,27,18,2,4,14
11,26,2026,1,27,16,2,8,8
11,31,2026,1,27,14,6,6,8
11,36,2026,1,27,16,3,2,9
11,46,2026,1,27,18,2,7,4
11,58,2026,1,27,19,6,2,8
12,0,2026,1,27,19,5,0,13
12,12,2026,1,27,18,2,4,11
12,26,2026,1,27,16,2,4,9
12,31,2026,1,27,14,5,7,7
12,36,2026,1,27,16,4,2,9
12,46,2026,1,27,18,2,4,7
12,58,2026,1,27,19,5,6,6
13,0,2026,1,27,19,26,0,32
13,12,2026,1,27,18,10,6,36
13,26,2026,1,27,16,5,19,22
13,31,2026,1,27,14,5,16,11
13,36,2026,1,27,16,5,4,12
13,46,2026,1,27,18,13,3,22
13,58,2026,1,27,19,28,5,45
14,0,2026,1,27,19,21,0,66
14,12,2026,1,27,18,14,24,56
14,26,2026,1,27,16,6,22,40
14,31,2026,1,27,14,4,20,24
14,36,2026,1,27,16,4,0,28
14,46,2026,1,27,18,19,6,41
14,58,2026,1,27,19,9,20,30
15,0,2026,1,27,19,32,0,62
15,12,2026,1,27,18,11,7,66
15,26,2026,1,27,16,6,26,46
15,31,2026,1,27,14,3,36,13
15,36,2026,1,27,16,4,1,16
15,46,2026,1,27,18,29,6,39
15,58,2026,1,27,19,23,14,48
16,0,2026,1,27,19,5,0,53
16,12,2026,1,27,18,3,7,49
16,26,2026,1,27,16,4,20,33
16,31,2026,1,27,14,2,26,9
16,36,2026,1,27,16,6,1,14
16,46,2026,1,27,18,3,8,9
16,58,2026,1,27,19,4,7,6
17,0,2026,1,27,19,4,0,10
17,12,2026,1,27,18,3,0,13
17,26,2026,1,27,16,3,9,7
17,31,2026,1,27,14,6,5,8
17,36,2026,1,27,16,2,2,8
17,46,2026,1,27,18,6,7,7
17,58,2026,1,27,19,5,2,10
18,0,2026,1,27,19,4,0,14
18,12,2026,1,27,18,2,2,14
18,26,2026,1,27,16,6,1,19
18,31,2026,1,27,14,4,13,10
18,36,2026,1,27,16,2,2,10
18,46,2026,1,27,18,5,5,10
18,58,2026,1,27,19,4,6,8
19,0,2026,1,27,19,3,0,11
19,12,2026,1,27,18,5,2,14
19,26,2026,1,27,16,2,7,9
19,31,2026,1,27,14,3,6,6
19,36,2026,1,27,16,3,1,8
19,46,2026,1,27,18,5,2,11
19,58,2026,1,27,19,4,7,8
20,0,2026,1,27,19,4,0,12
20,12,2026,1,27,18,6,3,15
20,26,2026,1,27,16,4,10,9
20,31,2026,1,27,14,3,7,5
20,36,2026,1,27,16,4,1,8
20,46,2026,1,27,18,2,2,8
20,58,2026,1,27,19,3,2,9
21,0,2026,1,27,19,6,0,15
21,12,2026,1,27,18,6,4,17
21,26,2026,1,27,16,6,8,15
21,31,2026,1,27,14,5,11,9
21,36,2026,1,27,16,4,1,12
21,46,2026,1,27,18,3,5,10
21,58,2026,1,27,19,2,6,6
22,0,2026,1,27,19,5,0,11
22,12,2026,1,27,18,5,4,12
22,26,2026,1,27,16,6,5,13
22,31,2026,1,27,14,5,6,12
22,36,2026,1,27,16,6,0,18
22,46,2026,1,27,18,2,6,14
22,58,2026,1,27,19,6,10,10
23,0,2026,1,27,19,3,0,13
23,12,2026,1,27,18,6,2,17
23,26,2026,1,27,16,3,6,14
23,31,2026,1,27,14,3,8,9
23,36,2026,1,27,16,6,1,14
23,46,2026,1,27,18,4,5,13
23,58,2026,1,27,19,0,13,0
6,0,2026,1,28,19,5,0,5
6,12,2026,1,28,18,5,1,9
6,26,2026,1,28,16,16,2,23
6,31,2026,1,28,14,8,10,21
6,36,2026,1,28,16,5,3,23
6,46,2026,1,28,18,4,12,15
6,58,2026,1,28,19,4,13,6
7,0,2026,1,28,19,3,0,9
7,12,2026,1,28,18,4,5,8
7,26,2026,1,28,16,15,3,20
7,31,2026,1,28,14,15,2,33
7,36,2026,1,28,16,6,0,39
7,46,2026,1,28,18,5,19,25
7,58,2026,1,28,19,4,20,9
8,0,2026,1,28,19,2,0,11
8,12,2026,1,28,18,3,4,10
8,26,2026,1,28,16,22,5,27
8,31,2026,1,28,14,6,5,28
8,36,2026,1,28,16,20,0,48
8,46,2026,1,28,18,2,20,30
8,58,2026,1,28,19,1,27,4
9,0,2026,1,28,19,2,0,6
9,12,2026,1,28,18,4,2,8
9,26,2026,1,28,16,3,3,8
9,31,2026,1,28,14,3,3,8
9,36,2026,1,28,16,3,0,11
9,46,2026,1,28,18,5,5,11
9,58,2026,1,28,19,1,11,1
10,0,2026,1,28,19,3,0,4
10,12,2026,1,28,18,5,1,8
10,26,2026,1,28,16,2,2,8
10,31,2026,1,28,14,6,5,9
10,36,2026,1,28,16,3,2,10
10,46,2026,1,28,18,4,3,11
10,58,2026,1,28,19,4,5,10
11,0,2026,1,28,19,6,0,16
11,12,2026,1,28,18,2,4,14
11,26,2026,1,28,16,6,6,14
11,31,2026,1,28,14,6,10,10
11,36,2026,1,28,16,6,1,15
11,46,2026,1,28,18,6,6,15
11,58,2026,1,28,19,5,9,11
12,0,2026,1,28,19,3,0,14
12,12,2026,1,28,18,5,2,17
12,26,2026,1,28,16,4,8,13
12,31,2026,1,28,14,2,11,4
12,36,2026,1,28,16,3,0,7
12,46,2026,1,28,18,2,3,6
12,58,2026,1,28,19,2,3,5
13,0,2026,1,28,19,23,0,28
13,12,2026,1,28,18,13,11,30
13,26,2026,1,28,16,3,12,21
13,31,2026,1,28,14,6,15,12
13,36,2026,1,28,16,4,3,13
13,46,2026,1,28,18,15,4,24
13,58,2026,1,28,19,7,7,24
14,0,2026,1,28,19,24,0,48
14,12,2026,1,28,18,18,8,58
14,26,2026,1,28,16,3,28,33
14,31,2026,1,28,14,3,25,11
14,36,2026,1,28,16,4,1,14
14,46,2026,1,28,18,7,3,18
14,58,2026,1,28,19,29,10,37
15,0,2026,1,28,19,15,0,52
15,12,2026,1,28,18,26,13,65
15,26,2026,1,28,16,5,36,34
15,31,2026,1,28,14,5,21,18
15,36,2026,1,28,16,6,2,22
15,46,2026,1,28,18,18,9,31
15,58,2026,1,28,19,8,18,21
16,0,2026,1,28,19,6,0,27
16,12,2026,1,28,18,2,4,25
16,26,2026,1,28,16,2,11,16
16,31,2026,1,28,14,3,13,6
16,36,2026,1,28,16,4,0,10
16,46,2026,1,28,18,3,4,9
16,58,2026,1,28,19,2,6,5
17,0,2026,1,28,19,5,0,10
17,12,2026,1,28,18,4,2,12
17,26,2026,1,28,16,2,5,9
17,31,2026,1,28,14,3,7,5
17,36,2026,1,28,16,6,0,11
17,46,2026,1,28,18,3,4,10
17,58,2026,1,28,19,3,9,4
18,0,2026,1,28,19,3,0,7
18,12,2026,1,28,18,5,0,12
18,26,2026,1,28,16,2,5,9
18,31,2026,1,28,14,4,6,7
18,36,2026,1,28,16,4,2,9
18,46,2026,1,28,18,3,3,9
18,58,2026,1,28,19,4,4,9
19,0,2026,1,28,19,6,0,15
19,12,2026,1,28,18,6,1,20
19,26,2026,1,28,16,5,12,13
19,31,2026,1,28,14,3,8,8
19,36,2026,1,28,16,3,2,9
19,46,2026,1,28,18,5,3,11
19,58,2026,1,28,19,4,8,7
20,0,2026,1,28,19,5,0,12
20,12,2026,1,28,18,3,3,12
20,26,2026,1,28,16,3,6,9
20,31,2026,1,28,14,3,6,6
20,36,2026,1,28,16,5,1,10
20,46,2026,1,28,18,6,4,12
20,58,2026,1,28,19,3,6,9
21,0,2026,1,28,19,6,0,15
21,12,2026,1,28,18,5,0,20
21,26,2026,1,28,16,5,9,16
21,31,2026,1,28,14,3,9,10
21,36,2026,1,28,16,2,1,11
21,46,2026,1,28,18,2,4,9
21,58,2026,1,28,19,2,7,4
22,0,2026,1,28,19,5,0,9
22,12,2026,1,28,18,5,3,11
22,26,2026,1,28,16,6,4,13
22,31,2026,1,28,14,4,8,9
22,36,2026,1,28,16,6,2,13
22,46,2026,1,28,18,2,4,11
22,58,2026,1,28,19,5,7,9
23,0,2026,1,28,19,2,0,11
23,12,2026,1,28,18,5,5,11
23,26,2026,1,28,16,6,3,14
23,31,2026,1,28,14,3,8,9
23,36,2026,1,28,16,2,1,10
23,46,2026,1,28,18,6,4,12
23,58,2026,1,28,19,0,12,0
6,0,2026,1,29,19,5,0,5
6,12,2026,1,29,18,6,2,9
6,26,2026,1,29,16,7,3,13
6,31,2026,1,29,14,16,8,21
6,36,2026,1,29,16,16,7,30
6,46,2026,1,29,18,2,9,23
6,58,2026,1,29,19,4,18,9
7,0,2026,1,29,19,4,0,13
7,12,2026,1,29,18,4,8,9
7,26,2026,1,29,16,15,1,23
7,31,2026,1,29,14,12,5,30
7,36,2026,1,29,16,19,0,49
7,46,2026,1,29,18,1,24,26
7,58,2026,1,29,19,3,24,5
8,0,2026,1,29,19,2,0,7
8,12,2026,1,29,18,1,4,4
8,26,2026,1,29,16,16,0,20
8,31,2026,1,29,14,19,5,34
8,36,2026,1,29,16,11,0,45
8,46,2026,1,29,18,5,22,28
8,58,2026,1,29,19,5,23,10
9,0,2026,1,29,19,1,0,11
9,12,2026,1,29,18,4,5,10
9,26,2026,1,29,16,6,3,13
9,31,2026,1,29,14,2,5,10
9,36,2026,1,29,16,5,0,15
9,46,2026,1,29,18,1,8,8
9,58,2026,1,29,19,2,8,2
10,0,2026,1,29,19,6,0,8
10,12,2026,1,29,18,2,2,8
10,26,2026,1,29,16,3,4,7
10,31,2026,1,29,14,2,4,5
10,36,2026,1,29,16,4,2,7
10,46,2026,1,29,18,4,2,9
10,58,2026,1,29,19,6,6,9
11,0,2026,1,29,19,5,0,14
11,12,2026,1,29,18,6,6,14
11,26,2026,1,29,16,3,6,11
11,31,2026,1,29,14,4,8,7
11,36,2026,1,29,16,2,1,8
11,46,2026,1,29,18,2,1,9
11,58,2026,1,29,19,4,7,6
12,0,2026,1,29,19,5,0,11
12,12,2026,1,29,18,6,2,15
12,26,2026,1,29,16,6,7,14
12,31,2026,1,29,14,4,8,10
12,36,2026,1,29,16,6,1,15
12,46,2026,1,29,18,3,4,14
12,58,2026,1,29,19,4,10,8
13,0,2026,1,29,19,30,0,38
13,12,2026,1,29,18,20,11,47
13,26,2026,1,29,16,3,21,29
13,31,2026,1,29,14,5,24,10
13,36,2026,1,29,16,6,4,12
13,46,2026,1,29,18,31,5,38
13,58,2026,1,29,19,11,10,39
14,0,2026,1,29,19,27,0,66
14,12,2026,1,29,18,7,11,62
14,26,2026,1,29,16,4,23,43
14,31,2026,1,29,14,4,32,15
14,36,2026,1,29,16,5,2,18
14,46,2026,1,29,18,32,6,44
14,58,2026,1,29,19,8,24,28
15,0,2026,1,29,19,31,0,59
15,12,2026,1,29,18,17,10,66
15,26,2026,1,29,16,3,29,40
15,31,2026,1,29,14,6,31,15
15,36,2026,1,29,16,6,3,18
15,46,2026,1,29,18,8,6,20
15,58,2026,1,29,19,20,11,29
16,0,2026,1,29,19,2,0,31
16,12,2026,1,29,18,6,11,26
16,26,2026,1,29,16,5,12,19
16,31,2026,1,29,14,5,14,10
16,36,2026,1,29,16,4,2,12
16,46,2026,1,29,18,4,3,13
16,58,2026,1,29,19,6,8,11
17,0,2026,1,29,19,3,0,14
17,12,2026,1,29,18,2,2,14
17,26,2026,1,29,16,5,7,12
17,31,2026,1,29,14,5,8,9
17,36,2026,1,29,16,6,1,14
17,46,2026,1,29,18,5,4,15
17,58,2026,1,29,19,3,10,8
18,0,2026,1,29,19,5,0,13
18,12,2026,1,29,18,2,3,12
18,26,2026,1,29,16,6,5,13
18,31,2026,1,29,14,4,10,7
18,36,2026,1,29,16,5,1,11
18,46,2026,1,29,18,6,4,13
18,58,2026,1,29,19,3,7,9
19,0,2026,1,29,19,6,0,15
19,12,2026,1,29,18,5,1,19
19,26,2026,1,29,16,3,9,13
19,31,2026,1,29,14,4,11,6
19,36,2026,1,29,16,2,0,8
19,46,2026,1,29,18,4,5,7
19,58,2026,1,29,19,4,4,7
20,0,2026,1,29,19,5,0,12
20,12,2026,1,29,18,5,3,14
20,26,2026,1,29,16,2,5,11
20,31,2026,1,29,14,3,8,6
20,36,2026,1,29,16,4,1,9
20,46,2026,1,29,18,6,4,11
20,58,2026,1,29,19,5,4,12
21,0,2026,1,29,19,6,0,18
21,12,2026,1,29,18,4,4,18
21,26,2026,1,29,16,6,8,16
21,31,2026,1,29,14,6,11,11
21,36,2026,1,29,16,3,2,12
21,46,2026,1,29,18,5,6,11
21,58,2026,1,29,19,5,7,9
22,0,2026,1,29,19,4,0,13
22,12,2026,1,29,18,2,2,13
22,26,2026,1,29,16,3,3,13
22,31,2026,1,29,14,3,12,4
22,36,2026,1,29,16,4,0,8
22,46,2026,1,29,18,6,5,9
22,58,2026,1,29,19,2,2,9
23,0,2026,1,29,19,5,0,14
23,12,2026,1,29,18,6,4,16
23,26,2026,1,29,16,5,8,13
23,31,2026,1,29,14,4,7,10
23,36,2026,1,29,16,5,1,14
23,46,2026,1,29,18,2,4,12
23,58,2026,1,29,19,0,12,0
6,0,2026,1,30,19,6,0,6
6,12,2026,1,30,18,6,3,9
6,26,2026,1,30,16,18,4,23
6,31,2026,1,30,14,21,10,34
6,36,2026,1,30,16,16,7,43
6,46,2026,1,30,18,3,14,32
6,58,2026,1,30,19,5,20,17
7,0,2026,1,30,19,5,0,22
7,12,2026,1,30,18,2,10,14
7,26,2026,1,30,16,18,0,32
7,31,2026,1,30,14,20,13,39
7,36,2026,1,30,16,20,1,58
7,46,2026,1,30,18,4,32,30
7,58,2026,1,30,19,2,25,7
8,0,2026,1,30,19,2,0,9
8,12,2026,1,30,18,1,4,6
8,26,2026,1,30,16,17,3,20
8,31,2026,1,30,14,9,3,26
8,36,2026,1,30,16,11,2,35
8,46,2026,1,30,18,5,14,26
8,58,2026,1,30,19,1,21,6
9,0,2026,1,30,19,5,0,11
9,12,2026,1,30,18,3,5,9
9,26,2026,1,30,16,5,5,9
9,31,2026,1,30,14,2,1,10
9,36,2026,1,30,16,6,1,15
9,46,2026,1,30,18,3,5,13
9,58,2026,1,30,19,2,13,2
10,0,2026,1,30,19,6,0,8
10,12,2026,1,30,18,4,1,11
10,26,2026,1,30,16,2,3,10
10,31,2026,1,30,14,3,9,4
10,36,2026,1,30,16,4,1,7
10,46,2026,1,30,18,2,1,8
10,58,2026,1,30,19,2,2,8
11,0,2026,1,30,19,2,0,10
11,12,2026,1,30,18,6,0,16
11,26,2026,1,30,16,6,6,16
11,31,2026,1,30,14,5,11,10
11,36,2026,1,30,16,3,1,12
11,46,2026,1,30,18,5,6,11
11,58,2026,1,30,19,6,6,11
12,0,2026,1,30,19,3,0,14
12,12,2026,1,30,18,5,2,17
12,26,2026,1,30,16,6,7,16
12,31,2026,1,30,14,5,11,10
12,36,2026,1,30,16,6,0,16
12,46,2026,1,30,18,4,5,15
12,58,2026,1,30,19,6,10,11
13,0,2026,1,30,19,28,0,39
13,12,2026,1,30,18,21,11,49
13,26,2026,1,30,16,4,24,29
13,31,2026,1,30,14,5,21,13
13,36,2026,1,30,16,6,2,17
13,46,2026,1,30,18,25,4,38
13,58,2026,1,30,19,27,20,45
14,0,2026,1,30,19,17,0,62
14,12,2026,1,30,18,14,10,66
14,26,2026,1,30,16,2,31,37
14,31,2026,1,30,14,6,21,22
14,36,2026,1,30,16,6,1,27
14,46,2026,1,30,18,22,5,44
14,58,2026,1,30,19,29,22,51
15,0,2026,1,30,19,9,0,60
15,12,2026,1,30,18,20,14,66
15,26,2026,1,30,16,2,30,38
15,31,2026,1,30,14,6,28,16
15,36,2026,1,30,16,6,3,19
15,46,2026,1,30,18,32,3,48
15,58,2026,1,30,19,12,23,37
16,0,2026,1,30,19,2,0,39
16,12,2026,1,30,18,6,3,42
16,26,2026,1,30,16,2,18,26
16,31,2026,1,30,14,4,20,10
16,36,2026,1,30,16,6,1,15
16,46,2026,1,30,18,4,4,15
16,58,2026,1,30,19,6,8,13
17,0,2026,1,30,19,4,0,17
17,12,2026,1,30,18,5,7,15
17,26,2026,1,30,16,4,5,14
17,31,2026,1,30,14,6,7,13
17,36,2026,1,30,16,6,0,19
17,46,2026,1,30,18,3,13,9
17,58,2026,1,30,19,4,7,6
18,0,2026,1,30,19,5,0,11
18,12,2026,1,30,18,6,3,14
18,26,2026,1,30,16,4,6,12
18,31,2026,1,30,14,3,8,7
18,36,2026,1,30,16,5,0,12
18,46,2026,1,30,18,4,6,10
18,58,2026,1,30,19,2,7,5
19,0,2026,1,30,19,4,0,9
19,12,2026,1,30,18,4,4,9
19,26,2026,1,30,16,6,3,12
19,31,2026,1,30,14,3,7,8
19,36,2026,1,30,16,2,1,9
19,46,2026,1,30,18,3,2,10
19,58,2026,1,30,19,5,8,7
20,0,2026,1,30,19,2,0,9
20,12,2026,1,30,18,3,4,8
20,26,2026,1,30,16,4,3,9
20,31,2026,1,30,14,2,6,5
20,36,2026,1,30,16,2,1,6
20,46,2026,1,30,18,4,5,5
20,58,2026,1,30,19,2,1,6
21,0,2026,1,30,19,5,0,11
21,12,2026,1,30,18,4,2,13
21,26,2026,1,30,16,6,8,11
21,31,2026,1,30,14,3,7,7
21,36,2026,1,30,16,5,1,11
21,46,2026,1,30,18,3,6,8
21,58,2026,1,30,19,4,6,6
22,0,2026,1,30,19,3,0,9
22,12,2026,1,30,18,3,3,9
22,26,2026,1,30,16,6,3,12
22,31,2026,1,30,14,4,3,13
22,36,2026,1,30,16,2,1,14
22,46,2026,1,30,18,4,7,11
22,58,2026,1,30,19,3,7,7
23,0,2026,1,30,19,3,0,10
23,12,2026,1,30,18,5,2,13
23,26,2026,1,30,16,6,4,15
23,31,2026,1,30,14,5,12,8
23,36,2026,1,30,16,4,2,10
23,46,2026,1,30,18,5,3,12
23,58,2026,1,30,19,0,12,0
6,0,2026,1,31,19,6,0,6
6,12,2026,1,31,18,5,1,10
6,26,2026,1,31,16,16,4,22
6,31,2026,1,31,14,5,6,21
6,36,2026,1,31,16,14,1,34
6,46,2026,1,31,18,2,13,23
6,58,2026,1,31,19,5,17,11
7,0,2026,1,31,19,3,0,14
7,12,2026,1,31,18,5,5,14
7,26,2026,1,31,16,21,2,33
7,31,2026,1,31,14,7,9,31
7,36,2026,1,31,16,20,1,50
7,46,2026,1,31,18,5,25,30
7,58,2026,1,31,19,5,21,14
8,0,2026,1,31,19,1,0,15
8,12,2026,1,31,18,1,4,12
8,26,2026,1,31,16,15,3,24
8,31,2026,1,31,14,19,9,34
8,36,2026,1,31,16,13,0,47
8,46,2026,1,31,18,1,25,23
8,58,2026,1,31,19,4,21,6
9,0,2026,1,31,19,3,0,9
9,12,2026,1,31,18,2,6,5
9,26,2026,1,31,16,4,2,7
9,31,2026,1,31,14,6,1,12
9,36,2026,1,31,16,2,1,13
9,46,2026,1,31,18,4,7,10
9,58,2026,1,31,19,2,8,4
10,0,2026,1,31,19,2,0,6
10,12,2026,1,31,18,3,1,8
10,26,2026,1,31,16,6,2,12
10,31,2026,1,31,14,2,5,9
10,36,2026,1,31,16,4,0,13
10,46,2026,1,31,18,2,7,8
10,58,2026,1,31,19,5,6,7
11,0,2026,1,31,19,6,0,13
11,12,2026,1,31,18,6,4,15
11,26,2026,1,31,16,2,3,14
11,31,2026,1,31,14,5,10,9
11,36,2026,1,31,16,4,2,11
11,46,2026,1,31,18,3,3,11
11,58,2026,1,31,19,4,8,7
12,0,2026,1,31,19,5,0,12
12,12,2026,1,31,18,6,1,17
12,26,2026,1,31,16,2,5,14
12,31,2026,1,31,14,5,13,6
12,36,2026,1,31,16,6,1,11
12,46,2026,1,31,18,5,4,12
12,58,2026,1,31,19,6,4,14
13,0,2026,1,31,19,12,0,26
13,12,2026,1,31,18,31,3,54
13,26,2026,1,31,16,2,16,40
13,31,2026,1,31,14,4,27,17
13,36,2026,1,31,16,4,1,20
13,46,2026,1,31,18,9,3,26
13,58,2026,1,31,19,28,18,36
14,0,2026,1,31,19,29,0,65
14,12,2026,1,31,18,12,11,66
14,26,2026,1,31,16,6,33,39
14,31,2026,1,31,14,2,21,20
14,36,2026,1,31,16,5,0,25
14,46,2026,1,31,18,19,6,38
14,58,2026,1,31,19,22,18,42
15,0,2026,1,31,19,24,0,66
15,12,2026,1,31,18,11,13,64
15,26,2026,1,31,16,2,33,33
15,31,2026,1,31,14,2,20,15
15,36,2026,1,31,16,6,1,20
15,46,2026,1,31,18,12,2,30
15,58,2026,1,31,19,7,16,21
16,0,2026,1,31,19,2,0,23
16,12,2026,1,31,18,3,3,23
16,26,2026,1,31,16,4,11,16
16,31,2026,1,31,14,4,14,6
16,36,2026,1,31,16,5,3,8
16,46,2026,1,31,18,3,3,8
16,58,2026,1,31,19,5,3,10
17,0,2026,1,31,19,4,0,14
17,12,2026,1,31,18,3,2,15
17,26,2026,1,31,16,2,6,11
17,31,2026,1,31,14,2,8,5
17,36,2026,1,31,16,3,0,8
17,46,2026,1,31,18,6,4,10
17,58,2026,1,31,19,5,4,11
18,0,2026,1,31,19,4,0,15
18,12,2026,1,31,18,6,2,19
18,26,2026,1,31,16,6,8,17
18,31,2026,1,31,14,5,11,11
18,36,2026,1,31,16,3,2,12
18,46,2026,1,31,18,6,2,16
18,58,2026,1,31,19,5,10,11
19,0,2026,1,31,19,2,0,13
19,12,2026,1,31,18,4,3,14
19,26,2026,1,31,16,5,6,13
19,31,2026,1,31,14,2,7,8
19,36,2026,1,31,16,4,1,11
19,46,2026,1,31,18,5,4,12
19,58,2026,1,31,19,4,7,9
20,0,2026,1,31,19,4,0,13
20,12,2026,1,31,18,5,2,16
20,26,2026,1,31,16,6,8,14
20,31,2026,1,31,14,2,9,7
20,36,2026,1,31,16,5,2,10
20,46,2026,1,31,18,3,4,9
20,58,2026,1,31,19,4,3,10
21,0,2026,1,31,19,3,0,13
21,12,2026,1,31,18,5,1,17
21,26,2026,1,31,16,6,8,15
21,31,2026,1,31,14,3,12,6
21,36,2026,1,31,16,4,3,7
21,46,2026,1,31,18,5,2,10
21,58,2026,1,31,19,5,4,11
22,0,2026,1,31,19,6,0,17
22,12,2026,1,31,18,4,6,15
22,26,2026,1,31,16,5,6,14
22,31,2026,1,31,14,4,9,9
22,36,2026,1,31,16,5,1,13
22,46,2026,1,31,18,6,3,16
22,58,2026,1,31,19,5,10,11
23,0,2026,1,31,19,3,0,14
23,12,2026,1,31,18,6,2,18
23,26,2026,1,31,16,5,9,14
23,31,2026,1,31,14,3,9,8
23,36,2026,1,31,16,2,0,10
23,46,2026,1,31,18,6,4,12
23,58,2026,1,31,19,0,12,0
6,0,2026,2,1,19,4,0,4
6,12,2026,2,1,18,2,2,4
6,26,2026,2,1,16,13,2,15
6,31,2026,2,1,14,13,5,23
6,36,2026,2,1,16,8,2,29
6,46,2026,2,1,18,2,15,16
6,58,2026,2,1,19,3,12,7
7,0,2026,2,1,19,1,0,8
7,12,2026,2,1,18,2,3,7
7,26,2026,2,1,16,18,2,23
7,31,2026,2,1,14,8,3,28
7,36,2026,2,1,16,8,2,34
7,46,2026,2,1,18,4,13,25
7,58,2026,2,1,19,5,21,9
8,0,2026,2,1,19,3,0,12
8,12,2026,2,1,18,2,7,7
8,26,2026,2,1,16,9,2,14
8,31,2026,2,1,14,5,3,16
8,36,2026,2,1,16,10,0,26
8,46,2026,2,1,18,5,8,23
8,58,2026,2,1,19,4,21,6
9,0,2026,2,1,19,1,0,7
9,12,2026,2,1,18,2,4,5
9,26,2026,2,1,16,5,2,8
9,31,2026,2,1,14,2,2,8
9,36,2026,2,1,16,5,0,13
9,46,2026,2,1,18,2,3,12
9,58,2026,2,1,19,1,12,1
10,0,2026,2,1,19,3,0,4
10,12,2026,2,1,18,6,0,10
10,26,2026,2,1,16,5,5,10
10,31,2026,2,1,14,5,6,9
10,36,2026,2,1,16,3,0,12
10,46,2026,2,1,18,6,1,17
10,58,2026,2,1,19,4,11,10
11,0,2026,2,1,19,6,0,16
11,12,2026,2,1,18,6,4,18
11,26,2026,2,1,16,4,6,16
11,31,2026,2,1,14,3,12,7
11,36,2026,2,1,16,3,1,9
11,46,2026,2,1,18,6,3,12
11,58,2026,2,1,19,3,6,9
12,0,2026,2,1,19,2,0,11
12,12,2026,2,1,18,6,1,16
12,26,2026,2,1,16,4,5,15
12,31,2026,2,1,14,6,7,14
12,36,2026,2,1,16,4,2,16
12,46,2026,2,1,18,5,7,14
12,58,2026,2,1,19,3,11,6
13,0,2026,2,1,19,12,0,18
13,12,2026,2,1,18,8,1,25
13,26,2026,2,1,16,4,13,16
13,31,2026,2,1,14,5,13,8
13,36,2026,2,1,16,2,2,8
13,46,2026,2,1,18,16,5,19
13,58,2026,2,1,19,18,7,30
14,0,2026,2,1,19,8,0,38
14,12,2026,2,1,18,24,8,54
14,26,2026,2,1,16,6,24,36
14,31,2026,2,1,14,6,21,21
14,36,2026,2,1,16,4,3,22
14,46,2026,2,1,18,15,4,33
14,58,2026,2,1,19,15,21,27
15,0,2026,2,1,19,21,0,48
15,12,2026,2,1,18,23,12,59
15,26,2026,2,1,16,5,31,33
15,31,2026,2,1,14,4,21,16
15,36,2026,2,1,16,6,3,19
15,46,2026,2,1,18,16,4,31
15,58,2026,2,1,19,32,16,47
16,0,2026,2,1,19,3,0,50
16,12,2026,2,1,18,3,15,38
16,26,2026,2,1,16,3,16,25
16,31,2026,2,1,14,2,20,7
16,36,2026,2,1,16,5,2,10
16,46,2026,2,1,18,3,5,8
16,58,2026,2,1,19,6,4,10
17,0,2026,2,1,19,2,0,12
17,12,2026,2,1,18,3,5,10
17,26,2026,2,1,16,4,0,14
17,31,2026,2,1,14,2,11,5
17,36,2026,2,1,16,2,1,6
17,46,2026,2,1,18,2,3,5
17,58,2026,2,1,19,6,2,9
18,0,2026,2,1,19,2,0,11
18,12,2026,2,1,18,2,5,8
18,26,2026,2,1,16,6,4,10
18,31,2026,2,1,14,3,4,9
18,36,2026,2,1,16,2,1,10
18,46,2026,2,1,18,5,2,13
18,58,2026,2,1,19,4,9,8
19,0,2026,2,1,19,5,0,13
19,12,2026,2,1,18,2,4,11
19,26,2026,2,1,16,4,8,7
19,31,2026,2,1,14,6,4,9
19,36,2026,2,1,16,3,2,10
19,46,2026,2,1,18,4,5,9
19,58,2026,2,1,19,5,5,9
20,0,2026,2,1,19,5,0,14
20,12,2026,2,1,18,3,3,14
20,26,2026,2,1,16,5,5,14
20,31,2026,2,1,14,3,8,9
20,36,2026,2,1,16,5,0,14
20,46,2026,2,1,18,4,2,16
20,58,2026,2,1,19,3,13,6
21,0,2026,2,1,19,4,0,10
21,12,2026,2,1,18,3,4,9
21,26,2026,2,1,16,4,5,8
21,31,2026,2,1,14,3,4,7
21,36,2026,2,1,16,2,1,8
21,46,2026,2,1,18,6,1,13
21,58,2026,2,1,19,3,8,8
22,0,2026,2,1,19,3,0,11
22,12,2026,2,1,18,3,1,13
22,26,2026,2,1,16,6,4,15
22,31,2026,2,1,14,6,11,10
22,36,2026,2,1,16,2,2,10
22,46,2026,2,1,18,2,5,7
22,58,2026,2,1,19,3,6,4
23,0,2026,2,1,19,6,0,10
23,12,2026,2,1,18,4,1,13
23,26,2026,2,1,16,2,5,10
23,31,2026,2,1,14,5,7,8
23,36,2026,2,1,16,2,1,9
23,46,2026,2,1,18,6,2,13
23,58,2026,2,1,19,0,13,0
6,0,2026,2,2,19,6,0,6
6,12,2026,2,2,18,3,2,7
6,26,2026,2,2,16,13,1,19
6,31,2026,2,2,14,21,8,32
6,36,2026,2,2,16,22,5,49
6,46,2026,2,2,18,2,23,28
6,58,2026,2,2,19,3,19,12
7,0,2026,2,2,19,2,0,14
7,12,2026,2,2,18,4,5,13
7,26,2026,2,2,16,8,1,20
7,31,2026,2,2,14,12,9,23
7,36,2026,2,2,16,17,0,40
7,46,2026,2,2,18,3,18,25
7,58,2026,2,2,19,2,22,5
8,0,2026,2,2,19,2,0,7
8,12,2026,2,2,18,2,4,5
8,26,2026,2,2,16,10,0,15
8,31,2026,2,2,14,22,3,34
8,36,2026,2,2,16,15,0,49
8,46,2026,2,2,18,3,25,27
8,58,2026,2,2,19,5,23,9
9,0,2026,2,2,19,3,0,12
9,12,2026,2,2,18,1,7,6
9,26,2026,2,2,16,2,2,6
9,31,2026,2,2,14,4,3,7
9,36,2026,2,2,16,3,0,10
9,46,2026,2,2,18,2,5,7
9,58,2026,2,2,19,3,7,3
10,0,2026,2,2,19,4,0,7
10,12,2026,2,2,18,5,1,11
10,26,2026,2,2,16,3,4,10
10,31,2026,2,2,14,2,4,8
10,36,2026,2,2,16,5,2,11
10,46,2026,2,2,18,6,4,13
10,58,2026,2,2,19,4,6,11
11,0,2026,2,2,19,5,0,16
11,12,2026,2,2,18,4,1,19
11,26,2026,2,2,16,3,11,11
11,31,2026,2,2,14,2,8,5
11,36,2026,2,2,16,3,1,7
11,46,2026,2,2,18,2,2,7
11,58,2026,2,2,19,5,6,6
12,0,2026,2,2,19,5,0,11
12,12,2026,2,2,18,3,3,11
12,26,2026,2,2,16,5,4,12
12,31,2026,2,2,14,6,8,10
12,36,2026,2,2,16,4,2,12
12,46,2026,2,2,18,4,5,11
12,58,2026,2,2,19,5,7,9
13,0,2026,2,2,19,25,0,34
13,12,2026,2,2,18,15,7,42
13,26,2026,2,2,16,3,18,27
13,31,2026,2,2,14,6,20,13
13,36,2026,2,2,16,5,0,18
13,46,2026,2,2,18,14,3,29
13,58,2026,2,2,19,15,14,30
14,0,2026,2,2,19,18,0,48
14,12,2026,2,2,18,8,9,47
14,26,2026,2,2,16,6,21,32
14,31,2026,2,2,14,3,23,12
14,36,2026,2,2,16,6,1,17
14,46,2026,2,2,18,31,8,40
14,58,2026,2,2,19,22,17,45
15,0,2026,2,2,19,21,0,66
15,12,2026,2,2,18,11,11,66
15,26,2026,2,2,16,4,24,46
15,31,2026,2,2,14,5,31,20
15,36,2026,2,2,16,2,0,22
15,46,2026,2,2,18,14,4,32
15,58,2026,2,2,19,12,18,26
16,0,2026,2,2,19,2,0,28
16,12,2026,2,2,18,5,3,30
16,26,2026,2,2,16,2,15,17
16,31,2026,2,2,14,3,16,4
16,36,2026,2,2,16,5,0,9
16,46,2026,2,2,18,3,4,8
16,58,2026,2,2,19,2,4,6
17,0,2026,2,2,19,2,0,8
17,12,2026,2,2,18,6,3,11
17,26,2026,2,2,16,2,4,9
17,31,2026,2,2,14,5,8,6
17,36,2026,2,2,16,3,1,8
17,46,2026,2,2,18,6,4,10
17,58,2026,2,2,19,5,6,9
18,0,2026,2,2,19,3,0,12
18,12,2026,2,2,18,2,2,12
18,26,2026,2,2,16,6,8,10
18,31,2026,2,2,14,4,4,10
18,36,2026,2,2,16,5,1,14
18,46,2026,2,2,18,2,4,12
18,58,2026,2,2,19,4,9,7
19,0,2026,2,2,19,5,0,12
19,12,2026,2,2,18,2,2,12
19,26,2026,2,2,16,5,5,12
19,31,2026,2,2,14,2,11,3
19,36,2026,2,2,16,5,0,8
19,46,2026,2,2,18,5,5,8
19,58,2026,2,2,19,3,5,6
20,0,2026,2,2,19,5,0,11
20,12,2026,2,2,18,4,2,13
20,26,2026,2,2,16,3,7,9
20,31,2026,2,2,14,6,6,9
20,36,2026,2,2,16,2,3,8
20,46,2026,2,2,18,4,5,7
20,58,2026,2,2,19,6,3,10
21,0,2026,2,2,19,4,0,14
21,12,2026,2,2,18,5,4,15
21,26,2026,2,2,16,2,9,8
21,31,2026,2,2,14,4,4,8
21,36,2026,2,2,16,5,1,12
21,46,2026,2,2,18,4,4,12
21,58,2026,2,2,19,4,6,10
22,0,2026,2,2,19,2,0,12
22,12,2026,2,2,18,4,1,15
22,26,2026,2,2,16,5,5,15
22,31,2026,2,2,14,4,9,10
22,36,2026,2,2,16,5,1,14
22,46,2026,2,2,18,3,4,13
22,58,2026,2,2,19,3,7,9
23,0,2026,2,2,19,5,0,14
23,12,2026,2,2,18,3,2,15
23,26,2026,2,2,16,5,5,15
23,31,2026,2,2,14,2,9,8
23,36,2026,2,2,16,6,0,14
23,46,2026,2,2,18,6,7,13
23,58,2026,2,2,19,0,13,0
6,0,2026,2,3,19,3,0,3
6,12,2026,2,3,18,5,1,7
6,26,2026,2,3,16,7,2,12
6,31,2026,2,3,14,22,5,29
6,36,2026,2,3,16,5,7,27
6,46,2026,2,3,18,6,11,22
6,58,2026,2,3,19,3,16,9
7,0,2026,2,3,19,1,0,10
7,12,2026,2,3,18,3,3,10
7,26,2026,2,3,16,10,3,17
7,31,2026,2,3,14,10,5,22
7,36,2026,2,3,16,7,0,29
7,46,2026,2,3,18,1,16,14
7,58,2026,2,3,19,4,14,4
8,0,2026,2,3,19,2,0,6
8,12,2026,2,3,18,2,5,3
8,26,2026,2,3,16,7,2,8
8,31,2026,2,3,14,11,0,19
8,36,2026,2,3,16,8,2,25
8,46,2026,2,3,18,1,13,13
8,58,2026,2,3,19,3,12,4
9,0,2026,2,3,19,5,0,9
9,12,2026,2,3,18,3,7,5
9,26,2026,2,3,16,5,0,10
9,31,2026,2,3,14,6,2,14
9,36,2026,2,3,16,5,0,19
9,46,2026,2,3,18,3,8,14
9,58,2026,2,3,19,4,12,6
10,0,2026,2,3,19,4,0,10
10,12,2026,2,3,18,2,5,7
10,26,2026,2,3,16,6,3,10
10,31,2026,2,3,14,4,5,9
10,36,2026,2,3,16,3,1,11
10,46,2026,2,3,18,2,6,7
10,58,2026,2,3,19,3,3,7
11,0,2026,2,3,19,3,0,10
11,12,2026,2,3,18,4,2,12
11,26,2026,2,3,16,4,2,14
11,31,2026,2,3,14,2,8,8
11,36,2026,2,3,16,4,1,11
11,46,2026,2,3,18,2,4,9
11,58,2026,2,3,19,2,6,5
12,0,2026,2,3,19,2,0,7
12,12,2026,2,3,18,4,2,9
12,26,2026,2,3,16,2,5,6
12,31,2026,2,3,14,5,5,6
12,36,2026,2,3,16,3,2,7
12,46,2026,2,3,18,6,1,12
12,58,2026,2,3,19,4,6,10
13,0,2026,2,3,19,21,0,31
13,12,2026,2,3,18,17,5,43
13,26,2026,2,3,16,4,23,24
13,31,2026,2,3,14,2,17,9
13,36,2026,2,3,16,5,1,13
13,46,2026,2,3,18,28,2,39
13,58,2026,2,3,19,12,20,31
14,0,2026,2,3,19,27,0,58
14,12,2026,2,3,18,15,7,66
14,26,2026,2,3,16,3,30,39
14,31,2026,2,3,14,5,21,23
14,36,2026,2,3,16,5,2,26
14,46,2026,2,3,18,28,6,48
14,58,2026,2,3,19,9,25,32
15,0,2026,2,3,19,21,0,53
15,12,2026,2,3,18,23,10,66
15,26,2026,2,3,16,2,20,48
15,31,2026,2,3,14,2,23,27
15,36,2026,2,3,16,5,2,30
15,46,2026,2,3,18,23,4,49
15,58,2026,2,3,19,31,23,57
16,0,2026,2,3,19,4,0,61
16,12,2026,2,3,18,6,8,59
16,26,2026,2,3,16,2,26,35
16,31,2026,2,3,14,3,27,11
16,36,2026,2,3,16,6,1,16
16,46,2026,2,3,18,3,3,16
16,58,2026,2,3,19,5,11,10
17,0,2026,2,3,19,3,0,13
17,12,2026,2,3,18,3,2,14
17,26,2026,2,3,16,4,4,14
17,31,2026,2,3,14,2,9,7
17,36,2026,2,3,16,5,1,11
17,46,2026,2,3,18,6,5,12
17,58,2026,2,3,19,6,5,13
18,0,2026,2,3,19,6,0,19
18,12,2026,2,3,18,4,4,19
18,26,2026,2,3,16,4,7,16
18,31,2026,2,3,14,4,14,6
18,36,2026,2,3,16,3,3,6
18,46,2026,2,3,18,5,0,11
18,58,2026,2,3,19,5,8,8
19,0,2026,2,3,19,2,0,10
19,12,2026,2,3,18,3,2,11
19,26,2026,2,3,16,2,3,10
19,31,2026,2,3,14,6,5,11
19,36,2026,2,3,16,6,2,15
19,46,2026,2,3,18,3,5,13
19,58,2026,2,3,19,2,8,7
20,0,2026,2,3,19,5,0,12
20,12,2026,2,3,18,4,2,14
20,26,2026,2,3,16,3,6,11
20,31,2026,2,3,14,4,10,5
20,36,2026,2,3,16,2,0,7
20,46,2026,2,3,18,2,3,6
20,58,2026,2,3,19,2,4,4
21,0,2026,2,3,19,5,0,9
21,12,2026,2,3,18,6,4,11
21,26,2026,2,3,16,5,5,11
21,31,2026,2,3,14,5,7,9
21,36,2026,2,3,16,5,4,10
21,46,2026,2,3,18,5,2,13
21,58,2026,2,3,19,5,7,11
22,0,2026,2,3,19,5,0,16
22,12,2026,2,3,18,5,3,18
22,26,2026,2,3,16,2,10,10
22,31,2026,2,3,14,2,8,4
22,36,2026,2,3,16,4,1,7
22,46,2026,2,3,18,4,3,8
22,58,2026,2,3,19,4,6,6
23,0,2026,2,3,19,4,0,10
23,12,2026,2,3,18,2,3,9
23,26,2026,2,3,16,3,4,8
23,31,2026,2,3,14,3,5,6
23,36,2026,2,3,16,3,0,9
23,46,2026,2,3,18,6,3,12
23,58,2026,2,3,19,0,12,0
6,0,2026,2,4,19,6,0,6
6,12,2026,2,4,18,6,1,11
6,26,2026,2,4,16,19,6,24
6,31,2026,2,4,14,16,11,29
6,36,2026,2,4,16,7,8,28
6,46,2026,2,4,18,6,13,21
6,58,2026,2,4,19,4,16,9
7,0,2026,2,4,19,3,0,12
7,12,2026,2,4,18,1,6,7
7,26,2026,2,4,16,6,2,11
7,31,2026,2,4,14,5,4,12
7,36,2026,2,4,16,22,1,33
7,46,2026,2,4,18,2,12,23
7,58,2026,2,4,19,5,21,7
8,0,2026,2,4,19,1,0,8
8,12,2026,2,4,18,1,6,3
8,26,2026,2,4,16,17,1,19
8,31,2026,2,4,14,19,1,37
8,36,2026,2,4,16,17,0,54
8,46,2026,2,4,18,2,24,32
8,58,2026,2,4,19,2,28,6
9,0,2026,2,4,19,1,0,7
9,12,2026,2,4,18,1,2,6
9,26,2026,2,4,16,2,1,7
9,31,2026,2,4,14,6,4,9
9,36,2026,2,4,16,5,0,14
9,46,2026,2,4,18,2,7,9
9,58,2026,2,4,19,5,7,7
10,0,2026,2,4,19,2,0,9
10,12,2026,2,4,18,3,5,7
10,26,2026,2,4,16,5,2,10
10,31,2026,2,4,14,3,7,6
10,36,2026,2,4,16,5,0,11
10,46,2026,2,4,18,6,2,15
10,58,2026,2,4,19,5,12,8
11,0,2026,2,4,19,2,0,10
11,12,2026,2,4,18,5,2,13
11,26,2026,2,4,16,2,4,11
11,31,2026,2,4,14,2,7,6
11,36,2026,2,4,16,3,0,9
11,46,2026,2,4,18,4,5,8
11,58,2026,2,4,19,2,4,6
12,0,2026,2,4,19,5,0,11
12,12,2026,2,4,18,6,2,15
12,26,2026,2,4,16,4,8,11
12,31,2026,2,4,14,2,6,7
12,36,2026,2,4,16,6,0,13
12,46,2026,2,4,18,6,0,19
12,58,2026,2,4,19,3,12,10
13,0,2026,2,4,19,24,0,34
13,12,2026,2,4,18,27,3,58
13,26,2026,2,4,16,3,29,32
13,31,2026,2,4,14,2,24,10
13,36,2026,2,4,16,4,0,14
13,46,2026,2,4,18,28,3,39
13,58,2026,2,4,19,10,19,30
14,0,2026,2,4,19,23,0,53
14,12,2026,2,4,18,20,7,66
14,26,2026,2,4,16,4,24,46
14,31,2026,2,4,14,3,22,27
14,36,2026,2,4,16,3,2,28
14,46,2026,2,4,18,13,8,33
14,58,2026,2,4,19,29,20,42
15,0,2026,2,4,19,24,0,66
15,12,2026,2,4,18,8,14,60
15,26,2026,2,4,16,5,21,44
15,31,2026,2,4,14,5,31,18
15,36,2026,2,4,16,3,3,18
15,46,2026,2,4,18,16,4,30
15,58,2026,2,4,19,12,14,28
16,0,2026,2,4,19,5,0,33
16,12,2026,2,4,18,6,7,32
16,26,2026,2,4,16,6,11,27
16,31,2026,2,4,14,4,19,12
16,36,2026,2,4,16,4,1,15
16,46,2026,2,4,18,5,2,18
16,58,2026,2,4,19,6,14,10
17,0,2026,2,4,19,4,0,14
17,12,2026,2,4,18,2,2,14
17,26,2026,2,4,16,4,7,11
17,31,2026,2,4,14,2,7,6
17,36,2026,2,4,16,2,1,7
17,46,2026,2,4,18,4,2,9
17,58,2026,2,4,19,6,5,10
18,0,2026,2,4,19,2,0,12
18,12,2026,2,4,18,4,2,14
18,26,2026,2,4,16,5,5,14
18,31,2026,2,4,14,2,9,7
18,36,2026,2,4,16,2,2,7
18,46,2026,2,4,18,5,5,7
18,58,2026,2,4,19,3,4,6
19,0,2026,2,4,19,4,0,10
19,12,2026,2,4,18,2,4,8
19,26,2026,2,4,16,3,5,6
19,31,2026,2,4,14,4,5,5
19,36,2026,2,4,16,3,1,7
19,46,2026,2,4,18,3,2,8
19,58,2026,2,4,19,6,4,10
20,0,2026,2,4,19,5,0,15
20,12,2026,2,4,18,2,1,16
20,26,2026,2,4,16,4,7,13
20,31,2026,2,4,14,5,11,7
20,36,2026,2,4,16,2,2,7
20,46,2026,2,4,18,2,2,7
20,58,2026,2,4,19,4,4,7
21,0,2026,2,4,19,3,0,10
21,12,2026,2,4,18,4,5,9
21,26,2026,2,4,16,5,4,10
21,31,2026,2,4,14,2,6,6
21,36,2026,2,4,16,3,0,9
21,46,2026,2,4,18,2,2,9
21,58,2026,2,4,19,6,8,7
22,0,2026,2,4,19,2,0,9
22,12,2026,2,4,18,2,5,6
22,26,2026,2,4,16,5,4,7
22,31,2026,2,4,14,2,4,5
22,36,2026,2,4,16,5,1,9
22,46,2026,2,4,18,5,3,11
22,58,2026,2,4,19,4,7,8
23,0,2026,2,4,19,2,0,10
23,12,2026,2,4,18,5,2,13
23,26,2026,2,4,16,2,5,10
23,31,2026,2,4,14,3,7,6
23,36,2026,2,4,16,4,2,8
23,46,2026,2,4,18,4,2,10
23,58,2026,2,4,19,0,10,0
6,0,2026,2,5,19,2,0,2
6,12,2026,2,5,18,2,1,3
6,26,2026,2,5,16,19,2,20
6,31,2026,2,5,14,14,6,28
6,36,2026,2,5,16,5,6,27
6,46,2026,2,5,18,4,12,19
6,58,2026,2,5,19,6,15,10
7,0,2026,2,5,19,2,0,12
7,12,2026,2,5,18,3,7,8
7,26,2026,2,5,16,21,1,28
7,31,2026,2,5,14,16,5,39
7,36,2026,2,5,16,22,0,61
7,46,2026,2,5,18,2,36,27
7,58,2026,2,5,19,5,22,10
8,0,2026,2,5,19,3,0,13
8,12,2026,2,5,18,2,7,8
8,26,2026,2,5,16,8,1,15
8,31,2026,2,5,14,7,6,16
8,36,2026,2,5,16,17,0,33
8,46,2026,2,5,18,4,14,23
8,58,2026,2,5,19,4,22,5
9,0,2026,2,5,19,3,0,8
9,12,2026,2,5,18,4,6,6
9,26,2026,2,5,16,3,1,8
9,31,2026,2,5,14,5,2,11
9,36,2026,2,5,16,3,0,14
9,46,2026,2,5,18,5,5,14
9,58,2026,2,5,19,3,13,4
10,0,2026,2,5,19,2,0,6
10,12,2026,2,5,18,2,2,6
10,26,2026,2,5,16,3,1,8
10,31,2026,2,5,14,6,5,9
10,36,2026,2,5,16,2,1,10
10,46,2026,2,5,18,4,7,7
10,58,2026,2,5,19,3,5,5
11,0,2026,2,5,19,4,0,9
11,12,2026,2,5,18,5,1,13
11,26,2026,2,5,16,4,8,9
11,31,2026,2,5,14,5,5,9
11,36,2026,2,5,16,5,0,14
11,46,2026,2,5,18,4,8,10
11,58,2026,2,5,19,4,6,8
12,0,2026,2,5,19,4,0,12
12,12,2026,2,5,18,3,2,13
12,26,2026,2,5,16,3,3,13
12,31,2026,2,5,14,5,11,7
12,36,2026,2,5,16,3,2,8
12,46,2026,2,5,18,6,4,10
12,58,2026,2,5,19,5,6,9
13,0,2026,2,5,19,15,0,24
13,12,2026,2,5,18,21,9,36
13,26,2026,2,5,16,2,13,25
13,31,2026,2,5,14,5,17,13
13,36,2026,2,5,16,2,0,15
13,46,2026,2,5,18,12,4,23
13,58,2026,2,5,19,19,14,28
14,0,2026,2,5,19,29,0,57
14,12,2026,2,5,18,7,12,52
14,26,2026,2,5,16,5,20,37
14,31,2026,2,5,14,4,28,13
14,36,2026,2,5,16,2,2,13
14,46,2026,2,5,18,32,3,42
14,58,2026,2,5,19,28,14,56
15,0,2026,2,5,19,10,0,66
15,12,2026,2,5,18,14,15,65
15,26,2026,2,5,16,2,27,40
15,31,2026,2,5,14,3,24,19
15,36,2026,2,5,16,6,1,24
15,46,2026,2,5,18,26,6,44
15,58,2026,2,5,19,19,23,40
16,0,2026,2,5,19,5,0,45
16,12,2026,2,5,18,5,7,43
16,26,2026,2,5,16,5,21,27
16,31,2026,2,5,14,5,20,12
16,36,2026,2,5,16,6,2,16
16,46,2026,2,5,18,6,1,21
16,58,2026,2,5,19,2,12,11
17,0,2026,2,5,19,6,0,17
17,12,2026,2,5,18,2,1,18
17,26,2026,2,5,16,4,8,14
17,31,2026,2,5,14,6,11,9
17,36,2026,2,5,16,6,1,14
17,46,2026,2,5,18,5,5,14
17,58,2026,2,5,19,3,8,9
18,0,2026,2,5,19,2,0,11
18,12,2026,2,5,18,4,1,14
18,26,2026,2,5,16,2,8,8
18,31,2026,2,5,14,2,7,3
18,36,2026,2,5,16,3,0,6
18,46,2026,2,5,18,3,2,7
18,58,2026,2,5,19,3,5,5
19,0,2026,2,5,19,4,0,9
19,12,2026,2,5,18,5,3,11
19,26,2026,2,5,16,6,4,13
19,31,2026,2,5,14,2,8,7
19,36,2026,2,5,16,6,1,12
19,46,2026,2,5,18,5,7,10
19,58,2026,2,5,19,6,4,12
20,0,2026,2,5,19,4,0,16
20,12,2026,2,5,18,4,4,16
20,26,2026,2,5,16,4,6,14
20,31,2026,2,5,14,4,10,8
20,36,2026,2,5,16,5,1,12
20,46,2026,2,5,18,2,5,9
20,58,2026,2,5,19,2,5,6
21,0,2026,2,5,19,5,0,11
21,12,2026,2,5,18,5,1,15
21,26,2026,2,5,16,4,9,10
21,31,2026,2,5,14,5,5,10
21,36,2026,2,5,16,4,2,12
21,46,2026,2,5,18,4,4,12
21,58,2026,2,5,19,4,8,8
22,0,2026,2,5,19,6,0,14
22,12,2026,2,5,18,5,3,16
22,26,2026,2,5,16,4,11,9
22,31,2026,2,5,14,6,5,10
22,36,2026,2,5,16,6,1,15
22,46,2026,2,5,18,6,3,18
22,58,2026,2,5,19,5,11,12
23,0,2026,2,5,19,3,0,15
23,12,2026,2,5,18,5,4,16
23,26,2026,2,5,16,3,5,14
23,31,2026,2,5,14,4,9,9
23,36,2026,2,5,16,2,0,11
23,46,2026,2,5,18,4,5,10
23,58,2026,2,5,19,0,10,0
6,0,2026,2,6,19,4,0,4
6,12,2026,2,6,18,5,2,7
6,26,2026,2,6,16,21,2,26
6,31,2026,2,6,14,6,14,18
6,36,2026,2,6,16,18,2,34
6,46,2026,2,6,18,6,13,27
6,58,2026,2,6,19,4,18,13
7,0,2026,2,6,19,5,0,18
7,12,2026,2,6,18,1,9,10
7,26,2026,2,6,16,13,2,21
7,31,2026,2,6,14,21,10,32
7,36,2026,2,6,16,8,2,38
7,46,2026,2,6,18,4,15,27
7,58,2026,2,6,19,4,22,9
8,0,2026,2,6,19,3,0,12
8,12,2026,2,6,18,4,5,11
8,26,2026,2,6,16,11,4,18
8,31,2026,2,6,14,15,4,29
8,36,2026,2,6,16,19,1,47
8,46,2026,2,6,18,1,20,28
8,58,2026,2,6,19,1,26,3
9,0,2026,2,6,19,2,0,5
9,12,2026,2,6,18,1,3,3
9,26,2026,2,6,16,6,1,8
9,31,2026,2,6,14,5,1,12
9,36,2026,2,6,16,5,0,17
9,46,2026,2,6,18,3,5,15
9,58,2026,2,6,19,5,15,5
10,0,2026,2,6,19,2,0,7
10,12,2026,2,6,18,5,2,10
10,26,2026,2,6,16,3,3,10
10,31,2026,2,6,14,5,8,7
10,36,2026,2,6,16,5,2,10
10,46,2026,2,6,18,4,5,9
10,58,2026,2,6,19,3,8,4
11,0,2026,2,6,19,4,0,8
11,12,2026,2,6,18,6,3,11
11,26,2026,2,6,16,3,2,12
11,31,2026,2,6,14,5,7,10
11,36,2026,2,6,16,3,2,11
11,46,2026,2,6,18,5,4,12
11,58,2026,2,6,19,6,7,11
12,0,2026,2,6,19,4,0,15
12,12,2026,2,6,18,2,4,13
12,26,2026,2,6,16,5,6,12
12,31,2026,2,6,14,2,8,6
12,36,2026,2,6,16,2,0,8
12,46,2026,2,6,18,4,4,8
12,58,2026,2,6,19,4,5,7
13,0,2026,2,6,19,10,0,17
13,12,2026,2,6,18,22,3,36
13,26,2026,2,6,16,4,17,23
13,31,2026,2,6,14,5,17,11
13,36,2026,2,6,16,4,3,12
13,46,2026,2,6,18,32,7,37
13,58,2026,2,6,19,23,13,47
14,0,2026,2,6,19,13,0,60
14,12,2026,2,6,18,7,17,50
14,26,2026,2,6,16,2,23,29
14,31,2026,2,6,14,6,20,15
14,36,2026,2,6,16,6,3,18
14,46,2026,2,6,18,23,5,36
14,58,2026,2,6,19,16,15,37
15,0,2026,2,6,19,9,0,46
15,12,2026,2,6,18,23,3,66
15,26,2026,2,6,16,5,21,50
15,31,2026,2,6,14,3,22,31
15,36,2026,2,6,16,2,2,31
15,46,2026,2,6,18,22,7,46
15,58,2026,2,6,19,11,23,34
16,0,2026,2,6,19,5,0,39
16,12,2026,2,6,18,2,7,34
16,26,2026,2,6,16,4,12,26
16,31,2026,2,6,14,3,20,9
16,36,2026,2,6,16,6,2,13
16,46,2026,2,6,18,5,6,12
16,58,2026,2,6,19,3,9,6
17,0,2026,2,6,19,2,0,8
17,12,2026,2,6,18,3,1,10
17,26,2026,2,6,16,4,6,8
17,31,2026,2,6,14,2,6,4
17,36,2026,2,6,16,6,1,9
17,46,2026,2,6,18,2,2,9
17,58,2026,2,6,19,3,6,6
18,0,2026,2,6,19,3,0,9
18,12,2026,2,6,18,3,0,12
18,26,2026,2,6,16,4,4,12
18,31,2026,2,6,14,3,8,7
18,36,2026,2,6,16,3,0,10
18,46,2026,2,6,18,4,4,10
18,58,2026,2,6,19,2,8,4
19,0,2026,2,6,19,4,0,8
19,12,2026,2,6,18,3,3,8
19,26,2026,2,6,16,3,2,9
19,31,2026,2,6,14,6,7,8
19,36,2026,2,6,16,6,1,13
19,46,2026,2,6,18,2,4,11
19,58,2026,2,6,19,5,7,9
20,0,2026,2,6,19,6,0,15
20,12,2026,2,6,18,5,2,18
20,26,2026,2,6,16,2,6,14
20,31,2026,2,6,14,6,7,13
20,36,2026,2,6,16,4,1,16
20,46,2026,2,6,18,4,4,16
20,58,2026,2,6,19,4,14,6
21,0,2026,2,6,19,6,0,12
21,12,2026,2,6,18,6,5,13
21,26,2026,2,6,16,4,5,12
21,31,2026,2,6,14,3,4,11
21,36,2026,2,6,16,4,0,15
21,46,2026,2,6,18,6,3,18
21,58,2026,2,6,19,2,12,8
22,0,2026,2,6,19,5,0,13
22,12,2026,2,6,18,6,1,18
22,26,2026,2,6,16,2,11,9
22,31,2026,2,6,14,4,6,7
22,36,2026,2,6,16,2,0,9
22,46,2026,2,6,18,5,7,7
22,58,2026,2,6,19,4,2,9
23,0,2026,2,6,19,4,0,13
23,12,2026,2,6,18,2,2,13
23,26,2026,2,6,16,2,4,11
23,31,2026,2,6,14,3,8,6
23,36,2026,2,6,16,5,1,10
23,46,2026,2,6,18,4,6,8
23,58,2026,2,6,19,0,8,0
6,0,2026,2,7,19,6,0,6
6,12,2026,2,7,18,6,2,10
6,26,2026,2,7,16,19,5,24
6,31,2026,2,7,14,16,12,28
6,36,2026,2,7,16,11,5,34
6,46,2026,2,7,18,4,14,24
6,58,2026,2,7,19,2,18,8
7,0,2026,2,7,19,2,0,10
7,12,2026,2,7,18,1,3,8
7,26,2026,2,7,16,7,3,12
7,31,2026,2,7,14,19,5,26
7,36,2026,2,7,16,15,1,40
7,46,2026,2,7,18,2,17,25
7,58,2026,2,7,19,4,22,7
8,0,2026,2,7,19,2,0,9
8,12,2026,2,7,18,5,5,9
8,26,2026,2,7,16,21,3,27
8,31,2026,2,7,14,14,4,37
8,36,2026,2,7,16,19,1,55
8,46,2026,2,7,18,1,26,30
8,58,2026,2,7,19,3,26,7
9,0,2026,2,7,19,4,0,11
9,12,2026,2,7,18,1,7,5
9,26,2026,2,7,16,6,1,10
9,31,2026,2,7,14,2,4,8
9,36,2026,2,7,16,6,0,14
9,46,2026,2,7,18,2,6,10
9,58,2026,2,7,19,1,9,2
10,0,2026,2,7,19,3,0,5
10,12,2026,2,7,18,5,1,9
10,26,2026,2,7,16,5,1,13
10,31,2026,2,7,14,4,5,12
10,36,2026,2,7,16,2,3,11
10,46,2026,2,7,18,2,4,9
10,58,2026,2,7,19,3,7,5
11,0,2026,2,7,19,2,0,7
11,12,2026,2,7,18,6,4,9
11,26,2026,2,7,16,2,4,7
11,31,2026,2,7,14,5,5,7
11,36,2026,2,7,16,5,4,8
11,46,2026,2,7,18,5,3,10
11,58,2026,2,7,19,3,5,8
12,0,2026,2,7,19,4,0,12
12,12,2026,2,7,18,6,1,17
12,26,2026,2,7,16,5,8,14
12,31,2026,2,7,14,2,5,11
12,36,2026,2,7,16,6,0,17
12,46,2026,2,7,18,3,3,17
12,58,2026,2,7,19,3,11,9
13,0,2026,2,7,19,10,0,19
13,12,2026,2,7,18,12,1,30
13,26,2026,2,7,16,3,10,23
13,31,2026,2,7,14,6,18,11
13,36,2026,2,7,16,3,0,14
13,46,2026,2,7,18,15,7,22
13,58,2026,2,7,19,17,9,30
14,0,2026,2,7,19,18,0,48
14,12,2026,2,7,18,9,6,51
14,26,2026,2,7,16,6,27,30
14,31,2026,2,7,14,4,22,12
14,36,2026,2,7,16,5,1,16
14,46,2026,2,7,18,24,7,33
14,58,2026,2,7,19,26,8,51
15,0,2026,2,7,19,8,0,59
15,12,2026,2,7,18,9,11,57
15,26,2026,2,7,16,6,20,43
15,31,2026,2,7,14,5,28,20
15,36,2026,2,7,16,6,2,24
15,46,2026,2,7,18,30,8,46
15,58,2026,2,7,19,26,17,55
16,0,2026,2,7,19,4,0,59
16,12,2026,2,7,18,3,16,46
16,26,2026,2,7,16,2,23,25
16,31,2026,2,7,14,5,20,10
16,36,2026,2,7,16,4,1,13
16,46,2026,2,7,18,5,7,11
16,58,2026,2,7,19,6,7,10
17,0,2026,2,7,19,6,0,16
17,12,2026,2,7,18,5,4,17
17,26,2026,2,7,16,6,11,12
17,31,2026,2,7,14,2,6,8
17,36,2026,2,7,16,5,2,11
17,46,2026,2,7,18,5,4,12
17,58,2026,2,7,19,4,9,7
18,0,2026,2,7,19,4,0,11
18,12,2026,2,7,18,5,5,11
18,26,2026,2,7,16,5,1,15
18,31,2026,2,7,14,2,7,10
18,36,2026,2,7,16,5,0,15
18,46,2026,2,7,18,6,5,16
18,58,2026,2,7,19,4,10,10
19,0,2026,2,7,19,6,0,16
19,12,2026,2,7,18,2,4,14
19,26,2026,2,7,16,2,8,8
19,31,2026,2,7,14,4,7,5
19,36,2026,2,7,16,6,2,9
19,46,2026,2,7,18,4,3,10
19,58,2026,2,7,19,2,3,9
20,0,2026,2,7,19,2,0,11
20,12,2026,2,7,18,2,1,12
20,26,2026,2,7,16,3,4,11
20,31,2026,2,7,14,3,8,6
20,36,2026,2,7,16,2,1,7
20,46,2026,2,7,18,5,2,10
20,58,2026,2,7,19,5,7,8
21,0,2026,2,7,19,3,0,11
21,12,2026,2,7,18,2,2,11
21,26,2026,2,7,16,2,4,9
21,31,2026,2,7,14,5,5,9
21,36,2026,2,7,16,5,4,10
21,46,2026,2,7,18,2,4,8
21,58,2026,2,7,19,5,6,7
22,0,2026,2,7,19,3,0,10
22,12,2026,2,7,18,4,2,12
22,26,2026,2,7,16,5,5,12
22,31,2026,2,7,14,3,9,6
22,36,2026,2,7,16,6,3,9
22,46,2026,2,7,18,5,6,8
22,58,2026,2,7,19,3,2,9
23,0,2026,2,7,19,4,0,13
23,12,2026,2,7,18,6,2,17
23,26,2026,2,7,16,6,5,18
23,31,2026,2,7,14,6,8,16
23,36,2026,2,7,16,5,2,19
23,46,2026,2,7,18,4,6,17
23,58,2026,2,7,19,0,17,0
6,0,2026,2,8,19,2,0,2
6,12,2026,2,8,18,4,1,5
6,26,2026,2,8,16,22,2,25
6,31,2026,2,8,14,14,9,30
6,36,2026,2,8,16,16,7,39
6,46,2026,2,8,18,5,20,24
6,58,2026,2,8,19,3,21,6
7,0,2026,2,8,19,3,0,9
7,12,2026,2,8,18,5,4,10
7,26,2026,2,8,16,20,2,28
7,31,2026,2,8,14,22,5,45
7,36,2026,2,8,16,5,0,50
7,46,2026,2,8,18,4,22,32
7,58,2026,2,8,19,1,23,10
8,0,2026,2,8,19,1,0,11
8,12,2026,2,8,18,3,2,12
8,26,2026,2,8,16,19,2,29
8,31,2026,2,8,14,17,7,39
8,36,2026,2,8,16,12,1,50
8,46,2026,2,8,18,4,26,28
8,58,2026,2,8,19,2,24,6
9,0,2026,2,8,19,1,0,7
9,12,2026,2,8,18,4,3,8
9,26,2026,2,8,16,2,2,8
9,31,2026,2,8,14,4,2,10
9,36,2026,2,8,16,5,0,15
9,46,2026,2,8,18,2,4,13
9,58,2026,2,8,19,3,11,5
10,0,2026,2,8,19,4,0,9
10,12,2026,2,8,18,5,4,10
10,26,2026,2,8,16,6,6,10
10,31,2026,2,8,14,5,3,12
10,36,2026,2,8,16,2,0,14
10,46,2026,2,8,18,5,7,12
10,58,2026,2,8,19,4,7,9
11,0,2026,2,8,19,6,0,15
11,12,2026,2,8,18,6,5,16
11,26,2026,2,8,16,4,9,11
11,31,2026,2,8,14,2,7,6
11,36,2026,2,8,16,3,0,9
11,46,2026,2,8,18,2,3,8
11,58,2026,2,8,19,6,5,9
12,0,2026,2,8,19,3,0,12
12,12,2026,2,8,18,3,3,12
12,26,2026,2,8,16,6,5,13
12,31,2026,2,8,14,2,8,7
12,36,2026,2,8,16,2,1,8
12,46,2026,2,8,18,3,2,9
12,58,2026,2,8,19,3,5,7
13,0,2026,2,8,19,16,0,23
13,12,2026,2,8,18,26,5,44
13,26,2026,2,8,16,5,12,37
13,31,2026,2,8,14,3,23,17
13,36,2026,2,8,16,3,1,19
13,46,2026,2,8,18,26,6,39
13,58,2026,2,8,19,10,17,32
14,0,2026,2,8,19,7,0,39
14,12,2026,2,8,18,23,3,59
14,26,2026,2,8,16,3,20,42
14,31,2026,2,8,14,6,24,24
14,36,2026,2,8,16,4,4,24
14,46,2026,2,8,18,28,4,48
14,58,2026,2,8,19,16,23,41
15,0,2026,2,8,19,14,0,55
15,12,2026,2,8,18,11,11,55
15,26,2026,2,8,16,4,24,35
15,31,2026,2,8,14,2,20,17
15,36,2026,2,8,16,6,2,21
15,46,2026,2,8,18,22,5,38
15,58,2026,2,8,19,8,20,26
16,0,2026,2,8,19,3,0,29
16,12,2026,2,8,18,5,4,30
16,26,2026,2,8,16,2,14,18
16,31,2026,2,8,14,4,18,4
16,36,2026,2,8,16,4,3,5
16,46,2026,2,8,18,5,2,8
16,58,2026,2,8,19,4,2,10
17,0,2026,2,8,19,6,0,16
17,12,2026,2,8,18,6,3,19
17,26,2026,2,8,16,6,8,17
17,31,2026,2,8,14,4,12,9
17,36,2026,2,8,16,4,0,13
17,46,2026,2,8,18,5,6,12
17,58,2026,2,8,19,4,7,9
18,0,2026,2,8,19,6,0,15
18,12,2026,2,8,18,5,4,16
18,26,2026,2,8,16,4,6,14
18,31,2026,2,8,14,4,9,9
18,36,2026,2,8,16,4,0,13
18,46,2026,2,8,18,2,4,11
18,58,2026,2,8,19,2,7,6
19,0,2026,2,8,19,3,0,9
19,12,2026,2,8,18,6,1,14
19,26,2026,2,8,16,4,6,12
19,31,2026,2,8,14,2,7,7
19,36,2026,2,8,16,6,1,12
19,46,2026,2,8,18,5,6,11
19,58,2026,2,8,19,3,7,7
20,0,2026,2,8,19,2,0,9
20,12,2026,2,8,18,5,1,13
20,26,2026,2,8,16,4,3,14
20,31,2026,2,8,14,4,11,7
20,36,2026,2,8,16,4,3,8
20,46,2026,2,8,18,2,3,7
20,58,2026,2,8,19,6,5,8
21,0,2026,2,8,19,6,0,14
21,12,2026,2,8,18,3,5,12
21,26,2026,2,8,16,5,6,11
21,31,2026,2,8,14,5,6,10
21,36,2026,2,8,16,3,1,12
21,46,2026,2,8,18,3,5,10
21,58,2026,2,8,19,6,6,10
22,0,2026,2,8,19,3,0,13
22,12,2026,2,8,18,5,1,17
22,26,2026,2,8,16,2,5,14
22,31,2026,2,8,14,4,12,6
22,36,2026,2,8,16,3,1,8
22,46,2026,2,8,18,2,4,6
22,58,2026,2,8,19,5,5,6
23,0,2026,2,8,19,5,0,11
23,12,2026,2,8,18,3,4,10
23,26,2026,2,8,16,3,3,10
23,31,2026,2,8,14,6,5,11
23,36,2026,2,8,16,3,4,10
23,46,2026,2,8,18,6,4,12
23,58,2026,2,8,19,0,12,0
6,0,2026,2,9,19,6,0,6
6,12,2026,2,9,18,6,0,12
6,26,2026,2,9,16,16,5,23
6,31,2026,2,9,14,21,12,32
6,36,2026,2,9,16,5,9,28
6,46,2026,2,9,18,3,11,20
6,58,2026,2,9,19,4,16,8
7,0,2026,2,9,19,5,0,13
7,12,2026,2,9,18,3,8,8
7,26,2026,2,9,16,12,2,18
7,31,2026,2,9,14,8,3,23
7,36,2026,2,9,16,14,0,37
7,46,2026,2,9,18,3,16,24
7,58,2026,2,9,19,2,21,5
8,0,2026,2,9,19,4,0,9
8,12,2026,2,9,18,4,6,7
8,26,2026,2,9,16,22,3,26
8,31,2026,2,9,14,14,1,39
8,36,2026,2,9,16,5,0,44
8,46,2026,2,9,18,2,19,27
8,58,2026,2,9,19,4,24,7
9,0,2026,2,9,19,5,0,12
9,12,2026,2,9,18,2,8,6
9,26,2026,2,9,16,4,3,7
9,31,2026,2,9,14,6,2,11
9,36,2026,2,9,16,2,1,12
9,46,2026,2,9,18,4,6,10
9,58,2026,2,9,19,2,8,4
10,0,2026,2,9,19,6,0,10
10,12,2026,2,9,18,5,3,12
10,26,2026,2,9,16,6,5,13
10,31,2026,2,9,14,4,7,10
10,36,2026,2,9,16,5,3,12
10,46,2026,2,9,18,6,2,16
10,58,2026,2,9,19,5,9,12
11,0,2026,2,9,19,5,0,17
11,12,2026,2,9,18,6,3,20
11,26,2026,2,9,16,5,6,19
11,31,2026,2,9,14,6,13,12
11,36,2026,2,9,16,2,3,11
11,46,2026,2,9,18,5,6,10
11,58,2026,2,9,19,4,7,7
12,0,2026,2,9,19,5,0,12
12,12,2026,2,9,18,3,3,12
12,26,2026,2,9,16,6,7,11
12,31,2026,2,9,14,5,5,11
12,36,2026,2,9,16,6,3,14
12,46,2026,2,9,18,4,4,14
12,58,2026,2,9,19,4,8,10
13,0,2026,2,9,19,13,0,23
13,12,2026,2,9,18,11,7,27
13,26,2026,2,9,16,6,8,25
13,31,2026,2,9,14,3,17,11
13,36,2026,2,9,16,4,1,14
13,46,2026,2,9,18,15,5,24
13,58,2026,2,9,19,16,12,28
14,0,2026,2,9,19,29,0,57
14,12,2026,2,9,18,19,10,66
14,26,2026,2,9,16,5,20,51
14,31,2026,2,9,14,3,27,27
14,36,2026,2,9,16,5,2,30
14,46,2026,2,9,18,24,5,49
14,58,2026,2,9,19,21,22,48
15,0,2026,2,9,19,18,0,66
15,12,2026,2,9,18,21,21,66
15,26,2026,2,9,16,3,22,47
15,31,2026,2,9,14,3,23,27
15,36,2026,2,9,16,6,2,31
15,46,2026,2,9,18,11,4,38
15,58,2026,2,9,19,17,21,34
16,0,2026,2,9,19,5,0,39
16,12,2026,2,9,18,3,7,35
16,26,2026,2,9,16,4,14,25
16,31,2026,2,9,14,4,22,7
16,36,2026,2,9,16,6,2,11
16,46,2026,2,9,18,3,4,10
16,58,2026,2,9,19,4,6,8
17,0,2026,2,9,19,5,0,13
17,12,2026,2,9,18,5,2,16
17,26,2026,2,9,16,4,9,11
17,31,2026,2,9,14,2,7,6
17,36,2026,2,9,16,6,0,12
17,46,2026,2,9,18,2,7,7
17,58,2026,2,9,19,3,3,7
18,0,2026,2,9,19,5,0,12
18,12,2026,2,9,18,2,1,13
18,26,2026,2,9,16,5,3,15
18,31,2026,2,9,14,2,10,7
18,36,2026,2,9,16,4,0,11
18,46,2026,2,9,18,4,5,10
18,58,2026,2,9,19,2,4,8
19,0,2026,2,9,19,3,0,11
19,12,2026,2,9,18,5,2,14
19,26,2026,2,9,16,4,7,11
19,31,2026,2,9,14,4,7,8
19,36,2026,2,9,16,2,1,9
19,46,2026,2,9,18,3,6,6
19,58,2026,2,9,19,4,4,6
20,0,2026,2,9,19,5,0,11
20,12,2026,2,9,18,4,4,11
20,26,2026,2,9,16,5,4,12
20,31,2026,2,9,14,6,9,9
20,36,2026,2,9,16,2,4,7
20,46,2026,2,9,18,3,3,7
20,58,2026,2,9,19,3,4,6
21,0,2026,2,9,19,4,0,10
21,12,2026,2,9,18,4,1,13
21,26,2026,2,9,16,4,6,11
21,31,2026,2,9,14,2,9,4
21,36,2026,2,9,16,5,2,7
21,46,2026,2,9,18,3,3,7
21,58,2026,2,9,19,5,4,8
22,0,2026,2,9,19,4,0,12
22,12,2026,2,9,18,3,3,12
22,26,2026,2,9,16,5,3,14
22,31,2026,2,9,14,3,9,8
22,36,2026,2,9,16,2,1,9
22,46,2026,2,9,18,6,2,13
22,58,2026,2,9,19,4,6,11
23,0,2026,2,9,19,5,0,16
23,12,2026,2,9,18,2,4,14
23,26,2026,2,9,16,6,3,17
23,31,2026,2,9,14,5,15,7
23,36,2026,2,9,16,6,1,12
23,46,2026,2,9,18,5,6,11
23,58,2026,2,9,19,0,11,0
6,0,2026,2,10,19,5,0,5
6,12,2026,2,10,18,6,2,9
6,26,2026,2,10,16,21,4,26
6,31,2026,2,10,14,10,11,25
6,36,2026,2,10,16,14,2,37
6,46,2026,2,10,18,2,13,26
6,58,2026,2,10,19,2,20,8
7,0,2026,2,10,19,4,0,12
7,12,2026,2,10,18,1,6,7
7,26,2026,2,10,16,15,0,22
7,31,2026,2,10,14,15,7,30
7,36,2026,2,10,16,9,2,37
7,46,2026,2,10,18,5,17,25
7,58,2026,2,10,19,1,24,2
8,0,2026,2,10,19,2,0,4
8,12,2026,2,10,18,5,2,7
8,26,2026,2,10,16,19,2,24
8,31,2026,2,10,14,12,2,34
8,36,2026,2,10,16,9,1,42
8,46,2026,2,10,18,4,20,26
8,58,2026,2,10,19,5,21,10
9,0,2026,2,10,19,4,0,14
9,12,2026,2,10,18,1,8,7
9,26,2026,2,10,16,2,3,6
9,31,2026,2,10,14,4,3,7
9,36,2026,2,10,16,3,0,10
9,46,2026,2,10,18,5,6,9
9,58,2026,2,10,19,5,9,5
10,0,2026,2,10,19,5,0,10
10,12,2026,2,10,18,4,2,12
10,26,2026,2,10,16,3,7,8
10,31,2026,2,10,14,6,4,10
10,36,2026,2,10,16,6,5,11
10,46,2026,2,10,18,4,4,11
10,58,2026,2,10,19,6,5,12
11,0,2026,2,10,19,2,0,14
11,12,2026,2,10,18,3,4,13
11,26,2026,2,10,16,4,5,12
11,31,2026,2,10,14,2,9,5
11,36,2026,2,10,16,5,1,9
11,46,2026,2,10,18,4,5,8
11,58,2026,2,10,19,6,3,11
12,0,2026,2,10,19,5,0,16
12,12,2026,2,10,18,2,4,14
12,26,2026,2,10,16,3,9,8
12,31,2026,2,10,14,3,4,7
12,36,2026,2,10,16,2,2,7
12,46,2026,2,10,18,3,2,8
12,58,2026,2,10,19,3,7,4
13,0,2026,2,10,19,10,0,14
13,12,2026,2,10,18,20,3,31
13,26,2026,2,10,16,2,18,15
13,31,2026,2,10,14,3,10,8
13,36,2026,2,10,16,4,0,12
13,46,2026,2,10,18,19,5,26
13,58,2026,2,10,19,19,9,36
14,0,2026,2,10,19,18,0,54
14,12,2026,2,10,18,17,5,66
14,26,2026,2,10,16,5,20,51
14,31,2026,2,10,14,2,29,24
14,36,2026,2,10,16,3,2,25
14,46,2026,2,10,18,32,4,53
14,58,2026,2,10,19,30,20,63
15,0,2026,2,10,19,3,0,66
15,12,2026,2,10,18,9,9,66
15,26,2026,2,10,16,6,34,38
15,31,2026,2,10,14,5,23,20
15,36,2026,2,10,16,3,1,22
15,46,2026,2,10,18,23,4,41
15,58,2026,2,10,19,15,22,34
16,0,2026,2,10,19,2,0,36
16,12,2026,2,10,18,5,7,34
16,26,2026,2,10,16,6,15,25
16,31,2026,2,10,14,5,18,12
16,36,2026,2,10,16,5,1,16
16,46,2026,2,10,18,6,11,11
16,58,2026,2,10,19,3,7,7
17,0,2026,2,10,19,2,0,9
17,12,2026,2,10,18,3,3,9
17,26,2026,2,10,16,3,4,8
17,31,2026,2,10,14,5,5,8
17,36,2026,2,10,16,4,2,10
17,46,2026,2,10,18,5,5,10
17,58,2026,2,10,19,2,6,6
18,0,2026,2,10,19,3,0,9
18,12,2026,2,10,18,3,1,11
18,26,2026,2,10,16,4,7,8
18,31,2026,2,10,14,6,6,8
18,36,2026,2,10,16,3,1,10
18,46,2026,2,10,18,2,5,7
18,58,2026,2,10,19,3,5,5
19,0,2026,2,10,19,2,0,7
19,12,2026,2,10,18,5,2,10
19,26,2026,2,10,16,4,5,9
19,31,2026,2,10,14,3,4,8
19,36,2026,2,10,16,3,1,10
19,46,2026,2,10,18,5,4,11
19,58,2026,2,10,19,4,6,9
20,0,2026,2,10,19,3,0,12
20,12,2026,2,10,18,2,1,13
20,26,2026,2,10,16,4,4,13
20,31,2026,2,10,14,5,11,7
20,36,2026,2,10,16,4,1,10
20,46,2026,2,10,18,6,3,13
20,58,2026,2,10,19,5,6,12
21,0,2026,2,10,19,6,0,18
21,12,2026,2,10,18,4,4,18
21,26,2026,2,10,16,4,11,11
21,31,2026,2,10,14,4,8,7
21,36,2026,2,10,16,6,1,12
21,46,2026,2,10,18,4,5,11
21,58,2026,2,10,19,4,9,6
22,0,2026,2,10,19,2,0,8
22,12,2026,2,10,18,3,0,11
22,26,2026,2,10,16,2,2,11
22,31,2026,2,10,14,4,7,8
22,36,2026,2,10,16,6,2,12
22,46,2026,2,10,18,2,5,9
22,58,2026,2,10,19,5,7,7
23,0,2026,2,10,19,5,0,12
23,12,2026,2,10,18,3,3,12
23,26,2026,2,10,16,2,6,8
23,31,2026,2,10,14,5,4,9
23,36,2026,2,10,16,4,2,11
23,46,2026,2,10,18,2,4,9
23,58,2026,2,10,19,0,9,0
6,0,2026,2,11,19,5,0,5
6,12,2026,2,11,18,4,2,7
6,26,2026,2,11,16,7,1,13
6,31,2026,2,11,14,10,4,19
6,36,2026,2,11,16,6,4,21
6,46,2026,2,11,18,5,10,16
6,58,2026,2,11,19,5,9,12
7,0,2026,2,11,19,1,0,13
7,12,2026,2,11,18,1,6,8
7,26,2026,2,11,16,7,3,12
7,31,2026,2,11,14,18,6,24
7,36,2026,2,11,16,15,1,38
7,46,2026,2,11,18,1,19,20
7,58,2026,2,11,19,4,19,5
8,0,2026,2,11,19,2,0,7
8,12,2026,2,11,18,5,5,7
8,26,2026,2,11,16,10,2,15
8,31,2026,2,11,14,6,2,19
8,36,2026,2,11,16,9,1,27
8,46,2026,2,11,18,2,7,22
8,58,2026,2,11,19,5,18,9
9,0,2026,2,11,19,1,0,10
9,12,2026,2,11,18,4,5,9
9,26,2026,2,11,16,4,3,10
9,31,2026,2,11,14,5,3,12
9,36,2026,2,11,16,4,0,16
9,46,2026,2,11,18,4,9,11
9,58,2026,2,11,19,5,9,7
10,0,2026,2,11,19,4,0,11
10,12,2026,2,11,18,6,2,15
10,26,2026,2,11,16,2,3,14
10,31,2026,2,11,14,5,11,8
10,36,2026,2,11,16,5,2,11
10,46,2026,2,11,18,2,6,7
10,58,2026,2,11,19,2,6,3
11,0,2026,2,11,19,3,0,6
11,12,2026,2,11,18,3,3,6
11,26,2026,2,11,16,2,3,5
11,31,2026,2,11,14,3,2,6
11,36,2026,2,11,16,3,2,7
11,46,2026,2,11,18,5,2,10
11,58,2026,2,11,19,3,7,6
12,0,2026,2,11,19,3,0,9
12,12,2026,2,11,18,2,2,9
12,26,2026,2,11,16,4,5,8
12,31,2026,2,11,14,3,3,8
12,36,2026,2,11,16,2,0,10
12,46,2026,2,11,18,2,4,8
12,58,2026,2,11,19,5,7,6
13,0,2026,2,11,19,20,0,26
13,12,2026,2,11,18,17,11,32
13,26,2026,2,11,16,2,13,21
13,31,2026,2,11,14,4,12,13
13,36,2026,2,11,16,2,2,13
13,46,2026,2,11,18,13,0,26
13,58,2026,2,11,19,13,12,27
14,0,2026,2,11,19,20,0,47
14,12,2026,2,11,18,30,11,66
14,26,2026,2,11,16,4,20,50
14,31,2026,2,11,14,2,38,14
14,36,2026,2,11,16,4,2,16
14,46,2026,2,11,18,26,3,39
14,58,2026,2,11,19,28,19,48
15,0,2026,2,11,19,18,0,66
15,12,2026,2,11,18,9,9,66
15,26,2026,2,11,16,4,21,49
15,31,2026,2,11,14,4,36,17
15,36,2026,2,11,16,5,2,20
15,46,2026,2,11,18,7,4,23
15,58,2026,2,11,19,28,16,35
16,0,2026,2,11,19,3,0,38
16,12,2026,2,11,18,4,6,36
16,26,2026,2,11,16,6,18,24
16,31,2026,2,11,14,2,19,7
16,36,2026,2,11,16,6,1,12
16,46,2026,2,11,18,5,1,16
16,58,2026,2,11,19,4,9,11
17,0,2026,2,11,19,5,0,16
17,12,2026,2,11,18,3,4,15
17,26,2026,2,11,16,5,5,15
17,31,2026,2,11,14,5,9,11
17,36,2026,2,11,16,4,2,13
17,46,2026,2,11,18,5,6,12
17,58,2026,2,11,19,3,9,6
18,0,2026,2,11,19,6,0,12
18,12,2026,2,11,18,6,2,16
18,26,2026,2,11,16,6,9,13
18,31,2026,2,11,14,3,6,10
18,36,2026,2,11,16,2,1,11
18,46,2026,2,11,18,3,5,9
18,58,2026,2,11,19,6,6,9
19,0,2026,2,11,19,5,0,14
19,12,2026,2,11,18,4,1,17
19,26,2026,2,11,16,4,10,11
19,31,2026,2,11,14,2,6,7
19,36,2026,2,11,16,2,2,7
19,46,2026,2,11,18,6,4,9
19,58,2026,2,11,19,5,6,8
20,0,2026,2,11,19,6,0,14
20,12,2026,2,11,18,4,2,16
20,26,2026,2,11,16,3,8,11
20,31,2026,2,11,14,2,7,6
20,36,2026,2,11,16,6,1,11
20,46,2026,2,11,18,6,1,16
20,58,2026,2,11,19,2,7,11
21,0,2026,2,11,19,2,0,13
21,12,2026,2,11,18,3,3,13
21,26,2026,2,11,16,2,7,8
21,31,2026,2,11,14,4,7,5
21,36,2026,2,11,16,2,3,4
21,46,2026,2,11,18,3,3,4
21,58,2026,2,11,19,6,0,10
22,0,2026,2,11,19,3,0,13
22,12,2026,2,11,18,4,2,15
22,26,2026,2,11,16,2,3,14
22,31,2026,2,11,14,4,12,6
22,36,2026,2,11,16,4,2,8
22,46,2026,2,11,18,4,2,10
22,58,2026,2,11,19,3,5,8
23,0,2026,2,11,19,4,0,12
23,12,2026,2,11,18,2,4,10
23,26,2026,2,11,16,3,3,10
23,31,2026,2,11,14,3,7,6
23,36,2026,2,11,16,3,2,7
23,46,2026,2,11,18,4,2,9
23,58,2026,2,11,19,0,9,0
6,0,2026,2,12,19,2,0,2
6,12,2026,2,12,18,3,1,4
6,26,2026,2,12,16,19,0,23
6,31,2026,2,12,14,10,8,25
6,36,2026,2,12,16,9,6,28
6,46,2026,2,12,18,6,15,19
6,58,2026,2,12,19,5,12,12
7,0,2026,2,12,19,4,0,16
7,12,2026,2,12,18,5,8,13
7,26,2026,2,12,16,14,3,24
7,31,2026,2,12,14,15,5,34
7,36,2026,2,12,16,21,0,55
7,46,2026,2,12,18,1,32,24
7,58,2026,2,12,19,1,20,5
8,0,2026,2,12,19,5,0,10
8,12,2026,2,12,18,4,6,8
8,26,2026,2,12,16,16,0,24
8,31,2026,2,12,14,17,4,37
8,36,2026,2,12,16,21,1,57
8,46,2026,2,12,18,4,33,28
8,58,2026,2,12,19,3,23,8
9,0,2026,2,12,19,1,0,9
9,12,2026,2,12,18,4,4,9
9,26,2026,2,12,16,6,2,13
9,31,2026,2,12,14,6,4,15
9,36,2026,2,12,16,6,1,20
9,46,2026,2,12,18,1,10,11
9,58,2026,2,12,19,4,10,5
10,0,2026,2,12,19,5,0,10
10,12,2026,2,12,18,4,4,10
10,26,2026,2,12,16,3,6,7
10,31,2026,2,12,14,3,6,4
10,36,2026,2,12,16,2,1,5
10,46,2026,2,12,18,6,0,11
10,58,2026,2,12,19,3,6,8
11,0,2026,2,12,19,3,0,11
11,12,2026,2,12,18,3,1,13
11,26,2026,2,12,16,6,4,15
11,31,2026,2,12,14,4,10,9
11,36,2026,2,12,16,4,1,12
11,46,2026,2,12,18,4,4,12
11,58,2026,2,12,19,5,6,11
12,0,2026,2,12,19,5,0,16
12,12,2026,2,12,18,2,5,13
12,26,2026,2,12,16,2,5,10
12,31,2026,2,12,14,2,7,5
12,36,2026,2,12,16,5,0,10
12,46,2026,2,12,18,2,4,8
12,58,2026,2,12,19,3,6,5
13,0,2026,2,12,19,13,0,18
13,12,2026,2,12,18,23,5,36
13,26,2026,2,12,16,3,13,26
13,31,2026,2,12,14,2,18,10
13,36,2026,2,12,16,6,1,15
13,46,2026,2,12,18,29,1,43
13,58,2026,2,12,19,21,14,50
14,0,2026,2,12,19,11,0,61
14,12,2026,2,12,18,13,16,58
14,26,2026,2,12,16,6,21,43
14,31,2026,2,12,14,3,24,22
14,36,2026,2,12,16,2,0,24
14,46,2026,2,12,18,9,6,27
14,58,2026,2,12,19,30,19,38
15,0,2026,2,12,19,13,0,51
15,12,2026,2,12,18,15,13,53
15,26,2026,2,12,16,3,20,36
15,31,2026,2,12,14,2,28,10
15,36,2026,2,12,16,4,0,14
15,46,2026,2,12,18,27,3,38
15,58,2026,2,12,19,26,14,50
16,0,2026,2,12,19,6,0,56
16,12,2026,2,12,18,5,12,49
16,26,2026,2,12,16,6,23,32
16,31,2026,2,12,14,5,21,16
16,36,2026,2,12,16,2,1,17
16,46,2026,2,12,18,2,5,14
16,58,2026,2,12,19,2,13,3
17,0,2026,2,12,19,2,0,5
17,12,2026,2,12,18,4,1,8
17,26,2026,2,12,16,3,5,6
17,31,2026,2,12,14,3,2,7
17,36,2026,2,12,16,6,2,11
17,46,2026,2,12,18,5,3,13
17,58,2026,2,12,19,5,7,11
18,0,2026,2,12,19,4,0,15
18,12,2026,2,12,18,3,5,13
18,26,2026,2,12,16,2,3,12
18,31,2026,2,12,14,2,10,4
18,36,2026,2,12,16,5,0,9
18,46,2026,2,12,18,6,6,9
18,58,2026,2,12,19,6,5,10
19,0,2026,2,12,19,4,0,14
19,12,2026,2,12,18,6,5,15
19,26,2026,2,12,16,5,4,16
19,31,2026,2,12,14,2,10,8
19,36,2026,2,12,16,3,0,11
19,46,2026,2,12,18,5,3,13
19,58,2026,2,12,19,6,9,10
20,0,2026,2,12,19,3,0,13
20,12,2026,2,12,18,4,2,15
20,26,2026,2,12,16,2,5,12
20,31,2026,2,12,14,5,9,8
20,36,2026,2,12,16,2,1,9
20,46,2026,2,12,18,3,5,7
20,58,2026,2,12,19,4,5,6
21,0,2026,2,12,19,5,0,11
21,12,2026,2,12,18,5,1,15
21,26,2026,2,12,16,2,5,12
21,31,2026,2,12,14,4,11,5
21,36,2026,2,12,16,2,1,6
21,46,2026,2,12,18,6,1,11
21,58,2026,2,12,19,3,6,8
22,0,2026,2,12,19,2,0,10
22,12,2026,2,12,18,3,3,10
22,26,2026,2,12,16,6,4,12
22,31,2026,2,12,14,5,6,11
22,36,2026,2,12,16,3,4,10
22,46,2026,2,12,18,6,4,12
22,58,2026,2,12,19,5,8,9
23,0,2026,2,12,19,2,0,11
23,12,2026,2,12,18,5,3,13
23,26,2026,2,12,16,3,4,12
23,31,2026,2,12,14,5,9,8
23,36,2026,2,12,16,4,1,11
23,46,2026,2,12,18,3,5,9
23,58,2026,2,12,19,0,9,0
6,0,2026,2,13,19,5,0,5
6,12,2026,2,13,18,4,3,6
6,26,2026,2,13,16,11,4,13
6,31,2026,2,13,14,10,6,17
6,36,2026,2,13,16,16,3,30
6,46,2026,2,13,18,4,9,25
6,58,2026,2,13,19,3,15,13
7,0,2026,2,13,19,1,0,14
7,12,2026,2,13,18,1,3,12
7,26,2026,2,13,16,16,1,27
7,31,2026,2,13,14,19,10,36
7,36,2026,2,13,16,20,0,56
7,46,2026,2,13,18,4,26,34
7,58,2026,2,13,19,4,29,9
8,0,2026,2,13,19,1,0,10
8,12,2026,2,13,18,1,4,7
8,26,2026,2,13,16,10,4,13
8,31,2026,2,13,14,6,2,17
8,36,2026,2,13,16,13,0,30
8,46,2026,2,13,18,1,15,16
8,58,2026,2,13,19,2,16,2
9,0,2026,2,13,19,4,0,6
9,12,2026,2,13,18,2,3,5
9,26,2026,2,13,16,6,0,11
9,31,2026,2,13,14,5,3,13
9,36,2026,2,13,16,2,0,15
9,46,2026,2,13,18,2,3,14
9,58,2026,2,13,19,4,13,5
10,0,2026,2,13,19,6,0,11
10,12,2026,2,13,18,4,2,13
10,26,2026,2,13,16,6,6,13
10,31,2026,2,13,14,2,7,8
10,36,2026,2,13,16,6,1,13
10,46,2026,2,13,18,6,3,16
10,58,2026,2,13,19,2,9,9
11,0,2026,2,13,19,3,0,12
11,12,2026,2,13,18,6,1,17
11,26,2026,2,13,16,6,3,20
11,31,2026,2,13,14,3,14,9
11,36,2026,2,13,16,4,1,12
11,46,2026,2,13,18,4,5,11
11,58,2026,2,13,19,4,8,7
12,0,2026,2,13,19,5,0,12
12,12,2026,2,13,18,2,2,12
12,26,2026,2,13,16,6,7,11
12,31,2026,2,13,14,5,7,9
12,36,2026,2,13,16,3,4,8
12,46,2026,2,13,18,3,3,8
12,58,2026,2,13,19,5,7,6
13,0,2026,2,13,19,14,0,20
13,12,2026,2,13,18,14,6,28
13,26,2026,2,13,16,6,12,22
13,31,2026,2,13,14,4,12,14
13,36,2026,2,13,16,3,3,14
13,46,2026,2,13,18,15,2,27
13,58,2026,2,13,19,29,13,43
14,0,2026,2,13,19,17,0,60
14,12,2026,2,13,18,8,11,57
14,26,2026,2,13,16,4,20,41
14,31,2026,2,13,14,5,29,17
14,36,2026,2,13,16,4,3,18
14,46,2026,2,13,18,27,4,41
14,58,2026,2,13,19,13,20,34
15,0,2026,2,13,19,8,0,42
15,12,2026,2,13,18,23,7,58
15,26,2026,2,13,16,3,27,34
15,31,2026,2,13,14,5,28,11
15,36,2026,2,13,16,4,2,13
15,46,2026,2,13,18,12,2,23
15,58,2026,2,13,19,23,13,33
16,0,2026,2,13,19,5,0,38
16,12,2026,2,13,18,2,8,32
16,26,2026,2,13,16,3,16,19
16,31,2026,2,13,14,4,16,7
16,36,2026,2,13,16,4,0,11
16,46,2026,2,13,18,6,6,11
16,58,2026,2,13,19,4,4,11
17,0,2026,2,13,19,4,0,15
17,12,2026,2,13,18,5,3,17
17,26,2026,2,13,16,5,9,13
17,31,2026,2,13,14,3,8,8
17,36,2026,2,13,16,5,2,11
17,46,2026,2,13,18,5,3,13
17,58,2026,2,13,19,2,8,7
18,0,2026,2,13,19,5,0,12
18,12,2026,2,13,18,6,3,15
18,26,2026,2,13,16,2,7,10
18,31,2026,2,13,14,2,8,4
18,36,2026,2,13,16,6,1,9
18,46,2026,2,13,18,2,2,9
18,58,2026,2,13,19,2,5,6
19,0,2026,2,13,19,5,0,11
19,12,2026,2,13,18,3,2,12
19,26,2026,2,13,16,6,3,15
19,31,2026,2,13,14,6,9,12
19,36,2026,2,13,16,4,1,15
19,46,2026,2,13,18,2,6,11
19,58,2026,2,13,19,2,8,5
20,0,2026,2,13,19,6,0,11
20,12,2026,2,13,18,2,3,10
20,26,2026,2,13,16,2,4,8
20,31,2026,2,13,14,3,6,5
20,36,2026,2,13,16,3,1,7
20,46,2026,2,13,18,5,1,11
20,58,2026,2,13,19,6,6,11
21,0,2026,2,13,19,5,0,16
21,12,2026,2,13,18,6,6,16
21,26,2026,2,13,16,4,7,13
21,31,2026,2,13,14,2,8,7
21,36,2026,2,13,16,6,1,12
21,46,2026,2,13,18,4,4,12
21,58,2026,2,13,19,2,8,6
22,0,2026,2,13,19,3,0,9
22,12,2026,2,13,18,2,1,10
22,26,2026,2,13,16,2,4,8
22,31,2026,2,13,14,3,6,5
22,36,2026,2,13,16,6,2,9
22,46,2026,2,13,18,2,2,9
22,58,2026,2,13,19,6,5,10
23,0,2026,2,13,19,6,0,16
23,12,2026,2,13,18,3,5,14
23,26,2026,2,13,16,4,7,11
23,31,2026,2,13,14,2,9,4
23,36,2026,2,13,16,3,1,6
23,46,2026,2,13,18,4,5,5
23,58,2026,2,13,19,0,5,0
6,0,2026,2,14,19,5,0,5
6,12,2026,2,14,18,3,0,8
6,26,2026,2,14,16,6,3,11
6,31,2026,2,14,14,9,7,13
6,36,2026,2,14,16,11,3,21
6,46,2026,2,14,18,2,8,15
6,58,2026,2,14,19,2,12,5
7,0,2026,2,14,19,4,0,9
7,12,2026,2,14,18,3,4,8
7,26,2026,2,14,16,21,1,28
7,31,2026,2,14,14,17,5,40
7,36,2026,2,14,16,12,1,51
7,46,2026,2,14,18,3,23,31
7,58,2026,2,14,19,5,27,9
8,0,2026,2,14,19,3,0,12
8,12,2026,2,14,18,2,6,8
8,26,2026,2,14,16,6,1,13
8,31,2026,2,14,14,18,5,26
8,36,2026,2,14,16,15,0,41
8,46,2026,2,14,18,3,20,24
8,58,2026,2,14,19,5,20,9
9,0,2026,2,14,19,4,0,13
9,12,2026,2,14,18,5,8,10
9,26,2026,2,14,16,2,1,11
9,31,2026,2,14,14,2,5,8
9,36,2026,2,14,16,6,0,14
9,46,2026,2,14,18,5,4,15
9,58,2026,2,14,19,1,14,2
10,0,2026,2,14,19,2,0,4
10,12,2026,2,14,18,4,2,6
10,26,2026,2,14,16,6,1,11
10,31,2026,2,14,14,6,6,11
10,36,2026,2,14,16,5,1,15
10,46,2026,2,14,18,3,6,12
10,58,2026,2,14,19,3,6,9
11,0,2026,2,14,19,4,0,13
11,12,2026,2,14,18,2,0,15
11,26,2026,2,14,16,5,4,16
11,31,2026,2,14,14,4,11,9
11,36,2026,2,14,16,3,2,10
11,46,2026,2,14,18,2,1,11
11,58,2026,2,14,19,4,9,6
12,0,2026,2,14,19,3,0,9
12,12,2026,2,14,18,3,4,8
12,26,2026,2,14,16,3,3,8
12,31,2026,2,14,14,4,3,9
12,36,2026,2,14,16,3,1,11
12,46,2026,2,14,18,2,3,10
12,58,2026,2,14,19,5,6,9
13,0,2026,2,14,19,17,0,26
13,12,2026,2,14,18,7,2,31
13,26,2026,2,14,16,6,15,22
13,31,2026,2,14,14,5,16,11
13,36,2026,2,14,16,6,2,15
13,46,2026,2,14,18,21,6,30
13,58,2026,2,14,19,15,12,33
14,0,2026,2,14,19,24,0,57
14,12,2026,2,14,18,18,13,62
14,26,2026,2,14,16,4,21,45
14,31,2026,2,14,14,2,23,24
14,36,2026,2,14,16,2,1,25
14,46,2026,2,14,18,20,5,40
14,58,2026,2,14,19,14,24,30
15,0,2026,2,14,19,17,0,47
15,12,2026,2,14,18,19,10,56
15,26,2026,2,14,16,3,29,30
15,31,2026,2,14,14,2,26,6
15,36,2026,2,14,16,2,1,7
15,46,2026,2,14,18,30,3,34
15,58,2026,2,14,19,29,13,50
16,0,2026,2,14,19,6,0,56
16,12,2026,2,14,18,5,16,45
16,26,2026,2,14,16,4,20,29
16,31,2026,2,14,14,6,20,15
16,36,2026,2,14,16,3,4,14
16,46,2026,2,14,18,3,3,14
16,58,2026,2,14,19,4,12,6
17,0,2026,2,14,19,2,0,8
17,12,2026,2,14,18,2,1,9
17,26,2026,2,14,16,4,2,11
17,31,2026,2,14,14,6,7,10
17,36,2026,2,14,16,5,1,14
17,46,2026,2,14,18,5,6,13
17,58,2026,2,14,19,5,7,11
18,0,2026,2,14,19,4,0,15
18,12,2026,2,14,18,3,2,16
18,26,2026,2,14,16,6,5,17
18,31,2026,2,14,14,2,10,9
18,36,2026,2,14,16,2,1,10
18,46,2026,2,14,18,2,4,8
18,58,2026,2,14,19,3,6,5
19,0,2026,2,14,19,3,0,8
19,12,2026,2,14,18,3,1,10
19,26,2026,2,14,16,4,4,10
19,31,2026,2,14,14,6,6,10
19,36,2026,2,14,16,2,2,10
19,46,2026,2,14,18,5,8,7
19,58,2026,2,14,19,3,3,7
20,0,2026,2,14,19,4,0,11
20,12,2026,2,14,18,3,2,12
20,26,2026,2,14,16,6,6,12
20,31,2026,2,14,14,4,7,9
20,36,2026,2,14,16,5,1,13
20,46,2026,2,14,18,5,5,13
20,58,2026,2,14,19,6,9,10
21,0,2026,2,14,19,3,0,13
21,12,2026,2,14,18,4,3,14
21,26,2026,2,14,16,3,6,11
21,31,2026,2,14,14,2,7,6
21,36,2026,2,14,16,4,0,10
21,46,2026,2,14,18,5,4,11
21,58,2026,2,14,19,6,7,10
22,0,2026,2,14,19,6,0,16
22,12,2026,2,14,18,2,6,12
22,26,2026,2,14,16,2,5,9
22,31,2026,2,14,14,4,7,6
22,36,2026,2,14,16,5,2,9
22,46,2026,2,14,18,2,5,6
22,58,2026,2,14,19,4,3,7
23,0,2026,2,14,19,2,0,9
23,12,2026,2,14,18,6,1,14
23,26,2026,2,14,16,6,5,15
23,31,2026,2,14,14,3,10,8
23,36,2026,2,14,16,4,1,11
23,46,2026,2,14,18,2,7,6
23,58,2026,2,14,19,0,6,0
6,0,2026,2,15,19,3,0,3
6,12,2026,2,15,18,6,1,8
6,26,2026,2,15,16,12,5,15
6,31,2026,2,15,14,21,9,27
6,36,2026,2,15,16,22,7,42
6,46,2026,2,15,18,3,22,23
6,58,2026,2,15,19,4,18,9
7,0,2026,2,15,19,1,0,10
7,12,2026,2,15,18,1,5,6
7,26,2026,2,15,16,9,1,14
7,31,2026,2,15,14,16,4,26
7,36,2026,2,15,16,18,2,42
7,46,2026,2,15,18,1,21,22
7,58,2026,2,15,19,5,19,8
8,0,2026,2,15,19,4,0,12
8,12,2026,2,15,18,4,8,8
8,26,2026,2,15,16,12,1,19
8,31,2026,2,15,14,16,4,31
8,36,2026,2,15,16,8,0,39
8,46,2026,2,15,18,1,21,19
8,58,2026,2,15,19,2,19,2
9,0,2026,2,15,19,3,0,5
9,12,2026,2,15,18,4,4,5
9,26,2026,2,15,16,4,0,9
9,31,2026,2,15,14,3,1,11
9,36,2026,2,15,16,4,0,15
9,46,2026,2,15,18,3,6,12
9,58,2026,2,15,19,5,12,5
10,0,2026,2,15,19,4,0,9
10,12,2026,2,15,18,2,5,6
10,26,2026,2,15,16,5,3,8
10,31,2026,2,15,14,6,4,10
10,36,2026,2,15,16,2,0,12
10,46,2026,2,15,18,4,4,12
10,58,2026,2,15,19,6,8,10
11,0,2026,2,15,19,3,0,13
11,12,2026,2,15,18,4,2,15
11,26,2026,2,15,16,2,4,13
11,31,2026,2,15,14,6,9,10
11,36,2026,2,15,16,2,2,10
11,46,2026,2,15,18,5,2,13
11,58,2026,2,15,19,5,10,8
12,0,2026,2,15,19,6,0,14
12,12,2026,2,15,18,6,5,15
12,26,2026,2,15,16,4,7,12
12,31,2026,2,15,14,5,5,12
12,36,2026,2,15,16,6,4,14
12,46,2026,2,15,18,6,6,14
12,58,2026,2,15,19,4,10,8
13,0,2026,2,15,19,11,0,19
13,12,2026,2,15,18,28,5,42
13,26,2026,2,15,16,6,17,31
13,31,2026,2,15,14,2,20,13
13,36,2026,2,15,16,3,2,14
13,46,2026,2,15,18,20,5,29
13,58,2026,2,15,19,27,11,45
14,0,2026,2,15,19,21,0,66
14,12,2026,2,15,18,25,25,66
14,26,2026,2,15,16,6,21,51
14,31,2026,2,15,14,2,20,33
14,36,2026,2,15,16,2,2,33
14,46,2026,2,15,18,25,7,51
14,58,2026,2,15,19,9,25,35
15,0,2026,2,15,19,16,0,51
15,12,2026,2,15,18,10,7,54
15,26,2026,2,15,16,3,23,34
15,31,2026,2,15,14,4,21,17
15,36,2026,2,15,16,2,2,17
15,46,2026,2,15,18,29,5,41
15,58,2026,2,15,19,14,14,41
16,0,2026,2,15,19,5,0,46
16,12,2026,2,15,18,6,10,42
16,26,2026,2,15,16,6,20,28
16,31,2026,2,15,14,4,22,10
16,36,2026,2,15,16,2,1,11
16,46,2026,2,15,18,4,7,8
16,58,2026,2,15,19,2,4,6
17,0,2026,2,15,19,2,0,8
17,12,2026,2,15,18,6,0,14
17,26,2026,2,15,16,2,8,8
17,31,2026,2,15,14,5,6,7
17,36,2026,2,15,16,4,1,10
17,46,2026,2,15,18,4,3,11
17,58,2026,2,15,19,2,8,5
18,0,2026,2,15,19,2,0,7
18,12,2026,2,15,18,5,0,12
18,26,2026,2,15,16,6,6,12
18,31,2026,2,15,14,2,5,9
18,36,2026,2,15,16,5,0,14
18,46,2026,2,15,18,5,5,14
18,58,2026,2,15,19,4,11,7
19,0,2026,2,15,19,4,0,11
19,12,2026,2,15,18,3,3,11
19,26,2026,2,15,16,5,4,12
19,31,2026,2,15,14,6,8,10
19,36,2026,2,15,16,4,2,12
19,46,2026,2,15,18,4,3,13
19,58,2026,2,15,19,2,7,8
20,0,2026,2,15,19,6,0,14
20,12,2026,2,15,18,3,2,15
20,26,2026,2,15,16,3,6,12
20,31,2026,2,15,14,3,9,6
20,36,2026,2,15,16,4,0,10
20,46,2026,2,15,18,2,1,11
20,58,2026,2,15,19,4,9,6
21,0,2026,2,15,19,4,0,10
21,12,2026,2,15,18,6,2,14
21,26,2026,2,15,16,2,8,8
21,31,2026,2,15,14,3,5,6
21,36,2026,2,15,16,6,0,12
21,46,2026,2,15,18,5,6,11
21,58,2026,2,15,19,4,6,9
22,0,2026,2,15,19,2,0,11
22,12,2026,2,15,18,2,2,11
22,26,2026,2,15,16,2,4,9
22,31,2026,2,15,14,2,7,4
22,36,2026,2,15,16,2,1,5
22,46,2026,2,15,18,5,1,9
22,58,2026,2,15,19,4,5,8
23,0,2026,2,15,19,3,0,11
23,12,2026,2,15,18,2,3,10
23,26,2026,2,15,16,3,2,11
23,31,2026,2,15,14,2,8,5
23,36,2026,2,15,16,2,0,7
23,46,2026,2,15,18,2,4,5
23,58,2026,2,15,19,0,5,0
6,0,2026,2,16,19,3,0,3
6,12,2026,2,16,18,2,1,4
6,26,2026,2,16,16,17,2,19
6,31,2026,2,16,14,19,3,35
6,36,2026,2,16,16,7,6,36
6,46,2026,2,16,18,4,16,24
6,58,2026,2,16,19,2,18,8
7,0,2026,2,16,19,5,0,13
7,12,2026,2,16,18,3,7,9
7,26,2026,2,16,16,12,2,19
7,31,2026,2,16,14,8,5,22
7,36,2026,2,16,16,20,1,41
7,46,2026,2,16,18,2,21,22
7,58,2026,2,16,19,2,20,4
8,0,2026,2,16,19,2,0,6
8,12,2026,2,16,18,1,4,3
8,26,2026,2,16,16,22,0,25
8,31,2026,2,16,14,17,3,39
8,36,2026,2,16,16,5,3,41
8,46,2026,2,16,18,5,20,26
8,58,2026,2,16,19,4,21,9
9,0,2026,2,16,19,3,0,12
9,12,2026,2,16,18,5,5,12
9,26,2026,2,16,16,3,0,15
9,31,2026,2,16,14,4,8,11
9,36,2026,2,16,16,5,0,16
9,46,2026,2,16,18,5,7,14
9,58,2026,2,16,19,2,12,4
10,0,2026,2,16,19,5,0,9
10,12,2026,2,16,18,3,2,10
10,26,2026,2,16,16,5,4,11
10,31,2026,2,16,14,3,9,5
10,36,2026,2,16,16,5,1,9
10,46,2026,2,16,18,5,3,11
10,58,2026,2,16,19,6,6,11
11,0,2026,2,16,19,2,0,13
11,12,2026,2,16,18,5,2,16
11,26,2026,2,16,16,5,6,15
11,31,2026,2,16,14,5,10,10
11,36,2026,2,16,16,4,1,13
11,46,2026,2,16,18,5,5,13
11,58,2026,2,16,19,3,9,7
12,0,2026,2,16,19,2,0,9
12,12,2026,2,16,18,2,0,11
12,26,2026,2,16,16,3,5,9
12,31,2026,2,16,14,4,6,7
12,36,2026,2,16,16,3,0,10
12,46,2026,2,16,18,5,5,10
12,58,2026,2,16,19,4,5,9
13,0,2026,2,16,19,24,0,33
13,12,2026,2,16,18,18,4,47
13,26,2026,2,16,16,4,21,30
13,31,2026,2,16,14,6,21,15
13,36,2026,2,16,16,5,2,18
13,46,2026,2,16,18,11,4,25
13,58,2026,2,16,19,25,14,36
14,0,2026,2,16,19,30,0,66
14,12,2026,2,16,18,10,10,66
14,26,2026,2,16,16,6,26,46
14,31,2026,2,16,14,2,30,18
14,36,2026,2,16,16,5,1,22
14,46,2026,2,16,18,30,5,47
14,58,2026,2,16,19,29,17,59
15,0,2026,2,16,19,7,0,66
15,12,2026,2,16,18,11,11,66
15,26,2026,2,16,16,5,23,48
15,31,2026,2,16,14,2,32,18
15,36,2026,2,16,16,4,0,22
15,46,2026,2,16,18,16,6,32
15,58,2026,2,16,19,15,20,27
16,0,2026,2,16,19,5,0,32
16,12,2026,2,16,18,3,10,25
16,26,2026,2,16,16,5,11,19
16,31,2026,2,16,14,3,17,5
16,36,2026,2,16,16,2,1,6
16,46,2026,2,16,18,4,2,8
16,58,2026,2,16,19,3,4,7
17,0,2026,2,16,19,5,0,12
17,12,2026,2,16,18,2,3,11
17,26,2026,2,16,16,2,4,9
17,31,2026,2,16,14,4,7,6
17,36,2026,2,16,16,2,0,8
17,46,2026,2,16,18,2,4,6
17,58,2026,2,16,19,2,5,3
18,0,2026,2,16,19,5,0,8
18,12,2026,2,16,18,6,3,11
18,26,2026,2,16,16,3,4,10
18,31,2026,2,16,14,3,7,6
18,36,2026,2,16,16,3,0,9
18,46,2026,2,16,18,4,2,11
18,58,2026,2,16,19,4,8,7
19,0,2026,2,16,19,2,0,9
19,12,2026,2,16,18,3,1,11
19,26,2026,2,16,16,6,5,12
19,31,2026,2,16,14,6,9,9
19,36,2026,2,16,16,4,1,12
19,46,2026,2,16,18,2,5,9
19,58,2026,2,16,19,3,6,6
20,0,2026,2,16,19,5,0,11
20,12,2026,2,16,18,6,3,14
20,26,2026,2,16,16,5,5,14
20,31,2026,2,16,14,6,8,12
20,36,2026,2,16,16,5,0,17
20,46,2026,2,16,18,5,4,18
20,58,2026,2,16,19,4,10,12
21,0,2026,2,16,19,3,0,15
21,12,2026,2,16,18,4,2,17
21,26,2026,2,16,16,3,5,15
21,31,2026,2,16,14,2,10,7
21,36,2026,2,16,16,5,1,11
21,46,2026,2,16,18,6,1,16
21,58,2026,2,16,19,2,10,8
22,0,2026,2,16,19,2,0,10
22,12,2026,2,16,18,3,1,12
22,26,2026,2,16,16,6,6,12
22,31,2026,2,16,14,4,8,8
22,36,2026,2,16,16,4,2,10
22,46,2026,2,16,18,5,4,11
22,58,2026,2,16,19,6,5,12
23,0,2026,2,16,19,2,0,14
23,12,2026,2,16,18,5,2,17
23,26,2026,2,16,16,5,8,14
23,31,2026,2,16,14,3,9,8
23,36,2026,2,16,16,5,1,12
23,46,2026,2,16,18,4,6,10
23,58,2026,2,16,19,0,10,0
6,0,2026,2,17,19,4,0,4
6,12,2026,2,17,18,6,1,9
6,26,2026,2,17,16,14,3,20
6,31,2026,2,17,14,6,7,19
6,36,2026,2,17,16,21,1,39
6,46,2026,2,17,18,4,9,34
6,58,2026,2,17,19,2,26,10
7,0,2026,2,17,19,2,0,12
7,12,2026,2,17,18,2,3,11
7,26,2026,2,17,16,8,3,16
7,31,2026,2,17,14,13,6,23
7,36,2026,2,17,16,10,1,32
7,46,2026,2,17,18,1,16,17
7,58,2026,2,17,19,3,17,3
8,0,2026,2,17,19,2,0,5
8,12,2026,2,17,18,4,4,5
8,26,2026,2,17,16,18,0,23
8,31,2026,2,17,14,17,3,37
8,36,2026,2,17,16,17,0,54
8,46,2026,2,17,18,5,31,28
8,58,2026,2,17,19,2,21,9
9,0,2026,2,17,19,2,0,11
9,12,2026,2,17,18,2,4,9
9,26,2026,2,17,16,3,0,12
9,31,2026,2,17,14,3,7,8
9,36,2026,2,17,16,5,0,13
9,46,2026,2,17,18,3,6,10
9,58,2026,2,17,19,5,10,5
10,0,2026,2,17,19,5,0,10
10,12,2026,2,17,18,6,4,12
10,26,2026,2,17,16,2,7,7
10,31,2026,2,17,14,3,5,5
10,36,2026,2,17,16,2,0,7
10,46,2026,2,17,18,2,4,5
10,58,2026,2,17,19,3,3,5
11,0,2026,2,17,19,3,0,8
11,12,2026,2,17,18,5,1,12
11,26,2026,2,17,16,3,4,11
11,31,2026,2,17,14,5,8,8
11,36,2026,2,17,16,2,0,10
11,46,2026,2,17,18,2,3,9
11,58,2026,2,17,19,2,8,3
12,0,2026,2,17,19,6,0,9
12,12,2026,2,17,18,3,3,9
12,26,2026,2,17,16,4,3,10
12,31,2026,2,17,14,5,8,7
12,36,2026,2,17,16,4,3,8
12,46,2026,2,17,18,2,5,5
12,58,2026,2,17,19,2,0,7
13,0,2026,2,17,19,29,0,36
13,12,2026,2,17,18,29,10,55
13,26,2026,2,17,16,2,20,37
13,31,2026,2,17,14,4,29,12
13,36,2026,2,17,16,5,4,13
13,46,2026,2,17,18,17,1,29
13,58,2026,2,17,19,29,13,45
14,0,2026,2,17,19,21,0,66
14,12,2026,2,17,18,13,13,66
14,26,2026,2,17,16,5,22,49
14,31,2026,2,17,14,2,31,20
14,36,2026,2,17,16,2,0,22
14,46,2026,2,17,18,17,4,35
14,58,2026,2,17,19,17,23,29
15,0,2026,2,17,19,26,0,55
15,12,2026,2,17,18,19,8,66
15,26,2026,2,17,16,4,28,42
15,31,2026,2,17,14,4,29,17
15,36,2026,2,17,16,2,3,16
15,46,2026,2,17,18,10,3,23
15,58,2026,2,17,19,18,14,27
16,0,2026,2,17,19,6,0,33
16,12,2026,2,17,18,5,7,31
16,26,2026,2,17,16,6,16,21
16,31,2026,2,17,14,3,16,8
16,36,2026,2,17,16,3,1,10
16,46,2026,2,17,18,6,1,15
16,58,2026,2,17,19,2,8,9
17,0,2026,2,17,19,5,0,14
17,12,2026,2,17,18,2,3,13
17,26,2026,2,17,16,4,7,10
17,31,2026,2,17,14,4,6,8
17,36,2026,2,17,16,2,0,10
17,46,2026,2,17,18,4,3,11
17,58,2026,2,17,19,4,8,7
18,0,2026,2,17,19,6,0,13
18,12,2026,2,17,18,2,3,12
18,26,2026,2,17,16,3,5,10
18,31,2026,2,17,14,3,6,7
18,36,2026,2,17,16,2,0,9
18,46,2026,2,17,18,3,2,10
18,58,2026,2,17,19,5,8,7
19,0,2026,2,17,19,3,0,10
19,12,2026,2,17,18,3,5,8
19,26,2026,2,17,16,6,4,10
19,31,2026,2,17,14,6,6,10
19,36,2026,2,17,16,6,1,15
19,46,2026,2,17,18,5,7,13
19,58,2026,2,17,19,4,8,9
20,0,2026,2,17,19,4,0,13
20,12,2026,2,17,18,2,1,14
20,26,2026,2,17,16,2,6,10
20,31,2026,2,17,14,3,9,4
20,36,2026,2,17,16,5,1,8
20,46,2026,2,17,18,5,1,12
20,58,2026,2,17,19,6,6,12
21,0,2026,2,17,19,2,0,14
21,12,2026,2,17,18,4,2,16
21,26,2026,2,17,16,5,7,14
21,31,2026,2,17,14,2,10,6
21,36,2026,2,17,16,5,1,10
21,46,2026,2,17,18,6,4,12
21,58,2026,2,17,19,2,6,8
22,0,2026,2,17,19,5,0,13
22,12,2026,2,17,18,2,4,11
22,26,2026,2,17,16,5,3,13
22,31,2026,2,17,14,3,9,7
22,36,2026,2,17,16,3,2,8
22,46,2026,2,17,18,4,5,7
22,58,2026,2,17,19,2,5,4
23,0,2026,2,17,19,4,0,8
23,12,2026,2,17,18,4,2,10
23,26,2026,2,17,16,6,6,10
23,31,2026,2,17,14,3,7,6
23,36,2026,2,17,16,2,0,8
23,46,2026,2,17,18,2,3,7
23,58,2026,2,17,19,0,7,0
6,0,2026,2,18,19,3,0,3
6,12,2026,2,18,18,5,1,7
6,26,2026,2,18,16,12,2,17
6,31,2026,2,18,14,15,5,27
6,36,2026,2,18,16,21,6,42
6,46,2026,2,18,18,2,19,25
6,58,2026,2,18,19,4,20,9
7,0,2026,2,18,19,4,0,13
7,12,2026,2,18,18,5,6,12
7,26,2026,2,18,16,12,3,21
7,31,2026,2,18,14,10,5,26
7,36,2026,2,18,16,19,0,45
7,46,2026,2,18,18,5,27,23
7,58,2026,2,18,19,2,21,4
8,0,2026,2,18,19,1,0,5
8,12,2026,2,18,18,5,2,8
8,26,2026,2,18,16,6,3,11
8,31,2026,2,18,14,11,2,20
8,36,2026,2,18,16,8,0,28
8,46,2026,2,18,18,3,11,20
8,58,2026,2,18,19,4,19,5
9,0,2026,2,18,19,1,0,6
9,12,2026,2,18,18,2,3,5
9,26,2026,2,18,16,4,2,7
9,31,2026,2,18,14,2,1,8
9,36,2026,2,18,16,5,1,12
9,46,2026,2,18,18,5,6,11
9,58,2026,2,18,19,3,10,4
10,0,2026,2,18,19,3,0,7
10,12,2026,2,18,18,4,0,11
10,26,2026,2,18,16,6,7,10
10,31,2026,2,18,14,3,3,10
10,36,2026,2,18,16,5,2,13
10,46,2026,2,18,18,5,5,13
10,58,2026,2,18,19,4,8,9
11,0,2026,2,18,19,4,0,13
11,12,2026,2,18,18,3,2,14
11,26,2026,2,18,16,6,4,16
11,31,2026,2,18,14,4,10,10
11,36,2026,2,18,16,5,3,12
11,46,2026,2,18,18,4,4,12
11,58,2026,2,18,19,3,8,7
12,0,2026,2,18,19,5,0,12
12,12,2026,2,18,18,2,3,11
12,26,2026,2,18,16,5,3,13
12,31,2026,2,18,14,6,8,11
12,36,2026,2,18,16,3,0,14
12,46,2026,2,18,18,6,7,13
12,58,2026,2,18,19,4,9,8
13,0,2026,2,18,19,17,0,25
13,12,2026,2,18,18,31,4,52
13,26,2026,2,18,16,4,25,31
13,31,2026,2,18,14,2,22,11
13,36,2026,2,18,16,3,0,14
13,46,2026,2,18,18,30,5,39
13,58,2026,2,18,19,13,15,37
14,0,2026,2,18,19,14,0,51
14,12,2026,2,18,18,10,7,54
14,26,2026,2,18,16,2,23,33
14,31,2026,2,18,14,5,21,17
14,36,2026,2,18,16,6,1,22
14,46,2026,2,18,18,8,3,27
14,58,2026,2,18,19,19,16,30
15,0,2026,2,18,19,14,0,44
15,12,2026,2,18,18,22,9,57
15,26,2026,2,18,16,3,22,38
15,31,2026,2,18,14,5,24,19
15,36,2026,2,18,16,3,3,19
15,46,2026,2,18,18,30,6,43
15,58,2026,2,18,19,15,21,37
16,0,2026,2,18,19,5,0,42
16,12,2026,2,18,18,4,8,38
16,26,2026,2,18,16,3,14,27
16,31,2026,2,18,14,3,20,10
16,36,2026,2,18,16,6,1,15
16,46,2026,2,18,18,4,3,16
16,58,2026,2,18,19,2,8,10
17,0,2026,2,18,19,3,0,13
17,12,2026,2,18,18,4,1,16
17,26,2026,2,18,16,3,10,9
17,31,2026,2,18,14,5,6,8
17,36,2026,2,18,16,3,2,9
17,46,2026,2,18,18,6,3,12
17,58,2026,2,18,19,5,8,9
18,0,2026,2,18,19,6,0,15
18,12,2026,2,18,18,2,1,16
18,26,2026,2,18,16,2,4,14
18,31,2026,2,18,14,4,12,6
18,36,2026,2,18,16,6,2,10
18,46,2026,2,18,18,4,8,6
18,58,2026,2,18,19,6,4,8
19,0,2026,2,18,19,4,0,12
19,12,2026,2,18,18,5,4,13
19,26,2026,2,18,16,6,5,14
19,31,2026,2,18,14,2,9,7
19,36,2026,2,18,16,3,1,9
19,46,2026,2,18,18,4,4,9
19,58,2026,2,18,19,3,6,6
20,0,2026,2,18,19,6,0,12
20,12,2026,2,18,18,5,4,13
20,26,2026,2,18,16,2,6,9
20,31,2026,2,18,14,4,8,5
20,36,2026,2,18,16,5,1,9
20,46,2026,2,18,18,6,4,11
20,58,2026,2,18,19,3,4,10
21,0,2026,2,18,19,4,0,14
21,12,2026,2,18,18,6,1,19
21,26,2026,2,18,16,3,5,17
21,31,2026,2,18,14,5,13,9
21,36,2026,2,18,16,5,2,12
21,46,2026,2,18,18,4,4,12
21,58,2026,2,18,19,5,8,9
22,0,2026,2,18,19,3,0,12
22,12,2026,2,18,18,3,3,12
22,26,2026,2,18,16,2,5,9
22,31,2026,2,18,14,4,7,6
22,36,2026,2,18,16,5,1,10
22,46,2026,2,18,18,3,3,10
22,58,2026,2,18,19,2,4,8
23,0,2026,2,18,19,3,0,11
23,12,2026,2,18,18,2,4,9
23,26,2026,2,18,16,4,3,10
23,31,2026,2,18,14,2,7,5
23,36,2026,2,18,16,5,1,9
23,46,2026,2,18,18,5,4,10
23,58,2026,2,18,19,0,10,0
6,0,2026,2,19,19,6,0,6
6,12,2026,2,19,18,4,2,8
6,26,2026,2,19,16,21,3,26
6,31,2026,2,19,14,21,12,35
6,36,2026,2,19,16,8,11,32
6,46,2026,2,19,18,3,18,17
6,58,2026,2,19,19,5,13,9
7,0,2026,2,19,19,1,0,10
7,12,2026,2,19,18,2,6,6
7,26,2026,2,19,16,20,2,24
7,31,2026,2,19,14,22,3,43
7,36,2026,2,19,16,8,0,51
7,46,2026,2,19,18,3,25,29
7,58,2026,2,19,19,4,25,8
8,0,2026,2,19,19,4,0,12
8,12,2026,2,19,18,3,7,8
8,26,2026,2,19,16,14,2,20
8,31,2026,2,19,14,8,4,24
8,36,2026,2,19,16,6,1,29
8,46,2026,2,19,18,4,9,24
8,58,2026,2,19,19,1,20,5
9,0,2026,2,19,19,5,0,10
9,12,2026,2,19,18,4,5,9
9,26,2026,2,19,16,6,3,12
9,31,2026,2,19,14,5,3,14
9,36,2026,2,19,16,3,0,17
9,46,2026,2,19,18,2,10,9
9,58,2026,2,19,19,1,9,1
10,0,2026,2,19,19,3,0,4
10,12,2026,2,19,18,5,3,6
10,26,2026,2,19,16,5,3,8
10,31,2026,2,19,14,2,2,8
10,36,2026,2,19,16,4,0,12
10,46,2026,2,19,18,5,1,16
10,58,2026,2,19,19,5,13,8
11,0,2026,2,19,19,5,0,13
11,12,2026,2,19,18,6,4,15
11,26,2026,2,19,16,3,5,13
11,31,2026,2,19,14,3,9,7
11,36,2026,2,19,16,3,1,9
11,46,2026,2,19,18,4,4,9
11,58,2026,2,19,19,2,7,4
12,0,2026,2,19,19,2,0,6
12,12,2026,2,19,18,5,0,11
12,26,2026,2,19,16,2,4,9
12,31,2026,2,19,14,5,6,8
12,36,2026,2,19,16,6,3,11
12,46,2026,2,19,18,3,4,10
12,58,2026,2,19,19,6,4,12
13,0,2026,2,19,19,31,0,43
13,12,2026,2,19,18,31,9,65
13,26,2026,2,19,16,5,27,43
13,31,2026,2,19,14,2,34,11
13,36,2026,2,19,16,4,0,15
13,46,2026,2,19,18,19,2,32
13,58,2026,2,19,19,19,16,35
14,0,2026,2,19,19,11,0,46
14,12,2026,2,19,18,29,9,66
14,26,2026,2,19,16,5,20,51
14,31,2026,2,19,14,3,34,20
14,36,2026,2,19,16,2,3,19
14,46,2026,2,19,18,21,2,38
14,58,2026,2,19,19,15,18,35
15,0,2026,2,19,19,26,0,61
15,12,2026,2,19,18,13,10,64
15,26,2026,2,19,16,2,31,35
15,31,2026,2,19,14,2,20,17
15,36,2026,2,19,16,3,1,19
15,46,2026,2,19,18,21,3,37
15,58,2026,2,19,19,26,20,43
16,0,2026,2,19,19,5,0,48
16,12,2026,2,19,18,6,11,43
16,26,2026,2,19,16,5,22,26
16,31,2026,2,19,14,2,18,10
16,36,2026,2,19,16,3,1,12
16,46,2026,2,19,18,2,4,10
16,58,2026,2,19,19,6,9,7
17,0,2026,2,19,19,5,0,12
17,12,2026,2,19,18,2,5,9
17,26,2026,2,19,16,5,2,12
17,31,2026,2,19,14,4,7,9
17,36,2026,2,19,16,5,0,14
17,46,2026,2,19,18,3,6,11
17,58,2026,2,19,19,3,6,8
18,0,2026,2,19,19,4,0,12
18,12,2026,2,19,18,2,4,10
18,26,2026,2,19,16,4,2,12
18,31,2026,2,19,14,3,9,6
18,36,2026,2,19,16,5,0,11
18,46,2026,2,19,18,6,5,12
18,58,2026,2,19,19,4,4,12
19,0,2026,2,19,19,2,0,14
19,12,2026,2,19,18,4,3,15
19,26,2026,2,19,16,3,5,13
19,31,2026,2,19,14,2,10,5
19,36,2026,2,19,16,4,0,9
19,46,2026,2,19,18,3,0,12
19,58,2026,2,19,19,3,9,6
20,0,2026,2,19,19,5,0,11
20,12,2026,2,19,18,4,5,10
20,26,2026,2,19,16,5,3,12
20,31,2026,2,19,14,4,4,12
20,36,2026,2,19,16,4,2,14
20,46,2026,2,19,18,2,5,11
20,58,2026,2,19,19,6,11,6
21,0,2026,2,19,19,6,0,12
21,12,2026,2,19,18,3,6,9
21,26,2026,2,19,16,6,4,11
21,31,2026,2,19,14,4,6,9
21,36,2026,2,19,16,2,1,10
21,46,2026,2,19,18,3,4,9
21,58,2026,2,19,19,5,7,7
22,0,2026,2,19,19,3,0,10
22,12,2026,2,19,18,2,0,12
22,26,2026,2,19,16,3,6,9
22,31,2026,2,19,14,6,4,11
22,36,2026,2,19,16,2,2,11
22,46,2026,2,19,18,5,4,12
22,58,2026,2,19,19,5,5,12
23,0,2026,2,19,19,2,0,14
23,12,2026,2,19,18,6,3,17
23,26,2026,2,19,16,6,6,17
23,31,2026,2,19,14,2,9,10
23,36,2026,2,19,16,6,0,16
23,46,2026,2,19,18,4,4,16
23,58,2026,2,19,19,0,16,0
6,0,2026,2,20,19,6,0,6
6,12,2026,2,20,18,5,1,10
6,26,2026,2,20,16,15,2,23
6,31,2026,2,20,14,16,9,30
6,36,2026,2,20,16,14,6,38
6,46,2026,2,20,18,6,13,31
6,58,2026,2,20,19,6,23,14
7,0,2026,2,20,19,5,0,19
7,12,2026,2,20,18,3,9,13
7,26,2026,2,20,16,11,1,23
7,31,2026,2,20,14,14,9,28
7,36,2026,2,20,16,22,0,50
7,46,2026,2,20,18,1,29,22
7,58,2026,2,20,19,1,20,3
8,0,2026,2,20,19,2,0,5
8,12,2026,2,20,18,3,2,6
8,26,2026,2,20,16,22,0,28
8,31,2026,2,20,14,20,3,45
8,36,2026,2,20,16,18,2,61
8,46,2026,2,20,18,2,35,28
8,58,2026,2,20,19,4,25,7
9,0,2026,2,20,19,3,0,10
9,12,2026,2,20,18,3,6,7
9,26,2026,2,20,16,4,0,11
9,31,2026,2,20,14,4,5,10
9,36,2026,2,20,16,2,0,12
9,46,2026,2,20,18,3,5,10
9,58,2026,2,20,19,4,8,6
10,0,2026,2,20,19,3,0,9
10,12,2026,2,20,18,4,1,12
10,26,2026,2,20,16,5,4,13
10,31,2026,2,20,14,5,7,11
10,36,2026,2,20,16,4,2,13
10,46,2026,2,20,18,5,4,14
10,58,2026,2,20,19,5,8,11
11,0,2026,2,20,19,4,0,15
11,12,2026,2,20,18,3,4,14
11,26,2026,2,20,16,3,8,9
11,31,2026,2,20,14,6,7,8
11,36,2026,2,20,16,5,3,10
11,46,2026,2,20,18,5,4,11
11,58,2026,2,20,19,5,7,9
12,0,2026,2,20,19,3,0,12
12,12,2026,2,20,18,4,3,13
12,26,2026,2,20,16,2,7,8
12,31,2026,2,20,14,6,7,7
12,36,2026,2,20,16,6,0,13
12,46,2026,2,20,18,6,8,11
12,58,2026,2,20,19,3,5,9
13,0,2026,2,20,19,23,0,32
13,12,2026,2,20,18,13,8,37
13,26,2026,2,20,16,5,16,26
13,31,2026,2,20,14,2,20,8
13,36,2026,2,20,16,5,1,12
13,46,2026,2,20,18,24,6,30
13,58,2026,2,20,19,21,9,42
14,0,2026,2,20,19,15,0,57
14,12,2026,2,20,18,10,15,52
14,26,2026,2,20,16,3,26,29
14,31,2026,2,20,14,3,25,7
14,36,2026,2,20,16,6,0,13
14,46,2026,2,20,18,7,3,17
14,58,2026,2,20,19,26,8,35
15,0,2026,2,20,19,23,0,58
15,12,2026,2,20,18,15,7,66
15,26,2026,2,20,16,5,22,49
15,31,2026,2,20,14,4,29,24
15,36,2026,2,20,16,6,0,30
15,46,2026,2,20,18,15,6,39
15,58,2026,2,20,19,25,21,43
16,0,2026,2,20,19,5,0,48
16,12,2026,2,20,18,5,9,44
16,26,2026,2,20,16,5,19,30
16,31,2026,2,20,14,4,21,13
16,36,2026,2,20,16,2,1,14
16,46,2026,2,20,18,5,4,15
16,58,2026,2,20,19,6,11,10
17,0,2026,2,20,19,3,0,13
17,12,2026,2,20,18,5,3,15
17,26,2026,2,20,16,4,9,10
17,31,2026,2,20,14,3,7,6
17,36,2026,2,20,16,5,1,10
17,46,2026,2,20,18,5,3,12
17,58,2026,2,20,19,5,7,10
18,0,2026,2,20,19,3,0,13
18,12,2026,2,20,18,3,3,13
18,26,2026,2,20,16,3,4,12
18,31,2026,2,20,14,6,7,11
18,36,2026,2,20,16,4,4,11
18,46,2026,2,20,18,2,6,7
18,58,2026,2,20,19,6,7,6
19,0,2026,2,20,19,5,0,11
19,12,2026,2,20,18,2,6,7
19,26,2026,2,20,16,5,1,11
19,31,2026,2,20,14,3,6,8
19,36,2026,2,20,16,6,1,13
19,46,2026,2,20,18,3,4,12
19,58,2026,2,20,19,2,7,7
20,0,2026,2,20,19,2,0,9
20,12,2026,2,20,18,6,3,12
20,26,2026,2,20,16,5,3,14
20,31,2026,2,20,14,3,7,10
20,36,2026,2,20,16,5,2,13
20,46,2026,2,20,18,4,3,14
20,58,2026,2,20,19,5,10,9
21,0,2026,2,20,19,3,0,12
21,12,2026,2,20,18,2,2,12
21,26,2026,2,20,16,2,4,10
21,31,2026,2,20,14,6,7,9
21,36,2026,2,20,16,3,2,10
21,46,2026,2,20,18,6,3,13
21,58,2026,2,20,19,6,7,12
22,0,2026,2,20,19,2,0,14
22,12,2026,2,20,18,6,4,16
22,26,2026,2,20,16,2,5,13
22,31,2026,2,20,14,3,7,9
22,36,2026,2,20,16,6,1,14
22,46,2026,2,20,18,6,3,17
22,58,2026,2,20,19,4,10,11
23,0,2026,2,20,19,2,0,13
23,12,2026,2,20,18,5,2,16
23,26,2026,2,20,16,5,6,15
23,31,2026,2,20,14,3,9,9
23,36,2026,2,20,16,6,2,13
23,46,2026,2,20,18,2,6,9
23,58,2026,2,20,19,0,9,0
6,0,2026,2,21,19,6,0,6
6,12,2026,2,21,18,6,0,12
6,26,2026,2,21,16,8,4,16
6,31,2026,2,21,14,9,9,16
6,36,2026,2,21,16,18,3,31
6,46,2026,2,21,18,2,15,18
6,58,2026,2,21,19,2,11,9
7,0,2026,2,21,19,1,0,10
7,12,2026,2,21,18,1,2,9
7,26,2026,2,21,16,17,0,26
7,31,2026,2,21,14,10,9,27
7,36,2026,2,21,16,22,0,49
7,46,2026,2,21,18,5,24,30
7,58,2026,2,21,19,1,25,6
8,0,2026,2,21,19,4,0,10
8,12,2026,2,21,18,1,5,6
8,26,2026,2,21,16,12,2,16
8,31,2026,2,21,14,20,5,31
8,36,2026,2,21,16,15,0,46
8,46,2026,2,21,18,4,24,26
8,58,2026,2,21,19,5,22,9
9,0,2026,2,21,19,4,0,13
9,12,2026,2,21,18,2,7,8
9,26,2026,2,21,16,6,2,12
9,31,2026,2,21,14,3,5,10
9,36,2026,2,21,16,6,0,16
9,46,2026,2,21,18,5,7,14
9,58,2026,2,21,19,5,11,8
10,0,2026,2,21,19,3,0,11
10,12,2026,2,21,18,5,2,14
10,26,2026,2,21,16,5,6,13
10,31,2026,2,21,14,6,7,12
10,36,2026,2,21,16,2,1,13
10,46,2026,2,21,18,6,5,14
10,58,2026,2,21,19,4,9,9
11,0,2026,2,21,19,5,0,14
11,12,2026,2,21,18,6,3,17
11,26,2026,2,21,16,3,7,13
11,31,2026,2,21,14,3,8,8
11,36,2026,2,21,16,6,0,14
11,46,2026,2,21,18,2,6,10
11,58,2026,2,21,19,3,5,8
12,0,2026,2,21,19,5,0,13
12,12,2026,2,21,18,6,1,18
12,26,2026,2,21,16,6,5,19
12,31,2026,2,21,14,5,13,11
12,36,2026,2,21,16,2,3,10
12,46,2026,2,21,18,6,3,13
12,58,2026,2,21,19,6,6,13
13,0,2026,2,21,19,30,0,43
13,12,2026,2,21,18,15,8,50
13,26,2026,2,21,16,6,16,40
13,31,2026,2,21,14,5,26,19
13,36,2026,2,21,16,5,3,21
13,46,2026,2,21,18,31,5,47
13,58,2026,2,21,19,14,19,42
14,0,2026,2,21,19,24,0,66
14,12,2026,2,21,18,13,13,66
14,26,2026,2,21,16,2,31,37
14,31,2026,2,21,14,6,22,21
14,36,2026,2,21,16,3,2,22
14,46,2026,2,21,18,28,6,44
14,58,2026,2,21,19,30,20,54
15,0,2026,2,21,19,12,0,66
15,12,2026,2,21,18,18,18,66
15,26,2026,2,21,16,3,24,45
15,31,2026,2,21,14,5,24,26
15,36,2026,2,21,16,5,5,26
15,46,2026,2,21,18,24,4,46
15,58,2026,2,21,19,27,20,53
16,0,2026,2,21,19,5,0,58
16,12,2026,2,21,18,5,14,49
16,26,2026,2,21,16,3,28,24
16,31,2026,2,21,14,4,18,10
16,36,2026,2,21,16,6,2,14
16,46,2026,2,21,18,4,6,12
16,58,2026,2,21,19,5,12,5
17,0,2026,2,21,19,5,0,10
17,12,2026,2,21,18,5,4,11
17,26,2026,2,21,16,6,5,12
17,31,2026,2,21,14,6,6,12
17,36,2026,2,21,16,4,0,16
17,46,2026,2,21,18,2,5,13
17,58,2026,2,21,19,4,11,6
18,0,2026,2,21,19,5,0,11
18,12,2026,2,21,18,6,7,10
18,26,2026,2,21,16,5,4,11
18,31,2026,2,21,14,2,4,9
18,36,2026,2,21,16,4,1,12
18,46,2026,2,21,18,5,2,15
18,58,2026,2,21,19,6,9,12
19,0,2026,2,21,19,6,0,18
19,12,2026,2,21,18,5,4,19
19,26,2026,2,21,16,5,7,17
19,31,2026,2,21,14,5,11,11
19,36,2026,2,21,16,2,0,13
19,46,2026,2,21,18,6,4,15
19,58,2026,2,21,19,2,11,6
20,0,2026,2,21,19,3,0,9
20,12,2026,2,21,18,6,1,14
20,26,2026,2,21,16,5,8,11
20,31,2026,2,21,14,5,6,10
20,36,2026,2,21,16,4,1,13
20,46,2026,2,21,18,2,7,8
20,58,2026,2,21,19,4,8,4
21,0,2026,2,21,19,2,0,6
21,12,2026,2,21,18,2,2,6
21,26,2026,2,21,16,6,1,11
21,31,2026,2,21,14,4,5,10
21,36,2026,2,21,16,5,0,15
21,46,2026,2,21,18,6,9,12
21,58,2026,2,21,19,5,4,13
22,0,2026,2,21,19,2,0,15
22,12,2026,2,21,18,3,2,16
22,26,2026,2,21,16,5,9,12
22,31,2026,2,21,14,3,6,9
22,36,2026,2,21,16,4,1,12
22,46,2026,2,21,18,6,5,13
22,58,2026,2,21,19,5,9,9
23,0,2026,2,21,19,4,0,13
23,12,2026,2,21,18,6,5,14
23,26,2026,2,21,16,6,3,17
23,31,2026,2,21,14,2,12,7
23,36,2026,2,21,16,5,0,12
23,46,2026,2,21,18,2,5,9
23,58,2026,2,21,19,0,9,0
6,0,2026,2,22,19,2,0,2
6,12,2026,2,22,18,3,1,4
6,26,2026,2,22,16,15,1,18
6,31,2026,2,22,14,20,3,35
6,36,2026,2,22,16,6,5,36
6,46,2026,2,22,18,2,14,24
6,58,2026,2,22,19,4,21,7
7,0,2026,2,22,19,2,0,9
7,12,2026,2,22,18,1,3,7
7,26,2026,2,22,16,8,3,12
7,31,2026,2,22,14,12,5,19
7,36,2026,2,22,16,17,0,36
7,46,2026,2,22,18,5,17,24
7,58,2026,2,22,19,1,22,3
8,0,2026,2,22,19,4,0,7
8,12,2026,2,22,18,4,4,7
8,26,2026,2,22,16,22,2,27
8,31,2026,2,22,14,8,4,31
8,36,2026,2,22,16,5,0,36
8,46,2026,2,22,18,5,18,23
8,58,2026,2,22,19,4,22,5
9,0,2026,2,22,19,1,0,6
9,12,2026,2,22,18,4,5,5
9,26,2026,2,22,16,2,0,7
9,31,2026,2,22,14,2,1,8
9,36,2026,2,22,16,6,0,14
9,46,2026,2,22,18,3,3,14
9,58,2026,2,22,19,3,14,3
10,0,2026,2,22,19,5,0,8
10,12,2026,2,22,18,4,3,9
10,26,2026,2,22,16,5,5,9
10,31,2026,2,22,14,5,7,7
10,36,2026,2,22,16,3,2,8
10,46,2026,2,22,18,6,3,11
10,58,2026,2,22,19,3,8,6
11,0,2026,2,22,19,4,0,10
11,12,2026,2,22,18,4,2,12
11,26,2026,2,22,16,5,6,11
11,31,2026,2,22,14,3,6,8
11,36,2026,2,22,16,3,0,11
11,46,2026,2,22,18,5,4,12
11,58,2026,2,22,19,2,8,6
12,0,2026,2,22,19,4,0,10
12,12,2026,2,22,18,4,3,11
12,26,2026,2,22,16,6,8,9
12,31,2026,2,22,14,3,2,10
12,36,2026,2,22,16,4,1,13
12,46,2026,2,22,18,6,8,11
12,58,2026,2,22,19,3,8,6
13,0,2026,2,22,19,19,0,25
13,12,2026,2,22,18,19,2,42
13,26,2026,2,22,16,4,19,27
13,31,2026,2,22,14,4,20,11
13,36,2026,2,22,16,6,2,15
13,46,2026,2,22,18,29,7,37
13,58,2026,2,22,19,21,9,49
14,0,2026,2,22,19,17,0,66
14,12,2026,2,22,18,12,12,66
14,26,2026,2,22,16,5,25,46
14,31,2026,2,22,14,6,29,23
14,36,2026,2,22,16,5,3,25
14,46,2026,2,22,18,16,5,36
14,58,2026,2,22,19,25,24,37
15,0,2026,2,22,19,14,0,51
15,12,2026,2,22,18,22,7,66
15,26,2026,2,22,16,6,20,52
15,31,2026,2,22,14,3,24,31
15,36,2026,2,22,16,2,2,31
15,46,2026,2,22,18,13,8,36
15,58,2026,2,22,19,20,22,34
16,0,2026,2,22,19,2,0,36
16,12,2026,2,22,18,4,6,34
16,26,2026,2,22,16,3,18,19
16,31,2026,2,22,14,5,17,7
16,36,2026,2,22,16,5,0,12
16,46,2026,2,22,18,6,8,10
16,58,2026,2,22,19,3,7,6
17,0,2026,2,22,19,5,0,11
17,12,2026,2,22,18,4,2,13
17,26,2026,2,22,16,2,5,10
17,31,2026,2,22,14,4,6,8
17,36,2026,2,22,16,6,1,13
17,46,2026,2,22,18,4,0,17
17,58,2026,2,22,19,6,12,11
18,0,2026,2,22,19,4,0,15
18,12,2026,2,22,18,3,4,14
18,26,2026,2,22,16,4,7,11
18,31,2026,2,22,14,6,9,8
18,36,2026,2,22,16,2,2,8
18,46,2026,2,22,18,2,2,8
18,58,2026,2,22,19,3,6,5
19,0,2026,2,22,19,6,0,11
19,12,2026,2,22,18,3,3,11
19,26,2026,2,22,16,4,4,11
19,31,2026,2,22,14,4,4,11
19,36,2026,2,22,16,5,1,15
19,46,2026,2,22,18,5,5,15
19,58,2026,2,22,19,3,10,8
20,0,2026,2,22,19,4,0,12
20,12,2026,2,22,18,5,2,15
20,26,2026,2,22,16,5,9,11
20,31,2026,2,22,14,3,5,9
20,36,2026,2,22,16,6,0,15
20,46,2026,2,22,18,2,3,14
20,58,2026,2,22,19,4,12,6
21,0,2026,2,22,19,6,0,12
21,12,2026,2,22,18,6,5,13
21,26,2026,2,22,16,2,4,11
21,31,2026,2,22,14,3,8,6
21,36,2026,2,22,16,3,1,8
21,46,2026,2,22,18,3,3,8
21,58,2026,2,22,19,6,4,10
22,0,2026,2,22,19,2,0,12
22,12,2026,2,22,18,2,3,11
22,26,2026,2,22,16,2,4,9
22,31,2026,2,22,14,4,7,6
22,36,2026,2,22,16,3,3,6
22,46,2026,2,22,18,4,1,9
22,58,2026,2,22,19,5,4,10
23,0,2026,2,22,19,5,0,15
23,12,2026,2,22,18,6,2,19
23,26,2026,2,22,16,3,8,14
23,31,2026,2,22,14,4,10,8
23,36,2026,2,22,16,5,1,12
23,46,2026,2,22,18,2,3,11
23,58,2026,2,22,19,0,11,0
6,0,2026,2,23,19,4,0,4
6,12,2026,2,23,18,2,1,5
6,26,2026,2,23,16,15,2,18
6,31,2026,2,23,14,16,8,26
6,36,2026,2,23,16,13,2,37
6,46,2026,2,23,18,5,17,25
6,58,2026,2,23,19,3,19,9
7,0,2026,2,23,19,2,0,11
7,12,2026,2,23,18,1,4,8
7,26,2026,2,23,16,8,3,13
7,31,2026,2,23,14,20,4,29
7,36,2026,2,23,16,18,0,47
7,46,2026,2,23,18,4,26,25
7,58,2026,2,23,19,4,20,9
8,0,2026,2,23,19,5,0,14
8,12,2026,2,23,18,5,8,11
8,26,2026,2,23,16,18,3,26
8,31,2026,2,23,14,16,4,38
8,36,2026,2,23,16,17,0,55
8,46,2026,2,23,18,4,30,29
8,58,2026,2,23,19,3,24,8
9,0,2026,2,23,19,3,0,11
9,12,2026,2,23,18,5,5,11
9,26,2026,2,23,16,2,2,11
9,31,2026,2,23,14,6,4,13
9,36,2026,2,23,16,6,0,19
9,46,2026,2,23,18,5,6,18
9,58,2026,2,23,19,4,17,5
10,0,2026,2,23,19,6,0,11
10,12,2026,2,23,18,2,5,8
10,26,2026,2,23,16,3,5,6
10,31,2026,2,23,14,3,4,5
10,36,2026,2,23,16,5,2,8
10,46,2026,2,23,18,3,3,8
10,58,2026,2,23,19,4,5,7
11,0,2026,2,23,19,4,0,11
11,12,2026,2,23,18,6,2,15
11,26,2026,2,23,16,6,6,15
11,31,2026,2,23,14,3,10,8
11,36,2026,2,23,16,6,0,14
11,46,2026,2,23,18,2,2,14
11,58,2026,2,23,19,5,11,8
12,0,2026,2,23,19,2,0,10
12,12,2026,2,23,18,5,2,13
12,26,2026,2,23,16,5,5,13
12,31,2026,2,23,14,3,10,6
12,36,2026,2,23,16,2,1,7
12,46,2026,2,23,18,5,4,8
12,58,2026,2,23,19,6,4,10
13,0,2026,2,23,19,32,0,42
13,12,2026,2,23,18,17,6,53
13,26,2026,2,23,16,3,25,31
13,31,2026,2,23,14,5,20,16
13,36,2026,2,23,16,2,3,15
13,46,2026,2,23,18,17,4,28
13,58,2026,2,23,19,24,14,38
14,0,2026,2,23,19,13,0,51
14,12,2026,2,23,18,21,6,66
14,26,2026,2,23,16,5,23,48
14,31,2026,2,23,14,3,22,29
14,36,2026,2,23,16,3,3,29
14,46,2026,2,23,18,21,5,45
14,58,2026,2,23,19,9,21,33
15,0,2026,2,23,19,11,0,44
15,12,2026,2,23,18,24,2,66
15,26,2026,2,23,16,5,30,41
15,31,2026,2,23,14,2,24,19
15,36,2026,2,23,16,3,1,21
15,46,2026,2,23,18,21,4,38
15,58,2026,2,23,19,28,23,43
16,0,2026,2,23,19,2,0,45
16,12,2026,2,23,18,3,12,36
16,26,2026,2,23,16,5,18,23
16,31,2026,2,23,14,3,18,8
16,36,2026,2,23,16,6,2,12
16,46,2026,2,23,18,4,3,13
16,58,2026,2,23,19,5,7,11
17,0,2026,2,23,19,4,0,15
17,12,2026,2,23,18,3,5,13
17,26,2026,2,23,16,2,7,8
17,31,2026,2,23,14,5,7,6
17,36,2026,2,23,16,3,2,7
17,46,2026,2,23,18,4,2,9
17,58,2026,2,23,19,2,4,7
18,0,2026,2,23,19,6,0,13
18,12,2026,2,23,18,2,2,13
18,26,2026,2,23,16,6,3,16
18,31,2026,2,23,14,3,11,8
18,36,2026,2,23,16,6,2,12
18,46,2026,2,23,18,6,5,13
18,58,2026,2,23,19,5,6,12
19,0,2026,2,23,19,2,0,14
19,12,2026,2,23,18,2,1,15
19,26,2026,2,23,16,4,4,15
19,31,2026,2,23,14,2,11,6
19,36,2026,2,23,16,5,1,10
19,46,2026,2,23,18,3,4,9
19,58,2026,2,23,19,5,4,10
20,0,2026,2,23,19,3,0,13
20,12,2026,2,23,18,6,3,16
20,26,2026,2,23,16,4,8,12
20,31,2026,2,23,14,6,8,10
20,36,2026,2,23,16,5,2,13
20,46,2026,2,23,18,4,4,13
20,58,2026,2,23,19,5,7,11
21,0,2026,2,23,19,4,0,15
21,12,2026,2,23,18,5,3,17
21,26,2026,2,23,16,2,5,14
21,31,2026,2,23,14,3,9,8
21,36,2026,2,23,16,3,0,11
21,46,2026,2,23,18,3,1,13
21,58,2026,2,23,19,3,8,8
22,0,2026,2,23,19,6,0,14
22,12,2026,2,23,18,5,4,15
22,26,2026,2,23,16,6,4,17
22,31,2026,2,23,14,6,11,12
22,36,2026,2,23,16,4,2,14
22,46,2026,2,23,18,5,4,15
22,58,2026,2,23,19,3,9,9
23,0,2026,2,23,19,6,0,15
23,12,2026,2,23,18,6,4,17
23,26,2026,2,23,16,5,5,17
23,31,2026,2,23,14,4,12,9
23,36,2026,2,23,16,6,1,14
23,46,2026,2,23,18,3,8,9
23,58,2026,2,23,19,0,9,0
6,0,2026,2,24,19,3,0,3
6,12,2026,2,24,18,3,0,6
6,26,2026,2,24,16,17,4,19
6,31,2026,2,24,14,18,7,30
6,36,2026,2,24,16,5,9,26
6,46,2026,2,24,18,3,15,14
6,58,2026,2,24,19,5,10,9
7,0,2026,2,24,19,4,0,13
7,12,2026,2,24,18,3,5,11
7,26,2026,2,24,16,6,4,13
7,31,2026,2,24,14,13,5,21
7,36,2026,2,24,16,10,1,30
7,46,2026,2,24,18,4,8,26
7,58,2026,2,24,19,1,21,6
8,0,2026,2,24,19,4,0,10
8,12,2026,2,24,18,5,4,11
8,26,2026,2,24,16,10,4,17
8,31,2026,2,24,14,6,2,21
8,36,2026,2,24,16,14,1,34
8,46,2026,2,24,18,5,10,29
8,58,2026,2,24,19,2,22,9
9,0,2026,2,24,19,4,0,13
9,12,2026,2,24,18,2,5,10
9,26,2026,2,24,16,3,5,8
9,31,2026,2,24,14,3,4,7
9,36,2026,2,24,16,6,0,13
9,46,2026,2,24,18,1,8,6
9,58,2026,2,24,19,2,6,2
10,0,2026,2,24,19,6,0,8
10,12,2026,2,24,18,6,2,12
10,26,2026,2,24,16,3,4,11
10,31,2026,2,24,14,4,8,7
10,36,2026,2,24,16,6,1,12
10,46,2026,2,24,18,2,2,12
10,58,2026,2,24,19,6,10,8
11,0,2026,2,24,19,6,0,14
11,12,2026,2,24,18,5,4,15
11,26,2026,2,24,16,6,7,14
11,31,2026,2,24,14,3,8,9
11,36,2026,2,24,16,4,1,12
11,46,2026,2,24,18,5,7,10
11,58,2026,2,24,19,4,5,9
12,0,2026,2,24,19,4,0,13
12,12,2026,2,24,18,6,2,17
12,26,2026,2,24,16,5,6,16
12,31,2026,2,24,14,6,10,12
12,36,2026,2,24,16,6,1,17
12,46,2026,2,24,18,6,6,17
12,58,2026,2,24,19,5,12,10
13,0,2026,2,24,19,10,0,20
13,12,2026,2,24,18,20,2,38
13,26,2026,2,24,16,5,18,25
13,31,2026,2,24,14,5,17,13
13,36,2026,2,24,16,4,1,16
13,46,2026,2,24,18,27,4,39
13,58,2026,2,24,19,9,16,32
14,0,2026,2,24,19,29,0,61
14,12,2026,2,24,18,13,11,63
14,26,2026,2,24,16,5,22,46
14,31,2026,2,24,14,2,28,20
14,36,2026,2,24,16,6,2,24
14,46,2026,2,24,18,22,3,43
14,58,2026,2,24,19,27,23,47
15,0,2026,2,24,19,19,0,66
15,12,2026,2,24,18,15,15,66
15,26,2026,2,24,16,3,31,38
15,31,2026,2,24,14,5,20,23
15,36,2026,2,24,16,2,1,24
15,46,2026,2,24,18,12,5,31
15,58,2026,2,24,19,13,20,24
16,0,2026,2,24,19,4,0,28
16,12,2026,2,24,18,3,2,29
16,26,2026,2,24,16,6,8,27
16,31,2026,2,24,14,3,21,9
16,36,2026,2,24,16,2,1,10
16,46,2026,2,24,18,2,2,10
16,58,2026,2,24,19,6,8,8
17,0,2026,2,24,19,4,0,12
17,12,2026,2,24,18,6,5,13
17,26,2026,2,24,16,3,4,12
17,31,2026,2,24,14,2,7,7
17,36,2026,2,24,16,2,0,9
17,46,2026,2,24,18,6,5,10
17,58,2026,2,24,19,3,5,8
18,0,2026,2,24,19,6,0,14
18,12,2026,2,24,18,3,1,16
18,26,2026,2,24,16,3,9,10
18,31,2026,2,24,14,4,7,7
18,36,2026,2,24,16,4,4,7
18,46,2026,2,24,18,4,4,7
18,58,2026,2,24,19,4,2,9
19,0,2026,2,24,19,3,0,12
19,12,2026,2,24,18,6,2,16
19,26,2026,2,24,16,2,6,12
19,31,2026,2,24,14,6,7,11
19,36,2026,2,24,16,6,3,14
19,46,2026,2,24,18,4,2,16
19,58,2026,2,24,19,3,13,6
20,0,2026,2,24,19,3,0,9
20,12,2026,2,24,18,2,1,10
20,26,2026,2,24,16,4,5,9
20,31,2026,2,24,14,3,6,6
20,36,2026,2,24,16,6,0,12
20,46,2026,2,24,18,2,3,11
20,58,2026,2,24,19,6,6,11
21,0,2026,2,24,19,6,0,17
21,12,2026,2,24,18,4,2,19
21,26,2026,2,24,16,3,7,15
21,31,2026,2,24,14,6,13,8
21,36,2026,2,24,16,2,1,9
21,46,2026,2,24,18,4,3,10
21,58,2026,2,24,19,6,6,10
22,0,2026,2,24,19,2,0,12
22,12,2026,2,24,18,6,0,18
22,26,2026,2,24,16,2,9,11
22,31,2026,2,24,14,2,6,7
22,36,2026,2,24,16,4,0,11
22,46,2026,2,24,18,3,3,11
22,58,2026,2,24,19,4,8,7
23,0,2026,2,24,19,5,0,12
23,12,2026,2,24,18,6,3,15
23,26,2026,2,24,16,2,9,8
23,31,2026,2,24,14,3,5,6
23,36,2026,2,24,16,3,1,8
23,46,2026,2,24,18,2,5,5
23,58,2026,2,24,19,0,5,0
6,0,2026,2,25,19,4,0,4
6,12,2026,2,25,18,6,1,9
6,26,2026,2,25,16,18,5,22
6,31,2026,2,25,14,21,9,34
6,36,2026,2,25,16,15,8,41
6,46,2026,2,25,18,6,14,33
6,58,2026,2,25,19,2,24,11
7,0,2026,2,25,19,3,0,14
7,12,2026,2,25,18,2,4,12
7,26,2026,2,25,16,15,3,24
7,31,2026,2,25,14,12,7,29
7,36,2026,2,25,16,17,0,46
7,46,2026,2,25,18,2,24,24
7,58,2026,2,25,19,4,21,7
8,0,2026,2,25,19,5,0,12
8,12,2026,2,25,18,3,8,7
8,26,2026,2,25,16,21,1,27
8,31,2026,2,25,14,15,5,37
8,36,2026,2,25,16,10,1,46
8,46,2026,2,25,18,5,25,26
8,58,2026,2,25,19,5,21,10
9,0,2026,2,25,19,1,0,11
9,12,2026,2,25,18,3,6,8
9,26,2026,2,25,16,4,3,9
9,31,2026,2,25,14,3,2,10
9,36,2026,2,25,16,4,0,14
9,46,2026,2,25,18,1,4,11
9,58,2026,2,25,19,1,11,1
10,0,2026,2,25,19,4,0,5
10,12,2026,2,25,18,2,2,5
10,26,2026,2,25,16,6,4,7
10,31,2026,2,25,14,6,1,12
10,36,2026,2,25,16,4,4,12
10,46,2026,2,25,18,2,7,7
10,58,2026,2,25,19,5,5,7
11,0,2026,2,25,19,6,0,13
11,12,2026,2,25,18,6,4,15
11,26,2026,2,25,16,5,5,15
11,31,2026,2,25,14,6,10,11
11,36,2026,2,25,16,3,3,11
11,46,2026,2,25,18,2,6,7
11,58,2026,2,25,19,5,5,7
12,0,2026,2,25,19,6,0,13
12,12,2026,2,25,18,2,5,10
12,26,2026,2,25,16,4,5,9
12,31,2026,2,25,14,2,6,5
12,36,2026,2,25,16,4,0,9
12,46,2026,2,25,18,6,2,13
12,58,2026,2,25,19,4,9,8
13,0,2026,2,25,19,13,0,21
13,12,2026,2,25,18,12,4,29
13,26,2026,2,25,16,5,14,20
13,31,2026,2,25,14,6,12,14
13,36,2026,2,25,16,6,3,17
13,46,2026,2,25,18,26,1,42
13,58,2026,2,25,19,12,23,31
14,0,2026,2,25,19,26,0,57
14,12,2026,2,25,18,11,12,56
14,26,2026,2,25,16,3,21,38
14,31,2026,2,25,14,4,24,18
14,36,2026,2,25,16,6,3,21
14,46,2026,2,25,18,8,4,25
14,58,2026,2,25,19,29,17,37
15,0,2026,2,25,19,11,0,48
15,12,2026,2,25,18,16,9,55
15,26,2026,2,25,16,6,23,38
15,31,2026,2,25,14,3,28,13
15,36,2026,2,25,16,5,2,16
15,46,2026,2,25,18,16,2,30
15,58,2026,2,25,19,27,15,42
16,0,2026,2,25,19,4,0,46
16,12,2026,2,25,18,5,9,42
16,26,2026,2,25,16,3,20,25
16,31,2026,2,25,14,4,18,11
16,36,2026,2,25,16,3,0,14
16,46,2026,2,25,18,3,6,11
16,58,2026,2,25,19,2,7,6
17,0,2026,2,25,19,3,0,9
17,12,2026,2,25,18,2,0,11
17,26,2026,2,25,16,3,5,9
17,31,2026,2,25,14,2,6,5
17,36,2026,2,25,16,2,1,6
17,46,2026,2,25,18,4,2,8
17,58,2026,2,25,19,4,4,8
18,0,2026,2,25,19,6,0,14
18,12,2026,2,25,18,4,3,15
18,26,2026,2,25,16,5,5,15
18,31,2026,2,25,14,2,11,6
18,36,2026,2,25,16,4,0,10
18,46,2026,2,25,18,4,2,12
18,58,2026,2,25,19,3,8,7
19,0,2026,2,25,19,5,0,12
19,12,2026,2,25,18,5,1,16
19,26,2026,2,25,16,5,8,13
19,31,2026,2,25,14,6,9,10
19,36,2026,2,25,16,6,1,15
19,46,2026,2,25,18,3,4,14
19,58,2026,2,25,19,2,9,7
20,0,2026,2,25,19,2,0,9
20,12,2026,2,25,18,4,1,12
20,26,2026,2,25,16,4,6,10
20,31,2026,2,25,14,6,6,10
20,36,2026,2,25,16,6,1,15
20,46,2026,2,25,18,4,5,14
20,58,2026,2,25,19,3,10,7
21,0,2026,2,25,19,4,0,11
21,12,2026,2,25,18,2,5,8
21,26,2026,2,25,16,4,3,9
21,31,2026,2,25,14,3,5,7
21,36,2026,2,25,16,6,1,12
21,46,2026,2,25,18,6,8,10
21,58,2026,2,25,19,5,4,11
22,0,2026,2,25,19,5,0,16
22,12,2026,2,25,18,3,2,17
22,26,2026,2,25,16,4,11,10
22,31,2026,2,25,14,4,5,9
22,36,2026,2,25,16,4,1,12
22,46,2026,2,25,18,6,9,9
22,58,2026,2,25,19,2,5,6
23,0,2026,2,25,19,6,0,12
23,12,2026,2,25,18,4,3,13
23,26,2026,2,25,16,6,5,14
23,31,2026,2,25,14,3,5,12
23,36,2026,2,25,16,4,1,15
23,46,2026,2,25,18,3,3,15
23,58,2026,2,25,19,0,15,0
6,0,2026,2,26,19,2,0,2
6,12,2026,2,26,18,2,0,4
6,26,2026,2,26,16,7,3,8
6,31,2026,2,26,14,9,4,13
6,36,2026,2,26,16,15,4,24
6,46,2026,2,26,18,2,5,21
6,58,2026,2,26,19,2,13,10
7,0,2026,2,26,19,3,0,13
7,12,2026,2,26,18,2,5,10
7,26,2026,2,26,16,18,1,27
7,31,2026,2,26,14,10,7,30
7,36,2026,2,26,16,22,0,52
7,46,2026,2,26,18,5,21,36
7,58,2026,2,26,19,5,30,11
8,0,2026,2,26,19,4,0,15
8,12,2026,2,26,18,1,9,7
8,26,2026,2,26,16,5,4,8
8,31,2026,2,26,14,7,2,13
8,36,2026,2,26,16,6,0,19
8,46,2026,2,26,18,4,6,17
8,58,2026,2,26,19,3,16,4
9,0,2026,2,26,19,2,0,6
9,12,2026,2,26,18,2,4,4
9,26,2026,2,26,16,4,1,7
9,31,2026,2,26,14,6,2,11
9,36,2026,2,26,16,4,1,14
9,46,2026,2,26,18,4,5,13
9,58,2026,2,26,19,5,12,6
10,0,2026,2,26,19,2,0,8
10,12,2026,2,26,18,2,4,6
10,26,2026,2,26,16,2,2,6
10,31,2026,2,26,14,2,4,4
10,36,2026,2,26,16,2,1,5
10,46,2026,2,26,18,3,1,7
10,58,2026,2,26,19,2,3,6
11,0,2026,2,26,19,4,0,10
11,12,2026,2,26,18,2,1,11
11,26,2026,2,26,16,5,4,12
11,31,2026,2,26,14,3,9,6
11,36,2026,2,26,16,5,1,10
11,46,2026,2,26,18,4,2,12
11,58,2026,2,26,19,4,8,8
12,0,2026,2,26,19,6,0,14
12,12,2026,2,26,18,4,2,16
12,26,2026,2,26,16,2,9,9
12,31,2026,2,26,14,6,8,7
12,36,2026,2,26,16,5,3,9
12,46,2026,2,26,18,2,3,8
12,58,2026,2,26,19,5,5,8
13,0,2026,2,26,19,14,0,22
13,12,2026,2,26,18,20,1,41
13,26,2026,2,26,16,4,14,31
13,31,2026,2,26,14,2,19,14
13,36,2026,2,26,16,2,1,15
13,46,2026,2,26,18,12,2,25
13,58,2026,2,26,19,7,13,19
14,0,2026,2,26,19,12,0,31
14,12,2026,2,26,18,27,5,53
14,26,2026,2,26,16,2,19,36
14,31,2026,2,26,14,6,29,13
14,36,2026,2,26,16,2,2,13
14,46,2026,2,26,18,26,3,36
14,58,2026,2,26,19,9,14,31
15,0,2026,2,26,19,15,0,46
15,12,2026,2,26,18,17,8,55
15,26,2026,2,26,16,6,24,37
15,31,2026,2,26,14,4,29,12
15,36,2026,2,26,16,4,3,13
15,46,2026,2,26,18,29,3,39
15,58,2026,2,26,19,20,14,45
16,0,2026,2,26,19,3,0,48
16,12,2026,2,26,18,4,6,46
16,26,2026,2,26,16,2,21,27
16,31,2026,2,26,14,4,21,10
16,36,2026,2,26,16,5,1,14
16,46,2026,2,26,18,4,7,11
16,58,2026,2,26,19,5,5,11
17,0,2026,2,26,19,2,0,13
17,12,2026,2,26,18,6,1,18
17,26,2026,2,26,16,2,8,12
17,31,2026,2,26,14,6,10,8
17,36,2026,2,26,16,3,1,10
17,46,2026,2,26,18,2,8,4
17,58,2026,2,26,19,4,2,6
18,0,2026,2,26,19,3,0,9
18,12,2026,2,26,18,2,0,11
18,26,2026,2,26,16,3,6,8
18,31,2026,2,26,14,3,5,6
18,36,2026,2,26,16,5,1,10
18,46,2026,2,26,18,4,2,12
18,58,2026,2,26,19,5,7,10
19,0,2026,2,26,19,4,0,14
19,12,2026,2,26,18,2,5,11
19,26,2026,2,26,16,4,5,10
19,31,2026,2,26,14,4,5,9
19,36,2026,2,26,16,6,4,11
19,46,2026,2,26,18,6,4,13
19,58,2026,2,26,19,4,8,9
20,0,2026,2,26,19,5,0,14
20,12,2026,2,26,18,6,2,18
20,26,2026,2,26,16,4,8,14
20,31,2026,2,26,14,5,10,9
20,36,2026,2,26,16,4,3,10
20,46,2026,2,26,18,5,6,9
20,58,2026,2,26,19,5,7,7
21,0,2026,2,26,19,5,0,12
21,12,2026,2,26,18,3,1,14
21,26,2026,2,26,16,5,9,10
21,31,2026,2,26,14,6,6,10
21,36,2026,2,26,16,4,3,11
21,46,2026,2,26,18,3,5,9
21,58,2026,2,26,19,2,6,5
22,0,2026,2,26,19,6,0,11
22,12,2026,2,26,18,3,3,11
22,26,2026,2,26,16,5,5,11
22,31,2026,2,26,14,3,9,5
22,36,2026,2,26,16,2,1,6
22,46,2026,2,26,18,2,2,6
22,58,2026,2,26,19,5,3,8
23,0,2026,2,26,19,4,0,12
23,12,2026,2,26,18,5,3,14
23,26,2026,2,26,16,3,4,13
23,31,2026,2,26,14,5,10,8
23,36,2026,2,26,16,6,2,12
23,46,2026,2,26,18,5,3,14
23,58,2026,2,26,19,0,14,0
6,0,2026,2,27,19,4,0,4
6,12,2026,2,27,18,4,1,7
6,26,2026,2,27,16,21,4,24
6,31,2026,2,27,14,16,13,27
6,36,2026,2,27,16,5,3,29
6,46,2026,2,27,18,6,14,21
6,58,2026,2,27,19,6,16,11
7,0,2026,2,27,19,5,0,16
7,12,2026,2,27,18,2,9,9
7,26,2026,2,27,16,9,4,14
7,31,2026,2,27,14,19,4,29
7,36,2026,2,27,16,15,0,44
7,46,2026,2,27,18,4,26,22
7,58,2026,2,27,19,3,20,5
8,0,2026,2,27,19,4,0,9
8,12,2026,2,27,18,5,5,9
8,26,2026,2,27,16,11,1,19
8,31,2026,2,27,14,16,5,30
8,36,2026,2,27,16,8,1,37
8,46,2026,2,27,18,4,17,24
8,58,2026,2,27,19,5,22,7
9,0,2026,2,27,19,3,0,10
9,12,2026,2,27,18,3,8,5
9,26,2026,2,27,16,6,0,11
9,31,2026,2,27,14,6,3,14
9,36,2026,2,27,16,5,0,19
9,46,2026,2,27,18,1,10,10
9,58,2026,2,27,19,5,10,5
10,0,2026,2,27,19,4,0,9
10,12,2026,2,27,18,5,4,10
10,26,2026,2,27,16,6,3,13
10,31,2026,2,27,14,6,8,11
10,36,2026,2,27,16,2,1,12
10,46,2026,2,27,18,3,6,9
10,58,2026,2,27,19,5,8,6
11,0,2026,2,27,19,2,0,8
11,12,2026,2,27,18,5,3,10
11,26,2026,2,27,16,3,1,12
11,31,2026,2,27,14,3,7,8
11,36,2026,2,27,16,5,0,13
11,46,2026,2,27,18,2,4,11
11,58,2026,2,27,19,6,8,9
12,0,2026,2,27,19,5,0,14
12,12,2026,2,27,18,6,3,17
12,26,2026,2,27,16,5,3,19
12,31,2026,2,27,14,3,18,4
12,36,2026,2,27,16,6,2,8
12,46,2026,2,27,18,3,3,8
12,58,2026,2,27,19,4,3,9
13,0,2026,2,27,19,10,0,19
13,12,2026,2,27,18,9,4,24
13,26,2026,2,27,16,4,9,19
13,31,2026,2,27,14,5,11,13
13,36,2026,2,27,16,3,3,13
13,46,2026,2,27,18,7,4,16
13,58,2026,2,27,19,14,12,18
14,0,2026,2,27,19,28,0,46
14,12,2026,2,27,18,28,11,63
14,26,2026,2,27,16,4,26,41
14,31,2026,2,27,14,4,31,14
14,36,2026,2,27,16,6,2,18
14,46,2026,2,27,18,30,5,43
14,58,2026,2,27,19,10,12,41
15,0,2026,2,27,19,25,0,66
15,12,2026,2,27,18,8,8,66
15,26,2026,2,27,16,2,35,33
15,31,2026,2,27,14,6,23,16
15,36,2026,2,27,16,5,2,19
15,46,2026,2,27,18,10,5,24
15,58,2026,2,27,19,21,10,35
16,0,2026,2,27,19,4,0,39
16,12,2026,2,27,18,2,7,34
16,26,2026,2,27,16,6,15,25
16,31,2026,2,27,14,5,19,11
16,36,2026,2,27,16,4,0,15
16,46,2026,2,27,18,4,6,13
16,58,2026,2,27,19,6,7,12
17,0,2026,2,27,19,4,0,16
17,12,2026,2,27,18,3,2,17
17,26,2026,2,27,16,3,9,11
17,31,2026,2,27,14,5,8,8
17,36,2026,2,27,16,5,3,10
17,46,2026,2,27,18,6,3,13
17,58,2026,2,27,19,5,6,12
18,0,2026,2,27,19,3,0,15
18,12,2026,2,27,18,3,4,14
18,26,2026,2,27,16,2,5,11
18,31,2026,2,27,14,5,9,7
18,36,2026,2,27,16,5,2,10
18,46,2026,2,27,18,2,1,11
18,58,2026,2,27,19,4,6,9
19,0,2026,2,27,19,3,0,12
19,12,2026,2,27,18,4,5,11
19,26,2026,2,27,16,2,4,9
19,31,2026,2,27,14,4,7,6
19,36,2026,2,27,16,3,1,8
19,46,2026,2,27,18,3,4,7
19,58,2026,2,27,19,4,5,6
20,0,2026,2,27,19,6,0,12
20,12,2026,2,27,18,2,3,11
20,26,2026,2,27,16,4,3,12
20,31,2026,2,27,14,6,8,10
20,36,2026,2,27,16,6,1,15
20,46,2026,2,27,18,3,7,11
20,58,2026,2,27,19,5,8,8
21,0,2026,2,27,19,5,0,13
21,12,2026,2,27,18,2,3,12
21,26,2026,2,27,16,5,6,11
21,31,2026,2,27,14,3,9,5
21,36,2026,2,27,16,6,2,9
21,46,2026,2,27,18,4,5,8
21,58,2026,2,27,19,3,2,9
22,0,2026,2,27,19,2,0,11
22,12,2026,2,27,18,2,2,11
22,26,2026,2,27,16,3,4,10
22,31,2026,2,27,14,6,6,10
22,36,2026,2,27,16,2,2,10
22,46,2026,2,27,18,4,3,11
22,58,2026,2,27,19,3,8,6
23,0,2026,2,27,19,6,0,12
23,12,2026,2,27,18,6,1,17
23,26,2026,2,27,16,3,5,15
23,31,2026,2,27,14,6,10,11
23,36,2026,2,27,16,2,0,13
23,46,2026,2,27,18,6,7,12
23,58,2026,2,27,19,0,12,0
6,0,2026,2,28,19,5,0,5
6,12,2026,2,28,18,5,3,7
6,26,2026,2,28,16,6,1,12
6,31,2026,2,28,14,15,8,19
6,36,2026,2,28,16,7,5,21
6,46,2026,2,28,18,3,9,15
6,58,2026,2,28,19,6,13,8
7,0,2026,2,28,19,4,0,12
7,12,2026,2,28,18,3,9,6
7,26,2026,2,28,16,10,1,15
7,31,2026,2,28,14,21,2,34
7,36,2026,2,28,16,8,2,40
7,46,2026,2,28,18,5,16,29
7,58,2026,2,28,19,3,22,10
8,0,2026,2,28,19,1,0,11
8,12,2026,2,28,18,1,4,8
8,26,2026,2,28,16,8,4,12
8,31,2026,2,28,14,19,4,27
8,36,2026,2,28,16,21,0,48
8,46,2026,2,28,18,3,26,25
8,58,2026,2,28,19,2,21,6
9,0,2026,2,28,19,5,0,11
9,12,2026,2,28,18,5,7,9
9,26,2026,2,28,16,4,1,12
9,31,2026,2,28,14,3,5,10
9,36,2026,2,28,16,6,0,16
9,46,2026,2,28,18,4,5,15
9,58,2026,2,28,19,3,13,5
10,0,2026,2,28,19,2,0,7
10,12,2026,2,28,18,4,2,9
10,26,2026,2,28,16,6,3,12
10,31,2026,2,28,14,6,5,13
10,36,2026,2,28,16,2,2,13
10,46,2026,2,28,18,6,6,13
10,58,2026,2,28,19,3,6,10
11,0,2026,2,28,19,2,0,12
11,12,2026,2,28,18,3,1,14
11,26,2026,2,28,16,3,5,12
11,31,2026,2,28,14,5,8,9
11,36,2026,2,28,16,6,3,12
11,46,2026,2,28,18,3,5,10
11,58,2026,2,28,19,3,4,9
12,0,2026,2,28,19,2,0,11
12,12,2026,2,28,18,5,1,15
12,26,2026,2,28,16,2,5,12
12,31,2026,2,28,14,2,8,6
12,36,2026,2,28,16,6,0,12
12,46,2026,2,28,18,4,6,10
12,58,2026,2,28,19,4,6,8
13,0,2026,2,28,19,21,0,29
13,12,2026,2,28,18,11,4,36
13,26,2026,2,28,16,3,20,19
13,31,2026,2,28,14,5,16,8
13,36,2026,2,28,16,6,2,12
13,46,2026,2,28,18,8,5,15
13,58,2026,2,28,19,19,8,26
14,0,2026,2,28,19,32,0,58
14,12,2026,2,28,18,15,10,63
14,26,2026,2,28,16,5,24,44
14,31,2026,2,28,14,3,24,23
14,36,2026,2,28,16,5,1,27
14,46,2026,2,28,18,7,7,27
14,58,2026,2,28,19,30,22,35
15,0,2026,2,28,19,10,0,45
15,12,2026,2,28,18,11,8,48
15,26,2026,2,28,16,6,27,27
15,31,2026,2,28,14,5,20,12
15,36,2026,2,28,16,6,3,15
15,46,2026,2,28,18,17,6,26
15,58,2026,2,28,19,29,8,47
16,0,2026,2,28,19,4,0,51
16,12,2026,2,28,18,3,14,40
16,26,2026,2,28,16,5,21,24
16,31,2026,2,28,14,4,22,6
16,36,2026,2,28,16,3,0,9
16,46,2026,2,28,18,4,2,11
16,58,2026,2,28,19,3,4,10
17,0,2026,2,28,19,4,0,14
17,12,2026,2,28,18,2,3,13
17,26,2026,2,28,16,2,3,12
17,31,2026,2,28,14,2,11,3
17,36,2026,2,28,16,2,1,4
17,46,2026,2,28,18,2,1,5
17,58,2026,2,28,19,3,3,5
18,0,2026,2,28,19,3,0,8
18,12,2026,2,28,18,5,3,10
18,26,2026,2,28,16,6,4,12
18,31,2026,2,28,14,4,8,8
18,36,2026,2,28,16,2,2,8
18,46,2026,2,28,18,4,3,9
18,58,2026,2,28,19,6,6,9
19,0,2026,2,28,19,5,0,14
19,12,2026,2,28,18,2,3,13
19,26,2026,2,28,16,2,6,9
19,31,2026,2,28,14,2,7,4
19,36,2026,2,28,16,4,0,8
19,46,2026,2,28,18,5,6,7
19,58,2026,2,28,19,2,3,6
20,0,2026,2,28,19,3,0,9
20,12,2026,2,28,18,4,3,10
20,26,2026,2,28,16,3,3,10
20,31,2026,2,28,14,3,5,8
20,36,2026,2,28,16,6,0,14
20,46,2026,2,28,18,6,4,16
20,58,2026,2,28,19,2,10,8
21,0,2026,2,28,19,2,0,10
21,12,2026,2,28,18,5,0,15
21,26,2026,2,28,16,5,6,14
21,31,2026,2,28,14,3,9,8
21,36,2026,2,28,16,5,1,12
21,46,2026,2,28,18,4,4,12
21,58,2026,2,28,19,3,9,6
22,0,2026,2,28,19,3,0,9
22,12,2026,2,28,18,2,2,9
22,26,2026,2,28,16,6,3,12
22,31,2026,2,28,14,4,10,6
22,36,2026,2,28,16,6,1,11
22,46,2026,2,28,18,3,4,10
22,58,2026,2,28,19,5,7,8
23,0,2026,2,28,19,6,0,14
23,12,2026,2,28,18,4,3,15
23,26,2026,2,28,16,6,6,15
23,31,2026,2,28,14,3,11,7
23,36,2026,2,28,16,4,2,9
23,46,2026,2,28,18,5,4,10
23,58,2026,2,28,19,0,10,0
6,0,2026,3,1,19,6,0,6
6,12,2026,3,1,18,3,2,7
6,26,2026,3,1,16,18,5,20
6,31,2026,3,1,14,14,8,26
6,36,2026,3,1,16,7,7,26
6,46,2026,3,1,18,5,9,22
6,58,2026,3,1,19,5,18,9
7,0,2026,3,1,19,1,0,10
7,12,2026,3,1,18,1,4,7
7,26,2026,3,1,16,18,2,23
7,31,2026,3,1,14,20,7,36
7,36,2026,3,1,16,15,0,51
7,46,2026,3,1,18,5,26,30
7,58,2026,3,1,19,4,25,9
8,0,2026,3,1,19,4,0,13
8,12,2026,3,1,18,2,7,8
8,26,2026,3,1,16,12,4,16
8,31,2026,3,1,14,18,5,29
8,36,2026,3,1,16,9,1,37
8,46,2026,3,1,18,5,16,26
8,58,2026,3,1,19,1,21,6
9,0,2026,3,1,19,3,0,9
9,12,2026,3,1,18,5,4,10
9,26,2026,3,1,16,2,4,8
9,31,2026,3,1,14,5,3,10
9,36,2026,3,1,16,4,0,14
9,46,2026,3,1,18,1,3,12
9,58,2026,3,1,19,2,12,2
10,0,2026,3,1,19,3,0,5
10,12,2026,3,1,18,3,4,4
10,26,2026,3,1,16,6,2,8
10,31,2026,3,1,14,4,4,8
10,36,2026,3,1,16,5,3,10
10,46,2026,3,1,18,3,2,11
10,58,2026,3,1,19,6,7,10
11,0,2026,3,1,19,6,0,16
11,12,2026,3,1,18,5,5,16
11,26,2026,3,1,16,4,5,15
11,31,2026,3,1,14,4,10,9
11,36,2026,3,1,16,4,1,12
11,46,2026,3,1,18,3,4,11
11,58,2026,3,1,19,3,8,6
12,0,2026,3,1,19,4,0,10
12,12,2026,3,1,18,3,4,9
12,26,2026,3,1,16,4,4,9
12,31,2026,3,1,14,5,5,9
12,36,2026,3,1,16,6,0,15
12,46,2026,3,1,18,2,3,14
12,58,2026,3,1,19,6,9,11
13,0,2026,3,1,19,27,0,38
13,12,2026,3,1,18,25,8,55
13,26,2026,3,1,16,3,23,35
13,31,2026,3,1,14,6,23,18
13,36,2026,3,1,16,6,3,21
13,46,2026,3,1,18,13,8,26
13,58,2026,3,1,19,27,14,39
14,0,2026,3,1,19,19,0,58
14,12,2026,3,1,18,16,8,66
14,26,2026,3,1,16,5,28,43
14,31,2026,3,1,14,4,22,25
14,36,2026,3,1,16,6,1,30
14,46,2026,3,1,18,30,5,55
14,58,2026,3,1,19,31,21,65
15,0,2026,3,1,19,1,0,66
15,12,2026,3,1,18,10,10,66
15,26,2026,3,1,16,2,35,33
15,31,2026,3,1,14,4,21,16
15,36,2026,3,1,16,6,3,19
15,46,2026,3,1,18,32,1,50
15,58,2026,3,1,19,23,23,50
16,0,2026,3,1,19,5,0,55
16,12,2026,3,1,18,2,7,50
16,26,2026,3,1,16,4,21,33
16,31,2026,3,1,14,4,27,10
16,36,2026,3,1,16,2,2,10
16,46,2026,3,1,18,6,3,13
16,58,2026,3,1,19,2,8,7
17,0,2026,3,1,19,6,0,13
17,12,2026,3,1,18,3,3,13
17,26,2026,3,1,16,3,5,11
17,31,2026,3,1,14,6,7,10
17,36,2026,3,1,16,6,2,14
17,46,2026,3,1,18,3,5,12
17,58,2026,3,1,19,5,5,12
18,0,2026,3,1,19,2,0,14
18,12,2026,3,1,18,3,2,15
18,26,2026,3,1,16,5,5,15
18,31,2026,3,1,14,5,10,10
18,36,2026,3,1,16,4,1,13
18,46,2026,3,1,18,2,8,7
18,58,2026,3,1,19,4,4,7
19,0,2026,3,1,19,2,0,9
19,12,2026,3,1,18,3,2,10
19,26,2026,3,1,16,6,4,12
19,31,2026,3,1,14,4,7,9
19,36,2026,3,1,16,5,0,14
19,46,2026,3,1,18,4,9,9
19,58,2026,3,1,19,2,6,5
20,0,2026,3,1,19,3,0,8
20,12,2026,3,1,18,2,3,7
20,26,2026,3,1,16,3,3,7
20,31,2026,3,1,14,3,2,8
20,36,2026,3,1,16,6,1,13
20,46,2026,3,1,18,3,8,8
20,58,2026,3,1,19,5,5,8
21,0,2026,3,1,19,6,0,14
21,12,2026,3,1,18,3,3,14
21,26,2026,3,1,16,4,4,14
21,31,2026,3,1,14,2,10,6
21,36,2026,3,1,16,6,1,11
21,46,2026,3,1,18,6,4,13
21,58,2026,3,1,19,5,8,10
22,0,2026,3,1,19,2,0,12
22,12,2026,3,1,18,5,1,16
22,26,2026,3,1,16,6,5,17
22,31,2026,3,1,14,6,14,9
22,36,2026,3,1,16,3,2,10
22,46,2026,3,1,18,3,2,11
22,58,2026,3,1,19,5,9,7
23,0,2026,3,1,19,5,0,12
23,12,2026,3,1,18,5,4,13
23,26,2026,3,1,16,5,7,11
23,31,2026,3,1,14,2,5,8
23,36,2026,3,1,16,4,0,12
23,46,2026,3,1,18,2,8,6
23,58,2026,3,1,19,0,6,0
6,0,2026,3,2,19,4,0,4
6,12,2026,3,2,18,3,1,6
6,26,2026,3,2,16,16,2,20
6,31,2026,3,2,14,16,7,29
6,36,2026,3,2,16,5,6,28
6,46,2026,3,2,18,5,11,22
6,58,2026,3,2,19,2,18,6
7,0,2026,3,2,19,3,0,9
7,12,2026,3,2,18,3,4,8
7,26,2026,3,2,16,10,1,17
7,31,2026,3,2,14,22,4,35
7,36,2026,3,2,16,10,1,44
7,46,2026,3,2,18,1,21,24
7,58,2026,3,2,19,3,23,4
8,0,2026,3,2,19,1,0,5
8,12,2026,3,2,18,4,2,7
8,26,2026,3,2,16,6,1,12
8,31,2026,3,2,14,17,2,27
8,36,2026,3,2,16,10,1,36
8,46,2026,3,2,18,4,15,25
8,58,2026,3,2,19,5,21,9
9,0,2026,3,2,19,4,0,13
9,12,2026,3,2,18,1,8,6
9,26,2026,3,2,16,2,2,6
9,31,2026,3,2,14,3,3,6
9,36,2026,3,2,16,5,0,11
9,46,2026,3,2,18,3,3,11
9,58,2026,3,2,19,3,8,6
10,0,2026,3,2,19,3,0,9
10,12,2026,3,2,18,3,2,10
10,26,2026,3,2,16,4,3,11
10,31,2026,3,2,14,4,7,8
10,36,2026,3,2,16,4,1,11
10,46,2026,3,2,18,3,5,9
10,58,2026,3,2,19,2,8,3
11,0,2026,3,2,19,5,0,8
11,12,2026,3,2,18,3,2,9
11,26,2026,3,2,16,4,5,8
11,31,2026,3,2,14,5,5,8
11,36,2026,3,2,16,4,2,10
11,46,2026,3,2,18,4,5,9
11,58,2026,3,2,19,4,5,8
12,0,2026,3,2,19,5,0,13
12,12,2026,3,2,18,6,2,17
12,26,2026,3,2,16,6,10,13
12,31,2026,3,2,14,6,7,12
12,36,2026,3,2,16,3,4,11
12,46,2026,3,2,18,5,2,14
12,58,2026,3,2,19,6,7,13
13,0,2026,3,2,19,8,0,21
13,12,2026,3,2,18,28,1,48
13,26,2026,3,2,16,4,17,35
13,31,2026,3,2,14,2,23,14
13,36,2026,3,2,16,5,0,19
13,46,2026,3,2,18,14,2,31
13,58,2026,3,2,19,17,17,31
14,0,2026,3,2,19,20,0,51
14,12,2026,3,2,18,22,8,65
14,26,2026,3,2,16,3,21,47
14,31,2026,3,2,14,3,22,28
14,36,2026,3,2,16,3,3,28
14,46,2026,3,2,18,16,3,41
14,58,2026,3,2,19,29,22,48
15,0,2026,3,2,19,18,0,66
15,12,2026,3,2,18,11,11,66
15,26,2026,3,2,16,2,34,34
15,31,2026,3,2,14,3,21,16
15,36,2026,3,2,16,4,2,18
15,46,2026,3,2,18,23,3,38
15,58,2026,3,2,19,13,17,34
16,0,2026,3,2,19,2,0,36
16,12,2026,3,2,18,5,10,31
16,26,2026,3,2,16,3,16,18
16,31,2026,3,2,14,5,13,10
16,36,2026,3,2,16,6,1,15
16,46,2026,3,2,18,6,5,16
16,58,2026,3,2,19,3,12,7
17,0,2026,3,2,19,6,0,13
17,12,2026,3,2,18,3,2,14
17,26,2026,3,2,16,2,4,12
17,31,2026,3,2,14,2,9,5
17,36,2026,3,2,16,3,0,8
17,46,2026,3,2,18,5,3,10
17,58,2026,3,2,19,6,5,11
18,0,2026,3,2,19,3,0,14
18,12,2026,3,2,18,2,2,14
18,26,2026,3,2,16,5,8,11
18,31,2026,3,2,14,3,6,8
18,36,2026,3,2,16,6,2,12
18,46,2026,3,2,18,3,6,9
18,58,2026,3,2,19,5,6,8
19,0,2026,3,2,19,2,0,10
19,12,2026,3,2,18,2,4,8
19,26,2026,3,2,16,4,2,10
19,31,2026,3,2,14,4,5,9
19,36,2026,3,2,16,3,2,10
19,46,2026,3,2,18,4,5,9
19,58,2026,3,2,19,3,6,6
20,0,2026,3,2,19,2,0,8
20,12,2026,3,2,18,4,1,11
20,26,2026,3,2,16,3,4,10
20,31,2026,3,2,14,6,9,7
20,36,2026,3,2,16,2,0,9
20,46,2026,3,2,18,4,2,11
20,58,2026,3,2,19,5,9,7
21,0,2026,3,2,19,5,0,12
21,12,2026,3,2,18,3,3,12
21,26,2026,3,2,16,3,4,11
21,31,2026,3,2,14,6,8,9
21,36,2026,3,2,16,6,1,14
21,46,2026,3,2,18,4,3,15
21,58,2026,3,2,19,5,8,12
22,0,2026,3,2,19,3,0,15
22,12,2026,3,2,18,6,1,20
22,26,2026,3,2,16,5,4,21
22,31,2026,3,2,14,6,13,14
22,36,2026,3,2,16,6,2,18
22,46,2026,3,2,18,4,7,15
22,58,2026,3,2,19,2,11,6
23,0,2026,3,2,19,5,0,11
23,12,2026,3,2,18,5,3,13
23,26,2026,3,2,16,4,7,10
23,31,2026,3,2,14,3,5,8
23,36,2026,3,2,16,6,0,14
23,46,2026,3,2,18,6,5,15
23,58,2026,3,2,19,0,15,0
6,0,2026,3,3,19,4,0,4
6,12,2026,3,3,18,4,0,8
6,26,2026,3,3,16,16,3,21
6,31,2026,3,3,14,16,5,32
6,36,2026,3,3,16,11,7,36
6,46,2026,3,3,18,2,16,22
6,58,2026,3,3,19,2,18,6
7,0,2026,3,3,19,4,0,10
7,12,2026,3,3,18,5,4,11
7,26,2026,3,3,16,16,1,26
7,31,2026,3,3,14,10,9,27
7,36,2026,3,3,16,9,1,35
7,46,2026,3,3,18,2,17,20
7,58,2026,3,3,19,3,20,3
8,0,2026,3,3,19,3,0,6
8,12,2026,3,3,18,5,5,6
8,26,2026,3,3,16,13,0,19
8,31,2026,3,3,14,17,3,33
8,36,2026,3,3,16,8,0,41
8,46,2026,3,3,18,3,23,21
8,58,2026,3,3,19,1,21,1
9,0,2026,3,3,19,2,0,3
9,12,2026,3,3,18,2,3,2
9,26,2026,3,3,16,3,0,5
9,31,2026,3,3,14,4,0,9
9,36,2026,3,3,16,2,0,11
9,46,2026,3,3,18,4,6,9
9,58,2026,3,3,19,5,7,7
10,0,2026,3,3,19,4,0,11
10,12,2026,3,3,18,5,2,14
10,26,2026,3,3,16,3,2,15
10,31,2026,3,3,14,2,11,6
10,36,2026,3,3,16,2,0,8
10,46,2026,3,3,18,4,6,6
10,58,2026,3,3,19,5,3,8
11,0,2026,3,3,19,6,0,14
11,12,2026,3,3,18,5,3,16
11,26,2026,3,3,16,6,5,17
11,31,2026,3,3,14,4,11,10
11,36,2026,3,3,16,5,1,14
11,46,2026,3,3,18,3,6,11
11,58,2026,3,3,19,5,7,9
12,0,2026,3,3,19,4,0,13
12,12,2026,3,3,18,3,2,14
12,26,2026,3,3,16,2,5,11
12,31,2026,3,3,14,3,7,7
12,36,2026,3,3,16,6,1,12
12,46,2026,3,3,18,3,2,13
12,58,2026,3,3,19,2,8,7
13,0,2026,3,3,19,19,0,26
13,12,2026,3,3,18,31,1,56
13,26,2026,3,3,16,4,21,39
13,31,2026,3,3,14,5,28,16
13,36,2026,3,3,16,2,1,17
13,46,2026,3,3,18,31,2,46
13,58,2026,3,3,19,18,17,47
14,0,2026,3,3,19,19,0,66
14,12,2026,3,3,18,13,13,66
14,26,2026,3,3,16,5,20,51
14,31,2026,3,3,14,3,33,21
14,36,2026,3,3,16,5,2,24
14,46,2026,3,3,18,11,7,28
14,58,2026,3,3,19,22,18,32
15,0,2026,3,3,19,8,0,40
15,12,2026,3,3,18,20,3,57
15,26,2026,3,3,16,2,23,36
15,31,2026,3,3,14,3,28,11
15,36,2026,3,3,16,5,1,15
15,46,2026,3,3,18,29,2,42
15,58,2026,3,3,19,11,25,28
16,0,2026,3,3,19,4,0,32
16,12,2026,3,3,18,5,4,33
16,26,2026,3,3,16,3,15,21
16,31,2026,3,3,14,5,18,8
16,36,2026,3,3,16,2,0,10
16,46,2026,3,3,18,2,4,8
16,58,2026,3,3,19,6,5,9
17,0,2026,3,3,19,4,0,13
17,12,2026,3,3,18,6,2,17
17,26,2026,3,3,16,2,6,13
17,31,2026,3,3,14,5,9,9
17,36,2026,3,3,16,6,3,12
17,46,2026,3,3,18,4,7,9
17,58,2026,3,3,19,6,5,10
18,0,2026,3,3,19,6,0,16
18,12,2026,3,3,18,4,4,16
18,26,2026,3,3,16,2,5,13
18,31,2026,3,3,14,5,12,6
18,36,2026,3,3,16,6,1,11
18,46,2026,3,3,18,4,6,9
18,58,2026,3,3,19,4,6,7
19,0,2026,3,3,19,2,0,9
19,12,2026,3,3,18,6,1,14
19,26,2026,3,3,16,6,3,17
19,31,2026,3,3,14,5,10,12
19,36,2026,3,3,16,2,0,14
19,46,2026,3,3,18,6,4,16
19,58,2026,3,3,19,6,11,11
20,0,2026,3,3,19,5,0,16
20,12,2026,3,3,18,4,5,15
20,26,2026,3,3,16,2,5,12
20,31,2026,3,3,14,2,10,4
20,36,2026,3,3,16,4,1,7
20,46,2026,3,3,18,6,3,10
20,58,2026,3,3,19,3,4,9
21,0,2026,3,3,19,2,0,11
21,12,2026,3,3,18,3,1,13
21,26,2026,3,3,16,3,6,10
21,31,2026,3,3,14,6,7,9
21,36,2026,3,3,16,6,1,14
21,46,2026,3,3,18,6,4,16
21,58,2026,3,3,19,5,9,12
22,0,2026,3,3,19,5,0,17
22,12,2026,3,3,18,4,1,20
22,26,2026,3,3,16,5,7,18
22,31,2026,3,3,14,5,15,8
22,36,2026,3,3,16,5,3,10
22,46,2026,3,3,18,3,2,11
22,58,2026,3,3,19,2,8,5
23,0,2026,3,3,19,4,0,9
23,12,2026,3,3,18,4,1,12
23,26,2026,3,3,16,3,4,11
23,31,2026,3,3,14,5,7,9
23,36,2026,3,3,16,6,2,13
23,46,2026,3,3,18,2,5,10
23,58,2026,3,3,19,0,10,0
6,0,2026,3,4,19,4,0,4
6,12,2026,3,4,18,3,2,5
6,26,2026,3,4,16,5,1,9
6,31,2026,3,4,14,9,7,11
6,36,2026,3,4,16,9,4,16
6,46,2026,3,4,18,4,7,13
6,58,2026,3,4,19,4,9,8
7,0,2026,3,4,19,5,0,13
7,12,2026,3,4,18,1,9,5
7,26,2026,3,4,16,16,0,21
7,31,2026,3,4,14,10,4,27
7,36,2026,3,4,16,13,0,40
7,46,2026,3,4,18,2,20,22
7,58,2026,3,4,19,4,20,6
8,0,2026,3,4,19,4,0,10
8,12,2026,3,4,18,5,6,9
8,26,2026,3,4,16,13,3,19
8,31,2026,3,4,14,15,5,29
8,36,2026,3,4,16,13,0,42
8,46,2026,3,4,18,3,17,28
8,58,2026,3,4,19,5,24,9
9,0,2026,3,4,19,2,0,11
9,12,2026,3,4,18,4,6,9
9,26,2026,3,4,16,6,3,12
9,31,2026,3,4,14,5,3,14
9,36,2026,3,4,16,3,0,17
9,46,2026,3,4,18,5,9,13
9,58,2026,3,4,19,3,12,4
10,0,2026,3,4,19,3,0,7
10,12,2026,3,4,18,5,0,12
10,26,2026,3,4,16,5,5,12
10,31,2026,3,4,14,6,7,11
10,36,2026,3,4,16,2,2,11
10,46,2026,3,4,18,4,5,10
10,58,2026,3,4,19,2,8,4
11,0,2026,3,4,19,6,0,10
11,12,2026,3,4,18,2,4,8
11,26,2026,3,4,16,3,7,4
11,31,2026,3,4,14,5,2,7
11,36,2026,3,4,16,2,0,9
11,46,2026,3,4,18,2,5,6
11,58,2026,3,4,19,4,4,6
12,0,2026,3,4,19,4,0,10
12,12,2026,3,4,18,2,5,7
12,26,2026,3,4,16,2,1,8
12,31,2026,3,4,14,4,7,5
12,36,2026,3,4,16,2,2,5
12,46,2026,3,4,18,5,3,7
12,58,2026,3,4,19,3,2,8
13,0,2026,3,4,19,15,0,23
13,12,2026,3,4,18,19,4,38
13,26,2026,3,4,16,5,17,26
13,31,2026,3,4,14,2,21,7
13,36,2026,3,4,16,2,0,9
13,46,2026,3,4,18,23,3,29
13,58,2026,3,4,19,10,9,30
14,0,2026,3,4,19,19,0,49
14,12,2026,3,4,18,18,6,61
14,26,2026,3,4,16,4,22,43
14,31,2026,3,4,14,2,21,24
14,36,2026,3,4,16,2,0,26
14,46,2026,3,4,18,25,3,48
14,58,2026,3,4,19,14,21,41
15,0,2026,3,4,19,8,0,49
15,12,2026,3,4,18,18,7,60
15,26,2026,3,4,16,5,22,43
15,31,2026,3,4,14,5,20,28
15,36,2026,3,4,16,2,3,27
15,46,2026,3,4,18,29,7,49
15,58,2026,3,4,19,14,20,43
16,0,2026,3,4,19,3,0,46
16,12,2026,3,4,18,3,6,43
16,26,2026,3,4,16,3,17,29
16,31,2026,3,4,14,3,25,7
16,36,2026,3,4,16,4,1,10
16,46,2026,3,4,18,3,5,8
16,58,2026,3,4,19,5,5,8
17,0,2026,3,4,19,3,0,11
17,12,2026,3,4,18,3,3,11
17,26,2026,3,4,16,2,8,5
17,31,2026,3,4,14,4,2,7
17,36,2026,3,4,16,3,1,9
17,46,2026,3,4,18,6,2,13
17,58,2026,3,4,19,2,7,8
18,0,2026,3,4,19,6,0,14
18,12,2026,3,4,18,6,5,15
18,26,2026,3,4,16,4,6,13
18,31,2026,3,4,14,3,9,7
18,36,2026,3,4,16,3,0,10
18,46,2026,3,4,18,4,4,10
18,58,2026,3,4,19,2,6,6
19,0,2026,3,4,19,6,0,12
19,12,2026,3,4,18,3,3,12
19,26,2026,3,4,16,2,3,11
19,31,2026,3,4,14,3,8,6
19,36,2026,3,4,16,4,0,10
19,46,2026,3,4,18,2,3,9
19,58,2026,3,4,19,4,6,7
20,0,2026,3,4,19,2,0,9
20,12,2026,3,4,18,3,1,11
20,26,2026,3,4,16,6,2,15
20,31,2026,3,4,14,2,10,7
20,36,2026,3,4,16,4,0,11
20,46,2026,3,4,18,3,5,9
20,58,2026,3,4,19,2,4,7
21,0,2026,3,4,19,3,0,10
21,12,2026,3,4,18,2,1,11
21,26,2026,3,4,16,6,3,14
21,31,2026,3,4,14,5,8,11
21,36,2026,3,4,16,3,2,12
21,46,2026,3,4,18,3,3,12
21,58,2026,3,4,19,3,10,5
22,0,2026,3,4,19,5,0,10
22,12,2026,3,4,18,5,3,12
22,26,2026,3,4,16,4,7,9
22,31,2026,3,4,14,2,7,4
22,36,2026,3,4,16,2,0,6
22,46,2026,3,4,18,2,3,5
22,58,2026,3,4,19,5,4,6
23,0,2026,3,4,19,3,0,9
23,12,2026,3,4,18,3,3,9
23,26,2026,3,4,16,3,3,9
23,31,2026,3,4,14,6,6,9
23,36,2026,3,4,16,4,0,13
23,46,2026,3,4,18,5,6,12
23,58,2026,3,4,19,0,12,0
6,0,2026,3,5,19,2,0,2
6,12,2026,3,5,18,5,1,6
6,26,2026,3,5,16,10,3,13
6,31,2026,3,5,14,7,7,13
6,36,2026,3,5,16,11,2,22
6,46,2026,3,5,18,4,8,18
6,58,2026,3,5,19,5,9,14
7,0,2026,3,5,19,3,0,17
7,12,2026,3,5,18,1,6,12
7,26,2026,3,5,16,7,4,15
7,31,2026,3,5,14,15,7,23
7,36,2026,3,5,16,20,1,42
7,46,2026,3,5,18,2,20,24
7,58,2026,3,5,19,4,21,7
8,0,2026,3,5,19,5,0,12
8,12,2026,3,5,18,5,7,10
8,26,2026,3,5,16,22,3,29
8,31,2026,3,5,14,6,4,31
8,36,2026,3,5,16,14,0,45
8,46,2026,3,5,18,2,23,24
8,58,2026,3,5,19,5,21,8
9,0,2026,3,5,19,1,0,9
9,12,2026,3,5,18,5,5,9
9,26,2026,3,5,16,6,2,13
9,31,2026,3,5,14,3,2,14
9,36,2026,3,5,16,5,0,19
9,46,2026,3,5,18,1,4,16
9,58,2026,3,5,19,2,16,2
10,0,2026,3,5,19,4,0,6
10,12,2026,3,5,18,6,5,7
10,26,2026,3,5,16,4,6,5
10,31,2026,3,5,14,5,2,8
10,36,2026,3,5,16,5,0,13
10,46,2026,3,5,18,2,5,10
10,58,2026,3,5,19,5,9,6
11,0,2026,3,5,19,4,0,10
11,12,2026,3,5,18,4,4,10
11,26,2026,3,5,16,5,8,7
11,31,2026,3,5,14,4,2,9
11,36,2026,3,5,16,3,1,11
11,46,2026,3,5,18,2,5,8
11,58,2026,3,5,19,4,6,6
12,0,2026,3,5,19,3,0,9
12,12,2026,3,5,18,2,2,9
12,26,2026,3,5,16,2,6,5
12,31,2026,3,5,14,4,3,6
12,36,2026,3,5,16,2,1,7
12,46,2026,3,5,18,3,4,6
12,58,2026,3,5,19,5,3,8
13,0,2026,3,5,19,26,0,34
13,12,2026,3,5,18,32,9,57
13,26,2026,3,5,16,2,27,32
13,31,2026,3,5,14,5,20,17
13,36,2026,3,5,16,3,4,16
13,46,2026,3,5,18,17,2,31
13,58,2026,3,5,19,14,18,27
14,0,2026,3,5,19,11,0,38
14,12,2026,3,5,18,7,3,42
14,26,2026,3,5,16,2,18,26
14,31,2026,3,5,14,2,24,4
14,36,2026,3,5,16,5,1,8
14,46,2026,3,5,18,21,3,26
14,58,2026,3,5,19,26,11,41
15,0,2026,3,5,19,25,0,66
15,12,2026,3,5,18,15,15,66
15,26,2026,3,5,16,5,21,50
15,31,2026,3,5,14,4,30,24
15,36,2026,3,5,16,3,2,25
15,46,2026,3,5,18,29,6,48
15,58,2026,3,5,19,32,21,59
16,0,2026,3,5,19,4,0,63
16,12,2026,3,5,18,4,10,57
16,26,2026,3,5,16,2,29,30
16,31,2026,3,5,14,2,24,8
16,36,2026,3,5,16,2,1,9
16,46,2026,3,5,18,5,3,11
16,58,2026,3,5,19,4,5,10
17,0,2026,3,5,19,4,0,14
17,12,2026,3,5,18,6,3,17
17,26,2026,3,5,16,5,7,15
17,31,2026,3,5,14,4,9,10
17,36,2026,3,5,16,2,2,10
17,46,2026,3,5,18,3,1,12
17,58,2026,3,5,19,6,9,9
18,0,2026,3,5,19,3,0,12
18,12,2026,3,5,18,3,2,13
18,26,2026,3,5,16,6,6,13
18,31,2026,3,5,14,4,10,7
18,36,2026,3,5,16,2,0,9
18,46,2026,3,5,18,5,2,12
18,58,2026,3,5,19,5,8,9
19,0,2026,3,5,19,4,0,13
19,12,2026,3,5,18,6,5,14
19,26,2026,3,5,16,6,5,15
19,31,2026,3,5,14,6,11,10
19,36,2026,3,5,16,4,1,13
19,46,2026,3,5,18,3,4,12
19,58,2026,3,5,19,4,7,9
20,0,2026,3,5,19,3,0,12
20,12,2026,3,5,18,4,0,16
20,26,2026,3,5,16,4,8,12
20,31,2026,3,5,14,6,8,10
20,36,2026,3,5,16,3,1,12
20,46,2026,3,5,18,2,5,9
20,58,2026,3,5,19,3,7,5
21,0,2026,3,5,19,5,0,10
21,12,2026,3,5,18,5,4,11
21,26,2026,3,5,16,3,6,8
21,31,2026,3,5,14,4,4,8
21,36,2026,3,5,16,4,2,10
21,46,2026,3,5,18,4,4,10
21,58,2026,3,5,19,6,8,8
22,0,2026,3,5,19,5,0,13
22,12,2026,3,5,18,3,4,12
22,26,2026,3,5,16,6,8,10
22,31,2026,3,5,14,4,8,6
22,36,2026,3,5,16,3,2,7
22,46,2026,3,5,18,3,3,7
22,58,2026,3,5,19,2,3,6
23,0,2026,3,5,19,3,0,9
23,12,2026,3,5,18,3,1,11
23,26,2026,3,5,16,5,2,14
23,31,2026,3,5,14,5,12,7
23,36,2026,3,5,16,6,2,11
23,46,2026,3,5,18,6,4,13
23,58,2026,3,5,19,0,13,0
6,0,2026,3,6,19,4,0,4
6,12,2026,3,6,18,3,1,6
6,26,2026,3,6,16,13,2,17
6,31,2026,3,6,14,10,7,20
6,36,2026,3,6,16,9,3,26
6,46,2026,3,6,18,4,13,17
6,58,2026,3,6,19,3,9,11
7,0,2026,3,6,19,4,0,15
7,12,2026,3,6,18,5,7,13
7,26,2026,3,6,16,20,3,30
7,31,2026,3,6,14,10,9,31
7,36,2026,3,6,16,21,2,50
7,46,2026,3,6,18,5,24,31
7,58,2026,3,6,19,4,26,9
8,0,2026,3,6,19,2,0,11
8,12,2026,3,6,18,2,3,10
8,26,2026,3,6,16,20,5,25
8,31,2026,3,6,14,8,5,28
8,36,2026,3,6,16,10,0,38
8,46,2026,3,6,18,2,17,23
8,58,2026,3,6,19,4,21,6
9,0,2026,3,6,19,2,0,8
9,12,2026,3,6,18,1,6,3
9,26,2026,3,6,16,4,1,6
9,31,2026,3,6,14,3,1,8
9,36,2026,3,6,16,3,0,11
9,46,2026,3,6,18,2,3,10
9,58,2026,3,6,19,3,10,3
10,0,2026,3,6,19,2,0,5
10,12,2026,3,6,18,5,1,9
10,26,2026,3,6,16,5,6,8
10,31,2026,3,6,14,5,5,8
10,36,2026,3,6,16,4,2,10
10,46,2026,3,6,18,2,1,11
10,58,2026,3,6,19,6,7,10
11,0,2026,3,6,19,4,0,14
11,12,2026,3,6,18,5,1,18
11,26,2026,3,6,16,4,4,18
11,31,2026,3,6,14,2,14,6
11,36,2026,3,6,16,6,1,11
11,46,2026,3,6,18,3,3,11
11,58,2026,3,6,19,5,8,8
12,0,2026,3,6,19,4,0,12
12,12,2026,3,6,18,5,3,14
12,26,2026,3,6,16,4,4,14
12,31,2026,3,6,14,4,9,9
12,36,2026,3,6,16,6,0,15
12,46,2026,3,6,18,3,7,11
12,58,2026,3,6,19,6,7,10
13,0,2026,3,6,19,11,0,21
13,12,2026,3,6,18,14,1,34
13,26,2026,3,6,16,5,13,26
13,31,2026,3,6,14,4,21,9
13,36,2026,3,6,16,6,3,12
13,46,2026,3,6,18,30,3,39
13,58,2026,3,6,19,19,10,48
14,0,2026,3,6,19,18,0,66
14,12,2026,3,6,18,22,22,66
14,26,2026,3,6,16,6,21,51
14,31,2026,3,6,14,2,23,30
14,36,2026,3,6,16,3,1,32
14,46,2026,3,6,18,17,7,42
14,58,2026,3,6,19,13,22,33
15,0,2026,3,6,19,21,0,54
15,12,2026,3,6,18,22,10,66
15,26,2026,3,6,16,2,28,40
15,31,2026,3,6,14,5,29,16
15,36,2026,3,6,16,2,1,17
15,46,2026,3,6,18,20,4,33
15,58,2026,3,6,19,22,17,38
16,0,2026,3,6,19,6,0,44
16,12,2026,3,6,18,5,11,38
16,26,2026,3,6,16,2,20,20
16,31,2026,3,6,14,2,19,3
16,36,2026,3,6,16,2,0,5
16,46,2026,3,6,18,6,4,7
16,58,2026,3,6,19,2,4,5
17,0,2026,3,6,19,2,0,7
17,12,2026,3,6,18,2,0,9
17,26,2026,3,6,16,4,5,8
17,31,2026,3,6,14,6,5,9
17,36,2026,3,6,16,5,5,9
17,46,2026,3,6,18,6,3,12
17,58,2026,3,6,19,3,6,9
18,0,2026,3,6,19,3,0,12
18,12,2026,3,6,18,6,1,17
18,26,2026,3,6,16,6,6,17
18,31,2026,3,6,14,4,10,11
18,36,2026,3,6,16,4,1,14
18,46,2026,3,6,18,6,4,16
18,58,2026,3,6,19,5,9,12
19,0,2026,3,6,19,4,0,16
19,12,2026,3,6,18,3,3,16
19,26,2026,3,6,16,6,7,15
19,31,2026,3,6,14,4,10,9
19,36,2026,3,6,16,2,2,9
19,46,2026,3,6,18,3,4,8
19,58,2026,3,6,19,5,5,8
20,0,2026,3,6,19,4,0,12
20,12,2026,3,6,18,3,3,12
20,26,2026,3,6,16,5,3,14
20,31,2026,3,6,14,4,11,7
20,36,2026,3,6,16,3,1,9
20,46,2026,3,6,18,6,7,8
20,58,2026,3,6,19,2,5,5
21,0,2026,3,6,19,4,0,9
21,12,2026,3,6,18,2,2,9
21,26,2026,3,6,16,5,7,7
21,31,2026,3,6,14,2,2,7
21,36,2026,3,6,16,2,0,9
21,46,2026,3,6,18,5,5,9
21,58,2026,3,6,19,5,4,10
22,0,2026,3,6,19,6,0,16
22,12,2026,3,6,18,3,3,16
22,26,2026,3,6,16,2,8,10
22,31,2026,3,6,14,6,7,9
22,36,2026,3,6,16,4,2,11
22,46,2026,3,6,18,6,4,13
22,58,2026,3,6,19,5,7,11
23,0,2026,3,6,19,6,0,17
23,12,2026,3,6,18,6,3,20
23,26,2026,3,6,16,4,5,19
23,31,2026,3,6,14,3,13,9
23,36,2026,3,6,16,5,2,12
23,46,2026,3,6,18,6,5,13
23,58,2026,3,6,19,0,13,0
6,0,2026,3,7,19,6,0,6
6,12,2026,3,7,18,2,4,4
6,26,2026,3,7,16,13,2,15
6,31,2026,3,7,14,5,7,13
6,36,2026,3,7,16,13,3,23
6,46,2026,3,7,18,6,9,20
6,58,2026,3,7,19,3,11,12
7,0,2026,3,7,19,4,0,16
7,12,2026,3,7,18,2,6,12
7,26,2026,3,7,16,13,2,23
7,31,2026,3,7,14,5,9,19
7,36,2026,3,7,16,18,0,37
7,46,2026,3,7,18,5,16,26
7,58,2026,3,7,19,2,22,6
8,0,2026,3,7,19,5,0,11
8,12,2026,3,7,18,3,7,7
8,26,2026,3,7,16,22,2,27
8,31,2026,3,7,14,18,2,43
8,36,2026,3,7,16,17,0,60
8,46,2026,3,7,18,3,21,42
8,58,2026,3,7,19,5,22,25
9,0,2026,3,7,19,5,0,30
9,12,2026,3,7,18,3,9,24
9,26,2026,3,7,16,6,2,28
9,31,2026,3,7,14,6,20,14
9,36,2026,3,7,16,6,0,20
9,46,2026,3,7,18,4,9,15
9,58,2026,3,7,19,1,15,1
10,0,2026,3,7,19,5,0,6
10,12,2026,3,7,18,5,1,10
10,26,2026,3,7,16,2,4,8
10,31,2026,3,7,14,4,5,7
10,36,2026,3,7,16,4,1,10
10,46,2026,3,7,18,2,4,8
10,58,2026,3,7,19,5,6,7
11,0,2026,3,7,19,6,0,13
11,12,2026,3,7,18,4,4,13
11,26,2026,3,7,16,6,7,12
11,31,2026,3,7,14,3,5,10
11,36,2026,3,7,16,3,1,12
11,46,2026,3,7,18,4,6,10
11,58,2026,3,7,19,6,6,10
12,0,2026,3,7,19,6,0,16
12,12,2026,3,7,18,2,3,15
12,26,2026,3,7,16,2,5,12
12,31,2026,3,7,14,3,10,5
12,36,2026,3,7,16,5,1,9
12,46,2026,3,7,18,4,2,11
12,58,2026,3,7,19,6,8,9
13,0,2026,3,7,19,24,0,33
13,12,2026,3,7,18,20,7,46
13,26,2026,3,7,16,6,16,36
13,31,2026,3,7,14,6,25,17
13,36,2026,3,7,16,2,3,16
13,46,2026,3,7,18,8,5,19
13,58,2026,3,7,19,11,11,19
14,0,2026,3,7,19,25,0,44
14,12,2026,3,7,18,20,12,52
14,26,2026,3,7,16,6,21,37
14,31,2026,3,7,14,5,26,16
14,36,2026,3,7,16,2,3,15
14,46,2026,3,7,18,21,7,29
14,58,2026,3,7,19,30,14,45
15,0,2026,3,7,19,21,0,66
15,12,2026,3,7,18,15,15,66
15,26,2026,3,7,16,6,22,50
15,31,2026,3,7,14,5,29,26
15,36,2026,3,7,16,5,3,28
15,46,2026,3,7,18,28,5,51
15,58,2026,3,7,19,27,20,58
16,0,2026,3,7,19,4,0,62
16,12,2026,3,7,18,3,14,51
16,26,2026,3,7,16,5,21,35
16,31,2026,3,7,14,3,27,11
16,36,2026,3,7,16,2,2,11
16,46,2026,3,7,18,3,4,10
16,58,2026,3,7,19,3,7,6
17,0,2026,3,7,19,2,0,8
17,12,2026,3,7,18,4,0,12
17,26,2026,3,7,16,4,4,12
17,31,2026,3,7,14,4,9,7
17,36,2026,3,7,16,5,1,11
17,46,2026,3,7,18,3,5,9
17,58,2026,3,7,19,5,6,8
18,0,2026,3,7,19,4,0,12
18,12,2026,3,7,18,6,1,17
18,26,2026,3,7,16,3,6,14
18,31,2026,3,7,14,4,8,10
18,36,2026,3,7,16,2,2,10
18,46,2026,3,7,18,2,5,7
18,58,2026,3,7,19,6,5,8
19,0,2026,3,7,19,2,0,10
19,12,2026,3,7,18,4,0,14
19,26,2026,3,7,16,6,5,15
19,31,2026,3,7,14,3,9,9
19,36,2026,3,7,16,6,1,14
19,46,2026,3,7,18,6,5,15
19,58,2026,3,7,19,5,8,12
20,0,2026,3,7,19,4,0,16
20,12,2026,3,7,18,5,3,18
20,26,2026,3,7,16,4,10,12
20,31,2026,3,7,14,6,7,11
20,36,2026,3,7,16,4,3,12
20,46,2026,3,7,18,5,6,11
20,58,2026,3,7,19,6,6,11
21,0,2026,3,7,19,3,0,14
21,12,2026,3,7,18,5,4,15
21,26,2026,3,7,16,2,7,10
21,31,2026,3,7,14,3,9,4
21,36,2026,3,7,16,5,2,7
21,46,2026,3,7,18,6,3,10
21,58,2026,3,7,19,4,7,7
22,0,2026,3,7,19,3,0,10
22,12,2026,3,7,18,6,4,12
22,26,2026,3,7,16,2,5,9
22,31,2026,3,7,14,2,5,6
22,36,2026,3,7,16,2,0,8
22,46,2026,3,7,18,5,4,9
22,58,2026,3,7,19,2,8,3
23,0,2026,3,7,19,4,0,7
23,12,2026,3,7,18,2,2,7
23,26,2026,3,7,16,5,3,9
23,31,2026,3,7,14,2,6,5
23,36,2026,3,7,16,2,1,6
23,46,2026,3,7,18,4,4,6
23,58,2026,3,7,19,0,6,0
6,0,2026,3,8,19,5,0,5
6,12,2026,3,8,18,4,1,8
6,26,2026,3,8,16,20,2,26
6,31,2026,3,8,14,5,10,21
6,36,2026,3,8,16,19,1,39
6,46,2026,3,8,18,4,16,27
6,58,2026,3,8,19,3,18,12
7,0,2026,3,8,19,1,0,13
7,12,2026,3,8,18,1,2,12
7,26,2026,3,8,16,21,1,32
7,31,2026,3,8,14,17,11,38
7,36,2026,3,8,16,21,0,59
7,46,2026,3,8,18,5,35,29
7,58,2026,3,8,19,5,21,13
8,0,2026,3,8,19,4,0,17
8,12,2026,3,8,18,1,7,11
8,26,2026,3,8,16,15,4,22
8,31,2026,3,8,14,13,7,28
8,36,2026,3,8,16,21,1,48
8,46,2026,3,8,18,1,23,26
8,58,2026,3,8,19,3,25,4
9,0,2026,3,8,19,4,0,8
9,12,2026,3,8,18,2,7,3
9,26,2026,3,8,16,4,1,6
9,31,2026,3,8,14,4,0,10
9,36,2026,3,8,16,3,0,13
9,46,2026,3,8,18,4,6,11
9,58,2026,3,8,19,4,8,7
10,0,2026,3,8,19,6,0,13
10,12,2026,3,8,18,6,5,14
10,26,2026,3,8,16,3,5,12
10,31,2026,3,8,14,5,9,8
10,36,2026,3,8,16,6,3,11
10,46,2026,3,8,18,3,5,9
10,58,2026,3,8,19,3,6,6
11,0,2026,3,8,19,4,0,10
11,12,2026,3,8,18,2,3,9
11,26,2026,3,8,16,6,4,11
11,31,2026,3,8,14,5,8,8
11,36,2026,3,8,16,6,0,14
11,46,2026,3,8,18,5,8,11
11,58,2026,3,8,19,5,8,8
12,0,2026,3,8,19,2,0,10
12,12,2026,3,8,18,4,3,11
12,26,2026,3,8,16,4,5,10
12,31,2026,3,8,14,6,7,9
12,36,2026,3,8,16,2,3,8
12,46,2026,3,8,18,5,3,10
12,58,2026,3,8,19,3,5,8
13,0,2026,3,8,19,27,0,35
13,12,2026,3,8,18,20,5,50
13,26,2026,3,8,16,2,23,29
13,31,2026,3,8,14,4,23,10
13,36,2026,3,8,16,2,3,9
13,46,2026,3,8,18,12,3,18
13,58,2026,3,8,19,12,8,22
14,0,2026,3,8,19,22,0,44
14,12,2026,3,8,18,22,2,64
14,26,2026,3,8,16,4,21,47
14,31,2026,3,8,14,5,21,31
14,36,2026,3,8,16,2,2,31
14,46,2026,3,8,18,29,8,52
14,58,2026,3,8,19,28,22,58
15,0,2026,3,8,19,7,0,65
15,12,2026,3,8,18,18,17,66
15,26,2026,3,8,16,2,25,43
15,31,2026,3,8,14,6,23,26
15,36,2026,3,8,16,5,2,29
15,46,2026,3,8,18,15,6,38
15,58,2026,3,8,19,11,22,27
16,0,2026,3,8,19,4,0,31
16,12,2026,3,8,18,5,6,30
16,26,2026,3,8,16,2,14,18
16,31,2026,3,8,14,4,12,10
16,36,2026,3,8,16,6,0,16
16,46,2026,3,8,18,2,6,12
16,58,2026,3,8,19,2,8,6
17,0,2026,3,8,19,5,0,11
17,12,2026,3,8,18,6,4,13
17,26,2026,3,8,16,2,6,9
17,31,2026,3,8,14,2,6,5
17,36,2026,3,8,16,3,1,7
17,46,2026,3,8,18,2,1,8
17,58,2026,3,8,19,6,6,8
18,0,2026,3,8,19,2,0,10
18,12,2026,3,8,18,3,1,12
18,26,2026,3,8,16,4,6,10
18,31,2026,3,8,14,2,4,8
18,36,2026,3,8,16,5,0,13
18,46,2026,3,8,18,3,8,8
18,58,2026,3,8,19,4,7,5
19,0,2026,3,8,19,5,0,10
19,12,2026,3,8,18,6,4,12
19,26,2026,3,8,16,6,6,12
19,31,2026,3,8,14,5,7,10
19,36,2026,3,8,16,2,1,11
19,46,2026,3,8,18,3,8,6
19,58,2026,3,8,19,5,3,8
20,0,2026,3,8,19,4,0,12
20,12,2026,3,8,18,6,3,15
20,26,2026,3,8,16,6,9,12
20,31,2026,3,8,14,5,4,13
20,36,2026,3,8,16,4,2,15
20,46,2026,3,8,18,5,6,14
20,58,2026,3,8,19,2,6,10
21,0,2026,3,8,19,2,0,12
21,12,2026,3,8,18,3,0,15
21,26,2026,3,8,16,6,4,17
21,31,2026,3,8,14,2,11,8
21,36,2026,3,8,16,4,1,11
21,46,2026,3,8,18,4,3,12
21,58,2026,3,8,19,3,7,8
22,0,2026,3,8,19,4,0,12
22,12,2026,3,8,18,3,1,14
22,26,2026,3,8,16,5,6,13
22,31,2026,3,8,14,4,8,9
22,36,2026,3,8,16,2,1,10
22,46,2026,3,8,18,3,1,12
22,58,2026,3,8,19,5,11,6
23,0,2026,3,8,19,5,0,11
23,12,2026,3,8,18,5,4,12
23,26,2026,3,8,16,3,3,12
23,31,2026,3,8,14,2,10,4
23,36,2026,3,8,16,2,0,6
23,46,2026,3,8,18,4,1,9
23,58,2026,3,8,19,0,9,0
6,0,2026,3,9,19,2,0,2
6,12,2026,3,9,18,5,1,6
6,26,2026,3,9,16,14,4,16
6,31,2026,3,9,14,19,5,30
6,36,2026,3,9,16,16,6,40
6,46,2026,3,9,18,2,17,25
6,58,2026,3,9,19,5,18,12
7,0,2026,3,9,19,4,0,16
7,12,2026,3,9,18,2,7,11
7,26,2026,3,9,16,11,1,21
7,31,2026,3,9,14,7,9,19
7,36,2026,3,9,16,10,1,28
7,46,2026,3,9,18,2,14,16
7,58,2026,3,9,19,5,16,5
8,0,2026,3,9,19,5,0,10
8,12,2026,3,9,18,4,7,7
8,26,2026,3,9,16,22,2,27
8,31,2026,3,9,14,20,3,44
8,36,2026,3,9,16,19,2,61
8,46,2026,3,9,18,2,20,43
8,58,2026,3,9,19,3,22,24
9,0,2026,3,9,19,1,0,25
9,12,2026,3,9,18,2,3,24
9,26,2026,3,9,16,3,3,24
9,31,2026,3,9,14,2,20,6
9,36,2026,3,9,16,3,0,9
9,46,2026,3,9,18,1,4,6
9,58,2026,3,9,19,3,6,3
10,0,2026,3,9,19,4,0,7
10,12,2026,3,9,18,5,4,8
10,26,2026,3,9,16,4,3,9
10,31,2026,3,9,14,4,2,11
10,36,2026,3,9,16,6,2,15
10,46,2026,3,9,18,6,7,14
10,58,2026,3,9,19,6,7,13
11,0,2026,3,9,19,3,0,16
11,12,2026,3,9,18,2,2,16
11,26,2026,3,9,16,5,7,14
11,31,2026,3,9,14,3,9,8
11,36,2026,3,9,16,4,1,11
11,46,2026,3,9,18,4,3,12
11,58,2026,3,9,19,3,8,7
12,0,2026,3,9,19,4,0,11
12,12,2026,3,9,18,4,0,15
12,26,2026,3,9,16,5,11,9
12,31,2026,3,9,14,3,5,7
12,36,2026,3,9,16,2,0,9
12,46,2026,3,9,18,6,2,13
12,58,2026,3,9,19,2,8,7
13,0,2026,3,9,19,7,0,14
13,12,2026,3,9,18,15,4,25
13,26,2026,3,9,16,6,11,20
13,31,2026,3,9,14,2,12,10
13,36,2026,3,9,16,4,1,13
13,46,2026,3,9,18,26,4,35
13,58,2026,3,9,19,20,13,42
14,0,2026,3,9,19,18,0,60
14,12,2026,3,9,18,16,10,66
14,26,2026,3,9,16,5,29,42
14,31,2026,3,9,14,3,21,24
14,36,2026,3,9,16,2,0,26
14,46,2026,3,9,18,14,5,35
14,58,2026,3,9,19,30,20,45
15,0,2026,3,9,19,21,0,66
15,12,2026,3,9,18,13,13,66
15,26,2026,3,9,16,2,22,46
15,31,2026,3,9,14,2,31,17
15,36,2026,3,9,16,6,1,22
15,46,2026,3,9,18,18,3,37
15,58,2026,3,9,19,20,22,35
16,0,2026,3,9,19,5,0,40
16,12,2026,3,9,18,5,9,36
16,26,2026,3,9,16,5,16,25
16,31,2026,3,9,14,4,20,9
16,36,2026,3,9,16,5,2,12
16,46,2026,3,9,18,2,3,11
16,58,2026,3,9,19,4,7,8
17,0,2026,3,9,19,5,0,13
17,12,2026,3,9,18,2,2,13
17,26,2026,3,9,16,2,4,11
17,31,2026,3,9,14,5,10,6
17,36,2026,3,9,16,5,1,10
17,46,2026,3,9,18,4,3,11
17,58,2026,3,9,19,3,7,7
18,0,2026,3,9,19,2,0,9
18,12,2026,3,9,18,5,2,12
18,26,2026,3,9,16,5,4,13
18,31,2026,3,9,14,4,10,7
18,36,2026,3,9,16,4,1,10
18,46,2026,3,9,18,3,6,7
18,58,2026,3,9,19,3,5,5
19,0,2026,3,9,19,2,0,7
19,12,2026,3,9,18,4,2,9
19,26,2026,3,9,16,5,6,8
19,31,2026,3,9,14,4,3,9
19,36,2026,3,9,16,2,2,9
19,46,2026,3,9,18,6,4,11
19,58,2026,3,9,19,2,8,5
20,0,2026,3,9,19,3,0,8
20,12,2026,3,9,18,4,2,10
20,26,2026,3,9,16,5,5,10
20,31,2026,3,9,14,2,6,6
20,36,2026,3,9,16,3,1,8
20,46,2026,3,9,18,6,3,11
20,58,2026,3,9,19,6,6,11
21,0,2026,3,9,19,3,0,14
21,12,2026,3,9,18,4,4,14
21,26,2026,3,9,16,6,6,14
21,31,2026,3,9,14,6,9,11
21,36,2026,3,9,16,2,3,10
21,46,2026,3,9,18,3,5,8
21,58,2026,3,9,19,4,5,7
22,0,2026,3,9,19,3,0,10
22,12,2026,3,9,18,5,4,11
22,26,2026,3,9,16,3,6,8
22,31,2026,3,9,14,5,6,7
22,36,2026,3,9,16,2,1,8
22,46,2026,3,9,18,2,2,8
22,58,2026,3,9,19,2,6,4
23,0,2026,3,9,19,2,0,6
23,12,2026,3,9,18,4,1,9
23,26,2026,3,9,16,4,3,10
23,31,2026,3,9,14,4,6,8
23,36,2026,3,9,16,2,0,10
23,46,2026,3,9,18,2,5,7
23,58,2026,3,9,19,0,7,0
6,0,2026,3,10,19,4,0,4
6,12,2026,3,10,18,4,1,7
6,26,2026,3,10,16,7,1,13
6,31,2026,3,10,14,5,4,14
6,36,2026,3,10,16,5,1,18
6,46,2026,3,10,18,4,5,17
6,58,2026,3,10,19,3,13,7
7,0,2026,3,10,19,5,0,12
7,12,2026,3,10,18,1,7,6
7,26,2026,3,10,16,5,3,8
7,31,2026,3,10,14,21,2,27
7,36,2026,3,10,16,16,2,41
7,46,2026,3,10,18,5,23,23
7,58,2026,3,10,19,5,20,8
8,0,2026,3,10,19,1,0,9
8,12,2026,3,10,18,4,5,8
8,26,2026,3,10,16,14,0,22
8,31,2026,3,10,14,13,6,29
8,36,2026,3,10,16,11,3,37
8,46,2026,3,10,18,2,17,22
8,58,2026,3,10,19,3,20,5
9,0,2026,3,10,19,1,0,6
9,12,2026,3,10,18,1,2,5
9,26,2026,3,10,16,5,2,8
9,31,2026,3,10,14,4,2,10
9,36,2026,3,10,16,4,0,14
9,46,2026,3,10,18,1,6,9
9,58,2026,3,10,19,4,8,5
10,0,2026,3,10,19,3,0,8
10,12,2026,3,10,18,3,4,7
10,26,2026,3,10,16,2,4,5
10,31,2026,3,10,14,6,3,8
10,36,2026,3,10,16,3,2,9
10,46,2026,3,10,18,4,2,11
10,58,2026,3,10,19,4,4,11
11,0,2026,3,10,19,3,0,14
11,12,2026,3,10,18,4,3,15
11,26,2026,3,10,16,6,5,16
11,31,2026,3,10,14,2,11,7
11,36,2026,3,10,16,2,1,8
11,46,2026,3,10,18,6,2,12
11,58,2026,3,10,19,3,9,6
12,0,2026,3,10,19,6,0,12
12,12,2026,3,10,18,5,3,14
12,26,2026,3,10,16,2,9,7
12,31,2026,3,10,14,6,5,8
12,36,2026,3,10,16,4,1,11
12,46,2026,3,10,18,3,2,12
12,58,2026,3,10,19,5,9,8
13,0,2026,3,10,19,16,0,24
13,12,2026,3,10,18,7,7,24
13,26,2026,3,10,16,5,7,22
13,31,2026,3,10,14,5,17,10
13,36,2026,3,10,16,2,1,11
13,46,2026,3,10,18,29,4,36
13,58,2026,3,10,19,31,10,57
14,0,2026,3,10,19,9,0,66
14,12,2026,3,10,18,15,18,63
14,26,2026,3,10,16,4,27,40
14,31,2026,3,10,14,5,21,24
14,36,2026,3,10,16,4,2,26
14,46,2026,3,10,18,19,3,42
14,58,2026,3,10,19,9,20,31
15,0,2026,3,10,19,15,0,46
15,12,2026,3,10,18,22,2,66
15,26,2026,3,10,16,3,30,39
15,31,2026,3,10,14,3,27,15
15,36,2026,3,10,16,6,2,19
15,46,2026,3,10,18,13,4,28
15,58,2026,3,10,19,14,15,27
16,0,2026,3,10,19,2,0,29
16,12,2026,3,10,18,2,1,30
16,26,2026,3,10,16,2,16,16
16,31,2026,3,10,14,4,15,5
16,36,2026,3,10,16,6,2,9
16,46,2026,3,10,18,5,2,12
16,58,2026,3,10,19,2,7,7
17,0,2026,3,10,19,3,0,10
17,12,2026,3,10,18,2,1,11
17,26,2026,3,10,16,5,4,12
17,31,2026,3,10,14,4,8,8
17,36,2026,3,10,16,4,1,11
17,46,2026,3,10,18,6,6,11
17,58,2026,3,10,19,4,5,10
18,0,2026,3,10,19,5,0,15
18,12,2026,3,10,18,3,5,13
18,26,2026,3,10,16,3,6,10
18,31,2026,3,10,14,6,7,9
18,36,2026,3,10,16,6,1,14
18,46,2026,3,10,18,6,4,16
18,58,2026,3,10,19,4,10,10
19,0,2026,3,10,19,2,0,12
19,12,2026,3,10,18,3,2,13
19,26,2026,3,10,16,3,4,12
19,31,2026,3,10,14,5,8,9
19,36,2026,3,10,16,3,1,11
19,46,2026,3,10,18,5,3,13
19,58,2026,3,10,19,5,7,11
20,0,2026,3,10,19,5,0,16
20,12,2026,3,10,18,5,3,18
20,26,2026,3,10,16,4,6,16
20,31,2026,3,10,14,3,14,5
20,36,2026,3,10,16,3,1,7
20,46,2026,3,10,18,3,1,9
20,58,2026,3,10,19,4,5,8
21,0,2026,3,10,19,2,0,10
21,12,2026,3,10,18,6,2,14
21,26,2026,3,10,16,3,6,11
21,31,2026,3,10,14,4,8,7
21,36,2026,3,10,16,6,2,11
21,46,2026,3,10,18,6,5,12
21,58,2026,3,10,19,6,9,9
22,0,2026,3,10,19,2,0,11
22,12,2026,3,10,18,3,2,12
22,26,2026,3,10,16,6,5,13
22,31,2026,3,10,14,3,6,10
22,36,2026,3,10,16,4,0,14
22,46,2026,3,10,18,4,7,11
22,58,2026,3,10,19,4,7,8
23,0,2026,3,10,19,2,0,10
23,12,2026,3,10,18,5,0,15
23,26,2026,3,10,16,6,7,14
23,31,2026,3,10,14,3,9,8
23,36,2026,3,10,16,3,2,9
23,46,2026,3,10,18,2,1,10
23,58,2026,3,10,19,0,10,0
6,0,2026,3,11,19,6,0,6
6,12,2026,3,11,18,5,2,9
6,26,2026,3,11,16,11,7,13
6,31,2026,3,11,14,6,4,15
6,36,2026,3,11,16,14,1,28
6,46,2026,3,11,18,4,15,17
6,58,2026,3,11,19,6,10,13
7,0,2026,3,11,19,1,0,14
7,12,2026,3,11,18,4,4,14
7,26,2026,3,11,16,10,4,20
7,31,2026,3,11,14,7,7,20
7,36,2026,3,11,16,11,0,31
7,46,2026,3,11,18,4,12,23
7,58,2026,3,11,19,1,21,3
8,0,2026,3,11,19,1,0,4
8,12,2026,3,11,18,4,1,7
8,26,2026,3,11,16,19,3,23
8,31,2026,3,11,14,18,1,40
8,36,2026,3,11,16,12,2,50
8,46,2026,3,11,18,5,28,27
8,58,2026,3,11,19,2,21,8
9,0,2026,3,11,19,4,0,12
9,12,2026,3,11,18,4,4,12
9,26,2026,3,11,16,4,4,12
9,31,2026,3,11,14,6,4,14
9,36,2026,3,11,16,4,0,18
9,46,2026,3,11,18,2,4,16
9,58,2026,3,11,19,4,16,4
10,0,2026,3,11,19,2,0,6
10,12,2026,3,11,18,3,5,4
10,26,2026,3,11,16,4,2,6
10,31,2026,3,11,14,3,3,6
10,36,2026,3,11,16,3,1,8
10,46,2026,3,11,18,5,4,9
10,58,2026,3,11,19,2,4,7
11,0,2026,3,11,19,5,0,12
11,12,2026,3,11,18,6,2,16
11,26,2026,3,11,16,5,6,15
11,31,2026,3,11,14,3,10,8
11,36,2026,3,11,16,2,0,10
11,46,2026,3,11,18,5,2,13
11,58,2026,3,11,19,4,9,8
12,0,2026,3,11,19,6,0,14
12,12,2026,3,11,18,5,1,18
12,26,2026,3,11,16,4,4,18
12,31,2026,3,11,14,5,12,11
12,36,2026,3,11,16,2,1,12
12,46,2026,3,11,18,5,5,12
12,58,2026,3,11,19,4,9,7
13,0,2026,3,11,19,22,0,29
13,12,2026,3,11,18,23,5,47
13,26,2026,3,11,16,2,23,26
13,31,2026,3,11,14,5,21,10
13,36,2026,3,11,16,3,1,12
13,46,2026,3,11,18,7,2,17
13,58,2026,3,11,19,15,8,24
14,0,2026,3,11,19,31,0,55
14,12,2026,3,11,18,23,12,66
14,26,2026,3,11,16,4,21,49
14,31,2026,3,11,14,3,22,30
14,36,2026,3,11,16,5,3,32
14,46,2026,3,11,18,24,6,50
14,58,2026,3,11,19,26,23,53
15,0,2026,3,11,19,13,0,66
15,12,2026,3,11,18,22,22,66
15,26,2026,3,11,16,2,23,45
15,31,2026,3,11,14,5,21,29
15,36,2026,3,11,16,3,3,29
15,46,2026,3,11,18,31,5,55
15,58,2026,3,11,19,10,22,43
16,0,2026,3,11,19,4,0,47
16,12,2026,3,11,18,3,7,43
16,26,2026,3,11,16,4,20,27
16,31,2026,3,11,14,5,20,12
16,36,2026,3,11,16,4,1,15
16,46,2026,3,11,18,2,10,7
16,58,2026,3,11,19,2,5,4
17,0,2026,3,11,19,2,0,6
17,12,2026,3,11,18,4,1,9
17,26,2026,3,11,16,2,6,5
17,31,2026,3,11,14,2,3,4
17,36,2026,3,11,16,4,0,8
17,46,2026,3,11,18,3,1,10
17,58,2026,3,11,19,3,8,5
18,0,2026,3,11,19,6,0,11
18,12,2026,3,11,18,5,4,12
18,26,2026,3,11,16,4,4,12
18,31,2026,3,11,14,6,7,11
18,36,2026,3,11,16,4,0,15
18,46,2026,3,11,18,2,7,10
18,58,2026,3,11,19,4,9,5
19,0,2026,3,11,19,6,0,11
19,12,2026,3,11,18,5,3,13
19,26,2026,3,11,16,6,6,13
19,31,2026,3,11,14,2,8,7
19,36,2026,3,11,16,4,1,10
19,46,2026,3,11,18,3,5,8
19,58,2026,3,11,19,4,5,7
20,0,2026,3,11,19,2,0,9
20,12,2026,3,11,18,2,3,8
20,26,2026,3,11,16,6,6,8
20,31,2026,3,11,14,2,4,6
20,36,2026,3,11,16,6,0,12
20,46,2026,3,11,18,3,2,13
20,58,2026,3,11,19,5,7,11
21,0,2026,3,11,19,4,0,15
21,12,2026,3,11,18,5,0,20
21,26,2026,3,11,16,5,6,19
21,31,2026,3,11,14,4,15,8
21,36,2026,3,11,16,5,0,13
21,46,2026,3,11,18,3,4,12
21,58,2026,3,11,19,2,9,5
22,0,2026,3,11,19,2,0,7
22,12,2026,3,11,18,3,1,9
22,26,2026,3,11,16,3,3,9
22,31,2026,3,11,14,2,4,7
22,36,2026,3,11,16,6,1,12
22,46,2026,3,11,18,5,4,13
22,58,2026,3,11,19,6,6,13
23,0,2026,3,11,19,4,0,17
23,12,2026,3,11,18,3,4,16
23,26,2026,3,11,16,6,6,16
23,31,2026,3,11,14,4,10,10
23,36,2026,3,11,16,4,1,13
23,46,2026,3,11,18,3,10,6
23,58,2026,3,11,19,0,6,0
6,0,2026,3,12,19,3,0,3
6,12,2026,3,12,18,3,2,4
6,26,2026,3,12,16,13,2,15
6,31,2026,3,12,14,10,8,17
6,36,2026,3,12,16,10,3,24
6,46,2026,3,12,18,4,7,21
6,58,2026,3,12,19,3,13,11
7,0,2026,3,12,19,3,0,14
7,12,2026,3,12,18,1,6,9
7,26,2026,3,12,16,20,2,27
7,31,2026,3,12,14,14,7,34
7,36,2026,3,12,16,7,0,41
7,46,2026,3,12,18,4,19,26
7,58,2026,3,12,19,1,21,6
8,0,2026,3,12,19,4,0,10
8,12,2026,3,12,18,3,4,9
8,26,2026,3,12,16,20,2,27
8,31,2026,3,12,14,16,7,36
8,36,2026,3,12,16,21,2,55
8,46,2026,3,12,18,2,26,31
8,58,2026,3,12,19,3,29,5
9,0,2026,3,12,19,1,0,6
9,12,2026,3,12,18,2,1,7
9,26,2026,3,12,16,4,2,9
9,31,2026,3,12,14,4,3,10
9,36,2026,3,12,16,3,0,13
9,46,2026,3,12,18,3,5,11
9,58,2026,3,12,19,5,9,7
10,0,2026,3,12,19,4,0,11
10,12,2026,3,12,18,5,4,12
10,26,2026,3,12,16,2,4,10
10,31,2026,3,12,14,3,9,4
10,36,2026,3,12,16,2,0,6
10,46,2026,3,12,18,2,2,6
10,58,2026,3,12,19,2,3,5
11,0,2026,3,12,19,5,0,10
11,12,2026,3,12,18,6,1,15
11,26,2026,3,12,16,2,7,10
11,31,2026,3,12,14,6,6,10
11,36,2026,3,12,16,5,4,11
11,46,2026,3,12,18,3,1,13
11,58,2026,3,12,19,6,9,10
12,0,2026,3,12,19,5,0,15
12,12,2026,3,12,18,3,4,14
12,26,2026,3,12,16,2,4,12
12,31,2026,3,12,14,6,10,8
12,36,2026,3,12,16,6,4,10
12,46,2026,3,12,18,4,2,12
12,58,2026,3,12,19,6,7,11
13,0,2026,3,12,19,7,0,18
13,12,2026,3,12,18,22,1,39
13,26,2026,3,12,16,5,15,29
13,31,2026,3,12,14,4,19,14
13,36,2026,3,12,16,5,2,17
13,46,2026,3,12,18,9,3,23
13,58,2026,3,12,19,31,11,43
14,0,2026,3,12,19,16,0,59
14,12,2026,3,12,18,17,10,66
14,26,2026,3,12,16,6,25,47
14,31,2026,3,12,14,5,24,28
14,36,2026,3,12,16,4,4,28
14,46,2026,3,12,18,11,6,33
14,58,2026,3,12,19,30,22,41
15,0,2026,3,12,19,21,0,62
15,12,2026,3,12,18,18,15,65
15,26,2026,3,12,16,4,26,43
15,31,2026,3,12,14,6,21,28
15,36,2026,3,12,16,2,3,27
15,46,2026,3,12,18,22,6,43
15,58,2026,3,12,19,13,25,31
16,0,2026,3,12,19,2,0,33
16,12,2026,3,12,18,4,4,33
16,26,2026,3,12,16,6,17,22
16,31,2026,3,12,14,2,15,9
16,36,2026,3,12,16,6,0,15
16,46,2026,3,12,18,5,5,15
16,58,2026,3,12,19,6,11,10
17,0,2026,3,12,19,5,0,15
17,12,2026,3,12,18,5,2,18
17,26,2026,3,12,16,2,7,13
17,31,2026,3,12,14,5,10,8
17,36,2026,3,12,16,6,2,12
17,46,2026,3,12,18,3,6,9
17,58,2026,3,12,19,6,7,8
18,0,2026,3,12,19,3,0,11
18,12,2026,3,12,18,2,4,9
18,26,2026,3,12,16,3,4,8
18,31,2026,3,12,14,4,4,8
18,36,2026,3,12,16,5,1,12
18,46,2026,3,12,18,2,3,11
18,58,2026,3,12,19,5,7,9
19,0,2026,3,12,19,6,0,15
19,12,2026,3,12,18,2,6,11
19,26,2026,3,12,16,6,4,13
19,31,2026,3,12,14,6,9,10
19,36,2026,3,12,16,2,1,11
19,46,2026,3,12,18,2,6,7
19,58,2026,3,12,19,3,3,7
20,0,2026,3,12,19,5,0,12
20,12,2026,3,12,18,4,2,14
20,26,2026,3,12,16,3,2,15
20,31,2026,3,12,14,5,11,9
20,36,2026,3,12,16,3,0,12
20,46,2026,3,12,18,3,5,10
20,58,2026,3,12,19,6,9,7
21,0,2026,3,12,19,3,0,10
21,12,2026,3,12,18,2,2,10
21,26,2026,3,12,16,5,5,10
21,31,2026,3,12,14,3,6,7
21,36,2026,3,12,16,5,3,9
21,46,2026,3,12,18,2,0,11
21,58,2026,3,12,19,5,8,8
22,0,2026,3,12,19,6,0,14
22,12,2026,3,12,18,4,3,15
22,26,2026,3,12,16,4,4,15
22,31,2026,3,12,14,6,11,10
22,36,2026,3,12,16,4,3,11
22,46,2026,3,12,18,5,4,12
22,58,2026,3,12,19,2,9,5
23,0,2026,3,12,19,6,0,11
23,12,2026,3,12,18,2,1,12
23,26,2026,3,12,16,3,5,10
23,31,2026,3,12,14,4,6,8
23,36,2026,3,12,16,2,3,7
23,46,2026,3,12,18,5,3,9
23,58,2026,3,12,19,0,9,0
6,0,2026,3,13,19,6,0,6
6,12,2026,3,13,18,2,0,8
6,26,2026,3,13,16,13,4,17
6,31,2026,3,13,14,17,6,28
6,36,2026,3,13,16,11,6,33
6,46,2026,3,13,18,6,18,21
6,58,2026,3,13,19,4,14,11
7,0,2026,3,13,19,4,0,15
7,12,2026,3,13,18,3,8,10
7,26,2026,3,13,16,11,3,18
7,31,2026,3,13,14,8,5,21
7,36,2026,3,13,16,17,1,37
7,46,2026,3,13,18,2,15,24
7,58,2026,3,13,19,3,20,7
8,0,2026,3,13,19,1,0,8
8,12,2026,3,13,18,4,4,8
8,26,2026,3,13,16,10,2,16
8,31,2026,3,13,14,16,2,30
8,36,2026,3,13,16,10,0,40
8,46,2026,3,13,18,1,18,23
8,58,2026,3,13,19,2,20,5
9,0,2026,3,13,19,5,0,10
9,12,2026,3,13,18,4,5,9
9,26,2026,3,13,16,5,2,12
9,31,2026,3,13,14,2,4,10
9,36,2026,3,13,16,4,0,14
9,46,2026,3,13,18,2,8,8
9,58,2026,3,13,19,5,8,5
10,0,2026,3,13,19,4,0,9
10,12,2026,3,13,18,5,1,13
10,26,2026,3,13,16,5,3,15
10,31,2026,3,13,14,2,9,8
10,36,2026,3,13,16,2,1,9
10,46,2026,3,13,18,6,1,14
10,58,2026,3,13,19,3,9,8
11,0,2026,3,13,19,4,0,12
11,12,2026,3,13,18,5,0,17
11,26,2026,3,13,16,5,6,16
11,31,2026,3,13,14,4,12,8
11,36,2026,3,13,16,2,1,9
11,46,2026,3,13,18,5,2,12
11,58,2026,3,13,19,5,6,11
12,0,2026,3,13,19,3,0,14
12,12,2026,3,13,18,3,3,14
12,26,2026,3,13,16,2,5,11
12,31,2026,3,13,14,6,7,10
12,36,2026,3,13,16,3,3,10
12,46,2026,3,13,18,4,4,10
12,58,2026,3,13,19,3,5,8
13,0,2026,3,13,19,11,0,19
13,12,2026,3,13,18,7,3,23
13,26,2026,3,13,16,2,10,15
13,31,2026,3,13,14,6,13,8
13,36,2026,3,13,16,2,3,7
13,46,2026,3,13,18,24,0,31
13,58,2026,3,13,19,32,14,49
14,0,2026,3,13,19,17,0,66
14,12,2026,3,13,18,17,24,59
14,26,2026,3,13,16,4,22,41
14,31,2026,3,13,14,6,20,27
14,36,2026,3,13,16,2,3,26
14,46,2026,3,13,18,18,4,40
14,58,2026,3,13,19,9,20,29
15,0,2026,3,13,19,17,0,46
15,12,2026,3,13,18,26,6,66
15,26,2026,3,13,16,3,25,44
15,31,2026,3,13,14,6,36,14
15,36,2026,3,13,16,5,4,15
15,46,2026,3,13,18,14,2,27
15,58,2026,3,13,19,30,15,42
16,0,2026,3,13,19,4,0,46
16,12,2026,3,13,18,3,10,39
16,26,2026,3,13,16,3,19,23
16,31,2026,3,13,14,5,20,8
16,36,2026,3,13,16,5,1,12
16,46,2026,3,13,18,4,5,11
16,58,2026,3,13,19,2,8,5
17,0,2026,3,13,19,5,0,10
17,12,2026,3,13,18,5,2,13
17,26,2026,3,13,16,5,5,13
17,31,2026,3,13,14,3,8,8
17,36,2026,3,13,16,5,1,12
17,46,2026,3,13,18,5,4,13
17,58,2026,3,13,19,5,7,11
18,0,2026,3,13,19,5,0,16
18,12,2026,3,13,18,2,6,12
18,26,2026,3,13,16,2,6,8
18,31,2026,3,13,14,6,6,8
18,36,2026,3,13,16,2,3,7
18,46,2026,3,13,18,3,5,5
18,58,2026,3,13,19,4,1,8
19,0,2026,3,13,19,4,0,12
19,12,2026,3,13,18,3,3,12
19,26,2026,3,13,16,2,7,7
19,31,2026,3,13,14,3,5,5
19,36,2026,3,13,16,6,2,9
19,46,2026,3,13,18,4,3,10
19,58,2026,3,13,19,3,6,7
20,0,2026,3,13,19,6,0,13
20,12,2026,3,13,18,6,5,14
20,26,2026,3,13,16,3,5,12
20,31,2026,3,13,14,2,7,7
20,36,2026,3,13,16,3,0,10
20,46,2026,3,13,18,4,2,12
20,58,2026,3,13,19,2,11,3
21,0,2026,3,13,19,4,0,7
21,12,2026,3,13,18,2,2,7
21,26,2026,3,13,16,5,2,10
21,31,2026,3,13,14,2,4,8
21,36,2026,3,13,16,6,1,13
21,46,2026,3,13,18,5,4,14
21,58,2026,3,13,19,3,8,9
22,0,2026,3,13,19,6,0,15
22,12,2026,3,13,18,3,4,14
22,26,2026,3,13,16,2,5,11
22,31,2026,3,13,14,4,10,5
22,36,2026,3,13,16,3,1,7
22,46,2026,3,13,18,2,2,7
22,58,2026,3,13,19,3,4,6
23,0,2026,3,13,19,5,0,11
23,12,2026,3,13,18,6,2,15
23,26,2026,3,13,16,2,5,12
23,31,2026,3,13,14,2,7,7
23,36,2026,3,13,16,4,0,11
23,46,2026,3,13,18,2,3,10
23,58,2026,3,13,19,0,10,0
6,0,2026,3,14,19,6,0,6
6,12,2026,3,14,18,3,1,8
6,26,2026,3,14,16,18,5,21
6,31,2026,3,14,14,20,8,33
6,36,2026,3,14,16,14,9,38
6,46,2026,3,14,18,6,20,24
6,58,2026,3,14,19,5,17,12
7,0,2026,3,14,19,1,0,13
7,12,2026,3,14,18,4,6,11
7,26,2026,3,14,16,5,0,16
7,31,2026,3,14,14,12,7,21
7,36,2026,3,14,16,15,0,36
7,46,2026,3,14,18,4,15,25
7,58,2026,3,14,19,4,21,8
8,0,2026,3,14,19,5,0,13
8,12,2026,3,14,18,4,7,10
8,26,2026,3,14,16,16,4,22
8,31,2026,3,14,14,8,2,28
8,36,2026,3,14,16,14,3,39
8,46,2026,3,14,18,2,14,27
8,58,2026,3,14,19,5,24,8
9,0,2026,3,14,19,1,0,9
9,12,2026,3,14,18,1,6,4
9,26,2026,3,14,16,3,2,5
9,31,2026,3,14,14,3,2,6
9,36,2026,3,14,16,6,0,12
9,46,2026,3,14,18,1,4,9
9,58,2026,3,14,19,5,9,5
10,0,2026,3,14,19,5,0,10
10,12,2026,3,14,18,2,5,7
10,26,2026,3,14,16,3,3,7
10,31,2026,3,14,14,4,3,8
10,36,2026,3,14,16,2,1,9
10,46,2026,3,14,18,6,4,11
10,58,2026,3,14,19,4,7,8
11,0,2026,3,14,19,2,0,10
11,12,2026,3,14,18,5,1,14
11,26,2026,3,14,16,5,4,15
11,31,2026,3,14,14,2,8,9
11,36,2026,3,14,16,2,0,11
11,46,2026,3,14,18,2,3,10
11,58,2026,3,14,19,5,8,7
12,0,2026,3,14,19,5,0,12
12,12,2026,3,14,18,5,4,13
12,26,2026,3,14,16,5,5,13
12,31,2026,3,14,14,2,7,8
12,36,2026,3,14,16,5,0,13
12,46,2026,3,14,18,3,2,14
12,58,2026,3,14,19,5,11,8
13,0,2026,3,14,19,20,0,28
13,12,2026,3,14,18,9,7,30
13,26,2026,3,14,16,6,14,22
13,31,2026,3,14,14,3,17,8
13,36,2026,3,14,16,2,3,7
13,46,2026,3,14,18,25,0,32
13,58,2026,3,14,19,22,8,46
14,0,2026,3,14,19,12,0,58
14,12,2026,3,14,18,16,15,59
14,26,2026,3,14,16,3,23,39
14,31,2026,3,14,14,2,20,21
14,36,2026,3,14,16,6,1,26
14,46,2026,3,14,18,9,4,31
14,58,2026,3,14,19,32,20,43
15,0,2026,3,14,19,20,0,63
15,12,2026,3,14,18,14,18,59
15,26,2026,3,14,16,4,23,40
15,31,2026,3,14,14,5,22,23
15,36,2026,3,14,16,6,4,25
15,46,2026,3,14,18,30,5,50
15,58,2026,3,14,19,12,28,34
16,0,2026,3,14,19,3,0,37
16,12,2026,3,14,18,4,8,33
16,26,2026,3,14,16,4,16,21
16,31,2026,3,14,14,5,19,7
16,36,2026,3,14,16,6,1,12
16,46,2026,3,14,18,2,1,13
16,58,2026,3,14,19,6,9,10
17,0,2026,3,14,19,2,0,12
17,12,2026,3,14,18,3,6,9
17,26,2026,3,14,16,4,3,10
17,31,2026,3,14,14,2,6,6
17,36,2026,3,14,16,6,0,12
17,46,2026,3,14,18,6,6,12
17,58,2026,3,14,19,6,8,10
18,0,2026,3,14,19,3,0,13
18,12,2026,3,14,18,4,3,14
18,26,2026,3,14,16,6,9,11
18,31,2026,3,14,14,3,6,8
18,36,2026,3,14,16,5,1,12
18,46,2026,3,14,18,3,3,12
18,58,2026,3,14,19,5,8,9
19,0,2026,3,14,19,4,0,13
19,12,2026,3,14,18,2,3,12
19,26,2026,3,14,16,2,5,9
19,31,2026,3,14,14,2,7,4
19,36,2026,3,14,16,3,0,7
19,46,2026,3,14,18,5,3,9
19,58,2026,3,14,19,3,3,9
20,0,2026,3,14,19,5,0,14
20,12,2026,3,14,18,5,3,16
20,26,2026,3,14,16,3,7,12
20,31,2026,3,14,14,3,8,7
20,36,2026,3,14,16,3,1,9
20,46,2026,3,14,18,4,2,11
20,58,2026,3,14,19,4,7,8
21,0,2026,3,14,19,5,0,13
21,12,2026,3,14,18,5,4,14
21,26,2026,3,14,16,5,8,11
21,31,2026,3,14,14,3,5,9
21,36,2026,3,14,16,6,1,14
21,46,2026,3,14,18,3,4,13
21,58,2026,3,14,19,2,10,5
22,0,2026,3,14,19,2,0,7
22,12,2026,3,14,18,3,0,10
22,26,2026,3,14,16,6,5,11
22,31,2026,3,14,14,5,8,8
22,36,2026,3,14,16,5,2,11
22,46,2026,3,14,18,4,2,13
22,58,2026,3,14,19,2,7,8
23,0,2026,3,14,19,5,0,13
23,12,2026,3,14,18,4,3,14
23,26,2026,3,14,16,6,3,17
23,31,2026,3,14,14,6,9,14
23,36,2026,3,14,16,5,1,18
23,46,2026,3,14,18,6,6,18
23,58,2026,3,14,19,0,18,0
6,0,2026,3,15,19,5,0,5
6,12,2026,3,15,18,6,1,10
6,26,2026,3,15,16,17,5,22
6,31,2026,3,15,14,10,7,25
6,36,2026,3,15,16,17,2,40
6,46,2026,3,15,18,3,15,28
6,58,2026,3,15,19,6,19,15
7,0,2026,3,15,19,1,0,16
7,12,2026,3,15,18,4,6,14
7,26,2026,3,15,16,12,1,25
7,31,2026,3,15,14,17,13,29
7,36,2026,3,15,16,7,1,35
7,46,2026,3,15,18,5,20,20
7,58,2026,3,15,19,1,19,2
8,0,2026,3,15,19,3,0,5
8,12,2026,3,15,18,3,4,4
8,26,2026,3,15,16,7,1,10
8,31,2026,3,15,14,22,2,30
8,36,2026,3,15,16,9,1,38
8,46,2026,3,15,18,5,13,30
8,58,2026,3,15,19,4,25,9
9,0,2026,3,15,19,5,0,14
9,12,2026,3,15,18,5,9,10
9,26,2026,3,15,16,5,2,13
9,31,2026,3,15,14,6,3,16
9,36,2026,3,15,16,6,1,21
9,46,2026,3,15,18,3,8,16
9,58,2026,3,15,19,2,16,2
10,0,2026,3,15,19,2,0,4
10,12,2026,3,15,18,3,2,5
10,26,2026,3,15,16,5,2,8
10,31,2026,3,15,14,6,5,9
10,36,2026,3,15,16,4,1,12
10,46,2026,3,15,18,3,3,12
10,58,2026,3,15,19,6,6,12
11,0,2026,3,15,19,5,0,17
11,12,2026,3,15,18,6,1,22
11,26,2026,3,15,16,6,11,17
11,31,2026,3,15,14,2,13,6
11,36,2026,3,15,16,3,2,7
11,46,2026,3,15,18,6,3,10
11,58,2026,3,15,19,6,5,11
12,0,2026,3,15,19,5,0,16
12,12,2026,3,15,18,3,1,18
12,26,2026,3,15,16,5,8,15
12,31,2026,3,15,14,6,11,10
12,36,2026,3,15,16,4,3,11
12,46,2026,3,15,18,4,4,11
12,58,2026,3,15,19,2,8,5
13,0,2026,3,15,19,24,0,29
13,12,2026,3,15,18,23,7,45
13,26,2026,3,15,16,6,21,30
13,31,2026,3,15,14,4,21,13
13,36,2026,3,15,16,2,2,13
13,46,2026,3,15,18,25,3,35
13,58,2026,3,15,19,26,16,45
14,0,2026,3,15,19,16,0,61
14,12,2026,3,15,18,25,20,66
14,26,2026,3,15,16,6,21,51
14,31,2026,3,15,14,6,20,37
14,36,2026,3,15,16,6,2,41
14,46,2026,3,15,18,24,10,55
14,58,2026,3,15,19,31,25,61
15,0,2026,3,15,19,5,0,66
15,12,2026,3,15,18,10,19,57
15,26,2026,3,15,16,5,23,39
15,31,2026,3,15,14,2,24,17
15,36,2026,3,15,16,5,1,21
15,46,2026,3,15,18,20,4,37
15,58,2026,3,15,19,31,17,51
16,0,2026,3,15,19,3,0,54
16,12,2026,3,15,18,6,17,43
16,26,2026,3,15,16,5,20,28
16,31,2026,3,15,14,6,20,14
16,36,2026,3,15,16,5,3,16
16,46,2026,3,15,18,4,4,16
16,58,2026,3,15,19,4,12,8
17,0,2026,3,15,19,6,0,14
17,12,2026,3,15,18,5,1,18
17,26,2026,3,15,16,2,6,14
17,31,2026,3,15,14,5,13,6
17,36,2026,3,15,16,2,3,5
17,46,2026,3,15,18,2,1,6
17,58,2026,3,15,19,6,5,7
18,0,2026,3,15,19,2,0,9
18,12,2026,3,15,18,6,2,13
18,26,2026,3,15,16,2,7,8
18,31,2026,3,15,14,2,5,5
18,36,2026,3,15,16,6,2,9
18,46,2026,3,15,18,3,0,12
18,58,2026,3,15,19,5,7,10
19,0,2026,3,15,19,5,0,15
19,12,2026,3,15,18,3,4,14
19,26,2026,3,15,16,2,4,12
19,31,2026,3,15,14,3,9,6
19,36,2026,3,15,16,5,1,10
19,46,2026,3,15,18,5,2,13
19,58,2026,3,15,19,6,7,12
20,0,2026,3,15,19,2,0,14
20,12,2026,3,15,18,3,3,14
20,26,2026,3,15,16,3,5,12
20,31,2026,3,15,14,4,10,6
20,36,2026,3,15,16,3,2,7
20,46,2026,3,15,18,4,3,8
20,58,2026,3,15,19,3,5,6
21,0,2026,3,15,19,2,0,8
21,12,2026,3,15,18,6,3,11
21,26,2026,3,15,16,2,6,7
21,31,2026,3,15,14,2,5,4
21,36,2026,3,15,16,3,0,7
21,46,2026,3,15,18,3,3,7
21,58,2026,3,15,19,3,4,6
22,0,2026,3,15,19,4,0,10
22,12,2026,3,15,18,5,3,12
22,26,2026,3,15,16,4,6,10
22,31,2026,3,15,14,2,6,6
22,36,2026,3,15,16,3,0,9
22,46,2026,3,15,18,4,5,8
22,58,2026,3,15,19,3,4,7
23,0,2026,3,15,19,2,0,9
23,12,2026,3,15,18,3,3,9
23,26,2026,3,15,16,6,3,12
23,31,2026,3,15,14,3,6,9
23,36,2026,3,15,16,3,0,12
23,46,2026,3,15,18,5,7,10
23,58,2026,3,15,19,0,10,0
6,0,2026,3,16,19,2,0,2
6,12,2026,3,16,18,3,1,4
6,26,2026,3,16,16,19,1,22
6,31,2026,3,16,14,19,7,34
6,36,2026,3,16,16,18,7,45
6,46,2026,3,16,18,4,14,35
6,58,2026,3,16,19,6,22,19
7,0,2026,3,16,19,4,0,23
7,12,2026,3,16,18,1,7,17
7,26,2026,3,16,16,10,3,24
7,31,2026,3,16,14,11,14,21
7,36,2026,3,16,16,20,0,41
7,46,2026,3,16,18,2,21,22
7,58,2026,3,16,19,5,19,8
8,0,2026,3,16,19,4,0,12
8,12,2026,3,16,18,1,8,5
8,26,2026,3,16,16,15,1,19
8,31,2026,3,16,14,13,3,29
8,36,2026,3,16,16,18,0,47
8,46,2026,3,16,18,4,20,31
8,58,2026,3,16,19,5,26,10
9,0,2026,3,16,19,3,0,13
9,12,2026,3,16,18,1,6,8
9,26,2026,3,16,16,6,3,11
9,31,2026,3,16,14,2,4,9
9,36,2026,3,16,16,2,0,11
9,46,2026,3,16,18,2,6,7
9,58,2026,3,16,19,4,7,4
10,0,2026,3,16,19,5,0,9
10,12,2026,3,16,18,4,3,10
10,26,2026,3,16,16,5,5,10
10,31,2026,3,16,14,2,5,7
10,36,2026,3,16,16,6,1,12
10,46,2026,3,16,18,3,7,8
10,58,2026,3,16,19,6,5,9
11,0,2026,3,16,19,2,0,11
11,12,2026,3,16,18,2,2,11
11,26,2026,3,16,16,3,5,9
11,31,2026,3,16,14,2,5,6
11,36,2026,3,16,16,4,1,9
11,46,2026,3,16,18,5,2,12
11,58,2026,3,16,19,3,7,8
12,0,2026,3,16,19,2,0,10
12,12,2026,3,16,18,5,0,15
12,26,2026,3,16,16,3,6,12
12,31,2026,3,16,14,5,8,9
12,36,2026,3,16,16,6,0,15
12,46,2026,3,16,18,6,3,18
12,58,2026,3,16,19,2,11,9
13,0,2026,3,16,19,28,0,37
13,12,2026,3,16,18,21,8,50
13,26,2026,3,16,16,6,18,38
13,31,2026,3,16,14,6,29,15
13,36,2026,3,16,16,5,1,19
13,46,2026,3,16,18,7,9,17
13,58,2026,3,16,19,22,11,28
14,0,2026,3,16,19,22,0,50
14,12,2026,3,16,18,8,12,46
14,26,2026,3,16,16,5,21,30
14,31,2026,3,16,14,6,21,15
14,36,2026,3,16,16,5,3,17
14,46,2026,3,16,18,14,6,25
14,58,2026,3,16,19,20,12,33
15,0,2026,3,16,19,30,0,63
15,12,2026,3,16,18,18,15,66
15,26,2026,3,16,16,2,28,40
15,31,2026,3,16,14,2,20,22
15,36,2026,3,16,16,5,2,25
15,46,2026,3,16,18,28,2,51
15,58,2026,3,16,19,27,20,58
16,0,2026,3,16,19,2,0,60
16,12,2026,3,16,18,4,10,54
16,26,2026,3,16,16,2,21,35
16,31,2026,3,16,14,6,29,12
16,36,2026,3,16,16,5,0,17
16,46,2026,3,16,18,5,7,15
16,58,2026,3,16,19,3,11,7
17,0,2026,3,16,19,3,0,10
17,12,2026,3,16,18,6,4,12
17,26,2026,3,16,16,5,5,12
17,31,2026,3,16,14,2,9,5
17,36,2026,3,16,16,3,1,7
17,46,2026,3,16,18,6,3,10
17,58,2026,3,16,19,2,5,7
18,0,2026,3,16,19,6,0,13
18,12,2026,3,16,18,3,1,15
18,26,2026,3,16,16,2,8,9
18,31,2026,3,16,14,2,5,6
18,36,2026,3,16,16,2,0,8
18,46,2026,3,16,18,6,3,11
18,58,2026,3,16,19,5,7,9
19,0,2026,3,16,19,5,0,14
19,12,2026,3,16,18,2,4,12
19,26,2026,3,16,16,6,6,12
19,31,2026,3,16,14,5,7,10
19,36,2026,3,16,16,2,0,12
19,46,2026,3,16,18,6,3,15
19,58,2026,3,16,19,2,10,7
20,0,2026,3,16,19,4,0,11
20,12,2026,3,16,18,2,1,12
20,26,2026,3,16,16,4,7,9
20,31,2026,3,16,14,4,6,7
20,36,2026,3,16,16,4,3,8
20,46,2026,3,16,18,3,5,6
20,58,2026,3,16,19,2,5,3
21,0,2026,3,16,19,2,0,5
21,12,2026,3,16,18,3,2,6
21,26,2026,3,16,16,4,3,7
21,31,2026,3,16,14,6,3,10
21,36,2026,3,16,16,5,4,11
21,46,2026,3,16,18,2,1,12
21,58,2026,3,16,19,5,8,9
22,0,2026,3,16,19,5,0,14
22,12,2026,3,16,18,6,4,16
22,26,2026,3,16,16,3,4,15
22,31,2026,3,16,14,4,11,8
22,36,2026,3,16,16,5,1,12
22,46,2026,3,16,18,5,4,13
22,58,2026,3,16,19,4,6,11
23,0,2026,3,16,19,4,0,15
23,12,2026,3,16,18,2,1,16
23,26,2026,3,16,16,2,9,9
23,31,2026,3,16,14,6,8,7
23,36,2026,3,16,16,3,1,9
23,46,2026,3,16,18,3,3,9
23,58,2026,3,16,19,0,9,0
6,0,2026,3,17,19,5,0,5
6,12,2026,3,17,18,2,1,6
6,26,2026,3,17,16,12,2,16
6,31,2026,3,17,14,11,6,21
6,36,2026,3,17,16,5,0,26
6,46,2026,3,17,18,6,8,24
6,58,2026,3,17,19,3,16,11
7,0,2026,3,17,19,4,0,15
7,12,2026,3,17,18,4,6,13
7,26,2026,3,17,16,7,3,17
7,31,2026,3,17,14,11,8,20
7,36,2026,3,17,16,10,0,30
7,46,2026,3,17,18,1,15,16
7,58,2026,3,17,19,1,15,2
8,0,2026,3,17,19,2,0,4
8,12,2026,3,17,18,5,2,7
8,26,2026,3,17,16,13,0,20
8,31,2026,3,17,14,9,3,26
8,36,2026,3,17,16,22,1,47
8,46,2026,3,17,18,3,24,26
8,58,2026,3,17,19,2,23,5
9,0,2026,3,17,19,4,0,9
9,12,2026,3,17,18,4,6,7
9,26,2026,3,17,16,6,1,12
9,31,2026,3,17,14,5,3,14
9,36,2026,3,17,16,6,0,20
9,46,2026,3,17,18,2,10,12
9,58,2026,3,17,19,4,11,5
10,0,2026,3,17,19,3,0,8
10,12,2026,3,17,18,2,1,9
10,26,2026,3,17,16,6,4,11
10,31,2026,3,17,14,4,7,8
10,36,2026,3,17,16,3,1,10
10,46,2026,3,17,18,5,2,13
10,58,2026,3,17,19,5,8,10
11,0,2026,3,17,19,4,0,14
11,12,2026,3,17,18,6,2,18
11,26,2026,3,17,16,6,9,15
11,31,2026,3,17,14,6,10,11
11,36,2026,3,17,16,3,2,12
11,46,2026,3,17,18,3,5,10
11,58,2026,3,17,19,4,8,6
12,0,2026,3,17,19,3,0,9
12,12,2026,3,17,18,5,3,11
12,26,2026,3,17,16,4,6,9
12,31,2026,3,17,14,2,3,8
12,36,2026,3,17,16,2,0,10
12,46,2026,3,17,18,2,3,9
12,58,2026,3,17,19,2,7,4
13,0,2026,3,17,19,7,0,11
13,12,2026,3,17,18,13,5,19
13,26,2026,3,17,16,6,10,15
13,31,2026,3,17,14,6,5,16
13,36,2026,3,17,16,2,3,15
13,46,2026,3,17,18,19,3,31
13,58,2026,3,17,19,25,17,39
14,0,2026,3,17,19,27,0,66
14,12,2026,3,17,18,14,14,66
14,26,2026,3,17,16,5,28,43
14,31,2026,3,17,14,3,24,22
14,36,2026,3,17,16,3,2,23
14,46,2026,3,17,18,21,3,41
14,58,2026,3,17,19,8,27,22
15,0,2026,3,17,19,16,0,38
15,12,2026,3,17,18,28,4,62
15,26,2026,3,17,16,3,35,30
15,31,2026,3,17,14,5,21,14
15,36,2026,3,17,16,4,4,14
15,46,2026,3,17,18,28,2,40
15,58,2026,3,17,19,26,17,49
16,0,2026,3,17,19,3,0,52
16,12,2026,3,17,18,5,8,49
16,26,2026,3,17,16,4,21,32
16,31,2026,3,17,14,2,23,11
16,36,2026,3,17,16,5,2,14
16,46,2026,3,17,18,4,5,13
16,58,2026,3,17,19,5,10,8
17,0,2026,3,17,19,6,0,14
17,12,2026,3,17,18,4,6,12
17,26,2026,3,17,16,4,2,14
17,31,2026,3,17,14,4,8,10
17,36,2026,3,17,16,4,1,13
17,46,2026,3,17,18,3,4,12
17,58,2026,3,17,19,4,8,8
18,0,2026,3,17,19,3,0,11
18,12,2026,3,17,18,5,4,12
18,26,2026,3,17,16,4,6,10
18,31,2026,3,17,14,2,5,7
18,36,2026,3,17,16,4,1,10
18,46,2026,3,17,18,2,3,9
18,58,2026,3,17,19,3,8,4
19,0,2026,3,17,19,4,0,8
19,12,2026,3,17,18,4,4,8
19,26,2026,3,17,16,2,6,4
19,31,2026,3,17,14,4,2,6
19,36,2026,3,17,16,2,0,8
19,46,2026,3,17,18,6,2,12
19,58,2026,3,17,19,5,7,10
20,0,2026,3,17,19,6,0,16
20,12,2026,3,17,18,3,3,16
20,26,2026,3,17,16,2,6,12
20,31,2026,3,17,14,5,11,6
20,36,2026,3,17,16,5,2,9
20,46,2026,3,17,18,5,4,10
20,58,2026,3,17,19,3,4,9
21,0,2026,3,17,19,3,0,12
21,12,2026,3,17,18,6,1,17
21,26,2026,3,17,16,4,8,13
21,31,2026,3,17,14,5,8,10
21,36,2026,3,17,16,5,2,13
21,46,2026,3,17,18,5,5,13
21,58,2026,3,17,19,5,10,8
22,0,2026,3,17,19,3,0,11
22,12,2026,3,17,18,6,1,16
22,26,2026,3,17,16,2,4,14
22,31,2026,3,17,14,5,9,10
22,36,2026,3,17,16,5,3,12
22,46,2026,3,17,18,2,2,12
22,58,2026,3,17,19,4,10,6
23,0,2026,3,17,19,3,0,9
23,12,2026,3,17,18,5,4,10
23,26,2026,3,17,16,4,3,11
23,31,2026,3,17,14,3,7,7
23,36,2026,3,17,16,5,1,11
23,46,2026,3,17,18,4,4,11
23,58,2026,3,17,19,0,11,0
6,0,2026,3,18,19,3,0,3
6,12,2026,3,18,18,4,0,7
6,26,2026,3,18,16,19,3,23
6,31,2026,3,18,14,21,6,38
6,36,2026,3,18,16,19,2,55
6,46,2026,3,18,18,3,21,37
6,58,2026,3,18,19,2,22,17
7,0,2026,3,18,19,4,0,21
7,12,2026,3,18,18,4,5,20
7,26,2026,3,18,16,16,0,36
7,31,2026,3,18,14,10,16,30
7,36,2026,3,18,16,19,0,49
7,46,2026,3,18,18,1,20,30
7,58,2026,3,18,19,5,27,8
8,0,2026,3,18,19,5,0,13
8,12,2026,3,18,18,5,9,9
8,26,2026,3,18,16,7,2,14
8,31,2026,3,18,14,12,3,23
8,36,2026,3,18,16,18,0,41
8,46,2026,3,18,18,4,18,27
8,58,2026,3,18,19,4,22,9
9,0,2026,3,18,19,4,0,13
9,12,2026,3,18,18,4,8,9
9,26,2026,3,18,16,4,1,12
9,31,2026,3,18,14,2,5,9
9,36,2026,3,18,16,3,0,12
9,46,2026,3,18,18,2,2,12
9,58,2026,3,18,19,4,12,4
10,0,2026,3,18,19,6,0,10
10,12,2026,3,18,18,2,0,12
10,26,2026,3,18,16,6,5,13
10,31,2026,3,18,14,3,10,6
10,36,2026,3,18,16,2,1,7
10,46,2026,3,18,18,2,4,5
10,58,2026,3,18,19,4,3,6
11,0,2026,3,18,19,3,0,9
11,12,2026,3,18,18,6,3,12
11,26,2026,3,18,16,5,6,11
11,31,2026,3,18,14,6,4,13
11,36,2026,3,18,16,2,3,12
11,46,2026,3,18,18,5,4,13
11,58,2026,3,18,19,2,8,7
12,0,2026,3,18,19,4,0,11
12,12,2026,3,18,18,6,4,13
12,26,2026,3,18,16,2,5,10
12,31,2026,3,18,14,4,5,9
12,36,2026,3,18,16,4,0,13
12,46,2026,3,18,18,6,7,12
12,58,2026,3,18,19,2,6,8
13,0,2026,3,18,19,7,0,15
13,12,2026,3,18,18,31,2,44
13,26,2026,3,18,16,4,18,30
13,31,2026,3,18,14,6,21,15
13,36,2026,3,18,16,4,1,18
13,46,2026,3,18,18,27,8,37
13,58,2026,3,18,19,17,17,37
14,0,2026,3,18,19,14,0,51
14,12,2026,3,18,18,17,9,59
14,26,2026,3,18,16,6,28,37
14,31,2026,3,18,14,5,25,17
14,36,2026,3,18,16,4,3,18
14,46,2026,3,18,18,18,4,32
14,58,2026,3,18,19,27,18,41
15,0,2026,3,18,19,16,0,57
15,12,2026,3,18,18,24,15,66
15,26,2026,3,18,16,5,32,39
15,31,2026,3,18,14,2,24,17
15,36,2026,3,18,16,5,1,21
15,46,2026,3,18,18,11,4,28
15,58,2026,3,18,19,29,15,42
16,0,2026,3,18,19,6,0,48
16,12,2026,3,18,18,6,16,38
16,26,2026,3,18,16,5,19,24
16,31,2026,3,18,14,2,18,8
16,36,2026,3,18,16,2,1,9
16,46,2026,3,18,18,2,2,9
16,58,2026,3,18,19,4,9,4
17,0,2026,3,18,19,6,0,10
17,12,2026,3,18,18,3,1,12
17,26,2026,3,18,16,6,6,12
17,31,2026,3,18,14,4,4,12
17,36,2026,3,18,16,6,3,15
17,46,2026,3,18,18,5,5,15
17,58,2026,3,18,19,4,11,8
18,0,2026,3,18,19,4,0,12
18,12,2026,3,18,18,3,5,10
18,26,2026,3,18,16,3,6,7
18,31,2026,3,18,14,2,4,5
18,36,2026,3,18,16,2,0,7
18,46,2026,3,18,18,4,4,7
18,58,2026,3,18,19,6,2,11
19,0,2026,3,18,19,4,0,15
19,12,2026,3,18,18,2,1,16
19,26,2026,3,18,16,6,8,14
19,31,2026,3,18,14,4,10,8
19,36,2026,3,18,16,6,1,13
19,46,2026,3,18,18,3,9,7
19,58,2026,3,18,19,4,4,7
20,0,2026,3,18,19,5,0,12
20,12,2026,3,18,18,4,2,14
20,26,2026,3,18,16,2,7,9
20,31,2026,3,18,14,6,7,8
20,36,2026,3,18,16,5,3,10
20,46,2026,3,18,18,4,5,9
20,58,2026,3,18,19,6,5,10
21,0,2026,3,18,19,6,0,16
21,12,2026,3,18,18,5,4,17
21,26,2026,3,18,16,5,8,14
21,31,2026,3,18,14,3,12,5
21,36,2026,3,18,16,5,0,10
21,46,2026,3,18,18,2,6,6
21,58,2026,3,18,19,6,4,8
22,0,2026,3,18,19,6,0,14
22,12,2026,3,18,18,4,2,16
22,26,2026,3,18,16,6,10,12
22,31,2026,3,18,14,6,5,13
22,36,2026,3,18,16,4,3,14
22,46,2026,3,18,18,3,7,10
22,58,2026,3,18,19,6,6,10
23,0,2026,3,18,19,5,0,15
23,12,2026,3,18,18,5,0,20
23,26,2026,3,18,16,2,12,10
23,31,2026,3,18,14,5,8,7
23,36,2026,3,18,16,6,3,10
23,46,2026,3,18,18,2,3,9
23,58,2026,3,18,19,0,9,0
6,0,2026,3,19,19,6,0,6
6,12,2026,3,19,18,5,2,9
6,26,2026,3,19,16,15,5,19
6,31,2026,3,19,14,9,5,23
6,36,2026,3,19,16,6,4,25
6,46,2026,3,19,18,3,7,21
6,58,2026,3,19,19,2,17,6
7,0,2026,3,19,19,5,0,11
7,12,2026,3,19,18,3,5,9
7,26,2026,3,19,16,20,0,29
7,31,2026,3,19,14,18,6,41
7,36,2026,3,19,16,22,1,62
7,46,2026,3,19,18,1,34,29
7,58,2026,3,19,19,1,24,6
8,0,2026,3,19,19,3,0,9
8,12,2026,3,19,18,2,2,9
8,26,2026,3,19,16,13,2,20
8,31,2026,3,19,14,5,6,19
8,36,2026,3,19,16,6,0,25
8,46,2026,3,19,18,4,11,18
8,58,2026,3,19,19,4,17,5
9,0,2026,3,19,19,4,0,9
9,12,2026,3,19,18,5,8,6
9,26,2026,3,19,16,4,2,8
9,31,2026,3,19,14,5,1,12
9,36,2026,3,19,16,5,0,17
9,46,2026,3,19,18,3,7,13
9,58,2026,3,19,19,1,13,1
10,0,2026,3,19,19,5,0,6
10,12,2026,3,19,18,4,1,9
10,26,2026,3,19,16,2,2,9
10,31,2026,3,19,14,2,4,7
10,36,2026,3,19,16,2,1,8
10,46,2026,3,19,18,4,3,9
10,58,2026,3,19,19,4,6,7
11,0,2026,3,19,19,5,0,12
11,12,2026,3,19,18,5,3,14
11,26,2026,3,19,16,3,4,13
11,31,2026,3,19,14,5,10,8
11,36,2026,3,19,16,5,1,12
11,46,2026,3,19,18,4,2,14
11,58,2026,3,19,19,6,11,9
12,0,2026,3,19,19,5,0,14
12,12,2026,3,19,18,4,5,13
12,26,2026,3,19,16,5,8,10
12,31,2026,3,19,14,3,5,8
12,36,2026,3,19,16,3,3,8
12,46,2026,3,19,18,3,4,7
12,58,2026,3,19,19,5,4,8
13,0,2026,3,19,19,10,0,18
13,12,2026,3,19,18,19,3,34
13,26,2026,3,19,16,2,17,19
13,31,2026,3,19,14,4,15,8
13,36,2026,3,19,16,3,1,10
13,46,2026,3,19,18,18,1,27
13,58,2026,3,19,19,25,9,43
14,0,2026,3,19,19,23,0,66
14,12,2026,3,19,18,14,14,66
14,26,2026,3,19,16,5,28,43
14,31,2026,3,19,14,2,24,21
14,36,2026,3,19,16,2,2,21
14,46,2026,3,19,18,22,3,40
14,58,2026,3,19,19,29,20,49
15,0,2026,3,19,19,17,0,66
15,12,2026,3,19,18,18,18,66
15,26,2026,3,19,16,6,21,51
15,31,2026,3,19,14,2,27,26
15,36,2026,3,19,16,4,0,30
15,46,2026,3,19,18,30,9,51
15,58,2026,3,19,19,20,21,50
16,0,2026,3,19,19,2,0,52
16,12,2026,3,19,18,3,9,46
16,26,2026,3,19,16,6,21,31
16,31,2026,3,19,14,6,22,15
16,36,2026,3,19,16,6,2,19
16,46,2026,3,19,18,4,3,20
16,58,2026,3,19,19,4,12,12
17,0,2026,3,19,19,4,0,16
17,12,2026,3,19,18,6,2,20
17,26,2026,3,19,16,3,9,14
17,31,2026,3,19,14,6,11,9
17,36,2026,3,19,16,4,3,10
17,46,2026,3,19,18,2,2,10
17,58,2026,3,19,19,4,7,7
18,0,2026,3,19,19,3,0,10
18,12,2026,3,19,18,2,2,10
18,26,2026,3,19,16,4,4,10
18,31,2026,3,19,14,3,8,5
18,36,2026,3,19,16,3,1,7
18,46,2026,3,19,18,3,3,7
18,58,2026,3,19,19,3,4,6
19,0,2026,3,19,19,3,0,9
19,12,2026,3,19,18,4,3,10
19,26,2026,3,19,16,5,5,10
19,31,2026,3,19,14,2,3,9
19,36,2026,3,19,16,2,0,11
19,46,2026,3,19,18,4,4,11
19,58,2026,3,19,19,3,6,8
20,0,2026,3,19,19,5,0,13
20,12,2026,3,19,18,3,3,13
20,26,2026,3,19,16,5,2,16
20,31,2026,3,19,14,3,13,6
20,36,2026,3,19,16,2,1,7
20,46,2026,3,19,18,2,3,6
20,58,2026,3,19,19,3,3,6
21,0,2026,3,19,19,2,0,8
21,12,2026,3,19,18,5,0,13
21,26,2026,3,19,16,2,3,12
21,31,2026,3,19,14,4,7,9
21,36,2026,3,19,16,2,2,9
21,46,2026,3,19,18,2,4,7
21,58,2026,3,19,19,5,5,7
22,0,2026,3,19,19,4,0,11
22,12,2026,3,19,18,4,3,12
22,26,2026,3,19,16,6,7,11
22,31,2026,3,19,14,6,6,11
22,36,2026,3,19,16,4,1,14
22,46,2026,3,19,18,6,5,15
22,58,2026,3,19,19,2,8,9
23,0,2026,3,19,19,4,0,13
23,12,2026,3,19,18,2,3,12
23,26,2026,3,19,16,2,5,9
23,31,2026,3,19,14,5,6,8
23,36,2026,3,19,16,5,2,11
23,46,2026,3,19,18,2,5,8
23,58,2026,3,19,19,0,8,0
6,0,2026,3,20,19,2,0,2
6,12,2026,3,20,18,6,0,8
6,26,2026,3,20,16,21,3,26
6,31,2026,3,20,14,9,12,23
6,36,2026,3,20,16,18,0,41
6,46,2026,3,20,18,6,22,25
6,58,2026,3,20,19,5,15,15
7,0,2026,3,20,19,3,0,18
7,12,2026,3,20,18,1,6,13
7,26,2026,3,20,16,5,3,15
7,31,2026,3,20,14,15,9,21
7,36,2026,3,20,16,18,1,38
7,46,2026,3,20,18,5,16,27
7,58,2026,3,20,19,3,22,8
8,0,2026,3,20,19,4,0,12
8,12,2026,3,20,18,4,7,9
8,26,2026,3,20,16,14,4,19
8,31,2026,3,20,14,14,3,30
8,36,2026,3,20,16,14,1,43
8,46,2026,3,20,18,4,20,27
8,58,2026,3,20,19,4,23,8
9,0,2026,3,20,19,2,0,10
9,12,2026,3,20,18,5,6,9
9,26,2026,3,20,16,2,3,8
9,31,2026,3,20,14,4,2,10
9,36,2026,3,20,16,5,0,15
9,46,2026,3,20,18,2,5,12
9,58,2026,3,20,19,3,12,3
10,0,2026,3,20,19,2,0,5
10,12,2026,3,20,18,2,0,7
10,26,2026,3,20,16,4,3,8
10,31,2026,3,20,14,6,4,10
10,36,2026,3,20,16,5,1,14
10,46,2026,3,20,18,5,7,12
10,58,2026,3,20,19,6,9,9
11,0,2026,3,20,19,6,0,15
11,12,2026,3,20,18,5,3,17
11,26,2026,3,20,16,3,9,11
11,31,2026,3,20,14,5,7,9
11,36,2026,3,20,16,5,2,12
11,46,2026,3,20,18,5,7,10
11,58,2026,3,20,19,6,7,9
12,0,2026,3,20,19,6,0,15
12,12,2026,3,20,18,3,5,13
12,26,2026,3,20,16,6,6,13
12,31,2026,3,20,14,2,9,6
12,36,2026,3,20,16,6,1,11
12,46,2026,3,20,18,6,6,11
12,58,2026,3,20,19,6,5,12
13,0,2026,3,20,19,30,0,42
13,12,2026,3,20,18,27,9,60
13,26,2026,3,20,16,6,22,44
13,31,2026,3,20,14,3,32,15
13,36,2026,3,20,16,3,2,16
13,46,2026,3,20,18,7,4,19
13,58,2026,3,20,19,14,12,21
14,0,2026,3,20,19,15,0,36
14,12,2026,3,20,18,30,9,57
14,26,2026,3,20,16,3,20,40
14,31,2026,3,20,14,2,29,13
14,36,2026,3,20,16,6,0,19
14,46,2026,3,20,18,26,1,44
14,58,2026,3,20,19,24,19,49
15,0,2026,3,20,19,7,0,56
15,12,2026,3,20,18,9,13,52
15,26,2026,3,20,16,3,21,34
15,31,2026,3,20,14,5,22,17
15,36,2026,3,20,16,5,3,19
15,46,2026,3,20,18,15,3,31
15,58,2026,3,20,19,32,17,46
16,0,2026,3,20,19,4,0,50
16,12,2026,3,20,18,6,15,41
16,26,2026,3,20,16,3,22,22
16,31,2026,3,20,14,3,16,9
16,36,2026,3,20,16,5,1,13
16,46,2026,3,20,18,2,2,13
16,58,2026,3,20,19,5,11,7
17,0,2026,3,20,19,5,0,12
17,12,2026,3,20,18,3,3,12
17,26,2026,3,20,16,4,6,10
17,31,2026,3,20,14,3,7,6
17,36,2026,3,20,16,2,1,7
17,46,2026,3,20,18,3,3,7
17,58,2026,3,20,19,6,4,9
18,0,2026,3,20,19,4,0,13
18,12,2026,3,20,18,6,1,18
18,26,2026,3,20,16,3,9,12
18,31,2026,3,20,14,2,8,6
18,36,2026,3,20,16,6,1,11
18,46,2026,3,20,18,3,2,12
18,58,2026,3,20,19,4,7,9
19,0,2026,3,20,19,6,0,15
19,12,2026,3,20,18,5,6,14
19,26,2026,3,20,16,3,8,9
19,31,2026,3,20,14,5,3,11
19,36,2026,3,20,16,4,0,15
19,46,2026,3,20,18,4,4,15
19,58,2026,3,20,19,3,10,8
20,0,2026,3,20,19,3,0,11
20,12,2026,3,20,18,3,2,12
20,26,2026,3,20,16,3,6,9
20,31,2026,3,20,14,5,7,7
20,36,2026,3,20,16,2,0,9
20,46,2026,3,20,18,4,3,10
20,58,2026,3,20,19,6,7,9
21,0,2026,3,20,19,3,0,12
21,12,2026,3,20,18,2,1,13
21,26,2026,3,20,16,2,5,10
21,31,2026,3,20,14,3,7,6
21,36,2026,3,20,16,2,1,7
21,46,2026,3,20,18,6,0,13
21,58,2026,3,20,19,6,7,12
22,0,2026,3,20,19,4,0,16
22,12,2026,3,20,18,5,4,17
22,26,2026,3,20,16,4,6,15
22,31,2026,3,20,14,2,11,6
22,36,2026,3,20,16,5,1,10
22,46,2026,3,20,18,3,2,11
22,58,2026,3,20,19,6,5,12
23,0,2026,3,20,19,6,0,18
23,12,2026,3,20,18,6,3,21
23,26,2026,3,20,16,6,9,18
23,31,2026,3,20,14,2,10,10
23,36,2026,3,20,16,6,1,15
23,46,2026,3,20,18,4,8,11
23,58,2026,3,20,19,0,11,0
6,0,2026,3,21,19,5,0,5
6,12,2026,3,21,18,6,1,10
6,26,2026,3,21,16,8,2,16
6,31,2026,3,21,14,20,8,28
6,36,2026,3,21,16,18,4,42
6,46,2026,3,21,18,3,18,27
6,58,2026,3,21,19,3,20,10
7,0,2026,3,21,19,2,0,12
7,12,2026,3,21,18,3,4,11
7,26,2026,3,21,16,9,1,19
7,31,2026,3,21,14,14,8,25
7,36,2026,3,21,16,13,0,38
7,46,2026,3,21,18,2,12,28
7,58,2026,3,21,19,1,26,3
8,0,2026,3,21,19,5,0,8
8,12,2026,3,21,18,4,5,7
8,26,2026,3,21,16,10,2,15
8,31,2026,3,21,14,14,1,28
8,36,2026,3,21,16,9,0,37
8,46,2026,3,21,18,4,16,25
8,58,2026,3,21,19,5,21,9
9,0,2026,3,21,19,1,0,10
9,12,2026,3,21,18,1,5,6
9,26,2026,3,21,16,6,4,8
9,31,2026,3,21,14,3,1,10
9,36,2026,3,21,16,6,0,16
9,46,2026,3,21,18,1,10,7
9,58,2026,3,21,19,4,6,5
10,0,2026,3,21,19,6,0,11
10,12,2026,3,21,18,2,3,10
10,26,2026,3,21,16,6,3,13
10,31,2026,3,21,14,2,9,6
10,36,2026,3,21,16,6,1,11
10,46,2026,3,21,18,4,5,10
10,58,2026,3,21,19,2,6,6
11,0,2026,3,21,19,2,0,8
11,12,2026,3,21,18,2,1,9
11,26,2026,3,21,16,3,6,6
11,31,2026,3,21,14,6,3,9
11,36,2026,3,21,16,5,2,12
11,46,2026,3,21,18,4,4,12
11,58,2026,3,21,19,5,9,8
12,0,2026,3,21,19,3,0,11
12,12,2026,3,21,18,5,2,14
12,26,2026,3,21,16,3,7,10
12,31,2026,3,21,14,4,4,10
12,36,2026,3,21,16,4,1,13
12,46,2026,3,21,18,5,4,14
12,58,2026,3,21,19,6,11,9
13,0,2026,3,21,19,13,0,22
13,12,2026,3,21,18,15,6,31
13,26,2026,3,21,16,6,12,25
13,31,2026,3,21,14,2,19,8
13,36,2026,3,21,16,4,1,11
13,46,2026,3,21,18,7,5,13
13,58,2026,3,21,19,22,5,30
14,0,2026,3,21,19,20,0,50
14,12,2026,3,21,18,15,8,57
14,26,2026,3,21,16,5,26,36
14,31,2026,3,21,14,4,23,17
14,36,2026,3,21,16,3,3,17
14,46,2026,3,21,18,23,5,35
14,58,2026,3,21,19,10,17,28
15,0,2026,3,21,19,20,0,48
15,12,2026,3,21,18,19,10,57
15,26,2026,3,21,16,2,25,34
15,31,2026,3,21,14,4,22,16
15,36,2026,3,21,16,4,0,20
15,46,2026,3,21,18,19,5,34
15,58,2026,3,21,19,15,17,32
16,0,2026,3,21,19,6,0,38
16,12,2026,3,21,18,2,10,30
16,26,2026,3,21,16,4,16,18
16,31,2026,3,21,14,6,13,11
16,36,2026,3,21,16,5,1,15
16,46,2026,3,21,18,6,1,20
16,58,2026,3,21,19,3,13,10
17,0,2026,3,21,19,3,0,13
17,12,2026,3,21,18,3,0,16
17,26,2026,3,21,16,3,8,11
17,31,2026,3,21,14,2,9,4
17,36,2026,3,21,16,5,0,9
17,46,2026,3,21,18,4,5,8
17,58,2026,3,21,19,6,4,10
18,0,2026,3,21,19,3,0,13
18,12,2026,3,21,18,3,1,15
18,26,2026,3,21,16,3,8,10
18,31,2026,3,21,14,2,7,5
18,36,2026,3,21,16,2,1,6
18,46,2026,3,21,18,4,1,9
18,58,2026,3,21,19,5,6,8
19,0,2026,3,21,19,5,0,13
19,12,2026,3,21,18,3,5,11
19,26,2026,3,21,16,6,6,11
19,31,2026,3,21,14,4,3,12
19,36,2026,3,21,16,2,2,12
19,46,2026,3,21,18,6,4,14
19,58,2026,3,21,19,2,9,7
20,0,2026,3,21,19,6,0,13
20,12,2026,3,21,18,3,2,14
20,26,2026,3,21,16,4,7,11
20,31,2026,3,21,14,6,10,7
20,36,2026,3,21,16,2,3,6
20,46,2026,3,21,18,3,4,5
20,58,2026,3,21,19,4,1,8
21,0,2026,3,21,19,4,0,12
21,12,2026,3,21,18,2,3,11
21,26,2026,3,21,16,6,9,8
21,31,2026,3,21,14,2,3,7
21,36,2026,3,21,16,3,0,10
21,46,2026,3,21,18,2,4,8
21,58,2026,3,21,19,2,8,2
22,0,2026,3,21,19,5,0,7
22,12,2026,3,21,18,3,4,6
22,26,2026,3,21,16,5,3,8
22,31,2026,3,21,14,4,5,7
22,36,2026,3,21,16,4,3,8
22,46,2026,3,21,18,3,1,10
22,58,2026,3,21,19,5,6,9
23,0,2026,3,21,19,4,0,13
23,12,2026,3,21,18,3,3,13
23,26,2026,3,21,16,2,5,10
23,31,2026,3,21,14,2,9,3
23,36,2026,3,21,16,4,1,6
23,46,2026,3,21,18,5,4,7
23,58,2026,3,21,19,0,7,0
6,0,2026,3,22,19,2,0,2
6,12,2026,3,22,18,6,0,8
6,26,2026,3,22,16,8,3,13
6,31,2026,3,22,14,7,7,13
6,36,2026,3,22,16,15,1,27
6,46,2026,3,22,18,6,14,19
6,58,2026,3,22,19,6,12,13
7,0,2026,3,22,19,5,0,18
7,12,2026,3,22,18,3,10,11
7,26,2026,3,22,16,12,2,21
7,31,2026,3,22,14,21,9,33
7,36,2026,3,22,16,15,2,46
7,46,2026,3,22,18,2,20,28
7,58,2026,3,22,19,5,26,7
8,0,2026,3,22,19,1,0,8
8,12,2026,3,22,18,1,5,4
8,26,2026,3,22,16,13,1,16
8,31,2026,3,22,14,14,3,27
8,36,2026,3,22,16,18,0,45
8,46,2026,3,22,18,3,18,30
8,58,2026,3,22,19,2,26,6
9,0,2026,3,22,19,4,0,10
9,12,2026,3,22,18,3,5,8
9,26,2026,3,22,16,3,1,10
9,31,2026,3,22,14,6,4,12
9,36,2026,3,22,16,3,0,15
9,46,2026,3,22,18,3,2,16
9,58,2026,3,22,19,3,16,3
10,0,2026,3,22,19,5,0,8
10,12,2026,3,22,18,5,4,9
10,26,2026,3,22,16,6,4,11
10,31,2026,3,22,14,4,8,7
10,36,2026,3,22,16,5,2,10
10,46,2026,3,22,18,4,4,10
10,58,2026,3,22,19,6,8,8
11,0,2026,3,22,19,2,0,10
11,12,2026,3,22,18,2,5,7
11,26,2026,3,22,16,2,3,6
11,31,2026,3,22,14,2,2,6
11,36,2026,3,22,16,4,0,10
11,46,2026,3,22,18,2,4,8
11,58,2026,3,22,19,5,5,8
12,0,2026,3,22,19,4,0,12
12,12,2026,3,22,18,5,2,15
12,26,2026,3,22,16,4,4,15
12,31,2026,3,22,14,4,10,9
12,36,2026,3,22,16,5,1,13
12,46,2026,3,22,18,2,4,11
12,58,2026,3,22,19,2,9,4
13,0,2026,3,22,19,19,0,23
13,12,2026,3,22,18,8,4,27
13,26,2026,3,22,16,4,17,14
13,31,2026,3,22,14,6,8,12
13,36,2026,3,22,16,5,3,14
13,46,2026,3,22,18,11,2,23
13,58,2026,3,22,19,16,11,28
14,0,2026,3,22,19,19,0,47
14,12,2026,3,22,18,20,4,63
14,26,2026,3,22,16,3,20,46
14,31,2026,3,22,14,6,23,29
14,36,2026,3,22,16,4,4,29
14,46,2026,3,22,18,8,7,30
14,58,2026,3,22,19,23,20,33
15,0,2026,3,22,19,23,0,56
15,12,2026,3,22,18,11,12,55
15,26,2026,3,22,16,6,21,40
15,31,2026,3,22,14,2,23,19
15,36,2026,3,22,16,2,1,20
15,46,2026,3,22,18,18,4,34
15,58,2026,3,22,19,23,19,38
16,0,2026,3,22,19,2,0,40
16,12,2026,3,22,18,4,6,38
16,26,2026,3,22,16,5,16,27
16,31,2026,3,22,14,2,22,7
16,36,2026,3,22,16,3,0,10
16,46,2026,3,22,18,3,5,8
16,58,2026,3,22,19,3,2,9
17,0,2026,3,22,19,3,0,12
17,12,2026,3,22,18,4,3,13
17,26,2026,3,22,16,6,6,13
17,31,2026,3,22,14,5,11,7
17,36,2026,3,22,16,6,1,12
17,46,2026,3,22,18,2,6,8
17,58,2026,3,22,19,4,4,8
18,0,2026,3,22,19,6,0,14
18,12,2026,3,22,18,2,2,14
18,26,2026,3,22,16,6,7,13
18,31,2026,3,22,14,2,10,5
18,36,2026,3,22,16,6,0,11
18,46,2026,3,22,18,5,2,14
18,58,2026,3,22,19,2,10,6
19,0,2026,3,22,19,4,0,10
19,12,2026,3,22,18,5,1,14
19,26,2026,3,22,16,2,6,10
19,31,2026,3,22,14,4,10,4
19,36,2026,3,22,16,5,1,8
19,46,2026,3,22,18,5,1,12
19,58,2026,3,22,19,5,7,10
20,0,2026,3,22,19,4,0,14
20,12,2026,3,22,18,6,2,18
20,26,2026,3,22,16,4,9,13
20,31,2026,3,22,14,4,10,7
20,36,2026,3,22,16,4,3,8
20,46,2026,3,22,18,3,5,6
20,58,2026,3,22,19,3,4,5
21,0,2026,3,22,19,4,0,9
21,12,2026,3,22,18,6,5,10
21,26,2026,3,22,16,2,6,6
21,31,2026,3,22,14,5,2,9
21,36,2026,3,22,16,3,2,10
21,46,2026,3,22,18,4,3,11
21,58,2026,3,22,19,5,7,9
22,0,2026,3,22,19,5,0,14
22,12,2026,3,22,18,5,4,15
22,26,2026,3,22,16,4,6,13
22,31,2026,3,22,14,6,7,12
22,36,2026,3,22,16,2,4,10
22,46,2026,3,22,18,2,3,9
22,58,2026,3,22,19,3,7,5
23,0,2026,3,22,19,2,0,7
23,12,2026,3,22,18,6,2,11
23,26,2026,3,22,16,2,6,7
23,31,2026,3,22,14,6,4,9
23,36,2026,3,22,16,5,2,12
23,46,2026,3,22,18,5,4,13
23,58,2026,3,22,19,0,13,0
6,0,2026,3,23,19,6,0,6
6,12,2026,3,23,18,5,0,11
6,26,2026,3,23,16,7,5,13
6,31,2026,3,23,14,10,9,14
6,36,2026,3,23,16,7,3,18
6,46,2026,3,23,18,4,11,11
6,58,2026,3,23,19,6,8,9
7,0,2026,3,23,19,5,0,14
7,12,2026,3,23,18,3,10,7
7,26,2026,3,23,16,14,3,18
7,31,2026,3,23,14,16,1,33
7,36,2026,3,23,16,6,0,39
7,46,2026,3,23,18,4,21,22
7,58,2026,3,23,19,4,20,6
8,0,2026,3,23,19,3,0,9
8,12,2026,3,23,18,2,7,4
8,26,2026,3,23,16,10,2,12
8,31,2026,3,23,14,19,1,30
8,36,2026,3,23,16,7,2,35
8,46,2026,3,23,18,1,14,22
8,58,2026,3,23,19,1,21,2
9,0,2026,3,23,19,5,0,7
9,12,2026,3,23,18,4,4,7
9,26,2026,3,23,16,6,1,12
9,31,2026,3,23,14,3,3,12
9,36,2026,3,23,16,5,0,17
9,46,2026,3,23,18,2,9,10
9,58,2026,3,23,19,1,10,1
10,0,2026,3,23,19,2,0,3
10,12,2026,3,23,18,5,0,8
10,26,2026,3,23,16,4,3,9
10,31,2026,3,23,14,4,6,7
10,36,2026,3,23,16,2,1,8
10,46,2026,3,23,18,2,3,7
10,58,2026,3,23,19,3,5,5
11,0,2026,3,23,19,6,0,11
11,12,2026,3,23,18,2,1,12
11,26,2026,3,23,16,2,5,9
11,31,2026,3,23,14,2,8,3
11,36,2026,3,23,16,3,0,6
11,46,2026,3,23,18,3,1,8
11,58,2026,3,23,19,5,5,8
12,0,2026,3,23,19,5,0,13
12,12,2026,3,23,18,4,4,13
12,26,2026,3,23,16,5,5,13
12,31,2026,3,23,14,4,9,8
12,36,2026,3,23,16,5,3,10
12,46,2026,3,23,18,5,3,12
12,58,2026,3,23,19,6,8,10
13,0,2026,3,23,19,11,0,21
13,12,2026,3,23,18,15,3,33
13,26,2026,3,23,16,3,11,25
13,31,2026,3,23,14,2,19,8
13,36,2026,3,23,16,5,2,11
13,46,2026,3,23,18,20,1,30
13,58,2026,3,23,19,9,16,23
14,0,2026,3,23,19,13,0,36
14,12,2026,3,23,18,7,5,38
14,26,2026,3,23,16,4,20,22
14,31,2026,3,23,14,4,17,9
14,36,2026,3,23,16,6,1,14
14,46,2026,3,23,18,31,4,41
14,58,2026,3,23,19,21,15,47
15,0,2026,3,23,19,19,0,66
15,12,2026,3,23,18,13,13,66
15,26,2026,3,23,16,5,27,44
15,31,2026,3,23,14,6,26,24
15,36,2026,3,23,16,2,5,21
15,46,2026,3,23,18,27,2,46
15,58,2026,3,23,19,16,21,41
16,0,2026,3,23,19,5,0,46
16,12,2026,3,23,18,2,10,38
16,26,2026,3,23,16,4,21,21
16,31,2026,3,23,14,3,17,7
16,36,2026,3,23,16,3,2,8
16,46,2026,3,23,18,5,4,9
16,58,2026,3,23,19,2,3,8
17,0,2026,3,23,19,3,0,11
17,12,2026,3,23,18,2,2,11
17,26,2026,3,23,16,5,7,9
17,31,2026,3,23,14,5,4,10
17,36,2026,3,23,16,5,1,14
17,46,2026,3,23,18,6,6,14
17,58,2026,3,23,19,6,8,12
18,0,2026,3,23,19,6,0,18
18,12,2026,3,23,18,2,6,14
18,26,2026,3,23,16,5,4,15
18,31,2026,3,23,14,5,10,10
18,36,2026,3,23,16,4,2,12
18,46,2026,3,23,18,5,7,10
18,58,2026,3,23,19,2,5,7
19,0,2026,3,23,19,3,0,10
19,12,2026,3,23,18,5,1,14
19,26,2026,3,23,16,4,7,11
19,31,2026,3,23,14,4,7,8
19,36,2026,3,23,16,5,2,11
19,46,2026,3,23,18,2,7,6
19,58,2026,3,23,19,4,6,4
20,0,2026,3,23,19,6,0,10
20,12,2026,3,23,18,5,3,12
20,26,2026,3,23,16,6,3,15
20,31,2026,3,23,14,5,9,11
20,36,2026,3,23,16,2,3,10
20,46,2026,3,23,18,3,3,10
20,58,2026,3,23,19,4,7,7
21,0,2026,3,23,19,3,0,10
21,12,2026,3,23,18,2,3,9
21,26,2026,3,23,16,3,2,10
21,31,2026,3,23,14,3,8,5
21,36,2026,3,23,16,5,0,10
21,46,2026,3,23,18,5,3,12
21,58,2026,3,23,19,2,10,4
22,0,2026,3,23,19,2,0,6
22,12,2026,3,23,18,3,1,8
22,26,2026,3,23,16,2,3,7
22,31,2026,3,23,14,2,6,3
22,36,2026,3,23,16,2,1,4
22,46,2026,3,23,18,6,3,7
22,58,2026,3,23,19,3,4,6
23,0,2026,3,23,19,3,0,9
23,12,2026,3,23,18,6,3,12
23,26,2026,3,23,16,2,7,7
23,31,2026,3,23,14,4,3,8
23,36,2026,3,23,16,2,1,9
23,46,2026,3,23,18,4,5,8
23,58,2026,3,23,19,0,8,0
6,0,2026,3,24,19,6,0,6
6,12,2026,3,24,18,4,0,10
6,26,2026,3,24,16,20,5,25
6,31,2026,3,24,14,22,10,37
6,36,2026,3,24,16,20,10,47
6,46,2026,3,24,18,4,16,35
6,58,2026,3,24,19,6,22,19
7,0,2026,3,24,19,4,0,23
7,12,2026,3,24,18,2,8,17
7,26,2026,3,24,16,22,2,37
7,31,2026,3,24,14,21,13,45
7,36,2026,3,24,16,14,0,59
7,46,2026,3,24,18,4,25,38
7,58,2026,3,24,19,5,20,23
8,0,2026,3,24,19,3,0,26
8,12,2026,3,24,18,4,7,23
8,26,2026,3,24,16,7,4,26
8,31,2026,3,24,14,14,17,23
8,36,2026,3,24,16,14,0,37
8,46,2026,3,24,18,4,17,24
8,58,2026,3,24,19,4,21,7
9,0,2026,3,24,19,2,0,9
9,12,2026,3,24,18,4,6,7
9,26,2026,3,24,16,4,1,10
9,31,2026,3,24,14,4,2,12
9,36,2026,3,24,16,5,0,17
9,46,2026,3,24,18,3,4,16
9,58,2026,3,24,19,4,16,4
10,0,2026,3,24,19,5,0,9
10,12,2026,3,24,18,4,4,9
10,26,2026,3,24,16,3,5,7
10,31,2026,3,24,14,4,3,8
10,36,2026,3,24,16,5,1,12
10,46,2026,3,24,18,2,5,9
10,58,2026,3,24,19,5,4,10
11,0,2026,3,24,19,5,0,15
11,12,2026,3,24,18,3,6,12
11,26,2026,3,24,16,5,5,12
11,31,2026,3,24,14,4,9,7
11,36,2026,3,24,16,3,2,8
11,46,2026,3,24,18,6,3,11
11,58,2026,3,24,19,6,8,9
12,0,2026,3,24,19,5,0,14
12,12,2026,3,24,18,2,5,11
12,26,2026,3,24,16,3,6,8
12,31,2026,3,24,14,2,6,4
12,36,2026,3,24,16,4,0,8
12,46,2026,3,24,18,3,3,8
12,58,2026,3,24,19,2,4,6
13,0,2026,3,24,19,10,0,16
13,12,2026,3,24,18,27,2,41
13,26,2026,3,24,16,6,14,33
13,31,2026,3,24,14,3,21,15
13,36,2026,3,24,16,3,3,15
13,46,2026,3,24,18,12,4,23
13,58,2026,3,24,19,18,12,29
14,0,2026,3,24,19,14,0,43
14,12,2026,3,24,18,27,7,63
14,26,2026,3,24,16,3,25,41
14,31,2026,3,24,14,3,33,11
14,36,2026,3,24,16,2,1,12
14,46,2026,3,24,18,18,3,27
14,58,2026,3,24,19,9,10,26
15,0,2026,3,24,19,30,0,56
15,12,2026,3,24,18,21,11,66
15,26,2026,3,24,16,2,20,48
15,31,2026,3,24,14,5,25,28
15,36,2026,3,24,16,2,2,28
15,46,2026,3,24,18,14,5,37
15,58,2026,3,24,19,26,21,42
16,0,2026,3,24,19,6,0,48
16,12,2026,3,24,18,3,7,44
16,26,2026,3,24,16,6,23,27
16,31,2026,3,24,14,3,20,10
16,36,2026,3,24,16,6,2,14
16,46,2026,3,24,18,2,7,9
16,58,2026,3,24,19,6,5,10
17,0,2026,3,24,19,6,0,16
17,12,2026,3,24,18,5,3,18
17,26,2026,3,24,16,3,6,15
17,31,2026,3,24,14,5,11,9
17,36,2026,3,24,16,5,2,12
17,46,2026,3,24,18,5,3,14
17,58,2026,3,24,19,3,9,8
18,0,2026,3,24,19,3,0,11
18,12,2026,3,24,18,4,3,12
18,26,2026,3,24,16,3,6,9
18,31,2026,3,24,14,4,6,7
18,36,2026,3,24,16,3,2,8
18,46,2026,3,24,18,4,4,8
18,58,2026,3,24,19,6,3,11
19,0,2026,3,24,19,6,0,17
19,12,2026,3,24,18,5,5,17
19,26,2026,3,24,16,2,6,13
19,31,2026,3,24,14,3,9,7
19,36,2026,3,24,16,4,2,9
19,46,2026,3,24,18,6,1,14
19,58,2026,3,24,19,2,8,8
20,0,2026,3,24,19,6,0,14
20,12,2026,3,24,18,4,4,14
20,26,2026,3,24,16,3,6,11
20,31,2026,3,24,14,4,7,8
20,36,2026,3,24,16,5,0,13
20,46,2026,3,24,18,2,5,10
20,58,2026,3,24,19,6,7,9
21,0,2026,3,24,19,3,0,12
21,12,2026,3,24,18,3,5,10
21,26,2026,3,24,16,3,5,8
21,31,2026,3,24,14,4,7,5
21,36,2026,3,24,16,2,2,5
21,46,2026,3,24,18,2,3,4
21,58,2026,3,24,19,5,1,8
22,0,2026,3,24,19,3,0,11
22,12,2026,3,24,18,6,4,13
22,26,2026,3,24,16,5,8,10
22,31,2026,3,24,14,3,4,9
22,36,2026,3,24,16,6,0,15
22,46,2026,3,24,18,6,4,17
22,58,2026,3,24,19,3,15,5
23,0,2026,3,24,19,2,0,7
23,12,2026,3,24,18,6,3,10
23,26,2026,3,24,16,6,2,14
23,31,2026,3,24,14,4,5,13
23,36,2026,3,24,16,3,1,15
23,46,2026,3,24,18,2,5,12
23,58,2026,3,24,19,0,12,0
6,0,2026,3,25,19,5,0,5
6,12,2026,3,25,18,6,2,9
6,26,2026,3,25,16,12,4,17
6,31,2026,3,25,14,17,8,26
6,36,2026,3,25,16,22,8,40
6,46,2026,3,25,18,3,18,25
6,58,2026,3,25,19,4,13,16
7,0,2026,3,25,19,4,0,20
7,12,2026,3,25,18,4,6,18
7,26,2026,3,25,16,16,1,33
7,31,2026,3,25,14,22,14,41
7,36,2026,3,25,16,19,0,60
7,46,2026,3,25,18,1,36,25
7,58,2026,3,25,19,2,23,4
8,0,2026,3,25,19,4,0,8
8,12,2026,3,25,18,1,5,4
8,26,2026,3,25,16,15,1,18
8,31,2026,3,25,14,14,2,30
8,36,2026,3,25,16,5,2,33
8,46,2026,3,25,18,5,17,21
8,58,2026,3,25,19,4,21,4
9,0,2026,3,25,19,2,0,6
9,12,2026,3,25,18,4,5,5
9,26,2026,3,25,16,2,1,6
9,31,2026,3,25,14,3,1,8
9,36,2026,3,25,16,4,0,12
9,46,2026,3,25,18,5,3,14
9,58,2026,3,25,19,5,13,6
10,0,2026,3,25,19,3,0,9
10,12,2026,3,25,18,6,1,14
10,26,2026,3,25,16,6,4,16
10,31,2026,3,25,14,3,10,9
10,36,2026,3,25,16,6,1,14
10,46,2026,3,25,18,5,4,15
10,58,2026,3,25,19,3,12,6
11,0,2026,3,25,19,5,0,11
11,12,2026,3,25,18,5,3,13
11,26,2026,3,25,16,6,8,11
11,31,2026,3,25,14,4,5,10
11,36,2026,3,25,16,4,1,13
11,46,2026,3,25,18,5,6,12
11,58,2026,3,25,19,3,5,10
12,0,2026,3,25,19,4,0,14
12,12,2026,3,25,18,6,2,18
12,26,2026,3,25,16,2,10,10
12,31,2026,3,25,14,5,7,8
12,36,2026,3,25,16,2,1,9
12,46,2026,3,25,18,3,4,8
12,58,2026,3,25,19,3,6,5
13,0,2026,3,25,19,20,0,25
13,12,2026,3,25,18,10,2,33
13,26,2026,3,25,16,5,13,25
13,31,2026,3,25,14,3,20,8
13,36,2026,3,25,16,2,1,9
13,46,2026,3,25,18,27,4,32
13,58,2026,3,25,19,15,13,34
14,0,2026,3,25,19,26,0,60
14,12,2026,3,25,18,18,12,66
14,26,2026,3,25,16,6,23,49
14,31,2026,3,25,14,2,25,26
14,36,2026,3,25,16,4,1,29
14,46,2026,3,25,18,9,6,32
14,58,2026,3,25,19,22,20,34
15,0,2026,3,25,19,32,0,66
15,12,2026,3,25,18,10,10,66
15,26,2026,3,25,16,6,24,48
15,31,2026,3,25,14,2,32,18
15,36,2026,3,25,16,2,1,19
15,46,2026,3,25,18,11,3,27
15,58,2026,3,25,19,27,18,36
16,0,2026,3,25,19,4,0,40
16,12,2026,3,25,18,4,13,31
16,26,2026,3,25,16,6,13,24
16,31,2026,3,25,14,4,17,11
16,36,2026,3,25,16,4,2,13
16,46,2026,3,25,18,4,7,10
16,58,2026,3,25,19,4,4,10
17,0,2026,3,25,19,6,0,16
17,12,2026,3,25,18,5,2,19
17,26,2026,3,25,16,3,9,13
17,31,2026,3,25,14,5,10,8
17,36,2026,3,25,16,6,3,11
17,46,2026,3,25,18,4,3,12
17,58,2026,3,25,19,2,7,7
18,0,2026,3,25,19,6,0,13
18,12,2026,3,25,18,6,2,17
18,26,2026,3,25,16,6,6,17
18,31,2026,3,25,14,4,13,8
18,36,2026,3,25,16,6,2,12
18,46,2026,3,25,18,4,3,13
18,58,2026,3,25,19,2,6,9
19,0,2026,3,25,19,2,0,11
19,12,2026,3,25,18,6,2,15
19,26,2026,3,25,16,5,2,18
19,31,2026,3,25,14,4,12,10
19,36,2026,3,25,16,3,1,12
19,46,2026,3,25,18,4,3,13
19,58,2026,3,25,19,3,9,7
20,0,2026,3,25,19,2,0,9
20,12,2026,3,25,18,5,2,12
20,26,2026,3,25,16,4,5,11
20,31,2026,3,25,14,4,9,6
20,36,2026,3,25,16,3,2,7
20,46,2026,3,25,18,3,3,7
20,58,2026,3,25,19,2,3,6
21,0,2026,3,25,19,2,0,8
21,12,2026,3,25,18,2,2,8
21,26,2026,3,25,16,4,4,8
21,31,2026,3,25,14,2,6,4
21,36,2026,3,25,16,2,0,6
21,46,2026,3,25,18,3,3,6
21,58,2026,3,25,19,6,3,9
22,0,2026,3,25,19,5,0,14
22,12,2026,3,25,18,6,3,17
22,26,2026,3,25,16,5,11,11
22,31,2026,3,25,14,2,5,8
22,36,2026,3,25,16,2,1,9
22,46,2026,3,25,18,6,4,11
22,58,2026,3,25,19,6,7,10
23,0,2026,3,25,19,3,0,13
23,12,2026,3,25,18,2,3,12
23,26,2026,3,25,16,2,7,7
23,31,2026,3,25,14,2,4,5
23,36,2026,3,25,16,3,1,7
23,46,2026,3,25,18,6,4,9
23,58,2026,3,25,19,0,9,0
6,0,2026,3,26,19,5,0,5
6,12,2026,3,26,18,4,1,8
6,26,2026,3,26,16,13,4,17
6,31,2026,3,26,14,22,5,34
6,36,2026,3,26,16,19,8,45
6,46,2026,3,26,18,3,17,31
6,58,2026,3,26,19,4,21,14
7,0,2026,3,26,19,3,0,17
7,12,2026,3,26,18,4,6,15
7,26,2026,3,26,16,20,2,33
7,31,2026,3,26,14,5,12,26
7,36,2026,3,26,16,13,1,38
7,46,2026,3,26,18,2,16,24
7,58,2026,3,26,19,3,21,6
8,0,2026,3,26,19,4,0,10
8,12,2026,3,26,18,4,7,7
8,26,2026,3,26,16,5,2,10
8,31,2026,3,26,14,15,2,23
8,36,2026,3,26,16,22,1,44
8,46,2026,3,26,18,1,19,26
8,58,2026,3,26,19,3,24,5
9,0,2026,3,26,19,4,0,9
9,12,2026,3,26,18,4,5,8
9,26,2026,3,26,16,2,2,8
9,31,2026,3,26,14,2,2,8
9,36,2026,3,26,16,6,0,14
9,46,2026,3,26,18,4,5,13
9,58,2026,3,26,19,5,12,6
10,0,2026,3,26,19,2,0,8
10,12,2026,3,26,18,5,3,10
10,26,2026,3,26,16,4,3,11
10,31,2026,3,26,14,3,7,7
10,36,2026,3,26,16,5,1,11
10,46,2026,3,26,18,6,1,16
10,58,2026,3,26,19,5,9,12
11,0,2026,3,26,19,2,0,14
11,12,2026,3,26,18,6,3,17
11,26,2026,3,26,16,5,5,17
11,31,2026,3,26,14,3,12,8
11,36,2026,3,26,16,3,1,10
11,46,2026,3,26,18,6,4,12
11,58,2026,3,26,19,2,5,9
12,0,2026,3,26,19,2,0,11
12,12,2026,3,26,18,2,1,12
12,26,2026,3,26,16,3,5,10
12,31,2026,3,26,14,2,7,5
12,36,2026,3,26,16,6,0,11
12,46,2026,3,26,18,4,3,12
12,58,2026,3,26,19,4,6,10
13,0,2026,3,26,19,17,0,27
13,12,2026,3,26,18,30,4,53
13,26,2026,3,26,16,6,23,36
13,31,2026,3,26,14,4,21,19
13,36,2026,3,26,16,5,2,22
13,46,2026,3,26,18,23,6,39
13,58,2026,3,26,19,30,26,43
14,0,2026,3,26,19,11,0,54
14,12,2026,3,26,18,26,14,66
14,26,2026,3,26,16,4,20,50
14,31,2026,3,26,14,2,20,32
14,36,2026,3,26,16,5,0,37
14,46,2026,3,26,18,22,8,51
14,58,2026,3,26,19,23,26,48
15,0,2026,3,26,19,13,0,61
15,12,2026,3,26,18,7,14,54
15,26,2026,3,26,16,5,24,35
15,31,2026,3,26,14,2,23,14
15,36,2026,3,26,16,3,1,16
15,46,2026,3,26,18,28,3,41
15,58,2026,3,26,19,19,13,47
16,0,2026,3,26,19,2,0,49
16,12,2026,3,26,18,2,6,45
16,26,2026,3,26,16,6,20,31
16,31,2026,3,26,14,6,23,14
16,36,2026,3,26,16,6,3,17
16,46,2026,3,26,18,5,6,16
16,58,2026,3,26,19,2,8,10
17,0,2026,3,26,19,4,0,14
17,12,2026,3,26,18,6,2,18
17,26,2026,3,26,16,5,4,19
17,31,2026,3,26,14,4,15,8
17,36,2026,3,26,16,4,0,12
17,46,2026,3,26,18,5,4,13
17,58,2026,3,26,19,6,11,8
18,0,2026,3,26,19,4,0,12
18,12,2026,3,26,18,3,3,12
18,26,2026,3,26,16,5,5,12
18,31,2026,3,26,14,5,6,11
18,36,2026,3,26,16,2,1,12
18,46,2026,3,26,18,5,6,11
18,58,2026,3,26,19,2,7,6
19,0,2026,3,26,19,6,0,12
19,12,2026,3,26,18,4,2,14
19,26,2026,3,26,16,5,4,15
19,31,2026,3,26,14,4,10,9
19,36,2026,3,26,16,3,2,10
19,46,2026,3,26,18,6,5,11
19,58,2026,3,26,19,3,6,8
20,0,2026,3,26,19,6,0,14
20,12,2026,3,26,18,3,2,15
20,26,2026,3,26,16,2,3,14
20,31,2026,3,26,14,2,11,5
20,36,2026,3,26,16,2,1,6
20,46,2026,3,26,18,2,1,7
20,58,2026,3,26,19,2,6,3
21,0,2026,3,26,19,2,0,5
21,12,2026,3,26,18,6,1,10
21,26,2026,3,26,16,3,4,9
21,31,2026,3,26,14,4,5,8
21,36,2026,3,26,16,4,1,11
21,46,2026,3,26,18,6,1,16
21,58,2026,3,26,19,4,9,11
22,0,2026,3,26,19,6,0,17
22,12,2026,3,26,18,2,2,17
22,26,2026,3,26,16,3,6,14
22,31,2026,3,26,14,6,11,9
22,36,2026,3,26,16,3,3,9
22,46,2026,3,26,18,3,7,5
22,58,2026,3,26,19,6,4,7
23,0,2026,3,26,19,3,0,10
23,12,2026,3,26,18,2,3,9
23,26,2026,3,26,16,4,7,6
23,31,2026,3,26,14,4,1,9
23,36,2026,3,26,16,3,1,11
23,46,2026,3,26,18,4,6,9
23,58,2026,3,26,19,0,9,0
6,0,2026,3,27,19,4,0,4
6,12,2026,3,27,18,2,2,4
6,26,2026,3,27,16,22,2,24
6,31,2026,3,27,14,21,9,36
6,36,2026,3,27,16,13,6,43
6,46,2026,3,27,18,5,18,30
6,58,2026,3,27,19,3,20,13
7,0,2026,3,27,19,4,0,17
7,12,2026,3,27,18,1,6,12
7,26,2026,3,27,16,16,2,26
7,31,2026,3,27,14,8,11,23
7,36,2026,3,27,16,13,0,36
7,46,2026,3,27,18,2,15,23
7,58,2026,3,27,19,5,20,8
8,0,2026,3,27,19,4,0,12
8,12,2026,3,27,18,3,7,8
8,26,2026,3,27,16,11,3,16
8,31,2026,3,27,14,7,2,21
8,36,2026,3,27,16,20,0,41
8,46,2026,3,27,18,2,23,20
8,58,2026,3,27,19,2,19,3
9,0,2026,3,27,19,2,0,5
9,12,2026,3,27,18,2,4,3
9,26,2026,3,27,16,4,0,7
9,31,2026,3,27,14,5,1,11
9,36,2026,3,27,16,2,1,12
9,46,2026,3,27,18,2,5,9
9,58,2026,3,27,19,4,7,6
10,0,2026,3,27,19,3,0,9
10,12,2026,3,27,18,4,3,10
10,26,2026,3,27,16,5,3,12
10,31,2026,3,27,14,2,6,8
10,36,2026,3,27,16,5,1,12
10,46,2026,3,27,18,3,2,13
10,58,2026,3,27,19,6,8,11
11,0,2026,3,27,19,2,0,13
11,12,2026,3,27,18,2,3,12
11,26,2026,3,27,16,3,6,9
11,31,2026,3,27,14,5,6,8
11,36,2026,3,27,16,3,1,10
11,46,2026,3,27,18,3,4,9
11,58,2026,3,27,19,4,7,6
12,0,2026,3,27,19,2,0,8
12,12,2026,3,27,18,5,2,11
12,26,2026,3,27,16,2,4,9
12,31,2026,3,27,14,6,8,7
12,36,2026,3,27,16,4,4,7
12,46,2026,3,27,18,3,3,7
12,58,2026,3,27,19,6,4,9
13,0,2026,3,27,19,32,0,41
13,12,2026,3,27,18,16,6,51
13,26,2026,3,27,16,5,21,35
13,31,2026,3,27,14,4,23,16
13,36,2026,3,27,16,3,1,18
13,46,2026,3,27,18,19,6,31
13,58,2026,3,27,19,11,17,25
14,0,2026,3,27,19,14,0,39
14,12,2026,3,27,18,18,6,51
14,26,2026,3,27,16,2,30,23
14,31,2026,3,27,14,3,20,6
14,36,2026,3,27,16,6,1,11
14,46,2026,3,27,18,11,2,20
14,58,2026,3,27,19,27,6,41
15,0,2026,3,27,19,25,0,66
15,12,2026,3,27,18,13,13,66
15,26,2026,3,27,16,6,28,44
15,31,2026,3,27,14,2,25,21
15,36,2026,3,27,16,5,0,26
15,46,2026,3,27,18,16,4,38
15,58,2026,3,27,19,12,27,23
16,0,2026,3,27,19,6,0,29
16,12,2026,3,27,18,4,8,25
16,26,2026,3,27,16,2,11,16
16,31,2026,3,27,14,2,13,5
16,36,2026,3,27,16,5,0,10
16,46,2026,3,27,18,2,4,8
16,58,2026,3,27,19,4,5,7
17,0,2026,3,27,19,5,0,12
17,12,2026,3,27,18,3,3,12
17,26,2026,3,27,16,2,5,9
17,31,2026,3,27,14,2,6,5
17,36,2026,3,27,16,6,2,9
17,46,2026,3,27,18,2,2,9
17,58,2026,3,27,19,2,7,4
18,0,2026,3,27,19,5,0,9
18,12,2026,3,27,18,2,3,8
18,26,2026,3,27,16,4,3,9
18,31,2026,3,27,14,3,7,5
18,36,2026,3,27,16,5,1,9
18,46,2026,3,27,18,3,3,9
18,58,2026,3,27,19,5,5,9
19,0,2026,3,27,19,2,0,11
19,12,2026,3,27,18,6,4,13
19,26,2026,3,27,16,6,6,13
19,31,2026,3,27,14,4,7,10
19,36,2026,3,27,16,4,0,14
19,46,2026,3,27,18,3,3,14
19,58,2026,3,27,19,6,12,8
20,0,2026,3,27,19,5,0,13
20,12,2026,3,27,18,4,4,13
20,26,2026,3,27,16,3,4,12
20,31,2026,3,27,14,2,6,8
20,36,2026,3,27,16,6,1,13
20,46,2026,3,27,18,5,4,14
20,58,2026,3,27,19,2,8,8
21,0,2026,3,27,19,3,0,11
21,12,2026,3,27,18,4,3,12
21,26,2026,3,27,16,4,2,14
21,31,2026,3,27,14,3,7,10
21,36,2026,3,27,16,6,0,16
21,46,2026,3,27,18,3,7,12
21,58,2026,3,27,19,3,8,7
22,0,2026,3,27,19,4,0,11
22,12,2026,3,27,18,4,3,12
22,26,2026,3,27,16,6,4,14
22,31,2026,3,27,14,3,9,8
22,36,2026,3,27,16,6,1,13
22,46,2026,3,27,18,2,4,11
22,58,2026,3,27,19,4,8,7
23,0,2026,3,27,19,3,0,10
23,12,2026,3,27,18,2,1,11
23,26,2026,3,27,16,2,3,10
23,31,2026,3,27,14,6,7,9
23,36,2026,3,27,16,2,3,8
23,46,2026,3,27,18,5,4,9
23,58,2026,3,27,19,0,9,0
6,0,2026,3,28,19,4,0,4
6,12,2026,3,28,18,5,2,7
6,26,2026,3,28,16,17,3,21
6,31,2026,3,28,14,14,10,25
6,36,2026,3,28,16,6,7,24
6,46,2026,3,28,18,6,15,15
6,58,2026,3,28,19,2,11,6
7,0,2026,3,28,19,2,0,8
7,12,2026,3,28,18,4,2,10
7,26,2026,3,28,16,20,4,26
7,31,2026,3,28,14,6,5,27
7,36,2026,3,28,16,19,0,46
7,46,2026,3,28,18,4,17,33
7,58,2026,3,28,19,2,29,6
8,0,2026,3,28,19,1,0,7
8,12,2026,3,28,18,5,2,10
8,26,2026,3,28,16,10,6,14
8,31,2026,3,28,14,7,2,19
8,36,2026,3,28,16,17,0,36
8,46,2026,3,28,18,1,16,21
8,58,2026,3,28,19,3,19,5
9,0,2026,3,28,19,4,0,9
9,12,2026,3,28,18,2,6,5
9,26,2026,3,28,16,6,0,11
9,31,2026,3,28,14,2,5,8
9,36,2026,3,28,16,4,0,12
9,46,2026,3,28,18,2,3,11
9,58,2026,3,28,19,2,9,4
10,0,2026,3,28,19,2,0,6
10,12,2026,3,28,18,5,0,11
10,26,2026,3,28,16,4,3,12
10,31,2026,3,28,14,6,6,12
10,36,2026,3,28,16,5,0,17
10,46,2026,3,28,18,5,6,16
10,58,2026,3,28,19,5,8,13
11,0,2026,3,28,19,6,0,19
11,12,2026,3,28,18,6,3,22
11,26,2026,3,28,16,4,11,15
11,31,2026,3,28,14,2,9,8
11,36,2026,3,28,16,4,0,12
11,46,2026,3,28,18,2,5,9
11,58,2026,3,28,19,4,8,5
12,0,2026,3,28,19,5,0,10
12,12,2026,3,28,18,6,5,11
12,26,2026,3,28,16,5,6,10
12,31,2026,3,28,14,4,6,8
12,36,2026,3,28,16,5,2,11
12,46,2026,3,28,18,5,5,11
12,58,2026,3,28,19,2,5,8
13,0,2026,3,28,19,10,0,18
13,12,2026,3,28,18,8,5,21
13,26,2026,3,28,16,3,8,16
13,31,2026,3,28,14,2,14,4
13,36,2026,3,28,16,6,1,9
13,46,2026,3,28,18,26,2,33
13,58,2026,3,28,19,26,6,53
14,0,2026,3,28,19,11,0,64
14,12,2026,3,28,18,12,17,59
14,26,2026,3,28,16,5,21,43
14,31,2026,3,28,14,6,26,23
14,36,2026,3,28,16,4,4,23
14,46,2026,3,28,18,16,5,34
14,58,2026,3,28,19,29,21,42
15,0,2026,3,28,19,24,0,66
15,12,2026,3,28,18,16,16,66
15,26,2026,3,28,16,3,26,43
15,31,2026,3,28,14,4,24,23
15,36,2026,3,28,16,2,2,23
15,46,2026,3,28,18,31,3,51
15,58,2026,3,28,19,14,28,37
16,0,2026,3,28,19,2,0,39
16,12,2026,3,28,18,3,3,39
16,26,2026,3,28,16,4,18,25
16,31,2026,3,28,14,3,21,7
16,36,2026,3,28,16,6,1,12
16,46,2026,3,28,18,5,5,12
16,58,2026,3,28,19,6,4,14
17,0,2026,3,28,19,5,0,19
17,12,2026,3,28,18,5,4,20
17,26,2026,3,28,16,6,4,22
17,31,2026,3,28,14,5,16,11
17,36,2026,3,28,16,4,1,14
17,46,2026,3,28,18,3,7,10
17,58,2026,3,28,19,5,8,7
18,0,2026,3,28,19,3,0,10
18,12,2026,3,28,18,5,3,12
18,26,2026,3,28,16,6,1,17
18,31,2026,3,28,14,5,8,14
18,36,2026,3,28,16,3,3,14
18,46,2026,3,28,18,6,5,15
18,58,2026,3,28,19,2,11,6
19,0,2026,3,28,19,4,0,10
19,12,2026,3,28,18,6,1,15
19,26,2026,3,28,16,5,5,15
19,31,2026,3,28,14,6,11,10
19,36,2026,3,28,16,4,1,13
19,46,2026,3,28,18,2,3,12
19,58,2026,3,28,19,6,7,11
20,0,2026,3,28,19,2,0,13
20,12,2026,3,28,18,6,2,17
20,26,2026,3,28,16,6,6,17
20,31,2026,3,28,14,5,11,11
20,36,2026,3,28,16,6,2,15
20,46,2026,3,28,18,2,3,14
20,58,2026,3,28,19,4,10,8
21,0,2026,3,28,19,2,0,10
21,12,2026,3,28,18,5,3,12
21,26,2026,3,28,16,3,6,9
21,31,2026,3,28,14,6,5,10
21,36,2026,3,28,16,2,1,11
21,46,2026,3,28,18,5,3,13
21,58,2026,3,28,19,4,8,9
22,0,2026,3,28,19,3,0,12
22,12,2026,3,28,18,2,4,10
22,26,2026,3,28,16,5,5,10
22,31,2026,3,28,14,4,5,9
22,36,2026,3,28,16,6,1,14
22,46,2026,3,28,18,2,3,13
22,58,2026,3,28,19,4,11,6
23,0,2026,3,28,19,6,0,12
23,12,2026,3,28,18,3,4,11
23,26,2026,3,28,16,5,7,9
23,31,2026,3,28,14,4,5,8
23,36,2026,3,28,16,2,0,10
23,46,2026,3,28,18,4,7,7
23,58,2026,3,28,19,0,7,0
6,0,2026,3,29,19,2,0,2
6,12,2026,3,29,18,5,1,6
6,26,2026,3,29,16,8,2,12
6,31,2026,3,29,14,6,3,15
6,36,2026,3,29,16,8,3,20
6,46,2026,3,29,18,4,9,15
6,58,2026,3,29,19,4,12,7
7,0,2026,3,29,19,3,0,10
7,12,2026,3,29,18,1,7,4
7,26,2026,3,29,16,19,1,22
7,31,2026,3,29,14,20,3,39
7,36,2026,3,29,16,8,0,47
7,46,2026,3,29,18,3,21,29
7,58,2026,3,29,19,5,26,8
8,0,2026,3,29,19,5,0,13
8,12,2026,3,29,18,5,9,9
8,26,2026,3,29,16,10,2,17
8,31,2026,3,29,14,13,3,27
8,36,2026,3,29,16,18,1,44
8,46,2026,3,29,18,2,18,28
8,58,2026,3,29,19,5,26,7
9,0,2026,3,29,19,4,0,11
9,12,2026,3,29,18,5,7,9
9,26,2026,3,29,16,3,4,8
9,31,2026,3,29,14,4,2,10
9,36,2026,3,29,16,5,0,15
9,46,2026,3,29,18,1,7,9
9,58,2026,3,29,19,3,9,3
10,0,2026,3,29,19,6,0,9
10,12,2026,3,29,18,2,4,7
10,26,2026,3,29,16,6,2,11
10,31,2026,3,29,14,3,9,5
10,36,2026,3,29,16,5,1,9
10,46,2026,3,29,18,2,5,6
10,58,2026,3,29,19,4,4,6
11,0,2026,3,29,19,4,0,10
11,12,2026,3,29,18,3,4,9
11,26,2026,3,29,16,2,4,7
11,31,2026,3,29,14,2,6,3
11,36,2026,3,29,16,2,1,4
11,46,2026,3,29,18,4,1,7
11,58,2026,3,29,19,2,4,5
12,0,2026,3,29,19,3,0,8
12,12,2026,3,29,18,6,1,13
12,26,2026,3,29,16,5,5,13
12,31,2026,3,29,14,6,6,13
12,36,2026,3,29,16,2,1,14
12,46,2026,3,29,18,2,5,11
12,58,2026,3,29,19,4,9,6
13,0,2026,3,29,19,23,0,29
13,12,2026,3,29,18,31,4,56
13,26,2026,3,29,16,4,20,40
13,31,2026,3,29,14,3,26,17
13,36,2026,3,29,16,6,0,23
13,46,2026,3,29,18,9,5,27
13,58,2026,3,29,19,22,16,33
14,0,2026,3,29,19,11,0,44
14,12,2026,3,29,18,12,9,47
14,26,2026,3,29,16,3,20,30
14,31,2026,3,29,14,3,21,12
14,36,2026,3,29,16,5,3,14
14,46,2026,3,29,18,32,1,45
14,58,2026,3,29,19,10,19,36
15,0,2026,3,29,19,23,0,59
15,12,2026,3,29,18,12,11,60
15,26,2026,3,29,16,5,26,39
15,31,2026,3,29,14,5,22,22
15,36,2026,3,29,16,5,3,24
15,46,2026,3,29,18,31,6,49
15,58,2026,3,29,19,17,27,39
16,0,2026,3,29,19,2,0,41
16,12,2026,3,29,18,3,5,39
16,26,2026,3,29,16,5,20,24
16,31,2026,3,29,14,6,21,9
16,36,2026,3,29,16,2,4,7
16,46,2026,3,29,18,6,1,12
16,58,2026,3,29,19,5,7,10
17,0,2026,3,29,19,4,0,14
17,12,2026,3,29,18,2,1,15
17,26,2026,3,29,16,4,13,6
17,31,2026,3,29,14,3,3,6
17,36,2026,3,29,16,5,0,11
17,46,2026,3,29,18,2,4,9
17,58,2026,3,29,19,5,7,7
18,0,2026,3,29,19,5,0,12
18,12,2026,3,29,18,3,1,14
18,26,2026,3,29,16,6,5,15
18,31,2026,3,29,14,4,10,9
18,36,2026,3,29,16,4,1,12
18,46,2026,3,29,18,3,4,11
18,58,2026,3,29,19,6,8,9
19,0,2026,3,29,19,6,0,15
19,12,2026,3,29,18,4,1,18
19,26,2026,3,29,16,4,6,16
19,31,2026,3,29,14,4,12,8
19,36,2026,3,29,16,4,1,11
19,46,2026,3,29,18,6,5,12
19,58,2026,3,29,19,5,6,11
20,0,2026,3,29,19,4,0,15
20,12,2026,3,29,18,2,1,16
20,26,2026,3,29,16,2,9,9
20,31,2026,3,29,14,2,7,4
20,36,2026,3,29,16,4,0,8
20,46,2026,3,29,18,6,5,9
20,58,2026,3,29,19,4,5,8
21,0,2026,3,29,19,2,0,10
21,12,2026,3,29,18,6,1,15
21,26,2026,3,29,16,3,7,11
21,31,2026,3,29,14,3,8,6
21,36,2026,3,29,16,5,1,10
21,46,2026,3,29,18,5,4,11
21,58,2026,3,29,19,3,6,8
22,0,2026,3,29,19,4,0,12
22,12,2026,3,29,18,2,4,10
22,26,2026,3,29,16,3,6,7
22,31,2026,3,29,14,3,4,6
22,36,2026,3,29,16,3,0,9
22,46,2026,3,29,18,2,5,6
22,58,2026,3,29,19,4,4,6
23,0,2026,3,29,19,6,0,12
23,12,2026,3,29,18,4,2,14
23,26,2026,3,29,16,2,9,7
23,31,2026,3,29,14,4,5,6
23,36,2026,3,29,16,5,3,8
23,46,2026,3,29,18,3,4,7
23,58,2026,3,29,19,0,7,0
6,0,2026,3,30,19,4,0,4
6,12,2026,3,30,18,3,2,5
6,26,2026,3,30,16,14,3,16
6,31,2026,3,30,14,21,7,30
6,36,2026,3,30,16,12,6,36
6,46,2026,3,30,18,6,13,29
6,58,2026,3,30,19,6,20,15
7,0,2026,3,30,19,5,0,20
7,12,2026,3,30,18,1,10,11
7,26,2026,3,30,16,22,5,28
7,31,2026,3,30,14,16,6,38
7,36,2026,3,30,16,16,0,54
7,46,2026,3,30,18,3,21,36
7,58,2026,3,30,19,4,32,8
8,0,2026,3,30,19,2,0,10
8,12,2026,3,30,18,2,5,7
8,26,2026,3,30,16,16,1,22
8,31,2026,3,30,14,6,4,24
8,36,2026,3,30,16,6,0,30
8,46,2026,3,30,18,5,14,21
8,58,2026,3,30,19,1,21,1
9,0,2026,3,30,19,5,0,6
9,12,2026,3,30,18,5,4,7
9,26,2026,3,30,16,3,3,7
9,31,2026,3,30,14,4,0,11
9,36,2026,3,30,16,3,0,14
9,46,2026,3,30,18,4,5,13
9,58,2026,3,30,19,2,12,3
10,0,2026,3,30,19,3,0,6
10,12,2026,3,30,18,5,1,10
10,26,2026,3,30,16,5,6,9
10,31,2026,3,30,14,4,6,7
10,36,2026,3,30,16,2,1,8
10,46,2026,3,30,18,4,3,9
10,58,2026,3,30,19,5,6,8
11,0,2026,3,30,19,6,0,14
11,12,2026,3,30,18,6,6,14
11,26,2026,3,30,16,6,3,17
11,31,2026,3,30,14,3,13,7
11,36,2026,3,30,16,2,0,9
11,46,2026,3,30,18,5,4,10
11,58,2026,3,30,19,3,5,8
12,0,2026,3,30,19,4,0,12
12,12,2026,3,30,18,3,1,14
12,26,2026,3,30,16,5,6,13
12,31,2026,3,30,14,4,10,7
12,36,2026,3,30,16,5,0,12
12,46,2026,3,30,18,3,6,9
12,58,2026,3,30,19,2,6,5
13,0,2026,3,30,19,25,0,30
13,12,2026,3,30,18,27,3,54
13,26,2026,3,30,16,6,25,35
13,31,2026,3,30,14,3,25,13
13,36,2026,3,30,16,5,2,16
13,46,2026,3,30,18,23,6,33
13,58,2026,3,30,19,28,9,52
14,0,2026,3,30,19,10,0,62
14,12,2026,3,30,18,17,15,64
14,26,2026,3,30,16,5,28,41
14,31,2026,3,30,14,5,27,19
14,36,2026,3,30,16,5,1,23
14,46,2026,3,30,18,20,4,39
14,58,2026,3,30,19,18,19,38
15,0,2026,3,30,19,23,0,61
15,12,2026,3,30,18,7,18,50
15,26,2026,3,30,16,3,20,33
15,31,2026,3,30,14,3,23,13
15,36,2026,3,30,16,4,1,16
15,46,2026,3,30,18,25,3,38
15,58,2026,3,30,19,17,18,37
16,0,2026,3,30,19,4,0,41
16,12,2026,3,30,18,5,9,37
16,26,2026,3,30,16,3,17,23
16,31,2026,3,30,14,2,21,4
16,36,2026,3,30,16,6,2,8
16,46,2026,3,30,18,2,3,7
16,58,2026,3,30,19,5,2,10
17,0,2026,3,30,19,3,0,13
17,12,2026,3,30,18,3,3,13
17,26,2026,3,30,16,3,1,15
17,31,2026,3,30,14,6,10,11
17,36,2026,3,30,16,5,3,13
17,46,2026,3,30,18,6,7,12
17,58,2026,3,30,19,3,5,10
18,0,2026,3,30,19,6,0,16
18,12,2026,3,30,18,6,1,21
18,26,2026,3,30,16,6,10,17
18,31,2026,3,30,14,2,10,9
18,36,2026,3,30,16,4,0,13
18,46,2026,3,30,18,3,5,11
18,58,2026,3,30,19,3,8,6
19,0,2026,3,30,19,2,0,8
19,12,2026,3,30,18,4,0,12
19,26,2026,3,30,16,6,3,15
19,31,2026,3,30,14,2,9,8
19,36,2026,3,30,16,5,1,12
19,46,2026,3,30,18,3,7,8
19,58,2026,3,30,19,6,4,10
20,0,2026,3,30,19,4,0,14
20,12,2026,3,30,18,2,7,9
20,26,2026,3,30,16,2,5,6
20,31,2026,3,30,14,2,4,4
20,36,2026,3,30,16,6,1,9
20,46,2026,3,30,18,5,5,9
20,58,2026,3,30,19,5,3,11
21,0,2026,3,30,19,6,0,17
21,12,2026,3,30,18,4,4,17
21,26,2026,3,30,16,6,5,18
21,31,2026,3,30,14,3,13,8
21,36,2026,3,30,16,2,1,9
21,46,2026,3,30,18,2,3,8
21,58,2026,3,30,19,5,5,8
22,0,2026,3,30,19,4,0,12
22,12,2026,3,30,18,2,2,12
22,26,2026,3,30,16,2,5,9
22,31,2026,3,30,14,5,7,7
22,36,2026,3,30,16,5,2,10
22,46,2026,3,30,18,5,2,13
22,58,2026,3,30,19,2,7,8
23,0,2026,3,30,19,6,0,14
23,12,2026,3,30,18,2,3,13
23,26,2026,3,30,16,5,3,15
23,31,2026,3,30,14,5,11,9
23,36,2026,3,30,16,6,3,12
23,46,2026,3,30,18,6,5,13
23,58,2026,3,30,19,0,13,0
6,0,2026,3,31,19,3,0,3
6,12,2026,3,31,18,6,2,7
6,26,2026,3,31,16,19,3,23
6,31,2026,3,31,14,10,6,27
6,36,2026,3,31,16,20,4,43
6,46,2026,3,31,18,3,19,27
6,58,2026,3,31,19,5,19,13
7,0,2026,3,31,19,5,0,18
7,12,2026,3,31,18,4,8,14
7,26,2026,3,31,16,11,3,22
7,31,2026,3,31,14,8,8,22
7,36,2026,3,31,16,7,0,29
7,46,2026,3,31,18,3,12,20
7,58,2026,3,31,19,2,20,2
8,0,2026,3,31,19,2,0,4
8,12,2026,3,31,18,2,3,3
8,26,2026,3,31,16,6,1,8
8,31,2026,3,31,14,17,1,24
8,36,2026,3,31,16,20,2,42
8,46,2026,3,31,18,2,14,30
8,58,2026,3,31,19,2,28,4
9,0,2026,3,31,19,3,0,7
9,12,2026,3,31,18,4,5,6
9,26,2026,3,31,16,6,1,11
9,31,2026,3,31,14,6,1,16
9,36,2026,3,31,16,2,0,18
9,46,2026,3,31,18,2,13,7
9,58,2026,3,31,19,4,6,5
10,0,2026,3,31,19,5,0,10
10,12,2026,3,31,18,5,1,14
10,26,2026,3,31,16,3,6,11
10,31,2026,3,31,14,3,7,7
10,36,2026,3,31,16,3,1,9
10,46,2026,3,31,18,4,2,11
10,58,2026,3,31,19,4,7,8
11,0,2026,3,31,19,4,0,12
11,12,2026,3,31,18,3,4,11
11,26,2026,3,31,16,6,5,12
11,31,2026,3,31,14,6,6,12
11,36,2026,3,31,16,5,1,16
11,46,2026,3,31,18,2,9,9
11,58,2026,3,31,19,5,6,8
12,0,2026,3,31,19,6,0,14
12,12,2026,3,31,18,6,4,16
12,26,2026,3,31,16,2,8,10
12,31,2026,3,31,14,6,8,8
12,36,2026,3,31,16,3,2,9
12,46,2026,3,31,18,6,3,12
12,58,2026,3,31,19,3,8,7
13,0,2026,3,31,19,18,0,25
13,12,2026,3,31,18,12,3,34
13,26,2026,3,31,16,3,16,21
13,31,2026,3,31,14,5,18,8
13,36,2026,3,31,16,4,3,9
13,46,2026,3,31,18,7,2,14
13,58,2026,3,31,19,10,8,16
14,0,2026,3,31,19,25,0,41
14,12,2026,3,31,18,11,9,43
14,26,2026,3,31,16,5,18,30
14,31,2026,3,31,14,5,20,15
14,36,2026,3,31,16,4,4,15
14,46,2026,3,31,18,13,4,24
14,58,2026,3,31,19,30,13,41
15,0,2026,3,31,19,12,0,53
15,12,2026,3,31,18,22,9,66
15,26,2026,3,31,16,6,25,47
15,31,2026,3,31,14,5,36,16
15,36,2026,3,31,16,5,2,19
15,46,2026,3,31,18,16,5,30
15,58,2026,3,31,19,25,17,38
16,0,2026,3,31,19,2,0,40
16,12,2026,3,31,18,5,12,33
16,26,2026,3,31,16,2,15,20
16,31,2026,3,31,14,4,18,6
16,36,2026,3,31,16,2,2,6
16,46,2026,3,31,18,4,1,9
16,58,2026,3,31,19,5,4,10
17,0,2026,3,31,19,4,0,14
17,12,2026,3,31,18,5,3,16
17,26,2026,3,31,16,6,9,13
17,31,2026,3,31,14,2,8,7
17,36,2026,3,31,16,6,1,12
17,46,2026,3,31,18,6,4,14
17,58,2026,3,31,19,2,7,9
18,0,2026,3,31,19,4,0,13
18,12,2026,3,31,18,5,1,17
18,26,2026,3,31,16,6,4,19
18,31,2026,3,31,14,4,15,8
18,36,2026,3,31,16,3,1,10
18,46,2026,3,31,18,3,2,11
18,58,2026,3,31,19,5,9,7
19,0,2026,3,31,19,5,0,12
19,12,2026,3,31,18,2,3,11
19,26,2026,3,31,16,2,5,8
19,31,2026,3,31,14,6,5,9
19,36,2026,3,31,16,2,3,8
19,46,2026,3,31,18,6,0,14
19,58,2026,3,31,19,2,8,8
20,0,2026,3,31,19,6,0,14
20,12,2026,3,31,18,6,3,17
20,26,2026,3,31,16,2,8,11
20,31,2026,3,31,14,6,10,7
20,36,2026,3,31,16,2,1,8
20,46,2026,3,31,18,5,2,11
20,58,2026,3,31,19,5,5,11
21,0,2026,3,31,19,5,0,16
21,12,2026,3,31,18,4,4,16
21,26,2026,3,31,16,3,5,14
21,31,2026,3,31,14,3,11,6
21,36,2026,3,31,16,3,2,7
21,46,2026,3,31,18,6,2,11
21,58,2026,3,31,19,5,6,10
22,0,2026,3,31,19,2,0,12
22,12,2026,3,31,18,3,2,13
22,26,2026,3,31,16,4,6,11
22,31,2026,3,31,14,5,6,10
22,36,2026,3,31,16,3,0,13
22,46,2026,3,31,18,2,3,12
22,58,2026,3,31,19,3,11,4
23,0,2026,3,31,19,2,0,6
23,12,2026,3,31,18,2,1,7
23,26,2026,3,31,16,4,2,9
23,31,2026,3,31,14,5,5,9
23,36,2026,3,31,16,4,2,11
23,46,2026,3,31,18,2,6,7
23,58,2026,3,31,19,0,7,0
6,0,2026,4,1,19,2,0,2
6,12,2026,4,1,18,5,1,6
6,26,2026,4,1,16,14,2,18
6,31,2026,4,1,14,9,7,20
6,36,2026,4,1,16,21,4,37
6,46,2026,4,1,18,4,15,26
6,58,2026,4,1,19,2,12,16
7,0,2026,4,1,19,4,0,20
7,12,2026,4,1,18,4,5,19
7,26,2026,4,1,16,15,1,33
7,31,2026,4,1,14,14,14,33
7,36,2026,4,1,16,6,3,36
7,46,2026,4,1,18,4,16,24
7,58,2026,4,1,19,3,20,7
8,0,2026,4,1,19,5,0,12
8,12,2026,4,1,18,3,6,9
8,26,2026,4,1,16,9,1,17
8,31,2026,4,1,14,19,5,31
8,36,2026,4,1,16,13,0,44
8,46,2026,4,1,18,1,22,23
8,58,2026,4,1,19,5,21,7
9,0,2026,4,1,19,5,0,12
9,12,2026,4,1,18,5,9,8
9,26,2026,4,1,16,6,2,12
9,31,2026,4,1,14,4,2,14
9,36,2026,4,1,16,6,0,20
9,46,2026,4,1,18,4,9,15
9,58,2026,4,1,19,5,14,6
10,0,2026,4,1,19,3,0,9
10,12,2026,4,1,18,6,3,12
10,26,2026,4,1,16,2,4,10
10,31,2026,4,1,14,6,5,11
10,36,2026,4,1,16,5,3,13
10,46,2026,4,1,18,3,6,10
10,58,2026,4,1,19,2,8,4
11,0,2026,4,1,19,2,0,6
11,12,2026,4,1,18,4,3,7
11,26,2026,4,1,16,6,2,11
11,31,2026,4,1,14,4,7,8
11,36,2026,4,1,16,4,3,9
11,46,2026,4,1,18,6,6,9
11,58,2026,4,1,19,5,7,7
12,0,2026,4,1,19,3,0,10
12,12,2026,4,1,18,3,4,9
12,26,2026,4,1,16,4,5,8
12,31,2026,4,1,14,5,6,7
12,36,2026,4,1,16,2,1,8
12,46,2026,4,1,18,2,2,8
12,58,2026,4,1,19,2,6,4
13,0,2026,4,1,19,26,0,30
13,12,2026,4,1,18,27,6,51
13,26,2026,4,1,16,5,23,33
13,31,2026,4,1,14,3,24,12
13,36,2026,4,1,16,4,3,13
13,46,2026,4,1,18,25,2,36
13,58,2026,4,1,19,30,15,51
14,0,2026,4,1,19,9,0,60
14,12,2026,4,1,18,16,10,66
14,26,2026,4,1,16,3,24,45
14,31,2026,4,1,14,6,26,25
14,36,2026,4,1,16,6,2,29
14,46,2026,4,1,18,27,8,48
14,58,2026,4,1,19,21,31,38
15,0,2026,4,1,19,16,0,54
15,12,2026,4,1,18,11,9,56
15,26,2026,4,1,16,2,25,33
15,31,2026,4,1,14,2,20,15
15,36,2026,4,1,16,4,0,19
15,46,2026,4,1,18,14,4,29
15,58,2026,4,1,19,14,19,24
16,0,2026,4,1,19,2,0,26
16,12,2026,4,1,18,4,5,25
16,26,2026,4,1,16,4,13,16
16,31,2026,4,1,14,3,11,8
16,36,2026,4,1,16,3,2,9
16,46,2026,4,1,18,5,4,10
16,58,2026,4,1,19,5,6,9
17,0,2026,4,1,19,2,0,11
17,12,2026,4,1,18,2,1,12
17,26,2026,4,1,16,6,6,12
17,31,2026,4,1,14,4,6,10
17,36,2026,4,1,16,3,0,13
17,46,2026,4,1,18,2,6,9
17,58,2026,4,1,19,5,8,6
18,0,2026,4,1,19,5,0,11
18,12,2026,4,1,18,5,3,13
18,26,2026,4,1,16,5,4,14
18,31,2026,4,1,14,6,9,11
18,36,2026,4,1,16,3,2,12
18,46,2026,4,1,18,6,7,11
18,58,2026,4,1,19,5,8,8
19,0,2026,4,1,19,5,0,13
19,12,2026,4,1,18,6,2,17
19,26,2026,4,1,16,2,4,15
19,31,2026,4,1,14,2,11,6
19,36,2026,4,1,16,5,0,11
19,46,2026,4,1,18,3,1,13
19,58,2026,4,1,19,3,10,6
20,0,2026,4,1,19,5,0,11
20,12,2026,4,1,18,4,2,13
20,26,2026,4,1,16,5,3,15
20,31,2026,4,1,14,6,14,7
20,36,2026,4,1,16,6,4,9
20,46,2026,4,1,18,2,2,9
20,58,2026,4,1,19,4,6,7
21,0,2026,4,1,19,3,0,10
21,12,2026,4,1,18,3,2,11
21,26,2026,4,1,16,5,5,11
21,31,2026,4,1,14,5,6,10
21,36,2026,4,1,16,6,1,15
21,46,2026,4,1,18,2,8,9
21,58,2026,4,1,19,3,4,8
22,0,2026,4,1,19,6,0,14
22,12,2026,4,1,18,6,3,17
22,26,2026,4,1,16,5,6,16
22,31,2026,4,1,14,6,11,11
22,36,2026,4,1,16,4,3,12
22,46,2026,4,1,18,5,4,13
22,58,2026,4,1,19,5,8,10
23,0,2026,4,1,19,2,0,12
23,12,2026,4,1,18,5,1,16
23,26,2026,4,1,16,2,6,12
23,31,2026,4,1,14,6,8,10
23,36,2026,4,1,16,6,2,14
23,46,2026,4,1,18,3,5,12
23,58,2026,4,1,19,0,12,0
6,0,2026,4,2,19,2,0,2
6,12,2026,4,2,18,5,1,6
6,26,2026,4,2,16,9,4,11
6,31,2026,4,2,14,17,6,22
6,36,2026,4,2,16,20,3,39
6,46,2026,4,2,18,2,19,22
6,58,2026,4,2,19,5,15,12
7,0,2026,4,2,19,5,0,17
7,12,2026,4,2,18,2,9,10
7,26,2026,4,2,16,14,1,23
7,31,2026,4,2,14,13,9,27
7,36,2026,4,2,16,12,3,36
7,46,2026,4,2,18,4,15,25
7,58,2026,4,2,19,2,20,7
8,0,2026,4,2,19,3,0,10
8,12,2026,4,2,18,4,5,9
8,26,2026,4,2,16,21,4,26
8,31,2026,4,2,14,16,6,36
8,36,2026,4,2,16,11,1,46
8,46,2026,4,2,18,5,25,26
8,58,2026,4,2,19,2,21,7
9,0,2026,4,2,19,5,0,12
9,12,2026,4,2,18,1,7,6
9,26,2026,4,2,16,6,4,8
9,31,2026,4,2,14,5,1,12
9,36,2026,4,2,16,2,0,14
9,46,2026,4,2,18,3,1,16
9,58,2026,4,2,19,1,15,2
10,0,2026,4,2,19,2,0,4
10,12,2026,4,2,18,6,1,9
10,26,2026,4,2,16,2,3,8
10,31,2026,4,2,14,3,7,4
10,36,2026,4,2,16,2,1,5
10,46,2026,4,2,18,3,3,5
10,58,2026,4,2,19,3,2,6
11,0,2026,4,2,19,4,0,10
11,12,2026,4,2,18,3,1,12
11,26,2026,4,2,16,2,7,7
11,31,2026,4,2,14,3,5,5
11,36,2026,4,2,16,4,0,9
11,46,2026,4,2,18,5,3,11
11,58,2026,4,2,19,2,5,8
12,0,2026,4,2,19,6,0,14
12,12,2026,4,2,18,6,3,17
12,26,2026,4,2,16,2,6,13
12,31,2026,4,2,14,6,8,11
12,36,2026,4,2,16,4,2,13
12,46,2026,4,2,18,5,3,15
12,58,2026,4,2,19,6,10,11
13,0,2026,4,2,19,25,0,36
13,12,2026,4,2,18,25,8,53
13,26,2026,4,2,16,5,21,37
13,31,2026,4,2,14,3,28,12
13,36,2026,4,2,16,3,1,14
13,46,2026,4,2,18,32,1,45
13,58,2026,4,2,19,24,18,51
14,0,2026,4,2,19,15,0,66
14,12,2026,4,2,18,23,23,66
14,26,2026,4,2,16,5,23,48
14,31,2026,4,2,14,5,20,33
14,36,2026,4,2,16,2,4,31
14,46,2026,4,2,18,23,6,48
14,58,2026,4,2,19,8,23,33
15,0,2026,4,2,19,25,0,58
15,12,2026,4,2,18,9,6,61
15,26,2026,4,2,16,5,25,41
15,31,2026,4,2,14,6,27,20
15,36,2026,4,2,16,2,2,20
15,46,2026,4,2,18,29,6,43
15,58,2026,4,2,19,8,19,32
16,0,2026,4,2,19,6,0,38
16,12,2026,4,2,18,2,6,34
16,26,2026,4,2,16,2,21,15
16,31,2026,4,2,14,6,14,7
16,36,2026,4,2,16,6,3,10
16,46,2026,4,2,18,6,5,11
16,58,2026,4,2,19,4,9,6
17,0,2026,4,2,19,3,0,9
17,12,2026,4,2,18,6,3,12
17,26,2026,4,2,16,5,6,11
17,31,2026,4,2,14,2,8,5
17,36,2026,4,2,16,2,0,7
17,46,2026,4,2,18,5,3,9
17,58,2026,4,2,19,6,7,8
18,0,2026,4,2,19,2,0,10
18,12,2026,4,2,18,4,2,12
18,26,2026,4,2,16,2,6,8
18,31,2026,4,2,14,4,7,5
18,36,2026,4,2,16,5,3,7
18,46,2026,4,2,18,6,1,12
18,58,2026,4,2,19,5,8,9
19,0,2026,4,2,19,2,0,11
19,12,2026,4,2,18,5,3,13
19,26,2026,4,2,16,3,2,14
19,31,2026,4,2,14,5,9,10
19,36,2026,4,2,16,5,0,15
19,46,2026,4,2,18,4,5,14
19,58,2026,4,2,19,6,11,9
20,0,2026,4,2,19,4,0,13
20,12,2026,4,2,18,2,1,14
20,26,2026,4,2,16,6,9,11
20,31,2026,4,2,14,6,7,10
20,36,2026,4,2,16,2,2,10
20,46,2026,4,2,18,3,6,7
20,58,2026,4,2,19,3,5,5
21,0,2026,4,2,19,3,0,8
21,12,2026,4,2,18,5,2,11
21,26,2026,4,2,16,6,4,13
21,31,2026,4,2,14,5,5,13
21,36,2026,4,2,16,2,1,14
21,46,2026,4,2,18,2,4,12
21,58,2026,4,2,19,5,9,8
22,0,2026,4,2,19,4,0,12
22,12,2026,4,2,18,4,2,14
22,26,2026,4,2,16,4,10,8
22,31,2026,4,2,14,2,4,6
22,36,2026,4,2,16,6,1,11
22,46,2026,4,2,18,4,3,12
22,58,2026,4,2,19,6,7,11
23,0,2026,4,2,19,4,0,15
23,12,2026,4,2,18,3,3,15
23,26,2026,4,2,16,4,7,12
23,31,2026,4,2,14,4,10,6
23,36,2026,4,2,16,6,2,10
23,46,2026,4,2,18,4,6,8
23,58,2026,4,2,19,0,8,0
