hour,minute,year,month,day,station,in,out,inside
6,0,2025,12,12,1,2,0,2
6,5,2025,12,12,19,4,0,6
6,9,2025,12,12,15,22,2,26
6,14,2025,12,12,13,3,3,26
6,20,2025,12,12,12,36,15,47
6,26,2025,12,12,14,10,14,43
6,31,2025,12,12,12,18,6,55
6,38,2025,12,12,13,2,14,43
6,42,2025,12,12,15,11,16,38
6,48,2025,12,12,19,3,8,33
6,54,2025,12,12,1,4,16,21
7,0,2025,12,12,1,4,0,25
7,5,2025,12,12,19,5,3,27
7,9,2025,12,12,15,16,0,43
7,14,2025,12,12,13,2,16,29
7,20,2025,12,12,12,24,15,38
7,26,2025,12,12,14,14,4,48
7,31,2025,12,12,12,23,5,66
7,38,2025,12,12,13,4,17,53
7,42,2025,12,12,15,9,2,60
7,48,2025,12,12,19,4,20,44
7,54,2025,12,12,1,1,28,17
8,0,2025,12,12,1,2,0,19
8,5,2025,12,12,19,2,2,19
8,9,2025,12,12,15,19,0,38
8,14,2025,12,12,13,5,11,32
8,20,2025,12,12,12,34,12,54
8,26,2025,12,12,14,15,6,63
8,31,2025,12,12,12,7,4,66
8,38,2025,12,12,13,3,18,51
8,42,2025,12,12,15,17,5,63
8,48,2025,12,12,19,1,21,43
8,54,2025,12,12,1,1,22,22
9,0,2025,12,12,1,4,0,26
9,5,2025,12,12,19,3,2,27
9,9,2025,12,12,15,5,0,32
9,14,2025,12,12,13,5,17,20
9,20,2025,12,12,12,10,12,18
9,26,2025,12,12,14,6,2,22
9,31,2025,12,12,12,18,0,40
9,38,2025,12,12,13,2,11,31
9,42,2025,12,12,15,3,2,32
9,48,2025,12,12,19,5,13,24
9,54,2025,12,12,1,3,19,8
10,0,2025,12,12,1,5,0,13
10,5,2025,12,12,19,3,0,16
10,9,2025,12,12,15,5,1,20
10,14,2025,12,12,13,3,1,22
10,20,2025,12,12,12,11,17,16
10,26,2025,12,12,14,5,3,18
10,31,2025,12,12,12,8,4,22
10,38,2025,12,12,13,5,3,24
10,42,2025,12,12,15,5,7,22
10,48,2025,12,12,19,4,6,20
10,54,2025,12,12,1,2,6,16
11,0,2025,12,12,1,6,0,22
11,5,2025,12,12,19,4,1,25
11,9,2025,12,12,15,6,0,31
11,14,2025,12,12,13,3,3,31
11,20,2025,12,12,12,18,20,29
11,26,2025,12,12,14,4,10,23
11,31,2025,12,12,12,26,2,47
11,38,2025,12,12,13,6,8,45
11,42,2025,12,12,15,2,9,38
11,48,2025,12,12,19,3,11,30
11,54,2025,12,12,1,3,19,14
12,0,2025,12,12,1,3,0,17
12,5,2025,12,12,19,3,0,20
12,9,2025,12,12,15,4,0,24
12,14,2025,12,12,13,6,2,28
12,20,2025,12,12,12,9,19,18
12,26,2025,12,12,14,6,6,18
12,31,2025,12,12,12,14,2,30
12,38,2025,12,12,13,6,8,28
12,42,2025,12,12,15,5,7,26
12,48,2025,12,12,19,5,5,26
12,54,2025,12,12,1,2,9,19
13,0,2025,12,12,1,25,0,44
13,5,2025,12,12,19,23,1,66
13,9,2025,12,12,15,5,6,65
13,14,2025,12,12,13,9,11,63
13,20,2025,12,12,12,19,28,54
13,26,2025,12,12,14,3,22,35
13,31,2025,12,12,12,22,3,54
13,38,2025,12,12,13,17,5,66
13,42,2025,12,12,15,4,18,52
13,48,2025,12,12,19,31,17,66
13,54,2025,12,12,1,15,17,64
14,0,2025,12,12,1,2,0,66
14,5,2025,12,12,19,1,1,66
14,9,2025,12,12,15,3,10,59
14,14,2025,12,12,13,9,4,64
14,20,2025,12,12,12,12,37,39
14,26,2025,12,12,14,6,21,24
14,31,2025,12,12,12,22,4,42
14,38,2025,12,12,13,28,5,65
14,42,2025,12,12,15,3,17,51
14,48,2025,12,12,19,27,12,66
14,54,2025,12,12,1,11,11,66
15,0,2025,12,12,1,30,0,96
15,5,2025,12,12,19,31,10,117
15,9,2025,12,12,15,5,27,95
15,14,2025,12,12,13,22,17,100
15,20,2025,12,12,12,4,38,66
15,26,2025,12,12,14,4,26,44
15,31,2025,12,12,12,12,3,53
15,38,2025,12,12,13,16,3,66
15,42,2025,12,12,15,3,19,50
15,48,2025,12,12,19,25,9,66
15,54,2025,12,12,1,11,23,54
16,0,2025,12,12,1,6,0,60
16,5,2025,12,12,19,4,4,60
16,9,2025,12,12,15,3,6,57
16,14,2025,12,12,13,2,12,47
16,20,2025,12,12,12,20,32,35
16,26,2025,12,12,14,5,15,25
16,31,2025,12,12,12,11,3,33
16,38,2025,12,12,13,3,6,30
16,42,2025,12,12,15,4,8,26
16,48,2025,12,12,19,3,6,23
16,54,2025,12,12,1,4,10,17
17,0,2025,12,12,1,5,0,22
17,5,2025,12,12,19,2,1,23
17,9,2025,12,12,15,2,2,23
17,14,2025,12,12,13,4,1,26
17,20,2025,12,12,12,19,16,29
17,26,2025,12,12,14,3,10,22
17,31,2025,12,12,12,14,2,34
17,38,2025,12,12,13,3,5,32
17,42,2025,12,12,15,6,11,27
17,48,2025,12,12,19,4,12,19
17,54,2025,12,12,1,2,6,15
18,0,2025,12,12,1,4,0,19
18,5,2025,12,12,19,2,1,20
18,9,2025,12,12,15,3,0,23
18,14,2025,12,12,13,5,3,25
18,20,2025,12,12,12,30,16,39
18,26,2025,12,12,14,6,10,35
18,31,2025,12,12,12,25,3,57
18,38,2025,12,12,13,4,14,47
18,42,2025,12,12,15,6,11,42
18,48,2025,12,12,19,5,13,34
18,54,2025,12,12,1,3,15,22
19,0,2025,12,12,1,6,0,28
19,5,2025,12,12,19,3,1,30
19,9,2025,12,12,15,6,0,36
19,14,2025,12,12,13,5,4,37
19,20,2025,12,12,12,25,20,42
19,26,2025,12,12,14,4,19,27
19,31,2025,12,12,12,19,4,42
19,38,2025,12,12,13,3,8,37
19,42,2025,12,12,15,4,11,30
19,48,2025,12,12,19,4,6,28
19,54,2025,12,12,1,6,15,19
20,0,2025,12,12,1,2,0,21
20,5,2025,12,12,19,4,1,24
20,9,2025,12,12,15,4,0,28
20,14,2025,12,12,13,5,2,31
20,20,2025,12,12,12,16,20,27
20,26,2025,12,12,14,5,10,22
20,31,2025,12,12,12,30,2,50
20,38,2025,12,12,13,2,6,46
20,42,2025,12,12,15,2,12,36
20,48,2025,12,12,19,3,16,23
20,54,2025,12,12,1,6,13,16
21,0,2025,12,12,1,4,0,20
21,5,2025,12,12,19,2,0,22
21,9,2025,12,12,15,4,1,25
21,14,2025,12,12,13,6,3,28
21,20,2025,12,12,12,12,20,20
21,26,2025,12,12,14,2,8,14
21,31,2025,12,12,12,18,1,31
21,38,2025,12,12,13,3,8,26
21,42,2025,12,12,15,6,7,25
21,48,2025,12,12,19,6,10,21
21,54,2025,12,12,1,4,10,15
22,0,2025,12,12,1,3,0,18
22,5,2025,12,12,19,6,2,22
22,9,2025,12,12,15,5,2,25
22,14,2025,12,12,13,2,2,25
22,20,2025,12,12,12,11,22,14
22,26,2025,12,12,14,4,5,13
22,31,2025,12,12,12,20,3,30
22,38,2025,12,12,13,6,5,31
22,42,2025,12,12,15,3,6,28
22,48,2025,12,12,19,6,13,21
22,54,2025,12,12,1,3,5,19
23,0,2025,12,12,1,2,0,21
23,5,2025,12,12,19,5,0,26
23,9,2025,12,12,15,2,1,27
23,14,2025,12,12,13,3,1,29
23,20,2025,12,12,12,17,20,26
23,26,2025,12,12,14,4,13,17
23,31,2025,12,12,12,13,2,28
23,38,2025,12,12,13,4,10,22
23,42,2025,12,12,15,4,6,20
23,48,2025,12,12,19,3,12,11
23,54,2025,12,12,1,0,11,0
6,0,2025,12,13,1,3,0,3
6,5,2025,12,13,19,6,0,9
6,9,2025,12,13,15,9,2,16
6,14,2025,12,13,13,6,0,22
6,20,2025,12,13,12,22,12,32
6,26,2025,12,13,14,13,7,38
6,31,2025,12,13,12,8,9,37
6,38,2025,12,13,13,4,1,40
6,42,2025,12,13,15,7,7,40
6,48,2025,12,13,19,2,14,28
6,54,2025,12,13,1,6,16,18
7,0,2025,12,13,1,4,0,22
7,5,2025,12,13,19,4,2,24
7,9,2025,12,13,15,12,0,36
7,14,2025,12,13,13,3,13,26
7,20,2025,12,13,12,18,11,33
7,26,2025,12,13,14,22,5,50
7,31,2025,12,13,12,21,5,66
7,38,2025,12,13,13,2,19,49
7,42,2025,12,13,15,18,1,66
7,48,2025,12,13,19,1,23,44
7,54,2025,12,13,1,3,23,24
8,0,2025,12,13,1,4,0,28
8,5,2025,12,13,19,1,3,26
8,9,2025,12,13,15,11,1,36
8,14,2025,12,13,13,3,13,26
8,20,2025,12,13,12,12,18,20
8,26,2025,12,13,14,13,1,32
8,31,2025,12,13,12,12,2,42
8,38,2025,12,13,13,5,12,35
8,42,2025,12,13,15,15,1,49
8,48,2025,12,13,19,3,20,32
8,54,2025,12,13,1,3,20,15
9,0,2025,12,13,1,3,0,18
9,5,2025,12,13,19,3,3,18
9,9,2025,12,13,15,5,1,22
9,14,2025,12,13,13,2,6,18
9,20,2025,12,13,12,32,9,41
9,26,2025,12,13,14,5,4,42
9,31,2025,12,13,12,25,1,66
9,38,2025,12,13,13,4,14,56
9,42,2025,12,13,15,3,6,53
9,48,2025,12,13,19,3,26,30
9,54,2025,12,13,1,4,21,13
10,0,2025,12,13,1,5,0,18
10,5,2025,12,13,19,4,0,22
10,9,2025,12,13,15,4,3,23
10,14,2025,12,13,13,3,5,21
10,20,2025,12,13,12,35,15,41
10,26,2025,12,13,14,4,10,35
10,31,2025,12,13,12,34,3,66
10,38,2025,12,13,13,6,17,55
10,42,2025,12,13,15,2,18,39
10,48,2025,12,13,19,3,11,31
10,54,2025,12,13,1,4,16,19
11,0,2025,12,13,1,6,0,25
11,5,2025,12,13,19,2,1,26
11,9,2025,12,13,15,6,1,31
11,14,2025,12,13,13,2,3,30
11,20,2025,12,13,12,31,20,41
11,26,2025,12,13,14,5,18,28
11,31,2025,12,13,12,17,2,43
11,38,2025,12,13,13,3,7,39
11,42,2025,12,13,15,5,12,32
11,48,2025,12,13,19,6,10,28
11,54,2025,12,13,1,2,11,19
12,0,2025,12,13,1,2,0,21
12,5,2025,12,13,19,4,1,24
12,9,2025,12,13,15,4,1,27
12,14,2025,12,13,13,6,1,32
12,20,2025,12,13,12,24,20,36
12,26,2025,12,13,14,6,14,28
12,31,2025,12,13,12,11,5,34
12,38,2025,12,13,13,6,4,36
12,42,2025,12,13,15,6,10,32
12,48,2025,12,13,19,5,13,24
12,54,2025,12,13,1,2,11,15
13,0,2025,12,13,1,10,0,25
13,5,2025,12,13,19,32,0,57
13,9,2025,12,13,15,2,9,50
13,14,2025,12,13,13,18,8,60
13,20,2025,12,13,12,9,20,49
13,26,2025,12,13,14,2,20,31
13,31,2025,12,13,12,26,2,55
13,38,2025,12,13,13,22,11,66
13,42,2025,12,13,15,5,20,51
13,48,2025,12,13,19,22,7,66
13,54,2025,12,13,1,12,21,57
14,0,2025,12,13,1,9,0,66
14,5,2025,12,13,19,4,4,66
14,9,2025,12,13,15,6,10,62
14,14,2025,12,13,13,13,9,66
14,20,2025,12,13,12,19,26,59
14,26,2025,12,13,14,6,22,43
14,31,2025,12,13,12,12,6,49
14,38,2025,12,13,13,17,7,59
14,42,2025,12,13,15,5,17,47
14,48,2025,12,13,19,19,10,56
14,54,2025,12,13,1,26,16,66
15,0,2025,12,13,1,11,0,77
15,5,2025,12,13,19,30,5,102
15,9,2025,12,13,15,4,21,85
15,14,2025,12,13,13,27,12,100
15,20,2025,12,13,12,23,28,95
15,26,2025,12,13,14,5,27,73
15,31,2025,12,13,12,16,5,84
15,38,2025,12,13,13,14,9,89
15,42,2025,12,13,15,3,26,66
15,48,2025,12,13,19,12,16,62
15,54,2025,12,13,1,19,25,56
16,0,2025,12,13,1,2,0,58
16,5,2025,12,13,19,6,10,54
16,9,2025,12,13,15,5,4,55
16,14,2025,12,13,13,3,9,49
16,20,2025,12,13,12,17,20,46
16,26,2025,12,13,14,2,20,28
16,31,2025,12,13,12,30,1,57
16,38,2025,12,13,13,6,9,54
16,42,2025,12,13,15,3,10,47
16,48,2025,12,13,19,4,15,36
16,54,2025,12,13,1,6,15,27
17,0,2025,12,13,1,3,0,30
17,5,2025,12,13,19,5,0,35
17,9,2025,12,13,15,5,0,40
17,14,2025,12,13,13,4,3,41
17,20,2025,12,13,12,13,22,32
17,26,2025,12,13,14,3,16,19
17,31,2025,12,13,12,12,2,29
17,38,2025,12,13,13,2,3,28
17,42,2025,12,13,15,5,7,26
17,48,2025,12,13,19,3,8,21
17,54,2025,12,13,1,4,7,18
18,0,2025,12,13,1,2,0,20
18,5,2025,12,13,19,5,1,24
18,9,2025,12,13,15,2,0,26
18,14,2025,12,13,13,4,2,28
18,20,2025,12,13,12,28,17,39
18,26,2025,12,13,14,6,16,29
18,31,2025,12,13,12,8,5,32
18,38,2025,12,13,13,5,8,29
18,42,2025,12,13,15,3,9,23
18,48,2025,12,13,19,3,7,19
18,54,2025,12,13,1,3,9,13
19,0,2025,12,13,1,3,0,16
19,5,2025,12,13,19,6,0,22
19,9,2025,12,13,15,6,1,27
19,14,2025,12,13,13,3,1,29
19,20,2025,12,13,12,32,20,41
19,26,2025,12,13,14,4,8,37
19,31,2025,12,13,12,11,4,44
19,38,2025,12,13,13,5,10,39
19,42,2025,12,13,15,2,11,30
19,48,2025,12,13,19,5,12,23
19,54,2025,12,13,1,5,6,22
20,0,2025,12,13,1,4,0,26
20,5,2025,12,13,19,5,2,29
20,9,2025,12,13,15,3,2,30
20,14,2025,12,13,13,6,2,34
20,20,2025,12,13,12,23,22,35
20,26,2025,12,13,14,2,17,20
20,31,2025,12,13,12,11,1,30
20,38,2025,12,13,13,5,5,30
20,42,2025,12,13,15,6,10,26
20,48,2025,12,13,19,6,6,26
20,54,2025,12,13,1,5,10,21
21,0,2025,12,13,1,4,0,25
21,5,2025,12,13,19,6,0,31
21,9,2025,12,13,15,3,2,32
21,14,2025,12,13,13,2,3,31
21,20,2025,12,13,12,14,21,24
21,26,2025,12,13,14,4,10,18
21,31,2025,12,13,12,10,2,26
21,38,2025,12,13,13,5,8,23
21,42,2025,12,13,15,3,3,23
21,48,2025,12,13,19,5,5,23
21,54,2025,12,13,1,2,10,15
22,0,2025,12,13,1,4,0,19
22,5,2025,12,13,19,3,0,22
22,9,2025,12,13,15,5,1,26
22,14,2025,12,13,13,2,0,28
22,20,2025,12,13,12,24,24,28
22,26,2025,12,13,14,3,8,23
22,31,2025,12,13,12,11,2,32
22,38,2025,12,13,13,3,11,24
22,42,2025,12,13,15,4,8,20
22,48,2025,12,13,19,4,4,20
22,54,2025,12,13,1,2,6,16
23,0,2025,12,13,1,4,0,20
23,5,2025,12,13,19,2,1,21
23,9,2025,12,13,15,4,2,23
23,14,2025,12,13,13,4,0,27
23,20,2025,12,13,12,9,18,18
23,26,2025,12,13,14,3,6,15
23,31,2025,12,13,12,21,3,33
23,38,2025,12,13,13,2,7,28
23,42,2025,12,13,15,6,6,28
23,48,2025,12,13,19,3,13,18
23,54,2025,12,13,1,0,18,0
6,0,2025,12,14,1,3,0,3
6,5,2025,12,14,19,3,1,5
6,9,2025,12,14,15,6,0,11
6,14,2025,12,14,13,2,0,13
6,20,2025,12,14,12,14,7,20
6,26,2025,12,14,14,10,6,24
6,31,2025,12,14,12,23,7,40
6,38,2025,12,14,13,4,4,40
6,42,2025,12,14,15,16,13,43
6,48,2025,12,14,19,5,13,35
6,54,2025,12,14,1,5,11,29
7,0,2025,12,14,1,3,0,32
7,5,2025,12,14,19,4,1,35
7,9,2025,12,14,15,13,1,47
7,14,2025,12,14,13,2,18,31
7,20,2025,12,14,12,17,20,28
7,26,2025,12,14,14,7,5,30
7,31,2025,12,14,12,17,1,46
7,38,2025,12,14,13,4,11,39
7,42,2025,12,14,15,13,2,50
7,48,2025,12,14,19,5,19,36
7,54,2025,12,14,1,4,22,18
8,0,2025,12,14,1,2,0,20
8,5,2025,12,14,19,4,4,20
8,9,2025,12,14,15,20,1,39
8,14,2025,12,14,13,5,12,32
8,20,2025,12,14,12,31,12,51
8,26,2025,12,14,14,18,3,66
8,31,2025,12,14,12,3,3,66
8,38,2025,12,14,13,1,18,49
8,42,2025,12,14,15,15,1,63
8,48,2025,12,14,19,4,21,46
8,54,2025,12,14,1,1,26,21
9,0,2025,12,14,1,3,0,24
9,5,2025,12,14,19,4,2,26
9,9,2025,12,14,15,4,1,29
9,14,2025,12,14,13,4,16,17
9,20,2025,12,14,12,12,8,21
9,26,2025,12,14,14,3,2,22
9,31,2025,12,14,12,33,1,54
9,38,2025,12,14,13,5,13,46
9,42,2025,12,14,15,5,2,49
9,48,2025,12,14,19,5,22,32
9,54,2025,12,14,1,1,20,13
10,0,2025,12,14,1,2,0,15
10,5,2025,12,14,19,2,1,16
10,9,2025,12,14,15,4,2,18
10,14,2025,12,14,13,3,0,21
10,20,2025,12,14,12,14,14,21
10,26,2025,12,14,14,6,10,17
10,31,2025,12,14,12,9,4,22
10,38,2025,12,14,13,2,7,17
10,42,2025,12,14,15,5,5,17
10,48,2025,12,14,19,4,5,16
10,54,2025,12,14,1,3,5,14
11,0,2025,12,14,1,5,0,19
11,5,2025,12,14,19,3,1,21
11,9,2025,12,14,15,3,1,23
11,14,2025,12,14,13,2,2,23
11,20,2025,12,14,12,10,19,14
11,26,2025,12,14,14,2,8,8
11,31,2025,12,14,12,27,1,34
11,38,2025,12,14,13,2,6,30
11,42,2025,12,14,15,5,9,26
11,48,2025,12,14,19,5,5,26
11,54,2025,12,14,1,5,12,19
12,0,2025,12,14,1,6,0,25
12,5,2025,12,14,19,5,3,27
12,9,2025,12,14,15,2,0,29
12,14,2025,12,14,13,3,4,28
12,20,2025,12,14,12,18,20,26
12,26,2025,12,14,14,6,8,24
12,31,2025,12,14,12,12,4,32
12,38,2025,12,14,13,2,7,27
12,42,2025,12,14,15,2,7,22
12,48,2025,12,14,19,6,10,18
12,54,2025,12,14,1,5,6,17
13,0,2025,12,14,1,24,0,41
13,5,2025,12,14,19,14,1,54
13,9,2025,12,14,15,4,7,51
13,14,2025,12,14,13,20,8,63
13,20,2025,12,14,12,23,26,60
13,26,2025,12,14,14,2,20,42
13,31,2025,12,14,12,22,2,62
13,38,2025,12,14,13,14,10,66
13,42,2025,12,14,15,6,19,53
13,48,2025,12,14,19,28,15,66
13,54,2025,12,14,1,12,19,59
14,0,2025,12,14,1,7,0,66
14,5,2025,12,14,19,2,2,66
14,9,2025,12,14,15,4,10,60
14,14,2025,12,14,13,9,3,66
14,20,2025,12,14,12,31,35,62
14,26,2025,12,14,14,6,21,47
14,31,2025,12,14,12,13,5,55
14,38,2025,12,14,13,11,12,54
14,42,2025,12,14,15,4,14,44
14,48,2025,12,14,19,30,19,55
14,54,2025,12,14,1,22,11,66
15,0,2025,12,14,1,16,0,82
15,5,2025,12,14,19,18,7,93
15,9,2025,12,14,15,6,21,78
15,14,2025,12,14,13,3,15,66
15,20,2025,12,14,12,22,30,58
15,26,2025,12,14,14,2,25,35
15,31,2025,12,14,12,9,1,43
15,38,2025,12,14,13,10,8,45
15,42,2025,12,14,15,2,16,31
15,48,2025,12,14,19,19,12,38
15,54,2025,12,14,1,7,9,36
16,0,2025,12,14,1,5,0,41
16,5,2025,12,14,19,6,0,47
16,9,2025,12,14,15,6,8,45
16,14,2025,12,14,13,5,6,44
16,20,2025,12,14,12,36,25,55
16,26,2025,12,14,14,5,15,45
16,31,2025,12,14,12,24,3,66
16,38,2025,12,14,13,6,11,61
16,42,2025,12,14,15,2,18,45
16,48,2025,12,14,19,4,20,29
16,54,2025,12,14,1,3,15,17
17,0,2025,12,14,1,5,0,22
17,5,2025,12,14,19,6,1,27
17,9,2025,12,14,15,4,3,28
17,14,2025,12,14,13,3,3,28
17,20,2025,12,14,12,20,17,31
17,26,2025,12,14,14,6,17,20
17,31,2025,12,14,12,36,4,52
17,38,2025,12,14,13,4,8,48
17,42,2025,12,14,15,6,5,49
17,48,2025,12,14,19,6,17,38
17,54,2025,12,14,1,4,18,24
18,0,2025,12,14,1,2,0,26
18,5,2025,12,14,19,2,0,28
18,9,2025,12,14,15,5,0,33
18,14,2025,12,14,13,4,4,33
18,20,2025,12,14,12,24,20,37
18,26,2025,12,14,14,2,13,26
18,31,2025,12,14,12,29,1,54
18,38,2025,12,14,13,6,10,50
18,42,2025,12,14,15,5,11,44
18,48,2025,12,14,19,5,20,29
18,54,2025,12,14,1,4,9,24
19,0,2025,12,14,1,3,0,27
19,5,2025,12,14,19,5,1,31
19,9,2025,12,14,15,2,4,29
19,14,2025,12,14,13,6,4,31
19,20,2025,12,14,12,18,23,26
19,26,2025,12,14,14,6,14,18
19,31,2025,12,14,12,15,5,28
19,38,2025,12,14,13,6,8,26
19,42,2025,12,14,15,2,3,25
19,48,2025,12,14,19,2,7,20
19,54,2025,12,14,1,4,12,12
20,0,2025,12,14,1,3,0,15
20,5,2025,12,14,19,2,1,16
20,9,2025,12,14,15,2,0,18
20,14,2025,12,14,13,2,1,19
20,20,2025,12,14,12,20,14,25
20,26,2025,12,14,14,4,9,20
20,31,2025,12,14,12,29,1,48
20,38,2025,12,14,13,5,10,43
20,42,2025,12,14,15,4,10,37
20,48,2025,12,14,19,6,16,27
20,54,2025,12,14,1,5,12,20
21,0,2025,12,14,1,4,0,24
21,5,2025,12,14,19,2,1,25
21,9,2025,12,14,15,2,1,26
21,14,2025,12,14,13,3,2,27
21,20,2025,12,14,12,13,21,19
21,26,2025,12,14,14,4,5,18
21,31,2025,12,14,12,20,3,35
21,38,2025,12,14,13,4,9,30
21,42,2025,12,14,15,5,9,26
21,48,2025,12,14,19,2,8,20
21,54,2025,12,14,1,6,10,16
22,0,2025,12,14,1,6,0,22
22,5,2025,12,14,19,2,3,21
22,9,2025,12,14,15,2,0,23
22,14,2025,12,14,13,3,2,24
22,20,2025,12,14,12,8,21,11
22,26,2025,12,14,14,5,2,14
22,31,2025,12,14,12,32,3,43
22,38,2025,12,14,13,5,5,43
22,42,2025,12,14,15,6,8,41
22,48,2025,12,14,19,5,13,33
22,54,2025,12,14,1,4,12,25
23,0,2025,12,14,1,3,0,28
23,5,2025,12,14,19,4,1,31
23,9,2025,12,14,15,3,1,33
23,14,2025,12,14,13,3,5,31
23,20,2025,12,14,12,29,20,40
23,26,2025,12,14,14,3,17,26
23,31,2025,12,14,12,19,2,43
23,38,2025,12,14,13,6,12,37
23,42,2025,12,14,15,2,16,23
23,48,2025,12,14,19,4,15,12
23,54,2025,12,14,1,0,12,0
6,0,2025,12,15,1,3,0,3
6,5,2025,12,15,19,2,0,5
6,9,2025,12,15,15,5,1,9
6,14,2025,12,15,13,2,0,11
6,20,2025,12,15,12,23,11,23
6,26,2025,12,15,14,21,6,38
6,31,2025,12,15,12,34,12,60
6,38,2025,12,15,13,6,19,47
6,42,2025,12,15,15,16,15,48
6,48,2025,12,15,19,5,18,35
6,54,2025,12,15,1,2,10,27
7,0,2025,12,15,1,1,0,28
7,5,2025,12,15,19,1,0,29
7,9,2025,12,15,15,9,1,37
7,14,2025,12,15,13,2,15,24
7,20,2025,12,15,12,27,11,40
7,26,2025,12,15,14,6,8,38
7,31,2025,12,15,12,25,1,62
7,38,2025,12,15,13,3,19,46
7,42,2025,12,15,15,12,3,55
7,48,2025,12,15,19,5,21,39
7,54,2025,12,15,1,2,20,21
8,0,2025,12,15,1,4,0,25
8,5,2025,12,15,19,3,1,27
8,9,2025,12,15,15,15,0,42
8,14,2025,12,15,13,1,17,26
8,20,2025,12,15,12,18,12,32
8,26,2025,12,15,14,18,6,44
8,31,2025,12,15,12,27,5,66
8,38,2025,12,15,13,5,19,52
8,42,2025,12,15,15,11,2,61
8,48,2025,12,15,19,3,21,43
8,54,2025,12,15,1,4,26,21
9,0,2025,12,15,1,4,0,25
9,5,2025,12,15,19,4,3,26
9,9,2025,12,15,15,4,0,30
9,14,2025,12,15,13,5,11,24
9,20,2025,12,15,12,12,13,23
9,26,2025,12,15,14,4,4,23
9,31,2025,12,15,12,14,2,35
9,38,2025,12,15,13,2,11,26
9,42,2025,12,15,15,6,0,32
9,48,2025,12,15,19,5,10,27
9,54,2025,12,15,1,4,18,13
10,0,2025,12,15,1,6,0,19
10,5,2025,12,15,19,4,1,22
10,9,2025,12,15,15,5,0,27
10,14,2025,12,15,13,3,1,29
10,20,2025,12,15,12,36,22,43
10,26,2025,12,15,14,4,9,38
10,31,2025,12,15,12,26,3,61
10,38,2025,12,15,13,5,16,50
10,42,2025,12,15,15,4,11,43
10,48,2025,12,15,19,4,7,40
10,54,2025,12,15,1,5,18,27
11,0,2025,12,15,1,4,0,31
11,5,2025,12,15,19,6,0,37
11,9,2025,12,15,15,5,0,42
11,14,2025,12,15,13,2,0,44
11,20,2025,12,15,12,27,24,47
11,26,2025,12,15,14,4,19,32
11,31,2025,12,15,12,9,3,38
11,38,2025,12,15,13,5,9,34
11,42,2025,12,15,15,6,10,30
11,48,2025,12,15,19,3,10,23
11,54,2025,12,15,1,5,9,19
12,0,2025,12,15,1,4,0,23
12,5,2025,12,15,19,5,3,25
12,9,2025,12,15,15,5,2,28
12,14,2025,12,15,13,3,3,28
12,20,2025,12,15,12,23,21,30
12,26,2025,12,15,14,4,10,24
12,31,2025,12,15,12,36,2,58
12,38,2025,12,15,13,3,15,46
12,42,2025,12,15,15,6,11,41
12,48,2025,12,15,19,3,15,29
12,54,2025,12,15,1,6,11,24
13,0,2025,12,15,1,22,0,46
13,5,2025,12,15,19,22,2,66
13,9,2025,12,15,15,6,11,61
13,14,2025,12,15,13,14,9,66
13,20,2025,12,15,12,21,21,66
13,26,2025,12,15,14,5,23,48
13,31,2025,12,15,12,18,2,64
13,38,2025,12,15,13,11,9,66
13,42,2025,12,15,15,4,23,47
13,48,2025,12,15,19,11,19,39
13,54,2025,12,15,1,16,15,40
14,0,2025,12,15,1,26,0,66
14,5,2025,12,15,19,5,5,66
14,9,2025,12,15,15,2,15,53
14,14,2025,12,15,13,22,9,66
14,20,2025,12,15,12,13,21,58
14,26,2025,12,15,14,3,20,41
14,31,2025,12,15,12,18,2,57
14,38,2025,12,15,13,11,2,66
14,42,2025,12,15,15,4,16,54
14,48,2025,12,15,19,15,16,53
14,54,2025,12,15,1,17,20,50
15,0,2025,12,15,1,16,0,66
15,5,2025,12,15,19,13,0,79
15,9,2025,12,15,15,3,27,55
15,14,2025,12,15,13,21,10,66
15,20,2025,12,15,12,18,20,64
15,26,2025,12,15,14,5,20,49
15,31,2025,12,15,12,22,5,66
15,38,2025,12,15,13,9,9,66
15,42,2025,12,15,15,2,16,52
15,48,2025,12,15,19,24,11,65
15,54,2025,12,15,1,17,25,57
16,0,2025,12,15,1,2,0,59
16,5,2025,12,15,19,6,6,59
16,9,2025,12,15,15,2,9,52
16,14,2025,12,15,13,2,8,46
16,20,2025,12,15,12,30,30,46
16,26,2025,12,15,14,4,17,33
16,31,2025,12,15,12,33,2,64
16,38,2025,12,15,13,2,18,48
16,42,2025,12,15,15,4,13,39
16,48,2025,12,15,19,4,11,32
16,54,2025,12,15,1,2,19,15
17,0,2025,12,15,1,2,0,17
17,5,2025,12,15,19,6,0,23
17,9,2025,12,15,15,3,0,26
17,14,2025,12,15,13,5,1,30
17,20,2025,12,15,12,16,20,26
17,26,2025,12,15,14,5,8,23
17,31,2025,12,15,12,19,2,40
17,38,2025,12,15,13,5,6,39
17,42,2025,12,15,15,5,6,38
17,48,2025,12,15,19,6,16,28
17,54,2025,12,15,1,5,12,21
18,0,2025,12,15,1,3,0,24
18,5,2025,12,15,19,2,1,25
18,9,2025,12,15,15,4,3,26
18,14,2025,12,15,13,5,3,28
18,20,2025,12,15,12,13,19,22
18,26,2025,12,15,14,4,10,16
18,31,2025,12,15,12,18,2,32
18,38,2025,12,15,13,5,7,30
18,42,2025,12,15,15,6,10,26
18,48,2025,12,15,19,4,10,20
18,54,2025,12,15,1,2,6,16
19,0,2025,12,15,1,2,0,18
19,5,2025,12,15,19,2,1,19
19,9,2025,12,15,15,6,1,24
19,14,2025,12,15,13,5,5,24
19,20,2025,12,15,12,23,20,27
19,26,2025,12,15,14,6,10,23
19,31,2025,12,15,12,24,3,44
19,38,2025,12,15,13,5,11,38
19,42,2025,12,15,15,3,5,36
19,48,2025,12,15,19,5,13,28
19,54,2025,12,15,1,4,10,22
20,0,2025,12,15,1,5,0,27
20,5,2025,12,15,19,2,0,29
20,9,2025,12,15,15,6,2,33
20,14,2025,12,15,13,2,1,34
20,20,2025,12,15,12,27,20,41
20,26,2025,12,15,14,5,17,29
20,31,2025,12,15,12,33,4,58
20,38,2025,12,15,13,6,16,48
20,42,2025,12,15,15,3,12,39
20,48,2025,12,15,19,5,11,33
20,54,2025,12,15,1,4,17,20
21,0,2025,12,15,1,3,0,23
21,5,2025,12,15,19,6,1,28
21,9,2025,12,15,15,2,2,28
21,14,2025,12,15,13,2,5,25
21,20,2025,12,15,12,33,17,41
21,26,2025,12,15,14,6,10,37
21,31,2025,12,15,12,28,4,61
21,38,2025,12,15,13,3,16,48
21,42,2025,12,15,15,6,11,43
21,48,2025,12,15,19,3,16,30
21,54,2025,12,15,1,3,15,18
22,0,2025,12,15,1,6,0,24
22,5,2025,12,15,19,3,0,27
22,9,2025,12,15,15,6,1,32
22,14,2025,12,15,13,2,4,30
22,20,2025,12,15,12,33,18,45
22,26,2025,12,15,14,2,15,32
22,31,2025,12,15,12,14,1,45
22,38,2025,12,15,13,2,9,38
22,42,2025,12,15,15,4,12,30
22,48,2025,12,15,19,4,11,23
22,54,2025,12,15,1,5,12,16
23,0,2025,12,15,1,6,0,22
23,5,2025,12,15,19,4,1,25
23,9,2025,12,15,15,2,1,26
23,14,2025,12,15,13,5,2,29
23,20,2025,12,15,12,29,22,36
23,26,2025,12,15,14,4,13,27
23,31,2025,12,15,12,31,3,55
23,38,2025,12,15,13,2,10,47
23,42,2025,12,15,15,6,15,38
23,48,2025,12,15,19,6,19,25
23,54,2025,12,15,1,0,25,0
6,0,2025,12,16,1,4,0,4
6,5,2025,12,16,19,2,0,6
6,9,2025,12,16,15,13,0,19
6,14,2025,12,16,13,2,2,19
6,20,2025,12,16,12,25,14,30
6,26,2025,12,16,14,15,6,39
6,31,2025,12,16,12,33,6,66
6,38,2025,12,16,13,3,14,55
6,42,2025,12,16,15,11,11,55
6,48,2025,12,16,19,5,17,43
6,54,2025,12,16,1,6,21,28
7,0,2025,12,16,1,1,0,29
7,5,2025,12,16,19,3,1,31
7,9,2025,12,16,15,6,0,37
7,14,2025,12,16,13,3,15,25
7,20,2025,12,16,12,16,17,24
7,26,2025,12,16,14,5,5,24
7,31,2025,12,16,12,29,0,53
7,38,2025,12,16,13,3,16,40
7,42,2025,12,16,15,17,1,56
7,48,2025,12,16,19,4,20,40
7,54,2025,12,16,1,4,24,20
8,0,2025,12,16,1,4,0,24
8,5,2025,12,16,19,1,2,23
8,9,2025,12,16,15,13,0,36
8,14,2025,12,16,13,2,14,24
8,20,2025,12,16,12,24,13,35
8,26,2025,12,16,14,22,4,53
8,31,2025,12,16,12,15,2,66
8,38,2025,12,16,13,4,23,47
8,42,2025,12,16,15,11,1,57
8,48,2025,12,16,19,2,21,38
8,54,2025,12,16,1,3,20,21
9,0,2025,12,16,1,3,0,24
9,5,2025,12,16,19,3,3,24
9,9,2025,12,16,15,3,0,27
9,14,2025,12,16,13,5,11,21
9,20,2025,12,16,12,15,11,25
9,26,2025,12,16,14,4,2,27
9,31,2025,12,16,12,23,0,50
9,38,2025,12,16,13,1,11,40
9,42,2025,12,16,15,6,1,45
9,48,2025,12,16,19,3,20,28
9,54,2025,12,16,1,3,22,9
10,0,2025,12,16,1,5,0,14
10,5,2025,12,16,19,4,0,18
10,9,2025,12,16,15,6,3,21
10,14,2025,12,16,13,3,1,23
10,20,2025,12,16,12,21,17,27
10,26,2025,12,16,14,3,5,25
10,31,2025,12,16,12,31,2,54
10,38,2025,12,16,13,4,6,52
10,42,2025,12,16,15,5,16,41
10,48,2025,12,16,19,5,16,30
10,54,2025,12,16,1,6,13,23
11,0,2025,12,16,1,2,0,25
11,5,2025,12,16,19,2,2,25
11,9,2025,12,16,15,6,2,29
11,14,2025,12,16,13,6,3,32
11,20,2025,12,16,12,21,19,34
11,26,2025,12,16,14,2,14,22
11,31,2025,12,16,12,25,2,45
11,38,2025,12,16,13,6,6,45
11,42,2025,12,16,15,5,9,41
11,48,2025,12,16,19,2,15,28
11,54,2025,12,16,1,5,15,18
12,0,2025,12,16,1,5,0,23
12,5,2025,12,16,19,4,0,27
12,9,2025,12,16,15,4,4,27
12,14,2025,12,16,13,6,0,33
12,20,2025,12,16,12,20,20,33
12,26,2025,12,16,14,2,10,25
12,31,2025,12,16,12,35,1,59
12,38,2025,12,16,13,3,7,55
12,42,2025,12,16,15,6,11,50
12,48,2025,12,16,19,5,20,35
12,54,2025,12,16,1,6,20,21
13,0,2025,12,16,1,16,0,37
13,5,2025,12,16,19,25,1,61
13,9,2025,12,16,15,4,9,56
13,14,2025,12,16,13,9,6,59
13,20,2025,12,16,12,16,26,49
13,26,2025,12,16,14,6,18,37
13,31,2025,12,16,12,23,4,56
13,38,2025,12,16,13,15,5,66
13,42,2025,12,16,15,3,16,53
13,48,2025,12,16,19,25,12,66
13,54,2025,12,16,1,13,20,59
14,0,2025,12,16,1,7,0,66
14,5,2025,12,16,19,4,4,66
14,9,2025,12,16,15,6,9,63
14,14,2025,12,16,13,19,16,66
14,20,2025,12,16,12,8,29,45
14,26,2025,12,16,14,5,21,29
14,31,2025,12,16,12,10,5,34
14,38,2025,12,16,13,30,3,61
14,42,2025,12,16,15,3,16,48
14,48,2025,12,16,19,13,13,48
14,54,2025,12,16,1,16,14,50
15,0,2025,12,16,1,11,0,61
15,5,2025,12,16,19,8,6,63
15,9,2025,12,16,15,5,16,52
15,14,2025,12,16,13,22,8,66
15,20,2025,12,16,12,22,22,66
15,26,2025,12,16,14,2,26,42
15,31,2025,12,16,12,11,2,51
15,38,2025,12,16,13,14,9,56
15,42,2025,12,16,15,4,18,42
15,48,2025,12,16,19,25,11,56
15,54,2025,12,16,1,11,13,54
16,0,2025,12,16,1,2,0,56
16,5,2025,12,16,19,3,2,57
16,9,2025,12,16,15,6,9,54
16,14,2025,12,16,13,3,11,46
16,20,2025,12,16,12,10,26,30
16,26,2025,12,16,14,4,19,15
16,31,2025,12,16,12,29,4,40
16,38,2025,12,16,13,6,10,36
16,42,2025,12,16,15,5,8,33
16,48,2025,12,16,19,3,9,27
16,54,2025,12,16,1,2,9,20
17,0,2025,12,16,1,2,0,22
17,5,2025,12,16,19,3,1,24
17,9,2025,12,16,15,3,1,26
17,14,2025,12,16,13,5,0,31
17,20,2025,12,16,12,19,19,31
17,26,2025,12,16,14,3,12,22
17,31,2025,12,16,12,26,1,47
17,38,2025,12,16,13,6,8,45
17,42,2025,12,16,15,6,10,41
17,48,2025,12,16,19,3,13,31
17,54,2025,12,16,1,2,13,20
18,0,2025,12,16,1,4,0,24
18,5,2025,12,16,19,6,0,30
18,9,2025,12,16,15,6,0,36
18,14,2025,12,16,13,2,1,37
18,20,2025,12,16,12,21,20,38
18,26,2025,12,16,14,3,18,23
18,31,2025,12,16,12,8,1,30
18,38,2025,12,16,13,4,11,23
18,42,2025,12,16,15,2,4,21
18,48,2025,12,16,19,5,4,22
18,54,2025,12,16,1,3,11,14
19,0,2025,12,16,1,2,0,16
19,5,2025,12,16,19,5,1,20
19,9,2025,12,16,15,4,0,24
19,14,2025,12,16,13,5,4,25
19,20,2025,12,16,12,35,20,40
19,26,2025,12,16,14,4,7,37
19,31,2025,12,16,12,18,3,52
19,38,2025,12,16,13,5,15,42
19,42,2025,12,16,15,5,11,36
19,48,2025,12,16,19,5,19,22
19,54,2025,12,16,1,4,2,24
20,0,2025,12,16,1,3,0,27
20,5,2025,12,16,19,3,0,30
20,9,2025,12,16,15,5,0,35
20,14,2025,12,16,13,3,2,36
20,20,2025,12,16,12,18,21,33
20,26,2025,12,16,14,6,11,28
20,31,2025,12,16,12,23,2,49
20,38,2025,12,16,13,5,12,42
20,42,2025,12,16,15,4,9,37
20,48,2025,12,16,19,4,15,26
20,54,2025,12,16,1,3,11,18
21,0,2025,12,16,1,6,0,24
21,5,2025,12,16,19,4,2,26
21,9,2025,12,16,15,4,2,28
21,14,2025,12,16,13,2,2,28
21,20,2025,12,16,12,27,20,35
21,26,2025,12,16,14,6,11,30
21,31,2025,12,16,12,33,4,59
21,38,2025,12,16,13,5,12,52
21,42,2025,12,16,15,2,15,39
21,48,2025,12,16,19,6,9,36
21,54,2025,12,16,1,4,19,21
22,0,2025,12,16,1,3,0,24
22,5,2025,12,16,19,2,1,25
22,9,2025,12,16,15,5,1,29
22,14,2025,12,16,13,2,2,29
22,20,2025,12,16,12,34,20,43
22,26,2025,12,16,14,5,14,34
22,31,2025,12,16,12,34,3,65
22,38,2025,12,16,13,3,19,49
22,42,2025,12,16,15,2,15,36
22,48,2025,12,16,19,5,16,25
22,54,2025,12,16,1,3,11,17
23,0,2025,12,16,1,4,0,21
23,5,2025,12,16,19,5,0,26
23,9,2025,12,16,15,4,2,28
23,14,2025,12,16,13,6,2,32
23,20,2025,12,16,12,30,21,41
23,26,2025,12,16,14,6,15,32
23,31,2025,12,16,12,15,6,41
23,38,2025,12,16,13,2,7,36
23,42,2025,12,16,15,2,17,21
23,48,2025,12,16,19,4,7,18
23,54,2025,12,16,1,0,18,0
6,0,2025,12,17,1,6,0,6
6,5,2025,12,17,19,4,0,10
6,9,2025,12,17,15,15,1,24
6,14,2025,12,17,13,5,2,27
6,20,2025,12,17,12,13,20,20
6,26,2025,12,17,14,13,3,30
6,31,2025,12,17,12,32,7,55
6,38,2025,12,17,13,2,10,47
6,42,2025,12,17,15,5,12,40
6,48,2025,12,17,19,5,15,30
6,54,2025,12,17,1,5,13,22
7,0,2025,12,17,1,2,0,24
7,5,2025,12,17,19,4,3,25
7,9,2025,12,17,15,9,1,33
7,14,2025,12,17,13,1,8,26
7,20,2025,12,17,12,20,11,35
7,26,2025,12,17,14,5,10,30
7,31,2025,12,17,12,8,0,38
7,38,2025,12,17,13,5,7,36
7,42,2025,12,17,15,22,1,57
7,48,2025,12,17,19,1,22,36
7,54,2025,12,17,1,2,28,10
8,0,2025,12,17,1,3,0,13
8,5,2025,12,17,19,1,0,14
8,9,2025,12,17,15,21,0,35
8,14,2025,12,17,13,4,12,27
8,20,2025,12,17,12,10,12,25
8,26,2025,12,17,14,20,2,43
8,31,2025,12,17,12,17,1,59
8,38,2025,12,17,13,1,13,47
8,42,2025,12,17,15,12,1,58
8,48,2025,12,17,19,5,20,43
8,54,2025,12,17,1,4,24,23
9,0,2025,12,17,1,4,0,27
9,5,2025,12,17,19,3,4,26
9,9,2025,12,17,15,6,1,31
9,14,2025,12,17,13,2,15,18
9,20,2025,12,17,12,36,10,44
9,26,2025,12,17,14,6,2,48
9,31,2025,12,17,12,18,0,66
9,38,2025,12,17,13,4,23,47
9,42,2025,12,17,15,5,1,51
9,48,2025,12,17,19,2,20,33
9,54,2025,12,17,1,4,20,17
10,0,2025,12,17,1,3,0,20
10,5,2025,12,17,19,5,0,25
10,9,2025,12,17,15,2,1,26
10,14,2025,12,17,13,2,0,28
10,20,2025,12,17,12,35,18,45
10,26,2025,12,17,14,6,12,39
10,31,2025,12,17,12,31,4,66
10,38,2025,12,17,13,3,13,56
10,42,2025,12,17,15,2,12,46
10,48,2025,12,17,19,4,17,33
10,54,2025,12,17,1,3,17,19
11,0,2025,12,17,1,3,0,22
11,5,2025,12,17,19,2,0,24
11,9,2025,12,17,15,6,1,29
11,14,2025,12,17,13,6,1,34
11,20,2025,12,17,12,17,18,33
11,26,2025,12,17,14,4,15,22
11,31,2025,12,17,12,11,2,31
11,38,2025,12,17,13,5,4,32
11,42,2025,12,17,15,2,7,27
11,48,2025,12,17,19,4,13,18
11,54,2025,12,17,1,5,8,15
12,0,2025,12,17,1,3,0,18
12,5,2025,12,17,19,4,2,20
12,9,2025,12,17,15,5,3,22
12,14,2025,12,17,13,2,1,23
12,20,2025,12,17,12,22,15,30
12,26,2025,12,17,14,2,10,22
12,31,2025,12,17,12,28,1,49
12,38,2025,12,17,13,6,10,45
12,42,2025,12,17,15,6,14,37
12,48,2025,12,17,19,3,12,28
12,54,2025,12,17,1,3,13,18
13,0,2025,12,17,1,12,0,30
13,5,2025,12,17,19,9,1,38
13,9,2025,12,17,15,2,4,36
13,14,2025,12,17,13,31,3,64
13,20,2025,12,17,12,13,22,55
13,26,2025,12,17,14,4,20,39
13,31,2025,12,17,12,20,3,56
13,38,2025,12,17,13,10,4,62
13,42,2025,12,17,15,4,18,48
13,48,2025,12,17,19,11,10,49
13,54,2025,12,17,1,17,22,44
14,0,2025,12,17,1,10,0,54
14,5,2025,12,17,19,13,5,62
14,9,2025,12,17,15,4,7,59
14,14,2025,12,17,13,16,9,66
14,20,2025,12,17,12,27,27,66
14,26,2025,12,17,14,5,20,51
14,31,2025,12,17,12,20,5,66
14,38,2025,12,17,13,13,13,66
14,42,2025,12,17,15,5,20,51
14,48,2025,12,17,19,24,9,66
14,54,2025,12,17,1,9,18,57
15,0,2025,12,17,1,9,0,66
15,5,2025,12,17,19,3,3,66
15,9,2025,12,17,15,3,7,62
15,14,2025,12,17,13,12,8,66
15,20,2025,12,17,12,25,35,56
15,26,2025,12,17,14,2,22,36
15,31,2025,12,17,12,14,2,48
15,38,2025,12,17,13,11,7,52
15,42,2025,12,17,15,6,13,45
15,48,2025,12,17,19,18,12,51
15,54,2025,12,17,1,10,17,44
16,0,2025,12,17,1,3,0,47
16,5,2025,12,17,19,5,5,47
16,9,2025,12,17,15,3,6,44
16,14,2025,12,17,13,2,7,39
16,20,2025,12,17,12,24,22,41
16,26,2025,12,17,14,6,23,24
16,31,2025,12,17,12,13,3,34
16,38,2025,12,17,13,3,9,28
16,42,2025,12,17,15,5,6,27
16,48,2025,12,17,19,3,9,21
16,54,2025,12,17,1,5,11,15
17,0,2025,12,17,1,4,0,19
17,5,2025,12,17,19,6,1,24
17,9,2025,12,17,15,2,0,26
17,14,2025,12,17,13,2,3,25
17,20,2025,12,17,12,32,18,39
17,26,2025,12,17,14,4,16,27
17,31,2025,12,17,12,22,1,48
17,38,2025,12,17,13,6,12,42
17,42,2025,12,17,15,3,13,32
17,48,2025,12,17,19,4,6,30
17,54,2025,12,17,1,5,13,22
18,0,2025,12,17,1,6,0,28
18,5,2025,12,17,19,6,0,34
18,9,2025,12,17,15,4,2,36
18,14,2025,12,17,13,5,3,38
18,20,2025,12,17,12,36,22,52
18,26,2025,12,17,14,2,21,33
18,31,2025,12,17,12,18,2,49
18,38,2025,12,17,13,5,11,43
18,42,2025,12,17,15,6,9,40
18,48,2025,12,17,19,5,15,30
18,54,2025,12,17,1,6,14,22
19,0,2025,12,17,1,2,0,24
19,5,2025,12,17,19,5,0,29
19,9,2025,12,17,15,3,2,30
19,14,2025,12,17,13,5,4,31
19,20,2025,12,17,12,36,20,47
19,26,2025,12,17,14,6,18,35
19,31,2025,12,17,12,30,4,61
19,38,2025,12,17,13,6,19,48
19,42,2025,12,17,15,3,13,38
19,48,2025,12,17,19,3,8,33
19,54,2025,12,17,1,6,18,21
20,0,2025,12,17,1,4,0,25
20,5,2025,12,17,19,3,1,27
20,9,2025,12,17,15,5,2,30
20,14,2025,12,17,13,5,4,31
20,20,2025,12,17,12,19,21,29
20,26,2025,12,17,14,3,16,16
20,31,2025,12,17,12,14,2,28
20,38,2025,12,17,13,3,7,24
20,42,2025,12,17,15,3,8,19
20,48,2025,12,17,19,4,6,17
20,54,2025,12,17,1,5,8,14
21,0,2025,12,17,1,6,0,20
21,5,2025,12,17,19,3,0,23
21,9,2025,12,17,15,6,2,27
21,14,2025,12,17,13,4,2,29
21,20,2025,12,17,12,26,21,34
21,26,2025,12,17,14,5,10,29
21,31,2025,12,17,12,36,3,62
21,38,2025,12,17,13,5,9,58
21,42,2025,12,17,15,5,15,48
21,48,2025,12,17,19,3,20,31
21,54,2025,12,17,1,4,9,26
22,0,2025,12,17,1,5,0,31
22,5,2025,12,17,19,4,0,35
22,9,2025,12,17,15,3,0,38
22,14,2025,12,17,13,3,1,40
22,20,2025,12,17,12,22,20,42
22,26,2025,12,17,14,3,19,26
22,31,2025,12,17,12,9,3,32
22,38,2025,12,17,13,2,6,28
22,42,2025,12,17,15,4,7,25
22,48,2025,12,17,19,3,11,17
22,54,2025,12,17,1,6,10,13
23,0,2025,12,17,1,5,0,18
23,5,2025,12,17,19,6,2,22
23,9,2025,12,17,15,2,3,21
23,14,2025,12,17,13,4,2,23
23,20,2025,12,17,12,8,19,12
23,26,2025,12,17,14,6,5,13
23,31,2025,12,17,12,23,3,33
23,38,2025,12,17,13,2,8,27
23,42,2025,12,17,15,5,16,16
23,48,2025,12,17,19,5,9,12
23,54,2025,12,17,1,0,12,0
6,0,2025,12,18,1,2,0,2
6,5,2025,12,18,19,6,1,7
6,9,2025,12,18,15,19,1,25
6,14,2025,12,18,13,3,2,26
6,20,2025,12,18,12,33,20,39
6,26,2025,12,18,14,8,6,41
6,31,2025,12,18,12,30,6,65
6,38,2025,12,18,13,6,15,56
6,42,2025,12,18,15,17,16,57
6,48,2025,12,18,19,5,18,44
6,54,2025,12,18,1,2,13,33
7,0,2025,12,18,1,2,0,35
7,5,2025,12,18,19,2,2,35
7,9,2025,12,18,15,20,0,55
7,14,2025,12,18,13,3,17,41
7,20,2025,12,18,12,27,20,48
7,26,2025,12,18,14,16,5,59
7,31,2025,12,18,12,10,3,66
7,38,2025,12,18,13,5,21,50
7,42,2025,12,18,15,20,4,66
7,48,2025,12,18,19,4,21,49
7,54,2025,12,18,1,4,22,31
8,0,2025,12,18,1,1,0,32
8,5,2025,12,18,19,5,3,34
8,9,2025,12,18,15,11,0,45
8,14,2025,12,18,13,4,14,35
8,20,2025,12,18,12,30,21,44
8,26,2025,12,18,14,19,2,61
8,31,2025,12,18,12,12,7,66
8,38,2025,12,18,13,3,18,51
8,42,2025,12,18,15,15,0,66
8,48,2025,12,18,19,5,21,50
8,54,2025,12,18,1,1,26,25
9,0,2025,12,18,1,3,0,28
9,5,2025,12,18,19,1,1,28
9,9,2025,12,18,15,3,0,31
9,14,2025,12,18,13,1,16,16
9,20,2025,12,18,12,31,13,34
9,26,2025,12,18,14,6,2,38
9,31,2025,12,18,12,10,1,47
9,38,2025,12,18,13,4,16,35
9,42,2025,12,18,15,5,1,39
9,48,2025,12,18,19,4,18,25
9,54,2025,12,18,1,2,20,7
10,0,2025,12,18,1,6,0,13
10,5,2025,12,18,19,5,0,18
10,9,2025,12,18,15,2,2,18
10,14,2025,12,18,13,2,4,16
10,20,2025,12,18,12,15,15,16
10,26,2025,12,18,14,2,4,14
10,31,2025,12,18,12,22,1,35
10,38,2025,12,18,13,2,11,26
10,42,2025,12,18,15,3,8,21
10,48,2025,12,18,19,4,7,18
10,54,2025,12,18,1,3,7,14
11,0,2025,12,18,1,4,0,18
11,5,2025,12,18,19,5,1,22
11,9,2025,12,18,15,6,0,28
11,14,2025,12,18,13,5,1,32
11,20,2025,12,18,12,26,23,35
11,26,2025,12,18,14,4,12,27
11,31,2025,12,18,12,18,1,44
11,38,2025,12,18,13,6,12,38
11,42,2025,12,18,15,5,11,32
11,48,2025,12,18,19,4,9,27
11,54,2025,12,18,1,3,11,19
12,0,2025,12,18,1,4,0,23
12,5,2025,12,18,19,5,1,27
12,9,2025,12,18,15,4,1,30
12,14,2025,12,18,13,5,4,31
12,20,2025,12,18,12,22,20,33
12,26,2025,12,18,14,3,10,26
12,31,2025,12,18,12,32,3,55
12,38,2025,12,18,13,6,13,48
12,42,2025,12,18,15,6,11,43
12,48,2025,12,18,19,6,11,38
12,54,2025,12,18,1,3,19,22
13,0,2025,12,18,1,15,0,37
13,5,2025,12,18,19,16,0,53
13,9,2025,12,18,15,6,8,51
13,14,2025,12,18,13,17,2,66
13,20,2025,12,18,12,21,21,66
13,26,2025,12,18,14,4,23,47
13,31,2025,12,18,12,23,4,66
13,38,2025,12,18,13,7,11,62
13,42,2025,12,18,15,4,18,48
13,48,2025,12,18,19,27,13,62
13,54,2025,12,18,1,24,20,66
14,0,2025,12,18,1,18,0,84
14,5,2025,12,18,19,29,8,105
14,9,2025,12,18,15,5,30,80
14,14,2025,12,18,13,6,20,66
14,20,2025,12,18,12,27,27,66
14,26,2025,12,18,14,6,23,49
14,31,2025,12,18,12,19,3,65
14,38,2025,12,18,13,12,11,66
14,42,2025,12,18,15,6,23,49
14,48,2025,12,18,19,15,9,55
14,54,2025,12,18,1,9,20,44
15,0,2025,12,18,1,7,0,51
15,5,2025,12,18,19,18,3,66
15,9,2025,12,18,15,3,10,59
15,14,2025,12,18,13,18,15,62
15,20,2025,12,18,12,27,23,66
15,26,2025,12,18,14,4,20,50
15,31,2025,12,18,12,14,3,61
15,38,2025,12,18,13,13,8,66
15,42,2025,12,18,15,2,21,47
15,48,2025,12,18,19,30,19,58
15,54,2025,12,18,1,10,19,49
16,0,2025,12,18,1,3,0,52
16,5,2025,12,18,19,6,5,53
16,9,2025,12,18,15,2,5,50
16,14,2025,12,18,13,2,10,42
16,20,2025,12,18,12,12,27,27
16,26,2025,12,18,14,4,16,15
16,31,2025,12,18,12,11,3,23
16,38,2025,12,18,13,3,6,20
16,42,2025,12,18,15,6,5,21
16,48,2025,12,18,19,2,7,16
16,54,2025,12,18,1,3,7,12
17,0,2025,12,18,1,6,0,18
17,5,2025,12,18,19,5,1,22
17,9,2025,12,18,15,6,1,27
17,14,2025,12,18,13,5,0,32
17,20,2025,12,18,12,9,23,18
17,26,2025,12,18,14,2,6,14
17,31,2025,12,18,12,33,0,47
17,38,2025,12,18,13,3,9,41
17,42,2025,12,18,15,3,1,43
17,48,2025,12,18,19,2,12,33
17,54,2025,12,18,1,5,17,21
18,0,2025,12,18,1,6,0,27
18,5,2025,12,18,19,6,1,32
18,9,2025,12,18,15,6,5,33
18,14,2025,12,18,13,5,3,35
18,20,2025,12,18,12,14,21,28
18,26,2025,12,18,14,5,12,21
18,31,2025,12,18,12,31,2,50
18,38,2025,12,18,13,6,14,42
18,42,2025,12,18,15,2,9,35
18,48,2025,12,18,19,4,14,25
18,54,2025,12,18,1,6,13,18
19,0,2025,12,18,1,4,0,22
19,5,2025,12,18,19,2,1,23
19,9,2025,12,18,15,4,1,26
19,14,2025,12,18,13,2,1,27
19,20,2025,12,18,12,10,20,17
19,26,2025,12,18,14,4,8,13
19,31,2025,12,18,12,35,4,44
19,38,2025,12,18,13,3,9,38
19,42,2025,12,18,15,6,8,36
19,48,2025,12,18,19,2,8,30
19,54,2025,12,18,1,4,13,21
20,0,2025,12,18,1,3,0,24
20,5,2025,12,18,19,5,1,28
20,9,2025,12,18,15,6,2,32
20,14,2025,12,18,13,6,0,38
20,20,2025,12,18,12,30,19,49
20,26,2025,12,18,14,6,18,37
20,31,2025,12,18,12,11,3,45
20,38,2025,12,18,13,2,13,34
20,42,2025,12,18,15,2,7,29
20,48,2025,12,18,19,2,13,18
20,54,2025,12,18,1,3,10,11
21,0,2025,12,18,1,5,0,16
21,5,2025,12,18,19,5,0,21
21,9,2025,12,18,15,6,1,26
21,14,2025,12,18,13,4,2,28
21,20,2025,12,18,12,29,22,35
21,26,2025,12,18,14,4,13,26
21,31,2025,12,18,12,20,1,45
21,38,2025,12,18,13,4,10,39
21,42,2025,12,18,15,2,13,28
21,48,2025,12,18,19,3,11,20
21,54,2025,12,18,1,5,9,16
22,0,2025,12,18,1,5,0,21
22,5,2025,12,18,19,4,2,23
22,9,2025,12,18,15,5,2,26
22,14,2025,12,18,13,5,1,30
22,20,2025,12,18,12,29,21,38
22,26,2025,12,18,14,5,10,33
22,31,2025,12,18,12,28,3,58
22,38,2025,12,18,13,5,12,51
22,42,2025,12,18,15,3,13,41
22,48,2025,12,18,19,5,13,33
22,54,2025,12,18,1,2,18,17
23,0,2025,12,18,1,3,0,20
23,5,2025,12,18,19,4,0,24
23,9,2025,12,18,15,4,3,25
23,14,2025,12,18,13,2,1,26
23,20,2025,12,18,12,20,14,32
23,26,2025,12,18,14,6,12,26
23,31,2025,12,18,12,24,5,45
23,38,2025,12,18,13,5,11,39
23,42,2025,12,18,15,3,16,26
23,48,2025,12,18,19,3,11,18
23,54,2025,12,18,1,0,18,0
6,0,2025,12,19,1,5,0,5
6,5,2025,12,19,19,3,0,8
6,9,2025,12,19,15,15,0,23
6,14,2025,12,19,13,5,3,25
6,20,2025,12,19,12,22,20,27
6,26,2025,12,19,14,8,4,31
6,31,2025,12,19,12,36,7,60
6,38,2025,12,19,13,5,15,50
6,42,2025,12,19,15,5,10,45
6,48,2025,12,19,19,2,12,35
6,54,2025,12,19,1,3,17,21
7,0,2025,12,19,1,1,0,22
7,5,2025,12,19,19,1,1,22
7,9,2025,12,19,15,20,1,41
7,14,2025,12,19,13,1,10,32
7,20,2025,12,19,12,25,7,50
7,26,2025,12,19,14,15,10,55
7,31,2025,12,19,12,13,2,66
7,38,2025,12,19,13,5,22,49
7,42,2025,12,19,15,16,3,62
7,48,2025,12,19,19,1,22,41
7,54,2025,12,19,1,1,21,21
8,0,2025,12,19,1,1,0,22
8,5,2025,12,19,19,4,1,25
8,9,2025,12,19,15,7,0,32
8,14,2025,12,19,13,2,11,23
8,20,2025,12,19,12,33,13,43
8,26,2025,12,19,14,15,1,57
8,31,2025,12,19,12,14,5,66
8,38,2025,12,19,13,2,15,53
8,42,2025,12,19,15,18,5,66
8,48,2025,12,19,19,3,24,45
8,54,2025,12,19,1,1,22,24
9,0,2025,12,19,1,2,0,26
9,5,2025,12,19,19,2,1,27
9,9,2025,12,19,15,2,1,28
9,14,2025,12,19,13,2,17,13
9,20,2025,12,19,12,15,11,17
9,26,2025,12,19,14,2,1,18
9,31,2025,12,19,12,22,1,39
9,38,2025,12,19,13,4,9,34
9,42,2025,12,19,15,4,1,37
9,48,2025,12,19,19,1,14,24
9,54,2025,12,19,1,1,20,5
10,0,2025,12,19,1,5,0,10
10,5,2025,12,19,19,6,1,15
10,9,2025,12,19,15,2,0,17
10,14,2025,12,19,13,6,0,23
10,20,2025,12,19,12,8,17,14
10,26,2025,12,19,14,5,5,14
10,31,2025,12,19,12,29,1,42
10,38,2025,12,19,13,4,7,39
10,42,2025,12,19,15,6,6,39
10,48,2025,12,19,19,4,10,33
10,54,2025,12,19,1,2,17,18
11,0,2025,12,19,1,3,0,21
11,5,2025,12,19,19,3,2,22
11,9,2025,12,19,15,4,1,25
11,14,2025,12,19,13,3,2,26
11,20,2025,12,19,12,20,15,31
11,26,2025,12,19,14,6,14,23
11,31,2025,12,19,12,9,3,29
11,38,2025,12,19,13,2,7,24
11,42,2025,12,19,15,5,4,25
11,48,2025,12,19,19,4,8,21
11,54,2025,12,19,1,3,9,15
12,0,2025,12,19,1,5,0,20
12,5,2025,12,19,19,2,0,22
12,9,2025,12,19,15,6,1,27
12,14,2025,12,19,13,6,2,31
12,20,2025,12,19,12,19,20,30
12,26,2025,12,19,14,6,11,25
12,31,2025,12,19,12,14,4,35
12,38,2025,12,19,13,5,10,30
12,42,2025,12,19,15,5,8,27
12,48,2025,12,19,19,4,7,24
12,54,2025,12,19,1,3,8,19
13,0,2025,12,19,1,31,0,50
13,5,2025,12,19,19,17,3,64
13,9,2025,12,19,15,2,7,59
13,14,2025,12,19,13,13,6,66
13,20,2025,12,19,12,12,35,43
13,26,2025,12,19,14,5,18,30
13,31,2025,12,19,12,29,3,56
13,38,2025,12,19,13,17,7,66
13,42,2025,12,19,15,5,21,50
13,48,2025,12,19,19,11,10,51
13,54,2025,12,19,1,31,17,65
14,0,2025,12,19,1,1,0,66
14,5,2025,12,19,19,5,5,66
14,9,2025,12,19,15,6,10,62
14,14,2025,12,19,13,18,14,66
14,20,2025,12,19,12,19,24,61
14,26,2025,12,19,14,2,20,43
14,31,2025,12,19,12,15,1,57
14,38,2025,12,19,13,12,9,60
14,42,2025,12,19,15,4,20,44
14,48,2025,12,19,19,24,9,59
14,54,2025,12,19,1,9,20,48
15,0,2025,12,19,1,7,0,55
15,5,2025,12,19,19,14,3,66
15,9,2025,12,19,15,4,13,57
15,14,2025,12,19,13,15,6,66
15,20,2025,12,19,12,24,24,66
15,26,2025,12,19,14,3,21,48
15,31,2025,12,19,12,20,2,66
15,38,2025,12,19,13,5,5,66
15,42,2025,12,19,15,4,21,49
15,48,2025,12,19,19,27,19,57
15,54,2025,12,19,1,11,18,50
16,0,2025,12,19,1,4,0,54
16,5,2025,12,19,19,2,3,53
16,9,2025,12,19,15,2,6,49
16,14,2025,12,19,13,6,9,46
16,20,2025,12,19,12,34,24,56
16,26,2025,12,19,14,3,21,38
16,31,2025,12,19,12,30,3,65
16,38,2025,12,19,13,4,16,53
16,42,2025,12,19,15,6,11,48
16,48,2025,12,19,19,5,17,36
16,54,2025,12,19,1,3,19,20
17,0,2025,12,19,1,4,0,24
17,5,2025,12,19,19,3,0,27
17,9,2025,12,19,15,4,1,30
17,14,2025,12,19,13,5,1,34
17,20,2025,12,19,12,22,22,34
17,26,2025,12,19,14,2,17,19
17,31,2025,12,19,12,14,1,32
17,38,2025,12,19,13,3,6,29
17,42,2025,12,19,15,2,11,20
17,48,2025,12,19,19,6,4,22
17,54,2025,12,19,1,6,11,17
18,0,2025,12,19,1,5,0,22
18,5,2025,12,19,19,4,1,25
18,9,2025,12,19,15,5,1,29
18,14,2025,12,19,13,5,1,33
18,20,2025,12,19,12,33,22,44
18,26,2025,12,19,14,3,10,37
18,31,2025,12,19,12,18,2,53
18,38,2025,12,19,13,4,5,52
18,42,2025,12,19,15,5,15,42
18,48,2025,12,19,19,2,16,28
18,54,2025,12,19,1,3,14,17
19,0,2025,12,19,1,2,0,19
19,5,2025,12,19,19,3,0,22
19,9,2025,12,19,15,5,1,26
19,14,2025,12,19,13,4,2,28
19,20,2025,12,19,12,30,18,40
19,26,2025,12,19,14,4,14,30
19,31,2025,12,19,12,35,2,63
19,38,2025,12,19,13,4,17,50
19,42,2025,12,19,15,3,10,43
19,48,2025,12,19,19,2,15,30
19,54,2025,12,19,1,3,14,19
20,0,2025,12,19,1,4,0,23
20,5,2025,12,19,19,5,1,27
20,9,2025,12,19,15,5,0,32
20,14,2025,12,19,13,6,3,35
20,20,2025,12,19,12,30,14,51
20,26,2025,12,19,14,4,27,28
20,31,2025,12,19,12,32,2,58
20,38,2025,12,19,13,4,18,44
20,42,2025,12,19,15,3,14,33
20,48,2025,12,19,19,5,13,25
20,54,2025,12,19,1,5,15,15
21,0,2025,12,19,1,3,0,18
21,5,2025,12,19,19,5,2,21
21,9,2025,12,19,15,4,3,22
21,14,2025,12,19,13,2,2,22
21,20,2025,12,19,12,29,18,33
21,26,2025,12,19,14,3,8,28
21,31,2025,12,19,12,32,3,57
21,38,2025,12,19,13,3,13,47
21,42,2025,12,19,15,3,11,39
21,48,2025,12,19,19,4,13,30
21,54,2025,12,19,1,6,17,19
22,0,2025,12,19,1,3,0,22
22,5,2025,12,19,19,4,0,26
22,9,2025,12,19,15,2,2,26
22,14,2025,12,19,13,4,1,29
22,20,2025,12,19,12,18,20,27
22,26,2025,12,19,14,2,11,18
22,31,2025,12,19,12,28,1,45
22,38,2025,12,19,13,3,14,34
22,42,2025,12,19,15,2,12,24
22,48,2025,12,19,19,3,12,15
22,54,2025,12,19,1,4,5,14
23,0,2025,12,19,1,4,0,18
23,5,2025,12,19,19,6,0,24
23,9,2025,12,19,15,5,4,25
23,14,2025,12,19,13,6,2,29
23,20,2025,12,19,12,9,21,17
23,26,2025,12,19,14,5,9,13
23,31,2025,12,19,12,8,3,18
23,38,2025,12,19,13,2,1,19
23,42,2025,12,19,15,3,8,14
23,48,2025,12,19,19,3,7,10
23,54,2025,12,19,1,0,10,0
6,0,2025,12,20,1,5,0,5
6,5,2025,12,20,19,5,0,10
6,9,2025,12,20,15,19,0,29
6,14,2025,12,20,13,3,2,30
6,20,2025,12,20,12,22,17,35
6,26,2025,12,20,14,13,9,39
6,31,2025,12,20,12,10,8,41
6,38,2025,12,20,13,2,5,38
6,42,2025,12,20,15,18,11,45
6,48,2025,12,20,19,5,17,33
6,54,2025,12,20,1,4,16,21
7,0,2025,12,20,1,1,0,22
7,5,2025,12,20,19,4,4,22
7,9,2025,12,20,15,19,0,41
7,14,2025,12,20,13,2,11,32
7,20,2025,12,20,12,33,12,53
7,26,2025,12,20,14,14,4,63
7,31,2025,12,20,12,4,1,66
7,38,2025,12,20,13,5,21,50
7,42,2025,12,20,15,8,3,55
7,48,2025,12,20,19,1,21,35
7,54,2025,12,20,1,2,20,17
8,0,2025,12,20,1,4,0,21
8,5,2025,12,20,19,2,2,21
8,9,2025,12,20,15,16,0,37
8,14,2025,12,20,13,2,14,25
8,20,2025,12,20,12,11,12,24
8,26,2025,12,20,14,14,4,34
8,31,2025,12,20,12,25,3,56
8,38,2025,12,20,13,2,17,41
8,42,2025,12,20,15,21,3,59
8,48,2025,12,20,19,2,21,40
8,54,2025,12,20,1,1,22,19
9,0,2025,12,20,1,3,0,22
9,5,2025,12,20,19,3,3,22
9,9,2025,12,20,15,5,0,27
9,14,2025,12,20,13,1,10,18
9,20,2025,12,20,12,18,10,26
9,26,2025,12,20,14,2,3,25
9,31,2025,12,20,12,13,1,37
9,38,2025,12,20,13,2,11,28
9,42,2025,12,20,15,5,2,31
9,48,2025,12,20,19,5,17,19
9,54,2025,12,20,1,1,14,6
10,0,2025,12,20,1,2,0,8
10,5,2025,12,20,19,5,0,13
10,9,2025,12,20,15,6,0,19
10,14,2025,12,20,13,4,2,21
10,20,2025,12,20,12,23,16,28
10,26,2025,12,20,14,3,9,22
10,31,2025,12,20,12,24,2,44
10,38,2025,12,20,13,2,13,33
10,42,2025,12,20,15,2,8,27
10,48,2025,12,20,19,3,9,21
10,54,2025,12,20,1,2,10,13
11,0,2025,12,20,1,6,0,19
11,5,2025,12,20,19,4,3,20
11,9,2025,12,20,15,2,2,20
11,14,2025,12,20,13,3,0,23
11,20,2025,12,20,12,20,17,26
11,26,2025,12,20,14,4,11,19
11,31,2025,12,20,12,13,3,29
11,38,2025,12,20,13,2,6,25
11,42,2025,12,20,15,5,6,24
11,48,2025,12,20,19,4,6,22
11,54,2025,12,20,1,3,10,15
12,0,2025,12,20,1,6,0,21
12,5,2025,12,20,19,3,1,23
12,9,2025,12,20,15,3,1,25
12,14,2025,12,20,13,2,1,26
12,20,2025,12,20,12,19,19,26
12,26,2025,12,20,14,3,8,21
12,31,2025,12,20,12,30,3,48
12,38,2025,12,20,13,3,12,39
12,42,2025,12,20,15,6,6,39
12,48,2025,12,20,19,4,9,34
12,54,2025,12,20,1,5,17,22
13,0,2025,12,20,1,25,0,47
13,5,2025,12,20,19,9,0,56
13,9,2025,12,20,15,2,3,55
13,14,2025,12,20,13,11,1,65
13,20,2025,12,20,12,22,35,52
13,26,2025,12,20,14,5,26,31
13,31,2025,12,20,12,10,4,37
13,38,2025,12,20,13,8,5,40
13,42,2025,12,20,15,2,10,32
13,48,2025,12,20,19,13,10,35
13,54,2025,12,20,1,7,11,31
14,0,2025,12,20,1,24,0,55
14,5,2025,12,20,19,12,5,62
14,9,2025,12,20,15,6,15,53
14,14,2025,12,20,13,15,6,62
14,20,2025,12,20,12,16,25,53
14,26,2025,12,20,14,2,21,34
14,31,2025,12,20,12,31,1,64
14,38,2025,12,20,13,8,10,62
14,42,2025,12,20,15,5,17,50
14,48,2025,12,20,19,24,13,61
14,54,2025,12,20,1,27,22,66
15,0,2025,12,20,1,22,0,88
15,5,2025,12,20,19,29,8,109
15,9,2025,12,20,15,6,31,84
15,14,2025,12,20,13,2,20,66
15,20,2025,12,20,12,26,27,65
15,26,2025,12,20,14,2,27,40
15,31,2025,12,20,12,27,1,66
15,38,2025,12,20,13,13,13,66
15,42,2025,12,20,15,2,13,55
15,48,2025,12,20,19,19,19,55
15,54,2025,12,20,1,23,19,59
16,0,2025,12,20,1,3,0,62
16,5,2025,12,20,19,3,6,59
16,9,2025,12,20,15,4,16,47
16,14,2025,12,20,13,6,7,46
16,20,2025,12,20,12,16,22,40
16,26,2025,12,20,14,4,23,21
16,31,2025,12,20,12,15,3,33
16,38,2025,12,20,13,2,7,28
16,42,2025,12,20,15,3,6,25
16,48,2025,12,20,19,2,9,18
16,54,2025,12,20,1,4,9,13
17,0,2025,12,20,1,6,0,19
17,5,2025,12,20,19,5,0,24
17,9,2025,12,20,15,4,5,23
17,14,2025,12,20,13,6,1,28
17,20,2025,12,20,12,12,21,19
17,26,2025,12,20,14,3,7,15
17,31,2025,12,20,12,20,2,33
17,38,2025,12,20,13,5,9,29
17,42,2025,12,20,15,3,7,25
17,48,2025,12,20,19,2,6,21
17,54,2025,12,20,1,3,10,14
18,0,2025,12,20,1,2,0,16
18,5,2025,12,20,19,4,1,19
18,9,2025,12,20,15,6,0,25
18,14,2025,12,20,13,5,3,27
18,20,2025,12,20,12,25,20,32
18,26,2025,12,20,14,6,8,30
18,31,2025,12,20,12,30,1,59
18,38,2025,12,20,13,4,16,47
18,42,2025,12,20,15,2,14,35
18,48,2025,12,20,19,4,11,28
18,54,2025,12,20,1,2,17,13
19,0,2025,12,20,1,5,0,18
19,5,2025,12,20,19,3,1,20
19,9,2025,12,20,15,4,1,23
19,14,2025,12,20,13,6,2,27
19,20,2025,12,20,12,13,20,20
19,26,2025,12,20,14,5,8,17
19,31,2025,12,20,12,24,2,39
19,38,2025,12,20,13,2,4,37
19,42,2025,12,20,15,6,14,29
19,48,2025,12,20,19,4,7,26
19,54,2025,12,20,1,4,9,21
20,0,2025,12,20,1,6,0,27
20,5,2025,12,20,19,3,2,28
20,9,2025,12,20,15,5,2,31
20,14,2025,12,20,13,4,3,32
20,20,2025,12,20,12,9,17,24
20,26,2025,12,20,14,2,15,11
20,31,2025,12,20,12,11,1,21
20,38,2025,12,20,13,3,4,20
20,42,2025,12,20,15,3,5,18
20,48,2025,12,20,19,3,4,17
20,54,2025,12,20,1,5,9,13
21,0,2025,12,20,1,6,0,19
21,5,2025,12,20,19,5,2,22
21,9,2025,12,20,15,2,1,23
21,14,2025,12,20,13,4,2,25
21,20,2025,12,20,12,26,19,32
21,26,2025,12,20,14,4,10,26
21,31,2025,12,20,12,10,4,32
21,38,2025,12,20,13,4,8,28
21,42,2025,12,20,15,6,3,31
21,48,2025,12,20,19,6,13,24
21,54,2025,12,20,1,5,8,21
22,0,2025,12,20,1,2,0,23
22,5,2025,12,20,19,5,2,26
22,9,2025,12,20,15,3,2,27
22,14,2025,12,20,13,4,2,29
22,20,2025,12,20,12,29,20,38
22,26,2025,12,20,14,3,13,28
22,31,2025,12,20,12,30,1,57
22,38,2025,12,20,13,4,10,51
22,42,2025,12,20,15,6,13,44
22,48,2025,12,20,19,2,14,32
22,54,2025,12,20,1,5,15,22
23,0,2025,12,20,1,6,0,28
23,5,2025,12,20,19,5,0,33
23,9,2025,12,20,15,3,2,34
23,14,2025,12,20,13,4,4,34
23,20,2025,12,20,12,14,22,26
23,26,2025,12,20,14,4,11,19
23,31,2025,12,20,12,32,4,47
23,38,2025,12,20,13,5,13,39
23,42,2025,12,20,15,6,12,33
23,48,2025,12,20,19,6,17,22
23,54,2025,12,20,1,0,22,0
6,0,2025,12,21,1,4,0,4
6,5,2025,12,21,19,2,1,5
6,9,2025,12,21,15,10,1,14
6,14,2025,12,21,13,5,1,18
6,20,2025,12,21,12,18,12,24
6,26,2025,12,21,14,10,4,30
6,31,2025,12,21,12,19,4,45
6,38,2025,12,21,13,2,5,42
6,42,2025,12,21,15,15,12,45
6,48,2025,12,21,19,5,15,35
6,54,2025,12,21,1,4,12,27
7,0,2025,12,21,1,3,0,30
7,5,2025,12,21,19,5,3,32
7,9,2025,12,21,15,7,0,39
7,14,2025,12,21,13,1,20,20
7,20,2025,12,21,12,16,14,22
7,26,2025,12,21,14,16,4,34
7,31,2025,12,21,12,16,3,47
7,38,2025,12,21,13,1,13,35
7,42,2025,12,21,15,14,3,46
7,48,2025,12,21,19,5,19,32
7,54,2025,12,21,1,1,21,12
8,0,2025,12,21,1,1,0,13
8,5,2025,12,21,19,4,0,17
8,9,2025,12,21,15,11,0,28
8,14,2025,12,21,13,1,12,17
8,20,2025,12,21,12,10,14,13
8,26,2025,12,21,14,16,0,29
8,31,2025,12,21,12,8,6,31
8,38,2025,12,21,13,2,8,25
8,42,2025,12,21,15,7,0,32
8,48,2025,12,21,19,3,11,24
8,54,2025,12,21,1,4,15,13
9,0,2025,12,21,1,2,0,15
9,5,2025,12,21,19,4,2,17
9,9,2025,12,21,15,2,1,18
9,14,2025,12,21,13,3,12,9
9,20,2025,12,21,12,22,6,25
9,26,2025,12,21,14,3,2,26
9,31,2025,12,21,12,9,0,35
9,38,2025,12,21,13,4,9,30
9,42,2025,12,21,15,2,1,31
9,48,2025,12,21,19,5,18,18
9,54,2025,12,21,1,4,14,8
10,0,2025,12,21,1,2,0,10
10,5,2025,12,21,19,4,0,14
10,9,2025,12,21,15,3,1,16
10,14,2025,12,21,13,4,1,19
10,20,2025,12,21,12,26,13,32
10,26,2025,12,21,14,6,8,30
10,31,2025,12,21,12,11,3,38
10,38,2025,12,21,13,3,8,33
10,42,2025,12,21,15,2,11,24
10,48,2025,12,21,19,5,8,21
10,54,2025,12,21,1,5,11,15
11,0,2025,12,21,1,2,0,17
11,5,2025,12,21,19,4,0,21
11,9,2025,12,21,15,4,0,25
11,14,2025,12,21,13,6,2,29
11,20,2025,12,21,12,26,19,36
11,26,2025,12,21,14,4,7,33
11,31,2025,12,21,12,24,3,54
11,38,2025,12,21,13,4,8,50
11,42,2025,12,21,15,6,15,41
11,48,2025,12,21,19,2,17,26
11,54,2025,12,21,1,5,13,18
12,0,2025,12,21,1,3,0,21
12,5,2025,12,21,19,5,1,25
12,9,2025,12,21,15,6,1,30
12,14,2025,12,21,13,4,3,31
12,20,2025,12,21,12,11,17,25
12,26,2025,12,21,14,4,11,18
12,31,2025,12,21,12,19,2,35
12,38,2025,12,21,13,2,6,31
12,42,2025,12,21,15,5,6,30
12,48,2025,12,21,19,4,6,28
12,54,2025,12,21,1,4,17,15
13,0,2025,12,21,1,24,0,39
13,5,2025,12,21,19,29,2,66
13,9,2025,12,21,15,3,8,61
13,14,2025,12,21,13,10,5,66
13,20,2025,12,21,12,10,28,48
13,26,2025,12,21,14,4,22,30
13,31,2025,12,21,12,21,2,49
13,38,2025,12,21,13,21,4,66
13,42,2025,12,21,15,6,8,64
13,48,2025,12,21,19,15,17,62
13,54,2025,12,21,1,24,20,66
14,0,2025,12,21,1,27,0,93
14,5,2025,12,21,19,11,12,92
14,9,2025,12,21,15,2,23,71
14,14,2025,12,21,13,10,23,58
14,20,2025,12,21,12,25,22,61
14,26,2025,12,21,14,5,22,44
14,31,2025,12,21,12,14,3,55
14,38,2025,12,21,13,18,7,66
14,42,2025,12,21,15,5,20,51
14,48,2025,12,21,19,23,14,60
14,54,2025,12,21,1,14,16,58
15,0,2025,12,21,1,8,0,66
15,5,2025,12,21,19,2,2,66
15,9,2025,12,21,15,2,8,60
15,14,2025,12,21,13,13,7,66
15,20,2025,12,21,12,27,27,66
15,26,2025,12,21,14,6,23,49
15,31,2025,12,21,12,23,6,66
15,38,2025,12,21,13,7,7,66
15,42,2025,12,21,15,3,15,54
15,48,2025,12,21,19,29,18,65
15,54,2025,12,21,1,17,18,64
16,0,2025,12,21,1,2,0,66
16,5,2025,12,21,19,3,3,66
16,9,2025,12,21,15,3,7,62
16,14,2025,12,21,13,4,12,54
16,20,2025,12,21,12,17,28,43
16,26,2025,12,21,14,2,20,25
16,31,2025,12,21,12,17,1,41
16,38,2025,12,21,13,3,8,36
16,42,2025,12,21,15,3,12,27
16,48,2025,12,21,19,3,13,17
16,54,2025,12,21,1,5,9,13
17,0,2025,12,21,1,2,0,15
17,5,2025,12,21,19,5,1,19
17,9,2025,12,21,15,5,1,23
17,14,2025,12,21,13,6,2,27
17,20,2025,12,21,12,29,24,32
17,26,2025,12,21,14,6,9,29
17,31,2025,12,21,12,32,3,58
17,38,2025,12,21,13,2,13,47
17,42,2025,12,21,15,5,13,39
17,48,2025,12,21,19,5,14,30
17,54,2025,12,21,1,6,17,19
18,0,2025,12,21,1,3,0,22
18,5,2025,12,21,19,5,0,27
18,9,2025,12,21,15,2,2,27
18,14,2025,12,21,13,3,2,28
18,20,2025,12,21,12,20,18,30
18,26,2025,12,21,14,5,12,23
18,31,2025,12,21,12,16,2,37
18,38,2025,12,21,13,3,4,36
18,42,2025,12,21,15,6,7,35
18,48,2025,12,21,19,3,10,28
18,54,2025,12,21,1,6,13,21
19,0,2025,12,21,1,4,0,25
19,5,2025,12,21,19,2,1,26
19,9,2025,12,21,15,3,1,28
19,14,2025,12,21,13,6,2,32
19,20,2025,12,21,12,9,19,22
19,26,2025,12,21,14,2,9,15
19,31,2025,12,21,12,23,1,37
19,38,2025,12,21,13,3,6,34
19,42,2025,12,21,15,3,5,32
19,48,2025,12,21,19,5,8,29
19,54,2025,12,21,1,6,11,24
20,0,2025,12,21,1,5,0,29
20,5,2025,12,21,19,6,1,34
20,9,2025,12,21,15,3,2,35
20,14,2025,12,21,13,5,3,37
20,20,2025,12,21,12,36,20,53
20,26,2025,12,21,14,4,20,37
20,31,2025,12,21,12,20,3,54
20,38,2025,12,21,13,3,10,47
20,42,2025,12,21,15,6,16,37
20,48,2025,12,21,19,4,10,31
20,54,2025,12,21,1,5,17,19
21,0,2025,12,21,1,2,0,21
21,5,2025,12,21,19,3,0,24
21,9,2025,12,21,15,5,1,28
21,14,2025,12,21,13,2,2,28
21,20,2025,12,21,12,35,18,45
21,26,2025,12,21,14,4,15,34
21,31,2025,12,21,12,23,3,54
21,38,2025,12,21,13,3,15,42
21,42,2025,12,21,15,2,12,32
21,48,2025,12,21,19,5,13,24
21,54,2025,12,21,1,4,11,17
22,0,2025,12,21,1,5,0,22
22,5,2025,12,21,19,3,1,24
22,9,2025,12,21,15,4,3,25
22,14,2025,12,21,13,5,0,30
22,20,2025,12,21,12,18,17,31
22,26,2025,12,21,14,6,11,26
22,31,2025,12,21,12,17,2,41
22,38,2025,12,21,13,2,12,31
22,42,2025,12,21,15,2,13,20
22,48,2025,12,21,19,5,4,21
22,54,2025,12,21,1,3,8,16
23,0,2025,12,21,1,6,0,22
23,5,2025,12,21,19,2,1,23
23,9,2025,12,21,15,2,2,23
23,14,2025,12,21,13,2,2,23
23,20,2025,12,21,12,36,16,43
23,26,2025,12,21,14,2,12,33
23,31,2025,12,21,12,22,0,55
23,38,2025,12,21,13,5,15,45
23,42,2025,12,21,15,5,13,37
23,48,2025,12,21,19,4,20,21
23,54,2025,12,21,1,0,21,0
6,0,2025,12,22,1,4,0,4
6,5,2025,12,22,19,3,1,6
6,9,2025,12,22,15,22,0,28
6,14,2025,12,22,13,5,5,28
6,20,2025,12,22,12,19,21,26
6,26,2025,12,22,14,6,4,28
6,31,2025,12,22,12,10,5,33
6,38,2025,12,22,13,5,5,33
6,42,2025,12,22,15,22,7,48
6,48,2025,12,22,19,5,17,36
6,54,2025,12,22,1,4,7,33
7,0,2025,12,22,1,3,0,36
7,5,2025,12,22,19,3,2,37
7,9,2025,12,22,15,8,1,44
7,14,2025,12,22,13,4,19,29
7,20,2025,12,22,12,18,15,32
7,26,2025,12,22,14,19,3,48
7,31,2025,12,22,12,11,4,55
7,38,2025,12,22,13,5,13,47
7,42,2025,12,22,15,16,2,61
7,48,2025,12,22,19,1,21,41
7,54,2025,12,22,1,1,21,21
8,0,2025,12,22,1,3,0,24
8,5,2025,12,22,19,1,0,25
8,9,2025,12,22,15,9,0,34
8,14,2025,12,22,13,1,18,17
8,20,2025,12,22,12,34,5,46
8,26,2025,12,22,14,10,3,53
8,31,2025,12,22,12,13,0,66
8,38,2025,12,22,13,1,24,43
8,42,2025,12,22,15,7,1,49
8,48,2025,12,22,19,5,20,34
8,54,2025,12,22,1,3,20,17
9,0,2025,12,22,1,2,0,19
9,5,2025,12,22,19,4,0,23
9,9,2025,12,22,15,5,1,27
9,14,2025,12,22,13,5,14,18
9,20,2025,12,22,12,15,8,25
9,26,2025,12,22,14,3,5,23
9,31,2025,12,22,12,25,1,47
9,38,2025,12,22,13,1,8,40
9,42,2025,12,22,15,2,2,40
9,48,2025,12,22,19,2,21,21
9,54,2025,12,22,1,4,19,6
10,0,2025,12,22,1,5,0,11
10,5,2025,12,22,19,4,1,14
10,9,2025,12,22,15,5,1,18
10,14,2025,12,22,13,3,1,20
10,20,2025,12,22,12,23,13,30
10,26,2025,12,22,14,2,8,24
10,31,2025,12,22,12,22,1,45
10,38,2025,12,22,13,5,7,43
10,42,2025,12,22,15,2,14,31
10,48,2025,12,22,19,5,11,25
10,54,2025,12,22,1,2,12,15
11,0,2025,12,22,1,5,0,20
11,5,2025,12,22,19,5,0,25
11,9,2025,12,22,15,4,2,27
11,14,2025,12,22,13,6,1,32
11,20,2025,12,22,12,8,21,19
11,26,2025,12,22,14,3,9,13
11,31,2025,12,22,12,21,1,33
11,38,2025,12,22,13,3,7,29
11,42,2025,12,22,15,5,11,23
11,48,2025,12,22,19,5,7,21
11,54,2025,12,22,1,4,5,20
12,0,2025,12,22,1,3,0,23
12,5,2025,12,22,19,5,0,28
12,9,2025,12,22,15,5,2,31
12,14,2025,12,22,13,2,3,30
12,20,2025,12,22,12,11,16,25
12,26,2025,12,22,14,2,13,14
12,31,2025,12,22,12,16,2,28
12,38,2025,12,22,13,2,5,25
12,42,2025,12,22,15,3,3,25
12,48,2025,12,22,19,4,8,21
12,54,2025,12,22,1,2,8,15
13,0,2025,12,22,1,29,0,44
13,5,2025,12,22,19,16,2,58
13,9,2025,12,22,15,3,7,54
13,14,2025,12,22,13,17,7,64
13,20,2025,12,22,12,30,28,66
13,26,2025,12,22,14,6,23,49
13,31,2025,12,22,12,22,5,66
13,38,2025,12,22,13,4,4,66
13,42,2025,12,22,15,6,26,46
13,48,2025,12,22,19,18,18,46
13,54,2025,12,22,1,14,15,45
14,0,2025,12,22,1,12,0,57
14,5,2025,12,22,19,13,4,66
14,9,2025,12,22,15,4,16,54
14,14,2025,12,22,13,13,9,58
14,20,2025,12,22,12,10,24,44
14,26,2025,12,22,14,6,22,28
14,31,2025,12,22,12,30,2,56
14,38,2025,12,22,13,14,12,58
14,42,2025,12,22,15,4,16,46
14,48,2025,12,22,19,26,12,60
14,54,2025,12,22,1,13,14,59
15,0,2025,12,22,1,7,0,66
15,5,2025,12,22,19,2,2,66
15,9,2025,12,22,15,2,11,57
15,14,2025,12,22,13,16,7,66
15,20,2025,12,22,12,10,31,45
15,26,2025,12,22,14,4,25,24
15,31,2025,12,22,12,15,2,37
15,38,2025,12,22,13,19,5,51
15,42,2025,12,22,15,2,12,41
15,48,2025,12,22,19,25,12,54
15,54,2025,12,22,1,24,12,66
16,0,2025,12,22,1,6,0,72
16,5,2025,12,22,19,5,5,72
16,9,2025,12,22,15,5,14,63
16,14,2025,12,22,13,2,17,48
16,20,2025,12,22,12,31,26,53
16,26,2025,12,22,14,2,24,31
16,31,2025,12,22,12,19,2,48
16,38,2025,12,22,13,3,9,42
16,42,2025,12,22,15,6,8,40
16,48,2025,12,22,19,4,8,36
16,54,2025,12,22,1,6,17,25
17,0,2025,12,22,1,5,0,30
17,5,2025,12,22,19,2,0,32
17,9,2025,12,22,15,5,0,37
17,14,2025,12,22,13,6,2,41
17,20,2025,12,22,12,16,23,34
17,26,2025,12,22,14,2,17,19
17,31,2025,12,22,12,12,1,30
17,38,2025,12,22,13,3,5,28
17,42,2025,12,22,15,6,6,28
17,48,2025,12,22,19,4,8,24
17,54,2025,12,22,1,6,12,18
18,0,2025,12,22,1,4,0,22
18,5,2025,12,22,19,6,0,28
18,9,2025,12,22,15,3,2,29
18,14,2025,12,22,13,4,4,29
18,20,2025,12,22,12,26,21,34
18,26,2025,12,22,14,5,9,30
18,31,2025,12,22,12,17,3,44
18,38,2025,12,22,13,3,9,38
18,42,2025,12,22,15,2,10,30
18,48,2025,12,22,19,2,11,21
18,54,2025,12,22,1,2,9,14
19,0,2025,12,22,1,4,0,18
19,5,2025,12,22,19,2,0,20
19,9,2025,12,22,15,2,0,22
19,14,2025,12,22,13,6,0,28
19,20,2025,12,22,12,23,19,32
19,26,2025,12,22,14,4,14,22
19,31,2025,12,22,12,19,2,39
19,38,2025,12,22,13,6,11,34
19,42,2025,12,22,15,2,15,21
19,48,2025,12,22,19,3,10,14
19,54,2025,12,22,1,3,4,13
20,0,2025,12,22,1,3,0,16
20,5,2025,12,22,19,5,0,21
20,9,2025,12,22,15,5,1,25
20,14,2025,12,22,13,3,3,25
20,20,2025,12,22,12,16,18,23
20,26,2025,12,22,14,4,7,20
20,31,2025,12,22,12,20,2,38
20,38,2025,12,22,13,6,10,34
20,42,2025,12,22,15,2,8,28
20,48,2025,12,22,19,5,4,29
20,54,2025,12,22,1,3,15,17
21,0,2025,12,22,1,6,0,23
21,5,2025,12,22,19,4,1,26
21,9,2025,12,22,15,2,3,25
21,14,2025,12,22,13,2,1,26
21,20,2025,12,22,12,16,17,25
21,26,2025,12,22,14,3,10,18
21,31,2025,12,22,12,16,2,32
21,38,2025,12,22,13,4,7,29
21,42,2025,12,22,15,3,9,23
21,48,2025,12,22,19,5,8,20
21,54,2025,12,22,1,5,8,17
22,0,2025,12,22,1,5,0,22
22,5,2025,12,22,19,6,3,25
22,9,2025,12,22,15,4,0,29
22,14,2025,12,22,13,5,1,33
22,20,2025,12,22,12,9,20,22
22,26,2025,12,22,14,3,8,17
22,31,2025,12,22,12,36,0,53
22,38,2025,12,22,13,4,10,47
22,42,2025,12,22,15,6,13,40
22,48,2025,12,22,19,4,8,36
22,54,2025,12,22,1,3,19,20
23,0,2025,12,22,1,4,0,24
23,5,2025,12,22,19,2,1,25
23,9,2025,12,22,15,6,0,31
23,14,2025,12,22,13,2,1,32
23,20,2025,12,22,12,28,19,41
23,26,2025,12,22,14,4,18,27
23,31,2025,12,22,12,30,3,54
23,38,2025,12,22,13,5,9,50
23,42,2025,12,22,15,3,17,36
23,48,2025,12,22,19,4,21,19
23,54,2025,12,22,1,0,19,0
6,0,2025,12,23,1,5,0,5
6,5,2025,12,23,19,4,0,9
6,9,2025,12,23,15,15,2,22
6,14,2025,12,23,13,2,2,22
6,20,2025,12,23,12,13,14,21
6,26,2025,12,23,14,20,4,37
6,31,2025,12,23,12,8,10,35
6,38,2025,12,23,13,2,10,27
6,42,2025,12,23,15,15,6,36
6,48,2025,12,23,19,5,8,33
6,54,2025,12,23,1,4,11,26
7,0,2025,12,23,1,3,0,29
7,5,2025,12,23,19,2,1,30
7,9,2025,12,23,15,14,2,42
7,14,2025,12,23,13,1,17,26
7,20,2025,12,23,12,29,13,42
7,26,2025,12,23,14,12,3,51
7,31,2025,12,23,12,14,1,64
7,38,2025,12,23,13,1,18,47
7,42,2025,12,23,15,10,0,57
7,48,2025,12,23,19,1,21,37
7,54,2025,12,23,1,2,24,15
8,0,2025,12,23,1,1,0,16
8,5,2025,12,23,19,2,1,17
8,9,2025,12,23,15,12,1,28
8,14,2025,12,23,13,5,9,24
8,20,2025,12,23,12,27,11,40
8,26,2025,12,23,14,10,3,47
8,31,2025,12,23,12,15,1,61
8,38,2025,12,23,13,4,21,44
8,42,2025,12,23,15,7,6,45
8,48,2025,12,23,19,4,17,32
8,54,2025,12,23,1,2,20,14
9,0,2025,12,23,1,3,0,17
9,5,2025,12,23,19,3,3,17
9,9,2025,12,23,15,5,2,20
9,14,2025,12,23,13,2,7,15
9,20,2025,12,23,12,14,10,19
9,26,2025,12,23,14,5,1,23
9,31,2025,12,23,12,13,1,35
9,38,2025,12,23,13,5,5,35
9,42,2025,12,23,15,4,2,37
9,48,2025,12,23,19,2,15,24
9,54,2025,12,23,1,1,21,4
10,0,2025,12,23,1,2,0,6
10,5,2025,12,23,19,2,1,7
10,9,2025,12,23,15,2,0,9
10,14,2025,12,23,13,4,1,12
10,20,2025,12,23,12,36,10,38
10,26,2025,12,23,14,2,11,29
10,31,2025,12,23,12,19,1,47
10,38,2025,12,23,13,5,9,43
10,42,2025,12,23,15,5,9,39
10,48,2025,12,23,19,3,14,28
10,54,2025,12,23,1,4,14,18
11,0,2025,12,23,1,5,0,23
11,5,2025,12,23,19,2,1,24
11,9,2025,12,23,15,3,1,26
11,14,2025,12,23,13,6,1,31
11,20,2025,12,23,12,11,21,21
11,26,2025,12,23,14,4,7,18
11,31,2025,12,23,12,26,2,42
11,38,2025,12,23,13,4,6,40
11,42,2025,12,23,15,5,12,33
11,48,2025,12,23,19,3,10,26
11,54,2025,12,23,1,5,14,17
12,0,2025,12,23,1,4,0,21
12,5,2025,12,23,19,4,0,25
12,9,2025,12,23,15,3,1,27
12,14,2025,12,23,13,4,4,27
12,20,2025,12,23,12,15,15,27
12,26,2025,12,23,14,3,12,18
12,31,2025,12,23,12,17,2,33
12,38,2025,12,23,13,5,5,33
12,42,2025,12,23,15,5,7,31
12,48,2025,12,23,19,3,8,26
12,54,2025,12,23,1,6,9,23
13,0,2025,12,23,1,29,0,52
13,5,2025,12,23,19,15,1,66
13,9,2025,12,23,15,6,9,63
13,14,2025,12,23,13,10,7,66
13,20,2025,12,23,12,13,33,46
13,26,2025,12,23,14,6,26,26
13,31,2025,12,23,12,21,5,42
13,38,2025,12,23,13,16,3,55
13,42,2025,12,23,15,2,14,43
13,48,2025,12,23,19,29,15,57
13,54,2025,12,23,1,21,12,66
14,0,2025,12,23,1,29,0,95
14,5,2025,12,23,19,23,12,106
14,9,2025,12,23,15,4,28,82
14,14,2025,12,23,13,29,16,95
14,20,2025,12,23,12,6,35,66
14,26,2025,12,23,14,5,22,49
14,31,2025,12,23,12,11,2,58
14,38,2025,12,23,13,12,5,65
14,42,2025,12,23,15,4,17,52
14,48,2025,12,23,19,25,14,63
14,54,2025,12,23,1,11,24,50
15,0,2025,12,23,1,13,0,63
15,5,2025,12,23,19,9,6,66
15,9,2025,12,23,15,3,9,60
15,14,2025,12,23,13,7,5,62
15,20,2025,12,23,12,26,30,58
15,26,2025,12,23,14,5,20,43
15,31,2025,12,23,12,21,4,60
15,38,2025,12,23,13,13,8,65
15,42,2025,12,23,15,6,20,51
15,48,2025,12,23,19,17,14,54
15,54,2025,12,23,1,22,14,62
16,0,2025,12,23,1,4,0,66
16,5,2025,12,23,19,6,6,66
16,9,2025,12,23,15,5,12,59
16,14,2025,12,23,13,5,10,54
16,20,2025,12,23,12,20,23,51
16,26,2025,12,23,14,3,21,33
16,31,2025,12,23,12,32,1,64
16,38,2025,12,23,13,2,15,51
16,42,2025,12,23,15,3,11,43
16,48,2025,12,23,19,6,13,36
16,54,2025,12,23,1,5,18,23
17,0,2025,12,23,1,3,0,26
17,5,2025,12,23,19,4,3,27
17,9,2025,12,23,15,6,0,33
17,14,2025,12,23,13,4,4,33
17,20,2025,12,23,12,8,21,20
17,26,2025,12,23,14,6,13,13
17,31,2025,12,23,12,29,3,39
17,38,2025,12,23,13,4,8,35
17,42,2025,12,23,15,5,8,32
17,48,2025,12,23,19,2,10,24
17,54,2025,12,23,1,4,8,20
18,0,2025,12,23,1,5,0,25
18,5,2025,12,23,19,2,0,27
18,9,2025,12,23,15,3,1,29
18,14,2025,12,23,13,3,0,32
18,20,2025,12,23,12,23,21,34
18,26,2025,12,23,14,5,15,24
18,31,2025,12,23,12,27,2,49
18,38,2025,12,23,13,5,9,45
18,42,2025,12,23,15,2,11,36
18,48,2025,12,23,19,4,16,24
18,54,2025,12,23,1,3,13,14
19,0,2025,12,23,1,5,0,19
19,5,2025,12,23,19,2,1,20
19,9,2025,12,23,15,6,2,24
19,14,2025,12,23,13,5,1,28
19,20,2025,12,23,12,10,20,18
19,26,2025,12,23,14,5,10,13
19,31,2025,12,23,12,31,5,39
19,38,2025,12,23,13,4,6,37
19,42,2025,12,23,15,4,13,28
19,48,2025,12,23,19,4,10,22
19,54,2025,12,23,1,2,6,18
20,0,2025,12,23,1,5,0,23
20,5,2025,12,23,19,3,0,26
20,9,2025,12,23,15,6,1,31
20,14,2025,12,23,13,2,0,33
20,20,2025,12,23,12,12,15,30
20,26,2025,12,23,14,6,20,16
20,31,2025,12,23,12,10,6,20
20,38,2025,12,23,13,6,5,21
20,42,2025,12,23,15,3,6,18
20,48,2025,12,23,19,4,4,18
20,54,2025,12,23,1,6,7,17
21,0,2025,12,23,1,5,0,22
21,5,2025,12,23,19,4,2,24
21,9,2025,12,23,15,2,0,26
21,14,2025,12,23,13,5,1,30
21,20,2025,12,23,12,22,21,31
21,26,2025,12,23,14,4,8,27
21,31,2025,12,23,12,35,3,59
21,38,2025,12,23,13,4,11,52
21,42,2025,12,23,15,3,16,39
21,48,2025,12,23,19,4,13,30
21,54,2025,12,23,1,4,16,18
22,0,2025,12,23,1,4,0,22
22,5,2025,12,23,19,4,2,24
22,9,2025,12,23,15,5,0,29
22,14,2025,12,23,13,2,2,29
22,20,2025,12,23,12,10,21,18
22,26,2025,12,23,14,3,9,12
22,31,2025,12,23,12,8,3,17
22,38,2025,12,23,13,3,4,16
22,42,2025,12,23,15,2,1,17
22,48,2025,12,23,19,6,5,18
22,54,2025,12,23,1,4,5,17
23,0,2025,12,23,1,2,0,19
23,5,2025,12,23,19,4,0,23
23,9,2025,12,23,15,2,1,24
23,14,2025,12,23,13,6,2,28
23,20,2025,12,23,12,30,20,38
23,26,2025,12,23,14,2,9,31
23,31,2025,12,23,12,31,1,61
23,38,2025,12,23,13,3,12,52
23,42,2025,12,23,15,2,14,40
23,48,2025,12,23,19,6,23,23
23,54,2025,12,23,1,0,23,0
6,0,2025,12,24,1,4,0,4
6,5,2025,12,24,19,6,0,10
6,9,2025,12,24,15,7,2,15
6,14,2025,12,24,13,6,2,19
6,20,2025,12,24,12,18,17,20
6,26,2025,12,24,14,5,5,20
6,31,2025,12,24,12,34,4,50
6,38,2025,12,24,13,2,19,33
6,42,2025,12,24,15,10,4,39
6,48,2025,12,24,19,3,8,34
6,54,2025,12,24,1,3,18,19
7,0,2025,12,24,1,2,0,21
7,5,2025,12,24,19,2,3,20
7,9,2025,12,24,15,13,0,33
7,14,2025,12,24,13,3,13,23
7,20,2025,12,24,12,26,10,39
7,26,2025,12,24,14,20,5,54
7,31,2025,12,24,12,15,3,66
7,38,2025,12,24,13,3,17,52
7,42,2025,12,24,15,17,5,64
7,48,2025,12,24,19,2,22,44
7,54,2025,12,24,1,4,22,26
8,0,2025,12,24,1,4,0,30
8,5,2025,12,24,19,1,3,28
8,9,2025,12,24,15,15,0,43
8,14,2025,12,24,13,1,15,29
8,20,2025,12,24,12,14,15,28
8,26,2025,12,24,14,13,5,36
8,31,2025,12,24,12,27,3,60
8,38,2025,12,24,13,5,15,50
8,42,2025,12,24,15,5,2,53
8,48,2025,12,24,19,4,20,37
8,54,2025,12,24,1,1,23,15
9,0,2025,12,24,1,4,0,19
9,5,2025,12,24,19,4,2,21
9,9,2025,12,24,15,5,0,26
9,14,2025,12,24,13,5,9,22
9,20,2025,12,24,12,24,14,32
9,26,2025,12,24,14,6,2,36
9,31,2025,12,24,12,25,1,60
9,38,2025,12,24,13,2,17,45
9,42,2025,12,24,15,2,0,47
9,48,2025,12,24,19,4,24,27
9,54,2025,12,24,1,1,20,8
10,0,2025,12,24,1,5,0,13
10,5,2025,12,24,19,2,0,15
10,9,2025,12,24,15,6,1,20
10,14,2025,12,24,13,3,1,22
10,20,2025,12,24,12,28,16,34
10,26,2025,12,24,14,2,12,24
10,31,2025,12,24,12,33,2,55
10,38,2025,12,24,13,3,14,44
10,42,2025,12,24,15,5,11,38
10,48,2025,12,24,19,2,8,32
10,54,2025,12,24,1,3,16,19
11,0,2025,12,24,1,3,0,22
11,5,2025,12,24,19,2,1,23
11,9,2025,12,24,15,6,1,28
11,14,2025,12,24,13,3,2,29
11,20,2025,12,24,12,27,17,39
11,26,2025,12,24,14,4,15,28
11,31,2025,12,24,12,11,0,39
11,38,2025,12,24,13,2,9,32
11,42,2025,12,24,15,2,12,22
11,48,2025,12,24,19,6,6,22
11,54,2025,12,24,1,4,10,16
12,0,2025,12,24,1,4,0,20
12,5,2025,12,24,19,3,0,23
12,9,2025,12,24,15,6,1,28
12,14,2025,12,24,13,5,3,30
12,20,2025,12,24,12,27,19,38
12,26,2025,12,24,14,4,15,27
12,31,2025,12,24,12,35,2,60
12,38,2025,12,24,13,4,10,54
12,42,2025,12,24,15,4,13,45
12,48,2025,12,24,19,3,15,33
12,54,2025,12,24,1,3,16,20
13,0,2025,12,24,1,18,0,38
13,5,2025,12,24,19,28,3,63
13,9,2025,12,24,15,5,12,56
13,14,2025,12,24,13,18,8,66
13,20,2025,12,24,12,12,21,57
13,26,2025,12,24,14,4,21,40
13,31,2025,12,24,12,15,4,51
13,38,2025,12,24,13,18,3,66
13,42,2025,12,24,15,2,10,58
13,48,2025,12,24,19,13,11,60
13,54,2025,12,24,1,26,20,66
14,0,2025,12,24,1,18,0,84
14,5,2025,12,24,19,32,7,109
14,9,2025,12,24,15,6,29,86
14,14,2025,12,24,13,1,21,66
14,20,2025,12,24,12,27,29,64
14,26,2025,12,24,14,4,25,43
14,31,2025,12,24,12,27,4,66
14,38,2025,12,24,13,14,14,66
14,42,2025,12,24,15,2,15,53
14,48,2025,12,24,19,23,14,62
14,54,2025,12,24,1,23,19,66
15,0,2025,12,24,1,18,0,84
15,5,2025,12,24,19,7,9,82
15,9,2025,12,24,15,2,16,68
15,14,2025,12,24,13,7,9,66
15,20,2025,12,24,12,31,32,65
15,26,2025,12,24,14,4,23,46
15,31,2025,12,24,12,12,2,56
15,38,2025,12,24,13,11,6,61
15,42,2025,12,24,15,4,19,46
15,48,2025,12,24,19,19,18,47
15,54,2025,12,24,1,28,15,60
16,0,2025,12,24,1,3,0,63
16,5,2025,12,24,19,6,7,62
16,9,2025,12,24,15,3,12,53
16,14,2025,12,24,13,3,8,48
16,20,2025,12,24,12,20,21,47
16,26,2025,12,24,14,3,20,30
16,31,2025,12,24,12,12,2,40
16,38,2025,12,24,13,6,8,38
16,42,2025,12,24,15,4,15,27
16,48,2025,12,24,19,5,7,25
16,54,2025,12,24,1,6,8,23
17,0,2025,12,24,1,2,0,25
17,5,2025,12,24,19,4,0,29
17,9,2025,12,24,15,3,1,31
17,14,2025,12,24,13,4,2,33
17,20,2025,12,24,12,32,20,45
17,26,2025,12,24,14,4,13,36
17,31,2025,12,24,12,14,2,48
17,38,2025,12,24,13,3,9,42
17,42,2025,12,24,15,4,13,33
17,48,2025,12,24,19,6,13,26
17,54,2025,12,24,1,5,13,18
18,0,2025,12,24,1,6,0,24
18,5,2025,12,24,19,3,0,27
18,9,2025,12,24,15,3,4,26
18,14,2025,12,24,13,2,3,25
18,20,2025,12,24,12,13,15,23
18,26,2025,12,24,14,6,10,19
18,31,2025,12,24,12,25,5,39
18,38,2025,12,24,13,6,6,39
18,42,2025,12,24,15,2,9,32
18,48,2025,12,24,19,4,7,29
18,54,2025,12,24,1,4,12,21
19,0,2025,12,24,1,5,0,26
19,5,2025,12,24,19,3,0,29
19,9,2025,12,24,15,6,4,31
19,14,2025,12,24,13,3,0,34
19,20,2025,12,24,12,12,20,26
19,26,2025,12,24,14,2,11,17
19,31,2025,12,24,12,29,0,46
19,38,2025,12,24,13,2,10,38
19,42,2025,12,24,15,5,7,36
19,48,2025,12,24,19,4,14,26
19,54,2025,12,24,1,2,11,17
20,0,2025,12,24,1,6,0,23
20,5,2025,12,24,19,6,1,28
20,9,2025,12,24,15,5,4,29
20,14,2025,12,24,13,3,0,32
20,20,2025,12,24,12,13,22,23
20,26,2025,12,24,14,4,10,17
20,31,2025,12,24,12,20,1,36
20,38,2025,12,24,13,5,7,34
20,42,2025,12,24,15,6,8,32
20,48,2025,12,24,19,6,9,29
20,54,2025,12,24,1,6,10,25
21,0,2025,12,24,1,3,0,28
21,5,2025,12,24,19,6,0,34
21,9,2025,12,24,15,4,0,38
21,14,2025,12,24,13,4,6,36
21,20,2025,12,24,12,18,22,32
21,26,2025,12,24,14,2,13,21
21,31,2025,12,24,12,32,1,52
21,38,2025,12,24,13,5,9,48
21,42,2025,12,24,15,5,15,38
21,48,2025,12,24,19,2,16,24
21,54,2025,12,24,1,6,10,20
22,0,2025,12,24,1,6,0,26
22,5,2025,12,24,19,6,0,32
22,9,2025,12,24,15,5,1,36
22,14,2025,12,24,13,2,3,35
22,20,2025,12,24,12,13,22,26
22,26,2025,12,24,14,6,10,22
22,31,2025,12,24,12,30,5,47
22,38,2025,12,24,13,4,9,42
22,42,2025,12,24,15,5,11,36
22,48,2025,12,24,19,5,13,28
22,54,2025,12,24,1,2,12,18
23,0,2025,12,24,1,4,0,22
23,5,2025,12,24,19,3,2,23
23,9,2025,12,24,15,5,0,28
23,14,2025,12,24,13,3,1,30
23,20,2025,12,24,12,14,19,25
23,26,2025,12,24,14,2,7,20
23,31,2025,12,24,12,29,2,47
23,38,2025,12,24,13,2,10,39
23,42,2025,12,24,15,2,11,30
23,48,2025,12,24,19,0,10,20
23,54,2025,12,24,1,0,20,0
6,0,2025,12,25,1,3,0,3
6,5,2025,12,25,19,4,0,7
6,9,2025,12,25,15,8,0,15
6,14,2025,12,25,13,6,1,20
6,20,2025,12,25,12,31,17,34
6,26,2025,12,25,14,11,11,34
6,31,2025,12,25,12,24,8,50
6,38,2025,12,25,13,6,14,42
6,42,2025,12,25,15,16,10,48
6,48,2025,12,25,19,5,10,43
6,54,2025,12,25,1,2,14,31
7,0,2025,12,25,1,1,0,32
7,5,2025,12,25,19,2,2,32
7,9,2025,12,25,15,11,0,43
7,14,2025,12,25,13,3,12,34
7,20,2025,12,25,12,23,15,42
7,26,2025,12,25,14,18,13,47
7,31,2025,12,25,12,23,4,66
7,38,2025,12,25,13,4,20,50
7,42,2025,12,25,15,12,4,58
7,48,2025,12,25,19,4,23,39
7,54,2025,12,25,1,2,20,21
8,0,2025,12,25,1,3,0,24
8,5,2025,12,25,19,3,3,24
8,9,2025,12,25,15,6,0,30
8,14,2025,12,25,13,5,12,23
8,20,2025,12,25,12,28,13,38
8,26,2025,12,25,14,14,3,49
8,31,2025,12,25,12,21,4,66
8,38,2025,12,25,13,2,20,48
8,42,2025,12,25,15,21,3,66
8,48,2025,12,25,19,3,23,46
8,54,2025,12,25,1,3,20,29
9,0,2025,12,25,1,2,0,31
9,5,2025,12,25,19,4,2,33
9,9,2025,12,25,15,5,0,38
9,14,2025,12,25,13,4,15,27
9,20,2025,12,25,12,18,18,27
9,26,2025,12,25,14,3,1,29
9,31,2025,12,25,12,35,0,64
9,38,2025,12,25,13,4,17,51
9,42,2025,12,25,15,2,1,52
9,48,2025,12,25,19,4,21,35
9,54,2025,12,25,1,3,24,14
10,0,2025,12,25,1,4,0,18
10,5,2025,12,25,19,6,1,23
10,9,2025,12,25,15,4,0,27
10,14,2025,12,25,13,4,0,31
10,20,2025,12,25,12,13,22,22
10,26,2025,12,25,14,2,5,19
10,31,2025,12,25,12,36,1,54
10,38,2025,12,25,13,2,7,49
10,42,2025,12,25,15,3,12,40
10,48,2025,12,25,19,5,8,37
10,54,2025,12,25,1,5,14,28
11,0,2025,12,25,1,5,0,33
11,5,2025,12,25,19,5,1,37
11,9,2025,12,25,15,4,3,38
11,14,2025,12,25,13,5,0,43
11,20,2025,12,25,12,35,20,58
11,26,2025,12,25,14,6,23,41
11,31,2025,12,25,12,27,2,66
11,38,2025,12,25,13,3,14,55
11,42,2025,12,25,15,5,20,40
11,48,2025,12,25,19,6,21,25
11,54,2025,12,25,1,6,9,22
12,0,2025,12,25,1,4,0,26
12,5,2025,12,25,19,4,1,29
12,9,2025,12,25,15,5,1,33
12,14,2025,12,25,13,2,2,33
12,20,2025,12,25,12,18,22,29
12,26,2025,12,25,14,5,14,20
12,31,2025,12,25,12,32,3,49
12,38,2025,12,25,13,6,13,42
12,42,2025,12,25,15,6,8,40
12,48,2025,12,25,19,4,13,31
12,54,2025,12,25,1,3,12,22
13,0,2025,12,25,1,22,0,44
13,5,2025,12,25,19,13,0,57
13,9,2025,12,25,15,5,4,58
13,14,2025,12,25,13,12,8,62
13,20,2025,12,25,12,14,31,45
13,26,2025,12,25,14,3,23,25
13,31,2025,12,25,12,8,2,31
13,38,2025,12,25,13,14,4,41
13,42,2025,12,25,15,3,10,34
13,48,2025,12,25,19,12,7,39
13,54,2025,12,25,1,18,14,43
14,0,2025,12,25,1,22,0,65
14,5,2025,12,25,19,6,5,66
14,9,2025,12,25,15,6,10,62
14,14,2025,12,25,13,9,8,63
14,20,2025,12,25,12,16,32,47
14,26,2025,12,25,14,3,19,31
14,31,2025,12,25,12,30,2,59
14,38,2025,12,25,13,14,7,66
14,42,2025,12,25,15,5,17,54
14,48,2025,12,25,19,8,15,47
14,54,2025,12,25,1,26,17,56
15,0,2025,12,25,1,10,0,66
15,5,2025,12,25,19,3,3,66
15,9,2025,12,25,15,3,3,66
15,14,2025,12,25,13,3,3,66
15,20,2025,12,25,12,30,41,55
15,26,2025,12,25,14,3,26,32
15,31,2025,12,25,12,17,2,47
15,38,2025,12,25,13,19,9,57
15,42,2025,12,25,15,5,11,51
15,48,2025,12,25,19,17,9,59
15,54,2025,12,25,1,23,16,66
16,0,2025,12,25,1,4,0,70
16,5,2025,12,25,19,1,5,66
16,9,2025,12,25,15,3,16,53
16,14,2025,12,25,13,5,12,46
16,20,2025,12,25,12,35,20,61
16,26,2025,12,25,14,4,20,45
16,31,2025,12,25,12,23,2,66
16,38,2025,12,25,13,3,13,56
16,42,2025,12,25,15,6,13,49
16,48,2025,12,25,19,2,15,36
16,54,2025,12,25,1,3,20,19
17,0,2025,12,25,1,5,0,24
17,5,2025,12,25,19,6,1,29
17,9,2025,12,25,15,4,3,30
17,14,2025,12,25,13,3,1,32
17,20,2025,12,25,12,30,20,42
17,26,2025,12,25,14,3,12,33
17,31,2025,12,25,12,9,3,39
17,38,2025,12,25,13,4,9,34
17,42,2025,12,25,15,3,12,25
17,48,2025,12,25,19,3,10,18
17,54,2025,12,25,1,4,9,13
18,0,2025,12,25,1,2,0,15
18,5,2025,12,25,19,3,0,18
18,9,2025,12,25,15,6,1,23
18,14,2025,12,25,13,5,3,25
18,20,2025,12,25,12,34,17,42
18,26,2025,12,25,14,6,8,40
18,31,2025,12,25,12,16,3,53
18,38,2025,12,25,13,2,12,43
18,42,2025,12,25,15,3,15,31
18,48,2025,12,25,19,5,13,23
18,54,2025,12,25,1,6,9,20
19,0,2025,12,25,1,3,0,23
19,5,2025,12,25,19,3,2,24
19,9,2025,12,25,15,4,1,27
19,14,2025,12,25,13,2,1,28
19,20,2025,12,25,12,23,16,35
19,26,2025,12,25,14,4,13,26
19,31,2025,12,25,12,8,3,31
19,38,2025,12,25,13,3,9,25
19,42,2025,12,25,15,2,4,23
19,48,2025,12,25,19,5,6,22
19,54,2025,12,25,1,3,12,13
20,0,2025,12,25,1,2,0,15
20,5,2025,12,25,19,2,0,17
20,9,2025,12,25,15,4,1,20
20,14,2025,12,25,13,6,3,23
20,20,2025,12,25,12,11,13,21
20,26,2025,12,25,14,2,9,14
20,31,2025,12,25,12,14,1,27
20,38,2025,12,25,13,6,3,30
20,42,2025,12,25,15,4,7,27
20,48,2025,12,25,19,2,4,25
20,54,2025,12,25,1,4,13,16
21,0,2025,12,25,1,4,0,20
21,5,2025,12,25,19,5,2,23
21,9,2025,12,25,15,4,1,26
21,14,2025,12,25,13,6,0,32
21,20,2025,12,25,12,26,21,37
21,26,2025,12,25,14,6,11,32
21,31,2025,12,25,12,36,6,62
21,38,2025,12,25,13,5,10,57
21,42,2025,12,25,15,5,10,52
21,48,2025,12,25,19,3,20,35
21,54,2025,12,25,1,3,17,21
22,0,2025,12,25,1,6,0,27
22,5,2025,12,25,19,5,0,32
22,9,2025,12,25,15,2,2,32
22,14,2025,12,25,13,5,2,35
22,20,2025,12,25,12,29,21,43
22,26,2025,12,25,14,4,17,30
22,31,2025,12,25,12,24,3,51
22,38,2025,12,25,13,3,8,46
22,42,2025,12,25,15,4,12,38
22,48,2025,12,25,19,2,10,30
22,54,2025,12,25,1,2,19,13
23,0,2025,12,25,1,4,0,17
23,5,2025,12,25,19,2,0,19
23,9,2025,12,25,15,3,0,22
23,14,2025,12,25,13,2,2,22
23,20,2025,12,25,12,36,15,43
23,26,2025,12,25,14,4,12,35
23,31,2025,12,25,12,33,3,65
23,38,2025,12,25,13,6,7,64
23,42,2025,12,25,15,6,26,44
23,48,2025,12,25,19,0,22,22
23,54,2025,12,25,1,0,22,0
6,0,2025,12,26,1,5,0,5
6,5,2025,12,26,19,3,0,8
6,9,2025,12,26,15,14,2,20
6,14,2025,12,26,13,4,1,23
6,20,2025,12,26,12,27,14,36
6,26,2025,12,26,14,12,10,38
6,31,2025,12,26,12,26,5,59
6,38,2025,12,26,13,3,8,54
6,42,2025,12,26,15,12,18,48
6,48,2025,12,26,19,4,14,38
6,54,2025,12,26,1,4,18,24
7,0,2025,12,26,1,4,0,28
7,5,2025,12,26,19,1,4,25
7,9,2025,12,26,15,9,1,33
7,14,2025,12,26,13,2,10,25
7,20,2025,12,26,12,15,11,29
7,26,2025,12,26,14,10,6,33
7,31,2025,12,26,12,21,1,53
7,38,2025,12,26,13,3,17,39
7,42,2025,12,26,15,13,0,52
7,48,2025,12,26,19,3,20,35
7,54,2025,12,26,1,1,24,12
8,0,2025,12,26,1,2,0,14
8,5,2025,12,26,19,1,0,15
8,9,2025,12,26,15,9,0,24
8,14,2025,12,26,13,4,12,16
8,20,2025,12,26,12,17,9,24
8,26,2025,12,26,14,13,2,35
8,31,2025,12,26,12,22,4,53
8,38,2025,12,26,13,2,19,36
8,42,2025,12,26,15,13,0,49
8,48,2025,12,26,19,2,25,26
8,54,2025,12,26,1,4,19,11
9,0,2025,12,26,1,1,0,12
9,5,2025,12,26,19,2,2,12
9,9,2025,12,26,15,5,1,16
9,14,2025,12,26,13,5,7,14
9,20,2025,12,26,12,24,4,34
9,26,2025,12,26,14,6,3,37
9,31,2025,12,26,12,29,2,64
9,38,2025,12,26,13,2,19,47
9,42,2025,12,26,15,2,1,48
9,48,2025,12,26,19,4,20,32
9,54,2025,12,26,1,2,22,12
10,0,2025,12,26,1,2,0,14
10,5,2025,12,26,19,6,1,19
10,9,2025,12,26,15,4,0,23
10,14,2025,12,26,13,2,1,24
10,20,2025,12,26,12,18,18,24
10,26,2025,12,26,14,3,5,22
10,31,2025,12,26,12,22,3,41
10,38,2025,12,26,13,6,9,38
10,42,2025,12,26,15,5,11,32
10,48,2025,12,26,19,3,17,18
10,54,2025,12,26,1,4,5,17
11,0,2025,12,26,1,4,0,21
11,5,2025,12,26,19,6,1,26
11,9,2025,12,26,15,4,3,27
11,14,2025,12,26,13,2,3,26
11,20,2025,12,26,12,21,19,28
11,26,2025,12,26,14,5,8,25
11,31,2025,12,26,12,27,5,47
11,38,2025,12,26,13,4,14,37
11,42,2025,12,26,15,2,8,31
11,48,2025,12,26,19,3,9,25
11,54,2025,12,26,1,4,13,16
12,0,2025,12,26,1,6,0,22
12,5,2025,12,26,19,2,1,23
12,9,2025,12,26,15,4,1,26
12,14,2025,12,26,13,4,3,27
12,20,2025,12,26,12,30,16,41
12,26,2025,12,26,14,2,11,32
12,31,2025,12,26,12,20,2,50
12,38,2025,12,26,13,6,18,38
12,42,2025,12,26,15,5,11,32
12,48,2025,12,26,19,2,6,28
12,54,2025,12,26,1,3,11,20
13,0,2025,12,26,1,8,0,28
13,5,2025,12,26,19,32,1,59
13,9,2025,12,26,15,4,5,58
13,14,2025,12,26,13,12,4,66
13,20,2025,12,26,12,30,40,56
13,26,2025,12,26,14,4,23,37
13,31,2025,12,26,12,26,2,61
13,38,2025,12,26,13,15,10,66
13,42,2025,12,26,15,5,14,57
13,48,2025,12,26,19,17,11,63
13,54,2025,12,26,1,23,20,66
14,0,2025,12,26,1,32,0,98
14,5,2025,12,26,19,26,10,114
14,9,2025,12,26,15,5,32,87
14,14,2025,12,26,13,1,22,66
14,20,2025,12,26,12,27,31,62
14,26,2025,12,26,14,3,28,37
14,31,2025,12,26,12,27,3,61
14,38,2025,12,26,13,14,9,66
14,42,2025,12,26,15,6,21,51
14,48,2025,12,26,19,26,17,60
14,54,2025,12,26,1,22,16,66
15,0,2025,12,26,1,27,0,93
15,5,2025,12,26,19,15,13,95
15,9,2025,12,26,15,5,18,82
15,14,2025,12,26,13,3,19,66
15,20,2025,12,26,12,15,28,53
15,26,2025,12,26,14,4,27,30
15,31,2025,12,26,12,27,2,55
15,38,2025,12,26,13,9,14,50
15,42,2025,12,26,15,3,13,40
15,48,2025,12,26,19,29,9,60
15,54,2025,12,26,1,22,16,66
16,0,2025,12,26,1,3,0,69
16,5,2025,12,26,19,3,6,66
16,9,2025,12,26,15,6,8,64
16,14,2025,12,26,13,3,12,55
16,20,2025,12,26,12,15,31,39
16,26,2025,12,26,14,4,21,22
16,31,2025,12,26,12,17,4,35
16,38,2025,12,26,13,6,11,30
16,42,2025,12,26,15,2,9,23
16,48,2025,12,26,19,3,7,19
16,54,2025,12,26,1,4,7,16
17,0,2025,12,26,1,4,0,20
17,5,2025,12,26,19,6,0,26
17,9,2025,12,26,15,3,3,26
17,14,2025,12,26,13,2,1,27
17,20,2025,12,26,12,22,18,31
17,26,2025,12,26,14,2,8,25
17,31,2025,12,26,12,8,2,31
17,38,2025,12,26,13,6,4,33
17,42,2025,12,26,15,5,5,33
17,48,2025,12,26,19,5,11,27
17,54,2025,12,26,1,5,11,21
18,0,2025,12,26,1,6,0,27
18,5,2025,12,26,19,3,2,28
18,9,2025,12,26,15,6,2,32
18,14,2025,12,26,13,4,4,32
18,20,2025,12,26,12,28,20,40
18,26,2025,12,26,14,3,15,28
18,31,2025,12,26,12,22,2,48
18,38,2025,12,26,13,4,3,49
18,42,2025,12,26,15,3,11,41
18,48,2025,12,26,19,2,11,32
18,54,2025,12,26,1,6,18,20
19,0,2025,12,26,1,6,0,26
19,5,2025,12,26,19,4,2,28
19,9,2025,12,26,15,3,0,31
19,14,2025,12,26,13,3,3,31
19,20,2025,12,26,12,34,20,45
19,26,2025,12,26,14,6,16,35
19,31,2025,12,26,12,15,3,47
19,38,2025,12,26,13,3,7,43
19,42,2025,12,26,15,4,10,37
19,48,2025,12,26,19,5,11,31
19,54,2025,12,26,1,6,16,21
20,0,2025,12,26,1,2,0,23
20,5,2025,12,26,19,5,1,27
20,9,2025,12,26,15,5,2,30
20,14,2025,12,26,13,3,4,29
20,20,2025,12,26,12,29,20,38
20,26,2025,12,26,14,5,13,30
20,31,2025,12,26,12,32,2,60
20,38,2025,12,26,13,6,14,52
20,42,2025,12,26,15,2,8,46
20,48,2025,12,26,19,3,20,29
20,54,2025,12,26,1,5,14,20
21,0,2025,12,26,1,2,0,22
21,5,2025,12,26,19,2,1,23
21,9,2025,12,26,15,4,1,26
21,14,2025,12,26,13,2,3,25
21,20,2025,12,26,12,28,13,40
21,26,2025,12,26,14,5,14,31
21,31,2025,12,26,12,21,4,48
21,38,2025,12,26,13,6,12,42
21,42,2025,12,26,15,5,13,34
21,48,2025,12,26,19,6,13,27
21,54,2025,12,26,1,5,10,22
22,0,2025,12,26,1,5,0,27
22,5,2025,12,26,19,5,0,32
22,9,2025,12,26,15,6,2,36
22,14,2025,12,26,13,5,2,39
22,20,2025,12,26,12,23,23,39
22,26,2025,12,26,14,5,16,28
22,31,2025,12,26,12,15,2,41
22,38,2025,12,26,13,4,9,36
22,42,2025,12,26,15,3,8,31
22,48,2025,12,26,19,2,13,20
22,54,2025,12,26,1,2,11,11
23,0,2025,12,26,1,3,0,14
23,5,2025,12,26,19,4,0,18
23,9,2025,12,26,15,6,1,23
23,14,2025,12,26,13,4,2,25
23,20,2025,12,26,12,32,20,37
23,26,2025,12,26,14,3,13,27
23,31,2025,12,26,12,17,1,43
23,38,2025,12,26,13,5,10,38
23,42,2025,12,26,15,5,9,34
23,48,2025,12,26,19,6,20,20
23,54,2025,12,26,1,0,20,0
6,0,2025,12,27,1,6,0,6
6,5,2025,12,27,19,5,0,11
6,9,2025,12,27,15,22,2,31
6,14,2025,12,27,13,4,2,33
6,20,2025,12,27,12,16,22,27
6,26,2025,12,27,14,20,7,40
6,31,2025,12,27,12,28,12,56
6,38,2025,12,27,13,3,12,47
6,42,2025,12,27,15,21,11,57
6,48,2025,12,27,19,5,13,49
6,54,2025,12,27,1,4,16,37
7,0,2025,12,27,1,4,0,41
7,5,2025,12,27,19,4,5,40
7,9,2025,12,27,15,5,0,45
7,14,2025,12,27,13,5,20,30
7,20,2025,12,27,12,24,17,37
7,26,2025,12,27,14,20,8,49
7,31,2025,12,27,12,20,3,66
7,38,2025,12,27,13,2,25,43
7,42,2025,12,27,15,21,2,62
7,48,2025,12,27,19,5,22,45
7,54,2025,12,27,1,1,28,18
8,0,2025,12,27,1,1,0,19
8,5,2025,12,27,19,2,2,19
8,9,2025,12,27,15,9,1,27
8,14,2025,12,27,13,5,7,25
8,20,2025,12,27,12,20,14,31
8,26,2025,12,27,14,15,3,43
8,31,2025,12,27,12,9,5,47
8,38,2025,12,27,13,1,12,36
8,42,2025,12,27,15,8,4,40
8,48,2025,12,27,19,1,15,26
8,54,2025,12,27,1,1,20,7
9,0,2025,12,27,1,3,0,10
9,5,2025,12,27,19,5,3,12
9,9,2025,12,27,15,4,1,15
9,14,2025,12,27,13,5,8,12
9,20,2025,12,27,12,30,4,38
9,26,2025,12,27,14,5,3,40
9,31,2025,12,27,12,26,0,66
9,38,2025,12,27,13,4,23,47
9,42,2025,12,27,15,6,1,52
9,48,2025,12,27,19,2,22,32
9,54,2025,12,27,1,2,23,11
10,0,2025,12,27,1,6,0,17
10,5,2025,12,27,19,6,0,23
10,9,2025,12,27,15,6,0,29
10,14,2025,12,27,13,3,3,29
10,20,2025,12,27,12,29,19,39
10,26,2025,12,27,14,3,12,30
10,31,2025,12,27,12,30,1,59
10,38,2025,12,27,13,3,11,51
10,42,2025,12,27,15,5,12,44
10,48,2025,12,27,19,2,18,28
10,54,2025,12,27,1,2,12,18
11,0,2025,12,27,1,3,0,21
11,5,2025,12,27,19,4,1,24
11,9,2025,12,27,15,5,3,26
11,14,2025,12,27,13,5,1,30
11,20,2025,12,27,12,21,20,31
11,26,2025,12,27,14,2,11,22
11,31,2025,12,27,12,16,1,37
11,38,2025,12,27,13,4,6,35
11,42,2025,12,27,15,5,6,34
11,48,2025,12,27,19,6,10,30
11,54,2025,12,27,1,6,12,24
12,0,2025,12,27,1,3,0,27
12,5,2025,12,27,19,5,0,32
12,9,2025,12,27,15,5,0,37
12,14,2025,12,27,13,6,4,39
12,20,2025,12,27,12,13,21,31
12,26,2025,12,27,14,3,12,22
12,31,2025,12,27,12,12,1,33
12,38,2025,12,27,13,5,4,34
12,42,2025,12,27,15,2,8,28
12,48,2025,12,27,19,2,10,20
12,54,2025,12,27,1,2,12,10
13,0,2025,12,27,1,29,0,39
13,5,2025,12,27,19,26,1,64
13,9,2025,12,27,15,3,9,58
13,14,2025,12,27,13,9,7,60
13,20,2025,12,27,12,15,33,42
13,26,2025,12,27,14,6,20,28
13,31,2025,12,27,12,29,5,52
13,38,2025,12,27,13,23,9,66
13,42,2025,12,27,15,6,15,57
13,48,2025,12,27,19,15,9,63
13,54,2025,12,27,1,20,17,66
14,0,2025,12,27,1,31,0,97
14,5,2025,12,27,19,19,14,102
14,9,2025,12,27,15,4,27,79
14,14,2025,12,27,13,7,20,66
14,20,2025,12,27,12,13,23,56
14,26,2025,12,27,14,6,21,41
14,31,2025,12,27,12,16,5,52
14,38,2025,12,27,13,11,7,56
14,42,2025,12,27,15,4,18,42
14,48,2025,12,27,19,14,9,47
14,54,2025,12,27,1,19,20,46
15,0,2025,12,27,1,20,0,66
15,5,2025,12,27,19,5,5,66
15,9,2025,12,27,15,5,11,60
15,14,2025,12,27,13,12,6,66
15,20,2025,12,27,12,11,27,50
15,26,2025,12,27,14,6,21,35
15,31,2025,12,27,12,14,3,46
15,38,2025,12,27,13,22,9,59
15,42,2025,12,27,15,4,13,50
15,48,2025,12,27,19,7,9,48
15,54,2025,12,27,1,9,14,43
16,0,2025,12,27,1,4,0,47
16,5,2025,12,27,19,4,4,47
16,9,2025,12,27,15,3,7,43
16,14,2025,12,27,13,3,5,41
16,20,2025,12,27,12,20,23,38
16,26,2025,12,27,14,4,20,22
16,31,2025,12,27,12,18,4,36
16,38,2025,12,27,13,4,8,32
16,42,2025,12,27,15,6,5,33
16,48,2025,12,27,19,6,12,27
16,54,2025,12,27,1,5,12,20
17,0,2025,12,27,1,5,0,25
17,5,2025,12,27,19,5,1,29
17,9,2025,12,27,15,5,0,34
17,14,2025,12,27,13,4,5,33
17,20,2025,12,27,12,22,20,35
17,26,2025,12,27,14,3,12,26
17,31,2025,12,27,12,12,2,36
17,38,2025,12,27,13,6,9,33
17,42,2025,12,27,15,6,10,29
17,48,2025,12,27,19,3,10,22
17,54,2025,12,27,1,2,7,17
18,0,2025,12,27,1,6,0,23
18,5,2025,12,27,19,4,1,26
18,9,2025,12,27,15,5,2,29
18,14,2025,12,27,13,3,4,28
18,20,2025,12,27,12,31,20,39
18,26,2025,12,27,14,3,10,32
18,31,2025,12,27,12,20,1,51
18,38,2025,12,27,13,2,15,38
18,42,2025,12,27,15,4,5,37
18,48,2025,12,27,19,5,15,27
18,54,2025,12,27,1,5,13,19
19,0,2025,12,27,1,2,0,21
19,5,2025,12,27,19,2,1,22
19,9,2025,12,27,15,2,2,22
19,14,2025,12,27,13,2,1,23
19,20,2025,12,27,12,19,17,25
19,26,2025,12,27,14,6,7,24
19,31,2025,12,27,12,26,4,46
19,38,2025,12,27,13,2,11,37
19,42,2025,12,27,15,3,10,30
19,48,2025,12,27,19,3,9,24
19,54,2025,12,27,1,3,12,15
20,0,2025,12,27,1,6,0,21
20,5,2025,12,27,19,5,1,25
20,9,2025,12,27,15,3,0,28
20,14,2025,12,27,13,3,2,29
20,20,2025,12,27,12,35,21,43
20,26,2025,12,27,14,3,15,31
20,31,2025,12,27,12,23,2,52
20,38,2025,12,27,13,6,13,45
20,42,2025,12,27,15,4,8,41
20,48,2025,12,27,19,2,19,24
20,54,2025,12,27,1,3,10,17
21,0,2025,12,27,1,3,0,20
21,5,2025,12,27,19,5,0,25
21,9,2025,12,27,15,3,0,28
21,14,2025,12,27,13,3,1,30
21,20,2025,12,27,12,35,20,45
21,26,2025,12,27,14,6,17,34
21,31,2025,12,27,12,29,4,59
21,38,2025,12,27,13,3,16,46
21,42,2025,12,27,15,6,13,39
21,48,2025,12,27,19,4,15,28
21,54,2025,12,27,1,3,12,19
22,0,2025,12,27,1,4,0,23
22,5,2025,12,27,19,3,0,26
22,9,2025,12,27,15,5,1,30
22,14,2025,12,27,13,5,6,29
22,20,2025,12,27,12,9,18,20
22,26,2025,12,27,14,2,8,14
22,31,2025,12,27,12,29,0,43
22,38,2025,12,27,13,4,6,41
22,42,2025,12,27,15,4,6,39
22,48,2025,12,27,19,2,19,22
22,54,2025,12,27,1,4,8,18
23,0,2025,12,27,1,2,0,20
23,5,2025,12,27,19,4,0,24
23,9,2025,12,27,15,6,1,29
23,14,2025,12,27,13,2,2,29
23,20,2025,12,27,12,12,18,23
23,26,2025,12,27,14,2,14,11
23,31,2025,12,27,12,22,1,32
23,38,2025,12,27,13,6,6,32
23,42,2025,12,27,15,2,14,20
23,48,2025,12,27,19,3,8,15
23,54,2025,12,27,1,0,15,0
6,0,2025,12,28,1,3,0,3
6,5,2025,12,28,19,2,0,5
6,9,2025,12,28,15,6,0,11
6,14,2025,12,28,13,6,2,15
6,20,2025,12,28,12,25,9,31
6,26,2025,12,28,14,11,7,35
6,31,2025,12,28,12,13,7,41
6,38,2025,12,28,13,4,11,34
6,42,2025,12,28,15,19,4,49
6,48,2025,12,28,19,4,10,43
6,54,2025,12,28,1,4,18,29
7,0,2025,12,28,1,4,0,33
7,5,2025,12,28,19,1,3,31
7,9,2025,12,28,15,10,1,40
7,14,2025,12,28,13,5,18,27
7,20,2025,12,28,12,28,14,41
7,26,2025,12,28,14,11,5,47
7,31,2025,12,28,12,21,2,66
7,38,2025,12,28,13,2,21,47
7,42,2025,12,28,15,21,2,66
7,48,2025,12,28,19,1,21,46
7,54,2025,12,28,1,4,23,27
8,0,2025,12,28,1,1,0,28
8,5,2025,12,28,19,5,2,31
8,9,2025,12,28,15,16,0,47
8,14,2025,12,28,13,2,24,25
8,20,2025,12,28,12,33,14,44
8,26,2025,12,28,14,16,1,59
8,31,2025,12,28,12,8,1,66
8,38,2025,12,28,13,1,25,42
8,42,2025,12,28,15,6,2,46
8,48,2025,12,28,19,1,18,29
8,54,2025,12,28,1,1,23,7
9,0,2025,12,28,1,3,0,10
9,5,2025,12,28,19,2,1,11
9,9,2025,12,28,15,2,0,13
9,14,2025,12,28,13,3,4,12
9,20,2025,12,28,12,18,8,22
9,26,2025,12,28,14,5,2,25
9,31,2025,12,28,12,25,0,50
9,38,2025,12,28,13,2,21,31
9,42,2025,12,28,15,6,1,36
9,48,2025,12,28,19,3,19,20
9,54,2025,12,28,1,4,15,9
10,0,2025,12,28,1,2,0,11
10,5,2025,12,28,19,2,0,13
10,9,2025,12,28,15,2,0,15
10,14,2025,12,28,13,2,2,15
10,20,2025,12,28,12,31,13,33
10,26,2025,12,28,14,6,8,31
10,31,2025,12,28,12,22,6,47
10,38,2025,12,28,13,6,14,39
10,42,2025,12,28,15,2,9,32
10,48,2025,12,28,19,6,12,26
10,54,2025,12,28,1,3,12,17
11,0,2025,12,28,1,4,0,21
11,5,2025,12,28,19,4,0,25
11,9,2025,12,28,15,6,0,31
11,14,2025,12,28,13,2,7,26
11,20,2025,12,28,12,9,20,15
11,26,2025,12,28,14,3,4,14
11,31,2025,12,28,12,24,1,37
11,38,2025,12,28,13,2,5,34
11,42,2025,12,28,15,6,10,30
11,48,2025,12,28,19,5,8,27
11,54,2025,12,28,1,2,12,17
12,0,2025,12,28,1,6,0,23
12,5,2025,12,28,19,6,1,28
12,9,2025,12,28,15,3,1,30
12,14,2025,12,28,13,2,2,30
12,20,2025,12,28,12,28,20,38
12,26,2025,12,28,14,4,15,27
12,31,2025,12,28,12,30,2,55
12,38,2025,12,28,13,4,10,49
12,42,2025,12,28,15,6,13,42
12,48,2025,12,28,19,4,11,35
12,54,2025,12,28,1,3,14,24
13,0,2025,12,28,1,11,0,35
13,5,2025,12,28,19,28,1,62
13,9,2025,12,28,15,5,11,56
13,14,2025,12,28,13,7,5,58
13,20,2025,12,28,12,16,20,54
13,26,2025,12,28,14,3,20,37
13,31,2025,12,28,12,30,1,66
13,38,2025,12,28,13,6,6,66
13,42,2025,12,28,15,4,15,55
13,48,2025,12,28,19,14,15,54
13,54,2025,12,28,1,18,22,50
14,0,2025,12,28,1,16,0,66
14,5,2025,12,28,19,8,8,66
14,9,2025,12,28,15,6,9,63
14,14,2025,12,28,13,9,6,66
14,20,2025,12,28,12,9,29,46
14,26,2025,12,28,14,2,22,26
14,31,2025,12,28,12,11,2,35
14,38,2025,12,28,13,26,2,59
14,42,2025,12,28,15,3,16,46
14,48,2025,12,28,19,15,9,52
14,54,2025,12,28,1,27,16,63
15,0,2025,12,28,1,3,0,66
15,5,2025,12,28,19,3,3,66
15,9,2025,12,28,15,5,16,55
15,14,2025,12,28,13,14,7,62
15,20,2025,12,28,12,31,27,66
15,26,2025,12,28,14,3,22,47
15,31,2025,12,28,12,10,3,54
15,38,2025,12,28,13,19,7,66
15,42,2025,12,28,15,6,21,51
15,48,2025,12,28,19,11,10,52
15,54,2025,12,28,1,25,19,58
16,0,2025,12,28,1,4,0,62
16,5,2025,12,28,19,5,5,62
16,9,2025,12,28,15,5,14,53
16,14,2025,12,28,13,2,10,45
16,20,2025,12,28,12,32,26,51
16,26,2025,12,28,14,2,21,32
16,31,2025,12,28,12,19,2,49
16,38,2025,12,28,13,3,11,41
16,42,2025,12,28,15,6,12,35
16,48,2025,12,28,19,3,8,30
16,54,2025,12,28,1,4,14,20
17,0,2025,12,28,1,2,0,22
17,5,2025,12,28,19,4,1,25
17,9,2025,12,28,15,4,0,29
17,14,2025,12,28,13,6,2,33
17,20,2025,12,28,12,20,19,34
17,26,2025,12,28,14,2,13,23
17,31,2025,12,28,12,22,2,43
17,38,2025,12,28,13,3,6,40
17,42,2025,12,28,15,3,9,34
17,48,2025,12,28,19,5,9,30
17,54,2025,12,28,1,5,13,22
18,0,2025,12,28,1,3,0,25
18,5,2025,12,28,19,4,1,28
18,9,2025,12,28,15,4,1,31
18,14,2025,12,28,13,2,5,28
18,20,2025,12,28,12,35,16,47
18,26,2025,12,28,14,5,16,36
18,31,2025,12,28,12,21,2,55
18,38,2025,12,28,13,2,12,45
18,42,2025,12,28,15,2,14,33
18,48,2025,12,28,19,6,12,27
18,54,2025,12,28,1,4,10,21
19,0,2025,12,28,1,5,0,26
19,5,2025,12,28,19,3,1,28
19,9,2025,12,28,15,4,0,32
19,14,2025,12,28,13,5,1,36
19,20,2025,12,28,12,19,20,35
19,26,2025,12,28,14,5,19,21
19,31,2025,12,28,12,34,4,51
19,38,2025,12,28,13,3,9,45
19,42,2025,12,28,15,2,7,40
19,48,2025,12,28,19,4,7,37
19,54,2025,12,28,1,2,18,21
20,0,2025,12,28,1,3,0,24
20,5,2025,12,28,19,5,1,28
20,9,2025,12,28,15,6,1,33
20,14,2025,12,28,13,2,3,32
20,20,2025,12,28,12,26,18,40
20,26,2025,12,28,14,2,19,23
20,31,2025,12,28,12,12,1,34
20,38,2025,12,28,13,5,7,32
20,42,2025,12,28,15,2,8,26
20,48,2025,12,28,19,4,5,25
20,54,2025,12,28,1,6,15,16
21,0,2025,12,28,1,2,0,18
21,5,2025,12,28,19,6,2,22
21,9,2025,12,28,15,2,2,22
21,14,2025,12,28,13,4,1,25
21,20,2025,12,28,12,17,13,29
21,26,2025,12,28,14,5,9,25
21,31,2025,12,28,12,33,4,54
21,38,2025,12,28,13,2,9,47
21,42,2025,12,28,15,4,9,42
21,48,2025,12,28,19,6,13,35
21,54,2025,12,28,1,6,16,25
22,0,2025,12,28,1,4,0,29
22,5,2025,12,28,19,6,0,35
22,9,2025,12,28,15,4,2,37
22,14,2025,12,28,13,2,5,34
22,20,2025,12,28,12,33,20,47
22,26,2025,12,28,14,4,19,32
22,31,2025,12,28,12,34,3,63
22,38,2025,12,28,13,4,12,55
22,42,2025,12,28,15,6,18,43
22,48,2025,12,28,19,5,16,32
22,54,2025,12,28,1,2,13,21
23,0,2025,12,28,1,5,0,26
23,5,2025,12,28,19,5,2,29
23,9,2025,12,28,15,4,5,28
23,14,2025,12,28,13,5,3,30
23,20,2025,12,28,12,35,15,50
23,26,2025,12,28,14,2,13,39
23,31,2025,12,28,12,25,2,62
23,38,2025,12,28,13,3,20,45
23,42,2025,12,28,15,3,21,27
23,48,2025,12,28,19,6,17,16
23,54,2025,12,28,1,0,16,0
6,0,2025,12,29,1,5,0,5
6,5,2025,12,29,19,5,0,10
6,9,2025,12,29,15,19,0,29
6,14,2025,12,29,13,5,5,29
6,20,2025,12,29,12,33,20,42
6,26,2025,12,29,14,12,5,49
6,31,2025,12,29,12,19,7,61
6,38,2025,12,29,13,6,11,56
6,42,2025,12,29,15,15,17,54
6,48,2025,12,29,19,5,18,41
6,54,2025,12,29,1,6,15,32
7,0,2025,12,29,1,3,0,35
7,5,2025,12,29,19,3,7,31
7,9,2025,12,29,15,13,0,44
7,14,2025,12,29,13,1,13,32
7,20,2025,12,29,12,18,14,36
7,26,2025,12,29,14,9,7,38
7,31,2025,12,29,12,28,3,63
7,38,2025,12,29,13,4,14,53
7,42,2025,12,29,15,16,3,66
7,48,2025,12,29,19,4,25,45
7,54,2025,12,29,1,2,20,27
8,0,2025,12,29,1,1,0,28
8,5,2025,12,29,19,4,1,31
8,9,2025,12,29,15,9,0,40
8,14,2025,12,29,13,5,18,27
8,20,2025,12,29,12,34,14,47
8,26,2025,12,29,14,22,5,64
8,31,2025,12,29,12,7,5,66
8,38,2025,12,29,13,1,22,45
8,42,2025,12,29,15,20,2,63
8,48,2025,12,29,19,3,21,45
8,54,2025,12,29,1,2,20,27
9,0,2025,12,29,1,3,0,30
9,5,2025,12,29,19,5,2,33
9,9,2025,12,29,15,2,1,34
9,14,2025,12,29,13,3,19,18
9,20,2025,12,29,12,36,10,44
9,26,2025,12,29,14,3,4,43
9,31,2025,12,29,12,22,0,65
9,38,2025,12,29,13,5,17,53
9,42,2025,12,29,15,5,4,54
9,48,2025,12,29,19,5,24,35
9,54,2025,12,29,1,3,21,17
10,0,2025,12,29,1,2,0,19
10,5,2025,12,29,19,4,0,23
10,9,2025,12,29,15,3,0,26
10,14,2025,12,29,13,6,2,30
10,20,2025,12,29,12,15,20,25
10,26,2025,12,29,14,4,6,23
10,31,2025,12,29,12,18,3,38
10,38,2025,12,29,13,4,8,34
10,42,2025,12,29,15,5,8,31
10,48,2025,12,29,19,4,11,24
10,54,2025,12,29,1,4,10,18
11,0,2025,12,29,1,6,0,24
11,5,2025,12,29,19,6,1,29
11,9,2025,12,29,15,4,2,31
11,14,2025,12,29,13,4,4,31
11,20,2025,12,29,12,33,21,43
11,26,2025,12,29,14,4,9,38
11,31,2025,12,29,12,28,4,62
11,38,2025,12,29,13,2,12,52
11,42,2025,12,29,15,3,11,44
11,48,2025,12,29,19,6,16,34
11,54,2025,12,29,1,2,20,16
12,0,2025,12,29,1,2,0,18
12,5,2025,12,29,19,4,0,22
12,9,2025,12,29,15,2,0,24
12,14,2025,12,29,13,6,4,26
12,20,2025,12,29,12,10,18,18
12,26,2025,12,29,14,4,7,15
12,31,2025,12,29,12,19,2,32
12,38,2025,12,29,13,5,6,31
12,42,2025,12,29,15,5,4,32
12,48,2025,12,29,19,2,11,23
12,54,2025,12,29,1,3,7,19
13,0,2025,12,29,1,25,0,44
13,5,2025,12,29,19,26,4,66
13,9,2025,12,29,15,5,14,57
13,14,2025,12,29,13,15,6,66
13,20,2025,12,29,12,27,27,66
13,26,2025,12,29,14,2,22,46
13,31,2025,12,29,12,21,1,66
13,38,2025,12,29,13,11,11,66
13,42,2025,12,29,15,6,18,54
13,48,2025,12,29,19,17,14,57
13,54,2025,12,29,1,26,20,63
14,0,2025,12,29,1,3,0,66
14,5,2025,12,29,19,8,8,66
14,9,2025,12,29,15,5,11,60
14,14,2025,12,29,13,12,6,66
14,20,2025,12,29,12,25,25,66
14,26,2025,12,29,14,5,21,50
14,31,2025,12,29,12,18,2,66
14,38,2025,12,29,13,7,7,66
14,42,2025,12,29,15,3,20,49
14,48,2025,12,29,19,32,17,64
14,54,2025,12,29,1,21,19,66
15,0,2025,12,29,1,32,0,98
15,5,2025,12,29,19,24,13,109
15,9,2025,12,29,15,2,20,91
15,14,2025,12,29,13,14,24,81
15,20,2025,12,29,12,12,27,66
15,26,2025,12,29,14,4,21,49
15,31,2025,12,29,12,20,4,65
15,38,2025,12,29,13,9,8,66
15,42,2025,12,29,15,3,18,51
15,48,2025,12,29,19,9,13,47
15,54,2025,12,29,1,31,21,57
16,0,2025,12,29,1,3,0,60
16,5,2025,12,29,19,3,6,57
16,9,2025,12,29,15,3,2,58
16,14,2025,12,29,13,6,7,57
16,20,2025,12,29,12,13,39,31
16,26,2025,12,29,14,6,16,21
16,31,2025,12,29,12,11,3,29
16,38,2025,12,29,13,3,7,25
16,42,2025,12,29,15,2,9,18
16,48,2025,12,29,19,5,7,16
16,54,2025,12,29,1,2,7,11
17,0,2025,12,29,1,3,0,14
17,5,2025,12,29,19,4,1,17
17,9,2025,12,29,15,6,1,22
17,14,2025,12,29,13,4,3,23
17,20,2025,12,29,12,19,16,26
17,26,2025,12,29,14,2,8,20
17,31,2025,12,29,12,10,2,28
17,38,2025,12,29,13,6,5,29
17,42,2025,12,29,15,3,7,25
17,48,2025,12,29,19,6,8,23
17,54,2025,12,29,1,5,7,21
18,0,2025,12,29,1,5,0,26
18,5,2025,12,29,19,6,1,31
18,9,2025,12,29,15,2,1,32
18,14,2025,12,29,13,5,3,34
18,20,2025,12,29,12,18,24,28
18,26,2025,12,29,14,5,15,18
18,31,2025,12,29,12,32,4,46
18,38,2025,12,29,13,6,9,43
18,42,2025,12,29,15,2,12,33
18,48,2025,12,29,19,2,9,26
18,54,2025,12,29,1,4,8,22
19,0,2025,12,29,1,2,0,24
19,5,2025,12,29,19,5,0,29
19,9,2025,12,29,15,6,3,32
19,14,2025,12,29,13,3,5,30
19,20,2025,12,29,12,22,17,35
19,26,2025,12,29,14,4,16,23
19,31,2025,12,29,12,10,3,30
19,38,2025,12,29,13,2,6,26
19,42,2025,12,29,15,5,7,24
19,48,2025,12,29,19,4,8,20
19,54,2025,12,29,1,5,9,16
20,0,2025,12,29,1,3,0,19
20,5,2025,12,29,19,2,0,21
20,9,2025,12,29,15,6,1,26
20,14,2025,12,29,13,4,3,27
20,20,2025,12,29,12,23,17,33
20,26,2025,12,29,14,3,11,25
20,31,2025,12,29,12,16,2,39
20,38,2025,12,29,13,2,7,34
20,42,2025,12,29,15,4,8,30
20,48,2025,12,29,19,2,11,21
20,54,2025,12,29,1,2,11,12
21,0,2025,12,29,1,6,0,18
21,5,2025,12,29,19,4,1,21
21,9,2025,12,29,15,4,0,25
21,14,2025,12,29,13,6,3,28
21,20,2025,12,29,12,26,21,33
21,26,2025,12,29,14,4,9,28
21,31,2025,12,29,12,32,3,57
21,38,2025,12,29,13,5,8,54
21,42,2025,12,29,15,3,16,41
21,48,2025,12,29,19,6,11,36
21,54,2025,12,29,1,3,18,21
22,0,2025,12,29,1,5,0,26
22,5,2025,12,29,19,3,1,28
22,9,2025,12,29,15,5,0,33
22,14,2025,12,29,13,2,2,33
22,20,2025,12,29,12,25,21,37
22,26,2025,12,29,14,2,13,26
22,31,2025,12,29,12,36,1,61
22,38,2025,12,29,13,2,16,47
22,42,2025,12,29,15,3,17,33
22,48,2025,12,29,19,2,13,22
22,54,2025,12,29,1,3,12,13
23,0,2025,12,29,1,2,0,15
23,5,2025,12,29,19,4,0,19
23,9,2025,12,29,15,3,4,18
23,14,2025,12,29,13,6,1,23
23,20,2025,12,29,12,11,12,22
23,26,2025,12,29,14,6,7,21
23,31,2025,12,29,12,29,4,46
23,38,2025,12,29,13,2,12,36
23,42,2025,12,29,15,3,13,26
23,48,2025,12,29,19,2,10,18
23,54,2025,12,29,1,0,18,0
6,0,2025,12,30,1,5,0,5
6,5,2025,12,30,19,4,2,7
6,9,2025,12,30,15,20,1,26
6,14,2025,12,30,13,6,1,31
6,20,2025,12,30,12,27,20,38
6,26,2025,12,30,14,14,9,43
6,31,2025,12,30,12,8,6,45
6,38,2025,12,30,13,3,10,38
6,42,2025,12,30,15,17,7,48
6,48,2025,12,30,19,6,12,42
6,54,2025,12,30,1,6,13,35
7,0,2025,12,30,1,2,0,37
7,5,2025,12,30,19,5,2,40
7,9,2025,12,30,15,9,1,48
7,14,2025,12,30,13,2,19,31
7,20,2025,12,30,12,10,14,27
7,26,2025,12,30,14,12,10,29
7,31,2025,12,30,12,12,3,38
7,38,2025,12,30,13,3,5,36
7,42,2025,12,30,15,7,2,41
7,48,2025,12,30,19,3,13,31
7,54,2025,12,30,1,4,22,13
8,0,2025,12,30,1,1,0,14
8,5,2025,12,30,19,1,2,13
8,9,2025,12,30,15,16,0,29
8,14,2025,12,30,13,2,13,18
8,20,2025,12,30,12,13,7,24
8,26,2025,12,30,14,8,4,28
8,31,2025,12,30,12,35,1,62
8,38,2025,12,30,13,4,18,48
8,42,2025,12,30,15,10,5,53
8,48,2025,12,30,19,5,21,37
8,54,2025,12,30,1,4,20,21
9,0,2025,12,30,1,4,0,25
9,5,2025,12,30,19,5,4,26
9,9,2025,12,30,15,6,0,32
9,14,2025,12,30,13,2,13,21
9,20,2025,12,30,12,11,14,18
9,26,2025,12,30,14,3,2,19
9,31,2025,12,30,12,30,0,49
9,38,2025,12,30,13,2,12,39
9,42,2025,12,30,15,6,0,45
9,48,2025,12,30,19,4,19,30
9,54,2025,12,30,1,1,21,10
10,0,2025,12,30,1,3,0,13
10,5,2025,12,30,19,3,1,15
10,9,2025,12,30,15,5,0,20
10,14,2025,12,30,13,3,2,21
10,20,2025,12,30,12,27,15,33
10,26,2025,12,30,14,3,10,26
10,31,2025,12,30,12,19,3,42
10,38,2025,12,30,13,5,8,39
10,42,2025,12,30,15,3,11,31
10,48,2025,12,30,19,5,15,21
10,54,2025,12,30,1,5,6,20
11,0,2025,12,30,1,4,0,24
11,5,2025,12,30,19,6,0,30
11,9,2025,12,30,15,4,1,33
11,14,2025,12,30,13,6,5,34
11,20,2025,12,30,12,12,21,25
11,26,2025,12,30,14,5,9,21
11,31,2025,12,30,12,25,4,42
11,38,2025,12,30,13,6,5,43
11,42,2025,12,30,15,5,11,37
11,48,2025,12,30,19,2,15,24
11,54,2025,12,30,1,3,9,18
12,0,2025,12,30,1,6,0,24
12,5,2025,12,30,19,3,0,27
12,9,2025,12,30,15,3,0,30
12,14,2025,12,30,13,6,4,32
12,20,2025,12,30,12,11,24,19
12,26,2025,12,30,14,3,9,13
12,31,2025,12,30,12,11,3,21
12,38,2025,12,30,13,2,4,19
12,42,2025,12,30,15,3,5,17
12,48,2025,12,30,19,3,6,14
12,54,2025,12,30,1,6,4,16
13,0,2025,12,30,1,17,0,33
13,5,2025,12,30,19,29,0,62
13,9,2025,12,30,15,2,12,52
13,14,2025,12,30,13,16,8,60
13,20,2025,12,30,12,29,23,66
13,26,2025,12,30,14,4,25,45
13,31,2025,12,30,12,17,3,59
13,38,2025,12,30,13,20,13,66
13,42,2025,12,30,15,4,14,56
13,48,2025,12,30,19,14,9,61
13,54,2025,12,30,1,25,20,66
14,0,2025,12,30,1,12,0,78
14,5,2025,12,30,19,7,7,78
14,9,2025,12,30,15,2,17,63
14,14,2025,12,30,13,16,13,66
14,20,2025,12,30,12,10,23,53
14,26,2025,12,30,14,4,24,33
14,31,2025,12,30,12,19,1,51
14,38,2025,12,30,13,19,4,66
14,42,2025,12,30,15,4,15,55
14,48,2025,12,30,19,10,17,48
14,54,2025,12,30,1,24,18,54
15,0,2025,12,30,1,11,0,65
15,5,2025,12,30,19,9,8,66
15,9,2025,12,30,15,2,12,56
15,14,2025,12,30,13,19,9,66
15,20,2025,12,30,12,21,25,62
15,26,2025,12,30,14,3,20,45
15,31,2025,12,30,12,23,2,66
15,38,2025,12,30,13,10,10,66
15,42,2025,12,30,15,6,25,47
15,48,2025,12,30,19,10,11,46
15,54,2025,12,30,1,26,16,56
16,0,2025,12,30,1,4,0,60
16,5,2025,12,30,19,4,7,57
16,9,2025,12,30,15,4,2,59
16,14,2025,12,30,13,2,6,55
16,20,2025,12,30,12,15,35,35
16,26,2025,12,30,14,3,20,18
16,31,2025,12,30,12,33,2,49
16,38,2025,12,30,13,6,8,47
16,42,2025,12,30,15,2,9,40
16,48,2025,12,30,19,3,14,29
16,54,2025,12,30,1,3,14,18
17,0,2025,12,30,1,3,0,21
17,5,2025,12,30,19,4,0,25
17,9,2025,12,30,15,4,0,29
17,14,2025,12,30,13,6,3,32
17,20,2025,12,30,12,27,23,36
17,26,2025,12,30,14,4,10,30
17,31,2025,12,30,12,36,3,63
17,38,2025,12,30,13,4,11,56
17,42,2025,12,30,15,6,12,50
17,48,2025,12,30,19,6,20,36
17,54,2025,12,30,1,6,14,28
18,0,2025,12,30,1,6,0,34
18,5,2025,12,30,19,5,2,37
18,9,2025,12,30,15,2,1,38
18,14,2025,12,30,13,5,5,38
18,20,2025,12,30,12,21,20,39
18,26,2025,12,30,14,2,15,26
18,31,2025,12,30,12,12,2,36
18,38,2025,12,30,13,5,7,34
18,42,2025,12,30,15,3,7,30
18,48,2025,12,30,19,5,10,25
18,54,2025,12,30,1,2,12,15
19,0,2025,12,30,1,4,0,19
19,5,2025,12,30,19,6,0,25
19,9,2025,12,30,15,3,3,25
19,14,2025,12,30,13,2,1,26
19,20,2025,12,30,12,10,20,16
19,26,2025,12,30,14,3,7,12
19,31,2025,12,30,12,10,2,20
19,38,2025,12,30,13,5,2,23
19,42,2025,12,30,15,5,3,25
19,48,2025,12,30,19,4,10,19
19,54,2025,12,30,1,4,7,16
20,0,2025,12,30,1,6,0,22
20,5,2025,12,30,19,2,1,23
20,9,2025,12,30,15,5,2,26
20,14,2025,12,30,13,6,1,31
20,20,2025,12,30,12,13,18,26
20,26,2025,12,30,14,4,9,21
20,31,2025,12,30,12,27,3,45
20,38,2025,12,30,13,6,16,35
20,42,2025,12,30,15,2,11,26
20,48,2025,12,30,19,4,4,26
20,54,2025,12,30,1,2,12,16
21,0,2025,12,30,1,5,0,21
21,5,2025,12,30,19,5,1,25
21,9,2025,12,30,15,2,4,23
21,14,2025,12,30,13,3,1,25
21,20,2025,12,30,12,26,16,35
21,26,2025,12,30,14,2,13,24
21,31,2025,12,30,12,21,2,43
21,38,2025,12,30,13,6,10,39
21,42,2025,12,30,15,4,12,31
21,48,2025,12,30,19,5,12,24
21,54,2025,12,30,1,6,7,23
22,0,2025,12,30,1,5,0,28
22,5,2025,12,30,19,4,2,30
22,9,2025,12,30,15,3,2,31
22,14,2025,12,30,13,2,2,31
22,20,2025,12,30,12,20,22,29
22,26,2025,12,30,14,4,15,18
22,31,2025,12,30,12,31,1,48
22,38,2025,12,30,13,3,8,43
22,42,2025,12,30,15,4,10,37
22,48,2025,12,30,19,2,11,28
22,54,2025,12,30,1,4,10,22
23,0,2025,12,30,1,4,0,26
23,5,2025,12,30,19,5,0,31
23,9,2025,12,30,15,4,2,33
23,14,2025,12,30,13,4,4,33
23,20,2025,12,30,12,30,20,43
23,26,2025,12,30,14,2,16,29
23,31,2025,12,30,12,13,2,40
23,38,2025,12,30,13,2,12,30
23,42,2025,12,30,15,3,8,25
23,48,2025,12,30,19,3,9,19
23,54,2025,12,30,1,0,19,0
6,0,2025,12,31,1,3,0,3
6,5,2025,12,31,19,2,0,5
6,9,2025,12,31,15,5,0,10
6,14,2025,12,31,13,5,0,15
6,20,2025,12,31,12,12,11,16
6,26,2025,12,31,14,13,6,23
6,31,2025,12,31,12,25,7,41
6,38,2025,12,31,13,5,6,40
6,42,2025,12,31,15,6,11,35
6,48,2025,12,31,19,4,11,28
6,54,2025,12,31,1,2,8,22
7,0,2025,12,31,1,2,0,24
7,5,2025,12,31,19,5,1,28
7,9,2025,12,31,15,15,0,43
7,14,2025,12,31,13,4,15,32
7,20,2025,12,31,12,9,11,30
7,26,2025,12,31,14,16,9,37
7,31,2025,12,31,12,11,2,46
7,38,2025,12,31,13,5,10,41
7,42,2025,12,31,15,15,2,54
7,48,2025,12,31,19,3,20,37
7,54,2025,12,31,1,2,21,18
8,0,2025,12,31,1,3,0,21
8,5,2025,12,31,19,4,4,21
8,9,2025,12,31,15,17,1,37
8,14,2025,12,31,13,2,13,26
8,20,2025,12,31,12,25,11,40
8,26,2025,12,31,14,8,2,46
8,31,2025,12,31,12,11,2,55
8,38,2025,12,31,13,2,12,45
8,42,2025,12,31,15,14,4,55
8,48,2025,12,31,19,1,22,34
8,54,2025,12,31,1,4,20,18
9,0,2025,12,31,1,1,0,19
9,5,2025,12,31,19,3,2,20
9,9,2025,12,31,15,6,1,25
9,14,2025,12,31,13,4,11,18
9,20,2025,12,31,12,15,7,26
9,26,2025,12,31,14,5,4,27
9,31,2025,12,31,12,12,1,38
9,38,2025,12,31,13,4,8,34
9,42,2025,12,31,15,3,2,35
9,48,2025,12,31,19,4,15,24
9,54,2025,12,31,1,3,20,7
10,0,2025,12,31,1,5,0,12
10,5,2025,12,31,19,2,2,12
10,9,2025,12,31,15,2,2,12
10,14,2025,12,31,13,5,0,17
10,20,2025,12,31,12,23,11,29
10,26,2025,12,31,14,4,15,18
10,31,2025,12,31,12,34,1,51
10,38,2025,12,31,13,2,10,43
10,42,2025,12,31,15,4,10,37
10,48,2025,12,31,19,6,14,29
10,54,2025,12,31,1,4,12,21
11,0,2025,12,31,1,2,0,23
11,5,2025,12,31,19,6,0,29
11,9,2025,12,31,15,4,0,33
11,14,2025,12,31,13,6,4,35
11,20,2025,12,31,12,14,21,28
11,26,2025,12,31,14,4,15,17
11,31,2025,12,31,12,11,1,27
11,38,2025,12,31,13,3,5,25
11,42,2025,12,31,15,2,4,23
11,48,2025,12,31,19,4,6,21
11,54,2025,12,31,1,2,10,13
12,0,2025,12,31,1,3,0,16
12,5,2025,12,31,19,4,0,20
12,9,2025,12,31,15,6,3,23
12,14,2025,12,31,13,4,4,23
12,20,2025,12,31,12,21,16,28
12,26,2025,12,31,14,3,9,22
12,31,2025,12,31,12,13,1,34
12,38,2025,12,31,13,6,10,30
12,42,2025,12,31,15,2,7,25
12,48,2025,12,31,19,5,6,24
12,54,2025,12,31,1,6,12,18
13,0,2025,12,31,1,20,0,38
13,5,2025,12,31,19,26,1,63
13,9,2025,12,31,15,4,8,59
13,14,2025,12,31,13,8,3,64
13,20,2025,12,31,12,11,28,47
13,26,2025,12,31,14,4,20,31
13,31,2025,12,31,12,33,2,62
13,38,2025,12,31,13,18,14,66
13,42,2025,12,31,15,3,21,48
13,48,2025,12,31,19,23,5,66
13,54,2025,12,31,1,10,19,57
14,0,2025,12,31,1,9,0,66
14,5,2025,12,31,19,7,7,66
14,9,2025,12,31,15,6,12,60
14,14,2025,12,31,13,10,9,61
14,20,2025,12,31,12,15,24,52
14,26,2025,12,31,14,3,21,34
14,31,2025,12,31,12,9,3,40
14,38,2025,12,31,13,18,4,54
14,42,2025,12,31,15,3,18,39
14,48,2025,12,31,19,27,4,62
14,54,2025,12,31,1,14,20,56
15,0,2025,12,31,1,10,0,66
15,5,2025,12,31,19,2,2,66
15,9,2025,12,31,15,2,11,57
15,14,2025,12,31,13,14,5,66
15,20,2025,12,31,12,28,33,61
15,26,2025,12,31,14,2,22,41
15,31,2025,12,31,12,8,2,47
15,38,2025,12,31,13,15,7,55
15,42,2025,12,31,15,5,20,40
15,48,2025,12,31,19,31,13,58
15,54,2025,12,31,1,20,12,66
16,0,2025,12,31,1,3,0,69
16,5,2025,12,31,19,2,10,61
16,9,2025,12,31,15,3,9,55
16,14,2025,12,31,13,2,7,50
16,20,2025,12,31,12,21,33,38
16,26,2025,12,31,14,5,21,22
16,31,2025,12,31,12,24,2,44
16,38,2025,12,31,13,6,11,39
16,42,2025,12,31,15,5,8,36
16,48,2025,12,31,19,5,10,31
16,54,2025,12,31,1,4,12,23
17,0,2025,12,31,1,2,0,25
17,5,2025,12,31,19,2,0,27
17,9,2025,12,31,15,5,1,31
17,14,2025,12,31,13,5,2,34
17,20,2025,12,31,12,19,18,35
17,26,2025,12,31,14,3,14,24
17,31,2025,12,31,12,11,3,32
17,38,2025,12,31,13,5,6,31
17,42,2025,12,31,15,4,7,28
17,48,2025,12,31,19,2,11,19
17,54,2025,12,31,1,5,10,14
18,0,2025,12,31,1,6,0,20
18,5,2025,12,31,19,2,2,20
18,9,2025,12,31,15,4,0,24
18,14,2025,12,31,13,3,0,27
18,20,2025,12,31,12,31,23,35
18,26,2025,12,31,14,6,7,34
18,31,2025,12,31,12,29,3,60
18,38,2025,12,31,13,3,12,51
18,42,2025,12,31,15,6,18,39
18,48,2025,12,31,19,4,11,32
18,54,2025,12,31,1,6,14,24
19,0,2025,12,31,1,4,0,28
19,5,2025,12,31,19,3,2,29
19,9,2025,12,31,15,4,2,31
19,14,2025,12,31,13,2,1,32
19,20,2025,12,31,12,19,20,31
19,26,2025,12,31,14,6,10,27
19,31,2025,12,31,12,23,4,46
19,38,2025,12,31,13,2,12,36
19,42,2025,12,31,15,6,9,33
19,48,2025,12,31,19,4,13,24
19,54,2025,12,31,1,3,8,19
20,0,2025,12,31,1,5,0,24
20,5,2025,12,31,19,4,2,26
20,9,2025,12,31,15,2,1,27
20,14,2025,12,31,13,6,1,32
20,20,2025,12,31,12,32,17,47
20,26,2025,12,31,14,5,18,34
20,31,2025,12,31,12,22,4,52
20,38,2025,12,31,13,4,11,45
20,42,2025,12,31,15,3,17,31
20,48,2025,12,31,19,2,10,23
20,54,2025,12,31,1,2,13,12
21,0,2025,12,31,1,5,0,17
21,5,2025,12,31,19,2,1,18
21,9,2025,12,31,15,2,0,20
21,14,2025,12,31,13,6,0,26
21,20,2025,12,31,12,11,19,18
21,26,2025,12,31,14,6,8,16
21,31,2025,12,31,12,30,4,42
21,38,2025,12,31,13,6,8,40
21,42,2025,12,31,15,3,14,29
21,48,2025,12,31,19,6,11,24
21,54,2025,12,31,1,5,6,23
22,0,2025,12,31,1,5,0,28
22,5,2025,12,31,19,5,0,33
22,9,2025,12,31,15,6,4,35
22,14,2025,12,31,13,2,4,33
22,20,2025,12,31,12,20,17,36
22,26,2025,12,31,14,6,15,27
22,31,2025,12,31,12,9,2,34
22,38,2025,12,31,13,3,10,27
22,42,2025,12,31,15,6,4,29
22,48,2025,12,31,19,6,7,28
22,54,2025,12,31,1,4,15,17
23,0,2025,12,31,1,5,0,22
23,5,2025,12,31,19,5,0,27
23,9,2025,12,31,15,4,3,28
23,14,2025,12,31,13,4,3,29
23,20,2025,12,31,12,18,20,27
23,26,2025,12,31,14,3,9,21
23,31,2025,12,31,12,31,3,49
23,38,2025,12,31,13,2,11,40
23,42,2025,12,31,15,6,12,34
23,48,2025,12,31,19,2,15,21
23,54,2025,12,31,1,0,21,0
6,0,2026,1,1,1,3,0,3
6,5,2026,1,1,19,5,0,8
6,9,2026,1,1,15,22,1,29
6,14,2026,1,1,13,6,3,32
6,20,2026,1,1,12,20,22,30
6,26,2026,1,1,14,5,7,28
6,31,2026,1,1,12,19,3,44
6,38,2026,1,1,13,5,14,35
6,42,2026,1,1,15,20,6,49
6,48,2026,1,1,19,6,13,42
6,54,2026,1,1,1,4,15,31
7,0,2026,1,1,1,1,0,32
7,5,2026,1,1,19,1,2,31
7,9,2026,1,1,15,11,0,42
7,14,2026,1,1,13,2,15,29
7,20,2026,1,1,12,34,13,50
7,26,2026,1,1,14,18,6,62
7,31,2026,1,1,12,7,3,66
7,38,2026,1,1,13,4,18,52
7,42,2026,1,1,15,13,3,62
7,48,2026,1,1,19,2,22,42
7,54,2026,1,1,1,1,23,20
8,0,2026,1,1,1,3,0,23
8,5,2026,1,1,19,1,1,23
8,9,2026,1,1,15,18,0,41
8,14,2026,1,1,13,4,14,31
8,20,2026,1,1,12,28,17,42
8,26,2026,1,1,14,6,3,45
8,31,2026,1,1,12,23,2,66
8,38,2026,1,1,13,5,12,59
8,42,2026,1,1,15,9,2,66
8,48,2026,1,1,19,5,27,44
8,54,2026,1,1,1,1,23,22
9,0,2026,1,1,1,1,0,23
9,5,2026,1,1,19,3,1,25
9,9,2026,1,1,15,2,0,27
9,14,2026,1,1,13,3,6,24
9,20,2026,1,1,12,28,13,39
9,26,2026,1,1,14,2,7,34
9,31,2026,1,1,12,17,0,51
9,38,2026,1,1,13,1,12,40
9,42,2026,1,1,15,3,0,43
9,48,2026,1,1,19,4,21,26
9,54,2026,1,1,1,3,21,8
10,0,2026,1,1,1,2,0,10
10,5,2026,1,1,19,6,0,16
10,9,2026,1,1,15,6,2,20
10,14,2026,1,1,13,3,1,22
10,20,2026,1,1,12,19,19,22
10,26,2026,1,1,14,6,5,23
10,31,2026,1,1,12,15,5,33
10,38,2026,1,1,13,5,7,31
10,42,2026,1,1,15,5,7,29
10,48,2026,1,1,19,3,6,26
10,54,2026,1,1,1,6,16,16
11,0,2026,1,1,1,6,0,22
11,5,2026,1,1,19,4,2,24
11,9,2026,1,1,15,3,3,24
11,14,2026,1,1,13,3,1,26
11,20,2026,1,1,12,11,20,17
11,26,2026,1,1,14,2,3,16
11,31,2026,1,1,12,14,1,29
11,38,2026,1,1,13,6,6,29
11,42,2026,1,1,15,4,10,23
11,48,2026,1,1,19,4,7,20
11,54,2026,1,1,1,3,9,14
12,0,2026,1,1,1,6,0,20
12,5,2026,1,1,19,4,0,24
12,9,2026,1,1,15,5,0,29
12,14,2026,1,1,13,3,4,28
12,20,2026,1,1,12,23,20,31
12,26,2026,1,1,14,4,6,29
12,31,2026,1,1,12,27,4,52
12,38,2026,1,1,13,5,13,44
12,42,2026,1,1,15,3,11,36
12,48,2026,1,1,19,6,13,29
12,54,2026,1,1,1,5,14,20
13,0,2026,1,1,1,15,0,35
13,5,2026,1,1,19,25,1,59
13,9,2026,1,1,15,4,8,55
13,14,2026,1,1,13,18,7,66
13,20,2026,1,1,12,22,22,66
13,26,2026,1,1,14,3,20,49
13,31,2026,1,1,12,20,3,66
13,38,2026,1,1,13,3,3,66
13,42,2026,1,1,15,4,23,47
13,48,2026,1,1,19,30,15,62
13,54,2026,1,1,1,16,20,58
14,0,2026,1,1,1,8,0,66
14,5,2026,1,1,19,5,5,66
14,9,2026,1,1,15,6,15,57
14,14,2026,1,1,13,13,4,66
14,20,2026,1,1,12,12,28,50
14,26,2026,1,1,14,4,22,32
14,31,2026,1,1,12,28,2,58
14,38,2026,1,1,13,13,5,66
14,42,2026,1,1,15,3,21,48
14,48,2026,1,1,19,24,13,59
14,54,2026,1,1,1,20,13,66
15,0,2026,1,1,1,30,0,96
15,5,2026,1,1,19,10,11,95
15,9,2026,1,1,15,5,22,78
15,14,2026,1,1,13,9,21,66
15,20,2026,1,1,12,10,29,47
15,26,2026,1,1,14,4,20,31
15,31,2026,1,1,12,24,3,52
15,38,2026,1,1,13,8,7,53
15,42,2026,1,1,15,4,15,42
15,48,2026,1,1,19,31,7,66
15,54,2026,1,1,1,9,19,56
16,0,2026,1,1,1,5,0,61
16,5,2026,1,1,19,5,6,60
16,9,2026,1,1,15,2,5,57
16,14,2026,1,1,13,4,10,51
16,20,2026,1,1,12,17,32,36
16,26,2026,1,1,14,5,17,24
16,31,2026,1,1,12,12,4,32
16,38,2026,1,1,13,4,10,26
16,42,2026,1,1,15,5,5,26
16,48,2026,1,1,19,4,6,24
16,54,2026,1,1,1,2,10,16
17,0,2026,1,1,1,4,0,20
17,5,2026,1,1,19,3,1,22
17,9,2026,1,1,15,5,1,26
17,14,2026,1,1,13,3,2,27
17,20,2026,1,1,12,30,16,41
17,26,2026,1,1,14,4,14,31
17,31,2026,1,1,12,16,2,45
17,38,2026,1,1,13,5,10,40
17,42,2026,1,1,15,4,14,30
17,48,2026,1,1,19,4,8,26
17,54,2026,1,1,1,4,13,17
18,0,2026,1,1,1,6,0,23
18,5,2026,1,1,19,6,1,28
18,9,2026,1,1,15,6,0,34
18,14,2026,1,1,13,2,1,35
18,20,2026,1,1,12,14,20,29
18,26,2026,1,1,14,4,16,17
18,31,2026,1,1,12,20,3,34
18,38,2026,1,1,13,5,3,36
18,42,2026,1,1,15,5,7,34
18,48,2026,1,1,19,4,10,28
18,54,2026,1,1,1,6,14,20
19,0,2026,1,1,1,2,0,22
19,5,2026,1,1,19,5,2,25
19,9,2026,1,1,15,4,1,28
19,14,2026,1,1,13,6,4,30
19,20,2026,1,1,12,23,22,31
19,26,2026,1,1,14,6,7,30
19,31,2026,1,1,12,16,3,43
19,38,2026,1,1,13,5,6,42
19,42,2026,1,1,15,4,17,29
19,48,2026,1,1,19,3,4,28
19,54,2026,1,1,1,6,17,17
20,0,2026,1,1,1,3,0,20
20,5,2026,1,1,19,4,1,23
20,9,2026,1,1,15,5,1,27
20,14,2026,1,1,13,3,2,28
20,20,2026,1,1,12,30,21,37
20,26,2026,1,1,14,2,14,25
20,31,2026,1,1,12,10,1,34
20,38,2026,1,1,13,4,9,29
20,42,2026,1,1,15,4,7,26
20,48,2026,1,1,19,2,6,22
20,54,2026,1,1,1,5,11,16
21,0,2026,1,1,1,2,0,18
21,5,2026,1,1,19,4,0,22
21,9,2026,1,1,15,3,0,25
21,14,2026,1,1,13,2,2,25
21,20,2026,1,1,12,25,18,32
21,26,2026,1,1,14,6,8,30
21,31,2026,1,1,12,26,3,53
21,38,2026,1,1,13,4,4,53
21,42,2026,1,1,15,2,9,46
21,48,2026,1,1,19,4,25,25
21,54,2026,1,1,1,4,13,16
22,0,2026,1,1,1,3,0,19
22,5,2026,1,1,19,2,1,20
22,9,2026,1,1,15,4,2,22
22,14,2026,1,1,13,4,2,24
22,20,2026,1,1,12,21,16,29
22,26,2026,1,1,14,6,12,23
22,31,2026,1,1,12,36,2,57
22,38,2026,1,1,13,5,15,47
22,42,2026,1,1,15,2,9,40
22,48,2026,1,1,19,3,12,31
22,54,2026,1,1,1,5,15,21
23,0,2026,1,1,1,2,0,23
23,5,2026,1,1,19,4,1,26
23,9,2026,1,1,15,6,2,30
23,14,2026,1,1,13,6,2,34
23,20,2026,1,1,12,35,22,47
23,26,2026,1,1,14,5,15,37
23,31,2026,1,1,12,16,5,48
23,38,2026,1,1,13,5,9,44
23,42,2026,1,1,15,5,18,31
23,48,2026,1,1,19,2,17,16
23,54,2026,1,1,1,0,16,0
6,0,2026,1,2,1,4,0,4
6,5,2026,1,2,19,3,0,7
6,9,2026,1,2,15,17,0,24
6,14,2026,1,2,13,2,1,25
6,20,2026,1,2,12,9,19,15
6,26,2026,1,2,14,20,0,35
6,31,2026,1,2,12,17,14,38
6,38,2026,1,2,13,4,7,35
6,42,2026,1,2,15,17,9,43
6,48,2026,1,2,19,3,7,39
6,54,2026,1,2,1,2,9,32
7,0,2026,1,2,1,4,0,36
7,5,2026,1,2,19,4,3,37
7,9,2026,1,2,15,18,1,54
7,14,2026,1,2,13,3,19,38
7,20,2026,1,2,12,16,17,37
7,26,2026,1,2,14,21,9,49
7,31,2026,1,2,12,23,6,66
7,38,2026,1,2,13,4,14,56
7,42,2026,1,2,15,11,4,63
7,48,2026,1,2,19,1,22,42
7,54,2026,1,2,1,4,26,20
8,0,2026,1,2,1,3,0,23
8,5,2026,1,2,19,2,1,24
8,9,2026,1,2,15,22,0,46
8,14,2026,1,2,13,4,17,33
8,20,2026,1,2,12,23,16,40
8,26,2026,1,2,14,18,6,52
8,31,2026,1,2,12,17,3,66
8,38,2026,1,2,13,5,25,46
8,42,2026,1,2,15,7,1,52
8,48,2026,1,2,19,3,21,34
8,54,2026,1,2,1,2,20,16
9,0,2026,1,2,1,4,0,20
9,5,2026,1,2,19,5,1,24
9,9,2026,1,2,15,6,0,30
9,14,2026,1,2,13,5,15,20
9,20,2026,1,2,12,27,12,35
9,26,2026,1,2,14,4,3,36
9,31,2026,1,2,12,8,1,43
9,38,2026,1,2,13,5,8,40
9,42,2026,1,2,15,6,4,42
9,48,2026,1,2,19,2,17,27
9,54,2026,1,2,1,3,22,8
10,0,2026,1,2,1,2,0,10
10,5,2026,1,2,19,5,0,15
10,9,2026,1,2,15,2,1,16
10,14,2026,1,2,13,5,1,20
10,20,2026,1,2,12,21,18,23
10,26,2026,1,2,14,6,7,22
10,31,2026,1,2,12,33,3,52
10,38,2026,1,2,13,6,11,47
10,42,2026,1,2,15,5,9,43
10,48,2026,1,2,19,6,13,36
10,54,2026,1,2,1,5,16,25
11,0,2026,1,2,1,2,0,27
11,5,2026,1,2,19,6,1,32
11,9,2026,1,2,15,3,3,32
11,14,2026,1,2,13,6,1,37
11,20,2026,1,2,12,8,22,23
11,26,2026,1,2,14,4,15,12
11,31,2026,1,2,12,26,3,35
11,38,2026,1,2,13,3,8,30
11,42,2026,1,2,15,3,5,28
11,48,2026,1,2,19,4,9,23
11,54,2026,1,2,1,2,8,17
12,0,2026,1,2,1,5,0,22
12,5,2026,1,2,19,4,1,25
12,9,2026,1,2,15,5,1,29
12,14,2026,1,2,13,5,1,33
12,20,2026,1,2,12,32,22,43
12,26,2026,1,2,14,3,15,31
12,31,2026,1,2,12,33,2,62
12,38,2026,1,2,13,4,14,52
12,42,2026,1,2,15,6,22,36
12,48,2026,1,2,19,2,12,26
12,54,2026,1,2,1,3,7,22
13,0,2026,1,2,1,21,0,43
13,5,2026,1,2,19,10,3,50
13,9,2026,1,2,15,6,6,50
13,14,2026,1,2,13,13,6,57
13,20,2026,1,2,12,33,28,62
13,26,2026,1,2,14,4,27,39
13,31,2026,1,2,12,20,4,55
13,38,2026,1,2,13,21,10,66
13,42,2026,1,2,15,3,19,50
13,48,2026,1,2,19,10,10,50
13,54,2026,1,2,1,15,20,45
14,0,2026,1,2,1,21,0,66
14,5,2026,1,2,19,10,10,66
14,9,2026,1,2,15,3,18,51
14,14,2026,1,2,13,15,4,62
14,20,2026,1,2,12,21,20,63
14,26,2026,1,2,14,4,20,47
14,31,2026,1,2,12,23,4,66
14,38,2026,1,2,13,6,6,66
14,42,2026,1,2,15,2,20,48
14,48,2026,1,2,19,30,14,64
14,54,2026,1,2,1,7,19,52
15,0,2026,1,2,1,14,0,66
15,5,2026,1,2,19,1,1,66
15,9,2026,1,2,15,4,11,59
15,14,2026,1,2,13,15,8,66
15,20,2026,1,2,12,8,25,49
15,26,2026,1,2,14,3,25,27
15,31,2026,1,2,12,15,2,40
15,38,2026,1,2,13,9,6,43
15,42,2026,1,2,15,3,15,31
15,48,2026,1,2,19,21,8,44
15,54,2026,1,2,1,24,7,61
16,0,2026,1,2,1,5,0,66
16,5,2026,1,2,19,5,8,63
16,9,2026,1,2,15,3,8,58
16,14,2026,1,2,13,6,16,48
16,20,2026,1,2,12,28,21,55
16,26,2026,1,2,14,4,20,39
16,31,2026,1,2,12,24,2,61
16,38,2026,1,2,13,4,18,47
16,42,2026,1,2,15,6,13,40
16,48,2026,1,2,19,5,12,33
16,54,2026,1,2,1,2,17,18
17,0,2026,1,2,1,3,0,21
17,5,2026,1,2,19,3,1,23
17,9,2026,1,2,15,6,2,27
17,14,2026,1,2,13,2,1,28
17,20,2026,1,2,12,18,19,27
17,26,2026,1,2,14,6,12,21
17,31,2026,1,2,12,18,5,34
17,38,2026,1,2,13,5,9,30
17,42,2026,1,2,15,6,6,30
17,48,2026,1,2,19,5,11,24
17,54,2026,1,2,1,4,6,22
18,0,2026,1,2,1,2,0,24
18,5,2026,1,2,19,5,1,28
18,9,2026,1,2,15,3,1,30
18,14,2026,1,2,13,5,2,33
18,20,2026,1,2,12,21,20,34
18,26,2026,1,2,14,6,10,30
18,31,2026,1,2,12,25,3,52
18,38,2026,1,2,13,2,6,48
18,42,2026,1,2,15,2,15,35
18,48,2026,1,2,19,2,7,30
18,54,2026,1,2,1,2,20,12
19,0,2026,1,2,1,6,0,18
19,5,2026,1,2,19,3,3,18
19,9,2026,1,2,15,4,0,22
19,14,2026,1,2,13,4,2,24
19,20,2026,1,2,12,16,13,27
19,26,2026,1,2,14,5,13,19
19,31,2026,1,2,12,19,5,33
19,38,2026,1,2,13,3,7,29
19,42,2026,1,2,15,4,5,28
19,48,2026,1,2,19,6,6,28
19,54,2026,1,2,1,2,14,16
20,0,2026,1,2,1,4,0,20
20,5,2026,1,2,19,2,0,22
20,9,2026,1,2,15,5,2,25
20,14,2026,1,2,13,6,2,29
20,20,2026,1,2,12,23,24,28
20,26,2026,1,2,14,6,10,24
20,31,2026,1,2,12,26,4,46
20,38,2026,1,2,13,3,12,37
20,42,2026,1,2,15,4,10,31
20,48,2026,1,2,19,5,9,27
20,54,2026,1,2,1,3,13,17
21,0,2026,1,2,1,2,0,19
21,5,2026,1,2,19,6,0,25
21,9,2026,1,2,15,2,2,25
21,14,2026,1,2,13,6,3,28
21,20,2026,1,2,12,34,15,47
21,26,2026,1,2,14,6,17,36
21,31,2026,1,2,12,22,4,54
21,38,2026,1,2,13,4,7,51
21,42,2026,1,2,15,2,20,33
21,48,2026,1,2,19,3,12,24
21,54,2026,1,2,1,2,10,16
22,0,2026,1,2,1,6,0,22
22,5,2026,1,2,19,4,2,24
22,9,2026,1,2,15,3,1,26
22,14,2026,1,2,13,5,3,28
22,20,2026,1,2,12,27,20,35
22,26,2026,1,2,14,5,10,30
22,31,2026,1,2,12,28,2,56
22,38,2026,1,2,13,5,15,46
22,42,2026,1,2,15,6,16,36
22,48,2026,1,2,19,2,12,26
22,54,2026,1,2,1,4,12,18
23,0,2026,1,2,1,3,0,21
23,5,2026,1,2,19,5,0,26
23,9,2026,1,2,15,3,1,28
23,14,2026,1,2,13,5,0,33
23,20,2026,1,2,12,21,21,33
23,26,2026,1,2,14,3,13,23
23,31,2026,1,2,12,11,3,31
23,38,2026,1,2,13,3,8,26
23,42,2026,1,2,15,4,9,21
23,48,2026,1,2,19,2,11,12
23,54,2026,1,2,1,0,12,0
6,0,2026,1,3,1,3,0,3
6,5,2026,1,3,19,4,1,6
6,9,2026,1,3,15,11,0,17
6,14,2026,1,3,13,5,1,21
6,20,2026,1,3,12,30,11,40
6,26,2026,1,3,14,12,12,40
6,31,2026,1,3,12,19,6,53
6,38,2026,1,3,13,3,6,50
6,42,2026,1,3,15,11,13,48
6,48,2026,1,3,19,3,11,40
6,54,2026,1,3,1,5,19,26
7,0,2026,1,3,1,3,0,29
7,5,2026,1,3,19,3,4,28
7,9,2026,1,3,15,8,1,35
7,14,2026,1,3,13,5,9,31
7,20,2026,1,3,12,16,16,31
7,26,2026,1,3,14,5,6,30
7,31,2026,1,3,12,33,0,63
7,38,2026,1,3,13,4,15,52
7,42,2026,1,3,15,5,3,54
7,48,2026,1,3,19,3,20,37
7,54,2026,1,3,1,3,25,15
8,0,2026,1,3,1,3,0,18
8,5,2026,1,3,19,1,2,17
8,9,2026,1,3,15,11,1,27
8,14,2026,1,3,13,4,11,20
8,20,2026,1,3,12,18,6,32
8,26,2026,1,3,14,7,3,36
8,31,2026,1,3,12,31,1,66
8,38,2026,1,3,13,1,15,52
8,42,2026,1,3,15,18,4,66
8,48,2026,1,3,19,5,22,49
8,54,2026,1,3,1,2,24,27
9,0,2026,1,3,1,1,0,28
9,5,2026,1,3,19,5,1,32
9,9,2026,1,3,15,6,1,37
9,14,2026,1,3,13,1,13,25
9,20,2026,1,3,12,28,14,39
9,26,2026,1,3,14,2,2,39
9,31,2026,1,3,12,27,0,66
9,38,2026,1,3,13,5,20,51
9,42,2026,1,3,15,6,3,54
9,48,2026,1,3,19,3,20,37
9,54,2026,1,3,1,3,24,16
10,0,2026,1,3,1,6,0,22
10,5,2026,1,3,19,4,2,24
10,9,2026,1,3,15,6,1,29
10,14,2026,1,3,13,2,0,31
10,20,2026,1,3,12,26,21,36
10,26,2026,1,3,14,6,15,27
10,31,2026,1,3,12,19,5,41
10,38,2026,1,3,13,3,9,35
10,42,2026,1,3,15,4,6,33
10,48,2026,1,3,19,3,12,24
10,54,2026,1,3,1,3,14,13
11,0,2026,1,3,1,6,0,19
11,5,2026,1,3,19,4,0,23
11,9,2026,1,3,15,4,4,23
11,14,2026,1,3,13,4,3,24
11,20,2026,1,3,12,27,16,35
11,26,2026,1,3,14,3,12,26
11,31,2026,1,3,12,29,3,52
11,38,2026,1,3,13,5,15,42
11,42,2026,1,3,15,2,8,36
11,48,2026,1,3,19,4,16,24
11,54,2026,1,3,1,6,10,20
12,0,2026,1,3,1,2,0,22
12,5,2026,1,3,19,6,1,27
12,9,2026,1,3,15,5,1,31
12,14,2026,1,3,13,5,6,30
12,20,2026,1,3,12,12,20,22
12,26,2026,1,3,14,2,17,7
12,31,2026,1,3,12,30,2,35
12,38,2026,1,3,13,4,7,32
12,42,2026,1,3,15,5,7,30
12,48,2026,1,3,19,3,12,21
12,54,2026,1,3,1,6,7,20
13,0,2026,1,3,1,18,0,38
13,5,2026,1,3,19,7,3,42
13,9,2026,1,3,15,2,2,42
13,14,2026,1,3,13,16,3,55
13,20,2026,1,3,12,30,25,60
13,26,2026,1,3,14,3,23,40
13,31,2026,1,3,12,11,2,49
13,38,2026,1,3,13,24,7,66
13,42,2026,1,3,15,6,22,50
13,48,2026,1,3,19,12,8,54
13,54,2026,1,3,1,25,14,65
14,0,2026,1,3,1,1,0,66
14,5,2026,1,3,19,9,9,66
14,9,2026,1,3,15,5,15,56
14,14,2026,1,3,13,21,14,63
14,20,2026,1,3,12,25,22,66
14,26,2026,1,3,14,2,20,48
14,31,2026,1,3,12,17,2,63
14,38,2026,1,3,13,14,11,66
14,42,2026,1,3,15,3,17,52
14,48,2026,1,3,19,19,20,51
14,54,2026,1,3,1,16,16,51
15,0,2026,1,3,1,15,0,66
15,5,2026,1,3,19,8,8,66
15,9,2026,1,3,15,6,13,59
15,14,2026,1,3,13,9,8,60
15,20,2026,1,3,12,28,25,63
15,26,2026,1,3,14,2,21,44
15,31,2026,1,3,12,20,2,62
15,38,2026,1,3,13,12,8,66
15,42,2026,1,3,15,2,16,52
15,48,2026,1,3,19,7,15,44
15,54,2026,1,3,1,16,16,44
16,0,2026,1,3,1,4,0,48
16,5,2026,1,3,19,5,1,52
16,9,2026,1,3,15,5,2,55
16,14,2026,1,3,13,3,4,54
16,20,2026,1,3,12,10,31,33
16,26,2026,1,3,14,6,18,21
16,31,2026,1,3,12,24,4,41
16,38,2026,1,3,13,4,6,39
16,42,2026,1,3,15,5,7,37
16,48,2026,1,3,19,3,15,25
16,54,2026,1,3,1,4,10,19
17,0,2026,1,3,1,2,0,21
17,5,2026,1,3,19,2,0,23
17,9,2026,1,3,15,6,1,28
17,14,2026,1,3,13,6,3,31
17,20,2026,1,3,12,15,20,26
17,26,2026,1,3,14,5,9,22
17,31,2026,1,3,12,23,4,41
17,38,2026,1,3,13,2,15,28
17,42,2026,1,3,15,4,7,25
17,48,2026,1,3,19,3,9,19
17,54,2026,1,3,1,6,9,16
18,0,2026,1,3,1,5,0,21
18,5,2026,1,3,19,3,2,22
18,9,2026,1,3,15,2,1,23
18,14,2026,1,3,13,2,6,19
18,20,2026,1,3,12,11,15,15
18,26,2026,1,3,14,6,3,18
18,31,2026,1,3,12,21,5,34
18,38,2026,1,3,13,3,9,28
18,42,2026,1,3,15,5,9,24
18,48,2026,1,3,19,3,10,17
18,54,2026,1,3,1,2,6,13
19,0,2026,1,3,1,4,0,17
19,5,2026,1,3,19,4,0,21
19,9,2026,1,3,15,4,1,24
19,14,2026,1,3,13,2,4,22
19,20,2026,1,3,12,26,18,30
19,26,2026,1,3,14,6,8,28
19,31,2026,1,3,12,15,4,39
19,38,2026,1,3,13,4,7,36
19,42,2026,1,3,15,6,8,34
19,48,2026,1,3,19,5,9,30
19,54,2026,1,3,1,3,16,17
20,0,2026,1,3,1,2,0,19
20,5,2026,1,3,19,5,1,23
20,9,2026,1,3,15,4,1,26
20,14,2026,1,3,13,2,2,26
20,20,2026,1,3,12,33,20,39
20,26,2026,1,3,14,5,8,36
20,31,2026,1,3,12,20,3,53
20,38,2026,1,3,13,4,14,43
20,42,2026,1,3,15,6,12,37
20,48,2026,1,3,19,3,12,28
20,54,2026,1,3,1,5,15,18
21,0,2026,1,3,1,4,0,22
21,5,2026,1,3,19,4,0,26
21,9,2026,1,3,15,3,0,29
21,14,2026,1,3,13,4,4,29
21,20,2026,1,3,12,19,22,26
21,26,2026,1,3,14,4,10,20
21,31,2026,1,3,12,35,1,54
21,38,2026,1,3,13,4,11,47
21,42,2026,1,3,15,2,13,36
21,48,2026,1,3,19,6,11,31
21,54,2026,1,3,1,6,12,25
22,0,2026,1,3,1,6,0,31
22,5,2026,1,3,19,3,1,33
22,9,2026,1,3,15,2,1,34
22,14,2026,1,3,13,2,3,33
22,20,2026,1,3,12,8,20,21
22,26,2026,1,3,14,5,11,15
22,31,2026,1,3,12,35,2,48
22,38,2026,1,3,13,4,9,43
22,42,2026,1,3,15,3,11,35
22,48,2026,1,3,19,4,8,31
22,54,2026,1,3,1,4,10,25
23,0,2026,1,3,1,6,0,31
23,5,2026,1,3,19,6,1,36
23,9,2026,1,3,15,4,1,39
23,14,2026,1,3,13,4,1,42
23,20,2026,1,3,12,19,20,41
23,26,2026,1,3,14,3,19,25
23,31,2026,1,3,12,31,1,55
23,38,2026,1,3,13,6,13,48
23,42,2026,1,3,15,4,15,37
23,48,2026,1,3,19,6,18,25
23,54,2026,1,3,1,0,25,0
6,0,2026,1,4,1,4,0,4
6,5,2026,1,4,19,6,1,9
6,9,2026,1,4,15,21,0,30
6,14,2026,1,4,13,4,3,31
6,20,2026,1,4,12,27,22,36
6,26,2026,1,4,14,22,5,53
6,31,2026,1,4,12,23,13,63
6,38,2026,1,4,13,3,6,60
6,42,2026,1,4,15,20,23,57
6,48,2026,1,4,19,2,15,44
6,54,2026,1,4,1,5,15,34
7,0,2026,1,4,1,4,0,38
7,5,2026,1,4,19,2,3,37
7,9,2026,1,4,15,9,2,44
7,14,2026,1,4,13,2,11,35
7,20,2026,1,4,12,9,17,27
7,26,2026,1,4,14,16,9,34
7,31,2026,1,4,12,13,3,44
7,38,2026,1,4,13,3,8,39
7,42,2026,1,4,15,7,1,45
7,48,2026,1,4,19,4,21,28
7,54,2026,1,4,1,4,19,13
8,0,2026,1,4,1,2,0,15
8,5,2026,1,4,19,5,5,15
8,9,2026,1,4,15,12,0,27
8,14,2026,1,4,13,1,12,16
8,20,2026,1,4,12,30,7,39
8,26,2026,1,4,14,19,3,55
8,31,2026,1,4,12,14,3,66
8,38,2026,1,4,13,2,19,49
8,42,2026,1,4,15,7,3,53
8,48,2026,1,4,19,3,24,32
8,54,2026,1,4,1,2,20,14
9,0,2026,1,4,1,1,0,15
9,5,2026,1,4,19,3,1,17
9,9,2026,1,4,15,4,0,21
9,14,2026,1,4,13,3,8,16
9,20,2026,1,4,12,31,7,40
9,26,2026,1,4,14,4,4,40
9,31,2026,1,4,12,20,0,60
9,38,2026,1,4,13,2,14,48
9,42,2026,1,4,15,6,5,49
9,48,2026,1,4,19,1,22,28
9,54,2026,1,4,1,2,22,8
10,0,2026,1,4,1,6,0,14
10,5,2026,1,4,19,3,1,16
10,9,2026,1,4,15,2,0,18
10,14,2026,1,4,13,5,2,21
10,20,2026,1,4,12,35,18,38
10,26,2026,1,4,14,5,9,34
10,31,2026,1,4,12,22,4,52
10,38,2026,1,4,13,4,9,47
10,42,2026,1,4,15,4,8,43
10,48,2026,1,4,19,3,14,32
10,54,2026,1,4,1,2,18,16
11,0,2026,1,4,1,5,0,21
11,5,2026,1,4,19,6,1,26
11,9,2026,1,4,15,4,1,29
11,14,2026,1,4,13,2,4,27
11,20,2026,1,4,12,34,18,43
11,26,2026,1,4,14,4,14,33
11,31,2026,1,4,12,27,4,56
11,38,2026,1,4,13,2,11,47
11,42,2026,1,4,15,6,11,42
11,48,2026,1,4,19,4,14,32
11,54,2026,1,4,1,6,14,24
12,0,2026,1,4,1,2,0,26
12,5,2026,1,4,19,3,0,29
12,9,2026,1,4,15,3,2,30
12,14,2026,1,4,13,2,2,30
12,20,2026,1,4,12,27,18,39
12,26,2026,1,4,14,4,12,31
12,31,2026,1,4,12,20,2,49
12,38,2026,1,4,13,3,14,38
12,42,2026,1,4,15,3,9,32
12,48,2026,1,4,19,3,9,26
12,54,2026,1,4,1,4,13,17
13,0,2026,1,4,1,29,0,46
13,5,2026,1,4,19,8,2,52
13,9,2026,1,4,15,6,6,52
13,14,2026,1,4,13,18,4,66
13,20,2026,1,4,12,14,29,51
13,26,2026,1,4,14,2,21,32
13,31,2026,1,4,12,19,1,50
13,38,2026,1,4,13,11,1,60
13,42,2026,1,4,15,3,16,47
13,48,2026,1,4,19,7,17,37
13,54,2026,1,4,1,23,16,44
14,0,2026,1,4,1,11,0,55
14,5,2026,1,4,19,15,4,66
14,9,2026,1,4,15,6,13,59
14,14,2026,1,4,13,16,9,66
14,20,2026,1,4,12,11,30,47
14,26,2026,1,4,14,6,21,32
14,31,2026,1,4,12,31,5,58
14,38,2026,1,4,13,16,8,66
14,42,2026,1,4,15,2,24,44
14,48,2026,1,4,19,8,8,44
14,54,2026,1,4,1,25,10,59
15,0,2026,1,4,1,7,0,66
15,5,2026,1,4,19,1,1,66
15,9,2026,1,4,15,3,3,66
15,14,2026,1,4,13,6,6,66
15,20,2026,1,4,12,15,38,43
15,26,2026,1,4,14,3,21,25
15,31,2026,1,4,12,21,2,44
15,38,2026,1,4,13,15,6,53
15,42,2026,1,4,15,4,18,39
15,48,2026,1,4,19,17,9,47
15,54,2026,1,4,1,24,12,59
16,0,2026,1,4,1,5,0,64
16,5,2026,1,4,19,2,12,54
16,9,2026,1,4,15,5,11,48
16,14,2026,1,4,13,3,5,46
16,20,2026,1,4,12,18,21,43
16,26,2026,1,4,14,5,21,27
16,31,2026,1,4,12,12,3,36
16,38,2026,1,4,13,6,4,38
16,42,2026,1,4,15,5,14,29
16,48,2026,1,4,19,5,12,22
16,54,2026,1,4,1,5,11,16
17,0,2026,1,4,1,6,0,22
17,5,2026,1,4,19,4,0,26
17,9,2026,1,4,15,4,1,29
17,14,2026,1,4,13,4,5,28
17,20,2026,1,4,12,29,20,37
17,26,2026,1,4,14,3,10,30
17,31,2026,1,4,12,23,3,50
17,38,2026,1,4,13,5,9,46
17,42,2026,1,4,15,5,12,39
17,48,2026,1,4,19,3,16,26
17,54,2026,1,4,1,5,12,19
18,0,2026,1,4,1,3,0,22
18,5,2026,1,4,19,5,1,26
18,9,2026,1,4,15,4,1,29
18,14,2026,1,4,13,2,3,28
18,20,2026,1,4,12,32,18,42
18,26,2026,1,4,14,5,15,32
18,31,2026,1,4,12,14,4,42
18,38,2026,1,4,13,2,9,35
18,42,2026,1,4,15,3,12,26
18,48,2026,1,4,19,2,11,17
18,54,2026,1,4,1,5,10,12
19,0,2026,1,4,1,6,0,18
19,5,2026,1,4,19,3,1,20
19,9,2026,1,4,15,3,1,22
19,14,2026,1,4,13,6,3,25
19,20,2026,1,4,12,25,21,29
19,26,2026,1,4,14,3,5,27
19,31,2026,1,4,12,26,0,53
19,38,2026,1,4,13,2,9,46
19,42,2026,1,4,15,2,19,29
19,48,2026,1,4,19,6,15,20
19,54,2026,1,4,1,6,7,19
20,0,2026,1,4,1,4,0,23
20,5,2026,1,4,19,2,0,25
20,9,2026,1,4,15,5,2,28
20,14,2026,1,4,13,6,1,33
20,20,2026,1,4,12,29,21,41
20,26,2026,1,4,14,6,16,31
20,31,2026,1,4,12,31,4,58
20,38,2026,1,4,13,4,10,52
20,42,2026,1,4,15,3,19,36
20,48,2026,1,4,19,4,10,30
20,54,2026,1,4,1,6,13,23
21,0,2026,1,4,1,2,0,25
21,5,2026,1,4,19,3,0,28
21,9,2026,1,4,15,4,0,32
21,14,2026,1,4,13,2,1,33
21,20,2026,1,4,12,13,21,25
21,26,2026,1,4,14,2,14,13
21,31,2026,1,4,12,18,0,31
21,38,2026,1,4,13,5,7,29
21,42,2026,1,4,15,5,8,26
21,48,2026,1,4,19,2,10,18
21,54,2026,1,4,1,3,9,12
22,0,2026,1,4,1,2,0,14
22,5,2026,1,4,19,5,2,17
22,9,2026,1,4,15,6,1,22
22,14,2026,1,4,13,6,1,27
22,20,2026,1,4,12,27,15,39
22,26,2026,1,4,14,2,12,29
22,31,2026,1,4,12,20,2,47
22,38,2026,1,4,13,5,11,41
22,42,2026,1,4,15,2,10,33
22,48,2026,1,4,19,4,8,29
22,54,2026,1,4,1,2,14,17
23,0,2026,1,4,1,4,0,21
23,5,2026,1,4,19,4,1,24
23,9,2026,1,4,15,4,1,27
23,14,2026,1,4,13,5,2,30
23,20,2026,1,4,12,22,21,31
23,26,2026,1,4,14,4,10,25
23,31,2026,1,4,12,29,1,53
23,38,2026,1,4,13,2,14,41
23,42,2026,1,4,15,4,14,31
23,48,2026,1,4,19,6,18,19
23,54,2026,1,4,1,0,19,0
6,0,2026,1,5,1,3,0,3
6,5,2026,1,5,19,2,0,5
6,9,2026,1,5,15,10,0,15
6,14,2026,1,5,13,2,1,16
6,20,2026,1,5,12,27,11,32
6,26,2026,1,5,14,19,5,46
6,31,2026,1,5,12,9,14,41
6,38,2026,1,5,13,3,7,37
6,42,2026,1,5,15,11,9,39
6,48,2026,1,5,19,5,12,32
6,54,2026,1,5,1,3,15,20
7,0,2026,1,5,1,3,0,23
7,5,2026,1,5,19,1,1,23
7,9,2026,1,5,15,10,0,33
7,14,2026,1,5,13,5,18,20
7,20,2026,1,5,12,22,11,31
7,26,2026,1,5,14,21,6,46
7,31,2026,1,5,12,23,3,66
7,38,2026,1,5,13,2,19,49
7,42,2026,1,5,15,14,2,61
7,48,2026,1,5,19,5,23,43
7,54,2026,1,5,1,2,26,19
8,0,2026,1,5,1,2,0,21
8,5,2026,1,5,19,2,2,21
8,9,2026,1,5,15,10,1,30
8,14,2026,1,5,13,3,15,18
8,20,2026,1,5,12,35,9,44
8,26,2026,1,5,14,8,2,50
8,31,2026,1,5,12,16,0,66
8,38,2026,1,5,13,4,18,52
8,42,2026,1,5,15,9,3,58
8,48,2026,1,5,19,5,24,39
8,54,2026,1,5,1,3,21,21
9,0,2026,1,5,1,3,0,24
9,5,2026,1,5,19,5,2,27
9,9,2026,1,5,15,5,0,32
9,14,2026,1,5,13,1,15,18
9,20,2026,1,5,12,30,15,33
9,26,2026,1,5,14,2,2,33
9,31,2026,1,5,12,10,0,43
9,38,2026,1,5,13,3,14,32
9,42,2026,1,5,15,6,2,36
9,48,2026,1,5,19,1,18,19
9,54,2026,1,5,1,4,18,5
10,0,2026,1,5,1,4,0,9
10,5,2026,1,5,19,4,0,13
10,9,2026,1,5,15,4,1,16
10,14,2026,1,5,13,2,1,17
10,20,2026,1,5,12,9,13,13
10,26,2026,1,5,14,5,2,16
10,31,2026,1,5,12,13,3,26
10,38,2026,1,5,13,6,7,25
10,42,2026,1,5,15,4,11,18
10,48,2026,1,5,19,3,3,18
10,54,2026,1,5,1,3,5,16
11,0,2026,1,5,1,3,0,19
11,5,2026,1,5,19,2,1,20
11,9,2026,1,5,15,5,1,24
11,14,2026,1,5,13,5,2,27
11,20,2026,1,5,12,34,16,45
11,26,2026,1,5,14,4,18,31
11,31,2026,1,5,12,35,2,64
11,38,2026,1,5,13,4,17,51
11,42,2026,1,5,15,5,17,39
11,48,2026,1,5,19,2,19,22
11,54,2026,1,5,1,6,7,21
12,0,2026,1,5,1,3,0,24
12,5,2026,1,5,19,6,0,30
12,9,2026,1,5,15,4,1,33
12,14,2026,1,5,13,4,2,35
12,20,2026,1,5,12,27,22,40
12,26,2026,1,5,14,4,9,35
12,31,2026,1,5,12,17,2,50
12,38,2026,1,5,13,6,9,47
12,42,2026,1,5,15,3,14,36
12,48,2026,1,5,19,4,12,28
12,54,2026,1,5,1,5,16,17
13,0,2026,1,5,1,14,0,31
13,5,2026,1,5,19,12,1,42
13,9,2026,1,5,15,3,3,42
13,14,2026,1,5,13,26,2,66
13,20,2026,1,5,12,13,29,50
13,26,2026,1,5,14,6,20,36
13,31,2026,1,5,12,23,3,56
13,38,2026,1,5,13,9,6,59
13,42,2026,1,5,15,2,22,39
13,48,2026,1,5,19,27,11,55
13,54,2026,1,5,1,13,13,55
14,0,2026,1,5,1,11,0,66
14,5,2026,1,5,19,5,5,66
14,9,2026,1,5,15,2,14,54
14,14,2026,1,5,13,18,6,66
14,20,2026,1,5,12,24,24,66
14,26,2026,1,5,14,5,22,49
14,31,2026,1,5,12,13,4,58
14,38,2026,1,5,13,17,9,66
14,42,2026,1,5,15,2,20,48
14,48,2026,1,5,19,22,13,57
14,54,2026,1,5,1,25,16,66
15,0,2026,1,5,1,11,0,77
15,5,2026,1,5,19,10,6,81
15,9,2026,1,5,15,4,19,66
15,14,2026,1,5,13,9,9,66
15,20,2026,1,5,12,9,30,45
15,26,2026,1,5,14,4,20,29
15,31,2026,1,5,12,16,2,43
15,38,2026,1,5,13,26,3,66
15,42,2026,1,5,15,4,7,63
15,48,2026,1,5,19,18,15,66
15,54,2026,1,5,1,14,21,59
16,0,2026,1,5,1,2,0,61
16,5,2026,1,5,19,5,1,65
16,9,2026,1,5,15,4,13,56
16,14,2026,1,5,13,5,11,50
16,20,2026,1,5,12,36,21,65
16,26,2026,1,5,14,6,20,51
16,31,2026,1,5,12,12,2,61
16,38,2026,1,5,13,2,13,50
16,42,2026,1,5,15,4,14,40
16,48,2026,1,5,19,6,9,37
16,54,2026,1,5,1,2,22,17
17,0,2026,1,5,1,4,0,21
17,5,2026,1,5,19,3,2,22
17,9,2026,1,5,15,3,1,24
17,14,2026,1,5,13,4,2,26
17,20,2026,1,5,12,17,18,25
17,26,2026,1,5,14,4,11,18
17,31,2026,1,5,12,17,4,31
17,38,2026,1,5,13,6,9,28
17,42,2026,1,5,15,6,6,28
17,48,2026,1,5,19,6,7,27
17,54,2026,1,5,1,5,10,22
18,0,2026,1,5,1,4,0,26
18,5,2026,1,5,19,5,1,30
18,9,2026,1,5,15,3,5,28
18,14,2026,1,5,13,3,4,27
18,20,2026,1,5,12,36,21,42
18,26,2026,1,5,14,2,11,33
18,31,2026,1,5,12,35,2,66
18,38,2026,1,5,13,4,12,58
18,42,2026,1,5,15,2,11,49
18,48,2026,1,5,19,3,17,35
18,54,2026,1,5,1,6,19,22
19,0,2026,1,5,1,4,0,26
19,5,2026,1,5,19,6,0,32
19,9,2026,1,5,15,2,1,33
19,14,2026,1,5,13,2,3,32
19,20,2026,1,5,12,9,17,24
19,26,2026,1,5,14,3,14,13
19,31,2026,1,5,12,22,2,33
19,38,2026,1,5,13,5,4,34
19,42,2026,1,5,15,5,7,32
19,48,2026,1,5,19,4,12,24
19,54,2026,1,5,1,5,9,20
20,0,2026,1,5,1,4,0,24
20,5,2026,1,5,19,4,0,28
20,9,2026,1,5,15,3,0,31
20,14,2026,1,5,13,5,5,31
20,20,2026,1,5,12,36,22,45
20,26,2026,1,5,14,4,13,36
20,31,2026,1,5,12,9,2,43
20,38,2026,1,5,13,3,9,37
20,42,2026,1,5,15,2,8,31
20,48,2026,1,5,19,3,11,23
20,54,2026,1,5,1,5,15,13
21,0,2026,1,5,1,3,0,16
21,5,2026,1,5,19,5,0,21
21,9,2026,1,5,15,5,6,20
21,14,2026,1,5,13,6,4,22
21,20,2026,1,5,12,29,14,37
21,26,2026,1,5,14,5,11,31
21,31,2026,1,5,12,26,3,54
21,38,2026,1,5,13,5,10,49
21,42,2026,1,5,15,5,17,37
21,48,2026,1,5,19,2,15,24
21,54,2026,1,5,1,6,6,24
22,0,2026,1,5,1,3,0,27
22,5,2026,1,5,19,5,0,32
22,9,2026,1,5,15,6,1,37
22,14,2026,1,5,13,3,3,37
22,20,2026,1,5,12,14,20,31
22,26,2026,1,5,14,3,15,19
22,31,2026,1,5,12,15,0,34
22,38,2026,1,5,13,6,8,32
22,42,2026,1,5,15,3,8,27
22,48,2026,1,5,19,6,12,21
22,54,2026,1,5,1,4,8,17
23,0,2026,1,5,1,3,0,20
23,5,2026,1,5,19,4,0,24
23,9,2026,1,5,15,2,4,22
23,14,2026,1,5,13,2,2,22
23,20,2026,1,5,12,34,14,42
23,26,2026,1,5,14,2,11,33
23,31,2026,1,5,12,14,2,45
23,38,2026,1,5,13,3,7,41
23,42,2026,1,5,15,2,14,29
23,48,2026,1,5,19,4,16,17
23,54,2026,1,5,1,0,17,0
6,0,2026,1,6,1,4,0,4
6,5,2026,1,6,19,4,1,7
6,9,2026,1,6,15,6,0,13
6,14,2026,1,6,13,4,0,17
6,20,2026,1,6,12,17,13,21
6,26,2026,1,6,14,8,4,25
6,31,2026,1,6,12,26,4,47
6,38,2026,1,6,13,6,10,43
6,42,2026,1,6,15,12,11,44
6,48,2026,1,6,19,6,11,39
6,54,2026,1,6,1,2,14,27
7,0,2026,1,6,1,1,0,28
7,5,2026,1,6,19,1,1,28
7,9,2026,1,6,15,8,1,35
7,14,2026,1,6,13,3,17,21
7,20,2026,1,6,12,18,12,27
7,26,2026,1,6,14,16,2,41
7,31,2026,1,6,12,27,2,66
7,38,2026,1,6,13,1,14,53
7,42,2026,1,6,15,8,5,56
7,48,2026,1,6,19,5,27,34
7,54,2026,1,6,1,2,20,16
8,0,2026,1,6,1,2,0,18
8,5,2026,1,6,19,2,0,20
8,9,2026,1,6,15,12,0,32
8,14,2026,1,6,13,5,13,24
8,20,2026,1,6,12,26,12,38
8,26,2026,1,6,14,16,1,53
8,31,2026,1,6,12,8,2,59
8,38,2026,1,6,13,1,16,44
8,42,2026,1,6,15,22,1,65
8,48,2026,1,6,19,4,20,49
8,54,2026,1,6,1,4,21,32
9,0,2026,1,6,1,1,0,33
9,5,2026,1,6,19,4,0,37
9,9,2026,1,6,15,6,0,43
9,14,2026,1,6,13,3,20,26
9,20,2026,1,6,12,18,15,29
9,26,2026,1,6,14,5,4,30
9,31,2026,1,6,12,9,0,39
9,38,2026,1,6,13,3,9,33
9,42,2026,1,6,15,4,1,36
9,48,2026,1,6,19,4,16,24
9,54,2026,1,6,1,2,17,9
10,0,2026,1,6,1,6,0,15
10,5,2026,1,6,19,3,0,18
10,9,2026,1,6,15,5,0,23
10,14,2026,1,6,13,3,3,23
10,20,2026,1,6,12,15,17,21
10,26,2026,1,6,14,2,10,13
10,31,2026,1,6,12,22,1,34
10,38,2026,1,6,13,2,7,29
10,42,2026,1,6,15,5,11,23
10,48,2026,1,6,19,3,6,20
10,54,2026,1,6,1,4,8,16
11,0,2026,1,6,1,2,0,18
11,5,2026,1,6,19,2,0,20
11,9,2026,1,6,15,3,1,22
11,14,2026,1,6,13,5,5,22
11,20,2026,1,6,12,28,11,39
11,26,2026,1,6,14,2,14,27
11,31,2026,1,6,12,14,1,40
11,38,2026,1,6,13,4,11,33
11,42,2026,1,6,15,5,10,28
11,48,2026,1,6,19,3,12,19
11,54,2026,1,6,1,5,10,14
12,0,2026,1,6,1,6,0,20
12,5,2026,1,6,19,3,2,21
12,9,2026,1,6,15,6,0,27
12,14,2026,1,6,13,5,4,28
12,20,2026,1,6,12,30,22,36
12,26,2026,1,6,14,3,8,31
12,31,2026,1,6,12,33,1,63
12,38,2026,1,6,13,5,17,51
12,42,2026,1,6,15,6,13,44
12,48,2026,1,6,19,5,13,36
12,54,2026,1,6,1,2,20,18
13,0,2026,1,6,1,21,0,39
13,5,2026,1,6,19,12,2,49
13,9,2026,1,6,15,2,6,45
13,14,2026,1,6,13,24,3,66
13,20,2026,1,6,12,21,21,66
13,26,2026,1,6,14,5,24,47
13,31,2026,1,6,12,16,5,58
13,38,2026,1,6,13,7,9,56
13,42,2026,1,6,15,5,20,41
13,48,2026,1,6,19,14,10,45
13,54,2026,1,6,1,11,16,40
14,0,2026,1,6,1,10,0,50
14,5,2026,1,6,19,14,1,63
14,9,2026,1,6,15,6,8,61
14,14,2026,1,6,13,14,9,66
14,20,2026,1,6,12,24,26,64
14,26,2026,1,6,14,3,25,42
14,31,2026,1,6,12,25,1,66
14,38,2026,1,6,13,7,7,66
14,42,2026,1,6,15,4,22,48
14,48,2026,1,6,19,20,18,50
14,54,2026,1,6,1,16,17,49
15,0,2026,1,6,1,8,0,57
15,5,2026,1,6,19,10,1,66
15,9,2026,1,6,15,5,11,60
15,14,2026,1,6,13,13,7,66
15,20,2026,1,6,12,26,26,66
15,26,2026,1,6,14,2,23,45
15,31,2026,1,6,12,22,1,66
15,38,2026,1,6,13,11,11,66
15,42,2026,1,6,15,6,20,52
15,48,2026,1,6,19,7,12,47
15,54,2026,1,6,1,19,20,46
16,0,2026,1,6,1,4,0,50
16,5,2026,1,6,19,2,2,50
16,9,2026,1,6,15,2,3,49
16,14,2026,1,6,13,5,4,50
16,20,2026,1,6,12,14,31,33
16,26,2026,1,6,14,2,14,21
16,31,2026,1,6,12,25,2,44
16,38,2026,1,6,13,3,10,37
16,42,2026,1,6,15,5,8,34
16,48,2026,1,6,19,2,10,26
16,54,2026,1,6,1,5,12,19
17,0,2026,1,6,1,3,0,22
17,5,2026,1,6,19,5,0,27
17,9,2026,1,6,15,2,1,28
17,14,2026,1,6,13,3,5,26
17,20,2026,1,6,12,25,20,31
17,26,2026,1,6,14,6,12,25
17,31,2026,1,6,12,8,6,27
17,38,2026,1,6,13,3,4,26
17,42,2026,1,6,15,2,7,21
17,48,2026,1,6,19,4,10,15
17,54,2026,1,6,1,5,5,15
18,0,2026,1,6,1,6,0,21
18,5,2026,1,6,19,3,0,24
18,9,2026,1,6,15,3,2,25
18,14,2026,1,6,13,2,4,23
18,20,2026,1,6,12,19,18,24
18,26,2026,1,6,14,5,8,21
18,31,2026,1,6,12,24,5,40
18,38,2026,1,6,13,5,3,42
18,42,2026,1,6,15,4,9,37
18,48,2026,1,6,19,4,16,25
18,54,2026,1,6,1,5,8,22
19,0,2026,1,6,1,2,0,24
19,5,2026,1,6,19,2,1,25
19,9,2026,1,6,15,5,1,29
19,14,2026,1,6,13,6,2,33
19,20,2026,1,6,12,26,20,39
19,26,2026,1,6,14,2,18,23
19,31,2026,1,6,12,11,2,32
19,38,2026,1,6,13,6,6,32
19,42,2026,1,6,15,3,11,24
19,48,2026,1,6,19,3,9,18
19,54,2026,1,6,1,5,6,17
20,0,2026,1,6,1,3,0,20
20,5,2026,1,6,19,4,1,23
20,9,2026,1,6,15,4,2,25
20,14,2026,1,6,13,4,2,27
20,20,2026,1,6,12,36,17,46
20,26,2026,1,6,14,3,11,38
20,31,2026,1,6,12,16,3,51
20,38,2026,1,6,13,4,8,47
20,42,2026,1,6,15,6,5,48
20,48,2026,1,6,19,2,16,34
20,54,2026,1,6,1,6,20,20
21,0,2026,1,6,1,5,0,25
21,5,2026,1,6,19,3,1,27
21,9,2026,1,6,15,5,1,31
21,14,2026,1,6,13,5,1,35
21,20,2026,1,6,12,24,22,37
21,26,2026,1,6,14,2,13,26
21,31,2026,1,6,12,17,0,43
21,38,2026,1,6,13,5,9,39
21,42,2026,1,6,15,4,9,34
21,48,2026,1,6,19,4,12,26
21,54,2026,1,6,1,6,11,21
22,0,2026,1,6,1,4,0,25
22,5,2026,1,6,19,6,1,30
22,9,2026,1,6,15,3,5,28
22,14,2026,1,6,13,2,2,28
22,20,2026,1,6,12,36,20,44
22,26,2026,1,6,14,6,14,36
22,31,2026,1,6,12,24,4,56
22,38,2026,1,6,13,5,10,51
22,42,2026,1,6,15,4,15,40
22,48,2026,1,6,19,2,14,28
22,54,2026,1,6,1,4,12,20
23,0,2026,1,6,1,4,0,24
23,5,2026,1,6,19,4,0,28
23,9,2026,1,6,15,3,0,31
23,14,2026,1,6,13,5,3,33
23,20,2026,1,6,12,8,16,25
23,26,2026,1,6,14,4,13,16
23,31,2026,1,6,12,32,2,46
23,38,2026,1,6,13,4,12,38
23,42,2026,1,6,15,5,13,30
23,48,2026,1,6,19,5,16,19
23,54,2026,1,6,1,0,19,0
6,0,2026,1,7,1,6,0,6
6,5,2026,1,7,19,5,0,11
6,9,2026,1,7,15,22,2,31
6,14,2026,1,7,13,3,4,30
6,20,2026,1,7,12,30,21,39
6,26,2026,1,7,14,12,10,41
6,31,2026,1,7,12,33,8,66
6,38,2026,1,7,13,3,12,57
6,42,2026,1,7,15,12,10,59
6,48,2026,1,7,19,4,16,47
6,54,2026,1,7,1,2,21,28
7,0,2026,1,7,1,3,0,31
7,5,2026,1,7,19,5,0,36
7,9,2026,1,7,15,5,1,40
7,14,2026,1,7,13,2,12,30
7,20,2026,1,7,12,26,14,42
7,26,2026,1,7,14,19,11,50
7,31,2026,1,7,12,20,4,66
7,38,2026,1,7,13,5,24,47
7,42,2026,1,7,15,17,5,59
7,48,2026,1,7,19,2,20,41
7,54,2026,1,7,1,2,20,23
8,0,2026,1,7,1,3,0,26
8,5,2026,1,7,19,4,1,29
8,9,2026,1,7,15,9,0,38
8,14,2026,1,7,13,5,14,29
8,20,2026,1,7,12,21,15,35
8,26,2026,1,7,14,12,3,44
8,31,2026,1,7,12,12,2,54
8,38,2026,1,7,13,1,13,42
8,42,2026,1,7,15,13,2,53
8,48,2026,1,7,19,2,23,32
8,54,2026,1,7,1,4,20,16
9,0,2026,1,7,1,1,0,17
9,5,2026,1,7,19,1,1,17
9,9,2026,1,7,15,5,0,22
9,14,2026,1,7,13,2,13,11
9,20,2026,1,7,12,29,5,35
9,26,2026,1,7,14,5,3,37
9,31,2026,1,7,12,28,1,64
9,38,2026,1,7,13,5,20,49
9,42,2026,1,7,15,6,1,54
9,48,2026,1,7,19,3,20,37
9,54,2026,1,7,1,1,23,15
10,0,2026,1,7,1,2,0,17
10,5,2026,1,7,19,5,0,22
10,9,2026,1,7,15,6,0,28
10,14,2026,1,7,13,4,0,32
10,20,2026,1,7,12,26,22,36
10,26,2026,1,7,14,4,13,27
10,31,2026,1,7,12,27,2,52
10,38,2026,1,7,13,2,7,47
10,42,2026,1,7,15,3,14,36
10,48,2026,1,7,19,6,12,30
10,54,2026,1,7,1,3,16,17
11,0,2026,1,7,1,6,0,23
11,5,2026,1,7,19,3,2,24
11,9,2026,1,7,15,3,0,27
11,14,2026,1,7,13,6,4,29
11,20,2026,1,7,12,16,19,26
11,26,2026,1,7,14,6,10,22
11,31,2026,1,7,12,8,4,26
11,38,2026,1,7,13,3,4,25
11,42,2026,1,7,15,3,7,21
11,48,2026,1,7,19,5,5,21
11,54,2026,1,7,1,3,10,14
12,0,2026,1,7,1,3,0,17
12,5,2026,1,7,19,4,0,21
12,9,2026,1,7,15,5,2,24
12,14,2026,1,7,13,5,1,28
12,20,2026,1,7,12,34,18,44
12,26,2026,1,7,14,5,15,34
12,31,2026,1,7,12,34,2,66
12,38,2026,1,7,13,4,16,54
12,42,2026,1,7,15,2,12,44
12,48,2026,1,7,19,6,12,38
12,54,2026,1,7,1,3,20,21
13,0,2026,1,7,1,29,0,50
13,5,2026,1,7,19,8,2,56
13,9,2026,1,7,15,6,7,55
13,14,2026,1,7,13,15,4,66
13,20,2026,1,7,12,24,31,59
13,26,2026,1,7,14,6,23,42
13,31,2026,1,7,12,18,5,55
13,38,2026,1,7,13,7,3,59
13,42,2026,1,7,15,4,20,43
13,48,2026,1,7,19,22,14,51
13,54,2026,1,7,1,15,13,53
14,0,2026,1,7,1,13,0,66
14,5,2026,1,7,19,2,2,66
14,9,2026,1,7,15,2,17,51
14,14,2026,1,7,13,20,5,66
14,20,2026,1,7,12,24,24,66
14,26,2026,1,7,14,6,21,51
14,31,2026,1,7,12,19,4,66
14,38,2026,1,7,13,5,5,66
14,42,2026,1,7,15,4,24,46
14,48,2026,1,7,19,22,22,46
14,54,2026,1,7,1,19,16,49
15,0,2026,1,7,1,17,0,66
15,5,2026,1,7,19,3,3,66
15,9,2026,1,7,15,3,10,59
15,14,2026,1,7,13,12,8,63
15,20,2026,1,7,12,26,31,58
15,26,2026,1,7,14,5,20,43
15,31,2026,1,7,12,27,4,66
15,38,2026,1,7,13,6,6,66
15,42,2026,1,7,15,4,19,51
15,48,2026,1,7,19,10,16,45
15,54,2026,1,7,1,7,19,33
16,0,2026,1,7,1,3,0,36
16,5,2026,1,7,19,3,1,38
16,9,2026,1,7,15,5,5,38
16,14,2026,1,7,13,3,3,38
16,20,2026,1,7,12,28,20,46
16,26,2026,1,7,14,4,16,34
16,31,2026,1,7,12,28,1,61
16,38,2026,1,7,13,2,5,58
16,42,2026,1,7,15,3,12,49
16,48,2026,1,7,19,6,20,35
16,54,2026,1,7,1,6,11,30
17,0,2026,1,7,1,4,0,34
17,5,2026,1,7,19,4,1,37
17,9,2026,1,7,15,6,1,42
17,14,2026,1,7,13,3,2,43
17,20,2026,1,7,12,18,22,39
17,26,2026,1,7,14,6,19,26
17,31,2026,1,7,12,15,4,37
17,38,2026,1,7,13,4,4,37
17,42,2026,1,7,15,2,10,29
17,48,2026,1,7,19,5,7,27
17,54,2026,1,7,1,2,13,16
18,0,2026,1,7,1,6,0,22
18,5,2026,1,7,19,3,1,24
18,9,2026,1,7,15,6,1,29
18,14,2026,1,7,13,6,1,34
18,20,2026,1,7,12,34,25,43
18,26,2026,1,7,14,4,11,36
18,31,2026,1,7,12,33,3,66
18,38,2026,1,7,13,4,13,57
18,42,2026,1,7,15,4,20,41
18,48,2026,1,7,19,4,13,32
18,54,2026,1,7,1,4,14,22
19,0,2026,1,7,1,6,0,28
19,5,2026,1,7,19,5,3,30
19,9,2026,1,7,15,4,2,32
19,14,2026,1,7,13,6,3,35
19,20,2026,1,7,12,17,24,28
19,26,2026,1,7,14,5,16,17
19,31,2026,1,7,12,26,3,40
19,38,2026,1,7,13,3,10,33
19,42,2026,1,7,15,3,11,25
19,48,2026,1,7,19,6,8,23
19,54,2026,1,7,1,3,10,16
20,0,2026,1,7,1,3,0,19
20,5,2026,1,7,19,2,1,20
20,9,2026,1,7,15,2,1,21
20,14,2026,1,7,13,6,2,25
20,20,2026,1,7,12,15,18,22
20,26,2026,1,7,14,6,9,19
20,31,2026,1,7,12,16,5,30
20,38,2026,1,7,13,2,6,26
20,42,2026,1,7,15,5,14,17
20,48,2026,1,7,19,4,6,15
20,54,2026,1,7,1,6,5,16
21,0,2026,1,7,1,5,0,21
21,5,2026,1,7,19,3,2,22
21,9,2026,1,7,15,5,2,25
21,14,2026,1,7,13,5,2,28
21,20,2026,1,7,12,20,16,32
21,26,2026,1,7,14,5,11,26
21,31,2026,1,7,12,9,4,31
21,38,2026,1,7,13,6,5,32
21,42,2026,1,7,15,2,8,26
21,48,2026,1,7,19,6,6,26
21,54,2026,1,7,1,5,13,18
22,0,2026,1,7,1,6,0,24
22,5,2026,1,7,19,6,1,29
22,9,2026,1,7,15,5,1,33
22,14,2026,1,7,13,2,4,31
22,20,2026,1,7,12,20,19,32
22,26,2026,1,7,14,6,11,27
22,31,2026,1,7,12,14,3,38
22,38,2026,1,7,13,4,6,36
22,42,2026,1,7,15,5,10,31
22,48,2026,1,7,19,3,10,24
22,54,2026,1,7,1,2,14,12
23,0,2026,1,7,1,3,0,15
23,5,2026,1,7,19,2,0,17
23,9,2026,1,7,15,2,0,19
23,14,2026,1,7,13,4,3,20
23,20,2026,1,7,12,25,14,31
23,26,2026,1,7,14,5,9,27
23,31,2026,1,7,12,10,3,34
23,38,2026,1,7,13,5,7,32
23,42,2026,1,7,15,3,8,27
23,48,2026,1,7,19,2,12,17
23,54,2026,1,7,1,0,17,0
6,0,2026,1,8,1,5,0,5
6,5,2026,1,8,19,5,0,10
6,9,2026,1,8,15,9,2,17
6,14,2026,1,8,13,5,2,20
6,20,2026,1,8,12,25,15,30
6,26,2026,1,8,14,14,8,36
6,31,2026,1,8,12,34,10,60
6,38,2026,1,8,13,4,17,47
6,42,2026,1,8,15,6,7,46
6,48,2026,1,8,19,2,21,27
6,54,2026,1,8,1,3,11,19
7,0,2026,1,8,1,1,0,20
7,5,2026,1,8,19,5,1,24
7,9,2026,1,8,15,11,0,35
7,14,2026,1,8,13,3,9,29
7,20,2026,1,8,12,35,12,52
7,26,2026,1,8,14,12,7,57
7,31,2026,1,8,12,12,3,66
7,38,2026,1,8,13,5,22,49
7,42,2026,1,8,15,5,2,52
7,48,2026,1,8,19,1,23,30
7,54,2026,1,8,1,1,21,10
8,0,2026,1,8,1,3,0,13
8,5,2026,1,8,19,4,2,15
8,9,2026,1,8,15,8,0,23
8,14,2026,1,8,13,2,9,16
8,20,2026,1,8,12,19,6,29
8,26,2026,1,8,14,18,4,43
8,31,2026,1,8,12,24,6,61
8,38,2026,1,8,13,4,16,49
8,42,2026,1,8,15,19,2,66
8,48,2026,1,8,19,4,21,49
8,54,2026,1,8,1,4,27,26
9,0,2026,1,8,1,4,0,30
9,5,2026,1,8,19,1,2,29
9,9,2026,1,8,15,6,0,35
9,14,2026,1,8,13,2,11,26
9,20,2026,1,8,12,19,18,27
9,26,2026,1,8,14,6,3,30
9,31,2026,1,8,12,19,3,46
9,38,2026,1,8,13,4,12,38
9,42,2026,1,8,15,6,2,42
9,48,2026,1,8,19,3,18,27
9,54,2026,1,8,1,2,20,9
10,0,2026,1,8,1,5,0,14
10,5,2026,1,8,19,5,0,19
10,9,2026,1,8,15,6,2,23
10,14,2026,1,8,13,6,1,28
10,20,2026,1,8,12,8,21,15
10,26,2026,1,8,14,4,8,11
10,31,2026,1,8,12,32,4,39
10,38,2026,1,8,13,4,5,38
10,42,2026,1,8,15,4,5,37
10,48,2026,1,8,19,5,12,30
10,54,2026,1,8,1,3,16,17
11,0,2026,1,8,1,4,0,21
11,5,2026,1,8,19,2,2,21
11,9,2026,1,8,15,4,0,25
11,14,2026,1,8,13,2,3,24
11,20,2026,1,8,12,31,14,41
11,26,2026,1,8,14,6,15,32
11,31,2026,1,8,12,28,2,58
11,38,2026,1,8,13,4,11,51
11,42,2026,1,8,15,3,13,41
11,48,2026,1,8,19,5,16,30
11,54,2026,1,8,1,5,18,17
12,0,2026,1,8,1,6,0,23
12,5,2026,1,8,19,4,1,26
12,9,2026,1,8,15,4,3,27
12,14,2026,1,8,13,5,5,27
12,20,2026,1,8,12,11,23,15
12,26,2026,1,8,14,3,2,16
12,31,2026,1,8,12,19,1,34
12,38,2026,1,8,13,3,1,36
12,42,2026,1,8,15,2,6,32
12,48,2026,1,8,19,5,12,25
12,54,2026,1,8,1,5,12,18
13,0,2026,1,8,1,9,0,27
13,5,2026,1,8,19,17,1,43
13,9,2026,1,8,15,3,3,43
13,14,2026,1,8,13,23,2,64
13,20,2026,1,8,12,27,25,66
13,26,2026,1,8,14,5,24,47
13,31,2026,1,8,12,12,4,55
13,38,2026,1,8,13,10,12,53
13,42,2026,1,8,15,5,19,39
13,48,2026,1,8,19,8,14,33
13,54,2026,1,8,1,18,10,41
14,0,2026,1,8,1,19,0,60
14,5,2026,1,8,19,10,4,66
14,9,2026,1,8,15,6,12,60
14,14,2026,1,8,13,16,10,66
14,20,2026,1,8,12,23,29,60
14,26,2026,1,8,14,4,22,42
14,31,2026,1,8,12,27,3,66
14,38,2026,1,8,13,9,9,66
14,42,2026,1,8,15,3,20,49
14,48,2026,1,8,19,16,18,47
14,54,2026,1,8,1,16,19,44
15,0,2026,1,8,1,15,0,59
15,5,2026,1,8,19,12,5,66
15,9,2026,1,8,15,3,19,50
15,14,2026,1,8,13,16,7,59
15,20,2026,1,8,12,18,22,55
15,26,2026,1,8,14,2,22,35
15,31,2026,1,8,12,17,1,51
15,38,2026,1,8,13,11,7,55
15,42,2026,1,8,15,2,16,41
15,48,2026,1,8,19,14,11,44
15,54,2026,1,8,1,28,16,56
16,0,2026,1,8,1,5,0,61
16,5,2026,1,8,19,2,9,54
16,9,2026,1,8,15,4,8,50
16,14,2026,1,8,13,5,8,47
16,20,2026,1,8,12,21,22,46
16,26,2026,1,8,14,6,22,30
16,31,2026,1,8,12,14,5,39
16,38,2026,1,8,13,5,8,36
16,42,2026,1,8,15,3,9,30
16,48,2026,1,8,19,6,9,27
16,54,2026,1,8,1,4,10,21
17,0,2026,1,8,1,5,0,26
17,5,2026,1,8,19,2,2,26
17,9,2026,1,8,15,4,0,30
17,14,2026,1,8,13,4,4,30
17,20,2026,1,8,12,31,21,40
17,26,2026,1,8,14,5,12,33
17,31,2026,1,8,12,32,3,62
17,38,2026,1,8,13,6,12,56
17,42,2026,1,8,15,4,13,47
17,48,2026,1,8,19,5,20,32
17,54,2026,1,8,1,2,13,21
18,0,2026,1,8,1,3,0,24
18,5,2026,1,8,19,6,2,28
18,9,2026,1,8,15,4,0,32
18,14,2026,1,8,13,2,1,33
18,20,2026,1,8,12,14,20,27
18,26,2026,1,8,14,6,13,20
18,31,2026,1,8,12,27,4,43
18,38,2026,1,8,13,5,10,38
18,42,2026,1,8,15,3,12,29
18,48,2026,1,8,19,5,9,25
18,54,2026,1,8,1,2,11,16
19,0,2026,1,8,1,5,0,21
19,5,2026,1,8,19,5,2,24
19,9,2026,1,8,15,2,2,24
19,14,2026,1,8,13,4,2,26
19,20,2026,1,8,12,32,18,40
19,26,2026,1,8,14,6,12,34
19,31,2026,1,8,12,29,4,59
19,38,2026,1,8,13,5,14,50
19,42,2026,1,8,15,5,14,41
19,48,2026,1,8,19,6,16,31
19,54,2026,1,8,1,5,11,25
20,0,2026,1,8,1,4,0,29
20,5,2026,1,8,19,4,0,33
20,9,2026,1,8,15,2,2,33
20,14,2026,1,8,13,6,2,37
20,20,2026,1,8,12,25,20,42
20,26,2026,1,8,14,5,20,27
20,31,2026,1,8,12,29,3,53
20,38,2026,1,8,13,2,6,49
20,42,2026,1,8,15,4,14,39
20,48,2026,1,8,19,3,14,28
20,54,2026,1,8,1,5,16,17
21,0,2026,1,8,1,2,0,19
21,5,2026,1,8,19,5,1,23
21,9,2026,1,8,15,3,0,26
21,14,2026,1,8,13,5,5,26
21,20,2026,1,8,12,19,17,28
21,26,2026,1,8,14,5,12,21
21,31,2026,1,8,12,27,2,46
21,38,2026,1,8,13,6,11,41
21,42,2026,1,8,15,2,7,36
21,48,2026,1,8,19,5,15,26
21,54,2026,1,8,1,5,9,22
22,0,2026,1,8,1,3,0,25
22,5,2026,1,8,19,2,2,25
22,9,2026,1,8,15,6,1,30
22,14,2026,1,8,13,6,1,35
22,20,2026,1,8,12,18,24,29
22,26,2026,1,8,14,3,14,18
22,31,2026,1,8,12,17,1,34
22,38,2026,1,8,13,4,3,35
22,42,2026,1,8,15,3,14,24
22,48,2026,1,8,19,2,6,20
22,54,2026,1,8,1,6,11,15
23,0,2026,1,8,1,5,0,20
23,5,2026,1,8,19,5,1,24
23,9,2026,1,8,15,2,0,26
23,14,2026,1,8,13,4,1,29
23,20,2026,1,8,12,23,20,32
23,26,2026,1,8,14,2,8,26
23,31,2026,1,8,12,36,2,60
23,38,2026,1,8,13,5,14,51
23,42,2026,1,8,15,3,19,35
23,48,2026,1,8,19,3,19,19
23,54,2026,1,8,1,0,19,0
6,0,2026,1,9,1,5,0,5
6,5,2026,1,9,19,5,1,9
6,9,2026,1,9,15,19,1,27
6,14,2026,1,9,13,3,3,27
6,20,2026,1,9,12,14,23,18
6,26,2026,1,9,14,6,2,22
6,31,2026,1,9,12,23,2,43
6,38,2026,1,9,13,5,7,41
6,42,2026,1,9,15,18,10,49
6,48,2026,1,9,19,2,10,41
6,54,2026,1,9,1,6,14,33
7,0,2026,1,9,1,3,0,36
7,5,2026,1,9,19,1,2,35
7,9,2026,1,9,15,18,2,51
7,14,2026,1,9,13,4,16,39
7,20,2026,1,9,12,12,21,30
7,26,2026,1,9,14,6,7,29
7,31,2026,1,9,12,28,1,56
7,38,2026,1,9,13,1,19,38
7,42,2026,1,9,15,12,1,49
7,48,2026,1,9,19,1,20,30
7,54,2026,1,9,1,1,23,8
8,0,2026,1,9,1,2,0,10
8,5,2026,1,9,19,2,1,11
8,9,2026,1,9,15,8,0,19
8,14,2026,1,9,13,3,8,14
8,20,2026,1,9,12,24,3,35
8,26,2026,1,9,14,13,3,45
8,31,2026,1,9,12,21,0,66
8,38,2026,1,9,13,2,20,48
8,42,2026,1,9,15,15,2,61
8,48,2026,1,9,19,3,21,43
8,54,2026,1,9,1,2,21,24
9,0,2026,1,9,1,3,0,27
9,5,2026,1,9,19,5,2,30
9,9,2026,1,9,15,3,0,33
9,14,2026,1,9,13,1,13,21
9,20,2026,1,9,12,34,15,40
9,26,2026,1,9,14,5,3,42
9,31,2026,1,9,12,26,2,66
9,38,2026,1,9,13,2,17,51
9,42,2026,1,9,15,6,2,55
9,48,2026,1,9,19,2,27,30
9,54,2026,1,9,1,2,20,12
10,0,2026,1,9,1,6,0,18
10,5,2026,1,9,19,4,1,21
10,9,2026,1,9,15,4,2,23
10,14,2026,1,9,13,6,0,29
10,20,2026,1,9,12,26,21,34
10,26,2026,1,9,14,2,9,27
10,31,2026,1,9,12,33,1,59
10,38,2026,1,9,13,2,9,52
10,42,2026,1,9,15,2,12,42
10,48,2026,1,9,19,3,17,28
10,54,2026,1,9,1,6,10,24
11,0,2026,1,9,1,6,0,30
11,5,2026,1,9,19,2,1,31
11,9,2026,1,9,15,2,3,30
11,14,2026,1,9,13,4,2,32
11,20,2026,1,9,12,10,18,24
11,26,2026,1,9,14,6,15,15
11,31,2026,1,9,12,8,5,18
11,38,2026,1,9,13,2,4,16
11,42,2026,1,9,15,4,2,18
11,48,2026,1,9,19,2,4,16
11,54,2026,1,9,1,2,9,9
12,0,2026,1,9,1,6,0,15
12,5,2026,1,9,19,3,0,18
12,9,2026,1,9,15,6,1,23
12,14,2026,1,9,13,3,2,24
12,20,2026,1,9,12,23,16,31
12,26,2026,1,9,14,3,13,21
12,31,2026,1,9,12,20,1,40
12,38,2026,1,9,13,4,9,35
12,42,2026,1,9,15,5,6,34
12,48,2026,1,9,19,2,9,27
12,54,2026,1,9,1,2,11,18
13,0,2026,1,9,1,29,0,47
13,5,2026,1,9,19,19,0,66
13,9,2026,1,9,15,4,8,62
13,14,2026,1,9,13,8,4,66
13,20,2026,1,9,12,27,33,60
13,26,2026,1,9,14,4,28,36
13,31,2026,1,9,12,24,3,57
13,38,2026,1,9,13,14,5,66
13,42,2026,1,9,15,6,12,60
13,48,2026,1,9,19,20,14,66
13,54,2026,1,9,1,20,20,66
14,0,2026,1,9,1,22,0,88
14,5,2026,1,9,19,16,3,101
14,9,2026,1,9,15,3,22,82
14,14,2026,1,9,13,31,15,98
14,20,2026,1,9,12,2,34,66
14,26,2026,1,9,14,6,25,47
14,31,2026,1,9,12,13,3,57
14,38,2026,1,9,13,11,2,66
14,42,2026,1,9,15,3,20,49
14,48,2026,1,9,19,11,18,42
14,54,2026,1,9,1,28,15,55
15,0,2026,1,9,1,7,0,62
15,5,2026,1,9,19,9,5,66
15,9,2026,1,9,15,4,7,63
15,14,2026,1,9,13,8,5,66
15,20,2026,1,9,12,29,38,57
15,26,2026,1,9,14,6,28,35
15,31,2026,1,9,12,27,5,57
15,38,2026,1,9,13,7,8,56
15,42,2026,1,9,15,3,14,45
15,48,2026,1,9,19,20,14,51
15,54,2026,1,9,1,23,15,59
16,0,2026,1,9,1,4,0,63
16,5,2026,1,9,19,6,6,63
16,9,2026,1,9,15,6,10,59
16,14,2026,1,9,13,4,6,57
16,20,2026,1,9,12,34,28,63
16,26,2026,1,9,14,4,20,47
16,31,2026,1,9,12,17,1,63
16,38,2026,1,9,13,4,14,53
16,42,2026,1,9,15,5,11,47
16,48,2026,1,9,19,2,14,35
16,54,2026,1,9,1,4,19,20
17,0,2026,1,9,1,2,0,22
17,5,2026,1,9,19,4,0,26
17,9,2026,1,9,15,6,1,31
17,14,2026,1,9,13,5,2,34
17,20,2026,1,9,12,11,21,24
17,26,2026,1,9,14,5,10,19
17,31,2026,1,9,12,18,3,34
17,38,2026,1,9,13,4,7,31
17,42,2026,1,9,15,3,10,24
17,48,2026,1,9,19,5,6,23
17,54,2026,1,9,1,3,11,15
18,0,2026,1,9,1,2,0,17
18,5,2026,1,9,19,4,1,20
18,9,2026,1,9,15,3,1,22
18,14,2026,1,9,13,5,2,25
18,20,2026,1,9,12,13,15,23
18,26,2026,1,9,14,3,10,16
18,31,2026,1,9,12,13,3,26
18,38,2026,1,9,13,2,6,22
18,42,2026,1,9,15,2,3,21
18,48,2026,1,9,19,2,6,17
18,54,2026,1,9,1,3,9,11
19,0,2026,1,9,1,3,0,14
19,5,2026,1,9,19,3,1,16
19,9,2026,1,9,15,2,0,18
19,14,2026,1,9,13,3,2,19
19,20,2026,1,9,12,21,13,27
19,26,2026,1,9,14,5,15,17
19,31,2026,1,9,12,11,3,25
19,38,2026,1,9,13,5,2,28
19,42,2026,1,9,15,3,7,24
19,48,2026,1,9,19,4,7,21
19,54,2026,1,9,1,3,9,15
20,0,2026,1,9,1,4,0,19
20,5,2026,1,9,19,6,0,25
20,9,2026,1,9,15,2,3,24
20,14,2026,1,9,13,5,3,26
20,20,2026,1,9,12,20,20,26
20,26,2026,1,9,14,2,9,19
20,31,2026,1,9,12,34,0,53
20,38,2026,1,9,13,6,11,48
20,42,2026,1,9,15,4,11,41
20,48,2026,1,9,19,2,13,30
20,54,2026,1,9,1,2,9,23
21,0,2026,1,9,1,2,0,25
21,5,2026,1,9,19,3,1,27
21,9,2026,1,9,15,4,1,30
21,14,2026,1,9,13,6,1,35
21,20,2026,1,9,12,33,21,47
21,26,2026,1,9,14,2,15,34
21,31,2026,1,9,12,32,2,64
21,38,2026,1,9,13,2,11,55
21,42,2026,1,9,15,4,16,43
21,48,2026,1,9,19,2,14,31
21,54,2026,1,9,1,6,13,24
22,0,2026,1,9,1,3,0,27
22,5,2026,1,9,19,6,0,33
22,9,2026,1,9,15,4,3,34
22,14,2026,1,9,13,6,2,38
22,20,2026,1,9,12,12,23,27
22,26,2026,1,9,14,2,16,13
22,31,2026,1,9,12,19,2,30
22,38,2026,1,9,13,2,8,24
22,42,2026,1,9,15,3,9,18
22,48,2026,1,9,19,3,3,18
22,54,2026,1,9,1,6,9,15
23,0,2026,1,9,1,2,0,17
23,5,2026,1,9,19,2,2,17
23,9,2026,1,9,15,3,2,18
23,14,2026,1,9,13,2,2,18
23,20,2026,1,9,12,8,13,13
23,26,2026,1,9,14,3,6,10
23,31,2026,1,9,12,24,2,32
23,38,2026,1,9,13,3,12,23
23,42,2026,1,9,15,2,8,17
23,48,2026,1,9,19,6,10,13
23,54,2026,1,9,1,0,13,0
6,0,2026,1,10,1,4,0,4
6,5,2026,1,10,19,5,0,9
6,9,2026,1,10,15,12,3,18
6,14,2026,1,10,13,2,1,19
6,20,2026,1,10,12,20,14,25
6,26,2026,1,10,14,21,9,37
6,31,2026,1,10,12,25,12,50
6,38,2026,1,10,13,6,7,49
6,42,2026,1,10,15,15,8,56
6,48,2026,1,10,19,6,17,45
6,54,2026,1,10,1,6,15,36
7,0,2026,1,10,1,2,0,38
7,5,2026,1,10,19,5,4,39
7,9,2026,1,10,15,11,2,48
7,14,2026,1,10,13,1,19,30
7,20,2026,1,10,12,18,16,32
7,26,2026,1,10,14,7,6,33
7,31,2026,1,10,12,23,1,55
7,38,2026,1,10,13,5,11,49
7,42,2026,1,10,15,17,0,66
7,48,2026,1,10,19,1,23,44
7,54,2026,1,10,1,3,24,23
8,0,2026,1,10,1,4,0,27
8,5,2026,1,10,19,1,1,27
8,9,2026,1,10,15,13,1,39
8,14,2026,1,10,13,5,17,27
8,20,2026,1,10,12,30,10,47
8,26,2026,1,10,14,19,5,61
8,31,2026,1,10,12,9,4,66
8,38,2026,1,10,13,2,20,48
8,42,2026,1,10,15,14,2,60
8,48,2026,1,10,19,3,23,40
8,54,2026,1,10,1,1,21,20
9,0,2026,1,10,1,4,0,24
9,5,2026,1,10,19,4,1,27
9,9,2026,1,10,15,4,2,29
9,14,2026,1,10,13,3,16,16
9,20,2026,1,10,12,10,12,14
9,26,2026,1,10,14,3,0,17
9,31,2026,1,10,12,28,0,45
9,38,2026,1,10,13,2,14,33
9,42,2026,1,10,15,6,1,38
9,48,2026,1,10,19,3,15,26
9,54,2026,1,10,1,4,19,11
10,0,2026,1,10,1,5,0,16
10,5,2026,1,10,19,5,1,20
10,9,2026,1,10,15,4,3,21
10,14,2026,1,10,13,2,0,23
10,20,2026,1,10,12,31,16,38
10,26,2026,1,10,14,5,9,34
10,31,2026,1,10,12,14,2,46
10,38,2026,1,10,13,5,8,43
10,42,2026,1,10,15,6,12,37
10,48,2026,1,10,19,5,17,25
10,54,2026,1,10,1,3,12,16
11,0,2026,1,10,1,5,0,21
11,5,2026,1,10,19,3,5,19
11,9,2026,1,10,15,4,2,21
11,14,2026,1,10,13,3,0,24
11,20,2026,1,10,12,29,18,35
11,26,2026,1,10,14,3,9,29
11,31,2026,1,10,12,17,2,44
11,38,2026,1,10,13,3,6,41
11,42,2026,1,10,15,3,7,37
11,48,2026,1,10,19,5,18,24
11,54,2026,1,10,1,6,9,21
12,0,2026,1,10,1,3,0,24
12,5,2026,1,10,19,6,0,30
12,9,2026,1,10,15,2,4,28
12,14,2026,1,10,13,3,3,28
12,20,2026,1,10,12,22,16,34
12,26,2026,1,10,14,2,17,19
12,31,2026,1,10,12,10,1,28
12,38,2026,1,10,13,6,5,29
12,42,2026,1,10,15,4,5,28
12,48,2026,1,10,19,2,9,21
12,54,2026,1,10,1,3,9,15
13,0,2026,1,10,1,20,0,35
13,5,2026,1,10,19,21,1,55
13,9,2026,1,10,15,5,6,54
13,14,2026,1,10,13,15,6,63
13,20,2026,1,10,12,26,23,66
13,26,2026,1,10,14,4,25,45
13,31,2026,1,10,12,23,2,66
13,38,2026,1,10,13,14,14,66
13,42,2026,1,10,15,2,21,47
13,48,2026,1,10,19,19,7,59
13,54,2026,1,10,1,27,20,66
14,0,2026,1,10,1,8,0,74
14,5,2026,1,10,19,29,8,95
14,9,2026,1,10,15,3,20,78
14,14,2026,1,10,13,6,18,66
14,20,2026,1,10,12,24,24,66
14,26,2026,1,10,14,5,32,39
14,31,2026,1,10,12,11,4,46
14,38,2026,1,10,13,27,7,66
14,42,2026,1,10,15,4,12,58
14,48,2026,1,10,19,16,16,58
14,54,2026,1,10,1,15,16,57
15,0,2026,1,10,1,9,0,66
15,5,2026,1,10,19,3,3,66
15,9,2026,1,10,15,5,15,56
15,14,2026,1,10,13,14,11,59
15,20,2026,1,10,12,24,20,63
15,26,2026,1,10,14,2,21,44
15,31,2026,1,10,12,10,1,53
15,38,2026,1,10,13,15,9,59
15,42,2026,1,10,15,4,19,44
15,48,2026,1,10,19,19,12,51
15,54,2026,1,10,1,15,11,55
16,0,2026,1,10,1,5,0,60
16,5,2026,1,10,19,4,9,55
16,9,2026,1,10,15,6,5,56
16,14,2026,1,10,13,5,9,52
16,20,2026,1,10,12,14,28,38
16,26,2026,1,10,14,6,17,27
16,31,2026,1,10,12,36,4,59
16,38,2026,1,10,13,3,11,51
16,42,2026,1,10,15,5,5,51
16,48,2026,1,10,19,5,21,35
16,54,2026,1,10,1,2,14,23
17,0,2026,1,10,1,3,0,26
17,5,2026,1,10,19,6,0,32
17,9,2026,1,10,15,3,1,34
17,14,2026,1,10,13,5,2,37
17,20,2026,1,10,12,13,22,28
17,26,2026,1,10,14,4,19,13
17,31,2026,1,10,12,20,4,29
17,38,2026,1,10,13,3,7,25
17,42,2026,1,10,15,2,7,20
17,48,2026,1,10,19,3,9,14
17,54,2026,1,10,1,6,6,14
18,0,2026,1,10,1,6,0,20
18,5,2026,1,10,19,3,0,23
18,9,2026,1,10,15,6,5,24
18,14,2026,1,10,13,2,3,23
18,20,2026,1,10,12,32,16,39
18,26,2026,1,10,14,4,6,37
18,31,2026,1,10,12,13,3,47
18,38,2026,1,10,13,3,12,38
18,42,2026,1,10,15,5,10,33
18,48,2026,1,10,19,6,11,28
18,54,2026,1,10,1,3,13,18
19,0,2026,1,10,1,5,0,23
19,5,2026,1,10,19,4,1,26
19,9,2026,1,10,15,2,0,28
19,14,2026,1,10,13,4,3,29
19,20,2026,1,10,12,17,21,25
19,26,2026,1,10,14,2,8,19
19,31,2026,1,10,12,19,1,37
19,38,2026,1,10,13,3,6,34
19,42,2026,1,10,15,2,4,32
19,48,2026,1,10,19,6,12,26
19,54,2026,1,10,1,6,12,20
20,0,2026,1,10,1,2,0,22
20,5,2026,1,10,19,4,1,25
20,9,2026,1,10,15,5,2,28
20,14,2026,1,10,13,5,3,30
20,20,2026,1,10,12,16,22,24
20,26,2026,1,10,14,6,9,21
20,31,2026,1,10,12,18,3,36
20,38,2026,1,10,13,2,10,28
20,42,2026,1,10,15,3,7,24
20,48,2026,1,10,19,3,8,19
20,54,2026,1,10,1,3,8,14
21,0,2026,1,10,1,4,0,18
21,5,2026,1,10,19,6,0,24
21,9,2026,1,10,15,6,3,27
21,14,2026,1,10,13,3,2,28
21,20,2026,1,10,12,12,17,23
21,26,2026,1,10,14,3,9,17
21,31,2026,1,10,12,24,2,39
21,38,2026,1,10,13,6,11,34
21,42,2026,1,10,15,6,2,38
21,48,2026,1,10,19,3,12,29
21,54,2026,1,10,1,6,11,24
22,0,2026,1,10,1,4,0,28
22,5,2026,1,10,19,2,0,30
22,9,2026,1,10,15,5,1,34
22,14,2026,1,10,13,6,3,37
22,20,2026,1,10,12,19,20,36
22,26,2026,1,10,14,5,14,27
22,31,2026,1,10,12,9,3,33
22,38,2026,1,10,13,3,6,30
22,42,2026,1,10,15,5,10,25
22,48,2026,1,10,19,2,9,18
22,54,2026,1,10,1,4,9,13
23,0,2026,1,10,1,2,0,15
23,5,2026,1,10,19,2,0,17
23,9,2026,1,10,15,5,3,19
23,14,2026,1,10,13,2,5,16
23,20,2026,1,10,12,10,13,13
23,26,2026,1,10,14,5,3,15
23,31,2026,1,10,12,12,3,24
23,38,2026,1,10,13,4,4,24
23,42,2026,1,10,15,3,7,20
23,48,2026,1,10,19,5,11,14
23,54,2026,1,10,1,0,14,0
6,0,2026,1,11,1,4,0,4
6,5,2026,1,11,19,4,0,8
6,9,2026,1,11,15,14,1,21
6,14,2026,1,11,13,6,0,27
6,20,2026,1,11,12,29,19,37
6,26,2026,1,11,14,14,4,47
6,31,2026,1,11,12,25,10,62
6,38,2026,1,11,13,4,11,55
6,42,2026,1,11,15,9,10,54
6,48,2026,1,11,19,2,17,39
6,54,2026,1,11,1,2,20,21
7,0,2026,1,11,1,3,0,24
7,5,2026,1,11,19,5,3,26
7,9,2026,1,11,15,12,0,38
7,14,2026,1,11,13,1,14,25
7,20,2026,1,11,12,25,16,34
7,26,2026,1,11,14,20,4,50
7,31,2026,1,11,12,19,3,66
7,38,2026,1,11,13,2,25,43
7,42,2026,1,11,15,10,2,51
7,48,2026,1,11,19,1,26,26
7,54,2026,1,11,1,3,20,9
8,0,2026,1,11,1,2,0,11
8,5,2026,1,11,19,3,3,11
8,9,2026,1,11,15,12,0,23
8,14,2026,1,11,13,2,5,20
8,20,2026,1,11,12,29,10,39
8,26,2026,1,11,14,12,2,49
8,31,2026,1,11,12,17,0,66
8,38,2026,1,11,13,5,15,56
8,42,2026,1,11,15,11,1,66
8,48,2026,1,11,19,5,25,46
8,54,2026,1,11,1,1,25,22
9,0,2026,1,11,1,1,0,23
9,5,2026,1,11,19,3,0,26
9,9,2026,1,11,15,6,1,31
9,14,2026,1,11,13,3,12,22
9,20,2026,1,11,12,23,10,35
9,26,2026,1,11,14,6,5,36
9,31,2026,1,11,12,14,2,48
9,38,2026,1,11,13,5,11,42
9,42,2026,1,11,15,2,6,38
9,48,2026,1,11,19,2,15,25
9,54,2026,1,11,1,4,19,10
10,0,2026,1,11,1,2,0,12
10,5,2026,1,11,19,2,1,13
10,9,2026,1,11,15,6,2,17
10,14,2026,1,11,13,3,1,19
10,20,2026,1,11,12,30,16,33
10,26,2026,1,11,14,4,7,30
10,31,2026,1,11,12,22,4,48
10,38,2026,1,11,13,5,9,44
10,42,2026,1,11,15,4,11,37
10,48,2026,1,11,19,3,15,25
10,54,2026,1,11,1,6,11,20
11,0,2026,1,11,1,4,0,24
11,5,2026,1,11,19,4,1,27
11,9,2026,1,11,15,2,0,29
11,14,2026,1,11,13,4,5,28
11,20,2026,1,11,12,11,19,20
11,26,2026,1,11,14,4,9,15
11,31,2026,1,11,12,12,3,24
11,38,2026,1,11,13,4,4,24
11,42,2026,1,11,15,2,5,21
11,48,2026,1,11,19,4,9,16
11,54,2026,1,11,1,5,7,14
12,0,2026,1,11,1,3,0,17
12,5,2026,1,11,19,5,0,22
12,9,2026,1,11,15,4,0,26
12,14,2026,1,11,13,3,2,27
12,20,2026,1,11,12,25,20,32
12,26,2026,1,11,14,5,12,25
12,31,2026,1,11,12,35,3,57
12,38,2026,1,11,13,5,14,48
12,42,2026,1,11,15,6,8,46
12,48,2026,1,11,19,5,14,37
12,54,2026,1,11,1,5,22,20
13,0,2026,1,11,1,27,0,47
13,5,2026,1,11,19,20,1,66
13,9,2026,1,11,15,6,13,59
13,14,2026,1,11,13,17,10,66
13,20,2026,1,11,12,28,28,66
13,26,2026,1,11,14,3,25,44
13,31,2026,1,11,12,16,2,58
13,38,2026,1,11,13,18,10,66
13,42,2026,1,11,15,3,20,49
13,48,2026,1,11,19,31,15,65
13,54,2026,1,11,1,13,13,65
14,0,2026,1,11,1,1,0,66
14,5,2026,1,11,19,2,2,66
14,9,2026,1,11,15,3,8,61
14,14,2026,1,11,13,10,5,66
14,20,2026,1,11,12,22,38,50
14,26,2026,1,11,14,5,27,28
14,31,2026,1,11,12,18,4,42
14,38,2026,1,11,13,7,6,43
14,42,2026,1,11,15,2,14,31
14,48,2026,1,11,19,21,10,42
14,54,2026,1,11,1,18,11,49
15,0,2026,1,11,1,16,0,65
15,5,2026,1,11,19,4,3,66
15,9,2026,1,11,15,3,11,58
15,14,2026,1,11,13,18,10,66
15,20,2026,1,11,12,22,22,66
15,26,2026,1,11,14,3,22,47
15,31,2026,1,11,12,8,3,52
15,38,2026,1,11,13,20,6,66
15,42,2026,1,11,15,5,17,54
15,48,2026,1,11,19,8,11,51
15,54,2026,1,11,1,11,22,40
16,0,2026,1,11,1,4,0,44
16,5,2026,1,11,19,3,1,46
16,9,2026,1,11,15,2,4,44
16,14,2026,1,11,13,3,5,42
16,20,2026,1,11,12,22,26,38
16,26,2026,1,11,14,6,17,27
16,31,2026,1,11,12,34,5,56
16,38,2026,1,11,13,2,14,44
16,42,2026,1,11,15,6,18,32
16,48,2026,1,11,19,2,10,24
16,54,2026,1,11,1,5,12,17
17,0,2026,1,11,1,5,0,22
17,5,2026,1,11,19,2,0,24
17,9,2026,1,11,15,3,5,22
17,14,2026,1,11,13,6,0,28
17,20,2026,1,11,12,13,19,22
17,26,2026,1,11,14,4,7,19
17,31,2026,1,11,12,31,4,46
17,38,2026,1,11,13,2,14,34
17,42,2026,1,11,15,3,5,32
17,48,2026,1,11,19,3,10,25
17,54,2026,1,11,1,3,12,16
18,0,2026,1,11,1,3,0,19
18,5,2026,1,11,19,4,0,23
18,9,2026,1,11,15,6,2,27
18,14,2026,1,11,13,2,2,27
18,20,2026,1,11,12,34,18,43
18,26,2026,1,11,14,2,12,33
18,31,2026,1,11,12,13,1,45
18,38,2026,1,11,13,6,14,37
18,42,2026,1,11,15,5,15,27
18,48,2026,1,11,19,5,4,28
18,54,2026,1,11,1,6,13,21
19,0,2026,1,11,1,4,0,25
19,5,2026,1,11,19,5,2,28
19,9,2026,1,11,15,5,2,31
19,14,2026,1,11,13,3,2,32
19,20,2026,1,11,12,29,20,41
19,26,2026,1,11,14,5,12,34
19,31,2026,1,11,12,23,2,55
19,38,2026,1,11,13,4,13,46
19,42,2026,1,11,15,5,10,41
19,48,2026,1,11,19,5,11,35
19,54,2026,1,11,1,2,18,19
20,0,2026,1,11,1,4,0,23
20,5,2026,1,11,19,4,0,27
20,9,2026,1,11,15,3,1,29
20,14,2026,1,11,13,5,4,30
20,20,2026,1,11,12,16,16,30
20,26,2026,1,11,14,5,17,18
20,31,2026,1,11,12,25,4,39
20,38,2026,1,11,13,6,6,39
20,42,2026,1,11,15,3,10,32
20,48,2026,1,11,19,4,5,31
20,54,2026,1,11,1,6,12,25
21,0,2026,1,11,1,2,0,27
21,5,2026,1,11,19,3,2,28
21,9,2026,1,11,15,3,2,29
21,14,2026,1,11,13,5,3,31
21,20,2026,1,11,12,31,20,42
21,26,2026,1,11,14,3,15,30
21,31,2026,1,11,12,25,1,54
21,38,2026,1,11,13,5,9,50
21,42,2026,1,11,15,6,18,38
21,48,2026,1,11,19,2,12,28
21,54,2026,1,11,1,4,14,18
22,0,2026,1,11,1,3,0,21
22,5,2026,1,11,19,2,0,23
22,9,2026,1,11,15,5,0,28
22,14,2026,1,11,13,6,3,31
22,20,2026,1,11,12,12,21,22
22,26,2026,1,11,14,2,6,18
22,31,2026,1,11,12,16,2,32
22,38,2026,1,11,13,5,6,31
22,42,2026,1,11,15,2,7,26
22,48,2026,1,11,19,3,10,19
22,54,2026,1,11,1,3,7,15
23,0,2026,1,11,1,6,0,21
23,5,2026,1,11,19,2,1,22
23,9,2026,1,11,15,6,2,26
23,14,2026,1,11,13,3,0,29
23,20,2026,1,11,12,36,16,49
23,26,2026,1,11,14,3,19,33
23,31,2026,1,11,12,10,3,40
23,38,2026,1,11,13,4,8,36
23,42,2026,1,11,15,2,13,25
23,48,2026,1,11,19,3,13,15
23,54,2026,1,11,1,0,15,0
6,0,2026,1,12,1,6,0,6
6,5,2026,1,12,19,3,1,8
6,9,2026,1,12,15,11,1,18
6,14,2026,1,12,13,5,0,23
6,20,2026,1,12,12,35,18,40
6,26,2026,1,12,14,9,9,40
6,31,2026,1,12,12,14,3,51
6,38,2026,1,12,13,3,12,42
6,42,2026,1,12,15,19,11,50
6,48,2026,1,12,19,4,13,41
6,54,2026,1,12,1,6,15,32
7,0,2026,1,12,1,4,0,36
7,5,2026,1,12,19,3,3,36
7,9,2026,1,12,15,21,1,56
7,14,2026,1,12,13,5,21,40
7,20,2026,1,12,12,26,20,46
7,26,2026,1,12,14,11,8,49
7,31,2026,1,12,12,17,0,66
7,38,2026,1,12,13,5,15,56
7,42,2026,1,12,15,9,3,62
7,48,2026,1,12,19,1,20,43
7,54,2026,1,12,1,3,29,17
8,0,2026,1,12,1,2,0,19
8,5,2026,1,12,19,2,2,19
8,9,2026,1,12,15,7,0,26
8,14,2026,1,12,13,2,11,17
8,20,2026,1,12,12,13,10,20
8,26,2026,1,12,14,19,0,39
8,31,2026,1,12,12,17,2,54
8,38,2026,1,12,13,3,10,47
8,42,2026,1,12,15,19,0,66
8,48,2026,1,12,19,5,24,47
8,54,2026,1,12,1,4,22,29
9,0,2026,1,12,1,3,0,32
9,5,2026,1,12,19,5,2,35
9,9,2026,1,12,15,5,1,39
9,14,2026,1,12,13,3,18,24
9,20,2026,1,12,12,35,14,45
9,26,2026,1,12,14,5,5,45
9,31,2026,1,12,12,23,2,66
9,38,2026,1,12,13,3,28,41
9,42,2026,1,12,15,4,1,44
9,48,2026,1,12,19,4,22,26
9,54,2026,1,12,1,2,19,9
10,0,2026,1,12,1,3,0,12
10,5,2026,1,12,19,5,0,17
10,9,2026,1,12,15,6,4,19
10,14,2026,1,12,13,5,4,20
10,20,2026,1,12,12,17,14,23
10,26,2026,1,12,14,6,8,21
10,31,2026,1,12,12,10,1,30
10,38,2026,1,12,13,2,6,26
10,42,2026,1,12,15,2,9,19
10,48,2026,1,12,19,4,9,14
10,54,2026,1,12,1,2,6,10
11,0,2026,1,12,1,2,0,12
11,5,2026,1,12,19,5,1,16
11,9,2026,1,12,15,6,2,20
11,14,2026,1,12,13,2,1,21
11,20,2026,1,12,12,14,11,24
11,26,2026,1,12,14,3,7,20
11,31,2026,1,12,12,20,3,37
11,38,2026,1,12,13,2,9,30
11,42,2026,1,12,15,5,7,28
11,48,2026,1,12,19,3,8,23
11,54,2026,1,12,1,5,8,20
12,0,2026,1,12,1,5,0,25
12,5,2026,1,12,19,2,1,26
12,9,2026,1,12,15,6,1,31
12,14,2026,1,12,13,2,4,29
12,20,2026,1,12,12,20,19,30
12,26,2026,1,12,14,2,10,22
12,31,2026,1,12,12,36,0,58
12,38,2026,1,12,13,6,13,51
12,42,2026,1,12,15,4,14,41
12,48,2026,1,12,19,5,14,32
12,54,2026,1,12,1,4,17,19
13,0,2026,1,12,1,26,0,45
13,5,2026,1,12,19,15,0,60
13,9,2026,1,12,15,4,9,55
13,14,2026,1,12,13,13,7,61
13,20,2026,1,12,12,19,29,51
13,26,2026,1,12,14,3,20,34
13,31,2026,1,12,12,11,3,42
13,38,2026,1,12,13,13,5,50
13,42,2026,1,12,15,3,16,37
13,48,2026,1,12,19,7,7,37
13,54,2026,1,12,1,14,19,32
14,0,2026,1,12,1,15,0,47
14,5,2026,1,12,19,10,0,57
14,9,2026,1,12,15,4,10,51
14,14,2026,1,12,13,17,12,56
14,20,2026,1,12,12,15,24,47
14,26,2026,1,12,14,6,23,30
14,31,2026,1,12,12,32,4,58
14,38,2026,1,12,13,9,7,60
14,42,2026,1,12,15,3,25,38
14,48,2026,1,12,19,19,9,48
14,54,2026,1,12,1,19,14,53
15,0,2026,1,12,1,13,0,66
15,5,2026,1,12,19,5,5,66
15,9,2026,1,12,15,4,16,54
15,14,2026,1,12,13,9,5,58
15,20,2026,1,12,12,10,23,45
15,26,2026,1,12,14,5,22,28
15,31,2026,1,12,12,9,4,33
15,38,2026,1,12,13,10,3,40
15,42,2026,1,12,15,4,14,30
15,48,2026,1,12,19,10,7,33
15,54,2026,1,12,1,7,11,29
16,0,2026,1,12,1,3,0,32
16,5,2026,1,12,19,4,3,33
16,9,2026,1,12,15,5,2,36
16,14,2026,1,12,13,3,8,31
16,20,2026,1,12,12,29,20,40
16,26,2026,1,12,14,2,10,32
16,31,2026,1,12,12,13,2,43
16,38,2026,1,12,13,3,5,41
16,42,2026,1,12,15,5,12,34
16,48,2026,1,12,19,6,16,24
16,54,2026,1,12,1,5,9,20
17,0,2026,1,12,1,4,0,24
17,5,2026,1,12,19,5,0,29
17,9,2026,1,12,15,5,0,34
17,14,2026,1,12,13,6,2,38
17,20,2026,1,12,12,26,21,43
17,26,2026,1,12,14,2,12,33
17,31,2026,1,12,12,16,0,49
17,38,2026,1,12,13,2,7,44
17,42,2026,1,12,15,5,10,39
17,48,2026,1,12,19,5,17,27
17,54,2026,1,12,1,4,10,21
18,0,2026,1,12,1,6,0,27
18,5,2026,1,12,19,6,0,33
18,9,2026,1,12,15,4,2,35
18,14,2026,1,12,13,3,4,34
18,20,2026,1,12,12,14,20,28
18,26,2026,1,12,14,4,14,18
18,31,2026,1,12,12,28,2,44
18,38,2026,1,12,13,2,10,36
18,42,2026,1,12,15,5,6,35
18,48,2026,1,12,19,4,8,31
18,54,2026,1,12,1,5,16,20
19,0,2026,1,12,1,2,0,22
19,5,2026,1,12,19,3,0,25
19,9,2026,1,12,15,2,1,26
19,14,2026,1,12,13,4,1,29
19,20,2026,1,12,12,27,18,38
19,26,2026,1,12,14,5,12,31
19,31,2026,1,12,12,34,1,64
19,38,2026,1,12,13,5,14,55
19,42,2026,1,12,15,5,15,45
19,48,2026,1,12,19,6,16,35
19,54,2026,1,12,1,5,15,25
20,0,2026,1,12,1,5,0,30
20,5,2026,1,12,19,2,1,31
20,9,2026,1,12,15,4,1,34
20,14,2026,1,12,13,6,3,37
20,20,2026,1,12,12,15,22,30
20,26,2026,1,12,14,4,12,22
20,31,2026,1,12,12,20,3,39
20,38,2026,1,12,13,3,9,33
20,42,2026,1,12,15,4,8,29
20,48,2026,1,12,19,5,8,26
20,54,2026,1,12,1,4,10,20
21,0,2026,1,12,1,3,0,23
21,5,2026,1,12,19,2,1,24
21,9,2026,1,12,15,6,0,30
21,14,2026,1,12,13,3,5,28
21,20,2026,1,12,12,28,20,36
21,26,2026,1,12,14,6,14,28
21,31,2026,1,12,12,19,2,45
21,38,2026,1,12,13,5,8,42
21,42,2026,1,12,15,5,16,31
21,48,2026,1,12,19,4,10,25
21,54,2026,1,12,1,3,10,18
22,0,2026,1,12,1,2,0,20
22,5,2026,1,12,19,5,1,24
22,9,2026,1,12,15,4,1,27
22,14,2026,1,12,13,4,1,30
22,20,2026,1,12,12,17,20,27
22,26,2026,1,12,14,2,9,20
22,31,2026,1,12,12,12,1,31
22,38,2026,1,12,13,2,7,26
22,42,2026,1,12,15,5,8,23
22,48,2026,1,12,19,3,5,21
22,54,2026,1,12,1,5,11,15
23,0,2026,1,12,1,6,0,21
23,5,2026,1,12,19,3,0,24
23,9,2026,1,12,15,5,1,28
23,14,2026,1,12,13,4,2,30
23,20,2026,1,12,12,29,21,38
23,26,2026,1,12,14,2,6,34
23,31,2026,1,12,12,25,2,57
23,38,2026,1,12,13,5,9,53
23,42,2026,1,12,15,5,15,43
23,48,2026,1,12,19,0,22,21
23,54,2026,1,12,1,0,21,0
6,0,2026,1,13,1,2,0,2
6,5,2026,1,13,19,5,0,7
6,9,2026,1,13,15,7,0,14
6,14,2026,1,13,13,5,1,18
6,20,2026,1,13,12,34,12,40
6,26,2026,1,13,14,7,9,38
6,31,2026,1,13,12,21,3,56
6,38,2026,1,13,13,2,13,45
6,42,2026,1,13,15,22,15,52
6,48,2026,1,13,19,4,15,41
6,54,2026,1,13,1,3,11,33
7,0,2026,1,13,1,1,0,34
7,5,2026,1,13,19,3,2,35
7,9,2026,1,13,15,12,0,47
7,14,2026,1,13,13,4,12,39
7,20,2026,1,13,12,25,16,48
7,26,2026,1,13,14,17,11,54
7,31,2026,1,13,12,10,1,63
7,38,2026,1,13,13,1,18,46
7,42,2026,1,13,15,22,2,66
7,48,2026,1,13,19,5,20,51
7,54,2026,1,13,1,2,23,30
8,0,2026,1,13,1,4,0,34
8,5,2026,1,13,19,3,1,36
8,9,2026,1,13,15,8,1,43
8,14,2026,1,13,13,5,15,33
8,20,2026,1,13,12,31,20,44
8,26,2026,1,13,14,10,3,51
8,31,2026,1,13,12,16,1,66
8,38,2026,1,13,13,1,12,55
8,42,2026,1,13,15,10,1,64
8,48,2026,1,13,19,1,30,35
8,54,2026,1,13,1,2,23,14
9,0,2026,1,13,1,4,0,18
9,5,2026,1,13,19,4,1,21
9,9,2026,1,13,15,3,0,24
9,14,2026,1,13,13,3,15,12
9,20,2026,1,13,12,26,5,33
9,26,2026,1,13,14,2,2,33
9,31,2026,1,13,12,18,0,51
9,38,2026,1,13,13,2,13,40
9,42,2026,1,13,15,5,1,44
9,48,2026,1,13,19,5,23,26
9,54,2026,1,13,1,3,19,10
10,0,2026,1,13,1,4,0,14
10,5,2026,1,13,19,5,2,17
10,9,2026,1,13,15,2,1,18
10,14,2026,1,13,13,4,2,20
10,20,2026,1,13,12,11,16,15
10,26,2026,1,13,14,2,3,14
10,31,2026,1,13,12,16,2,28
10,38,2026,1,13,13,6,7,27
10,42,2026,1,13,15,4,8,23
10,48,2026,1,13,19,2,5,20
10,54,2026,1,13,1,6,7,19
11,0,2026,1,13,1,3,0,22
11,5,2026,1,13,19,6,1,27
11,9,2026,1,13,15,3,3,27
11,14,2026,1,13,13,2,0,29
11,20,2026,1,13,12,22,17,34
11,26,2026,1,13,14,6,13,27
11,31,2026,1,13,12,14,2,39
11,38,2026,1,13,13,3,6,36
11,42,2026,1,13,15,3,8,31
11,48,2026,1,13,19,2,11,22
11,54,2026,1,13,1,6,12,16
12,0,2026,1,13,1,6,0,22
12,5,2026,1,13,19,5,0,27
12,9,2026,1,13,15,2,4,25
12,14,2026,1,13,13,3,5,23
12,20,2026,1,13,12,27,14,36
12,26,2026,1,13,14,4,15,25
12,31,2026,1,13,12,19,1,43
12,38,2026,1,13,13,4,12,35
12,42,2026,1,13,15,5,5,35
12,48,2026,1,13,19,2,12,25
12,54,2026,1,13,1,4,14,15
13,0,2026,1,13,1,31,0,46
13,5,2026,1,13,19,17,4,59
13,9,2026,1,13,15,5,8,56
13,14,2026,1,13,13,20,11,65
13,20,2026,1,13,12,29,31,63
13,26,2026,1,13,14,4,23,44
13,31,2026,1,13,12,25,3,66
13,38,2026,1,13,13,9,9,66
13,42,2026,1,13,15,5,20,51
13,48,2026,1,13,19,16,14,53
13,54,2026,1,13,1,25,16,62
14,0,2026,1,13,1,4,0,66
14,5,2026,1,13,19,5,5,66
14,9,2026,1,13,15,2,7,61
14,14,2026,1,13,13,10,5,66
14,20,2026,1,13,12,17,24,59
14,26,2026,1,13,14,3,27,35
14,31,2026,1,13,12,16,2,49
14,38,2026,1,13,13,8,2,55
14,42,2026,1,13,15,2,18,39
14,48,2026,1,13,19,13,12,40
14,54,2026,1,13,1,10,15,35
15,0,2026,1,13,1,31,0,66
15,5,2026,1,13,19,6,6,66
15,9,2026,1,13,15,5,13,58
15,14,2026,1,13,13,16,8,66
15,20,2026,1,13,12,16,24,58
15,26,2026,1,13,14,6,20,44
15,31,2026,1,13,12,24,2,66
15,38,2026,1,13,13,8,8,66
15,42,2026,1,13,15,6,27,45
15,48,2026,1,13,19,21,14,52
15,54,2026,1,13,1,17,16,53
16,0,2026,1,13,1,4,0,57
16,5,2026,1,13,19,6,4,59
16,9,2026,1,13,15,4,12,51
16,14,2026,1,13,13,6,4,53
16,20,2026,1,13,12,17,25,45
16,26,2026,1,13,14,5,21,29
16,31,2026,1,13,12,16,4,41
16,38,2026,1,13,13,2,12,31
16,42,2026,1,13,15,2,4,29
16,48,2026,1,13,19,2,12,19
16,54,2026,1,13,1,2,9,12
17,0,2026,1,13,1,4,0,16
17,5,2026,1,13,19,5,0,21
17,9,2026,1,13,15,6,2,25
17,14,2026,1,13,13,3,0,28
17,20,2026,1,13,12,34,21,41
17,26,2026,1,13,14,2,13,30
17,31,2026,1,13,12,21,1,50
17,38,2026,1,13,13,2,12,40
17,42,2026,1,13,15,3,15,28
17,48,2026,1,13,19,2,11,19
17,54,2026,1,13,1,4,11,12
18,0,2026,1,13,1,3,0,15
18,5,2026,1,13,19,3,0,18
18,9,2026,1,13,15,3,2,19
18,14,2026,1,13,13,2,2,19
18,20,2026,1,13,12,8,12,15
18,26,2026,1,13,14,6,7,14
18,31,2026,1,13,12,8,4,18
18,38,2026,1,13,13,3,4,17
18,42,2026,1,13,15,3,3,17
18,48,2026,1,13,19,3,4,16
18,54,2026,1,13,1,5,6,15
19,0,2026,1,13,1,4,0,19
19,5,2026,1,13,19,4,0,23
19,9,2026,1,13,15,3,1,25
19,14,2026,1,13,13,5,3,27
19,20,2026,1,13,12,11,20,18
19,26,2026,1,13,14,4,6,16
19,31,2026,1,13,12,23,2,37
19,38,2026,1,13,13,4,9,32
19,42,2026,1,13,15,6,9,29
19,48,2026,1,13,19,6,12,23
19,54,2026,1,13,1,5,12,16
20,0,2026,1,13,1,2,0,18
20,5,2026,1,13,19,5,1,22
20,9,2026,1,13,15,2,2,22
20,14,2026,1,13,13,3,1,24
20,20,2026,1,13,12,11,20,15
20,26,2026,1,13,14,3,5,13
20,31,2026,1,13,12,33,3,43
20,38,2026,1,13,13,3,7,39
20,42,2026,1,13,15,4,10,33
20,48,2026,1,13,19,6,15,24
20,54,2026,1,13,1,6,9,21
21,0,2026,1,13,1,6,0,27
21,5,2026,1,13,19,3,1,29
21,9,2026,1,13,15,2,0,31
21,14,2026,1,13,13,4,2,33
21,20,2026,1,13,12,21,20,34
21,26,2026,1,13,14,5,12,27
21,31,2026,1,13,12,23,2,48
21,38,2026,1,13,13,4,11,41
21,42,2026,1,13,15,5,10,36
21,48,2026,1,13,19,6,13,29
21,54,2026,1,13,1,6,11,24
22,0,2026,1,13,1,4,0,28
22,5,2026,1,13,19,5,0,33
22,9,2026,1,13,15,6,2,37
22,14,2026,1,13,13,6,5,38
22,20,2026,1,13,12,35,23,50
22,26,2026,1,13,14,6,14,42
22,31,2026,1,13,12,8,3,47
22,38,2026,1,13,13,2,10,39
22,42,2026,1,13,15,3,6,36
22,48,2026,1,13,19,2,17,21
22,54,2026,1,13,1,3,14,10
23,0,2026,1,13,1,6,0,16
23,5,2026,1,13,19,3,0,19
23,9,2026,1,13,15,4,3,20
23,14,2026,1,13,13,2,1,21
23,20,2026,1,13,12,26,18,29
23,26,2026,1,13,14,3,6,26
23,31,2026,1,13,12,8,3,31
23,38,2026,1,13,13,3,6,28
23,42,2026,1,13,15,5,12,21
23,48,2026,1,13,19,5,4,22
23,54,2026,1,13,1,0,22,0
6,0,2026,1,14,1,2,0,2
6,5,2026,1,14,19,4,0,6
6,9,2026,1,14,15,7,2,11
6,14,2026,1,14,13,2,2,11
6,20,2026,1,14,12,13,7,17
6,26,2026,1,14,14,10,5,22
6,31,2026,1,14,12,15,4,33
6,38,2026,1,14,13,6,7,32
6,42,2026,1,14,15,22,8,46
6,48,2026,1,14,19,2,6,42
6,54,2026,1,14,1,3,15,30
7,0,2026,1,14,1,3,0,33
7,5,2026,1,14,19,1,1,33
7,9,2026,1,14,15,10,1,42
7,14,2026,1,14,13,5,16,31
7,20,2026,1,14,12,33,16,48
7,26,2026,1,14,14,16,7,57
7,31,2026,1,14,12,12,3,66
7,38,2026,1,14,13,2,17,51
7,42,2026,1,14,15,16,2,65
7,48,2026,1,14,19,5,26,44
7,54,2026,1,14,1,2,20,26
8,0,2026,1,14,1,3,0,29
8,5,2026,1,14,19,5,3,31
8,9,2026,1,14,15,8,1,38
8,14,2026,1,14,13,2,15,25
8,20,2026,1,14,12,27,16,36
8,26,2026,1,14,14,7,6,37
8,31,2026,1,14,12,29,0,66
8,38,2026,1,14,13,4,20,50
8,42,2026,1,14,15,16,1,65
8,48,2026,1,14,19,2,25,42
8,54,2026,1,14,1,3,20,25
9,0,2026,1,14,1,1,0,26
9,5,2026,1,14,19,1,1,26
9,9,2026,1,14,15,3,0,29
9,14,2026,1,14,13,5,8,26
9,20,2026,1,14,12,18,19,25
9,26,2026,1,14,14,4,2,27
9,31,2026,1,14,12,8,0,35
9,38,2026,1,14,13,5,12,28
9,42,2026,1,14,15,2,1,29
9,48,2026,1,14,19,5,10,24
9,54,2026,1,14,1,1,18,7
10,0,2026,1,14,1,5,0,12
10,5,2026,1,14,19,5,0,17
10,9,2026,1,14,15,3,0,20
10,14,2026,1,14,13,2,5,17
10,20,2026,1,14,12,12,12,17
10,26,2026,1,14,14,6,6,17
10,31,2026,1,14,12,13,4,26
10,38,2026,1,14,13,3,5,24
10,42,2026,1,14,15,4,7,21
10,48,2026,1,14,19,6,7,20
10,54,2026,1,14,1,5,7,18
11,0,2026,1,14,1,3,0,21
11,5,2026,1,14,19,2,0,23
11,9,2026,1,14,15,4,1,26
11,14,2026,1,14,13,5,1,30
11,20,2026,1,14,12,9,23,16
11,26,2026,1,14,14,3,7,12
11,31,2026,1,14,12,27,2,37
11,38,2026,1,14,13,5,6,36
11,42,2026,1,14,15,6,7,35
11,48,2026,1,14,19,2,10,27
11,54,2026,1,14,1,2,9,20
12,0,2026,1,14,1,2,0,22
12,5,2026,1,14,19,3,0,25
12,9,2026,1,14,15,2,0,27
12,14,2026,1,14,13,6,0,33
12,20,2026,1,14,12,16,20,29
12,26,2026,1,14,14,3,14,18
12,31,2026,1,14,12,29,3,44
12,38,2026,1,14,13,5,10,39
12,42,2026,1,14,15,6,7,38
12,48,2026,1,14,19,5,18,25
12,54,2026,1,14,1,6,7,24
13,0,2026,1,14,1,8,0,32
13,5,2026,1,14,19,19,3,48
13,9,2026,1,14,15,4,5,47
13,14,2026,1,14,13,16,10,53
13,20,2026,1,14,12,22,21,54
13,26,2026,1,14,14,2,20,36
13,31,2026,1,14,12,15,1,50
13,38,2026,1,14,13,21,5,66
13,42,2026,1,14,15,2,19,49
13,48,2026,1,14,19,21,14,56
13,54,2026,1,14,1,23,13,66
14,0,2026,1,14,1,27,0,93
14,5,2026,1,14,19,26,15,104
14,9,2026,1,14,15,3,26,81
14,14,2026,1,14,13,10,25,66
14,20,2026,1,14,12,11,25,52
14,26,2026,1,14,14,2,22,32
14,31,2026,1,14,12,33,1,64
14,38,2026,1,14,13,5,3,66
14,42,2026,1,14,15,5,20,51
14,48,2026,1,14,19,24,16,59
14,54,2026,1,14,1,26,19,66
15,0,2026,1,14,1,31,0,97
15,5,2026,1,14,19,26,13,110
15,9,2026,1,14,15,6,26,90
15,14,2026,1,14,13,3,27,66
15,20,2026,1,14,12,19,23,62
15,26,2026,1,14,14,6,22,46
15,31,2026,1,14,12,23,6,63
15,38,2026,1,14,13,11,8,66
15,42,2026,1,14,15,4,11,59
15,48,2026,1,14,19,16,17,58
15,54,2026,1,14,1,15,21,52
16,0,2026,1,14,1,3,0,55
16,5,2026,1,14,19,4,1,58
16,9,2026,1,14,15,6,7,57
16,14,2026,1,14,13,4,13,48
16,20,2026,1,14,12,26,23,51
16,26,2026,1,14,14,4,29,26
16,31,2026,1,14,12,8,4,30
16,38,2026,1,14,13,5,0,35
16,42,2026,1,14,15,5,12,28
16,48,2026,1,14,19,3,11,20
16,54,2026,1,14,1,4,8,16
17,0,2026,1,14,1,2,0,18
17,5,2026,1,14,19,2,0,20
17,9,2026,1,14,15,4,1,23
17,14,2026,1,14,13,6,1,28
17,20,2026,1,14,12,10,23,15
17,26,2026,1,14,14,4,6,13
17,31,2026,1,14,12,33,1,45
17,38,2026,1,14,13,3,9,39
17,42,2026,1,14,15,2,12,29
17,48,2026,1,14,19,6,11,24
17,54,2026,1,14,1,6,10,20
18,0,2026,1,14,1,4,0,24
18,5,2026,1,14,19,4,1,27
18,9,2026,1,14,15,6,1,32
18,14,2026,1,14,13,4,1,35
18,20,2026,1,14,12,32,22,45
18,26,2026,1,14,14,5,16,34
18,31,2026,1,14,12,30,3,61
18,38,2026,1,14,13,5,15,51
18,42,2026,1,14,15,3,15,39
18,48,2026,1,14,19,5,17,27
18,54,2026,1,14,1,6,14,19
19,0,2026,1,14,1,4,0,23
19,5,2026,1,14,19,3,1,25
19,9,2026,1,14,15,5,0,30
19,14,2026,1,14,13,6,3,33
19,20,2026,1,14,12,8,22,19
19,26,2026,1,14,14,3,6,16
19,31,2026,1,14,12,16,2,30
19,38,2026,1,14,13,6,6,30
19,42,2026,1,14,15,6,7,29
19,48,2026,1,14,19,4,8,25
19,54,2026,1,14,1,5,9,21
20,0,2026,1,14,1,5,0,26
20,5,2026,1,14,19,6,1,31
20,9,2026,1,14,15,3,3,31
20,14,2026,1,14,13,2,3,30
20,20,2026,1,14,12,20,20,30
20,26,2026,1,14,14,3,6,27
20,31,2026,1,14,12,23,2,48
20,38,2026,1,14,13,2,9,41
20,42,2026,1,14,15,5,16,30
20,48,2026,1,14,19,5,10,25
20,54,2026,1,14,1,5,10,20
21,0,2026,1,14,1,6,0,26
21,5,2026,1,14,19,5,1,30
21,9,2026,1,14,15,4,2,32
21,14,2026,1,14,13,2,2,32
21,20,2026,1,14,12,18,21,29
21,26,2026,1,14,14,3,15,17
21,31,2026,1,14,12,28,2,43
21,38,2026,1,14,13,5,9,39
21,42,2026,1,14,15,2,4,37
21,48,2026,1,14,19,3,11,29
21,54,2026,1,14,1,6,15,20
22,0,2026,1,14,1,2,0,22
22,5,2026,1,14,19,3,1,24
22,9,2026,1,14,15,4,2,26
22,14,2026,1,14,13,5,0,31
22,20,2026,1,14,12,28,17,42
22,26,2026,1,14,14,5,23,24
22,31,2026,1,14,12,34,2,56
22,38,2026,1,14,13,3,12,47
22,42,2026,1,14,15,5,12,40
22,48,2026,1,14,19,6,14,32
22,54,2026,1,14,1,3,12,23
23,0,2026,1,14,1,3,0,26
23,5,2026,1,14,19,5,2,29
23,9,2026,1,14,15,5,3,31
23,14,2026,1,14,13,6,0,37
23,20,2026,1,14,12,14,21,30
23,26,2026,1,14,14,3,14,19
23,31,2026,1,14,12,13,0,32
23,38,2026,1,14,13,2,7,27
23,42,2026,1,14,15,4,8,23
23,48,2026,1,14,19,6,10,19
23,54,2026,1,14,1,0,19,0
6,0,2026,1,15,1,5,0,5
6,5,2026,1,15,19,3,0,8
6,9,2026,1,15,15,16,1,23
6,14,2026,1,15,13,5,2,26
6,20,2026,1,15,12,31,16,41
6,26,2026,1,15,14,22,14,49
6,31,2026,1,15,12,18,15,52
6,38,2026,1,15,13,3,12,43
6,42,2026,1,15,15,15,12,46
6,48,2026,1,15,19,3,9,40
6,54,2026,1,15,1,5,18,27
7,0,2026,1,15,1,3,0,30
7,5,2026,1,15,19,5,3,32
7,9,2026,1,15,15,5,0,37
7,14,2026,1,15,13,4,18,23
7,20,2026,1,15,12,33,16,40
7,26,2026,1,15,14,11,4,47
7,31,2026,1,15,12,13,1,59
7,38,2026,1,15,13,3,19,43
7,42,2026,1,15,15,6,1,48
7,48,2026,1,15,19,1,22,27
7,54,2026,1,15,1,4,22,9
8,0,2026,1,15,1,2,0,11
8,5,2026,1,15,19,4,4,11
8,9,2026,1,15,15,16,0,27
8,14,2026,1,15,13,3,8,22
8,20,2026,1,15,12,32,8,46
8,26,2026,1,15,14,5,3,48
8,31,2026,1,15,12,19,1,66
8,38,2026,1,15,13,4,25,45
8,42,2026,1,15,15,6,3,48
8,48,2026,1,15,19,5,20,33
8,54,2026,1,15,1,4,21,16
9,0,2026,1,15,1,3,0,19
9,5,2026,1,15,19,3,1,21
9,9,2026,1,15,15,3,0,24
9,14,2026,1,15,13,2,8,18
9,20,2026,1,15,12,19,11,26
9,26,2026,1,15,14,3,2,27
9,31,2026,1,15,12,21,0,48
9,38,2026,1,15,13,2,18,32
9,42,2026,1,15,15,3,0,35
9,48,2026,1,15,19,3,16,22
9,54,2026,1,15,1,3,16,9
10,0,2026,1,15,1,4,0,13
10,5,2026,1,15,19,5,0,18
10,9,2026,1,15,15,4,0,22
10,14,2026,1,15,13,6,2,26
10,20,2026,1,15,12,21,17,30
10,26,2026,1,15,14,2,9,23
10,31,2026,1,15,12,19,1,41
10,38,2026,1,15,13,4,7,38
10,42,2026,1,15,15,3,9,32
10,48,2026,1,15,19,2,10,24
10,54,2026,1,15,1,6,13,17
11,0,2026,1,15,1,4,0,21
11,5,2026,1,15,19,3,1,23
11,9,2026,1,15,15,5,4,24
11,14,2026,1,15,13,2,3,23
11,20,2026,1,15,12,13,16,20
11,26,2026,1,15,14,2,10,12
11,31,2026,1,15,12,22,2,32
11,38,2026,1,15,13,5,7,30
11,42,2026,1,15,15,6,7,29
11,48,2026,1,15,19,2,7,24
11,54,2026,1,15,1,5,8,21
12,0,2026,1,15,1,4,0,25
12,5,2026,1,15,19,6,2,29
12,9,2026,1,15,15,6,3,32
12,14,2026,1,15,13,2,4,30
12,20,2026,1,15,12,20,17,33
12,26,2026,1,15,14,5,14,24
12,31,2026,1,15,12,18,2,40
12,38,2026,1,15,13,5,7,38
12,42,2026,1,15,15,3,9,32
12,48,2026,1,15,19,3,10,25
12,54,2026,1,15,1,6,11,20
13,0,2026,1,15,1,27,0,47
13,5,2026,1,15,19,10,0,57
13,9,2026,1,15,15,4,2,59
13,14,2026,1,15,13,17,10,66
13,20,2026,1,15,12,32,32,66
13,26,2026,1,15,14,5,26,45
13,31,2026,1,15,12,23,2,66
13,38,2026,1,15,13,15,15,66
13,42,2026,1,15,15,4,22,48
13,48,2026,1,15,19,8,12,44
13,54,2026,1,15,1,11,13,42
14,0,2026,1,15,1,24,0,66
14,5,2026,1,15,19,8,8,66
14,9,2026,1,15,15,3,12,57
14,14,2026,1,15,13,15,6,66
14,20,2026,1,15,12,21,25,62
14,26,2026,1,15,14,5,24,43
14,31,2026,1,15,12,13,2,54
14,38,2026,1,15,13,17,5,66
14,42,2026,1,15,15,3,20,49
14,48,2026,1,15,19,25,9,65
14,54,2026,1,15,1,21,20,66
15,0,2026,1,15,1,17,0,83
15,5,2026,1,15,19,18,3,98
15,9,2026,1,15,15,5,19,84
15,14,2026,1,15,13,1,19,66
15,20,2026,1,15,12,14,29,51
15,26,2026,1,15,14,4,22,33
15,31,2026,1,15,12,9,4,38
15,38,2026,1,15,13,9,6,41
15,42,2026,1,15,15,4,9,36
15,48,2026,1,15,19,15,8,43
15,54,2026,1,15,1,27,15,55
16,0,2026,1,15,1,6,0,61
16,5,2026,1,15,19,2,10,53
16,9,2026,1,15,15,4,6,51
16,14,2026,1,15,13,6,10,47
16,20,2026,1,15,12,27,20,54
16,26,2026,1,15,14,2,20,36
16,31,2026,1,15,12,10,1,45
16,38,2026,1,15,13,2,9,38
16,42,2026,1,15,15,6,11,33
16,48,2026,1,15,19,5,11,27
16,54,2026,1,15,1,4,13,18
17,0,2026,1,15,1,2,0,20
17,5,2026,1,15,19,5,0,25
17,9,2026,1,15,15,3,1,27
17,14,2026,1,15,13,2,1,28
17,20,2026,1,15,12,15,20,23
17,26,2026,1,15,14,3,11,15
17,31,2026,1,15,12,29,2,42
17,38,2026,1,15,13,4,16,30
17,42,2026,1,15,15,6,7,29
17,48,2026,1,15,19,6,9,26
17,54,2026,1,15,1,4,11,19
18,0,2026,1,15,1,4,0,23
18,5,2026,1,15,19,5,1,27
18,9,2026,1,15,15,3,4,26
18,14,2026,1,15,13,6,1,31
18,20,2026,1,15,12,34,20,45
18,26,2026,1,15,14,2,11,36
18,31,2026,1,15,12,27,2,61
18,38,2026,1,15,13,4,15,50
18,42,2026,1,15,15,6,12,44
18,48,2026,1,15,19,6,16,34
18,54,2026,1,15,1,6,17,23
19,0,2026,1,15,1,5,0,28
19,5,2026,1,15,19,5,0,33
19,9,2026,1,15,15,2,3,32
19,14,2026,1,15,13,5,3,34
19,20,2026,1,15,12,32,20,46
19,26,2026,1,15,14,5,15,36
19,31,2026,1,15,12,9,3,42
19,38,2026,1,15,13,6,6,42
19,42,2026,1,15,15,6,14,34
19,48,2026,1,15,19,3,12,25
19,54,2026,1,15,1,4,13,16
20,0,2026,1,15,1,3,0,19
20,5,2026,1,15,19,4,1,22
20,9,2026,1,15,15,4,2,24
20,14,2026,1,15,13,5,1,28
20,20,2026,1,15,12,30,20,38
20,26,2026,1,15,14,2,10,30
20,31,2026,1,15,12,30,2,58
20,38,2026,1,15,13,6,17,47
20,42,2026,1,15,15,2,11,38
20,48,2026,1,15,19,4,9,33
20,54,2026,1,15,1,5,18,20
21,0,2026,1,15,1,2,0,22
21,5,2026,1,15,19,3,0,25
21,9,2026,1,15,15,4,3,26
21,14,2026,1,15,13,2,1,27
21,20,2026,1,15,12,25,16,36
21,26,2026,1,15,14,6,15,27
21,31,2026,1,15,12,33,4,56
21,38,2026,1,15,13,2,10,48
21,42,2026,1,15,15,3,11,40
21,48,2026,1,15,19,5,10,35
21,54,2026,1,15,1,3,17,21
22,0,2026,1,15,1,4,0,25
22,5,2026,1,15,19,5,2,28
22,9,2026,1,15,15,4,0,32
22,14,2026,1,15,13,2,2,32
22,20,2026,1,15,12,31,20,43
22,26,2026,1,15,14,4,12,35
22,31,2026,1,15,12,10,2,43
22,38,2026,1,15,13,4,13,34
22,42,2026,1,15,15,2,12,24
22,48,2026,1,15,19,3,8,19
22,54,2026,1,15,1,3,11,11
23,0,2026,1,15,1,3,0,14
23,5,2026,1,15,19,6,0,20
23,9,2026,1,15,15,6,1,25
23,14,2026,1,15,13,6,3,28
23,20,2026,1,15,12,13,20,21
23,26,2026,1,15,14,6,4,23
23,31,2026,1,15,12,19,3,39
23,38,2026,1,15,13,2,4,37
23,42,2026,1,15,15,4,11,30
23,48,2026,1,15,19,3,12,21
23,54,2026,1,15,1,0,21,0
6,0,2026,1,16,1,4,0,4
6,5,2026,1,16,19,4,0,8
6,9,2026,1,16,15,9,1,16
6,14,2026,1,16,13,4,0,20
6,20,2026,1,16,12,26,11,35
6,26,2026,1,16,14,17,9,43
6,31,2026,1,16,12,18,7,54
6,38,2026,1,16,13,3,11,46
6,42,2026,1,16,15,16,17,45
6,48,2026,1,16,19,5,9,41
6,54,2026,1,16,1,5,17,29
7,0,2026,1,16,1,4,0,33
7,5,2026,1,16,19,2,4,31
7,9,2026,1,16,15,20,1,50
7,14,2026,1,16,13,4,21,33
7,20,2026,1,16,12,18,14,37
7,26,2026,1,16,14,16,7,46
7,31,2026,1,16,12,24,4,66
7,38,2026,1,16,13,4,16,54
7,42,2026,1,16,15,12,0,66
7,48,2026,1,16,19,3,24,45
7,54,2026,1,16,1,4,25,24
8,0,2026,1,16,1,4,0,28
8,5,2026,1,16,19,3,3,28
8,9,2026,1,16,15,20,0,48
8,14,2026,1,16,13,3,18,33
8,20,2026,1,16,12,15,19,29
8,26,2026,1,16,14,11,1,39
8,31,2026,1,16,12,14,1,52
8,38,2026,1,16,13,5,11,46
8,42,2026,1,16,15,19,1,64
8,48,2026,1,16,19,4,22,46
8,54,2026,1,16,1,3,20,29
9,0,2026,1,16,1,3,0,32
9,5,2026,1,16,19,1,1,32
9,9,2026,1,16,15,5,1,36
9,14,2026,1,16,13,3,21,18
9,20,2026,1,16,12,22,11,29
9,26,2026,1,16,14,2,4,27
9,31,2026,1,16,12,25,0,52
9,38,2026,1,16,13,4,17,39
9,42,2026,1,16,15,5,3,41
9,48,2026,1,16,19,3,23,21
9,54,2026,1,16,1,3,14,10
10,0,2026,1,16,1,6,0,16
10,5,2026,1,16,19,6,2,20
10,9,2026,1,16,15,2,2,20
10,14,2026,1,16,13,2,1,21
10,20,2026,1,16,12,34,15,40
10,26,2026,1,16,14,6,8,38
10,31,2026,1,16,12,8,4,42
10,38,2026,1,16,13,4,7,39
10,42,2026,1,16,15,5,14,30
10,48,2026,1,16,19,5,12,23
10,54,2026,1,16,1,3,10,16
11,0,2026,1,16,1,4,0,20
11,5,2026,1,16,19,6,1,25
11,9,2026,1,16,15,5,3,27
11,14,2026,1,16,13,4,4,27
11,20,2026,1,16,12,25,18,34
11,26,2026,1,16,14,6,12,28
11,31,2026,1,16,12,29,2,55
11,38,2026,1,16,13,4,15,44
11,42,2026,1,16,15,2,10,36
11,48,2026,1,16,19,5,18,23
11,54,2026,1,16,1,3,8,18
12,0,2026,1,16,1,3,0,21
12,5,2026,1,16,19,6,1,26
12,9,2026,1,16,15,4,3,27
12,14,2026,1,16,13,5,4,28
12,20,2026,1,16,12,20,21,27
12,26,2026,1,16,14,2,9,20
12,31,2026,1,16,12,25,0,45
12,38,2026,1,16,13,2,14,33
12,42,2026,1,16,15,4,11,26
12,48,2026,1,16,19,3,9,20
12,54,2026,1,16,1,4,10,14
13,0,2026,1,16,1,11,0,25
13,5,2026,1,16,19,25,1,49
13,9,2026,1,16,15,2,2,49
13,14,2026,1,16,13,20,3,66
13,20,2026,1,16,12,33,33,66
13,26,2026,1,16,14,3,22,47
13,31,2026,1,16,12,22,3,66
13,38,2026,1,16,13,10,10,66
13,42,2026,1,16,15,4,23,47
13,48,2026,1,16,19,26,7,66
13,54,2026,1,16,1,21,21,66
14,0,2026,1,16,1,26,0,92
14,5,2026,1,16,19,27,8,111
14,9,2026,1,16,15,6,33,84
14,14,2026,1,16,13,5,23,66
14,20,2026,1,16,12,12,25,53
14,26,2026,1,16,14,4,27,30
14,31,2026,1,16,12,18,4,44
14,38,2026,1,16,13,11,8,47
14,42,2026,1,16,15,4,11,40
14,48,2026,1,16,19,16,11,45
14,54,2026,1,16,1,25,16,54
15,0,2026,1,16,1,12,0,66
15,5,2026,1,16,19,14,14,66
15,9,2026,1,16,15,5,12,59
15,14,2026,1,16,13,17,10,66
15,20,2026,1,16,12,14,23,57
15,26,2026,1,16,14,4,21,40
15,31,2026,1,16,12,27,3,64
15,38,2026,1,16,13,10,8,66
15,42,2026,1,16,15,2,21,47
15,48,2026,1,16,19,27,13,61
15,54,2026,1,16,1,13,15,59
16,0,2026,1,16,1,5,0,64
16,5,2026,1,16,19,3,6,61
16,9,2026,1,16,15,4,6,59
16,14,2026,1,16,13,6,6,59
16,20,2026,1,16,12,35,32,62
16,26,2026,1,16,14,6,20,48
16,31,2026,1,16,12,22,4,66
16,38,2026,1,16,13,6,9,63
16,42,2026,1,16,15,6,16,53
16,48,2026,1,16,19,4,19,38
16,54,2026,1,16,1,5,18,25
17,0,2026,1,16,1,4,0,29
17,5,2026,1,16,19,3,0,32
17,9,2026,1,16,15,3,2,33
17,14,2026,1,16,13,4,1,36
17,20,2026,1,16,12,12,21,27
17,26,2026,1,16,14,4,13,18
17,31,2026,1,16,12,28,4,42
17,38,2026,1,16,13,6,10,38
17,42,2026,1,16,15,2,9,31
17,48,2026,1,16,19,4,7,28
17,54,2026,1,16,1,6,11,23
18,0,2026,1,16,1,6,0,29
18,5,2026,1,16,19,6,1,34
18,9,2026,1,16,15,2,0,36
18,14,2026,1,16,13,5,2,39
18,20,2026,1,16,12,25,23,41
18,26,2026,1,16,14,6,18,29
18,31,2026,1,16,12,31,5,55
18,38,2026,1,16,13,6,8,53
18,42,2026,1,16,15,2,16,39
18,48,2026,1,16,19,5,12,32
18,54,2026,1,16,1,3,14,21
19,0,2026,1,16,1,2,0,23
19,5,2026,1,16,19,4,0,27
19,9,2026,1,16,15,6,1,32
19,14,2026,1,16,13,5,2,35
19,20,2026,1,16,12,34,20,49
19,26,2026,1,16,14,5,17,37
19,31,2026,1,16,12,13,2,48
19,38,2026,1,16,13,2,11,39
19,42,2026,1,16,15,6,10,35
19,48,2026,1,16,19,4,14,25
19,54,2026,1,16,1,6,11,20
20,0,2026,1,16,1,2,0,22
20,5,2026,1,16,19,6,0,28
20,9,2026,1,16,15,2,1,29
20,14,2026,1,16,13,2,3,28
20,20,2026,1,16,12,30,16,42
20,26,2026,1,16,14,2,17,27
20,31,2026,1,16,12,19,1,45
20,38,2026,1,16,13,2,9,38
20,42,2026,1,16,15,6,9,35
20,48,2026,1,16,19,4,14,25
20,54,2026,1,16,1,4,10,19
21,0,2026,1,16,1,4,0,23
21,5,2026,1,16,19,2,0,25
21,9,2026,1,16,15,3,3,25
21,14,2026,1,16,13,6,1,30
21,20,2026,1,16,12,20,23,27
21,26,2026,1,16,14,6,9,24
21,31,2026,1,16,12,21,2,43
21,38,2026,1,16,13,6,10,39
21,42,2026,1,16,15,3,7,35
21,48,2026,1,16,19,2,17,20
21,54,2026,1,16,1,5,6,19
22,0,2026,1,16,1,2,0,21
22,5,2026,1,16,19,5,0,26
22,9,2026,1,16,15,3,0,29
22,14,2026,1,16,13,2,1,30
22,20,2026,1,16,12,10,18,22
22,26,2026,1,16,14,2,9,15
22,31,2026,1,16,12,10,2,23
22,38,2026,1,16,13,5,1,27
22,42,2026,1,16,15,6,7,26
22,48,2026,1,16,19,4,7,23
22,54,2026,1,16,1,6,10,19
23,0,2026,1,16,1,3,0,22
23,5,2026,1,16,19,6,0,28
23,9,2026,1,16,15,5,4,29
23,14,2026,1,16,13,5,2,32
23,20,2026,1,16,12,31,22,41
23,26,2026,1,16,14,3,13,31
23,31,2026,1,16,12,29,2,58
23,38,2026,1,16,13,5,13,50
23,42,2026,1,16,15,4,17,37
23,48,2026,1,16,19,0,17,20
23,54,2026,1,16,1,0,20,0
6,0,2026,1,17,1,4,0,4
6,5,2026,1,17,19,2,1,5
6,9,2026,1,17,15,13,0,18
6,14,2026,1,17,13,6,4,20
6,20,2026,1,17,12,15,13,22
6,26,2026,1,17,14,16,8,30
6,31,2026,1,17,12,13,11,32
6,38,2026,1,17,13,6,9,29
6,42,2026,1,17,15,19,8,40
6,48,2026,1,17,19,5,11,34
6,54,2026,1,17,1,6,5,35
7,0,2026,1,17,1,4,0,39
7,5,2026,1,17,19,2,5,36
7,9,2026,1,17,15,11,0,47
7,14,2026,1,17,13,1,20,28
7,20,2026,1,17,12,23,15,36
7,26,2026,1,17,14,15,4,47
7,31,2026,1,17,12,21,4,64
7,38,2026,1,17,13,1,17,48
7,42,2026,1,17,15,15,0,63
7,48,2026,1,17,19,4,26,41
7,54,2026,1,17,1,4,20,25
8,0,2026,1,17,1,4,0,29
8,5,2026,1,17,19,1,3,27
8,9,2026,1,17,15,18,1,44
8,14,2026,1,17,13,3,19,28
8,20,2026,1,17,12,19,14,33
8,26,2026,1,17,14,13,3,43
8,31,2026,1,17,12,18,5,56
8,38,2026,1,17,13,3,13,46
8,42,2026,1,17,15,11,0,57
8,48,2026,1,17,19,4,25,36
8,54,2026,1,17,1,1,21,16
9,0,2026,1,17,1,1,0,17
9,5,2026,1,17,19,1,0,18
9,9,2026,1,17,15,5,0,23
9,14,2026,1,17,13,2,11,14
9,20,2026,1,17,12,35,9,40
9,26,2026,1,17,14,4,2,42
9,31,2026,1,17,12,27,3,66
9,38,2026,1,17,13,3,17,52
9,42,2026,1,17,15,6,3,55
9,48,2026,1,17,19,5,22,38
9,54,2026,1,17,1,4,23,19
10,0,2026,1,17,1,3,0,22
10,5,2026,1,17,19,5,3,24
10,9,2026,1,17,15,5,3,26
10,14,2026,1,17,13,4,3,27
10,20,2026,1,17,12,20,21,26
10,26,2026,1,17,14,3,6,23
10,31,2026,1,17,12,31,1,53
10,38,2026,1,17,13,6,6,53
10,42,2026,1,17,15,3,14,42
10,48,2026,1,17,19,6,9,39
10,54,2026,1,17,1,2,16,25
11,0,2026,1,17,1,4,0,29
11,5,2026,1,17,19,4,0,33
11,9,2026,1,17,15,3,3,33
11,14,2026,1,17,13,2,1,34
11,20,2026,1,17,12,31,20,45
11,26,2026,1,17,14,2,18,29
11,31,2026,1,17,12,12,2,39
11,38,2026,1,17,13,3,10,32
11,42,2026,1,17,15,3,13,22
11,48,2026,1,17,19,2,3,21
11,54,2026,1,17,1,3,11,13
12,0,2026,1,17,1,6,0,19
12,5,2026,1,17,19,4,1,22
12,9,2026,1,17,15,6,0,28
12,14,2026,1,17,13,3,2,29
12,20,2026,1,17,12,34,20,43
12,26,2026,1,17,14,5,14,34
12,31,2026,1,17,12,22,2,54
12,38,2026,1,17,13,3,14,43
12,42,2026,1,17,15,6,8,41
12,48,2026,1,17,19,2,15,28
12,54,2026,1,17,1,5,15,18
13,0,2026,1,17,1,10,0,28
13,5,2026,1,17,19,20,2,46
13,9,2026,1,17,15,2,4,44
13,14,2026,1,17,13,22,3,63
13,20,2026,1,17,12,12,31,44
13,26,2026,1,17,14,3,21,26
13,31,2026,1,17,12,16,2,40
13,38,2026,1,17,13,13,7,46
13,42,2026,1,17,15,3,17,32
13,48,2026,1,17,19,13,6,39
13,54,2026,1,17,1,10,10,39
14,0,2026,1,17,1,7,0,46
14,5,2026,1,17,19,25,5,66
14,9,2026,1,17,15,3,15,54
14,14,2026,1,17,13,15,9,60
14,20,2026,1,17,12,14,21,53
14,26,2026,1,17,14,6,21,38
14,31,2026,1,17,12,24,6,56
14,38,2026,1,17,13,15,5,66
14,42,2026,1,17,15,2,20,48
14,48,2026,1,17,19,26,11,63
14,54,2026,1,17,1,18,15,66
15,0,2026,1,17,1,9,0,75
15,5,2026,1,17,19,19,4,90
15,9,2026,1,17,15,3,21,72
15,14,2026,1,17,13,12,18,66
15,20,2026,1,17,12,13,28,51
15,26,2026,1,17,14,2,20,33
15,31,2026,1,17,12,22,0,55
15,38,2026,1,17,13,18,7,66
15,42,2026,1,17,15,6,16,56
15,48,2026,1,17,19,21,11,66
15,54,2026,1,17,1,19,19,66
16,0,2026,1,17,1,4,0,70
16,5,2026,1,17,19,1,5,66
16,9,2026,1,17,15,2,12,56
16,14,2026,1,17,13,2,7,51
16,20,2026,1,17,12,26,30,47
16,26,2026,1,17,14,2,24,25
16,31,2026,1,17,12,29,1,53
16,38,2026,1,17,13,5,7,51
16,42,2026,1,17,15,6,16,41
16,48,2026,1,17,19,2,11,32
16,54,2026,1,17,1,3,15,20
17,0,2026,1,17,1,2,0,22
17,5,2026,1,17,19,5,0,27
17,9,2026,1,17,15,5,1,31
17,14,2026,1,17,13,5,3,33
17,20,2026,1,17,12,24,21,36
17,26,2026,1,17,14,2,12,26
17,31,2026,1,17,12,11,0,37
17,38,2026,1,17,13,5,7,35
17,42,2026,1,17,15,5,13,27
17,48,2026,1,17,19,5,7,25
17,54,2026,1,17,1,5,10,20
18,0,2026,1,17,1,4,0,24
18,5,2026,1,17,19,4,1,27
18,9,2026,1,17,15,2,1,28
18,14,2026,1,17,13,4,2,30
18,20,2026,1,17,12,15,21,24
18,26,2026,1,17,14,4,10,18
18,31,2026,1,17,12,24,2,40
18,38,2026,1,17,13,6,8,38
18,42,2026,1,17,15,6,11,33
18,48,2026,1,17,19,4,9,28
18,54,2026,1,17,1,4,10,22
19,0,2026,1,17,1,5,0,27
19,5,2026,1,17,19,2,3,26
19,9,2026,1,17,15,6,2,30
19,14,2026,1,17,13,4,2,32
19,20,2026,1,17,12,29,17,44
19,26,2026,1,17,14,4,17,31
19,31,2026,1,17,12,16,1,46
19,38,2026,1,17,13,4,7,43
19,42,2026,1,17,15,4,10,37
19,48,2026,1,17,19,2,13,26
19,54,2026,1,17,1,3,14,15
20,0,2026,1,17,1,6,0,21
20,5,2026,1,17,19,5,1,25
20,9,2026,1,17,15,6,1,30
20,14,2026,1,17,13,6,3,33
20,20,2026,1,17,12,13,20,26
20,26,2026,1,17,14,3,11,18
20,31,2026,1,17,12,27,1,44
20,38,2026,1,17,13,3,8,39
20,42,2026,1,17,15,5,12,32
20,48,2026,1,17,19,5,5,32
20,54,2026,1,17,1,5,14,23
21,0,2026,1,17,1,4,0,27
21,5,2026,1,17,19,6,2,31
21,9,2026,1,17,15,3,1,33
21,14,2026,1,17,13,5,2,36
21,20,2026,1,17,12,26,23,39
21,26,2026,1,17,14,4,20,23
21,31,2026,1,17,12,22,1,44
21,38,2026,1,17,13,6,8,42
21,42,2026,1,17,15,5,9,38
21,48,2026,1,17,19,4,11,31
21,54,2026,1,17,1,3,14,20
22,0,2026,1,17,1,5,0,25
22,5,2026,1,17,19,6,0,31
22,9,2026,1,17,15,4,0,35
22,14,2026,1,17,13,5,5,35
22,20,2026,1,17,12,33,21,47
22,26,2026,1,17,14,6,16,37
22,31,2026,1,17,12,17,4,50
22,38,2026,1,17,13,2,10,42
22,42,2026,1,17,15,6,8,40
22,48,2026,1,17,19,2,16,26
22,54,2026,1,17,1,5,13,18
23,0,2026,1,17,1,5,0,23
23,5,2026,1,17,19,5,2,26
23,9,2026,1,17,15,5,2,29
23,14,2026,1,17,13,5,3,31
23,20,2026,1,17,12,20,18,33
23,26,2026,1,17,14,4,16,21
23,31,2026,1,17,12,27,4,44
23,38,2026,1,17,13,2,11,35
23,42,2026,1,17,15,4,15,24
23,48,2026,1,17,19,2,14,12
23,54,2026,1,17,1,0,12,0
6,0,2026,1,18,1,3,0,3
6,5,2026,1,18,19,2,1,4
6,9,2026,1,18,15,16,0,20
6,14,2026,1,18,13,2,1,21
6,20,2026,1,18,12,29,17,33
6,26,2026,1,18,14,19,7,45
6,31,2026,1,18,12,32,11,66
6,38,2026,1,18,13,3,18,51
6,42,2026,1,18,15,19,13,57
6,48,2026,1,18,19,4,21,40
6,54,2026,1,18,1,2,14,28
7,0,2026,1,18,1,4,0,32
7,5,2026,1,18,19,5,4,33
7,9,2026,1,18,15,10,1,42
7,14,2026,1,18,13,5,12,35
7,20,2026,1,18,12,9,17,27
7,26,2026,1,18,14,21,10,38
7,31,2026,1,18,12,8,5,41
7,38,2026,1,18,13,5,9,37
7,42,2026,1,18,15,15,1,51
7,48,2026,1,18,19,2,20,33
7,54,2026,1,18,1,1,23,11
8,0,2026,1,18,1,2,0,13
8,5,2026,1,18,19,2,2,13
8,9,2026,1,18,15,12,0,25
8,14,2026,1,18,13,2,12,15
8,20,2026,1,18,12,32,6,41
8,26,2026,1,18,14,6,3,44
8,31,2026,1,18,12,13,1,56
8,38,2026,1,18,13,4,19,41
8,42,2026,1,18,15,6,1,46
8,48,2026,1,18,19,3,20,29
8,54,2026,1,18,1,2,21,10
9,0,2026,1,18,1,4,0,14
9,5,2026,1,18,19,4,0,18
9,9,2026,1,18,15,4,1,21
9,14,2026,1,18,13,2,9,14
9,20,2026,1,18,12,24,7,31
9,26,2026,1,18,14,2,1,32
9,31,2026,1,18,12,27,0,59
9,38,2026,1,18,13,2,14,47
9,42,2026,1,18,15,4,0,51
9,48,2026,1,18,19,1,20,32
9,54,2026,1,18,1,2,24,10
10,0,2026,1,18,1,3,0,13
10,5,2026,1,18,19,2,0,15
10,9,2026,1,18,15,2,0,17
10,14,2026,1,18,13,5,2,20
10,20,2026,1,18,12,9,15,14
10,26,2026,1,18,14,6,4,16
10,31,2026,1,18,12,35,5,46
10,38,2026,1,18,13,5,5,46
10,42,2026,1,18,15,6,11,41
10,48,2026,1,18,19,4,16,29
10,54,2026,1,18,1,6,13,22
11,0,2026,1,18,1,5,0,27
11,5,2026,1,18,19,6,3,30
11,9,2026,1,18,15,5,1,34
11,14,2026,1,18,13,6,3,37
11,20,2026,1,18,12,27,22,42
11,26,2026,1,18,14,5,13,34
11,31,2026,1,18,12,27,4,57
11,38,2026,1,18,13,2,15,44
11,42,2026,1,18,15,3,11,36
11,48,2026,1,18,19,6,19,23
11,54,2026,1,18,1,6,13,16
12,0,2026,1,18,1,4,0,20
12,5,2026,1,18,19,3,1,22
12,9,2026,1,18,15,5,3,24
12,14,2026,1,18,13,4,3,25
12,20,2026,1,18,12,35,20,40
12,26,2026,1,18,14,4,9,35
12,31,2026,1,18,12,17,2,50
12,38,2026,1,18,13,4,12,42
12,42,2026,1,18,15,3,6,39
12,48,2026,1,18,19,3,20,22
12,54,2026,1,18,1,6,10,18
13,0,2026,1,18,1,23,0,41
13,5,2026,1,18,19,7,1,47
13,9,2026,1,18,15,2,8,41
13,14,2026,1,18,13,11,3,49
13,20,2026,1,18,12,29,27,51
13,26,2026,1,18,14,5,22,34
13,31,2026,1,18,12,22,3,53
13,38,2026,1,18,13,20,7,66
13,42,2026,1,18,15,6,17,55
13,48,2026,1,18,19,11,16,50
13,54,2026,1,18,1,30,14,66
14,0,2026,1,18,1,8,0,74
14,5,2026,1,18,19,4,12,66
14,9,2026,1,18,15,3,11,58
14,14,2026,1,18,13,17,12,63
14,20,2026,1,18,12,13,22,54
14,26,2026,1,18,14,3,20,37
14,31,2026,1,18,12,8,2,43
14,38,2026,1,18,13,18,5,56
14,42,2026,1,18,15,4,14,46
14,48,2026,1,18,19,29,9,66
14,54,2026,1,18,1,15,15,66
15,0,2026,1,18,1,32,0,98
15,5,2026,1,18,19,13,8,103
15,9,2026,1,18,15,5,21,87
15,14,2026,1,18,13,14,15,86
15,20,2026,1,18,12,20,40,66
15,26,2026,1,18,14,2,21,47
15,31,2026,1,18,12,21,2,66
15,38,2026,1,18,13,7,7,66
15,42,2026,1,18,15,4,18,52
15,48,2026,1,18,19,19,18,53
15,54,2026,1,18,1,13,20,46
16,0,2026,1,18,1,5,0,51
16,5,2026,1,18,19,5,5,51
16,9,2026,1,18,15,3,7,47
16,14,2026,1,18,13,2,9,40
16,20,2026,1,18,12,18,22,36
16,26,2026,1,18,14,2,20,18
16,31,2026,1,18,12,18,2,34
16,38,2026,1,18,13,5,11,28
16,42,2026,1,18,15,5,6,27
16,48,2026,1,18,19,6,7,26
16,54,2026,1,18,1,6,9,23
17,0,2026,1,18,1,2,0,25
17,5,2026,1,18,19,5,0,30
17,9,2026,1,18,15,6,0,36
17,14,2026,1,18,13,4,3,37
17,20,2026,1,18,12,19,24,32
17,26,2026,1,18,14,5,11,26
17,31,2026,1,18,12,20,4,42
17,38,2026,1,18,13,2,6,38
17,42,2026,1,18,15,2,8,32
17,48,2026,1,18,19,2,10,24
17,54,2026,1,18,1,2,12,14
18,0,2026,1,18,1,6,0,20
18,5,2026,1,18,19,3,2,21
18,9,2026,1,18,15,6,2,25
18,14,2026,1,18,13,4,1,28
18,20,2026,1,18,12,35,14,49
18,26,2026,1,18,14,4,17,36
18,31,2026,1,18,12,8,4,40
18,38,2026,1,18,13,6,14,32
18,42,2026,1,18,15,3,10,25
18,48,2026,1,18,19,4,8,21
18,54,2026,1,18,1,2,8,15
19,0,2026,1,18,1,6,0,21
19,5,2026,1,18,19,6,2,25
19,9,2026,1,18,15,4,1,28
19,14,2026,1,18,13,4,1,31
19,20,2026,1,18,12,15,21,25
19,26,2026,1,18,14,6,8,23
19,31,2026,1,18,12,34,3,54
19,38,2026,1,18,13,6,21,39
19,42,2026,1,18,15,5,12,32
19,48,2026,1,18,19,5,11,26
19,54,2026,1,18,1,5,9,22
20,0,2026,1,18,1,3,0,25
20,5,2026,1,18,19,3,2,26
20,9,2026,1,18,15,4,3,27
20,14,2026,1,18,13,6,1,32
20,20,2026,1,18,12,20,20,32
20,26,2026,1,18,14,6,10,28
20,31,2026,1,18,12,29,3,54
20,38,2026,1,18,13,4,11,47
20,42,2026,1,18,15,6,9,44
20,48,2026,1,18,19,2,12,34
20,54,2026,1,18,1,6,20,20
21,0,2026,1,18,1,2,0,22
21,5,2026,1,18,19,3,2,23
21,9,2026,1,18,15,4,2,25
21,14,2026,1,18,13,6,2,29
21,20,2026,1,18,12,9,24,14
21,26,2026,1,18,14,4,4,14
21,31,2026,1,18,12,26,3,37
21,38,2026,1,18,13,6,10,33
21,42,2026,1,18,15,3,8,28
21,48,2026,1,18,19,5,12,21
21,54,2026,1,18,1,5,6,20
22,0,2026,1,18,1,6,0,26
22,5,2026,1,18,19,3,1,28
22,9,2026,1,18,15,4,2,30
22,14,2026,1,18,13,4,4,30
22,20,2026,1,18,12,19,21,28
22,26,2026,1,18,14,5,6,27
22,31,2026,1,18,12,16,2,41
22,38,2026,1,18,13,2,7,36
22,42,2026,1,18,15,3,10,29
22,48,2026,1,18,19,4,13,20
22,54,2026,1,18,1,4,11,13
23,0,2026,1,18,1,4,0,17
23,5,2026,1,18,19,3,1,19
23,9,2026,1,18,15,5,1,23
23,14,2026,1,18,13,5,3,25
23,20,2026,1,18,12,32,20,37
23,26,2026,1,18,14,4,14,27
23,31,2026,1,18,12,30,2,55
23,38,2026,1,18,13,5,12,48
23,42,2026,1,18,15,6,12,42
23,48,2026,1,18,19,0,20,22
23,54,2026,1,18,1,0,22,0
6,0,2026,1,19,1,2,0,2
6,5,2026,1,19,19,2,0,4
6,9,2026,1,19,15,11,0,15
6,14,2026,1,19,13,6,1,20
6,20,2026,1,19,12,31,16,35
6,26,2026,1,19,14,21,7,49
6,31,2026,1,19,12,29,12,66
6,38,2026,1,19,13,6,17,55
6,42,2026,1,19,15,11,15,51
6,48,2026,1,19,19,3,14,40
6,54,2026,1,19,1,5,22,23
7,0,2026,1,19,1,2,0,25
7,5,2026,1,19,19,5,2,28
7,9,2026,1,19,15,17,1,44
7,14,2026,1,19,13,5,18,31
7,20,2026,1,19,12,26,13,44
7,26,2026,1,19,14,8,5,47
7,31,2026,1,19,12,12,3,56
7,38,2026,1,19,13,5,13,48
7,42,2026,1,19,15,16,2,62
7,48,2026,1,19,19,5,22,45
7,54,2026,1,19,1,1,22,24
8,0,2026,1,19,1,1,0,25
8,5,2026,1,19,19,1,0,26
8,9,2026,1,19,15,7,0,33
8,14,2026,1,19,13,4,16,21
8,20,2026,1,19,12,11,9,23
8,26,2026,1,19,14,11,4,30
8,31,2026,1,19,12,15,5,40
8,38,2026,1,19,13,2,11,31
8,42,2026,1,19,15,20,0,51
8,48,2026,1,19,19,3,17,37
8,54,2026,1,19,1,4,21,20
9,0,2026,1,19,1,3,0,23
9,5,2026,1,19,19,1,1,23
9,9,2026,1,19,15,5,1,27
9,14,2026,1,19,13,5,12,20
9,20,2026,1,19,12,34,11,43
9,26,2026,1,19,14,3,1,45
9,31,2026,1,19,12,12,0,57
9,38,2026,1,19,13,4,20,41
9,42,2026,1,19,15,6,5,42
9,48,2026,1,19,19,2,21,23
9,54,2026,1,19,1,1,19,5
10,0,2026,1,19,1,2,0,7
10,5,2026,1,19,19,2,0,9
10,9,2026,1,19,15,5,0,14
10,14,2026,1,19,13,2,2,14
10,20,2026,1,19,12,27,10,31
10,26,2026,1,19,14,6,9,28
10,31,2026,1,19,12,35,3,60
10,38,2026,1,19,13,3,12,51
10,42,2026,1,19,15,4,11,44
10,48,2026,1,19,19,6,16,34
10,54,2026,1,19,1,3,14,23
11,0,2026,1,19,1,2,0,25
11,5,2026,1,19,19,2,0,27
11,9,2026,1,19,15,5,1,31
11,14,2026,1,19,13,5,1,35
11,20,2026,1,19,12,10,21,24
11,26,2026,1,19,14,3,13,14
11,31,2026,1,19,12,21,0,35
11,38,2026,1,19,13,2,10,27
11,42,2026,1,19,15,6,8,25
11,48,2026,1,19,19,6,4,27
11,54,2026,1,19,1,4,11,20
12,0,2026,1,19,1,5,0,25
12,5,2026,1,19,19,4,1,28
12,9,2026,1,19,15,2,1,29
12,14,2026,1,19,13,4,2,31
12,20,2026,1,19,12,11,20,22
12,26,2026,1,19,14,6,7,21
12,31,2026,1,19,12,22,4,39
12,38,2026,1,19,13,3,6,36
12,42,2026,1,19,15,6,12,30
12,48,2026,1,19,19,3,10,23
12,54,2026,1,19,1,5,9,19
13,0,2026,1,19,1,28,0,47
13,5,2026,1,19,19,20,1,66
13,9,2026,1,19,15,5,9,62
13,14,2026,1,19,13,8,13,57
13,20,2026,1,19,12,28,28,57
13,26,2026,1,19,14,5,20,42
13,31,2026,1,19,12,11,4,49
13,38,2026,1,19,13,30,13,66
13,42,2026,1,19,15,4,9,61
13,48,2026,1,19,19,21,16,66
13,54,2026,1,19,1,16,17,65
14,0,2026,1,19,1,1,0,66
14,5,2026,1,19,19,3,3,66
14,9,2026,1,19,15,2,11,57
14,14,2026,1,19,13,22,13,66
14,20,2026,1,19,12,23,23,66
14,26,2026,1,19,14,3,21,48
14,31,2026,1,19,12,20,3,65
14,38,2026,1,19,13,7,6,66
14,42,2026,1,19,15,4,20,50
14,48,2026,1,19,19,11,18,43
14,54,2026,1,19,1,23,19,47
15,0,2026,1,19,1,9,0,56
15,5,2026,1,19,19,14,4,66
15,9,2026,1,19,15,3,12,57
15,14,2026,1,19,13,13,4,66
15,20,2026,1,19,12,27,33,60
15,26,2026,1,19,14,5,27,38
15,31,2026,1,19,12,28,4,62
15,38,2026,1,19,13,16,12,66
15,42,2026,1,19,15,3,22,47
15,48,2026,1,19,19,28,9,66
15,54,2026,1,19,1,19,19,66
16,0,2026,1,19,1,5,0,71
16,5,2026,1,19,19,4,4,71
16,9,2026,1,19,15,3,8,66
16,14,2026,1,19,13,4,12,58
16,20,2026,1,19,12,25,31,52
16,26,2026,1,19,14,3,20,35
16,31,2026,1,19,12,8,2,41
16,38,2026,1,19,13,3,9,35
16,42,2026,1,19,15,2,9,28
16,48,2026,1,19,19,5,14,19
16,54,2026,1,19,1,4,10,13
17,0,2026,1,19,1,3,0,16
17,5,2026,1,19,19,3,0,19
17,9,2026,1,19,15,4,1,22
17,14,2026,1,19,13,5,1,26
17,20,2026,1,19,12,28,20,34
17,26,2026,1,19,14,3,7,30
17,31,2026,1,19,12,16,2,44
17,38,2026,1,19,13,4,5,43
17,42,2026,1,19,15,5,11,37
17,48,2026,1,19,19,6,12,31
17,54,2026,1,19,1,2,15,18
18,0,2026,1,19,1,4,0,22
18,5,2026,1,19,19,5,0,27
18,9,2026,1,19,15,6,4,29
18,14,2026,1,19,13,3,3,29
18,20,2026,1,19,12,9,21,17
18,26,2026,1,19,14,4,10,11
18,31,2026,1,19,12,25,2,34
18,38,2026,1,19,13,3,7,30
18,42,2026,1,19,15,2,11,21
18,48,2026,1,19,19,4,7,18
18,54,2026,1,19,1,6,5,19
19,0,2026,1,19,1,5,0,24
19,5,2026,1,19,19,5,0,29
19,9,2026,1,19,15,6,0,35
19,14,2026,1,19,13,4,5,34
19,20,2026,1,19,12,32,18,48
19,26,2026,1,19,14,2,20,30
19,31,2026,1,19,12,22,2,50
19,38,2026,1,19,13,5,8,47
19,42,2026,1,19,15,5,15,37
19,48,2026,1,19,19,4,12,29
19,54,2026,1,19,1,3,12,20
20,0,2026,1,19,1,4,0,24
20,5,2026,1,19,19,3,1,26
20,9,2026,1,19,15,3,2,27
20,14,2026,1,19,13,6,1,32
20,20,2026,1,19,12,27,23,36
20,26,2026,1,19,14,6,8,34
20,31,2026,1,19,12,28,4,58
20,38,2026,1,19,13,4,14,48
20,42,2026,1,19,15,3,11,40
20,48,2026,1,19,19,5,13,32
20,54,2026,1,19,1,3,19,16
21,0,2026,1,19,1,4,0,20
21,5,2026,1,19,19,5,2,23
21,9,2026,1,19,15,2,1,24
21,14,2026,1,19,13,3,0,27
21,20,2026,1,19,12,26,20,33
21,26,2026,1,19,14,6,11,28
21,31,2026,1,19,12,29,3,54
21,38,2026,1,19,13,4,8,50
21,42,2026,1,19,15,4,16,38
21,48,2026,1,19,19,2,14,26
21,54,2026,1,19,1,6,13,19
22,0,2026,1,19,1,3,0,22
22,5,2026,1,19,19,4,0,26
22,9,2026,1,19,15,5,1,30
22,14,2026,1,19,13,3,5,28
22,20,2026,1,19,12,33,18,43
22,26,2026,1,19,14,5,21,27
22,31,2026,1,19,12,22,3,46
22,38,2026,1,19,13,4,8,42
22,42,2026,1,19,15,2,8,36
22,48,2026,1,19,19,2,12,26
22,54,2026,1,19,1,4,18,12
23,0,2026,1,19,1,5,0,17
23,5,2026,1,19,19,4,1,20
23,9,2026,1,19,15,3,1,22
23,14,2026,1,19,13,2,2,22
23,20,2026,1,19,12,26,17,31
23,26,2026,1,19,14,4,15,20
23,31,2026,1,19,12,31,3,48
23,38,2026,1,19,13,5,13,40
23,42,2026,1,19,15,3,21,22
23,48,2026,1,19,19,2,11,13
23,54,2026,1,19,1,0,13,0
6,0,2026,1,20,1,4,0,4
6,5,2026,1,20,19,3,0,7
6,9,2026,1,20,15,20,0,27
6,14,2026,1,20,13,5,5,27
6,20,2026,1,20,12,14,22,19
6,26,2026,1,20,14,16,2,33
6,31,2026,1,20,12,30,12,51
6,38,2026,1,20,13,6,9,48
6,42,2026,1,20,15,17,12,53
6,48,2026,1,20,19,2,10,45
6,54,2026,1,20,1,5,11,39
7,0,2026,1,20,1,4,0,43
7,5,2026,1,20,19,5,4,44
7,9,2026,1,20,15,7,1,50
7,14,2026,1,20,13,5,16,39
7,20,2026,1,20,12,36,19,56
7,26,2026,1,20,14,20,12,64
7,31,2026,1,20,12,4,2,66
7,38,2026,1,20,13,1,22,45
7,42,2026,1,20,15,19,1,63
7,48,2026,1,20,19,2,23,42
7,54,2026,1,20,1,2,20,24
8,0,2026,1,20,1,1,0,25
8,5,2026,1,20,19,5,1,29
8,9,2026,1,20,15,19,0,48
8,14,2026,1,20,13,1,18,31
8,20,2026,1,20,12,16,14,33
8,26,2026,1,20,14,15,3,45
8,31,2026,1,20,12,22,4,63
8,38,2026,1,20,13,5,15,53
8,42,2026,1,20,15,7,4,56
8,48,2026,1,20,19,3,22,37
8,54,2026,1,20,1,2,20,19
9,0,2026,1,20,1,2,0,21
9,5,2026,1,20,19,1,1,21
9,9,2026,1,20,15,6,0,27
9,14,2026,1,20,13,3,12,18
9,20,2026,1,20,12,17,8,27
9,26,2026,1,20,14,4,6,25
9,31,2026,1,20,12,20,0,45
9,38,2026,1,20,13,3,13,35
9,42,2026,1,20,15,3,1,37
9,48,2026,1,20,19,1,18,20
9,54,2026,1,20,1,1,20,1
10,0,2026,1,20,1,2,0,3
10,5,2026,1,20,19,3,0,6
10,9,2026,1,20,15,5,1,10
10,14,2026,1,20,13,2,0,12
10,20,2026,1,20,12,15,9,18
10,26,2026,1,20,14,5,2,21
10,31,2026,1,20,12,15,4,32
10,38,2026,1,20,13,2,7,27
10,42,2026,1,20,15,5,11,21
10,48,2026,1,20,19,3,5,19
10,54,2026,1,20,1,3,11,11
11,0,2026,1,20,1,2,0,13
11,5,2026,1,20,19,2,1,14
11,9,2026,1,20,15,6,1,19
11,14,2026,1,20,13,3,0,22
11,20,2026,1,20,12,21,15,28
11,26,2026,1,20,14,4,9,23
11,31,2026,1,20,12,29,3,49
11,38,2026,1,20,13,3,10,42
11,42,2026,1,20,15,2,10,34
11,48,2026,1,20,19,6,8,32
11,54,2026,1,20,1,2,13,21
12,0,2026,1,20,1,4,0,25
12,5,2026,1,20,19,6,0,31
12,9,2026,1,20,15,5,1,35
12,14,2026,1,20,13,3,1,37
12,20,2026,1,20,12,31,20,48
12,26,2026,1,20,14,6,20,34
12,31,2026,1,20,12,8,5,37
12,38,2026,1,20,13,5,5,37
12,42,2026,1,20,15,5,11,31
12,48,2026,1,20,19,5,13,23
12,54,2026,1,20,1,4,12,15
13,0,2026,1,20,1,27,0,42
13,5,2026,1,20,19,26,2,66
13,9,2026,1,20,15,4,8,62
13,14,2026,1,20,13,7,8,61
13,20,2026,1,20,12,8,27,42
13,26,2026,1,20,14,2,20,24
13,31,2026,1,20,12,16,1,39
13,38,2026,1,20,13,19,2,56
13,42,2026,1,20,15,4,13,47
13,48,2026,1,20,19,27,9,65
13,54,2026,1,20,1,16,15,66
14,0,2026,1,20,1,20,0,86
14,5,2026,1,20,19,29,11,104
14,9,2026,1,20,15,3,25,82
14,14,2026,1,20,13,5,21,66
14,20,2026,1,20,12,12,32,46
14,26,2026,1,20,14,5,20,31
14,31,2026,1,20,12,20,5,46
14,38,2026,1,20,13,17,7,56
14,42,2026,1,20,15,3,13,46
14,48,2026,1,20,19,14,12,48
14,54,2026,1,20,1,20,18,50
15,0,2026,1,20,1,16,0,66
15,5,2026,1,20,19,9,9,66
15,9,2026,1,20,15,2,14,54
15,14,2026,1,20,13,9,10,53
15,20,2026,1,20,12,29,23,59
15,26,2026,1,20,14,3,26,36
15,31,2026,1,20,12,17,3,50
15,38,2026,1,20,13,13,12,51
15,42,2026,1,20,15,3,18,36
15,48,2026,1,20,19,21,11,46
15,54,2026,1,20,1,28,8,66
16,0,2026,1,20,1,2,0,68
16,5,2026,1,20,19,4,8,64
16,9,2026,1,20,15,5,8,61
16,14,2026,1,20,13,5,13,53
16,20,2026,1,20,12,34,27,60
16,26,2026,1,20,14,5,24,41
16,31,2026,1,20,12,21,3,59
16,38,2026,1,20,13,2,13,48
16,42,2026,1,20,15,5,13,40
16,48,2026,1,20,19,3,15,28
16,54,2026,1,20,1,3,17,14
17,0,2026,1,20,1,6,0,20
17,5,2026,1,20,19,3,0,23
17,9,2026,1,20,15,6,1,28
17,14,2026,1,20,13,4,4,28
17,20,2026,1,20,12,36,17,47
17,26,2026,1,20,14,6,13,40
17,31,2026,1,20,12,11,5,46
17,38,2026,1,20,13,4,6,44
17,42,2026,1,20,15,6,15,35
17,48,2026,1,20,19,2,9,28
17,54,2026,1,20,1,3,16,15
18,0,2026,1,20,1,6,0,21
18,5,2026,1,20,19,2,0,23
18,9,2026,1,20,15,5,0,28
18,14,2026,1,20,13,3,1,30
18,20,2026,1,20,12,22,20,32
18,26,2026,1,20,14,4,10,26
18,31,2026,1,20,12,13,4,35
18,38,2026,1,20,13,5,10,30
18,42,2026,1,20,15,5,12,23
18,48,2026,1,20,19,2,5,20
18,54,2026,1,20,1,5,9,16
19,0,2026,1,20,1,3,0,19
19,5,2026,1,20,19,2,1,20
19,9,2026,1,20,15,3,3,20
19,14,2026,1,20,13,6,1,25
19,20,2026,1,20,12,28,18,35
19,26,2026,1,20,14,3,7,31
19,31,2026,1,20,12,30,3,58
19,38,2026,1,20,13,4,18,44
19,42,2026,1,20,15,6,8,42
19,48,2026,1,20,19,4,12,34
19,54,2026,1,20,1,3,13,24
20,0,2026,1,20,1,6,0,30
20,5,2026,1,20,19,3,1,32
20,9,2026,1,20,15,6,1,37
20,14,2026,1,20,13,3,6,34
20,20,2026,1,20,12,12,20,26
20,26,2026,1,20,14,6,10,22
20,31,2026,1,20,12,29,3,48
20,38,2026,1,20,13,2,11,39
20,42,2026,1,20,15,6,10,35
20,48,2026,1,20,19,2,12,25
20,54,2026,1,20,1,4,8,21
21,0,2026,1,20,1,3,0,24
21,5,2026,1,20,19,4,2,26
21,9,2026,1,20,15,4,0,30
21,14,2026,1,20,13,5,2,33
21,20,2026,1,20,12,34,21,46
21,26,2026,1,20,14,2,18,30
21,31,2026,1,20,12,8,2,36
21,38,2026,1,20,13,2,7,31
21,42,2026,1,20,15,4,10,25
21,48,2026,1,20,19,3,10,18
21,54,2026,1,20,1,2,10,10
22,0,2026,1,20,1,4,0,14
22,5,2026,1,20,19,3,0,17
22,9,2026,1,20,15,6,2,21
22,14,2026,1,20,13,3,0,24
22,20,2026,1,20,12,25,15,34
22,26,2026,1,20,14,3,11,26
22,31,2026,1,20,12,16,2,40
22,38,2026,1,20,13,5,7,38
22,42,2026,1,20,15,4,11,31
22,48,2026,1,20,19,5,11,25
22,54,2026,1,20,1,6,12,19
23,0,2026,1,20,1,2,0,21
23,5,2026,1,20,19,3,0,24
23,9,2026,1,20,15,6,1,29
23,14,2026,1,20,13,3,1,31
23,20,2026,1,20,12,20,15,36
23,26,2026,1,20,14,2,16,22
23,31,2026,1,20,12,17,0,39
23,38,2026,1,20,13,6,7,38
23,42,2026,1,20,15,6,13,31
23,48,2026,1,20,19,4,12,23
23,54,2026,1,20,1,0,23,0
6,0,2026,1,21,1,6,0,6
6,5,2026,1,21,19,2,0,8
6,9,2026,1,21,15,15,2,21
6,14,2026,1,21,13,4,2,23
6,20,2026,1,21,12,30,20,33
6,26,2026,1,21,14,18,8,43
6,31,2026,1,21,12,36,14,65
6,38,2026,1,21,13,5,15,55
6,42,2026,1,21,15,8,16,47
6,48,2026,1,21,19,4,16,35
6,54,2026,1,21,1,2,17,20
7,0,2026,1,21,1,3,0,23
7,5,2026,1,21,19,5,3,25
7,9,2026,1,21,15,15,0,40
7,14,2026,1,21,13,2,16,26
7,20,2026,1,21,12,17,11,32
7,26,2026,1,21,14,10,5,37
7,31,2026,1,21,12,33,4,66
7,38,2026,1,21,13,5,16,55
7,42,2026,1,21,15,6,0,61
7,48,2026,1,21,19,3,23,41
7,54,2026,1,21,1,1,26,16
8,0,2026,1,21,1,3,0,19
8,5,2026,1,21,19,2,0,21
8,9,2026,1,21,15,21,0,42
8,14,2026,1,21,13,1,12,31
8,20,2026,1,21,12,21,15,37
8,26,2026,1,21,14,9,4,42
8,31,2026,1,21,12,27,3,66
8,38,2026,1,21,13,2,18,50
8,42,2026,1,21,15,6,3,53
8,48,2026,1,21,19,3,22,34
8,54,2026,1,21,1,4,24,14
9,0,2026,1,21,1,1,0,15
9,5,2026,1,21,19,5,1,19
9,9,2026,1,21,15,5,0,24
9,14,2026,1,21,13,4,10,18
9,20,2026,1,21,12,10,12,16
9,26,2026,1,21,14,3,2,17
9,31,2026,1,21,12,29,0,46
9,38,2026,1,21,13,2,11,37
9,42,2026,1,21,15,5,1,41
9,48,2026,1,21,19,1,19,23
9,54,2026,1,21,1,3,18,8
10,0,2026,1,21,1,4,0,12
10,5,2026,1,21,19,4,0,16
10,9,2026,1,21,15,5,0,21
10,14,2026,1,21,13,3,1,23
10,20,2026,1,21,12,10,20,13
10,26,2026,1,21,14,5,3,15
10,31,2026,1,21,12,15,2,28
10,38,2026,1,21,13,2,6,24
10,42,2026,1,21,15,6,7,23
10,48,2026,1,21,19,2,6,19
10,54,2026,1,21,1,6,8,17
11,0,2026,1,21,1,6,0,23
11,5,2026,1,21,19,4,1,26
11,9,2026,1,21,15,3,0,29
11,14,2026,1,21,13,4,2,31
11,20,2026,1,21,12,28,21,38
11,26,2026,1,21,14,4,15,27
11,31,2026,1,21,12,22,2,47
11,38,2026,1,21,13,5,12,40
11,42,2026,1,21,15,5,10,35
11,48,2026,1,21,19,3,12,26
11,54,2026,1,21,1,2,9,19
12,0,2026,1,21,1,4,0,23
12,5,2026,1,21,19,4,2,25
12,9,2026,1,21,15,3,1,27
12,14,2026,1,21,13,5,1,31
12,20,2026,1,21,12,29,18,42
12,26,2026,1,21,14,3,12,33
12,31,2026,1,21,12,16,1,48
12,38,2026,1,21,13,2,5,45
12,42,2026,1,21,15,3,14,34
12,48,2026,1,21,19,2,14,22
12,54,2026,1,21,1,4,13,13
13,0,2026,1,21,1,21,0,34
13,5,2026,1,21,19,20,2,52
13,9,2026,1,21,15,3,10,45
13,14,2026,1,21,13,7,5,47
13,20,2026,1,21,12,33,21,59
13,26,2026,1,21,14,2,22,39
13,31,2026,1,21,12,28,1,66
13,38,2026,1,21,13,18,18,66
13,42,2026,1,21,15,6,22,50
13,48,2026,1,21,19,25,9,66
13,54,2026,1,21,1,17,17,66
14,0,2026,1,21,1,27,0,93
14,5,2026,1,21,19,27,8,112
14,9,2026,1,21,15,6,26,92
14,14,2026,1,21,13,5,31,66
14,20,2026,1,21,12,20,20,66
14,26,2026,1,21,14,6,24,48
14,31,2026,1,21,12,15,5,58
14,38,2026,1,21,13,11,11,58
14,42,2026,1,21,15,3,12,49
14,48,2026,1,21,19,25,12,62
14,54,2026,1,21,1,18,20,60
15,0,2026,1,21,1,6,0,66
15,5,2026,1,21,19,3,3,66
15,9,2026,1,21,15,2,14,54
15,14,2026,1,21,13,18,6,66
15,20,2026,1,21,12,18,30,54
15,26,2026,1,21,14,6,24,36
15,31,2026,1,21,12,17,4,49
15,38,2026,1,21,13,23,6,66
15,42,2026,1,21,15,2,24,44
15,48,2026,1,21,19,11,15,40
15,54,2026,1,21,1,31,8,63
16,0,2026,1,21,1,3,0,66
16,5,2026,1,21,19,6,10,62
16,9,2026,1,21,15,4,13,53
16,14,2026,1,21,13,3,10,46
16,20,2026,1,21,12,22,23,45
16,26,2026,1,21,14,6,23,28
16,31,2026,1,21,12,14,5,37
16,38,2026,1,21,13,2,5,34
16,42,2026,1,21,15,4,8,30
16,48,2026,1,21,19,2,9,23
16,54,2026,1,21,1,2,11,14
17,0,2026,1,21,1,4,0,18
17,5,2026,1,21,19,6,0,24
17,9,2026,1,21,15,6,0,30
17,14,2026,1,21,13,5,3,32
17,20,2026,1,21,12,9,21,20
17,26,2026,1,21,14,6,11,15
17,31,2026,1,21,12,26,4,37
17,38,2026,1,21,13,2,5,34
17,42,2026,1,21,15,4,9,29
17,48,2026,1,21,19,4,11,22
17,54,2026,1,21,1,3,6,19
18,0,2026,1,21,1,6,0,25
18,5,2026,1,21,19,3,1,27
18,9,2026,1,21,15,2,2,27
18,14,2026,1,21,13,3,3,27
18,20,2026,1,21,12,15,18,24
18,26,2026,1,21,14,3,11,16
18,31,2026,1,21,12,16,3,29
18,38,2026,1,21,13,3,8,24
18,42,2026,1,21,15,2,5,21
18,48,2026,1,21,19,5,1,25
18,54,2026,1,21,1,2,9,18
19,0,2026,1,21,1,2,0,20
19,5,2026,1,21,19,6,0,26
19,9,2026,1,21,15,5,0,31
19,14,2026,1,21,13,2,3,30
19,20,2026,1,21,12,34,18,46
19,26,2026,1,21,14,3,15,34
19,31,2026,1,21,12,21,0,55
19,38,2026,1,21,13,6,12,49
19,42,2026,1,21,15,3,12,40
19,48,2026,1,21,19,5,13,32
19,54,2026,1,21,1,4,15,21
20,0,2026,1,21,1,4,0,25
20,5,2026,1,21,19,6,0,31
20,9,2026,1,21,15,3,3,31
20,14,2026,1,21,13,3,2,32
20,20,2026,1,21,12,19,20,31
20,26,2026,1,21,14,5,11,25
20,31,2026,1,21,12,23,4,44
20,38,2026,1,21,13,3,6,41
20,42,2026,1,21,15,2,12,31
20,48,2026,1,21,19,6,14,23
20,54,2026,1,21,1,4,6,21
21,0,2026,1,21,1,2,0,23
21,5,2026,1,21,19,3,1,25
21,9,2026,1,21,15,2,1,26
21,14,2026,1,21,13,5,3,28
21,20,2026,1,21,12,30,19,39
21,26,2026,1,21,14,4,15,28
21,31,2026,1,21,12,33,3,58
21,38,2026,1,21,13,5,12,51
21,42,2026,1,21,15,4,17,38
21,48,2026,1,21,19,2,7,33
21,54,2026,1,21,1,4,14,23
22,0,2026,1,21,1,3,0,26
22,5,2026,1,21,19,2,1,27
22,9,2026,1,21,15,6,3,30
22,14,2026,1,21,13,3,2,31
22,20,2026,1,21,12,17,17,31
22,26,2026,1,21,14,2,18,15
22,31,2026,1,21,12,32,0,47
22,38,2026,1,21,13,2,14,35
22,42,2026,1,21,15,2,9,28
22,48,2026,1,21,19,4,8,24
22,54,2026,1,21,1,4,15,13
23,0,2026,1,21,1,4,0,17
23,5,2026,1,21,19,5,0,22
23,9,2026,1,21,15,6,1,27
23,14,2026,1,21,13,3,3,27
23,20,2026,1,21,12,34,16,45
23,26,2026,1,21,14,2,17,30
23,31,2026,1,21,12,12,2,40
23,38,2026,1,21,13,3,6,37
23,42,2026,1,21,15,3,8,32
23,48,2026,1,21,19,3,15,20
23,54,2026,1,21,1,0,20,0
6,0,2026,1,22,1,2,0,2
6,5,2026,1,22,19,2,1,3
6,9,2026,1,22,15,5,0,8
6,14,2026,1,22,13,6,1,13
6,20,2026,1,22,12,20,10,23
6,26,2026,1,22,14,7,4,26
6,31,2026,1,22,12,26,4,48
6,38,2026,1,22,13,3,8,43
6,42,2026,1,22,15,14,13,44
6,48,2026,1,22,19,2,12,34
6,54,2026,1,22,1,5,16,23
7,0,2026,1,22,1,1,0,24
7,5,2026,1,22,19,5,1,28
7,9,2026,1,22,15,19,0,47
7,14,2026,1,22,13,5,12,40
7,20,2026,1,22,12,24,19,45
7,26,2026,1,22,14,14,7,52
7,31,2026,1,22,12,15,1,66
7,38,2026,1,22,13,5,22,49
7,42,2026,1,22,15,8,2,55
7,48,2026,1,22,19,3,21,37
7,54,2026,1,22,1,3,22,18
8,0,2026,1,22,1,2,0,20
8,5,2026,1,22,19,5,1,24
8,9,2026,1,22,15,6,0,30
8,14,2026,1,22,13,4,12,22
8,20,2026,1,22,12,27,15,34
8,26,2026,1,22,14,11,2,43
8,31,2026,1,22,12,21,0,64
8,38,2026,1,22,13,4,19,49
8,42,2026,1,22,15,19,2,66
8,48,2026,1,22,19,4,25,45
8,54,2026,1,22,1,3,27,21
9,0,2026,1,22,1,4,0,25
9,5,2026,1,22,19,4,2,27
9,9,2026,1,22,15,3,2,28
9,14,2026,1,22,13,5,17,16
9,20,2026,1,22,12,33,12,37
9,26,2026,1,22,14,2,3,36
9,31,2026,1,22,12,25,1,60
9,38,2026,1,22,13,1,12,49
9,42,2026,1,22,15,2,2,49
9,48,2026,1,22,19,5,25,29
9,54,2026,1,22,1,1,21,9
10,0,2026,1,22,1,6,0,15
10,5,2026,1,22,19,6,0,21
10,9,2026,1,22,15,5,3,23
10,14,2026,1,22,13,2,5,20
10,20,2026,1,22,12,14,16,18
10,26,2026,1,22,14,2,8,12
10,31,2026,1,22,12,8,1,19
10,38,2026,1,22,13,4,4,19
10,42,2026,1,22,15,3,2,20
10,48,2026,1,22,19,5,6,19
10,54,2026,1,22,1,6,5,20
11,0,2026,1,22,1,6,0,26
11,5,2026,1,22,19,5,1,30
11,9,2026,1,22,15,6,4,32
11,14,2026,1,22,13,4,2,34
11,20,2026,1,22,12,28,21,41
11,26,2026,1,22,14,5,14,32
11,31,2026,1,22,12,22,2,52
11,38,2026,1,22,13,3,17,38
11,42,2026,1,22,15,2,11,29
11,48,2026,1,22,19,6,10,25
11,54,2026,1,22,1,3,11,17
12,0,2026,1,22,1,4,0,21
12,5,2026,1,22,19,6,2,25
12,9,2026,1,22,15,5,4,26
12,14,2026,1,22,13,5,1,30
12,20,2026,1,22,12,34,21,43
12,26,2026,1,22,14,4,16,31
12,31,2026,1,22,12,36,3,64
12,38,2026,1,22,13,3,19,48
12,42,2026,1,22,15,6,13,41
12,48,2026,1,22,19,2,11,32
12,54,2026,1,22,1,6,15,23
13,0,2026,1,22,1,24,0,47
13,5,2026,1,22,19,13,1,59
13,9,2026,1,22,15,3,7,55
13,14,2026,1,22,13,18,7,66
13,20,2026,1,22,12,20,25,61
13,26,2026,1,22,14,6,21,46
13,31,2026,1,22,12,25,5,66
13,38,2026,1,22,13,9,9,66
13,42,2026,1,22,15,6,17,55
13,48,2026,1,22,19,16,13,58
13,54,2026,1,22,1,20,21,57
14,0,2026,1,22,1,9,0,66
14,5,2026,1,22,19,5,5,66
14,9,2026,1,22,15,2,15,53
14,14,2026,1,22,13,16,8,61
14,20,2026,1,22,12,27,22,66
14,26,2026,1,22,14,6,21,51
14,31,2026,1,22,12,10,4,57
14,38,2026,1,22,13,9,8,58
14,42,2026,1,22,15,3,14,47
14,48,2026,1,22,19,32,20,59
14,54,2026,1,22,1,23,16,66
15,0,2026,1,22,1,7,0,73
15,5,2026,1,22,19,14,3,84
15,9,2026,1,22,15,5,16,73
15,14,2026,1,22,13,5,12,66
15,20,2026,1,22,12,20,33,53
15,26,2026,1,22,14,5,21,37
15,31,2026,1,22,12,31,2,66
15,38,2026,1,22,13,13,13,66
15,42,2026,1,22,15,5,19,52
15,48,2026,1,22,19,17,10,59
15,54,2026,1,22,1,10,23,46
16,0,2026,1,22,1,4,0,50
16,5,2026,1,22,19,5,4,51
16,9,2026,1,22,15,2,8,45
16,14,2026,1,22,13,6,11,40
16,20,2026,1,22,12,15,23,32
16,26,2026,1,22,14,4,12,24
16,31,2026,1,22,12,27,4,47
16,38,2026,1,22,13,5,5,47
16,42,2026,1,22,15,2,11,38
16,48,2026,1,22,19,6,9,35
16,54,2026,1,22,1,3,17,21
17,0,2026,1,22,1,5,0,26
17,5,2026,1,22,19,3,0,29
17,9,2026,1,22,15,6,0,35
17,14,2026,1,22,13,5,4,36
17,20,2026,1,22,12,14,23,27
17,26,2026,1,22,14,4,15,16
17,31,2026,1,22,12,14,2,28
17,38,2026,1,22,13,6,7,27
17,42,2026,1,22,15,4,7,24
17,48,2026,1,22,19,2,12,14
17,54,2026,1,22,1,3,5,12
18,0,2026,1,22,1,4,0,16
18,5,2026,1,22,19,6,1,21
18,9,2026,1,22,15,3,1,23
18,14,2026,1,22,13,3,3,23
18,20,2026,1,22,12,25,18,30
18,26,2026,1,22,14,5,10,25
18,31,2026,1,22,12,13,4,34
18,38,2026,1,22,13,4,6,32
18,42,2026,1,22,15,6,7,31
18,48,2026,1,22,19,3,11,23
18,54,2026,1,22,1,2,9,16
19,0,2026,1,22,1,5,0,21
19,5,2026,1,22,19,3,2,22
19,9,2026,1,22,15,6,1,27
19,14,2026,1,22,13,2,1,28
19,20,2026,1,22,12,14,22,20
19,26,2026,1,22,14,6,6,20
19,31,2026,1,22,12,9,5,24
19,38,2026,1,22,13,4,5,23
19,42,2026,1,22,15,4,6,21
19,48,2026,1,22,19,2,7,16
19,54,2026,1,22,1,3,8,11
20,0,2026,1,22,1,4,0,15
20,5,2026,1,22,19,4,0,19
20,9,2026,1,22,15,5,2,22
20,14,2026,1,22,13,3,3,22
20,20,2026,1,22,12,26,15,33
20,26,2026,1,22,14,3,7,29
20,31,2026,1,22,12,15,1,43
20,38,2026,1,22,13,3,10,36
20,42,2026,1,22,15,4,8,32
20,48,2026,1,22,19,6,13,25
20,54,2026,1,22,1,3,9,19
21,0,2026,1,22,1,2,0,21
21,5,2026,1,22,19,3,0,24
21,9,2026,1,22,15,3,0,27
21,14,2026,1,22,13,4,0,31
21,20,2026,1,22,12,10,20,21
21,26,2026,1,22,14,6,12,15
21,31,2026,1,22,12,23,3,35
21,38,2026,1,22,13,6,9,32
21,42,2026,1,22,15,4,7,29
21,48,2026,1,22,19,2,7,24
21,54,2026,1,22,1,5,7,22
22,0,2026,1,22,1,2,0,24
22,5,2026,1,22,19,5,1,28
22,9,2026,1,22,15,4,2,30
22,14,2026,1,22,13,2,3,29
22,20,2026,1,22,12,28,18,39
22,26,2026,1,22,14,6,17,28
22,31,2026,1,22,12,28,5,51
22,38,2026,1,22,13,2,12,41
22,42,2026,1,22,15,3,11,33
22,48,2026,1,22,19,2,13,22
22,54,2026,1,22,1,6,9,19
23,0,2026,1,22,1,3,0,22
23,5,2026,1,22,19,6,0,28
23,9,2026,1,22,15,4,2,30
23,14,2026,1,22,13,2,1,31
23,20,2026,1,22,12,28,20,39
23,26,2026,1,22,14,4,17,26
23,31,2026,1,22,12,32,3,55
23,38,2026,1,22,13,6,18,43
23,42,2026,1,22,15,6,11,38
23,48,2026,1,22,19,6,20,24
23,54,2026,1,22,1,0,24,0
6,0,2026,1,23,1,4,0,4
6,5,2026,1,23,19,6,0,10
6,9,2026,1,23,15,14,1,23
6,14,2026,1,23,13,4,5,22
6,20,2026,1,23,12,36,16,42
6,26,2026,1,23,14,21,11,52
6,31,2026,1,23,12,25,13,64
6,38,2026,1,23,13,2,20,46
6,42,2026,1,23,15,20,16,50
6,48,2026,1,23,19,3,11,42
6,54,2026,1,23,1,3,16,29
7,0,2026,1,23,1,3,0,32
7,5,2026,1,23,19,5,1,36
7,9,2026,1,23,15,9,0,45
7,14,2026,1,23,13,3,18,30
7,20,2026,1,23,12,16,18,28
7,26,2026,1,23,14,8,6,30
7,31,2026,1,23,12,23,0,53
7,38,2026,1,23,13,5,19,39
7,42,2026,1,23,15,11,1,49
7,48,2026,1,23,19,2,17,34
7,54,2026,1,23,1,3,20,17
8,0,2026,1,23,1,4,0,21
8,5,2026,1,23,19,3,6,18
8,9,2026,1,23,15,19,0,37
8,14,2026,1,23,13,5,13,29
8,20,2026,1,23,12,28,11,46
8,26,2026,1,23,14,19,4,61
8,31,2026,1,23,12,7,2,66
8,38,2026,1,23,13,2,20,48
8,42,2026,1,23,15,18,0,66
8,48,2026,1,23,19,5,23,48
8,54,2026,1,23,1,4,22,30
9,0,2026,1,23,1,4,0,34
9,5,2026,1,23,19,1,5,30
9,9,2026,1,23,15,6,0,36
9,14,2026,1,23,13,4,17,23
9,20,2026,1,23,12,11,14,20
9,26,2026,1,23,14,3,3,20
9,31,2026,1,23,12,14,0,34
9,38,2026,1,23,13,3,10,27
9,42,2026,1,23,15,2,2,27
9,48,2026,1,23,19,1,17,11
9,54,2026,1,23,1,3,9,5
10,0,2026,1,23,1,4,0,9
10,5,2026,1,23,19,3,0,12
10,9,2026,1,23,15,4,0,16
10,14,2026,1,23,13,5,1,20
10,20,2026,1,23,12,32,13,39
10,26,2026,1,23,14,6,8,37
10,31,2026,1,23,12,28,3,62
10,38,2026,1,23,13,3,14,51
10,42,2026,1,23,15,2,15,38
10,48,2026,1,23,19,6,16,28
10,54,2026,1,23,1,3,17,14
11,0,2026,1,23,1,2,0,16
11,5,2026,1,23,19,2,0,18
11,9,2026,1,23,15,3,1,20
11,14,2026,1,23,13,6,1,25
11,20,2026,1,23,12,16,17,24
11,26,2026,1,23,14,5,9,20
11,31,2026,1,23,12,18,4,34
11,38,2026,1,23,13,3,5,32
11,42,2026,1,23,15,6,10,28
11,48,2026,1,23,19,2,6,24
11,54,2026,1,23,1,3,9,18
12,0,2026,1,23,1,4,0,22
12,5,2026,1,23,19,5,1,26
12,9,2026,1,23,15,3,0,29
12,14,2026,1,23,13,4,2,31
12,20,2026,1,23,12,9,21,19
12,26,2026,1,23,14,4,10,13
12,31,2026,1,23,12,16,3,26
12,38,2026,1,23,13,5,5,26
12,42,2026,1,23,15,4,5,25
12,48,2026,1,23,19,6,9,22
12,54,2026,1,23,1,5,7,20
13,0,2026,1,23,1,21,0,41
13,5,2026,1,23,19,15,0,56
13,9,2026,1,23,15,6,11,51
13,14,2026,1,23,13,12,5,58
13,20,2026,1,23,12,22,24,56
13,26,2026,1,23,14,6,25,37
13,31,2026,1,23,12,18,3,52
13,38,2026,1,23,13,19,5,66
13,42,2026,1,23,15,2,22,46
13,48,2026,1,23,19,12,9,49
13,54,2026,1,23,1,7,19,37
14,0,2026,1,23,1,11,0,48
14,5,2026,1,23,19,21,3,66
14,9,2026,1,23,15,3,16,53
14,14,2026,1,23,13,19,6,66
14,20,2026,1,23,12,9,21,54
14,26,2026,1,23,14,5,22,37
14,31,2026,1,23,12,19,4,52
14,38,2026,1,23,13,19,5,66
14,42,2026,1,23,15,6,21,51
14,48,2026,1,23,19,23,10,64
14,54,2026,1,23,1,17,15,66
15,0,2026,1,23,1,28,0,94
15,5,2026,1,23,19,23,9,108
15,9,2026,1,23,15,2,23,87
15,14,2026,1,23,13,11,20,78
15,20,2026,1,23,12,22,34,66
15,26,2026,1,23,14,2,27,41
15,31,2026,1,23,12,9,1,49
15,38,2026,1,23,13,26,10,65
15,42,2026,1,23,15,2,19,48
15,48,2026,1,23,19,31,14,65
15,54,2026,1,23,1,11,14,62
16,0,2026,1,23,1,4,0,66
16,5,2026,1,23,19,3,4,65
16,9,2026,1,23,15,6,14,57
16,14,2026,1,23,13,2,15,44
16,20,2026,1,23,12,34,21,57
16,26,2026,1,23,14,4,25,36
16,31,2026,1,23,12,19,1,54
16,38,2026,1,23,13,2,12,44
16,42,2026,1,23,15,5,11,38
16,48,2026,1,23,19,5,14,29
16,54,2026,1,23,1,3,13,19
17,0,2026,1,23,1,6,0,25
17,5,2026,1,23,19,5,0,30
17,9,2026,1,23,15,6,1,35
17,14,2026,1,23,13,3,3,35
17,20,2026,1,23,12,11,21,25
17,26,2026,1,23,14,3,11,17
17,31,2026,1,23,12,16,1,32
17,38,2026,1,23,13,5,5,32
17,42,2026,1,23,15,2,7,27
17,48,2026,1,23,19,5,10,22
17,54,2026,1,23,1,3,5,20
18,0,2026,1,23,1,6,0,26
18,5,2026,1,23,19,4,1,29
18,9,2026,1,23,15,3,2,30
18,14,2026,1,23,13,4,3,31
18,20,2026,1,23,12,18,17,32
18,26,2026,1,23,14,3,14,21
18,31,2026,1,23,12,27,1,47
18,38,2026,1,23,13,5,9,43
18,42,2026,1,23,15,3,12,34
18,48,2026,1,23,19,4,8,30
18,54,2026,1,23,1,2,19,13
19,0,2026,1,23,1,5,0,18
19,5,2026,1,23,19,2,0,20
19,9,2026,1,23,15,3,1,22
19,14,2026,1,23,13,5,1,26
19,20,2026,1,23,12,21,15,32
19,26,2026,1,23,14,2,13,21
19,31,2026,1,23,12,17,1,37
19,38,2026,1,23,13,2,10,29
19,42,2026,1,23,15,6,7,28
19,48,2026,1,23,19,4,6,26
19,54,2026,1,23,1,2,13,15
20,0,2026,1,23,1,6,0,21
20,5,2026,1,23,19,6,2,25
20,9,2026,1,23,15,3,1,27
20,14,2026,1,23,13,6,3,30
20,20,2026,1,23,12,13,20,23
20,26,2026,1,23,14,2,5,20
20,31,2026,1,23,12,35,2,53
20,38,2026,1,23,13,4,8,49
20,42,2026,1,23,15,4,15,38
20,48,2026,1,23,19,4,9,33
20,54,2026,1,23,1,4,16,21
21,0,2026,1,23,1,6,0,27
21,5,2026,1,23,19,3,0,30
21,9,2026,1,23,15,6,1,35
21,14,2026,1,23,13,4,3,36
21,20,2026,1,23,12,22,22,36
21,26,2026,1,23,14,3,12,27
21,31,2026,1,23,12,17,1,43
21,38,2026,1,23,13,6,8,41
21,42,2026,1,23,15,6,8,39
21,48,2026,1,23,19,5,12,32
21,54,2026,1,23,1,6,15,23
22,0,2026,1,23,1,6,0,29
22,5,2026,1,23,19,6,1,34
22,9,2026,1,23,15,4,3,35
22,14,2026,1,23,13,2,2,35
22,20,2026,1,23,12,26,21,40
22,26,2026,1,23,14,6,14,32
22,31,2026,1,23,12,25,6,51
22,38,2026,1,23,13,5,12,44
22,42,2026,1,23,15,4,7,41
22,48,2026,1,23,19,5,14,32
22,54,2026,1,23,1,2,13,21
23,0,2026,1,23,1,2,0,23
23,5,2026,1,23,19,4,1,26
23,9,2026,1,23,15,4,0,30
23,14,2026,1,23,13,2,1,31
23,20,2026,1,23,12,34,16,49
23,26,2026,1,23,14,6,22,33
23,31,2026,1,23,12,16,3,46
23,38,2026,1,23,13,2,9,39
23,42,2026,1,23,15,4,14,29
23,48,2026,1,23,19,3,14,18
23,54,2026,1,23,1,0,18,0
6,0,2026,1,24,1,6,0,6
6,5,2026,1,24,19,6,0,12
6,9,2026,1,24,15,19,2,29
6,14,2026,1,24,13,5,1,33
6,20,2026,1,24,12,12,23,22
6,26,2026,1,24,14,5,5,22
6,31,2026,1,24,12,11,3,30
6,38,2026,1,24,13,2,8,24
6,42,2026,1,24,15,11,4,31
6,48,2026,1,24,19,4,6,29
6,54,2026,1,24,1,5,11,23
7,0,2026,1,24,1,1,0,24
7,5,2026,1,24,19,4,2,26
7,9,2026,1,24,15,5,2,29
7,14,2026,1,24,13,2,11,20
7,20,2026,1,24,12,9,10,19
7,26,2026,1,24,14,18,4,33
7,31,2026,1,24,12,35,4,64
7,38,2026,1,24,13,2,15,51
7,42,2026,1,24,15,12,1,62
7,48,2026,1,24,19,1,25,38
7,54,2026,1,24,1,4,22,20
8,0,2026,1,24,1,3,0,23
8,5,2026,1,24,19,2,2,23
8,9,2026,1,24,15,19,1,41
8,14,2026,1,24,13,4,16,29
8,20,2026,1,24,12,24,6,47
8,26,2026,1,24,14,19,4,62
8,31,2026,1,24,12,6,2,66
8,38,2026,1,24,13,1,21,46
8,42,2026,1,24,15,16,2,60
8,48,2026,1,24,19,2,22,40
8,54,2026,1,24,1,2,21,21
9,0,2026,1,24,1,2,0,23
9,5,2026,1,24,19,5,0,28
9,9,2026,1,24,15,2,0,30
9,14,2026,1,24,13,1,14,17
9,20,2026,1,24,12,36,13,40
9,26,2026,1,24,14,6,2,44
9,31,2026,1,24,12,22,0,66
9,38,2026,1,24,13,1,16,51
9,42,2026,1,24,15,2,0,53
9,48,2026,1,24,19,5,21,37
9,54,2026,1,24,1,4,27,14
10,0,2026,1,24,1,4,0,18
10,5,2026,1,24,19,2,0,20
10,9,2026,1,24,15,4,1,23
10,14,2026,1,24,13,5,3,25
10,20,2026,1,24,12,22,19,28
10,26,2026,1,24,14,5,11,22
10,31,2026,1,24,12,19,2,39
10,38,2026,1,24,13,3,7,35
10,42,2026,1,24,15,3,10,28
10,48,2026,1,24,19,4,7,25
10,54,2026,1,24,1,6,15,16
11,0,2026,1,24,1,2,0,18
11,5,2026,1,24,19,5,2,21
11,9,2026,1,24,15,2,2,21
11,14,2026,1,24,13,4,1,24
11,20,2026,1,24,12,21,17,28
11,26,2026,1,24,14,5,7,26
11,31,2026,1,24,12,36,4,58
11,38,2026,1,24,13,2,11,49
11,42,2026,1,24,15,6,11,44
11,48,2026,1,24,19,2,10,36
11,54,2026,1,24,1,4,17,23
12,0,2026,1,24,1,5,0,28
12,5,2026,1,24,19,5,1,32
12,9,2026,1,24,15,3,0,35
12,14,2026,1,24,13,2,3,34
12,20,2026,1,24,12,21,15,40
12,26,2026,1,24,14,4,16,28
12,31,2026,1,24,12,17,2,43
12,38,2026,1,24,13,2,8,37
12,42,2026,1,24,15,6,7,36
12,48,2026,1,24,19,2,8,30
12,54,2026,1,24,1,2,16,16
13,0,2026,1,24,1,25,0,41
13,5,2026,1,24,19,7,2,46
13,9,2026,1,24,15,2,10,38
13,14,2026,1,24,13,30,2,66
13,20,2026,1,24,12,18,25,59
13,26,2026,1,24,14,6,22,43
13,31,2026,1,24,12,27,4,66
13,38,2026,1,24,13,6,6,66
13,42,2026,1,24,15,4,25,45
13,48,2026,1,24,19,27,14,58
13,54,2026,1,24,1,24,16,66
14,0,2026,1,24,1,30,0,96
14,5,2026,1,24,19,20,10,106
14,9,2026,1,24,15,6,22,90
14,14,2026,1,24,13,5,29,66
14,20,2026,1,24,12,22,22,66
14,26,2026,1,24,14,6,23,49
14,31,2026,1,24,12,23,6,66
14,38,2026,1,24,13,7,7,66
14,42,2026,1,24,15,3,18,51
14,48,2026,1,24,19,20,15,56
14,54,2026,1,24,1,25,21,60
15,0,2026,1,24,1,6,0,66
15,5,2026,1,24,19,5,5,66
15,9,2026,1,24,15,6,17,55
15,14,2026,1,24,13,17,6,66
15,20,2026,1,24,12,18,23,61
15,26,2026,1,24,14,5,22,44
15,31,2026,1,24,12,25,3,66
15,38,2026,1,24,13,8,12,62
15,42,2026,1,24,15,5,23,44
15,48,2026,1,24,19,29,13,60
15,54,2026,1,24,1,19,13,66
16,0,2026,1,24,1,6,0,72
16,5,2026,1,24,19,1,7,66
16,9,2026,1,24,15,2,14,54
16,14,2026,1,24,13,5,6,53
16,20,2026,1,24,12,34,26,61
16,26,2026,1,24,14,5,20,46
16,31,2026,1,24,12,15,3,58
16,38,2026,1,24,13,6,13,51
16,42,2026,1,24,15,2,14,39
16,48,2026,1,24,19,6,10,35
16,54,2026,1,24,1,6,19,22
17,0,2026,1,24,1,4,0,26
17,5,2026,1,24,19,3,0,29
17,9,2026,1,24,15,3,1,31
17,14,2026,1,24,13,2,4,29
17,20,2026,1,24,12,36,20,45
17,26,2026,1,24,14,2,15,32
17,31,2026,1,24,12,19,1,50
17,38,2026,1,24,13,5,9,46
17,42,2026,1,24,15,6,15,37
17,48,2026,1,24,19,3,13,27
17,54,2026,1,24,1,2,9,20
18,0,2026,1,24,1,6,0,26
18,5,2026,1,24,19,2,0,28
18,9,2026,1,24,15,4,1,31
18,14,2026,1,24,13,3,4,30
18,20,2026,1,24,12,29,18,41
18,26,2026,1,24,14,3,15,29
18,31,2026,1,24,12,17,2,44
18,38,2026,1,24,13,4,11,37
18,42,2026,1,24,15,5,15,27
18,48,2026,1,24,19,4,11,20
18,54,2026,1,24,1,2,7,15
19,0,2026,1,24,1,3,0,18
19,5,2026,1,24,19,5,0,23
19,9,2026,1,24,15,5,4,24
19,14,2026,1,24,13,6,6,24
19,20,2026,1,24,12,30,16,38
19,26,2026,1,24,14,6,11,33
19,31,2026,1,24,12,16,5,44
19,38,2026,1,24,13,3,10,37
19,42,2026,1,24,15,2,9,30
19,48,2026,1,24,19,6,10,26
19,54,2026,1,24,1,5,15,16
20,0,2026,1,24,1,2,0,18
20,5,2026,1,24,19,5,0,23
20,9,2026,1,24,15,5,0,28
20,14,2026,1,24,13,3,2,29
20,20,2026,1,24,12,23,21,31
20,26,2026,1,24,14,3,7,27
20,31,2026,1,24,12,24,3,48
20,38,2026,1,24,13,4,8,44
20,42,2026,1,24,15,3,11,36
20,48,2026,1,24,19,3,13,26
20,54,2026,1,24,1,3,13,16
21,0,2026,1,24,1,3,0,19
21,5,2026,1,24,19,2,0,21
21,9,2026,1,24,15,5,1,25
21,14,2026,1,24,13,2,0,27
21,20,2026,1,24,12,26,16,37
21,26,2026,1,24,14,2,14,25
21,31,2026,1,24,12,32,1,56
21,38,2026,1,24,13,2,12,46
21,42,2026,1,24,15,3,16,33
21,48,2026,1,24,19,3,15,21
21,54,2026,1,24,1,6,9,18
22,0,2026,1,24,1,3,0,21
22,5,2026,1,24,19,6,0,27
22,9,2026,1,24,15,3,2,28
22,14,2026,1,24,13,4,1,31
22,20,2026,1,24,12,21,22,30
22,26,2026,1,24,14,2,11,21
22,31,2026,1,24,12,24,1,44
22,38,2026,1,24,13,4,7,41
22,42,2026,1,24,15,2,11,32
22,48,2026,1,24,19,3,11,24
22,54,2026,1,24,1,6,11,19
23,0,2026,1,24,1,4,0,23
23,5,2026,1,24,19,2,3,22
23,9,2026,1,24,15,5,2,25
23,14,2026,1,24,13,6,3,28
23,20,2026,1,24,12,20,18,30
23,26,2026,1,24,14,6,11,25
23,31,2026,1,24,12,13,5,33
23,38,2026,1,24,13,3,3,33
23,42,2026,1,24,15,5,7,31
23,48,2026,1,24,19,3,14,20
23,54,2026,1,24,1,0,20,0
6,0,2026,1,25,1,5,0,5
6,5,2026,1,25,19,3,0,8
6,9,2026,1,25,15,11,0,19
6,14,2026,1,25,13,5,1,23
6,20,2026,1,25,12,19,19,23
6,26,2026,1,25,14,6,7,22
6,31,2026,1,25,12,34,4,52
6,38,2026,1,25,13,2,11,43
6,42,2026,1,25,15,17,12,48
6,48,2026,1,25,19,2,10,40
6,54,2026,1,25,1,2,17,25
7,0,2026,1,25,1,2,0,27
7,5,2026,1,25,19,4,0,31
7,9,2026,1,25,15,8,2,37
7,14,2026,1,25,13,5,15,27
7,20,2026,1,25,12,11,10,28
7,26,2026,1,25,14,15,7,36
7,31,2026,1,25,12,20,1,55
7,38,2026,1,25,13,1,19,37
7,42,2026,1,25,15,10,0,47
7,48,2026,1,25,19,4,15,36
7,54,2026,1,25,1,3,24,15
8,0,2026,1,25,1,2,0,17
8,5,2026,1,25,19,2,2,17
8,9,2026,1,25,15,13,0,30
8,14,2026,1,25,13,3,7,26
8,20,2026,1,25,12,23,10,39
8,26,2026,1,25,14,16,5,50
8,31,2026,1,25,12,8,2,56
8,38,2026,1,25,13,2,12,46
8,42,2026,1,25,15,17,3,60
8,48,2026,1,25,19,4,21,43
8,54,2026,1,25,1,1,26,18
9,0,2026,1,25,1,4,0,22
9,5,2026,1,25,19,4,2,24
9,9,2026,1,25,15,2,0,26
9,14,2026,1,25,13,5,13,18
9,20,2026,1,25,12,36,9,45
9,26,2026,1,25,14,4,4,45
9,31,2026,1,25,12,8,0,53
9,38,2026,1,25,13,1,12,42
9,42,2026,1,25,15,4,4,42
9,48,2026,1,25,19,2,17,27
9,54,2026,1,25,1,2,23,6
10,0,2026,1,25,1,5,0,11
10,5,2026,1,25,19,6,2,15
10,9,2026,1,25,15,5,2,18
10,14,2026,1,25,13,3,1,20
10,20,2026,1,25,12,14,15,19
10,26,2026,1,25,14,4,4,19
10,31,2026,1,25,12,22,2,39
10,38,2026,1,25,13,3,9,33
10,42,2026,1,25,15,2,6,29
10,48,2026,1,25,19,5,11,23
10,54,2026,1,25,1,2,11,14
11,0,2026,1,25,1,5,0,19
11,5,2026,1,25,19,3,1,21
11,9,2026,1,25,15,3,1,23
11,14,2026,1,25,13,2,2,23
11,20,2026,1,25,12,24,16,31
11,26,2026,1,25,14,2,13,20
11,31,2026,1,25,12,15,1,34
11,38,2026,1,25,13,2,9,27
11,42,2026,1,25,15,3,9,21
11,48,2026,1,25,19,3,10,14
11,54,2026,1,25,1,6,5,15
12,0,2026,1,25,1,2,0,17
12,5,2026,1,25,19,2,0,19
12,9,2026,1,25,15,5,0,24
12,14,2026,1,25,13,6,4,26
12,20,2026,1,25,12,21,14,33
12,26,2026,1,25,14,3,14,22
12,31,2026,1,25,12,30,3,49
12,38,2026,1,25,13,2,7,44
12,42,2026,1,25,15,5,10,39
12,48,2026,1,25,19,2,7,34
12,54,2026,1,25,1,5,16,23
13,0,2026,1,25,1,17,0,40
13,5,2026,1,25,19,7,1,46
13,9,2026,1,25,15,6,4,48
13,14,2026,1,25,13,21,3,66
13,20,2026,1,25,12,17,24,59
13,26,2026,1,25,14,3,24,38
13,31,2026,1,25,12,29,1,66
13,38,2026,1,25,13,9,9,66
13,42,2026,1,25,15,5,24,47
13,48,2026,1,25,19,10,15,42
13,54,2026,1,25,1,11,16,37
14,0,2026,1,25,1,29,0,66
14,5,2026,1,25,19,5,5,66
14,9,2026,1,25,15,2,10,58
14,14,2026,1,25,13,15,7,66
14,20,2026,1,25,12,27,27,66
14,26,2026,1,25,14,4,22,48
14,31,2026,1,25,12,21,3,66
14,38,2026,1,25,13,9,12,63
14,42,2026,1,25,15,4,23,44
14,48,2026,1,25,19,19,13,50
14,54,2026,1,25,1,24,18,56
15,0,2026,1,25,1,10,0,66
15,5,2026,1,25,19,4,4,66
15,9,2026,1,25,15,4,18,52
15,14,2026,1,25,13,9,10,51
15,20,2026,1,25,12,12,24,39
15,26,2026,1,25,14,4,21,22
15,31,2026,1,25,12,35,2,55
15,38,2026,1,25,13,18,7,66
15,42,2026,1,25,15,5,20,51
15,48,2026,1,25,19,16,10,57
15,54,2026,1,25,1,17,8,66
16,0,2026,1,25,1,3,0,69
16,5,2026,1,25,19,3,6,66
16,9,2026,1,25,15,2,6,62
16,14,2026,1,25,13,5,11,56
16,20,2026,1,25,12,34,27,63
16,26,2026,1,25,14,4,20,47
16,31,2026,1,25,12,23,4,66
16,38,2026,1,25,13,3,12,57
16,42,2026,1,25,15,4,20,41
16,48,2026,1,25,19,5,20,26
16,54,2026,1,25,1,3,14,15
17,0,2026,1,25,1,4,0,19
17,5,2026,1,25,19,4,3,20
17,9,2026,1,25,15,2,1,21
17,14,2026,1,25,13,2,3,20
17,20,2026,1,25,12,8,14,14
17,26,2026,1,25,14,6,5,15
17,31,2026,1,25,12,26,4,37
17,38,2026,1,25,13,2,5,34
17,42,2026,1,25,15,4,9,29
17,48,2026,1,25,19,4,7,26
17,54,2026,1,25,1,6,14,18
18,0,2026,1,25,1,4,0,22
18,5,2026,1,25,19,2,0,24
18,9,2026,1,25,15,4,1,27
18,14,2026,1,25,13,2,2,27
18,20,2026,1,25,12,31,20,38
18,26,2026,1,25,14,3,15,26
18,31,2026,1,25,12,33,2,57
18,38,2026,1,25,13,6,13,50
18,42,2026,1,25,15,2,13,39
18,48,2026,1,25,19,2,11,30
18,54,2026,1,25,1,6,15,21
19,0,2026,1,25,1,2,0,23
19,5,2026,1,25,19,6,1,28
19,9,2026,1,25,15,4,1,31
19,14,2026,1,25,13,2,1,32
19,20,2026,1,25,12,33,20,45
19,26,2026,1,25,14,3,16,32
19,31,2026,1,25,12,16,2,46
19,38,2026,1,25,13,5,9,42
19,42,2026,1,25,15,6,9,39
19,48,2026,1,25,19,4,13,30
19,54,2026,1,25,1,2,17,15
20,0,2026,1,25,1,4,0,19
20,5,2026,1,25,19,4,0,23
20,9,2026,1,25,15,2,2,23
20,14,2026,1,25,13,5,2,26
20,20,2026,1,25,12,19,18,27
20,26,2026,1,25,14,3,5,25
20,31,2026,1,25,12,36,2,59
20,38,2026,1,25,13,4,10,53
20,42,2026,1,25,15,3,15,41
20,48,2026,1,25,19,4,12,33
20,54,2026,1,25,1,4,12,25
21,0,2026,1,25,1,3,0,28
21,5,2026,1,25,19,5,1,32
21,9,2026,1,25,15,3,4,31
21,14,2026,1,25,13,5,2,34
21,20,2026,1,25,12,13,17,30
21,26,2026,1,25,14,5,15,20
21,31,2026,1,25,12,25,4,41
21,38,2026,1,25,13,5,3,43
21,42,2026,1,25,15,6,11,38
21,48,2026,1,25,19,2,16,24
21,54,2026,1,25,1,2,8,18
22,0,2026,1,25,1,5,0,23
22,5,2026,1,25,19,5,1,27
22,9,2026,1,25,15,6,2,31
22,14,2026,1,25,13,2,3,30
22,20,2026,1,25,12,9,18,21
22,26,2026,1,25,14,4,11,14
22,31,2026,1,25,12,26,3,37
22,38,2026,1,25,13,6,8,35
22,42,2026,1,25,15,3,7,31
22,48,2026,1,25,19,2,12,21
22,54,2026,1,25,1,2,11,12
23,0,2026,1,25,1,6,0,18
23,5,2026,1,25,19,5,0,23
23,9,2026,1,25,15,6,3,26
23,14,2026,1,25,13,5,0,31
23,20,2026,1,25,12,13,22,22
23,26,2026,1,25,14,6,13,15
23,31,2026,1,25,12,28,5,38
23,38,2026,1,25,13,4,10,32
23,42,2026,1,25,15,3,6,29
23,48,2026,1,25,19,6,10,25
23,54,2026,1,25,1,0,25,0
6,0,2026,1,26,1,6,0,6
6,5,2026,1,26,19,4,1,9
6,9,2026,1,26,15,11,1,19
6,14,2026,1,26,13,3,3,19
6,20,2026,1,26,12,17,15,21
6,26,2026,1,26,14,21,4,38
6,31,2026,1,26,12,34,16,56
6,38,2026,1,26,13,5,9,52
6,42,2026,1,26,15,17,18,51
6,48,2026,1,26,19,5,9,47
6,54,2026,1,26,1,5,13,39
7,0,2026,1,26,1,1,0,40
7,5,2026,1,26,19,4,1,43
7,9,2026,1,26,15,18,0,61
7,14,2026,1,26,13,5,18,48
7,20,2026,1,26,12,20,22,46
7,26,2026,1,26,14,13,10,49
7,31,2026,1,26,12,21,4,66
7,38,2026,1,26,13,2,18,50
7,42,2026,1,26,15,7,2,55
7,48,2026,1,26,19,1,21,35
7,54,2026,1,26,1,2,25,12
8,0,2026,1,26,1,1,0,13
8,5,2026,1,26,19,2,0,15
8,9,2026,1,26,15,14,0,29
8,14,2026,1,26,13,3,13,19
8,20,2026,1,26,12,24,6,37
8,26,2026,1,26,14,9,6,40
8,31,2026,1,26,12,27,1,66
8,38,2026,1,26,13,4,19,51
8,42,2026,1,26,15,19,4,66
8,48,2026,1,26,19,4,21,49
8,54,2026,1,26,1,3,23,29
9,0,2026,1,26,1,1,0,30
9,5,2026,1,26,19,2,2,30
9,9,2026,1,26,15,4,1,33
9,14,2026,1,26,13,5,14,24
9,20,2026,1,26,12,26,14,36
9,26,2026,1,26,14,6,6,36
9,31,2026,1,26,12,14,1,49
9,38,2026,1,26,13,1,14,36
9,42,2026,1,26,15,4,0,40
9,48,2026,1,26,19,5,17,28
9,54,2026,1,26,1,2,20,10
10,0,2026,1,26,1,2,0,12
10,5,2026,1,26,19,4,1,15
10,9,2026,1,26,15,2,2,15
10,14,2026,1,26,13,5,0,20
10,20,2026,1,26,12,17,16,21
10,26,2026,1,26,14,4,6,19
10,31,2026,1,26,12,20,3,36
10,38,2026,1,26,13,2,4,34
10,42,2026,1,26,15,5,8,31
10,48,2026,1,26,19,6,5,32
10,54,2026,1,26,1,6,16,22
11,0,2026,1,26,1,2,0,24
11,5,2026,1,26,19,6,1,29
11,9,2026,1,26,15,4,2,31
11,14,2026,1,26,13,6,1,36
11,20,2026,1,26,12,11,21,26
11,26,2026,1,26,14,6,13,19
11,31,2026,1,26,12,27,1,45
11,38,2026,1,26,13,3,11,37
11,42,2026,1,26,15,4,14,27
11,48,2026,1,26,19,2,11,18
11,54,2026,1,26,1,5,7,16
12,0,2026,1,26,1,4,0,20
12,5,2026,1,26,19,5,2,23
12,9,2026,1,26,15,3,2,24
12,14,2026,1,26,13,2,4,22
12,20,2026,1,26,12,22,15,29
12,26,2026,1,26,14,5,12,22
12,31,2026,1,26,12,28,3,47
12,38,2026,1,26,13,3,11,39
12,42,2026,1,26,15,5,9,35
12,48,2026,1,26,19,2,10,27
12,54,2026,1,26,1,3,12,18
13,0,2026,1,26,1,27,0,45
13,5,2026,1,26,19,7,2,50
13,9,2026,1,26,15,5,6,49
13,14,2026,1,26,13,22,5,66
13,20,2026,1,26,12,24,24,66
13,26,2026,1,26,14,2,23,45
13,31,2026,1,26,12,15,1,59
13,38,2026,1,26,13,7,5,61
13,42,2026,1,26,15,4,20,45
13,48,2026,1,26,19,26,15,56
13,54,2026,1,26,1,8,17,47
14,0,2026,1,26,1,15,0,62
14,5,2026,1,26,19,8,4,66
14,9,2026,1,26,15,3,15,54
14,14,2026,1,26,13,22,10,66
14,20,2026,1,26,12,27,27,66
14,26,2026,1,26,14,5,22,49
14,31,2026,1,26,12,20,3,66
14,38,2026,1,26,13,4,4,66
14,42,2026,1,26,15,3,20,49
14,48,2026,1,26,19,25,23,51
14,54,2026,1,26,1,26,21,56
15,0,2026,1,26,1,10,0,66
15,5,2026,1,26,19,3,3,66
15,9,2026,1,26,15,5,6,65
15,14,2026,1,26,13,10,9,66
15,20,2026,1,26,12,28,36,58
15,26,2026,1,26,14,3,31,30
15,31,2026,1,26,12,21,2,49
15,38,2026,1,26,13,21,4,66
15,42,2026,1,26,15,5,17,54
15,48,2026,1,26,19,13,18,49
15,54,2026,1,26,1,10,14,45
16,0,2026,1,26,1,5,0,50
16,5,2026,1,26,19,4,6,48
16,9,2026,1,26,15,4,6,46
16,14,2026,1,26,13,3,10,39
16,20,2026,1,26,12,19,20,38
16,26,2026,1,26,14,3,13,28
16,31,2026,1,26,12,14,2,40
16,38,2026,1,26,13,4,8,36
16,42,2026,1,26,15,5,10,31
16,48,2026,1,26,19,4,10,25
16,54,2026,1,26,1,4,14,15
17,0,2026,1,26,1,4,0,19
17,5,2026,1,26,19,3,0,22
17,9,2026,1,26,15,5,2,25
17,14,2026,1,26,13,2,2,25
17,20,2026,1,26,12,19,20,24
17,26,2026,1,26,14,6,8,22
17,31,2026,1,26,12,18,2,38
17,38,2026,1,26,13,4,5,37
17,42,2026,1,26,15,6,14,29
17,48,2026,1,26,19,6,5,30
17,54,2026,1,26,1,4,14,20
18,0,2026,1,26,1,5,0,25
18,5,2026,1,26,19,5,0,30
18,9,2026,1,26,15,2,3,29
18,14,2026,1,26,13,2,0,31
18,20,2026,1,26,12,21,20,32
18,26,2026,1,26,14,5,13,24
18,31,2026,1,26,12,33,2,55
18,38,2026,1,26,13,4,12,47
18,42,2026,1,26,15,6,9,44
18,48,2026,1,26,19,4,16,32
18,54,2026,1,26,1,5,14,23
19,0,2026,1,26,1,6,0,29
19,5,2026,1,26,19,3,0,32
19,9,2026,1,26,15,4,1,35
19,14,2026,1,26,13,3,4,34
19,20,2026,1,26,12,8,19,23
19,26,2026,1,26,14,4,14,13
19,31,2026,1,26,12,17,2,28
19,38,2026,1,26,13,2,6,24
19,42,2026,1,26,15,4,4,24
19,48,2026,1,26,19,3,12,15
19,54,2026,1,26,1,4,6,13
20,0,2026,1,26,1,2,0,15
20,5,2026,1,26,19,2,1,16
20,9,2026,1,26,15,5,0,21
20,14,2026,1,26,13,4,0,25
20,20,2026,1,26,12,32,17,40
20,26,2026,1,26,14,3,10,33
20,31,2026,1,26,12,25,2,56
20,38,2026,1,26,13,4,12,48
20,42,2026,1,26,15,3,11,40
20,48,2026,1,26,19,5,13,32
20,54,2026,1,26,1,3,19,16
21,0,2026,1,26,1,2,0,18
21,5,2026,1,26,19,4,0,22
21,9,2026,1,26,15,2,1,23
21,14,2026,1,26,13,3,1,25
21,20,2026,1,26,12,22,16,31
21,26,2026,1,26,14,6,12,25
21,31,2026,1,26,12,11,4,32
21,38,2026,1,26,13,3,7,28
21,42,2026,1,26,15,2,8,22
21,48,2026,1,26,19,6,7,21
21,54,2026,1,26,1,6,11,16
22,0,2026,1,26,1,6,0,22
22,5,2026,1,26,19,3,0,25
22,9,2026,1,26,15,5,2,28
22,14,2026,1,26,13,6,3,31
22,20,2026,1,26,12,28,22,37
22,26,2026,1,26,14,3,10,30
22,31,2026,1,26,12,14,2,42
22,38,2026,1,26,13,4,8,38
22,42,2026,1,26,15,6,15,29
22,48,2026,1,26,19,3,8,24
22,54,2026,1,26,1,5,9,20
23,0,2026,1,26,1,5,0,25
23,5,2026,1,26,19,3,0,28
23,9,2026,1,26,15,2,4,26
23,14,2026,1,26,13,2,0,28
23,20,2026,1,26,12,23,21,30
23,26,2026,1,26,14,4,10,24
23,31,2026,1,26,12,31,3,52
23,38,2026,1,26,13,3,10,45
23,42,2026,1,26,15,2,17,30
23,48,2026,1,26,19,5,12,23
23,54,2026,1,26,1,0,23,0
6,0,2026,1,27,1,4,0,4
6,5,2026,1,27,19,3,0,7
6,9,2026,1,27,15,20,2,25
6,14,2026,1,27,13,3,1,27
6,20,2026,1,27,12,11,18,20
6,26,2026,1,27,14,8,6,22
6,31,2026,1,27,12,26,5,43
6,38,2026,1,27,13,3,9,37
6,42,2026,1,27,15,8,8,37
6,48,2026,1,27,19,2,14,25
6,54,2026,1,27,1,2,10,17
7,0,2026,1,27,1,2,0,19
7,5,2026,1,27,19,4,2,21
7,9,2026,1,27,15,6,0,27
7,14,2026,1,27,13,3,8,22
7,20,2026,1,27,12,30,9,43
7,26,2026,1,27,14,20,6,57
7,31,2026,1,27,12,12,3,66
7,38,2026,1,27,13,1,22,45
7,42,2026,1,27,15,5,2,48
7,48,2026,1,27,19,4,20,32
7,54,2026,1,27,1,4,21,15
8,0,2026,1,27,1,4,0,19
8,5,2026,1,27,19,4,0,23
8,9,2026,1,27,15,5,2,26
8,14,2026,1,27,13,5,14,17
8,20,2026,1,27,12,22,9,30
8,26,2026,1,27,14,5,2,33
8,31,2026,1,27,12,33,0,66
8,38,2026,1,27,13,1,20,47
8,42,2026,1,27,15,21,3,65
8,48,2026,1,27,19,4,26,43
8,54,2026,1,27,1,1,25,19
9,0,2026,1,27,1,1,0,20
9,5,2026,1,27,19,3,1,22
9,9,2026,1,27,15,5,1,26
9,14,2026,1,27,13,3,9,20
9,20,2026,1,27,12,8,14,14
9,26,2026,1,27,14,5,2,17
9,31,2026,1,27,12,29,1,45
9,38,2026,1,27,13,1,9,37
9,42,2026,1,27,15,5,2,40
9,48,2026,1,27,19,5,20,25
9,54,2026,1,27,1,4,19,10
10,0,2026,1,27,1,6,0,16
10,5,2026,1,27,19,2,0,18
10,9,2026,1,27,15,3,2,19
10,14,2026,1,27,13,6,0,25
10,20,2026,1,27,12,15,22,18
10,26,2026,1,27,14,2,7,13
10,31,2026,1,27,12,29,2,40
10,38,2026,1,27,13,5,3,42
10,42,2026,1,27,15,6,15,33
10,48,2026,1,27,19,2,13,22
10,54,2026,1,27,1,6,6,22
11,0,2026,1,27,1,5,0,27
11,5,2026,1,27,19,2,0,29
11,9,2026,1,27,15,2,1,30
11,14,2026,1,27,13,5,2,33
11,20,2026,1,27,12,23,23,33
11,26,2026,1,27,14,6,14,25
11,31,2026,1,27,12,17,5,37
11,38,2026,1,27,13,5,9,33
11,42,2026,1,27,15,2,13,22
11,48,2026,1,27,19,3,10,15
11,54,2026,1,27,1,3,4,14
12,0,2026,1,27,1,6,0,20
12,5,2026,1,27,19,4,1,23
12,9,2026,1,27,15,2,3,22
12,14,2026,1,27,13,2,2,22
12,20,2026,1,27,12,30,18,34
12,26,2026,1,27,14,6,10,30
12,31,2026,1,27,12,21,5,46
12,38,2026,1,27,13,5,13,38
12,42,2026,1,27,15,6,11,33
12,48,2026,1,27,19,2,11,24
12,54,2026,1,27,1,5,12,17
13,0,2026,1,27,1,24,0,41
13,5,2026,1,27,19,24,1,64
13,9,2026,1,27,15,2,14,52
13,14,2026,1,27,13,12,7,57
13,20,2026,1,27,12,34,27,64
13,26,2026,1,27,14,6,28,42
13,31,2026,1,27,12,29,5,66
13,38,2026,1,27,13,14,14,66
13,42,2026,1,27,15,3,21,48
13,48,2026,1,27,19,23,10,61
13,54,2026,1,27,1,22,17,66
14,0,2026,1,27,1,26,0,92
14,5,2026,1,27,19,16,9,99
14,9,2026,1,27,15,5,25,79
14,14,2026,1,27,13,7,20,66
14,20,2026,1,27,12,26,26,66
14,26,2026,1,27,14,4,23,47
14,31,2026,1,27,12,12,3,56
14,38,2026,1,27,13,17,7,66
14,42,2026,1,27,15,2,23,45
14,48,2026,1,27,19,29,10,64
14,54,2026,1,27,1,18,20,62
15,0,2026,1,27,1,4,0,66
15,5,2026,1,27,19,4,4,66
15,9,2026,1,27,15,6,11,61
15,14,2026,1,27,13,11,6,66
15,20,2026,1,27,12,22,33,55
15,26,2026,1,27,14,5,20,40
15,31,2026,1,27,12,29,3,66
15,38,2026,1,27,13,11,11,66
15,42,2026,1,27,15,4,21,49
15,48,2026,1,27,19,28,17,60
15,54,2026,1,27,1,22,16,66
16,0,2026,1,27,1,5,0,71
16,5,2026,1,27,19,6,5,72
16,9,2026,1,27,15,5,13,64
16,14,2026,1,27,13,6,10,60
16,20,2026,1,27,12,20,34,46
16,26,2026,1,27,14,4,21,29
16,31,2026,1,27,12,33,3,59
16,38,2026,1,27,13,4,7,56
16,42,2026,1,27,15,6,15,47
16,48,2026,1,27,19,3,18,32
16,54,2026,1,27,1,4,13,23
17,0,2026,1,27,1,2,0,25
17,5,2026,1,27,19,6,0,31
17,9,2026,1,27,15,2,3,30
17,14,2026,1,27,13,5,1,34
17,20,2026,1,27,12,18,22,30
17,26,2026,1,27,14,5,15,20
17,31,2026,1,27,12,22,3,39
17,38,2026,1,27,13,4,13,30
17,42,2026,1,27,15,5,9,26
17,48,2026,1,27,19,5,8,23
17,54,2026,1,27,1,3,9,17
18,0,2026,1,27,1,2,0,19
18,5,2026,1,27,19,4,1,22
18,9,2026,1,27,15,5,0,27
18,14,2026,1,27,13,5,2,30
18,20,2026,1,27,12,23,20,33
18,26,2026,1,27,14,2,9,26
18,31,2026,1,27,12,8,1,33
18,38,2026,1,27,13,6,8,31
18,42,2026,1,27,15,5,10,26
18,48,2026,1,27,19,6,4,28
18,54,2026,1,27,1,3,11,20
19,0,2026,1,27,1,4,0,24
19,5,2026,1,27,19,2,1,25
19,9,2026,1,27,15,2,1,26
19,14,2026,1,27,13,3,3,26
19,20,2026,1,27,12,8,19,15
19,26,2026,1,27,14,4,6,13
19,31,2026,1,27,12,34,2,45
19,38,2026,1,27,13,4,9,40
19,42,2026,1,27,15,3,12,31
19,48,2026,1,27,19,6,9,28
19,54,2026,1,27,1,5,12,21
20,0,2026,1,27,1,3,0,24
20,5,2026,1,27,19,2,1,25
20,9,2026,1,27,15,2,0,27
20,14,2026,1,27,13,2,4,25
20,20,2026,1,27,12,31,18,38
20,26,2026,1,27,14,2,20,20
20,31,2026,1,27,12,16,1,35
20,38,2026,1,27,13,3,10,28
20,42,2026,1,27,15,4,10,22
20,48,2026,1,27,19,6,6,22
20,54,2026,1,27,1,4,8,18
21,0,2026,1,27,1,2,0,20
21,5,2026,1,27,19,5,1,24
21,9,2026,1,27,15,4,4,24
21,14,2026,1,27,13,2,2,24
21,20,2026,1,27,12,24,19,29
21,26,2026,1,27,14,4,13,20
21,31,2026,1,27,12,27,4,43
21,38,2026,1,27,13,2,10,35
21,42,2026,1,27,15,6,7,34
21,48,2026,1,27,19,2,13,23
21,54,2026,1,27,1,6,13,16
22,0,2026,1,27,1,2,0,18
22,5,2026,1,27,19,3,0,21
22,9,2026,1,27,15,2,3,20
22,14,2026,1,27,13,4,0,24
22,20,2026,1,27,12,21,17,28
22,26,2026,1,27,14,2,10,20
22,31,2026,1,27,12,30,2,48
22,38,2026,1,27,13,2,10,40
22,42,2026,1,27,15,3,11,32
22,48,2026,1,27,19,2,9,25
22,54,2026,1,27,1,3,9,19
23,0,2026,1,27,1,3,0,22
23,5,2026,1,27,19,4,0,26
23,9,2026,1,27,15,4,3,27
23,14,2026,1,27,13,5,1,31
23,20,2026,1,27,12,20,17,34
23,26,2026,1,27,14,4,14,24
23,31,2026,1,27,12,31,2,53
23,38,2026,1,27,13,6,14,45
23,42,2026,1,27,15,4,18,31
23,48,2026,1,27,19,6,15,22
23,54,2026,1,27,1,0,22,0
6,0,2026,1,28,1,5,0,5
6,5,2026,1,28,19,5,0,10
6,9,2026,1,28,15,16,0,26
6,14,2026,1,28,13,5,2,29
6,20,2026,1,28,12,26,19,36
6,26,2026,1,28,14,16,8,44
6,31,2026,1,28,12,26,11,59
6,38,2026,1,28,13,2,14,47
6,42,2026,1,28,15,20,16,51
6,48,2026,1,28,19,6,10,47
6,54,2026,1,28,1,2,16,33
7,0,2026,1,28,1,4,0,37
7,5,2026,1,28,19,2,4,35
7,9,2026,1,28,15,9,0,44
7,14,2026,1,28,13,4,20,28
7,20,2026,1,28,12,28,16,40
7,26,2026,1,28,14,18,6,52
7,31,2026,1,28,12,18,4,66
7,38,2026,1,28,13,3,22,47
7,42,2026,1,28,15,16,2,61
7,48,2026,1,28,19,5,26,40
7,54,2026,1,28,1,2,25,17
8,0,2026,1,28,1,3,0,20
8,5,2026,1,28,19,2,0,22
8,9,2026,1,28,15,7,2,27
8,14,2026,1,28,13,5,14,18
8,20,2026,1,28,12,24,11,31
8,26,2026,1,28,14,11,0,42
8,31,2026,1,28,12,26,2,66
8,38,2026,1,28,13,5,18,53
8,42,2026,1,28,15,5,6,52
8,48,2026,1,28,19,5,23,34
8,54,2026,1,28,1,3,20,17
9,0,2026,1,28,1,1,0,18
9,5,2026,1,28,19,1,2,17
9,9,2026,1,28,15,4,0,21
9,14,2026,1,28,13,1,7,15
9,20,2026,1,28,12,12,10,17
9,26,2026,1,28,14,4,0,21
9,31,2026,1,28,12,21,0,42
9,38,2026,1,28,13,1,17,26
9,42,2026,1,28,15,5,2,29
9,48,2026,1,28,19,5,11,23
9,54,2026,1,28,1,1,20,4
10,0,2026,1,28,1,2,0,6
10,5,2026,1,28,19,3,0,9
10,9,2026,1,28,15,6,3,12
10,14,2026,1,28,13,3,1,14
10,20,2026,1,28,12,11,12,13
10,26,2026,1,28,14,4,1,16
10,31,2026,1,28,12,28,1,43
10,38,2026,1,28,13,2,6,39
10,42,2026,1,28,15,2,12,29
10,48,2026,1,28,19,5,11,23
10,54,2026,1,28,1,4,13,14
11,0,2026,1,28,1,4,0,18
11,5,2026,1,28,19,5,1,22
11,9,2026,1,28,15,5,1,26
11,14,2026,1,28,13,5,3,28
11,20,2026,1,28,12,12,20,20
11,26,2026,1,28,14,4,10,14
11,31,2026,1,28,12,14,1,27
11,38,2026,1,28,13,5,7,25
11,42,2026,1,28,15,6,4,27
11,48,2026,1,28,19,4,6,25
11,54,2026,1,28,1,4,10,19
12,0,2026,1,28,1,4,0,23
12,5,2026,1,28,19,4,2,25
12,9,2026,1,28,15,2,1,26
12,14,2026,1,28,13,5,1,30
12,20,2026,1,28,12,26,22,34
12,26,2026,1,28,14,2,13,23
12,31,2026,1,28,12,11,0,34
12,38,2026,1,28,13,5,5,34
12,42,2026,1,28,15,5,9,30
12,48,2026,1,28,19,4,9,25
12,54,2026,1,28,1,2,12,15
13,0,2026,1,28,1,15,0,30
13,5,2026,1,28,19,15,0,45
13,9,2026,1,28,15,3,4,44
13,14,2026,1,28,13,23,1,66
13,20,2026,1,28,12,17,27,56
13,26,2026,1,28,14,5,22,39
13,31,2026,1,28,12,29,3,65
13,38,2026,1,28,13,10,9,66
13,42,2026,1,28,15,5,24,47
13,48,2026,1,28,19,31,16,62
13,54,2026,1,28,1,18,14,66
14,0,2026,1,28,1,8,0,74
14,5,2026,1,28,19,15,2,87
14,9,2026,1,28,15,5,17,75
14,14,2026,1,28,13,5,14,66
14,20,2026,1,28,12,32,34,64
14,26,2026,1,28,14,5,21,48
14,31,2026,1,28,12,12,3,57
14,38,2026,1,28,13,9,9,57
14,42,2026,1,28,15,6,20,43
14,48,2026,1,28,19,7,16,34
14,54,2026,1,28,1,31,12,53
15,0,2026,1,28,1,11,0,64
15,5,2026,1,28,19,4,2,66
15,9,2026,1,28,15,3,10,59
15,14,2026,1,28,13,16,9,66
15,20,2026,1,28,12,23,35,54
15,26,2026,1,28,14,4,20,38
15,31,2026,1,28,12,30,2,66
15,38,2026,1,28,13,12,12,66
15,42,2026,1,28,15,5,27,44
15,48,2026,1,28,19,30,16,58
15,54,2026,1,28,1,8,8,58
16,0,2026,1,28,1,5,0,63
16,5,2026,1,28,19,3,3,63
16,9,2026,1,28,15,6,6,63
16,14,2026,1,28,13,5,11,57
16,20,2026,1,28,12,16,34,39
16,26,2026,1,28,14,2,22,19
16,31,2026,1,28,12,36,2,53
16,38,2026,1,28,13,6,14,45
16,42,2026,1,28,15,4,5,44
16,48,2026,1,28,19,2,13,33
16,54,2026,1,28,1,4,14,23
17,0,2026,1,28,1,5,0,28
17,5,2026,1,28,19,5,0,33
17,9,2026,1,28,15,3,1,35
17,14,2026,1,28,13,2,2,35
17,20,2026,1,28,12,36,20,51
17,26,2026,1,28,14,6,22,35
17,31,2026,1,28,12,27,3,59
17,38,2026,1,28,13,6,25,40
17,42,2026,1,28,15,3,9,34
17,48,2026,1,28,19,6,10,30
17,54,2026,1,28,1,6,9,27
18,0,2026,1,28,1,5,0,32
18,5,2026,1,28,19,6,2,36
18,9,2026,1,28,15,5,4,37
18,14,2026,1,28,13,2,4,35
18,20,2026,1,28,12,26,21,40
18,26,2026,1,28,14,3,14,29
18,31,2026,1,28,12,13,2,40
18,38,2026,1,28,13,5,4,41
18,42,2026,1,28,15,2,16,27
18,48,2026,1,28,19,4,9,22
18,54,2026,1,28,1,4,11,15
19,0,2026,1,28,1,5,0,20
19,5,2026,1,28,19,5,1,24
19,9,2026,1,28,15,6,0,30
19,14,2026,1,28,13,3,1,32
19,20,2026,1,28,12,8,22,18
19,26,2026,1,28,14,3,6,15
19,31,2026,1,28,12,34,1,48
19,38,2026,1,28,13,2,9,41
19,42,2026,1,28,15,6,12,35
19,48,2026,1,28,19,3,9,29
19,54,2026,1,28,1,5,11,23
20,0,2026,1,28,1,3,0,26
20,5,2026,1,28,19,4,0,30
20,9,2026,1,28,15,4,0,34
20,14,2026,1,28,13,4,3,35
20,20,2026,1,28,12,36,19,52
20,26,2026,1,28,14,2,19,35
20,31,2026,1,28,12,29,0,64
20,38,2026,1,28,13,5,13,56
20,42,2026,1,28,15,6,16,46
20,48,2026,1,28,19,5,16,35
20,54,2026,1,28,1,4,15,24
21,0,2026,1,28,1,5,0,29
21,5,2026,1,28,19,4,2,31
21,9,2026,1,28,15,6,2,35
21,14,2026,1,28,13,5,2,38
21,20,2026,1,28,12,20,20,38
21,26,2026,1,28,14,4,11,31
21,31,2026,1,28,12,34,2,63
21,38,2026,1,28,13,6,14,55
21,42,2026,1,28,15,3,16,42
21,48,2026,1,28,19,3,14,31
21,54,2026,1,28,1,6,17,20
22,0,2026,1,28,1,6,0,26
22,5,2026,1,28,19,6,2,30
22,9,2026,1,28,15,6,3,33
22,14,2026,1,28,13,5,2,36
22,20,2026,1,28,12,25,20,41
22,26,2026,1,28,14,2,13,30
22,31,2026,1,28,12,31,1,60
22,38,2026,1,28,13,2,14,48
22,42,2026,1,28,15,4,12,40
22,48,2026,1,28,19,2,18,24
22,54,2026,1,28,1,4,12,16
23,0,2026,1,28,1,6,0,22
23,5,2026,1,28,19,6,1,27
23,9,2026,1,28,15,6,0,33
23,14,2026,1,28,13,2,5,30
23,20,2026,1,28,12,8,20,18
23,26,2026,1,28,14,5,8,15
23,31,2026,1,28,12,11,3,23
23,38,2026,1,28,13,5,5,23
23,42,2026,1,28,15,3,8,18
23,48,2026,1,28,19,3,9,12
23,54,2026,1,28,1,0,12,0
6,0,2026,1,29,1,4,0,4
6,5,2026,1,29,19,2,0,6
6,9,2026,1,29,15,14,1,19
6,14,2026,1,29,13,4,1,22
6,20,2026,1,29,12,24,15,31
6,26,2026,1,29,14,5,9,27
6,31,2026,1,29,12,14,3,38
6,38,2026,1,29,13,4,6,36
6,42,2026,1,29,15,21,11,46
6,48,2026,1,29,19,5,9,42
6,54,2026,1,29,1,6,15,33
7,0,2026,1,29,1,4,0,37
7,5,2026,1,29,19,3,4,36
7,9,2026,1,29,15,10,1,45
7,14,2026,1,29,13,1,22,24
7,20,2026,1,29,12,22,14,32
7,26,2026,1,29,14,13,3,42
7,31,2026,1,29,12,26,2,66
7,38,2026,1,29,13,1,15,52
7,42,2026,1,29,15,11,4,59
7,48,2026,1,29,19,1,26,34
7,54,2026,1,29,1,4,20,18
8,0,2026,1,29,1,4,0,22
8,5,2026,1,29,19,2,3,21
8,9,2026,1,29,15,6,0,27
8,14,2026,1,29,13,3,15,15
8,20,2026,1,29,12,13,7,21
8,26,2026,1,29,14,9,3,27
8,31,2026,1,29,12,13,0,40
8,38,2026,1,29,13,1,11,30
8,42,2026,1,29,15,22,1,51
8,48,2026,1,29,19,3,14,40
8,54,2026,1,29,1,2,21,21
9,0,2026,1,29,1,2,0,23
9,5,2026,1,29,19,5,0,28
9,9,2026,1,29,15,6,0,34
9,14,2026,1,29,13,1,19,16
9,20,2026,1,29,12,31,9,38
9,26,2026,1,29,14,2,1,39
9,31,2026,1,29,12,27,0,66
9,38,2026,1,29,13,1,13,54
9,42,2026,1,29,15,3,1,56
9,48,2026,1,29,19,5,25,36
9,54,2026,1,29,1,2,25,13
10,0,2026,1,29,1,2,0,15
10,5,2026,1,29,19,5,0,20
10,9,2026,1,29,15,3,0,23
10,14,2026,1,29,13,6,2,27
10,20,2026,1,29,12,22,18,31
10,26,2026,1,29,14,4,10,25
10,31,2026,1,29,12,25,3,47
10,38,2026,1,29,13,6,9,44
10,42,2026,1,29,15,6,10,40
10,48,2026,1,29,19,3,12,31
10,54,2026,1,29,1,3,13,21
11,0,2026,1,29,1,6,0,27
11,5,2026,1,29,19,5,0,32
11,9,2026,1,29,15,4,1,35
11,14,2026,1,29,13,5,2,38
11,20,2026,1,29,12,34,20,52
11,26,2026,1,29,14,3,20,35
11,31,2026,1,29,12,19,2,52
11,38,2026,1,29,13,6,8,50
11,42,2026,1,29,15,2,17,35
11,48,2026,1,29,19,5,17,23
11,54,2026,1,29,1,5,11,17
12,0,2026,1,29,1,6,0,23
12,5,2026,1,29,19,4,1,26
12,9,2026,1,29,15,3,2,27
12,14,2026,1,29,13,6,1,32
12,20,2026,1,29,12,21,20,33
12,26,2026,1,29,14,5,11,27
12,31,2026,1,29,12,31,2,56
12,38,2026,1,29,13,6,15,47
12,42,2026,1,29,15,6,16,37
12,48,2026,1,29,19,4,14,27
12,54,2026,1,29,1,3,10,20
13,0,2026,1,29,1,27,0,47
13,5,2026,1,29,19,20,4,63
13,9,2026,1,29,15,5,10,58
13,14,2026,1,29,13,14,6,66
13,20,2026,1,29,12,10,29,47
13,26,2026,1,29,14,4,21,30
13,31,2026,1,29,12,20,2,48
13,38,2026,1,29,13,20,2,66
13,42,2026,1,29,15,3,17,52
13,48,2026,1,29,19,18,14,56
13,54,2026,1,29,1,9,14,51
14,0,2026,1,29,1,15,0,66
14,5,2026,1,29,19,2,2,66
14,9,2026,1,29,15,4,12,58
14,14,2026,1,29,13,11,7,62
14,20,2026,1,29,12,27,30,59
14,26,2026,1,29,14,5,25,39
14,31,2026,1,29,12,18,5,52
14,38,2026,1,29,13,17,8,61
14,42,2026,1,29,15,6,16,51
14,48,2026,1,29,19,11,9,53
14,54,2026,1,29,1,25,18,60
15,0,2026,1,29,1,6,0,66
15,5,2026,1,29,19,6,6,66
15,9,2026,1,29,15,6,9,63
15,14,2026,1,29,13,13,13,63
15,20,2026,1,29,12,21,25,59
15,26,2026,1,29,14,4,21,42
15,31,2026,1,29,12,24,3,63
15,38,2026,1,29,13,7,4,66
15,42,2026,1,29,15,4,20,50
15,48,2026,1,29,19,11,19,42
15,54,2026,1,29,1,24,21,45
16,0,2026,1,29,1,3,0,48
16,5,2026,1,29,19,5,3,50
16,9,2026,1,29,15,2,1,51
16,14,2026,1,29,13,2,4,49
16,20,2026,1,29,12,25,34,40
16,26,2026,1,29,14,3,18,25
16,31,2026,1,29,12,25,3,47
16,38,2026,1,29,13,5,10,42
16,42,2026,1,29,15,2,8,36
16,48,2026,1,29,19,5,15,26
16,54,2026,1,29,1,4,14,16
17,0,2026,1,29,1,3,0,19
17,5,2026,1,29,19,6,1,24
17,9,2026,1,29,15,2,0,26
17,14,2026,1,29,13,4,5,25
17,20,2026,1,29,12,9,17,17
17,26,2026,1,29,14,3,8,12
17,31,2026,1,29,12,23,1,34
17,38,2026,1,29,13,2,5,31
17,42,2026,1,29,15,4,6,29
17,48,2026,1,29,19,6,10,25
17,54,2026,1,29,1,4,10,19
18,0,2026,1,29,1,4,0,23
18,5,2026,1,29,19,4,0,27
18,9,2026,1,29,15,4,1,30
18,14,2026,1,29,13,5,2,33
18,20,2026,1,29,12,8,17,24
18,26,2026,1,29,14,5,14,15
18,31,2026,1,29,12,23,4,34
18,38,2026,1,29,13,3,8,29
18,42,2026,1,29,15,6,6,29
18,48,2026,1,29,19,4,9,24
18,54,2026,1,29,1,3,6,21
19,0,2026,1,29,1,5,0,26
19,5,2026,1,29,19,5,0,31
19,9,2026,1,29,15,2,0,33
19,14,2026,1,29,13,4,5,32
19,20,2026,1,29,12,20,21,31
19,26,2026,1,29,14,4,16,19
19,31,2026,1,29,12,27,3,43
19,38,2026,1,29,13,4,9,38
19,42,2026,1,29,15,3,11,30
19,48,2026,1,29,19,4,8,26
19,54,2026,1,29,1,2,12,16
20,0,2026,1,29,1,4,0,20
20,5,2026,1,29,19,4,0,24
20,9,2026,1,29,15,3,0,27
20,14,2026,1,29,13,4,3,28
20,20,2026,1,29,12,14,19,23
20,26,2026,1,29,14,3,7,19
20,31,2026,1,29,12,35,2,52
20,38,2026,1,29,13,6,12,46
20,42,2026,1,29,15,4,9,41
20,48,2026,1,29,19,5,14,32
20,54,2026,1,29,1,3,10,25
21,0,2026,1,29,1,3,0,28
21,5,2026,1,29,19,5,0,33
21,9,2026,1,29,15,2,1,34
21,14,2026,1,29,13,4,4,34
21,20,2026,1,29,12,8,18,24
21,26,2026,1,29,14,4,17,11
21,31,2026,1,29,12,23,2,32
21,38,2026,1,29,13,6,3,35
21,42,2026,1,29,15,6,8,33
21,48,2026,1,29,19,2,7,28
21,54,2026,1,29,1,2,11,19
22,0,2026,1,29,1,6,0,25
22,5,2026,1,29,19,6,2,29
22,9,2026,1,29,15,4,0,33
22,14,2026,1,29,13,5,5,33
22,20,2026,1,29,12,19,22,30
22,26,2026,1,29,14,3,14,19
22,31,2026,1,29,12,25,2,42
22,38,2026,1,29,13,4,12,34
22,42,2026,1,29,15,2,9,27
22,48,2026,1,29,19,5,10,22
22,54,2026,1,29,1,2,11,13
23,0,2026,1,29,1,6,0,19
23,5,2026,1,29,19,6,1,24
23,9,2026,1,29,15,2,1,25
23,14,2026,1,29,13,4,2,27
23,20,2026,1,29,12,27,19,35
23,26,2026,1,29,14,5,10,30
23,31,2026,1,29,12,10,2,38
23,38,2026,1,29,13,2,9,31
23,42,2026,1,29,15,4,9,26
23,48,2026,1,29,19,6,11,21
23,54,2026,1,29,1,0,21,0
6,0,2026,1,30,1,2,0,2
6,5,2026,1,30,19,4,0,6
6,9,2026,1,30,15,19,1,24
6,14,2026,1,30,13,5,3,26
6,20,2026,1,30,12,19,20,25
6,26,2026,1,30,14,16,8,33
6,31,2026,1,30,12,19,12,40
6,38,2026,1,30,13,5,9,36
6,42,2026,1,30,15,6,7,35
6,48,2026,1,30,19,6,8,33
6,54,2026,1,30,1,3,12,24
7,0,2026,1,30,1,1,0,25
7,5,2026,1,30,19,4,3,26
7,9,2026,1,30,15,14,0,40
7,14,2026,1,30,13,1,9,32
7,20,2026,1,30,12,12,13,31
7,26,2026,1,30,14,6,8,29
7,31,2026,1,30,12,20,2,47
7,38,2026,1,30,13,3,13,37
7,42,2026,1,30,15,20,1,56
7,48,2026,1,30,19,5,24,37
7,54,2026,1,30,1,2,24,15
8,0,2026,1,30,1,1,0,16
8,5,2026,1,30,19,3,1,18
8,9,2026,1,30,15,6,0,24
8,14,2026,1,30,13,2,10,16
8,20,2026,1,30,12,9,9,16
8,26,2026,1,30,14,14,3,27
8,31,2026,1,30,12,22,6,43
8,38,2026,1,30,13,2,13,32
8,42,2026,1,30,15,22,2,52
8,48,2026,1,30,19,1,21,32
8,54,2026,1,30,1,4,21,15
9,0,2026,1,30,1,1,0,16
9,5,2026,1,30,19,5,3,18
9,9,2026,1,30,15,5,0,23
9,14,2026,1,30,13,1,15,9
9,20,2026,1,30,12,30,4,35
9,26,2026,1,30,14,4,5,34
9,31,2026,1,30,12,9,2,41
9,38,2026,1,30,13,4,10,35
9,42,2026,1,30,15,2,0,37
9,48,2026,1,30,19,3,18,22
9,54,2026,1,30,1,2,19,5
10,0,2026,1,30,1,3,0,8
10,5,2026,1,30,19,3,0,11
10,9,2026,1,30,15,4,0,15
10,14,2026,1,30,13,6,1,20
10,20,2026,1,30,12,9,13,16
10,26,2026,1,30,14,5,5,16
10,31,2026,1,30,12,22,4,34
10,38,2026,1,30,13,4,7,31
10,42,2026,1,30,15,5,8,28
10,48,2026,1,30,19,2,11,19
10,54,2026,1,30,1,5,9,15
11,0,2026,1,30,1,4,0,19
11,5,2026,1,30,19,4,1,22
11,9,2026,1,30,15,5,1,26
11,14,2026,1,30,13,2,1,27
11,20,2026,1,30,12,24,17,34
11,26,2026,1,30,14,3,12,25
11,31,2026,1,30,12,12,2,35
11,38,2026,1,30,13,2,8,29
11,42,2026,1,30,15,2,11,20
11,48,2026,1,30,19,2,5,17
11,54,2026,1,30,1,2,7,12
12,0,2026,1,30,1,3,0,15
12,5,2026,1,30,19,6,1,20
12,9,2026,1,30,15,5,1,24
12,14,2026,1,30,13,4,2,26
12,20,2026,1,30,12,17,18,25
12,26,2026,1,30,14,4,9,20
12,31,2026,1,30,12,33,2,51
12,38,2026,1,30,13,4,16,39
12,42,2026,1,30,15,4,7,36
12,48,2026,1,30,19,3,13,26
12,54,2026,1,30,1,2,10,18
13,0,2026,1,30,1,10,0,28
13,5,2026,1,30,19,17,0,45
13,9,2026,1,30,15,4,0,49
13,14,2026,1,30,13,17,7,59
13,20,2026,1,30,12,22,28,53
13,26,2026,1,30,14,6,23,36
13,31,2026,1,30,12,20,5,51
13,38,2026,1,30,13,17,8,60
13,42,2026,1,30,15,4,20,44
13,48,2026,1,30,19,13,12,45
13,54,2026,1,30,1,17,15,47
14,0,2026,1,30,1,19,0,66
14,5,2026,1,30,19,10,10,66
14,9,2026,1,30,15,4,16,54
14,14,2026,1,30,13,16,10,60
14,20,2026,1,30,12,17,24,53
14,26,2026,1,30,14,3,25,31
14,31,2026,1,30,12,8,1,38
14,38,2026,1,30,13,19,3,54
14,42,2026,1,30,15,2,20,36
14,48,2026,1,30,19,30,11,55
14,54,2026,1,30,1,15,14,56
15,0,2026,1,30,1,10,0,66
15,5,2026,1,30,19,3,3,66
15,9,2026,1,30,15,4,9,61
15,14,2026,1,30,13,8,12,57
15,20,2026,1,30,12,23,30,50
15,26,2026,1,30,14,5,24,31
15,31,2026,1,30,12,27,3,55
15,38,2026,1,30,13,12,6,61
15,42,2026,1,30,15,2,21,42
15,48,2026,1,30,19,32,15,59
15,54,2026,1,30,1,20,13,66
16,0,2026,1,30,1,4,0,70
16,5,2026,1,30,19,1,5,66
16,9,2026,1,30,15,6,8,64
16,14,2026,1,30,13,3,11,56
16,20,2026,1,30,12,28,35,49
16,26,2026,1,30,14,3,20,32
16,31,2026,1,30,12,32,3,61
16,38,2026,1,30,13,3,16,48
16,42,2026,1,30,15,2,16,34
16,48,2026,1,30,19,3,14,23
16,54,2026,1,30,1,3,8,18
17,0,2026,1,30,1,5,0,23
17,5,2026,1,30,19,5,1,27
17,9,2026,1,30,15,4,1,30
17,14,2026,1,30,13,4,7,27
17,20,2026,1,30,12,16,17,26
17,26,2026,1,30,14,3,9,20
17,31,2026,1,30,12,32,2,50
17,38,2026,1,30,13,2,8,44
17,42,2026,1,30,15,4,11,37
17,48,2026,1,30,19,3,12,28
17,54,2026,1,30,1,4,10,22
18,0,2026,1,30,1,4,0,26
18,5,2026,1,30,19,4,0,30
18,9,2026,1,30,15,6,1,35
18,14,2026,1,30,13,4,2,37
18,20,2026,1,30,12,12,21,28
18,26,2026,1,30,14,6,18,16
18,31,2026,1,30,12,32,3,45
18,38,2026,1,30,13,2,10,37
18,42,2026,1,30,15,2,11,28
18,48,2026,1,30,19,2,10,20
18,54,2026,1,30,1,4,8,16
19,0,2026,1,30,1,2,0,18
19,5,2026,1,30,19,2,0,20
19,9,2026,1,30,15,5,1,24
19,14,2026,1,30,13,2,0,26
19,20,2026,1,30,12,26,13,39
19,26,2026,1,30,14,4,12,31
19,31,2026,1,30,12,22,3,50
19,38,2026,1,30,13,2,8,44
19,42,2026,1,30,15,3,11,36
19,48,2026,1,30,19,6,15,27
19,54,2026,1,30,1,5,12,20
20,0,2026,1,30,1,5,0,25
20,5,2026,1,30,19,3,1,27
20,9,2026,1,30,15,6,4,29
20,14,2026,1,30,13,5,2,32
20,20,2026,1,30,12,13,20,25
20,26,2026,1,30,14,4,14,15
20,31,2026,1,30,12,30,3,42
20,38,2026,1,30,13,6,8,40
20,42,2026,1,30,15,5,9,36
20,48,2026,1,30,19,2,13,25
20,54,2026,1,30,1,2,10,17
21,0,2026,1,30,1,5,0,22
21,5,2026,1,30,19,4,0,26
21,9,2026,1,30,15,6,1,31
21,14,2026,1,30,13,2,1,32
21,20,2026,1,30,12,19,21,30
21,26,2026,1,30,14,3,14,19
21,31,2026,1,30,12,11,0,30
21,38,2026,1,30,13,5,1,34
21,42,2026,1,30,15,2,6,30
21,48,2026,1,30,19,6,12,24
21,54,2026,1,30,1,5,14,15
22,0,2026,1,30,1,2,0,17
22,5,2026,1,30,19,4,0,21
22,9,2026,1,30,15,5,1,25
22,14,2026,1,30,13,4,1,28
22,20,2026,1,30,12,16,20,24
22,26,2026,1,30,14,5,10,19
22,31,2026,1,30,12,36,3,52
22,38,2026,1,30,13,4,11,45
22,42,2026,1,30,15,2,11,36
22,48,2026,1,30,19,3,7,32
22,54,2026,1,30,1,5,11,26
23,0,2026,1,30,1,3,0,29
23,5,2026,1,30,19,3,0,32
23,9,2026,1,30,15,2,3,31
23,14,2026,1,30,13,4,1,34
23,20,2026,1,30,12,21,16,39
23,26,2026,1,30,14,6,22,23
23,31,2026,1,30,12,31,4,50
23,38,2026,1,30,13,4,14,40
23,42,2026,1,30,15,5,15,30
23,48,2026,1,30,19,5,16,19
23,54,2026,1,30,1,0,19,0
6,0,2026,1,31,1,4,0,4
6,5,2026,1,31,19,6,0,10
6,9,2026,1,31,15,21,0,31
6,14,2026,1,31,13,2,2,31
6,20,2026,1,31,12,16,20,27
6,26,2026,1,31,14,8,5,30
6,31,2026,1,31,12,24,4,50
6,38,2026,1,31,13,4,10,44
6,42,2026,1,31,15,15,11,48
6,48,2026,1,31,19,4,21,31
6,54,2026,1,31,1,2,8,25
7,0,2026,1,31,1,3,0,28
7,5,2026,1,31,19,5,2,31
7,9,2026,1,31,15,12,0,43
7,14,2026,1,31,13,3,13,33
7,20,2026,1,31,12,33,15,51
7,26,2026,1,31,14,17,10,58
7,31,2026,1,31,12,11,3,66
7,38,2026,1,31,13,1,22,45
7,42,2026,1,31,15,22,2,65
7,48,2026,1,31,19,4,22,47
7,54,2026,1,31,1,4,20,31
8,0,2026,1,31,1,3,0,34
8,5,2026,1,31,19,2,1,35
8,9,2026,1,31,15,17,1,51
8,14,2026,1,31,13,4,20,35
8,20,2026,1,31,12,22,18,39
8,26,2026,1,31,14,14,2,51
8,31,2026,1,31,12,15,2,64
8,38,2026,1,31,13,5,17,52
8,42,2026,1,31,15,12,2,62
8,48,2026,1,31,19,4,22,44
8,54,2026,1,31,1,2,23,23
9,0,2026,1,31,1,3,0,26
9,5,2026,1,31,19,3,2,27
9,9,2026,1,31,15,3,0,30
9,14,2026,1,31,13,4,9,25
9,20,2026,1,31,12,21,16,30
9,26,2026,1,31,14,3,4,29
9,31,2026,1,31,12,19,0,48
9,38,2026,1,31,13,3,16,35
9,42,2026,1,31,15,3,1,37
9,48,2026,1,31,19,3,18,22
9,54,2026,1,31,1,4,16,10
10,0,2026,1,31,1,5,0,15
10,5,2026,1,31,19,5,0,20
10,9,2026,1,31,15,6,1,25
10,14,2026,1,31,13,6,1,30
10,20,2026,1,31,12,22,20,32
10,26,2026,1,31,14,6,12,26
10,31,2026,1,31,12,18,4,40
10,38,2026,1,31,13,5,8,37
10,42,2026,1,31,15,6,11,32
10,48,2026,1,31,19,2,8,26
10,54,2026,1,31,1,4,10,20
11,0,2026,1,31,1,3,0,23
11,5,2026,1,31,19,3,0,26
11,9,2026,1,31,15,2,1,27
11,14,2026,1,31,13,3,1,29
11,20,2026,1,31,12,33,19,43
11,26,2026,1,31,14,5,17,31
11,31,2026,1,31,12,11,4,38
11,38,2026,1,31,13,3,10,31
11,42,2026,1,31,15,6,9,28
11,48,2026,1,31,19,3,8,23
11,54,2026,1,31,1,5,14,14
12,0,2026,1,31,1,3,0,17
12,5,2026,1,31,19,4,0,21
12,9,2026,1,31,15,3,4,20
12,14,2026,1,31,13,3,4,19
12,20,2026,1,31,12,10,16,13
12,26,2026,1,31,14,4,4,13
12,31,2026,1,31,12,18,4,27
12,38,2026,1,31,13,5,7,25
12,42,2026,1,31,15,4,8,21
12,48,2026,1,31,19,5,6,20
12,54,2026,1,31,1,4,5,19
13,0,2026,1,31,1,7,0,26
13,5,2026,1,31,19,22,0,48
13,9,2026,1,31,15,4,6,46
13,14,2026,1,31,13,16,9,53
13,20,2026,1,31,12,14,20,47
13,26,2026,1,31,14,6,19,34
13,31,2026,1,31,12,10,2,42
13,38,2026,1,31,13,18,5,55
13,42,2026,1,31,15,4,10,49
13,48,2026,1,31,19,10,11,48
13,54,2026,1,31,1,13,18,43
14,0,2026,1,31,1,23,0,66
14,5,2026,1,31,19,5,5,66
14,9,2026,1,31,15,5,11,60
14,14,2026,1,31,13,20,14,66
14,20,2026,1,31,12,21,21,66
14,26,2026,1,31,14,4,22,48
14,31,2026,1,31,12,18,1,65
14,38,2026,1,31,13,13,12,66
14,42,2026,1,31,15,3,22,47
14,48,2026,1,31,19,30,11,66
14,54,2026,1,31,1,18,18,66
15,0,2026,1,31,1,12,0,78
15,5,2026,1,31,19,12,7,83
15,9,2026,1,31,15,3,16,70
15,14,2026,1,31,13,6,10,66
15,20,2026,1,31,12,31,34,63
15,26,2026,1,31,14,2,22,43
15,31,2026,1,31,12,23,2,64
15,38,2026,1,31,13,12,13,63
15,42,2026,1,31,15,3,20,46
15,48,2026,1,31,19,22,10,58
15,54,2026,1,31,1,26,19,65
16,0,2026,1,31,1,1,0,66
16,5,2026,1,31,19,3,3,66
16,9,2026,1,31,15,6,8,64
16,14,2026,1,31,13,5,12,57
16,20,2026,1,31,12,12,27,42
16,26,2026,1,31,14,5,21,26
16,31,2026,1,31,12,32,4,54
16,38,2026,1,31,13,4,7,51
16,42,2026,1,31,15,4,6,49
16,48,2026,1,31,19,6,18,37
16,54,2026,1,31,1,5,18,24
17,0,2026,1,31,1,2,0,26
17,5,2026,1,31,19,2,1,27
17,9,2026,1,31,15,2,0,29
17,14,2026,1,31,13,3,2,30
17,20,2026,1,31,12,31,17,44
17,26,2026,1,31,14,5,20,29
17,31,2026,1,31,12,27,3,53
17,38,2026,1,31,13,6,10,49
17,42,2026,1,31,15,6,19,36
17,48,2026,1,31,19,5,9,32
17,54,2026,1,31,1,3,12,23
18,0,2026,1,31,1,2,0,25
18,5,2026,1,31,19,4,1,28
18,9,2026,1,31,15,3,1,30
18,14,2026,1,31,13,5,3,32
18,20,2026,1,31,12,8,19,21
18,26,2026,1,31,14,6,13,14
18,31,2026,1,31,12,13,2,25
18,38,2026,1,31,13,6,6,25
18,42,2026,1,31,15,3,8,20
18,48,2026,1,31,19,2,5,17
18,54,2026,1,31,1,3,6,14
19,0,2026,1,31,1,6,0,20
19,5,2026,1,31,19,3,0,23
19,9,2026,1,31,15,2,1,24
19,14,2026,1,31,13,4,1,27
19,20,2026,1,31,12,15,20,22
19,26,2026,1,31,14,5,5,22
19,31,2026,1,31,12,13,4,31
19,38,2026,1,31,13,2,6,27
19,42,2026,1,31,15,3,7,23
19,48,2026,1,31,19,2,4,21
19,54,2026,1,31,1,4,11,14
20,0,2026,1,31,1,4,0,18
20,5,2026,1,31,19,5,1,22
20,9,2026,1,31,15,4,2,24
20,14,2026,1,31,13,4,2,26
20,20,2026,1,31,12,29,14,41
20,26,2026,1,31,14,6,15,32
20,31,2026,1,31,12,20,3,49
20,38,2026,1,31,13,6,13,42
20,42,2026,1,31,15,4,15,31
20,48,2026,1,31,19,6,7,30
20,54,2026,1,31,1,2,13,19
21,0,2026,1,31,1,6,0,25
21,5,2026,1,31,19,6,1,30
21,9,2026,1,31,15,5,0,35
21,14,2026,1,31,13,5,5,35
21,20,2026,1,31,12,13,23,25
21,26,2026,1,31,14,2,6,21
21,31,2026,1,31,12,24,1,44
21,38,2026,1,31,13,3,11,36
21,42,2026,1,31,15,5,7,34
21,48,2026,1,31,19,3,11,26
21,54,2026,1,31,1,3,11,18
22,0,2026,1,31,1,6,0,24
22,5,2026,1,31,19,3,0,27
22,9,2026,1,31,15,2,1,28
22,14,2026,1,31,13,2,1,29
22,20,2026,1,31,12,12,20,21
22,26,2026,1,31,14,4,10,15
22,31,2026,1,31,12,32,2,45
22,38,2026,1,31,13,2,12,35
22,42,2026,1,31,15,4,9,30
22,48,2026,1,31,19,6,7,29
22,54,2026,1,31,1,6,11,24
23,0,2026,1,31,1,6,0,30
23,5,2026,1,31,19,3,1,32
23,9,2026,1,31,15,4,0,36
23,14,2026,1,31,13,4,3,37
23,20,2026,1,31,12,9,22,24
23,26,2026,1,31,14,4,12,16
23,31,2026,1,31,12,35,3,48
23,38,2026,1,31,13,6,13,41
23,42,2026,1,31,15,4,12,33
23,48,2026,1,31,19,4,20,17
23,54,2026,1,31,1,0,17,0
6,0,2026,2,1,1,4,0,4
6,5,2026,2,1,19,5,0,9
6,9,2026,2,1,15,20,2,27
6,14,2026,2,1,13,6,4,29
6,20,2026,2,1,12,26,21,34
6,26,2026,2,1,14,16,8,42
6,31,2026,2,1,12,16,13,45
6,38,2026,2,1,13,4,11,38
6,42,2026,2,1,15,19,8,49
6,48,2026,2,1,19,2,10,41
6,54,2026,2,1,1,4,20,25
7,0,2026,2,1,1,1,0,26
7,5,2026,2,1,19,1,1,26
7,9,2026,2,1,15,22,1,47
7,14,2026,2,1,13,3,15,35
7,20,2026,2,1,12,33,17,51
7,26,2026,2,1,14,19,6,64
7,31,2026,2,1,12,5,3,66
7,38,2026,2,1,13,4,20,50
7,42,2026,2,1,15,6,2,54
7,48,2026,2,1,19,2,23,33
7,54,2026,2,1,1,4,20,17
8,0,2026,2,1,1,3,0,20
8,5,2026,2,1,19,4,1,23
8,9,2026,2,1,15,6,0,29
8,14,2026,2,1,13,4,11,22
8,20,2026,2,1,12,11,10,23
8,26,2026,2,1,14,9,3,29
8,31,2026,2,1,12,36,4,61
8,38,2026,2,1,13,4,12,53
8,42,2026,2,1,15,8,0,61
8,48,2026,2,1,19,2,22,41
8,54,2026,2,1,1,4,27,18
9,0,2026,2,1,1,3,0,21
9,5,2026,2,1,19,3,1,23
9,9,2026,2,1,15,5,3,25
9,14,2026,2,1,13,4,7,22
9,20,2026,2,1,12,11,13,20
9,26,2026,2,1,14,4,2,22
9,31,2026,2,1,12,18,1,39
9,38,2026,2,1,13,2,12,29
9,42,2026,2,1,15,4,1,32
9,48,2026,2,1,19,2,15,19
9,54,2026,2,1,1,2,16,5
10,0,2026,2,1,1,3,0,8
10,5,2026,2,1,19,6,0,14
10,9,2026,2,1,15,4,0,18
10,14,2026,2,1,13,3,1,20
10,20,2026,2,1,12,33,18,35
10,26,2026,2,1,14,2,9,28
10,31,2026,2,1,12,33,1,60
10,38,2026,2,1,13,2,18,44
10,42,2026,2,1,15,3,8,39
10,48,2026,2,1,19,4,15,28
10,54,2026,2,1,1,4,13,19
11,0,2026,2,1,1,4,0,23
11,5,2026,2,1,19,4,0,27
11,9,2026,2,1,15,4,1,30
11,14,2026,2,1,13,6,7,29
11,20,2026,2,1,12,36,19,46
11,26,2026,2,1,14,3,14,35
11,31,2026,2,1,12,15,1,49
11,38,2026,2,1,13,4,12,41
11,42,2026,2,1,15,5,13,33
11,48,2026,2,1,19,4,11,26
11,54,2026,2,1,1,5,11,20
12,0,2026,2,1,1,6,0,26
12,5,2026,2,1,19,5,1,30
12,9,2026,2,1,15,4,2,32
12,14,2026,2,1,13,3,1,34
12,20,2026,2,1,12,35,22,47
12,26,2026,2,1,14,2,19,30
12,31,2026,2,1,12,9,2,37
12,38,2026,2,1,13,6,5,38
12,42,2026,2,1,15,6,15,29
12,48,2026,2,1,19,3,8,24
12,54,2026,2,1,1,3,8,19
13,0,2026,2,1,1,28,0,47
13,5,2026,2,1,19,7,0,54
13,9,2026,2,1,15,6,5,55
13,14,2026,2,1,13,19,8,66
13,20,2026,2,1,12,29,32,63
13,26,2026,2,1,14,3,28,38
13,31,2026,2,1,12,31,3,66
13,38,2026,2,1,13,7,7,66
13,42,2026,2,1,15,4,17,53
13,48,2026,2,1,19,28,15,66
13,54,2026,2,1,1,22,22,66
14,0,2026,2,1,1,29,0,95
14,5,2026,2,1,19,10,10,95
14,9,2026,2,1,15,2,21,76
14,14,2026,2,1,13,5,15,66
14,20,2026,2,1,12,32,32,66
14,26,2026,2,1,14,5,24,47
14,31,2026,2,1,12,9,4,52
14,38,2026,2,1,13,7,10,49
14,42,2026,2,1,15,6,13,42
14,48,2026,2,1,19,12,13,41
14,54,2026,2,1,1,8,15,34
15,0,2026,2,1,1,13,0,47
15,5,2026,2,1,19,24,6,65
15,9,2026,2,1,15,6,14,57
15,14,2026,2,1,13,19,10,66
15,20,2026,2,1,12,17,25,58
15,26,2026,2,1,14,4,22,40
15,31,2026,2,1,12,13,3,50
15,38,2026,2,1,13,15,6,59
15,42,2026,2,1,15,2,18,43
15,48,2026,2,1,19,31,11,63
15,54,2026,2,1,1,21,18,66
16,0,2026,2,1,1,5,0,71
16,5,2026,2,1,19,2,7,66
16,9,2026,2,1,15,5,7,64
16,14,2026,2,1,13,5,13,56
16,20,2026,2,1,12,23,29,50
16,26,2026,2,1,14,4,21,33
16,31,2026,2,1,12,32,3,62
16,38,2026,2,1,13,6,10,58
16,42,2026,2,1,15,2,13,47
16,48,2026,2,1,19,5,13,39
16,54,2026,2,1,1,2,20,21
17,0,2026,2,1,1,5,0,26
17,5,2026,2,1,19,3,0,29
17,9,2026,2,1,15,3,0,32
17,14,2026,2,1,13,3,3,32
17,20,2026,2,1,12,12,18,26
17,26,2026,2,1,14,4,16,14
17,31,2026,2,1,12,33,3,44
17,38,2026,2,1,13,6,6,44
17,42,2026,2,1,15,6,13,37
17,48,2026,2,1,19,6,13,30
17,54,2026,2,1,1,2,9,23
18,0,2026,2,1,1,6,0,29
18,5,2026,2,1,19,2,1,30
18,9,2026,2,1,15,5,1,34
18,14,2026,2,1,13,4,4,34
18,20,2026,2,1,12,15,21,28
18,26,2026,2,1,14,3,15,16
18,31,2026,2,1,12,30,3,43
18,38,2026,2,1,13,2,8,37
18,42,2026,2,1,15,2,7,32
18,48,2026,2,1,19,5,13,24
18,54,2026,2,1,1,2,9,17
19,0,2026,2,1,1,4,0,21
19,5,2026,2,1,19,6,0,27
19,9,2026,2,1,15,6,5,28
19,14,2026,2,1,13,3,2,29
19,20,2026,2,1,12,36,15,50
19,26,2026,2,1,14,6,15,41
19,31,2026,2,1,12,12,3,50
19,38,2026,2,1,13,4,11,43
19,42,2026,2,1,15,4,15,32
19,48,2026,2,1,19,5,11,26
19,54,2026,2,1,1,2,9,19
20,0,2026,2,1,1,6,0,25
20,5,2026,2,1,19,2,1,26
20,9,2026,2,1,15,3,2,27
20,14,2026,2,1,13,5,2,30
20,20,2026,2,1,12,27,20,37
20,26,2026,2,1,14,5,12,30
20,31,2026,2,1,12,21,2,49
20,38,2026,2,1,13,2,7,44
20,42,2026,2,1,15,5,10,39
20,48,2026,2,1,19,5,17,27
20,54,2026,2,1,1,4,14,17
21,0,2026,2,1,1,3,0,20
21,5,2026,2,1,19,4,0,24
21,9,2026,2,1,15,4,1,27
21,14,2026,2,1,13,6,3,30
21,20,2026,2,1,12,18,20,28
21,26,2026,2,1,14,5,13,20
21,31,2026,2,1,12,15,3,32
21,38,2026,2,1,13,3,6,29
21,42,2026,2,1,15,5,5,29
21,48,2026,2,1,19,6,11,24
21,54,2026,2,1,1,6,8,22
22,0,2026,2,1,1,2,0,24
22,5,2026,2,1,19,5,0,29
22,9,2026,2,1,15,3,2,30
22,14,2026,2,1,13,6,2,34
22,20,2026,2,1,12,33,19,48
22,26,2026,2,1,14,4,14,38
22,31,2026,2,1,12,9,2,45
22,38,2026,2,1,13,2,5,42
22,42,2026,2,1,15,5,13,34
22,48,2026,2,1,19,5,11,28
22,54,2026,2,1,1,4,18,14
23,0,2026,2,1,1,3,0,17
23,5,2026,2,1,19,4,1,20
23,9,2026,2,1,15,5,1,24
23,14,2026,2,1,13,5,4,25
23,20,2026,2,1,12,12,22,15
23,26,2026,2,1,14,5,3,17
23,31,2026,2,1,12,10,3,24
23,38,2026,2,1,13,3,8,19
23,42,2026,2,1,15,5,7,17
23,48,2026,2,1,19,2,5,14
23,54,2026,2,1,1,0,14,0
6,0,2026,2,2,1,3,0,3
6,5,2026,2,2,19,4,0,7
6,9,2026,2,2,15,20,0,27
6,14,2026,2,2,13,4,4,27
6,20,2026,2,2,12,16,21,22
6,26,2026,2,2,14,10,4,28
6,31,2026,2,2,12,30,8,50
6,38,2026,2,2,13,5,11,44
6,42,2026,2,2,15,19,8,55
6,48,2026,2,2,19,3,12,46
6,54,2026,2,2,1,3,12,37
7,0,2026,2,2,1,3,0,40
7,5,2026,2,2,19,5,3,42
7,9,2026,2,2,15,8,0,50
7,14,2026,2,2,13,5,16,39
7,20,2026,2,2,12,11,20,30
7,26,2026,2,2,14,15,10,35
7,31,2026,2,2,12,15,5,45
7,38,2026,2,2,13,3,9,39
7,42,2026,2,2,15,14,0,53
7,48,2026,2,2,19,4,23,34
7,54,2026,2,2,1,4,21,17
8,0,2026,2,2,1,1,0,18
8,5,2026,2,2,19,4,4,18
8,9,2026,2,2,15,6,1,23
8,14,2026,2,2,13,2,11,14
8,20,2026,2,2,12,11,4,21
8,26,2026,2,2,14,11,4,28
8,31,2026,2,2,12,25,3,50
8,38,2026,2,2,13,1,18,33
8,42,2026,2,2,15,22,1,54
8,48,2026,2,2,19,3,20,37
8,54,2026,2,2,1,3,24,16
9,0,2026,2,2,1,4,0,20
9,5,2026,2,2,19,5,2,23
9,9,2026,2,2,15,3,0,26
9,14,2026,2,2,13,3,10,19
9,20,2026,2,2,12,11,12,18
9,26,2026,2,2,14,2,2,18
9,31,2026,2,2,12,24,0,42
9,38,2026,2,2,13,5,12,35
9,42,2026,2,2,15,4,1,38
9,48,2026,2,2,19,3,18,23
9,54,2026,2,2,1,4,20,7
10,0,2026,2,2,1,2,0,9
10,5,2026,2,2,19,2,0,11
10,9,2026,2,2,15,3,0,14
10,14,2026,2,2,13,4,1,17
10,20,2026,2,2,12,20,12,25
10,26,2026,2,2,14,4,10,19
10,31,2026,2,2,12,19,4,34
10,38,2026,2,2,13,4,9,29
10,42,2026,2,2,15,4,9,24
10,48,2026,2,2,19,3,8,19
10,54,2026,2,2,1,6,11,14
11,0,2026,2,2,1,6,0,20
11,5,2026,2,2,19,2,1,21
11,9,2026,2,2,15,2,1,22
11,14,2026,2,2,13,4,2,24
11,20,2026,2,2,12,26,17,33
11,26,2026,2,2,14,2,12,23
11,31,2026,2,2,12,13,1,35
11,38,2026,2,2,13,4,7,32
11,42,2026,2,2,15,3,12,23
11,48,2026,2,2,19,3,8,18
11,54,2026,2,2,1,2,8,12
12,0,2026,2,2,1,3,0,15
12,5,2026,2,2,19,6,1,20
12,9,2026,2,2,15,3,0,23
12,14,2026,2,2,13,2,3,22
12,20,2026,2,2,12,9,15,16
12,26,2026,2,2,14,6,6,16
12,31,2026,2,2,12,22,2,36
12,38,2026,2,2,13,6,10,32
12,42,2026,2,2,15,4,7,29
12,48,2026,2,2,19,4,11,22
12,54,2026,2,2,1,3,8,17
13,0,2026,2,2,1,21,0,38
13,5,2026,2,2,19,29,2,65
13,9,2026,2,2,15,2,13,54
13,14,2026,2,2,13,19,10,63
13,20,2026,2,2,12,28,27,64
13,26,2026,2,2,14,2,23,43
13,31,2026,2,2,12,23,0,66
13,38,2026,2,2,13,9,16,59
13,42,2026,2,2,15,3,20,42
13,48,2026,2,2,19,18,13,47
13,54,2026,2,2,1,31,12,66
14,0,2026,2,2,1,24,0,90
14,5,2026,2,2,19,11,10,91
14,9,2026,2,2,15,6,19,78
14,14,2026,2,2,13,6,18,66
14,20,2026,2,2,12,23,23,66
14,26,2026,2,2,14,4,29,41
14,31,2026,2,2,12,26,4,63
14,38,2026,2,2,13,9,9,63
14,42,2026,2,2,15,5,22,46
14,48,2026,2,2,19,15,14,47
14,54,2026,2,2,1,7,21,33
15,0,2026,2,2,1,22,0,55
15,5,2026,2,2,19,16,5,66
15,9,2026,2,2,15,5,17,54
15,14,2026,2,2,13,28,16,66
15,20,2026,2,2,12,16,20,62
15,26,2026,2,2,14,2,26,38
15,31,2026,2,2,12,22,1,59
15,38,2026,2,2,13,8,7,60
15,42,2026,2,2,15,2,20,42
15,48,2026,2,2,19,31,14,59
15,54,2026,2,2,1,7,17,49
16,0,2026,2,2,1,6,0,55
16,5,2026,2,2,19,2,3,54
16,9,2026,2,2,15,2,4,52
16,14,2026,2,2,13,2,4,50
16,20,2026,2,2,12,29,30,49
16,26,2026,2,2,14,6,25,30
16,31,2026,2,2,12,17,3,44
16,38,2026,2,2,13,5,14,35
16,42,2026,2,2,15,5,13,27
16,48,2026,2,2,19,6,7,26
16,54,2026,2,2,1,2,7,21
17,0,2026,2,2,1,6,0,27
17,5,2026,2,2,19,4,0,31
17,9,2026,2,2,15,2,2,31
17,14,2026,2,2,13,2,2,31
17,20,2026,2,2,12,14,22,23
17,26,2026,2,2,14,4,7,20
17,31,2026,2,2,12,13,3,30
17,38,2026,2,2,13,2,6,26
17,42,2026,2,2,15,2,9,19
17,48,2026,2,2,19,3,5,17
17,54,2026,2,2,1,6,8,15
18,0,2026,2,2,1,6,0,21
18,5,2026,2,2,19,3,1,23
18,9,2026,2,2,15,6,2,27
18,14,2026,2,2,13,4,2,29
18,20,2026,2,2,12,29,20,38
18,26,2026,2,2,14,5,11,32
18,31,2026,2,2,12,20,4,48
18,38,2026,2,2,13,2,10,40
18,42,2026,2,2,15,3,16,27
18,48,2026,2,2,19,6,9,24
18,54,2026,2,2,1,3,12,15
19,0,2026,2,2,1,4,0,19
19,5,2026,2,2,19,2,1,20
19,9,2026,2,2,15,2,1,21
19,14,2026,2,2,13,5,0,26
19,20,2026,2,2,12,28,19,35
19,26,2026,2,2,14,4,16,23
19,31,2026,2,2,12,23,3,43
19,38,2026,2,2,13,4,8,39
19,42,2026,2,2,15,4,8,35
19,48,2026,2,2,19,6,16,25
19,54,2026,2,2,1,2,12,15
20,0,2026,2,2,1,6,0,21
20,5,2026,2,2,19,2,1,22
20,9,2026,2,2,15,2,0,24
20,14,2026,2,2,13,3,1,26
20,20,2026,2,2,12,28,20,34
20,26,2026,2,2,14,4,8,30
20,31,2026,2,2,12,23,2,51
20,38,2026,2,2,13,2,10,43
20,42,2026,2,2,15,3,17,29
20,48,2026,2,2,19,2,14,17
20,54,2026,2,2,1,3,8,12
21,0,2026,2,2,1,5,0,17
21,5,2026,2,2,19,6,2,21
21,9,2026,2,2,15,3,3,21
21,14,2026,2,2,13,5,1,25
21,20,2026,2,2,12,33,13,45
21,26,2026,2,2,14,2,16,31
21,31,2026,2,2,12,26,2,55
21,38,2026,2,2,13,4,10,49
21,42,2026,2,2,15,4,11,42
21,48,2026,2,2,19,2,14,30
21,54,2026,2,2,1,3,18,15
22,0,2026,2,2,1,5,0,20
22,5,2026,2,2,19,6,1,25
22,9,2026,2,2,15,2,0,27
22,14,2026,2,2,13,4,2,29
22,20,2026,2,2,12,25,20,34
22,26,2026,2,2,14,2,10,26
22,31,2026,2,2,12,8,0,34
22,38,2026,2,2,13,5,5,34
22,42,2026,2,2,15,6,10,30
22,48,2026,2,2,19,6,11,25
22,54,2026,2,2,1,6,10,21
23,0,2026,2,2,1,2,0,23
23,5,2026,2,2,19,2,0,25
23,9,2026,2,2,15,6,3,28
23,14,2026,2,2,13,2,1,29
23,20,2026,2,2,12,17,23,23
23,26,2026,2,2,14,3,9,17
23,31,2026,2,2,12,23,3,37
23,38,2026,2,2,13,4,16,25
23,42,2026,2,2,15,5,9,21
23,48,2026,2,2,19,3,9,15
23,54,2026,2,2,1,0,15,0
6,0,2026,2,3,1,3,0,3
6,5,2026,2,3,19,3,0,6
6,9,2026,2,3,15,9,0,15
6,14,2026,2,3,13,3,0,18
6,20,2026,2,3,12,36,12,42
6,26,2026,2,3,14,21,7,56
6,31,2026,2,3,12,17,13,60
6,38,2026,2,3,13,2,14,48
6,42,2026,2,3,15,14,14,48
6,48,2026,2,3,19,2,19,31
6,54,2026,2,3,1,5,14,22
7,0,2026,2,3,1,2,0,24
7,5,2026,2,3,19,2,2,24
7,9,2026,2,3,15,8,0,32
7,14,2026,2,3,13,4,11,25
7,20,2026,2,3,12,13,12,26
7,26,2026,2,3,14,6,3,29
7,31,2026,2,3,12,22,1,50
7,38,2026,2,3,13,2,12,40
7,42,2026,2,3,15,18,2,56
7,48,2026,2,3,19,1,22,35
7,54,2026,2,3,1,3,20,18
8,0,2026,2,3,1,2,0,20
8,5,2026,2,3,19,4,2,22
8,9,2026,2,3,15,12,0,34
8,14,2026,2,3,13,3,10,27
8,20,2026,2,3,12,12,13,26
8,26,2026,2,3,14,11,3,34
8,31,2026,2,3,12,10,2,42
8,38,2026,2,3,13,1,17,26
8,42,2026,2,3,15,13,0,39
8,48,2026,2,3,19,3,17,25
8,54,2026,2,3,1,3,14,14
9,0,2026,2,3,1,3,0,17
9,5,2026,2,3,19,2,1,18
9,9,2026,2,3,15,6,1,23
9,14,2026,2,3,13,3,12,14
9,20,2026,2,3,12,33,11,36
9,26,2026,2,3,14,3,1,38
9,31,2026,2,3,12,29,1,66
9,38,2026,2,3,13,2,26,42
9,42,2026,2,3,15,5,3,44
9,48,2026,2,3,19,2,18,28
9,54,2026,2,3,1,2,22,8
10,0,2026,2,3,1,3,0,11
10,5,2026,2,3,19,6,1,16
10,9,2026,2,3,15,2,0,18
10,14,2026,2,3,13,5,0,23
10,20,2026,2,3,12,30,18,35
10,26,2026,2,3,14,2,8,29
10,31,2026,2,3,12,28,2,55
10,38,2026,2,3,13,5,10,50
10,42,2026,2,3,15,3,10,43
10,48,2026,2,3,19,2,17,28
10,54,2026,2,3,1,2,15,15
11,0,2026,2,3,1,2,0,17
11,5,2026,2,3,19,2,0,19
11,9,2026,2,3,15,2,1,20
11,14,2026,2,3,13,6,0,26
11,20,2026,2,3,12,25,15,36
11,26,2026,2,3,14,3,10,29
11,31,2026,2,3,12,26,1,54
11,38,2026,2,3,13,6,17,43
11,42,2026,2,3,15,4,8,39
11,48,2026,2,3,19,2,16,25
11,54,2026,2,3,1,3,16,12
12,0,2026,2,3,1,2,0,14
12,5,2026,2,3,19,2,0,16
12,9,2026,2,3,15,5,2,19
12,14,2026,2,3,13,4,1,22
12,20,2026,2,3,12,25,18,29
12,26,2026,2,3,14,2,6,25
12,31,2026,2,3,12,30,1,54
12,38,2026,2,3,13,6,14,46
12,42,2026,2,3,15,6,12,40
12,48,2026,2,3,19,5,12,33
12,54,2026,2,3,1,5,14,24
13,0,2026,2,3,1,18,0,42
13,5,2026,2,3,19,25,1,66
13,9,2026,2,3,15,4,13,57
13,14,2026,2,3,13,19,10,66
13,20,2026,2,3,12,27,27,66
13,26,2026,2,3,14,6,22,50
13,31,2026,2,3,12,17,4,63
13,38,2026,2,3,13,12,9,66
13,42,2026,2,3,15,2,24,44
13,48,2026,2,3,19,23,13,54
13,54,2026,2,3,1,27,15,66
14,0,2026,2,3,1,28,0,94
14,5,2026,2,3,19,16,11,99
14,9,2026,2,3,15,5,22,82
14,14,2026,2,3,13,4,20,66
14,20,2026,2,3,12,19,25,60
14,26,2026,2,3,14,2,25,37
14,31,2026,2,3,12,26,2,61
14,38,2026,2,3,13,8,6,63
14,42,2026,2,3,15,2,14,51
14,48,2026,2,3,19,19,14,56
14,54,2026,2,3,1,11,20,47
15,0,2026,2,3,1,16,0,63
15,5,2026,2,3,19,6,3,66
15,9,2026,2,3,15,2,14,54
15,14,2026,2,3,13,14,4,64
15,20,2026,2,3,12,25,23,66
15,26,2026,2,3,14,2,24,44
15,31,2026,2,3,12,22,0,66
15,38,2026,2,3,13,10,10,66
15,42,2026,2,3,15,2,20,48
15,48,2026,2,3,19,28,14,62
15,54,2026,2,3,1,16,16,62
16,0,2026,2,3,1,2,0,64
16,5,2026,2,3,19,4,3,65
16,9,2026,2,3,15,4,12,57
16,14,2026,2,3,13,6,7,56
16,20,2026,2,3,12,20,28,48
16,26,2026,2,3,14,3,24,27
16,31,2026,2,3,12,32,1,58
16,38,2026,2,3,13,5,9,54
16,42,2026,2,3,15,5,11,48
16,48,2026,2,3,19,6,16,38
16,54,2026,2,3,1,5,18,25
17,0,2026,2,3,1,3,0,28
17,5,2026,2,3,19,2,2,28
17,9,2026,2,3,15,5,2,31
17,14,2026,2,3,13,4,2,33
17,20,2026,2,3,12,16,22,27
17,26,2026,2,3,14,6,10,23
17,31,2026,2,3,12,10,4,29
17,38,2026,2,3,13,5,6,28
17,42,2026,2,3,15,3,5,26
17,48,2026,2,3,19,3,10,19
17,54,2026,2,3,1,2,10,11
18,0,2026,2,3,1,3,0,14
18,5,2026,2,3,19,4,1,17
18,9,2026,2,3,15,5,2,20
18,14,2026,2,3,13,3,0,23
18,20,2026,2,3,12,21,18,26
18,26,2026,2,3,14,2,6,22
18,31,2026,2,3,12,20,1,41
18,38,2026,2,3,13,5,7,39
18,42,2026,2,3,15,6,7,38
18,48,2026,2,3,19,6,8,36
18,54,2026,2,3,1,3,12,27
19,0,2026,2,3,1,4,0,31
19,5,2026,2,3,19,2,0,33
19,9,2026,2,3,15,3,1,35
19,14,2026,2,3,13,5,2,38
19,20,2026,2,3,12,24,21,41
19,26,2026,2,3,14,4,18,27
19,31,2026,2,3,12,11,3,35
19,38,2026,2,3,13,2,8,29
19,42,2026,2,3,15,6,5,30
19,48,2026,2,3,19,3,7,26
19,54,2026,2,3,1,3,15,14
20,0,2026,2,3,1,4,0,18
20,5,2026,2,3,19,3,0,21
20,9,2026,2,3,15,3,0,24
20,14,2026,2,3,13,5,1,28
20,20,2026,2,3,12,25,17,36
20,26,2026,2,3,14,2,19,19
20,31,2026,2,3,12,11,1,29
20,38,2026,2,3,13,3,9,23
20,42,2026,2,3,15,2,7,18
20,48,2026,2,3,19,4,10,12
20,54,2026,2,3,1,4,4,12
21,0,2026,2,3,1,5,0,17
21,5,2026,2,3,19,6,4,19
21,9,2026,2,3,15,2,1,20
21,14,2026,2,3,13,6,2,24
21,20,2026,2,3,12,10,19,15
21,26,2026,2,3,14,4,3,16
21,31,2026,2,3,12,17,4,29
21,38,2026,2,3,13,6,6,29
21,42,2026,2,3,15,3,3,29
21,48,2026,2,3,19,2,10,21
21,54,2026,2,3,1,2,10,13
22,0,2026,2,3,1,5,0,18
22,5,2026,2,3,19,2,0,20
22,9,2026,2,3,15,4,1,23
22,14,2026,2,3,13,6,3,26
22,20,2026,2,3,12,20,14,32
22,26,2026,2,3,14,6,12,26
22,31,2026,2,3,12,34,4,56
22,38,2026,2,3,13,5,12,49
22,42,2026,2,3,15,3,12,40
22,48,2026,2,3,19,2,11,31
22,54,2026,2,3,1,3,16,18
23,0,2026,2,3,1,4,0,22
23,5,2026,2,3,19,5,0,27
23,9,2026,2,3,15,5,1,31
23,14,2026,2,3,13,5,1,35
23,20,2026,2,3,12,25,22,38
23,26,2026,2,3,14,5,20,23
23,31,2026,2,3,12,17,3,37
23,38,2026,2,3,13,2,13,26
23,42,2026,2,3,15,3,8,21
23,48,2026,2,3,19,6,5,22
23,54,2026,2,3,1,0,22,0
6,0,2026,2,4,1,6,0,6
6,5,2026,2,4,19,5,0,11
6,9,2026,2,4,15,19,1,29
6,14,2026,2,4,13,3,2,30
6,20,2026,2,4,12,21,21,30
6,26,2026,2,4,14,21,9,42
6,31,2026,2,4,12,25,11,56
6,38,2026,2,4,13,5,15,46
6,42,2026,2,4,15,13,12,47
6,48,2026,2,4,19,3,14,36
6,54,2026,2,4,1,6,11,31
7,0,2026,2,4,1,1,0,32
7,5,2026,2,4,19,3,3,32
7,9,2026,2,4,15,21,0,53
7,14,2026,2,4,13,5,20,38
7,20,2026,2,4,12,34,16,56
7,26,2026,2,4,14,18,10,64
7,31,2026,2,4,12,7,5,66
7,38,2026,2,4,13,4,20,50
7,42,2026,2,4,15,19,3,66
7,48,2026,2,4,19,3,20,49
7,54,2026,2,4,1,1,24,26
8,0,2026,2,4,1,2,0,28
8,5,2026,2,4,19,2,1,29
8,9,2026,2,4,15,11,1,39
8,14,2026,2,4,13,5,18,26
8,20,2026,2,4,12,32,12,46
8,26,2026,2,4,14,9,3,52
8,31,2026,2,4,12,13,1,64
8,38,2026,2,4,13,4,18,50
8,42,2026,2,4,15,18,2,66
8,48,2026,2,4,19,3,20,49
8,54,2026,2,4,1,4,23,30
9,0,2026,2,4,1,4,0,34
9,5,2026,2,4,19,5,4,35
9,9,2026,2,4,15,4,0,39
9,14,2026,2,4,13,2,15,26
9,20,2026,2,4,12,30,18,38
9,26,2026,2,4,14,3,4,37
9,31,2026,2,4,12,29,0,66
9,38,2026,2,4,13,4,22,48
9,42,2026,2,4,15,3,5,46
9,48,2026,2,4,19,4,19,31
9,54,2026,2,4,1,3,22,12
10,0,2026,2,4,1,2,0,14
10,5,2026,2,4,19,5,0,19
10,9,2026,2,4,15,4,2,21
10,14,2026,2,4,13,4,2,23
10,20,2026,2,4,12,24,21,26
10,26,2026,2,4,14,3,7,22
10,31,2026,2,4,12,17,2,37
10,38,2026,2,4,13,2,8,31
10,42,2026,2,4,15,5,4,32
10,48,2026,2,4,19,5,12,25
10,54,2026,2,4,1,4,11,18
11,0,2026,2,4,1,5,0,23
11,5,2026,2,4,19,5,1,27
11,9,2026,2,4,15,2,1,28
11,14,2026,2,4,13,4,3,29
11,20,2026,2,4,12,10,22,17
11,26,2026,2,4,14,6,12,11
11,31,2026,2,4,12,30,5,36
11,38,2026,2,4,13,3,8,31
11,42,2026,2,4,15,4,10,25
11,48,2026,2,4,19,4,10,19
11,54,2026,2,4,1,4,7,16
12,0,2026,2,4,1,3,0,19
12,5,2026,2,4,19,4,0,23
12,9,2026,2,4,15,6,0,29
12,14,2026,2,4,13,5,1,33
12,20,2026,2,4,12,33,20,46
12,26,2026,2,4,14,6,12,40
12,31,2026,2,4,12,30,4,66
12,38,2026,2,4,13,3,11,58
12,42,2026,2,4,15,2,19,41
12,48,2026,2,4,19,6,17,30
12,54,2026,2,4,1,2,13,19
13,0,2026,2,4,1,30,0,49
13,5,2026,2,4,19,17,0,66
13,9,2026,2,4,15,2,14,54
13,14,2026,2,4,13,18,6,66
13,20,2026,2,4,12,20,20,66
13,26,2026,2,4,14,6,24,48
13,31,2026,2,4,12,20,5,63
13,38,2026,2,4,13,13,10,66
13,42,2026,2,4,15,6,22,50
13,48,2026,2,4,19,16,11,55
13,54,2026,2,4,1,10,18,47
14,0,2026,2,4,1,19,0,66
14,5,2026,2,4,19,7,7,66
14,9,2026,2,4,15,6,17,55
14,14,2026,2,4,13,16,5,66
14,20,2026,2,4,12,11,30,47
14,26,2026,2,4,14,4,21,30
14,31,2026,2,4,12,9,3,36
14,38,2026,2,4,13,14,3,47
14,42,2026,2,4,15,4,13,38
14,48,2026,2,4,19,15,6,47
14,54,2026,2,4,1,29,11,65
15,0,2026,2,4,1,1,0,66
15,5,2026,2,4,19,5,5,66
15,9,2026,2,4,15,5,13,58
15,14,2026,2,4,13,16,8,66
15,20,2026,2,4,12,16,25,57
15,26,2026,2,4,14,6,21,42
15,31,2026,2,4,12,11,4,49
15,38,2026,2,4,13,11,3,57
15,42,2026,2,4,15,6,17,46
15,48,2026,2,4,19,30,13,63
15,54,2026,2,4,1,10,17,56
16,0,2026,2,4,1,6,0,62
16,5,2026,2,4,19,4,5,61
16,9,2026,2,4,15,2,6,57
16,14,2026,2,4,13,2,9,50
16,20,2026,2,4,12,24,35,39
16,26,2026,2,4,14,2,15,26
16,31,2026,2,4,12,26,2,50
16,38,2026,2,4,13,5,16,39
16,42,2026,2,4,15,4,12,31
16,48,2026,2,4,19,2,8,25
16,54,2026,2,4,1,6,12,19
17,0,2026,2,4,1,5,0,24
17,5,2026,2,4,19,5,0,29
17,9,2026,2,4,15,2,4,27
17,14,2026,2,4,13,5,3,29
17,20,2026,2,4,12,29,22,36
17,26,2026,2,4,14,3,11,28
17,31,2026,2,4,12,14,2,40
17,38,2026,2,4,13,5,10,35
17,42,2026,2,4,15,2,10,27
17,48,2026,2,4,19,2,7,22
17,54,2026,2,4,1,2,14,10
18,0,2026,2,4,1,4,0,14
18,5,2026,2,4,19,4,0,18
18,9,2026,2,4,15,2,2,18
18,14,2026,2,4,13,2,1,19
18,20,2026,2,4,12,33,14,38
18,26,2026,2,4,14,2,14,26
18,31,2026,2,4,12,36,1,61
18,38,2026,2,4,13,2,8,55
18,42,2026,2,4,15,2,12,45
18,48,2026,2,4,19,3,11,37
18,54,2026,2,4,1,3,18,22
19,0,2026,2,4,1,2,0,24
19,5,2026,2,4,19,4,2,26
19,9,2026,2,4,15,4,0,30
19,14,2026,2,4,13,2,0,32
19,20,2026,2,4,12,22,13,41
19,26,2026,2,4,14,2,20,23
19,31,2026,2,4,12,28,1,50
19,38,2026,2,4,13,5,12,43
19,42,2026,2,4,15,6,8,41
19,48,2026,2,4,19,4,9,36
19,54,2026,2,4,1,6,18,24
20,0,2026,2,4,1,6,0,30
20,5,2026,2,4,19,2,2,30
20,9,2026,2,4,15,2,2,30
20,14,2026,2,4,13,2,5,27
20,20,2026,2,4,12,24,18,33
20,26,2026,2,4,14,6,13,26
20,31,2026,2,4,12,25,3,48
20,38,2026,2,4,13,3,5,46
20,42,2026,2,4,15,6,14,38
20,48,2026,2,4,19,5,10,33
20,54,2026,2,4,1,5,16,22
21,0,2026,2,4,1,6,0,28
21,5,2026,2,4,19,3,2,29
21,9,2026,2,4,15,2,1,30
21,14,2026,2,4,13,6,4,32
21,20,2026,2,4,12,20,20,32
21,26,2026,2,4,14,3,8,27
21,31,2026,2,4,12,36,2,61
21,38,2026,2,4,13,2,9,54
21,42,2026,2,4,15,5,16,43
21,48,2026,2,4,19,6,16,33
21,54,2026,2,4,1,2,18,17
22,0,2026,2,4,1,3,0,20
22,5,2026,2,4,19,5,0,25
22,9,2026,2,4,15,4,0,29
22,14,2026,2,4,13,3,3,29
22,20,2026,2,4,12,35,16,48
22,26,2026,2,4,14,4,19,33
22,31,2026,2,4,12,34,1,66
22,38,2026,2,4,13,5,10,61
22,42,2026,2,4,15,3,10,54
22,48,2026,2,4,19,6,21,39
22,54,2026,2,4,1,6,20,25
23,0,2026,2,4,1,2,0,27
23,5,2026,2,4,19,2,0,29
23,9,2026,2,4,15,5,1,33
23,14,2026,2,4,13,6,4,35
23,20,2026,2,4,12,36,21,50
23,26,2026,2,4,14,4,14,40
23,31,2026,2,4,12,13,2,51
23,38,2026,2,4,13,4,9,46
23,42,2026,2,4,15,6,13,39
23,48,2026,2,4,19,0,18,21
23,54,2026,2,4,1,0,21,0
6,0,2026,2,5,1,5,0,5
6,5,2026,2,5,19,6,0,11
6,9,2026,2,5,15,21,0,32
6,14,2026,2,5,13,6,4,34
6,20,2026,2,5,12,27,23,38
6,26,2026,2,5,14,8,5,41
6,31,2026,2,5,12,12,6,47
6,38,2026,2,5,13,2,5,44
6,42,2026,2,5,15,6,11,39
6,48,2026,2,5,19,6,13,32
6,54,2026,2,5,1,6,17,21
7,0,2026,2,5,1,2,0,23
7,5,2026,2,5,19,4,3,24
7,9,2026,2,5,15,13,1,36
7,14,2026,2,5,13,3,14,25
7,20,2026,2,5,12,23,9,39
7,26,2026,2,5,14,7,5,41
7,31,2026,2,5,12,20,1,60
7,38,2026,2,5,13,2,20,42
7,42,2026,2,5,15,20,1,61
7,48,2026,2,5,19,4,25,40
7,54,2026,2,5,1,4,21,23
8,0,2026,2,5,1,3,0,26
8,5,2026,2,5,19,2,3,25
8,9,2026,2,5,15,10,0,35
8,14,2026,2,5,13,4,15,24
8,20,2026,2,5,12,16,17,23
8,26,2026,2,5,14,12,2,33
8,31,2026,2,5,12,10,2,41
8,38,2026,2,5,13,1,9,33
8,42,2026,2,5,15,19,2,50
8,48,2026,2,5,19,2,19,33
8,54,2026,2,5,1,4,23,14
9,0,2026,2,5,1,1,0,15
9,5,2026,2,5,19,1,1,15
9,9,2026,2,5,15,5,1,19
9,14,2026,2,5,13,1,12,8
9,20,2026,2,5,12,25,4,29
9,26,2026,2,5,14,5,1,33
9,31,2026,2,5,12,12,2,43
9,38,2026,2,5,13,4,13,34
9,42,2026,2,5,15,4,0,38
9,48,2026,2,5,19,1,18,21
9,54,2026,2,5,1,3,16,8
10,0,2026,2,5,1,3,0,11
10,5,2026,2,5,19,2,2,11
10,9,2026,2,5,15,3,1,13
10,14,2026,2,5,13,5,0,18
10,20,2026,2,5,12,12,13,17
10,26,2026,2,5,14,5,5,17
10,31,2026,2,5,12,35,4,48
10,38,2026,2,5,13,5,12,41
10,42,2026,2,5,15,3,12,32
10,48,2026,2,5,19,5,8,29
10,54,2026,2,5,1,2,13,18
11,0,2026,2,5,1,3,0,21
11,5,2026,2,5,19,4,0,25
11,9,2026,2,5,15,4,2,27
11,14,2026,2,5,13,5,2,30
11,20,2026,2,5,12,25,20,35
11,26,2026,2,5,14,5,13,27
11,31,2026,2,5,12,11,4,34
11,38,2026,2,5,13,6,8,32
11,42,2026,2,5,15,3,14,21
11,48,2026,2,5,19,6,10,17
11,54,2026,2,5,1,6,3,20
12,0,2026,2,5,1,6,0,26
12,5,2026,2,5,19,3,1,28
12,9,2026,2,5,15,3,2,29
12,14,2026,2,5,13,4,2,31
12,20,2026,2,5,12,23,22,32
12,26,2026,2,5,14,5,7,30
12,31,2026,2,5,12,32,3,59
12,38,2026,2,5,13,6,12,53
12,42,2026,2,5,15,4,15,42
12,48,2026,2,5,19,6,17,31
12,54,2026,2,5,1,6,13,24
13,0,2026,2,5,1,23,0,47
13,5,2026,2,5,19,18,0,65
13,9,2026,2,5,15,6,7,64
13,14,2026,2,5,13,13,11,66
13,20,2026,2,5,12,29,29,66
13,26,2026,2,5,14,6,20,52
13,31,2026,2,5,12,9,6,55
13,38,2026,2,5,13,10,5,60
13,42,2026,2,5,15,5,16,49
13,48,2026,2,5,19,23,11,61
13,54,2026,2,5,1,9,20,50
14,0,2026,2,5,1,13,0,63
14,5,2026,2,5,19,9,6,66
14,9,2026,2,5,15,3,11,58
14,14,2026,2,5,13,14,6,66
14,20,2026,2,5,12,19,30,55
14,26,2026,2,5,14,5,21,39
14,31,2026,2,5,12,16,4,51
14,38,2026,2,5,13,9,2,58
14,42,2026,2,5,15,4,13,49
14,48,2026,2,5,19,21,18,52
14,54,2026,2,5,1,13,19,46
15,0,2026,2,5,1,20,0,66
15,5,2026,2,5,19,3,3,66
15,9,2026,2,5,15,6,15,57
15,14,2026,2,5,13,23,14,66
15,20,2026,2,5,12,13,24,55
15,26,2026,2,5,14,5,20,40
15,31,2026,2,5,12,28,2,66
15,38,2026,2,5,13,7,7,66
15,42,2026,2,5,15,3,22,47
15,48,2026,2,5,19,28,12,63
15,54,2026,2,5,1,9,18,54
16,0,2026,2,5,1,5,0,59
16,5,2026,2,5,19,5,6,58
16,9,2026,2,5,15,5,5,58
16,14,2026,2,5,13,6,12,52
16,20,2026,2,5,12,9,20,41
16,26,2026,2,5,14,4,20,25
16,31,2026,2,5,12,21,4,42
16,38,2026,2,5,13,4,4,42
16,42,2026,2,5,15,6,16,32
16,48,2026,2,5,19,5,9,28
16,54,2026,2,5,1,4,13,19
17,0,2026,2,5,1,2,0,21
17,5,2026,2,5,19,5,3,23
17,9,2026,2,5,15,5,0,28
17,14,2026,2,5,13,6,1,33
17,20,2026,2,5,12,21,20,34
17,26,2026,2,5,14,2,17,19
17,31,2026,2,5,12,22,2,39
17,38,2026,2,5,13,3,7,35
17,42,2026,2,5,15,4,12,27
17,48,2026,2,5,19,2,6,23
17,54,2026,2,5,1,4,13,14
18,0,2026,2,5,1,5,0,19
18,5,2026,2,5,19,2,0,21
18,9,2026,2,5,15,4,0,25
18,14,2026,2,5,13,4,3,26
18,20,2026,2,5,12,15,18,23
18,26,2026,2,5,14,6,9,20
18,31,2026,2,5,12,22,4,38
18,38,2026,2,5,13,4,9,33
18,42,2026,2,5,15,5,8,30
18,48,2026,2,5,19,6,9,27
18,54,2026,2,5,1,4,10,21
19,0,2026,2,5,1,5,0,26
19,5,2026,2,5,19,5,0,31
19,9,2026,2,5,15,2,2,31
19,14,2026,2,5,13,5,3,33
19,20,2026,2,5,12,28,20,41
19,26,2026,2,5,14,4,18,27
19,31,2026,2,5,12,17,1,43
19,38,2026,2,5,13,5,12,36
19,42,2026,2,5,15,6,11,31
19,48,2026,2,5,19,3,6,28
19,54,2026,2,5,1,5,14,19
20,0,2026,2,5,1,4,0,23
20,5,2026,2,5,19,4,1,26
20,9,2026,2,5,15,3,0,29
20,14,2026,2,5,13,6,3,32
20,20,2026,2,5,12,15,21,26
20,26,2026,2,5,14,2,9,19
20,31,2026,2,5,12,24,1,42
20,38,2026,2,5,13,6,6,42
20,42,2026,2,5,15,4,12,34
20,48,2026,2,5,19,5,10,29
20,54,2026,2,5,1,4,6,27
21,0,2026,2,5,1,4,0,31
21,5,2026,2,5,19,5,2,34
21,9,2026,2,5,15,2,1,35
21,14,2026,2,5,13,4,0,39
21,20,2026,2,5,12,17,23,33
21,26,2026,2,5,14,3,14,22
21,31,2026,2,5,12,15,2,35
21,38,2026,2,5,13,5,6,34
21,42,2026,2,5,15,5,12,27
21,48,2026,2,5,19,3,9,21
21,54,2026,2,5,1,3,8,16
22,0,2026,2,5,1,3,0,19
22,5,2026,2,5,19,3,1,21
22,9,2026,2,5,15,2,0,23
22,14,2026,2,5,13,3,0,26
22,20,2026,2,5,12,31,19,38
22,26,2026,2,5,14,6,9,35
22,31,2026,2,5,12,26,4,57
22,38,2026,2,5,13,4,19,42
22,42,2026,2,5,15,5,11,36
22,48,2026,2,5,19,2,12,26
22,54,2026,2,5,1,2,13,15
23,0,2026,2,5,1,2,0,17
23,5,2026,2,5,19,5,1,21
23,9,2026,2,5,15,5,0,26
23,14,2026,2,5,13,5,0,31
23,20,2026,2,5,12,33,19,45
23,26,2026,2,5,14,5,14,36
23,31,2026,2,5,12,9,3,42
23,38,2026,2,5,13,4,13,33
23,42,2026,2,5,15,5,16,22
23,48,2026,2,5,19,4,10,16
23,54,2026,2,5,1,0,16,0
6,0,2026,2,6,1,5,0,5
6,5,2026,2,6,19,6,1,10
6,9,2026,2,6,15,16,0,26
6,14,2026,2,6,13,3,4,25
6,20,2026,2,6,12,32,18,39
6,26,2026,2,6,14,11,10,40
6,31,2026,2,6,12,12,4,48
6,38,2026,2,6,13,2,11,39
6,42,2026,2,6,15,14,13,40
6,48,2026,2,6,19,2,10,32
6,54,2026,2,6,1,3,11,24
7,0,2026,2,6,1,2,0,26
7,5,2026,2,6,19,5,2,29
7,9,2026,2,6,15,12,0,41
7,14,2026,2,6,13,1,17,25
7,20,2026,2,6,12,23,13,35
7,26,2026,2,6,14,19,6,48
7,31,2026,2,6,12,18,1,65
7,38,2026,2,6,13,4,17,52
7,42,2026,2,6,15,5,2,55
7,48,2026,2,6,19,2,21,36
7,54,2026,2,6,1,2,24,14
8,0,2026,2,6,1,1,0,15
8,5,2026,2,6,19,5,0,20
8,9,2026,2,6,15,12,0,32
8,14,2026,2,6,13,2,11,23
8,20,2026,2,6,12,35,15,43
8,26,2026,2,6,14,12,3,52
8,31,2026,2,6,12,15,1,66
8,38,2026,2,6,13,5,21,50
8,42,2026,2,6,15,6,0,56
8,48,2026,2,6,19,3,21,38
8,54,2026,2,6,1,2,26,14
9,0,2026,2,6,1,4,0,18
9,5,2026,2,6,19,3,2,19
9,9,2026,2,6,15,5,1,23
9,14,2026,2,6,13,3,9,17
9,20,2026,2,6,12,8,10,15
9,26,2026,2,6,14,3,5,13
9,31,2026,2,6,12,32,0,45
9,38,2026,2,6,13,2,14,33
9,42,2026,2,6,15,2,3,32
9,48,2026,2,6,19,2,11,23
9,54,2026,2,6,1,1,17,7
10,0,2026,2,6,1,3,0,10
10,5,2026,2,6,19,5,0,15
10,9,2026,2,6,15,3,1,17
10,14,2026,2,6,13,6,2,21
10,20,2026,2,6,12,12,16,17
10,26,2026,2,6,14,2,8,11
10,31,2026,2,6,12,13,2,22
10,38,2026,2,6,13,2,8,16
10,42,2026,2,6,15,3,4,15
10,48,2026,2,6,19,4,5,14
10,54,2026,2,6,1,6,5,15
11,0,2026,2,6,1,6,0,21
11,5,2026,2,6,19,3,0,24
11,9,2026,2,6,15,5,0,29
11,14,2026,2,6,13,6,4,31
11,20,2026,2,6,12,9,22,18
11,26,2026,2,6,14,3,7,14
11,31,2026,2,6,12,22,2,34
11,38,2026,2,6,13,6,6,34
11,42,2026,2,6,15,5,9,30
11,48,2026,2,6,19,3,9,24
11,54,2026,2,6,1,6,9,21
12,0,2026,2,6,1,5,0,26
12,5,2026,2,6,19,2,1,27
12,9,2026,2,6,15,4,0,31
12,14,2026,2,6,13,3,3,31
12,20,2026,2,6,12,28,20,39
12,26,2026,2,6,14,4,13,30
12,31,2026,2,6,12,29,2,57
12,38,2026,2,6,13,4,17,44
12,42,2026,2,6,15,5,10,39
12,48,2026,2,6,19,5,11,33
12,54,2026,2,6,1,6,11,28
13,0,2026,2,6,1,26,0,54
13,5,2026,2,6,19,13,1,66
13,9,2026,2,6,15,4,4,66
13,14,2026,2,6,13,6,6,66
13,20,2026,2,6,12,16,35,47
13,26,2026,2,6,14,5,20,32
13,31,2026,2,6,12,21,4,49
13,38,2026,2,6,13,8,7,50
13,42,2026,2,6,15,2,11,41
13,48,2026,2,6,19,15,11,45
13,54,2026,2,6,1,23,18,50
14,0,2026,2,6,1,16,0,66
14,5,2026,2,6,19,3,3,66
14,9,2026,2,6,15,5,16,55
14,14,2026,2,6,13,14,4,65
14,20,2026,2,6,12,13,31,47
14,26,2026,2,6,14,5,23,29
14,31,2026,2,6,12,8,4,33
14,38,2026,2,6,13,12,2,43
14,42,2026,2,6,15,5,17,31
14,48,2026,2,6,19,29,10,50
14,54,2026,2,6,1,25,9,66
15,0,2026,2,6,1,21,0,87
15,5,2026,2,6,19,20,13,94
15,9,2026,2,6,15,6,20,80
15,14,2026,2,6,13,7,21,66
15,20,2026,2,6,12,12,28,50
15,26,2026,2,6,14,2,24,28
15,31,2026,2,6,12,30,2,56
15,38,2026,2,6,13,11,5,62
15,42,2026,2,6,15,2,15,49
15,48,2026,2,6,19,18,12,55
15,54,2026,2,6,1,13,20,48
16,0,2026,2,6,1,2,0,50
16,5,2026,2,6,19,4,2,52
16,9,2026,2,6,15,6,6,52
16,14,2026,2,6,13,3,7,48
16,20,2026,2,6,12,17,25,40
16,26,2026,2,6,14,4,16,28
16,31,2026,2,6,12,12,0,40
16,38,2026,2,6,13,3,7,36
16,42,2026,2,6,15,2,8,30
16,48,2026,2,6,19,4,9,25
16,54,2026,2,6,1,5,15,15
17,0,2026,2,6,1,6,0,21
17,5,2026,2,6,19,4,4,21
17,9,2026,2,6,15,5,2,24
17,14,2026,2,6,13,2,3,23
17,20,2026,2,6,12,29,16,36
17,26,2026,2,6,14,2,8,30
17,31,2026,2,6,12,20,2,48
17,38,2026,2,6,13,4,10,42
17,42,2026,2,6,15,6,15,33
17,48,2026,2,6,19,4,10,27
17,54,2026,2,6,1,4,12,19
18,0,2026,2,6,1,4,0,23
18,5,2026,2,6,19,6,0,29
18,9,2026,2,6,15,5,1,33
18,14,2026,2,6,13,2,0,35
18,20,2026,2,6,12,13,23,25
18,26,2026,2,6,14,5,13,17
18,31,2026,2,6,12,14,3,28
18,38,2026,2,6,13,5,6,27
18,42,2026,2,6,15,4,7,24
18,48,2026,2,6,19,2,6,20
18,54,2026,2,6,1,6,8,18
19,0,2026,2,6,1,2,0,20
19,5,2026,2,6,19,2,0,22
19,9,2026,2,6,15,2,0,24
19,14,2026,2,6,13,4,0,28
19,20,2026,2,6,12,30,18,40
19,26,2026,2,6,14,6,8,38
19,31,2026,2,6,12,24,6,56
19,38,2026,2,6,13,5,15,46
19,42,2026,2,6,15,6,8,44
19,48,2026,2,6,19,4,14,34
19,54,2026,2,6,1,2,16,20
20,0,2026,2,6,1,5,0,25
20,5,2026,2,6,19,2,0,27
20,9,2026,2,6,15,2,1,28
20,14,2026,2,6,13,4,4,28
20,20,2026,2,6,12,11,19,20
20,26,2026,2,6,14,6,10,16
20,31,2026,2,6,12,15,4,27
20,38,2026,2,6,13,5,5,27
20,42,2026,2,6,15,5,1,31
20,48,2026,2,6,19,4,14,21
20,54,2026,2,6,1,2,9,14
21,0,2026,2,6,1,4,0,18
21,5,2026,2,6,19,3,0,21
21,9,2026,2,6,15,5,2,24
21,14,2026,2,6,13,6,2,28
21,20,2026,2,6,12,17,18,27
21,26,2026,2,6,14,2,12,17
21,31,2026,2,6,12,16,1,32
21,38,2026,2,6,13,5,2,35
21,42,2026,2,6,15,4,6,33
21,48,2026,2,6,19,5,13,25
21,54,2026,2,6,1,4,9,20
22,0,2026,2,6,1,4,0,24
22,5,2026,2,6,19,3,1,26
22,9,2026,2,6,15,3,3,26
22,14,2026,2,6,13,6,0,32
22,20,2026,2,6,12,24,20,36
22,26,2026,2,6,14,6,11,31
22,31,2026,2,6,12,30,6,55
22,38,2026,2,6,13,5,13,47
22,42,2026,2,6,15,3,6,44
22,48,2026,2,6,19,2,20,26
22,54,2026,2,6,1,6,10,22
23,0,2026,2,6,1,3,0,25
23,5,2026,2,6,19,4,2,27
23,9,2026,2,6,15,3,1,29
23,14,2026,2,6,13,3,1,31
23,20,2026,2,6,12,18,20,29
23,26,2026,2,6,14,4,11,22
23,31,2026,2,6,12,25,3,44
23,38,2026,2,6,13,6,13,37
23,42,2026,2,6,15,3,12,28
23,48,2026,2,6,19,6,12,22
23,54,2026,2,6,1,0,22,0
6,0,2026,2,7,1,6,0,6
6,5,2026,2,7,19,2,0,8
6,9,2026,2,7,15,20,0,28
6,14,2026,2,7,13,2,1,29
6,20,2026,2,7,12,20,22,27
6,26,2026,2,7,14,20,7,40
6,31,2026,2,7,12,26,9,57
6,38,2026,2,7,13,3,12,48
6,42,2026,2,7,15,16,14,50
6,48,2026,2,7,19,6,15,41
6,54,2026,2,7,1,3,15,29
7,0,2026,2,7,1,2,0,31
7,5,2026,2,7,19,2,1,32
7,9,2026,2,7,15,15,0,47
7,14,2026,2,7,13,3,22,28
7,20,2026,2,7,12,35,12,51
7,26,2026,2,7,14,20,6,65
7,31,2026,2,7,12,3,2,66
7,38,2026,2,7,13,2,21,47
7,42,2026,2,7,15,11,1,57
7,48,2026,2,7,19,2,24,35
7,54,2026,2,7,1,3,20,18
8,0,2026,2,7,1,1,0,19
8,5,2026,2,7,19,3,2,20
8,9,2026,2,7,15,12,0,32
8,14,2026,2,7,13,1,10,23
8,20,2026,2,7,12,23,17,29
8,26,2026,2,7,14,17,1,45
8,31,2026,2,7,12,16,3,58
8,38,2026,2,7,13,1,19,40
8,42,2026,2,7,15,19,2,57
8,48,2026,2,7,19,5,24,38
8,54,2026,2,7,1,4,21,21
9,0,2026,2,7,1,1,0,22
9,5,2026,2,7,19,1,2,21
9,9,2026,2,7,15,4,0,25
9,14,2026,2,7,13,5,8,22
9,20,2026,2,7,12,22,8,36
9,26,2026,2,7,14,5,7,34
9,31,2026,2,7,12,9,0,43
9,38,2026,2,7,13,2,11,34
9,42,2026,2,7,15,4,3,35
9,48,2026,2,7,19,5,20,20
9,54,2026,2,7,1,1,18,3
10,0,2026,2,7,1,2,0,5
10,5,2026,2,7,19,2,0,7
10,9,2026,2,7,15,6,1,12
10,14,2026,2,7,13,5,1,16
10,20,2026,2,7,12,17,12,21
10,26,2026,2,7,14,6,5,22
10,31,2026,2,7,12,12,4,30
10,38,2026,2,7,13,3,10,23
10,42,2026,2,7,15,4,5,22
10,48,2026,2,7,19,4,3,23
10,54,2026,2,7,1,3,11,15
11,0,2026,2,7,1,3,0,18
11,5,2026,2,7,19,4,1,21
11,9,2026,2,7,15,3,0,24
11,14,2026,2,7,13,6,3,27
11,20,2026,2,7,12,26,23,30
11,26,2026,2,7,14,6,10,26
11,31,2026,2,7,12,9,3,32
11,38,2026,2,7,13,4,5,31
11,42,2026,2,7,15,4,8,27
11,48,2026,2,7,19,5,7,25
11,54,2026,2,7,1,2,13,14
12,0,2026,2,7,1,2,0,16
12,5,2026,2,7,19,2,0,18
12,9,2026,2,7,15,2,1,19
12,14,2026,2,7,13,5,1,23
12,20,2026,2,7,12,8,16,15
12,26,2026,2,7,14,5,7,13
12,31,2026,2,7,12,20,4,29
12,38,2026,2,7,13,5,5,29
12,42,2026,2,7,15,3,8,24
12,48,2026,2,7,19,5,6,23
12,54,2026,2,7,1,3,8,18
13,0,2026,2,7,1,9,0,27
13,5,2026,2,7,19,26,0,53
13,9,2026,2,7,15,6,4,55
13,14,2026,2,7,13,17,6,66
13,20,2026,2,7,12,24,32,58
13,26,2026,2,7,14,2,20,40
13,31,2026,2,7,12,27,1,66
13,38,2026,2,7,13,9,10,65
13,42,2026,2,7,15,2,23,44
13,48,2026,2,7,19,24,9,59
13,54,2026,2,7,1,20,19,60
14,0,2026,2,7,1,6,0,66
14,5,2026,2,7,19,3,3,66
14,9,2026,2,7,15,2,17,51
14,14,2026,2,7,13,13,7,57
14,20,2026,2,7,12,20,22,55
14,26,2026,2,7,14,6,20,41
14,31,2026,2,7,12,30,5,66
14,38,2026,2,7,13,8,9,65
14,42,2026,2,7,15,4,25,44
14,48,2026,2,7,19,20,8,56
14,54,2026,2,7,1,17,18,55
15,0,2026,2,7,1,11,0,66
15,5,2026,2,7,19,8,8,66
15,9,2026,2,7,15,6,13,59
15,14,2026,2,7,13,14,7,66
15,20,2026,2,7,12,22,22,66
15,26,2026,2,7,14,3,24,45
15,31,2026,2,7,12,18,2,61
15,38,2026,2,7,13,12,8,65
15,42,2026,2,7,15,3,18,50
15,48,2026,2,7,19,7,15,42
15,54,2026,2,7,1,15,20,37
16,0,2026,2,7,1,2,0,39
16,5,2026,2,7,19,5,1,43
16,9,2026,2,7,15,3,4,42
16,14,2026,2,7,13,2,4,40
16,20,2026,2,7,12,19,21,38
16,26,2026,2,7,14,5,15,28
16,31,2026,2,7,12,20,4,44
16,38,2026,2,7,13,3,12,35
16,42,2026,2,7,15,5,13,27
16,48,2026,2,7,19,3,10,20
16,54,2026,2,7,1,5,10,15
17,0,2026,2,7,1,6,0,21
17,5,2026,2,7,19,3,3,21
17,9,2026,2,7,15,2,0,23
17,14,2026,2,7,13,3,3,23
17,20,2026,2,7,12,18,16,25
17,26,2026,2,7,14,2,9,18
17,31,2026,2,7,12,11,1,28
17,38,2026,2,7,13,2,8,22
17,42,2026,2,7,15,5,5,22
17,48,2026,2,7,19,5,6,21
17,54,2026,2,7,1,3,8,16
18,0,2026,2,7,1,2,0,18
18,5,2026,2,7,19,6,0,24
18,9,2026,2,7,15,5,0,29
18,14,2026,2,7,13,5,5,29
18,20,2026,2,7,12,25,21,33
18,26,2026,2,7,14,5,11,27
18,31,2026,2,7,12,29,5,51
18,38,2026,2,7,13,5,14,42
18,42,2026,2,7,15,4,12,34
18,48,2026,2,7,19,2,10,26
18,54,2026,2,7,1,2,9,19
19,0,2026,2,7,1,4,0,23
19,5,2026,2,7,19,3,0,26
19,9,2026,2,7,15,4,1,29
19,14,2026,2,7,13,5,0,34
19,20,2026,2,7,12,27,21,40
19,26,2026,2,7,14,6,12,34
19,31,2026,2,7,12,27,5,56
19,38,2026,2,7,13,4,14,46
19,42,2026,2,7,15,5,11,40
19,48,2026,2,7,19,2,13,29
19,54,2026,2,7,1,2,14,17
20,0,2026,2,7,1,3,0,20
20,5,2026,2,7,19,4,0,24
20,9,2026,2,7,15,2,1,25
20,14,2026,2,7,13,6,2,29
20,20,2026,2,7,12,18,18,29
20,26,2026,2,7,14,4,13,20
20,31,2026,2,7,12,16,2,34
20,38,2026,2,7,13,3,5,32
20,42,2026,2,7,15,2,8,26
20,48,2026,2,7,19,4,10,20
20,54,2026,2,7,1,6,13,13
21,0,2026,2,7,1,5,0,18
21,5,2026,2,7,19,6,2,22
21,9,2026,2,7,15,5,2,25
21,14,2026,2,7,13,5,1,29
21,20,2026,2,7,12,25,21,33
21,26,2026,2,7,14,6,11,28
21,31,2026,2,7,12,26,4,50
21,38,2026,2,7,13,4,14,40
21,42,2026,2,7,15,6,13,33
21,48,2026,2,7,19,2,14,21
21,54,2026,2,7,1,6,10,17
22,0,2026,2,7,1,3,0,20
22,5,2026,2,7,19,6,0,26
22,9,2026,2,7,15,2,0,28
22,14,2026,2,7,13,4,2,30
22,20,2026,2,7,12,29,21,38
22,26,2026,2,7,14,6,14,30
22,31,2026,2,7,12,13,4,39
22,38,2026,2,7,13,4,9,34
22,42,2026,2,7,15,3,6,31
22,48,2026,2,7,19,5,11,25
22,54,2026,2,7,1,3,15,13
23,0,2026,2,7,1,6,0,19
23,5,2026,2,7,19,4,1,22
23,9,2026,2,7,15,3,1,24
23,14,2026,2,7,13,3,0,27
23,20,2026,2,7,12,26,20,33
23,26,2026,2,7,14,2,7,28
23,31,2026,2,7,12,33,1,60
23,38,2026,2,7,13,4,14,50
23,42,2026,2,7,15,2,20,32
23,48,2026,2,7,19,0,11,21
23,54,2026,2,7,1,0,21,0
6,0,2026,2,8,1,5,0,5
6,5,2026,2,8,19,6,0,11
6,9,2026,2,8,15,6,2,15
6,14,2026,2,8,13,2,0,17
6,20,2026,2,8,12,10,13,14
6,26,2026,2,8,14,11,4,21
6,31,2026,2,8,12,10,6,25
6,38,2026,2,8,13,4,6,23
6,42,2026,2,8,15,10,6,27
6,48,2026,2,8,19,6,7,26
6,54,2026,2,8,1,2,5,23
7,0,2026,2,8,1,1,0,24
7,5,2026,2,8,19,4,1,27
7,9,2026,2,8,15,5,0,32
7,14,2026,2,8,13,1,5,28
7,20,2026,2,8,12,36,17,47
7,26,2026,2,8,14,10,6,51
7,31,2026,2,8,12,16,1,66
7,38,2026,2,8,13,5,16,55
7,42,2026,2,8,15,16,5,66
7,48,2026,2,8,19,5,21,50
7,54,2026,2,8,1,1,21,30
8,0,2026,2,8,1,3,0,33
8,5,2026,2,8,19,5,2,36
8,9,2026,2,8,15,11,0,47
8,14,2026,2,8,13,2,20,29
8,20,2026,2,8,12,28,17,40
8,26,2026,2,8,14,22,5,57
8,31,2026,2,8,12,8,3,62
8,38,2026,2,8,13,2,17,47
8,42,2026,2,8,15,18,1,64
8,48,2026,2,8,19,5,23,46
8,54,2026,2,8,1,2,20,28
9,0,2026,2,8,1,3,0,31
9,5,2026,2,8,19,5,3,33
9,9,2026,2,8,15,4,1,36
9,14,2026,2,8,13,2,16,22
9,20,2026,2,8,12,17,15,24
9,26,2026,2,8,14,2,2,24
9,31,2026,2,8,12,17,0,41
9,38,2026,2,8,13,3,9,35
9,42,2026,2,8,15,6,1,40
9,48,2026,2,8,19,3,15,28
9,54,2026,2,8,1,3,20,11
10,0,2026,2,8,1,5,0,16
10,5,2026,2,8,19,6,1,21
10,9,2026,2,8,15,5,3,23
10,14,2026,2,8,13,6,1,28
10,20,2026,2,8,12,28,20,36
10,26,2026,2,8,14,4,5,35
10,31,2026,2,8,12,34,3,66
10,38,2026,2,8,13,6,15,57
10,42,2026,2,8,15,3,16,44
10,48,2026,2,8,19,6,14,36
10,54,2026,2,8,1,4,21,19
11,0,2026,2,8,1,5,0,24
11,5,2026,2,8,19,4,1,27
11,9,2026,2,8,15,2,3,26
11,14,2026,2,8,13,6,4,28
11,20,2026,2,8,12,33,17,44
11,26,2026,2,8,14,5,16,33
11,31,2026,2,8,12,34,4,63
11,38,2026,2,8,13,4,17,50
11,42,2026,2,8,15,4,20,34
11,48,2026,2,8,19,2,5,31
11,54,2026,2,8,1,3,12,22
12,0,2026,2,8,1,5,0,27
12,5,2026,2,8,19,4,1,30
12,9,2026,2,8,15,3,2,31
12,14,2026,2,8,13,5,2,34
12,20,2026,2,8,12,36,18,52
12,26,2026,2,8,14,3,20,35
12,31,2026,2,8,12,28,2,61
12,38,2026,2,8,13,2,7,56
12,42,2026,2,8,15,3,15,44
12,48,2026,2,8,19,2,15,31
12,54,2026,2,8,1,2,17,16
13,0,2026,2,8,1,9,0,25
13,5,2026,2,8,19,15,1,39
13,9,2026,2,8,15,6,3,42
13,14,2026,2,8,13,13,2,53
13,20,2026,2,8,12,18,22,49
13,26,2026,2,8,14,4,23,30
13,31,2026,2,8,12,9,4,35
13,38,2026,2,8,13,13,4,44
13,42,2026,2,8,15,5,10,39
13,48,2026,2,8,19,13,12,40
13,54,2026,2,8,1,28,10,58
14,0,2026,2,8,1,8,0,66
14,5,2026,2,8,19,6,6,66
14,9,2026,2,8,15,3,18,51
14,14,2026,2,8,13,16,12,55
14,20,2026,2,8,12,34,23,66
14,26,2026,2,8,14,4,21,49
14,31,2026,2,8,12,19,2,66
14,38,2026,2,8,13,11,11,66
14,42,2026,2,8,15,6,20,52
14,48,2026,2,8,19,15,14,53
14,54,2026,2,8,1,30,17,66
15,0,2026,2,8,1,16,0,82
15,5,2026,2,8,19,16,7,91
15,9,2026,2,8,15,1,26,66
15,14,2026,2,8,13,13,15,64
15,20,2026,2,8,12,20,25,59
15,26,2026,2,8,14,2,23,38
15,31,2026,2,8,12,25,1,62
15,38,2026,2,8,13,8,4,66
15,42,2026,2,8,15,5,19,52
15,48,2026,2,8,19,8,10,50
15,54,2026,2,8,1,11,20,41
16,0,2026,2,8,1,4,0,45
16,5,2026,2,8,19,5,1,49
16,9,2026,2,8,15,5,3,51
16,14,2026,2,8,13,2,6,47
16,20,2026,2,8,12,23,23,47
16,26,2026,2,8,14,6,25,28
16,31,2026,2,8,12,16,1,43
16,38,2026,2,8,13,2,9,36
16,42,2026,2,8,15,2,7,31
16,48,2026,2,8,19,2,14,19
16,54,2026,2,8,1,4,9,14
17,0,2026,2,8,1,6,0,20
17,5,2026,2,8,19,2,2,20
17,9,2026,2,8,15,4,0,24
17,14,2026,2,8,13,5,0,29
17,20,2026,2,8,12,11,21,19
17,26,2026,2,8,14,2,10,11
17,31,2026,2,8,12,8,0,19
17,38,2026,2,8,13,5,4,20
17,42,2026,2,8,15,3,3,20
17,48,2026,2,8,19,3,7,16
17,54,2026,2,8,1,6,4,18
18,0,2026,2,8,1,2,0,20
18,5,2026,2,8,19,6,0,26
18,9,2026,2,8,15,2,3,25
18,14,2026,2,8,13,2,1,26
18,20,2026,2,8,12,23,19,30
18,26,2026,2,8,14,3,9,24
18,31,2026,2,8,12,27,3,48
18,38,2026,2,8,13,4,15,37
18,42,2026,2,8,15,4,12,29
18,48,2026,2,8,19,2,8,23
18,54,2026,2,8,1,4,12,15
19,0,2026,2,8,1,2,0,17
19,5,2026,2,8,19,4,1,20
19,9,2026,2,8,15,6,0,26
19,14,2026,2,8,13,3,2,27
19,20,2026,2,8,12,32,18,41
19,26,2026,2,8,14,5,16,30
19,31,2026,2,8,12,33,3,60
19,38,2026,2,8,13,3,14,49
19,42,2026,2,8,15,2,10,41
19,48,2026,2,8,19,4,18,27
19,54,2026,2,8,1,2,11,18
20,0,2026,2,8,1,6,0,24
20,5,2026,2,8,19,3,0,27
20,9,2026,2,8,15,5,2,30
20,14,2026,2,8,13,6,2,34
20,20,2026,2,8,12,18,19,33
20,26,2026,2,8,14,6,15,24
20,31,2026,2,8,12,10,4,30
20,38,2026,2,8,13,3,8,25
20,42,2026,2,8,15,3,5,23
20,48,2026,2,8,19,4,9,18
20,54,2026,2,8,1,5,8,15
21,0,2026,2,8,1,5,0,20
21,5,2026,2,8,19,2,0,22
21,9,2026,2,8,15,2,1,23
21,14,2026,2,8,13,6,3,26
21,20,2026,2,8,12,35,16,45
21,26,2026,2,8,14,4,11,38
21,31,2026,2,8,12,15,2,51
21,38,2026,2,8,13,2,9,44
21,42,2026,2,8,15,2,10,36
21,48,2026,2,8,19,4,11,29
21,54,2026,2,8,1,2,15,16
22,0,2026,2,8,1,5,0,21
22,5,2026,2,8,19,5,0,26
22,9,2026,2,8,15,5,1,30
22,14,2026,2,8,13,4,0,34
22,20,2026,2,8,12,35,20,49
22,26,2026,2,8,14,2,17,34
22,31,2026,2,8,12,11,0,45
22,38,2026,2,8,13,5,7,43
22,42,2026,2,8,15,3,15,31
22,48,2026,2,8,19,4,13,22
22,54,2026,2,8,1,2,11,13
23,0,2026,2,8,1,6,0,19
23,5,2026,2,8,19,4,0,23
23,9,2026,2,8,15,4,0,27
23,14,2026,2,8,13,6,3,30
23,20,2026,2,8,12,23,21,32
23,26,2026,2,8,14,3,7,28
23,31,2026,2,8,12,28,2,54
23,38,2026,2,8,13,2,13,43
23,42,2026,2,8,15,4,11,36
23,48,2026,2,8,19,4,21,19
23,54,2026,2,8,1,0,19,0
6,0,2026,2,9,1,3,0,3
6,5,2026,2,9,19,6,0,9
6,9,2026,2,9,15,21,1,29
6,14,2026,2,9,13,5,5,29
6,20,2026,2,9,12,20,18,31
6,26,2026,2,9,14,18,7,42
6,31,2026,2,9,12,23,14,51
6,38,2026,2,9,13,2,13,40
6,42,2026,2,9,15,19,5,54
6,48,2026,2,9,19,2,20,36
6,54,2026,2,9,1,6,15,27
7,0,2026,2,9,1,3,0,30
7,5,2026,2,9,19,5,3,32
7,9,2026,2,9,15,10,0,42
7,14,2026,2,9,13,5,20,27
7,20,2026,2,9,12,19,15,31
7,26,2026,2,9,14,20,3,48
7,31,2026,2,9,12,15,3,60
7,38,2026,2,9,13,3,16,47
7,42,2026,2,9,15,18,5,60
7,48,2026,2,9,19,5,20,45
7,54,2026,2,9,1,1,21,25
8,0,2026,2,9,1,4,0,29
8,5,2026,2,9,19,4,1,32
8,9,2026,2,9,15,17,1,48
8,14,2026,2,9,13,1,18,31
8,20,2026,2,9,12,16,13,34
8,26,2026,2,9,14,12,3,43
8,31,2026,2,9,12,23,0,66
8,38,2026,2,9,13,5,15,56
8,42,2026,2,9,15,8,2,62
8,48,2026,2,9,19,5,23,44
8,54,2026,2,9,1,2,24,22
9,0,2026,2,9,1,1,0,23
9,5,2026,2,9,19,3,1,25
9,9,2026,2,9,15,4,0,29
9,14,2026,2,9,13,2,8,23
9,20,2026,2,9,12,29,17,35
9,26,2026,2,9,14,2,5,32
9,31,2026,2,9,12,24,0,56
9,38,2026,2,9,13,1,15,42
9,42,2026,2,9,15,3,3,42
9,48,2026,2,9,19,4,16,30
9,54,2026,2,9,1,3,22,11
10,0,2026,2,9,1,2,0,13
10,5,2026,2,9,19,5,0,18
10,9,2026,2,9,15,6,1,23
10,14,2026,2,9,13,6,3,26
10,20,2026,2,9,12,14,19,21
10,26,2026,2,9,14,3,6,18
10,31,2026,2,9,12,33,3,48
10,38,2026,2,9,13,3,7,44
10,42,2026,2,9,15,5,14,35
10,48,2026,2,9,19,6,11,30
10,54,2026,2,9,1,2,15,17
11,0,2026,2,9,1,5,0,22
11,5,2026,2,9,19,6,1,27
11,9,2026,2,9,15,6,1,32
11,14,2026,2,9,13,5,5,32
11,20,2026,2,9,12,21,21,32
11,26,2026,2,9,14,4,10,26
11,31,2026,2,9,12,34,3,57
11,38,2026,2,9,13,6,10,53
11,42,2026,2,9,15,5,19,39
11,48,2026,2,9,19,3,13,29
11,54,2026,2,9,1,4,11,22
12,0,2026,2,9,1,4,0,26
12,5,2026,2,9,19,5,0,31
12,9,2026,2,9,15,4,2,33
12,14,2026,2,9,13,3,4,32
12,20,2026,2,9,12,11,22,21
12,26,2026,2,9,14,2,12,11
12,31,2026,2,9,12,21,2,30
12,38,2026,2,9,13,5,8,27
12,42,2026,2,9,15,4,8,23
12,48,2026,2,9,19,3,7,19
12,54,2026,2,9,1,6,7,18
13,0,2026,2,9,1,23,0,41
13,5,2026,2,9,19,23,0,64
13,9,2026,2,9,15,6,11,59
13,14,2026,2,9,13,14,7,66
13,20,2026,2,9,12,26,26,66
13,26,2026,2,9,14,6,21,51
13,31,2026,2,9,12,18,3,66
13,38,2026,2,9,13,7,13,60
13,42,2026,2,9,15,2,21,41
13,48,2026,2,9,19,27,15,53
13,54,2026,2,9,1,19,16,56
14,0,2026,2,9,1,10,0,66
14,5,2026,2,9,19,7,7,66
14,9,2026,2,9,15,5,11,60
14,14,2026,2,9,13,15,9,66
14,20,2026,2,9,12,26,26,66
14,26,2026,2,9,14,2,21,47
14,31,2026,2,9,12,19,0,66
14,38,2026,2,9,13,12,12,66
14,42,2026,2,9,15,5,20,51
14,48,2026,2,9,19,13,19,45
14,54,2026,2,9,1,8,14,39
15,0,2026,2,9,1,16,0,55
15,5,2026,2,9,19,16,5,66
15,9,2026,2,9,15,4,14,56
15,14,2026,2,9,13,21,11,66
15,20,2026,2,9,12,18,20,64
15,26,2026,2,9,14,6,20,50
15,31,2026,2,9,12,20,4,66
15,38,2026,2,9,13,10,10,66
15,42,2026,2,9,15,5,21,50
15,48,2026,2,9,19,30,15,65
15,54,2026,2,9,1,19,18,66
16,0,2026,2,9,1,6,0,72
16,5,2026,2,9,19,2,8,66
16,9,2026,2,9,15,3,9,60
16,14,2026,2,9,13,4,10,54
16,20,2026,2,9,12,24,31,47
16,26,2026,2,9,14,4,26,25
16,31,2026,2,9,12,30,1,54
16,38,2026,2,9,13,2,8,48
16,42,2026,2,9,15,6,11,43
16,48,2026,2,9,19,5,15,33
16,54,2026,2,9,1,4,12,25
17,0,2026,2,9,1,5,0,30
17,5,2026,2,9,19,5,2,33
17,9,2026,2,9,15,4,1,36
17,14,2026,2,9,13,3,1,38
17,20,2026,2,9,12,17,21,34
17,26,2026,2,9,14,5,19,20
17,31,2026,2,9,12,9,4,25
17,38,2026,2,9,13,6,1,30
17,42,2026,2,9,15,4,11,23
17,48,2026,2,9,19,3,4,22
17,54,2026,2,9,1,5,9,18
18,0,2026,2,9,1,4,0,22
18,5,2026,2,9,19,5,1,26
18,9,2026,2,9,15,5,0,31
18,14,2026,2,9,13,6,1,36
18,20,2026,2,9,12,13,22,27
18,26,2026,2,9,14,2,6,23
18,31,2026,2,9,12,8,0,31
18,38,2026,2,9,13,2,5,28
18,42,2026,2,9,15,2,9,21
18,48,2026,2,9,19,5,8,18
18,54,2026,2,9,1,6,7,17
19,0,2026,2,9,1,2,0,19
19,5,2026,2,9,19,3,2,20
19,9,2026,2,9,15,6,0,26
19,14,2026,2,9,13,4,2,28
19,20,2026,2,9,12,17,20,25
19,26,2026,2,9,14,4,10,19
19,31,2026,2,9,12,24,3,40
19,38,2026,2,9,13,5,5,40
19,42,2026,2,9,15,5,12,33
19,48,2026,2,9,19,2,13,22
19,54,2026,2,9,1,5,6,21
20,0,2026,2,9,1,5,0,26
20,5,2026,2,9,19,2,0,28
20,9,2026,2,9,15,2,0,30
20,14,2026,2,9,13,6,4,32
20,20,2026,2,9,12,10,23,19
20,26,2026,2,9,14,4,11,12
20,31,2026,2,9,12,31,3,40
20,38,2026,2,9,13,6,12,34
20,42,2026,2,9,15,6,8,32
20,48,2026,2,9,19,3,6,29
20,54,2026,2,9,1,3,11,21
21,0,2026,2,9,1,5,0,26
21,5,2026,2,9,19,3,1,28
21,9,2026,2,9,15,3,0,31
21,14,2026,2,9,13,6,1,36
21,20,2026,2,9,12,17,20,33
21,26,2026,2,9,14,2,16,19
21,31,2026,2,9,12,12,2,29
21,38,2026,2,9,13,6,2,33
21,42,2026,2,9,15,3,11,25
21,48,2026,2,9,19,3,4,24
21,54,2026,2,9,1,2,8,18
22,0,2026,2,9,1,2,0,20
22,5,2026,2,9,19,6,1,25
22,9,2026,2,9,15,2,0,27
22,14,2026,2,9,13,6,1,32
22,20,2026,2,9,12,30,22,40
22,26,2026,2,9,14,3,13,30
22,31,2026,2,9,12,23,0,53
22,38,2026,2,9,13,5,12,46
22,42,2026,2,9,15,4,18,32
22,48,2026,2,9,19,6,14,24
22,54,2026,2,9,1,5,9,20
23,0,2026,2,9,1,3,0,23
23,5,2026,2,9,19,6,1,28
23,9,2026,2,9,15,4,1,31
23,14,2026,2,9,13,3,4,30
23,20,2026,2,9,12,31,20,41
23,26,2026,2,9,14,4,12,33
23,31,2026,2,9,12,31,3,61
23,38,2026,2,9,13,6,11,56
23,42,2026,2,9,15,6,20,42
23,48,2026,2,9,19,0,21,21
23,54,2026,2,9,1,0,21,0
6,0,2026,2,10,1,6,0,6
6,5,2026,2,10,19,4,0,10
6,9,2026,2,10,15,6,1,15
6,14,2026,2,10,13,4,1,18
6,20,2026,2,10,12,28,14,32
6,26,2026,2,10,14,12,6,38
6,31,2026,2,10,12,33,9,62
6,38,2026,2,10,13,6,15,53
6,42,2026,2,10,15,17,14,56
6,48,2026,2,10,19,5,14,47
6,54,2026,2,10,1,5,17,35
7,0,2026,2,10,1,1,0,36
7,5,2026,2,10,19,3,3,36
7,9,2026,2,10,15,14,1,49
7,14,2026,2,10,13,5,19,35
7,20,2026,2,10,12,19,14,40
7,26,2026,2,10,14,7,9,38
7,31,2026,2,10,12,19,2,55
7,38,2026,2,10,13,3,8,50
7,42,2026,2,10,15,12,2,60
7,48,2026,2,10,19,1,22,39
7,54,2026,2,10,1,3,26,16
8,0,2026,2,10,1,2,0,18
8,5,2026,2,10,19,1,1,18
8,9,2026,2,10,15,20,0,38
8,14,2026,2,10,13,5,11,32
8,20,2026,2,10,12,31,15,48
8,26,2026,2,10,14,11,2,57
8,31,2026,2,10,12,8,4,61
8,38,2026,2,10,13,3,17,47
8,42,2026,2,10,15,14,3,58
8,48,2026,2,10,19,2,24,36
8,54,2026,2,10,1,2,22,16
9,0,2026,2,10,1,3,0,19
9,5,2026,2,10,19,5,1,23
9,9,2026,2,10,15,5,0,28
9,14,2026,2,10,13,2,12,18
9,20,2026,2,10,12,31,7,42
9,26,2026,2,10,14,2,3,41
9,31,2026,2,10,12,25,0,66
9,38,2026,2,10,13,5,20,51
9,42,2026,2,10,15,5,2,54
9,48,2026,2,10,19,5,24,35
9,54,2026,2,10,1,2,20,17
10,0,2026,2,10,1,2,0,19
10,5,2026,2,10,19,6,0,25
10,9,2026,2,10,15,4,2,27
10,14,2026,2,10,13,4,2,29
10,20,2026,2,10,12,35,21,43
10,26,2026,2,10,14,3,11,35
10,31,2026,2,10,12,9,3,41
10,38,2026,2,10,13,6,7,40
10,42,2026,2,10,15,5,11,34
10,48,2026,2,10,19,4,13,25
10,54,2026,2,10,1,5,8,22
11,0,2026,2,10,1,2,0,24
11,5,2026,2,10,19,5,1,28
11,9,2026,2,10,15,6,1,33
11,14,2026,2,10,13,5,3,35
11,20,2026,2,10,12,30,21,44
11,26,2026,2,10,14,2,10,36
11,31,2026,2,10,12,29,2,63
11,38,2026,2,10,13,5,11,57
11,42,2026,2,10,15,5,8,54
11,48,2026,2,10,19,6,18,42
11,54,2026,2,10,1,5,22,25
12,0,2026,2,10,1,6,0,31
12,5,2026,2,10,19,2,1,32
12,9,2026,2,10,15,4,1,35
12,14,2026,2,10,13,2,5,32
12,20,2026,2,10,12,33,22,43
12,26,2026,2,10,14,5,9,39
12,31,2026,2,10,12,12,5,46
12,38,2026,2,10,13,3,10,39
12,42,2026,2,10,15,3,14,28
12,48,2026,2,10,19,4,10,22
12,54,2026,2,10,1,6,13,15
13,0,2026,2,10,1,23,0,38
13,5,2026,2,10,19,23,1,60
13,9,2026,2,10,15,5,10,55
13,14,2026,2,10,13,18,7,66
13,20,2026,2,10,12,23,23,66
13,26,2026,2,10,14,2,22,46
13,31,2026,2,10,12,22,2,66
13,38,2026,2,10,13,6,6,66
13,42,2026,2,10,15,4,14,56
13,48,2026,2,10,19,10,21,45
13,54,2026,2,10,1,25,22,48
14,0,2026,2,10,1,18,0,66
14,5,2026,2,10,19,3,3,66
14,9,2026,2,10,15,2,11,57
14,14,2026,2,10,13,19,10,66
14,20,2026,2,10,12,22,30,58
14,26,2026,2,10,14,2,24,36
14,31,2026,2,10,12,31,1,66
14,38,2026,2,10,13,7,8,65
14,42,2026,2,10,15,6,22,49
14,48,2026,2,10,19,26,10,65
14,54,2026,2,10,1,19,18,66
15,0,2026,2,10,1,12,0,78
15,5,2026,2,10,19,10,10,78
15,9,2026,2,10,15,2,20,60
15,14,2026,2,10,13,8,10,58
15,20,2026,2,10,12,15,27,46
15,26,2026,2,10,14,6,20,32
15,31,2026,2,10,12,15,5,42
15,38,2026,2,10,13,10,6,46
15,42,2026,2,10,15,4,10,40
15,48,2026,2,10,19,18,6,52
15,54,2026,2,10,1,20,16,56
16,0,2026,2,10,1,4,0,60
16,5,2026,2,10,19,3,9,54
16,9,2026,2,10,15,2,9,47
16,14,2026,2,10,13,3,11,39
16,20,2026,2,10,12,25,21,43
16,26,2026,2,10,14,5,17,31
16,31,2026,2,10,12,36,4,63
16,38,2026,2,10,13,4,10,57
16,42,2026,2,10,15,3,16,44
16,48,2026,2,10,19,2,17,29
16,54,2026,2,10,1,6,16,19
17,0,2026,2,10,1,6,0,25
17,5,2026,2,10,19,6,0,31
17,9,2026,2,10,15,4,2,33
17,14,2026,2,10,13,3,2,34
17,20,2026,2,10,12,8,20,22
17,26,2026,2,10,14,2,13,11
17,31,2026,2,10,12,35,1,45
17,38,2026,2,10,13,5,4,46
17,42,2026,2,10,15,3,10,39
17,48,2026,2,10,19,5,9,35
17,54,2026,2,10,1,5,14,26
18,0,2026,2,10,1,5,0,31
18,5,2026,2,10,19,2,0,33
18,9,2026,2,10,15,5,1,37
18,14,2026,2,10,13,2,2,37
18,20,2026,2,10,12,10,21,26
18,26,2026,2,10,14,2,15,13
18,31,2026,2,10,12,10,2,21
18,38,2026,2,10,13,3,7,17
18,42,2026,2,10,15,6,3,20
18,48,2026,2,10,19,5,5,20
18,54,2026,2,10,1,4,6,18
19,0,2026,2,10,1,5,0,23
19,5,2026,2,10,19,3,0,26
19,9,2026,2,10,15,4,2,28
19,14,2026,2,10,13,6,3,31
19,20,2026,2,10,12,23,20,34
19,26,2026,2,10,14,4,11,27
19,31,2026,2,10,12,9,3,33
19,38,2026,2,10,13,4,8,29
19,42,2026,2,10,15,5,8,26
19,48,2026,2,10,19,3,7,22
19,54,2026,2,10,1,6,10,18
20,0,2026,2,10,1,6,0,24
20,5,2026,2,10,19,5,1,28
20,9,2026,2,10,15,5,4,29
20,14,2026,2,10,13,4,3,30
20,20,2026,2,10,12,25,21,34
20,26,2026,2,10,14,2,12,24
20,31,2026,2,10,12,8,1,31
20,38,2026,2,10,13,3,10,24
20,42,2026,2,10,15,4,3,25
20,48,2026,2,10,19,5,11,19
20,54,2026,2,10,1,5,5,19
21,0,2026,2,10,1,2,0,21
21,5,2026,2,10,19,4,0,25
21,9,2026,2,10,15,4,1,28
21,14,2026,2,10,13,3,2,29
21,20,2026,2,10,12,27,20,36
21,26,2026,2,10,14,2,12,26
21,31,2026,2,10,12,16,2,40
21,38,2026,2,10,13,4,7,37
21,42,2026,2,10,15,5,7,35
21,48,2026,2,10,19,5,11,29
21,54,2026,2,10,1,6,17,18
22,0,2026,2,10,1,5,0,23
22,5,2026,2,10,19,5,1,27
22,9,2026,2,10,15,5,4,28
22,14,2026,2,10,13,2,0,30
22,20,2026,2,10,12,15,20,25
22,26,2026,2,10,14,6,6,25
22,31,2026,2,10,12,14,4,35
22,38,2026,2,10,13,4,5,34
22,42,2026,2,10,15,5,9,30
22,48,2026,2,10,19,3,10,23
22,54,2026,2,10,1,2,9,16
23,0,2026,2,10,1,3,0,19
23,5,2026,2,10,19,4,1,22
23,9,2026,2,10,15,6,1,27
23,14,2026,2,10,13,2,3,26
23,20,2026,2,10,12,24,19,31
23,26,2026,2,10,14,5,11,25
23,31,2026,2,10,12,32,3,54
23,38,2026,2,10,13,2,16,40
23,42,2026,2,10,15,3,14,29
23,48,2026,2,10,19,6,14,21
23,54,2026,2,10,1,0,21,0
6,0,2026,2,11,1,3,0,3
6,5,2026,2,11,19,3,0,6
6,9,2026,2,11,15,7,1,12
6,14,2026,2,11,13,5,0,17
6,20,2026,2,11,12,29,12,34
6,26,2026,2,11,14,5,8,31
6,31,2026,2,11,12,16,5,42
6,38,2026,2,11,13,3,4,41
6,42,2026,2,11,15,9,10,40
6,48,2026,2,11,19,4,15,29
6,54,2026,2,11,1,2,11,20
7,0,2026,2,11,1,3,0,23
7,5,2026,2,11,19,3,1,25
7,9,2026,2,11,15,5,0,30
7,14,2026,2,11,13,2,11,21
7,20,2026,2,11,12,10,9,22
7,26,2026,2,11,14,21,5,38
7,31,2026,2,11,12,12,5,45
7,38,2026,2,11,13,1,13,33
7,42,2026,2,11,15,8,0,41
7,48,2026,2,11,19,1,18,24
7,54,2026,2,11,1,2,18,8
8,0,2026,2,11,1,3,0,11
8,5,2026,2,11,19,1,2,10
8,9,2026,2,11,15,7,0,17
8,14,2026,2,11,13,3,5,15
8,20,2026,2,11,12,18,9,24
8,26,2026,2,11,14,7,3,28
8,31,2026,2,11,12,11,1,38
8,38,2026,2,11,13,5,11,32
8,42,2026,2,11,15,19,2,49
8,48,2026,2,11,19,1,20,30
8,54,2026,2,11,1,2,22,10
9,0,2026,2,11,1,2,0,12
9,5,2026,2,11,19,5,2,15
9,9,2026,2,11,15,6,1,20
9,14,2026,2,11,13,5,9,16
9,20,2026,2,11,12,12,5,23
9,26,2026,2,11,14,3,2,24
9,31,2026,2,11,12,10,1,33
9,38,2026,2,11,13,4,11,26
9,42,2026,2,11,15,3,0,29
9,48,2026,2,11,19,5,13,21
9,54,2026,2,11,1,2,16,7
10,0,2026,2,11,1,5,0,12
10,5,2026,2,11,19,4,0,16
10,9,2026,2,11,15,6,0,22
10,14,2026,2,11,13,4,1,25
10,20,2026,2,11,12,23,19,29
10,26,2026,2,11,14,5,4,30
10,31,2026,2,11,12,28,4,54
10,38,2026,2,11,13,6,13,47
10,42,2026,2,11,15,2,17,32
10,48,2026,2,11,19,6,8,30
10,54,2026,2,11,1,2,12,20
11,0,2026,2,11,1,2,0,22
11,5,2026,2,11,19,3,0,25
11,9,2026,2,11,15,2,1,26
11,14,2026,2,11,13,3,1,28
11,20,2026,2,11,12,24,18,34
11,26,2026,2,11,14,5,17,22
11,31,2026,2,11,12,11,4,29
11,38,2026,2,11,13,2,8,23
11,42,2026,2,11,15,5,4,24
11,48,2026,2,11,19,3,8,19
11,54,2026,2,11,1,3,6,16
12,0,2026,2,11,1,4,0,20
12,5,2026,2,11,19,2,0,22
12,9,2026,2,11,15,3,1,24
12,14,2026,2,11,13,2,3,23
12,20,2026,2,11,12,33,18,38
12,26,2026,2,11,14,4,9,33
12,31,2026,2,11,12,18,3,48
12,38,2026,2,11,13,4,10,42
12,42,2026,2,11,15,5,14,33
12,48,2026,2,11,19,3,10,26
12,54,2026,2,11,1,4,13,17
13,0,2026,2,11,1,19,0,36
13,5,2026,2,11,19,25,2,59
13,9,2026,2,11,15,4,12,51
13,14,2026,2,11,13,24,9,66
13,20,2026,2,11,12,21,21,66
13,26,2026,2,11,14,3,22,47
13,31,2026,2,11,12,22,3,66
13,38,2026,2,11,13,7,7,66
13,42,2026,2,11,15,4,20,50
13,48,2026,2,11,19,23,7,66
13,54,2026,2,11,1,17,25,58
14,0,2026,2,11,1,8,0,66
14,5,2026,2,11,19,4,4,66
14,9,2026,2,11,15,5,11,60
14,14,2026,2,11,13,16,10,66
14,20,2026,2,11,12,19,27,58
14,26,2026,2,11,14,6,20,44
14,31,2026,2,11,12,24,4,64
14,38,2026,2,11,13,11,9,66
14,42,2026,2,11,15,5,17,54
14,48,2026,2,11,19,30,18,66
14,54,2026,2,11,1,22,22,66
15,0,2026,2,11,1,12,0,78
15,5,2026,2,11,19,16,6,88
15,9,2026,2,11,15,3,22,69
15,14,2026,2,11,13,8,11,66
15,20,2026,2,11,12,11,33,44
15,26,2026,2,11,14,5,20,29
15,31,2026,2,11,12,28,2,55
15,38,2026,2,11,13,17,6,66
15,42,2026,2,11,15,4,24,46
15,48,2026,2,11,19,8,12,42
15,54,2026,2,11,1,15,11,46
16,0,2026,2,11,1,2,0,48
16,5,2026,2,11,19,2,4,46
16,9,2026,2,11,15,2,7,41
16,14,2026,2,11,13,6,5,42
16,20,2026,2,11,12,34,25,51
16,26,2026,2,11,14,3,16,38
16,31,2026,2,11,12,24,2,60
16,38,2026,2,11,13,6,17,49
16,42,2026,2,11,15,2,12,39
16,48,2026,2,11,19,3,15,27
16,54,2026,2,11,1,5,17,15
17,0,2026,2,11,1,5,0,20
17,5,2026,2,11,19,6,0,26
17,9,2026,2,11,15,6,2,30
17,14,2026,2,11,13,6,1,35
17,20,2026,2,11,12,23,21,37
17,26,2026,2,11,14,6,12,31
17,31,2026,2,11,12,29,5,55
17,38,2026,2,11,13,2,9,48
17,42,2026,2,11,15,2,15,35
17,48,2026,2,11,19,2,8,29
17,54,2026,2,11,1,5,17,17
18,0,2026,2,11,1,4,0,21
18,5,2026,2,11,19,2,0,23
18,9,2026,2,11,15,3,0,26
18,14,2026,2,11,13,3,4,25
18,20,2026,2,11,12,26,14,37
18,26,2026,2,11,14,3,15,25
18,31,2026,2,11,12,21,0,46
18,38,2026,2,11,13,4,8,42
18,42,2026,2,11,15,2,14,30
18,48,2026,2,11,19,2,14,18
18,54,2026,2,11,1,5,9,14
19,0,2026,2,11,1,4,0,18
19,5,2026,2,11,19,2,0,20
19,9,2026,2,11,15,2,0,22
19,14,2026,2,11,13,4,1,25
19,20,2026,2,11,12,18,19,24
19,26,2026,2,11,14,6,7,23
19,31,2026,2,11,12,17,3,37
19,38,2026,2,11,13,3,3,37
19,42,2026,2,11,15,5,7,35
19,48,2026,2,11,19,6,13,28
19,54,2026,2,11,1,5,13,20
20,0,2026,2,11,1,3,0,23
20,5,2026,2,11,19,3,1,25
20,9,2026,2,11,15,5,2,28
20,14,2026,2,11,13,6,4,30
20,20,2026,2,11,12,34,17,47
20,26,2026,2,11,14,5,13,39
20,31,2026,2,11,12,8,4,43
20,38,2026,2,11,13,4,13,34
20,42,2026,2,11,15,4,8,30
20,48,2026,2,11,19,3,14,19
20,54,2026,2,11,1,3,9,13
21,0,2026,2,11,1,2,0,15
21,5,2026,2,11,19,4,0,19
21,9,2026,2,11,15,5,2,22
21,14,2026,2,11,13,5,3,24
21,20,2026,2,11,12,24,16,32
21,26,2026,2,11,14,6,7,31
21,31,2026,2,11,12,33,5,59
21,38,2026,2,11,13,5,14,50
21,42,2026,2,11,15,3,13,40
21,48,2026,2,11,19,2,13,29
21,54,2026,2,11,1,6,13,22
22,0,2026,2,11,1,2,0,24
22,5,2026,2,11,19,4,2,26
22,9,2026,2,11,15,4,0,30
22,14,2026,2,11,13,2,1,31
22,20,2026,2,11,12,20,19,32
22,26,2026,2,11,14,3,15,20
22,31,2026,2,11,12,18,2,36
22,38,2026,2,11,13,2,14,24
22,42,2026,2,11,15,5,6,23
22,48,2026,2,11,19,3,7,19
22,54,2026,2,11,1,4,8,15
23,0,2026,2,11,1,2,0,17
23,5,2026,2,11,19,3,1,19
23,9,2026,2,11,15,2,1,20
23,14,2026,2,11,13,6,1,25
23,20,2026,2,11,12,29,17,37
23,26,2026,2,11,14,4,10,31
23,31,2026,2,11,12,15,1,45
23,38,2026,2,11,13,2,8,39
23,42,2026,2,11,15,3,14,28
23,48,2026,2,11,19,6,18,16
23,54,2026,2,11,1,0,16,0
6,0,2026,2,12,1,2,0,2
6,5,2026,2,12,19,3,0,5
6,9,2026,2,12,15,7,0,12
6,14,2026,2,12,13,6,2,16
6,20,2026,2,12,12,22,8,30
6,26,2026,2,12,14,7,8,29
6,31,2026,2,12,12,13,5,37
6,38,2026,2,12,13,6,5,38
6,42,2026,2,12,15,18,14,42
6,48,2026,2,12,19,3,10,35
6,54,2026,2,12,1,2,11,26
7,0,2026,2,12,1,2,0,28
7,5,2026,2,12,19,1,0,29
7,9,2026,2,12,15,10,0,39
7,14,2026,2,12,13,3,16,26
7,20,2026,2,12,12,24,14,36
7,26,2026,2,12,14,9,9,36
7,31,2026,2,12,12,12,1,47
7,38,2026,2,12,13,2,6,43
7,42,2026,2,12,15,16,3,56
7,48,2026,2,12,19,1,23,34
7,54,2026,2,12,1,3,25,12
8,0,2026,2,12,1,3,0,15
8,5,2026,2,12,19,4,1,18
8,9,2026,2,12,15,11,0,29
8,14,2026,2,12,13,4,11,22
8,20,2026,2,12,12,24,10,36
8,26,2026,2,12,14,5,1,40
8,31,2026,2,12,12,12,1,51
8,38,2026,2,12,13,1,17,35
8,42,2026,2,12,15,15,1,49
8,48,2026,2,12,19,2,25,26
8,54,2026,2,12,1,3,17,12
9,0,2026,2,12,1,3,0,15
9,5,2026,2,12,19,3,0,18
9,9,2026,2,12,15,3,1,20
9,14,2026,2,12,13,2,8,14
9,20,2026,2,12,12,34,8,40
9,26,2026,2,12,14,4,2,42
9,31,2026,2,12,12,20,0,62
9,38,2026,2,12,13,1,19,44
9,42,2026,2,12,15,4,1,47
9,48,2026,2,12,19,2,21,28
9,54,2026,2,12,1,4,20,12
10,0,2026,2,12,1,2,0,14
10,5,2026,2,12,19,2,1,15
10,9,2026,2,12,15,3,2,16
10,14,2026,2,12,13,3,1,18
10,20,2026,2,12,12,32,14,36
10,26,2026,2,12,14,6,9,33
10,31,2026,2,12,12,18,4,47
10,38,2026,2,12,13,2,10,39
10,42,2026,2,12,15,5,8,36
10,48,2026,2,12,19,2,10,28
10,54,2026,2,12,1,3,16,15
11,0,2026,2,12,1,5,0,20
11,5,2026,2,12,19,3,2,21
11,9,2026,2,12,15,2,1,22
11,14,2026,2,12,13,5,0,27
11,20,2026,2,12,12,13,16,24
11,26,2026,2,12,14,5,9,20
11,31,2026,2,12,12,8,4,24
11,38,2026,2,12,13,5,5,24
11,42,2026,2,12,15,3,4,23
11,48,2026,2,12,19,6,11,18
11,54,2026,2,12,1,5,3,20
12,0,2026,2,12,1,4,0,24
12,5,2026,2,12,19,3,2,25
12,9,2026,2,12,15,6,2,29
12,14,2026,2,12,13,3,2,30
12,20,2026,2,12,12,23,23,30
12,26,2026,2,12,14,4,7,27
12,31,2026,2,12,12,20,3,44
12,38,2026,2,12,13,4,13,35
12,42,2026,2,12,15,4,10,29
12,48,2026,2,12,19,3,11,21
12,54,2026,2,12,1,6,9,18
13,0,2026,2,12,1,18,0,36
13,5,2026,2,12,19,27,2,61
13,9,2026,2,12,15,4,11,54
13,14,2026,2,12,13,20,9,65
13,20,2026,2,12,12,23,22,66
13,26,2026,2,12,14,2,21,47
13,31,2026,2,12,12,20,1,66
13,38,2026,2,12,13,6,6,66
13,42,2026,2,12,15,4,21,49
13,48,2026,2,12,19,26,14,61
13,54,2026,2,12,1,22,20,63
14,0,2026,2,12,1,3,0,66
14,5,2026,2,12,19,3,3,66
14,9,2026,2,12,15,2,14,54
14,14,2026,2,12,13,22,10,66
14,20,2026,2,12,12,25,26,65
14,26,2026,2,12,14,5,21,49
14,31,2026,2,12,12,21,5,65
14,38,2026,2,12,13,9,8,66
14,42,2026,2,12,15,5,26,45
14,48,2026,2,12,19,15,9,51
14,54,2026,2,12,1,16,20,47
15,0,2026,2,12,1,19,0,66
15,5,2026,2,12,19,8,8,66
15,9,2026,2,12,15,5,17,54
15,14,2026,2,12,13,13,10,57
15,20,2026,2,12,12,21,20,58
15,26,2026,2,12,14,3,20,41
15,31,2026,2,12,12,27,2,66
15,38,2026,2,12,13,4,4,66
15,42,2026,2,12,15,5,25,46
15,48,2026,2,12,19,20,13,53
15,54,2026,2,12,1,9,17,45
16,0,2026,2,12,1,6,0,51
16,5,2026,2,12,19,5,3,53
16,9,2026,2,12,15,5,5,53
16,14,2026,2,12,13,3,8,48
16,20,2026,2,12,12,20,22,46
16,26,2026,2,12,14,6,20,32
16,31,2026,2,12,12,22,5,49
16,38,2026,2,12,13,3,5,47
16,42,2026,2,12,15,2,16,33
16,48,2026,2,12,19,2,17,18
16,54,2026,2,12,1,5,11,12
17,0,2026,2,12,1,5,0,17
17,5,2026,2,12,19,6,1,22
17,9,2026,2,12,15,2,1,23
17,14,2026,2,12,13,2,5,20
17,20,2026,2,12,12,23,15,28
17,26,2026,2,12,14,2,7,23
17,31,2026,2,12,12,16,2,37
17,38,2026,2,12,13,2,11,28
17,42,2026,2,12,15,6,7,27
17,48,2026,2,12,19,3,7,23
17,54,2026,2,12,1,4,10,17
18,0,2026,2,12,1,5,0,22
18,5,2026,2,12,19,6,0,28
18,9,2026,2,12,15,6,2,32
18,14,2026,2,12,13,2,4,30
18,20,2026,2,12,12,8,20,18
18,26,2026,2,12,14,2,6,14
18,31,2026,2,12,12,35,1,48
18,38,2026,2,12,13,2,10,40
18,42,2026,2,12,15,5,7,38
18,48,2026,2,12,19,4,10,32
18,54,2026,2,12,1,2,14,20
19,0,2026,2,12,1,2,0,22
19,5,2026,2,12,19,4,0,26
19,9,2026,2,12,15,5,0,31
19,14,2026,2,12,13,5,1,35
19,20,2026,2,12,12,12,21,26
19,26,2026,2,12,14,4,12,18
19,31,2026,2,12,12,35,3,50
19,38,2026,2,12,13,5,10,45
19,42,2026,2,12,15,3,7,41
19,48,2026,2,12,19,4,10,35
19,54,2026,2,12,1,4,12,27
20,0,2026,2,12,1,2,0,29
20,5,2026,2,12,19,5,1,33
20,9,2026,2,12,15,3,2,34
20,14,2026,2,12,13,3,2,35
20,20,2026,2,12,12,14,18,31
20,26,2026,2,12,14,2,18,15
20,31,2026,2,12,12,34,1,48
20,38,2026,2,12,13,2,11,39
20,42,2026,2,12,15,4,13,30
20,48,2026,2,12,19,6,9,27
20,54,2026,2,12,1,4,6,25
21,0,2026,2,12,1,4,0,29
21,5,2026,2,12,19,6,0,35
21,9,2026,2,12,15,5,1,39
21,14,2026,2,12,13,2,3,38
21,20,2026,2,12,12,31,20,49
21,26,2026,2,12,14,5,18,36
21,31,2026,2,12,12,12,3,45
21,38,2026,2,12,13,6,3,48
21,42,2026,2,12,15,2,14,36
21,48,2026,2,12,19,6,12,30
21,54,2026,2,12,1,2,15,17
22,0,2026,2,12,1,2,0,19
22,5,2026,2,12,19,3,0,22
22,9,2026,2,12,15,4,3,23
22,14,2026,2,12,13,3,1,25
22,20,2026,2,12,12,32,15,42
22,26,2026,2,12,14,4,14,32
22,31,2026,2,12,12,21,1,52
22,38,2026,2,12,13,4,8,48
22,42,2026,2,12,15,2,19,31
22,48,2026,2,12,19,4,13,22
22,54,2026,2,12,1,2,10,14
23,0,2026,2,12,1,5,0,19
23,5,2026,2,12,19,4,0,23
23,9,2026,2,12,15,3,1,25
23,14,2026,2,12,13,6,3,28
23,20,2026,2,12,12,11,15,24
23,26,2026,2,12,14,4,11,17
23,31,2026,2,12,12,34,2,49
23,38,2026,2,12,13,6,9,46
23,42,2026,2,12,15,6,17,35
23,48,2026,2,12,19,0,15,20
23,54,2026,2,12,1,0,20,0
6,0,2026,2,13,1,6,0,6
6,5,2026,2,13,19,5,0,11
6,9,2026,2,13,15,20,1,30
6,14,2026,2,13,13,4,5,29
6,20,2026,2,13,12,16,21,24
6,26,2026,2,13,14,18,8,34
6,31,2026,2,13,12,32,15,51
6,38,2026,2,13,13,6,12,45
6,42,2026,2,13,15,5,10,40
6,48,2026,2,13,19,4,17,27
6,54,2026,2,13,1,3,10,20
7,0,2026,2,13,1,1,0,21
7,5,2026,2,13,19,5,0,26
7,9,2026,2,13,15,21,0,47
7,14,2026,2,13,13,3,16,34
7,20,2026,2,13,12,20,10,44
7,26,2026,2,13,14,20,5,59
7,31,2026,2,13,12,7,0,66
7,38,2026,2,13,13,5,18,53
7,42,2026,2,13,15,13,3,63
7,48,2026,2,13,19,4,21,46
7,54,2026,2,13,1,3,23,26
8,0,2026,2,13,1,1,0,27
8,5,2026,2,13,19,5,0,32
8,9,2026,2,13,15,20,2,50
8,14,2026,2,13,13,2,16,36
8,20,2026,2,13,12,34,19,51
8,26,2026,2,13,14,18,4,65
8,31,2026,2,13,12,3,2,66
8,38,2026,2,13,13,1,21,46
8,42,2026,2,13,15,20,3,63
8,48,2026,2,13,19,5,20,48
8,54,2026,2,13,1,1,23,26
9,0,2026,2,13,1,1,0,27
9,5,2026,2,13,19,3,0,30
9,9,2026,2,13,15,4,0,34
9,14,2026,2,13,13,2,19,17
9,20,2026,2,13,12,35,9,43
9,26,2026,2,13,14,6,2,47
9,31,2026,2,13,12,20,1,66
9,38,2026,2,13,13,2,16,52
9,42,2026,2,13,15,2,1,53
9,48,2026,2,13,19,4,21,36
9,54,2026,2,13,1,3,28,11
10,0,2026,2,13,1,4,0,15
10,5,2026,2,13,19,2,1,16
10,9,2026,2,13,15,3,0,19
10,14,2026,2,13,13,6,1,24
10,20,2026,2,13,12,20,18,26
10,26,2026,2,13,14,5,7,24
10,31,2026,2,13,12,36,2,58
10,38,2026,2,13,13,2,6,54
10,42,2026,2,13,15,6,16,44
10,48,2026,2,13,19,2,12,34
10,54,2026,2,13,1,4,16,22
11,0,2026,2,13,1,6,0,28
11,5,2026,2,13,19,6,1,33
11,9,2026,2,13,15,6,1,38
11,14,2026,2,13,13,2,5,35
11,20,2026,2,13,12,18,20,33
11,26,2026,2,13,14,3,14,22
11,31,2026,2,13,12,11,3,30
11,38,2026,2,13,13,2,9,23
11,42,2026,2,13,15,6,9,20
11,48,2026,2,13,19,6,6,20
11,54,2026,2,13,1,4,10,14
12,0,2026,2,13,1,6,0,20
12,5,2026,2,13,19,4,2,22
12,9,2026,2,13,15,6,1,27
12,14,2026,2,13,13,2,2,27
12,20,2026,2,13,12,23,19,31
12,26,2026,2,13,14,6,15,22
12,31,2026,2,13,12,10,5,27
12,38,2026,2,13,13,6,8,25
12,42,2026,2,13,15,6,4,27
12,48,2026,2,13,19,6,6,27
12,54,2026,2,13,1,5,8,24
13,0,2026,2,13,1,21,0,45
13,5,2026,2,13,19,18,1,62
13,9,2026,2,13,15,5,10,57
13,14,2026,2,13,13,11,2,66
13,20,2026,2,13,12,20,34,52
13,26,2026,2,13,14,3,21,34
13,31,2026,2,13,12,15,2,47
13,38,2026,2,13,13,25,13,59
13,42,2026,2,13,15,3,18,44
13,48,2026,2,13,19,19,11,52
13,54,2026,2,13,1,26,13,65
14,0,2026,2,13,1,1,0,66
14,5,2026,2,13,19,5,5,66
14,9,2026,2,13,15,6,16,56
14,14,2026,2,13,13,14,6,64
14,20,2026,2,13,12,31,29,66
14,26,2026,2,13,14,5,20,51
14,31,2026,2,13,12,18,3,66
14,38,2026,2,13,13,9,9,66
14,42,2026,2,13,15,5,25,46
14,48,2026,2,13,19,22,16,52
14,54,2026,2,13,1,28,17,63
15,0,2026,2,13,1,3,0,66
15,5,2026,2,13,19,6,6,66
15,9,2026,2,13,15,3,10,59
15,14,2026,2,13,13,19,12,66
15,20,2026,2,13,12,22,22,66
15,26,2026,2,13,14,5,21,50
15,31,2026,2,13,12,20,4,66
15,38,2026,2,13,13,9,9,66
15,42,2026,2,13,15,6,19,53
15,48,2026,2,13,19,23,21,55
15,54,2026,2,13,1,23,15,63
16,0,2026,2,13,1,2,0,65
16,5,2026,2,13,19,4,8,61
16,9,2026,2,13,15,4,1,64
16,14,2026,2,13,13,2,12,54
16,20,2026,2,13,12,15,28,41
16,26,2026,2,13,14,2,21,22
16,31,2026,2,13,12,34,1,55
16,38,2026,2,13,13,6,11,50
16,42,2026,2,13,15,5,13,42
16,48,2026,2,13,19,3,11,34
16,54,2026,2,13,1,5,19,20
17,0,2026,2,13,1,2,0,22
17,5,2026,2,13,19,3,0,25
17,9,2026,2,13,15,2,1,26
17,14,2026,2,13,13,5,2,29
17,20,2026,2,13,12,14,23,20
17,26,2026,2,13,14,3,6,17
17,31,2026,2,13,12,26,1,42
17,38,2026,2,13,13,5,10,37
17,42,2026,2,13,15,3,12,28
17,48,2026,2,13,19,6,6,28
17,54,2026,2,13,1,4,14,18
18,0,2026,2,13,1,5,0,23
18,5,2026,2,13,19,5,1,27
18,9,2026,2,13,15,6,2,31
18,14,2026,2,13,13,3,3,31
18,20,2026,2,13,12,13,18,26
18,26,2026,2,13,14,6,13,19
18,31,2026,2,13,12,15,3,31
18,38,2026,2,13,13,4,4,31
18,42,2026,2,13,15,6,9,28
18,48,2026,2,13,19,5,11,22
18,54,2026,2,13,1,4,7,19
19,0,2026,2,13,1,2,0,21
19,5,2026,2,13,19,3,0,24
19,9,2026,2,13,15,5,0,29
19,14,2026,2,13,13,5,0,34
19,20,2026,2,13,12,8,20,22
19,26,2026,2,13,14,6,10,18
19,31,2026,2,13,12,35,5,48
19,38,2026,2,13,13,4,8,44
19,42,2026,2,13,15,6,10,40
19,48,2026,2,13,19,4,13,31
19,54,2026,2,13,1,4,12,23
20,0,2026,2,13,1,6,0,29
20,5,2026,2,13,19,2,1,30
20,9,2026,2,13,15,3,0,33
20,14,2026,2,13,13,3,6,30
20,20,2026,2,13,12,24,17,37
20,26,2026,2,13,14,2,14,25
20,31,2026,2,13,12,14,1,38
20,38,2026,2,13,13,5,4,39
20,42,2026,2,13,15,4,9,34
20,48,2026,2,13,19,5,13,26
20,54,2026,2,13,1,5,15,16
21,0,2026,2,13,1,5,0,21
21,5,2026,2,13,19,5,0,26
21,9,2026,2,13,15,4,2,28
21,14,2026,2,13,13,6,0,34
21,20,2026,2,13,12,13,22,25
21,26,2026,2,13,14,6,12,19
21,31,2026,2,13,12,30,4,45
21,38,2026,2,13,13,6,7,44
21,42,2026,2,13,15,2,8,38
21,48,2026,2,13,19,2,13,27
21,54,2026,2,13,1,6,14,19
22,0,2026,2,13,1,3,0,22
22,5,2026,2,13,19,2,0,24
22,9,2026,2,13,15,4,3,25
22,14,2026,2,13,13,4,2,27
22,20,2026,2,13,12,10,17,20
22,26,2026,2,13,14,3,9,14
22,31,2026,2,13,12,19,2,31
22,38,2026,2,13,13,3,3,31
22,42,2026,2,13,15,2,5,28
22,48,2026,2,13,19,6,8,26
22,54,2026,2,13,1,5,11,20
23,0,2026,2,13,1,5,0,25
23,5,2026,2,13,19,6,0,31
23,9,2026,2,13,15,4,2,33
23,14,2026,2,13,13,4,5,32
23,20,2026,2,13,12,17,19,30
23,26,2026,2,13,14,2,14,18
23,31,2026,2,13,12,10,2,26
23,38,2026,2,13,13,2,2,26
23,42,2026,2,13,15,3,10,19
23,48,2026,2,13,19,4,6,17
23,54,2026,2,13,1,0,17,0
6,0,2026,2,14,1,5,0,5
6,5,2026,2,14,19,3,1,7
6,9,2026,2,14,15,13,1,19
6,14,2026,2,14,13,2,1,20
6,20,2026,2,14,12,27,13,34
6,26,2026,2,14,14,22,9,47
6,31,2026,2,14,12,18,11,54
6,38,2026,2,14,13,4,9,49
6,42,2026,2,14,15,12,10,51
6,48,2026,2,14,19,4,18,37
6,54,2026,2,14,1,6,16,27
7,0,2026,2,14,1,2,0,29
7,5,2026,2,14,19,2,4,27
7,9,2026,2,14,15,9,1,35
7,14,2026,2,14,13,1,14,22
7,20,2026,2,14,12,29,11,40
7,26,2026,2,14,14,19,5,54
7,31,2026,2,14,12,11,5,60
7,38,2026,2,14,13,2,14,48
7,42,2026,2,14,15,18,0,66
7,48,2026,2,14,19,5,22,49
7,54,2026,2,14,1,1,24,26
8,0,2026,2,14,1,2,0,28
8,5,2026,2,14,19,3,1,30
8,9,2026,2,14,15,20,1,49
8,14,2026,2,14,13,1,20,30
8,20,2026,2,14,12,10,16,24
8,26,2026,2,14,14,16,2,38
8,31,2026,2,14,12,8,5,41
8,38,2026,2,14,13,5,11,35
8,42,2026,2,14,15,10,1,44
8,48,2026,2,14,19,2,22,24
8,54,2026,2,14,1,1,14,11
9,0,2026,2,14,1,2,0,13
9,5,2026,2,14,19,2,0,15
9,9,2026,2,14,15,5,0,20
9,14,2026,2,14,13,1,9,12
9,20,2026,2,14,12,25,9,28
9,26,2026,2,14,14,4,0,32
9,31,2026,2,14,12,27,2,57
9,38,2026,2,14,13,3,17,43
9,42,2026,2,14,15,3,0,46
9,48,2026,2,14,19,1,16,31
9,54,2026,2,14,1,1,25,7
10,0,2026,2,14,1,4,0,11
10,5,2026,2,14,19,2,0,13
10,9,2026,2,14,15,2,0,15
10,14,2026,2,14,13,6,1,20
10,20,2026,2,14,12,27,11,36
10,26,2026,2,14,14,4,11,29
10,31,2026,2,14,12,8,3,34
10,38,2026,2,14,13,2,8,28
10,42,2026,2,14,15,6,6,28
10,48,2026,2,14,19,2,7,23
10,54,2026,2,14,1,6,11,18
11,0,2026,2,14,1,6,0,24
11,5,2026,2,14,19,4,1,27
11,9,2026,2,14,15,2,2,27
11,14,2026,2,14,13,2,3,26
11,20,2026,2,14,12,19,20,25
11,26,2026,2,14,14,5,7,23
11,31,2026,2,14,12,17,3,37
11,38,2026,2,14,13,4,8,33
11,42,2026,2,14,15,4,8,29
11,48,2026,2,14,19,6,7,28
11,54,2026,2,14,1,4,11,21
12,0,2026,2,14,1,5,0,26
12,5,2026,2,14,19,3,0,29
12,9,2026,2,14,15,2,1,30
12,14,2026,2,14,13,5,3,32
12,20,2026,2,14,12,31,19,44
12,26,2026,2,14,14,6,14,36
12,31,2026,2,14,12,22,3,55
12,38,2026,2,14,13,2,14,43
12,42,2026,2,14,15,4,12,35
12,48,2026,2,14,19,6,11,30
12,54,2026,2,14,1,3,16,17
13,0,2026,2,14,1,8,0,25
13,5,2026,2,14,19,30,0,55
13,9,2026,2,14,15,6,2,59
13,14,2026,2,14,13,10,3,66
13,20,2026,2,14,12,36,40,62
13,26,2026,2,14,14,5,18,49
13,31,2026,2,14,12,20,3,66
13,38,2026,2,14,13,6,6,66
13,42,2026,2,14,15,4,20,50
13,48,2026,2,14,19,32,21,61
13,54,2026,2,14,1,9,18,52
14,0,2026,2,14,1,14,0,66
14,5,2026,2,14,19,6,6,66
14,9,2026,2,14,15,2,15,53
14,14,2026,2,14,13,11,10,54
14,20,2026,2,14,12,15,20,49
14,26,2026,2,14,14,6,20,35
14,31,2026,2,14,12,31,4,62
14,38,2026,2,14,13,12,8,66
14,42,2026,2,14,15,2,18,50
14,48,2026,2,14,19,24,13,61
14,54,2026,2,14,1,10,20,51
15,0,2026,2,14,1,13,0,64
15,5,2026,2,14,19,6,4,66
15,9,2026,2,14,15,3,16,53
15,14,2026,2,14,13,12,7,58
15,20,2026,2,14,12,18,23,53
15,26,2026,2,14,14,6,22,37
15,31,2026,2,14,12,33,4,66
15,38,2026,2,14,13,6,6,66
15,42,2026,2,14,15,4,22,48
15,48,2026,2,14,19,24,20,52
15,54,2026,2,14,1,21,17,56
16,0,2026,2,14,1,4,0,60
16,5,2026,2,14,19,2,5,57
16,9,2026,2,14,15,5,11,51
16,14,2026,2,14,13,2,13,40
16,20,2026,2,14,12,25,21,44
16,26,2026,2,14,14,5,20,29
16,31,2026,2,14,12,33,2,60
16,38,2026,2,14,13,6,9,57
16,42,2026,2,14,15,4,14,47
16,48,2026,2,14,19,5,11,41
16,54,2026,2,14,1,3,18,26
17,0,2026,2,14,1,6,0,32
17,5,2026,2,14,19,3,1,34
17,9,2026,2,14,15,5,0,39
17,14,2026,2,14,13,5,4,40
17,20,2026,2,14,12,9,20,29
17,26,2026,2,14,14,4,15,18
17,31,2026,2,14,12,22,3,37
17,38,2026,2,14,13,5,7,35
17,42,2026,2,14,15,2,8,29
17,48,2026,2,14,19,3,10,22
17,54,2026,2,14,1,2,11,13
18,0,2026,2,14,1,4,0,17
18,5,2026,2,14,19,5,0,22
18,9,2026,2,14,15,2,1,23
18,14,2026,2,14,13,4,1,26
18,20,2026,2,14,12,32,20,38
18,26,2026,2,14,14,4,7,35
18,31,2026,2,14,12,15,2,48
18,38,2026,2,14,13,2,11,39
18,42,2026,2,14,15,4,9,34
18,48,2026,2,14,19,2,16,20
18,54,2026,2,14,1,3,13,10
19,0,2026,2,14,1,6,0,16
19,5,2026,2,14,19,3,0,19
19,9,2026,2,14,15,4,1,22
19,14,2026,2,14,13,5,1,26
19,20,2026,2,14,12,35,18,43
19,26,2026,2,14,14,4,9,38
19,31,2026,2,14,12,31,3,66
19,38,2026,2,14,13,4,13,57
19,42,2026,2,14,15,2,15,44
19,48,2026,2,14,19,2,15,31
19,54,2026,2,14,1,3,15,19
20,0,2026,2,14,1,2,0,21
20,5,2026,2,14,19,4,2,23
20,9,2026,2,14,15,4,0,27
20,14,2026,2,14,13,4,1,30
20,20,2026,2,14,12,20,15,35
20,26,2026,2,14,14,2,22,15
20,31,2026,2,14,12,27,1,41
20,38,2026,2,14,13,4,10,35
20,42,2026,2,14,15,5,14,26
20,48,2026,2,14,19,3,6,23
20,54,2026,2,14,1,6,12,17
21,0,2026,2,14,1,3,0,20
21,5,2026,2,14,19,4,0,24
21,9,2026,2,14,15,5,1,28
21,14,2026,2,14,13,2,4,26
21,20,2026,2,14,12,9,19,16
21,26,2026,2,14,14,4,9,11
21,31,2026,2,14,12,29,3,37
21,38,2026,2,14,13,5,9,33
21,42,2026,2,14,15,6,10,29
21,48,2026,2,14,19,4,5,28
21,54,2026,2,14,1,4,13,19
22,0,2026,2,14,1,2,0,21
22,5,2026,2,14,19,6,1,26
22,9,2026,2,14,15,5,5,26
22,14,2026,2,14,13,5,0,31
22,20,2026,2,14,12,19,20,30
22,26,2026,2,14,14,3,8,25
22,31,2026,2,14,12,35,3,57
22,38,2026,2,14,13,3,11,49
22,42,2026,2,14,15,5,10,44
22,48,2026,2,14,19,2,13,33
22,54,2026,2,14,1,6,20,19
23,0,2026,2,14,1,5,0,24
23,5,2026,2,14,19,3,2,25
23,9,2026,2,14,15,2,3,24
23,14,2026,2,14,13,2,4,22
23,20,2026,2,14,12,33,15,40
23,26,2026,2,14,14,3,10,33
23,31,2026,2,14,12,26,3,56
23,38,2026,2,14,13,2,10,48
23,42,2026,2,14,15,4,18,34
23,48,2026,2,14,19,2,19,17
23,54,2026,2,14,1,0,17,0
6,0,2026,2,15,1,6,0,6
6,5,2026,2,15,19,2,1,7
6,9,2026,2,15,15,17,0,24
6,14,2026,2,15,13,6,1,29
6,20,2026,2,15,12,11,21,19
6,26,2026,2,15,14,22,6,35
6,31,2026,2,15,12,28,15,48
6,38,2026,2,15,13,5,13,40
6,42,2026,2,15,15,7,9,38
6,48,2026,2,15,19,5,14,29
6,54,2026,2,15,1,2,6,25
7,0,2026,2,15,1,1,0,26
7,5,2026,2,15,19,2,1,27
7,9,2026,2,15,15,6,1,32
7,14,2026,2,15,13,5,3,34
7,20,2026,2,15,12,8,16,26
7,26,2026,2,15,14,17,7,36
7,31,2026,2,15,12,29,3,62
7,38,2026,2,15,13,4,18,48
7,42,2026,2,15,15,8,2,54
7,48,2026,2,15,19,3,26,31
7,54,2026,2,15,1,2,22,11
8,0,2026,2,15,1,4,0,15
8,5,2026,2,15,19,1,3,13
8,9,2026,2,15,15,5,0,18
8,14,2026,2,15,13,4,10,12
8,20,2026,2,15,12,30,5,37
8,26,2026,2,15,14,10,2,45
8,31,2026,2,15,12,17,2,60
8,38,2026,2,15,13,5,21,44
8,42,2026,2,15,15,15,2,57
8,48,2026,2,15,19,1,22,36
8,54,2026,2,15,1,1,21,16
9,0,2026,2,15,1,3,0,19
9,5,2026,2,15,19,3,1,21
9,9,2026,2,15,15,3,1,23
9,14,2026,2,15,13,1,6,18
9,20,2026,2,15,12,14,12,20
9,26,2026,2,15,14,6,3,23
9,31,2026,2,15,12,27,3,47
9,38,2026,2,15,13,2,13,36
9,42,2026,2,15,15,4,2,38
9,48,2026,2,15,19,2,13,27
9,54,2026,2,15,1,3,20,10
10,0,2026,2,15,1,4,0,14
10,5,2026,2,15,19,3,0,17
10,9,2026,2,15,15,4,1,20
10,14,2026,2,15,13,6,2,24
10,20,2026,2,15,12,29,19,34
10,26,2026,2,15,14,6,9,31
10,31,2026,2,15,12,18,4,45
10,38,2026,2,15,13,5,8,42
10,42,2026,2,15,15,5,10,37
10,48,2026,2,15,19,5,12,30
10,54,2026,2,15,1,4,16,18
11,0,2026,2,15,1,6,0,24
11,5,2026,2,15,19,4,0,28
11,9,2026,2,15,15,4,1,31
11,14,2026,2,15,13,6,3,34
11,20,2026,2,15,12,19,21,32
11,26,2026,2,15,14,6,7,31
11,31,2026,2,15,12,30,4,57
11,38,2026,2,15,13,2,9,50
11,42,2026,2,15,15,2,13,39
11,48,2026,2,15,19,3,13,29
11,54,2026,2,15,1,2,15,16
12,0,2026,2,15,1,5,0,21
12,5,2026,2,15,19,4,0,25
12,9,2026,2,15,15,5,1,29
12,14,2026,2,15,13,5,3,31
12,20,2026,2,15,12,17,19,29
12,26,2026,2,15,14,4,14,19
12,31,2026,2,15,12,35,4,50
12,38,2026,2,15,13,2,9,43
12,42,2026,2,15,15,3,9,37
12,48,2026,2,15,19,5,13,29
12,54,2026,2,15,1,6,14,21
13,0,2026,2,15,1,11,0,32
13,5,2026,2,15,19,20,1,51
13,9,2026,2,15,15,4,3,52
13,14,2026,2,15,13,20,6,66
13,20,2026,2,15,12,18,27,57
13,26,2026,2,15,14,4,28,33
13,31,2026,2,15,12,31,3,61
13,38,2026,2,15,13,14,9,66
13,42,2026,2,15,15,6,20,52
13,48,2026,2,15,19,14,12,54
13,54,2026,2,15,1,9,12,51
14,0,2026,2,15,1,15,0,66
14,5,2026,2,15,19,3,3,66
14,9,2026,2,15,15,3,16,53
14,14,2026,2,15,13,19,6,66
14,20,2026,2,15,12,9,27,48
14,26,2026,2,15,14,5,25,28
14,31,2026,2,15,12,33,4,57
14,38,2026,2,15,13,18,9,66
14,42,2026,2,15,15,6,19,53
14,48,2026,2,15,19,7,11,49
14,54,2026,2,15,1,22,12,59
15,0,2026,2,15,1,7,0,66
15,5,2026,2,15,19,6,6,66
15,9,2026,2,15,15,5,11,60
15,14,2026,2,15,13,13,9,64
15,20,2026,2,15,12,9,23,50
15,26,2026,2,15,14,4,22,32
15,31,2026,2,15,12,35,3,64
15,38,2026,2,15,13,4,2,66
15,42,2026,2,15,15,3,17,52
15,48,2026,2,15,19,26,12,66
15,54,2026,2,15,1,21,22,65
16,0,2026,2,15,1,1,0,66
16,5,2026,2,15,19,3,5,64
16,9,2026,2,15,15,3,6,61
16,14,2026,2,15,13,4,11,54
16,20,2026,2,15,12,13,26,41
16,26,2026,2,15,14,4,20,25
16,31,2026,2,15,12,24,4,45
16,38,2026,2,15,13,5,7,43
16,42,2026,2,15,15,2,13,32
16,48,2026,2,15,19,3,10,25
16,54,2026,2,15,1,4,14,15
17,0,2026,2,15,1,6,0,21
17,5,2026,2,15,19,5,0,26
17,9,2026,2,15,15,3,7,22
17,14,2026,2,15,13,4,2,24
17,20,2026,2,15,12,33,17,40
17,26,2026,2,15,14,5,11,34
17,31,2026,2,15,12,27,1,60
17,38,2026,2,15,13,3,8,55
17,42,2026,2,15,15,5,14,46
17,48,2026,2,15,19,3,15,34
17,54,2026,2,15,1,4,20,18
18,0,2026,2,15,1,2,0,20
18,5,2026,2,15,19,4,0,24
18,9,2026,2,15,15,2,1,25
18,14,2026,2,15,13,5,1,29
18,20,2026,2,15,12,8,20,17
18,26,2026,2,15,14,5,10,12
18,31,2026,2,15,12,32,3,41
18,38,2026,2,15,13,6,11,36
18,42,2026,2,15,15,3,5,34
18,48,2026,2,15,19,4,10,28
18,54,2026,2,15,1,4,13,19
19,0,2026,2,15,1,4,0,23
19,5,2026,2,15,19,4,0,27
19,9,2026,2,15,15,5,1,31
19,14,2026,2,15,13,4,1,34
19,20,2026,2,15,12,31,21,44
19,26,2026,2,15,14,2,17,29
19,31,2026,2,15,12,10,1,38
19,38,2026,2,15,13,3,8,33
19,42,2026,2,15,15,4,11,26
19,48,2026,2,15,19,4,10,20
19,54,2026,2,15,1,5,11,14
20,0,2026,2,15,1,6,0,20
20,5,2026,2,15,19,2,2,20
20,9,2026,2,15,15,5,1,24
20,14,2026,2,15,13,5,3,26
20,20,2026,2,15,12,24,22,28
20,26,2026,2,15,14,2,11,19
20,31,2026,2,15,12,20,1,38
20,38,2026,2,15,13,2,8,32
20,42,2026,2,15,15,3,6,29
20,48,2026,2,15,19,3,7,25
20,54,2026,2,15,1,2,12,15
21,0,2026,2,15,1,2,0,17
21,5,2026,2,15,19,3,0,20
21,9,2026,2,15,15,3,0,23
21,14,2026,2,15,13,6,2,27
21,20,2026,2,15,12,28,19,36
21,26,2026,2,15,14,3,14,25
21,31,2026,2,15,12,33,2,56
21,38,2026,2,15,13,6,6,56
21,42,2026,2,15,15,3,14,45
21,48,2026,2,15,19,4,12,37
21,54,2026,2,15,1,6,15,28
22,0,2026,2,15,1,5,0,33
22,5,2026,2,15,19,2,1,34
22,9,2026,2,15,15,3,3,34
22,14,2026,2,15,13,6,1,39
22,20,2026,2,15,12,25,21,43
22,26,2026,2,15,14,3,23,23
22,31,2026,2,15,12,32,1,54
22,38,2026,2,15,13,5,11,48
22,42,2026,2,15,15,3,11,40
22,48,2026,2,15,19,5,19,26
22,54,2026,2,15,1,4,11,19
23,0,2026,2,15,1,6,0,25
23,5,2026,2,15,19,4,1,28
23,9,2026,2,15,15,6,3,31
23,14,2026,2,15,13,6,1,36
23,20,2026,2,15,12,19,23,32
23,26,2026,2,15,14,4,14,22
23,31,2026,2,15,12,14,2,34
23,38,2026,2,15,13,4,10,28
23,42,2026,2,15,15,5,5,28
23,48,2026,2,15,19,5,12,21
23,54,2026,2,15,1,0,21,0
6,0,2026,2,16,1,4,0,4
6,5,2026,2,16,19,5,0,9
6,9,2026,2,16,15,17,0,26
6,14,2026,2,16,13,3,1,28
6,20,2026,2,16,12,15,21,22
6,26,2026,2,16,14,16,4,34
6,31,2026,2,16,12,36,11,59
6,38,2026,2,16,13,4,12,51
6,42,2026,2,16,15,21,7,65
6,48,2026,2,16,19,3,15,53
6,54,2026,2,16,1,6,22,37
7,0,2026,2,16,1,4,0,41
7,5,2026,2,16,19,1,6,36
7,9,2026,2,16,15,19,0,55
7,14,2026,2,16,13,5,23,37
7,20,2026,2,16,12,16,16,37
7,26,2026,2,16,14,10,9,38
7,31,2026,2,16,12,30,2,66
7,38,2026,2,16,13,4,20,50
7,42,2026,2,16,15,17,1,66
7,48,2026,2,16,19,5,20,51
7,54,2026,2,16,1,2,22,31
8,0,2026,2,16,1,4,0,35
8,5,2026,2,16,19,5,2,38
8,9,2026,2,16,15,19,0,57
8,14,2026,2,16,13,1,19,39
8,20,2026,2,16,12,34,17,56
8,26,2026,2,16,14,17,7,66
8,31,2026,2,16,12,9,9,66
8,38,2026,2,16,13,2,23,45
8,42,2026,2,16,15,20,1,64
8,48,2026,2,16,19,4,20,48
8,54,2026,2,16,1,4,21,31
9,0,2026,2,16,1,2,0,33
9,5,2026,2,16,19,2,0,35
9,9,2026,2,16,15,5,1,39
9,14,2026,2,16,13,3,16,26
9,20,2026,2,16,12,35,18,43
9,26,2026,2,16,14,5,3,45
9,31,2026,2,16,12,23,2,66
9,38,2026,2,16,13,4,18,52
9,42,2026,2,16,15,4,2,54
9,48,2026,2,16,19,5,20,39
9,54,2026,2,16,1,4,24,19
10,0,2026,2,16,1,3,0,22
10,5,2026,2,16,19,3,0,25
10,9,2026,2,16,15,3,2,26
10,14,2026,2,16,13,6,4,28
10,20,2026,2,16,12,15,18,25
10,26,2026,2,16,14,4,9,20
10,31,2026,2,16,12,20,2,38
10,38,2026,2,16,13,2,9,31
10,42,2026,2,16,15,6,7,30
10,48,2026,2,16,19,2,9,23
10,54,2026,2,16,1,6,7,22
11,0,2026,2,16,1,5,0,27
11,5,2026,2,16,19,3,2,28
11,9,2026,2,16,15,2,0,30
11,14,2026,2,16,13,4,1,33
11,20,2026,2,16,12,27,21,39
11,26,2026,2,16,14,6,15,30
11,31,2026,2,16,12,34,6,58
11,38,2026,2,16,13,4,15,47
11,42,2026,2,16,15,5,9,43
11,48,2026,2,16,19,2,15,30
11,54,2026,2,16,1,2,12,20
12,0,2026,2,16,1,6,0,26
12,5,2026,2,16,19,3,1,28
12,9,2026,2,16,15,2,1,29
12,14,2026,2,16,13,2,0,31
12,20,2026,2,16,12,20,15,36
12,26,2026,2,16,14,2,20,18
12,31,2026,2,16,12,11,2,27
12,38,2026,2,16,13,4,5,26
12,42,2026,2,16,15,6,6,26
12,48,2026,2,16,19,2,7,21
12,54,2026,2,16,1,4,10,15
13,0,2026,2,16,1,27,0,42
13,5,2026,2,16,19,23,3,62
13,9,2026,2,16,15,4,15,51
13,14,2026,2,16,13,21,6,66
13,20,2026,2,16,12,30,30,66
13,26,2026,2,16,14,4,24,46
13,31,2026,2,16,12,22,2,66
13,38,2026,2,16,13,8,8,66
13,42,2026,2,16,15,3,20,49
13,48,2026,2,16,19,15,16,48
13,54,2026,2,16,1,17,19,46
14,0,2026,2,16,1,20,0,66
14,5,2026,2,16,19,7,7,66
14,9,2026,2,16,15,5,10,61
14,14,2026,2,16,13,13,8,66
14,20,2026,2,16,12,24,25,65
14,26,2026,2,16,14,5,22,48
14,31,2026,2,16,12,8,3,53
14,38,2026,2,16,13,20,7,66
14,42,2026,2,16,15,5,20,51
14,48,2026,2,16,19,24,11,64
14,54,2026,2,16,1,19,17,66
15,0,2026,2,16,1,23,0,89
15,5,2026,2,16,19,14,13,90
15,9,2026,2,16,15,4,15,79
15,14,2026,2,16,13,2,15,66
15,20,2026,2,16,12,14,37,43
15,26,2026,2,16,14,3,23,23
15,31,2026,2,16,12,36,2,57
15,38,2026,2,16,13,16,7,66
15,42,2026,2,16,15,4,12,58
15,48,2026,2,16,19,17,9,66
15,54,2026,2,16,1,17,17,66
16,0,2026,2,16,1,6,0,72
16,5,2026,2,16,19,2,8,66
16,9,2026,2,16,15,2,4,64
16,14,2026,2,16,13,3,17,50
16,20,2026,2,16,12,33,25,58
16,26,2026,2,16,14,5,22,41
16,31,2026,2,16,12,18,4,55
16,38,2026,2,16,13,2,13,44
16,42,2026,2,16,15,6,12,38
16,48,2026,2,16,19,4,16,26
16,54,2026,2,16,1,4,9,21
17,0,2026,2,16,1,6,0,27
17,5,2026,2,16,19,5,1,31
17,9,2026,2,16,15,3,0,34
17,14,2026,2,16,13,6,5,35
17,20,2026,2,16,12,30,22,43
17,26,2026,2,16,14,6,11,38
17,31,2026,2,16,12,31,3,66
17,38,2026,2,16,13,3,14,55
17,42,2026,2,16,15,3,14,44
17,48,2026,2,16,19,5,18,31
17,54,2026,2,16,1,2,18,15
18,0,2026,2,16,1,4,0,19
18,5,2026,2,16,19,6,0,25
18,9,2026,2,16,15,5,2,28
18,14,2026,2,16,13,6,4,30
18,20,2026,2,16,12,30,21,39
18,26,2026,2,16,14,6,13,32
18,31,2026,2,16,12,11,5,38
18,38,2026,2,16,13,3,3,38
18,42,2026,2,16,15,6,10,34
18,48,2026,2,16,19,4,14,24
18,54,2026,2,16,1,4,11,17
19,0,2026,2,16,1,2,0,19
19,5,2026,2,16,19,6,2,23
19,9,2026,2,16,15,5,0,28
19,14,2026,2,16,13,5,2,31
19,20,2026,2,16,12,10,21,20
19,26,2026,2,16,14,5,10,15
19,31,2026,2,16,12,34,3,46
19,38,2026,2,16,13,5,7,44
19,42,2026,2,16,15,4,8,40
19,48,2026,2,16,19,3,13,30
19,54,2026,2,16,1,4,9,25
20,0,2026,2,16,1,4,0,29
20,5,2026,2,16,19,2,0,31
20,9,2026,2,16,15,2,1,32
20,14,2026,2,16,13,2,3,31
20,20,2026,2,16,12,25,16,40
20,26,2026,2,16,14,4,18,26
20,31,2026,2,16,12,20,2,44
20,38,2026,2,16,13,3,13,34
20,42,2026,2,16,15,3,7,30
20,48,2026,2,16,19,2,9,23
20,54,2026,2,16,1,6,14,15
21,0,2026,2,16,1,5,0,20
21,5,2026,2,16,19,3,1,22
21,9,2026,2,16,15,3,1,24
21,14,2026,2,16,13,2,3,23
21,20,2026,2,16,12,10,20,13
21,26,2026,2,16,14,6,2,17
21,31,2026,2,16,12,25,5,37
21,38,2026,2,16,13,4,8,33
21,42,2026,2,16,15,6,12,27
21,48,2026,2,16,19,3,7,23
21,54,2026,2,16,1,3,8,18
22,0,2026,2,16,1,5,0,23
22,5,2026,2,16,19,3,0,26
22,9,2026,2,16,15,3,0,29
22,14,2026,2,16,13,2,0,31
22,20,2026,2,16,12,9,20,20
22,26,2026,2,16,14,5,12,13
22,31,2026,2,16,12,31,3,41
22,38,2026,2,16,13,2,10,33
22,42,2026,2,16,15,4,6,31
22,48,2026,2,16,19,2,13,20
22,54,2026,2,16,1,4,11,13
23,0,2026,2,16,1,2,0,15
23,5,2026,2,16,19,4,0,19
23,9,2026,2,16,15,4,1,22
23,14,2026,2,16,13,5,2,25
23,20,2026,2,16,12,30,19,36
23,26,2026,2,16,14,5,9,32
23,31,2026,2,16,12,19,3,48
23,38,2026,2,16,13,5,17,36
23,42,2026,2,16,15,3,9,30
23,48,2026,2,16,19,0,9,21
23,54,2026,2,16,1,0,21,0
6,0,2026,2,17,1,4,0,4
6,5,2026,2,17,19,5,0,9
6,9,2026,2,17,15,16,1,24
6,14,2026,2,17,13,6,1,29
6,20,2026,2,17,12,24,23,30
6,26,2026,2,17,14,17,4,43
6,31,2026,2,17,12,15,11,47
6,38,2026,2,17,13,2,7,42
6,42,2026,2,17,15,13,14,41
6,48,2026,2,17,19,4,13,32
6,54,2026,2,17,1,5,15,22
7,0,2026,2,17,1,1,0,23
7,5,2026,2,17,19,5,2,26
7,9,2026,2,17,15,21,0,47
7,14,2026,2,17,13,5,18,34
7,20,2026,2,17,12,33,19,48
7,26,2026,2,17,14,9,6,51
7,31,2026,2,17,12,17,2,66
7,38,2026,2,17,13,3,22,47
7,42,2026,2,17,15,21,2,66
7,48,2026,2,17,19,1,22,45
7,54,2026,2,17,1,1,21,25
8,0,2026,2,17,1,4,0,29
8,5,2026,2,17,19,4,1,32
8,9,2026,2,17,15,22,0,54
8,14,2026,2,17,13,3,19,38
8,20,2026,2,17,12,22,20,40
8,26,2026,2,17,14,16,3,53
8,31,2026,2,17,12,16,3,66
8,38,2026,2,17,13,2,22,46
8,42,2026,2,17,15,20,3,63
8,48,2026,2,17,19,4,20,47
8,54,2026,2,17,1,3,21,29
9,0,2026,2,17,1,1,0,30
9,5,2026,2,17,19,4,3,31
9,9,2026,2,17,15,6,0,37
9,14,2026,2,17,13,5,11,31
9,20,2026,2,17,12,18,19,30
9,26,2026,2,17,14,2,1,31
9,31,2026,2,17,12,27,0,58
9,38,2026,2,17,13,1,16,43
9,42,2026,2,17,15,6,0,49
9,48,2026,2,17,19,4,25,28
9,54,2026,2,17,1,3,22,9
10,0,2026,2,17,1,2,0,11
10,5,2026,2,17,19,4,0,15
10,9,2026,2,17,15,6,5,16
10,14,2026,2,17,13,6,1,21
10,20,2026,2,17,12,16,15,22
10,26,2026,2,17,14,4,9,17
10,31,2026,2,17,12,14,1,30
10,38,2026,2,17,13,4,3,31
10,42,2026,2,17,15,3,9,25
10,48,2026,2,17,19,6,7,24
10,54,2026,2,17,1,6,8,22
11,0,2026,2,17,1,5,0,27
11,5,2026,2,17,19,2,1,28
11,9,2026,2,17,15,6,4,30
11,14,2026,2,17,13,4,5,29
11,20,2026,2,17,12,9,16,22
11,26,2026,2,17,14,3,8,17
11,31,2026,2,17,12,20,2,35
11,38,2026,2,17,13,3,5,33
11,42,2026,2,17,15,3,8,28
11,48,2026,2,17,19,3,13,18
11,54,2026,2,17,1,3,8,13
12,0,2026,2,17,1,4,0,17
12,5,2026,2,17,19,3,2,18
12,9,2026,2,17,15,4,0,22
12,14,2026,2,17,13,3,2,23
12,20,2026,2,17,12,29,19,33
12,26,2026,2,17,14,4,9,28
12,31,2026,2,17,12,8,4,32
12,38,2026,2,17,13,5,10,27
12,42,2026,2,17,15,4,2,29
12,48,2026,2,17,19,3,12,20
12,54,2026,2,17,1,6,9,17
13,0,2026,2,17,1,31,0,48
13,5,2026,2,17,19,18,2,64
13,9,2026,2,17,15,3,9,58
13,14,2026,2,17,13,15,7,66
13,20,2026,2,17,12,21,33,54
13,26,2026,2,17,14,3,26,31
13,31,2026,2,17,12,29,3,57
13,38,2026,2,17,13,22,13,66
13,42,2026,2,17,15,3,21,48
13,48,2026,2,17,19,28,10,66
13,54,2026,2,17,1,13,13,66
14,0,2026,2,17,1,21,0,87
14,5,2026,2,17,19,19,6,100
14,9,2026,2,17,15,6,16,90
14,14,2026,2,17,13,25,11,104
14,20,2026,2,17,12,2,40,66
14,26,2026,2,17,14,5,27,44
14,31,2026,2,17,12,20,3,61
14,38,2026,2,17,13,11,8,64
14,42,2026,2,17,15,3,21,46
14,48,2026,2,17,19,18,8,56
14,54,2026,2,17,1,30,20,66
15,0,2026,2,17,1,8,0,74
15,5,2026,2,17,19,1,9,66
15,9,2026,2,17,15,5,11,60
15,14,2026,2,17,13,16,10,66
15,20,2026,2,17,12,26,28,64
15,26,2026,2,17,14,2,20,46
15,31,2026,2,17,12,9,1,54
15,38,2026,2,17,13,21,9,66
15,42,2026,2,17,15,3,17,52
15,48,2026,2,17,19,20,15,57
15,54,2026,2,17,1,24,16,65
16,0,2026,2,17,1,1,0,66
16,5,2026,2,17,19,5,6,65
16,9,2026,2,17,15,5,9,61
16,14,2026,2,17,13,4,14,51
16,20,2026,2,17,12,27,29,49
16,26,2026,2,17,14,4,20,33
16,31,2026,2,17,12,22,1,54
16,38,2026,2,17,13,5,12,47
16,42,2026,2,17,15,6,14,39
16,48,2026,2,17,19,2,13,28
16,54,2026,2,17,1,3,12,19
17,0,2026,2,17,1,6,0,25
17,5,2026,2,17,19,2,1,26
17,9,2026,2,17,15,4,4,26
17,14,2026,2,17,13,2,0,28
17,20,2026,2,17,12,22,20,30
17,26,2026,2,17,14,3,11,22
17,31,2026,2,17,12,33,2,53
17,38,2026,2,17,13,2,7,48
17,42,2026,2,17,15,5,10,43
17,48,2026,2,17,19,5,15,33
17,54,2026,2,17,1,4,14,23
18,0,2026,2,17,1,3,0,26
18,5,2026,2,17,19,6,1,31
18,9,2026,2,17,15,3,1,33
18,14,2026,2,17,13,2,2,33
18,20,2026,2,17,12,32,22,43
18,26,2026,2,17,14,6,14,35
18,31,2026,2,17,12,21,3,53
18,38,2026,2,17,13,3,14,42
18,42,2026,2,17,15,6,15,33
18,48,2026,2,17,19,3,11,25
18,54,2026,2,17,1,2,9,18
19,0,2026,2,17,1,4,0,22
19,5,2026,2,17,19,3,2,23
19,9,2026,2,17,15,5,3,25
19,14,2026,2,17,13,4,2,27
19,20,2026,2,17,12,32,16,43
19,26,2026,2,17,14,6,15,34
19,31,2026,2,17,12,32,4,62
19,38,2026,2,17,13,3,18,47
19,42,2026,2,17,15,3,15,35
19,48,2026,2,17,19,6,9,32
19,54,2026,2,17,1,3,18,17
20,0,2026,2,17,1,2,0,19
20,5,2026,2,17,19,6,0,25
20,9,2026,2,17,15,4,0,29
20,14,2026,2,17,13,5,2,32
20,20,2026,2,17,12,33,21,44
20,26,2026,2,17,14,6,10,40
20,31,2026,2,17,12,16,5,51
20,38,2026,2,17,13,4,10,45
20,42,2026,2,17,15,2,17,30
20,48,2026,2,17,19,3,13,20
20,54,2026,2,17,1,6,11,15
21,0,2026,2,17,1,6,0,21
21,5,2026,2,17,19,5,1,25
21,9,2026,2,17,15,2,1,26
21,14,2026,2,17,13,5,0,31
21,20,2026,2,17,12,26,20,37
21,26,2026,2,17,14,2,9,30
21,31,2026,2,17,12,19,2,47
21,38,2026,2,17,13,5,8,44
21,42,2026,2,17,15,6,12,38
21,48,2026,2,17,19,3,11,30
21,54,2026,2,17,1,4,11,23
22,0,2026,2,17,1,5,0,28
22,5,2026,2,17,19,6,0,34
22,9,2026,2,17,15,4,2,36
22,14,2026,2,17,13,5,4,37
22,20,2026,2,17,12,21,22,36
22,26,2026,2,17,14,3,15,24
22,31,2026,2,17,12,23,2,45
22,38,2026,2,17,13,3,8,40
22,42,2026,2,17,15,4,8,36
22,48,2026,2,17,19,2,15,23
22,54,2026,2,17,1,2,12,13
23,0,2026,2,17,1,4,0,17
23,5,2026,2,17,19,5,0,22
23,9,2026,2,17,15,2,2,22
23,14,2026,2,17,13,4,2,24
23,20,2026,2,17,12,28,15,37
23,26,2026,2,17,14,2,11,28
23,31,2026,2,17,12,26,2,52
23,38,2026,2,17,13,5,13,44
23,42,2026,2,17,15,4,7,41
23,48,2026,2,17,19,0,20,21
23,54,2026,2,17,1,0,21,0
6,0,2026,2,18,1,4,0,4
6,5,2026,2,18,19,6,1,9
6,9,2026,2,18,15,11,1,19
6,14,2026,2,18,13,3,1,21
6,20,2026,2,18,12,36,12,45
6,26,2026,2,18,14,7,9,43
6,31,2026,2,18,12,26,3,66
6,38,2026,2,18,13,4,13,57
6,42,2026,2,18,15,9,16,50
6,48,2026,2,18,19,6,21,35
6,54,2026,2,18,1,3,12,26
7,0,2026,2,18,1,1,0,27
7,5,2026,2,18,19,1,2,26
7,9,2026,2,18,15,17,0,43
7,14,2026,2,18,13,3,11,35
7,20,2026,2,18,12,8,18,25
7,26,2026,2,18,14,13,6,32
7,31,2026,2,18,12,32,4,60
7,38,2026,2,18,13,1,12,49
7,42,2026,2,18,15,14,3,60
7,48,2026,2,18,19,5,22,43
7,54,2026,2,18,1,3,23,23
8,0,2026,2,18,1,2,0,25
8,5,2026,2,18,19,2,1,26
8,9,2026,2,18,15,14,0,40
8,14,2026,2,18,13,1,17,24
8,20,2026,2,18,12,8,17,15
8,26,2026,2,18,14,5,2,18
8,31,2026,2,18,12,34,0,52
8,38,2026,2,18,13,2,16,38
8,42,2026,2,18,15,17,0,55
8,48,2026,2,18,19,2,22,35
8,54,2026,2,18,1,4,25,14
9,0,2026,2,18,1,3,0,17
9,5,2026,2,18,19,2,2,17
9,9,2026,2,18,15,5,0,22
9,14,2026,2,18,13,2,7,17
9,20,2026,2,18,12,35,5,47
9,26,2026,2,18,14,4,7,44
9,31,2026,2,18,12,10,2,52
9,38,2026,2,18,13,4,16,40
9,42,2026,2,18,15,6,4,42
9,48,2026,2,18,19,1,20,23
9,54,2026,2,18,1,1,17,7
10,0,2026,2,18,1,5,0,12
10,5,2026,2,18,19,6,1,17
10,9,2026,2,18,15,6,2,21
10,14,2026,2,18,13,5,3,23
10,20,2026,2,18,12,29,12,40
10,26,2026,2,18,14,4,13,31
10,31,2026,2,18,12,10,3,38
10,38,2026,2,18,13,5,9,34
10,42,2026,2,18,15,4,7,31
10,48,2026,2,18,19,2,16,17
10,54,2026,2,18,1,3,8,12
11,0,2026,2,18,1,3,0,15
11,5,2026,2,18,19,6,1,20
11,9,2026,2,18,15,6,2,24
11,14,2026,2,18,13,3,4,23
11,20,2026,2,18,12,9,17,15
11,26,2026,2,18,14,2,5,12
11,31,2026,2,18,12,21,0,33
11,38,2026,2,18,13,5,4,34
11,42,2026,2,18,15,6,7,33
11,48,2026,2,18,19,4,12,25
11,54,2026,2,18,1,6,9,22
12,0,2026,2,18,1,4,0,26
12,5,2026,2,18,19,5,1,30
12,9,2026,2,18,15,3,3,30
12,14,2026,2,18,13,3,1,32
12,20,2026,2,18,12,19,21,30
12,26,2026,2,18,14,3,13,20
12,31,2026,2,18,12,18,2,36
12,38,2026,2,18,13,6,4,38
12,42,2026,2,18,15,6,10,34
12,48,2026,2,18,19,2,10,26
12,54,2026,2,18,1,6,10,22
13,0,2026,2,18,1,18,0,40
13,5,2026,2,18,19,17,2,55
13,9,2026,2,18,15,5,5,55
13,14,2026,2,18,13,17,6,66
13,20,2026,2,18,12,29,29,66
13,26,2026,2,18,14,3,23,46
13,31,2026,2,18,12,21,1,66
13,38,2026,2,18,13,8,8,66
13,42,2026,2,18,15,5,21,50
13,48,2026,2,18,19,17,18,49
13,54,2026,2,18,1,7,15,41
14,0,2026,2,18,1,22,0,63
14,5,2026,2,18,19,8,5,66
14,9,2026,2,18,15,5,14,57
14,14,2026,2,18,13,7,9,55
14,20,2026,2,18,12,33,22,66
14,26,2026,2,18,14,6,21,51
14,31,2026,2,18,12,13,5,59
14,38,2026,2,18,13,15,8,66
14,42,2026,2,18,15,3,23,46
14,48,2026,2,18,19,14,13,47
14,54,2026,2,18,1,13,15,45
15,0,2026,2,18,1,9,0,54
15,5,2026,2,18,19,15,3,66
15,9,2026,2,18,15,5,10,61
15,14,2026,2,18,13,13,8,66
15,20,2026,2,18,12,23,26,63
15,26,2026,2,18,14,3,21,45
15,31,2026,2,18,12,8,2,51
15,38,2026,2,18,13,22,7,66
15,42,2026,2,18,15,5,15,56
15,48,2026,2,18,19,27,17,66
15,54,2026,2,18,1,20,20,66
16,0,2026,2,18,1,4,0,70
16,5,2026,2,18,19,2,6,66
16,9,2026,2,18,15,2,15,53
16,14,2026,2,18,13,5,15,43
16,20,2026,2,18,12,13,21,35
16,26,2026,2,18,14,5,20,20
16,31,2026,2,18,12,36,4,52
16,38,2026,2,18,13,2,9,45
16,42,2026,2,18,15,3,12,36
16,48,2026,2,18,19,4,8,32
16,54,2026,2,18,1,4,12,24
17,0,2026,2,18,1,4,0,28
17,5,2026,2,18,19,5,0,33
17,9,2026,2,18,15,5,0,38
17,14,2026,2,18,13,5,3,40
17,20,2026,2,18,12,10,21,29
17,26,2026,2,18,14,6,18,17
17,31,2026,2,18,12,18,4,31
17,38,2026,2,18,13,6,12,25
17,42,2026,2,18,15,4,8,21
17,48,2026,2,18,19,5,5,21
17,54,2026,2,18,1,3,6,18
18,0,2026,2,18,1,3,0,21
18,5,2026,2,18,19,3,0,24
18,9,2026,2,18,15,2,1,25
18,14,2026,2,18,13,5,1,29
18,20,2026,2,18,12,13,19,23
18,26,2026,2,18,14,3,9,17
18,31,2026,2,18,12,29,3,43
18,38,2026,2,18,13,4,8,39
18,42,2026,2,18,15,5,6,38
18,48,2026,2,18,19,4,11,31
18,54,2026,2,18,1,3,10,24
19,0,2026,2,18,1,4,0,28
19,5,2026,2,18,19,2,0,30
19,9,2026,2,18,15,6,2,34
19,14,2026,2,18,13,3,2,35
19,20,2026,2,18,12,30,20,45
19,26,2026,2,18,14,4,19,30
19,31,2026,2,18,12,16,3,43
19,38,2026,2,18,13,6,10,39
19,42,2026,2,18,15,4,10,33
19,48,2026,2,18,19,2,9,26
19,54,2026,2,18,1,4,12,18
20,0,2026,2,18,1,6,0,24
20,5,2026,2,18,19,2,2,24
20,9,2026,2,18,15,4,0,28
20,14,2026,2,18,13,4,3,29
20,20,2026,2,18,12,18,20,27
20,26,2026,2,18,14,6,9,24
20,31,2026,2,18,12,9,5,28
20,38,2026,2,18,13,4,1,31
20,42,2026,2,18,15,3,6,28
20,48,2026,2,18,19,6,10,24
20,54,2026,2,18,1,4,10,18
21,0,2026,2,18,1,6,0,24
21,5,2026,2,18,19,4,1,27
21,9,2026,2,18,15,4,0,31
21,14,2026,2,18,13,5,3,33
21,20,2026,2,18,12,10,22,21
21,26,2026,2,18,14,3,11,13
21,31,2026,2,18,12,8,1,20
21,38,2026,2,18,13,6,2,24
21,42,2026,2,18,15,5,8,21
21,48,2026,2,18,19,4,2,23
21,54,2026,2,18,1,5,6,22
22,0,2026,2,18,1,5,0,27
22,5,2026,2,18,19,6,0,33
22,9,2026,2,18,15,6,1,38
22,14,2026,2,18,13,5,7,36
22,20,2026,2,18,12,23,21,38
22,26,2026,2,18,14,4,10,32
22,31,2026,2,18,12,13,4,41
22,38,2026,2,18,13,3,9,35
22,42,2026,2,18,15,4,15,24
22,48,2026,2,18,19,2,8,18
22,54,2026,2,18,1,6,9,15
23,0,2026,2,18,1,4,0,19
23,5,2026,2,18,19,5,0,24
23,9,2026,2,18,15,3,3,24
23,14,2026,2,18,13,2,3,23
23,20,2026,2,18,12,13,18,18
23,26,2026,2,18,14,6,9,15
23,31,2026,2,18,12,32,4,43
23,38,2026,2,18,13,4,10,37
23,42,2026,2,18,15,4,12,29
23,48,2026,2,18,19,2,17,14
23,54,2026,2,18,1,0,14,0
6,0,2026,2,19,1,5,0,5
6,5,2026,2,19,19,2,0,7
6,9,2026,2,19,15,17,1,23
6,14,2026,2,19,13,6,2,27
6,20,2026,2,19,12,34,19,42
6,26,2026,2,19,14,19,7,54
6,31,2026,2,19,12,25,13,66
6,38,2026,2,19,13,4,14,56
6,42,2026,2,19,15,18,18,56
6,48,2026,2,19,19,6,18,44
6,54,2026,2,19,1,3,15,32
7,0,2026,2,19,1,3,0,35
7,5,2026,2,19,19,4,3,36
7,9,2026,2,19,15,20,1,55
7,14,2026,2,19,13,2,12,45
7,20,2026,2,19,12,11,21,35
7,26,2026,2,19,14,8,13,30
7,31,2026,2,19,12,27,3,54
7,38,2026,2,19,13,1,18,37
7,42,2026,2,19,15,10,1,46
7,48,2026,2,19,19,3,15,34
7,54,2026,2,19,1,2,21,15
8,0,2026,2,19,1,1,0,16
8,5,2026,2,19,19,3,0,19
8,9,2026,2,19,15,9,0,28
8,14,2026,2,19,13,2,8,22
8,20,2026,2,19,12,14,11,25
8,26,2026,2,19,14,21,3,43
8,31,2026,2,19,12,25,2,66
8,38,2026,2,19,13,2,18,50
8,42,2026,2,19,15,5,2,53
8,48,2026,2,19,19,1,26,28
8,54,2026,2,19,1,2,21,9
9,0,2026,2,19,1,1,0,10
9,5,2026,2,19,19,2,1,11
9,9,2026,2,19,15,3,0,14
9,14,2026,2,19,13,3,6,11
9,20,2026,2,19,12,29,4,36
9,26,2026,2,19,14,5,1,40
9,31,2026,2,19,12,13,0,53
9,38,2026,2,19,13,3,13,43
9,42,2026,2,19,15,2,2,43
9,48,2026,2,19,19,4,20,27
9,54,2026,2,19,1,3,20,10
10,0,2026,2,19,1,3,0,13
10,5,2026,2,19,19,2,0,15
10,9,2026,2,19,15,2,2,15
10,14,2026,2,19,13,6,0,21
10,20,2026,2,19,12,21,17,25
10,26,2026,2,19,14,5,9,21
10,31,2026,2,19,12,27,3,45
10,38,2026,2,19,13,4,11,38
10,42,2026,2,19,15,4,8,34
10,48,2026,2,19,19,5,9,30
10,54,2026,2,19,1,6,11,25
11,0,2026,2,19,1,6,0,31
11,5,2026,2,19,19,2,0,33
11,9,2026,2,19,15,2,4,31
11,14,2026,2,19,13,2,3,30
11,20,2026,2,19,12,18,16,32
11,26,2026,2,19,14,3,16,19
11,31,2026,2,19,12,15,2,32
11,38,2026,2,19,13,6,6,32
11,42,2026,2,19,15,5,6,31
11,48,2026,2,19,19,4,10,25
11,54,2026,2,19,1,4,11,18
12,0,2026,2,19,1,4,0,22
12,5,2026,2,19,19,4,1,25
12,9,2026,2,19,15,3,2,26
12,14,2026,2,19,13,5,2,29
12,20,2026,2,19,12,13,20,22
12,26,2026,2,19,14,3,9,16
12,31,2026,2,19,12,35,3,48
12,38,2026,2,19,13,3,9,42
12,42,2026,2,19,15,4,13,33
12,48,2026,2,19,19,2,8,27
12,54,2026,2,19,1,3,14,16
13,0,2026,2,19,1,23,0,39
13,5,2026,2,19,19,30,3,66
13,9,2026,2,19,15,6,8,64
13,14,2026,2,19,13,6,4,66
13,20,2026,2,19,12,25,37,54
13,26,2026,2,19,14,4,21,37
13,31,2026,2,19,12,31,3,65
13,38,2026,2,19,13,8,7,66
13,42,2026,2,19,15,4,23,47
13,48,2026,2,19,19,19,17,49
13,54,2026,2,19,1,20,11,58
14,0,2026,2,19,1,8,0,66
14,5,2026,2,19,19,5,5,66
14,9,2026,2,19,15,5,18,53
14,14,2026,2,19,13,7,7,53
14,20,2026,2,19,12,18,20,51
14,26,2026,2,19,14,6,20,37
14,31,2026,2,19,12,22,3,56
14,38,2026,2,19,13,9,5,60
14,42,2026,2,19,15,5,18,47
14,48,2026,2,19,19,18,13,52
14,54,2026,2,19,1,12,16,48
15,0,2026,2,19,1,9,0,57
15,5,2026,2,19,19,16,7,66
15,9,2026,2,19,15,3,11,58
15,14,2026,2,19,13,7,6,59
15,20,2026,2,19,12,19,24,54
15,26,2026,2,19,14,5,25,34
15,31,2026,2,19,12,23,3,54
15,38,2026,2,19,13,21,12,63
15,42,2026,2,19,15,4,18,49
15,48,2026,2,19,19,20,14,55
15,54,2026,2,19,1,24,13,66
16,0,2026,2,19,1,2,0,68
16,5,2026,2,19,19,4,6,66
16,9,2026,2,19,15,2,9,59
16,14,2026,2,19,13,4,12,51
16,20,2026,2,19,12,8,29,30
16,26,2026,2,19,14,6,17,19
16,31,2026,2,19,12,20,6,33
16,38,2026,2,19,13,2,6,29
16,42,2026,2,19,15,2,5,26
16,48,2026,2,19,19,4,8,22
16,54,2026,2,19,1,2,11,13
17,0,2026,2,19,1,6,0,19
17,5,2026,2,19,19,2,2,19
17,9,2026,2,19,15,3,1,21
17,14,2026,2,19,13,4,1,24
17,20,2026,2,19,12,30,16,38
17,26,2026,2,19,14,3,19,22
17,31,2026,2,19,12,36,2,56
17,38,2026,2,19,13,2,8,50
17,42,2026,2,19,15,5,13,42
17,48,2026,2,19,19,6,16,32
17,54,2026,2,19,1,4,12,24
18,0,2026,2,19,1,2,0,26
18,5,2026,2,19,19,2,1,27
18,9,2026,2,19,15,3,1,29
18,14,2026,2,19,13,6,2,33
18,20,2026,2,19,12,34,18,49
18,26,2026,2,19,14,6,23,32
18,31,2026,2,19,12,24,3,53
18,38,2026,2,19,13,4,6,51
18,42,2026,2,19,15,5,15,41
18,48,2026,2,19,19,6,16,31
18,54,2026,2,19,1,2,14,19
19,0,2026,2,19,1,4,0,23
19,5,2026,2,19,19,6,0,29
19,9,2026,2,19,15,4,0,33
19,14,2026,2,19,13,2,2,33
19,20,2026,2,19,12,14,20,27
19,26,2026,2,19,14,5,11,21
19,31,2026,2,19,12,9,3,27
19,38,2026,2,19,13,5,3,29
19,42,2026,2,19,15,5,6,28
19,48,2026,2,19,19,3,11,20
19,54,2026,2,19,1,4,7,17
20,0,2026,2,19,1,2,0,19
20,5,2026,2,19,19,4,1,22
20,9,2026,2,19,15,6,1,27
20,14,2026,2,19,13,2,2,27
20,20,2026,2,19,12,15,20,22
20,26,2026,2,19,14,3,6,19
20,31,2026,2,19,12,24,0,43
20,38,2026,2,19,13,3,13,33
20,42,2026,2,19,15,6,9,30
20,48,2026,2,19,19,3,11,22
20,54,2026,2,19,1,2,7,17
21,0,2026,2,19,1,5,0,22
21,5,2026,2,19,19,3,2,23
21,9,2026,2,19,15,3,0,26
21,14,2026,2,19,13,4,1,29
21,20,2026,2,19,12,36,21,44
21,26,2026,2,19,14,3,15,32
21,31,2026,2,19,12,27,2,57
21,38,2026,2,19,13,6,12,51
21,42,2026,2,19,15,6,12,45
21,48,2026,2,19,19,3,15,33
21,54,2026,2,19,1,3,15,21
22,0,2026,2,19,1,2,0,23
22,5,2026,2,19,19,6,0,29
22,9,2026,2,19,15,5,1,33
22,14,2026,2,19,13,3,2,34
22,20,2026,2,19,12,25,20,39
22,26,2026,2,19,14,4,13,30
22,31,2026,2,19,12,16,1,45
22,38,2026,2,19,13,5,7,43
22,42,2026,2,19,15,5,5,43
22,48,2026,2,19,19,3,21,25
22,54,2026,2,19,1,3,11,17
23,0,2026,2,19,1,6,0,23
23,5,2026,2,19,19,2,1,24
23,9,2026,2,19,15,6,2,28
23,14,2026,2,19,13,2,3,27
23,20,2026,2,19,12,25,20,32
23,26,2026,2,19,14,4,12,24
23,31,2026,2,19,12,21,2,43
23,38,2026,2,19,13,6,9,40
23,42,2026,2,19,15,4,14,30
23,48,2026,2,19,19,6,15,21
23,54,2026,2,19,1,0,21,0
6,0,2026,2,20,1,3,0,3
6,5,2026,2,20,19,4,0,7
6,9,2026,2,20,15,11,0,18
6,14,2026,2,20,13,4,2,20
6,20,2026,2,20,12,36,11,45
6,26,2026,2,20,14,5,8,42
6,31,2026,2,20,12,27,3,66
6,38,2026,2,20,13,6,13,59
6,42,2026,2,20,15,11,15,55
6,48,2026,2,20,19,2,17,40
6,54,2026,2,20,1,5,18,27
7,0,2026,2,20,1,1,0,28
7,5,2026,2,20,19,5,1,32
7,9,2026,2,20,15,21,1,52
7,14,2026,2,20,13,1,7,46
7,20,2026,2,20,12,28,21,53
7,26,2026,2,20,14,10,9,54
7,31,2026,2,20,12,14,3,65
7,38,2026,2,20,13,4,20,49
7,42,2026,2,20,15,5,2,52
7,48,2026,2,20,19,3,22,33
7,54,2026,2,20,1,2,20,15
8,0,2026,2,20,1,3,0,18
8,5,2026,2,20,19,3,3,18
8,9,2026,2,20,15,16,1,33
8,14,2026,2,20,13,2,9,26
8,20,2026,2,20,12,23,10,39
8,26,2026,2,20,14,6,3,42
8,31,2026,2,20,12,18,1,59
8,38,2026,2,20,13,3,18,44
8,42,2026,2,20,15,15,1,58
8,48,2026,2,20,19,5,22,41
8,54,2026,2,20,1,3,24,20
9,0,2026,2,20,1,1,0,21
9,5,2026,2,20,19,5,3,23
9,9,2026,2,20,15,4,0,27
9,14,2026,2,20,13,5,14,18
9,20,2026,2,20,12,12,9,21
9,26,2026,2,20,14,3,2,22
9,31,2026,2,20,12,30,0,52
9,38,2026,2,20,13,4,15,41
9,42,2026,2,20,15,3,1,43
9,48,2026,2,20,19,2,21,24
9,54,2026,2,20,1,2,20,6
10,0,2026,2,20,1,2,0,8
10,5,2026,2,20,19,5,0,13
10,9,2026,2,20,15,2,1,14
10,14,2026,2,20,13,5,2,17
10,20,2026,2,20,12,10,12,15
10,26,2026,2,20,14,3,3,15
10,31,2026,2,20,12,15,2,28
10,38,2026,2,20,13,3,8,23
10,42,2026,2,20,15,3,3,23
10,48,2026,2,20,19,5,10,18
10,54,2026,2,20,1,4,8,14
11,0,2026,2,20,1,2,0,16
11,5,2026,2,20,19,2,1,17
11,9,2026,2,20,15,2,0,19
11,14,2026,2,20,13,2,1,20
11,20,2026,2,20,12,32,15,37
11,26,2026,2,20,14,4,11,30
11,31,2026,2,20,12,12,2,40
11,38,2026,2,20,13,6,9,37
11,42,2026,2,20,15,5,13,29
11,48,2026,2,20,19,4,12,21
11,54,2026,2,20,1,3,9,15
12,0,2026,2,20,1,3,0,18
12,5,2026,2,20,19,2,1,19
12,9,2026,2,20,15,2,2,19
12,14,2026,2,20,13,5,0,24
12,20,2026,2,20,12,22,17,29
12,26,2026,2,20,14,3,5,27
12,31,2026,2,20,12,35,2,60
12,38,2026,2,20,13,5,12,53
12,42,2026,2,20,15,5,12,46
12,48,2026,2,20,19,5,14,37
12,54,2026,2,20,1,3,15,25
13,0,2026,2,20,1,25,0,50
13,5,2026,2,20,19,15,2,63
13,9,2026,2,20,15,5,9,59
13,14,2026,2,20,13,14,7,66
13,20,2026,2,20,12,15,26,55
13,26,2026,2,20,14,2,22,35
13,31,2026,2,20,12,22,2,55
13,38,2026,2,20,13,14,3,66
13,42,2026,2,20,15,2,25,43
13,48,2026,2,20,19,10,10,43
13,54,2026,2,20,1,27,13,57
14,0,2026,2,20,1,9,0,66
14,5,2026,2,20,19,5,5,66
14,9,2026,2,20,15,3,7,62
14,14,2026,2,20,13,8,4,66
14,20,2026,2,20,12,16,40,42
14,26,2026,2,20,14,3,20,25
14,31,2026,2,20,12,15,3,37
14,38,2026,2,20,13,11,6,42
14,42,2026,2,20,15,2,10,34
14,48,2026,2,20,19,30,10,54
14,54,2026,2,20,1,11,9,56
15,0,2026,2,20,1,10,0,66
15,5,2026,2,20,19,3,3,66
15,9,2026,2,20,15,3,12,57
15,14,2026,2,20,13,8,10,55
15,20,2026,2,20,12,17,28,44
15,26,2026,2,20,14,5,21,28
15,31,2026,2,20,12,16,4,40
15,38,2026,2,20,13,26,1,65
15,42,2026,2,20,15,4,20,49
15,48,2026,2,20,19,18,10,57
15,54,2026,2,20,1,12,18,51
16,0,2026,2,20,1,5,0,56
16,5,2026,2,20,19,2,6,52
16,9,2026,2,20,15,5,6,51
16,14,2026,2,20,13,5,9,47
16,20,2026,2,20,12,9,23,33
16,26,2026,2,20,14,6,17,22
16,31,2026,2,20,12,11,4,29
16,38,2026,2,20,13,3,6,26
16,42,2026,2,20,15,6,8,24
16,48,2026,2,20,19,6,11,19
16,54,2026,2,20,1,4,6,17
17,0,2026,2,20,1,4,0,21
17,5,2026,2,20,19,5,0,26
17,9,2026,2,20,15,4,4,26
17,14,2026,2,20,13,3,2,27
17,20,2026,2,20,12,11,20,18
17,26,2026,2,20,14,3,7,14
17,31,2026,2,20,12,26,1,39
17,38,2026,2,20,13,3,5,37
17,42,2026,2,20,15,5,9,33
17,48,2026,2,20,19,2,8,27
17,54,2026,2,20,1,3,12,18
18,0,2026,2,20,1,6,0,24
18,5,2026,2,20,19,3,3,24
18,9,2026,2,20,15,4,3,25
18,14,2026,2,20,13,2,0,27
18,20,2026,2,20,12,23,18,32
18,26,2026,2,20,14,4,13,23
18,31,2026,2,20,12,15,3,35
18,38,2026,2,20,13,2,7,30
18,42,2026,2,20,15,5,15,20
18,48,2026,2,20,19,3,6,17
18,54,2026,2,20,1,4,4,17
19,0,2026,2,20,1,5,0,22
19,5,2026,2,20,19,2,0,24
19,9,2026,2,20,15,5,2,27
19,14,2026,2,20,13,2,0,29
19,20,2026,2,20,12,36,17,48
19,26,2026,2,20,14,3,20,31
19,31,2026,2,20,12,11,2,40
19,38,2026,2,20,13,5,8,37
19,42,2026,2,20,15,6,10,33
19,48,2026,2,20,19,5,11,27
19,54,2026,2,20,1,2,10,19
20,0,2026,2,20,1,6,0,25
20,5,2026,2,20,19,5,0,30
20,9,2026,2,20,15,4,1,33
20,14,2026,2,20,13,3,5,31
20,20,2026,2,20,12,8,20,19
20,26,2026,2,20,14,6,6,19
20,31,2026,2,20,12,23,2,40
20,38,2026,2,20,13,4,9,35
20,42,2026,2,20,15,5,5,35
20,48,2026,2,20,19,3,13,25
20,54,2026,2,20,1,4,9,20
21,0,2026,2,20,1,2,0,22
21,5,2026,2,20,19,2,0,24
21,9,2026,2,20,15,4,0,28
21,14,2026,2,20,13,6,1,33
21,20,2026,2,20,12,13,22,24
21,26,2026,2,20,14,5,14,15
21,31,2026,2,20,12,19,3,31
21,38,2026,2,20,13,4,1,34
21,42,2026,2,20,15,2,9,27
21,48,2026,2,20,19,6,5,28
21,54,2026,2,20,1,3,13,18
22,0,2026,2,20,1,6,0,24
22,5,2026,2,20,19,5,0,29
22,9,2026,2,20,15,5,2,32
22,14,2026,2,20,13,3,0,35
22,20,2026,2,20,12,14,20,29
22,26,2026,2,20,14,3,14,18
22,31,2026,2,20,12,20,2,36
22,38,2026,2,20,13,3,4,35
22,42,2026,2,20,15,2,4,33
22,48,2026,2,20,19,5,13,25
22,54,2026,2,20,1,2,13,14
23,0,2026,2,20,1,3,0,17
23,5,2026,2,20,19,4,0,21
23,9,2026,2,20,15,4,0,25
23,14,2026,2,20,13,2,0,27
23,20,2026,2,20,12,16,18,25
23,26,2026,2,20,14,4,13,16
23,31,2026,2,20,12,36,2,50
23,38,2026,2,20,13,4,19,35
23,42,2026,2,20,15,2,10,27
23,48,2026,2,20,19,2,16,13
23,54,2026,2,20,1,0,13,0
6,0,2026,2,21,1,5,0,5
6,5,2026,2,21,19,6,0,11
6,9,2026,2,21,15,5,1,15
6,14,2026,2,21,13,2,3,14
6,20,2026,2,21,12,30,9,35
6,26,2026,2,21,14,13,11,37
6,31,2026,2,21,12,32,9,60
6,38,2026,2,21,13,4,17,47
6,42,2026,2,21,15,11,18,40
6,48,2026,2,21,19,5,12,33
6,54,2026,2,21,1,2,12,23
7,0,2026,2,21,1,2,0,25
7,5,2026,2,21,19,2,2,25
7,9,2026,2,21,15,22,1,46
7,14,2026,2,21,13,2,18,30
7,20,2026,2,21,12,12,14,28
7,26,2026,2,21,14,13,4,37
7,31,2026,2,21,12,11,2,46
7,38,2026,2,21,13,3,13,36
7,42,2026,2,21,15,5,1,40
7,48,2026,2,21,19,5,18,27
7,54,2026,2,21,1,1,22,6
8,0,2026,2,21,1,3,0,9
8,5,2026,2,21,19,1,0,10
8,9,2026,2,21,15,6,0,16
8,14,2026,2,21,13,2,6,12
8,20,2026,2,21,12,29,7,34
8,26,2026,2,21,14,15,2,47
8,31,2026,2,21,12,22,3,66
8,38,2026,2,21,13,5,26,45
8,42,2026,2,21,15,11,1,55
8,48,2026,2,21,19,1,21,35
8,54,2026,2,21,1,1,22,14
9,0,2026,2,21,1,3,0,17
9,5,2026,2,21,19,5,0,22
9,9,2026,2,21,15,6,0,28
9,14,2026,2,21,13,4,13,19
9,20,2026,2,21,12,32,12,39
9,26,2026,2,21,14,3,1,41
9,31,2026,2,21,12,12,0,53
9,38,2026,2,21,13,5,15,43
9,42,2026,2,21,15,4,5,42
9,48,2026,2,21,19,4,20,26
9,54,2026,2,21,1,2,20,8
10,0,2026,2,21,1,6,0,14
10,5,2026,2,21,19,4,0,18
10,9,2026,2,21,15,3,3,18
10,14,2026,2,21,13,2,3,17
10,20,2026,2,21,12,12,13,16
10,26,2026,2,21,14,5,8,13
10,31,2026,2,21,12,13,2,24
10,38,2026,2,21,13,2,4,22
10,42,2026,2,21,15,5,4,23
10,48,2026,2,21,19,5,5,23
10,54,2026,2,21,1,6,10,19
11,0,2026,2,21,1,5,0,24
11,5,2026,2,21,19,5,2,27
11,9,2026,2,21,15,5,1,31
11,14,2026,2,21,13,4,4,31
11,20,2026,2,21,12,31,20,42
11,26,2026,2,21,14,3,8,37
11,31,2026,2,21,12,20,1,56
11,38,2026,2,21,13,5,13,48
11,42,2026,2,21,15,2,14,36
11,48,2026,2,21,19,3,10,29
11,54,2026,2,21,1,5,17,17
12,0,2026,2,21,1,6,0,23
12,5,2026,2,21,19,5,1,27
12,9,2026,2,21,15,4,1,30
12,14,2026,2,21,13,6,2,34
12,20,2026,2,21,12,14,20,28
12,26,2026,2,21,14,4,14,18
12,31,2026,2,21,12,30,3,45
12,38,2026,2,21,13,5,11,39
12,42,2026,2,21,15,4,10,33
12,48,2026,2,21,19,2,13,22
12,54,2026,2,21,1,4,9,17
13,0,2026,2,21,1,18,0,35
13,5,2026,2,21,19,27,1,61
13,9,2026,2,21,15,6,10,57
13,14,2026,2,21,13,10,10,57
13,20,2026,2,21,12,29,20,66
13,26,2026,2,21,14,2,20,48
13,31,2026,2,21,12,12,2,58
13,38,2026,2,21,13,18,10,66
13,42,2026,2,21,15,6,19,53
13,48,2026,2,21,19,20,19,54
13,54,2026,2,21,1,13,11,56
14,0,2026,2,21,1,10,0,66
14,5,2026,2,21,19,6,6,66
14,9,2026,2,21,15,4,6,64
14,14,2026,2,21,13,11,9,66
14,20,2026,2,21,12,21,34,53
14,26,2026,2,21,14,6,22,37
14,31,2026,2,21,12,10,6,41
14,38,2026,2,21,13,31,6,66
14,42,2026,2,21,15,2,21,47
14,48,2026,2,21,19,27,8,66
14,54,2026,2,21,1,8,15,59
15,0,2026,2,21,1,7,0,66
15,5,2026,2,21,19,3,3,66
15,9,2026,2,21,15,3,14,55
15,14,2026,2,21,13,11,12,54
15,20,2026,2,21,12,25,20,59
15,26,2026,2,21,14,2,22,39
15,31,2026,2,21,12,29,2,66
15,38,2026,2,21,13,10,10,66
15,42,2026,2,21,15,5,22,49
15,48,2026,2,21,19,15,11,53
15,54,2026,2,21,1,25,20,58
16,0,2026,2,21,1,2,0,60
16,5,2026,2,21,19,5,8,57
16,9,2026,2,21,15,3,11,49
16,14,2026,2,21,13,5,9,45
16,20,2026,2,21,12,8,21,32
16,26,2026,2,21,14,6,16,22
16,31,2026,2,21,12,17,4,35
16,38,2026,2,21,13,2,7,30
16,42,2026,2,21,15,2,8,24
16,48,2026,2,21,19,4,4,24
16,54,2026,2,21,1,5,14,15
17,0,2026,2,21,1,3,0,18
17,5,2026,2,21,19,4,1,21
17,9,2026,2,21,15,6,1,26
17,14,2026,2,21,13,6,1,31
17,20,2026,2,21,12,11,24,18
17,26,2026,2,21,14,5,9,14
17,31,2026,2,21,12,30,3,41
17,38,2026,2,21,13,3,11,33
17,42,2026,2,21,15,5,7,31
17,48,2026,2,21,19,6,14,23
17,54,2026,2,21,1,5,7,21
18,0,2026,2,21,1,2,0,23
18,5,2026,2,21,19,2,2,23
18,9,2026,2,21,15,2,2,23
18,14,2026,2,21,13,4,1,26
18,20,2026,2,21,12,28,17,37
18,26,2026,2,21,14,3,12,28
18,31,2026,2,21,12,24,3,49
18,38,2026,2,21,13,6,17,38
18,42,2026,2,21,15,6,10,34
18,48,2026,2,21,19,6,7,33
18,54,2026,2,21,1,5,13,25
19,0,2026,2,21,1,5,0,30
19,5,2026,2,21,19,4,1,33
19,9,2026,2,21,15,2,3,32
19,14,2026,2,21,13,3,2,33
19,20,2026,2,21,12,11,20,24
19,26,2026,2,21,14,5,11,18
19,31,2026,2,21,12,25,3,40
19,38,2026,2,21,13,4,7,37
19,42,2026,2,21,15,2,11,28
19,48,2026,2,21,19,3,10,21
19,54,2026,2,21,1,4,11,14
20,0,2026,2,21,1,5,0,19
20,5,2026,2,21,19,5,1,23
20,9,2026,2,21,15,5,3,25
20,14,2026,2,21,13,2,0,27
20,20,2026,2,21,12,10,20,17
20,26,2026,2,21,14,5,8,14
20,31,2026,2,21,12,35,2,47
20,38,2026,2,21,13,3,8,42
20,42,2026,2,21,15,6,8,40
20,48,2026,2,21,19,5,14,31
20,54,2026,2,21,1,2,9,24
21,0,2026,2,21,1,2,0,26
21,5,2026,2,21,19,5,0,31
21,9,2026,2,21,15,4,1,34
21,14,2026,2,21,13,3,3,34
21,20,2026,2,21,12,32,21,45
21,26,2026,2,21,14,3,15,33
21,31,2026,2,21,12,15,3,45
21,38,2026,2,21,13,3,10,38
21,42,2026,2,21,15,6,7,37
21,48,2026,2,21,19,6,12,31
21,54,2026,2,21,1,5,15,21
22,0,2026,2,21,1,6,0,27
22,5,2026,2,21,19,4,1,30
22,9,2026,2,21,15,6,2,34
22,14,2026,2,21,13,2,4,32
22,20,2026,2,21,12,27,21,38
22,26,2026,2,21,14,5,8,35
22,31,2026,2,21,12,29,3,61
22,38,2026,2,21,13,6,12,55
22,42,2026,2,21,15,5,20,40
22,48,2026,2,21,19,2,16,26
22,54,2026,2,21,1,2,15,13
23,0,2026,2,21,1,4,0,17
23,5,2026,2,21,19,4,1,20
23,9,2026,2,21,15,5,3,22
23,14,2026,2,21,13,2,3,21
23,20,2026,2,21,12,15,13,23
23,26,2026,2,21,14,3,8,18
23,31,2026,2,21,12,26,3,41
23,38,2026,2,21,13,6,13,34
23,42,2026,2,21,15,6,6,34
23,48,2026,2,21,19,0,13,21
23,54,2026,2,21,1,0,21,0
6,0,2026,2,22,1,4,0,4
6,5,2026,2,22,19,5,1,8
6,9,2026,2,22,15,12,1,19
6,14,2026,2,22,13,3,4,18
6,20,2026,2,22,12,8,14,12
6,26,2026,2,22,14,19,2,29
6,31,2026,2,22,12,15,12,32
6,38,2026,2,22,13,5,5,32
6,42,2026,2,22,15,14,5,41
6,48,2026,2,22,19,2,7,36
6,54,2026,2,22,1,6,11,31
7,0,2026,2,22,1,2,0,33
7,5,2026,2,22,19,3,3,33
7,9,2026,2,22,15,14,1,46
7,14,2026,2,22,13,3,15,34
7,20,2026,2,22,12,24,13,45
7,26,2026,2,22,14,8,11,42
7,31,2026,2,22,12,14,1,55
7,38,2026,2,22,13,2,16,41
7,42,2026,2,22,15,12,1,52
7,48,2026,2,22,19,3,24,31
7,54,2026,2,22,1,3,21,13
8,0,2026,2,22,1,4,0,17
8,5,2026,2,22,19,1,2,16
8,9,2026,2,22,15,11,0,27
8,14,2026,2,22,13,1,14,14
8,20,2026,2,22,12,19,7,26
8,26,2026,2,22,14,6,3,29
8,31,2026,2,22,12,34,1,62
8,38,2026,2,22,13,5,19,48
8,42,2026,2,22,15,20,2,66
8,48,2026,2,22,19,1,23,44
8,54,2026,2,22,1,3,21,26
9,0,2026,2,22,1,2,0,28
9,5,2026,2,22,19,4,3,29
9,9,2026,2,22,15,4,1,32
9,14,2026,2,22,13,2,16,18
9,20,2026,2,22,12,20,11,27
9,26,2026,2,22,14,2,1,28
9,31,2026,2,22,12,27,1,54
9,38,2026,2,22,13,5,18,41
9,42,2026,2,22,15,3,2,42
9,48,2026,2,22,19,3,18,27
9,54,2026,2,22,1,3,21,9
10,0,2026,2,22,1,3,0,12
10,5,2026,2,22,19,5,1,16
10,9,2026,2,22,15,2,0,18
10,14,2026,2,22,13,4,4,18
10,20,2026,2,22,12,23,12,29
10,26,2026,2,22,14,4,6,27
10,31,2026,2,22,12,32,3,56
10,38,2026,2,22,13,3,13,46
10,42,2026,2,22,15,3,11,38
10,48,2026,2,22,19,4,12,30
10,54,2026,2,22,1,4,15,19
11,0,2026,2,22,1,4,0,23
11,5,2026,2,22,19,5,0,28
11,9,2026,2,22,15,2,2,28
11,14,2026,2,22,13,4,3,29
11,20,2026,2,22,12,22,18,33
11,26,2026,2,22,14,3,16,20
11,31,2026,2,22,12,23,2,41
11,38,2026,2,22,13,4,7,38
11,42,2026,2,22,15,6,4,40
11,48,2026,2,22,19,3,10,33
11,54,2026,2,22,1,2,12,23
12,0,2026,2,22,1,4,0,27
12,5,2026,2,22,19,4,0,31
12,9,2026,2,22,15,4,1,34
12,14,2026,2,22,13,3,1,36
12,20,2026,2,22,12,33,21,48
12,26,2026,2,22,14,5,22,31
12,31,2026,2,22,12,32,3,60
12,38,2026,2,22,13,5,13,52
12,42,2026,2,22,15,3,16,39
12,48,2026,2,22,19,6,8,37
12,54,2026,2,22,1,5,14,28
13,0,2026,2,22,1,17,0,45
13,5,2026,2,22,19,7,2,50
13,9,2026,2,22,15,5,4,51
13,14,2026,2,22,13,15,1,65
13,20,2026,2,22,12,10,27,48
13,26,2026,2,22,14,3,28,23
13,31,2026,2,22,12,35,2,56
13,38,2026,2,22,13,24,14,66
13,42,2026,2,22,15,2,19,49
13,48,2026,2,22,19,23,11,61
13,54,2026,2,22,1,16,11,66
14,0,2026,2,22,1,11,0,77
14,5,2026,2,22,19,10,4,83
14,9,2026,2,22,15,5,12,76
14,14,2026,2,22,13,3,13,66
14,20,2026,2,22,12,8,34,40
14,26,2026,2,22,14,4,21,23
14,31,2026,2,22,12,28,2,49
14,38,2026,2,22,13,18,8,59
14,42,2026,2,22,15,4,8,55
14,48,2026,2,22,19,22,11,66
14,54,2026,2,22,1,18,18,66
15,0,2026,2,22,1,28,0,94
15,5,2026,2,22,19,7,10,91
15,9,2026,2,22,15,4,23,72
15,14,2026,2,22,13,8,16,64
15,20,2026,2,22,12,8,32,40
15,26,2026,2,22,14,3,22,21
15,31,2026,2,22,12,10,3,28
15,38,2026,2,22,13,29,2,55
15,42,2026,2,22,15,2,14,43
15,48,2026,2,22,19,15,7,51
15,54,2026,2,22,1,18,13,56
16,0,2026,2,22,1,5,0,61
16,5,2026,2,22,19,4,2,63
16,9,2026,2,22,15,5,16,52
16,14,2026,2,22,13,5,10,47
16,20,2026,2,22,12,15,21,41
16,26,2026,2,22,14,2,21,22
16,31,2026,2,22,12,11,1,32
16,38,2026,2,22,13,6,10,28
16,42,2026,2,22,15,3,6,25
16,48,2026,2,22,19,4,9,20
16,54,2026,2,22,1,4,8,16
17,0,2026,2,22,1,3,0,19
17,5,2026,2,22,19,2,1,20
17,9,2026,2,22,15,5,0,25
17,14,2026,2,22,13,4,2,27
17,20,2026,2,22,12,17,20,24
17,26,2026,2,22,14,6,8,22
17,31,2026,2,22,12,15,4,33
17,38,2026,2,22,13,5,4,34
17,42,2026,2,22,15,2,10,26
17,48,2026,2,22,19,3,7,22
17,54,2026,2,22,1,4,11,15
18,0,2026,2,22,1,3,0,18
18,5,2026,2,22,19,6,0,24
18,9,2026,2,22,15,3,1,26
18,14,2026,2,22,13,4,2,28
18,20,2026,2,22,12,18,21,25
18,26,2026,2,22,14,5,8,22
18,31,2026,2,22,12,25,3,44
18,38,2026,2,22,13,3,6,41
18,42,2026,2,22,15,3,15,29
18,48,2026,2,22,19,3,10,22
18,54,2026,2,22,1,6,10,18
19,0,2026,2,22,1,5,0,23
19,5,2026,2,22,19,2,2,23
19,9,2026,2,22,15,5,1,27
19,14,2026,2,22,13,2,2,27
19,20,2026,2,22,12,26,16,37
19,26,2026,2,22,14,5,12,30
19,31,2026,2,22,12,36,4,62
19,38,2026,2,22,13,5,18,49
19,42,2026,2,22,15,5,12,42
19,48,2026,2,22,19,6,12,36
19,54,2026,2,22,1,5,18,23
20,0,2026,2,22,1,5,0,28
20,5,2026,2,22,19,6,0,34
20,9,2026,2,22,15,3,0,37
20,14,2026,2,22,13,3,6,34
20,20,2026,2,22,12,16,23,27
20,26,2026,2,22,14,6,9,24
20,31,2026,2,22,12,29,4,49
20,38,2026,2,22,13,3,7,45
20,42,2026,2,22,15,5,11,39
20,48,2026,2,22,19,5,13,31
20,54,2026,2,22,1,2,18,15
21,0,2026,2,22,1,6,0,21
21,5,2026,2,22,19,3,1,23
21,9,2026,2,22,15,6,3,26
21,14,2026,2,22,13,3,3,26
21,20,2026,2,22,12,36,21,41
21,26,2026,2,22,14,3,7,37
21,31,2026,2,22,12,15,1,51
21,38,2026,2,22,13,6,14,43
21,42,2026,2,22,15,2,12,33
21,48,2026,2,22,19,3,11,25
21,54,2026,2,22,1,4,14,15
22,0,2026,2,22,1,5,0,20
22,5,2026,2,22,19,2,1,21
22,9,2026,2,22,15,4,1,24
22,14,2026,2,22,13,4,2,26
22,20,2026,2,22,12,25,20,31
22,26,2026,2,22,14,5,10,26
22,31,2026,2,22,12,14,3,37
22,38,2026,2,22,13,5,13,29
22,42,2026,2,22,15,6,8,27
22,48,2026,2,22,19,5,7,25
22,54,2026,2,22,1,5,10,20
23,0,2026,2,22,1,5,0,25
23,5,2026,2,22,19,3,2,26
23,9,2026,2,22,15,4,2,28
23,14,2026,2,22,13,2,4,26
23,20,2026,2,22,12,28,20,34
23,26,2026,2,22,14,3,8,29
23,31,2026,2,22,12,35,1,63
23,38,2026,2,22,13,2,17,48
23,42,2026,2,22,15,6,18,36
23,48,2026,2,22,19,6,23,19
23,54,2026,2,22,1,0,19,0
6,0,2026,2,23,1,5,0,5
6,5,2026,2,23,19,2,0,7
6,9,2026,2,23,15,13,0,20
6,14,2026,2,23,13,6,1,25
6,20,2026,2,23,12,29,19,35
6,26,2026,2,23,14,5,7,33
6,31,2026,2,23,12,26,5,54
6,38,2026,2,23,13,3,7,50
6,42,2026,2,23,15,15,11,54
6,48,2026,2,23,19,3,20,37
6,54,2026,2,23,1,4,11,30
7,0,2026,2,23,1,1,0,31
7,5,2026,2,23,19,3,2,32
7,9,2026,2,23,15,12,0,44
7,14,2026,2,23,13,3,10,37
7,20,2026,2,23,12,12,20,29
7,26,2026,2,23,14,12,8,33
7,31,2026,2,23,12,26,2,57
7,38,2026,2,23,13,4,20,41
7,42,2026,2,23,15,21,1,61
7,48,2026,2,23,19,1,21,41
7,54,2026,2,23,1,1,22,20
8,0,2026,2,23,1,3,0,23
8,5,2026,2,23,19,4,3,24
8,9,2026,2,23,15,8,1,31
8,14,2026,2,23,13,4,11,24
8,20,2026,2,23,12,23,12,35
8,26,2026,2,23,14,22,2,55
8,31,2026,2,23,12,12,1,66
8,38,2026,2,23,13,2,17,51
8,42,2026,2,23,15,14,4,61
8,48,2026,2,23,19,3,21,43
8,54,2026,2,23,1,3,25,21
9,0,2026,2,23,1,2,0,23
9,5,2026,2,23,19,1,0,24
9,9,2026,2,23,15,4,0,28
9,14,2026,2,23,13,2,19,11
9,20,2026,2,23,12,23,8,26
9,26,2026,2,23,14,6,4,28
9,31,2026,2,23,12,36,1,63
9,38,2026,2,23,13,5,22,46
9,42,2026,2,23,15,2,1,47
9,48,2026,2,23,19,4,21,30
9,54,2026,2,23,1,3,20,13
10,0,2026,2,23,1,4,0,17
10,5,2026,2,23,19,4,0,21
10,9,2026,2,23,15,4,3,22
10,14,2026,2,23,13,4,4,22
10,20,2026,2,23,12,17,16,23
10,26,2026,2,23,14,4,4,23
10,31,2026,2,23,12,33,3,53
10,38,2026,2,23,13,2,10,45
10,42,2026,2,23,15,3,9,39
10,48,2026,2,23,19,6,12,33
10,54,2026,2,23,1,4,14,23
11,0,2026,2,23,1,6,0,29
11,5,2026,2,23,19,2,0,31
11,9,2026,2,23,15,3,1,33
11,14,2026,2,23,13,6,3,36
11,20,2026,2,23,12,35,19,52
11,26,2026,2,23,14,4,23,33
11,31,2026,2,23,12,9,4,38
11,38,2026,2,23,13,6,9,35
11,42,2026,2,23,15,5,13,27
11,48,2026,2,23,19,5,7,25
11,54,2026,2,23,1,4,10,19
12,0,2026,2,23,1,3,0,22
12,5,2026,2,23,19,3,1,24
12,9,2026,2,23,15,3,1,26
12,14,2026,2,23,13,4,0,30
12,20,2026,2,23,12,23,22,31
12,26,2026,2,23,14,6,12,25
12,31,2026,2,23,12,31,3,53
12,38,2026,2,23,13,4,9,48
12,42,2026,2,23,15,4,7,45
12,48,2026,2,23,19,6,14,37
12,54,2026,2,23,1,3,16,24
13,0,2026,2,23,1,21,0,45
13,5,2026,2,23,19,12,2,55
13,9,2026,2,23,15,3,5,53
13,14,2026,2,23,13,11,8,56
13,20,2026,2,23,12,13,26,43
13,26,2026,2,23,14,6,20,29
13,31,2026,2,23,12,8,5,32
13,38,2026,2,23,13,18,6,44
13,42,2026,2,23,15,4,12,36
13,48,2026,2,23,19,16,7,45
13,54,2026,2,23,1,14,15,44
14,0,2026,2,23,1,22,0,66
14,5,2026,2,23,19,9,11,64
14,9,2026,2,23,15,5,12,57
14,14,2026,2,23,13,17,8,66
14,20,2026,2,23,12,9,21,54
14,26,2026,2,23,14,2,22,34
14,31,2026,2,23,12,28,1,61
14,38,2026,2,23,13,8,3,66
14,42,2026,2,23,15,5,20,51
14,48,2026,2,23,19,12,14,49
14,54,2026,2,23,1,12,20,41
15,0,2026,2,23,1,25,0,66
15,5,2026,2,23,19,5,5,66
15,9,2026,2,23,15,5,10,61
15,14,2026,2,23,13,10,12,59
15,20,2026,2,23,12,25,26,58
15,26,2026,2,23,14,3,20,41
15,31,2026,2,23,12,9,0,50
15,38,2026,2,23,13,21,5,66
15,42,2026,2,23,15,2,18,50
15,48,2026,2,23,19,14,18,46
15,54,2026,2,23,1,11,14,43
16,0,2026,2,23,1,3,0,46
16,5,2026,2,23,19,4,4,46
16,9,2026,2,23,15,5,4,47
16,14,2026,2,23,13,4,10,41
16,20,2026,2,23,12,36,24,53
16,26,2026,2,23,14,3,23,33
16,31,2026,2,23,12,27,2,58
16,38,2026,2,23,13,2,12,48
16,42,2026,2,23,15,5,15,38
16,48,2026,2,23,19,4,13,29
16,54,2026,2,23,1,4,17,16
17,0,2026,2,23,1,4,0,20
17,5,2026,2,23,19,4,0,24
17,9,2026,2,23,15,2,1,25
17,14,2026,2,23,13,2,2,25
17,20,2026,2,23,12,32,21,36
17,26,2026,2,23,14,5,10,31
17,31,2026,2,23,12,33,3,61
17,38,2026,2,23,13,3,11,53
17,42,2026,2,23,15,5,15,43
17,48,2026,2,23,19,2,16,29
17,54,2026,2,23,1,3,15,17
18,0,2026,2,23,1,4,0,21
18,5,2026,2,23,19,3,1,23
18,9,2026,2,23,15,2,1,24
18,14,2026,2,23,13,6,0,30
18,20,2026,2,23,12,31,19,42
18,26,2026,2,23,14,6,17,31
18,31,2026,2,23,12,25,3,53
18,38,2026,2,23,13,5,15,43
18,42,2026,2,23,15,2,12,33
18,48,2026,2,23,19,4,11,26
18,54,2026,2,23,1,4,14,16
19,0,2026,2,23,1,6,0,22
19,5,2026,2,23,19,3,3,22
19,9,2026,2,23,15,3,2,23
19,14,2026,2,23,13,3,0,26
19,20,2026,2,23,12,17,19,24
19,26,2026,2,23,14,2,13,13
19,31,2026,2,23,12,18,1,30
19,38,2026,2,23,13,4,6,28
19,42,2026,2,23,15,3,7,24
19,48,2026,2,23,19,3,10,17
19,54,2026,2,23,1,4,6,15
20,0,2026,2,23,1,5,0,20
20,5,2026,2,23,19,6,1,25
20,9,2026,2,23,15,6,3,28
20,14,2026,2,23,13,2,0,30
20,20,2026,2,23,12,16,21,25
20,26,2026,2,23,14,3,10,18
20,31,2026,2,23,12,10,2,26
20,38,2026,2,23,13,5,8,23
20,42,2026,2,23,15,6,6,23
20,48,2026,2,23,19,3,5,21
20,54,2026,2,23,1,4,9,16
21,0,2026,2,23,1,6,0,22
21,5,2026,2,23,19,6,0,28
21,9,2026,2,23,15,5,5,28
21,14,2026,2,23,13,2,0,30
21,20,2026,2,23,12,24,19,35
21,26,2026,2,23,14,4,15,24
21,31,2026,2,23,12,25,2,47
21,38,2026,2,23,13,3,14,36
21,42,2026,2,23,15,4,11,29
21,48,2026,2,23,19,4,9,24
21,54,2026,2,23,1,3,9,18
22,0,2026,2,23,1,5,0,23
22,5,2026,2,23,19,2,1,24
22,9,2026,2,23,15,3,1,26
22,14,2026,2,23,13,4,1,29
22,20,2026,2,23,12,25,17,37
22,26,2026,2,23,14,3,12,28
22,31,2026,2,23,12,34,1,61
22,38,2026,2,23,13,2,11,52
22,42,2026,2,23,15,4,14,42
22,48,2026,2,23,19,2,17,27
22,54,2026,2,23,1,6,16,17
23,0,2026,2,23,1,6,0,23
23,5,2026,2,23,19,2,0,25
23,9,2026,2,23,15,5,1,29
23,14,2026,2,23,13,5,3,31
23,20,2026,2,23,12,18,18,31
23,26,2026,2,23,14,5,14,22
23,31,2026,2,23,12,21,3,40
23,38,2026,2,23,13,6,4,42
23,42,2026,2,23,15,2,14,30
23,48,2026,2,23,19,6,14,22
23,54,2026,2,23,1,0,22,0
6,0,2026,2,24,1,5,0,5
6,5,2026,2,24,19,3,0,8
6,9,2026,2,24,15,22,1,29
6,14,2026,2,24,13,5,7,27
6,20,2026,2,24,12,18,20,25
6,26,2026,2,24,14,9,4,30
6,31,2026,2,24,12,16,5,41
6,38,2026,2,24,13,3,6,38
6,42,2026,2,24,15,7,11,34
6,48,2026,2,24,19,6,12,28
6,54,2026,2,24,1,6,14,20
7,0,2026,2,24,1,4,0,24
7,5,2026,2,24,19,3,5,22
7,9,2026,2,24,15,19,0,41
7,14,2026,2,24,13,1,15,27
7,20,2026,2,24,12,35,16,46
7,26,2026,2,24,14,10,2,54
7,31,2026,2,24,12,12,0,66
7,38,2026,2,24,13,5,17,54
7,42,2026,2,24,15,9,3,60
7,48,2026,2,24,19,2,26,36
7,54,2026,2,24,1,4,21,19
8,0,2026,2,24,1,1,0,20
8,5,2026,2,24,19,2,0,22
8,9,2026,2,24,15,9,0,31
8,14,2026,2,24,13,3,11,23
8,20,2026,2,24,12,13,12,24
8,26,2026,2,24,14,17,4,37
8,31,2026,2,24,12,16,3,50
8,38,2026,2,24,13,1,14,37
8,42,2026,2,24,15,22,5,54
8,48,2026,2,24,19,5,22,37
8,54,2026,2,24,1,1,20,18
9,0,2026,2,24,1,1,0,19
9,5,2026,2,24,19,2,0,21
9,9,2026,2,24,15,6,1,26
9,14,2026,2,24,13,2,12,16
9,20,2026,2,24,12,13,5,24
9,26,2026,2,24,14,5,4,25
9,31,2026,2,24,12,29,0,54
9,38,2026,2,24,13,5,11,48
9,42,2026,2,24,15,6,6,48
9,48,2026,2,24,19,2,20,30
9,54,2026,2,24,1,1,22,9
10,0,2026,2,24,1,4,0,13
10,5,2026,2,24,19,6,1,18
10,9,2026,2,24,15,5,1,22
10,14,2026,2,24,13,6,0,28
10,20,2026,2,24,12,20,21,27
10,26,2026,2,24,14,5,5,27
10,31,2026,2,24,12,20,2,45
10,38,2026,2,24,13,6,11,40
10,42,2026,2,24,15,3,14,29
10,48,2026,2,24,19,2,8,23
10,54,2026,2,24,1,3,11,15
11,0,2026,2,24,1,2,0,17
11,5,2026,2,24,19,4,0,21
11,9,2026,2,24,15,5,1,25
11,14,2026,2,24,13,6,2,29
11,20,2026,2,24,12,34,18,45
11,26,2026,2,24,14,5,11,39
11,31,2026,2,24,12,14,5,48
11,38,2026,2,24,13,3,11,40
11,42,2026,2,24,15,5,11,34
11,48,2026,2,24,19,5,12,27
11,54,2026,2,24,1,4,12,19
12,0,2026,2,24,1,4,0,23
12,5,2026,2,24,19,6,0,29
12,9,2026,2,24,15,5,0,34
12,14,2026,2,24,13,4,3,35
12,20,2026,2,24,12,31,23,43
12,26,2026,2,24,14,3,13,33
12,31,2026,2,24,12,20,2,51
12,38,2026,2,24,13,6,11,46
12,42,2026,2,24,15,3,14,35
12,48,2026,2,24,19,2,14,23
12,54,2026,2,24,1,4,12,15
13,0,2026,2,24,1,12,0,27
13,5,2026,2,24,19,28,0,55
13,9,2026,2,24,15,5,7,53
13,14,2026,2,24,13,21,8,66
13,20,2026,2,24,12,26,36,56
13,26,2026,2,24,14,5,19,42
13,31,2026,2,24,12,27,3,66
13,38,2026,2,24,13,9,9,66
13,42,2026,2,24,15,2,20,48
13,48,2026,2,24,19,26,19,55
13,54,2026,2,24,1,7,13,49
14,0,2026,2,24,1,17,0,66
14,5,2026,2,24,19,3,3,66
14,9,2026,2,24,15,3,11,58
14,14,2026,2,24,13,14,6,66
14,20,2026,2,24,12,17,28,55
14,26,2026,2,24,14,2,20,37
14,31,2026,2,24,12,11,1,47
14,38,2026,2,24,13,12,6,53
14,42,2026,2,24,15,2,16,39
14,48,2026,2,24,19,30,15,54
14,54,2026,2,24,1,13,14,53
15,0,2026,2,24,1,8,0,61
15,5,2026,2,24,19,8,3,66
15,9,2026,2,24,15,3,16,53
15,14,2026,2,24,13,22,9,66
15,20,2026,2,24,12,27,27,66
15,26,2026,2,24,14,4,24,46
15,31,2026,2,24,12,8,4,50
15,38,2026,2,24,13,14,6,58
15,42,2026,2,24,15,6,16,48
15,48,2026,2,24,19,25,15,58
15,54,2026,2,24,1,18,10,66
16,0,2026,2,24,1,2,0,68
16,5,2026,2,24,19,4,7,65
16,9,2026,2,24,15,4,8,61
16,14,2026,2,24,13,6,15,52
16,20,2026,2,24,12,15,28,39
16,26,2026,2,24,14,4,21,22
16,31,2026,2,24,12,31,3,50
16,38,2026,2,24,13,3,5,48
16,42,2026,2,24,15,5,10,43
16,48,2026,2,24,19,4,14,33
16,54,2026,2,24,1,4,14,23
17,0,2026,2,24,1,2,0,25
17,5,2026,2,24,19,4,1,28
17,9,2026,2,24,15,5,2,31
17,14,2026,2,24,13,3,1,33
17,20,2026,2,24,12,33,18,48
17,26,2026,2,24,14,4,17,35
17,31,2026,2,24,12,30,3,62
17,38,2026,2,24,13,3,19,46
17,42,2026,2,24,15,4,7,43
17,48,2026,2,24,19,5,17,31
17,54,2026,2,24,1,5,17,19
18,0,2026,2,24,1,2,0,21
18,5,2026,2,24,19,6,0,27
18,9,2026,2,24,15,2,3,26
18,14,2026,2,24,13,4,0,30
18,20,2026,2,24,12,31,22,39
18,26,2026,2,24,14,5,11,33
18,31,2026,2,24,12,30,4,59
18,38,2026,2,24,13,3,12,50
18,42,2026,2,24,15,5,14,41
18,48,2026,2,24,19,5,12,34
18,54,2026,2,24,1,3,17,20
19,0,2026,2,24,1,2,0,22
19,5,2026,2,24,19,2,0,24
19,9,2026,2,24,15,6,0,30
19,14,2026,2,24,13,6,4,32
19,20,2026,2,24,12,21,17,36
19,26,2026,2,24,14,5,10,31
19,31,2026,2,24,12,15,4,42
19,38,2026,2,24,13,5,4,43
19,42,2026,2,24,15,3,9,37
19,48,2026,2,24,19,2,14,25
19,54,2026,2,24,1,3,16,12
20,0,2026,2,24,1,2,0,14
20,5,2026,2,24,19,4,0,18
20,9,2026,2,24,15,4,0,22
20,14,2026,2,24,13,6,3,25
20,20,2026,2,24,12,14,21,18
20,26,2026,2,24,14,2,9,11
20,31,2026,2,24,12,24,1,34
20,38,2026,2,24,13,2,5,31
20,42,2026,2,24,15,5,12,24
20,48,2026,2,24,19,4,5,23
20,54,2026,2,24,1,4,10,17
21,0,2026,2,24,1,2,0,19
21,5,2026,2,24,19,3,1,21
21,9,2026,2,24,15,3,1,23
21,14,2026,2,24,13,4,1,26
21,20,2026,2,24,12,20,16,30
21,26,2026,2,24,14,6,15,21
21,31,2026,2,24,12,23,4,40
21,38,2026,2,24,13,2,10,32
21,42,2026,2,24,15,4,9,27
21,48,2026,2,24,19,4,7,24
21,54,2026,2,24,1,6,11,19
22,0,2026,2,24,1,5,0,24
22,5,2026,2,24,19,5,1,28
22,9,2026,2,24,15,3,3,28
22,14,2026,2,24,13,3,2,29
22,20,2026,2,24,12,10,18,21
22,26,2026,2,24,14,5,10,16
22,31,2026,2,24,12,32,5,43
22,38,2026,2,24,13,4,5,42
22,42,2026,2,24,15,6,8,40
22,48,2026,2,24,19,2,18,24
22,54,2026,2,24,1,6,10,20
23,0,2026,2,24,1,4,0,24
23,5,2026,2,24,19,3,1,26
23,9,2026,2,24,15,2,3,25
23,14,2026,2,24,13,5,2,28
23,20,2026,2,24,12,24,15,37
23,26,2026,2,24,14,4,15,26
23,31,2026,2,24,12,23,2,47
23,38,2026,2,24,13,6,6,47
23,42,2026,2,24,15,5,18,34
23,48,2026,2,24,19,2,21,15
23,54,2026,2,24,1,0,15,0
6,0,2026,2,25,1,6,0,6
6,5,2026,2,25,19,6,0,12
6,9,2026,2,25,15,22,2,32
6,14,2026,2,25,13,6,4,34
6,20,2026,2,25,12,35,22,47
6,26,2026,2,25,14,21,8,60
6,31,2026,2,25,12,23,17,66
6,38,2026,2,25,13,4,17,53
6,42,2026,2,25,15,22,17,58
6,48,2026,2,25,19,4,18,44
6,54,2026,2,25,1,3,18,29
7,0,2026,2,25,1,2,0,31
7,5,2026,2,25,19,1,2,30
7,9,2026,2,25,15,12,0,42
7,14,2026,2,25,13,4,14,32
7,20,2026,2,25,12,18,15,35
7,26,2026,2,25,14,22,4,53
7,31,2026,2,25,12,16,3,66
7,38,2026,2,25,13,5,21,50
7,42,2026,2,25,15,6,2,54
7,48,2026,2,25,19,1,20,35
7,54,2026,2,25,1,4,22,17
8,0,2026,2,25,1,3,0,20
8,5,2026,2,25,19,3,3,20
8,9,2026,2,25,15,12,0,32
8,14,2026,2,25,13,1,11,22
8,20,2026,2,25,12,27,15,34
8,26,2026,2,25,14,19,2,51
8,31,2026,2,25,12,20,5,66
8,38,2026,2,25,13,3,21,48
8,42,2026,2,25,15,9,1,56
8,48,2026,2,25,19,3,22,37
8,54,2026,2,25,1,2,21,18
9,0,2026,2,25,1,2,0,20
9,5,2026,2,25,19,3,0,23
9,9,2026,2,25,15,2,0,25
9,14,2026,2,25,13,3,9,19
9,20,2026,2,25,12,8,13,14
9,26,2026,2,25,14,6,2,18
9,31,2026,2,25,12,30,0,48
9,38,2026,2,25,13,2,17,33
9,42,2026,2,25,15,5,0,38
9,48,2026,2,25,19,3,15,26
9,54,2026,2,25,1,3,17,12
10,0,2026,2,25,1,4,0,16
10,5,2026,2,25,19,4,2,18
10,9,2026,2,25,15,2,1,19
10,14,2026,2,25,13,3,1,21
10,20,2026,2,25,12,22,15,28
10,26,2026,2,25,14,4,7,25
10,31,2026,2,25,12,15,2,38
10,38,2026,2,25,13,5,10,33
10,42,2026,2,25,15,3,9,27
10,48,2026,2,25,19,6,9,24
10,54,2026,2,25,1,2,11,15
11,0,2026,2,25,1,5,0,20
11,5,2026,2,25,19,5,1,24
11,9,2026,2,25,15,2,1,25
11,14,2026,2,25,13,5,2,28
11,20,2026,2,25,12,32,20,40
11,26,2026,2,25,14,2,17,25
11,31,2026,2,25,12,23,2,46
11,38,2026,2,25,13,2,10,38
11,42,2026,2,25,15,3,16,25
11,48,2026,2,25,19,4,5,24
11,54,2026,2,25,1,5,12,17
12,0,2026,2,25,1,4,0,21
12,5,2026,2,25,19,5,2,24
12,9,2026,2,25,15,4,1,27
12,14,2026,2,25,13,6,2,31
12,20,2026,2,25,12,11,24,18
12,26,2026,2,25,14,4,11,11
12,31,2026,2,25,12,11,3,19
12,38,2026,2,25,13,6,3,22
12,42,2026,2,25,15,4,6,20
12,48,2026,2,25,19,3,8,15
12,54,2026,2,25,1,6,2,19
13,0,2026,2,25,1,32,0,51
13,5,2026,2,25,19,12,3,60
13,9,2026,2,25,15,2,8,54
13,14,2026,2,25,13,16,6,64
13,20,2026,2,25,12,31,33,62
13,26,2026,2,25,14,5,21,46
13,31,2026,2,25,12,17,4,59
13,38,2026,2,25,13,19,12,66
13,42,2026,2,25,15,4,19,51
13,48,2026,2,25,19,25,16,60
13,54,2026,2,25,1,18,12,66
14,0,2026,2,25,1,27,0,93
14,5,2026,2,25,19,24,8,109
14,9,2026,2,25,15,3,32,80
14,14,2026,2,25,13,8,12,76
14,20,2026,2,25,12,8,33,51
14,26,2026,2,25,14,3,27,27
14,31,2026,2,25,12,15,3,39
14,38,2026,2,25,13,8,3,44
14,42,2026,2,25,15,4,12,36
14,48,2026,2,25,19,31,8,59
14,54,2026,2,25,1,20,15,64
15,0,2026,2,25,1,2,0,66
15,5,2026,2,25,19,5,5,66
15,9,2026,2,25,15,4,13,57
15,14,2026,2,25,13,12,9,60
15,20,2026,2,25,12,32,29,63
15,26,2026,2,25,14,6,21,48
15,31,2026,2,25,12,19,5,62
15,38,2026,2,25,13,10,6,66
15,42,2026,2,25,15,3,20,49
15,48,2026,2,25,19,10,13,46
15,54,2026,2,25,1,12,17,41
16,0,2026,2,25,1,3,0,44
16,5,2026,2,25,19,5,4,45
16,9,2026,2,25,15,6,5,46
16,14,2026,2,25,13,6,4,48
16,20,2026,2,25,12,30,21,57
16,26,2026,2,25,14,5,20,42
16,31,2026,2,25,12,10,2,50
16,38,2026,2,25,13,6,13,43
16,42,2026,2,25,15,5,15,33
16,48,2026,2,25,19,6,12,27
16,54,2026,2,25,1,2,11,18
17,0,2026,2,25,1,6,0,24
17,5,2026,2,25,19,3,0,27
17,9,2026,2,25,15,5,1,31
17,14,2026,2,25,13,2,6,27
17,20,2026,2,25,12,24,20,31
17,26,2026,2,25,14,5,11,25
17,31,2026,2,25,12,16,2,39
17,38,2026,2,25,13,6,6,39
17,42,2026,2,25,15,6,7,38
17,48,2026,2,25,19,2,9,31
17,54,2026,2,25,1,4,17,18
18,0,2026,2,25,1,2,0,20
18,5,2026,2,25,19,6,0,26
18,9,2026,2,25,15,4,0,30
18,14,2026,2,25,13,4,4,30
18,20,2026,2,25,12,25,21,34
18,26,2026,2,25,14,4,9,29
18,31,2026,2,25,12,28,2,55
18,38,2026,2,25,13,3,10,48
18,42,2026,2,25,15,3,10,41
18,48,2026,2,25,19,6,18,29
18,54,2026,2,25,1,4,13,20
19,0,2026,2,25,1,4,0,24
19,5,2026,2,25,19,2,0,26
19,9,2026,2,25,15,2,1,27
19,14,2026,2,25,13,2,0,29
19,20,2026,2,25,12,28,16,41
19,26,2026,2,25,14,5,20,26
19,31,2026,2,25,12,18,3,41
19,38,2026,2,25,13,2,9,34
19,42,2026,2,25,15,3,10,27
19,48,2026,2,25,19,5,10,22
19,54,2026,2,25,1,5,11,16
20,0,2026,2,25,1,5,0,21
20,5,2026,2,25,19,5,0,26
20,9,2026,2,25,15,5,0,31
20,14,2026,2,25,13,4,3,32
20,20,2026,2,25,12,30,21,41
20,26,2026,2,25,14,4,5,40
20,31,2026,2,25,12,21,3,58
20,38,2026,2,25,13,5,11,52
20,42,2026,2,25,15,5,15,42
20,48,2026,2,25,19,6,12,36
20,54,2026,2,25,1,4,19,21
21,0,2026,2,25,1,2,0,23
21,5,2026,2,25,19,6,2,27
21,9,2026,2,25,15,6,1,32
21,14,2026,2,25,13,6,1,37
21,20,2026,2,25,12,27,21,43
21,26,2026,2,25,14,4,17,30
21,31,2026,2,25,12,29,2,57
21,38,2026,2,25,13,6,12,51
21,42,2026,2,25,15,5,7,49
21,48,2026,2,25,19,3,13,39
21,54,2026,2,25,1,2,23,18
22,0,2026,2,25,1,6,0,24
22,5,2026,2,25,19,4,1,27
22,9,2026,2,25,15,3,2,28
22,14,2026,2,25,13,6,1,33
22,20,2026,2,25,12,25,20,38
22,26,2026,2,25,14,4,15,27
22,31,2026,2,25,12,29,3,53
22,38,2026,2,25,13,5,11,47
22,42,2026,2,25,15,3,15,35
22,48,2026,2,25,19,2,11,26
22,54,2026,2,25,1,5,15,16
23,0,2026,2,25,1,4,0,20
23,5,2026,2,25,19,2,2,20
23,9,2026,2,25,15,2,1,21
23,14,2026,2,25,13,2,1,22
23,20,2026,2,25,12,13,13,22
23,26,2026,2,25,14,5,12,15
23,31,2026,2,25,12,26,2,39
23,38,2026,2,25,13,2,10,31
23,42,2026,2,25,15,2,8,25
23,48,2026,2,25,19,2,14,13
23,54,2026,2,25,1,0,13,0
6,0,2026,2,26,1,3,0,3
6,5,2026,2,26,19,4,0,7
6,9,2026,2,26,15,21,1,27
6,14,2026,2,26,13,4,1,30
6,20,2026,2,26,12,23,21,32
6,26,2026,2,26,14,11,9,34
6,31,2026,2,26,12,8,5,37
6,38,2026,2,26,13,3,7,33
6,42,2026,2,26,15,8,7,34
6,48,2026,2,26,19,4,12,26
6,54,2026,2,26,1,5,11,20
7,0,2026,2,26,1,1,0,21
7,5,2026,2,26,19,3,2,22
7,9,2026,2,26,15,21,0,43
7,14,2026,2,26,13,3,9,37
7,20,2026,2,26,12,15,16,36
7,26,2026,2,26,14,17,2,51
7,31,2026,2,26,12,8,9,50
7,38,2026,2,26,13,4,8,46
7,42,2026,2,26,15,11,1,56
7,48,2026,2,26,19,1,23,34
7,54,2026,2,26,1,1,25,10
8,0,2026,2,26,1,4,0,14
8,5,2026,2,26,19,5,0,19
8,9,2026,2,26,15,14,1,32
8,14,2026,2,26,13,5,12,25
8,20,2026,2,26,12,16,12,29
8,26,2026,2,26,14,16,4,41
8,31,2026,2,26,12,18,4,55
8,38,2026,2,26,13,3,15,43
8,42,2026,2,26,15,14,1,56
8,48,2026,2,26,19,1,21,36
8,54,2026,2,26,1,4,20,20
9,0,2026,2,26,1,3,0,23
9,5,2026,2,26,19,3,2,24
9,9,2026,2,26,15,5,0,29
9,14,2026,2,26,13,2,15,16
9,20,2026,2,26,12,33,10,39
9,26,2026,2,26,14,6,4,41
9,31,2026,2,26,12,9,1,49
9,38,2026,2,26,13,3,16,36
9,42,2026,2,26,15,5,3,38
9,48,2026,2,26,19,5,23,20
9,54,2026,2,26,1,1,15,6
10,0,2026,2,26,1,4,0,10
10,5,2026,2,26,19,4,1,13
10,9,2026,2,26,15,2,1,14
10,14,2026,2,26,13,3,1,16
10,20,2026,2,26,12,18,14,20
10,26,2026,2,26,14,2,2,20
10,31,2026,2,26,12,19,2,37
10,38,2026,2,26,13,6,6,37
10,42,2026,2,26,15,6,13,30
10,48,2026,2,26,19,6,10,26
10,54,2026,2,26,1,6,9,23
11,0,2026,2,26,1,4,0,27
11,5,2026,2,26,19,5,1,31
11,9,2026,2,26,15,2,2,31
11,14,2026,2,26,13,3,2,32
11,20,2026,2,26,12,9,23,18
11,26,2026,2,26,14,5,7,16
11,31,2026,2,26,12,11,2,25
11,38,2026,2,26,13,4,2,27
11,42,2026,2,26,15,6,6,27
11,48,2026,2,26,19,5,6,26
11,54,2026,2,26,1,3,9,20
12,0,2026,2,26,1,4,0,24
12,5,2026,2,26,19,3,2,25
12,9,2026,2,26,15,5,1,29
12,14,2026,2,26,13,5,0,34
12,20,2026,2,26,12,12,21,25
12,26,2026,2,26,14,3,10,18
12,31,2026,2,26,12,34,1,51
12,38,2026,2,26,13,3,12,42
12,42,2026,2,26,15,3,15,30
12,48,2026,2,26,19,5,8,27
12,54,2026,2,26,1,5,12,20
13,0,2026,2,26,1,11,0,31
13,5,2026,2,26,19,15,1,45
13,9,2026,2,26,15,3,3,45
13,14,2026,2,26,13,8,2,51
13,20,2026,2,26,12,26,27,50
13,26,2026,2,26,14,2,23,29
13,31,2026,2,26,12,15,2,42
13,38,2026,2,26,13,15,8,49
13,42,2026,2,26,15,2,12,39
13,48,2026,2,26,19,16,10,45
13,54,2026,2,26,1,15,9,51
14,0,2026,2,26,1,9,0,60
14,5,2026,2,26,19,11,5,66
14,9,2026,2,26,15,3,13,56
14,14,2026,2,26,13,16,6,66
14,20,2026,2,26,12,23,23,66
14,26,2026,2,26,14,5,20,51
14,31,2026,2,26,12,11,4,58
14,38,2026,2,26,13,16,8,66
14,42,2026,2,26,15,5,13,58
14,48,2026,2,26,19,8,16,50
14,54,2026,2,26,1,7,19,38
15,0,2026,2,26,1,27,0,65
15,5,2026,2,26,19,6,5,66
15,9,2026,2,26,15,2,16,52
15,14,2026,2,26,13,21,8,65
15,20,2026,2,26,12,21,20,66
15,26,2026,2,26,14,4,20,50
15,31,2026,2,26,12,18,2,66
15,38,2026,2,26,13,8,8,66
15,42,2026,2,26,15,4,21,49
15,48,2026,2,26,19,13,13,49
15,54,2026,2,26,1,15,21,43
16,0,2026,2,26,1,4,0,47
16,5,2026,2,26,19,5,2,50
16,9,2026,2,26,15,6,8,48
16,14,2026,2,26,13,6,5,49
16,20,2026,2,26,12,9,28,30
16,26,2026,2,26,14,6,11,25
16,31,2026,2,26,12,12,3,34
16,38,2026,2,26,13,5,3,36
16,42,2026,2,26,15,5,8,33
16,48,2026,2,26,19,6,10,29
16,54,2026,2,26,1,3,11,21
17,0,2026,2,26,1,4,0,25
17,5,2026,2,26,19,6,0,31
17,9,2026,2,26,15,6,3,34
17,14,2026,2,26,13,2,3,33
17,20,2026,2,26,12,15,20,28
17,26,2026,2,26,14,6,10,24
17,31,2026,2,26,12,31,4,51
17,38,2026,2,26,13,3,11,43
17,42,2026,2,26,15,4,8,39
17,48,2026,2,26,19,4,13,30
17,54,2026,2,26,1,5,11,24
18,0,2026,2,26,1,3,0,27
18,5,2026,2,26,19,4,1,30
18,9,2026,2,26,15,4,1,33
18,14,2026,2,26,13,3,2,34
18,20,2026,2,26,12,30,21,43
18,26,2026,2,26,14,5,16,32
18,31,2026,2,26,12,32,2,62
18,38,2026,2,26,13,5,14,53
18,42,2026,2,26,15,5,15,43
18,48,2026,2,26,19,5,12,36
18,54,2026,2,26,1,3,21,18
19,0,2026,2,26,1,3,0,21
19,5,2026,2,26,19,5,0,26
19,9,2026,2,26,15,6,4,28
19,14,2026,2,26,13,2,3,27
19,20,2026,2,26,12,24,17,34
19,26,2026,2,26,14,3,13,24
19,31,2026,2,26,12,22,2,44
19,38,2026,2,26,13,4,14,34
19,42,2026,2,26,15,5,7,32
19,48,2026,2,26,19,5,5,32
19,54,2026,2,26,1,6,10,28
20,0,2026,2,26,1,2,0,30
20,5,2026,2,26,19,4,1,33
20,9,2026,2,26,15,3,2,34
20,14,2026,2,26,13,2,1,35
20,20,2026,2,26,12,13,20,28
20,26,2026,2,26,14,6,14,20
20,31,2026,2,26,12,28,5,43
20,38,2026,2,26,13,4,9,38
20,42,2026,2,26,15,6,12,32
20,48,2026,2,26,19,2,12,22
20,54,2026,2,26,1,6,12,16
21,0,2026,2,26,1,2,0,18
21,5,2026,2,26,19,5,0,23
21,9,2026,2,26,15,3,1,25
21,14,2026,2,26,13,5,2,28
21,20,2026,2,26,12,32,19,41
21,26,2026,2,26,14,4,12,33
21,31,2026,2,26,12,11,2,42
21,38,2026,2,26,13,3,10,35
21,42,2026,2,26,15,2,10,27
21,48,2026,2,26,19,5,8,24
21,54,2026,2,26,1,4,12,16
22,0,2026,2,26,1,3,0,19
22,5,2026,2,26,19,5,0,24
22,9,2026,2,26,15,6,2,28
22,14,2026,2,26,13,6,1,33
22,20,2026,2,26,12,18,23,28
22,26,2026,2,26,14,6,8,26
22,31,2026,2,26,12,26,3,49
22,38,2026,2,26,13,4,10,43
22,42,2026,2,26,15,3,14,32
22,48,2026,2,26,19,2,9,25
22,54,2026,2,26,1,3,13,15
23,0,2026,2,26,1,6,0,21
23,5,2026,2,26,19,6,1,26
23,9,2026,2,26,15,2,2,26
23,14,2026,2,26,13,5,1,30
23,20,2026,2,26,12,13,18,25
23,26,2026,2,26,14,3,15,13
23,31,2026,2,26,12,23,2,34
23,38,2026,2,26,13,6,6,34
23,42,2026,2,26,15,2,9,27
23,48,2026,2,26,19,4,13,18
23,54,2026,2,26,1,0,18,0
6,0,2026,2,27,1,4,0,4
6,5,2026,2,27,19,6,0,10
6,9,2026,2,27,15,9,1,18
6,14,2026,2,27,13,2,2,18
6,20,2026,2,27,12,33,15,36
6,26,2026,2,27,14,9,9,36
6,31,2026,2,27,12,29,7,58
6,38,2026,2,27,13,6,19,45
6,42,2026,2,27,15,16,12,49
6,48,2026,2,27,19,2,11,40
6,54,2026,2,27,1,5,14,31
7,0,2026,2,27,1,4,0,35
7,5,2026,2,27,19,5,3,37
7,9,2026,2,27,15,8,2,43
7,14,2026,2,27,13,3,13,33
7,20,2026,2,27,12,30,17,46
7,26,2026,2,27,14,14,8,52
7,31,2026,2,27,12,18,4,66
7,38,2026,2,27,13,3,16,53
7,42,2026,2,27,15,18,5,66
7,48,2026,2,27,19,3,22,47
7,54,2026,2,27,1,2,24,25
8,0,2026,2,27,1,1,0,26
8,5,2026,2,27,19,2,2,26
8,9,2026,2,27,15,17,0,43
8,14,2026,2,27,13,5,20,28
8,20,2026,2,27,12,20,20,28
8,26,2026,2,27,14,9,4,33
8,31,2026,2,27,12,27,2,58
8,38,2026,2,27,13,5,20,43
8,42,2026,2,27,15,15,2,56
8,48,2026,2,27,19,2,20,38
8,54,2026,2,27,1,4,23,19
9,0,2026,2,27,1,1,0,20
9,5,2026,2,27,19,4,1,23
9,9,2026,2,27,15,6,0,29
9,14,2026,2,27,13,4,9,24
9,20,2026,2,27,12,15,14,25
9,26,2026,2,27,14,5,2,28
9,31,2026,2,27,12,35,0,63
9,38,2026,2,27,13,4,18,49
9,42,2026,2,27,15,3,6,46
9,48,2026,2,27,19,3,20,29
9,54,2026,2,27,1,1,21,9
10,0,2026,2,27,1,3,0,12
10,5,2026,2,27,19,3,0,15
10,9,2026,2,27,15,6,2,19
10,14,2026,2,27,13,3,3,19
10,20,2026,2,27,12,17,15,21
10,26,2026,2,27,14,3,3,21
10,31,2026,2,27,12,12,2,31
10,38,2026,2,27,13,6,8,29
10,42,2026,2,27,15,5,9,25
10,48,2026,2,27,19,5,8,22
10,54,2026,2,27,1,3,8,17
11,0,2026,2,27,1,3,0,20
11,5,2026,2,27,19,5,0,25
11,9,2026,2,27,15,4,3,26
11,14,2026,2,27,13,2,0,28
11,20,2026,2,27,12,24,17,35
11,26,2026,2,27,14,6,12,29
11,31,2026,2,27,12,11,5,35
11,38,2026,2,27,13,5,1,39
11,42,2026,2,27,15,2,10,31
11,48,2026,2,27,19,5,14,22
11,54,2026,2,27,1,6,12,16
12,0,2026,2,27,1,5,0,21
12,5,2026,2,27,19,6,0,27
12,9,2026,2,27,15,4,4,27
12,14,2026,2,27,13,2,3,26
12,20,2026,2,27,12,21,20,27
12,26,2026,2,27,14,3,10,20
12,31,2026,2,27,12,29,2,47
12,38,2026,2,27,13,5,9,43
12,42,2026,2,27,15,5,12,36
12,48,2026,2,27,19,4,10,30
12,54,2026,2,27,1,4,16,18
13,0,2026,2,27,1,12,0,30
13,5,2026,2,27,19,8,0,38
13,9,2026,2,27,15,3,4,37
13,14,2026,2,27,13,7,4,40
13,20,2026,2,27,12,14,22,32
13,26,2026,2,27,14,6,16,22
13,31,2026,2,27,12,10,4,28
13,38,2026,2,27,13,25,4,49
13,42,2026,2,27,15,4,12,41
13,48,2026,2,27,19,24,12,53
13,54,2026,2,27,1,17,6,64
14,0,2026,2,27,1,2,0,66
14,5,2026,2,27,19,1,1,66
14,9,2026,2,27,15,2,7,61
14,14,2026,2,27,13,13,8,66
14,20,2026,2,27,12,31,33,64
14,26,2026,2,27,14,2,20,46
14,31,2026,2,27,12,22,2,66
14,38,2026,2,27,13,10,10,66
14,42,2026,2,27,15,2,20,48
14,48,2026,2,27,19,18,13,53
14,54,2026,2,27,1,23,14,62
15,0,2026,2,27,1,4,0,66
15,5,2026,2,27,19,3,3,66
15,9,2026,2,27,15,3,13,56
15,14,2026,2,27,13,14,4,66
15,20,2026,2,27,12,23,26,63
15,26,2026,2,27,14,4,22,45
15,31,2026,2,27,12,23,2,66
15,38,2026,2,27,13,9,9,66
15,42,2026,2,27,15,2,26,42
15,48,2026,2,27,19,18,14,46
15,54,2026,2,27,1,25,12,59
16,0,2026,2,27,1,5,0,64
16,5,2026,2,27,19,5,7,62
16,9,2026,2,27,15,6,12,56
16,14,2026,2,27,13,6,14,48
16,20,2026,2,27,12,12,20,40
16,26,2026,2,27,14,3,21,22
16,31,2026,2,27,12,17,2,37
16,38,2026,2,27,13,6,6,37
16,42,2026,2,27,15,6,8,35
16,48,2026,2,27,19,4,8,31
16,54,2026,2,27,1,5,16,20
17,0,2026,2,27,1,5,0,25
17,5,2026,2,27,19,6,0,31
17,9,2026,2,27,15,2,2,31
17,14,2026,2,27,13,6,2,35
17,20,2026,2,27,12,20,23,32
17,26,2026,2,27,14,5,9,28
17,31,2026,2,27,12,21,4,45
17,38,2026,2,27,13,5,15,35
17,42,2026,2,27,15,5,22,18
17,48,2026,2,27,19,6,5,19
17,54,2026,2,27,1,3,5,17
18,0,2026,2,27,1,6,0,23
18,5,2026,2,27,19,6,2,27
18,9,2026,2,27,15,3,4,26
18,14,2026,2,27,13,2,1,27
18,20,2026,2,27,12,11,21,17
18,26,2026,2,27,14,3,7,13
18,31,2026,2,27,12,30,2,41
18,38,2026,2,27,13,5,6,40
18,42,2026,2,27,15,2,11,31
18,48,2026,2,27,19,4,13,22
18,54,2026,2,27,1,4,7,19
19,0,2026,2,27,1,2,0,21
19,5,2026,2,27,19,6,0,27
19,9,2026,2,27,15,3,2,28
19,14,2026,2,27,13,2,2,28
19,20,2026,2,27,12,22,17,33
19,26,2026,2,27,14,5,9,29
19,31,2026,2,27,12,18,3,44
19,38,2026,2,27,13,4,8,40
19,42,2026,2,27,15,4,13,31
19,48,2026,2,27,19,2,14,19
19,54,2026,2,27,1,2,10,11
20,0,2026,2,27,1,4,0,15
20,5,2026,2,27,19,2,0,17
20,9,2026,2,27,15,3,0,20
20,14,2026,2,27,13,3,1,22
20,20,2026,2,27,12,16,16,22
20,26,2026,2,27,14,5,9,18
20,31,2026,2,27,12,35,5,48
20,38,2026,2,27,13,2,11,39
20,42,2026,2,27,15,2,11,30
20,48,2026,2,27,19,2,7,25
20,54,2026,2,27,1,6,11,20
21,0,2026,2,27,1,2,0,22
21,5,2026,2,27,19,6,2,26
21,9,2026,2,27,15,3,1,28
21,14,2026,2,27,13,5,2,31
21,20,2026,2,27,12,33,18,46
21,26,2026,2,27,14,5,16,35
21,31,2026,2,27,12,30,2,63
21,38,2026,2,27,13,3,11,55
21,42,2026,2,27,15,6,18,43
21,48,2026,2,27,19,2,11,34
21,54,2026,2,27,1,6,17,23
22,0,2026,2,27,1,2,0,25
22,5,2026,2,27,19,5,1,29
22,9,2026,2,27,15,6,0,35
22,14,2026,2,27,13,2,3,34
22,20,2026,2,27,12,36,20,50
22,26,2026,2,27,14,3,15,38
22,31,2026,2,27,12,9,3,44
22,38,2026,2,27,13,5,9,40
22,42,2026,2,27,15,4,12,32
22,48,2026,2,27,19,5,9,28
22,54,2026,2,27,1,2,14,16
23,0,2026,2,27,1,4,0,20
23,5,2026,2,27,19,3,0,23
23,9,2026,2,27,15,5,0,28
23,14,2026,2,27,13,2,1,29
23,20,2026,2,27,12,9,19,19
23,26,2026,2,27,14,5,8,16
23,31,2026,2,27,12,12,3,25
23,38,2026,2,27,13,3,5,23
23,42,2026,2,27,15,3,6,20
23,48,2026,2,27,19,6,11,15
23,54,2026,2,27,1,0,15,0
6,0,2026,2,28,1,5,0,5
6,5,2026,2,28,19,5,0,10
6,9,2026,2,28,15,21,1,30
6,14,2026,2,28,13,4,5,29
6,20,2026,2,28,12,13,18,24
6,26,2026,2,28,14,14,9,29
6,31,2026,2,28,12,22,7,44
6,38,2026,2,28,13,6,10,40
6,42,2026,2,28,15,12,12,40
6,48,2026,2,28,19,5,13,32
6,54,2026,2,28,1,3,14,21
7,0,2026,2,28,1,2,0,23
7,5,2026,2,28,19,5,1,27
7,9,2026,2,28,15,13,0,40
7,14,2026,2,28,13,3,15,28
7,20,2026,2,28,12,16,16,28
7,26,2026,2,28,14,9,4,33
7,31,2026,2,28,12,22,0,55
7,38,2026,2,28,13,1,14,42
7,42,2026,2,28,15,20,1,61
7,48,2026,2,28,19,5,24,42
7,54,2026,2,28,1,4,23,23
8,0,2026,2,28,1,4,0,27
8,5,2026,2,28,19,2,1,28
8,9,2026,2,28,15,19,1,46
8,14,2026,2,28,13,2,25,23
8,20,2026,2,28,12,23,14,32
8,26,2026,2,28,14,21,1,52
8,31,2026,2,28,12,19,5,66
8,38,2026,2,28,13,2,23,45
8,42,2026,2,28,15,7,2,50
8,48,2026,2,28,19,5,22,33
8,54,2026,2,28,1,1,22,12
9,0,2026,2,28,1,2,0,14
9,5,2026,2,28,19,2,1,15
9,9,2026,2,28,15,6,0,21
9,14,2026,2,28,13,4,6,19
9,20,2026,2,28,12,33,8,44
9,26,2026,2,28,14,2,5,41
9,31,2026,2,28,12,25,0,66
9,38,2026,2,28,13,1,21,46
9,42,2026,2,28,15,5,1,50
9,48,2026,2,28,19,3,23,30
9,54,2026,2,28,1,4,25,9
10,0,2026,2,28,1,2,0,11
10,5,2026,2,28,19,4,1,14
10,9,2026,2,28,15,6,1,19
10,14,2026,2,28,13,6,2,23
10,20,2026,2,28,12,18,18,23
10,26,2026,2,28,14,6,5,24
10,31,2026,2,28,12,36,4,56
10,38,2026,2,28,13,2,4,54
10,42,2026,2,28,15,6,11,49
10,48,2026,2,28,19,4,17,36
10,54,2026,2,28,1,4,14,26
11,0,2026,2,28,1,6,0,32
11,5,2026,2,28,19,3,1,34
11,9,2026,2,28,15,4,0,38
11,14,2026,2,28,13,2,3,37
11,20,2026,2,28,12,14,22,29
11,26,2026,2,28,14,5,16,18
11,31,2026,2,28,12,13,3,28
11,38,2026,2,28,13,6,5,29
11,42,2026,2,28,15,6,10,25
11,48,2026,2,28,19,6,8,23
11,54,2026,2,28,1,6,5,24
12,0,2026,2,28,1,6,0,30
12,5,2026,2,28,19,2,0,32
12,9,2026,2,28,15,5,0,37
12,14,2026,2,28,13,4,4,37
12,20,2026,2,28,12,14,22,29
12,26,2026,2,28,14,5,13,21
12,31,2026,2,28,12,27,4,44
12,38,2026,2,28,13,2,6,40
12,42,2026,2,28,15,4,12,32
12,48,2026,2,28,19,4,9,27
12,54,2026,2,28,1,4,13,18
13,0,2026,2,28,1,26,0,44
13,5,2026,2,28,19,25,3,66
13,9,2026,2,28,15,4,9,61
13,14,2026,2,28,13,13,8,66
13,20,2026,2,28,12,15,25,56
13,26,2026,2,28,14,5,21,40
13,31,2026,2,28,12,31,5,66
13,38,2026,2,28,13,8,8,66
13,42,2026,2,28,15,2,18,50
13,48,2026,2,28,19,28,12,66
13,54,2026,2,28,1,21,21,66
14,0,2026,2,28,1,27,0,93
14,5,2026,2,28,19,29,8,114
14,9,2026,2,28,15,5,31,88
14,14,2026,2,28,13,4,26,66
14,20,2026,2,28,12,14,30,50
14,26,2026,2,28,14,6,22,34
14,31,2026,2,28,12,18,3,49
14,38,2026,2,28,13,23,6,66
14,42,2026,2,28,15,5,15,56
14,48,2026,2,28,19,20,10,66
14,54,2026,2,28,1,10,18,58
15,0,2026,2,28,1,8,0,66
15,5,2026,2,28,19,2,2,66
15,9,2026,2,28,15,3,9,60
15,14,2026,2,28,13,11,5,66
15,20,2026,2,28,12,24,32,58
15,26,2026,2,28,14,2,20,40
15,31,2026,2,28,12,17,2,55
15,38,2026,2,28,13,18,7,66
15,42,2026,2,28,15,2,19,49
15,48,2026,2,28,19,10,18,41
15,54,2026,2,28,1,13,17,37
16,0,2026,2,28,1,5,0,42
16,5,2026,2,28,19,3,4,41
16,9,2026,2,28,15,6,3,44
16,14,2026,2,28,13,6,8,42
16,20,2026,2,28,12,26,23,45
16,26,2026,2,28,14,3,16,32
16,31,2026,2,28,12,24,1,55
16,38,2026,2,28,13,2,14,43
16,42,2026,2,28,15,6,13,36
16,48,2026,2,28,19,2,11,27
16,54,2026,2,28,1,3,18,12
17,0,2026,2,28,1,2,0,14
17,5,2026,2,28,19,4,1,17
17,9,2026,2,28,15,4,1,20
17,14,2026,2,28,13,3,0,23
17,20,2026,2,28,12,32,19,36
17,26,2026,2,28,14,4,10,30
17,31,2026,2,28,12,17,4,43
17,38,2026,2,28,13,5,9,39
17,42,2026,2,28,15,5,14,30
17,48,2026,2,28,19,5,13,22
17,54,2026,2,28,1,6,8,20
18,0,2026,2,28,1,3,0,23
18,5,2026,2,28,19,2,1,24
18,9,2026,2,28,15,2,1,25
18,14,2026,2,28,13,6,0,31
18,20,2026,2,28,12,19,22,28
18,26,2026,2,28,14,3,11,20
18,31,2026,2,28,12,25,2,43
18,38,2026,2,28,13,5,6,42
18,42,2026,2,28,15,2,10,34
18,48,2026,2,28,19,4,9,29
18,54,2026,2,28,1,3,19,13
19,0,2026,2,28,1,6,0,19
19,5,2026,2,28,19,4,1,22
19,9,2026,2,28,15,6,2,26
19,14,2026,2,28,13,2,3,25
19,20,2026,2,28,12,18,17,26
19,26,2026,2,28,14,3,8,21
19,31,2026,2,28,12,22,2,41
19,38,2026,2,28,13,5,13,33
19,42,2026,2,28,15,3,12,24
19,48,2026,2,28,19,5,4,25
19,54,2026,2,28,1,5,9,21
20,0,2026,2,28,1,2,0,23
20,5,2026,2,28,19,6,1,28
20,9,2026,2,28,15,5,5,28
20,14,2026,2,28,13,2,1,29
20,20,2026,2,28,12,20,19,30
20,26,2026,2,28,14,4,11,23
20,31,2026,2,28,12,34,2,55
20,38,2026,2,28,13,4,13,46
20,42,2026,2,28,15,3,12,37
20,48,2026,2,28,19,6,17,26
20,54,2026,2,28,1,6,8,24
21,0,2026,2,28,1,2,0,26
21,5,2026,2,28,19,5,0,31
21,9,2026,2,28,15,6,4,33
21,14,2026,2,28,13,2,2,33
21,20,2026,2,28,12,14,20,27
21,26,2026,2,28,14,3,11,19
21,31,2026,2,28,12,35,0,54
21,38,2026,2,28,13,5,9,50
21,42,2026,2,28,15,6,8,48
21,48,2026,2,28,19,5,19,34
21,54,2026,2,28,1,4,13,25
22,0,2026,2,28,1,4,0,29
22,5,2026,2,28,19,2,0,31
22,9,2026,2,28,15,2,4,29
22,14,2026,2,28,13,5,1,33
22,20,2026,2,28,12,11,20,24
22,26,2026,2,28,14,6,13,17
22,31,2026,2,28,12,17,6,28
22,38,2026,2,28,13,4,5,27
22,42,2026,2,28,15,3,7,23
22,48,2026,2,28,19,4,4,23
22,54,2026,2,28,1,6,9,20
23,0,2026,2,28,1,2,0,22
23,5,2026,2,28,19,2,1,23
23,9,2026,2,28,15,3,0,26
23,14,2026,2,28,13,6,4,28
23,20,2026,2,28,12,14,23,19
23,26,2026,2,28,14,3,7,15
23,31,2026,2,28,12,26,0,41
23,38,2026,2,28,13,4,10,35
23,42,2026,2,28,15,6,10,31
23,48,2026,2,28,19,6,15,22
23,54,2026,2,28,1,0,22,0
6,0,2026,3,1,1,2,0,2
6,5,2026,3,1,19,3,1,4
6,9,2026,3,1,15,8,0,12
6,14,2026,3,1,13,6,2,16
6,20,2026,3,1,12,36,13,39
6,26,2026,3,1,14,8,14,33
6,31,2026,3,1,12,9,7,35
6,38,2026,3,1,13,5,5,35
6,42,2026,3,1,15,15,11,39
6,48,2026,3,1,19,2,14,27
6,54,2026,3,1,1,5,13,19
7,0,2026,3,1,1,3,0,22
7,5,2026,3,1,19,1,3,20
7,9,2026,3,1,15,12,0,32
7,14,2026,3,1,13,1,10,23
7,20,2026,3,1,12,19,15,27
7,26,2026,3,1,14,5,2,30
7,31,2026,3,1,12,22,0,52
7,38,2026,3,1,13,1,13,40
7,42,2026,3,1,15,8,2,46
7,48,2026,3,1,19,2,21,27
7,54,2026,3,1,1,3,20,10
8,0,2026,3,1,1,2,0,12
8,5,2026,3,1,19,1,1,12
8,9,2026,3,1,15,17,1,28
8,14,2026,3,1,13,2,11,19
8,20,2026,3,1,12,28,5,42
8,26,2026,3,1,14,20,2,60
8,31,2026,3,1,12,11,5,66
8,38,2026,3,1,13,4,22,48
8,42,2026,3,1,15,19,1,66
8,48,2026,3,1,19,4,21,49
8,54,2026,3,1,1,2,21,30
9,0,2026,3,1,1,4,0,34
9,5,2026,3,1,19,1,1,34
9,9,2026,3,1,15,4,0,38
9,14,2026,3,1,13,4,17,25
9,20,2026,3,1,12,33,15,43
9,26,2026,3,1,14,3,3,43
9,31,2026,3,1,12,14,0,57
9,38,2026,3,1,13,4,17,44
9,42,2026,3,1,15,5,1,48
9,48,2026,3,1,19,5,20,33
9,54,2026,3,1,1,3,21,15
10,0,2026,3,1,1,6,0,21
10,5,2026,3,1,19,5,0,26
10,9,2026,3,1,15,5,1,30
10,14,2026,3,1,13,6,5,31
10,20,2026,3,1,12,24,23,32
10,26,2026,3,1,14,2,14,20
10,31,2026,3,1,12,17,1,36
10,38,2026,3,1,13,4,4,36
10,42,2026,3,1,15,6,12,30
10,48,2026,3,1,19,4,9,25
10,54,2026,3,1,1,4,11,18
11,0,2026,3,1,1,4,0,22
11,5,2026,3,1,19,4,1,25
11,9,2026,3,1,15,6,2,29
11,14,2026,3,1,13,5,2,32
11,20,2026,3,1,12,27,20,39
11,26,2026,3,1,14,3,9,33
11,31,2026,3,1,12,30,2,61
11,38,2026,3,1,13,4,16,49
11,42,2026,3,1,15,6,14,41
11,48,2026,3,1,19,2,13,30
11,54,2026,3,1,1,6,19,17
12,0,2026,3,1,1,6,0,23
12,5,2026,3,1,19,4,3,24
12,9,2026,3,1,15,5,0,29
12,14,2026,3,1,13,5,1,33
12,20,2026,3,1,12,21,21,33
12,26,2026,3,1,14,5,13,25
12,31,2026,3,1,12,11,3,33
12,38,2026,3,1,13,2,7,28
12,42,2026,3,1,15,4,11,21
12,48,2026,3,1,19,6,8,19
12,54,2026,3,1,1,4,9,14
13,0,2026,3,1,1,9,0,23
13,5,2026,3,1,19,19,1,41
13,9,2026,3,1,15,5,4,42
13,14,2026,3,1,13,8,2,48
13,20,2026,3,1,12,13,29,32
13,26,2026,3,1,14,2,12,22
13,31,2026,3,1,12,12,2,32
13,38,2026,3,1,13,28,3,57
13,42,2026,3,1,15,6,8,55
13,48,2026,3,1,19,8,11,52
13,54,2026,3,1,1,28,14,66
14,0,2026,3,1,1,19,0,85
14,5,2026,3,1,19,10,12,83
14,9,2026,3,1,15,3,20,66
14,14,2026,3,1,13,15,15,66
14,20,2026,3,1,12,10,21,55
14,26,2026,3,1,14,4,24,35
14,31,2026,3,1,12,23,3,55
14,38,2026,3,1,13,18,7,66
14,42,2026,3,1,15,3,20,49
14,48,2026,3,1,19,23,11,61
14,54,2026,3,1,1,21,16,66
15,0,2026,3,1,1,19,0,85
15,5,2026,3,1,19,27,10,102
15,9,2026,3,1,15,5,20,87
15,14,2026,3,1,13,32,12,107
15,20,2026,3,1,12,23,36,94
15,26,2026,3,1,14,3,24,73
15,31,2026,3,1,12,25,3,95
15,38,2026,3,1,13,17,16,96
15,42,2026,3,1,15,6,26,76
15,48,2026,3,1,19,7,26,57
15,54,2026,3,1,1,9,21,45
16,0,2026,3,1,1,5,0,50
16,5,2026,3,1,19,2,3,49
16,9,2026,3,1,15,4,4,49
16,14,2026,3,1,13,2,8,43
16,20,2026,3,1,12,11,24,30
16,26,2026,3,1,14,4,17,17
16,31,2026,3,1,12,11,3,25
16,38,2026,3,1,13,4,5,24
16,42,2026,3,1,15,3,8,19
16,48,2026,3,1,19,2,4,17
16,54,2026,3,1,1,3,8,12
17,0,2026,3,1,1,3,0,15
17,5,2026,3,1,19,3,0,18
17,9,2026,3,1,15,3,1,20
17,14,2026,3,1,13,3,1,22
17,20,2026,3,1,12,29,16,35
17,26,2026,3,1,14,2,10,27
17,31,2026,3,1,12,29,1,55
17,38,2026,3,1,13,6,10,51
17,42,2026,3,1,15,4,11,44
17,48,2026,3,1,19,5,16,33
17,54,2026,3,1,1,2,16,19
18,0,2026,3,1,1,4,0,23
18,5,2026,3,1,19,4,0,27
18,9,2026,3,1,15,5,1,31
18,14,2026,3,1,13,5,0,36
18,20,2026,3,1,12,8,20,24
18,26,2026,3,1,14,4,7,21
18,31,2026,3,1,12,24,3,42
18,38,2026,3,1,13,4,8,38
18,42,2026,3,1,15,2,9,31
18,48,2026,3,1,19,4,13,22
18,54,2026,3,1,1,3,13,12
19,0,2026,3,1,1,4,0,16
19,5,2026,3,1,19,6,0,22
19,9,2026,3,1,15,6,1,27
19,14,2026,3,1,13,6,1,32
19,20,2026,3,1,12,15,24,23
19,26,2026,3,1,14,3,7,19
19,31,2026,3,1,12,27,2,44
19,38,2026,3,1,13,3,12,35
19,42,2026,3,1,15,5,4,36
19,48,2026,3,1,19,3,15,24
19,54,2026,3,1,1,2,11,15
20,0,2026,3,1,1,4,0,19
20,5,2026,3,1,19,6,1,24
20,9,2026,3,1,15,3,2,25
20,14,2026,3,1,13,2,1,26
20,20,2026,3,1,12,20,19,27
20,26,2026,3,1,14,3,7,23
20,31,2026,3,1,12,20,1,42
20,38,2026,3,1,13,6,10,38
20,42,2026,3,1,15,5,8,35
20,48,2026,3,1,19,5,11,29
20,54,2026,3,1,1,4,9,24
21,0,2026,3,1,1,5,0,29
21,5,2026,3,1,19,6,2,33
21,9,2026,3,1,15,2,2,33
21,14,2026,3,1,13,3,3,33
21,20,2026,3,1,12,12,20,25
21,26,2026,3,1,14,3,12,16
21,31,2026,3,1,12,28,3,41
21,38,2026,3,1,13,6,7,40
21,42,2026,3,1,15,3,10,33
21,48,2026,3,1,19,2,14,21
21,54,2026,3,1,1,3,9,15
22,0,2026,3,1,1,3,0,18
22,5,2026,3,1,19,2,1,19
22,9,2026,3,1,15,2,0,21
22,14,2026,3,1,13,5,2,24
22,20,2026,3,1,12,11,14,21
22,26,2026,3,1,14,6,9,18
22,31,2026,3,1,12,12,3,27
22,38,2026,3,1,13,5,3,29
22,42,2026,3,1,15,6,14,21
22,48,2026,3,1,19,2,5,18
22,54,2026,3,1,1,2,10,10
23,0,2026,3,1,1,2,0,12
23,5,2026,3,1,19,5,0,17
23,9,2026,3,1,15,6,1,22
23,14,2026,3,1,13,6,2,26
23,20,2026,3,1,12,31,20,37
23,26,2026,3,1,14,3,10,30
23,31,2026,3,1,12,14,2,42
23,38,2026,3,1,13,6,9,39
23,42,2026,3,1,15,2,18,23
23,48,2026,3,1,19,6,14,15
23,54,2026,3,1,1,0,15,0
6,0,2026,3,2,1,2,0,2
6,5,2026,3,2,19,6,0,8
6,9,2026,3,2,15,16,2,22
6,14,2026,3,2,13,2,0,24
6,20,2026,3,2,12,11,19,16
6,26,2026,3,2,14,7,3,20
6,31,2026,3,2,12,32,3,49
6,38,2026,3,2,13,3,7,45
6,42,2026,3,2,15,8,12,41
6,48,2026,3,2,19,6,13,34
6,54,2026,3,2,1,6,7,33
7,0,2026,3,2,1,2,0,35
7,5,2026,3,2,19,4,5,34
7,9,2026,3,2,15,15,0,49
7,14,2026,3,2,13,3,18,34
7,20,2026,3,2,12,33,12,55
7,26,2026,3,2,14,21,10,66
7,31,2026,3,2,12,1,1,66
7,38,2026,3,2,13,4,19,51
7,42,2026,3,2,15,5,1,55
7,48,2026,3,2,19,2,23,34
7,54,2026,3,2,1,3,23,14
8,0,2026,3,2,1,3,0,17
8,5,2026,3,2,19,1,0,18
8,9,2026,3,2,15,10,0,28
8,14,2026,3,2,13,2,12,18
8,20,2026,3,2,12,9,9,18
8,26,2026,3,2,14,12,2,28
8,31,2026,3,2,12,22,3,47
8,38,2026,3,2,13,4,13,38
8,42,2026,3,2,15,18,2,54
8,48,2026,3,2,19,2,18,38
8,54,2026,3,2,1,1,25,14
9,0,2026,3,2,1,3,0,17
9,5,2026,3,2,19,4,1,20
9,9,2026,3,2,15,2,0,22
9,14,2026,3,2,13,3,11,14
9,20,2026,3,2,12,29,8,35
9,26,2026,3,2,14,5,6,34
9,31,2026,3,2,12,32,0,66
9,38,2026,3,2,13,5,14,57
9,42,2026,3,2,15,5,5,57
9,48,2026,3,2,19,1,29,29
9,54,2026,3,2,1,3,20,12
10,0,2026,3,2,1,2,0,14
10,5,2026,3,2,19,4,0,18
10,9,2026,3,2,15,5,0,23
10,14,2026,3,2,13,6,2,27
10,20,2026,3,2,12,22,20,29
10,26,2026,3,2,14,2,7,24
10,31,2026,3,2,12,8,2,30
10,38,2026,3,2,13,3,2,31
10,42,2026,3,2,15,4,9,26
10,48,2026,3,2,19,3,13,16
10,54,2026,3,2,1,3,7,12
11,0,2026,3,2,1,2,0,14
11,5,2026,3,2,19,6,1,19
11,9,2026,3,2,15,4,1,22
11,14,2026,3,2,13,6,1,27
11,20,2026,3,2,12,11,22,16
11,26,2026,3,2,14,6,4,18
11,31,2026,3,2,12,17,3,32
11,38,2026,3,2,13,5,8,29
11,42,2026,3,2,15,4,9,24
11,48,2026,3,2,19,2,7,19
11,54,2026,3,2,1,5,7,17
12,0,2026,3,2,1,2,0,19
12,5,2026,3,2,19,2,1,20
12,9,2026,3,2,15,3,1,22
12,14,2026,3,2,13,4,2,24
12,20,2026,3,2,12,13,15,22
12,26,2026,3,2,14,3,9,16
12,31,2026,3,2,12,9,2,23
12,38,2026,3,2,13,4,8,19
12,42,2026,3,2,15,3,3,19
12,48,2026,3,2,19,5,6,18
12,54,2026,3,2,1,2,7,13
13,0,2026,3,2,1,23,0,36
13,5,2026,3,2,19,20,0,56
13,9,2026,3,2,15,2,14,44
13,14,2026,3,2,13,19,5,58
13,20,2026,3,2,12,36,30,64
13,26,2026,3,2,14,4,23,45
13,31,2026,3,2,12,17,4,58
13,38,2026,3,2,13,8,8,58
13,42,2026,3,2,15,4,22,40
13,48,2026,3,2,19,23,12,51
13,54,2026,3,2,1,19,12,58
14,0,2026,3,2,1,8,0,66
14,5,2026,3,2,19,4,4,66
14,9,2026,3,2,15,6,8,64
14,14,2026,3,2,13,12,10,66
14,20,2026,3,2,12,24,26,64
14,26,2026,3,2,14,4,22,46
14,31,2026,3,2,12,17,4,59
14,38,2026,3,2,13,13,6,66
14,42,2026,3,2,15,5,16,55
14,48,2026,3,2,19,12,17,50
14,54,2026,3,2,1,32,21,61
15,0,2026,3,2,1,5,0,66
15,5,2026,3,2,19,4,4,66
15,9,2026,3,2,15,3,7,62
15,14,2026,3,2,13,10,6,66
15,20,2026,3,2,12,8,35,39
15,26,2026,3,2,14,2,22,19
15,31,2026,3,2,12,19,2,36
15,38,2026,3,2,13,19,3,52
15,42,2026,3,2,15,2,11,43
15,48,2026,3,2,19,27,5,65
15,54,2026,3,2,1,20,19,66
16,0,2026,3,2,1,2,0,68
16,5,2026,3,2,19,4,6,66
16,9,2026,3,2,15,5,9,62
16,14,2026,3,2,13,6,9,59
16,20,2026,3,2,12,34,33,60
16,26,2026,3,2,14,6,22,44
16,31,2026,3,2,12,15,1,58
16,38,2026,3,2,13,2,12,48
16,42,2026,3,2,15,6,14,40
16,48,2026,3,2,19,2,12,30
16,54,2026,3,2,1,3,18,15
17,0,2026,3,2,1,4,0,19
17,5,2026,3,2,19,6,0,25
17,9,2026,3,2,15,3,0,28
17,14,2026,3,2,13,3,0,31
17,20,2026,3,2,12,29,21,39
17,26,2026,3,2,14,4,14,29
17,31,2026,3,2,12,29,4,54
17,38,2026,3,2,13,3,12,45
17,42,2026,3,2,15,5,12,38
17,48,2026,3,2,19,3,15,26
17,54,2026,3,2,1,6,10,22
18,0,2026,3,2,1,6,0,28
18,5,2026,3,2,19,4,1,31
18,9,2026,3,2,15,6,0,37
18,14,2026,3,2,13,5,2,40
18,20,2026,3,2,12,30,24,46
18,26,2026,3,2,14,5,20,31
18,31,2026,3,2,12,16,3,44
18,38,2026,3,2,13,6,9,41
18,42,2026,3,2,15,3,11,33
18,48,2026,3,2,19,4,15,22
18,54,2026,3,2,1,6,10,18
19,0,2026,3,2,1,3,0,21
19,5,2026,3,2,19,4,1,24
19,9,2026,3,2,15,6,0,30
19,14,2026,3,2,13,6,3,33
19,20,2026,3,2,12,17,20,30
19,26,2026,3,2,14,6,11,25
19,31,2026,3,2,12,14,4,35
19,38,2026,3,2,13,2,6,31
19,42,2026,3,2,15,6,8,29
19,48,2026,3,2,19,3,8,24
19,54,2026,3,2,1,2,13,13
20,0,2026,3,2,1,5,0,18
20,5,2026,3,2,19,6,0,24
20,9,2026,3,2,15,5,2,27
20,14,2026,3,2,13,6,1,32
20,20,2026,3,2,12,16,19,29
20,26,2026,3,2,14,6,6,29
20,31,2026,3,2,12,21,3,47
20,38,2026,3,2,13,3,10,40
20,42,2026,3,2,15,6,12,34
20,48,2026,3,2,19,5,12,27
20,54,2026,3,2,1,3,12,18
21,0,2026,3,2,1,5,0,23
21,5,2026,3,2,19,2,0,25
21,9,2026,3,2,15,5,0,30
21,14,2026,3,2,13,3,3,30
21,20,2026,3,2,12,13,21,22
21,26,2026,3,2,14,4,7,19
21,31,2026,3,2,12,11,3,27
21,38,2026,3,2,13,3,6,24
21,42,2026,3,2,15,3,8,19
21,48,2026,3,2,19,5,8,16
21,54,2026,3,2,1,2,7,11
22,0,2026,3,2,1,3,0,14
22,5,2026,3,2,19,4,0,18
22,9,2026,3,2,15,4,1,21
22,14,2026,3,2,13,5,1,25
22,20,2026,3,2,12,29,22,32
22,26,2026,3,2,14,3,3,32
22,31,2026,3,2,12,18,2,48
22,38,2026,3,2,13,4,5,47
22,42,2026,3,2,15,3,12,38
22,48,2026,3,2,19,5,14,29
22,54,2026,3,2,1,2,15,16
23,0,2026,3,2,1,2,0,18
23,5,2026,3,2,19,6,0,24
23,9,2026,3,2,15,5,1,28
23,14,2026,3,2,13,3,3,28
23,20,2026,3,2,12,12,21,19
23,26,2026,3,2,14,4,9,14
23,31,2026,3,2,12,16,2,28
23,38,2026,3,2,13,5,8,25
23,42,2026,3,2,15,3,4,24
23,48,2026,3,2,19,2,10,16
23,54,2026,3,2,1,0,16,0
6,0,2026,3,3,1,2,0,2
6,5,2026,3,3,19,2,0,4
6,9,2026,3,3,15,12,0,16
6,14,2026,3,3,13,4,1,19
6,20,2026,3,3,12,14,16,17
6,26,2026,3,3,14,9,2,24
6,31,2026,3,3,12,34,4,54
6,38,2026,3,3,13,3,7,50
6,42,2026,3,3,15,11,17,44
6,48,2026,3,3,19,4,10,38
6,54,2026,3,3,1,2,10,30
7,0,2026,3,3,1,2,0,32
7,5,2026,3,3,19,5,2,35
7,9,2026,3,3,15,21,2,54
7,14,2026,3,3,13,3,15,42
7,20,2026,3,3,12,16,14,44
7,26,2026,3,3,14,21,13,52
7,31,2026,3,3,12,18,4,66
7,38,2026,3,3,13,2,25,43
7,42,2026,3,3,15,16,2,57
7,48,2026,3,3,19,5,22,40
7,54,2026,3,3,1,1,23,18
8,0,2026,3,3,1,1,0,19
8,5,2026,3,3,19,5,2,22
8,9,2026,3,3,15,22,0,44
8,14,2026,3,3,13,2,12,34
8,20,2026,3,3,12,27,12,49
8,26,2026,3,3,14,13,4,58
8,31,2026,3,3,12,8,0,66
8,38,2026,3,3,13,2,21,47
8,42,2026,3,3,15,15,3,59
8,48,2026,3,3,19,1,22,38
8,54,2026,3,3,1,3,20,21
9,0,2026,3,3,1,4,0,25
9,5,2026,3,3,19,3,1,27
9,9,2026,3,3,15,2,0,29
9,14,2026,3,3,13,4,14,19
9,20,2026,3,3,12,35,13,41
9,26,2026,3,3,14,5,4,42
9,31,2026,3,3,12,19,0,61
9,38,2026,3,3,13,2,22,41
9,42,2026,3,3,15,4,2,43
9,48,2026,3,3,19,2,19,26
9,54,2026,3,3,1,3,20,9
10,0,2026,3,3,1,6,0,15
10,5,2026,3,3,19,3,0,18
10,9,2026,3,3,15,5,1,22
10,14,2026,3,3,13,5,0,27
10,20,2026,3,3,12,36,20,43
10,26,2026,3,3,14,6,11,38
10,31,2026,3,3,12,9,2,45
10,38,2026,3,3,13,4,8,41
10,42,2026,3,3,15,4,6,39
10,48,2026,3,3,19,6,20,25
10,54,2026,3,3,1,4,11,18
11,0,2026,3,3,1,4,0,22
11,5,2026,3,3,19,3,1,24
11,9,2026,3,3,15,3,0,27
11,14,2026,3,3,13,3,6,24
11,20,2026,3,3,12,23,18,29
11,26,2026,3,3,14,4,11,22
11,31,2026,3,3,12,22,4,40
11,38,2026,3,3,13,5,8,37
11,42,2026,3,3,15,6,5,38
11,48,2026,3,3,19,6,12,32
11,54,2026,3,3,1,3,11,24
12,0,2026,3,3,1,2,0,26
12,5,2026,3,3,19,4,0,30
12,9,2026,3,3,15,5,2,33
12,14,2026,3,3,13,4,4,33
12,20,2026,3,3,12,28,20,41
12,26,2026,3,3,14,4,12,33
12,31,2026,3,3,12,34,2,65
12,38,2026,3,3,13,4,10,59
12,42,2026,3,3,15,3,12,50
12,48,2026,3,3,19,2,15,37
12,54,2026,3,3,1,5,21,21
13,0,2026,3,3,1,7,0,28
13,5,2026,3,3,19,10,3,35
13,9,2026,3,3,15,5,0,40
13,14,2026,3,3,13,11,0,51
13,20,2026,3,3,12,29,25,55
13,26,2026,3,3,14,5,19,41
13,31,2026,3,3,12,13,3,51
13,38,2026,3,3,13,13,9,55
13,42,2026,3,3,15,4,12,47
13,48,2026,3,3,19,23,14,56
13,54,2026,3,3,1,11,18,49
14,0,2026,3,3,1,9,0,58
14,5,2026,3,3,19,12,4,66
14,9,2026,3,3,15,4,12,58
14,14,2026,3,3,13,11,8,61
14,20,2026,3,3,12,29,29,61
14,26,2026,3,3,14,5,22,44
14,31,2026,3,3,12,8,4,48
14,38,2026,3,3,13,27,9,66
14,42,2026,3,3,15,3,12,57
14,48,2026,3,3,19,26,17,66
14,54,2026,3,3,1,7,17,56
15,0,2026,3,3,1,10,0,66
15,5,2026,3,3,19,3,3,66
15,9,2026,3,3,15,2,6,62
15,14,2026,3,3,13,7,9,60
15,20,2026,3,3,12,25,36,49
15,26,2026,3,3,14,4,21,32
15,31,2026,3,3,12,31,2,61
15,38,2026,3,3,13,11,6,66
15,42,2026,3,3,15,3,22,47
15,48,2026,3,3,19,24,13,58
15,54,2026,3,3,1,10,12,56
16,0,2026,3,3,1,4,0,60
16,5,2026,3,3,19,4,0,64
16,9,2026,3,3,15,3,7,60
16,14,2026,3,3,13,5,5,60
16,20,2026,3,3,12,11,28,43
16,26,2026,3,3,14,3,22,24
16,31,2026,3,3,12,12,1,35
16,38,2026,3,3,13,4,3,36
16,42,2026,3,3,15,3,9,30
16,48,2026,3,3,19,3,12,21
16,54,2026,3,3,1,6,9,18
17,0,2026,3,3,1,4,0,22
17,5,2026,3,3,19,6,1,27
17,9,2026,3,3,15,3,3,27
17,14,2026,3,3,13,4,1,30
17,20,2026,3,3,12,22,20,32
17,26,2026,3,3,14,5,12,25
17,31,2026,3,3,12,15,4,36
17,38,2026,3,3,13,6,8,34
17,42,2026,3,3,15,4,4,34
17,48,2026,3,3,19,6,7,33
17,54,2026,3,3,1,5,16,22
18,0,2026,3,3,1,2,0,24
18,5,2026,3,3,19,6,1,29
18,9,2026,3,3,15,6,4,31
18,14,2026,3,3,13,2,4,29
18,20,2026,3,3,12,21,16,34
18,26,2026,3,3,14,2,12,24
18,31,2026,3,3,12,27,2,49
18,38,2026,3,3,13,4,10,43
18,42,2026,3,3,15,4,13,34
18,48,2026,3,3,19,3,15,22
18,54,2026,3,3,1,4,8,18
19,0,2026,3,3,1,6,0,24
19,5,2026,3,3,19,2,1,25
19,9,2026,3,3,15,5,1,29
19,14,2026,3,3,13,4,2,31
19,20,2026,3,3,12,14,14,31
19,26,2026,3,3,14,4,17,18
19,31,2026,3,3,12,24,2,40
19,38,2026,3,3,13,3,6,37
19,42,2026,3,3,15,3,9,31
19,48,2026,3,3,19,6,12,25
19,54,2026,3,3,1,5,10,20
20,0,2026,3,3,1,4,0,24
20,5,2026,3,3,19,3,0,27
20,9,2026,3,3,15,5,1,31
20,14,2026,3,3,13,6,2,35
20,20,2026,3,3,12,15,22,28
20,26,2026,3,3,14,3,9,22
20,31,2026,3,3,12,23,3,42
20,38,2026,3,3,13,5,6,41
20,42,2026,3,3,15,2,13,30
20,48,2026,3,3,19,2,11,21
20,54,2026,3,3,1,2,12,11
21,0,2026,3,3,1,5,0,16
21,5,2026,3,3,19,4,0,20
21,9,2026,3,3,15,5,2,23
21,14,2026,3,3,13,6,4,25
21,20,2026,3,3,12,27,20,32
21,26,2026,3,3,14,2,9,25
21,31,2026,3,3,12,17,1,41
21,38,2026,3,3,13,4,14,31
21,42,2026,3,3,15,5,9,27
21,48,2026,3,3,19,4,6,25
21,54,2026,3,3,1,5,13,17
22,0,2026,3,3,1,2,0,19
22,5,2026,3,3,19,3,1,21
22,9,2026,3,3,15,4,4,21
22,14,2026,3,3,13,5,1,25
22,20,2026,3,3,12,8,16,17
22,26,2026,3,3,14,2,6,13
22,31,2026,3,3,12,16,2,27
22,38,2026,3,3,13,5,6,26
22,42,2026,3,3,15,2,5,23
22,48,2026,3,3,19,5,5,23
22,54,2026,3,3,1,6,9,20
23,0,2026,3,3,1,2,0,22
23,5,2026,3,3,19,3,0,25
23,9,2026,3,3,15,6,1,30
23,14,2026,3,3,13,5,1,34
23,20,2026,3,3,12,34,20,48
23,26,2026,3,3,14,5,15,38
23,31,2026,3,3,12,29,1,66
23,38,2026,3,3,13,2,12,56
23,42,2026,3,3,15,4,18,42
23,48,2026,3,3,19,0,22,20
23,54,2026,3,3,1,0,20,0
6,0,2026,3,4,1,4,0,4
6,5,2026,3,4,19,6,0,10
6,9,2026,3,4,15,22,1,31
6,14,2026,3,4,13,4,4,31
6,20,2026,3,4,12,33,20,44
6,26,2026,3,4,14,21,10,55
6,31,2026,3,4,12,15,12,58
6,38,2026,3,4,13,5,13,50
6,42,2026,3,4,15,17,14,53
6,48,2026,3,4,19,5,21,37
6,54,2026,3,4,1,3,12,28
7,0,2026,3,4,1,2,0,30
7,5,2026,3,4,19,3,2,31
7,9,2026,3,4,15,11,2,40
7,14,2026,3,4,13,5,16,29
7,20,2026,3,4,12,17,13,33
7,26,2026,3,4,14,15,6,42
7,31,2026,3,4,12,19,1,60
7,38,2026,3,4,13,3,18,45
7,42,2026,3,4,15,17,1,61
7,48,2026,3,4,19,4,21,44
7,54,2026,3,4,1,4,20,28
8,0,2026,3,4,1,3,0,31
8,5,2026,3,4,19,3,5,29
8,9,2026,3,4,15,19,0,48
8,14,2026,3,4,13,4,22,30
8,20,2026,3,4,12,15,18,27
8,26,2026,3,4,14,21,1,47
8,31,2026,3,4,12,21,2,66
8,38,2026,3,4,13,4,22,48
8,42,2026,3,4,15,5,2,51
8,48,2026,3,4,19,3,23,31
8,54,2026,3,4,1,3,20,14
9,0,2026,3,4,1,1,0,15
9,5,2026,3,4,19,5,0,20
9,9,2026,3,4,15,2,1,21
9,14,2026,3,4,13,1,9,13
9,20,2026,3,4,12,29,11,31
9,26,2026,3,4,14,3,0,34
9,31,2026,3,4,12,31,0,65
9,38,2026,3,4,13,2,23,44
9,42,2026,3,4,15,2,2,44
9,48,2026,3,4,19,5,18,31
9,54,2026,3,4,1,1,23,9
10,0,2026,3,4,1,2,0,11
10,5,2026,3,4,19,5,0,16
10,9,2026,3,4,15,6,2,20
10,14,2026,3,4,13,3,3,20
10,20,2026,3,4,12,10,15,15
10,26,2026,3,4,14,2,6,11
10,31,2026,3,4,12,12,1,22
10,38,2026,3,4,13,6,5,23
10,42,2026,3,4,15,4,3,24
10,48,2026,3,4,19,5,6,23
10,54,2026,3,4,1,2,8,17
11,0,2026,3,4,1,6,0,23
11,5,2026,3,4,19,2,0,25
11,9,2026,3,4,15,5,0,30
11,14,2026,3,4,13,5,2,33
11,20,2026,3,4,12,11,20,24
11,26,2026,3,4,14,5,11,18
11,31,2026,3,4,12,30,3,45
11,38,2026,3,4,13,3,10,38
11,42,2026,3,4,15,2,6,34
11,48,2026,3,4,19,3,14,23
11,54,2026,3,4,1,5,11,17
12,0,2026,3,4,1,3,0,20
12,5,2026,3,4,19,6,3,23
12,9,2026,3,4,15,6,1,28
12,14,2026,3,4,13,3,1,30
12,20,2026,3,4,12,23,21,32
12,26,2026,3,4,14,2,13,21
12,31,2026,3,4,12,31,1,51
12,38,2026,3,4,13,5,8,48
12,42,2026,3,4,15,3,13,38
12,48,2026,3,4,19,4,18,24
12,54,2026,3,4,1,2,15,11
13,0,2026,3,4,1,10,0,21
13,5,2026,3,4,19,12,0,33
13,9,2026,3,4,15,3,4,32
13,14,2026,3,4,13,12,3,41
13,20,2026,3,4,12,27,20,48
13,26,2026,3,4,14,5,20,33
13,31,2026,3,4,12,25,4,54
13,38,2026,3,4,13,8,7,55
13,42,2026,3,4,15,4,15,44
13,48,2026,3,4,19,25,19,50
13,54,2026,3,4,1,13,11,52
14,0,2026,3,4,1,14,0,66
14,5,2026,3,4,19,4,4,66
14,9,2026,3,4,15,5,12,59
14,14,2026,3,4,13,16,9,66
14,20,2026,3,4,12,26,26,66
14,26,2026,3,4,14,6,20,52
14,31,2026,3,4,12,18,4,66
14,38,2026,3,4,13,10,10,66
14,42,2026,3,4,15,3,24,45
14,48,2026,3,4,19,14,15,44
14,54,2026,3,4,1,19,17,46
15,0,2026,3,4,1,20,0,66
15,5,2026,3,4,19,6,6,66
15,9,2026,3,4,15,2,12,56
15,14,2026,3,4,13,19,9,66
15,20,2026,3,4,12,15,31,50
15,26,2026,3,4,14,6,24,32
15,31,2026,3,4,12,21,3,50
15,38,2026,3,4,13,22,6,66
15,42,2026,3,4,15,4,16,54
15,48,2026,3,4,19,26,14,66
15,54,2026,3,4,1,9,11,64
16,0,2026,3,4,1,2,0,66
16,5,2026,3,4,19,2,2,66
16,9,2026,3,4,15,3,3,66
16,14,2026,3,4,13,6,10,62
16,20,2026,3,4,12,10,37,35
16,26,2026,3,4,14,6,21,20
16,31,2026,3,4,12,30,3,47
16,38,2026,3,4,13,5,7,45
16,42,2026,3,4,15,5,11,39
16,48,2026,3,4,19,3,18,24
16,54,2026,3,4,1,5,10,19
17,0,2026,3,4,1,2,0,21
17,5,2026,3,4,19,4,0,25
17,9,2026,3,4,15,2,3,24
17,14,2026,3,4,13,6,2,28
17,20,2026,3,4,12,11,14,25
17,26,2026,3,4,14,2,13,14
17,31,2026,3,4,12,14,1,27
17,38,2026,3,4,13,6,5,28
17,42,2026,3,4,15,3,7,24
17,48,2026,3,4,19,3,9,18
17,54,2026,3,4,1,3,9,12
18,0,2026,3,4,1,4,0,16
18,5,2026,3,4,19,2,1,17
18,9,2026,3,4,15,6,2,21
18,14,2026,3,4,13,4,3,22
18,20,2026,3,4,12,36,17,41
18,26,2026,3,4,14,6,13,34
18,31,2026,3,4,12,29,5,58
18,38,2026,3,4,13,6,13,51
18,42,2026,3,4,15,3,10,44
18,48,2026,3,4,19,2,15,31
18,54,2026,3,4,1,6,18,19
19,0,2026,3,4,1,5,0,24
19,5,2026,3,4,19,4,2,26
19,9,2026,3,4,15,3,4,25
19,14,2026,3,4,13,4,2,27
19,20,2026,3,4,12,8,15,20
19,26,2026,3,4,14,6,12,14
19,31,2026,3,4,12,8,6,16
19,38,2026,3,4,13,5,3,18
19,42,2026,3,4,15,3,5,16
19,48,2026,3,4,19,3,4,15
19,54,2026,3,4,1,5,5,15
20,0,2026,3,4,1,5,0,20
20,5,2026,3,4,19,5,1,24
20,9,2026,3,4,15,3,1,26
20,14,2026,3,4,13,5,2,29
20,20,2026,3,4,12,26,22,33
20,26,2026,3,4,14,4,8,29
20,31,2026,3,4,12,35,3,61
20,38,2026,3,4,13,2,16,47
20,42,2026,3,4,15,4,10,41
20,48,2026,3,4,19,3,15,29
20,54,2026,3,4,1,3,15,17
21,0,2026,3,4,1,3,0,20
21,5,2026,3,4,19,3,0,23
21,9,2026,3,4,15,3,0,26
21,14,2026,3,4,13,5,0,31
21,20,2026,3,4,12,17,21,27
21,26,2026,3,4,14,6,10,23
21,31,2026,3,4,12,19,3,39
21,38,2026,3,4,13,3,11,31
21,42,2026,3,4,15,6,9,28
21,48,2026,3,4,19,3,10,21
21,54,2026,3,4,1,4,6,19
22,0,2026,3,4,1,6,0,25
22,5,2026,3,4,19,3,0,28
22,9,2026,3,4,15,6,3,31
22,14,2026,3,4,13,5,4,32
22,20,2026,3,4,12,34,19,47
22,26,2026,3,4,14,3,15,35
22,31,2026,3,4,12,25,3,57
22,38,2026,3,4,13,6,11,52
22,42,2026,3,4,15,4,13,43
22,48,2026,3,4,19,2,11,34
22,54,2026,3,4,1,2,19,17
23,0,2026,3,4,1,3,0,20
23,5,2026,3,4,19,3,0,23
23,9,2026,3,4,15,6,1,28
23,14,2026,3,4,13,6,1,33
23,20,2026,3,4,12,32,21,44
23,26,2026,3,4,14,3,17,30
23,31,2026,3,4,12,33,2,61
23,38,2026,3,4,13,5,11,55
23,42,2026,3,4,15,4,18,41
23,48,2026,3,4,19,0,20,21
23,54,2026,3,4,1,0,21,0
6,0,2026,3,5,1,6,0,6
6,5,2026,3,5,19,5,1,10
6,9,2026,3,5,15,15,1,24
6,14,2026,3,5,13,2,0,26
6,20,2026,3,5,12,26,20,32
6,26,2026,3,5,14,6,7,31
6,31,2026,3,5,12,31,3,59
6,38,2026,3,5,13,3,10,52
6,42,2026,3,5,15,22,12,62
6,48,2026,3,5,19,4,15,51
6,54,2026,3,5,1,3,19,35
7,0,2026,3,5,1,4,0,39
7,5,2026,3,5,19,5,4,40
7,9,2026,3,5,15,11,0,51
7,14,2026,3,5,13,5,21,35
7,20,2026,3,5,12,14,14,35
7,26,2026,3,5,14,10,7,38
7,31,2026,3,5,12,19,4,53
7,38,2026,3,5,13,5,9,49
7,42,2026,3,5,15,7,1,55
7,48,2026,3,5,19,5,23,37
7,54,2026,3,5,1,3,20,20
8,0,2026,3,5,1,2,0,22
8,5,2026,3,5,19,5,1,26
8,9,2026,3,5,15,21,0,47
8,14,2026,3,5,13,5,12,40
8,20,2026,3,5,12,12,20,32
8,26,2026,3,5,14,8,3,37
8,31,2026,3,5,12,30,1,66
8,38,2026,3,5,13,5,11,60
8,42,2026,3,5,15,6,2,64
8,48,2026,3,5,19,4,28,40
8,54,2026,3,5,1,4,25,19
9,0,2026,3,5,1,4,0,23
9,5,2026,3,5,19,3,2,24
9,9,2026,3,5,15,4,0,28
9,14,2026,3,5,13,3,9,22
9,20,2026,3,5,12,14,12,24
9,26,2026,3,5,14,3,3,24
9,31,2026,3,5,12,31,1,54
9,38,2026,3,5,13,5,17,42
9,42,2026,3,5,15,5,1,46
9,48,2026,3,5,19,5,20,31
9,54,2026,3,5,1,4,22,13
10,0,2026,3,5,1,4,0,17
10,5,2026,3,5,19,2,1,18
10,9,2026,3,5,15,5,1,22
10,14,2026,3,5,13,5,2,25
10,20,2026,3,5,12,21,15,31
10,26,2026,3,5,14,2,8,25
10,31,2026,3,5,12,10,1,34
10,38,2026,3,5,13,3,6,31
10,42,2026,3,5,15,2,8,25
10,48,2026,3,5,19,3,6,22
10,54,2026,3,5,1,5,11,16
11,0,2026,3,5,1,4,0,20
11,5,2026,3,5,19,5,1,24
11,9,2026,3,5,15,2,2,24
11,14,2026,3,5,13,4,4,24
11,20,2026,3,5,12,33,16,41
11,26,2026,3,5,14,3,11,33
11,31,2026,3,5,12,27,2,58
11,38,2026,3,5,13,2,13,47
11,42,2026,3,5,15,6,18,35
11,48,2026,3,5,19,4,12,27
11,54,2026,3,5,1,5,14,18
12,0,2026,3,5,1,4,0,22
12,5,2026,3,5,19,3,0,25
12,9,2026,3,5,15,4,1,28
12,14,2026,3,5,13,6,0,34
12,20,2026,3,5,12,12,21,25
12,26,2026,3,5,14,3,9,19
12,31,2026,3,5,12,21,3,37
12,38,2026,3,5,13,2,5,34
12,42,2026,3,5,15,2,12,24
12,48,2026,3,5,19,4,11,17
12,54,2026,3,5,1,3,5,15
13,0,2026,3,5,1,24,0,39
13,5,2026,3,5,19,27,1,65
13,9,2026,3,5,15,4,15,54
13,14,2026,3,5,13,16,4,66
13,20,2026,3,5,12,13,21,58
13,26,2026,3,5,14,6,20,44
13,31,2026,3,5,12,25,3,66
13,38,2026,3,5,13,10,10,66
13,42,2026,3,5,15,2,22,46
13,48,2026,3,5,19,23,9,60
13,54,2026,3,5,1,9,21,48
14,0,2026,3,5,1,18,0,66
14,5,2026,3,5,19,8,8,66
14,9,2026,3,5,15,6,13,59
14,14,2026,3,5,13,13,6,66
14,20,2026,3,5,12,25,25,66
14,26,2026,3,5,14,2,23,45
14,31,2026,3,5,12,11,2,54
14,38,2026,3,5,13,7,8,53
14,42,2026,3,5,15,6,15,44
14,48,2026,3,5,19,15,18,41
14,54,2026,3,5,1,20,15,46
15,0,2026,3,5,1,17,0,63
15,5,2026,3,5,19,12,9,66
15,9,2026,3,5,15,3,21,48
15,14,2026,3,5,13,21,3,66
15,20,2026,3,5,12,21,21,66
15,26,2026,3,5,14,5,20,51
15,31,2026,3,5,12,17,2,66
15,38,2026,3,5,13,7,7,66
15,42,2026,3,5,15,3,24,45
15,48,2026,3,5,19,10,13,42
15,54,2026,3,5,1,30,18,54
16,0,2026,3,5,1,4,0,58
16,5,2026,3,5,19,4,4,58
16,9,2026,3,5,15,5,8,55
16,14,2026,3,5,13,6,8,53
16,20,2026,3,5,12,34,35,52
16,26,2026,3,5,14,2,26,28
16,31,2026,3,5,12,27,1,54
16,38,2026,3,5,13,5,12,47
16,42,2026,3,5,15,3,16,34
16,48,2026,3,5,19,5,12,27
16,54,2026,3,5,1,4,12,19
17,0,2026,3,5,1,3,0,22
17,5,2026,3,5,19,3,0,25
17,9,2026,3,5,15,4,3,26
17,14,2026,3,5,13,3,2,27
17,20,2026,3,5,12,17,21,23
17,26,2026,3,5,14,4,8,19
17,31,2026,3,5,12,21,2,38
17,38,2026,3,5,13,3,9,32
17,42,2026,3,5,15,3,12,23
17,48,2026,3,5,19,2,7,18
17,54,2026,3,5,1,6,8,16
18,0,2026,3,5,1,5,0,21
18,5,2026,3,5,19,2,0,23
18,9,2026,3,5,15,5,2,26
18,14,2026,3,5,13,4,3,27
18,20,2026,3,5,12,10,17,20
18,26,2026,3,5,14,4,10,14
18,31,2026,3,5,12,30,3,41
18,38,2026,3,5,13,2,5,38
18,42,2026,3,5,15,3,8,33
18,48,2026,3,5,19,5,11,27
18,54,2026,3,5,1,4,8,23
19,0,2026,3,5,1,4,0,27
19,5,2026,3,5,19,3,0,30
19,9,2026,3,5,15,4,0,34
19,14,2026,3,5,13,3,1,36
19,20,2026,3,5,12,35,21,50
19,26,2026,3,5,14,5,18,37
19,31,2026,3,5,12,31,2,66
19,38,2026,3,5,13,4,15,55
19,42,2026,3,5,15,5,23,37
19,48,2026,3,5,19,5,10,32
19,54,2026,3,5,1,2,13,21
20,0,2026,3,5,1,5,0,26
20,5,2026,3,5,19,2,0,28
20,9,2026,3,5,15,3,2,29
20,14,2026,3,5,13,2,3,28
20,20,2026,3,5,12,24,16,36
20,26,2026,3,5,14,5,12,29
20,31,2026,3,5,12,32,2,59
20,38,2026,3,5,13,4,13,50
20,42,2026,3,5,15,3,15,38
20,48,2026,3,5,19,2,14,26
20,54,2026,3,5,1,3,7,22
21,0,2026,3,5,1,5,0,27
21,5,2026,3,5,19,5,0,32
21,9,2026,3,5,15,5,2,35
21,14,2026,3,5,13,5,0,40
21,20,2026,3,5,12,15,21,34
21,26,2026,3,5,14,5,16,23
21,31,2026,3,5,12,32,3,52
21,38,2026,3,5,13,5,6,51
21,42,2026,3,5,15,5,14,42
21,48,2026,3,5,19,2,16,28
21,54,2026,3,5,1,5,14,19
22,0,2026,3,5,1,3,0,22
22,5,2026,3,5,19,2,1,23
22,9,2026,3,5,15,2,0,25
22,14,2026,3,5,13,6,2,29
22,20,2026,3,5,12,15,21,23
22,26,2026,3,5,14,4,11,16
22,31,2026,3,5,12,8,1,23
22,38,2026,3,5,13,3,4,22
22,42,2026,3,5,15,5,4,23
22,48,2026,3,5,19,6,4,25
22,54,2026,3,5,1,2,10,17
23,0,2026,3,5,1,6,0,23
23,5,2026,3,5,19,6,1,28
23,9,2026,3,5,15,4,2,30
23,14,2026,3,5,13,6,2,34
23,20,2026,3,5,12,21,20,35
23,26,2026,3,5,14,5,15,25
23,31,2026,3,5,12,23,3,45
23,38,2026,3,5,13,5,12,38
23,42,2026,3,5,15,6,8,36
23,48,2026,3,5,19,4,17,23
23,54,2026,3,5,1,0,23,0
6,0,2026,3,6,1,3,0,3
6,5,2026,3,6,19,2,0,5
6,9,2026,3,6,15,21,0,26
6,14,2026,3,6,13,4,4,26
6,20,2026,3,6,12,16,18,24
6,26,2026,3,6,14,11,8,27
6,31,2026,3,6,12,17,9,35
6,38,2026,3,6,13,5,9,31
6,42,2026,3,6,15,8,6,33
6,48,2026,3,6,19,3,7,29
6,54,2026,3,6,1,6,7,28
7,0,2026,3,6,1,4,0,32
7,5,2026,3,6,19,3,5,30
7,9,2026,3,6,15,15,0,45
7,14,2026,3,6,13,3,19,29
7,20,2026,3,6,12,17,11,35
7,26,2026,3,6,14,17,10,42
7,31,2026,3,6,12,13,2,53
7,38,2026,3,6,13,3,13,43
7,42,2026,3,6,15,16,2,57
7,48,2026,3,6,19,1,24,34
7,54,2026,3,6,1,2,21,15
8,0,2026,3,6,1,2,0,17
8,5,2026,3,6,19,3,0,20
8,9,2026,3,6,15,21,0,41
8,14,2026,3,6,13,3,20,24
8,20,2026,3,6,12,14,13,25
8,26,2026,3,6,14,6,0,31
8,31,2026,3,6,12,30,0,61
8,38,2026,3,6,13,4,16,49
8,42,2026,3,6,15,20,5,64
8,48,2026,3,6,19,2,24,42
8,54,2026,3,6,1,1,23,20
9,0,2026,3,6,1,2,0,22
9,5,2026,3,6,19,3,0,25
9,9,2026,3,6,15,5,0,30
9,14,2026,3,6,13,5,12,23
9,20,2026,3,6,12,27,11,39
9,26,2026,3,6,14,6,4,41
9,31,2026,3,6,12,24,2,63
9,38,2026,3,6,13,3,16,50
9,42,2026,3,6,15,2,6,46
9,48,2026,3,6,19,5,23,28
9,54,2026,3,6,1,2,20,10
10,0,2026,3,6,1,4,0,14
10,5,2026,3,6,19,3,0,17
10,9,2026,3,6,15,2,2,17
10,14,2026,3,6,13,2,2,17
10,20,2026,3,6,12,30,13,34
10,26,2026,3,6,14,6,9,31
10,31,2026,3,6,12,25,3,53
10,38,2026,3,6,13,3,8,48
10,42,2026,3,6,15,4,14,38
10,48,2026,3,6,19,2,13,27
10,54,2026,3,6,1,6,14,19
11,0,2026,3,6,1,2,0,21
11,5,2026,3,6,19,3,0,24
11,9,2026,3,6,15,4,0,28
11,14,2026,3,6,13,4,1,31
11,20,2026,3,6,12,28,19,40
11,26,2026,3,6,14,2,13,29
11,31,2026,3,6,12,36,2,63
11,38,2026,3,6,13,4,16,51
11,42,2026,3,6,15,4,11,44
11,48,2026,3,6,19,4,18,30
11,54,2026,3,6,1,4,12,22
12,0,2026,3,6,1,5,0,27
12,5,2026,3,6,19,6,0,33
12,9,2026,3,6,15,3,1,35
12,14,2026,3,6,13,4,6,33
12,20,2026,3,6,12,23,18,38
12,26,2026,3,6,14,2,14,26
12,31,2026,3,6,12,25,2,49
12,38,2026,3,6,13,5,7,47
12,42,2026,3,6,15,2,12,37
12,48,2026,3,6,19,4,11,30
12,54,2026,3,6,1,5,15,20
13,0,2026,3,6,1,20,0,40
13,5,2026,3,6,19,24,3,61
13,9,2026,3,6,15,6,9,58
13,14,2026,3,6,13,15,7,66
13,20,2026,3,6,12,9,25,50
13,26,2026,3,6,14,3,21,32
13,31,2026,3,6,12,8,3,37
13,38,2026,3,6,13,28,1,64
13,42,2026,3,6,15,6,14,56
13,48,2026,3,6,19,15,6,65
13,54,2026,3,6,1,21,20,66
14,0,2026,3,6,1,22,0,88
14,5,2026,3,6,19,20,10,98
14,9,2026,3,6,15,5,28,75
14,14,2026,3,6,13,12,21,66
14,20,2026,3,6,12,21,21,66
14,26,2026,3,6,14,2,27,41
14,31,2026,3,6,12,10,1,50
14,38,2026,3,6,13,21,5,66
14,42,2026,3,6,15,2,14,54
14,48,2026,3,6,19,22,17,59
14,54,2026,3,6,1,20,14,65
15,0,2026,3,6,1,1,0,66
15,5,2026,3,6,19,8,8,66
15,9,2026,3,6,15,6,9,63
15,14,2026,3,6,13,10,7,66
15,20,2026,3,6,12,29,31,64
15,26,2026,3,6,14,3,21,46
15,31,2026,3,6,12,21,1,66
15,38,2026,3,6,13,11,11,66
15,42,2026,3,6,15,4,24,46
15,48,2026,3,6,19,27,15,58
15,54,2026,3,6,1,10,13,55
16,0,2026,3,6,1,5,0,60
16,5,2026,3,6,19,3,4,59
16,9,2026,3,6,15,3,8,54
16,14,2026,3,6,13,5,10,49
16,20,2026,3,6,12,28,26,51
16,26,2026,3,6,14,4,23,32
16,31,2026,3,6,12,33,4,61
16,38,2026,3,6,13,3,16,48
16,42,2026,3,6,15,5,12,41
16,48,2026,3,6,19,5,12,34
16,54,2026,3,6,1,3,15,22
17,0,2026,3,6,1,6,0,28
17,5,2026,3,6,19,2,3,27
17,9,2026,3,6,15,4,2,29
17,14,2026,3,6,13,6,2,33
17,20,2026,3,6,12,33,19,47
17,26,2026,3,6,14,5,18,34
17,31,2026,3,6,12,22,3,53
17,38,2026,3,6,13,4,11,46
17,42,2026,3,6,15,2,11,37
17,48,2026,3,6,19,4,11,30
17,54,2026,3,6,1,6,13,23
18,0,2026,3,6,1,2,0,25
18,5,2026,3,6,19,4,1,28
18,9,2026,3,6,15,2,1,29
18,14,2026,3,6,13,5,1,33
18,20,2026,3,6,12,36,17,52
18,26,2026,3,6,14,3,25,30
18,31,2026,3,6,12,28,1,57
18,38,2026,3,6,13,4,15,46
18,42,2026,3,6,15,2,9,39
18,48,2026,3,6,19,3,12,30
18,54,2026,3,6,1,5,20,15
19,0,2026,3,6,1,5,0,20
19,5,2026,3,6,19,4,1,23
19,9,2026,3,6,15,6,2,27
19,14,2026,3,6,13,5,1,31
19,20,2026,3,6,12,25,20,36
19,26,2026,3,6,14,2,9,29
19,31,2026,3,6,12,21,2,48
19,38,2026,3,6,13,4,10,42
19,42,2026,3,6,15,2,13,31
19,48,2026,3,6,19,2,6,27
19,54,2026,3,6,1,6,14,19
20,0,2026,3,6,1,4,0,23
20,5,2026,3,6,19,6,1,28
20,9,2026,3,6,15,3,1,30
20,14,2026,3,6,13,6,4,32
20,20,2026,3,6,12,28,21,39
20,26,2026,3,6,14,4,15,28
20,31,2026,3,6,12,20,3,45
20,38,2026,3,6,13,3,9,39
20,42,2026,3,6,15,4,13,30
20,48,2026,3,6,19,2,11,21
20,54,2026,3,6,1,6,10,17
21,0,2026,3,6,1,4,0,21
21,5,2026,3,6,19,6,1,26
21,9,2026,3,6,15,2,0,28
21,14,2026,3,6,13,4,2,30
21,20,2026,3,6,12,17,20,27
21,26,2026,3,6,14,2,12,17
21,31,2026,3,6,12,24,0,41
21,38,2026,3,6,13,4,7,38
21,42,2026,3,6,15,6,8,36
21,48,2026,3,6,19,4,8,32
21,54,2026,3,6,1,2,13,21
22,0,2026,3,6,1,3,0,24
22,5,2026,3,6,19,2,1,25
22,9,2026,3,6,15,4,1,28
22,14,2026,3,6,13,5,3,30
22,20,2026,3,6,12,12,19,23
22,26,2026,3,6,14,3,14,12
22,31,2026,3,6,12,8,2,18
22,38,2026,3,6,13,3,3,18
22,42,2026,3,6,15,2,5,15
22,48,2026,3,6,19,5,4,16
22,54,2026,3,6,1,3,8,11
23,0,2026,3,6,1,2,0,13
23,5,2026,3,6,19,6,0,19
23,9,2026,3,6,15,2,1,20
23,14,2026,3,6,13,3,5,18
23,20,2026,3,6,12,10,14,14
23,26,2026,3,6,14,2,4,12
23,31,2026,3,6,12,20,2,30
23,38,2026,3,6,13,4,7,27
23,42,2026,3,6,15,3,15,15
23,48,2026,3,6,19,3,5,13
23,54,2026,3,6,1,0,13,0
6,0,2026,3,7,1,5,0,5
6,5,2026,3,7,19,6,1,10
6,9,2026,3,7,15,5,0,15
6,14,2026,3,7,13,6,1,20
6,20,2026,3,7,12,14,14,20
6,26,2026,3,7,14,12,3,29
6,31,2026,3,7,12,10,6,33
6,38,2026,3,7,13,2,9,26
6,42,2026,3,7,15,9,11,24
6,48,2026,3,7,19,6,6,24
6,54,2026,3,7,1,3,9,18
7,0,2026,3,7,1,1,0,19
7,5,2026,3,7,19,5,1,23
7,9,2026,3,7,15,11,1,33
7,14,2026,3,7,13,2,10,25
7,20,2026,3,7,12,36,13,48
7,26,2026,3,7,14,7,7,48
7,31,2026,3,7,12,19,1,66
7,38,2026,3,7,13,4,24,46
7,42,2026,3,7,15,11,2,55
7,48,2026,3,7,19,5,21,39
7,54,2026,3,7,1,4,20,23
8,0,2026,3,7,1,3,0,26
8,5,2026,3,7,19,1,0,27
8,9,2026,3,7,15,6,1,32
8,14,2026,3,7,13,1,14,19
8,20,2026,3,7,12,16,12,23
8,26,2026,3,7,14,8,2,29
8,31,2026,3,7,12,11,1,39
8,38,2026,3,7,13,4,13,30
8,42,2026,3,7,15,13,3,40
8,48,2026,3,7,19,2,18,24
8,54,2026,3,7,1,4,12,16
9,0,2026,3,7,1,3,0,19
9,5,2026,3,7,19,5,2,22
9,9,2026,3,7,15,2,3,21
9,14,2026,3,7,13,3,11,13
9,20,2026,3,7,12,11,6,18
9,26,2026,3,7,14,5,1,22
9,31,2026,3,7,12,20,1,41
9,38,2026,3,7,13,4,13,32
9,42,2026,3,7,15,4,1,35
9,48,2026,3,7,19,5,14,26
9,54,2026,3,7,1,4,20,10
10,0,2026,3,7,1,4,0,14
10,5,2026,3,7,19,6,0,20
10,9,2026,3,7,15,6,2,24
10,14,2026,3,7,13,2,4,22
10,20,2026,3,7,12,29,16,35
10,26,2026,3,7,14,6,9,32
10,31,2026,3,7,12,20,5,47
10,38,2026,3,7,13,3,7,43
10,42,2026,3,7,15,5,13,35
10,48,2026,3,7,19,3,21,17
10,54,2026,3,7,1,5,8,14
11,0,2026,3,7,1,5,0,19
11,5,2026,3,7,19,4,0,23
11,9,2026,3,7,15,2,2,23
11,14,2026,3,7,13,4,1,26
11,20,2026,3,7,12,16,17,25
11,26,2026,3,7,14,3,9,19
11,31,2026,3,7,12,15,2,32
11,38,2026,3,7,13,5,3,34
11,42,2026,3,7,15,5,8,31
11,48,2026,3,7,19,3,7,27
11,54,2026,3,7,1,2,14,15
12,0,2026,3,7,1,5,0,20
12,5,2026,3,7,19,4,1,23
12,9,2026,3,7,15,2,0,25
12,14,2026,3,7,13,4,1,28
12,20,2026,3,7,12,23,20,31
12,26,2026,3,7,14,6,13,24
12,31,2026,3,7,12,12,5,31
12,38,2026,3,7,13,4,5,30
12,42,2026,3,7,15,3,7,26
12,48,2026,3,7,19,6,11,21
12,54,2026,3,7,1,6,13,14
13,0,2026,3,7,1,21,0,35
13,5,2026,3,7,19,31,2,64
13,9,2026,3,7,15,6,13,57
13,14,2026,3,7,13,12,10,59
13,20,2026,3,7,12,11,25,45
13,26,2026,3,7,14,3,22,26
13,31,2026,3,7,12,19,3,42
13,38,2026,3,7,13,20,3,59
13,42,2026,3,7,15,4,13,50
13,48,2026,3,7,19,19,13,56
13,54,2026,3,7,1,12,16,52
14,0,2026,3,7,1,8,0,60
14,5,2026,3,7,19,10,4,66
14,9,2026,3,7,15,3,14,55
14,14,2026,3,7,13,19,8,66
14,20,2026,3,7,12,15,28,53
14,26,2026,3,7,14,4,28,29
14,31,2026,3,7,12,23,4,48
14,38,2026,3,7,13,13,8,53
14,42,2026,3,7,15,2,12,43
14,48,2026,3,7,19,20,11,52
14,54,2026,3,7,1,16,14,54
15,0,2026,3,7,1,12,0,66
15,5,2026,3,7,19,4,4,66
15,9,2026,3,7,15,6,11,61
15,14,2026,3,7,13,11,6,66
15,20,2026,3,7,12,30,30,66
15,26,2026,3,7,14,3,21,48
15,31,2026,3,7,12,16,2,62
15,38,2026,3,7,13,11,10,63
15,42,2026,3,7,15,3,20,46
15,48,2026,3,7,19,30,15,61
15,54,2026,3,7,1,18,13,66
16,0,2026,3,7,1,4,0,70
16,5,2026,3,7,19,4,2,72
16,9,2026,3,7,15,5,11,66
16,14,2026,3,7,13,4,13,57
16,20,2026,3,7,12,21,29,49
16,26,2026,3,7,14,2,20,31
16,31,2026,3,7,12,19,0,50
16,38,2026,3,7,13,6,14,42
16,42,2026,3,7,15,4,6,40
16,48,2026,3,7,19,4,17,27
16,54,2026,3,7,1,4,13,18
17,0,2026,3,7,1,3,0,21
17,5,2026,3,7,19,2,1,22
17,9,2026,3,7,15,2,0,24
17,14,2026,3,7,13,6,0,30
17,20,2026,3,7,12,16,21,25
17,26,2026,3,7,14,3,11,17
17,31,2026,3,7,12,31,3,45
17,38,2026,3,7,13,2,8,39
17,42,2026,3,7,15,3,14,28
17,48,2026,3,7,19,2,10,20
17,54,2026,3,7,1,4,12,12
18,0,2026,3,7,1,2,0,14
18,5,2026,3,7,19,6,1,19
18,9,2026,3,7,15,3,0,22
18,14,2026,3,7,13,5,0,27
18,20,2026,3,7,12,23,18,32
18,26,2026,3,7,14,4,10,26
18,31,2026,3,7,12,25,3,48
18,38,2026,3,7,13,4,9,43
18,42,2026,3,7,15,4,10,37
18,48,2026,3,7,19,6,9,34
18,54,2026,3,7,1,2,18,18
19,0,2026,3,7,1,3,0,21
19,5,2026,3,7,19,4,1,24
19,9,2026,3,7,15,5,3,26
19,14,2026,3,7,13,6,1,31
19,20,2026,3,7,12,11,17,25
19,26,2026,3,7,14,2,15,12
19,31,2026,3,7,12,14,0,26
19,38,2026,3,7,13,3,3,26
19,42,2026,3,7,15,2,7,21
19,48,2026,3,7,19,5,6,20
19,54,2026,3,7,1,6,8,18
20,0,2026,3,7,1,4,0,22
20,5,2026,3,7,19,4,1,25
20,9,2026,3,7,15,6,1,30
20,14,2026,3,7,13,5,2,33
20,20,2026,3,7,12,17,21,29
20,26,2026,3,7,14,6,10,25
20,31,2026,3,7,12,17,4,38
20,38,2026,3,7,13,2,9,31
20,42,2026,3,7,15,2,6,27
20,48,2026,3,7,19,5,8,24
20,54,2026,3,7,1,3,13,14
21,0,2026,3,7,1,3,0,17
21,5,2026,3,7,19,3,0,20
21,9,2026,3,7,15,6,4,22
21,14,2026,3,7,13,6,3,25
21,20,2026,3,7,12,9,17,17
21,26,2026,3,7,14,5,8,14
21,31,2026,3,7,12,36,5,45
21,38,2026,3,7,13,4,9,40
21,42,2026,3,7,15,4,8,36
21,48,2026,3,7,19,5,15,26
21,54,2026,3,7,1,4,10,20
22,0,2026,3,7,1,2,0,22
22,5,2026,3,7,19,3,0,25
22,9,2026,3,7,15,5,2,28
22,14,2026,3,7,13,2,2,28
22,20,2026,3,7,12,9,19,18
22,26,2026,3,7,14,2,10,10
22,31,2026,3,7,12,23,1,32
22,38,2026,3,7,13,6,4,34
22,42,2026,3,7,15,2,7,29
22,48,2026,3,7,19,5,11,23
22,54,2026,3,7,1,3,8,18
23,0,2026,3,7,1,3,0,21
23,5,2026,3,7,19,6,1,26
23,9,2026,3,7,15,6,3,29
23,14,2026,3,7,13,5,4,30
23,20,2026,3,7,12,19,20,29
23,26,2026,3,7,14,4,12,21
23,31,2026,3,7,12,29,3,47
23,38,2026,3,7,13,3,13,37
23,42,2026,3,7,15,5,10,32
23,48,2026,3,7,19,4,15,21
23,54,2026,3,7,1,0,21,0
6,0,2026,3,8,1,3,0,3
6,5,2026,3,8,19,5,0,8
6,9,2026,3,8,15,15,2,21
6,14,2026,3,8,13,5,2,24
6,20,2026,3,8,12,8,19,13
6,26,2026,3,8,14,12,7,18
6,31,2026,3,8,12,19,6,31
6,38,2026,3,8,13,5,4,32
6,42,2026,3,8,15,7,7,32
6,48,2026,3,8,19,4,10,26
6,54,2026,3,8,1,5,9,22
7,0,2026,3,8,1,2,0,24
7,5,2026,3,8,19,2,4,22
7,9,2026,3,8,15,11,1,32
7,14,2026,3,8,13,3,9,26
7,20,2026,3,8,12,14,9,31
7,26,2026,3,8,14,10,8,33
7,31,2026,3,8,12,24,1,56
7,38,2026,3,8,13,5,15,46
7,42,2026,3,8,15,22,3,65
7,48,2026,3,8,19,4,21,48
7,54,2026,3,8,1,4,20,32
8,0,2026,3,8,1,3,0,35
8,5,2026,3,8,19,1,1,35
8,9,2026,3,8,15,10,1,44
8,14,2026,3,8,13,4,20,28
8,20,2026,3,8,12,25,15,38
8,26,2026,3,8,14,16,2,52
8,31,2026,3,8,12,15,4,63
8,38,2026,3,8,13,4,19,48
8,42,2026,3,8,15,21,3,66
8,48,2026,3,8,19,4,23,47
8,54,2026,3,8,1,3,25,25
9,0,2026,3,8,1,4,0,29
9,5,2026,3,8,19,2,2,29
9,9,2026,3,8,15,5,0,34
9,14,2026,3,8,13,4,15,23
9,20,2026,3,8,12,13,12,24
9,26,2026,3,8,14,5,6,23
9,31,2026,3,8,12,34,1,56
9,38,2026,3,8,13,4,11,49
9,42,2026,3,8,15,6,3,52
9,48,2026,3,8,19,5,22,35
9,54,2026,3,8,1,2,22,15
10,0,2026,3,8,1,6,0,21
10,5,2026,3,8,19,3,1,23
10,9,2026,3,8,15,4,4,23
10,14,2026,3,8,13,5,1,27
10,20,2026,3,8,12,25,23,29
10,26,2026,3,8,14,3,5,27
10,31,2026,3,8,12,15,1,41
10,38,2026,3,8,13,4,10,35
10,42,2026,3,8,15,6,10,31
10,48,2026,3,8,19,5,10,26
10,54,2026,3,8,1,3,12,17
11,0,2026,3,8,1,5,0,22
11,5,2026,3,8,19,3,2,23
11,9,2026,3,8,15,2,1,24
11,14,2026,3,8,13,5,0,29
11,20,2026,3,8,12,30,22,37
11,26,2026,3,8,14,3,7,33
11,31,2026,3,8,12,36,3,66
11,38,2026,3,8,13,3,15,54
11,42,2026,3,8,15,2,12,44
11,48,2026,3,8,19,2,21,25
11,54,2026,3,8,1,6,17,14
12,0,2026,3,8,1,4,0,18
12,5,2026,3,8,19,3,0,21
12,9,2026,3,8,15,6,1,26
12,14,2026,3,8,13,3,1,28
12,20,2026,3,8,12,18,21,25
12,26,2026,3,8,14,6,14,17
12,31,2026,3,8,12,35,4,48
12,38,2026,3,8,13,5,17,36
12,42,2026,3,8,15,5,8,33
12,48,2026,3,8,19,6,6,33
12,54,2026,3,8,1,4,9,28
13,0,2026,3,8,1,29,0,57
13,5,2026,3,8,19,10,1,66
13,9,2026,3,8,15,5,11,60
13,14,2026,3,8,13,11,5,66
13,20,2026,3,8,12,18,29,55
13,26,2026,3,8,14,3,21,37
13,31,2026,3,8,12,28,2,63
13,38,2026,3,8,13,8,5,66
13,42,2026,3,8,15,3,17,52
13,48,2026,3,8,19,15,12,55
13,54,2026,3,8,1,13,20,48
14,0,2026,3,8,1,18,0,66
14,5,2026,3,8,19,3,3,66
14,9,2026,3,8,15,4,13,57
14,14,2026,3,8,13,10,10,57
14,20,2026,3,8,12,20,28,49
14,26,2026,3,8,14,3,21,31
14,31,2026,3,8,12,21,2,50
14,38,2026,3,8,13,17,10,57
14,42,2026,3,8,15,5,21,41
14,48,2026,3,8,19,27,8,60
14,54,2026,3,8,1,13,7,66
15,0,2026,3,8,1,15,0,81
15,5,2026,3,8,19,19,1,99
15,9,2026,3,8,15,2,17,84
15,14,2026,3,8,13,29,17,96
15,20,2026,3,8,12,8,38,66
15,26,2026,3,8,14,6,21,51
15,31,2026,3,8,12,11,3,59
15,38,2026,3,8,13,10,3,66
15,42,2026,3,8,15,4,18,52
15,48,2026,3,8,19,29,19,62
15,54,2026,3,8,1,23,22,63
16,0,2026,3,8,1,2,0,65
16,5,2026,3,8,19,5,5,65
16,9,2026,3,8,15,4,10,59
16,14,2026,3,8,13,4,11,52
16,20,2026,3,8,12,19,26,45
16,26,2026,3,8,14,4,21,28
16,31,2026,3,8,12,32,2,58
16,38,2026,3,8,13,3,15,46
16,42,2026,3,8,15,5,4,47
16,48,2026,3,8,19,2,13,36
16,54,2026,3,8,1,6,20,22
17,0,2026,3,8,1,3,0,25
17,5,2026,3,8,19,2,2,25
17,9,2026,3,8,15,6,3,28
17,14,2026,3,8,13,3,0,31
17,20,2026,3,8,12,35,16,50
17,26,2026,3,8,14,2,21,31
17,31,2026,3,8,12,17,1,47
17,38,2026,3,8,13,5,9,43
17,42,2026,3,8,15,5,10,38
17,48,2026,3,8,19,2,15,25
17,54,2026,3,8,1,6,13,18
18,0,2026,3,8,1,4,0,22
18,5,2026,3,8,19,6,0,28
18,9,2026,3,8,15,4,6,26
18,14,2026,3,8,13,3,4,25
18,20,2026,3,8,12,25,19,31
18,26,2026,3,8,14,5,4,32
18,31,2026,3,8,12,29,1,60
18,38,2026,3,8,13,4,8,56
18,42,2026,3,8,15,6,10,52
18,48,2026,3,8,19,3,16,39
18,54,2026,3,8,1,4,20,23
19,0,2026,3,8,1,3,0,26
19,5,2026,3,8,19,2,0,28
19,9,2026,3,8,15,4,0,32
19,14,2026,3,8,13,5,2,35
19,20,2026,3,8,12,20,23,32
19,26,2026,3,8,14,3,15,20
19,31,2026,3,8,12,30,2,48
19,38,2026,3,8,13,6,12,42
19,42,2026,3,8,15,2,11,33
19,48,2026,3,8,19,4,8,29
19,54,2026,3,8,1,2,14,17
20,0,2026,3,8,1,2,0,19
20,5,2026,3,8,19,4,1,22
20,9,2026,3,8,15,4,2,24
20,14,2026,3,8,13,5,0,29
20,20,2026,3,8,12,13,19,23
20,26,2026,3,8,14,5,12,16
20,31,2026,3,8,12,35,2,49
20,38,2026,3,8,13,4,12,41
20,42,2026,3,8,15,2,9,34
20,48,2026,3,8,19,3,13,24
20,54,2026,3,8,1,4,14,14
21,0,2026,3,8,1,2,0,16
21,5,2026,3,8,19,3,1,18
21,9,2026,3,8,15,6,1,23
21,14,2026,3,8,13,4,1,26
21,20,2026,3,8,12,11,19,18
21,26,2026,3,8,14,5,5,18
21,31,2026,3,8,12,23,3,38
21,38,2026,3,8,13,3,10,31
21,42,2026,3,8,15,2,8,25
21,48,2026,3,8,19,4,12,17
21,54,2026,3,8,1,5,8,14
22,0,2026,3,8,1,4,0,18
22,5,2026,3,8,19,4,1,21
22,9,2026,3,8,15,4,3,22
22,14,2026,3,8,13,6,4,24
22,20,2026,3,8,12,17,17,24
22,26,2026,3,8,14,6,8,22
22,31,2026,3,8,12,22,3,41
22,38,2026,3,8,13,4,8,37
22,42,2026,3,8,15,5,11,31
22,48,2026,3,8,19,6,11,26
22,54,2026,3,8,1,3,13,16
23,0,2026,3,8,1,6,0,22
23,5,2026,3,8,19,2,0,24
23,9,2026,3,8,15,2,1,25
23,14,2026,3,8,13,3,3,25
23,20,2026,3,8,12,24,20,29
23,26,2026,3,8,14,2,4,27
23,31,2026,3,8,12,22,0,49
23,38,2026,3,8,13,6,8,47
23,42,2026,3,8,15,5,20,32
23,48,2026,3,8,19,0,12,20
23,54,2026,3,8,1,0,20,0
6,0,2026,3,9,1,4,0,4
6,5,2026,3,9,19,2,0,6
6,9,2026,3,9,15,15,1,20
6,14,2026,3,9,13,3,0,23
6,20,2026,3,9,12,31,17,37
6,26,2026,3,9,14,21,7,51
6,31,2026,3,9,12,29,14,66
6,38,2026,3,9,13,5,20,51
6,42,2026,3,9,15,20,9,62
6,48,2026,3,9,19,2,16,48
6,54,2026,3,9,1,2,21,29
7,0,2026,3,9,1,3,0,32
7,5,2026,3,9,19,3,2,33
7,9,2026,3,9,15,6,0,39
7,14,2026,3,9,13,2,11,30
7,20,2026,3,9,12,10,18,22
7,26,2026,3,9,14,13,5,30
7,31,2026,3,9,12,24,3,51
7,38,2026,3,9,13,2,12,41
7,42,2026,3,9,15,12,0,53
7,48,2026,3,9,19,2,25,30
7,54,2026,3,9,1,1,21,10
8,0,2026,3,9,1,1,0,11
8,5,2026,3,9,19,4,0,15
8,9,2026,3,9,15,12,0,27
8,14,2026,3,9,13,4,9,22
8,20,2026,3,9,12,18,9,31
8,26,2026,3,9,14,6,3,34
8,31,2026,3,9,12,9,0,43
8,38,2026,3,9,13,4,5,42
8,42,2026,3,9,15,16,1,57
8,48,2026,3,9,19,4,21,40
8,54,2026,3,9,1,3,20,23
9,0,2026,3,9,1,4,0,27
9,5,2026,3,9,19,5,1,31
9,9,2026,3,9,15,2,0,33
9,14,2026,3,9,13,2,16,19
9,20,2026,3,9,12,35,11,43
9,26,2026,3,9,14,4,4,43
9,31,2026,3,9,12,19,0,62
9,38,2026,3,9,13,4,9,57
9,42,2026,3,9,15,3,5,55
9,48,2026,3,9,19,5,21,39
9,54,2026,3,9,1,1,28,12
10,0,2026,3,9,1,3,0,15
10,5,2026,3,9,19,4,1,18
10,9,2026,3,9,15,3,2,19
10,14,2026,3,9,13,6,1,24
10,20,2026,3,9,12,16,18,22
10,26,2026,3,9,14,5,6,21
10,31,2026,3,9,12,9,4,26
10,38,2026,3,9,13,2,3,25
10,42,2026,3,9,15,2,6,21
10,48,2026,3,9,19,6,9,18
10,54,2026,3,9,1,5,6,17
11,0,2026,3,9,1,2,0,19
11,5,2026,3,9,19,2,0,21
11,9,2026,3,9,15,2,3,20
11,14,2026,3,9,13,3,2,21
11,20,2026,3,9,12,25,13,33
11,26,2026,3,9,14,5,12,26
11,31,2026,3,9,12,17,3,40
11,38,2026,3,9,13,5,5,40
11,42,2026,3,9,15,2,10,32
11,48,2026,3,9,19,6,11,27
11,54,2026,3,9,1,6,12,21
12,0,2026,3,9,1,2,0,23
12,5,2026,3,9,19,4,0,27
12,9,2026,3,9,15,5,3,29
12,14,2026,3,9,13,6,5,30
12,20,2026,3,9,12,13,21,22
12,26,2026,3,9,14,6,6,22
12,31,2026,3,9,12,14,3,33
12,38,2026,3,9,13,4,7,30
12,42,2026,3,9,15,2,11,21
12,48,2026,3,9,19,4,9,16
12,54,2026,3,9,1,3,7,12
13,0,2026,3,9,1,24,0,36
13,5,2026,3,9,19,11,3,44
13,9,2026,3,9,15,4,9,39
13,14,2026,3,9,13,11,2,48
13,20,2026,3,9,12,30,25,53
13,26,2026,3,9,14,5,22,36
13,31,2026,3,9,12,28,4,60
13,38,2026,3,9,13,10,9,61
13,42,2026,3,9,15,2,20,43
13,48,2026,3,9,19,32,11,64
13,54,2026,3,9,1,15,13,66
14,0,2026,3,9,1,12,0,78
14,5,2026,3,9,19,17,7,88
14,9,2026,3,9,15,4,14,78
14,14,2026,3,9,13,1,13,66
14,20,2026,3,9,12,18,35,49
14,26,2026,3,9,14,2,22,29
14,31,2026,3,9,12,35,0,64
14,38,2026,3,9,13,9,7,66
14,42,2026,3,9,15,3,18,51
14,48,2026,3,9,19,29,14,66
14,54,2026,3,9,1,14,14,66
15,0,2026,3,9,1,19,0,85
15,5,2026,3,9,19,23,12,96
15,9,2026,3,9,15,4,16,84
15,14,2026,3,9,13,1,19,66
15,20,2026,3,9,12,20,32,54
15,26,2026,3,9,14,3,21,36
15,31,2026,3,9,12,9,3,42
15,38,2026,3,9,13,11,7,46
15,42,2026,3,9,15,6,10,42
15,48,2026,3,9,19,27,8,61
15,54,2026,3,9,1,11,21,51
16,0,2026,3,9,1,6,0,57
16,5,2026,3,9,19,3,2,58
16,9,2026,3,9,15,2,8,52
16,14,2026,3,9,13,6,11,47
16,20,2026,3,9,12,23,30,40
16,26,2026,3,9,14,5,16,29
16,31,2026,3,9,12,22,2,49
16,38,2026,3,9,13,3,8,44
16,42,2026,3,9,15,4,5,43
16,48,2026,3,9,19,2,16,29
16,54,2026,3,9,1,2,17,14
17,0,2026,3,9,1,3,0,17
17,5,2026,3,9,19,4,0,21
17,9,2026,3,9,15,6,1,26
17,14,2026,3,9,13,6,0,32
17,20,2026,3,9,12,26,22,36
17,26,2026,3,9,14,2,10,28
17,31,2026,3,9,12,15,0,43
17,38,2026,3,9,13,5,9,39
17,42,2026,3,9,15,6,8,37
17,48,2026,3,9,19,4,10,31
17,54,2026,3,9,1,2,16,17
18,0,2026,3,9,1,2,0,19
18,5,2026,3,9,19,6,0,25
18,9,2026,3,9,15,6,0,31
18,14,2026,3,9,13,6,2,35
18,20,2026,3,9,12,23,22,36
18,26,2026,3,9,14,6,9,33
18,31,2026,3,9,12,12,6,39
18,38,2026,3,9,13,6,8,37
18,42,2026,3,9,15,2,13,26
18,48,2026,3,9,19,3,10,19
18,54,2026,3,9,1,5,10,14
19,0,2026,3,9,1,4,0,18
19,5,2026,3,9,19,5,0,23
19,9,2026,3,9,15,4,3,24
19,14,2026,3,9,13,4,2,26
19,20,2026,3,9,12,20,19,27
19,26,2026,3,9,14,4,11,20
19,31,2026,3,9,12,17,4,33
19,38,2026,3,9,13,6,8,31
19,42,2026,3,9,15,5,7,29
19,48,2026,3,9,19,2,6,25
19,54,2026,3,9,1,3,14,14
20,0,2026,3,9,1,6,0,20
20,5,2026,3,9,19,2,0,22
20,9,2026,3,9,15,6,2,26
20,14,2026,3,9,13,6,4,28
20,20,2026,3,9,12,29,19,38
20,26,2026,3,9,14,6,12,32
20,31,2026,3,9,12,36,6,62
20,38,2026,3,9,13,3,10,55
20,42,2026,3,9,15,6,14,47
20,48,2026,3,9,19,6,17,36
20,54,2026,3,9,1,4,13,27
21,0,2026,3,9,1,4,0,31
21,5,2026,3,9,19,4,2,33
21,9,2026,3,9,15,5,0,38
21,14,2026,3,9,13,6,4,40
21,20,2026,3,9,12,28,21,47
21,26,2026,3,9,14,6,19,34
21,31,2026,3,9,12,9,5,38
21,38,2026,3,9,13,5,11,32
21,42,2026,3,9,15,3,6,29
21,48,2026,3,9,19,6,9,26
21,54,2026,3,9,1,4,12,18
22,0,2026,3,9,1,5,0,23
22,5,2026,3,9,19,6,2,27
22,9,2026,3,9,15,6,1,32
22,14,2026,3,9,13,4,5,31
22,20,2026,3,9,12,30,19,42
22,26,2026,3,9,14,4,14,32
22,31,2026,3,9,12,15,4,43
22,38,2026,3,9,13,5,5,43
22,42,2026,3,9,15,2,15,30
22,48,2026,3,9,19,2,10,22
22,54,2026,3,9,1,6,10,18
23,0,2026,3,9,1,4,0,22
23,5,2026,3,9,19,5,1,26
23,9,2026,3,9,15,6,1,31
23,14,2026,3,9,13,3,1,33
23,20,2026,3,9,12,13,21,25
23,26,2026,3,9,14,3,8,20
23,31,2026,3,9,12,20,3,37
23,38,2026,3,9,13,5,8,34
23,42,2026,3,9,15,2,8,28
23,48,2026,3,9,19,3,12,19
23,54,2026,3,9,1,0,19,0
6,0,2026,3,10,1,5,0,5
6,5,2026,3,10,19,3,0,8
6,9,2026,3,10,15,18,1,25
6,14,2026,3,10,13,2,2,25
6,20,2026,3,10,12,13,16,22
6,26,2026,3,10,14,15,6,31
6,31,2026,3,10,12,27,10,48
6,38,2026,3,10,13,6,11,43
6,42,2026,3,10,15,22,9,56
6,48,2026,3,10,19,5,12,49
6,54,2026,3,10,1,6,11,44
7,0,2026,3,10,1,3,0,47
7,5,2026,3,10,19,3,3,47
7,9,2026,3,10,15,9,2,54
7,14,2026,3,10,13,3,19,38
7,20,2026,3,10,12,29,17,50
7,26,2026,3,10,14,12,14,48
7,31,2026,3,10,12,11,3,56
7,38,2026,3,10,13,1,12,45
7,42,2026,3,10,15,15,2,58
7,48,2026,3,10,19,5,22,41
7,54,2026,3,10,1,4,20,25
8,0,2026,3,10,1,1,0,26
8,5,2026,3,10,19,5,3,28
8,9,2026,3,10,15,17,0,45
8,14,2026,3,10,13,2,18,29
8,20,2026,3,10,12,36,13,52
8,26,2026,3,10,14,17,3,66
8,31,2026,3,10,12,6,6,66
8,38,2026,3,10,13,5,15,56
8,42,2026,3,10,15,12,2,66
8,48,2026,3,10,19,2,21,47
8,54,2026,3,10,1,2,29,20
9,0,2026,3,10,1,2,0,22
9,5,2026,3,10,19,5,2,25
9,9,2026,3,10,15,2,0,27
9,14,2026,3,10,13,2,11,18
9,20,2026,3,10,12,9,13,14
9,26,2026,3,10,14,2,3,13
9,31,2026,3,10,12,29,0,42
9,38,2026,3,10,13,2,13,31
9,42,2026,3,10,15,2,0,33
9,48,2026,3,10,19,5,14,24
9,54,2026,3,10,1,1,21,4
10,0,2026,3,10,1,3,0,7
10,5,2026,3,10,19,5,1,11
10,9,2026,3,10,15,3,2,12
10,14,2026,3,10,13,5,0,17
10,20,2026,3,10,12,18,14,21
10,26,2026,3,10,14,2,5,18
10,31,2026,3,10,12,18,2,34
10,38,2026,3,10,13,5,9,30
10,42,2026,3,10,15,6,6,30
10,48,2026,3,10,19,4,7,27
10,54,2026,3,10,1,5,8,24
11,0,2026,3,10,1,5,0,29
11,5,2026,3,10,19,5,3,31
11,9,2026,3,10,15,2,0,33
11,14,2026,3,10,13,4,1,36
11,20,2026,3,10,12,18,20,34
11,26,2026,3,10,14,2,13,23
11,31,2026,3,10,12,14,2,35
11,38,2026,3,10,13,6,10,31
11,42,2026,3,10,15,4,6,29
11,48,2026,3,10,19,5,7,27
11,54,2026,3,10,1,2,10,19
12,0,2026,3,10,1,6,0,25
12,5,2026,3,10,19,6,1,30
12,9,2026,3,10,15,5,1,34
12,14,2026,3,10,13,4,3,35
12,20,2026,3,10,12,17,23,29
12,26,2026,3,10,14,3,10,22
12,31,2026,3,10,12,33,1,54
12,38,2026,3,10,13,5,7,52
12,42,2026,3,10,15,6,16,42
12,48,2026,3,10,19,6,11,37
12,54,2026,3,10,1,3,17,23
13,0,2026,3,10,1,17,0,40
13,5,2026,3,10,19,8,0,48
13,9,2026,3,10,15,4,7,45
13,14,2026,3,10,13,27,6,66
13,20,2026,3,10,12,8,21,53
13,26,2026,3,10,14,6,20,39
13,31,2026,3,10,12,26,4,61
13,38,2026,3,10,13,11,6,66
13,42,2026,3,10,15,2,13,55
13,48,2026,3,10,19,27,16,66
13,54,2026,3,10,1,20,20,66
14,0,2026,3,10,1,21,0,87
14,5,2026,3,10,19,11,7,91
14,9,2026,3,10,15,2,21,72
14,14,2026,3,10,13,9,15,66
14,20,2026,3,10,12,30,30,66
14,26,2026,3,10,14,3,20,49
14,31,2026,3,10,12,18,3,64
14,38,2026,3,10,13,11,9,66
14,42,2026,3,10,15,2,18,50
14,48,2026,3,10,19,10,15,45
14,54,2026,3,10,1,17,20,42
15,0,2026,3,10,1,22,0,64
15,5,2026,3,10,19,6,4,66
15,9,2026,3,10,15,3,11,58
15,14,2026,3,10,13,14,6,66
15,20,2026,3,10,12,12,30,48
15,26,2026,3,10,14,6,25,29
15,31,2026,3,10,12,32,5,56
15,38,2026,3,10,13,15,5,66
15,42,2026,3,10,15,4,20,50
15,48,2026,3,10,19,27,16,61
15,54,2026,3,10,1,20,15,66
16,0,2026,3,10,1,3,0,69
16,5,2026,3,10,19,5,8,66
16,9,2026,3,10,15,4,9,61
16,14,2026,3,10,13,6,9,58
16,20,2026,3,10,12,30,29,59
16,26,2026,3,10,14,2,20,41
16,31,2026,3,10,12,9,2,48
16,38,2026,3,10,13,4,9,43
16,42,2026,3,10,15,2,12,33
16,48,2026,3,10,19,3,6,30
16,54,2026,3,10,1,2,19,13
17,0,2026,3,10,1,4,0,17
17,5,2026,3,10,19,4,2,19
17,9,2026,3,10,15,2,1,20
17,14,2026,3,10,13,4,1,23
17,20,2026,3,10,12,9,18,14
17,26,2026,3,10,14,3,5,12
17,31,2026,3,10,12,24,2,34
17,38,2026,3,10,13,2,5,31
17,42,2026,3,10,15,6,8,29
17,48,2026,3,10,19,2,10,21
17,54,2026,3,10,1,3,6,18
18,0,2026,3,10,1,6,0,24
18,5,2026,3,10,19,2,0,26
18,9,2026,3,10,15,2,2,26
18,14,2026,3,10,13,4,4,26
18,20,2026,3,10,12,15,14,27
18,26,2026,3,10,14,2,12,17
18,31,2026,3,10,12,30,1,46
18,38,2026,3,10,13,4,7,43
18,42,2026,3,10,15,6,7,42
18,48,2026,3,10,19,6,13,35
18,54,2026,3,10,1,4,15,24
19,0,2026,3,10,1,6,0,30
19,5,2026,3,10,19,4,0,34
19,9,2026,3,10,15,4,1,37
19,14,2026,3,10,13,3,1,39
19,20,2026,3,10,12,23,22,40
19,26,2026,3,10,14,5,14,31
19,31,2026,3,10,12,8,4,35
19,38,2026,3,10,13,4,8,31
19,42,2026,3,10,15,4,2,33
19,48,2026,3,10,19,5,16,22
19,54,2026,3,10,1,2,12,12
20,0,2026,3,10,1,5,0,17
20,5,2026,3,10,19,4,2,19
20,9,2026,3,10,15,2,1,20
20,14,2026,3,10,13,2,1,21
20,20,2026,3,10,12,19,16,24
20,26,2026,3,10,14,4,5,23
20,31,2026,3,10,12,35,4,54
20,38,2026,3,10,13,4,7,51
20,42,2026,3,10,15,6,10,47
20,48,2026,3,10,19,2,18,31
20,54,2026,3,10,1,6,13,24
21,0,2026,3,10,1,2,0,26
21,5,2026,3,10,19,6,0,32
21,9,2026,3,10,15,3,0,35
21,14,2026,3,10,13,4,3,36
21,20,2026,3,10,12,21,20,37
21,26,2026,3,10,14,4,21,20
21,31,2026,3,10,12,32,2,50
21,38,2026,3,10,13,2,10,42
21,42,2026,3,10,15,2,11,33
21,48,2026,3,10,19,5,14,24
21,54,2026,3,10,1,2,9,17
22,0,2026,3,10,1,4,0,21
22,5,2026,3,10,19,5,0,26
22,9,2026,3,10,15,5,1,30
22,14,2026,3,10,13,3,1,32
22,20,2026,3,10,12,27,16,43
22,26,2026,3,10,14,3,21,25
22,31,2026,3,10,12,12,2,35
22,38,2026,3,10,13,4,13,26
22,42,2026,3,10,15,5,5,26
22,48,2026,3,10,19,2,7,21
22,54,2026,3,10,1,2,8,15
23,0,2026,3,10,1,6,0,21
23,5,2026,3,10,19,5,0,26
23,9,2026,3,10,15,5,3,28
23,14,2026,3,10,13,3,5,26
23,20,2026,3,10,12,9,21,14
23,26,2026,3,10,14,3,3,14
23,31,2026,3,10,12,30,0,44
23,38,2026,3,10,13,4,13,35
23,42,2026,3,10,15,6,11,30
23,48,2026,3,10,19,3,18,15
23,54,2026,3,10,1,0,15,0
6,0,2026,3,11,1,4,0,4
6,5,2026,3,11,19,3,0,7
6,9,2026,3,11,15,21,1,27
6,14,2026,3,11,13,5,2,30
6,20,2026,3,11,12,33,20,43
6,26,2026,3,11,14,20,11,52
6,31,2026,3,11,12,25,11,66
6,38,2026,3,11,13,2,15,53
6,42,2026,3,11,15,7,18,42
6,48,2026,3,11,19,6,12,36
6,54,2026,3,11,1,5,15,26
7,0,2026,3,11,1,3,0,29
7,5,2026,3,11,19,1,4,26
7,9,2026,3,11,15,5,0,31
7,14,2026,3,11,13,2,16,17
7,20,2026,3,11,12,29,4,42
7,26,2026,3,11,14,17,10,49
7,31,2026,3,11,12,17,5,61
7,38,2026,3,11,13,4,24,41
7,42,2026,3,11,15,13,6,48
7,48,2026,3,11,19,3,20,31
7,54,2026,3,11,1,3,20,14
8,0,2026,3,11,1,1,0,15
8,5,2026,3,11,19,5,0,20
8,9,2026,3,11,15,12,0,32
8,14,2026,3,11,13,1,10,23
8,20,2026,3,11,12,14,11,26
8,26,2026,3,11,14,22,4,44
8,31,2026,3,11,12,16,7,53
8,38,2026,3,11,13,2,15,40
8,42,2026,3,11,15,10,0,50
8,48,2026,3,11,19,2,20,32
8,54,2026,3,11,1,4,20,16
9,0,2026,3,11,1,3,0,19
9,5,2026,3,11,19,3,2,20
9,9,2026,3,11,15,3,0,23
9,14,2026,3,11,13,2,12,13
9,20,2026,3,11,12,17,9,21
9,26,2026,3,11,14,4,3,22
9,31,2026,3,11,12,31,0,53
9,38,2026,3,11,13,3,12,44
9,42,2026,3,11,15,4,1,47
9,48,2026,3,11,19,4,24,27
9,54,2026,3,11,1,2,21,8
10,0,2026,3,11,1,3,0,11
10,5,2026,3,11,19,6,2,15
10,9,2026,3,11,15,4,3,16
10,14,2026,3,11,13,6,1,21
10,20,2026,3,11,12,20,17,24
10,26,2026,3,11,14,4,4,24
10,31,2026,3,11,12,10,2,32
10,38,2026,3,11,13,6,6,32
10,42,2026,3,11,15,5,7,30
10,48,2026,3,11,19,2,10,22
10,54,2026,3,11,1,6,7,21
11,0,2026,3,11,1,3,0,24
11,5,2026,3,11,19,4,1,27
11,9,2026,3,11,15,5,2,30
11,14,2026,3,11,13,2,0,32
11,20,2026,3,11,12,28,22,38
11,26,2026,3,11,14,6,12,32
11,31,2026,3,11,12,20,5,47
11,38,2026,3,11,13,2,10,39
11,42,2026,3,11,15,5,15,29
11,48,2026,3,11,19,5,7,27
11,54,2026,3,11,1,6,13,20
12,0,2026,3,11,1,6,0,26
12,5,2026,3,11,19,6,3,29
12,9,2026,3,11,15,6,2,33
12,14,2026,3,11,13,2,3,32
12,20,2026,3,11,12,25,19,38
12,26,2026,3,11,14,3,16,25
12,31,2026,3,11,12,30,1,54
12,38,2026,3,11,13,2,18,38
12,42,2026,3,11,15,4,10,32
12,48,2026,3,11,19,3,13,22
12,54,2026,3,11,1,3,11,14
13,0,2026,3,11,1,17,0,31
13,5,2026,3,11,19,30,1,60
13,9,2026,3,11,15,6,9,57
13,14,2026,3,11,13,9,7,59
13,20,2026,3,11,12,27,20,66
13,26,2026,3,11,14,6,20,52
13,31,2026,3,11,12,19,5,66
13,38,2026,3,11,13,8,10,64
13,42,2026,3,11,15,5,18,51
13,48,2026,3,11,19,20,13,58
13,54,2026,3,11,1,18,20,56
14,0,2026,3,11,1,10,0,66
14,5,2026,3,11,19,4,4,66
14,9,2026,3,11,15,4,19,51
14,14,2026,3,11,13,23,8,66
14,20,2026,3,11,12,25,25,66
14,26,2026,3,11,14,3,25,44
14,31,2026,3,11,12,9,1,52
14,38,2026,3,11,13,23,9,66
14,42,2026,3,11,15,5,18,53
14,48,2026,3,11,19,7,19,41
14,54,2026,3,11,1,10,12,39
15,0,2026,3,11,1,27,0,66
15,5,2026,3,11,19,7,7,66
15,9,2026,3,11,15,5,17,54
15,14,2026,3,11,13,23,11,66
15,20,2026,3,11,12,20,20,66
15,26,2026,3,11,14,3,21,48
15,31,2026,3,11,12,21,3,66
15,38,2026,3,11,13,5,5,66
15,42,2026,3,11,15,2,21,47
15,48,2026,3,11,19,9,20,36
15,54,2026,3,11,1,15,11,40
16,0,2026,3,11,1,2,0,42
16,5,2026,3,11,19,6,2,46
16,9,2026,3,11,15,2,5,43
16,14,2026,3,11,13,4,7,40
16,20,2026,3,11,12,24,22,42
16,26,2026,3,11,14,6,21,27
16,31,2026,3,11,12,12,2,37
16,38,2026,3,11,13,2,8,31
16,42,2026,3,11,15,5,10,26
16,48,2026,3,11,19,2,10,18
16,54,2026,3,11,1,4,8,14
17,0,2026,3,11,1,2,0,16
17,5,2026,3,11,19,5,0,21
17,9,2026,3,11,15,5,1,25
17,14,2026,3,11,13,3,3,25
17,20,2026,3,11,12,19,18,26
17,26,2026,3,11,14,5,9,22
17,31,2026,3,11,12,10,3,29
17,38,2026,3,11,13,6,6,29
17,42,2026,3,11,15,6,6,29
17,48,2026,3,11,19,2,6,25
17,54,2026,3,11,1,6,9,22
18,0,2026,3,11,1,2,0,24
18,5,2026,3,11,19,2,1,25
18,9,2026,3,11,15,5,1,29
18,14,2026,3,11,13,2,2,29
18,20,2026,3,11,12,26,18,37
18,26,2026,3,11,14,6,16,27
18,31,2026,3,11,12,36,4,59
18,38,2026,3,11,13,6,9,56
18,42,2026,3,11,15,3,11,48
18,48,2026,3,11,19,3,17,34
18,54,2026,3,11,1,2,13,23
19,0,2026,3,11,1,2,0,25
19,5,2026,3,11,19,6,1,30
19,9,2026,3,11,15,3,1,32
19,14,2026,3,11,13,4,1,35
19,20,2026,3,11,12,16,16,35
19,26,2026,3,11,14,3,21,17
19,31,2026,3,11,12,36,3,50
19,38,2026,3,11,13,4,7,47
19,42,2026,3,11,15,6,12,41
19,48,2026,3,11,19,6,11,36
19,54,2026,3,11,1,4,16,24
20,0,2026,3,11,1,3,0,27
20,5,2026,3,11,19,6,0,33
20,9,2026,3,11,15,5,3,35
20,14,2026,3,11,13,3,5,33
20,20,2026,3,11,12,19,21,31
20,26,2026,3,11,14,2,12,21
20,31,2026,3,11,12,34,2,53
20,38,2026,3,11,13,2,9,46
20,42,2026,3,11,15,5,12,39
20,48,2026,3,11,19,2,15,26
20,54,2026,3,11,1,2,14,14
21,0,2026,3,11,1,5,0,19
21,5,2026,3,11,19,4,1,22
21,9,2026,3,11,15,2,1,23
21,14,2026,3,11,13,4,2,25
21,20,2026,3,11,12,27,18,34
21,26,2026,3,11,14,6,10,30
21,31,2026,3,11,12,11,2,39
21,38,2026,3,11,13,5,7,37
21,42,2026,3,11,15,3,9,31
21,48,2026,3,11,19,6,16,21
21,54,2026,3,11,1,6,10,17
22,0,2026,3,11,1,4,0,21
22,5,2026,3,11,19,3,1,23
22,9,2026,3,11,15,6,1,28
22,14,2026,3,11,13,4,4,28
22,20,2026,3,11,12,35,21,42
22,26,2026,3,11,14,2,12,32
22,31,2026,3,11,12,22,0,54
22,38,2026,3,11,13,6,11,49
22,42,2026,3,11,15,4,6,47
22,48,2026,3,11,19,5,20,32
22,54,2026,3,11,1,3,11,24
23,0,2026,3,11,1,4,0,28
23,5,2026,3,11,19,3,1,30
23,9,2026,3,11,15,2,2,30
23,14,2026,3,11,13,5,2,33
23,20,2026,3,11,12,34,22,45
23,26,2026,3,11,14,3,15,33
23,31,2026,3,11,12,12,1,44
23,38,2026,3,11,13,2,10,36
23,42,2026,3,11,15,3,11,28
23,48,2026,3,11,19,4,16,16
23,54,2026,3,11,1,0,16,0
6,0,2026,3,12,1,6,0,6
6,5,2026,3,12,19,6,0,12
6,9,2026,3,12,15,19,1,30
6,14,2026,3,12,13,5,5,30
6,20,2026,3,12,12,14,20,24
6,26,2026,3,12,14,18,6,36
6,31,2026,3,12,12,22,11,47
6,38,2026,3,12,13,4,8,43
6,42,2026,3,12,15,11,7,47
6,48,2026,3,12,19,6,11,42
6,54,2026,3,12,1,3,16,29
7,0,2026,3,12,1,4,0,33
7,5,2026,3,12,19,2,2,33
7,9,2026,3,12,15,15,2,46
7,14,2026,3,12,13,1,16,31
7,20,2026,3,12,12,29,14,46
7,26,2026,3,12,14,5,9,42
7,31,2026,3,12,12,18,1,59
7,38,2026,3,12,13,1,18,42
7,42,2026,3,12,15,15,3,54
7,48,2026,3,12,19,4,23,35
7,54,2026,3,12,1,2,20,17
8,0,2026,3,12,1,2,0,19
8,5,2026,3,12,19,2,2,19
8,9,2026,3,12,15,19,0,38
8,14,2026,3,12,13,1,12,27
8,20,2026,3,12,12,20,11,36
8,26,2026,3,12,14,16,2,50
8,31,2026,3,12,12,9,4,55
8,38,2026,3,12,13,2,12,45
8,42,2026,3,12,15,7,4,48
8,48,2026,3,12,19,4,20,32
8,54,2026,3,12,1,1,20,13
9,0,2026,3,12,1,2,0,15
9,5,2026,3,12,19,5,2,18
9,9,2026,3,12,15,5,0,23
9,14,2026,3,12,13,2,11,14
9,20,2026,3,12,12,32,9,37
9,26,2026,3,12,14,5,2,40
9,31,2026,3,12,12,11,0,51
9,38,2026,3,12,13,1,16,36
9,42,2026,3,12,15,2,3,35
9,48,2026,3,12,19,4,21,18
9,54,2026,3,12,1,2,14,6
10,0,2026,3,12,1,6,0,12
10,5,2026,3,12,19,2,0,14
10,9,2026,3,12,15,2,2,14
10,14,2026,3,12,13,4,1,17
10,20,2026,3,12,12,21,14,24
10,26,2026,3,12,14,5,7,22
10,31,2026,3,12,12,13,3,32
10,38,2026,3,12,13,5,11,26
10,42,2026,3,12,15,2,8,20
10,48,2026,3,12,19,5,7,18
10,54,2026,3,12,1,6,6,18
11,0,2026,3,12,1,3,0,21
11,5,2026,3,12,19,3,0,24
11,9,2026,3,12,15,3,1,26
11,14,2026,3,12,13,5,0,31
11,20,2026,3,12,12,9,20,20
11,26,2026,3,12,14,4,11,13
11,31,2026,3,12,12,23,3,33
11,38,2026,3,12,13,3,8,28
11,42,2026,3,12,15,6,7,27
11,48,2026,3,12,19,2,5,24
11,54,2026,3,12,1,6,11,19
12,0,2026,3,12,1,3,0,22
12,5,2026,3,12,19,4,1,25
12,9,2026,3,12,15,2,1,26
12,14,2026,3,12,13,5,3,28
12,20,2026,3,12,12,33,21,40
12,26,2026,3,12,14,5,11,34
12,31,2026,3,12,12,9,4,39
12,38,2026,3,12,13,6,6,39
12,42,2026,3,12,15,6,15,30
12,48,2026,3,12,19,4,13,21
12,54,2026,3,12,1,2,5,18
13,0,2026,3,12,1,26,0,44
13,5,2026,3,12,19,12,1,55
13,9,2026,3,12,15,3,7,51
13,14,2026,3,12,13,16,7,60
13,20,2026,3,12,12,13,33,40
13,26,2026,3,12,14,6,19,27
13,31,2026,3,12,12,17,5,39
13,38,2026,3,12,13,9,6,42
13,42,2026,3,12,15,6,13,35
13,48,2026,3,12,19,12,10,37
13,54,2026,3,12,1,11,8,40
14,0,2026,3,12,1,23,0,63
14,5,2026,3,12,19,12,9,66
14,9,2026,3,12,15,4,16,54
14,14,2026,3,12,13,18,6,66
14,20,2026,3,12,12,20,20,66
14,26,2026,3,12,14,2,21,47
14,31,2026,3,12,12,20,1,66
14,38,2026,3,12,13,3,3,66
14,42,2026,3,12,15,5,20,51
14,48,2026,3,12,19,13,20,44
14,54,2026,3,12,1,17,18,43
15,0,2026,3,12,1,16,0,59
15,5,2026,3,12,19,11,4,66
15,9,2026,3,12,15,6,14,58
15,14,2026,3,12,13,18,10,66
15,20,2026,3,12,12,23,23,66
15,26,2026,3,12,14,4,20,50
15,31,2026,3,12,12,8,4,54
15,38,2026,3,12,13,16,4,66
15,42,2026,3,12,15,6,22,50
15,48,2026,3,12,19,13,11,52
15,54,2026,3,12,1,23,17,58
16,0,2026,3,12,1,5,0,63
16,5,2026,3,12,19,5,6,62
16,9,2026,3,12,15,4,10,56
16,14,2026,3,12,13,4,16,44
16,20,2026,3,12,12,16,23,37
16,26,2026,3,12,14,6,16,27
16,31,2026,3,12,12,25,3,49
16,38,2026,3,12,13,5,3,51
16,42,2026,3,12,15,4,16,39
16,48,2026,3,12,19,2,7,34
16,54,2026,3,12,1,5,17,22
17,0,2026,3,12,1,3,0,25
17,5,2026,3,12,19,5,2,28
17,9,2026,3,12,15,5,2,31
17,14,2026,3,12,13,5,4,32
17,20,2026,3,12,12,17,19,30
17,26,2026,3,12,14,3,13,20
17,31,2026,3,12,12,29,1,48
17,38,2026,3,12,13,3,9,42
17,42,2026,3,12,15,5,10,37
17,48,2026,3,12,19,4,16,25
17,54,2026,3,12,1,2,9,18
18,0,2026,3,12,1,3,0,21
18,5,2026,3,12,19,4,2,23
18,9,2026,3,12,15,5,1,27
18,14,2026,3,12,13,2,0,29
18,20,2026,3,12,12,36,21,44
18,26,2026,3,12,14,5,12,37
18,31,2026,3,12,12,26,3,60
18,38,2026,3,12,13,4,15,49
18,42,2026,3,12,15,4,15,38
18,48,2026,3,12,19,6,12,32
18,54,2026,3,12,1,5,10,27
19,0,2026,3,12,1,5,0,32
19,5,2026,3,12,19,6,0,38
19,9,2026,3,12,15,5,4,39
19,14,2026,3,12,13,5,3,41
19,20,2026,3,12,12,26,21,46
19,26,2026,3,12,14,5,26,25
19,31,2026,3,12,12,28,3,50
19,38,2026,3,12,13,6,11,45
19,42,2026,3,12,15,3,13,35
19,48,2026,3,12,19,3,12,26
19,54,2026,3,12,1,5,7,24
20,0,2026,3,12,1,4,0,28
20,5,2026,3,12,19,4,2,30
20,9,2026,3,12,15,5,2,33
20,14,2026,3,12,13,2,2,33
20,20,2026,3,12,12,11,18,26
20,26,2026,3,12,14,2,16,12
20,31,2026,3,12,12,21,1,32
20,38,2026,3,12,13,6,5,33
20,42,2026,3,12,15,3,13,23
20,48,2026,3,12,19,5,8,20
20,54,2026,3,12,1,5,8,17
21,0,2026,3,12,1,4,0,21
21,5,2026,3,12,19,3,1,23
21,9,2026,3,12,15,4,1,26
21,14,2026,3,12,13,4,1,29
21,20,2026,3,12,12,16,21,24
21,26,2026,3,12,14,3,10,17
21,31,2026,3,12,12,24,2,39
21,38,2026,3,12,13,2,5,36
21,42,2026,3,12,15,6,10,32
21,48,2026,3,12,19,6,11,27
21,54,2026,3,12,1,4,8,23
22,0,2026,3,12,1,5,0,28
22,5,2026,3,12,19,5,1,32
22,9,2026,3,12,15,6,3,35
22,14,2026,3,12,13,4,5,34
22,20,2026,3,12,12,26,23,37
22,26,2026,3,12,14,2,10,29
22,31,2026,3,12,12,35,1,63
22,38,2026,3,12,13,5,7,61
22,42,2026,3,12,15,4,23,42
22,48,2026,3,12,19,2,10,34
22,54,2026,3,12,1,6,16,24
23,0,2026,3,12,1,6,0,30
23,5,2026,3,12,19,3,2,31
23,9,2026,3,12,15,6,2,35
23,14,2026,3,12,13,3,1,37
23,20,2026,3,12,12,31,23,45
23,26,2026,3,12,14,6,16,35
23,31,2026,3,12,12,33,4,64
23,38,2026,3,12,13,3,17,50
23,42,2026,3,12,15,5,14,41
23,48,2026,3,12,19,0,21,20
23,54,2026,3,12,1,0,20,0
6,0,2026,3,13,1,3,0,3
6,5,2026,3,13,19,5,0,8
6,9,2026,3,13,15,14,1,21
6,14,2026,3,13,13,5,1,25
6,20,2026,3,13,12,12,23,14
6,26,2026,3,13,14,6,3,17
6,31,2026,3,13,12,15,4,28
6,38,2026,3,13,13,6,6,28
6,42,2026,3,13,15,22,8,42
6,48,2026,3,13,19,2,8,36
6,54,2026,3,13,1,6,6,36
7,0,2026,3,13,1,1,0,37
7,5,2026,3,13,19,1,2,36
7,9,2026,3,13,15,18,0,54
7,14,2026,3,13,13,3,16,41
7,20,2026,3,13,12,20,21,40
7,26,2026,3,13,14,10,6,44
7,31,2026,3,13,12,24,2,66
7,38,2026,3,13,13,3,23,46
7,42,2026,3,13,15,7,2,51
7,48,2026,3,13,19,4,21,34
7,54,2026,3,13,1,2,20,16
8,0,2026,3,13,1,4,0,20
8,5,2026,3,13,19,4,2,22
8,9,2026,3,13,15,15,0,37
8,14,2026,3,13,13,4,12,29
8,20,2026,3,13,12,30,15,44
8,26,2026,3,13,14,10,2,52
8,31,2026,3,13,12,14,0,66
8,38,2026,3,13,13,4,22,48
8,42,2026,3,13,15,14,2,60
8,48,2026,3,13,19,3,21,42
8,54,2026,3,13,1,1,21,22
9,0,2026,3,13,1,4,0,26
9,5,2026,3,13,19,1,1,26
9,9,2026,3,13,15,2,0,28
9,14,2026,3,13,13,2,12,18
9,20,2026,3,13,12,29,14,33
9,26,2026,3,13,14,4,2,35
9,31,2026,3,13,12,17,1,51
9,38,2026,3,13,13,1,13,39
9,42,2026,3,13,15,2,1,40
9,48,2026,3,13,19,5,20,25
9,54,2026,3,13,1,4,21,8
10,0,2026,3,13,1,5,0,13
10,5,2026,3,13,19,3,2,14
10,9,2026,3,13,15,2,2,14
10,14,2026,3,13,13,4,0,18
10,20,2026,3,13,12,29,14,33
10,26,2026,3,13,14,4,5,32
10,31,2026,3,13,12,8,2,38
10,38,2026,3,13,13,3,3,38
10,42,2026,3,13,15,3,13,28
10,48,2026,3,13,19,3,8,23
10,54,2026,3,13,1,6,12,17
11,0,2026,3,13,1,2,0,19
11,5,2026,3,13,19,2,2,19
11,9,2026,3,13,15,6,2,23
11,14,2026,3,13,13,3,4,22
11,20,2026,3,13,12,20,15,27
11,26,2026,3,13,14,2,6,23
11,31,2026,3,13,12,25,1,47
11,38,2026,3,13,13,4,12,39
11,42,2026,3,13,15,3,11,31
11,48,2026,3,13,19,6,11,26
11,54,2026,3,13,1,6,13,19
12,0,2026,3,13,1,6,0,25
12,5,2026,3,13,19,2,1,26
12,9,2026,3,13,15,2,2,26
12,14,2026,3,13,13,6,2,30
12,20,2026,3,13,12,12,23,19
12,26,2026,3,13,14,2,8,13
12,31,2026,3,13,12,21,2,32
12,38,2026,3,13,13,2,7,27
12,42,2026,3,13,15,2,8,21
12,48,2026,3,13,19,3,11,13
12,54,2026,3,13,1,2,5,10
13,0,2026,3,13,1,27,0,37
13,5,2026,3,13,19,23,0,60
13,9,2026,3,13,15,4,8,56
13,14,2026,3,13,13,22,13,65
13,20,2026,3,13,12,12,22,55
13,26,2026,3,13,14,3,25,33
13,31,2026,3,13,12,10,1,42
13,38,2026,3,13,13,28,5,65
13,42,2026,3,13,15,3,11,57
13,48,2026,3,13,19,12,16,53
13,54,2026,3,13,1,11,12,52
14,0,2026,3,13,1,14,0,66
14,5,2026,3,13,19,5,5,66
14,9,2026,3,13,15,2,14,54
14,14,2026,3,13,13,10,10,54
14,20,2026,3,13,12,13,22,45
14,26,2026,3,13,14,5,22,28
14,31,2026,3,13,12,10,3,35
14,38,2026,3,13,13,8,4,39
14,42,2026,3,13,15,4,14,29
14,48,2026,3,13,19,31,6,54
14,54,2026,3,13,1,13,13,54
15,0,2026,3,13,1,12,0,66
15,5,2026,3,13,19,5,5,66
15,9,2026,3,13,15,5,15,56
15,14,2026,3,13,13,14,4,66
15,20,2026,3,13,12,30,30,66
15,26,2026,3,13,14,6,21,51
15,31,2026,3,13,12,20,5,66
15,38,2026,3,13,13,11,11,66
15,42,2026,3,13,15,4,23,47
15,48,2026,3,13,19,20,13,54
15,54,2026,3,13,1,13,19,48
16,0,2026,3,13,1,3,0,51
16,5,2026,3,13,19,6,2,55
16,9,2026,3,13,15,3,11,47
16,14,2026,3,13,13,5,6,46
16,20,2026,3,13,12,35,22,59
16,26,2026,3,13,14,3,22,40
16,31,2026,3,13,12,28,2,66
16,38,2026,3,13,13,2,15,53
16,42,2026,3,13,15,3,16,40
16,48,2026,3,13,19,5,15,30
16,54,2026,3,13,1,3,14,19
17,0,2026,3,13,1,5,0,24
17,5,2026,3,13,19,3,1,26
17,9,2026,3,13,15,4,0,30
17,14,2026,3,13,13,4,1,33
17,20,2026,3,13,12,27,20,40
17,26,2026,3,13,14,5,16,29
17,31,2026,3,13,12,14,1,42
17,38,2026,3,13,13,6,14,34
17,42,2026,3,13,15,5,13,26
17,48,2026,3,13,19,4,9,21
17,54,2026,3,13,1,4,9,16
18,0,2026,3,13,1,5,0,21
18,5,2026,3,13,19,2,1,22
18,9,2026,3,13,15,4,2,24
18,14,2026,3,13,13,2,1,25
18,20,2026,3,13,12,27,20,32
18,26,2026,3,13,14,2,7,27
18,31,2026,3,13,12,17,2,42
18,38,2026,3,13,13,2,8,36
18,42,2026,3,13,15,3,11,28
18,48,2026,3,13,19,4,13,19
18,54,2026,3,13,1,4,7,16
19,0,2026,3,13,1,6,0,22
19,5,2026,3,13,19,5,1,26
19,9,2026,3,13,15,6,2,30
19,14,2026,3,13,13,5,1,34
19,20,2026,3,13,12,13,19,28
19,26,2026,3,13,14,2,19,11
19,31,2026,3,13,12,21,1,31
19,38,2026,3,13,13,4,4,31
19,42,2026,3,13,15,3,9,25
19,48,2026,3,13,19,4,7,22
19,54,2026,3,13,1,2,8,16
20,0,2026,3,13,1,5,0,21
20,5,2026,3,13,19,6,0,27
20,9,2026,3,13,15,4,3,28
20,14,2026,3,13,13,5,4,29
20,20,2026,3,13,12,27,20,36
20,26,2026,3,13,14,2,13,25
20,31,2026,3,13,12,33,2,56
20,38,2026,3,13,13,5,12,49
20,42,2026,3,13,15,2,13,38
20,48,2026,3,13,19,4,9,33
20,54,2026,3,13,1,6,14,25
21,0,2026,3,13,1,5,0,30
21,5,2026,3,13,19,6,2,34
21,9,2026,3,13,15,5,2,37
21,14,2026,3,13,13,5,2,40
21,20,2026,3,13,12,8,21,27
21,26,2026,3,13,14,5,15,17
21,31,2026,3,13,12,23,2,38
21,38,2026,3,13,13,2,9,31
21,42,2026,3,13,15,6,6,31
21,48,2026,3,13,19,2,8,25
21,54,2026,3,13,1,2,9,18
22,0,2026,3,13,1,2,0,20
22,5,2026,3,13,19,2,0,22
22,9,2026,3,13,15,2,0,24
22,14,2026,3,13,13,4,2,26
22,20,2026,3,13,12,36,16,46
22,26,2026,3,13,14,2,16,32
22,31,2026,3,13,12,34,2,64
22,38,2026,3,13,13,2,12,54
22,42,2026,3,13,15,4,14,44
22,48,2026,3,13,19,6,16,34
22,54,2026,3,13,1,6,20,20
23,0,2026,3,13,1,4,0,24
23,5,2026,3,13,19,2,1,25
23,9,2026,3,13,15,6,1,30
23,14,2026,3,13,13,6,2,34
23,20,2026,3,13,12,23,20,37
23,26,2026,3,13,14,4,9,32
23,31,2026,3,13,12,17,2,47
23,38,2026,3,13,13,2,19,30
23,42,2026,3,13,15,3,11,22
23,48,2026,3,13,19,3,12,13
23,54,2026,3,13,1,0,13,0
6,0,2026,3,14,1,5,0,5
6,5,2026,3,14,19,5,0,10
6,9,2026,3,14,15,14,0,24
6,14,2026,3,14,13,3,3,24
6,20,2026,3,14,12,36,16,44
6,26,2026,3,14,14,22,14,52
6,31,2026,3,14,12,15,16,51
6,38,2026,3,14,13,6,9,48
6,42,2026,3,14,15,18,12,54
6,48,2026,3,14,19,6,15,45
6,54,2026,3,14,1,6,16,35
7,0,2026,3,14,1,3,0,38
7,5,2026,3,14,19,2,4,36
7,9,2026,3,14,15,11,1,46
7,14,2026,3,14,13,1,18,29
7,20,2026,3,14,12,15,17,27
7,26,2026,3,14,14,13,6,34
7,31,2026,3,14,12,8,3,39
7,38,2026,3,14,13,4,19,24
7,42,2026,3,14,15,18,1,41
7,48,2026,3,14,19,5,19,27
7,54,2026,3,14,1,4,15,16
8,0,2026,3,14,1,4,0,20
8,5,2026,3,14,19,4,4,20
8,9,2026,3,14,15,8,1,27
8,14,2026,3,14,13,4,13,18
8,20,2026,3,14,12,35,8,45
8,26,2026,3,14,14,7,3,49
8,31,2026,3,14,12,16,1,64
8,38,2026,3,14,13,4,20,48
8,42,2026,3,14,15,15,2,61
8,48,2026,3,14,19,3,21,43
8,54,2026,3,14,1,2,23,22
9,0,2026,3,14,1,2,0,24
9,5,2026,3,14,19,3,1,26
9,9,2026,3,14,15,4,0,30
9,14,2026,3,14,13,3,15,18
9,20,2026,3,14,12,30,11,37
9,26,2026,3,14,14,4,2,39
9,31,2026,3,14,12,27,0,66
9,38,2026,3,14,13,5,23,48
9,42,2026,3,14,15,6,1,53
9,48,2026,3,14,19,1,22,32
9,54,2026,3,14,1,2,20,14
10,0,2026,3,14,1,3,0,17
10,5,2026,3,14,19,2,0,19
10,9,2026,3,14,15,5,4,20
10,14,2026,3,14,13,5,0,25
10,20,2026,3,14,12,33,20,38
10,26,2026,3,14,14,5,11,32
10,31,2026,3,14,12,20,2,50
10,38,2026,3,14,13,6,8,48
10,42,2026,3,14,15,2,15,35
10,48,2026,3,14,19,5,10,30
10,54,2026,3,14,1,2,15,17
11,0,2026,3,14,1,4,0,21
11,5,2026,3,14,19,3,1,23
11,9,2026,3,14,15,3,2,24
11,14,2026,3,14,13,3,1,26
11,20,2026,3,14,12,14,20,20
11,26,2026,3,14,14,6,11,15
11,31,2026,3,14,12,21,5,31
11,38,2026,3,14,13,2,5,28
11,42,2026,3,14,15,6,10,24
11,48,2026,3,14,19,5,8,21
11,54,2026,3,14,1,3,8,16
12,0,2026,3,14,1,5,0,21
12,5,2026,3,14,19,2,1,22
12,9,2026,3,14,15,4,2,24
12,14,2026,3,14,13,4,1,27
12,20,2026,3,14,12,32,19,40
12,26,2026,3,14,14,3,11,32
12,31,2026,3,14,12,8,1,39
12,38,2026,3,14,13,6,12,33
12,42,2026,3,14,15,6,6,33
12,48,2026,3,14,19,5,12,26
12,54,2026,3,14,1,6,8,24
13,0,2026,3,14,1,29,0,53
13,5,2026,3,14,19,13,3,63
13,9,2026,3,14,15,5,7,61
13,14,2026,3,14,13,8,6,63
13,20,2026,3,14,12,16,35,44
13,26,2026,3,14,14,6,22,28
13,31,2026,3,14,12,15,4,39
13,38,2026,3,14,13,19,7,51
13,42,2026,3,14,15,3,9,45
13,48,2026,3,14,19,24,10,59
13,54,2026,3,14,1,20,13,66
14,0,2026,3,14,1,17,0,83
14,5,2026,3,14,19,28,10,101
14,9,2026,3,14,15,2,28,75
14,14,2026,3,14,13,4,13,66
14,20,2026,3,14,12,15,32,49
14,26,2026,3,14,14,6,26,29
14,31,2026,3,14,12,32,5,56
14,38,2026,3,14,13,17,7,66
14,42,2026,3,14,15,5,17,54
14,48,2026,3,14,19,9,18,45
14,54,2026,3,14,1,13,14,44
15,0,2026,3,14,1,22,0,66
15,5,2026,3,14,19,5,5,66
15,9,2026,3,14,15,3,14,55
15,14,2026,3,14,13,9,6,58
15,20,2026,3,14,12,27,28,57
15,26,2026,3,14,14,5,23,39
15,31,2026,3,14,12,29,3,65
15,38,2026,3,14,13,8,7,66
15,42,2026,3,14,15,5,19,52
15,48,2026,3,14,19,31,18,65
15,54,2026,3,14,1,14,13,66
16,0,2026,3,14,1,5,0,71
16,5,2026,3,14,19,2,7,66
16,9,2026,3,14,15,2,8,60
16,14,2026,3,14,13,3,8,55
16,20,2026,3,14,12,10,39,26
16,26,2026,3,14,14,4,18,12
16,31,2026,3,14,12,14,3,23
16,38,2026,3,14,13,2,7,18
16,42,2026,3,14,15,4,4,18
16,48,2026,3,14,19,5,10,13
16,54,2026,3,14,1,2,4,11
17,0,2026,3,14,1,5,0,16
17,5,2026,3,14,19,6,2,20
17,9,2026,3,14,15,3,3,20
17,14,2026,3,14,13,5,1,24
17,20,2026,3,14,12,19,21,22
17,26,2026,3,14,14,3,2,23
17,31,2026,3,14,12,36,1,58
17,38,2026,3,14,13,2,19,41
17,42,2026,3,14,15,3,7,37
17,48,2026,3,14,19,2,11,28
17,54,2026,3,14,1,2,12,18
18,0,2026,3,14,1,5,0,23
18,5,2026,3,14,19,3,0,26
18,9,2026,3,14,15,4,1,29
18,14,2026,3,14,13,2,2,29
18,20,2026,3,14,12,13,16,26
18,26,2026,3,14,14,4,14,16
18,31,2026,3,14,12,27,4,39
18,38,2026,3,14,13,5,5,39
18,42,2026,3,14,15,3,7,35
18,48,2026,3,14,19,5,8,32
18,54,2026,3,14,1,2,14,20
19,0,2026,3,14,1,4,0,24
19,5,2026,3,14,19,6,0,30
19,9,2026,3,14,15,3,1,32
19,14,2026,3,14,13,4,3,33
19,20,2026,3,14,12,31,20,44
19,26,2026,3,14,14,6,15,35
19,31,2026,3,14,12,33,3,65
19,38,2026,3,14,13,5,15,55
19,42,2026,3,14,15,4,20,39
19,48,2026,3,14,19,4,12,31
19,54,2026,3,14,1,4,17,18
20,0,2026,3,14,1,5,0,23
20,5,2026,3,14,19,3,0,26
20,9,2026,3,14,15,4,2,28
20,14,2026,3,14,13,6,4,30
20,20,2026,3,14,12,33,21,42
20,26,2026,3,14,14,6,12,36
20,31,2026,3,14,12,11,4,43
20,38,2026,3,14,13,3,7,39
20,42,2026,3,14,15,4,14,29
20,48,2026,3,14,19,5,12,22
20,54,2026,3,14,1,4,10,16
21,0,2026,3,14,1,5,0,21
21,5,2026,3,14,19,4,1,24
21,9,2026,3,14,15,3,3,24
21,14,2026,3,14,13,6,2,28
21,20,2026,3,14,12,33,21,40
21,26,2026,3,14,14,5,15,30
21,31,2026,3,14,12,21,3,48
21,38,2026,3,14,13,3,11,40
21,42,2026,3,14,15,5,13,32
21,48,2026,3,14,19,6,14,24
21,54,2026,3,14,1,3,9,18
22,0,2026,3,14,1,6,0,24
22,5,2026,3,14,19,4,0,28
22,9,2026,3,14,15,2,3,27
22,14,2026,3,14,13,6,4,29
22,20,2026,3,14,12,27,23,33
22,26,2026,3,14,14,3,9,27
22,31,2026,3,14,12,18,2,43
22,38,2026,3,14,13,6,13,36
22,42,2026,3,14,15,6,8,34
22,48,2026,3,14,19,5,15,24
22,54,2026,3,14,1,3,7,20
23,0,2026,3,14,1,2,0,22
23,5,2026,3,14,19,3,1,24
23,9,2026,3,14,15,6,2,28
23,14,2026,3,14,13,5,2,31
23,20,2026,3,14,12,13,20,24
23,26,2026,3,14,14,5,7,22
23,31,2026,3,14,12,17,2,37
23,38,2026,3,14,13,3,10,30
23,42,2026,3,14,15,5,6,29
23,48,2026,3,14,19,4,14,19
23,54,2026,3,14,1,0,19,0
6,0,2026,3,15,1,3,0,3
6,5,2026,3,15,19,3,0,6
6,9,2026,3,15,15,13,0,19
6,14,2026,3,15,13,2,1,20
6,20,2026,3,15,12,20,17,23
6,26,2026,3,15,14,12,6,29
6,31,2026,3,15,12,13,9,33
6,38,2026,3,15,13,3,8,28
6,42,2026,3,15,15,5,5,28
6,48,2026,3,15,19,4,13,19
6,54,2026,3,15,1,2,5,16
7,0,2026,3,15,1,2,0,18
7,5,2026,3,15,19,1,0,19
7,9,2026,3,15,15,13,0,32
7,14,2026,3,15,13,2,8,26
7,20,2026,3,15,12,15,14,27
7,26,2026,3,15,14,22,5,44
7,31,2026,3,15,12,18,6,56
7,38,2026,3,15,13,3,15,44
7,42,2026,3,15,15,18,2,60
7,48,2026,3,15,19,3,21,42
7,54,2026,3,15,1,2,20,24
8,0,2026,3,15,1,2,0,26
8,5,2026,3,15,19,4,2,28
8,9,2026,3,15,15,14,1,41
8,14,2026,3,15,13,1,20,22
8,20,2026,3,15,12,32,7,47
8,26,2026,3,15,14,12,3,56
8,31,2026,3,15,12,15,5,66
8,38,2026,3,15,13,1,21,46
8,42,2026,3,15,15,17,3,60
8,48,2026,3,15,19,5,22,43
8,54,2026,3,15,1,3,20,26
9,0,2026,3,15,1,4,0,30
9,5,2026,3,15,19,2,3,29
9,9,2026,3,15,15,4,0,33
9,14,2026,3,15,13,5,16,22
9,20,2026,3,15,12,27,13,36
9,26,2026,3,15,14,3,2,37
9,31,2026,3,15,12,10,0,47
9,38,2026,3,15,13,4,14,37
9,42,2026,3,15,15,2,2,37
9,48,2026,3,15,19,1,18,20
9,54,2026,3,15,1,2,18,4
10,0,2026,3,15,1,2,0,6
10,5,2026,3,15,19,2,1,7
10,9,2026,3,15,15,5,1,11
10,14,2026,3,15,13,2,2,11
10,20,2026,3,15,12,24,8,27
10,26,2026,3,15,14,6,7,26
10,31,2026,3,15,12,36,5,57
10,38,2026,3,15,13,2,9,50
10,42,2026,3,15,15,4,13,41
10,48,2026,3,15,19,2,16,27
10,54,2026,3,15,1,2,14,15
11,0,2026,3,15,1,2,0,17
11,5,2026,3,15,19,5,0,22
11,9,2026,3,15,15,5,3,24
11,14,2026,3,15,13,5,0,29
11,20,2026,3,15,12,32,17,44
11,26,2026,3,15,14,3,17,30
11,31,2026,3,15,12,12,3,39
11,38,2026,3,15,13,6,14,31
11,42,2026,3,15,15,6,6,31
11,48,2026,3,15,19,6,10,27
11,54,2026,3,15,1,2,11,18
12,0,2026,3,15,1,2,0,20
12,5,2026,3,15,19,4,0,24
12,9,2026,3,15,15,4,1,27
12,14,2026,3,15,13,5,2,30
12,20,2026,3,15,12,19,22,27
12,26,2026,3,15,14,5,6,26
12,31,2026,3,15,12,9,2,33
12,38,2026,3,15,13,2,7,28
12,42,2026,3,15,15,2,8,22
12,48,2026,3,15,19,3,13,12
12,54,2026,3,15,1,6,8,10
13,0,2026,3,15,1,8,0,18
13,5,2026,3,15,19,24,0,42
13,9,2026,3,15,15,4,6,40
13,14,2026,3,15,13,24,2,62
13,20,2026,3,15,12,8,26,44
13,26,2026,3,15,14,3,20,27
13,31,2026,3,15,12,34,3,58
13,38,2026,3,15,13,18,10,66
13,42,2026,3,15,15,6,18,54
13,48,2026,3,15,19,21,17,58
13,54,2026,3,15,1,20,12,66
14,0,2026,3,15,1,26,0,92
14,5,2026,3,15,19,15,11,96
14,9,2026,3,15,15,5,21,80
14,14,2026,3,15,13,4,18,66
14,20,2026,3,15,12,32,32,66
14,26,2026,3,15,14,6,22,50
14,31,2026,3,15,12,21,5,66
14,38,2026,3,15,13,8,8,66
14,42,2026,3,15,15,3,21,48
14,48,2026,3,15,19,24,12,60
14,54,2026,3,15,1,20,20,60
15,0,2026,3,15,1,6,0,66
15,5,2026,3,15,19,5,5,66
15,9,2026,3,15,15,2,11,57
15,14,2026,3,15,13,14,11,60
15,20,2026,3,15,12,29,23,66
15,26,2026,3,15,14,3,22,47
15,31,2026,3,15,12,11,1,57
15,38,2026,3,15,13,16,7,66
15,42,2026,3,15,15,4,21,49
15,48,2026,3,15,19,28,16,61
15,54,2026,3,15,1,18,13,66
16,0,2026,3,15,1,6,0,72
16,5,2026,3,15,19,3,3,72
16,9,2026,3,15,15,3,5,70
16,14,2026,3,15,13,6,10,66
16,20,2026,3,15,12,16,34,48
16,26,2026,3,15,14,3,22,29
16,31,2026,3,15,12,27,3,53
16,38,2026,3,15,13,3,9,47
16,42,2026,3,15,15,3,11,39
16,48,2026,3,15,19,6,13,32
16,54,2026,3,15,1,4,14,22
17,0,2026,3,15,1,5,0,27
17,5,2026,3,15,19,6,2,31
17,9,2026,3,15,15,6,0,37
17,14,2026,3,15,13,2,2,37
17,20,2026,3,15,12,36,21,52
17,26,2026,3,15,14,3,17,38
17,31,2026,3,15,12,20,1,57
17,38,2026,3,15,13,4,10,51
17,42,2026,3,15,15,6,18,39
17,48,2026,3,15,19,6,12,33
17,54,2026,3,15,1,5,18,20
18,0,2026,3,15,1,6,0,26
18,5,2026,3,15,19,2,0,28
18,9,2026,3,15,15,4,2,30
18,14,2026,3,15,13,3,8,25
18,20,2026,3,15,12,8,16,17
18,26,2026,3,15,14,2,11,8
18,31,2026,3,15,12,24,1,31
18,38,2026,3,15,13,4,6,29
18,42,2026,3,15,15,6,7,28
18,48,2026,3,15,19,6,8,26
18,54,2026,3,15,1,6,10,22
19,0,2026,3,15,1,3,0,25
19,5,2026,3,15,19,6,0,31
19,9,2026,3,15,15,3,0,34
19,14,2026,3,15,13,5,2,37
19,20,2026,3,15,12,18,24,31
19,26,2026,3,15,14,4,9,26
19,31,2026,3,15,12,10,4,32
19,38,2026,3,15,13,5,6,31
19,42,2026,3,15,15,3,6,28
19,48,2026,3,15,19,2,13,17
19,54,2026,3,15,1,6,9,14
20,0,2026,3,15,1,6,0,20
20,5,2026,3,15,19,2,2,20
20,9,2026,3,15,15,4,3,21
20,14,2026,3,15,13,2,0,23
20,20,2026,3,15,12,14,17,20
20,26,2026,3,15,14,6,6,20
20,31,2026,3,15,12,9,5,24
20,38,2026,3,15,13,2,4,22
20,42,2026,3,15,15,4,5,21
20,48,2026,3,15,19,5,7,19
20,54,2026,3,15,1,6,9,16
21,0,2026,3,15,1,3,0,19
21,5,2026,3,15,19,6,1,24
21,9,2026,3,15,15,2,1,25
21,14,2026,3,15,13,6,4,27
21,20,2026,3,15,12,29,20,36
21,26,2026,3,15,14,5,10,31
21,31,2026,3,15,12,26,3,54
21,38,2026,3,15,13,4,13,45
21,42,2026,3,15,15,3,11,37
21,48,2026,3,15,19,6,16,27
21,54,2026,3,15,1,5,13,19
22,0,2026,3,15,1,5,0,24
22,5,2026,3,15,19,6,0,30
22,9,2026,3,15,15,6,3,33
22,14,2026,3,15,13,5,3,35
22,20,2026,3,15,12,26,23,38
22,26,2026,3,15,14,2,9,31
22,31,2026,3,15,12,13,1,43
22,38,2026,3,15,13,5,10,38
22,42,2026,3,15,15,6,11,33
22,48,2026,3,15,19,2,9,26
22,54,2026,3,15,1,4,12,18
23,0,2026,3,15,1,5,0,23
23,5,2026,3,15,19,6,1,28
23,9,2026,3,15,15,4,1,31
23,14,2026,3,15,13,3,2,32
23,20,2026,3,15,12,10,22,20
23,26,2026,3,15,14,5,7,18
23,31,2026,3,15,12,19,2,35
23,38,2026,3,15,13,4,7,32
23,42,2026,3,15,15,6,9,29
23,48,2026,3,15,19,4,12,21
23,54,2026,3,15,1,0,21,0
6,0,2026,3,16,1,6,0,6
6,5,2026,3,16,19,2,2,6
6,9,2026,3,16,15,9,2,13
6,14,2026,3,16,13,4,4,13
6,20,2026,3,16,12,27,11,29
6,26,2026,3,16,14,12,4,37
6,31,2026,3,16,12,18,5,50
6,38,2026,3,16,13,2,14,38
6,42,2026,3,16,15,8,13,33
6,48,2026,3,16,19,3,13,23
6,54,2026,3,16,1,5,11,17
7,0,2026,3,16,1,1,0,18
7,5,2026,3,16,19,5,1,22
7,9,2026,3,16,15,10,0,32
7,14,2026,3,16,13,2,8,26
7,20,2026,3,16,12,33,15,44
7,26,2026,3,16,14,10,4,50
7,31,2026,3,16,12,8,2,56
7,38,2026,3,16,13,5,17,44
7,42,2026,3,16,15,13,3,54
7,48,2026,3,16,19,4,20,38
7,54,2026,3,16,1,1,25,14
8,0,2026,3,16,1,4,0,18
8,5,2026,3,16,19,4,2,20
8,9,2026,3,16,15,19,0,39
8,14,2026,3,16,13,4,16,27
8,20,2026,3,16,12,23,10,40
8,26,2026,3,16,14,19,2,57
8,31,2026,3,16,12,13,4,66
8,38,2026,3,16,13,4,23,47
8,42,2026,3,16,15,14,1,60
8,48,2026,3,16,19,4,20,44
8,54,2026,3,16,1,4,22,26
9,0,2026,3,16,1,2,0,28
9,5,2026,3,16,19,1,1,28
9,9,2026,3,16,15,3,1,30
9,14,2026,3,16,13,3,10,23
9,20,2026,3,16,12,36,13,46
9,26,2026,3,16,14,2,9,39
9,31,2026,3,16,12,9,0,48
9,38,2026,3,16,13,1,14,35
9,42,2026,3,16,15,2,3,34
9,48,2026,3,16,19,4,16,22
9,54,2026,3,16,1,3,18,7
10,0,2026,3,16,1,4,0,11
10,5,2026,3,16,19,3,0,14
10,9,2026,3,16,15,5,0,19
10,14,2026,3,16,13,5,1,23
10,20,2026,3,16,12,11,17,17
10,26,2026,3,16,14,3,8,12
10,31,2026,3,16,12,27,3,36
10,38,2026,3,16,13,6,4,38
10,42,2026,3,16,15,5,10,33
10,48,2026,3,16,19,4,12,25
10,54,2026,3,16,1,2,7,20
11,0,2026,3,16,1,5,0,25
11,5,2026,3,16,19,5,2,28
11,9,2026,3,16,15,5,5,28
11,14,2026,3,16,13,2,1,29
11,20,2026,3,16,12,33,20,42
11,26,2026,3,16,14,2,17,27
11,31,2026,3,16,12,13,2,38
11,38,2026,3,16,13,2,9,31
11,42,2026,3,16,15,4,8,27
11,48,2026,3,16,19,4,9,22
11,54,2026,3,16,1,4,10,16
12,0,2026,3,16,1,2,0,18
12,5,2026,3,16,19,5,0,23
12,9,2026,3,16,15,4,2,25
12,14,2026,3,16,13,2,3,24
12,20,2026,3,16,12,13,13,24
12,26,2026,3,16,14,5,9,20
12,31,2026,3,16,12,30,3,47
12,38,2026,3,16,13,4,13,38
12,42,2026,3,16,15,2,3,37
12,48,2026,3,16,19,4,16,25
12,54,2026,3,16,1,2,12,15
13,0,2026,3,16,1,29,0,44
13,5,2026,3,16,19,23,1,66
13,9,2026,3,16,15,2,11,57
13,14,2026,3,16,13,9,2,64
13,20,2026,3,16,12,33,31,66
13,26,2026,3,16,14,5,23,48
13,31,2026,3,16,12,14,4,58
13,38,2026,3,16,13,20,12,66
13,42,2026,3,16,15,4,19,51
13,48,2026,3,16,19,21,12,60
13,54,2026,3,16,1,23,17,66
14,0,2026,3,16,1,7,0,73
14,5,2026,3,16,19,19,5,87
14,9,2026,3,16,15,4,17,74
14,14,2026,3,16,13,2,10,66
14,20,2026,3,16,12,12,31,47
14,26,2026,3,16,14,3,27,23
14,31,2026,3,16,12,34,1,56
14,38,2026,3,16,13,16,13,59
14,42,2026,3,16,15,5,16,48
14,48,2026,3,16,19,12,8,52
14,54,2026,3,16,1,10,14,48
15,0,2026,3,16,1,18,0,66
15,5,2026,3,16,19,5,5,66
15,9,2026,3,16,15,5,12,59
15,14,2026,3,16,13,15,8,66
15,20,2026,3,16,12,22,22,66
15,26,2026,3,16,14,2,26,42
15,31,2026,3,16,12,26,2,66
15,38,2026,3,16,13,8,8,66
15,42,2026,3,16,15,3,20,49
15,48,2026,3,16,19,14,12,51
15,54,2026,3,16,1,31,20,62
16,0,2026,3,16,1,4,0,66
16,5,2026,3,16,19,2,2,66
16,9,2026,3,16,15,4,11,59
16,14,2026,3,16,13,5,4,60
16,20,2026,3,16,12,36,37,59
16,26,2026,3,16,14,4,25,38
16,31,2026,3,16,12,20,3,55
16,38,2026,3,16,13,4,8,51
16,42,2026,3,16,15,2,15,38
16,48,2026,3,16,19,6,13,31
16,54,2026,3,16,1,3,16,18
17,0,2026,3,16,1,3,0,21
17,5,2026,3,16,19,4,1,24
17,9,2026,3,16,15,2,1,25
17,14,2026,3,16,13,4,2,27
17,20,2026,3,16,12,33,21,39
17,26,2026,3,16,14,5,14,30
17,31,2026,3,16,12,16,2,44
17,38,2026,3,16,13,4,5,43
17,42,2026,3,16,15,6,11,38
17,48,2026,3,16,19,6,14,30
17,54,2026,3,16,1,4,11,23
18,0,2026,3,16,1,2,0,25
18,5,2026,3,16,19,5,1,29
18,9,2026,3,16,15,5,6,28
18,14,2026,3,16,13,4,5,27
18,20,2026,3,16,12,25,13,39
18,26,2026,3,16,14,4,13,30
18,31,2026,3,16,12,27,3,54
18,38,2026,3,16,13,3,15,42
18,42,2026,3,16,15,6,13,35
18,48,2026,3,16,19,2,12,25
18,54,2026,3,16,1,2,6,21
19,0,2026,3,16,1,3,0,24
19,5,2026,3,16,19,5,2,27
19,9,2026,3,16,15,5,0,32
19,14,2026,3,16,13,6,3,35
19,20,2026,3,16,12,27,20,42
19,26,2026,3,16,14,6,19,29
19,31,2026,3,16,12,20,4,45
19,38,2026,3,16,13,5,15,35
19,42,2026,3,16,15,2,12,25
19,48,2026,3,16,19,6,6,25
19,54,2026,3,16,1,2,14,13
20,0,2026,3,16,1,6,0,19
20,5,2026,3,16,19,2,1,20
20,9,2026,3,16,15,3,2,21
20,14,2026,3,16,13,2,1,22
20,20,2026,3,16,12,19,10,31
20,26,2026,3,16,14,4,13,22
20,31,2026,3,16,12,35,2,55
20,38,2026,3,16,13,3,11,47
20,42,2026,3,16,15,5,16,36
20,48,2026,3,16,19,4,11,29
20,54,2026,3,16,1,3,15,17
21,0,2026,3,16,1,3,0,20
21,5,2026,3,16,19,5,0,25
21,9,2026,3,16,15,3,2,26
21,14,2026,3,16,13,5,1,30
21,20,2026,3,16,12,12,23,19
21,26,2026,3,16,14,2,8,13
21,31,2026,3,16,12,13,1,25
21,38,2026,3,16,13,5,5,25
21,42,2026,3,16,15,2,8,19
21,48,2026,3,16,19,4,4,19
21,54,2026,3,16,1,4,9,14
22,0,2026,3,16,1,4,0,18
22,5,2026,3,16,19,3,1,20
22,9,2026,3,16,15,6,2,24
22,14,2026,3,16,13,2,1,25
22,20,2026,3,16,12,21,20,26
22,26,2026,3,16,14,4,9,21
22,31,2026,3,16,12,30,4,47
22,38,2026,3,16,13,3,6,44
22,42,2026,3,16,15,3,16,31
22,48,2026,3,16,19,5,8,28
22,54,2026,3,16,1,3,13,18
23,0,2026,3,16,1,6,0,24
23,5,2026,3,16,19,3,3,24
23,9,2026,3,16,15,2,1,25
23,14,2026,3,16,13,2,2,25
23,20,2026,3,16,12,19,15,29
23,26,2026,3,16,14,6,12,23
23,31,2026,3,16,12,30,4,49
23,38,2026,3,16,13,4,12,41
23,42,2026,3,16,15,4,13,32
23,48,2026,3,16,19,2,16,18
23,54,2026,3,16,1,0,18,0
6,0,2026,3,17,1,4,0,4
6,5,2026,3,17,19,2,0,6
6,9,2026,3,17,15,16,0,22
6,14,2026,3,17,13,4,1,25
6,20,2026,3,17,12,20,17,28
6,26,2026,3,17,14,15,7,36
6,31,2026,3,17,12,8,10,34
6,38,2026,3,17,13,4,5,33
6,42,2026,3,17,15,21,6,48
6,48,2026,3,17,19,6,10,44
6,54,2026,3,17,1,4,15,33
7,0,2026,3,17,1,3,0,36
7,5,2026,3,17,19,5,2,39
7,9,2026,3,17,15,13,1,51
7,14,2026,3,17,13,5,19,37
7,20,2026,3,17,12,22,20,39
7,26,2026,3,17,14,16,5,50
7,31,2026,3,17,12,19,3,66
7,38,2026,3,17,13,4,18,52
7,42,2026,3,17,15,16,2,66
7,48,2026,3,17,19,1,23,44
7,54,2026,3,17,1,3,21,26
8,0,2026,3,17,1,1,0,27
8,5,2026,3,17,19,1,2,26
8,9,2026,3,17,15,15,2,39
8,14,2026,3,17,13,1,14,26
8,20,2026,3,17,12,30,13,43
8,26,2026,3,17,14,8,4,47
8,31,2026,3,17,12,14,0,61
8,38,2026,3,17,13,5,17,49
8,42,2026,3,17,15,19,5,63
8,48,2026,3,17,19,4,21,46
8,54,2026,3,17,1,3,23,26
9,0,2026,3,17,1,3,0,29
9,5,2026,3,17,19,4,1,32
9,9,2026,3,17,15,3,1,34
9,14,2026,3,17,13,4,16,22
9,20,2026,3,17,12,16,12,26
9,26,2026,3,17,14,4,5,25
9,31,2026,3,17,12,18,0,43
9,38,2026,3,17,13,1,7,37
9,42,2026,3,17,15,3,1,39
9,48,2026,3,17,19,4,17,26
9,54,2026,3,17,1,1,20,7
10,0,2026,3,17,1,3,0,10
10,5,2026,3,17,19,3,0,13
10,9,2026,3,17,15,4,0,17
10,14,2026,3,17,13,2,1,18
10,20,2026,3,17,12,34,14,38
10,26,2026,3,17,14,3,9,32
10,31,2026,3,17,12,14,2,44
10,38,2026,3,17,13,5,13,36
10,42,2026,3,17,15,5,13,28
10,48,2026,3,17,19,4,6,26
10,54,2026,3,17,1,2,12,16
11,0,2026,3,17,1,6,0,22
11,5,2026,3,17,19,2,0,24
11,9,2026,3,17,15,4,1,27
11,14,2026,3,17,13,6,1,32
11,20,2026,3,17,12,25,20,37
11,26,2026,3,17,14,2,12,27
11,31,2026,3,17,12,22,1,48
11,38,2026,3,17,13,5,4,49
11,42,2026,3,17,15,6,14,41
11,48,2026,3,17,19,5,9,37
11,54,2026,3,17,1,4,16,25
12,0,2026,3,17,1,6,0,31
12,5,2026,3,17,19,3,1,33
12,9,2026,3,17,15,2,3,32
12,14,2026,3,17,13,5,3,34
12,20,2026,3,17,12,19,22,31
12,26,2026,3,17,14,5,12,24
12,31,2026,3,17,12,28,3,49
12,38,2026,3,17,13,3,13,39
12,42,2026,3,17,15,6,6,39
12,48,2026,3,17,19,4,11,32
12,54,2026,3,17,1,4,15,21
13,0,2026,3,17,1,12,0,33
13,5,2026,3,17,19,7,0,40
13,9,2026,3,17,15,3,2,41
13,14,2026,3,17,13,21,2,60
13,20,2026,3,17,12,11,20,51
13,26,2026,3,17,14,4,24,31
13,31,2026,3,17,12,11,3,39
13,38,2026,3,17,13,29,4,64
13,42,2026,3,17,15,5,15,54
13,48,2026,3,17,19,23,12,65
13,54,2026,3,17,1,15,14,66
14,0,2026,3,17,1,24,0,90
14,5,2026,3,17,19,17,7,100
14,9,2026,3,17,15,5,15,90
14,14,2026,3,17,13,12,16,86
14,20,2026,3,17,12,19,39,66
14,26,2026,3,17,14,5,23,48
14,31,2026,3,17,12,20,3,65
14,38,2026,3,17,13,7,6,66
14,42,2026,3,17,15,3,17,52
14,48,2026,3,17,19,11,13,50
14,54,2026,3,17,1,15,23,42
15,0,2026,3,17,1,19,0,61
15,5,2026,3,17,19,8,3,66
15,9,2026,3,17,15,5,10,61
15,14,2026,3,17,13,17,13,65
15,20,2026,3,17,12,16,23,58
15,26,2026,3,17,14,2,20,40
15,31,2026,3,17,12,12,1,51
15,38,2026,3,17,13,19,4,66
15,42,2026,3,17,15,3,22,47
15,48,2026,3,17,19,15,10,52
15,54,2026,3,17,1,14,16,50
16,0,2026,3,17,1,6,0,56
16,5,2026,3,17,19,2,4,54
16,9,2026,3,17,15,2,6,50
16,14,2026,3,17,13,6,11,45
16,20,2026,3,17,12,20,29,36
16,26,2026,3,17,14,6,12,30
16,31,2026,3,17,12,24,3,51
16,38,2026,3,17,13,3,8,46
16,42,2026,3,17,15,6,13,39
16,48,2026,3,17,19,4,14,29
16,54,2026,3,17,1,5,14,20
17,0,2026,3,17,1,6,0,26
17,5,2026,3,17,19,2,2,26
17,9,2026,3,17,15,6,4,28
17,14,2026,3,17,13,4,1,31
17,20,2026,3,17,12,16,19,28
17,26,2026,3,17,14,2,18,12
17,31,2026,3,17,12,35,1,46
17,38,2026,3,17,13,6,9,43
17,42,2026,3,17,15,5,13,35
17,48,2026,3,17,19,6,11,30
17,54,2026,3,17,1,6,12,24
18,0,2026,3,17,1,4,0,28
18,5,2026,3,17,19,5,2,31
18,9,2026,3,17,15,5,1,35
18,14,2026,3,17,13,3,1,37
18,20,2026,3,17,12,10,22,25
18,26,2026,3,17,14,4,10,19
18,31,2026,3,17,12,8,3,24
18,38,2026,3,17,13,2,4,22
18,42,2026,3,17,15,2,6,18
18,48,2026,3,17,19,4,6,16
18,54,2026,3,17,1,2,8,10
19,0,2026,3,17,1,2,0,12
19,5,2026,3,17,19,2,0,14
19,9,2026,3,17,15,4,0,18
19,14,2026,3,17,13,4,2,20
19,20,2026,3,17,12,19,16,23
19,26,2026,3,17,14,5,6,22
19,31,2026,3,17,12,27,2,47
19,38,2026,3,17,13,4,7,44
19,42,2026,3,17,15,5,10,39
19,48,2026,3,17,19,2,12,29
19,54,2026,3,17,1,4,10,23
20,0,2026,3,17,1,6,0,29
20,5,2026,3,17,19,2,1,30
20,9,2026,3,17,15,5,0,35
20,14,2026,3,17,13,2,0,37
20,20,2026,3,17,12,13,20,30
20,26,2026,3,17,14,6,19,17
20,31,2026,3,17,12,27,6,38
20,38,2026,3,17,13,2,6,34
20,42,2026,3,17,15,6,4,36
20,48,2026,3,17,19,5,13,28
20,54,2026,3,17,1,2,14,16
21,0,2026,3,17,1,4,0,20
21,5,2026,3,17,19,6,0,26
21,9,2026,3,17,15,5,2,29
21,14,2026,3,17,13,5,3,31
21,20,2026,3,17,12,33,19,45
21,26,2026,3,17,14,3,16,32
21,31,2026,3,17,12,26,2,56
21,38,2026,3,17,13,5,13,48
21,42,2026,3,17,15,6,12,42
21,48,2026,3,17,19,4,18,28
21,54,2026,3,17,1,6,11,23
22,0,2026,3,17,1,2,0,25
22,5,2026,3,17,19,3,1,27
22,9,2026,3,17,15,4,2,29
22,14,2026,3,17,13,6,3,32
22,20,2026,3,17,12,20,20,32
22,26,2026,3,17,14,3,11,24
22,31,2026,3,17,12,18,2,40
22,38,2026,3,17,13,2,7,35
22,42,2026,3,17,15,4,7,32
22,48,2026,3,17,19,4,6,30
22,54,2026,3,17,1,6,15,21
23,0,2026,3,17,1,5,0,26
23,5,2026,3,17,19,4,1,29
23,9,2026,3,17,15,6,1,34
23,14,2026,3,17,13,3,3,34
23,20,2026,3,17,12,28,20,42
23,26,2026,3,17,14,2,20,24
23,31,2026,3,17,12,34,1,57
23,38,2026,3,17,13,3,6,54
23,42,2026,3,17,15,4,15,43
23,48,2026,3,17,19,0,22,21
23,54,2026,3,17,1,0,21,0
6,0,2026,3,18,1,2,0,2
6,5,2026,3,18,19,4,0,6
6,9,2026,3,18,15,12,0,18
6,14,2026,3,18,13,2,1,19
6,20,2026,3,18,12,22,14,27
6,26,2026,3,18,14,18,4,41
6,31,2026,3,18,12,35,10,66
6,38,2026,3,18,13,3,11,58
6,42,2026,3,18,15,14,12,60
6,48,2026,3,18,19,4,13,51
6,54,2026,3,18,1,2,21,32
7,0,2026,3,18,1,2,0,34
7,5,2026,3,18,19,3,3,34
7,9,2026,3,18,15,22,1,55
7,14,2026,3,18,13,2,19,38
7,20,2026,3,18,12,17,15,40
7,26,2026,3,18,14,21,12,49
7,31,2026,3,18,12,22,5,66
7,38,2026,3,18,13,4,19,51
7,42,2026,3,18,15,13,1,63
7,48,2026,3,18,19,1,27,37
7,54,2026,3,18,1,3,22,18
8,0,2026,3,18,1,1,0,19
8,5,2026,3,18,19,3,1,21
8,9,2026,3,18,15,9,0,30
8,14,2026,3,18,13,4,16,18
8,20,2026,3,18,12,9,8,19
8,26,2026,3,18,14,17,1,35
8,31,2026,3,18,12,32,4,63
8,38,2026,3,18,13,5,19,49
8,42,2026,3,18,15,18,3,64
8,48,2026,3,18,19,4,20,48
8,54,2026,3,18,1,3,21,30
9,0,2026,3,18,1,1,0,31
9,5,2026,3,18,19,5,2,34
9,9,2026,3,18,15,3,0,37
9,14,2026,3,18,13,5,17,25
9,20,2026,3,18,12,17,12,30
9,26,2026,3,18,14,2,5,27
9,31,2026,3,18,12,23,1,49
9,38,2026,3,18,13,4,10,43
9,42,2026,3,18,15,3,0,46
9,48,2026,3,18,19,3,20,29
9,54,2026,3,18,1,4,23,10
10,0,2026,3,18,1,6,0,16
10,5,2026,3,18,19,4,1,19
10,9,2026,3,18,15,5,1,23
10,14,2026,3,18,13,2,0,25
10,20,2026,3,18,12,11,21,15
10,26,2026,3,18,14,2,1,16
10,31,2026,3,18,12,20,2,34
10,38,2026,3,18,13,2,6,30
10,42,2026,3,18,15,3,6,27
10,48,2026,3,18,19,2,7,22
10,54,2026,3,18,1,2,10,14
11,0,2026,3,18,1,4,0,18
11,5,2026,3,18,19,3,0,21
11,9,2026,3,18,15,4,1,24
11,14,2026,3,18,13,3,1,26
11,20,2026,3,18,12,19,14,31
11,26,2026,3,18,14,4,11,24
11,31,2026,3,18,12,22,2,44
11,38,2026,3,18,13,2,5,41
11,42,2026,3,18,15,4,14,31
11,48,2026,3,18,19,2,8,25
11,54,2026,3,18,1,4,14,15
12,0,2026,3,18,1,3,0,18
12,5,2026,3,18,19,3,2,19
12,9,2026,3,18,15,6,0,25
12,14,2026,3,18,13,6,2,29
12,20,2026,3,18,12,12,19,22
12,26,2026,3,18,14,2,11,13
12,31,2026,3,18,12,30,1,42
12,38,2026,3,18,13,6,12,36
12,42,2026,3,18,15,3,6,33
12,48,2026,3,18,19,2,17,18
12,54,2026,3,18,1,3,4,17
13,0,2026,3,18,1,10,0,27
13,5,2026,3,18,19,16,2,41
13,9,2026,3,18,15,5,1,45
13,14,2026,3,18,13,22,3,64
13,20,2026,3,18,12,24,29,59
13,26,2026,3,18,14,2,27,34
13,31,2026,3,18,12,27,2,59
13,38,2026,3,18,13,12,5,66
13,42,2026,3,18,15,4,20,50
13,48,2026,3,18,19,20,12,58
13,54,2026,3,18,1,23,17,64
14,0,2026,3,18,1,2,0,66
14,5,2026,3,18,19,5,5,66
14,9,2026,3,18,15,4,8,62
14,14,2026,3,18,13,13,9,66
14,20,2026,3,18,12,8,27,47
14,26,2026,3,18,14,6,21,32
14,31,2026,3,18,12,29,5,56
14,38,2026,3,18,13,14,5,65
14,42,2026,3,18,15,3,21,47
14,48,2026,3,18,19,15,15,47
14,54,2026,3,18,1,13,9,51
15,0,2026,3,18,1,15,0,66
15,5,2026,3,18,19,2,2,66
15,9,2026,3,18,15,5,14,57
15,14,2026,3,18,13,15,6,66
15,20,2026,3,18,12,21,21,66
15,26,2026,3,18,14,5,25,46
15,31,2026,3,18,12,12,4,54
15,38,2026,3,18,13,20,8,66
15,42,2026,3,18,15,6,9,63
15,48,2026,3,18,19,14,17,60
15,54,2026,3,18,1,10,24,46
16,0,2026,3,18,1,6,0,52
16,5,2026,3,18,19,3,6,49
16,9,2026,3,18,15,6,5,50
16,14,2026,3,18,13,3,8,45
16,20,2026,3,18,12,23,23,45
16,26,2026,3,18,14,6,19,32
16,31,2026,3,18,12,23,4,51
16,38,2026,3,18,13,3,10,44
16,42,2026,3,18,15,2,10,36
16,48,2026,3,18,19,3,13,26
16,54,2026,3,18,1,3,15,14
17,0,2026,3,18,1,3,0,17
17,5,2026,3,18,19,4,0,21
17,9,2026,3,18,15,2,0,23
17,14,2026,3,18,13,3,2,24
17,20,2026,3,18,12,29,11,42
17,26,2026,3,18,14,2,13,31
17,31,2026,3,18,12,25,2,54
17,38,2026,3,18,13,3,6,51
17,42,2026,3,18,15,5,13,43
17,48,2026,3,18,19,2,10,35
17,54,2026,3,18,1,2,16,21
18,0,2026,3,18,1,6,0,27
18,5,2026,3,18,19,6,2,31
18,9,2026,3,18,15,6,3,34
18,14,2026,3,18,13,2,1,35
18,20,2026,3,18,12,9,19,25
18,26,2026,3,18,14,5,17,13
18,31,2026,3,18,12,19,3,29
18,38,2026,3,18,13,4,7,26
18,42,2026,3,18,15,5,4,27
18,48,2026,3,18,19,3,10,20
18,54,2026,3,18,1,2,7,15
19,0,2026,3,18,1,5,0,20
19,5,2026,3,18,19,6,0,26
19,9,2026,3,18,15,5,3,28
19,14,2026,3,18,13,6,2,32
19,20,2026,3,18,12,26,24,34
19,26,2026,3,18,14,2,13,23
19,31,2026,3,18,12,25,2,46
19,38,2026,3,18,13,5,11,40
19,42,2026,3,18,15,3,8,35
19,48,2026,3,18,19,3,12,26
19,54,2026,3,18,1,4,14,16
20,0,2026,3,18,1,3,0,19
20,5,2026,3,18,19,6,0,25
20,9,2026,3,18,15,4,1,28
20,14,2026,3,18,13,5,3,30
20,20,2026,3,18,12,21,22,29
20,26,2026,3,18,14,5,10,24
20,31,2026,3,18,12,30,4,50
20,38,2026,3,18,13,3,10,43
20,42,2026,3,18,15,5,15,33
20,48,2026,3,18,19,2,8,27
20,54,2026,3,18,1,2,13,16
21,0,2026,3,18,1,4,0,20
21,5,2026,3,18,19,6,0,26
21,9,2026,3,18,15,4,0,30
21,14,2026,3,18,13,4,2,32
21,20,2026,3,18,12,22,20,34
21,26,2026,3,18,14,4,12,26
21,31,2026,3,18,12,36,2,60
21,38,2026,3,18,13,6,9,57
21,42,2026,3,18,15,3,15,45
21,48,2026,3,18,19,5,10,40
21,54,2026,3,18,1,3,17,26
22,0,2026,3,18,1,6,0,32
22,5,2026,3,18,19,3,0,35
22,9,2026,3,18,15,2,3,34
22,14,2026,3,18,13,2,2,34
22,20,2026,3,18,12,12,20,26
22,26,2026,3,18,14,6,15,17
22,31,2026,3,18,12,34,5,46
22,38,2026,3,18,13,6,8,44
22,42,2026,3,18,15,3,10,37
22,48,2026,3,18,19,4,10,31
22,54,2026,3,18,1,5,10,26
23,0,2026,3,18,1,5,0,31
23,5,2026,3,18,19,4,2,33
23,9,2026,3,18,15,2,1,34
23,14,2026,3,18,13,4,3,35
23,20,2026,3,18,12,31,20,46
23,26,2026,3,18,14,4,20,30
23,31,2026,3,18,12,10,3,37
23,38,2026,3,18,13,4,12,29
23,42,2026,3,18,15,6,9,26
23,48,2026,3,18,19,6,13,19
23,54,2026,3,18,1,0,19,0
6,0,2026,3,19,1,2,0,2
6,5,2026,3,19,19,5,0,7
6,9,2026,3,19,15,18,2,23
6,14,2026,3,19,13,4,2,25
6,20,2026,3,19,12,23,16,32
6,26,2026,3,19,14,14,13,33
6,31,2026,3,19,12,31,10,54
6,38,2026,3,19,13,5,14,45
6,42,2026,3,19,15,12,7,50
6,48,2026,3,19,19,3,15,38
6,54,2026,3,19,1,5,15,28
7,0,2026,3,19,1,2,0,30
7,5,2026,3,19,19,2,3,29
7,9,2026,3,19,15,16,0,45
7,14,2026,3,19,13,2,18,29
7,20,2026,3,19,12,16,15,30
7,26,2026,3,19,14,6,8,28
7,31,2026,3,19,12,30,1,57
7,38,2026,3,19,13,5,16,46
7,42,2026,3,19,15,16,3,59
7,48,2026,3,19,19,5,20,44
7,54,2026,3,19,1,2,25,21
8,0,2026,3,19,1,1,0,22
8,5,2026,3,19,19,3,2,23
8,9,2026,3,19,15,15,1,37
8,14,2026,3,19,13,2,9,30
8,20,2026,3,19,12,13,13,30
8,26,2026,3,19,14,16,6,40
8,31,2026,3,19,12,21,4,57
8,38,2026,3,19,13,4,9,52
8,42,2026,3,19,15,6,2,56
8,48,2026,3,19,19,3,24,35
8,54,2026,3,19,1,4,22,17
9,0,2026,3,19,1,1,0,18
9,5,2026,3,19,19,4,2,20
9,9,2026,3,19,15,3,1,22
9,14,2026,3,19,13,5,6,21
9,20,2026,3,19,12,33,9,45
9,26,2026,3,19,14,2,7,40
9,31,2026,3,19,12,15,1,54
9,38,2026,3,19,13,3,15,42
9,42,2026,3,19,15,2,0,44
9,48,2026,3,19,19,2,20,26
9,54,2026,3,19,1,2,20,8
10,0,2026,3,19,1,6,0,14
10,5,2026,3,19,19,4,1,17
10,9,2026,3,19,15,2,2,17
10,14,2026,3,19,13,4,4,17
10,20,2026,3,19,12,29,14,32
10,26,2026,3,19,14,6,6,32
10,31,2026,3,19,12,36,2,66
10,38,2026,3,19,13,4,22,48
10,42,2026,3,19,15,2,10,40
10,48,2026,3,19,19,5,13,32
10,54,2026,3,19,1,3,17,18
11,0,2026,3,19,1,2,0,20
11,5,2026,3,19,19,4,0,24
11,9,2026,3,19,15,5,4,25
11,14,2026,3,19,13,3,0,28
11,20,2026,3,19,12,12,17,23
11,26,2026,3,19,14,2,10,15
11,31,2026,3,19,12,30,2,43
11,38,2026,3,19,13,5,7,41
11,42,2026,3,19,15,3,10,34
11,48,2026,3,19,19,3,7,30
11,54,2026,3,19,1,2,15,17
12,0,2026,3,19,1,2,0,19
12,5,2026,3,19,19,2,0,21
12,9,2026,3,19,15,5,0,26
12,14,2026,3,19,13,2,1,27
12,20,2026,3,19,12,32,19,40
12,26,2026,3,19,14,2,13,29
12,31,2026,3,19,12,28,1,56
12,38,2026,3,19,13,3,10,49
12,42,2026,3,19,15,5,18,36
12,48,2026,3,19,19,5,12,29
12,54,2026,3,19,1,3,17,15
13,0,2026,3,19,1,14,0,29
13,5,2026,3,19,19,25,2,52
13,9,2026,3,19,15,2,12,42
13,14,2026,3,19,13,20,5,57
13,20,2026,3,19,12,13,20,50
13,26,2026,3,19,14,2,20,32
13,31,2026,3,19,12,35,1,66
13,38,2026,3,19,13,7,7,66
13,42,2026,3,19,15,5,18,53
13,48,2026,3,19,19,22,15,60
13,54,2026,3,19,1,23,17,66
14,0,2026,3,19,1,29,0,95
14,5,2026,3,19,19,8,11,92
14,9,2026,3,19,15,4,25,71
14,14,2026,3,19,13,12,17,66
14,20,2026,3,19,12,9,25,50
14,26,2026,3,19,14,4,20,34
14,31,2026,3,19,12,32,2,64
14,38,2026,3,19,13,8,7,65
14,42,2026,3,19,15,2,16,51
14,48,2026,3,19,19,27,18,60
14,54,2026,3,19,1,21,15,66
15,0,2026,3,19,1,31,0,97
15,5,2026,3,19,19,26,6,117
15,9,2026,3,19,15,2,28,91
15,14,2026,3,19,13,26,24,93
15,20,2026,3,19,12,1,28,66
15,26,2026,3,19,14,6,29,43
15,31,2026,3,19,12,17,4,56
15,38,2026,3,19,13,14,4,66
15,42,2026,3,19,15,4,23,47
15,48,2026,3,19,19,9,12,44
15,54,2026,3,19,1,21,19,46
16,0,2026,3,19,1,3,0,49
16,5,2026,3,19,19,5,6,48
16,9,2026,3,19,15,2,2,48
16,14,2026,3,19,13,2,7,43
16,20,2026,3,19,12,15,32,26
16,26,2026,3,19,14,2,9,19
16,31,2026,3,19,12,19,1,37
16,38,2026,3,19,13,6,6,37
16,42,2026,3,19,15,6,5,38
16,48,2026,3,19,19,2,13,27
16,54,2026,3,19,1,4,13,18
17,0,2026,3,19,1,3,0,21
17,5,2026,3,19,19,5,0,26
17,9,2026,3,19,15,3,4,25
17,14,2026,3,19,13,4,3,26
17,20,2026,3,19,12,8,20,14
17,26,2026,3,19,14,4,6,12
17,31,2026,3,19,12,29,3,38
17,38,2026,3,19,13,5,9,34
17,42,2026,3,19,15,3,6,31
17,48,2026,3,19,19,5,10,26
17,54,2026,3,19,1,6,11,21
18,0,2026,3,19,1,6,0,27
18,5,2026,3,19,19,3,2,28
18,9,2026,3,19,15,6,2,32
18,14,2026,3,19,13,5,2,35
18,20,2026,3,19,12,23,23,35
18,26,2026,3,19,14,4,11,28
18,31,2026,3,19,12,23,0,51
18,38,2026,3,19,13,2,9,44
18,42,2026,3,19,15,2,13,33
18,48,2026,3,19,19,6,17,22
18,54,2026,3,19,1,6,9,19
19,0,2026,3,19,1,5,0,24
19,5,2026,3,19,19,5,2,27
19,9,2026,3,19,15,2,2,27
19,14,2026,3,19,13,5,2,30
19,20,2026,3,19,12,14,22,22
19,26,2026,3,19,14,2,10,14
19,31,2026,3,19,12,25,2,37
19,38,2026,3,19,13,5,7,35
19,42,2026,3,19,15,3,9,29
19,48,2026,3,19,19,6,10,25
19,54,2026,3,19,1,3,12,16
20,0,2026,3,19,1,3,0,19
20,5,2026,3,19,19,6,0,25
20,9,2026,3,19,15,3,3,25
20,14,2026,3,19,13,6,2,29
20,20,2026,3,19,12,25,19,35
20,26,2026,3,19,14,4,13,26
20,31,2026,3,19,12,25,3,48
20,38,2026,3,19,13,5,4,49
20,42,2026,3,19,15,2,8,43
20,48,2026,3,19,19,3,14,32
20,54,2026,3,19,1,2,17,17
21,0,2026,3,19,1,3,0,20
21,5,2026,3,19,19,5,2,23
21,9,2026,3,19,15,3,0,26
21,14,2026,3,19,13,2,3,25
21,20,2026,3,19,12,15,14,26
21,26,2026,3,19,14,6,10,22
21,31,2026,3,19,12,14,5,31
21,38,2026,3,19,13,2,10,23
21,42,2026,3,19,15,6,8,21
21,48,2026,3,19,19,3,6,18
21,54,2026,3,19,1,3,5,16
22,0,2026,3,19,1,4,0,20
22,5,2026,3,19,19,6,0,26
22,9,2026,3,19,15,6,2,30
22,14,2026,3,19,13,4,3,31
22,20,2026,3,19,12,28,21,38
22,26,2026,3,19,14,4,13,29
22,31,2026,3,19,12,16,2,43
22,38,2026,3,19,13,4,10,37
22,42,2026,3,19,15,6,10,33
22,48,2026,3,19,19,6,12,27
22,54,2026,3,19,1,2,9,20
23,0,2026,3,19,1,3,0,23
23,5,2026,3,19,19,3,0,26
23,9,2026,3,19,15,4,2,28
23,14,2026,3,19,13,4,4,28
23,20,2026,3,19,12,31,18,41
23,26,2026,3,19,14,2,16,27
23,31,2026,3,19,12,14,2,39
23,38,2026,3,19,13,2,12,29
23,42,2026,3,19,15,5,8,26
23,48,2026,3,19,19,4,10,20
23,54,2026,3,19,1,0,20,0
6,0,2026,3,20,1,4,0,4
6,5,2026,3,20,19,5,1,8
6,9,2026,3,20,15,22,1,29
6,14,2026,3,20,13,4,1,32
6,20,2026,3,20,12,26,22,36
6,26,2026,3,20,14,5,8,33
6,31,2026,3,20,12,23,3,53
6,38,2026,3,20,13,4,13,44
6,42,2026,3,20,15,13,11,46
6,48,2026,3,20,19,3,10,39
6,54,2026,3,20,1,2,16,25
7,0,2026,3,20,1,1,0,26
7,5,2026,3,20,19,3,2,27
7,9,2026,3,20,15,20,1,46
7,14,2026,3,20,13,3,17,32
7,20,2026,3,20,12,18,17,33
7,26,2026,3,20,14,14,6,41
7,31,2026,3,20,12,11,1,51
7,38,2026,3,20,13,1,18,34
7,42,2026,3,20,15,10,0,44
7,48,2026,3,20,19,4,21,27
7,54,2026,3,20,1,1,19,9
8,0,2026,3,20,1,2,0,11
8,5,2026,3,20,19,2,2,11
8,9,2026,3,20,15,13,0,24
8,14,2026,3,20,13,2,6,20
8,20,2026,3,20,12,13,8,25
8,26,2026,3,20,14,19,1,43
8,31,2026,3,20,12,21,5,59
8,38,2026,3,20,13,1,17,43
8,42,2026,3,20,15,18,0,61
8,48,2026,3,20,19,3,21,43
8,54,2026,3,20,1,3,20,26
9,0,2026,3,20,1,3,0,29
9,5,2026,3,20,19,3,1,31
9,9,2026,3,20,15,6,0,37
9,14,2026,3,20,13,2,20,19
9,20,2026,3,20,12,31,9,41
9,26,2026,3,20,14,4,4,41
9,31,2026,3,20,12,13,0,54
9,38,2026,3,20,13,2,16,40
9,42,2026,3,20,15,4,1,43
9,48,2026,3,20,19,4,20,27
9,54,2026,3,20,1,1,20,8
10,0,2026,3,20,1,5,0,13
10,5,2026,3,20,19,3,3,13
10,9,2026,3,20,15,6,1,18
10,14,2026,3,20,13,4,3,19
10,20,2026,3,20,12,21,16,24
10,26,2026,3,20,14,4,6,22
10,31,2026,3,20,12,8,2,28
10,38,2026,3,20,13,6,7,27
10,42,2026,3,20,15,2,6,23
10,48,2026,3,20,19,2,4,21
10,54,2026,3,20,1,4,9,16
11,0,2026,3,20,1,5,0,21
11,5,2026,3,20,19,6,1,26
11,9,2026,3,20,15,4,3,27
11,14,2026,3,20,13,6,2,31
11,20,2026,3,20,12,32,23,40
11,26,2026,3,20,14,5,15,30
11,31,2026,3,20,12,9,3,36
11,38,2026,3,20,13,3,9,30
11,42,2026,3,20,15,5,10,25
11,48,2026,3,20,19,4,8,21
11,54,2026,3,20,1,4,10,15
12,0,2026,3,20,1,6,0,21
12,5,2026,3,20,19,5,0,26
12,9,2026,3,20,15,6,0,32
12,14,2026,3,20,13,5,6,31
12,20,2026,3,20,12,30,24,37
12,26,2026,3,20,14,4,8,33
12,31,2026,3,20,12,19,3,49
12,38,2026,3,20,13,3,12,40
12,42,2026,3,20,15,2,10,32
12,48,2026,3,20,19,6,10,28
12,54,2026,3,20,1,5,18,15
13,0,2026,3,20,1,13,0,28
13,5,2026,3,20,19,24,5,47
13,9,2026,3,20,15,6,2,51
13,14,2026,3,20,13,10,3,58
13,20,2026,3,20,12,30,34,54
13,26,2026,3,20,14,4,23,35
13,31,2026,3,20,12,20,2,53
13,38,2026,3,20,13,13,7,59
13,42,2026,3,20,15,3,18,44
13,48,2026,3,20,19,18,8,54
13,54,2026,3,20,1,27,15,66
14,0,2026,3,20,1,29,0,95
14,5,2026,3,20,19,20,11,104
14,9,2026,3,20,15,3,22,85
14,14,2026,3,20,13,1,20,66
14,20,2026,3,20,12,9,29,46
14,26,2026,3,20,14,6,28,24
14,31,2026,3,20,12,21,5,40
14,38,2026,3,20,13,7,7,40
14,42,2026,3,20,15,5,13,32
14,48,2026,3,20,19,23,5,50
14,54,2026,3,20,1,15,13,52
15,0,2026,3,20,1,14,0,66
15,5,2026,3,20,19,8,8,66
15,9,2026,3,20,15,2,13,55
15,14,2026,3,20,13,22,11,66
15,20,2026,3,20,12,22,22,66
15,26,2026,3,20,14,6,20,52
15,31,2026,3,20,12,17,3,66
15,38,2026,3,20,13,12,12,66
15,42,2026,3,20,15,6,21,51
15,48,2026,3,20,19,27,20,58
15,54,2026,3,20,1,12,14,56
16,0,2026,3,20,1,5,0,61
16,5,2026,3,20,19,4,3,62
16,9,2026,3,20,15,2,8,56
16,14,2026,3,20,13,4,10,50
16,20,2026,3,20,12,25,30,45
16,26,2026,3,20,14,6,20,31
16,31,2026,3,20,12,14,4,41
16,38,2026,3,20,13,2,9,34
16,42,2026,3,20,15,6,8,32
16,48,2026,3,20,19,2,16,18
16,54,2026,3,20,1,2,9,11
17,0,2026,3,20,1,5,0,16
17,5,2026,3,20,19,6,1,21
17,9,2026,3,20,15,4,2,23
17,14,2026,3,20,13,3,2,24
17,20,2026,3,20,12,30,16,38
17,26,2026,3,20,14,2,12,28
17,31,2026,3,20,12,14,0,42
17,38,2026,3,20,13,6,4,44
17,42,2026,3,20,15,4,7,41
17,48,2026,3,20,19,5,17,29
17,54,2026,3,20,1,3,14,18
18,0,2026,3,20,1,6,0,24
18,5,2026,3,20,19,4,1,27
18,9,2026,3,20,15,5,1,31
18,14,2026,3,20,13,3,5,29
18,20,2026,3,20,12,25,17,37
18,26,2026,3,20,14,3,15,25
18,31,2026,3,20,12,14,1,38
18,38,2026,3,20,13,5,9,34
18,42,2026,3,20,15,3,10,27
18,48,2026,3,20,19,4,10,21
18,54,2026,3,20,1,4,10,15
19,0,2026,3,20,1,3,0,18
19,5,2026,3,20,19,6,0,24
19,9,2026,3,20,15,3,1,26
19,14,2026,3,20,13,5,2,29
19,20,2026,3,20,12,14,20,23
19,26,2026,3,20,14,2,6,19
19,31,2026,3,20,12,23,2,40
19,38,2026,3,20,13,2,9,33
19,42,2026,3,20,15,5,9,29
19,48,2026,3,20,19,5,11,23
19,54,2026,3,20,1,4,10,17
20,0,2026,3,20,1,2,0,19
20,5,2026,3,20,19,2,0,21
20,9,2026,3,20,15,5,3,23
20,14,2026,3,20,13,2,1,24
20,20,2026,3,20,12,14,19,19
20,26,2026,3,20,14,2,7,14
20,31,2026,3,20,12,36,1,49
20,38,2026,3,20,13,2,14,37
20,42,2026,3,20,15,4,12,29
20,48,2026,3,20,19,2,5,26
20,54,2026,3,20,1,2,12,16
21,0,2026,3,20,1,6,0,22
21,5,2026,3,20,19,3,2,23
21,9,2026,3,20,15,3,0,26
21,14,2026,3,20,13,3,2,27
21,20,2026,3,20,12,16,17,26
21,26,2026,3,20,14,2,9,19
21,31,2026,3,20,12,18,1,36
21,38,2026,3,20,13,3,9,30
21,42,2026,3,20,15,4,10,24
21,48,2026,3,20,19,5,6,23
21,54,2026,3,20,1,6,12,17
22,0,2026,3,20,1,4,0,21
22,5,2026,3,20,19,4,2,23
22,9,2026,3,20,15,3,1,25
22,14,2026,3,20,13,5,3,27
22,20,2026,3,20,12,32,20,39
22,26,2026,3,20,14,4,10,33
22,31,2026,3,20,12,28,3,58
22,38,2026,3,20,13,2,12,48
22,42,2026,3,20,15,3,16,35
22,48,2026,3,20,19,6,13,28
22,54,2026,3,20,1,3,14,17
23,0,2026,3,20,1,2,0,19
23,5,2026,3,20,19,6,2,23
23,9,2026,3,20,15,5,1,27
23,14,2026,3,20,13,2,0,29
23,20,2026,3,20,12,34,18,45
23,26,2026,3,20,14,6,17,34
23,31,2026,3,20,12,21,6,49
23,38,2026,3,20,13,5,13,41
23,42,2026,3,20,15,3,15,29
23,48,2026,3,20,19,4,14,19
23,54,2026,3,20,1,0,19,0
6,0,2026,3,21,1,6,0,6
6,5,2026,3,21,19,5,1,10
6,9,2026,3,21,15,20,1,29
6,14,2026,3,21,13,2,5,26
6,20,2026,3,21,12,29,21,34
6,26,2026,3,21,14,16,8,42
6,31,2026,3,21,12,13,8,47
6,38,2026,3,21,13,2,11,38
6,42,2026,3,21,15,9,12,35
6,48,2026,3,21,19,2,10,27
6,54,2026,3,21,1,2,13,16
7,0,2026,3,21,1,4,0,20
7,5,2026,3,21,19,1,2,19
7,9,2026,3,21,15,6,1,24
7,14,2026,3,21,13,3,8,19
7,20,2026,3,21,12,12,7,24
7,26,2026,3,21,14,13,5,32
7,31,2026,3,21,12,22,1,53
7,38,2026,3,21,13,1,25,29
7,42,2026,3,21,15,6,1,34
7,48,2026,3,21,19,4,20,18
7,54,2026,3,21,1,3,12,9
8,0,2026,3,21,1,2,0,11
8,5,2026,3,21,19,2,2,11
8,9,2026,3,21,15,7,0,18
8,14,2026,3,21,13,4,8,14
8,20,2026,3,21,12,25,6,33
8,26,2026,3,21,14,15,1,47
8,31,2026,3,21,12,25,6,66
8,38,2026,3,21,13,1,17,50
8,42,2026,3,21,15,10,2,58
8,48,2026,3,21,19,5,23,40
8,54,2026,3,21,1,2,23,19
9,0,2026,3,21,1,2,0,21
9,5,2026,3,21,19,1,3,19
9,9,2026,3,21,15,6,0,25
9,14,2026,3,21,13,2,7,20
9,20,2026,3,21,12,12,9,23
9,26,2026,3,21,14,6,4,25
9,31,2026,3,21,12,12,0,37
9,38,2026,3,21,13,2,10,29
9,42,2026,3,21,15,2,1,30
9,48,2026,3,21,19,4,14,20
9,54,2026,3,21,1,2,14,8
10,0,2026,3,21,1,5,0,13
10,5,2026,3,21,19,5,2,16
10,9,2026,3,21,15,5,0,21
10,14,2026,3,21,13,6,4,23
10,20,2026,3,21,12,36,15,44
10,26,2026,3,21,14,3,13,34
10,31,2026,3,21,12,10,2,42
10,38,2026,3,21,13,4,5,41
10,42,2026,3,21,15,3,12,32
10,48,2026,3,21,19,4,17,19
10,54,2026,3,21,1,2,10,11
11,0,2026,3,21,1,5,0,16
11,5,2026,3,21,19,5,0,21
11,9,2026,3,21,15,6,0,27
11,14,2026,3,21,13,2,2,27
11,20,2026,3,21,12,31,19,39
11,26,2026,3,21,14,3,11,31
11,31,2026,3,21,12,32,3,60
11,38,2026,3,21,13,4,14,50
11,42,2026,3,21,15,5,15,40
11,48,2026,3,21,19,5,6,39
11,54,2026,3,21,1,5,17,27
12,0,2026,3,21,1,4,0,31
12,5,2026,3,21,19,4,0,35
12,9,2026,3,21,15,6,1,40
12,14,2026,3,21,13,6,2,44
12,20,2026,3,21,12,16,24,36
12,26,2026,3,21,14,4,21,19
12,31,2026,3,21,12,19,1,37
12,38,2026,3,21,13,3,9,31
12,42,2026,3,21,15,5,9,27
12,48,2026,3,21,19,3,11,19
12,54,2026,3,21,1,4,9,14
13,0,2026,3,21,1,15,0,29
13,5,2026,3,21,19,17,0,46
13,9,2026,3,21,15,2,4,44
13,14,2026,3,21,13,10,7,47
13,20,2026,3,21,12,13,21,39
13,26,2026,3,21,14,5,19,25
13,31,2026,3,21,12,20,2,43
13,38,2026,3,21,13,27,6,64
13,42,2026,3,21,15,2,17,49
13,48,2026,3,21,19,10,14,45
13,54,2026,3,21,1,24,15,54
14,0,2026,3,21,1,12,0,66
14,5,2026,3,21,19,8,8,66
14,9,2026,3,21,15,2,13,55
14,14,2026,3,21,13,21,10,66
14,20,2026,3,21,12,21,25,62
14,26,2026,3,21,14,4,26,40
14,31,2026,3,21,12,29,3,66
14,38,2026,3,21,13,9,9,66
14,42,2026,3,21,15,6,21,51
14,48,2026,3,21,19,10,15,46
14,54,2026,3,21,1,23,18,51
15,0,2026,3,21,1,12,0,63
15,5,2026,3,21,19,6,3,66
15,9,2026,3,21,15,3,12,57
15,14,2026,3,21,13,15,6,66
15,20,2026,3,21,12,27,32,61
15,26,2026,3,21,14,3,20,44
15,31,2026,3,21,12,24,2,66
15,38,2026,3,21,13,7,8,65
15,42,2026,3,21,15,6,21,50
15,48,2026,3,21,19,30,16,64
15,54,2026,3,21,1,13,20,57
16,0,2026,3,21,1,3,0,60
16,5,2026,3,21,19,6,6,60
16,9,2026,3,21,15,2,10,52
16,14,2026,3,21,13,2,6,48
16,20,2026,3,21,12,19,29,38
16,26,2026,3,21,14,6,19,25
16,31,2026,3,21,12,18,3,40
16,38,2026,3,21,13,2,8,34
16,42,2026,3,21,15,4,11,27
16,48,2026,3,21,19,3,9,21
16,54,2026,3,21,1,2,7,16
17,0,2026,3,21,1,6,0,22
17,5,2026,3,21,19,3,0,25
17,9,2026,3,21,15,4,1,28
17,14,2026,3,21,13,2,2,28
17,20,2026,3,21,12,24,17,35
17,26,2026,3,21,14,6,11,30
17,31,2026,3,21,12,28,3,55
17,38,2026,3,21,13,2,9,48
17,42,2026,3,21,15,5,14,39
17,48,2026,3,21,19,6,11,34
17,54,2026,3,21,1,2,18,18
18,0,2026,3,21,1,2,0,20
18,5,2026,3,21,19,3,0,23
18,9,2026,3,21,15,4,2,25
18,14,2026,3,21,13,2,1,26
18,20,2026,3,21,12,28,13,41
18,26,2026,3,21,14,5,18,28
18,31,2026,3,21,12,13,3,38
18,38,2026,3,21,13,4,11,31
18,42,2026,3,21,15,6,8,29
18,48,2026,3,21,19,5,7,27
18,54,2026,3,21,1,5,12,20
19,0,2026,3,21,1,4,0,24
19,5,2026,3,21,19,6,1,29
19,9,2026,3,21,15,2,0,31
19,14,2026,3,21,13,2,1,32
19,20,2026,3,21,12,33,22,43
19,26,2026,3,21,14,3,15,31
19,31,2026,3,21,12,19,3,47
19,38,2026,3,21,13,2,11,38
19,42,2026,3,21,15,3,7,34
19,48,2026,3,21,19,6,15,25
19,54,2026,3,21,1,5,11,19
20,0,2026,3,21,1,6,0,25
20,5,2026,3,21,19,3,1,27
20,9,2026,3,21,15,3,0,30
20,14,2026,3,21,13,3,5,28
20,20,2026,3,21,12,16,20,24
20,26,2026,3,21,14,6,8,22
20,31,2026,3,21,12,20,5,37
20,38,2026,3,21,13,4,5,36
20,42,2026,3,21,15,6,11,31
20,48,2026,3,21,19,2,11,22
20,54,2026,3,21,1,3,8,17
21,0,2026,3,21,1,2,0,19
21,5,2026,3,21,19,6,0,25
21,9,2026,3,21,15,5,1,29
21,14,2026,3,21,13,3,3,29
21,20,2026,3,21,12,16,21,24
21,26,2026,3,21,14,5,6,23
21,31,2026,3,21,12,18,4,37
21,38,2026,3,21,13,6,5,38
21,42,2026,3,21,15,2,10,30
21,48,2026,3,21,19,5,13,22
21,54,2026,3,21,1,6,11,17
22,0,2026,3,21,1,2,0,19
22,5,2026,3,21,19,3,2,20
22,9,2026,3,21,15,2,1,21
22,14,2026,3,21,13,5,0,26
22,20,2026,3,21,12,29,20,35
22,26,2026,3,21,14,2,6,31
22,31,2026,3,21,12,26,2,55
22,38,2026,3,21,13,3,12,46
22,42,2026,3,21,15,5,11,40
22,48,2026,3,21,19,5,13,32
22,54,2026,3,21,1,5,15,22
23,0,2026,3,21,1,5,0,27
23,5,2026,3,21,19,4,1,30
23,9,2026,3,21,15,6,0,36
23,14,2026,3,21,13,4,3,37
23,20,2026,3,21,12,27,23,41
23,26,2026,3,21,14,4,12,33
23,31,2026,3,21,12,22,3,52
23,38,2026,3,21,13,3,11,44
23,42,2026,3,21,15,2,16,30
23,48,2026,3,21,19,6,13,23
23,54,2026,3,21,1,0,23,0
6,0,2026,3,22,1,6,0,6
6,5,2026,3,22,19,6,0,12
6,9,2026,3,22,15,9,1,20
6,14,2026,3,22,13,5,4,21
6,20,2026,3,22,12,24,17,28
6,26,2026,3,22,14,17,8,37
6,31,2026,3,22,12,22,10,49
6,38,2026,3,22,13,6,20,35
6,42,2026,3,22,15,22,10,47
6,48,2026,3,22,19,5,10,42
6,54,2026,3,22,1,3,6,39
7,0,2026,3,22,1,2,0,41
7,5,2026,3,22,19,4,2,43
7,9,2026,3,22,15,10,0,53
7,14,2026,3,22,13,4,13,44
7,20,2026,3,22,12,10,21,33
7,26,2026,3,22,14,5,9,29
7,31,2026,3,22,12,11,0,40
7,38,2026,3,22,13,2,7,35
7,42,2026,3,22,15,7,0,42
7,48,2026,3,22,19,5,13,34
7,54,2026,3,22,1,4,22,16
8,0,2026,3,22,1,3,0,19
8,5,2026,3,22,19,3,5,17
8,9,2026,3,22,15,10,1,26
8,14,2026,3,22,13,1,7,20
8,20,2026,3,22,12,36,9,47
8,26,2026,3,22,14,14,4,57
8,31,2026,3,22,12,10,1,66
8,38,2026,3,22,13,4,20,50
8,42,2026,3,22,15,12,1,61
8,48,2026,3,22,19,1,22,40
8,54,2026,3,22,1,1,23,18
9,0,2026,3,22,1,1,0,19
9,5,2026,3,22,19,5,1,23
9,9,2026,3,22,15,2,1,24
9,14,2026,3,22,13,2,8,18
9,20,2026,3,22,12,30,13,35
9,26,2026,3,22,14,4,4,35
9,31,2026,3,22,12,22,0,57
9,38,2026,3,22,13,2,14,45
9,42,2026,3,22,15,2,1,46
9,48,2026,3,22,19,5,20,31
9,54,2026,3,22,1,4,22,13
10,0,2026,3,22,1,2,0,15
10,5,2026,3,22,19,6,0,21
10,9,2026,3,22,15,5,0,26
10,14,2026,3,22,13,4,1,29
10,20,2026,3,22,12,26,18,37
10,26,2026,3,22,14,2,9,30
10,31,2026,3,22,12,11,1,40
10,38,2026,3,22,13,2,7,35
10,42,2026,3,22,15,6,10,31
10,48,2026,3,22,19,6,7,30
10,54,2026,3,22,1,3,17,16
11,0,2026,3,22,1,4,0,20
11,5,2026,3,22,19,4,0,24
11,9,2026,3,22,15,2,0,26
11,14,2026,3,22,13,5,3,28
11,20,2026,3,22,12,13,18,23
11,26,2026,3,22,14,2,11,14
11,31,2026,3,22,12,29,1,42
11,38,2026,3,22,13,6,14,34
11,42,2026,3,22,15,4,10,28
11,48,2026,3,22,19,6,8,26
11,54,2026,3,22,1,3,10,19
12,0,2026,3,22,1,6,0,25
12,5,2026,3,22,19,6,0,31
12,9,2026,3,22,15,2,2,31
12,14,2026,3,22,13,5,3,33
12,20,2026,3,22,12,13,20,26
12,26,2026,3,22,14,2,13,15
12,31,2026,3,22,12,26,2,39
12,38,2026,3,22,13,6,5,40
12,42,2026,3,22,15,2,8,34
12,48,2026,3,22,19,6,10,30
12,54,2026,3,22,1,6,12,24
13,0,2026,3,22,1,7,0,31
13,5,2026,3,22,19,27,0,58
13,9,2026,3,22,15,2,11,49
13,14,2026,3,22,13,16,5,60
13,20,2026,3,22,12,23,22,61
13,26,2026,3,22,14,3,25,39
13,31,2026,3,22,12,13,1,51
13,38,2026,3,22,13,14,3,62
13,42,2026,3,22,15,2,14,50
13,48,2026,3,22,19,11,16,45
13,54,2026,3,22,1,15,17,43
14,0,2026,3,22,1,23,0,66
14,5,2026,3,22,19,6,6,66
14,9,2026,3,22,15,2,19,49
14,14,2026,3,22,13,10,8,51
14,20,2026,3,22,12,11,22,40
14,26,2026,3,22,14,4,22,22
14,31,2026,3,22,12,27,3,46
14,38,2026,3,22,13,9,5,50
14,42,2026,3,22,15,5,17,38
14,48,2026,3,22,19,10,4,44
14,54,2026,3,22,1,12,14,42
15,0,2026,3,22,1,17,0,59
15,5,2026,3,22,19,11,4,66
15,9,2026,3,22,15,2,10,58
15,14,2026,3,22,13,18,10,66
15,20,2026,3,22,12,19,21,64
15,26,2026,3,22,14,6,21,49
15,31,2026,3,22,12,22,5,66
15,38,2026,3,22,13,6,6,66
15,42,2026,3,22,15,4,20,50
15,48,2026,3,22,19,28,12,66
15,54,2026,3,22,1,21,21,66
16,0,2026,3,22,1,5,0,71
16,5,2026,3,22,19,2,12,61
16,9,2026,3,22,15,6,10,57
16,14,2026,3,22,13,6,7,56
16,20,2026,3,22,12,26,27,55
16,26,2026,3,22,14,2,23,34
16,31,2026,3,22,12,34,2,66
16,38,2026,3,22,13,6,11,61
16,42,2026,3,22,15,5,19,47
16,48,2026,3,22,19,3,14,36
16,54,2026,3,22,1,2,20,18
17,0,2026,3,22,1,6,0,24
17,5,2026,3,22,19,3,1,26
17,9,2026,3,22,15,6,3,29
17,14,2026,3,22,13,5,1,33
17,20,2026,3,22,12,21,20,34
17,26,2026,3,22,14,4,10,28
17,31,2026,3,22,12,9,3,34
17,38,2026,3,22,13,5,6,33
17,42,2026,3,22,15,4,12,25
17,48,2026,3,22,19,5,6,24
17,54,2026,3,22,1,6,10,20
18,0,2026,3,22,1,6,0,26
18,5,2026,3,22,19,5,2,29
18,9,2026,3,22,15,2,3,28
18,14,2026,3,22,13,5,3,30
18,20,2026,3,22,12,9,20,19
18,26,2026,3,22,14,2,8,13
18,31,2026,3,22,12,26,2,37
18,38,2026,3,22,13,3,7,33
18,42,2026,3,22,15,3,10,26
18,48,2026,3,22,19,5,10,21
18,54,2026,3,22,1,5,9,17
19,0,2026,3,22,1,4,0,21
19,5,2026,3,22,19,4,0,25
19,9,2026,3,22,15,2,3,24
19,14,2026,3,22,13,3,1,26
19,20,2026,3,22,12,17,20,23
19,26,2026,3,22,14,6,9,20
19,31,2026,3,22,12,27,2,45
19,38,2026,3,22,13,5,11,39
19,42,2026,3,22,15,2,12,29
19,48,2026,3,22,19,2,7,24
19,54,2026,3,22,1,3,11,16
20,0,2026,3,22,1,3,0,19
20,5,2026,3,22,19,3,1,21
20,9,2026,3,22,15,3,2,22
20,14,2026,3,22,13,3,0,25
20,20,2026,3,22,12,27,17,35
20,26,2026,3,22,14,6,13,28
20,31,2026,3,22,12,9,5,32
20,38,2026,3,22,13,6,6,32
20,42,2026,3,22,15,6,12,26
20,48,2026,3,22,19,2,8,20
20,54,2026,3,22,1,2,6,16
21,0,2026,3,22,1,3,0,19
21,5,2026,3,22,19,4,1,22
21,9,2026,3,22,15,3,3,22
21,14,2026,3,22,13,3,1,24
21,20,2026,3,22,12,34,18,40
21,26,2026,3,22,14,5,14,31
21,31,2026,3,22,12,29,1,59
21,38,2026,3,22,13,6,12,53
21,42,2026,3,22,15,2,13,42
21,48,2026,3,22,19,4,13,33
21,54,2026,3,22,1,5,19,19
22,0,2026,3,22,1,2,0,21
22,5,2026,3,22,19,2,1,22
22,9,2026,3,22,15,6,0,28
22,14,2026,3,22,13,4,0,32
22,20,2026,3,22,12,22,20,34
22,26,2026,3,22,14,4,15,23
22,31,2026,3,22,12,16,3,36
22,38,2026,3,22,13,5,7,34
22,42,2026,3,22,15,2,8,28
22,48,2026,3,22,19,6,9,25
22,54,2026,3,22,1,6,8,23
23,0,2026,3,22,1,4,0,27
23,5,2026,3,22,19,6,1,32
23,9,2026,3,22,15,5,2,35
23,14,2026,3,22,13,4,3,36
23,20,2026,3,22,12,33,22,47
23,26,2026,3,22,14,4,17,34
23,31,2026,3,22,12,33,1,66
23,38,2026,3,22,13,6,15,57
23,42,2026,3,22,15,4,17,44
23,48,2026,3,22,19,0,21,23
23,54,2026,3,22,1,0,23,0
6,0,2026,3,23,1,4,0,4
6,5,2026,3,23,19,5,0,9
6,9,2026,3,23,15,20,0,29
6,14,2026,3,23,13,2,1,30
6,20,2026,3,23,12,31,21,40
6,26,2026,3,23,14,7,11,36
6,31,2026,3,23,12,28,5,59
6,38,2026,3,23,13,5,13,51
6,42,2026,3,23,15,18,14,55
6,48,2026,3,23,19,2,12,45
6,54,2026,3,23,1,6,17,34
7,0,2026,3,23,1,2,0,36
7,5,2026,3,23,19,3,3,36
7,9,2026,3,23,15,21,0,57
7,14,2026,3,23,13,1,20,38
7,20,2026,3,23,12,16,13,41
7,26,2026,3,23,14,18,11,48
7,31,2026,3,23,12,18,0,66
7,38,2026,3,23,13,2,20,48
7,42,2026,3,23,15,11,3,56
7,48,2026,3,23,19,1,20,37
7,54,2026,3,23,1,2,22,17
8,0,2026,3,23,1,2,0,19
8,5,2026,3,23,19,4,1,22
8,9,2026,3,23,15,18,0,40
8,14,2026,3,23,13,4,15,29
8,20,2026,3,23,12,22,12,39
8,26,2026,3,23,14,5,2,42
8,31,2026,3,23,12,14,1,55
8,38,2026,3,23,13,5,12,48
8,42,2026,3,23,15,16,2,62
8,48,2026,3,23,19,2,20,44
8,54,2026,3,23,1,2,20,26
9,0,2026,3,23,1,1,0,27
9,5,2026,3,23,19,2,2,27
9,9,2026,3,23,15,5,0,32
9,14,2026,3,23,13,3,9,26
9,20,2026,3,23,12,25,18,33
9,26,2026,3,23,14,6,3,36
9,31,2026,3,23,12,24,1,59
9,38,2026,3,23,13,1,16,44
9,42,2026,3,23,15,2,2,44
9,48,2026,3,23,19,4,22,26
9,54,2026,3,23,1,1,20,7
10,0,2026,3,23,1,5,0,12
10,5,2026,3,23,19,2,1,13
10,9,2026,3,23,15,4,3,14
10,14,2026,3,23,13,5,0,19
10,20,2026,3,23,12,33,15,37
10,26,2026,3,23,14,4,9,32
10,31,2026,3,23,12,8,3,37
10,38,2026,3,23,13,3,11,29
10,42,2026,3,23,15,5,10,24
10,48,2026,3,23,19,4,8,20
10,54,2026,3,23,1,2,6,16
11,0,2026,3,23,1,3,0,19
11,5,2026,3,23,19,5,1,23
11,9,2026,3,23,15,6,2,27
11,14,2026,3,23,13,4,4,27
11,20,2026,3,23,12,27,18,36
11,26,2026,3,23,14,4,12,28
11,31,2026,3,23,12,23,1,50
11,38,2026,3,23,13,3,11,42
11,42,2026,3,23,15,5,9,38
11,48,2026,3,23,19,6,16,28
11,54,2026,3,23,1,3,15,16
12,0,2026,3,23,1,2,0,18
12,5,2026,3,23,19,6,0,24
12,9,2026,3,23,15,4,0,28
12,14,2026,3,23,13,2,1,29
12,20,2026,3,23,12,32,22,39
12,26,2026,3,23,14,3,9,33
12,31,2026,3,23,12,17,2,48
12,38,2026,3,23,13,4,8,44
12,42,2026,3,23,15,2,20,26
12,48,2026,3,23,19,6,7,25
12,54,2026,3,23,1,6,10,21
13,0,2026,3,23,1,17,0,38
13,5,2026,3,23,19,9,2,45
13,9,2026,3,23,15,3,6,42
13,14,2026,3,23,13,13,7,48
13,20,2026,3,23,12,15,24,39
13,26,2026,3,23,14,3,19,23
13,31,2026,3,23,12,12,2,33
13,38,2026,3,23,13,15,0,48
13,42,2026,3,23,15,6,15,39
13,48,2026,3,23,19,26,10,55
13,54,2026,3,23,1,11,13,53
14,0,2026,3,23,1,13,0,66
14,5,2026,3,23,19,6,6,66
14,9,2026,3,23,15,3,12,57
14,14,2026,3,23,13,12,5,64
14,20,2026,3,23,12,25,27,62
14,26,2026,3,23,14,5,20,47
14,31,2026,3,23,12,10,2,55
14,38,2026,3,23,13,17,6,66
14,42,2026,3,23,15,4,20,50
14,48,2026,3,23,19,18,18,50
14,54,2026,3,23,1,8,10,48
15,0,2026,3,23,1,17,0,65
15,5,2026,3,23,19,5,4,66
15,9,2026,3,23,15,6,11,61
15,14,2026,3,23,13,9,6,64
15,20,2026,3,23,12,9,31,42
15,26,2026,3,23,14,4,21,25
15,31,2026,3,23,12,19,3,41
15,38,2026,3,23,13,19,3,57
15,42,2026,3,23,15,4,16,45
15,48,2026,3,23,19,27,7,65
15,54,2026,3,23,1,9,15,59
16,0,2026,3,23,1,2,0,61
16,5,2026,3,23,19,5,3,63
16,9,2026,3,23,15,6,11,58
16,14,2026,3,23,13,2,13,47
16,20,2026,3,23,12,19,29,37
16,26,2026,3,23,14,4,16,25
16,31,2026,3,23,12,16,4,37
16,38,2026,3,23,13,2,8,31
16,42,2026,3,23,15,5,9,27
16,48,2026,3,23,19,5,12,20
16,54,2026,3,23,1,2,10,12
17,0,2026,3,23,1,2,0,14
17,5,2026,3,23,19,5,1,18
17,9,2026,3,23,15,5,1,22
17,14,2026,3,23,13,4,3,23
17,20,2026,3,23,12,14,20,17
17,26,2026,3,23,14,5,7,15
17,31,2026,3,23,12,16,5,26
17,38,2026,3,23,13,6,10,22
17,42,2026,3,23,15,2,6,18
17,48,2026,3,23,19,4,4,18
17,54,2026,3,23,1,5,6,17
18,0,2026,3,23,1,3,0,20
18,5,2026,3,23,19,6,0,26
18,9,2026,3,23,15,5,3,28
18,14,2026,3,23,13,6,3,31
18,20,2026,3,23,12,28,19,40
18,26,2026,3,23,14,2,11,31
18,31,2026,3,23,12,10,2,39
18,38,2026,3,23,13,3,6,36
18,42,2026,3,23,15,3,13,26
18,48,2026,3,23,19,6,7,25
18,54,2026,3,23,1,2,11,16
19,0,2026,3,23,1,5,0,21
19,5,2026,3,23,19,5,0,26
19,9,2026,3,23,15,5,1,30
19,14,2026,3,23,13,2,4,28
19,20,2026,3,23,12,28,18,38
19,26,2026,3,23,14,3,12,29
19,31,2026,3,23,12,20,2,47
19,38,2026,3,23,13,6,11,42
19,42,2026,3,23,15,3,10,35
19,48,2026,3,23,19,4,11,28
19,54,2026,3,23,1,4,13,19
20,0,2026,3,23,1,2,0,21
20,5,2026,3,23,19,2,1,22
20,9,2026,3,23,15,3,1,24
20,14,2026,3,23,13,6,1,29
20,20,2026,3,23,12,19,18,30
20,26,2026,3,23,14,5,11,24
20,31,2026,3,23,12,30,3,51
20,38,2026,3,23,13,4,9,46
20,42,2026,3,23,15,2,5,43
20,48,2026,3,23,19,2,13,32
20,54,2026,3,23,1,3,15,20
21,0,2026,3,23,1,5,0,25
21,5,2026,3,23,19,2,0,27
21,9,2026,3,23,15,3,1,29
21,14,2026,3,23,13,3,2,30
21,20,2026,3,23,12,26,16,40
21,26,2026,3,23,14,6,16,30
21,31,2026,3,23,12,30,3,57
21,38,2026,3,23,13,4,17,44
21,42,2026,3,23,15,2,12,34
21,48,2026,3,23,19,4,9,29
21,54,2026,3,23,1,2,12,19
22,0,2026,3,23,1,4,0,23
22,5,2026,3,23,19,2,1,24
22,9,2026,3,23,15,5,0,29
22,14,2026,3,23,13,2,0,31
22,20,2026,3,23,12,12,20,23
22,26,2026,3,23,14,5,11,17
22,31,2026,3,23,12,31,3,45
22,38,2026,3,23,13,4,11,38
22,42,2026,3,23,15,6,11,33
22,48,2026,3,23,19,5,11,27
22,54,2026,3,23,1,4,4,27
23,0,2026,3,23,1,3,0,30
23,5,2026,3,23,19,5,1,34
23,9,2026,3,23,15,2,0,36
23,14,2026,3,23,13,3,2,37
23,20,2026,3,23,12,20,21,36
23,26,2026,3,23,14,4,13,27
23,31,2026,3,23,12,19,4,42
23,38,2026,3,23,13,3,9,36
23,42,2026,3,23,15,6,9,33
23,48,2026,3,23,19,5,17,21
23,54,2026,3,23,1,0,21,0
6,0,2026,3,24,1,2,0,2
6,5,2026,3,24,19,3,0,5
6,9,2026,3,24,15,17,0,22
6,14,2026,3,24,13,6,2,26
6,20,2026,3,24,12,36,19,43
6,26,2026,3,24,14,5,8,40
6,31,2026,3,24,12,12,2,50
6,38,2026,3,24,13,5,9,46
6,42,2026,3,24,15,11,16,41
6,48,2026,3,24,19,6,15,32
6,54,2026,3,24,1,4,12,24
7,0,2026,3,24,1,4,0,28
7,5,2026,3,24,19,5,2,31
7,9,2026,3,24,15,7,0,38
7,14,2026,3,24,13,1,16,23
7,20,2026,3,24,12,24,11,36
7,26,2026,3,24,14,9,3,42
7,31,2026,3,24,12,12,3,51
7,38,2026,3,24,13,1,15,37
7,42,2026,3,24,15,9,0,46
7,48,2026,3,24,19,5,20,31
7,54,2026,3,24,1,2,22,11
8,0,2026,3,24,1,4,0,15
8,5,2026,3,24,19,4,3,16
8,9,2026,3,24,15,6,0,22
8,14,2026,3,24,13,2,7,17
8,20,2026,3,24,12,32,12,37
8,26,2026,3,24,14,20,2,55
8,31,2026,3,24,12,16,5,66
8,38,2026,3,24,13,4,17,53
8,42,2026,3,24,15,10,2,61
8,48,2026,3,24,19,4,24,41
8,54,2026,3,24,1,1,20,22
9,0,2026,3,24,1,3,0,25
9,5,2026,3,24,19,1,3,23
9,9,2026,3,24,15,6,0,29
9,14,2026,3,24,13,3,9,23
9,20,2026,3,24,12,26,9,40
9,26,2026,3,24,14,3,9,34
9,31,2026,3,24,12,32,0,66
9,38,2026,3,24,13,3,15,54
9,42,2026,3,24,15,6,4,56
9,48,2026,3,24,19,1,22,35
9,54,2026,3,24,1,3,30,8
10,0,2026,3,24,1,3,0,11
10,5,2026,3,24,19,6,1,16
10,9,2026,3,24,15,2,1,17
10,14,2026,3,24,13,6,1,22
10,20,2026,3,24,12,31,17,36
10,26,2026,3,24,14,2,10,28
10,31,2026,3,24,12,29,2,55
10,38,2026,3,24,13,5,18,42
10,42,2026,3,24,15,5,11,36
10,48,2026,3,24,19,5,7,34
10,54,2026,3,24,1,6,16,24
11,0,2026,3,24,1,5,0,29
11,5,2026,3,24,19,5,1,33
11,9,2026,3,24,15,5,1,37
11,14,2026,3,24,13,6,4,39
11,20,2026,3,24,12,21,22,38
11,26,2026,3,24,14,2,15,25
11,31,2026,3,24,12,26,0,51
11,38,2026,3,24,13,5,8,48
11,42,2026,3,24,15,2,14,36
11,48,2026,3,24,19,5,13,28
11,54,2026,3,24,1,5,11,22
12,0,2026,3,24,1,3,0,25
12,5,2026,3,24,19,5,0,30
12,9,2026,3,24,15,2,1,31
12,14,2026,3,24,13,2,3,30
12,20,2026,3,24,12,9,18,21
12,26,2026,3,24,14,6,12,15
12,31,2026,3,24,12,27,4,38
12,38,2026,3,24,13,3,8,33
12,42,2026,3,24,15,2,7,28
12,48,2026,3,24,19,6,12,22
12,54,2026,3,24,1,6,7,21
13,0,2026,3,24,1,24,0,45
13,5,2026,3,24,19,22,1,66
13,9,2026,3,24,15,4,10,60
13,14,2026,3,24,13,10,4,66
13,20,2026,3,24,12,27,29,64
13,26,2026,3,24,14,4,21,47
13,31,2026,3,24,12,10,4,53
13,38,2026,3,24,13,18,5,66
13,42,2026,3,24,15,2,20,48
13,48,2026,3,24,19,7,10,45
13,54,2026,3,24,1,23,20,48
14,0,2026,3,24,1,18,0,66
14,5,2026,3,24,19,6,6,66
14,9,2026,3,24,15,2,14,54
14,14,2026,3,24,13,19,7,66
14,20,2026,3,24,12,20,20,66
14,26,2026,3,24,14,3,25,44
14,31,2026,3,24,12,16,2,58
14,38,2026,3,24,13,9,10,57
14,42,2026,3,24,15,3,20,40
14,48,2026,3,24,19,27,13,54
14,54,2026,3,24,1,15,11,58
15,0,2026,3,24,1,8,0,66
15,5,2026,3,24,19,26,0,92
15,9,2026,3,24,15,3,22,73
15,14,2026,3,24,13,6,13,66
15,20,2026,3,24,12,26,26,66
15,26,2026,3,24,14,6,25,47
15,31,2026,3,24,12,22,3,66
15,38,2026,3,24,13,13,13,66
15,42,2026,3,24,15,3,21,48
15,48,2026,3,24,19,22,12,58
15,54,2026,3,24,1,13,21,50
16,0,2026,3,24,1,2,0,52
16,5,2026,3,24,19,6,1,57
16,9,2026,3,24,15,6,7,56
16,14,2026,3,24,13,5,10,51
16,20,2026,3,24,12,31,22,60
16,26,2026,3,24,14,6,24,42
16,31,2026,3,24,12,27,3,66
16,38,2026,3,24,13,4,13,57
16,42,2026,3,24,15,5,12,50
16,48,2026,3,24,19,2,21,31
16,54,2026,3,24,1,2,17,16
17,0,2026,3,24,1,5,0,21
17,5,2026,3,24,19,2,2,21
17,9,2026,3,24,15,3,1,23
17,14,2026,3,24,13,4,1,26
17,20,2026,3,24,12,14,13,27
17,26,2026,3,24,14,4,14,17
17,31,2026,3,24,12,24,4,37
17,38,2026,3,24,13,4,9,32
17,42,2026,3,24,15,2,6,28
17,48,2026,3,24,19,2,6,24
17,54,2026,3,24,1,5,14,15
18,0,2026,3,24,1,2,0,17
18,5,2026,3,24,19,2,0,19
18,9,2026,3,24,15,2,1,20
18,14,2026,3,24,13,2,1,21
18,20,2026,3,24,12,29,15,35
18,26,2026,3,24,14,6,12,29
18,31,2026,3,24,12,20,1,48
18,38,2026,3,24,13,5,14,39
18,42,2026,3,24,15,3,12,30
18,48,2026,3,24,19,2,7,25
18,54,2026,3,24,1,4,14,15
19,0,2026,3,24,1,5,0,20
19,5,2026,3,24,19,2,2,20
19,9,2026,3,24,15,5,2,23
19,14,2026,3,24,13,4,5,22
19,20,2026,3,24,12,36,16,42
19,26,2026,3,24,14,6,10,38
19,31,2026,3,24,12,25,3,60
19,38,2026,3,24,13,5,14,51
19,42,2026,3,24,15,4,17,38
19,48,2026,3,24,19,5,15,28
19,54,2026,3,24,1,5,9,24
20,0,2026,3,24,1,3,0,27
20,5,2026,3,24,19,2,1,28
20,9,2026,3,24,15,4,3,29
20,14,2026,3,24,13,4,1,32
20,20,2026,3,24,12,32,20,44
20,26,2026,3,24,14,5,16,33
20,31,2026,3,24,12,24,5,52
20,38,2026,3,24,13,6,12,46
20,42,2026,3,24,15,4,15,35
20,48,2026,3,24,19,3,10,28
20,54,2026,3,24,1,4,14,18
21,0,2026,3,24,1,5,0,23
21,5,2026,3,24,19,6,2,27
21,9,2026,3,24,15,4,4,27
21,14,2026,3,24,13,5,5,27
21,20,2026,3,24,12,32,19,40
21,26,2026,3,24,14,2,11,31
21,31,2026,3,24,12,10,2,39
21,38,2026,3,24,13,5,7,37
21,42,2026,3,24,15,6,12,31
21,48,2026,3,24,19,6,10,27
21,54,2026,3,24,1,5,8,24
22,0,2026,3,24,1,2,0,26
22,5,2026,3,24,19,6,0,32
22,9,2026,3,24,15,4,2,34
22,14,2026,3,24,13,6,2,38
22,20,2026,3,24,12,13,21,30
22,26,2026,3,24,14,3,13,20
22,31,2026,3,24,12,10,3,27
22,38,2026,3,24,13,5,4,28
22,42,2026,3,24,15,6,8,26
22,48,2026,3,24,19,4,8,22
22,54,2026,3,24,1,5,7,20
23,0,2026,3,24,1,2,0,22
23,5,2026,3,24,19,5,0,27
23,9,2026,3,24,15,4,0,31
23,14,2026,3,24,13,4,4,31
23,20,2026,3,24,12,29,20,40
23,26,2026,3,24,14,4,14,30
23,31,2026,3,24,12,32,3,59
23,38,2026,3,24,13,4,12,51
23,42,2026,3,24,15,6,18,39
23,48,2026,3,24,19,0,18,21
23,54,2026,3,24,1,0,21,0
6,0,2026,3,25,1,3,0,3
6,5,2026,3,25,19,6,1,8
6,9,2026,3,25,15,17,0,25
6,14,2026,3,25,13,4,1,28
6,20,2026,3,25,12,29,19,38
6,26,2026,3,25,14,15,13,40
6,31,2026,3,25,12,35,10,65
6,38,2026,3,25,13,5,17,53
6,42,2026,3,25,15,5,16,42
6,48,2026,3,25,19,6,14,34
6,54,2026,3,25,1,3,12,25
7,0,2026,3,25,1,1,0,26
7,5,2026,3,25,19,4,1,29
7,9,2026,3,25,15,14,0,43
7,14,2026,3,25,13,3,14,32
7,20,2026,3,25,12,11,15,28
7,26,2026,3,25,14,17,7,38
7,31,2026,3,25,12,32,7,63
7,38,2026,3,25,13,1,11,53
7,42,2026,3,25,15,11,2,62
7,48,2026,3,25,19,2,20,44
7,54,2026,3,25,1,3,29,18
8,0,2026,3,25,1,3,0,21
8,5,2026,3,25,19,3,2,22
8,9,2026,3,25,15,7,0,29
8,14,2026,3,25,13,4,14,19
8,20,2026,3,25,12,22,7,34
8,26,2026,3,25,14,20,4,50
8,31,2026,3,25,12,18,2,66
8,38,2026,3,25,13,5,19,52
8,42,2026,3,25,15,14,4,62
8,48,2026,3,25,19,5,20,47
8,54,2026,3,25,1,3,25,25
9,0,2026,3,25,1,4,0,29
9,5,2026,3,25,19,5,0,34
9,9,2026,3,25,15,3,2,35
9,14,2026,3,25,13,1,13,23
9,20,2026,3,25,12,30,18,35
9,26,2026,3,25,14,6,4,37
9,31,2026,3,25,12,20,2,55
9,38,2026,3,25,13,5,18,42
9,42,2026,3,25,15,5,1,46
9,48,2026,3,25,19,2,18,30
9,54,2026,3,25,1,4,20,14
10,0,2026,3,25,1,2,0,16
10,5,2026,3,25,19,5,1,20
10,9,2026,3,25,15,5,0,25
10,14,2026,3,25,13,4,0,29
10,20,2026,3,25,12,25,20,34
10,26,2026,3,25,14,6,12,28
10,31,2026,3,25,12,33,2,59
10,38,2026,3,25,13,6,11,54
10,42,2026,3,25,15,2,13,43
10,48,2026,3,25,19,6,17,32
10,54,2026,3,25,1,6,14,24
11,0,2026,3,25,1,6,0,30
11,5,2026,3,25,19,6,0,36
11,9,2026,3,25,15,3,3,36
11,14,2026,3,25,13,5,2,39
11,20,2026,3,25,12,33,23,49
11,26,2026,3,25,14,3,17,35
11,31,2026,3,25,12,33,2,66
11,38,2026,3,25,13,6,15,57
11,42,2026,3,25,15,2,10,49
11,48,2026,3,25,19,6,16,39
11,54,2026,3,25,1,6,21,24
12,0,2026,3,25,1,5,0,29
12,5,2026,3,25,19,3,0,32
12,9,2026,3,25,15,6,0,38
12,14,2026,3,25,13,6,4,40
12,20,2026,3,25,12,8,20,28
12,26,2026,3,25,14,2,11,19
12,31,2026,3,25,12,15,1,33
12,38,2026,3,25,13,4,2,35
12,42,2026,3,25,15,6,9,32
12,48,2026,3,25,19,4,7,29
12,54,2026,3,25,1,5,10,24
13,0,2026,3,25,1,22,0,46
13,5,2026,3,25,19,23,3,66
13,9,2026,3,25,15,3,7,62
13,14,2026,3,25,13,8,4,66
13,20,2026,3,25,12,23,29,60
13,26,2026,3,25,14,4,21,43
13,31,2026,3,25,12,27,4,66
13,38,2026,3,25,13,6,6,66
13,42,2026,3,25,15,6,19,53
13,48,2026,3,25,19,25,12,66
13,54,2026,3,25,1,20,20,66
14,0,2026,3,25,1,11,0,77
14,5,2026,3,25,19,17,7,87
14,9,2026,3,25,15,2,24,65
14,14,2026,3,25,13,12,11,66
14,20,2026,3,25,12,25,25,66
14,26,2026,3,25,14,6,22,50
14,31,2026,3,25,12,21,5,66
14,38,2026,3,25,13,6,6,66
14,42,2026,3,25,15,2,20,48
14,48,2026,3,25,19,8,15,41
14,54,2026,3,25,1,31,20,52
15,0,2026,3,25,1,14,0,66
15,5,2026,3,25,19,3,3,66
15,9,2026,3,25,15,6,9,63
15,14,2026,3,25,13,11,8,66
15,20,2026,3,25,12,35,38,63
15,26,2026,3,25,14,6,26,43
15,31,2026,3,25,12,26,3,66
15,38,2026,3,25,13,9,15,60
15,42,2026,3,25,15,5,20,45
15,48,2026,3,25,19,9,16,38
15,54,2026,3,25,1,15,14,39
16,0,2026,3,25,1,6,0,45
16,5,2026,3,25,19,4,2,47
16,9,2026,3,25,15,2,4,45
16,14,2026,3,25,13,6,5,46
16,20,2026,3,25,12,13,26,33
16,26,2026,3,25,14,5,18,20
16,31,2026,3,25,12,21,4,37
16,38,2026,3,25,13,5,6,36
16,42,2026,3,25,15,4,8,32
16,48,2026,3,25,19,4,10,26
16,54,2026,3,25,1,2,14,14
17,0,2026,3,25,1,3,0,17
17,5,2026,3,25,19,5,1,21
17,9,2026,3,25,15,4,2,23
17,14,2026,3,25,13,5,2,26
17,20,2026,3,25,12,20,20,26
17,26,2026,3,25,14,4,8,22
17,31,2026,3,25,12,31,4,49
17,38,2026,3,25,13,6,15,40
17,42,2026,3,25,15,5,5,40
17,48,2026,3,25,19,2,13,29
17,54,2026,3,25,1,2,14,17
18,0,2026,3,25,1,6,0,23
18,5,2026,3,25,19,6,2,27
18,9,2026,3,25,15,6,1,32
18,14,2026,3,25,13,2,2,32
18,20,2026,3,25,12,24,23,33
18,26,2026,3,25,14,2,9,26
18,31,2026,3,25,12,29,2,53
18,38,2026,3,25,13,6,10,49
18,42,2026,3,25,15,4,17,36
18,48,2026,3,25,19,6,9,33
18,54,2026,3,25,1,5,13,25
19,0,2026,3,25,1,3,0,28
19,5,2026,3,25,19,5,0,33
19,9,2026,3,25,15,5,1,37
19,14,2026,3,25,13,6,1,42
19,20,2026,3,25,12,16,21,37
19,26,2026,3,25,14,5,17,25
19,31,2026,3,25,12,18,2,41
19,38,2026,3,25,13,6,9,38
19,42,2026,3,25,15,6,9,35
19,48,2026,3,25,19,5,9,31
19,54,2026,3,25,1,2,17,16
20,0,2026,3,25,1,2,0,18
20,5,2026,3,25,19,5,0,23
20,9,2026,3,25,15,3,0,26
20,14,2026,3,25,13,2,0,28
20,20,2026,3,25,12,35,20,43
20,26,2026,3,25,14,4,15,32
20,31,2026,3,25,12,26,3,55
20,38,2026,3,25,13,4,15,44
20,42,2026,3,25,15,6,10,40
20,48,2026,3,25,19,6,14,32
20,54,2026,3,25,1,2,14,20
21,0,2026,3,25,1,2,0,22
21,5,2026,3,25,19,5,0,27
21,9,2026,3,25,15,2,0,29
21,14,2026,3,25,13,2,0,31
21,20,2026,3,25,12,15,21,25
21,26,2026,3,25,14,6,8,23
21,31,2026,3,25,12,34,3,54
21,38,2026,3,25,13,4,12,46
21,42,2026,3,25,15,5,12,39
21,48,2026,3,25,19,3,8,34
21,54,2026,3,25,1,5,18,21
22,0,2026,3,25,1,6,0,27
22,5,2026,3,25,19,6,0,33
22,9,2026,3,25,15,6,1,38
22,14,2026,3,25,13,2,4,36
22,20,2026,3,25,12,21,24,33
22,26,2026,3,25,14,4,14,23
22,31,2026,3,25,12,8,1,30
22,38,2026,3,25,13,6,3,33
22,42,2026,3,25,15,2,9,26
22,48,2026,3,25,19,6,9,23
22,54,2026,3,25,1,6,9,20
23,0,2026,3,25,1,2,0,22
23,5,2026,3,25,19,2,0,24
23,9,2026,3,25,15,2,0,26
23,14,2026,3,25,13,4,3,27
23,20,2026,3,25,12,20,20,27
23,26,2026,3,25,14,4,7,24
23,31,2026,3,25,12,10,3,31
23,38,2026,3,25,13,4,8,27
23,42,2026,3,25,15,2,14,15
23,48,2026,3,25,19,5,7,13
23,54,2026,3,25,1,0,13,0
6,0,2026,3,26,1,2,0,2
6,5,2026,3,26,19,4,0,6
6,9,2026,3,26,15,18,0,24
6,14,2026,3,26,13,3,2,25
6,20,2026,3,26,12,31,22,34
6,26,2026,3,26,14,16,10,40
6,31,2026,3,26,12,10,13,37
6,38,2026,3,26,13,6,9,34
6,42,2026,3,26,15,8,9,33
6,48,2026,3,26,19,5,7,31
6,54,2026,3,26,1,5,12,24
7,0,2026,3,26,1,4,0,28
7,5,2026,3,26,19,5,4,29
7,9,2026,3,26,15,10,0,39
7,14,2026,3,26,13,1,15,25
7,20,2026,3,26,12,25,17,33
7,26,2026,3,26,14,15,3,45
7,31,2026,3,26,12,12,3,54
7,38,2026,3,26,13,1,15,40
7,42,2026,3,26,15,9,1,48
7,48,2026,3,26,19,2,20,30
7,54,2026,3,26,1,2,23,9
8,0,2026,3,26,1,1,0,10
8,5,2026,3,26,19,3,2,11
8,9,2026,3,26,15,7,1,17
8,14,2026,3,26,13,3,9,11
8,20,2026,3,26,12,27,4,34
8,26,2026,3,26,14,17,3,48
8,31,2026,3,26,12,21,3,66
8,38,2026,3,26,13,3,13,56
8,42,2026,3,26,15,5,6,55
8,48,2026,3,26,19,3,25,33
8,54,2026,3,26,1,4,22,15
9,0,2026,3,26,1,3,0,18
9,5,2026,3,26,19,2,2,18
9,9,2026,3,26,15,2,0,20
9,14,2026,3,26,13,2,10,12
9,20,2026,3,26,12,25,8,29
9,26,2026,3,26,14,5,0,34
9,31,2026,3,26,12,9,0,43
9,38,2026,3,26,13,5,7,41
9,42,2026,3,26,15,5,1,45
9,48,2026,3,26,19,4,23,26
9,54,2026,3,26,1,2,18,10
10,0,2026,3,26,1,6,0,16
10,5,2026,3,26,19,4,2,18
10,9,2026,3,26,15,6,0,24
10,14,2026,3,26,13,6,2,28
10,20,2026,3,26,12,8,21,15
10,26,2026,3,26,14,2,5,12
10,31,2026,3,26,12,28,2,38
10,38,2026,3,26,13,3,11,30
10,42,2026,3,26,15,6,5,31
10,48,2026,3,26,19,4,7,28
10,54,2026,3,26,1,4,9,23
11,0,2026,3,26,1,6,0,29
11,5,2026,3,26,19,2,0,31
11,9,2026,3,26,15,3,2,32
11,14,2026,3,26,13,4,1,35
11,20,2026,3,26,12,26,20,41
11,26,2026,3,26,14,4,18,27
11,31,2026,3,26,12,10,3,34
11,38,2026,3,26,13,2,6,30
11,42,2026,3,26,15,5,8,27
11,48,2026,3,26,19,5,9,23
11,54,2026,3,26,1,4,13,14
12,0,2026,3,26,1,4,0,18
12,5,2026,3,26,19,5,2,21
12,9,2026,3,26,15,6,0,27
12,14,2026,3,26,13,2,1,28
12,20,2026,3,26,12,9,20,17
12,26,2026,3,26,14,5,6,16
12,31,2026,3,26,12,24,2,38
12,38,2026,3,26,13,4,12,30
12,42,2026,3,26,15,2,8,24
12,48,2026,3,26,19,4,8,20
12,54,2026,3,26,1,3,10,13
13,0,2026,3,26,1,16,0,29
13,5,2026,3,26,19,13,2,40
13,9,2026,3,26,15,4,3,41
13,14,2026,3,26,13,23,4,60
13,20,2026,3,26,12,17,24,53
13,26,2026,3,26,14,3,20,36
13,31,2026,3,26,12,31,2,65
13,38,2026,3,26,13,8,7,66
13,42,2026,3,26,15,4,19,51
13,48,2026,3,26,19,17,14,54
13,54,2026,3,26,1,17,16,55
14,0,2026,3,26,1,11,0,66
14,5,2026,3,26,19,4,4,66
14,9,2026,3,26,15,6,12,60
14,14,2026,3,26,13,14,11,63
14,20,2026,3,26,12,21,23,61
14,26,2026,3,26,14,2,20,43
14,31,2026,3,26,12,24,1,66
14,38,2026,3,26,13,8,8,66
14,42,2026,3,26,15,5,17,54
14,48,2026,3,26,19,9,20,43
14,54,2026,3,26,1,17,19,41
15,0,2026,3,26,1,8,0,49
15,5,2026,3,26,19,19,2,66
15,9,2026,3,26,15,3,14,55
15,14,2026,3,26,13,16,5,66
15,20,2026,3,26,12,28,31,63
15,26,2026,3,26,14,4,22,45
15,31,2026,3,26,12,9,3,51
15,38,2026,3,26,13,19,8,62
15,42,2026,3,26,15,4,15,51
15,48,2026,3,26,19,16,10,57
15,54,2026,3,26,1,13,18,52
16,0,2026,3,26,1,3,0,55
16,5,2026,3,26,19,5,5,55
16,9,2026,3,26,15,3,6,52
16,14,2026,3,26,13,3,8,47
16,20,2026,3,26,12,33,30,50
16,26,2026,3,26,14,3,22,31
16,31,2026,3,26,12,20,2,49
16,38,2026,3,26,13,2,11,40
16,42,2026,3,26,15,4,12,32
16,48,2026,3,26,19,2,14,20
16,54,2026,3,26,1,6,11,15
17,0,2026,3,26,1,3,0,18
17,5,2026,3,26,19,4,3,19
17,9,2026,3,26,15,6,1,24
17,14,2026,3,26,13,2,1,25
17,20,2026,3,26,12,9,18,16
17,26,2026,3,26,14,2,5,13
17,31,2026,3,26,12,27,2,38
17,38,2026,3,26,13,2,6,34
17,42,2026,3,26,15,5,14,25
17,48,2026,3,26,19,3,6,22
17,54,2026,3,26,1,3,8,17
18,0,2026,3,26,1,4,0,21
18,5,2026,3,26,19,4,1,24
18,9,2026,3,26,15,6,1,29
18,14,2026,3,26,13,3,4,28
18,20,2026,3,26,12,21,21,28
18,26,2026,3,26,14,6,9,25
18,31,2026,3,26,12,10,2,33
18,38,2026,3,26,13,2,8,27
18,42,2026,3,26,15,3,4,26
18,48,2026,3,26,19,5,10,21
18,54,2026,3,26,1,4,11,14
19,0,2026,3,26,1,3,0,17
19,5,2026,3,26,19,2,1,18
19,9,2026,3,26,15,2,0,20
19,14,2026,3,26,13,3,2,21
19,20,2026,3,26,12,18,13,26
19,26,2026,3,26,14,6,10,22
19,31,2026,3,26,12,24,6,40
19,38,2026,3,26,13,4,13,31
19,42,2026,3,26,15,5,7,29
19,48,2026,3,26,19,4,9,24
19,54,2026,3,26,1,4,11,17
20,0,2026,3,26,1,2,0,19
20,5,2026,3,26,19,4,0,23
20,9,2026,3,26,15,2,1,24
20,14,2026,3,26,13,5,2,27
20,20,2026,3,26,12,14,18,23
20,26,2026,3,26,14,2,7,18
20,31,2026,3,26,12,19,2,35
20,38,2026,3,26,13,6,3,38
20,42,2026,3,26,15,3,6,35
20,48,2026,3,26,19,3,14,24
20,54,2026,3,26,1,5,6,23
21,0,2026,3,26,1,3,0,26
21,5,2026,3,26,19,2,0,28
21,9,2026,3,26,15,4,1,31
21,14,2026,3,26,13,4,1,34
21,20,2026,3,26,12,22,20,36
21,26,2026,3,26,14,4,18,22
21,31,2026,3,26,12,10,3,29
21,38,2026,3,26,13,4,6,27
21,42,2026,3,26,15,5,7,25
21,48,2026,3,26,19,4,7,22
21,54,2026,3,26,1,3,8,17
22,0,2026,3,26,1,4,0,21
22,5,2026,3,26,19,4,0,25
22,9,2026,3,26,15,3,0,28
22,14,2026,3,26,13,6,3,31
22,20,2026,3,26,12,11,20,22
22,26,2026,3,26,14,2,6,18
22,31,2026,3,26,12,10,2,26
22,38,2026,3,26,13,6,4,28
22,42,2026,3,26,15,3,5,26
22,48,2026,3,26,19,4,7,23
22,54,2026,3,26,1,3,12,14
23,0,2026,3,26,1,4,0,18
23,5,2026,3,26,19,6,0,24
23,9,2026,3,26,15,4,3,25
23,14,2026,3,26,13,6,1,30
23,20,2026,3,26,12,25,20,35
23,26,2026,3,26,14,2,13,24
23,31,2026,3,26,12,8,0,32
23,38,2026,3,26,13,3,5,30
23,42,2026,3,26,15,5,4,31
23,48,2026,3,26,19,6,17,20
23,54,2026,3,26,1,0,20,0
6,0,2026,3,27,1,3,0,3
6,5,2026,3,27,19,6,0,9
6,9,2026,3,27,15,11,0,20
6,14,2026,3,27,13,4,2,22
6,20,2026,3,27,12,34,18,38
6,26,2026,3,27,14,17,3,52
6,31,2026,3,27,12,25,11,66
6,38,2026,3,27,13,2,16,52
6,42,2026,3,27,15,8,8,52
6,48,2026,3,27,19,5,20,37
6,54,2026,3,27,1,5,19,23
7,0,2026,3,27,1,1,0,24
7,5,2026,3,27,19,3,1,26
7,9,2026,3,27,15,20,0,46
7,14,2026,3,27,13,3,13,36
7,20,2026,3,27,12,28,14,50
7,26,2026,3,27,14,18,8,60
7,31,2026,3,27,12,8,2,66
7,38,2026,3,27,13,2,22,46
7,42,2026,3,27,15,14,1,59
7,48,2026,3,27,19,3,20,42
7,54,2026,3,27,1,1,22,21
8,0,2026,3,27,1,4,0,25
8,5,2026,3,27,19,4,1,28
8,9,2026,3,27,15,11,0,39
8,14,2026,3,27,13,1,11,29
8,20,2026,3,27,12,27,17,39
8,26,2026,3,27,14,13,5,47
8,31,2026,3,27,12,20,1,66
8,38,2026,3,27,13,5,7,64
8,42,2026,3,27,15,7,5,66
8,48,2026,3,27,19,4,29,41
8,54,2026,3,27,1,4,25,20
9,0,2026,3,27,1,1,0,21
9,5,2026,3,27,19,3,0,24
9,9,2026,3,27,15,5,1,28
9,14,2026,3,27,13,3,12,19
9,20,2026,3,27,12,22,11,30
9,26,2026,3,27,14,4,2,32
9,31,2026,3,27,12,19,0,51
9,38,2026,3,27,13,1,17,35
9,42,2026,3,27,15,3,1,37
9,48,2026,3,27,19,2,16,23
9,54,2026,3,27,1,1,21,3
10,0,2026,3,27,1,6,0,9
10,5,2026,3,27,19,6,2,13
10,9,2026,3,27,15,5,1,17
10,14,2026,3,27,13,5,0,22
10,20,2026,3,27,12,22,16,28
10,26,2026,3,27,14,6,2,32
10,31,2026,3,27,12,8,2,38
10,38,2026,3,27,13,5,4,39
10,42,2026,3,27,15,6,9,36
10,48,2026,3,27,19,2,7,31
10,54,2026,3,27,1,2,21,12
11,0,2026,3,27,1,5,0,17
11,5,2026,3,27,19,3,1,19
11,9,2026,3,27,15,5,0,24
11,14,2026,3,27,13,4,1,27
11,20,2026,3,27,12,29,21,35
11,26,2026,3,27,14,4,9,30
11,31,2026,3,27,12,17,3,44
11,38,2026,3,27,13,4,10,38
11,42,2026,3,27,15,5,8,35
11,48,2026,3,27,19,6,13,28
11,54,2026,3,27,1,3,12,19
12,0,2026,3,27,1,5,0,24
12,5,2026,3,27,19,5,0,29
12,9,2026,3,27,15,5,3,31
12,14,2026,3,27,13,4,5,30
12,20,2026,3,27,12,25,20,35
12,26,2026,3,27,14,3,8,30
12,31,2026,3,27,12,27,1,56
12,38,2026,3,27,13,3,10,49
12,42,2026,3,27,15,2,5,46
12,48,2026,3,27,19,3,18,31
12,54,2026,3,27,1,3,17,17
13,0,2026,3,27,1,19,0,36
13,5,2026,3,27,19,9,0,45
13,9,2026,3,27,15,2,3,44
13,14,2026,3,27,13,23,4,63
13,20,2026,3,27,12,10,22,51
13,26,2026,3,27,14,2,21,32
13,31,2026,3,27,12,25,2,55
13,38,2026,3,27,13,7,9,53
13,42,2026,3,27,15,2,18,37
13,48,2026,3,27,19,24,8,53
13,54,2026,3,27,1,27,14,66
14,0,2026,3,27,1,13,0,79
14,5,2026,3,27,19,22,7,94
14,9,2026,3,27,15,6,21,79
14,14,2026,3,27,13,9,22,66
14,20,2026,3,27,12,19,26,59
14,26,2026,3,27,14,2,21,40
14,31,2026,3,27,12,28,2,66
14,38,2026,3,27,13,12,12,66
14,42,2026,3,27,15,5,24,47
14,48,2026,3,27,19,11,17,41
14,54,2026,3,27,1,15,11,45
15,0,2026,3,27,1,17,0,62
15,5,2026,3,27,19,11,7,66
15,9,2026,3,27,15,3,13,56
15,14,2026,3,27,13,10,9,57
15,20,2026,3,27,12,22,28,51
15,26,2026,3,27,14,2,23,30
15,31,2026,3,27,12,28,1,57
15,38,2026,3,27,13,16,7,66
15,42,2026,3,27,15,3,19,50
15,48,2026,3,27,19,13,12,51
15,54,2026,3,27,1,29,14,66
16,0,2026,3,27,1,3,0,69
16,5,2026,3,27,19,3,7,65
16,9,2026,3,27,15,4,9,60
16,14,2026,3,27,13,4,15,49
16,20,2026,3,27,12,10,23,36
16,26,2026,3,27,14,3,20,19
16,31,2026,3,27,12,36,1,54
16,38,2026,3,27,13,5,8,51
16,42,2026,3,27,15,3,8,46
16,48,2026,3,27,19,5,15,36
16,54,2026,3,27,1,3,17,22
17,0,2026,3,27,1,5,0,27
17,5,2026,3,27,19,3,1,29
17,9,2026,3,27,15,2,0,31
17,14,2026,3,27,13,6,1,36
17,20,2026,3,27,12,27,22,41
17,26,2026,3,27,14,5,21,25
17,31,2026,3,27,12,32,1,56
17,38,2026,3,27,13,5,15,46
17,42,2026,3,27,15,2,13,35
17,48,2026,3,27,19,5,14,26
17,54,2026,3,27,1,6,10,22
18,0,2026,3,27,1,3,0,25
18,5,2026,3,27,19,4,0,29
18,9,2026,3,27,15,2,1,30
18,14,2026,3,27,13,4,3,31
18,20,2026,3,27,12,33,21,43
18,26,2026,3,27,14,2,12,33
18,31,2026,3,27,12,8,1,40
18,38,2026,3,27,13,4,10,34
18,42,2026,3,27,15,4,10,28
18,48,2026,3,27,19,2,10,20
18,54,2026,3,27,1,2,12,10
19,0,2026,3,27,1,2,0,12
19,5,2026,3,27,19,2,1,13
19,9,2026,3,27,15,2,1,14
19,14,2026,3,27,13,6,2,18
19,20,2026,3,27,12,31,11,38
19,26,2026,3,27,14,2,6,34
19,31,2026,3,27,12,25,2,57
19,38,2026,3,27,13,6,12,51
19,42,2026,3,27,15,2,13,40
19,48,2026,3,27,19,4,21,23
19,54,2026,3,27,1,4,8,19
20,0,2026,3,27,1,5,0,24
20,5,2026,3,27,19,4,0,28
20,9,2026,3,27,15,4,3,29
20,14,2026,3,27,13,2,2,29
20,20,2026,3,27,12,12,18,23
20,26,2026,3,27,14,3,14,12
20,31,2026,3,27,12,32,2,42
20,38,2026,3,27,13,3,12,33
20,42,2026,3,27,15,6,11,28
20,48,2026,3,27,19,5,5,28
20,54,2026,3,27,1,2,9,21
21,0,2026,3,27,1,2,0,23
21,5,2026,3,27,19,6,0,29
21,9,2026,3,27,15,5,2,32
21,14,2026,3,27,13,4,0,36
21,20,2026,3,27,12,21,24,33
21,26,2026,3,27,14,3,12,24
21,31,2026,3,27,12,31,2,53
21,38,2026,3,27,13,4,11,46
21,42,2026,3,27,15,6,14,38
21,48,2026,3,27,19,6,16,28
21,54,2026,3,27,1,3,7,24
22,0,2026,3,27,1,3,0,27
22,5,2026,3,27,19,4,0,31
22,9,2026,3,27,15,4,0,35
22,14,2026,3,27,13,4,1,38
22,20,2026,3,27,12,32,20,50
22,26,2026,3,27,14,4,17,37
22,31,2026,3,27,12,28,4,61
22,38,2026,3,27,13,5,8,58
22,42,2026,3,27,15,4,15,47
22,48,2026,3,27,19,4,16,35
22,54,2026,3,27,1,6,15,26
23,0,2026,3,27,1,6,0,32
23,5,2026,3,27,19,2,2,32
23,9,2026,3,27,15,2,2,32
23,14,2026,3,27,13,6,2,36
23,20,2026,3,27,12,15,22,29
23,26,2026,3,27,14,4,15,18
23,31,2026,3,27,12,14,2,30
23,38,2026,3,27,13,4,4,30
23,42,2026,3,27,15,3,12,21
23,48,2026,3,27,19,4,8,17
23,54,2026,3,27,1,0,17,0
6,0,2026,3,28,1,3,0,3
6,5,2026,3,28,19,2,0,5
6,9,2026,3,28,15,7,0,12
6,14,2026,3,28,13,3,1,14
6,20,2026,3,28,12,14,11,17
6,26,2026,3,28,14,13,3,27
6,31,2026,3,28,12,13,12,28
6,38,2026,3,28,13,4,7,25
6,42,2026,3,28,15,11,3,33
6,48,2026,3,28,19,5,5,33
6,54,2026,3,28,1,2,10,25
7,0,2026,3,28,1,4,0,29
7,5,2026,3,28,19,1,4,26
7,9,2026,3,28,15,16,1,41
7,14,2026,3,28,13,1,16,26
7,20,2026,3,28,12,29,12,43
7,26,2026,3,28,14,6,5,44
7,31,2026,3,28,12,17,1,60
7,38,2026,3,28,13,4,17,47
7,42,2026,3,28,15,11,2,56
7,48,2026,3,28,19,1,23,34
7,54,2026,3,28,1,3,21,16
8,0,2026,3,28,1,2,0,18
8,5,2026,3,28,19,3,1,20
8,9,2026,3,28,15,15,1,34
8,14,2026,3,28,13,4,20,18
8,20,2026,3,28,12,14,9,23
8,26,2026,3,28,14,7,0,30
8,31,2026,3,28,12,11,1,40
8,38,2026,3,28,13,4,10,34
8,42,2026,3,28,15,5,1,38
8,48,2026,3,28,19,4,17,25
8,54,2026,3,28,1,1,20,6
9,0,2026,3,28,1,1,0,7
9,5,2026,3,28,19,2,1,8
9,9,2026,3,28,15,6,1,13
9,14,2026,3,28,13,4,6,11
9,20,2026,3,28,12,27,5,33
9,26,2026,3,28,14,2,0,35
9,31,2026,3,28,12,11,1,45
9,38,2026,3,28,13,4,17,32
9,42,2026,3,28,15,3,1,34
9,48,2026,3,28,19,1,19,16
9,54,2026,3,28,1,4,15,5
10,0,2026,3,28,1,4,0,9
10,5,2026,3,28,19,2,1,10
10,9,2026,3,28,15,6,1,15
10,14,2026,3,28,13,3,2,16
10,20,2026,3,28,12,25,11,30
10,26,2026,3,28,14,6,8,28
10,31,2026,3,28,12,19,4,43
10,38,2026,3,28,13,2,8,37
10,42,2026,3,28,15,6,13,30
10,48,2026,3,28,19,3,11,22
10,54,2026,3,28,1,3,10,15
11,0,2026,3,28,1,5,0,20
11,5,2026,3,28,19,4,1,23
11,9,2026,3,28,15,3,1,25
11,14,2026,3,28,13,6,4,27
11,20,2026,3,28,12,24,18,33
11,26,2026,3,28,14,5,8,30
11,31,2026,3,28,12,20,2,48
11,38,2026,3,28,13,3,12,39
11,42,2026,3,28,15,4,9,34
11,48,2026,3,28,19,2,14,22
11,54,2026,3,28,1,5,13,14
12,0,2026,3,28,1,6,0,20
12,5,2026,3,28,19,6,0,26
12,9,2026,3,28,15,4,0,30
12,14,2026,3,28,13,2,2,30
12,20,2026,3,28,12,33,20,43
12,26,2026,3,28,14,4,11,36
12,31,2026,3,28,12,20,2,54
12,38,2026,3,28,13,4,11,47
12,42,2026,3,28,15,4,8,43
12,48,2026,3,28,19,6,15,34
12,54,2026,3,28,1,2,17,19
13,0,2026,3,28,1,10,0,29
13,5,2026,3,28,19,25,0,54
13,9,2026,3,28,15,3,7,50
13,14,2026,3,28,13,7,1,56
13,20,2026,3,28,12,22,30,48
13,26,2026,3,28,14,6,20,34
13,31,2026,3,28,12,19,5,48
13,38,2026,3,28,13,14,6,56
13,42,2026,3,28,15,4,14,46
13,48,2026,3,28,19,9,15,40
13,54,2026,3,28,1,13,19,34
14,0,2026,3,28,1,11,0,45
14,5,2026,3,28,19,25,4,66
14,9,2026,3,28,15,4,12,58
14,14,2026,3,28,13,16,11,63
14,20,2026,3,28,12,21,25,59
14,26,2026,3,28,14,2,20,41
14,31,2026,3,28,12,27,2,66
14,38,2026,3,28,13,10,10,66
14,42,2026,3,28,15,4,20,50
14,48,2026,3,28,19,13,19,44
14,54,2026,3,28,1,32,15,61
15,0,2026,3,28,1,5,0,66
15,5,2026,3,28,19,3,3,66
15,9,2026,3,28,15,3,10,59
15,14,2026,3,28,13,11,12,58
15,20,2026,3,28,12,13,30,41
15,26,2026,3,28,14,5,22,24
15,31,2026,3,28,12,8,2,30
15,38,2026,3,28,13,9,9,30
15,42,2026,3,28,15,3,9,24
15,48,2026,3,28,19,24,3,45
15,54,2026,3,28,1,20,10,55
16,0,2026,3,28,1,6,0,61
16,5,2026,3,28,19,6,8,59
16,9,2026,3,28,15,3,11,51
16,14,2026,3,28,13,6,13,44
16,20,2026,3,28,12,11,22,33
16,26,2026,3,28,14,2,18,17
16,31,2026,3,28,12,21,2,36
16,38,2026,3,28,13,2,6,32
16,42,2026,3,28,15,3,12,23
16,48,2026,3,28,19,3,7,19
16,54,2026,3,28,1,3,10,12
17,0,2026,3,28,1,3,0,15
17,5,2026,3,28,19,2,0,17
17,9,2026,3,28,15,3,4,16
17,14,2026,3,28,13,5,2,19
17,20,2026,3,28,12,21,12,28
17,26,2026,3,28,14,6,10,24
17,31,2026,3,28,12,21,2,43
17,38,2026,3,28,13,4,10,37
17,42,2026,3,28,15,2,13,26
17,48,2026,3,28,19,4,11,19
17,54,2026,3,28,1,5,9,15
18,0,2026,3,28,1,6,0,21
18,5,2026,3,28,19,3,1,23
18,9,2026,3,28,15,3,3,23
18,14,2026,3,28,13,2,1,24
18,20,2026,3,28,12,14,17,21
18,26,2026,3,28,14,5,9,17
18,31,2026,3,28,12,20,4,33
18,38,2026,3,28,13,3,5,31
18,42,2026,3,28,15,5,9,27
18,48,2026,3,28,19,4,7,24
18,54,2026,3,28,1,5,10,19
19,0,2026,3,28,1,4,0,23
19,5,2026,3,28,19,2,2,23
19,9,2026,3,28,15,4,1,26
19,14,2026,3,28,13,5,2,29
19,20,2026,3,28,12,21,18,32
19,26,2026,3,28,14,6,14,24
19,31,2026,3,28,12,35,2,57
19,38,2026,3,28,13,2,11,48
19,42,2026,3,28,15,6,10,44
19,48,2026,3,28,19,5,18,31
19,54,2026,3,28,1,6,9,28
20,0,2026,3,28,1,5,0,33
20,5,2026,3,28,19,6,0,39
20,9,2026,3,28,15,3,3,39
20,14,2026,3,28,13,3,5,37
20,20,2026,3,28,12,31,20,48
20,26,2026,3,28,14,5,22,31
20,31,2026,3,28,12,35,2,64
20,38,2026,3,28,13,5,12,57
20,42,2026,3,28,15,6,14,49
20,48,2026,3,28,19,6,16,39
20,54,2026,3,28,1,6,19,26
21,0,2026,3,28,1,3,0,29
21,5,2026,3,28,19,3,0,32
21,9,2026,3,28,15,2,0,34
21,14,2026,3,28,13,5,7,32
21,20,2026,3,28,12,24,22,34
21,26,2026,3,28,14,5,15,24
21,31,2026,3,28,12,30,4,50
21,38,2026,3,28,13,3,8,45
21,42,2026,3,28,15,3,9,39
21,48,2026,3,28,19,2,15,26
21,54,2026,3,28,1,3,15,14
22,0,2026,3,28,1,4,0,18
22,5,2026,3,28,19,4,1,21
22,9,2026,3,28,15,2,2,21
22,14,2026,3,28,13,5,2,24
22,20,2026,3,28,12,29,16,37
22,26,2026,3,28,14,6,13,30
22,31,2026,3,28,12,25,6,49
22,38,2026,3,28,13,6,13,42
22,42,2026,3,28,15,2,8,36
22,48,2026,3,28,19,5,13,28
22,54,2026,3,28,1,3,12,19
23,0,2026,3,28,1,5,0,24
23,5,2026,3,28,19,4,0,28
23,9,2026,3,28,15,3,2,29
23,14,2026,3,28,13,2,3,28
23,20,2026,3,28,12,12,22,18
23,26,2026,3,28,14,4,9,13
23,31,2026,3,28,12,22,1,34
23,38,2026,3,28,13,4,9,29
23,42,2026,3,28,15,4,11,22
23,48,2026,3,28,19,3,13,12
23,54,2026,3,28,1,0,12,0
6,0,2026,3,29,1,3,0,3
6,5,2026,3,29,19,5,0,8
6,9,2026,3,29,15,22,0,30
6,14,2026,3,29,13,5,3,32
6,20,2026,3,29,12,15,23,24
6,26,2026,3,29,14,13,6,31
6,31,2026,3,29,12,30,7,54
6,38,2026,3,29,13,2,13,43
6,42,2026,3,29,15,6,8,41
6,48,2026,3,29,19,2,14,29
6,54,2026,3,29,1,5,16,18
7,0,2026,3,29,1,4,0,22
7,5,2026,3,29,19,4,1,25
7,9,2026,3,29,15,16,0,41
7,14,2026,3,29,13,4,13,32
7,20,2026,3,29,12,12,14,30
7,26,2026,3,29,14,19,7,42
7,31,2026,3,29,12,27,3,66
7,38,2026,3,29,13,1,12,55
7,42,2026,3,29,15,13,2,66
7,48,2026,3,29,19,3,24,45
7,54,2026,3,29,1,4,26,23
8,0,2026,3,29,1,3,0,26
8,5,2026,3,29,19,4,1,29
8,9,2026,3,29,15,12,2,39
8,14,2026,3,29,13,1,18,22
8,20,2026,3,29,12,33,10,45
8,26,2026,3,29,14,10,3,52
8,31,2026,3,29,12,17,4,65
8,38,2026,3,29,13,4,21,48
8,42,2026,3,29,15,6,3,51
8,48,2026,3,29,19,2,20,33
8,54,2026,3,29,1,3,20,16
9,0,2026,3,29,1,4,0,20
9,5,2026,3,29,19,4,2,22
9,9,2026,3,29,15,4,0,26
9,14,2026,3,29,13,5,8,23
9,20,2026,3,29,12,11,13,21
9,26,2026,3,29,14,6,3,24
9,31,2026,3,29,12,14,0,38
9,38,2026,3,29,13,5,12,31
9,42,2026,3,29,15,4,1,34
9,48,2026,3,29,19,1,20,15
9,54,2026,3,29,1,1,13,3
10,0,2026,3,29,1,5,0,8
10,5,2026,3,29,19,4,2,10
10,9,2026,3,29,15,5,0,15
10,14,2026,3,29,13,4,0,19
10,20,2026,3,29,12,9,15,13
10,26,2026,3,29,14,5,2,16
10,31,2026,3,29,12,20,3,33
10,38,2026,3,29,13,5,4,34
10,42,2026,3,29,15,3,7,30
10,48,2026,3,29,19,2,8,24
10,54,2026,3,29,1,6,12,18
11,0,2026,3,29,1,3,0,21
11,5,2026,3,29,19,4,0,25
11,9,2026,3,29,15,4,1,28
11,14,2026,3,29,13,3,1,30
11,20,2026,3,29,12,15,22,23
11,26,2026,3,29,14,3,6,20
11,31,2026,3,29,12,25,1,44
11,38,2026,3,29,13,4,15,33
11,42,2026,3,29,15,6,5,34
11,48,2026,3,29,19,6,12,28
11,54,2026,3,29,1,3,10,21
12,0,2026,3,29,1,4,0,25
12,5,2026,3,29,19,2,1,26
12,9,2026,3,29,15,4,2,28
12,14,2026,3,29,13,6,2,32
12,20,2026,3,29,12,29,20,41
12,26,2026,3,29,14,2,15,28
12,31,2026,3,29,12,19,2,45
12,38,2026,3,29,13,3,9,39
12,42,2026,3,29,15,5,14,30
12,48,2026,3,29,19,3,12,21
12,54,2026,3,29,1,2,12,11
13,0,2026,3,29,1,30,0,41
13,5,2026,3,29,19,10,3,48
13,9,2026,3,29,15,6,10,44
13,14,2026,3,29,13,25,3,66
13,20,2026,3,29,12,22,27,61
13,26,2026,3,29,14,2,27,36
13,31,2026,3,29,12,32,2,66
13,38,2026,3,29,13,5,5,66
13,42,2026,3,29,15,6,20,52
13,48,2026,3,29,19,24,16,60
13,54,2026,3,29,1,16,13,63
14,0,2026,3,29,1,3,0,66
14,5,2026,3,29,19,5,5,66
14,9,2026,3,29,15,4,12,58
14,14,2026,3,29,13,12,8,62
14,20,2026,3,29,12,9,21,50
14,26,2026,3,29,14,2,24,28
14,31,2026,3,29,12,20,0,48
14,38,2026,3,29,13,16,6,58
14,42,2026,3,29,15,4,15,47
14,48,2026,3,29,19,24,12,59
14,54,2026,3,29,1,9,14,54
15,0,2026,3,29,1,10,0,64
15,5,2026,3,29,19,5,3,66
15,9,2026,3,29,15,5,7,64
15,14,2026,3,29,13,11,9,66
15,20,2026,3,29,12,12,38,40
15,26,2026,3,29,14,2,23,19
15,31,2026,3,29,12,25,2,42
15,38,2026,3,29,13,26,2,66
15,42,2026,3,29,15,3,21,48
15,48,2026,3,29,19,14,8,54
15,54,2026,3,29,1,23,11,66
16,0,2026,3,29,1,3,0,69
16,5,2026,3,29,19,3,6,66
16,9,2026,3,29,15,2,6,62
16,14,2026,3,29,13,3,11,54
16,20,2026,3,29,12,23,27,50
16,26,2026,3,29,14,4,22,32
16,31,2026,3,29,12,32,4,60
16,38,2026,3,29,13,6,12,54
16,42,2026,3,29,15,5,13,46
16,48,2026,3,29,19,3,16,33
16,54,2026,3,29,1,2,17,18
17,0,2026,3,29,1,5,0,23
17,5,2026,3,29,19,4,1,26
17,9,2026,3,29,15,2,3,25
17,14,2026,3,29,13,3,4,24
17,20,2026,3,29,12,16,16,24
17,26,2026,3,29,14,4,8,20
17,31,2026,3,29,12,30,2,48
17,38,2026,3,29,13,4,6,46
17,42,2026,3,29,15,2,9,39
17,48,2026,3,29,19,4,14,29
17,54,2026,3,29,1,2,15,16
18,0,2026,3,29,1,2,0,18
18,5,2026,3,29,19,4,0,22
18,9,2026,3,29,15,6,2,26
18,14,2026,3,29,13,2,2,26
18,20,2026,3,29,12,31,17,40
18,26,2026,3,29,14,4,17,27
18,31,2026,3,29,12,9,3,33
18,38,2026,3,29,13,5,8,30
18,42,2026,3,29,15,4,3,31
18,48,2026,3,29,19,3,14,20
18,54,2026,3,29,1,5,5,20
19,0,2026,3,29,1,6,0,26
19,5,2026,3,29,19,6,0,32
19,9,2026,3,29,15,2,0,34
19,14,2026,3,29,13,2,2,34
19,20,2026,3,29,12,21,22,33
19,26,2026,3,29,14,2,10,25
19,31,2026,3,29,12,8,2,31
19,38,2026,3,29,13,2,7,26
19,42,2026,3,29,15,3,8,21
19,48,2026,3,29,19,2,8,15
19,54,2026,3,29,1,6,7,14
20,0,2026,3,29,1,4,0,18
20,5,2026,3,29,19,3,0,21
20,9,2026,3,29,15,2,1,22
20,14,2026,3,29,13,4,2,24
20,20,2026,3,29,12,24,17,31
20,26,2026,3,29,14,2,8,25
20,31,2026,3,29,12,25,2,48
20,38,2026,3,29,13,5,13,40
20,42,2026,3,29,15,6,10,36
20,48,2026,3,29,19,4,11,29
20,54,2026,3,29,1,6,10,25
21,0,2026,3,29,1,3,0,28
21,5,2026,3,29,19,5,0,33
21,9,2026,3,29,15,4,0,37
21,14,2026,3,29,13,3,4,36
21,20,2026,3,29,12,27,22,41
21,26,2026,3,29,14,4,15,30
21,31,2026,3,29,12,32,3,59
21,38,2026,3,29,13,5,11,53
21,42,2026,3,29,15,4,9,48
21,48,2026,3,29,19,3,15,36
21,54,2026,3,29,1,5,18,23
22,0,2026,3,29,1,5,0,28
22,5,2026,3,29,19,3,0,31
22,9,2026,3,29,15,5,0,36
22,14,2026,3,29,13,2,3,35
22,20,2026,3,29,12,9,21,23
22,26,2026,3,29,14,3,12,14
22,31,2026,3,29,12,9,1,22
22,38,2026,3,29,13,3,7,18
22,42,2026,3,29,15,2,2,18
22,48,2026,3,29,19,6,3,21
22,54,2026,3,29,1,3,8,16
23,0,2026,3,29,1,6,0,22
23,5,2026,3,29,19,2,1,23
23,9,2026,3,29,15,3,1,25
23,14,2026,3,29,13,6,1,30
23,20,2026,3,29,12,27,19,38
23,26,2026,3,29,14,3,12,29
23,31,2026,3,29,12,20,3,46
23,38,2026,3,29,13,3,14,35
23,42,2026,3,29,15,2,8,29
23,48,2026,3,29,19,2,13,18
23,54,2026,3,29,1,0,18,0
6,0,2026,3,30,1,2,0,2
6,5,2026,3,30,19,2,1,3
6,9,2026,3,30,15,6,0,9
6,14,2026,3,30,13,2,1,10
6,20,2026,3,30,12,18,6,22
6,26,2026,3,30,14,18,2,38
6,31,2026,3,30,12,13,13,38
6,38,2026,3,30,13,6,6,38
6,42,2026,3,30,15,5,5,38
6,48,2026,3,30,19,2,11,29
6,54,2026,3,30,1,6,14,21
7,0,2026,3,30,1,3,0,24
7,5,2026,3,30,19,4,4,24
7,9,2026,3,30,15,19,1,42
7,14,2026,3,30,13,3,14,31
7,20,2026,3,30,12,17,14,34
7,26,2026,3,30,14,11,5,40
7,31,2026,3,30,12,14,1,53
7,38,2026,3,30,13,1,10,44
7,42,2026,3,30,15,6,0,50
7,48,2026,3,30,19,1,22,29
7,54,2026,3,30,1,2,21,10
8,0,2026,3,30,1,1,0,11
8,5,2026,3,30,19,5,0,16
8,9,2026,3,30,15,6,1,21
8,14,2026,3,30,13,4,9,16
8,20,2026,3,30,12,29,4,41
8,26,2026,3,30,14,12,3,50
8,31,2026,3,30,12,18,2,66
8,38,2026,3,30,13,2,24,44
8,42,2026,3,30,15,15,0,59
8,48,2026,3,30,19,1,20,40
8,54,2026,3,30,1,3,21,22
9,0,2026,3,30,1,2,0,24
9,5,2026,3,30,19,1,2,23
9,9,2026,3,30,15,6,0,29
9,14,2026,3,30,13,4,14,19
9,20,2026,3,30,12,10,10,19
9,26,2026,3,30,14,5,3,21
9,31,2026,3,30,12,18,0,39
9,38,2026,3,30,13,5,12,32
9,42,2026,3,30,15,5,1,36
9,48,2026,3,30,19,3,17,22
9,54,2026,3,30,1,3,17,8
10,0,2026,3,30,1,2,0,10
10,5,2026,3,30,19,5,0,15
10,9,2026,3,30,15,4,1,18
10,14,2026,3,30,13,6,3,21
10,20,2026,3,30,12,26,17,30
10,26,2026,3,30,14,5,6,29
10,31,2026,3,30,12,17,4,42
10,38,2026,3,30,13,6,12,36
10,42,2026,3,30,15,3,8,31
10,48,2026,3,30,19,6,15,22
10,54,2026,3,30,1,4,8,18
11,0,2026,3,30,1,3,0,21
11,5,2026,3,30,19,2,1,22
11,9,2026,3,30,15,4,0,26
11,14,2026,3,30,13,5,2,29
11,20,2026,3,30,12,15,20,24
11,26,2026,3,30,14,3,2,25
11,31,2026,3,30,12,22,2,45
11,38,2026,3,30,13,5,7,43
11,42,2026,3,30,15,2,12,33
11,48,2026,3,30,19,2,14,21
11,54,2026,3,30,1,6,13,14
12,0,2026,3,30,1,4,0,18
12,5,2026,3,30,19,4,1,21
12,9,2026,3,30,15,3,2,22
12,14,2026,3,30,13,3,1,24
12,20,2026,3,30,12,26,18,32
12,26,2026,3,30,14,3,11,24
12,31,2026,3,30,12,18,2,40
12,38,2026,3,30,13,3,15,28
12,42,2026,3,30,15,4,9,23
12,48,2026,3,30,19,3,5,21
12,54,2026,3,30,1,4,10,15
13,0,2026,3,30,1,17,0,32
13,5,2026,3,30,19,7,1,38
13,9,2026,3,30,15,5,2,41
13,14,2026,3,30,13,25,3,63
13,20,2026,3,30,12,13,23,53
13,26,2026,3,30,14,3,20,36
13,31,2026,3,30,12,29,2,63
13,38,2026,3,30,13,7,4,66
13,42,2026,3,30,15,5,17,54
13,48,2026,3,30,19,14,15,53
13,54,2026,3,30,1,7,21,39
14,0,2026,3,30,1,25,0,64
14,5,2026,3,30,19,5,3,66
14,9,2026,3,30,15,2,13,55
14,14,2026,3,30,13,18,7,66
14,20,2026,3,30,12,16,22,60
14,26,2026,3,30,14,2,22,40
14,31,2026,3,30,12,15,1,54
14,38,2026,3,30,13,14,2,66
14,42,2026,3,30,15,3,24,45
14,48,2026,3,30,19,31,11,65
14,54,2026,3,30,1,18,17,66
15,0,2026,3,30,1,31,0,97
15,5,2026,3,30,19,14,11,100
15,9,2026,3,30,15,6,23,83
15,14,2026,3,30,13,16,17,82
15,20,2026,3,30,12,10,37,55
15,26,2026,3,30,14,4,22,37
15,31,2026,3,30,12,22,3,56
15,38,2026,3,30,13,13,3,66
15,42,2026,3,30,15,3,18,51
15,48,2026,3,30,19,14,14,51
15,54,2026,3,30,1,31,16,66
16,0,2026,3,30,1,2,0,68
16,5,2026,3,30,19,2,4,66
16,9,2026,3,30,15,4,5,65
16,14,2026,3,30,13,5,9,61
16,20,2026,3,30,12,33,35,59
16,26,2026,3,30,14,6,25,40
16,31,2026,3,30,12,10,4,46
16,38,2026,3,30,13,6,5,47
16,42,2026,3,30,15,4,13,38
16,48,2026,3,30,19,5,14,29
16,54,2026,3,30,1,2,16,15
17,0,2026,3,30,1,4,0,19
17,5,2026,3,30,19,2,0,21
17,9,2026,3,30,15,2,1,22
17,14,2026,3,30,13,6,2,26
17,20,2026,3,30,12,26,20,32
17,26,2026,3,30,14,4,8,28
17,31,2026,3,30,12,27,2,53
17,38,2026,3,30,13,2,11,44
17,42,2026,3,30,15,4,12,36
17,48,2026,3,30,19,6,16,26
17,54,2026,3,30,1,6,11,21
18,0,2026,3,30,1,4,0,25
18,5,2026,3,30,19,5,0,30
18,9,2026,3,30,15,5,2,33
18,14,2026,3,30,13,2,4,31
18,20,2026,3,30,12,18,20,29
18,26,2026,3,30,14,3,13,19
18,31,2026,3,30,12,19,3,35
18,38,2026,3,30,13,4,9,30
18,42,2026,3,30,15,6,9,27
18,48,2026,3,30,19,5,7,25
18,54,2026,3,30,1,5,9,21
19,0,2026,3,30,1,3,0,24
19,5,2026,3,30,19,6,0,30
19,9,2026,3,30,15,6,1,35
19,14,2026,3,30,13,4,3,36
19,20,2026,3,30,12,17,23,30
19,26,2026,3,30,14,3,10,23
19,31,2026,3,30,12,26,1,48
19,38,2026,3,30,13,5,6,47
19,42,2026,3,30,15,6,13,40
19,48,2026,3,30,19,5,10,35
19,54,2026,3,30,1,4,17,22
20,0,2026,3,30,1,2,0,24
20,5,2026,3,30,19,4,2,26
20,9,2026,3,30,15,2,0,28
20,14,2026,3,30,13,5,4,29
20,20,2026,3,30,12,17,17,29
20,26,2026,3,30,14,3,12,20
20,31,2026,3,30,12,18,2,36
20,38,2026,3,30,13,6,6,36
20,42,2026,3,30,15,4,12,28
20,48,2026,3,30,19,5,9,24
20,54,2026,3,30,1,6,4,26
21,0,2026,3,30,1,2,0,28
21,5,2026,3,30,19,4,1,31
21,9,2026,3,30,15,4,1,34
21,14,2026,3,30,13,6,4,36
21,20,2026,3,30,12,22,21,37
21,26,2026,3,30,14,3,16,24
21,31,2026,3,30,12,31,3,52
21,38,2026,3,30,13,5,9,48
21,42,2026,3,30,15,6,15,39
21,48,2026,3,30,19,4,11,32
21,54,2026,3,30,1,4,16,20
22,0,2026,3,30,1,6,0,26
22,5,2026,3,30,19,2,1,27
22,9,2026,3,30,15,4,0,31
22,14,2026,3,30,13,6,1,36
22,20,2026,3,30,12,25,21,40
22,26,2026,3,30,14,3,13,30
22,31,2026,3,30,12,29,3,56
22,38,2026,3,30,13,4,8,52
22,42,2026,3,30,15,3,21,34
22,48,2026,3,30,19,6,14,26
22,54,2026,3,30,1,6,9,23
23,0,2026,3,30,1,2,0,25
23,5,2026,3,30,19,5,1,29
23,9,2026,3,30,15,2,1,30
23,14,2026,3,30,13,2,3,29
23,20,2026,3,30,12,24,20,33
23,26,2026,3,30,14,3,11,25
23,31,2026,3,30,12,22,3,44
23,38,2026,3,30,13,2,12,34
23,42,2026,3,30,15,5,9,30
23,48,2026,3,30,19,3,12,21
23,54,2026,3,30,1,0,21,0
6,0,2026,3,31,1,4,0,4
6,5,2026,3,31,19,2,0,6
6,9,2026,3,31,15,18,0,24
6,14,2026,3,31,13,3,3,24
6,20,2026,3,31,12,31,21,34
6,26,2026,3,31,14,9,8,35
6,31,2026,3,31,12,20,6,49
6,38,2026,3,31,13,6,11,44
6,42,2026,3,31,15,21,9,56
6,48,2026,3,31,19,2,17,41
6,54,2026,3,31,1,4,14,31
7,0,2026,3,31,1,1,0,32
7,5,2026,3,31,19,2,2,32
7,9,2026,3,31,15,18,1,49
7,14,2026,3,31,13,3,18,34
7,20,2026,3,31,12,36,17,53
7,26,2026,3,31,14,19,6,66
7,31,2026,3,31,12,6,6,66
7,38,2026,3,31,13,1,21,46
7,42,2026,3,31,15,13,2,57
7,48,2026,3,31,19,3,20,40
7,54,2026,3,31,1,4,23,21
8,0,2026,3,31,1,4,0,25
8,5,2026,3,31,19,2,3,24
8,9,2026,3,31,15,19,0,43
8,14,2026,3,31,13,5,14,34
8,20,2026,3,31,12,9,14,29
8,26,2026,3,31,14,8,2,35
8,31,2026,3,31,12,29,2,62
8,38,2026,3,31,13,5,17,50
8,42,2026,3,31,15,15,1,64
8,48,2026,3,31,19,2,22,44
8,54,2026,3,31,1,3,21,26
9,0,2026,3,31,1,1,0,27
9,5,2026,3,31,19,4,1,30
9,9,2026,3,31,15,5,0,35
9,14,2026,3,31,13,4,15,24
9,20,2026,3,31,12,19,17,26
9,26,2026,3,31,14,2,5,23
9,31,2026,3,31,12,31,0,54
9,38,2026,3,31,13,3,14,43
9,42,2026,3,31,15,5,3,45
9,48,2026,3,31,19,2,20,27
9,54,2026,3,31,1,1,19,9
10,0,2026,3,31,1,5,0,14
10,5,2026,3,31,19,5,0,19
10,9,2026,3,31,15,2,1,20
10,14,2026,3,31,13,3,2,21
10,20,2026,3,31,12,30,18,33
10,26,2026,3,31,14,3,8,28
10,31,2026,3,31,12,33,1,60
10,38,2026,3,31,13,4,13,51
10,42,2026,3,31,15,4,15,40
10,48,2026,3,31,19,5,16,29
10,54,2026,3,31,1,5,16,18
11,0,2026,3,31,1,5,0,23
11,5,2026,3,31,19,6,0,29
11,9,2026,3,31,15,6,0,35
11,14,2026,3,31,13,3,4,34
11,20,2026,3,31,12,17,23,28
11,26,2026,3,31,14,5,10,23
11,31,2026,3,31,12,19,4,38
11,38,2026,3,31,13,3,11,30
11,42,2026,3,31,15,2,8,24
11,48,2026,3,31,19,3,9,18
11,54,2026,3,31,1,5,10,13
12,0,2026,3,31,1,2,0,15
12,5,2026,3,31,19,2,1,16
12,9,2026,3,31,15,5,2,19
12,14,2026,3,31,13,6,2,23
12,20,2026,3,31,12,8,16,15
12,26,2026,3,31,14,5,7,13
12,31,2026,3,31,12,20,2,31
12,38,2026,3,31,13,5,9,27
12,42,2026,3,31,15,2,8,21
12,48,2026,3,31,19,5,10,16
12,54,2026,3,31,1,2,6,12
13,0,2026,3,31,1,31,0,43
13,5,2026,3,31,19,27,4,66
13,9,2026,3,31,15,5,10,61
13,14,2026,3,31,13,10,5,66
13,20,2026,3,31,12,16,33,49
13,26,2026,3,31,14,6,22,33
13,31,2026,3,31,12,29,6,56
13,38,2026,3,31,13,19,9,66
13,42,2026,3,31,15,3,20,49
13,48,2026,3,31,19,23,6,66
13,54,2026,3,31,1,13,16,63
14,0,2026,3,31,1,3,0,66
14,5,2026,3,31,19,4,4,66
14,9,2026,3,31,15,2,10,58
14,14,2026,3,31,13,14,6,66
14,20,2026,3,31,12,13,30,49
14,26,2026,3,31,14,4,20,33
14,31,2026,3,31,12,26,2,57
14,38,2026,3,31,13,7,8,56
14,42,2026,3,31,15,4,13,47
14,48,2026,3,31,19,13,17,43
14,54,2026,3,31,1,18,15,46
15,0,2026,3,31,1,20,0,66
15,5,2026,3,31,19,6,6,66
15,9,2026,3,31,15,5,14,57
15,14,2026,3,31,13,14,7,64
15,20,2026,3,31,12,12,27,49
15,26,2026,3,31,14,4,26,27
15,31,2026,3,31,12,36,4,59
15,38,2026,3,31,13,13,12,60
15,42,2026,3,31,15,4,12,52
15,48,2026,3,31,19,30,16,66
15,54,2026,3,31,1,16,16,66
16,0,2026,3,31,1,5,0,71
16,5,2026,3,31,19,1,6,66
16,9,2026,3,31,15,2,7,61
16,14,2026,3,31,13,3,8,56
16,20,2026,3,31,12,31,35,52
16,26,2026,3,31,14,5,23,34
16,31,2026,3,31,12,13,5,42
16,38,2026,3,31,13,6,11,37
16,42,2026,3,31,15,2,8,31
16,48,2026,3,31,19,6,12,25
16,54,2026,3,31,1,2,12,15
17,0,2026,3,31,1,6,0,21
17,5,2026,3,31,19,4,0,25
17,9,2026,3,31,15,2,2,25
17,14,2026,3,31,13,4,2,27
17,20,2026,3,31,12,9,19,17
17,26,2026,3,31,14,4,8,13
17,31,2026,3,31,12,19,3,29
17,38,2026,3,31,13,5,8,26
17,42,2026,3,31,15,3,5,24
17,48,2026,3,31,19,6,8,22
17,54,2026,3,31,1,3,7,18
18,0,2026,3,31,1,2,0,20
18,5,2026,3,31,19,4,0,24
18,9,2026,3,31,15,5,1,28
18,14,2026,3,31,13,3,0,31
18,20,2026,3,31,12,9,21,19
18,26,2026,3,31,14,5,10,14
18,31,2026,3,31,12,31,4,41
18,38,2026,3,31,13,6,5,42
18,42,2026,3,31,15,6,7,41
18,48,2026,3,31,19,3,12,32
18,54,2026,3,31,1,2,11,23
19,0,2026,3,31,1,6,0,29
19,5,2026,3,31,19,2,1,30
19,9,2026,3,31,15,6,2,34
19,14,2026,3,31,13,3,1,36
19,20,2026,3,31,12,20,21,35
19,26,2026,3,31,14,6,16,25
19,31,2026,3,31,12,14,5,34
19,38,2026,3,31,13,3,6,31
19,42,2026,3,31,15,2,7,26
19,48,2026,3,31,19,4,15,15
19,54,2026,3,31,1,6,9,12
20,0,2026,3,31,1,4,0,16
20,5,2026,3,31,19,2,0,18
20,9,2026,3,31,15,6,3,21
20,14,2026,3,31,13,2,1,22
20,20,2026,3,31,12,19,19,22
20,26,2026,3,31,14,2,6,18
20,31,2026,3,31,12,10,2,26
20,38,2026,3,31,13,5,8,23
20,42,2026,3,31,15,4,6,21
20,48,2026,3,31,19,5,5,21
20,54,2026,3,31,1,5,7,19
21,0,2026,3,31,1,3,0,22
21,5,2026,3,31,19,2,1,23
21,9,2026,3,31,15,2,0,25
21,14,2026,3,31,13,2,1,26
21,20,2026,3,31,12,14,20,20
21,26,2026,3,31,14,2,6,16
21,31,2026,3,31,12,20,1,35
21,38,2026,3,31,13,4,5,34
21,42,2026,3,31,15,4,14,24
21,48,2026,3,31,19,2,7,19
21,54,2026,3,31,1,4,7,16
22,0,2026,3,31,1,2,0,18
22,5,2026,3,31,19,2,1,19
22,9,2026,3,31,15,4,1,22
22,14,2026,3,31,13,4,2,24
22,20,2026,3,31,12,27,16,35
22,26,2026,3,31,14,5,8,32
22,31,2026,3,31,12,28,5,55
22,38,2026,3,31,13,6,9,52
22,42,2026,3,31,15,6,10,48
22,48,2026,3,31,19,5,16,37
22,54,2026,3,31,1,5,20,22
23,0,2026,3,31,1,2,0,24
23,5,2026,3,31,19,3,0,27
23,9,2026,3,31,15,5,0,32
23,14,2026,3,31,13,2,6,28
23,20,2026,3,31,12,26,19,35
23,26,2026,3,31,14,6,14,27
23,31,2026,3,31,12,33,5,55
23,38,2026,3,31,13,5,13,47
23,42,2026,3,31,15,4,14,37
23,48,2026,3,31,19,5,20,22
23,54,2026,3,31,1,0,22,0
6,0,2026,4,1,1,5,0,5
6,5,2026,4,1,19,6,0,11
6,9,2026,4,1,15,5,2,14
6,14,2026,4,1,13,3,1,16
6,20,2026,4,1,12,34,14,36
6,26,2026,4,1,14,7,5,38
6,31,2026,4,1,12,32,4,66
6,38,2026,4,1,13,5,14,57
6,42,2026,4,1,15,11,18,50
6,48,2026,4,1,19,6,14,42
6,54,2026,4,1,1,3,15,30
7,0,2026,4,1,1,1,0,31
7,5,2026,4,1,19,3,2,32
7,9,2026,4,1,15,14,0,46
7,14,2026,4,1,13,3,13,36
7,20,2026,4,1,12,8,19,25
7,26,2026,4,1,14,15,7,33
7,31,2026,4,1,12,9,2,40
7,38,2026,4,1,13,1,11,30
7,42,2026,4,1,15,7,2,35
7,48,2026,4,1,19,2,13,24
7,54,2026,4,1,1,2,14,12
8,0,2026,4,1,1,1,0,13
8,5,2026,4,1,19,1,0,14
8,9,2026,4,1,15,18,0,32
8,14,2026,4,1,13,1,14,19
8,20,2026,4,1,12,14,9,24
8,26,2026,4,1,14,18,3,39
8,31,2026,4,1,12,15,9,45
8,38,2026,4,1,13,5,12,38
8,42,2026,4,1,15,10,3,45
8,48,2026,4,1,19,1,16,30
8,54,2026,4,1,1,2,20,12
9,0,2026,4,1,1,1,0,13
9,5,2026,4,1,19,3,1,15
9,9,2026,4,1,15,2,0,17
9,14,2026,4,1,13,3,10,10
9,20,2026,4,1,12,11,5,16
9,26,2026,4,1,14,6,2,20
9,31,2026,4,1,12,23,2,41
9,38,2026,4,1,13,2,11,32
9,42,2026,4,1,15,2,2,32
9,48,2026,4,1,19,3,14,21
9,54,2026,4,1,1,4,16,9
10,0,2026,4,1,1,6,0,15
10,5,2026,4,1,19,3,4,14
10,9,2026,4,1,15,4,1,17
10,14,2026,4,1,13,4,1,20
10,20,2026,4,1,12,24,16,28
10,26,2026,4,1,14,2,9,21
10,31,2026,4,1,12,35,2,54
10,38,2026,4,1,13,2,17,39
10,42,2026,4,1,15,3,14,28
10,48,2026,4,1,19,2,7,23
10,54,2026,4,1,1,3,12,14
11,0,2026,4,1,1,5,0,19
11,5,2026,4,1,19,4,1,22
11,9,2026,4,1,15,4,2,24
11,14,2026,4,1,13,3,2,25
11,20,2026,4,1,12,33,19,39
11,26,2026,4,1,14,6,8,37
11,31,2026,4,1,12,28,4,61
11,38,2026,4,1,13,2,18,45
11,42,2026,4,1,15,4,13,36
11,48,2026,4,1,19,2,17,21
11,54,2026,4,1,1,4,12,13
12,0,2026,4,1,1,6,0,19
12,5,2026,4,1,19,3,2,20
12,9,2026,4,1,15,6,1,25
12,14,2026,4,1,13,2,3,24
12,20,2026,4,1,12,36,16,44
12,26,2026,4,1,14,3,10,37
12,31,2026,4,1,12,9,2,44
12,38,2026,4,1,13,4,13,35
12,42,2026,4,1,15,5,6,34
12,48,2026,4,1,19,3,10,27
12,54,2026,4,1,1,6,13,20
13,0,2026,4,1,1,31,0,51
13,5,2026,4,1,19,15,0,66
13,9,2026,4,1,15,3,12,57
13,14,2026,4,1,13,14,5,66
13,20,2026,4,1,12,25,33,58
13,26,2026,4,1,14,5,23,40
13,31,2026,4,1,12,14,3,51
13,38,2026,4,1,13,12,3,60
13,42,2026,4,1,15,5,19,46
13,48,2026,4,1,19,12,15,43
13,54,2026,4,1,1,27,15,55
14,0,2026,4,1,1,11,0,66
14,5,2026,4,1,19,4,4,66
14,9,2026,4,1,15,2,9,59
14,14,2026,4,1,13,7,7,59
14,20,2026,4,1,12,10,36,33
14,26,2026,4,1,14,3,20,16
14,31,2026,4,1,12,12,2,26
14,38,2026,4,1,13,15,2,39
14,42,2026,4,1,15,6,11,34
14,48,2026,4,1,19,18,6,46
14,54,2026,4,1,1,8,9,45
15,0,2026,4,1,1,21,0,66
15,5,2026,4,1,19,2,2,66
15,9,2026,4,1,15,6,7,65
15,14,2026,4,1,13,12,14,63
15,20,2026,4,1,12,31,28,66
15,26,2026,4,1,14,5,20,51
15,31,2026,4,1,12,18,3,66
15,38,2026,4,1,13,8,8,66
15,42,2026,4,1,15,4,24,46
15,48,2026,4,1,19,24,14,56
15,54,2026,4,1,1,23,19,60
16,0,2026,4,1,1,6,0,66
16,5,2026,4,1,19,2,8,60
16,9,2026,4,1,15,5,8,57
16,14,2026,4,1,13,5,10,52
16,20,2026,4,1,12,21,25,48
16,26,2026,4,1,14,6,20,34
16,31,2026,4,1,12,10,3,41
16,38,2026,4,1,13,5,8,38
16,42,2026,4,1,15,3,11,30
16,48,2026,4,1,19,4,11,23
16,54,2026,4,1,1,3,13,13
17,0,2026,4,1,1,6,0,19
17,5,2026,4,1,19,4,0,23
17,9,2026,4,1,15,6,0,29
17,14,2026,4,1,13,2,2,29
17,20,2026,4,1,12,18,22,25
17,26,2026,4,1,14,3,13,15
17,31,2026,4,1,12,12,2,25
17,38,2026,4,1,13,4,2,27
17,42,2026,4,1,15,3,8,22
17,48,2026,4,1,19,5,6,21
17,54,2026,4,1,1,2,7,16
18,0,2026,4,1,1,5,0,21
18,5,2026,4,1,19,2,0,23
18,9,2026,4,1,15,2,1,24
18,14,2026,4,1,13,2,2,24
18,20,2026,4,1,12,27,11,40
18,26,2026,4,1,14,2,13,29
18,31,2026,4,1,12,18,1,46
18,38,2026,4,1,13,3,12,37
18,42,2026,4,1,15,3,7,33
18,48,2026,4,1,19,6,8,31
18,54,2026,4,1,1,6,15,22
19,0,2026,4,1,1,6,0,28
19,5,2026,4,1,19,4,3,29
19,9,2026,4,1,15,2,3,28
19,14,2026,4,1,13,5,4,29
19,20,2026,4,1,12,9,15,23
19,26,2026,4,1,14,6,10,19
19,31,2026,4,1,12,36,4,51
19,38,2026,4,1,13,2,13,40
19,42,2026,4,1,15,2,9,33
19,48,2026,4,1,19,2,10,25
19,54,2026,4,1,1,3,13,15
20,0,2026,4,1,1,4,0,19
20,5,2026,4,1,19,6,0,25
20,9,2026,4,1,15,6,3,28
20,14,2026,4,1,13,3,2,29
20,20,2026,4,1,12,12,15,26
20,26,2026,4,1,14,5,16,15
20,31,2026,4,1,12,20,2,33
20,38,2026,4,1,13,2,8,27
20,42,2026,4,1,15,4,7,24
20,48,2026,4,1,19,2,10,16
20,54,2026,4,1,1,3,8,11
21,0,2026,4,1,1,3,0,14
21,5,2026,4,1,19,2,0,16
21,9,2026,4,1,15,2,1,17
21,14,2026,4,1,13,3,2,18
21,20,2026,4,1,12,16,13,21
21,26,2026,4,1,14,6,9,18
21,31,2026,4,1,12,31,3,46
21,38,2026,4,1,13,4,16,34
21,42,2026,4,1,15,4,11,27
21,48,2026,4,1,19,3,9,21
21,54,2026,4,1,1,5,8,18
22,0,2026,4,1,1,2,0,20
22,5,2026,4,1,19,2,0,22
22,9,2026,4,1,15,4,2,24
22,14,2026,4,1,13,6,3,27
22,20,2026,4,1,12,19,18,28
22,26,2026,4,1,14,6,8,26
22,31,2026,4,1,12,35,5,56
22,38,2026,4,1,13,3,15,44
22,42,2026,4,1,15,5,16,33
22,48,2026,4,1,19,6,13,26
22,54,2026,4,1,1,4,10,20
23,0,2026,4,1,1,3,0,23
23,5,2026,4,1,19,2,0,25
23,9,2026,4,1,15,2,1,26
23,14,2026,4,1,13,4,4,26
23,20,2026,4,1,12,20,22,24
23,26,2026,4,1,14,5,6,23
23,31,2026,4,1,12,21,4,40
23,38,2026,4,1,13,2,11,31
23,42,2026,4,1,15,3,7,27
23,48,2026,4,1,19,4,12,19
23,54,2026,4,1,1,0,19,0
6,0,2026,4,2,1,6,0,6
6,5,2026,4,2,19,3,0,9
6,9,2026,4,2,15,12,2,19
6,14,2026,4,2,13,4,1,22
6,20,2026,4,2,12,22,16,28
6,26,2026,4,2,14,9,5,32
6,31,2026,4,2,12,12,4,40
6,38,2026,4,2,13,4,9,35
6,42,2026,4,2,15,8,4,39
6,48,2026,4,2,19,5,15,29
6,54,2026,4,2,1,6,9,26
7,0,2026,4,2,1,2,0,28
7,5,2026,4,2,19,3,2,29
7,9,2026,4,2,15,13,0,42
7,14,2026,4,2,13,4,17,29
7,20,2026,4,2,12,36,12,53
7,26,2026,4,2,14,18,7,64
7,31,2026,4,2,12,6,4,66
7,38,2026,4,2,13,3,23,46
7,42,2026,4,2,15,19,1,64
7,48,2026,4,2,19,4,20,48
7,54,2026,4,2,1,3,22,29
8,0,2026,4,2,1,3,0,32
8,5,2026,4,2,19,2,0,34
8,9,2026,4,2,15,13,0,47
8,14,2026,4,2,13,2,12,37
8,20,2026,4,2,12,9,20,26
8,26,2026,4,2,14,7,3,30
8,31,2026,4,2,12,29,0,59
8,38,2026,4,2,13,4,11,52
8,42,2026,4,2,15,17,3,66
8,48,2026,4,2,19,2,22,46
8,54,2026,4,2,1,3,24,25
9,0,2026,4,2,1,3,0,28
9,5,2026,4,2,19,2,1,29
9,9,2026,4,2,15,2,0,31
9,14,2026,4,2,13,3,16,18
9,20,2026,4,2,12,18,8,28
9,26,2026,4,2,14,2,6,24
9,31,2026,4,2,12,32,0,56
9,38,2026,4,2,13,2,11,47
9,42,2026,4,2,15,3,2,48
9,48,2026,4,2,19,4,20,32
9,54,2026,4,2,1,3,23,12
10,0,2026,4,2,1,3,0,15
10,5,2026,4,2,19,2,1,16
10,9,2026,4,2,15,3,1,18
10,14,2026,4,2,13,3,0,21
10,20,2026,4,2,12,32,20,33
10,26,2026,4,2,14,5,9,29
10,31,2026,4,2,12,15,5,39
10,38,2026,4,2,13,6,15,30
10,42,2026,4,2,15,2,6,26
10,48,2026,4,2,19,3,10,19
10,54,2026,4,2,1,2,7,14
11,0,2026,4,2,1,6,0,20
11,5,2026,4,2,19,6,0,26
11,9,2026,4,2,15,6,2,30
11,14,2026,4,2,13,6,3,33
11,20,2026,4,2,12,35,21,47
11,26,2026,4,2,14,5,13,39
11,31,2026,4,2,12,30,3,66
11,38,2026,4,2,13,2,10,58
11,42,2026,4,2,15,2,16,44
11,48,2026,4,2,19,6,16,34
11,54,2026,4,2,1,3,21,16
12,0,2026,4,2,1,2,0,18
12,5,2026,4,2,19,4,1,21
12,9,2026,4,2,15,4,2,23
12,14,2026,4,2,13,3,1,25
12,20,2026,4,2,12,30,12,43
12,26,2026,4,2,14,2,16,29
12,31,2026,4,2,12,34,1,62
12,38,2026,4,2,13,3,13,52
12,42,2026,4,2,15,4,14,42
12,48,2026,4,2,19,4,19,27
12,54,2026,4,2,1,5,14,18
13,0,2026,4,2,1,21,0,39
13,5,2026,4,2,19,12,1,50
13,9,2026,4,2,15,2,6,46
13,14,2026,4,2,13,12,6,52
13,20,2026,4,2,12,10,28,34
13,26,2026,4,2,14,6,11,29
13,31,2026,4,2,12,34,3,60
13,38,2026,4,2,13,8,2,66
13,42,2026,4,2,15,2,29,39
13,48,2026,4,2,19,25,10,54
13,54,2026,4,2,1,8,15,47
14,0,2026,4,2,1,16,0,63
14,5,2026,4,2,19,4,1,66
14,9,2026,4,2,15,3,10,59
14,14,2026,4,2,13,14,7,66
14,20,2026,4,2,12,26,26,66
14,26,2026,4,2,14,2,22,46
14,31,2026,4,2,12,22,2,66
14,38,2026,4,2,13,7,7,66
14,42,2026,4,2,15,3,26,43
14,48,2026,4,2,19,26,15,54
14,54,2026,4,2,1,19,11,62
15,0,2026,4,2,1,4,0,66
15,5,2026,4,2,19,4,4,66
15,9,2026,4,2,15,5,8,63
15,14,2026,4,2,13,13,10,66
15,20,2026,4,2,12,11,27,50
15,26,2026,4,2,14,2,22,30
15,31,2026,4,2,12,19,2,47
15,38,2026,4,2,13,25,6,66
15,42,2026,4,2,15,3,13,56
15,48,2026,4,2,19,27,17,66
15,54,2026,4,2,1,17,17,66
16,0,2026,4,2,1,5,0,71
16,5,2026,4,2,19,3,5,69
16,9,2026,4,2,15,4,7,66
16,14,2026,4,2,13,5,12,59
16,20,2026,4,2,12,34,32,61
16,26,2026,4,2,14,2,20,43
16,31,2026,4,2,12,19,2,60
16,38,2026,4,2,13,6,7,59
16,42,2026,4,2,15,4,20,43
16,48,2026,4,2,19,2,13,32
16,54,2026,4,2,1,6,19,19
17,0,2026,4,2,1,6,0,25
17,5,2026,4,2,19,3,2,26
17,9,2026,4,2,15,5,0,31
17,14,2026,4,2,13,6,3,34
17,20,2026,4,2,12,26,21,39
17,26,2026,4,2,14,3,17,25
17,31,2026,4,2,12,33,2,56
17,38,2026,4,2,13,4,10,50
17,42,2026,4,2,15,6,19,37
17,48,2026,4,2,19,4,16,25
17,54,2026,4,2,1,6,11,20
18,0,2026,4,2,1,3,0,23
18,5,2026,4,2,19,6,0,29
18,9,2026,4,2,15,5,1,33
18,14,2026,4,2,13,4,5,32
18,20,2026,4,2,12,12,21,23
18,26,2026,4,2,14,3,6,20
18,31,2026,4,2,12,20,3,37
18,38,2026,4,2,13,5,4,38
18,42,2026,4,2,15,3,9,32
18,48,2026,4,2,19,2,17,17
18,54,2026,4,2,1,4,8,13
19,0,2026,4,2,1,4,0,17
19,5,2026,4,2,19,2,1,18
19,9,2026,4,2,15,3,1,20
19,14,2026,4,2,13,3,1,22
19,20,2026,4,2,12,28,20,30
19,26,2026,4,2,14,2,10,22
19,31,2026,4,2,12,32,0,54
19,38,2026,4,2,13,2,14,42
19,42,2026,4,2,15,5,9,38
19,48,2026,4,2,19,5,14,29
19,54,2026,4,2,1,5,12,22
20,0,2026,4,2,1,3,0,25
20,5,2026,4,2,19,5,1,29
20,9,2026,4,2,15,2,1,30
20,14,2026,4,2,13,4,3,31
20,20,2026,4,2,12,19,21,29
20,26,2026,4,2,14,2,12,19
20,31,2026,4,2,12,24,1,42
20,38,2026,4,2,13,3,10,35
20,42,2026,4,2,15,3,6,32
20,48,2026,4,2,19,4,10,26
20,54,2026,4,2,1,3,16,13
21,0,2026,4,2,1,2,0,15
21,5,2026,4,2,19,3,0,18
21,9,2026,4,2,15,6,1,23
21,14,2026,4,2,13,3,2,24
21,20,2026,4,2,12,24,17,31
21,26,2026,4,2,14,2,10,23
21,31,2026,4,2,12,14,1,36
21,38,2026,4,2,13,2,6,32
21,42,2026,4,2,15,4,5,31
21,48,2026,4,2,19,5,14,22
21,54,2026,4,2,1,6,9,19
22,0,2026,4,2,1,3,0,22
22,5,2026,4,2,19,6,0,28
22,9,2026,4,2,15,5,1,32
22,14,2026,4,2,13,6,6,32
22,20,2026,4,2,12,15,23,24
22,26,2026,4,2,14,6,9,21
22,31,2026,4,2,12,14,2,33
22,38,2026,4,2,13,5,6,32
22,42,2026,4,2,15,5,9,28
22,48,2026,4,2,19,2,5,25
22,54,2026,4,2,1,3,15,13
23,0,2026,4,2,1,2,0,15
23,5,2026,4,2,19,5,1,19
23,9,2026,4,2,15,6,1,24
23,14,2026,4,2,13,4,0,28
23,20,2026,4,2,12,10,17,21
23,26,2026,4,2,14,3,5,19
23,31,2026,4,2,12,15,2,32
23,38,2026,4,2,13,4,7,29
23,42,2026,4,2,15,4,5,28
23,48,2026,4,2,19,6,12,22
23,54,2026,4,2,1,0,22,0
