hour,minute,year,month,day,station,in,out,inside
6,0,2025,12,12,20,6,0,6
6,8,2025,12,12,8,20,1,25
6,18,2025,12,12,15,10,6,29
6,27,2025,12,12,14,9,13,25
6,37,2025,12,12,15,20,1,44
6,46,2025,12,12,8,21,20,45
6,54,2025,12,12,20,3,20,28
7,0,2025,12,12,20,4,0,32
7,8,2025,12,12,8,15,2,45
7,18,2025,12,12,15,6,20,31
7,27,2025,12,12,14,5,19,17
7,37,2025,12,12,15,8,1,24
7,46,2025,12,12,8,9,4,29
7,54,2025,12,12,20,3,19,13
8,0,2025,12,12,20,5,0,18
8,8,2025,12,12,8,14,2,30
8,18,2025,12,12,15,7,8,29
8,27,2025,12,12,14,16,20,25
8,37,2025,12,12,15,8,6,27
8,46,2025,12,12,8,7,8,26
8,54,2025,12,12,20,3,20,9
9,0,2025,12,12,20,2,0,11
9,8,2025,12,12,8,4,3,12
9,18,2025,12,12,15,3,7,8
9,27,2025,12,12,14,4,5,7
9,37,2025,12,12,15,5,3,9
9,46,2025,12,12,8,2,3,8
9,54,2025,12,12,20,4,6,6
10,0,2025,12,12,20,5,0,11
10,8,2025,12,12,8,2,2,11
10,18,2025,12,12,15,4,4,11
10,27,2025,12,12,14,6,9,8
10,37,2025,12,12,15,4,2,10
10,46,2025,12,12,8,5,8,7
10,54,2025,12,12,20,2,2,7
11,0,2025,12,12,20,2,0,9
11,8,2025,12,12,8,2,3,8
11,18,2025,12,12,15,3,5,6
11,27,2025,12,12,14,6,5,7
11,37,2025,12,12,15,4,3,8
11,46,2025,12,12,8,4,4,8
11,54,2025,12,12,20,5,2,11
12,0,2025,12,12,20,2,0,13
12,8,2025,12,12,8,2,1,14
12,18,2025,12,12,15,4,4,14
12,27,2025,12,12,14,4,9,9
12,37,2025,12,12,15,3,0,12
12,46,2025,12,12,8,5,4,13
12,54,2025,12,12,20,5,8,10
13,0,2025,12,12,20,6,0,16
13,8,2025,12,12,8,3,5,14
13,18,2025,12,12,15,5,5,14
13,27,2025,12,12,14,3,9,8
13,37,2025,12,12,15,3,1,10
13,46,2025,12,12,8,2,4,8
13,54,2025,12,12,20,5,7,6
14,0,2025,12,12,20,5,0,11
14,8,2025,12,12,8,3,4,10
14,18,2025,12,12,15,4,2,12
14,27,2025,12,12,14,6,8,10
14,37,2025,12,12,15,6,1,15
14,46,2025,12,12,8,6,3,18
14,54,2025,12,12,20,3,11,10
15,0,2025,12,12,20,4,0,14
15,8,2025,12,12,8,3,2,15
15,18,2025,12,12,15,5,9,11
15,27,2025,12,12,14,4,7,8
15,37,2025,12,12,15,3,1,10
15,46,2025,12,12,8,6,4,12
15,54,2025,12,12,20,3,8,7
16,0,2025,12,12,20,5,0,12
16,8,2025,12,12,8,2,4,10
16,18,2025,12,12,15,5,4,11
16,27,2025,12,12,14,4,8,7
16,37,2025,12,12,15,3,1,9
16,46,2025,12,12,8,3,5,7
16,54,2025,12,12,20,6,6,7
17,0,2025,12,12,20,2,0,9
17,8,2025,12,12,8,4,4,9
17,18,2025,12,12,15,6,5,10
17,27,2025,12,12,14,4,2,12
17,37,2025,12,12,15,6,1,17
17,46,2025,12,12,8,2,7,12
17,54,2025,12,12,20,6,10,8
18,0,2025,12,12,20,6,0,14
18,8,2025,12,12,8,4,3,15
18,18,2025,12,12,15,6,6,15
18,27,2025,12,12,14,2,12,5
18,37,2025,12,12,15,6,0,11
18,46,2025,12,12,8,4,2,13
18,54,2025,12,12,20,2,10,5
19,0,2025,12,12,20,4,0,9
19,8,2025,12,12,8,2,1,10
19,18,2025,12,12,15,2,4,8
19,27,2025,12,12,14,4,5,7
19,37,2025,12,12,15,5,2,10
19,46,2025,12,12,8,6,3,13
19,54,2025,12,12,20,2,7,8
20,0,2025,12,12,20,4,0,12
20,8,2025,12,12,8,2,3,11
20,18,2025,12,12,15,6,5,12
20,27,2025,12,12,14,3,7,8
20,37,2025,12,12,15,4,0,12
20,46,2025,12,12,8,6,6,12
20,54,2025,12,12,20,5,6,11
21,0,2025,12,12,20,5,0,16
21,8,2025,12,12,8,5,5,16
21,18,2025,12,12,15,4,8,12
21,27,2025,12,12,14,5,9,8
21,37,2025,12,12,15,5,1,12
21,46,2025,12,12,8,4,1,15
21,54,2025,12,12,20,4,9,10
22,0,2025,12,12,20,6,0,16
22,8,2025,12,12,8,2,4,14
22,18,2025,12,12,15,3,6,11
22,27,2025,12,12,14,6,10,7
22,37,2025,12,12,15,4,1,10
22,46,2025,12,12,8,6,5,11
22,54,2025,12,12,20,6,6,11
23,0,2025,12,12,20,6,0,17
23,8,2025,12,12,8,2,1,18
23,18,2025,12,12,15,6,9,15
23,27,2025,12,12,14,4,10,9
23,37,2025,12,12,15,6,1,14
23,46,2025,12,12,8,5,7,12
23,54,2025,12,12,20,0,12,0
6,0,2025,12,13,20,2,0,2
6,8,2025,12,13,8,6,1,7
6,18,2025,12,13,15,5,4,8
6,27,2025,12,13,14,9,4,13
6,37,2025,12,13,15,20,4,29
6,46,2025,12,13,8,20,6,43
6,54,2025,12,13,20,2,20,25
7,0,2025,12,13,20,2,0,27
7,8,2025,12,13,8,9,1,35
7,18,2025,12,13,15,14,14,35
7,27,2025,12,13,14,10,20,25
7,37,2025,12,13,15,11,5,31
7,46,2025,12,13,8,16,16,31
7,54,2025,12,13,20,6,15,22
8,0,2025,12,13,20,5,0,27
8,8,2025,12,13,8,6,2,31
8,18,2025,12,13,15,19,11,39
8,27,2025,12,13,14,5,20,24
8,37,2025,12,13,15,17,2,39
8,46,2025,12,13,8,20,17,42
8,54,2025,12,13,20,2,20,24
9,0,2025,12,13,20,2,0,26
9,8,2025,12,13,8,4,1,29
9,18,2025,12,13,15,5,11,23
9,27,2025,12,13,14,5,18,10
9,37,2025,12,13,15,6,2,14
9,46,2025,12,13,8,4,5,13
9,54,2025,12,13,20,6,6,13
10,0,2025,12,13,20,2,0,15
10,8,2025,12,13,8,3,2,16
10,18,2025,12,13,15,5,7,14
10,27,2025,12,13,14,2,9,7
10,37,2025,12,13,15,4,1,10
10,46,2025,12,13,8,4,3,11
10,54,2025,12,13,20,5,8,8
11,0,2025,12,13,20,2,0,10
11,8,2025,12,13,8,3,2,11
11,18,2025,12,13,15,2,5,8
11,27,2025,12,13,14,4,5,7
11,37,2025,12,13,15,6,2,11
11,46,2025,12,13,8,4,4,11
11,54,2025,12,13,20,4,7,8
12,0,2025,12,13,20,3,0,11
12,8,2025,12,13,8,4,1,14
12,18,2025,12,13,15,4,5,13
12,27,2025,12,13,14,2,7,8
12,37,2025,12,13,15,3,1,10
12,46,2025,12,13,8,4,1,13
12,54,2025,12,13,20,4,8,9
13,0,2025,12,13,20,3,0,12
13,8,2025,12,13,8,4,0,16
13,18,2025,12,13,15,5,7,14
13,27,2025,12,13,14,4,9,9
13,37,2025,12,13,15,5,2,12
13,46,2025,12,13,8,5,4,13
13,54,2025,12,13,20,2,10,5
14,0,2025,12,13,20,4,0,9
14,8,2025,12,13,8,2,2,9
14,18,2025,12,13,15,3,0,12
14,27,2025,12,13,14,4,10,6
14,37,2025,12,13,15,2,1,7
14,46,2025,12,13,8,5,1,11
14,54,2025,12,13,20,4,8,7
15,0,2025,12,13,20,5,0,12
15,8,2025,12,13,8,6,4,14
15,18,2025,12,13,15,4,3,15
15,27,2025,12,13,14,6,10,11
15,37,2025,12,13,15,5,1,15
15,46,2025,12,13,8,5,6,14
15,54,2025,12,13,20,6,7,13
16,0,2025,12,13,20,6,0,19
16,8,2025,12,13,8,3,3,19
16,18,2025,12,13,15,6,13,12
16,27,2025,12,13,14,4,7,9
16,37,2025,12,13,15,5,1,13
16,46,2025,12,13,8,2,5,10
16,54,2025,12,13,20,5,6,9
17,0,2025,12,13,20,5,0,14
17,8,2025,12,13,8,3,3,14
17,18,2025,12,13,15,2,5,11
17,27,2025,12,13,14,4,7,8
17,37,2025,12,13,15,3,2,9
17,46,2025,12,13,8,3,2,10
17,54,2025,12,13,20,2,6,6
18,0,2025,12,13,20,3,0,9
18,8,2025,12,13,8,3,0,12
18,18,2025,12,13,15,5,6,11
18,27,2025,12,13,14,6,7,10
18,37,2025,12,13,15,3,3,10
18,46,2025,12,13,8,4,3,11
18,54,2025,12,13,20,5,7,9
19,0,2025,12,13,20,4,0,13
19,8,2025,12,13,8,3,4,12
19,18,2025,12,13,15,6,2,16
19,27,2025,12,13,14,3,10,9
19,37,2025,12,13,15,6,1,14
19,46,2025,12,13,8,3,4,13
19,54,2025,12,13,20,3,9,7
20,0,2025,12,13,20,5,0,12
20,8,2025,12,13,8,6,1,17
20,18,2025,12,13,15,5,3,19
20,27,2025,12,13,14,3,14,8
20,37,2025,12,13,15,4,2,10
20,46,2025,12,13,8,4,1,13
20,54,2025,12,13,20,4,11,6
21,0,2025,12,13,20,3,0,9
21,8,2025,12,13,8,2,2,9
21,18,2025,12,13,15,6,2,13
21,27,2025,12,13,14,5,9,9
21,37,2025,12,13,15,6,1,14
21,46,2025,12,13,8,6,5,15
21,54,2025,12,13,20,3,10,8
22,0,2025,12,13,20,5,0,13
22,8,2025,12,13,8,3,2,14
22,18,2025,12,13,15,5,6,13
22,27,2025,12,13,14,5,8,10
22,37,2025,12,13,15,2,3,9
22,46,2025,12,13,8,6,7,8
22,54,2025,12,13,20,4,4,8
23,0,2025,12,13,20,3,0,11
23,8,2025,12,13,8,5,3,13
23,18,2025,12,13,15,5,8,10
23,27,2025,12,13,14,6,8,8
23,37,2025,12,13,15,5,4,9
23,46,2025,12,13,8,3,5,7
23,54,2025,12,13,20,0,7,0
6,0,2025,12,14,20,3,0,3
6,8,2025,12,14,8,17,3,17
6,18,2025,12,14,15,13,5,25
6,27,2025,12,14,14,22,7,40
6,37,2025,12,14,15,6,8,38
6,46,2025,12,14,8,9,15,32
6,54,2025,12,14,20,5,20,17
7,0,2025,12,14,20,5,0,22
7,8,2025,12,14,8,6,5,23
7,18,2025,12,14,15,21,7,37
7,27,2025,12,14,14,6,20,23
7,37,2025,12,14,15,11,2,32
7,46,2025,12,14,8,17,15,34
7,54,2025,12,14,20,6,16,24
8,0,2025,12,14,20,4,0,28
8,8,2025,12,14,8,8,5,31
8,18,2025,12,14,15,7,11,27
8,27,2025,12,14,14,17,18,26
8,37,2025,12,14,15,15,4,37
8,46,2025,12,14,8,21,18,40
8,54,2025,12,14,20,3,20,23
9,0,2025,12,14,20,6,0,29
9,8,2025,12,14,8,6,1,34
9,18,2025,12,14,15,2,15,21
9,27,2025,12,14,14,5,17,9
9,37,2025,12,14,15,5,2,12
9,46,2025,12,14,8,5,4,13
9,54,2025,12,14,20,2,9,6
10,0,2025,12,14,20,2,0,8
10,8,2025,12,14,8,2,0,10
10,18,2025,12,14,15,4,6,8
10,27,2025,12,14,14,5,5,8
10,37,2025,12,14,15,2,1,9
10,46,2025,12,14,8,3,5,7
10,54,2025,12,14,20,6,5,8
11,0,2025,12,14,20,4,0,12
11,8,2025,12,14,8,5,1,16
11,18,2025,12,14,15,3,8,11
11,27,2025,12,14,14,4,5,10
11,37,2025,12,14,15,3,0,13
11,46,2025,12,14,8,6,5,14
11,54,2025,12,14,20,5,10,9
12,0,2025,12,14,20,6,0,15
12,8,2025,12,14,8,6,2,19
12,18,2025,12,14,15,3,8,14
12,27,2025,12,14,14,6,9,11
12,37,2025,12,14,15,2,1,12
12,46,2025,12,14,8,6,5,13
12,54,2025,12,14,20,5,10,8
13,0,2025,12,14,20,2,0,10
13,8,2025,12,14,8,2,3,9
13,18,2025,12,14,15,2,8,3
13,27,2025,12,14,14,6,2,7
13,37,2025,12,14,15,2,3,6
13,46,2025,12,14,8,3,2,7
13,54,2025,12,14,20,5,6,6
14,0,2025,12,14,20,5,0,11
14,8,2025,12,14,8,3,2,12
14,18,2025,12,14,15,2,5,9
14,27,2025,12,14,14,3,6,6
14,37,2025,12,14,15,4,2,8
14,46,2025,12,14,8,6,4,10
14,54,2025,12,14,20,2,7,5
15,0,2025,12,14,20,5,0,10
15,8,2025,12,14,8,4,1,13
15,18,2025,12,14,15,4,3,14
15,27,2025,12,14,14,2,11,5
15,37,2025,12,14,15,5,0,10
15,46,2025,12,14,8,6,4,12
15,54,2025,12,14,20,2,5,9
16,0,2025,12,14,20,4,0,13
16,8,2025,12,14,8,4,2,15
16,18,2025,12,14,15,3,9,9
16,27,2025,12,14,14,4,7,6
16,37,2025,12,14,15,3,1,8
16,46,2025,12,14,8,5,4,9
16,54,2025,12,14,20,4,6,7
17,0,2025,12,14,20,2,0,9
17,8,2025,12,14,8,3,2,10
17,18,2025,12,14,15,2,7,5
17,27,2025,12,14,14,2,3,4
17,37,2025,12,14,15,4,1,7
17,46,2025,12,14,8,3,3,7
17,54,2025,12,14,20,5,4,8
18,0,2025,12,14,20,4,0,12
18,8,2025,12,14,8,2,3,11
18,18,2025,12,14,15,4,5,10
18,27,2025,12,14,14,5,9,6
18,37,2025,12,14,15,2,3,5
18,46,2025,12,14,8,3,2,6
18,54,2025,12,14,20,6,3,9
19,0,2025,12,14,20,4,0,13
19,8,2025,12,14,8,5,4,14
19,18,2025,12,14,15,6,3,17
19,27,2025,12,14,14,2,12,7
19,37,2025,12,14,15,4,1,10
19,46,2025,12,14,8,5,4,11
19,54,2025,12,14,20,3,5,9
20,0,2025,12,14,20,4,0,13
20,8,2025,12,14,8,5,1,17
20,18,2025,12,14,15,3,8,12
20,27,2025,12,14,14,3,9,6
20,37,2025,12,14,15,2,0,8
20,46,2025,12,14,8,4,1,11
20,54,2025,12,14,20,3,8,6
21,0,2025,12,14,20,2,0,8
21,8,2025,12,14,8,4,1,11
21,18,2025,12,14,15,5,1,15
21,27,2025,12,14,14,2,8,9
21,37,2025,12,14,15,3,0,12
21,46,2025,12,14,8,2,6,8
21,54,2025,12,14,20,4,7,5
22,0,2025,12,14,20,2,0,7
22,8,2025,12,14,8,6,2,11
22,18,2025,12,14,15,4,3,12
22,27,2025,12,14,14,5,7,10
22,37,2025,12,14,15,6,2,14
22,46,2025,12,14,8,2,7,9
22,54,2025,12,14,20,4,5,8
23,0,2025,12,14,20,3,0,11
23,8,2025,12,14,8,6,2,15
23,18,2025,12,14,15,4,6,13
23,27,2025,12,14,14,6,6,13
23,37,2025,12,14,15,2,1,14
23,46,2025,12,14,8,5,7,12
23,54,2025,12,14,20,0,12,0
6,0,2025,12,15,20,5,0,5
6,8,2025,12,15,8,8,3,10
6,18,2025,12,15,15,8,4,14
6,27,2025,12,15,14,12,7,19
6,37,2025,12,15,15,12,5,26
6,46,2025,12,15,8,7,16,17
6,54,2025,12,15,20,5,9,13
7,0,2025,12,15,20,3,0,16
7,8,2025,12,15,8,12,4,24
7,18,2025,12,15,15,22,9,37
7,27,2025,12,15,14,11,14,34
7,37,2025,12,15,15,5,2,37
7,46,2025,12,15,8,17,16,38
7,54,2025,12,15,20,4,20,22
8,0,2025,12,15,20,4,0,26
8,8,2025,12,15,8,15,1,40
8,18,2025,12,15,15,16,20,36
8,27,2025,12,15,14,11,17,30
8,37,2025,12,15,15,9,3,36
8,46,2025,12,15,8,5,10,31
8,54,2025,12,15,20,6,20,17
9,0,2025,12,15,20,6,0,23
9,8,2025,12,15,8,3,4,22
9,18,2025,12,15,15,2,9,15
9,27,2025,12,15,14,6,15,6
9,37,2025,12,15,15,5,1,10
9,46,2025,12,15,8,5,6,9
9,54,2025,12,15,20,6,3,12
10,0,2025,12,15,20,2,0,14
10,8,2025,12,15,8,2,4,12
10,18,2025,12,15,15,2,3,11
10,27,2025,12,15,14,2,9,4
10,37,2025,12,15,15,3,0,7
10,46,2025,12,15,8,3,1,9
10,54,2025,12,15,20,4,5,8
11,0,2025,12,15,20,5,0,13
11,8,2025,12,15,8,2,4,11
11,18,2025,12,15,15,2,6,7
11,27,2025,12,15,14,2,5,4
11,37,2025,12,15,15,6,0,10
11,46,2025,12,15,8,2,3,9
11,54,2025,12,15,20,6,8,7
12,0,2025,12,15,20,3,0,10
12,8,2025,12,15,8,4,1,13
12,18,2025,12,15,15,6,7,12
12,27,2025,12,15,14,5,5,12
12,37,2025,12,15,15,4,0,16
12,46,2025,12,15,8,4,10,10
12,54,2025,12,15,20,5,5,10
13,0,2025,12,15,20,6,0,16
13,8,2025,12,15,8,4,4,16
13,18,2025,12,15,15,5,6,15
13,27,2025,12,15,14,5,11,9
13,37,2025,12,15,15,4,0,13
13,46,2025,12,15,8,6,7,12
13,54,2025,12,15,20,2,4,10
14,0,2025,12,15,20,6,0,16
14,8,2025,12,15,8,4,2,18
14,18,2025,12,15,15,5,8,15
14,27,2025,12,15,14,5,12,8
14,37,2025,12,15,15,2,3,7
14,46,2025,12,15,8,2,2,7
14,54,2025,12,15,20,6,5,8
15,0,2025,12,15,20,4,0,12
15,8,2025,12,15,8,4,3,13
15,18,2025,12,15,15,4,7,10
15,27,2025,12,15,14,5,6,9
15,37,2025,12,15,15,3,2,10
15,46,2025,12,15,8,4,5,9
15,54,2025,12,15,20,2,5,6
16,0,2025,12,15,20,4,0,10
16,8,2025,12,15,8,6,0,16
16,18,2025,12,15,15,3,10,9
16,27,2025,12,15,14,5,4,10
16,37,2025,12,15,15,6,2,14
16,46,2025,12,15,8,4,5,13
16,54,2025,12,15,20,5,9,9
17,0,2025,12,15,20,3,0,12
17,8,2025,12,15,8,3,4,11
17,18,2025,12,15,15,6,4,13
17,27,2025,12,15,14,2,8,7
17,37,2025,12,15,15,5,2,10
17,46,2025,12,15,8,4,7,7
17,54,2025,12,15,20,6,3,10
18,0,2025,12,15,20,4,0,14
18,8,2025,12,15,8,3,3,14
18,18,2025,12,15,15,2,5,11
18,27,2025,12,15,14,4,10,5
18,37,2025,12,15,15,2,0,7
18,46,2025,12,15,8,5,2,10
18,54,2025,12,15,20,4,9,5
19,0,2025,12,15,20,3,0,8
19,8,2025,12,15,8,6,3,11
19,18,2025,12,15,15,5,4,12
19,27,2025,12,15,14,4,4,12
19,37,2025,12,15,15,5,1,16
19,46,2025,12,15,8,5,6,15
19,54,2025,12,15,20,5,12,8
20,0,2025,12,15,20,6,0,14
20,8,2025,12,15,8,5,3,16
20,18,2025,12,15,15,6,10,12
20,27,2025,12,15,14,2,8,6
20,37,2025,12,15,15,2,0,8
20,46,2025,12,15,8,4,4,8
20,54,2025,12,15,20,6,4,10
21,0,2025,12,15,20,5,0,15
21,8,2025,12,15,8,2,0,17
21,18,2025,12,15,15,3,8,12
21,27,2025,12,15,14,5,10,7
21,37,2025,12,15,15,3,3,7
21,46,2025,12,15,8,3,3,7
21,54,2025,12,15,20,2,3,6
22,0,2025,12,15,20,2,0,8
22,8,2025,12,15,8,6,2,12
22,18,2025,12,15,15,3,4,11
22,27,2025,12,15,14,4,8,7
22,37,2025,12,15,15,4,1,10
22,46,2025,12,15,8,3,1,12
22,54,2025,12,15,20,2,8,6
23,0,2025,12,15,20,3,0,9
23,8,2025,12,15,8,2,3,8
23,18,2025,12,15,15,6,3,11
23,27,2025,12,15,14,2,5,8
23,37,2025,12,15,15,6,0,14
23,46,2025,12,15,8,6,7,13
23,54,2025,12,15,20,0,13,0
6,0,2025,12,16,20,2,0,2
6,8,2025,12,16,8,14,1,15
6,18,2025,12,16,15,20,4,31
6,27,2025,12,16,14,19,12,38
6,37,2025,12,16,15,19,7,50
6,46,2025,12,16,8,21,20,51
6,54,2025,12,16,20,2,20,33
7,0,2025,12,16,20,5,0,38
7,8,2025,12,16,8,20,4,54
7,18,2025,12,16,15,17,20,51
7,27,2025,12,16,14,17,20,48
7,37,2025,12,16,15,10,8,50
7,46,2025,12,16,8,6,20,36
7,54,2025,12,16,20,5,20,21
8,0,2025,12,16,20,3,0,24
8,8,2025,12,16,8,7,2,29
8,18,2025,12,16,15,21,11,39
8,27,2025,12,16,14,5,20,24
8,37,2025,12,16,15,13,1,36
8,46,2025,12,16,8,9,14,31
8,54,2025,12,16,20,4,20,15
9,0,2025,12,16,20,3,0,18
9,8,2025,12,16,8,4,1,21
9,18,2025,12,16,15,2,7,16
9,27,2025,12,16,14,5,13,8
9,37,2025,12,16,15,4,0,12
9,46,2025,12,16,8,4,4,12
9,54,2025,12,16,20,6,8,10
10,0,2025,12,16,20,2,0,12
10,8,2025,12,16,8,3,3,12
10,18,2025,12,16,15,3,4,11
10,27,2025,12,16,14,5,8,8
10,37,2025,12,16,15,5,2,11
10,46,2025,12,16,8,3,4,10
10,54,2025,12,16,20,3,7,6
11,0,2025,12,16,20,3,0,9
11,8,2025,12,16,8,3,1,11
11,18,2025,12,16,15,3,5,9
11,27,2025,12,16,14,5,6,8
11,37,2025,12,16,15,2,2,8
11,46,2025,12,16,8,5,2,11
11,54,2025,12,16,20,2,7,6
12,0,2025,12,16,20,2,0,8
12,8,2025,12,16,8,5,0,13
12,18,2025,12,16,15,6,5,14
12,27,2025,12,16,14,5,8,11
12,37,2025,12,16,15,3,1,13
12,46,2025,12,16,8,6,3,16
12,54,2025,12,16,20,6,10,12
13,0,2025,12,16,20,2,0,14
13,8,2025,12,16,8,5,1,18
13,18,2025,12,16,15,2,4,16
13,27,2025,12,16,14,3,13,6
13,37,2025,12,16,15,2,1,7
13,46,2025,12,16,8,5,3,9
13,54,2025,12,16,20,3,6,6
14,0,2025,12,16,20,6,0,12
14,8,2025,12,16,8,5,2,15
14,18,2025,12,16,15,6,4,17
14,27,2025,12,16,14,6,8,15
14,37,2025,12,16,15,5,1,19
14,46,2025,12,16,8,5,6,18
14,54,2025,12,16,20,6,11,13
15,0,2025,12,16,20,2,0,15
15,8,2025,12,16,8,3,2,16
15,18,2025,12,16,15,2,7,11
15,27,2025,12,16,14,3,10,4
15,37,2025,12,16,15,6,1,9
15,46,2025,12,16,8,2,5,6
15,54,2025,12,16,20,6,4,8
16,0,2025,12,16,20,3,0,11
16,8,2025,12,16,8,5,4,12
16,18,2025,12,16,15,2,4,10
16,27,2025,12,16,14,5,10,5
16,37,2025,12,16,15,2,2,5
16,46,2025,12,16,8,3,2,6
16,54,2025,12,16,20,2,4,4
17,0,2025,12,16,20,4,0,8
17,8,2025,12,16,8,3,3,8
17,18,2025,12,16,15,2,2,8
17,27,2025,12,16,14,6,7,7
17,37,2025,12,16,15,6,2,11
17,46,2025,12,16,8,2,6,7
17,54,2025,12,16,20,4,2,9
18,0,2025,12,16,20,5,0,14
18,8,2025,12,16,8,2,1,15
18,18,2025,12,16,15,3,6,12
18,27,2025,12,16,14,3,9,6
18,37,2025,12,16,15,4,2,8
18,46,2025,12,16,8,2,6,4
18,54,2025,12,16,20,3,1,6
19,0,2025,12,16,20,5,0,11
19,8,2025,12,16,8,6,1,16
19,18,2025,12,16,15,5,8,13
19,27,2025,12,16,14,3,9,7
19,37,2025,12,16,15,2,1,8
19,46,2025,12,16,8,3,3,8
19,54,2025,12,16,20,3,5,6
20,0,2025,12,16,20,2,0,8
20,8,2025,12,16,8,5,1,12
20,18,2025,12,16,15,3,2,13
20,27,2025,12,16,14,5,8,10
20,37,2025,12,16,15,6,1,15
20,46,2025,12,16,8,3,4,14
20,54,2025,12,16,20,5,8,11
21,0,2025,12,16,20,4,0,15
21,8,2025,12,16,8,4,4,15
21,18,2025,12,16,15,4,7,12
21,27,2025,12,16,14,6,7,11
21,37,2025,12,16,15,6,0,17
21,46,2025,12,16,8,6,6,17
21,54,2025,12,16,20,5,14,8
22,0,2025,12,16,20,6,0,14
22,8,2025,12,16,8,3,4,13
22,18,2025,12,16,15,3,6,10
22,27,2025,12,16,14,2,7,5
22,37,2025,12,16,15,6,1,10
22,46,2025,12,16,8,3,4,9
22,54,2025,12,16,20,6,5,10
23,0,2025,12,16,20,6,0,16
23,8,2025,12,16,8,6,2,20
23,18,2025,12,16,15,4,10,14
23,27,2025,12,16,14,6,11,9
23,37,2025,12,16,15,5,2,12
23,46,2025,12,16,8,2,3,11
23,54,2025,12,16,20,0,11,0
6,0,2025,12,17,20,6,0,6
6,8,2025,12,17,8,16,4,18
6,18,2025,12,17,15,6,7,17
6,27,2025,12,17,14,22,6,33
6,37,2025,12,17,15,7,8,32
6,46,2025,12,17,8,7,10,29
6,54,2025,12,17,20,4,20,13
7,0,2025,12,17,20,3,0,16
7,8,2025,12,17,8,7,3,20
7,18,2025,12,17,15,19,8,31
7,27,2025,12,17,14,6,17,20
7,37,2025,12,17,15,5,3,22
7,46,2025,12,17,8,8,9,21
7,54,2025,12,17,20,3,16,8
8,0,2025,12,17,20,2,0,10
8,8,2025,12,17,8,19,4,25
8,18,2025,12,17,15,9,9,25
8,27,2025,12,17,14,13,12,26
8,37,2025,12,17,15,10,5,31
8,46,2025,12,17,8,22,13,40
8,54,2025,12,17,20,5,20,25
9,0,2025,12,17,20,3,0,28
9,8,2025,12,17,8,5,4,29
9,18,2025,12,17,15,4,8,25
9,27,2025,12,17,14,2,18,9
9,37,2025,12,17,15,2,1,10
9,46,2025,12,17,8,4,2,12
9,54,2025,12,17,20,6,7,11
10,0,2025,12,17,20,6,0,17
10,8,2025,12,17,8,6,8,15
10,18,2025,12,17,15,6,7,14
10,27,2025,12,17,14,6,8,12
10,37,2025,12,17,15,2,4,10
10,46,2025,12,17,8,3,1,12
10,54,2025,12,17,20,4,8,8
11,0,2025,12,17,20,4,0,12
11,8,2025,12,17,8,2,1,13
11,18,2025,12,17,15,5,6,12
11,27,2025,12,17,14,6,7,11
11,37,2025,12,17,15,4,4,11
11,46,2025,12,17,8,4,6,9
11,54,2025,12,17,20,4,4,9
12,0,2025,12,17,20,3,0,12
12,8,2025,12,17,8,3,2,13
12,18,2025,12,17,15,4,1,16
12,27,2025,12,17,14,4,11,9
12,37,2025,12,17,15,4,2,11
12,46,2025,12,17,8,3,4,10
12,54,2025,12,17,20,3,5,8
13,0,2025,12,17,20,5,0,13
13,8,2025,12,17,8,4,4,13
13,18,2025,12,17,15,6,3,16
13,27,2025,12,17,14,2,12,6
13,37,2025,12,17,15,4,0,10
13,46,2025,12,17,8,6,4,12
13,54,2025,12,17,20,6,7,11
14,0,2025,12,17,20,3,0,14
14,8,2025,12,17,8,3,5,12
14,18,2025,12,17,15,4,6,10
14,27,2025,12,17,14,2,7,5
14,37,2025,12,17,15,2,1,6
14,46,2025,12,17,8,6,4,8
14,54,2025,12,17,20,3,3,8
15,0,2025,12,17,20,4,0,12
15,8,2025,12,17,8,4,2,14
15,18,2025,12,17,15,3,4,13
15,27,2025,12,17,14,5,10,8
15,37,2025,12,17,15,6,3,11
15,46,2025,12,17,8,4,4,11
15,54,2025,12,17,20,6,5,12
16,0,2025,12,17,20,2,0,14
16,8,2025,12,17,8,2,0,16
16,18,2025,12,17,15,5,5,16
16,27,2025,12,17,14,5,12,9
16,37,2025,12,17,15,5,3,11
16,46,2025,12,17,8,2,2,11
16,54,2025,12,17,20,2,7,6
17,0,2025,12,17,20,4,0,10
17,8,2025,12,17,8,5,3,12
17,18,2025,12,17,15,3,5,10
17,27,2025,12,17,14,2,6,6
17,37,2025,12,17,15,5,0,11
17,46,2025,12,17,8,3,3,11
17,54,2025,12,17,20,4,7,8
18,0,2025,12,17,20,4,0,12
18,8,2025,12,17,8,2,5,9
18,18,2025,12,17,15,6,5,10
18,27,2025,12,17,14,6,4,12
18,37,2025,12,17,15,5,2,15
18,46,2025,12,17,8,5,6,14
18,54,2025,12,17,20,2,11,5
19,0,2025,12,17,20,3,0,8
19,8,2025,12,17,8,5,2,11
19,18,2025,12,17,15,4,2,13
19,27,2025,12,17,14,6,9,10
19,37,2025,12,17,15,2,2,10
19,46,2025,12,17,8,3,5,8
19,54,2025,12,17,20,4,5,7
20,0,2025,12,17,20,2,0,9
20,8,2025,12,17,8,2,0,11
20,18,2025,12,17,15,5,5,11
20,27,2025,12,17,14,6,5,12
20,37,2025,12,17,15,4,4,12
20,46,2025,12,17,8,4,4,12
20,54,2025,12,17,20,4,9,7
21,0,2025,12,17,20,3,0,10
21,8,2025,12,17,8,6,1,15
21,18,2025,12,17,15,3,8,10
21,27,2025,12,17,14,5,7,8
21,37,2025,12,17,15,6,0,14
21,46,2025,12,17,8,6,3,17
21,54,2025,12,17,20,4,12,9
22,0,2025,12,17,20,6,0,15
22,8,2025,12,17,8,3,6,12
22,18,2025,12,17,15,3,6,9
22,27,2025,12,17,14,5,4,10
22,37,2025,12,17,15,2,4,8
22,46,2025,12,17,8,3,1,10
22,54,2025,12,17,20,2,6,6
23,0,2025,12,17,20,6,0,12
23,8,2025,12,17,8,4,6,10
23,18,2025,12,17,15,5,5,10
23,27,2025,12,17,14,6,7,9
23,37,2025,12,17,15,6,1,14
23,46,2025,12,17,8,5,6,13
23,54,2025,12,17,20,0,13,0
6,0,2025,12,18,20,6,0,6
6,8,2025,12,18,8,19,2,23
6,18,2025,12,18,15,5,7,21
6,27,2025,12,18,14,5,14,12
6,37,2025,12,18,15,7,3,16
6,46,2025,12,18,8,5,5,16
6,54,2025,12,18,20,2,12,6
7,0,2025,12,18,20,2,0,8
7,8,2025,12,18,8,11,3,16
7,18,2025,12,18,15,18,7,27
7,27,2025,12,18,14,18,14,31
7,37,2025,12,18,15,17,5,43
7,46,2025,12,18,8,17,17,43
7,54,2025,12,18,20,4,20,27
8,0,2025,12,18,20,5,0,32
8,8,2025,12,18,8,8,1,39
8,18,2025,12,18,15,18,19,38
8,27,2025,12,18,14,20,20,38
8,37,2025,12,18,15,14,6,46
8,46,2025,12,18,8,7,20,33
8,54,2025,12,18,20,5,20,18
9,0,2025,12,18,20,6,0,24
9,8,2025,12,18,8,2,4,22
9,18,2025,12,18,15,3,7,18
9,27,2025,12,18,14,3,15,6
9,37,2025,12,18,15,3,1,8
9,46,2025,12,18,8,4,2,10
9,54,2025,12,18,20,3,7,6
10,0,2025,12,18,20,2,0,8
10,8,2025,12,18,8,6,0,14
10,18,2025,12,18,15,6,6,14
10,27,2025,12,18,14,4,7,11
10,37,2025,12,18,15,6,1,16
10,46,2025,12,18,8,4,4,16
10,54,2025,12,18,20,2,12,6
11,0,2025,12,18,20,6,0,12
11,8,2025,12,18,8,4,2,14
11,18,2025,12,18,15,2,4,12
11,27,2025,12,18,14,2,9,5
11,37,2025,12,18,15,5,2,8
11,46,2025,12,18,8,3,2,9
11,54,2025,12,18,20,3,4,8
12,0,2025,12,18,20,5,0,13
12,8,2025,12,18,8,6,3,16
12,18,2025,12,18,15,3,8,11
12,27,2025,12,18,14,6,10,7
12,37,2025,12,18,15,4,0,11
12,46,2025,12,18,8,4,1,14
12,54,2025,12,18,20,2,11,5
13,0,2025,12,18,20,4,0,9
13,8,2025,12,18,8,5,1,13
13,18,2025,12,18,15,2,7,8
13,27,2025,12,18,14,5,6,7
13,37,2025,12,18,15,2,3,6
13,46,2025,12,18,8,5,3,8
13,54,2025,12,18,20,2,5,5
14,0,2025,12,18,20,2,0,7
14,8,2025,12,18,8,2,1,8
14,18,2025,12,18,15,2,3,7
14,27,2025,12,18,14,3,6,4
14,37,2025,12,18,15,5,1,8
14,46,2025,12,18,8,5,1,12
14,54,2025,12,18,20,2,5,9
15,0,2025,12,18,20,4,0,13
15,8,2025,12,18,8,4,2,15
15,18,2025,12,18,15,5,8,12
15,27,2025,12,18,14,4,9,7
15,37,2025,12,18,15,4,2,9
15,46,2025,12,18,8,6,3,12
15,54,2025,12,18,20,4,8,8
16,0,2025,12,18,20,6,0,14
16,8,2025,12,18,8,4,1,17
16,18,2025,12,18,15,4,9,12
16,27,2025,12,18,14,2,7,7
16,37,2025,12,18,15,4,1,10
16,46,2025,12,18,8,3,3,10
16,54,2025,12,18,20,5,7,8
17,0,2025,12,18,20,5,0,13
17,8,2025,12,18,8,5,4,14
17,18,2025,12,18,15,6,7,13
17,27,2025,12,18,14,4,6,11
17,37,2025,12,18,15,6,3,14
17,46,2025,12,18,8,6,5,15
17,54,2025,12,18,20,5,10,10
18,0,2025,12,18,20,2,0,12
18,8,2025,12,18,8,4,4,12
18,18,2025,12,18,15,5,3,14
18,27,2025,12,18,14,4,11,7
18,37,2025,12,18,15,3,2,8
18,46,2025,12,18,8,5,3,10
18,54,2025,12,18,20,4,6,8
19,0,2025,12,18,20,4,0,12
19,8,2025,12,18,8,5,3,14
19,18,2025,12,18,15,4,6,12
19,27,2025,12,18,14,3,9,6
19,37,2025,12,18,15,2,1,7
19,46,2025,12,18,8,4,2,9
19,54,2025,12,18,20,5,6,8
20,0,2025,12,18,20,3,0,11
20,8,2025,12,18,8,6,2,15
20,18,2025,12,18,15,2,4,13
20,27,2025,12,18,14,2,9,6
20,37,2025,12,18,15,5,1,10
20,46,2025,12,18,8,5,3,12
20,54,2025,12,18,20,6,9,9
21,0,2025,12,18,20,3,0,12
21,8,2025,12,18,8,6,4,14
21,18,2025,12,18,15,6,4,16
21,27,2025,12,18,14,4,9,11
21,37,2025,12,18,15,4,1,14
21,46,2025,12,18,8,3,2,15
21,54,2025,12,18,20,5,11,9
22,0,2025,12,18,20,4,0,13
22,8,2025,12,18,8,3,2,14
22,18,2025,12,18,15,2,5,11
22,27,2025,12,18,14,5,8,8
22,37,2025,12,18,15,6,1,13
22,46,2025,12,18,8,2,5,10
22,54,2025,12,18,20,2,6,6
23,0,2025,12,18,20,4,0,10
23,8,2025,12,18,8,6,2,14
23,18,2025,12,18,15,5,4,15
23,27,2025,12,18,14,2,11,6
23,37,2025,12,18,15,3,2,7
23,46,2025,12,18,8,6,2,11
23,54,2025,12,18,20,0,11,0
6,0,2025,12,19,20,2,0,2
6,8,2025,12,19,8,22,1,23
6,18,2025,12,19,15,18,12,29
6,27,2025,12,19,14,20,9,40
6,37,2025,12,19,15,7,8,39
6,46,2025,12,19,8,6,16,29
6,54,2025,12,19,20,3,20,12
7,0,2025,12,19,20,2,0,14
7,8,2025,12,19,8,11,2,23
7,18,2025,12,19,15,9,5,27
7,27,2025,12,19,14,21,16,32
7,37,2025,12,19,15,16,5,43
7,46,2025,12,19,8,18,20,41
7,54,2025,12,19,20,3,20,24
8,0,2025,12,19,20,3,0,27
8,8,2025,12,19,8,21,3,45
8,18,2025,12,19,15,19,20,44
8,27,2025,12,19,14,17,20,41
8,37,2025,12,19,15,20,6,55
8,46,2025,12,19,8,11,20,46
8,54,2025,12,19,20,5,20,31
9,0,2025,12,19,20,3,0,34
9,8,2025,12,19,8,5,6,33
9,18,2025,12,19,15,5,10,28
9,27,2025,12,19,14,3,20,11
9,37,2025,12,19,15,6,0,17
9,46,2025,12,19,8,4,3,18
9,54,2025,12,19,20,6,12,12
10,0,2025,12,19,20,5,0,17
10,8,2025,12,19,8,6,2,21
10,18,2025,12,19,15,6,8,19
10,27,2025,12,19,14,4,12,11
10,37,2025,12,19,15,4,1,14
10,46,2025,12,19,8,4,4,14
10,54,2025,12,19,20,2,10,6
11,0,2025,12,19,20,3,0,9
11,8,2025,12,19,8,6,3,12
11,18,2025,12,19,15,4,6,10
11,27,2025,12,19,14,3,6,7
11,37,2025,12,19,15,6,1,12
11,46,2025,12,19,8,5,4,13
11,54,2025,12,19,20,2,10,5
12,0,2025,12,19,20,2,0,7
12,8,2025,12,19,8,3,2,8
12,18,2025,12,19,15,2,3,7
12,27,2025,12,19,14,6,7,6
12,37,2025,12,19,15,2,2,6
12,46,2025,12,19,8,3,3,6
12,54,2025,12,19,20,4,2,8
13,0,2025,12,19,20,2,0,10
13,8,2025,12,19,8,2,3,9
13,18,2025,12,19,15,5,1,13
13,27,2025,12,19,14,2,7,8
13,37,2025,12,19,15,5,1,12
13,46,2025,12,19,8,2,6,8
13,54,2025,12,19,20,2,5,5
14,0,2025,12,19,20,4,0,9
14,8,2025,12,19,8,6,3,12
14,18,2025,12,19,15,3,3,12
14,27,2025,12,19,14,3,8,7
14,37,2025,12,19,15,5,1,11
14,46,2025,12,19,8,4,3,12
14,54,2025,12,19,20,4,9,7
15,0,2025,12,19,20,4,0,11
15,8,2025,12,19,8,3,3,11
15,18,2025,12,19,15,4,2,13
15,27,2025,12,19,14,5,11,7
15,37,2025,12,19,15,5,1,11
15,46,2025,12,19,8,5,4,12
15,54,2025,12,19,20,2,6,8
16,0,2025,12,19,20,3,0,11
16,8,2025,12,19,8,5,0,16
16,18,2025,12,19,15,3,5,14
16,27,2025,12,19,14,2,9,7
16,37,2025,12,19,15,2,0,9
16,46,2025,12,19,8,5,2,12
16,54,2025,12,19,20,4,9,7
17,0,2025,12,19,20,6,0,13
17,8,2025,12,19,8,6,5,14
17,18,2025,12,19,15,6,6,14
17,27,2025,12,19,14,2,7,9
17,37,2025,12,19,15,4,0,13
17,46,2025,12,19,8,6,4,15
17,54,2025,12,19,20,3,7,11
18,0,2025,12,19,20,5,0,16
18,8,2025,12,19,8,6,3,19
18,18,2025,12,19,15,4,6,17
18,27,2025,12,19,14,4,10,11
18,37,2025,12,19,15,4,1,14
18,46,2025,12,19,8,6,5,15
18,54,2025,12,19,20,2,11,6
19,0,2025,12,19,20,3,0,9
19,8,2025,12,19,8,5,1,13
19,18,2025,12,19,15,4,5,12
19,27,2025,12,19,14,3,8,7
19,37,2025,12,19,15,2,1,8
19,46,2025,12,19,8,3,4,7
19,54,2025,12,19,20,2,5,4
20,0,2025,12,19,20,2,0,6
20,8,2025,12,19,8,6,1,11
20,18,2025,12,19,15,5,1,15
20,27,2025,12,19,14,6,8,13
20,37,2025,12,19,15,3,1,15
20,46,2025,12,19,8,3,6,12
20,54,2025,12,19,20,3,10,5
21,0,2025,12,19,20,3,0,8
21,8,2025,12,19,8,4,1,11
21,18,2025,12,19,15,2,1,12
21,27,2025,12,19,14,4,8,8
21,37,2025,12,19,15,3,1,10
21,46,2025,12,19,8,3,3,10
21,54,2025,12,19,20,2,6,6
22,0,2025,12,19,20,6,0,12
22,8,2025,12,19,8,6,2,16
22,18,2025,12,19,15,2,7,11
22,27,2025,12,19,14,6,7,10
22,37,2025,12,19,15,5,1,14
22,46,2025,12,19,8,4,5,13
22,54,2025,12,19,20,3,11,5
23,0,2025,12,19,20,6,0,11
23,8,2025,12,19,8,2,3,10
23,18,2025,12,19,15,6,5,11
23,27,2025,12,19,14,3,9,5
23,37,2025,12,19,15,3,0,8
23,46,2025,12,19,8,4,4,8
23,54,2025,12,19,20,0,8,0
6,0,2025,12,20,20,4,0,4
6,8,2025,12,20,8,21,2,23
6,18,2025,12,20,15,9,4,28
6,27,2025,12,20,14,19,12,35
6,37,2025,12,20,15,8,8,35
6,46,2025,12,20,8,12,14,33
6,54,2025,12,20,20,3,20,16
7,0,2025,12,20,20,6,0,22
7,8,2025,12,20,8,19,3,38
7,18,2025,12,20,15,9,10,37
7,27,2025,12,20,14,22,20,39
7,37,2025,12,20,15,14,8,45
7,46,2025,12,20,8,18,17,46
7,54,2025,12,20,20,2,20,28
8,0,2025,12,20,20,2,0,30
8,8,2025,12,20,8,9,3,36
8,18,2025,12,20,15,8,12,32
8,27,2025,12,20,14,15,20,27
8,37,2025,12,20,15,9,2,34
8,46,2025,12,20,8,8,7,35
8,54,2025,12,20,20,5,20,20
9,0,2025,12,20,20,4,0,24
9,8,2025,12,20,8,6,6,24
9,18,2025,12,20,15,6,9,21
9,27,2025,12,20,14,5,16,10
9,37,2025,12,20,15,6,1,15
9,46,2025,12,20,8,6,10,11
9,54,2025,12,20,20,5,5,11
10,0,2025,12,20,20,5,0,16
10,8,2025,12,20,8,2,5,13
10,18,2025,12,20,15,6,8,11
10,27,2025,12,20,14,2,7,6
10,37,2025,12,20,15,5,0,11
10,46,2025,12,20,8,2,2,11
10,54,2025,12,20,20,4,8,7
11,0,2025,12,20,20,5,0,12
11,8,2025,12,20,8,6,6,12
11,18,2025,12,20,15,5,4,13
11,27,2025,12,20,14,5,6,12
11,37,2025,12,20,15,6,3,15
11,46,2025,12,20,8,2,4,13
11,54,2025,12,20,20,2,7,8
12,0,2025,12,20,20,2,0,10
12,8,2025,12,20,8,5,2,13
12,18,2025,12,20,15,3,5,11
12,27,2025,12,20,14,4,7,8
12,37,2025,12,20,15,3,3,8
12,46,2025,12,20,8,3,2,9
12,54,2025,12,20,20,4,8,5
13,0,2025,12,20,20,6,0,11
13,8,2025,12,20,8,5,3,13
13,18,2025,12,20,15,4,6,11
13,27,2025,12,20,14,4,7,8
13,37,2025,12,20,15,2,2,8
13,46,2025,12,20,8,3,2,9
13,54,2025,12,20,20,3,5,7
14,0,2025,12,20,20,3,0,10
14,8,2025,12,20,8,6,0,16
14,18,2025,12,20,15,4,7,13
14,27,2025,12,20,14,4,9,8
14,37,2025,12,20,15,2,1,9
14,46,2025,12,20,8,3,6,6
14,54,2025,12,20,20,4,3,7
15,0,2025,12,20,20,5,0,12
15,8,2025,12,20,8,4,2,14
15,18,2025,12,20,15,4,8,10
15,27,2025,12,20,14,4,5,9
15,37,2025,12,20,15,4,3,10
15,46,2025,12,20,8,2,5,7
15,54,2025,12,20,20,2,4,5
16,0,2025,12,20,20,5,0,10
16,8,2025,12,20,8,5,4,11
16,18,2025,12,20,15,3,5,9
16,27,2025,12,20,14,6,3,12
16,37,2025,12,20,15,2,2,12
16,46,2025,12,20,8,4,5,11
16,54,2025,12,20,20,4,9,6
17,0,2025,12,20,20,4,0,10
17,8,2025,12,20,8,2,2,10
17,18,2025,12,20,15,3,2,11
17,27,2025,12,20,14,6,9,8
17,37,2025,12,20,15,5,2,11
17,46,2025,12,20,8,4,2,13
17,54,2025,12,20,20,5,8,10
18,0,2025,12,20,20,3,0,13
18,8,2025,12,20,8,3,2,14
18,18,2025,12,20,15,6,4,16
18,27,2025,12,20,14,5,10,11
18,37,2025,12,20,15,3,1,13
18,46,2025,12,20,8,5,4,14
18,54,2025,12,20,20,5,9,10
19,0,2025,12,20,20,6,0,16
19,8,2025,12,20,8,4,4,16
19,18,2025,12,20,15,4,7,13
19,27,2025,12,20,14,4,12,5
19,37,2025,12,20,15,3,2,6
19,46,2025,12,20,8,5,4,7
19,54,2025,12,20,20,4,3,8
20,0,2025,12,20,20,3,0,11
20,8,2025,12,20,8,2,3,10
20,18,2025,12,20,15,4,6,8
20,27,2025,12,20,14,6,7,7
20,37,2025,12,20,15,2,3,6
20,46,2025,12,20,8,6,4,8
20,54,2025,12,20,20,6,3,11
21,0,2025,12,20,20,2,0,13
21,8,2025,12,20,8,5,2,16
21,18,2025,12,20,15,4,8,12
21,27,2025,12,20,14,6,7,11
21,37,2025,12,20,15,2,4,9
21,46,2025,12,20,8,2,2,9
21,54,2025,12,20,20,4,6,7
22,0,2025,12,20,20,6,0,13
22,8,2025,12,20,8,6,5,14
22,18,2025,12,20,15,5,6,13
22,27,2025,12,20,14,6,9,10
22,37,2025,12,20,15,3,1,12
22,46,2025,12,20,8,5,3,14
22,54,2025,12,20,20,3,13,4
23,0,2025,12,20,20,4,0,8
23,8,2025,12,20,8,2,1,9
23,18,2025,12,20,15,3,2,10
23,27,2025,12,20,14,6,7,9
23,37,2025,12,20,15,4,1,12
23,46,2025,12,20,8,4,5,11
23,54,2025,12,20,20,0,11,0
6,0,2025,12,21,20,5,0,5
6,8,2025,12,21,8,11,1,15
6,18,2025,12,21,15,14,5,24
6,27,2025,12,21,14,18,14,28
6,37,2025,12,21,15,17,5,40
6,46,2025,12,21,8,8,16,32
6,54,2025,12,21,20,5,20,17
7,0,2025,12,21,20,6,0,23
7,8,2025,12,21,8,22,3,42
7,18,2025,12,21,15,8,16,34
7,27,2025,12,21,14,13,20,27
7,37,2025,12,21,15,5,4,28
7,46,2025,12,21,8,12,10,30
7,54,2025,12,21,20,6,19,17
8,0,2025,12,21,20,3,0,20
8,8,2025,12,21,8,6,3,23
8,18,2025,12,21,15,14,12,25
8,27,2025,12,21,14,11,12,24
8,37,2025,12,21,15,19,3,40
8,46,2025,12,21,8,11,14,37
8,54,2025,12,21,20,4,20,21
9,0,2025,12,21,20,5,0,26
9,8,2025,12,21,8,4,1,29
9,18,2025,12,21,15,2,10,21
9,27,2025,12,21,14,4,19,6
9,37,2025,12,21,15,2,0,8
9,46,2025,12,21,8,6,4,10
9,54,2025,12,21,20,5,5,10
10,0,2025,12,21,20,6,0,16
10,8,2025,12,21,8,3,3,16
10,18,2025,12,21,15,3,6,13
10,27,2025,12,21,14,2,11,4
10,37,2025,12,21,15,4,1,7
10,46,2025,12,21,8,4,2,9
10,54,2025,12,21,20,5,5,9
11,0,2025,12,21,20,2,0,11
11,8,2025,12,21,8,4,3,12
11,18,2025,12,21,15,2,6,8
11,27,2025,12,21,14,6,5,9
11,37,2025,12,21,15,3,2,10
11,46,2025,12,21,8,3,4,9
11,54,2025,12,21,20,6,5,10
12,0,2025,12,21,20,4,0,14
12,8,2025,12,21,8,6,2,18
12,18,2025,12,21,15,2,8,12
12,27,2025,12,21,14,3,8,7
12,37,2025,12,21,15,3,1,9
12,46,2025,12,21,8,2,1,10
12,54,2025,12,21,20,2,6,6
13,0,2025,12,21,20,6,0,12
13,8,2025,12,21,8,5,4,13
13,18,2025,12,21,15,4,8,9
13,27,2025,12,21,14,6,7,8
13,37,2025,12,21,15,2,3,7
13,46,2025,12,21,8,5,6,6
13,54,2025,12,21,20,2,3,5
14,0,2025,12,21,20,2,0,7
14,8,2025,12,21,8,4,2,9
14,18,2025,12,21,15,4,4,9
14,27,2025,12,21,14,4,6,7
14,37,2025,12,21,15,4,2,9
14,46,2025,12,21,8,6,4,11
14,54,2025,12,21,20,3,3,11
15,0,2025,12,21,20,5,0,16
15,8,2025,12,21,8,4,2,18
15,18,2025,12,21,15,5,7,16
15,27,2025,12,21,14,3,12,7
15,37,2025,12,21,15,5,1,11
15,46,2025,12,21,8,4,4,11
15,54,2025,12,21,20,6,6,11
16,0,2025,12,21,20,4,0,15
16,8,2025,12,21,8,6,5,16
16,18,2025,12,21,15,2,3,15
16,27,2025,12,21,14,3,10,8
16,37,2025,12,21,15,2,0,10
16,46,2025,12,21,8,3,5,8
16,54,2025,12,21,20,6,6,8
17,0,2025,12,21,20,5,0,13
17,8,2025,12,21,8,6,7,12
17,18,2025,12,21,15,4,3,13
17,27,2025,12,21,14,2,11,4
17,37,2025,12,21,15,5,0,9
17,46,2025,12,21,8,6,4,11
17,54,2025,12,21,20,2,9,4
18,0,2025,12,21,20,4,0,8
18,8,2025,12,21,8,5,3,10
18,18,2025,12,21,15,5,1,14
18,27,2025,12,21,14,4,9,9
18,37,2025,12,21,15,3,1,11
18,46,2025,12,21,8,2,7,6
18,54,2025,12,21,20,4,5,5
19,0,2025,12,21,20,5,0,10
19,8,2025,12,21,8,6,3,13
19,18,2025,12,21,15,2,5,10
19,27,2025,12,21,14,4,7,7
19,37,2025,12,21,15,5,2,10
19,46,2025,12,21,8,6,4,12
19,54,2025,12,21,20,5,5,12
20,0,2025,12,21,20,2,0,14
20,8,2025,12,21,8,3,4,13
20,18,2025,12,21,15,4,4,13
20,27,2025,12,21,14,5,10,8
20,37,2025,12,21,15,6,2,12
20,46,2025,12,21,8,2,6,8
20,54,2025,12,21,20,6,4,10
21,0,2025,12,21,20,3,0,13
21,8,2025,12,21,8,2,3,12
21,18,2025,12,21,15,6,4,14
21,27,2025,12,21,14,3,9,8
21,37,2025,12,21,15,5,1,12
21,46,2025,12,21,8,5,8,9
21,54,2025,12,21,20,2,4,7
22,0,2025,12,21,20,5,0,12
22,8,2025,12,21,8,5,3,14
22,18,2025,12,21,15,3,5,12
22,27,2025,12,21,14,3,10,5
22,37,2025,12,21,15,5,1,9
22,46,2025,12,21,8,4,2,11
22,54,2025,12,21,20,5,7,9
23,0,2025,12,21,20,3,0,12
23,8,2025,12,21,8,5,5,12
23,18,2025,12,21,15,3,3,12
23,27,2025,12,21,14,6,9,9
23,37,2025,12,21,15,5,1,13
23,46,2025,12,21,8,6,9,10
23,54,2025,12,21,20,0,10,0
6,0,2025,12,22,20,4,0,4
6,8,2025,12,22,8,20,1,23
6,18,2025,12,22,15,8,4,27
6,27,2025,12,22,14,17,15,29
6,37,2025,12,22,15,14,8,35
6,46,2025,12,22,8,5,13,27
6,54,2025,12,22,20,3,20,10
7,0,2025,12,22,20,3,0,13
7,8,2025,12,22,8,7,1,19
7,18,2025,12,22,15,19,10,28
7,27,2025,12,22,14,18,15,31
7,37,2025,12,22,15,7,4,34
7,46,2025,12,22,8,16,14,36
7,54,2025,12,22,20,2,20,18
8,0,2025,12,22,20,5,0,23
8,8,2025,12,22,8,17,1,39
8,18,2025,12,22,15,9,15,33
8,27,2025,12,22,14,17,20,30
8,37,2025,12,22,15,18,8,40
8,46,2025,12,22,8,15,14,41
8,54,2025,12,22,20,3,19,25
9,0,2025,12,22,20,4,0,29
9,8,2025,12,22,8,6,4,31
9,18,2025,12,22,15,2,10,23
9,27,2025,12,22,14,6,20,9
9,37,2025,12,22,15,6,5,10
9,46,2025,12,22,8,6,6,10
9,54,2025,12,22,20,6,5,11
10,0,2025,12,22,20,3,0,14
10,8,2025,12,22,8,4,2,16
10,18,2025,12,22,15,2,8,10
10,27,2025,12,22,14,3,7,6
10,37,2025,12,22,15,2,0,8
10,46,2025,12,22,8,5,2,11
10,54,2025,12,22,20,6,7,10
11,0,2025,12,22,20,4,0,14
11,8,2025,12,22,8,5,4,15
11,18,2025,12,22,15,4,4,15
11,27,2025,12,22,14,2,10,7
11,37,2025,12,22,15,6,0,13
11,46,2025,12,22,8,2,3,12
11,54,2025,12,22,20,4,8,8
12,0,2025,12,22,20,4,0,12
12,8,2025,12,22,8,2,1,13
12,18,2025,12,22,15,6,4,15
12,27,2025,12,22,14,2,9,8
12,37,2025,12,22,15,6,1,13
12,46,2025,12,22,8,3,4,12
12,54,2025,12,22,20,4,5,11
13,0,2025,12,22,20,5,0,16
13,8,2025,12,22,8,3,4,15
13,18,2025,12,22,15,4,3,16
13,27,2025,12,22,14,3,13,6
13,37,2025,12,22,15,6,1,11
13,46,2025,12,22,8,6,4,13
13,54,2025,12,22,20,6,7,12
14,0,2025,12,22,20,4,0,16
14,8,2025,12,22,8,3,5,14
14,18,2025,12,22,15,4,7,11
14,27,2025,12,22,14,6,7,10
14,37,2025,12,22,15,4,1,13
14,46,2025,12,22,8,3,7,9
14,54,2025,12,22,20,2,7,4
15,0,2025,12,22,20,6,0,10
15,8,2025,12,22,8,6,2,14
15,18,2025,12,22,15,3,3,14
15,27,2025,12,22,14,2,10,6
15,37,2025,12,22,15,3,0,9
15,46,2025,12,22,8,4,3,10
15,54,2025,12,22,20,6,7,9
16,0,2025,12,22,20,6,0,15
16,8,2025,12,22,8,3,4,14
16,18,2025,12,22,15,5,4,15
16,27,2025,12,22,14,3,10,8
16,37,2025,12,22,15,2,1,9
16,46,2025,12,22,8,6,5,10
16,54,2025,12,22,20,6,5,11
17,0,2025,12,22,20,4,0,15
17,8,2025,12,22,8,4,3,16
17,18,2025,12,22,15,4,6,14
17,27,2025,12,22,14,3,9,8
17,37,2025,12,22,15,2,2,8
17,46,2025,12,22,8,3,2,9
17,54,2025,12,22,20,5,6,8
18,0,2025,12,22,20,6,0,14
18,8,2025,12,22,8,4,1,17
18,18,2025,12,22,15,3,9,11
18,27,2025,12,22,14,2,8,5
18,37,2025,12,22,15,3,0,8
18,46,2025,12,22,8,5,1,12
18,54,2025,12,22,20,3,7,8
19,0,2025,12,22,20,5,0,13
19,8,2025,12,22,8,6,2,17
19,18,2025,12,22,15,6,9,14
19,27,2025,12,22,14,6,9,11
19,37,2025,12,22,15,3,3,11
19,46,2025,12,22,8,4,3,12
19,54,2025,12,22,20,3,7,8
20,0,2025,12,22,20,4,0,12
20,8,2025,12,22,8,5,4,13
20,18,2025,12,22,15,4,7,10
20,27,2025,12,22,14,2,6,6
20,37,2025,12,22,15,5,2,9
20,46,2025,12,22,8,3,3,9
20,54,2025,12,22,20,6,3,12
21,0,2025,12,22,20,4,0,16
21,8,2025,12,22,8,3,3,16
21,18,2025,12,22,15,6,4,18
21,27,2025,12,22,14,2,11,9
21,37,2025,12,22,15,5,1,13
21,46,2025,12,22,8,6,3,16
21,54,2025,12,22,20,6,9,13
22,0,2025,12,22,20,4,0,17
22,8,2025,12,22,8,6,4,19
22,18,2025,12,22,15,2,8,13
22,27,2025,12,22,14,3,11,5
22,37,2025,12,22,15,2,2,5
22,46,2025,12,22,8,3,3,5
22,54,2025,12,22,20,5,3,7
23,0,2025,12,22,20,4,0,11
23,8,2025,12,22,8,6,3,14
23,18,2025,12,22,15,6,8,12
23,27,2025,12,22,14,6,6,12
23,37,2025,12,22,15,6,2,16
23,46,2025,12,22,8,2,7,11
23,54,2025,12,22,20,0,11,0
6,0,2025,12,23,20,4,0,4
6,8,2025,12,23,8,12,1,15
6,18,2025,12,23,15,5,4,16
6,27,2025,12,23,14,19,10,25
6,37,2025,12,23,15,15,9,31
6,46,2025,12,23,8,13,9,35
6,54,2025,12,23,20,3,20,18
7,0,2025,12,23,20,2,0,20
7,8,2025,12,23,8,13,2,31
7,18,2025,12,23,15,10,9,32
7,27,2025,12,23,14,19,20,31
7,37,2025,12,23,15,5,5,31
7,46,2025,12,23,8,12,11,32
7,54,2025,12,23,20,2,20,14
8,0,2025,12,23,20,5,0,19
8,8,2025,12,23,8,18,2,35
8,18,2025,12,23,15,13,11,37
8,27,2025,12,23,14,13,20,30
8,37,2025,12,23,15,22,6,46
8,46,2025,12,23,8,17,16,47
8,54,2025,12,23,20,4,20,31
9,0,2025,12,23,20,4,0,35
9,8,2025,12,23,8,6,3,38
9,18,2025,12,23,15,6,16,28
9,27,2025,12,23,14,6,20,14
9,37,2025,12,23,15,2,2,14
9,46,2025,12,23,8,2,4,12
9,54,2025,12,23,20,3,9,6
10,0,2025,12,23,20,5,0,11
10,8,2025,12,23,8,5,1,15
10,18,2025,12,23,15,3,4,14
10,27,2025,12,23,14,4,11,7
10,37,2025,12,23,15,4,0,11
10,46,2025,12,23,8,5,5,11
10,54,2025,12,23,20,4,10,5
11,0,2025,12,23,20,6,0,11
11,8,2025,12,23,8,6,3,14
11,18,2025,12,23,15,6,7,13
11,27,2025,12,23,14,6,6,13
11,37,2025,12,23,15,3,0,16
11,46,2025,12,23,8,6,5,17
11,54,2025,12,23,20,4,13,8
12,0,2025,12,23,20,3,0,11
12,8,2025,12,23,8,6,1,16
12,18,2025,12,23,15,4,11,9
12,27,2025,12,23,14,5,5,9
12,37,2025,12,23,15,2,2,9
12,46,2025,12,23,8,2,5,6
12,54,2025,12,23,20,4,6,4
13,0,2025,12,23,20,3,0,7
13,8,2025,12,23,8,3,3,7
13,18,2025,12,23,15,2,3,6
13,27,2025,12,23,14,5,3,8
13,37,2025,12,23,15,6,0,14
13,46,2025,12,23,8,2,6,10
13,54,2025,12,23,20,4,5,9
14,0,2025,12,23,20,3,0,12
14,8,2025,12,23,8,5,2,15
14,18,2025,12,23,15,5,3,17
14,27,2025,12,23,14,2,13,6
14,37,2025,12,23,15,4,1,9
14,46,2025,12,23,8,2,2,9
14,54,2025,12,23,20,2,5,6
15,0,2025,12,23,20,3,0,9
15,8,2025,12,23,8,2,2,9
15,18,2025,12,23,15,3,3,9
15,27,2025,12,23,14,4,9,4
15,37,2025,12,23,15,4,0,8
15,46,2025,12,23,8,6,3,11
15,54,2025,12,23,20,2,9,4
16,0,2025,12,23,20,3,0,7
16,8,2025,12,23,8,3,2,8
16,18,2025,12,23,15,6,2,12
16,27,2025,12,23,14,4,5,11
16,37,2025,12,23,15,3,1,13
16,46,2025,12,23,8,4,7,10
16,54,2025,12,23,20,2,6,6
17,0,2025,12,23,20,5,0,11
17,8,2025,12,23,8,5,3,13
17,18,2025,12,23,15,3,5,11
17,27,2025,12,23,14,5,8,8
17,37,2025,12,23,15,2,1,9
17,46,2025,12,23,8,2,4,7
17,54,2025,12,23,20,5,5,7
18,0,2025,12,23,20,3,0,10
18,8,2025,12,23,8,3,2,11
18,18,2025,12,23,15,4,3,12
18,27,2025,12,23,14,6,6,12
18,37,2025,12,23,15,3,2,13
18,46,2025,12,23,8,2,2,13
18,54,2025,12,23,20,4,8,9
19,0,2025,12,23,20,4,0,13
19,8,2025,12,23,8,3,1,15
19,18,2025,12,23,15,2,6,11
19,27,2025,12,23,14,5,10,6
19,37,2025,12,23,15,5,1,10
19,46,2025,12,23,8,5,3,12
19,54,2025,12,23,20,5,8,9
20,0,2025,12,23,20,4,0,13
20,8,2025,12,23,8,2,3,12
20,18,2025,12,23,15,2,5,9
20,27,2025,12,23,14,2,6,5
20,37,2025,12,23,15,3,1,7
20,46,2025,12,23,8,3,4,6
20,54,2025,12,23,20,3,3,6
21,0,2025,12,23,20,6,0,12
21,8,2025,12,23,8,6,2,16
21,18,2025,12,23,15,3,9,10
21,27,2025,12,23,14,5,8,7
21,37,2025,12,23,15,3,0,10
21,46,2025,12,23,8,4,4,10
21,54,2025,12,23,20,3,9,4
22,0,2025,12,23,20,5,0,9
22,8,2025,12,23,8,6,5,10
22,18,2025,12,23,15,2,2,10
22,27,2025,12,23,14,3,4,9
22,37,2025,12,23,15,5,0,14
22,46,2025,12,23,8,5,4,15
22,54,2025,12,23,20,5,11,9
23,0,2025,12,23,20,3,0,12
23,8,2025,12,23,8,5,3,14
23,18,2025,12,23,15,2,5,11
23,27,2025,12,23,14,6,9,8
23,37,2025,12,23,15,4,3,9
23,46,2025,12,23,8,5,5,9
23,54,2025,12,23,20,0,9,0
6,0,2025,12,24,20,2,0,2
6,8,2025,12,24,8,11,1,12
6,18,2025,12,24,15,20,3,29
6,27,2025,12,24,14,20,9,40
6,37,2025,12,24,15,7,7,40
6,46,2025,12,24,8,19,16,43
6,54,2025,12,24,20,4,20,27
7,0,2025,12,24,20,2,0,29
7,8,2025,12,24,8,11,1,39
7,18,2025,12,24,15,22,20,41
7,27,2025,12,24,14,19,19,41
7,37,2025,12,24,15,14,4,51
7,46,2025,12,24,8,18,20,49
7,54,2025,12,24,20,6,20,35
8,0,2025,12,24,20,3,0,38
8,8,2025,12,24,8,10,3,45
8,18,2025,12,24,15,5,19,31
8,27,2025,12,24,14,12,20,23
8,37,2025,12,24,15,19,3,39
8,46,2025,12,24,8,5,15,29
8,54,2025,12,24,20,6,18,17
9,0,2025,12,24,20,2,0,19
9,8,2025,12,24,8,6,3,22
9,18,2025,12,24,15,6,7,21
9,27,2025,12,24,14,6,12,15
9,37,2025,12,24,15,3,1,17
9,46,2025,12,24,8,4,8,13
9,54,2025,12,24,20,5,10,8
10,0,2025,12,24,20,6,0,14
10,8,2025,12,24,8,2,7,9
10,18,2025,12,24,15,2,3,8
10,27,2025,12,24,14,3,7,4
10,37,2025,12,24,15,3,1,6
10,46,2025,12,24,8,2,4,4
10,54,2025,12,24,20,6,3,7
11,0,2025,12,24,20,6,0,13
11,8,2025,12,24,8,6,5,14
11,18,2025,12,24,15,5,6,13
11,27,2025,12,24,14,3,8,8
11,37,2025,12,24,15,6,0,14
11,46,2025,12,24,8,2,5,11
11,54,2025,12,24,20,5,9,7
12,0,2025,12,24,20,2,0,9
12,8,2025,12,24,8,3,1,11
12,18,2025,12,24,15,6,5,12
12,27,2025,12,24,14,5,6,11
12,37,2025,12,24,15,5,2,14
12,46,2025,12,24,8,3,6,11
12,54,2025,12,24,20,4,6,9
13,0,2025,12,24,20,5,0,14
13,8,2025,12,24,8,3,0,17
13,18,2025,12,24,15,3,8,12
13,27,2025,12,24,14,3,9,6
13,37,2025,12,24,15,6,2,10
13,46,2025,12,24,8,4,3,11
13,54,2025,12,24,20,2,4,9
14,0,2025,12,24,20,4,0,13
14,8,2025,12,24,8,4,2,15
14,18,2025,12,24,15,3,3,15
14,27,2025,12,24,14,5,12,8
14,37,2025,12,24,15,2,2,8
14,46,2025,12,24,8,5,1,12
14,54,2025,12,24,20,3,8,7
15,0,2025,12,24,20,5,0,12
15,8,2025,12,24,8,4,0,16
15,18,2025,12,24,15,3,7,12
15,27,2025,12,24,14,2,10,4
15,37,2025,12,24,15,3,0,7
15,46,2025,12,24,8,2,1,8
15,54,2025,12,24,20,5,5,8
16,0,2025,12,24,20,4,0,12
16,8,2025,12,24,8,6,2,16
16,18,2025,12,24,15,6,10,12
16,27,2025,12,24,14,5,8,9
16,37,2025,12,24,15,6,4,11
16,46,2025,12,24,8,3,5,9
16,54,2025,12,24,20,5,4,10
17,0,2025,12,24,20,5,0,15
17,8,2025,12,24,8,5,3,17
17,18,2025,12,24,15,4,5,16
17,27,2025,12,24,14,6,11,11
17,37,2025,12,24,15,6,4,13
17,46,2025,12,24,8,2,5,10
17,54,2025,12,24,20,3,8,5
18,0,2025,12,24,20,5,0,10
18,8,2025,12,24,8,2,3,9
18,18,2025,12,24,15,5,4,10
18,27,2025,12,24,14,4,6,8
18,37,2025,12,24,15,5,1,12
18,46,2025,12,24,8,3,5,10
18,54,2025,12,24,20,2,5,7
19,0,2025,12,24,20,2,0,9
19,8,2025,12,24,8,5,2,12
19,18,2025,12,24,15,2,3,11
19,27,2025,12,24,14,4,9,6
19,37,2025,12,24,15,5,0,11
19,46,2025,12,24,8,2,6,7
19,54,2025,12,24,20,4,4,7
20,0,2025,12,24,20,6,0,13
20,8,2025,12,24,8,3,7,9
20,18,2025,12,24,15,4,4,9
20,27,2025,12,24,14,2,5,6
20,37,2025,12,24,15,2,1,7
20,46,2025,12,24,8,3,1,9
20,54,2025,12,24,20,5,5,9
21,0,2025,12,24,20,3,0,12
21,8,2025,12,24,8,2,4,10
21,18,2025,12,24,15,3,4,9
21,27,2025,12,24,14,5,6,8
21,37,2025,12,24,15,6,2,12
21,46,2025,12,24,8,6,3,15
21,54,2025,12,24,20,4,11,8
22,0,2025,12,24,20,3,0,11
22,8,2025,12,24,8,2,3,10
22,18,2025,12,24,15,2,4,8
22,27,2025,12,24,14,2,5,5
22,37,2025,12,24,15,2,2,5
22,46,2025,12,24,8,6,1,10
22,54,2025,12,24,20,5,3,12
23,0,2025,12,24,20,3,0,15
23,8,2025,12,24,8,5,1,19
23,18,2025,12,24,15,6,9,16
23,27,2025,12,24,14,6,10,12
23,37,2025,12,24,15,5,2,15
23,46,2025,12,24,8,2,9,8
23,54,2025,12,24,20,0,8,0
6,0,2025,12,25,20,6,0,6
6,8,2025,12,25,8,7,3,10
6,18,2025,12,25,15,9,2,17
6,27,2025,12,25,14,19,10,26
6,37,2025,12,25,15,19,3,42
6,46,2025,12,25,8,8,15,35
6,54,2025,12,25,20,2,20,17
7,0,2025,12,25,20,3,0,20
7,8,2025,12,25,8,19,1,38
7,18,2025,12,25,15,20,9,49
7,27,2025,12,25,14,18,20,47
7,37,2025,12,25,15,18,12,53
7,46,2025,12,25,8,7,20,40
7,54,2025,12,25,20,2,20,22
8,0,2025,12,25,20,5,0,27
8,8,2025,12,25,8,13,3,37
8,18,2025,12,25,15,7,13,31
8,27,2025,12,25,14,8,20,19
8,37,2025,12,25,15,14,3,30
8,46,2025,12,25,8,5,10,25
8,54,2025,12,25,20,4,17,12
9,0,2025,12,25,20,4,0,16
9,8,2025,12,25,8,6,4,18
9,18,2025,12,25,15,6,3,21
9,27,2025,12,25,14,2,16,7
9,37,2025,12,25,15,3,0,10
9,46,2025,12,25,8,3,4,9
9,54,2025,12,25,20,5,5,9
10,0,2025,12,25,20,2,0,11
10,8,2025,12,25,8,2,1,12
10,18,2025,12,25,15,4,6,10
10,27,2025,12,25,14,3,7,6
10,37,2025,12,25,15,4,0,10
10,46,2025,12,25,8,2,4,8
10,54,2025,12,25,20,3,5,6
11,0,2025,12,25,20,6,0,12
11,8,2025,12,25,8,5,0,17
11,18,2025,12,25,15,2,7,12
11,27,2025,12,25,14,4,9,7
11,37,2025,12,25,15,2,2,7
11,46,2025,12,25,8,3,3,7
11,54,2025,12,25,20,3,4,6
12,0,2025,12,25,20,3,0,9
12,8,2025,12,25,8,2,2,9
12,18,2025,12,25,15,3,2,10
12,27,2025,12,25,14,4,7,7
12,37,2025,12,25,15,6,2,11
12,46,2025,12,25,8,3,6,8
12,54,2025,12,25,20,4,7,5
13,0,2025,12,25,20,6,0,11
13,8,2025,12,25,8,4,5,10
13,18,2025,12,25,15,6,5,11
13,27,2025,12,25,14,3,5,9
13,37,2025,12,25,15,4,2,11
13,46,2025,12,25,8,4,5,10
13,54,2025,12,25,20,2,4,8
14,0,2025,12,25,20,6,0,14
14,8,2025,12,25,8,6,4,16
14,18,2025,12,25,15,2,5,13
14,27,2025,12,25,14,6,9,10
14,37,2025,12,25,15,5,1,14
14,46,2025,12,25,8,4,2,16
14,54,2025,12,25,20,3,11,8
15,0,2025,12,25,20,2,0,10
15,8,2025,12,25,8,6,2,14
15,18,2025,12,25,15,5,8,11
15,27,2025,12,25,14,4,4,11
15,37,2025,12,25,15,6,3,14
15,46,2025,12,25,8,3,2,15
15,54,2025,12,25,20,2,11,6
16,0,2025,12,25,20,6,0,12
16,8,2025,12,25,8,4,2,14
16,18,2025,12,25,15,3,4,13
16,27,2025,12,25,14,3,9,7
16,37,2025,12,25,15,4,1,10
16,46,2025,12,25,8,2,5,7
16,54,2025,12,25,20,3,7,3
17,0,2025,12,25,20,4,0,7
17,8,2025,12,25,8,5,0,12
17,18,2025,12,25,15,4,6,10
17,27,2025,12,25,14,4,5,9
17,37,2025,12,25,15,6,1,14
17,46,2025,12,25,8,4,5,13
17,54,2025,12,25,20,2,8,7
18,0,2025,12,25,20,5,0,12
18,8,2025,12,25,8,6,4,14
18,18,2025,12,25,15,3,3,14
18,27,2025,12,25,14,5,11,8
18,37,2025,12,25,15,3,3,8
18,46,2025,12,25,8,5,2,11
18,54,2025,12,25,20,6,7,10
19,0,2025,12,25,20,4,0,14
19,8,2025,12,25,8,6,5,15
19,18,2025,12,25,15,3,6,12
19,27,2025,12,25,14,2,7,7
19,37,2025,12,25,15,3,1,9
19,46,2025,12,25,8,6,3,12
19,54,2025,12,25,20,5,7,10
20,0,2025,12,25,20,4,0,14
20,8,2025,12,25,8,6,3,17
20,18,2025,12,25,15,2,9,10
20,27,2025,12,25,14,4,6,8
20,37,2025,12,25,15,4,1,11
20,46,2025,12,25,8,5,3,13
20,54,2025,12,25,20,4,7,10
21,0,2025,12,25,20,6,0,16
21,8,2025,12,25,8,3,8,11
21,18,2025,12,25,15,6,4,13
21,27,2025,12,25,14,5,11,7
21,37,2025,12,25,15,3,1,9
21,46,2025,12,25,8,2,4,7
21,54,2025,12,25,20,2,6,3
22,0,2025,12,25,20,2,0,5
22,8,2025,12,25,8,6,2,9
22,18,2025,12,25,15,2,1,10
22,27,2025,12,25,14,5,4,11
22,37,2025,12,25,15,2,0,13
22,46,2025,12,25,8,3,4,12
22,54,2025,12,25,20,6,10,8
23,0,2025,12,25,20,6,0,14
23,8,2025,12,25,8,3,1,16
23,18,2025,12,25,15,4,6,14
23,27,2025,12,25,14,5,11,8
23,37,2025,12,25,15,5,2,11
23,46,2025,12,25,8,3,5,9
23,54,2025,12,25,20,0,9,0
6,0,2025,12,26,20,2,0,2
6,8,2025,12,26,8,5,0,7
6,18,2025,12,26,15,11,2,16
6,27,2025,12,26,14,12,5,23
6,37,2025,12,26,15,9,4,28
6,46,2025,12,26,8,5,13,20
6,54,2025,12,26,20,4,12,12
7,0,2025,12,26,20,6,0,18
7,8,2025,12,26,8,6,3,21
7,18,2025,12,26,15,17,8,30
7,27,2025,12,26,14,19,19,30
7,37,2025,12,26,15,5,2,33
7,46,2025,12,26,8,18,11,40
7,54,2025,12,26,20,4,20,24
8,0,2025,12,26,20,4,0,28
8,8,2025,12,26,8,15,3,40
8,18,2025,12,26,15,14,13,41
8,27,2025,12,26,14,10,20,31
8,37,2025,12,26,15,5,3,33
8,46,2025,12,26,8,12,14,31
8,54,2025,12,26,20,2,20,13
9,0,2025,12,26,20,2,0,15
9,8,2025,12,26,8,6,0,21
9,18,2025,12,26,15,2,8,15
9,27,2025,12,26,14,3,10,8
9,37,2025,12,26,15,2,0,10
9,46,2025,12,26,8,4,4,10
9,54,2025,12,26,20,5,7,8
10,0,2025,12,26,20,6,0,14
10,8,2025,12,26,8,3,2,15
10,18,2025,12,26,15,6,4,17
10,27,2025,12,26,14,4,14,7
10,37,2025,12,26,15,2,1,8
10,46,2025,12,26,8,4,3,9
10,54,2025,12,26,20,3,6,6
11,0,2025,12,26,20,5,0,11
11,8,2025,12,26,8,3,4,10
11,18,2025,12,26,15,5,4,11
11,27,2025,12,26,14,4,6,9
11,37,2025,12,26,15,3,1,11
11,46,2025,12,26,8,6,5,12
11,54,2025,12,26,20,3,9,6
12,0,2025,12,26,20,3,0,9
12,8,2025,12,26,8,6,2,13
12,18,2025,12,26,15,5,6,12
12,27,2025,12,26,14,3,7,8
12,37,2025,12,26,15,6,3,11
12,46,2025,12,26,8,4,5,10
12,54,2025,12,26,20,6,6,10
13,0,2025,12,26,20,6,0,16
13,8,2025,12,26,8,2,6,12
13,18,2025,12,26,15,2,1,13
13,27,2025,12,26,14,3,11,5
13,37,2025,12,26,15,3,2,6
13,46,2025,12,26,8,4,3,7
13,54,2025,12,26,20,4,4,7
14,0,2025,12,26,20,6,0,13
14,8,2025,12,26,8,4,2,15
14,18,2025,12,26,15,6,7,14
14,27,2025,12,26,14,5,10,9
14,37,2025,12,26,15,3,2,10
14,46,2025,12,26,8,2,3,9
14,54,2025,12,26,20,5,7,7
15,0,2025,12,26,20,6,0,13
15,8,2025,12,26,8,4,5,12
15,18,2025,12,26,15,3,5,10
15,27,2025,12,26,14,4,6,8
15,37,2025,12,26,15,3,0,11
15,46,2025,12,26,8,3,3,11
15,54,2025,12,26,20,6,8,9
16,0,2025,12,26,20,4,0,13
16,8,2025,12,26,8,4,5,12
16,18,2025,12,26,15,6,4,14
16,27,2025,12,26,14,2,9,7
16,37,2025,12,26,15,2,1,8
16,46,2025,12,26,8,3,4,7
16,54,2025,12,26,20,4,4,7
17,0,2025,12,26,20,2,0,9
17,8,2025,12,26,8,5,2,12
17,18,2025,12,26,15,2,5,9
17,27,2025,12,26,14,3,7,5
17,37,2025,12,26,15,2,0,7
17,46,2025,12,26,8,5,2,10
17,54,2025,12,26,20,4,4,10
18,0,2025,12,26,20,5,0,15
18,8,2025,12,26,8,6,1,20
18,18,2025,12,26,15,6,7,19
18,27,2025,12,26,14,5,16,8
18,37,2025,12,26,15,4,2,10
18,46,2025,12,26,8,6,6,10
18,54,2025,12,26,20,6,5,11
19,0,2025,12,26,20,2,0,13
19,8,2025,12,26,8,6,4,15
19,18,2025,12,26,15,5,4,16
19,27,2025,12,26,14,6,8,14
19,37,2025,12,26,15,3,1,16
19,46,2025,12,26,8,3,7,12
19,54,2025,12,26,20,4,10,6
20,0,2025,12,26,20,6,0,12
20,8,2025,12,26,8,3,3,12
20,18,2025,12,26,15,6,3,15
20,27,2025,12,26,14,6,12,9
20,37,2025,12,26,15,6,1,14
20,46,2025,12,26,8,3,5,12
20,54,2025,12,26,20,5,11,6
21,0,2025,12,26,20,6,0,12
21,8,2025,12,26,8,4,1,15
21,18,2025,12,26,15,6,6,15
21,27,2025,12,26,14,4,11,8
21,37,2025,12,26,15,2,3,7
21,46,2025,12,26,8,4,4,7
21,54,2025,12,26,20,6,4,9
22,0,2025,12,26,20,6,0,15
22,8,2025,12,26,8,6,7,14
22,18,2025,12,26,15,2,5,11
22,27,2025,12,26,14,3,7,7
22,37,2025,12,26,15,4,0,11
22,46,2025,12,26,8,2,5,8
22,54,2025,12,26,20,2,6,4
23,0,2025,12,26,20,2,0,6
23,8,2025,12,26,8,3,0,9
23,18,2025,12,26,15,5,3,11
23,27,2025,12,26,14,2,6,7
23,37,2025,12,26,15,6,0,13
23,46,2025,12,26,8,6,6,13
23,54,2025,12,26,20,0,13,0
6,0,2025,12,27,20,5,0,5
6,8,2025,12,27,8,20,1,24
6,18,2025,12,27,15,11,10,25
6,27,2025,12,27,14,6,7,24
6,37,2025,12,27,15,22,3,43
6,46,2025,12,27,8,19,14,48
6,54,2025,12,27,20,5,20,33
7,0,2025,12,27,20,6,0,39
7,8,2025,12,27,8,6,1,44
7,18,2025,12,27,15,21,20,45
7,27,2025,12,27,14,8,20,33
7,37,2025,12,27,15,14,1,46
7,46,2025,12,27,8,14,20,40
7,54,2025,12,27,20,5,20,25
8,0,2025,12,27,20,5,0,30
8,8,2025,12,27,8,20,5,45
8,18,2025,12,27,15,22,20,47
8,27,2025,12,27,14,15,20,42
8,37,2025,12,27,15,16,5,53
8,46,2025,12,27,8,21,20,54
8,54,2025,12,27,20,5,20,39
9,0,2025,12,27,20,5,0,44
9,8,2025,12,27,8,5,4,45
9,18,2025,12,27,15,4,20,29
9,27,2025,12,27,14,6,20,15
9,37,2025,12,27,15,3,1,17
9,46,2025,12,27,8,6,4,19
9,54,2025,12,27,20,5,12,12
10,0,2025,12,27,20,6,0,18
10,8,2025,12,27,8,3,4,17
10,18,2025,12,27,15,3,5,15
10,27,2025,12,27,14,4,14,5
10,37,2025,12,27,15,6,1,10
10,46,2025,12,27,8,6,5,11
10,54,2025,12,27,20,6,7,10
11,0,2025,12,27,20,6,0,16
11,8,2025,12,27,8,6,6,16
11,18,2025,12,27,15,3,6,13
11,27,2025,12,27,14,2,8,7
11,37,2025,12,27,15,2,1,8
11,46,2025,12,27,8,2,2,8
11,54,2025,12,27,20,2,7,3
12,0,2025,12,27,20,2,0,5
12,8,2025,12,27,8,4,3,6
12,18,2025,12,27,15,5,3,8
12,27,2025,12,27,14,5,5,8
12,37,2025,12,27,15,6,0,14
12,46,2025,12,27,8,6,6,14
12,54,2025,12,27,20,4,11,7
13,0,2025,12,27,20,6,0,13
13,8,2025,12,27,8,3,2,14
13,18,2025,12,27,15,3,6,11
13,27,2025,12,27,14,3,8,6
13,37,2025,12,27,15,2,0,8
13,46,2025,12,27,8,2,3,7
13,54,2025,12,27,20,6,4,9
14,0,2025,12,27,20,6,0,15
14,8,2025,12,27,8,6,3,18
14,18,2025,12,27,15,5,12,11
14,27,2025,12,27,14,5,5,11
14,37,2025,12,27,15,4,1,14
14,46,2025,12,27,8,6,8,12
14,54,2025,12,27,20,5,7,10
15,0,2025,12,27,20,3,0,13
15,8,2025,12,27,8,4,1,16
15,18,2025,12,27,15,4,9,11
15,27,2025,12,27,14,3,6,8
15,37,2025,12,27,15,3,1,10
15,46,2025,12,27,8,6,2,14
15,54,2025,12,27,20,6,8,12
16,0,2025,12,27,20,5,0,17
16,8,2025,12,27,8,5,3,19
16,18,2025,12,27,15,3,9,13
16,27,2025,12,27,14,5,9,9
16,37,2025,12,27,15,6,0,15
16,46,2025,12,27,8,4,7,12
16,54,2025,12,27,20,2,6,8
17,0,2025,12,27,20,4,0,12
17,8,2025,12,27,8,4,3,13
17,18,2025,12,27,15,2,6,9
17,27,2025,12,27,14,4,7,6
17,37,2025,12,27,15,5,1,10
17,46,2025,12,27,8,6,6,10
17,54,2025,12,27,20,3,2,11
18,0,2025,12,27,20,4,0,15
18,8,2025,12,27,8,3,1,17
18,18,2025,12,27,15,3,5,15
18,27,2025,12,27,14,5,12,8
18,37,2025,12,27,15,6,2,12
18,46,2025,12,27,8,5,7,10
18,54,2025,12,27,20,6,5,11
19,0,2025,12,27,20,5,0,16
19,8,2025,12,27,8,6,4,18
19,18,2025,12,27,15,5,8,15
19,27,2025,12,27,14,5,9,11
19,37,2025,12,27,15,3,1,13
19,46,2025,12,27,8,3,8,8
19,54,2025,12,27,20,2,5,5
20,0,2025,12,27,20,2,0,7
20,8,2025,12,27,8,4,2,9
20,18,2025,12,27,15,6,2,13
20,27,2025,12,27,14,3,7,9
20,37,2025,12,27,15,5,1,13
20,46,2025,12,27,8,2,5,10
20,54,2025,12,27,20,4,7,7
21,0,2025,12,27,20,3,0,10
21,8,2025,12,27,8,6,3,13
21,18,2025,12,27,15,3,2,14
21,27,2025,12,27,14,6,10,10
21,37,2025,12,27,15,2,2,10
21,46,2025,12,27,8,4,5,9
21,54,2025,12,27,20,6,8,7
22,0,2025,12,27,20,3,0,10
22,8,2025,12,27,8,6,1,15
22,18,2025,12,27,15,2,5,12
22,27,2025,12,27,14,3,11,4
22,37,2025,12,27,15,6,1,9
22,46,2025,12,27,8,5,6,8
22,54,2025,12,27,20,5,4,9
23,0,2025,12,27,20,5,0,14
23,8,2025,12,27,8,5,4,15
23,18,2025,12,27,15,6,7,14
23,27,2025,12,27,14,2,8,8
23,37,2025,12,27,15,5,1,12
23,46,2025,12,27,8,3,5,10
23,54,2025,12,27,20,0,10,0
6,0,2025,12,28,20,6,0,6
6,8,2025,12,28,8,8,3,11
6,18,2025,12,28,15,21,6,26
6,27,2025,12,28,14,5,10,21
6,37,2025,12,28,15,15,4,32
6,46,2025,12,28,8,10,10,32
6,54,2025,12,28,20,6,16,22
7,0,2025,12,28,20,4,0,26
7,8,2025,12,28,8,10,4,32
7,18,2025,12,28,15,16,15,33
7,27,2025,12,28,14,20,19,34
7,37,2025,12,28,15,12,12,34
7,46,2025,12,28,8,9,11,32
7,54,2025,12,28,20,6,20,18
8,0,2025,12,28,20,3,0,21
8,8,2025,12,28,8,15,5,31
8,18,2025,12,28,15,5,11,25
8,27,2025,12,28,14,7,20,12
8,37,2025,12,28,15,7,1,18
8,46,2025,12,28,8,16,8,26
8,54,2025,12,28,20,5,14,17
9,0,2025,12,28,20,3,0,20
9,8,2025,12,28,8,2,2,20
9,18,2025,12,28,15,2,10,12
9,27,2025,12,28,14,6,11,7
9,37,2025,12,28,15,6,1,12
9,46,2025,12,28,8,2,6,8
9,54,2025,12,28,20,4,3,9
10,0,2025,12,28,20,5,0,14
10,8,2025,12,28,8,5,1,18
10,18,2025,12,28,15,3,6,15
10,27,2025,12,28,14,3,12,6
10,37,2025,12,28,15,6,0,12
10,46,2025,12,28,8,5,5,12
10,54,2025,12,28,20,4,8,8
11,0,2025,12,28,20,3,0,11
11,8,2025,12,28,8,4,3,12
11,18,2025,12,28,15,5,6,11
11,27,2025,12,28,14,6,8,9
11,37,2025,12,28,15,4,2,11
11,46,2025,12,28,8,3,6,8
11,54,2025,12,28,20,4,7,5
12,0,2025,12,28,20,2,0,7
12,8,2025,12,28,8,2,3,6
12,18,2025,12,28,15,3,4,5
12,27,2025,12,28,14,5,2,8
12,37,2025,12,28,15,6,3,11
12,46,2025,12,28,8,2,2,11
12,54,2025,12,28,20,5,6,10
13,0,2025,12,28,20,5,0,15
13,8,2025,12,28,8,5,2,18
13,18,2025,12,28,15,3,7,14
13,27,2025,12,28,14,2,9,7
13,37,2025,12,28,15,6,1,12
13,46,2025,12,28,8,3,5,10
13,54,2025,12,28,20,3,6,7
14,0,2025,12,28,20,3,0,10
14,8,2025,12,28,8,2,3,9
14,18,2025,12,28,15,2,3,8
14,27,2025,12,28,14,6,7,7
14,37,2025,12,28,15,3,1,9
14,46,2025,12,28,8,6,5,10
14,54,2025,12,28,20,2,4,8
15,0,2025,12,28,20,2,0,10
15,8,2025,12,28,8,4,0,14
15,18,2025,12,28,15,6,10,10
15,27,2025,12,28,14,2,6,6
15,37,2025,12,28,15,5,0,11
15,46,2025,12,28,8,3,4,10
15,54,2025,12,28,20,6,3,13
16,0,2025,12,28,20,2,0,15
16,8,2025,12,28,8,6,3,18
16,18,2025,12,28,15,4,7,15
16,27,2025,12,28,14,4,9,10
16,37,2025,12,28,15,5,1,14
16,46,2025,12,28,8,3,6,11
16,54,2025,12,28,20,4,9,6
17,0,2025,12,28,20,4,0,10
17,8,2025,12,28,8,5,3,12
17,18,2025,12,28,15,3,5,10
17,27,2025,12,28,14,6,6,10
17,37,2025,12,28,15,2,2,10
17,46,2025,12,28,8,4,5,9
17,54,2025,12,28,20,4,6,7
18,0,2025,12,28,20,2,0,9
18,8,2025,12,28,8,6,2,13
18,18,2025,12,28,15,5,6,12
18,27,2025,12,28,14,6,5,13
18,37,2025,12,28,15,5,1,17
18,46,2025,12,28,8,6,7,16
18,54,2025,12,28,20,4,11,9
19,0,2025,12,28,20,5,0,14
19,8,2025,12,28,8,4,1,17
19,18,2025,12,28,15,6,7,16
19,27,2025,12,28,14,5,11,10
19,37,2025,12,28,15,6,2,14
19,46,2025,12,28,8,4,7,11
19,54,2025,12,28,20,6,6,11
20,0,2025,12,28,20,6,0,17
20,8,2025,12,28,8,4,4,17
20,18,2025,12,28,15,5,10,12
20,27,2025,12,28,14,4,7,9
20,37,2025,12,28,15,6,2,13
20,46,2025,12,28,8,6,5,14
20,54,2025,12,28,20,2,7,9
21,0,2025,12,28,20,2,0,11
21,8,2025,12,28,8,3,2,12
21,18,2025,12,28,15,6,2,16
21,27,2025,12,28,14,2,12,6
21,37,2025,12,28,15,2,1,7
21,46,2025,12,28,8,4,4,7
21,54,2025,12,28,20,5,4,8
22,0,2025,12,28,20,4,0,12
22,8,2025,12,28,8,5,4,13
22,18,2025,12,28,15,4,4,13
22,27,2025,12,28,14,5,10,8
22,37,2025,12,28,15,3,3,8
22,46,2025,12,28,8,6,4,10
22,54,2025,12,28,20,2,5,7
23,0,2025,12,28,20,6,0,13
23,8,2025,12,28,8,4,2,15
23,18,2025,12,28,15,3,7,11
23,27,2025,12,28,14,4,8,7
23,37,2025,12,28,15,4,2,9
23,46,2025,12,28,8,5,5,9
23,54,2025,12,28,20,0,9,0
6,0,2025,12,29,20,4,0,4
6,8,2025,12,29,8,10,2,12
6,18,2025,12,29,15,14,7,19
6,27,2025,12,29,14,12,8,23
6,37,2025,12,29,15,6,3,26
6,46,2025,12,29,8,9,9,26
6,54,2025,12,29,20,5,16,15
7,0,2025,12,29,20,5,0,20
7,8,2025,12,29,8,22,3,39
7,18,2025,12,29,15,15,17,37
7,27,2025,12,29,14,14,19,32
7,37,2025,12,29,15,22,6,48
7,46,2025,12,29,8,10,20,38
7,54,2025,12,29,20,5,20,23
8,0,2025,12,29,20,5,0,28
8,8,2025,12,29,8,16,4,40
8,18,2025,12,29,15,19,14,45
8,27,2025,12,29,14,15,20,40
8,37,2025,12,29,15,22,5,57
8,46,2025,12,29,8,15,20,52
8,54,2025,12,29,20,6,20,38
9,0,2025,12,29,20,4,0,42
9,8,2025,12,29,8,6,7,41
9,18,2025,12,29,15,5,17,29
9,27,2025,12,29,14,4,20,13
9,37,2025,12,29,15,6,0,19
9,46,2025,12,29,8,2,5,16
9,54,2025,12,29,20,5,13,8
10,0,2025,12,29,20,6,0,14
10,8,2025,12,29,8,3,2,15
10,18,2025,12,29,15,3,3,15
10,27,2025,12,29,14,2,12,5
10,37,2025,12,29,15,3,2,6
10,46,2025,12,29,8,6,2,10
10,54,2025,12,29,20,4,7,7
11,0,2025,12,29,20,5,0,12
11,8,2025,12,29,8,3,1,14
11,18,2025,12,29,15,2,9,7
11,27,2025,12,29,14,6,5,8
11,37,2025,12,29,15,2,1,9
11,46,2025,12,29,8,3,5,7
11,54,2025,12,29,20,5,4,8
12,0,2025,12,29,20,2,0,10
12,8,2025,12,29,8,5,2,13
12,18,2025,12,29,15,2,4,11
12,27,2025,12,29,14,2,7,6
12,37,2025,12,29,15,5,1,10
12,46,2025,12,29,8,5,2,13
12,54,2025,12,29,20,2,9,6
13,0,2025,12,29,20,5,0,11
13,8,2025,12,29,8,3,4,10
13,18,2025,12,29,15,2,3,9
13,27,2025,12,29,14,3,7,5
13,37,2025,12,29,15,4,1,8
13,46,2025,12,29,8,2,4,6
13,54,2025,12,29,20,5,4,7
14,0,2025,12,29,20,6,0,13
14,8,2025,12,29,8,2,6,9
14,18,2025,12,29,15,4,5,8
14,27,2025,12,29,14,2,5,5
14,37,2025,12,29,15,3,1,7
14,46,2025,12,29,8,2,3,6
14,54,2025,12,29,20,2,3,5
15,0,2025,12,29,20,6,0,11
15,8,2025,12,29,8,6,1,16
15,18,2025,12,29,15,2,3,15
15,27,2025,12,29,14,3,12,6
15,37,2025,12,29,15,5,0,11
15,46,2025,12,29,8,4,3,12
15,54,2025,12,29,20,4,6,10
16,0,2025,12,29,20,5,0,15
16,8,2025,12,29,8,3,4,14
16,18,2025,12,29,15,4,3,15
16,27,2025,12,29,14,3,10,8
16,37,2025,12,29,15,6,0,14
16,46,2025,12,29,8,5,4,15
16,54,2025,12,29,20,5,9,11
17,0,2025,12,29,20,4,0,15
17,8,2025,12,29,8,4,2,17
17,18,2025,12,29,15,6,5,18
17,27,2025,12,29,14,5,15,8
17,37,2025,12,29,15,3,2,9
17,46,2025,12,29,8,2,4,7
17,54,2025,12,29,20,3,3,7
18,0,2025,12,29,20,6,0,13
18,8,2025,12,29,8,6,4,15
18,18,2025,12,29,15,2,5,12
18,27,2025,12,29,14,2,6,8
18,37,2025,12,29,15,6,1,13
18,46,2025,12,29,8,6,3,16
18,54,2025,12,29,20,4,10,10
19,0,2025,12,29,20,2,0,12
19,8,2025,12,29,8,5,0,17
19,18,2025,12,29,15,2,7,12
19,27,2025,12,29,14,6,8,10
19,37,2025,12,29,15,3,2,11
19,46,2025,12,29,8,6,3,14
19,54,2025,12,29,20,6,8,12
20,0,2025,12,29,20,4,0,16
20,8,2025,12,29,8,5,4,17
20,18,2025,12,29,15,3,6,14
20,27,2025,12,29,14,5,9,10
20,37,2025,12,29,15,3,4,9
20,46,2025,12,29,8,5,3,11
20,54,2025,12,29,20,4,5,10
21,0,2025,12,29,20,4,0,14
21,8,2025,12,29,8,5,1,18
21,18,2025,12,29,15,3,5,16
21,27,2025,12,29,14,5,11,10
21,37,2025,12,29,15,5,4,11
21,46,2025,12,29,8,4,3,12
21,54,2025,12,29,20,6,8,10
22,0,2025,12,29,20,4,0,14
22,8,2025,12,29,8,3,5,12
22,18,2025,12,29,15,3,9,6
22,27,2025,12,29,14,4,5,5
22,37,2025,12,29,15,3,1,7
22,46,2025,12,29,8,3,4,6
22,54,2025,12,29,20,6,3,9
23,0,2025,12,29,20,2,0,11
23,8,2025,12,29,8,5,3,13
23,18,2025,12,29,15,2,3,12
23,27,2025,12,29,14,5,8,9
23,37,2025,12,29,15,4,3,10
23,46,2025,12,29,8,2,4,8
23,54,2025,12,29,20,0,8,0
6,0,2025,12,30,20,4,0,4
6,8,2025,12,30,8,14,2,16
6,18,2025,12,30,15,19,6,29
6,27,2025,12,30,14,8,13,24
6,37,2025,12,30,15,22,1,45
6,46,2025,12,30,8,11,17,39
6,54,2025,12,30,20,5,20,24
7,0,2025,12,30,20,6,0,30
7,8,2025,12,30,8,10,3,37
7,18,2025,12,30,15,13,16,34
7,27,2025,12,30,14,19,19,34
7,37,2025,12,30,15,7,8,33
7,46,2025,12,30,8,12,13,32
7,54,2025,12,30,20,2,20,14
8,0,2025,12,30,20,4,0,18
8,8,2025,12,30,8,7,3,22
8,18,2025,12,30,15,12,8,26
8,27,2025,12,30,14,12,18,20
8,37,2025,12,30,15,12,3,29
8,46,2025,12,30,8,16,11,34
8,54,2025,12,30,20,2,20,16
9,0,2025,12,30,20,3,0,19
9,8,2025,12,30,8,2,3,18
9,18,2025,12,30,15,6,6,18
9,27,2025,12,30,14,3,12,9
9,37,2025,12,30,15,6,1,14
9,46,2025,12,30,8,5,7,12
9,54,2025,12,30,20,5,4,13
10,0,2025,12,30,20,2,0,15
10,8,2025,12,30,8,3,2,16
10,18,2025,12,30,15,2,7,11
10,27,2025,12,30,14,3,10,4
10,37,2025,12,30,15,3,0,7
10,46,2025,12,30,8,3,4,6
10,54,2025,12,30,20,3,3,6
11,0,2025,12,30,20,3,0,9
11,8,2025,12,30,8,2,3,8
11,18,2025,12,30,15,2,2,8
11,27,2025,12,30,14,2,5,5
11,37,2025,12,30,15,5,1,9
11,46,2025,12,30,8,2,7,4
11,54,2025,12,30,20,5,2,7
12,0,2025,12,30,20,6,0,13
12,8,2025,12,30,8,5,2,16
12,18,2025,12,30,15,6,7,15
12,27,2025,12,30,14,6,7,14
12,37,2025,12,30,15,5,4,15
12,46,2025,12,30,8,3,7,11
12,54,2025,12,30,20,6,6,11
13,0,2025,12,30,20,5,0,16
13,8,2025,12,30,8,3,4,15
13,18,2025,12,30,15,3,6,12
13,27,2025,12,30,14,4,8,8
13,37,2025,12,30,15,3,1,10
13,46,2025,12,30,8,4,3,11
13,54,2025,12,30,20,5,6,10
14,0,2025,12,30,20,6,0,16
14,8,2025,12,30,8,4,1,19
14,18,2025,12,30,15,2,5,16
14,27,2025,12,30,14,5,14,7
14,37,2025,12,30,15,2,3,6
14,46,2025,12,30,8,4,3,7
14,54,2025,12,30,20,5,5,7
15,0,2025,12,30,20,5,0,12
15,8,2025,12,30,8,2,3,11
15,18,2025,12,30,15,2,3,10
15,27,2025,12,30,14,6,8,8
15,37,2025,12,30,15,4,2,10
15,46,2025,12,30,8,5,4,11
15,54,2025,12,30,20,4,7,8
16,0,2025,12,30,20,5,0,13
16,8,2025,12,30,8,4,2,15
16,18,2025,12,30,15,2,8,9
16,27,2025,12,30,14,3,6,6
16,37,2025,12,30,15,2,1,7
16,46,2025,12,30,8,6,3,10
16,54,2025,12,30,20,6,5,11
17,0,2025,12,30,20,2,0,13
17,8,2025,12,30,8,3,3,13
17,18,2025,12,30,15,6,9,10
17,27,2025,12,30,14,4,5,9
17,37,2025,12,30,15,4,0,13
17,46,2025,12,30,8,2,7,8
17,54,2025,12,30,20,3,6,5
18,0,2025,12,30,20,2,0,7
18,8,2025,12,30,8,2,2,7
18,18,2025,12,30,15,5,3,9
18,27,2025,12,30,14,6,6,9
18,37,2025,12,30,15,3,1,11
18,46,2025,12,30,8,4,5,10
18,54,2025,12,30,20,5,5,10
19,0,2025,12,30,20,2,0,12
19,8,2025,12,30,8,6,4,14
19,18,2025,12,30,15,6,5,15
19,27,2025,12,30,14,6,12,9
19,37,2025,12,30,15,3,3,9
19,46,2025,12,30,8,3,4,8
19,54,2025,12,30,20,4,8,4
20,0,2025,12,30,20,5,0,9
20,8,2025,12,30,8,6,1,14
20,18,2025,12,30,15,3,6,11
20,27,2025,12,30,14,5,6,10
20,37,2025,12,30,15,2,2,10
20,46,2025,12,30,8,4,1,13
20,54,2025,12,30,20,4,10,7
21,0,2025,12,30,20,3,0,10
21,8,2025,12,30,8,3,3,10
21,18,2025,12,30,15,2,3,9
21,27,2025,12,30,14,5,9,5
21,37,2025,12,30,15,3,2,6
21,46,2025,12,30,8,2,3,5
21,54,2025,12,30,20,2,2,5
22,0,2025,12,30,20,5,0,10
22,8,2025,12,30,8,5,2,13
22,18,2025,12,30,15,6,7,12
22,27,2025,12,30,14,2,6,8
22,37,2025,12,30,15,5,1,12
22,46,2025,12,30,8,6,5,13
22,54,2025,12,30,20,2,8,7
23,0,2025,12,30,20,6,0,13
23,8,2025,12,30,8,5,3,15
23,18,2025,12,30,15,5,6,14
23,27,2025,12,30,14,5,9,10
23,37,2025,12,30,15,4,2,12
23,46,2025,12,30,8,2,1,13
23,54,2025,12,30,20,0,13,0
6,0,2025,12,31,20,4,0,4
6,8,2025,12,31,8,5,2,7
6,18,2025,12,31,15,22,3,26
6,27,2025,12,31,14,9,11,24
6,37,2025,12,31,15,14,3,35
6,46,2025,12,31,8,22,13,44
6,54,2025,12,31,20,2,20,26
7,0,2025,12,31,20,6,0,32
7,8,2025,12,31,8,9,5,36
7,18,2025,12,31,15,16,12,40
7,27,2025,12,31,14,13,20,33
7,37,2025,12,31,15,20,5,48
7,46,2025,12,31,8,17,16,49
7,54,2025,12,31,20,6,20,35
8,0,2025,12,31,20,3,0,38
8,8,2025,12,31,8,9,2,45
8,18,2025,12,31,15,7,20,32
8,27,2025,12,31,14,17,20,29
8,37,2025,12,31,15,18,6,41
8,46,2025,12,31,8,6,13,34
8,54,2025,12,31,20,4,20,18
9,0,2025,12,31,20,3,0,21
9,8,2025,12,31,8,6,1,26
9,18,2025,12,31,15,5,5,26
9,27,2025,12,31,14,6,18,14
9,37,2025,12,31,15,3,1,16
9,46,2025,12,31,8,4,6,14
9,54,2025,12,31,20,5,11,8
10,0,2025,12,31,20,2,0,10
10,8,2025,12,31,8,5,4,11
10,18,2025,12,31,15,4,9,6
10,27,2025,12,31,14,2,3,5
10,37,2025,12,31,15,5,2,8
10,46,2025,12,31,8,4,2,10
10,54,2025,12,31,20,4,6,8
11,0,2025,12,31,20,3,0,11
11,8,2025,12,31,8,3,1,13
11,18,2025,12,31,15,3,4,12
11,27,2025,12,31,14,6,8,10
11,37,2025,12,31,15,6,0,16
11,46,2025,12,31,8,6,4,18
11,54,2025,12,31,20,5,11,12
12,0,2025,12,31,20,4,0,16
12,8,2025,12,31,8,3,2,17
12,18,2025,12,31,15,4,8,13
12,27,2025,12,31,14,2,9,6
12,37,2025,12,31,15,3,0,9
12,46,2025,12,31,8,4,3,10
12,54,2025,12,31,20,4,5,9
13,0,2025,12,31,20,6,0,15
13,8,2025,12,31,8,6,3,18
13,18,2025,12,31,15,2,10,10
13,27,2025,12,31,14,4,6,8
13,37,2025,12,31,15,6,3,11
13,46,2025,12,31,8,2,2,11
13,54,2025,12,31,20,4,9,6
14,0,2025,12,31,20,3,0,9
14,8,2025,12,31,8,2,1,10
14,18,2025,12,31,15,6,6,10
14,27,2025,12,31,14,4,5,9
14,37,2025,12,31,15,3,1,11
14,46,2025,12,31,8,3,6,8
14,54,2025,12,31,20,5,5,8
15,0,2025,12,31,20,2,0,10
15,8,2025,12,31,8,6,2,14
15,18,2025,12,31,15,2,6,10
15,27,2025,12,31,14,5,8,7
15,37,2025,12,31,15,6,2,11
15,46,2025,12,31,8,5,2,14
15,54,2025,12,31,20,4,10,8
16,0,2025,12,31,20,4,0,12
16,8,2025,12,31,8,4,5,11
16,18,2025,12,31,15,3,9,5
16,27,2025,12,31,14,6,4,7
16,37,2025,12,31,15,5,2,10
16,46,2025,12,31,8,6,3,13
16,54,2025,12,31,20,3,6,10
17,0,2025,12,31,20,4,0,14
17,8,2025,12,31,8,3,5,12
17,18,2025,12,31,15,5,4,13
17,27,2025,12,31,14,4,8,9
17,37,2025,12,31,15,6,3,12
17,46,2025,12,31,8,4,2,14
17,54,2025,12,31,20,2,8,8
18,0,2025,12,31,20,5,0,13
18,8,2025,12,31,8,2,2,13
18,18,2025,12,31,15,6,4,15
18,27,2025,12,31,14,4,11,8
18,37,2025,12,31,15,5,1,12
18,46,2025,12,31,8,4,5,11
18,54,2025,12,31,20,4,5,10
19,0,2025,12,31,20,5,0,15
19,8,2025,12,31,8,2,3,14
19,18,2025,12,31,15,4,8,10
19,27,2025,12,31,14,6,7,9
19,37,2025,12,31,15,3,4,8
19,46,2025,12,31,8,6,5,9
19,54,2025,12,31,20,3,4,8
20,0,2025,12,31,20,5,0,13
20,8,2025,12,31,8,2,2,13
20,18,2025,12,31,15,6,4,15
20,27,2025,12,31,14,2,11,6
20,37,2025,12,31,15,2,1,7
20,46,2025,12,31,8,6,1,12
20,54,2025,12,31,20,5,7,10
21,0,2025,12,31,20,5,0,15
21,8,2025,12,31,8,2,5,12
21,18,2025,12,31,15,3,4,11
21,27,2025,12,31,14,3,8,6
21,37,2025,12,31,15,6,1,11
21,46,2025,12,31,8,4,5,10
21,54,2025,12,31,20,6,2,14
22,0,2025,12,31,20,2,0,16
22,8,2025,12,31,8,6,3,19
22,18,2025,12,31,15,3,6,16
22,27,2025,12,31,14,3,13,6
22,37,2025,12,31,15,3,3,6
22,46,2025,12,31,8,4,0,10
22,54,2025,12,31,20,4,5,9
23,0,2025,12,31,20,2,0,11
23,8,2025,12,31,8,5,2,14
23,18,2025,12,31,15,2,7,9
23,27,2025,12,31,14,2,7,4
23,37,2025,12,31,15,6,0,10
23,46,2025,12,31,8,5,2,13
23,54,2025,12,31,20,0,13,0
6,0,2026,1,1,20,2,0,2
6,8,2026,1,1,8,9,2,9
6,18,2026,1,1,15,15,2,22
6,27,2026,1,1,14,10,7,25
6,37,2026,1,1,15,8,5,28
6,46,2026,1,1,8,19,10,37
6,54,2026,1,1,20,3,20,20
7,0,2026,1,1,20,6,0,26
7,8,2026,1,1,8,18,4,40
7,18,2026,1,1,15,12,11,41
7,27,2026,1,1,14,13,20,34
7,37,2026,1,1,15,20,5,49
7,46,2026,1,1,8,16,20,45
7,54,2026,1,1,20,3,20,28
8,0,2026,1,1,20,4,0,32
8,8,2026,1,1,8,19,2,49
8,18,2026,1,1,15,19,15,53
8,27,2026,1,1,14,13,20,46
8,37,2026,1,1,15,22,9,59
8,46,2026,1,1,8,21,20,60
8,54,2026,1,1,20,2,20,42
9,0,2026,1,1,20,5,0,47
9,8,2026,1,1,8,3,7,43
9,18,2026,1,1,15,5,20,28
9,27,2026,1,1,14,3,20,11
9,37,2026,1,1,15,2,0,13
9,46,2026,1,1,8,2,7,8
9,54,2026,1,1,20,3,8,3
10,0,2026,1,1,20,6,0,9
10,8,2026,1,1,8,4,2,11
10,18,2026,1,1,15,3,5,9
10,27,2026,1,1,14,3,7,5
10,37,2026,1,1,15,4,1,8
10,46,2026,1,1,8,5,2,11
10,54,2026,1,1,20,6,8,9
11,0,2026,1,1,20,3,0,12
11,8,2026,1,1,8,3,4,11
11,18,2026,1,1,15,3,4,10
11,27,2026,1,1,14,5,6,9
11,37,2026,1,1,15,3,1,11
11,46,2026,1,1,8,5,4,12
11,54,2026,1,1,20,5,8,9
12,0,2026,1,1,20,2,0,11
12,8,2026,1,1,8,3,4,10
12,18,2026,1,1,15,2,4,8
12,27,2026,1,1,14,2,5,5
12,37,2026,1,1,15,3,1,7
12,46,2026,1,1,8,2,3,6
12,54,2026,1,1,20,5,5,6
13,0,2026,1,1,20,5,0,11
13,8,2026,1,1,8,5,4,12
13,18,2026,1,1,15,3,6,9
13,27,2026,1,1,14,5,7,7
13,37,2026,1,1,15,4,3,8
13,46,2026,1,1,8,3,3,8
13,54,2026,1,1,20,2,3,7
14,0,2026,1,1,20,5,0,12
14,8,2026,1,1,8,4,1,15
14,18,2026,1,1,15,5,8,12
14,27,2026,1,1,14,5,6,11
14,37,2026,1,1,15,4,2,13
14,46,2026,1,1,8,2,7,8
14,54,2026,1,1,20,2,5,5
15,0,2026,1,1,20,2,0,7
15,8,2026,1,1,8,2,3,6
15,18,2026,1,1,15,6,1,11
15,27,2026,1,1,14,6,6,11
15,37,2026,1,1,15,5,1,15
15,46,2026,1,1,8,6,12,9
15,54,2026,1,1,20,2,4,7
16,0,2026,1,1,20,6,0,13
16,8,2026,1,1,8,5,3,15
16,18,2026,1,1,15,2,6,11
16,27,2026,1,1,14,5,8,8
16,37,2026,1,1,15,3,3,8
16,46,2026,1,1,8,2,3,7
16,54,2026,1,1,20,6,5,8
17,0,2026,1,1,20,6,0,14
17,8,2026,1,1,8,4,4,14
17,18,2026,1,1,15,6,8,12
17,27,2026,1,1,14,2,6,8
17,37,2026,1,1,15,6,0,14
17,46,2026,1,1,8,5,5,14
17,54,2026,1,1,20,5,11,8
18,0,2026,1,1,20,3,0,11
18,8,2026,1,1,8,2,3,10
18,18,2026,1,1,15,5,2,13
18,27,2026,1,1,14,2,8,7
18,37,2026,1,1,15,6,2,11
18,46,2026,1,1,8,3,2,12
18,54,2026,1,1,20,5,8,9
19,0,2026,1,1,20,2,0,11
19,8,2026,1,1,8,2,2,11
19,18,2026,1,1,15,5,3,13
19,27,2026,1,1,14,4,9,8
19,37,2026,1,1,15,3,2,9
19,46,2026,1,1,8,2,2,9
19,54,2026,1,1,20,2,6,5
20,0,2026,1,1,20,6,0,11
20,8,2026,1,1,8,3,0,14
20,18,2026,1,1,15,4,7,11
20,27,2026,1,1,14,6,8,9
20,37,2026,1,1,15,2,2,9
20,46,2026,1,1,8,5,5,9
20,54,2026,1,1,20,6,4,11
21,0,2026,1,1,20,6,0,17
21,8,2026,1,1,8,2,5,14
21,18,2026,1,1,15,4,8,10
21,27,2026,1,1,14,2,6,6
21,37,2026,1,1,15,3,1,8
21,46,2026,1,1,8,3,5,6
21,54,2026,1,1,20,2,3,5
22,0,2026,1,1,20,3,0,8
22,8,2026,1,1,8,3,0,11
22,18,2026,1,1,15,2,4,9
22,27,2026,1,1,14,3,8,4
22,37,2026,1,1,15,2,1,5
22,46,2026,1,1,8,5,3,7
22,54,2026,1,1,20,5,2,10
23,0,2026,1,1,20,5,0,15
23,8,2026,1,1,8,4,3,16
23,18,2026,1,1,15,5,6,15
23,27,2026,1,1,14,4,9,10
23,37,2026,1,1,15,4,1,13
23,46,2026,1,1,8,6,6,13
23,54,2026,1,1,20,0,13,0
6,0,2026,1,2,20,4,0,4
6,8,2026,1,2,8,6,1,9
6,18,2026,1,2,15,7,5,11
6,27,2026,1,2,14,11,6,16
6,37,2026,1,2,15,8,2,22
6,46,2026,1,2,8,12,9,25
6,54,2026,1,2,20,6,17,14
7,0,2026,1,2,20,3,0,17
7,8,2026,1,2,8,22,3,36
7,18,2026,1,2,15,9,14,31
7,27,2026,1,2,14,19,14,36
7,37,2026,1,2,15,18,6,48
7,46,2026,1,2,8,10,19,39
7,54,2026,1,2,20,2,20,21
8,0,2026,1,2,20,3,0,24
8,8,2026,1,2,8,10,1,33
8,18,2026,1,2,15,10,11,32
8,27,2026,1,2,14,7,20,19
8,37,2026,1,2,15,11,4,26
8,46,2026,1,2,8,22,9,39
8,54,2026,1,2,20,3,20,22
9,0,2026,1,2,20,3,0,25
9,8,2026,1,2,8,6,1,30
9,18,2026,1,2,15,4,11,23
9,27,2026,1,2,14,4,20,7
9,37,2026,1,2,15,5,1,11
9,46,2026,1,2,8,2,7,6
9,54,2026,1,2,20,4,3,7
10,0,2026,1,2,20,5,0,12
10,8,2026,1,2,8,2,0,14
10,18,2026,1,2,15,6,2,18
10,27,2026,1,2,14,5,12,11
10,37,2026,1,2,15,5,1,15
10,46,2026,1,2,8,2,7,10
10,54,2026,1,2,20,3,7,6
11,0,2026,1,2,20,2,0,8
11,8,2026,1,2,8,2,0,10
11,18,2026,1,2,15,3,4,9
11,27,2026,1,2,14,4,7,6
11,37,2026,1,2,15,2,0,8
11,46,2026,1,2,8,6,3,11
11,54,2026,1,2,20,5,6,10
12,0,2026,1,2,20,4,0,14
12,8,2026,1,2,8,4,3,15
12,18,2026,1,2,15,6,7,14
12,27,2026,1,2,14,6,9,11
12,37,2026,1,2,15,2,0,13
12,46,2026,1,2,8,4,5,12
12,54,2026,1,2,20,4,10,6
13,0,2026,1,2,20,3,0,9
13,8,2026,1,2,8,3,1,11
13,18,2026,1,2,15,4,4,11
13,27,2026,1,2,14,2,8,5
13,37,2026,1,2,15,4,1,8
13,46,2026,1,2,8,5,4,9
13,54,2026,1,2,20,6,5,10
14,0,2026,1,2,20,3,0,13
14,8,2026,1,2,8,5,5,13
14,18,2026,1,2,15,4,4,13
14,27,2026,1,2,14,5,9,9
14,37,2026,1,2,15,4,2,11
14,46,2026,1,2,8,6,4,13
14,54,2026,1,2,20,5,7,11
15,0,2026,1,2,20,6,0,17
15,8,2026,1,2,8,5,4,18
15,18,2026,1,2,15,3,6,15
15,27,2026,1,2,14,2,12,5
15,37,2026,1,2,15,3,1,7
15,46,2026,1,2,8,6,4,9
15,54,2026,1,2,20,4,3,10
16,0,2026,1,2,20,5,0,15
16,8,2026,1,2,8,5,2,18
16,18,2026,1,2,15,5,5,18
16,27,2026,1,2,14,6,12,12
16,37,2026,1,2,15,5,2,15
16,46,2026,1,2,8,6,8,13
16,54,2026,1,2,20,2,8,7
17,0,2026,1,2,20,3,0,10
17,8,2026,1,2,8,6,2,14
17,18,2026,1,2,15,4,7,11
17,27,2026,1,2,14,3,8,6
17,37,2026,1,2,15,4,0,10
17,46,2026,1,2,8,4,1,13
17,54,2026,1,2,20,2,10,5
18,0,2026,1,2,20,4,0,9
18,8,2026,1,2,8,3,1,11
18,18,2026,1,2,15,5,3,13
18,27,2026,1,2,14,2,6,9
18,37,2026,1,2,15,4,1,12
18,46,2026,1,2,8,6,7,11
18,54,2026,1,2,20,2,7,6
19,0,2026,1,2,20,5,0,11
19,8,2026,1,2,8,5,1,15
19,18,2026,1,2,15,3,5,13
19,27,2026,1,2,14,4,10,7
19,37,2026,1,2,15,2,2,7
19,46,2026,1,2,8,6,2,11
19,54,2026,1,2,20,4,6,9
20,0,2026,1,2,20,2,0,11
20,8,2026,1,2,8,4,4,11
20,18,2026,1,2,15,4,3,12
20,27,2026,1,2,14,2,7,7
20,37,2026,1,2,15,5,0,12
20,46,2026,1,2,8,3,8,7
20,54,2026,1,2,20,3,5,5
21,0,2026,1,2,20,5,0,10
21,8,2026,1,2,8,2,5,7
21,18,2026,1,2,15,6,3,10
21,27,2026,1,2,14,5,7,8
21,37,2026,1,2,15,6,2,12
21,46,2026,1,2,8,6,2,16
21,54,2026,1,2,20,3,11,8
22,0,2026,1,2,20,3,0,11
22,8,2026,1,2,8,4,2,13
22,18,2026,1,2,15,5,5,13
22,27,2026,1,2,14,2,8,7
22,37,2026,1,2,15,6,0,13
22,46,2026,1,2,8,5,6,12
22,54,2026,1,2,20,5,5,12
23,0,2026,1,2,20,5,0,17
23,8,2026,1,2,8,2,1,18
23,18,2026,1,2,15,3,11,10
23,27,2026,1,2,14,4,9,5
23,37,2026,1,2,15,4,3,6
23,46,2026,1,2,8,4,2,8
23,54,2026,1,2,20,0,8,0
6,0,2026,1,3,20,3,0,3
6,8,2026,1,3,8,15,0,18
6,18,2026,1,3,15,21,8,31
6,27,2026,1,3,14,10,8,33
6,37,2026,1,3,15,5,3,35
6,46,2026,1,3,8,10,13,32
6,54,2026,1,3,20,3,20,15
7,0,2026,1,3,20,2,0,17
7,8,2026,1,3,8,11,1,27
7,18,2026,1,3,15,22,12,37
7,27,2026,1,3,14,5,20,22
7,37,2026,1,3,15,17,2,37
7,46,2026,1,3,8,6,13,30
7,54,2026,1,3,20,3,20,13
8,0,2026,1,3,20,2,0,15
8,8,2026,1,3,8,17,1,31
8,18,2026,1,3,15,19,10,40
8,27,2026,1,3,14,11,18,33
8,37,2026,1,3,15,22,5,50
8,46,2026,1,3,8,11,18,43
8,54,2026,1,3,20,6,20,29
9,0,2026,1,3,20,6,0,35
9,8,2026,1,3,8,5,4,36
9,18,2026,1,3,15,6,15,27
9,27,2026,1,3,14,4,20,11
9,37,2026,1,3,15,3,1,13
9,46,2026,1,3,8,6,4,15
9,54,2026,1,3,20,5,9,11
10,0,2026,1,3,20,6,0,17
10,8,2026,1,3,8,4,4,17
10,18,2026,1,3,15,6,9,14
10,27,2026,1,3,14,2,8,8
10,37,2026,1,3,15,2,2,8
10,46,2026,1,3,8,3,1,10
10,54,2026,1,3,20,2,6,6
11,0,2026,1,3,20,5,0,11
11,8,2026,1,3,8,3,2,12
11,18,2026,1,3,15,3,1,14
11,27,2026,1,3,14,2,10,6
11,37,2026,1,3,15,6,1,11
11,46,2026,1,3,8,6,4,13
11,54,2026,1,3,20,4,8,9
12,0,2026,1,3,20,2,0,11
12,8,2026,1,3,8,3,3,11
12,18,2026,1,3,15,3,3,11
12,27,2026,1,3,14,2,8,5
12,37,2026,1,3,15,5,0,10
12,46,2026,1,3,8,2,5,7
12,54,2026,1,3,20,6,5,8
13,0,2026,1,3,20,2,0,10
13,8,2026,1,3,8,6,3,13
13,18,2026,1,3,15,3,3,13
13,27,2026,1,3,14,2,8,7
13,37,2026,1,3,15,6,1,12
13,46,2026,1,3,8,2,3,11
13,54,2026,1,3,20,3,9,5
14,0,2026,1,3,20,4,0,9
14,8,2026,1,3,8,3,4,8
14,18,2026,1,3,15,2,5,5
14,27,2026,1,3,14,6,4,7
14,37,2026,1,3,15,5,2,10
14,46,2026,1,3,8,3,5,8
14,54,2026,1,3,20,5,4,9
15,0,2026,1,3,20,3,0,12
15,8,2026,1,3,8,3,2,13
15,18,2026,1,3,15,2,5,10
15,27,2026,1,3,14,3,7,6
15,37,2026,1,3,15,4,1,9
15,46,2026,1,3,8,6,5,10
15,54,2026,1,3,20,4,6,8
16,0,2026,1,3,20,2,0,10
16,8,2026,1,3,8,2,1,11
16,18,2026,1,3,15,6,5,12
16,27,2026,1,3,14,4,7,9
16,37,2026,1,3,15,5,0,14
16,46,2026,1,3,8,2,5,11
16,54,2026,1,3,20,3,7,7
17,0,2026,1,3,20,4,0,11
17,8,2026,1,3,8,2,4,9
17,18,2026,1,3,15,3,2,10
17,27,2026,1,3,14,3,6,7
17,37,2026,1,3,15,3,1,9
17,46,2026,1,3,8,2,2,9
17,54,2026,1,3,20,5,8,6
18,0,2026,1,3,20,3,0,9
18,8,2026,1,3,8,4,0,13
18,18,2026,1,3,15,3,8,8
18,27,2026,1,3,14,2,6,4
18,37,2026,1,3,15,2,1,5
18,46,2026,1,3,8,3,1,7
18,54,2026,1,3,20,5,4,8
19,0,2026,1,3,20,6,0,14
19,8,2026,1,3,8,5,3,16
19,18,2026,1,3,15,3,7,12
19,27,2026,1,3,14,4,9,7
19,37,2026,1,3,15,3,2,8
19,46,2026,1,3,8,5,4,9
19,54,2026,1,3,20,4,6,7
20,0,2026,1,3,20,2,0,9
20,8,2026,1,3,8,5,3,11
20,18,2026,1,3,15,3,5,9
20,27,2026,1,3,14,6,6,9
20,37,2026,1,3,15,6,3,12
20,46,2026,1,3,8,5,6,11
20,54,2026,1,3,20,6,6,11
21,0,2026,1,3,20,6,0,17
21,8,2026,1,3,8,4,4,17
21,18,2026,1,3,15,6,7,16
21,27,2026,1,3,14,3,12,7
21,37,2026,1,3,15,5,2,10
21,46,2026,1,3,8,2,2,10
21,54,2026,1,3,20,4,5,9
22,0,2026,1,3,20,2,0,11
22,8,2026,1,3,8,6,3,14
22,18,2026,1,3,15,6,5,15
22,27,2026,1,3,14,3,6,12
22,37,2026,1,3,15,4,0,16
22,46,2026,1,3,8,2,7,11
22,54,2026,1,3,20,6,8,9
23,0,2026,1,3,20,6,0,15
23,8,2026,1,3,8,6,3,18
23,18,2026,1,3,15,4,6,16
23,27,2026,1,3,14,2,10,8
23,37,2026,1,3,15,4,1,11
23,46,2026,1,3,8,6,3,14
23,54,2026,1,3,20,0,14,0
6,0,2026,1,4,20,4,0,4
6,8,2026,1,4,8,11,1,14
6,18,2026,1,4,15,7,5,16
6,27,2026,1,4,14,19,6,29
6,37,2026,1,4,15,20,5,44
6,46,2026,1,4,8,12,18,38
6,54,2026,1,4,20,6,20,24
7,0,2026,1,4,20,4,0,28
7,8,2026,1,4,8,6,5,29
7,18,2026,1,4,15,17,12,34
7,27,2026,1,4,14,8,20,22
7,37,2026,1,4,15,8,4,26
7,46,2026,1,4,8,17,11,32
7,54,2026,1,4,20,5,17,20
8,0,2026,1,4,20,2,0,22
8,8,2026,1,4,8,13,1,34
8,18,2026,1,4,15,9,11,32
8,27,2026,1,4,14,13,18,27
8,37,2026,1,4,15,20,1,46
8,46,2026,1,4,8,17,14,49
8,54,2026,1,4,20,3,20,32
9,0,2026,1,4,20,6,0,38
9,8,2026,1,4,8,5,6,37
9,18,2026,1,4,15,3,16,24
9,27,2026,1,4,14,6,20,10
9,37,2026,1,4,15,5,3,12
9,46,2026,1,4,8,5,2,15
9,54,2026,1,4,20,4,11,8
10,0,2026,1,4,20,4,0,12
10,8,2026,1,4,8,3,2,13
10,18,2026,1,4,15,2,7,8
10,27,2026,1,4,14,6,6,8
10,37,2026,1,4,15,5,4,9
10,46,2026,1,4,8,4,4,9
10,54,2026,1,4,20,2,3,8
11,0,2026,1,4,20,2,0,10
11,8,2026,1,4,8,4,1,13
11,18,2026,1,4,15,2,4,11
11,27,2026,1,4,14,2,9,4
11,37,2026,1,4,15,5,1,8
11,46,2026,1,4,8,6,3,11
11,54,2026,1,4,20,4,9,6
12,0,2026,1,4,20,2,0,8
12,8,2026,1,4,8,4,2,10
12,18,2026,1,4,15,6,5,11
12,27,2026,1,4,14,6,3,14
12,37,2026,1,4,15,4,1,17
12,46,2026,1,4,8,3,7,13
12,54,2026,1,4,20,2,10,5
13,0,2026,1,4,20,2,0,7
13,8,2026,1,4,8,4,2,9
13,18,2026,1,4,15,2,3,8
13,27,2026,1,4,14,3,6,5
13,37,2026,1,4,15,3,2,6
13,46,2026,1,4,8,6,3,9
13,54,2026,1,4,20,5,5,9
14,0,2026,1,4,20,4,0,13
14,8,2026,1,4,8,6,5,14
14,18,2026,1,4,15,5,4,15
14,27,2026,1,4,14,3,9,9
14,37,2026,1,4,15,2,1,10
14,46,2026,1,4,8,2,6,6
14,54,2026,1,4,20,6,5,7
15,0,2026,1,4,20,2,0,9
15,8,2026,1,4,8,4,3,10
15,18,2026,1,4,15,4,4,10
15,27,2026,1,4,14,5,6,9
15,37,2026,1,4,15,6,3,12
15,46,2026,1,4,8,2,4,10
15,54,2026,1,4,20,4,6,8
16,0,2026,1,4,20,2,0,10
16,8,2026,1,4,8,2,4,8
16,18,2026,1,4,15,5,1,12
16,27,2026,1,4,14,4,8,8
16,37,2026,1,4,15,5,1,12
16,46,2026,1,4,8,4,1,15
16,54,2026,1,4,20,3,12,6
17,0,2026,1,4,20,3,0,9
17,8,2026,1,4,8,4,1,12
17,18,2026,1,4,15,3,8,7
17,27,2026,1,4,14,5,5,7
17,37,2026,1,4,15,6,2,11
17,46,2026,1,4,8,5,5,11
17,54,2026,1,4,20,5,7,9
18,0,2026,1,4,20,4,0,13
18,8,2026,1,4,8,4,4,13
18,18,2026,1,4,15,3,8,8
18,27,2026,1,4,14,6,5,9
18,37,2026,1,4,15,5,4,10
18,46,2026,1,4,8,3,2,11
18,54,2026,1,4,20,5,8,8
19,0,2026,1,4,20,5,0,13
19,8,2026,1,4,8,3,5,11
19,18,2026,1,4,15,4,4,11
19,27,2026,1,4,14,2,8,5
19,37,2026,1,4,15,4,1,8
19,46,2026,1,4,8,6,4,10
19,54,2026,1,4,20,5,3,12
20,0,2026,1,4,20,5,0,17
20,8,2026,1,4,8,4,3,18
20,18,2026,1,4,15,4,7,15
20,27,2026,1,4,14,2,11,6
20,37,2026,1,4,15,4,0,10
20,46,2026,1,4,8,6,1,15
20,54,2026,1,4,20,2,12,5
21,0,2026,1,4,20,6,0,11
21,8,2026,1,4,8,2,2,11
21,18,2026,1,4,15,5,5,11
21,27,2026,1,4,14,6,7,10
21,37,2026,1,4,15,4,1,13
21,46,2026,1,4,8,3,5,11
21,54,2026,1,4,20,6,9,8
22,0,2026,1,4,20,5,0,13
22,8,2026,1,4,8,3,4,12
22,18,2026,1,4,15,5,7,10
22,27,2026,1,4,14,5,7,8
22,37,2026,1,4,15,4,1,11
22,46,2026,1,4,8,3,1,13
22,54,2026,1,4,20,4,8,9
23,0,2026,1,4,20,6,0,15
23,8,2026,1,4,8,3,4,14
23,18,2026,1,4,15,4,5,13
23,27,2026,1,4,14,5,9,9
23,37,2026,1,4,15,4,2,11
23,46,2026,1,4,8,4,6,9
23,54,2026,1,4,20,0,9,0
6,0,2026,1,5,20,2,0,2
6,8,2026,1,5,8,10,1,11
6,18,2026,1,5,15,11,6,16
6,27,2026,1,5,14,5,7,14
6,37,2026,1,5,15,8,4,18
6,46,2026,1,5,8,15,9,24
6,54,2026,1,5,20,2,11,15
7,0,2026,1,5,20,6,0,21
7,8,2026,1,5,8,9,3,27
7,18,2026,1,5,15,22,9,40
7,27,2026,1,5,14,13,20,33
7,37,2026,1,5,15,15,4,44
7,46,2026,1,5,8,17,20,41
7,54,2026,1,5,20,6,20,27
8,0,2026,1,5,20,5,0,32
8,8,2026,1,5,8,9,4,37
8,18,2026,1,5,15,16,13,40
8,27,2026,1,5,14,9,20,29
8,37,2026,1,5,15,8,3,34
8,46,2026,1,5,8,10,15,29
8,54,2026,1,5,20,4,17,16
9,0,2026,1,5,20,4,0,20
9,8,2026,1,5,8,4,1,23
9,18,2026,1,5,15,2,12,13
9,27,2026,1,5,14,6,11,8
9,37,2026,1,5,15,2,1,9
9,46,2026,1,5,8,2,3,8
9,54,2026,1,5,20,5,6,7
10,0,2026,1,5,20,6,0,13
10,8,2026,1,5,8,5,6,12
10,18,2026,1,5,15,4,3,13
10,27,2026,1,5,14,4,7,10
10,37,2026,1,5,15,2,1,11
10,46,2026,1,5,8,6,5,12
10,54,2026,1,5,20,4,8,8
11,0,2026,1,5,20,2,0,10
11,8,2026,1,5,8,4,2,12
11,18,2026,1,5,15,5,7,10
11,27,2026,1,5,14,2,8,4
11,37,2026,1,5,15,5,0,9
11,46,2026,1,5,8,3,1,11
11,54,2026,1,5,20,3,7,7
12,0,2026,1,5,20,6,0,13
12,8,2026,1,5,8,4,5,12
12,18,2026,1,5,15,5,7,10
12,27,2026,1,5,14,6,5,11
12,37,2026,1,5,15,2,2,11
12,46,2026,1,5,8,5,4,12
12,54,2026,1,5,20,2,6,8
13,0,2026,1,5,20,6,0,14
13,8,2026,1,5,8,3,1,16
13,18,2026,1,5,15,2,5,13
13,27,2026,1,5,14,5,10,8
13,37,2026,1,5,15,5,2,11
13,46,2026,1,5,8,4,3,12
13,54,2026,1,5,20,3,8,7
14,0,2026,1,5,20,6,0,13
14,8,2026,1,5,8,4,4,13
14,18,2026,1,5,15,5,3,15
14,27,2026,1,5,14,4,8,11
14,37,2026,1,5,15,6,0,17
14,46,2026,1,5,8,3,7,13
14,54,2026,1,5,20,6,9,10
15,0,2026,1,5,20,5,0,15
15,8,2026,1,5,8,2,5,12
15,18,2026,1,5,15,2,5,9
15,27,2026,1,5,14,5,8,6
15,37,2026,1,5,15,2,1,7
15,46,2026,1,5,8,4,3,8
15,54,2026,1,5,20,4,2,10
16,0,2026,1,5,20,5,0,15
16,8,2026,1,5,8,6,2,19
16,18,2026,1,5,15,5,9,15
16,27,2026,1,5,14,2,9,8
16,37,2026,1,5,15,6,0,14
16,46,2026,1,5,8,4,3,15
16,54,2026,1,5,20,3,10,8
17,0,2026,1,5,20,6,0,14
17,8,2026,1,5,8,3,5,12
17,18,2026,1,5,15,5,4,13
17,27,2026,1,5,14,6,10,9
17,37,2026,1,5,15,5,2,12
17,46,2026,1,5,8,2,4,10
17,54,2026,1,5,20,6,6,10
18,0,2026,1,5,20,2,0,12
18,8,2026,1,5,8,5,2,15
18,18,2026,1,5,15,6,3,18
18,27,2026,1,5,14,5,10,13
18,37,2026,1,5,15,2,4,11
18,46,2026,1,5,8,4,4,11
18,54,2026,1,5,20,3,9,5
19,0,2026,1,5,20,2,0,7
19,8,2026,1,5,8,4,0,11
19,18,2026,1,5,15,6,3,14
19,27,2026,1,5,14,2,9,7
19,37,2026,1,5,15,2,1,8
19,46,2026,1,5,8,5,2,11
19,54,2026,1,5,20,5,7,9
20,0,2026,1,5,20,6,0,15
20,8,2026,1,5,8,5,2,18
20,18,2026,1,5,15,6,9,15
20,27,2026,1,5,14,5,11,9
20,37,2026,1,5,15,2,1,10
20,46,2026,1,5,8,5,3,12
20,54,2026,1,5,20,4,6,10
21,0,2026,1,5,20,4,0,14
21,8,2026,1,5,8,6,2,18
21,18,2026,1,5,15,2,9,11
21,27,2026,1,5,14,2,6,7
21,37,2026,1,5,15,2,2,7
21,46,2026,1,5,8,3,2,8
21,54,2026,1,5,20,5,7,6
22,0,2026,1,5,20,4,0,10
22,8,2026,1,5,8,3,2,11
22,18,2026,1,5,15,6,5,12
22,27,2026,1,5,14,4,6,10
22,37,2026,1,5,15,5,2,13
22,46,2026,1,5,8,3,9,7
22,54,2026,1,5,20,2,4,5
23,0,2026,1,5,20,5,0,10
23,8,2026,1,5,8,3,2,11
23,18,2026,1,5,15,6,6,11
23,27,2026,1,5,14,2,4,9
23,37,2026,1,5,15,6,0,15
23,46,2026,1,5,8,5,10,10
23,54,2026,1,5,20,0,10,0
6,0,2026,1,6,20,6,0,6
6,8,2026,1,6,8,19,0,25
6,18,2026,1,6,15,13,6,32
6,27,2026,1,6,14,7,13,26
6,37,2026,1,6,15,11,2,35
6,46,2026,1,6,8,14,11,38
6,54,2026,1,6,20,3,20,21
7,0,2026,1,6,20,3,0,24
7,8,2026,1,6,8,19,1,42
7,18,2026,1,6,15,6,19,29
7,27,2026,1,6,14,11,20,20
7,37,2026,1,6,15,7,5,22
7,46,2026,1,6,8,20,12,30
7,54,2026,1,6,20,6,16,20
8,0,2026,1,6,20,6,0,26
8,8,2026,1,6,8,18,2,42
8,18,2026,1,6,15,11,19,34
8,27,2026,1,6,14,7,20,21
8,37,2026,1,6,15,21,4,38
8,46,2026,1,6,8,22,19,41
8,54,2026,1,6,20,5,20,26
9,0,2026,1,6,20,6,0,32
9,8,2026,1,6,8,4,4,32
9,18,2026,1,6,15,6,15,23
9,27,2026,1,6,14,3,17,9
9,37,2026,1,6,15,2,1,10
9,46,2026,1,6,8,4,3,11
9,54,2026,1,6,20,3,10,4
10,0,2026,1,6,20,5,0,9
10,8,2026,1,6,8,4,4,9
10,18,2026,1,6,15,5,5,9
10,27,2026,1,6,14,6,3,12
10,37,2026,1,6,15,3,2,13
10,46,2026,1,6,8,6,5,14
10,54,2026,1,6,20,6,10,10
11,0,2026,1,6,20,2,0,12
11,8,2026,1,6,8,2,5,9
11,18,2026,1,6,15,2,6,5
11,27,2026,1,6,14,4,2,7
11,37,2026,1,6,15,2,3,6
11,46,2026,1,6,8,4,2,8
11,54,2026,1,6,20,3,3,8
12,0,2026,1,6,20,5,0,13
12,8,2026,1,6,8,2,3,12
12,18,2026,1,6,15,5,6,11
12,27,2026,1,6,14,6,6,11
12,37,2026,1,6,15,2,0,13
12,46,2026,1,6,8,4,6,11
12,54,2026,1,6,20,4,9,6
13,0,2026,1,6,20,3,0,9
13,8,2026,1,6,8,2,4,7
13,18,2026,1,6,15,6,3,10
13,27,2026,1,6,14,3,5,8
13,37,2026,1,6,15,3,1,10
13,46,2026,1,6,8,4,2,12
13,54,2026,1,6,20,2,9,5
14,0,2026,1,6,20,3,0,8
14,8,2026,1,6,8,4,0,12
14,18,2026,1,6,15,5,6,11
14,27,2026,1,6,14,5,7,9
14,37,2026,1,6,15,4,1,12
14,46,2026,1,6,8,4,7,9
14,54,2026,1,6,20,3,5,7
15,0,2026,1,6,20,3,0,10
15,8,2026,1,6,8,2,2,10
15,18,2026,1,6,15,4,4,10
15,27,2026,1,6,14,6,7,9
15,37,2026,1,6,15,5,4,10
15,46,2026,1,6,8,2,3,9
15,54,2026,1,6,20,3,7,5
16,0,2026,1,6,20,5,0,10
16,8,2026,1,6,8,5,4,11
16,18,2026,1,6,15,6,2,15
16,27,2026,1,6,14,3,8,10
16,37,2026,1,6,15,6,2,14
16,46,2026,1,6,8,2,4,12
16,54,2026,1,6,20,6,8,10
17,0,2026,1,6,20,2,0,12
17,8,2026,1,6,8,3,1,14
17,18,2026,1,6,15,4,7,11
17,27,2026,1,6,14,4,9,6
17,37,2026,1,6,15,3,2,7
17,46,2026,1,6,8,2,0,9
17,54,2026,1,6,20,3,8,4
18,0,2026,1,6,20,4,0,8
18,8,2026,1,6,8,3,2,9
18,18,2026,1,6,15,3,6,6
18,27,2026,1,6,14,5,3,8
18,37,2026,1,6,15,6,2,12
18,46,2026,1,6,8,5,4,13
18,54,2026,1,6,20,6,8,11
19,0,2026,1,6,20,4,0,15
19,8,2026,1,6,8,5,4,16
19,18,2026,1,6,15,5,9,12
19,27,2026,1,6,14,3,7,8
19,37,2026,1,6,15,5,1,12
19,46,2026,1,6,8,5,3,14
19,54,2026,1,6,20,4,8,10
20,0,2026,1,6,20,3,0,13
20,8,2026,1,6,8,3,5,11
20,18,2026,1,6,15,5,5,11
20,27,2026,1,6,14,2,7,6
20,37,2026,1,6,15,3,1,8
20,46,2026,1,6,8,5,4,9
20,54,2026,1,6,20,5,6,8
21,0,2026,1,6,20,5,0,13
21,8,2026,1,6,8,6,1,18
21,18,2026,1,6,15,2,7,13
21,27,2026,1,6,14,5,11,7
21,37,2026,1,6,15,5,2,10
21,46,2026,1,6,8,4,4,10
21,54,2026,1,6,20,4,5,9
22,0,2026,1,6,20,5,0,14
22,8,2026,1,6,8,6,4,16
22,18,2026,1,6,15,6,8,14
22,27,2026,1,6,14,6,6,14
22,37,2026,1,6,15,5,2,17
22,46,2026,1,6,8,6,4,19
22,54,2026,1,6,20,6,14,11
23,0,2026,1,6,20,3,0,14
23,8,2026,1,6,8,2,1,15
23,18,2026,1,6,15,5,8,12
23,27,2026,1,6,14,2,9,5
23,37,2026,1,6,15,4,0,9
23,46,2026,1,6,8,5,2,12
23,54,2026,1,6,20,0,12,0
6,0,2026,1,7,20,6,0,6
6,8,2026,1,7,8,14,1,19
6,18,2026,1,7,15,5,5,19
6,27,2026,1,7,14,8,11,16
6,37,2026,1,7,15,9,2,23
6,46,2026,1,7,8,15,10,28
6,54,2026,1,7,20,3,17,14
7,0,2026,1,7,20,5,0,19
7,8,2026,1,7,8,22,4,37
7,18,2026,1,7,15,8,12,33
7,27,2026,1,7,14,20,20,33
7,37,2026,1,7,15,10,9,34
7,46,2026,1,7,8,7,8,33
7,54,2026,1,7,20,2,20,15
8,0,2026,1,7,20,3,0,18
8,8,2026,1,7,8,5,0,23
8,18,2026,1,7,15,14,6,31
8,27,2026,1,7,14,9,20,20
8,37,2026,1,7,15,21,1,40
8,46,2026,1,7,8,18,14,44
8,54,2026,1,7,20,2,20,26
9,0,2026,1,7,20,6,0,32
9,8,2026,1,7,8,5,5,32
9,18,2026,1,7,15,6,9,29
9,27,2026,1,7,14,5,20,14
9,37,2026,1,7,15,5,2,17
9,46,2026,1,7,8,5,7,15
9,54,2026,1,7,20,2,11,6
10,0,2026,1,7,20,6,0,12
10,8,2026,1,7,8,4,0,16
10,18,2026,1,7,15,4,9,11
10,27,2026,1,7,14,2,8,5
10,37,2026,1,7,15,6,0,11
10,46,2026,1,7,8,2,2,11
10,54,2026,1,7,20,6,7,10
11,0,2026,1,7,20,4,0,14
11,8,2026,1,7,8,6,5,15
11,18,2026,1,7,15,3,8,10
11,27,2026,1,7,14,3,8,5
11,37,2026,1,7,15,6,1,10
11,46,2026,1,7,8,5,3,12
11,54,2026,1,7,20,4,5,11
12,0,2026,1,7,20,2,0,13
12,8,2026,1,7,8,5,3,15
12,18,2026,1,7,15,6,5,16
12,27,2026,1,7,14,5,10,11
12,37,2026,1,7,15,2,4,9
12,46,2026,1,7,8,5,2,12
12,54,2026,1,7,20,3,7,8
13,0,2026,1,7,20,2,0,10
13,8,2026,1,7,8,4,2,12
13,18,2026,1,7,15,5,5,12
13,27,2026,1,7,14,6,8,10
13,37,2026,1,7,15,2,0,12
13,46,2026,1,7,8,3,5,10
13,54,2026,1,7,20,6,8,8
14,0,2026,1,7,20,3,0,11
14,8,2026,1,7,8,3,6,8
14,18,2026,1,7,15,6,3,11
14,27,2026,1,7,14,3,4,10
14,37,2026,1,7,15,5,1,14
14,46,2026,1,7,8,6,8,12
14,54,2026,1,7,20,3,6,9
15,0,2026,1,7,20,4,0,13
15,8,2026,1,7,8,6,3,16
15,18,2026,1,7,15,2,4,14
15,27,2026,1,7,14,5,10,9
15,37,2026,1,7,15,6,4,11
15,46,2026,1,7,8,4,2,13
15,54,2026,1,7,20,3,7,9
16,0,2026,1,7,20,3,0,12
16,8,2026,1,7,8,2,1,13
16,18,2026,1,7,15,5,7,11
16,27,2026,1,7,14,3,8,6
16,37,2026,1,7,15,6,0,12
16,46,2026,1,7,8,3,4,11
16,54,2026,1,7,20,6,8,9
17,0,2026,1,7,20,5,0,14
17,8,2026,1,7,8,4,2,16
17,18,2026,1,7,15,4,5,15
17,27,2026,1,7,14,5,11,9
17,37,2026,1,7,15,4,1,12
17,46,2026,1,7,8,5,1,16
17,54,2026,1,7,20,5,10,11
18,0,2026,1,7,20,3,0,14
18,8,2026,1,7,8,4,3,15
18,18,2026,1,7,15,3,7,11
18,27,2026,1,7,14,6,8,9
18,37,2026,1,7,15,5,3,11
18,46,2026,1,7,8,3,2,12
18,54,2026,1,7,20,5,8,9
19,0,2026,1,7,20,6,0,15
19,8,2026,1,7,8,5,4,16
19,18,2026,1,7,15,5,2,19
19,27,2026,1,7,14,4,14,9
19,37,2026,1,7,15,2,1,10
19,46,2026,1,7,8,5,7,8
19,54,2026,1,7,20,3,5,6
20,0,2026,1,7,20,5,0,11
20,8,2026,1,7,8,4,1,14
20,18,2026,1,7,15,2,4,12
20,27,2026,1,7,14,4,9,7
20,37,2026,1,7,15,4,0,11
20,46,2026,1,7,8,3,5,9
20,54,2026,1,7,20,2,6,5
21,0,2026,1,7,20,2,0,7
21,8,2026,1,7,8,3,2,8
21,18,2026,1,7,15,4,2,10
21,27,2026,1,7,14,5,4,11
21,37,2026,1,7,15,3,2,12
21,46,2026,1,7,8,3,5,10
21,54,2026,1,7,20,4,6,8
22,0,2026,1,7,20,2,0,10
22,8,2026,1,7,8,5,3,12
22,18,2026,1,7,15,3,4,11
22,27,2026,1,7,14,2,9,4
22,37,2026,1,7,15,5,0,9
22,46,2026,1,7,8,2,5,6
22,54,2026,1,7,20,2,4,4
23,0,2026,1,7,20,3,0,7
23,8,2026,1,7,8,4,4,7
23,18,2026,1,7,15,4,1,10
23,27,2026,1,7,14,5,4,11
23,37,2026,1,7,15,6,3,14
23,46,2026,1,7,8,5,6,13
23,54,2026,1,7,20,0,13,0
6,0,2026,1,8,20,3,0,3
6,8,2026,1,8,8,17,1,19
6,18,2026,1,8,15,13,9,23
6,27,2026,1,8,14,18,8,33
6,37,2026,1,8,15,16,4,45
6,46,2026,1,8,8,22,20,47
6,54,2026,1,8,20,5,20,32
7,0,2026,1,8,20,3,0,35
7,8,2026,1,8,8,7,4,38
7,18,2026,1,8,15,16,20,34
7,27,2026,1,8,14,10,17,27
7,37,2026,1,8,15,17,4,40
7,46,2026,1,8,8,19,17,42
7,54,2026,1,8,20,3,20,25
8,0,2026,1,8,20,5,0,30
8,8,2026,1,8,8,22,4,48
8,18,2026,1,8,15,13,20,41
8,27,2026,1,8,14,22,20,43
8,37,2026,1,8,15,17,10,50
8,46,2026,1,8,8,8,20,38
8,54,2026,1,8,20,3,20,21
9,0,2026,1,8,20,5,0,26
9,8,2026,1,8,8,2,3,25
9,18,2026,1,8,15,2,7,20
9,27,2026,1,8,14,2,19,3
9,37,2026,1,8,15,5,0,8
9,46,2026,1,8,8,4,1,11
9,54,2026,1,8,20,6,8,9
10,0,2026,1,8,20,6,0,15
10,8,2026,1,8,8,4,3,16
10,18,2026,1,8,15,6,9,13
10,27,2026,1,8,14,3,9,7
10,37,2026,1,8,15,5,0,12
10,46,2026,1,8,8,3,5,10
10,54,2026,1,8,20,6,6,10
11,0,2026,1,8,20,5,0,15
11,8,2026,1,8,8,2,1,16
11,18,2026,1,8,15,3,8,11
11,27,2026,1,8,14,3,8,6
11,37,2026,1,8,15,4,0,10
11,46,2026,1,8,8,5,5,10
11,54,2026,1,8,20,2,8,4
12,0,2026,1,8,20,6,0,10
12,8,2026,1,8,8,3,2,11
12,18,2026,1,8,15,3,4,10
12,27,2026,1,8,14,5,6,9
12,37,2026,1,8,15,2,3,8
12,46,2026,1,8,8,6,3,11
12,54,2026,1,8,20,3,7,7
13,0,2026,1,8,20,2,0,9
13,8,2026,1,8,8,5,2,12
13,18,2026,1,8,15,6,3,15
13,27,2026,1,8,14,4,9,10
13,37,2026,1,8,15,3,1,12
13,46,2026,1,8,8,3,2,13
13,54,2026,1,8,20,5,10,8
14,0,2026,1,8,20,2,0,10
14,8,2026,1,8,8,6,3,13
14,18,2026,1,8,15,4,6,11
14,27,2026,1,8,14,6,5,12
14,37,2026,1,8,15,2,4,10
14,46,2026,1,8,8,4,5,9
14,54,2026,1,8,20,3,3,9
15,0,2026,1,8,20,4,0,13
15,8,2026,1,8,8,5,1,17
15,18,2026,1,8,15,5,8,14
15,27,2026,1,8,14,4,12,6
15,37,2026,1,8,15,3,2,7
15,46,2026,1,8,8,5,2,10
15,54,2026,1,8,20,5,4,11
16,0,2026,1,8,20,3,0,14
16,8,2026,1,8,8,4,3,15
16,18,2026,1,8,15,4,6,13
16,27,2026,1,8,14,2,9,6
16,37,2026,1,8,15,2,0,8
16,46,2026,1,8,8,4,5,7
16,54,2026,1,8,20,4,5,6
17,0,2026,1,8,20,3,0,9
17,8,2026,1,8,8,5,3,11
17,18,2026,1,8,15,5,7,9
17,27,2026,1,8,14,2,6,5
17,37,2026,1,8,15,2,1,6
17,46,2026,1,8,8,3,5,4
17,54,2026,1,8,20,6,3,7
18,0,2026,1,8,20,6,0,13
18,8,2026,1,8,8,3,5,11
18,18,2026,1,8,15,4,4,11
18,27,2026,1,8,14,3,7,7
18,37,2026,1,8,15,3,2,8
18,46,2026,1,8,8,3,3,8
18,54,2026,1,8,20,6,4,10
19,0,2026,1,8,20,6,0,16
19,8,2026,1,8,8,4,1,19
19,18,2026,1,8,15,6,10,15
19,27,2026,1,8,14,2,11,6
19,37,2026,1,8,15,6,0,12
19,46,2026,1,8,8,3,5,10
19,54,2026,1,8,20,2,5,7
20,0,2026,1,8,20,3,0,10
20,8,2026,1,8,8,3,2,11
20,18,2026,1,8,15,6,6,11
20,27,2026,1,8,14,4,5,10
20,37,2026,1,8,15,5,1,14
20,46,2026,1,8,8,6,5,15
20,54,2026,1,8,20,2,8,9
21,0,2026,1,8,20,2,0,11
21,8,2026,1,8,8,6,1,16
21,18,2026,1,8,15,3,3,16
21,27,2026,1,8,14,6,12,10
21,37,2026,1,8,15,4,2,12
21,46,2026,1,8,8,6,6,12
21,54,2026,1,8,20,2,7,7
22,0,2026,1,8,20,4,0,11
22,8,2026,1,8,8,6,2,15
22,18,2026,1,8,15,6,5,16
22,27,2026,1,8,14,2,13,5
22,37,2026,1,8,15,4,2,7
22,46,2026,1,8,8,5,3,9
22,54,2026,1,8,20,6,7,8
23,0,2026,1,8,20,5,0,13
23,8,2026,1,8,8,4,3,14
23,18,2026,1,8,15,4,10,8
23,27,2026,1,8,14,4,3,9
23,37,2026,1,8,15,3,1,11
23,46,2026,1,8,8,4,4,11
23,54,2026,1,8,20,0,11,0
6,0,2026,1,9,20,2,0,2
6,8,2026,1,9,8,9,0,11
6,18,2026,1,9,15,7,3,15
6,27,2026,1,9,14,14,6,23
6,37,2026,1,9,15,13,6,30
6,46,2026,1,9,8,17,10,37
6,54,2026,1,9,20,6,20,23
7,0,2026,1,9,20,5,0,28
7,8,2026,1,9,8,14,6,36
7,18,2026,1,9,15,5,15,26
7,27,2026,1,9,14,18,19,25
7,37,2026,1,9,15,5,4,26
7,46,2026,1,9,8,17,7,36
7,54,2026,1,9,20,5,20,21
8,0,2026,1,9,20,6,0,27
8,8,2026,1,9,8,18,6,39
8,18,2026,1,9,15,8,16,31
8,27,2026,1,9,14,7,17,21
8,37,2026,1,9,15,17,2,36
8,46,2026,1,9,8,11,11,36
8,54,2026,1,9,20,3,20,19
9,0,2026,1,9,20,5,0,24
9,8,2026,1,9,8,6,1,29
9,18,2026,1,9,15,3,7,25
9,27,2026,1,9,14,3,20,8
9,37,2026,1,9,15,5,0,13
9,46,2026,1,9,8,4,7,10
9,54,2026,1,9,20,4,7,7
10,0,2026,1,9,20,6,0,13
10,8,2026,1,9,8,4,4,13
10,18,2026,1,9,15,4,7,10
10,27,2026,1,9,14,2,8,4
10,37,2026,1,9,15,2,1,5
10,46,2026,1,9,8,2,1,6
10,54,2026,1,9,20,6,3,9
11,0,2026,1,9,20,2,0,11
11,8,2026,1,9,8,4,3,12
11,18,2026,1,9,15,3,4,11
11,27,2026,1,9,14,2,7,6
11,37,2026,1,9,15,6,0,12
11,46,2026,1,9,8,5,6,11
11,54,2026,1,9,20,6,8,9
12,0,2026,1,9,20,2,0,11
12,8,2026,1,9,8,2,2,11
12,18,2026,1,9,15,3,5,9
12,27,2026,1,9,14,5,5,9
12,37,2026,1,9,15,4,0,13
12,46,2026,1,9,8,4,4,13
12,54,2026,1,9,20,4,10,7
13,0,2026,1,9,20,3,0,10
13,8,2026,1,9,8,5,3,12
13,18,2026,1,9,15,4,5,11
13,27,2026,1,9,14,2,7,6
13,37,2026,1,9,15,3,1,8
13,46,2026,1,9,8,2,3,7
13,54,2026,1,9,20,6,4,9
14,0,2026,1,9,20,3,0,12
14,8,2026,1,9,8,3,5,10
14,18,2026,1,9,15,4,6,8
14,27,2026,1,9,14,5,3,10
14,37,2026,1,9,15,2,1,11
14,46,2026,1,9,8,6,5,12
14,54,2026,1,9,20,6,7,11
15,0,2026,1,9,20,3,0,14
15,8,2026,1,9,8,2,4,12
15,18,2026,1,9,15,5,6,11
15,27,2026,1,9,14,2,8,5
15,37,2026,1,9,15,6,1,10
15,46,2026,1,9,8,5,5,10
15,54,2026,1,9,20,4,3,11
16,0,2026,1,9,20,5,0,16
16,8,2026,1,9,8,3,3,16
16,18,2026,1,9,15,3,5,14
16,27,2026,1,9,14,6,12,8
16,37,2026,1,9,15,3,0,11
16,46,2026,1,9,8,6,3,14
16,54,2026,1,9,20,3,11,6
17,0,2026,1,9,20,3,0,9
17,8,2026,1,9,8,5,4,10
17,18,2026,1,9,15,3,5,8
17,27,2026,1,9,14,2,6,4
17,37,2026,1,9,15,5,1,8
17,46,2026,1,9,8,6,5,9
17,54,2026,1,9,20,6,5,10
18,0,2026,1,9,20,5,0,15
18,8,2026,1,9,8,6,6,15
18,18,2026,1,9,15,6,9,12
18,27,2026,1,9,14,6,8,10
18,37,2026,1,9,15,6,1,15
18,46,2026,1,9,8,5,11,9
18,54,2026,1,9,20,5,5,9
19,0,2026,1,9,20,3,0,12
19,8,2026,1,9,8,5,4,13
19,18,2026,1,9,15,3,4,12
19,27,2026,1,9,14,6,9,9
19,37,2026,1,9,15,5,4,10
19,46,2026,1,9,8,4,7,7
19,54,2026,1,9,20,2,4,5
20,0,2026,1,9,20,6,0,11
20,8,2026,1,9,8,2,0,13
20,18,2026,1,9,15,2,5,10
20,27,2026,1,9,14,2,9,3
20,37,2026,1,9,15,3,1,5
20,46,2026,1,9,8,6,1,10
20,54,2026,1,9,20,2,4,8
21,0,2026,1,9,20,6,0,14
21,8,2026,1,9,8,4,3,15
21,18,2026,1,9,15,4,3,16
21,27,2026,1,9,14,5,10,11
21,37,2026,1,9,15,5,1,15
21,46,2026,1,9,8,5,4,16
21,54,2026,1,9,20,6,9,13
22,0,2026,1,9,20,6,0,19
22,8,2026,1,9,8,2,1,20
22,18,2026,1,9,15,6,9,17
22,27,2026,1,9,14,2,13,6
22,37,2026,1,9,15,4,1,9
22,46,2026,1,9,8,4,2,11
22,54,2026,1,9,20,5,6,10
23,0,2026,1,9,20,3,0,13
23,8,2026,1,9,8,3,3,13
23,18,2026,1,9,15,6,6,13
23,27,2026,1,9,14,6,11,8
23,37,2026,1,9,15,5,1,12
23,46,2026,1,9,8,2,7,7
23,54,2026,1,9,20,0,7,0
6,0,2026,1,10,20,6,0,6
6,8,2026,1,10,8,18,2,22
6,18,2026,1,10,15,15,7,30
6,27,2026,1,10,14,13,15,28
6,37,2026,1,10,15,6,5,29
6,46,2026,1,10,8,9,10,28
6,54,2026,1,10,20,6,18,16
7,0,2026,1,10,20,6,0,22
7,8,2026,1,10,8,21,4,39
7,18,2026,1,10,15,21,17,43
7,27,2026,1,10,14,13,20,36
7,37,2026,1,10,15,17,7,46
7,46,2026,1,10,8,8,19,35
7,54,2026,1,10,20,6,20,21
8,0,2026,1,10,20,3,0,24
8,8,2026,1,10,8,13,2,35
8,18,2026,1,10,15,6,17,24
8,27,2026,1,10,14,15,20,19
8,37,2026,1,10,15,22,8,33
8,46,2026,1,10,8,6,18,21
8,54,2026,1,10,20,5,12,14
9,0,2026,1,10,20,6,0,20
9,8,2026,1,10,8,6,3,23
9,18,2026,1,10,15,3,7,19
9,27,2026,1,10,14,6,14,11
9,37,2026,1,10,15,2,2,11
9,46,2026,1,10,8,5,5,11
9,54,2026,1,10,20,4,7,8
10,0,2026,1,10,20,5,0,13
10,8,2026,1,10,8,6,3,16
10,18,2026,1,10,15,4,5,15
10,27,2026,1,10,14,2,11,6
10,37,2026,1,10,15,3,1,8
10,46,2026,1,10,8,3,2,9
10,54,2026,1,10,20,3,6,6
11,0,2026,1,10,20,3,0,9
11,8,2026,1,10,8,3,1,11
11,18,2026,1,10,15,5,5,11
11,27,2026,1,10,14,6,6,11
11,37,2026,1,10,15,2,1,12
11,46,2026,1,10,8,2,5,9
11,54,2026,1,10,20,4,9,4
12,0,2026,1,10,20,4,0,8
12,8,2026,1,10,8,4,4,8
12,18,2026,1,10,15,6,3,11
12,27,2026,1,10,14,2,6,7
12,37,2026,1,10,15,4,0,11
12,46,2026,1,10,8,3,6,8
12,54,2026,1,10,20,2,5,5
13,0,2026,1,10,20,5,0,10
13,8,2026,1,10,8,3,0,13
13,18,2026,1,10,15,2,2,13
13,27,2026,1,10,14,5,12,6
13,37,2026,1,10,15,2,2,6
13,46,2026,1,10,8,2,4,4
13,54,2026,1,10,20,2,3,3
14,0,2026,1,10,20,3,0,6
14,8,2026,1,10,8,5,1,10
14,18,2026,1,10,15,3,2,11
14,27,2026,1,10,14,2,8,5
14,37,2026,1,10,15,3,0,8
14,46,2026,1,10,8,4,5,7
14,54,2026,1,10,20,4,4,7
15,0,2026,1,10,20,2,0,9
15,8,2026,1,10,8,4,3,10
15,18,2026,1,10,15,4,6,8
15,27,2026,1,10,14,6,4,10
15,37,2026,1,10,15,3,2,11
15,46,2026,1,10,8,5,4,12
15,54,2026,1,10,20,5,7,10
16,0,2026,1,10,20,4,0,14
16,8,2026,1,10,8,2,2,14
16,18,2026,1,10,15,5,7,12
16,27,2026,1,10,14,6,9,9
16,37,2026,1,10,15,6,4,11
16,46,2026,1,10,8,3,5,9
16,54,2026,1,10,20,2,3,8
17,0,2026,1,10,20,5,0,13
17,8,2026,1,10,8,4,2,15
17,18,2026,1,10,15,5,3,17
17,27,2026,1,10,14,6,13,10
17,37,2026,1,10,15,6,2,14
17,46,2026,1,10,8,6,4,16
17,54,2026,1,10,20,4,12,8
18,0,2026,1,10,20,4,0,12
18,8,2026,1,10,8,2,1,13
18,18,2026,1,10,15,4,6,11
18,27,2026,1,10,14,5,6,10
18,37,2026,1,10,15,4,1,13
18,46,2026,1,10,8,4,3,14
18,54,2026,1,10,20,5,10,9
19,0,2026,1,10,20,2,0,11
19,8,2026,1,10,8,5,4,12
19,18,2026,1,10,15,5,6,11
19,27,2026,1,10,14,4,5,10
19,37,2026,1,10,15,5,3,12
19,46,2026,1,10,8,3,5,10
19,54,2026,1,10,20,2,7,5
20,0,2026,1,10,20,2,0,7
20,8,2026,1,10,8,5,1,11
20,18,2026,1,10,15,6,4,13
20,27,2026,1,10,14,4,7,10
20,37,2026,1,10,15,4,2,12
20,46,2026,1,10,8,2,3,11
20,54,2026,1,10,20,3,7,7
21,0,2026,1,10,20,5,0,12
21,8,2026,1,10,8,2,2,12
21,18,2026,1,10,15,5,3,14
21,27,2026,1,10,14,5,10,9
21,37,2026,1,10,15,3,2,10
21,46,2026,1,10,8,5,4,11
21,54,2026,1,10,20,6,6,11
22,0,2026,1,10,20,4,0,15
22,8,2026,1,10,8,3,1,17
22,18,2026,1,10,15,4,9,12
22,27,2026,1,10,14,3,8,7
22,37,2026,1,10,15,6,1,12
22,46,2026,1,10,8,4,5,11
22,54,2026,1,10,20,2,7,6
23,0,2026,1,10,20,4,0,10
23,8,2026,1,10,8,5,4,11
23,18,2026,1,10,15,2,3,10
23,27,2026,1,10,14,4,6,8
23,37,2026,1,10,15,4,2,10
23,46,2026,1,10,8,4,2,12
23,54,2026,1,10,20,0,12,0
6,0,2026,1,11,20,6,0,6
6,8,2026,1,11,8,7,4,9
6,18,2026,1,11,15,9,2,16
6,27,2026,1,11,14,13,8,21
6,37,2026,1,11,15,10,2,29
6,46,2026,1,11,8,15,14,30
6,54,2026,1,11,20,4,19,15
7,0,2026,1,11,20,3,0,18
7,8,2026,1,11,8,8,3,23
7,18,2026,1,11,15,18,12,29
7,27,2026,1,11,14,19,13,35
7,37,2026,1,11,15,14,7,42
7,46,2026,1,11,8,14,16,40
7,54,2026,1,11,20,4,20,24
8,0,2026,1,11,20,2,0,26
8,8,2026,1,11,8,9,2,33
8,18,2026,1,11,15,18,11,40
8,27,2026,1,11,14,7,20,27
8,37,2026,1,11,15,5,3,29
8,46,2026,1,11,8,5,12,22
8,54,2026,1,11,20,6,16,12
9,0,2026,1,11,20,4,0,16
9,8,2026,1,11,8,2,2,16
9,18,2026,1,11,15,6,8,14
9,27,2026,1,11,14,6,9,11
9,37,2026,1,11,15,3,2,12
9,46,2026,1,11,8,4,6,10
9,54,2026,1,11,20,2,5,7
10,0,2026,1,11,20,5,0,12
10,8,2026,1,11,8,2,4,10
10,18,2026,1,11,15,4,5,9
10,27,2026,1,11,14,2,6,5
10,37,2026,1,11,15,4,1,8
10,46,2026,1,11,8,6,3,11
10,54,2026,1,11,20,5,5,11
11,0,2026,1,11,20,4,0,15
11,8,2026,1,11,8,6,2,19
11,18,2026,1,11,15,6,7,18
11,27,2026,1,11,14,5,11,12
11,37,2026,1,11,15,3,0,15
11,46,2026,1,11,8,6,3,18
11,54,2026,1,11,20,5,13,10
12,0,2026,1,11,20,5,0,15
12,8,2026,1,11,8,2,3,14
12,18,2026,1,11,15,2,6,10
12,27,2026,1,11,14,5,8,7
12,37,2026,1,11,15,6,1,12
12,46,2026,1,11,8,2,4,10
12,54,2026,1,11,20,5,9,6
13,0,2026,1,11,20,4,0,10
13,8,2026,1,11,8,2,6,6
13,18,2026,1,11,15,5,1,10
13,27,2026,1,11,14,2,7,5
13,37,2026,1,11,15,6,0,11
13,46,2026,1,11,8,4,4,11
13,54,2026,1,11,20,3,7,7
14,0,2026,1,11,20,5,0,12
14,8,2026,1,11,8,2,3,11
14,18,2026,1,11,15,4,4,11
14,27,2026,1,11,14,6,9,8
14,37,2026,1,11,15,3,2,9
14,46,2026,1,11,8,6,4,11
14,54,2026,1,11,20,6,5,12
15,0,2026,1,11,20,5,0,17
15,8,2026,1,11,8,4,2,19
15,18,2026,1,11,15,5,9,15
15,27,2026,1,11,14,5,15,5
15,37,2026,1,11,15,4,2,7
15,46,2026,1,11,8,2,3,6
15,54,2026,1,11,20,6,1,11
16,0,2026,1,11,20,4,0,15
16,8,2026,1,11,8,5,4,16
16,18,2026,1,11,15,4,6,14
16,27,2026,1,11,14,3,8,9
16,37,2026,1,11,15,2,2,9
16,46,2026,1,11,8,6,2,13
16,54,2026,1,11,20,6,8,11
17,0,2026,1,11,20,4,0,15
17,8,2026,1,11,8,6,5,16
17,18,2026,1,11,15,2,4,14
17,27,2026,1,11,14,3,11,6
17,37,2026,1,11,15,3,1,8
17,46,2026,1,11,8,6,1,13
17,54,2026,1,11,20,2,6,9
18,0,2026,1,11,20,5,0,14
18,8,2026,1,11,8,3,2,15
18,18,2026,1,11,15,2,9,8
18,27,2026,1,11,14,3,6,5
18,37,2026,1,11,15,4,0,9
18,46,2026,1,11,8,6,6,9
18,54,2026,1,11,20,3,5,7
19,0,2026,1,11,20,5,0,12
19,8,2026,1,11,8,6,3,15
19,18,2026,1,11,15,6,4,17
19,27,2026,1,11,14,4,12,9
19,37,2026,1,11,15,5,2,12
19,46,2026,1,11,8,5,5,12
19,54,2026,1,11,20,6,5,13
20,0,2026,1,11,20,6,0,19
20,8,2026,1,11,8,2,4,17
20,18,2026,1,11,15,6,5,18
20,27,2026,1,11,14,4,16,6
20,37,2026,1,11,15,6,1,11
20,46,2026,1,11,8,6,4,13
20,54,2026,1,11,20,5,5,13
21,0,2026,1,11,20,4,0,17
21,8,2026,1,11,8,6,2,21
21,18,2026,1,11,15,5,11,15
21,27,2026,1,11,14,3,12,6
21,37,2026,1,11,15,6,2,10
21,46,2026,1,11,8,3,6,7
21,54,2026,1,11,20,3,2,8
22,0,2026,1,11,20,5,0,13
22,8,2026,1,11,8,2,1,14
22,18,2026,1,11,15,6,5,15
22,27,2026,1,11,14,6,9,12
22,37,2026,1,11,15,4,4,12
22,46,2026,1,11,8,4,8,8
22,54,2026,1,11,20,2,7,3
23,0,2026,1,11,20,2,0,5
23,8,2026,1,11,8,4,2,7
23,18,2026,1,11,15,3,2,8
23,27,2026,1,11,14,5,4,9
23,37,2026,1,11,15,5,1,13
23,46,2026,1,11,8,4,4,13
23,54,2026,1,11,20,0,13,0
6,0,2026,1,12,20,6,0,6
6,8,2026,1,12,8,21,1,26
6,18,2026,1,12,15,8,6,28
6,27,2026,1,12,14,19,16,31
6,37,2026,1,12,15,7,8,30
6,46,2026,1,12,8,13,14,29
6,54,2026,1,12,20,4,17,16
7,0,2026,1,12,20,2,0,18
7,8,2026,1,12,8,19,2,35
7,18,2026,1,12,15,6,17,24
7,27,2026,1,12,14,7,15,16
7,37,2026,1,12,15,17,1,32
7,46,2026,1,12,8,11,12,31
7,54,2026,1,12,20,2,15,18
8,0,2026,1,12,20,2,0,20
8,8,2026,1,12,8,22,1,41
8,18,2026,1,12,15,14,17,38
8,27,2026,1,12,14,17,19,36
8,37,2026,1,12,15,6,6,36
8,46,2026,1,12,8,17,15,38
8,54,2026,1,12,20,2,20,20
9,0,2026,1,12,20,3,0,23
9,8,2026,1,12,8,5,2,26
9,18,2026,1,12,15,3,14,15
9,27,2026,1,12,14,2,12,5
9,37,2026,1,12,15,6,1,10
9,46,2026,1,12,8,5,3,12
9,54,2026,1,12,20,5,7,10
10,0,2026,1,12,20,2,0,12
10,8,2026,1,12,8,6,2,16
10,18,2026,1,12,15,5,6,15
10,27,2026,1,12,14,6,7,14
10,37,2026,1,12,15,3,2,15
10,46,2026,1,12,8,6,7,14
10,54,2026,1,12,20,6,10,10
11,0,2026,1,12,20,6,0,16
11,8,2026,1,12,8,3,4,15
11,18,2026,1,12,15,6,4,17
11,27,2026,1,12,14,5,11,11
11,37,2026,1,12,15,2,0,13
11,46,2026,1,12,8,6,5,14
11,54,2026,1,12,20,5,9,10
12,0,2026,1,12,20,5,0,15
12,8,2026,1,12,8,2,0,17
12,18,2026,1,12,15,6,9,14
12,27,2026,1,12,14,6,8,12
12,37,2026,1,12,15,2,3,11
12,46,2026,1,12,8,2,4,9
12,54,2026,1,12,20,3,7,5
13,0,2026,1,12,20,5,0,10
13,8,2026,1,12,8,3,2,11
13,18,2026,1,12,15,4,6,9
13,27,2026,1,12,14,6,4,11
13,37,2026,1,12,15,4,3,12
13,46,2026,1,12,8,5,4,13
13,54,2026,1,12,20,3,9,7
14,0,2026,1,12,20,5,0,12
14,8,2026,1,12,8,2,2,12
14,18,2026,1,12,15,6,5,13
14,27,2026,1,12,14,2,8,7
14,37,2026,1,12,15,5,0,12
14,46,2026,1,12,8,2,4,10
14,54,2026,1,12,20,4,9,5
15,0,2026,1,12,20,6,0,11
15,8,2026,1,12,8,4,2,13
15,18,2026,1,12,15,6,6,13
15,27,2026,1,12,14,5,10,8
15,37,2026,1,12,15,3,1,10
15,46,2026,1,12,8,4,5,9
15,54,2026,1,12,20,2,5,6
16,0,2026,1,12,20,2,0,8
16,8,2026,1,12,8,5,0,13
16,18,2026,1,12,15,3,6,10
16,27,2026,1,12,14,3,5,8
16,37,2026,1,12,15,4,1,11
16,46,2026,1,12,8,6,3,14
16,54,2026,1,12,20,2,9,7
17,0,2026,1,12,20,5,0,12
17,8,2026,1,12,8,3,3,12
17,18,2026,1,12,15,6,5,13
17,27,2026,1,12,14,4,10,7
17,37,2026,1,12,15,3,1,9
17,46,2026,1,12,8,2,4,7
17,54,2026,1,12,20,6,6,7
18,0,2026,1,12,20,6,0,13
18,8,2026,1,12,8,6,4,15
18,18,2026,1,12,15,6,5,16
18,27,2026,1,12,14,5,11,10
18,37,2026,1,12,15,4,3,11
18,46,2026,1,12,8,5,3,13
18,54,2026,1,12,20,6,6,13
19,0,2026,1,12,20,3,0,16
19,8,2026,1,12,8,5,3,18
19,18,2026,1,12,15,6,9,15
19,27,2026,1,12,14,6,9,12
19,37,2026,1,12,15,3,3,12
19,46,2026,1,12,8,4,4,12
19,54,2026,1,12,20,6,9,9
20,0,2026,1,12,20,2,0,11
20,8,2026,1,12,8,4,3,12
20,18,2026,1,12,15,5,5,12
20,27,2026,1,12,14,3,9,6
20,37,2026,1,12,15,4,1,9
20,46,2026,1,12,8,2,2,9
20,54,2026,1,12,20,3,6,6
21,0,2026,1,12,20,4,0,10
21,8,2026,1,12,8,5,1,14
21,18,2026,1,12,15,4,3,15
21,27,2026,1,12,14,3,10,8
21,37,2026,1,12,15,5,0,13
21,46,2026,1,12,8,6,6,13
21,54,2026,1,12,20,6,8,11
22,0,2026,1,12,20,5,0,16
22,8,2026,1,12,8,5,2,19
22,18,2026,1,12,15,6,8,17
22,27,2026,1,12,14,2,11,8
22,37,2026,1,12,15,5,0,13
22,46,2026,1,12,8,3,7,9
22,54,2026,1,12,20,5,7,7
23,0,2026,1,12,20,2,0,9
23,8,2026,1,12,8,3,1,11
23,18,2026,1,12,15,6,7,10
23,27,2026,1,12,14,2,6,6
23,37,2026,1,12,15,6,2,10
23,46,2026,1,12,8,4,3,11
23,54,2026,1,12,20,0,11,0
6,0,2026,1,13,20,6,0,6
6,8,2026,1,13,8,17,2,21
6,18,2026,1,13,15,9,9,21
6,27,2026,1,13,14,20,7,34
6,37,2026,1,13,15,21,6,49
6,46,2026,1,13,8,10,16,43
6,54,2026,1,13,20,3,20,26
7,0,2026,1,13,20,3,0,29
7,8,2026,1,13,8,21,5,45
7,18,2026,1,13,15,21,18,48
7,27,2026,1,13,14,7,20,35
7,37,2026,1,13,15,20,3,52
7,46,2026,1,13,8,10,20,42
7,54,2026,1,13,20,3,20,25
8,0,2026,1,13,20,2,0,27
8,8,2026,1,13,8,15,1,41
8,18,2026,1,13,15,14,16,39
8,27,2026,1,13,14,5,20,24
8,37,2026,1,13,15,7,3,28
8,46,2026,1,13,8,17,8,37
8,54,2026,1,13,20,5,20,22
9,0,2026,1,13,20,4,0,26
9,8,2026,1,13,8,3,2,27
9,18,2026,1,13,15,4,13,18
9,27,2026,1,13,14,3,14,7
9,37,2026,1,13,15,3,1,9
9,46,2026,1,13,8,2,3,8
9,54,2026,1,13,20,5,5,8
10,0,2026,1,13,20,4,0,12
10,8,2026,1,13,8,5,2,15
10,18,2026,1,13,15,3,6,12
10,27,2026,1,13,14,6,9,9
10,37,2026,1,13,15,5,3,11
10,46,2026,1,13,8,3,6,8
10,54,2026,1,13,20,2,5,5
11,0,2026,1,13,20,5,0,10
11,8,2026,1,13,8,4,1,13
11,18,2026,1,13,15,3,6,10
11,27,2026,1,13,14,2,7,5
11,37,2026,1,13,15,3,1,7
11,46,2026,1,13,8,6,4,9
11,54,2026,1,13,20,2,5,6
12,0,2026,1,13,20,3,0,9
12,8,2026,1,13,8,6,4,11
12,18,2026,1,13,15,4,2,13
12,27,2026,1,13,14,5,6,12
12,37,2026,1,13,15,5,2,15
12,46,2026,1,13,8,2,4,13
12,54,2026,1,13,20,6,10,9
13,0,2026,1,13,20,5,0,14
13,8,2026,1,13,8,6,6,14
13,18,2026,1,13,15,3,5,12
13,27,2026,1,13,14,5,9,8
13,37,2026,1,13,15,5,4,9
13,46,2026,1,13,8,3,1,11
13,54,2026,1,13,20,3,4,10
14,0,2026,1,13,20,5,0,15
14,8,2026,1,13,8,5,1,19
14,18,2026,1,13,15,3,5,17
14,27,2026,1,13,14,6,13,10
14,37,2026,1,13,15,3,1,12
14,46,2026,1,13,8,4,6,10
14,54,2026,1,13,20,2,5,7
15,0,2026,1,13,20,2,0,9
15,8,2026,1,13,8,4,2,11
15,18,2026,1,13,15,6,5,12
15,27,2026,1,13,14,3,6,9
15,37,2026,1,13,15,2,1,10
15,46,2026,1,13,8,6,3,13
15,54,2026,1,13,20,6,9,10
16,0,2026,1,13,20,4,0,14
16,8,2026,1,13,8,2,6,10
16,18,2026,1,13,15,4,3,11
16,27,2026,1,13,14,3,7,7
16,37,2026,1,13,15,3,0,10
16,46,2026,1,13,8,2,3,9
16,54,2026,1,13,20,2,5,6
17,0,2026,1,13,20,3,0,9
17,8,2026,1,13,8,4,2,11
17,18,2026,1,13,15,4,4,11
17,27,2026,1,13,14,2,8,5
17,37,2026,1,13,15,3,0,8
17,46,2026,1,13,8,5,2,11
17,54,2026,1,13,20,6,7,10
18,0,2026,1,13,20,5,0,15
18,8,2026,1,13,8,3,4,14
18,18,2026,1,13,15,3,6,11
18,27,2026,1,13,14,3,8,6
18,37,2026,1,13,15,5,2,9
18,46,2026,1,13,8,2,3,8
18,54,2026,1,13,20,5,4,9
19,0,2026,1,13,20,5,0,14
19,8,2026,1,13,8,6,3,17
19,18,2026,1,13,15,5,6,16
19,27,2026,1,13,14,2,9,9
19,37,2026,1,13,15,3,1,11
19,46,2026,1,13,8,3,4,10
19,54,2026,1,13,20,3,7,6
20,0,2026,1,13,20,5,0,11
20,8,2026,1,13,8,4,2,13
20,18,2026,1,13,15,2,7,8
20,27,2026,1,13,14,5,5,8
20,37,2026,1,13,15,3,0,11
20,46,2026,1,13,8,5,4,12
20,54,2026,1,13,20,5,8,9
21,0,2026,1,13,20,3,0,12
21,8,2026,1,13,8,2,4,10
21,18,2026,1,13,15,3,4,9
21,27,2026,1,13,14,3,7,5
21,37,2026,1,13,15,6,1,10
21,46,2026,1,13,8,6,4,12
21,54,2026,1,13,20,4,5,11
22,0,2026,1,13,20,6,0,17
22,8,2026,1,13,8,3,3,17
22,18,2026,1,13,15,5,7,15
22,27,2026,1,13,14,5,11,9
22,37,2026,1,13,15,5,2,12
22,46,2026,1,13,8,6,6,12
22,54,2026,1,13,20,2,5,9
23,0,2026,1,13,20,2,0,11
23,8,2026,1,13,8,2,2,11
23,18,2026,1,13,15,3,3,11
23,27,2026,1,13,14,3,7,7
23,37,2026,1,13,15,5,0,12
23,46,2026,1,13,8,4,1,15
23,54,2026,1,13,20,0,15,0
6,0,2026,1,14,20,5,0,5
6,8,2026,1,14,8,21,2,24
6,18,2026,1,14,15,17,4,37
6,27,2026,1,14,14,13,16,34
6,37,2026,1,14,15,8,5,37
6,46,2026,1,14,8,16,13,40
6,54,2026,1,14,20,5,20,25
7,0,2026,1,14,20,5,0,30
7,8,2026,1,14,8,14,2,42
7,18,2026,1,14,15,11,19,34
7,27,2026,1,14,14,11,20,25
7,37,2026,1,14,15,19,4,40
7,46,2026,1,14,8,9,15,34
7,54,2026,1,14,20,2,20,16
8,0,2026,1,14,20,5,0,21
8,8,2026,1,14,8,15,3,33
8,18,2026,1,14,15,6,9,30
8,27,2026,1,14,14,22,17,35
8,37,2026,1,14,15,13,11,37
8,46,2026,1,14,8,20,13,44
8,54,2026,1,14,20,3,20,27
9,0,2026,1,14,20,5,0,32
9,8,2026,1,14,8,2,3,31
9,18,2026,1,14,15,4,12,23
9,27,2026,1,14,14,4,17,10
9,37,2026,1,14,15,5,1,14
9,46,2026,1,14,8,5,5,14
9,54,2026,1,14,20,6,8,12
10,0,2026,1,14,20,5,0,17
10,8,2026,1,14,8,4,3,18
10,18,2026,1,14,15,5,10,13
10,27,2026,1,14,14,2,10,5
10,37,2026,1,14,15,5,1,9
10,46,2026,1,14,8,3,5,7
10,54,2026,1,14,20,3,3,7
11,0,2026,1,14,20,5,0,12
11,8,2026,1,14,8,5,3,14
11,18,2026,1,14,15,2,5,11
11,27,2026,1,14,14,4,8,7
11,37,2026,1,14,15,5,1,11
11,46,2026,1,14,8,2,4,9
11,54,2026,1,14,20,3,5,7
12,0,2026,1,14,20,2,0,9
12,8,2026,1,14,8,6,3,12
12,18,2026,1,14,15,2,1,13
12,27,2026,1,14,14,4,12,5
12,37,2026,1,14,15,2,1,6
12,46,2026,1,14,8,5,2,9
12,54,2026,1,14,20,2,2,9
13,0,2026,1,14,20,3,0,12
13,8,2026,1,14,8,4,0,16
13,18,2026,1,14,15,2,8,10
13,27,2026,1,14,14,5,4,11
13,37,2026,1,14,15,6,1,16
13,46,2026,1,14,8,4,5,15
13,54,2026,1,14,20,2,11,6
14,0,2026,1,14,20,5,0,11
14,8,2026,1,14,8,4,2,13
14,18,2026,1,14,15,5,2,16
14,27,2026,1,14,14,2,13,5
14,37,2026,1,14,15,3,0,8
14,46,2026,1,14,8,4,4,8
14,54,2026,1,14,20,6,4,10
15,0,2026,1,14,20,6,0,16
15,8,2026,1,14,8,2,4,14
15,18,2026,1,14,15,5,4,15
15,27,2026,1,14,14,4,10,9
15,37,2026,1,14,15,3,1,11
15,46,2026,1,14,8,2,6,7
15,54,2026,1,14,20,5,5,7
16,0,2026,1,14,20,2,0,9
16,8,2026,1,14,8,3,3,9
16,18,2026,1,14,15,2,4,7
16,27,2026,1,14,14,5,3,9
16,37,2026,1,14,15,5,0,14
16,46,2026,1,14,8,4,4,14
16,54,2026,1,14,20,5,11,8
17,0,2026,1,14,20,2,0,10
17,8,2026,1,14,8,5,3,12
17,18,2026,1,14,15,6,4,14
17,27,2026,1,14,14,4,8,10
17,37,2026,1,14,15,4,2,12
17,46,2026,1,14,8,6,5,13
17,54,2026,1,14,20,4,9,8
18,0,2026,1,14,20,2,0,10
18,8,2026,1,14,8,2,2,10
18,18,2026,1,14,15,4,3,11
18,27,2026,1,14,14,4,8,7
18,37,2026,1,14,15,2,2,7
18,46,2026,1,14,8,5,3,9
18,54,2026,1,14,20,6,5,10
19,0,2026,1,14,20,3,0,13
19,8,2026,1,14,8,3,2,14
19,18,2026,1,14,15,3,5,12
19,27,2026,1,14,14,3,9,6
19,37,2026,1,14,15,3,1,8
19,46,2026,1,14,8,3,1,10
19,54,2026,1,14,20,3,5,8
20,0,2026,1,14,20,6,0,14
20,8,2026,1,14,8,6,2,18
20,18,2026,1,14,15,3,8,13
20,27,2026,1,14,14,5,10,8
20,37,2026,1,14,15,5,2,11
20,46,2026,1,14,8,4,5,10
20,54,2026,1,14,20,2,3,9
21,0,2026,1,14,20,3,0,12
21,8,2026,1,14,8,4,2,14
21,18,2026,1,14,15,3,7,10
21,27,2026,1,14,14,2,6,6
21,37,2026,1,14,15,5,2,9
21,46,2026,1,14,8,2,2,9
21,54,2026,1,14,20,5,6,8
22,0,2026,1,14,20,6,0,14
22,8,2026,1,14,8,4,6,12
22,18,2026,1,14,15,4,6,10
22,27,2026,1,14,14,5,6,9
22,37,2026,1,14,15,2,2,9
22,46,2026,1,14,8,3,4,8
22,54,2026,1,14,20,3,4,7
23,0,2026,1,14,20,2,0,9
23,8,2026,1,14,8,4,1,12
23,18,2026,1,14,15,2,5,9
23,27,2026,1,14,14,3,6,6
23,37,2026,1,14,15,5,2,9
23,46,2026,1,14,8,3,1,11
23,54,2026,1,14,20,0,11,0
6,0,2026,1,15,20,5,0,5
6,8,2026,1,15,8,9,2,12
6,18,2026,1,15,15,13,4,21
6,27,2026,1,15,14,18,9,30
6,37,2026,1,15,15,6,12,24
6,46,2026,1,15,8,16,11,29
6,54,2026,1,15,20,6,15,20
7,0,2026,1,15,20,6,0,26
7,8,2026,1,15,8,7,7,26
7,18,2026,1,15,15,20,10,36
7,27,2026,1,15,14,15,17,34
7,37,2026,1,15,15,11,7,38
7,46,2026,1,15,8,14,20,32
7,54,2026,1,15,20,4,20,16
8,0,2026,1,15,20,2,0,18
8,8,2026,1,15,8,9,1,26
8,18,2026,1,15,15,18,9,35
8,27,2026,1,15,14,6,19,22
8,37,2026,1,15,15,11,2,31
8,46,2026,1,15,8,5,12,24
8,54,2026,1,15,20,6,18,12
9,0,2026,1,15,20,4,0,16
9,8,2026,1,15,8,6,1,21
9,18,2026,1,15,15,2,8,15
9,27,2026,1,15,14,2,9,8
9,37,2026,1,15,15,6,0,14
9,46,2026,1,15,8,6,3,17
9,54,2026,1,15,20,4,8,13
10,0,2026,1,15,20,4,0,17
10,8,2026,1,15,8,4,2,19
10,18,2026,1,15,15,5,8,16
10,27,2026,1,15,14,3,10,9
10,37,2026,1,15,15,3,0,12
10,46,2026,1,15,8,3,4,11
10,54,2026,1,15,20,5,7,9
11,0,2026,1,15,20,3,0,12
11,8,2026,1,15,8,6,4,14
11,18,2026,1,15,15,6,5,15
11,27,2026,1,15,14,6,10,11
11,37,2026,1,15,15,5,2,14
11,46,2026,1,15,8,6,6,14
11,54,2026,1,15,20,3,7,10
12,0,2026,1,15,20,3,0,13
12,8,2026,1,15,8,2,3,12
12,18,2026,1,15,15,6,5,13
12,27,2026,1,15,14,5,7,11
12,37,2026,1,15,15,3,2,12
12,46,2026,1,15,8,3,5,10
12,54,2026,1,15,20,2,6,6
13,0,2026,1,15,20,2,0,8
13,8,2026,1,15,8,2,1,9
13,18,2026,1,15,15,6,4,11
13,27,2026,1,15,14,4,6,9
13,37,2026,1,15,15,2,3,8
13,46,2026,1,15,8,5,3,10
13,54,2026,1,15,20,5,7,8
14,0,2026,1,15,20,3,0,11
14,8,2026,1,15,8,3,2,12
14,18,2026,1,15,15,6,2,16
14,27,2026,1,15,14,4,11,9
14,37,2026,1,15,15,2,2,9
14,46,2026,1,15,8,2,3,8
14,54,2026,1,15,20,5,7,6
15,0,2026,1,15,20,2,0,8
15,8,2026,1,15,8,5,4,9
15,18,2026,1,15,15,3,5,7
15,27,2026,1,15,14,6,3,10
15,37,2026,1,15,15,2,4,8
15,46,2026,1,15,8,4,3,9
15,54,2026,1,15,20,2,8,3
16,0,2026,1,15,20,3,0,6
16,8,2026,1,15,8,5,1,10
16,18,2026,1,15,15,3,4,9
16,27,2026,1,15,14,5,7,7
16,37,2026,1,15,15,3,1,9
16,46,2026,1,15,8,5,5,9
16,54,2026,1,15,20,3,6,6
17,0,2026,1,15,20,2,0,8
17,8,2026,1,15,8,2,1,9
17,18,2026,1,15,15,6,4,11
17,27,2026,1,15,14,3,6,8
17,37,2026,1,15,15,2,1,9
17,46,2026,1,15,8,4,3,10
17,54,2026,1,15,20,2,7,5
18,0,2026,1,15,20,3,0,8
18,8,2026,1,15,8,6,4,10
18,18,2026,1,15,15,6,0,16
18,27,2026,1,15,14,5,8,13
18,37,2026,1,15,15,6,0,19
18,46,2026,1,15,8,3,6,16
18,54,2026,1,15,20,3,13,6
19,0,2026,1,15,20,6,0,12
19,8,2026,1,15,8,2,4,10
19,18,2026,1,15,15,6,5,11
19,27,2026,1,15,14,4,6,9
19,37,2026,1,15,15,4,0,13
19,46,2026,1,15,8,3,4,12
19,54,2026,1,15,20,4,9,7
20,0,2026,1,15,20,2,0,9
20,8,2026,1,15,8,3,0,12
20,18,2026,1,15,15,2,6,8
20,27,2026,1,15,14,5,7,6
20,37,2026,1,15,15,2,2,6
20,46,2026,1,15,8,2,4,4
20,54,2026,1,15,20,3,2,5
21,0,2026,1,15,20,6,0,11
21,8,2026,1,15,8,6,2,15
21,18,2026,1,15,15,2,8,9
21,27,2026,1,15,14,5,6,8
21,37,2026,1,15,15,2,1,9
21,46,2026,1,15,8,3,2,10
21,54,2026,1,15,20,6,7,9
22,0,2026,1,15,20,2,0,11
22,8,2026,1,15,8,4,1,14
22,18,2026,1,15,15,5,9,10
22,27,2026,1,15,14,6,6,10
22,37,2026,1,15,15,2,2,10
22,46,2026,1,15,8,4,5,9
22,54,2026,1,15,20,2,6,5
23,0,2026,1,15,20,6,0,11
23,8,2026,1,15,8,5,1,15
23,18,2026,1,15,15,2,4,13
23,27,2026,1,15,14,6,11,8
23,37,2026,1,15,15,6,2,12
23,46,2026,1,15,8,4,8,8
23,54,2026,1,15,20,0,8,0
6,0,2026,1,16,20,4,0,4
6,8,2026,1,16,8,22,2,24
6,18,2026,1,16,15,9,9,24
6,27,2026,1,16,14,20,8,36
6,37,2026,1,16,15,9,5,40
6,46,2026,1,16,8,14,17,37
6,54,2026,1,16,20,6,20,23
7,0,2026,1,16,20,2,0,25
7,8,2026,1,16,8,19,4,40
7,18,2026,1,16,15,11,20,31
7,27,2026,1,16,14,22,20,33
7,37,2026,1,16,15,5,8,30
7,46,2026,1,16,8,22,12,40
7,54,2026,1,16,20,4,20,24
8,0,2026,1,16,20,2,0,26
8,8,2026,1,16,8,15,2,39
8,18,2026,1,16,15,20,19,40
8,27,2026,1,16,14,22,20,42
8,37,2026,1,16,15,16,7,51
8,46,2026,1,16,8,22,20,53
8,54,2026,1,16,20,5,20,38
9,0,2026,1,16,20,6,0,44
9,8,2026,1,16,8,2,5,41
9,18,2026,1,16,15,5,19,27
9,27,2026,1,16,14,2,20,9
9,37,2026,1,16,15,4,0,13
9,46,2026,1,16,8,6,7,12
9,54,2026,1,16,20,4,7,9
10,0,2026,1,16,20,4,0,13
10,8,2026,1,16,8,2,2,13
10,18,2026,1,16,15,4,7,10
10,27,2026,1,16,14,4,8,6
10,37,2026,1,16,15,5,1,10
10,46,2026,1,16,8,5,4,11
10,54,2026,1,16,20,3,8,6
11,0,2026,1,16,20,3,0,9
11,8,2026,1,16,8,3,1,11
11,18,2026,1,16,15,6,3,14
11,27,2026,1,16,14,4,9,9
11,37,2026,1,16,15,5,1,13
11,46,2026,1,16,8,3,6,10
11,54,2026,1,16,20,6,7,9
12,0,2026,1,16,20,3,0,12
12,8,2026,1,16,8,5,2,15
12,18,2026,1,16,15,2,7,10
12,27,2026,1,16,14,5,8,7
12,37,2026,1,16,15,6,2,11
12,46,2026,1,16,8,5,5,11
12,54,2026,1,16,20,2,6,7
13,0,2026,1,16,20,4,0,11
13,8,2026,1,16,8,5,2,14
13,18,2026,1,16,15,6,6,14
13,27,2026,1,16,14,3,7,10
13,37,2026,1,16,15,4,2,12
13,46,2026,1,16,8,5,3,14
13,54,2026,1,16,20,4,7,11
14,0,2026,1,16,20,5,0,16
14,8,2026,1,16,8,2,4,14
14,18,2026,1,16,15,4,6,12
14,27,2026,1,16,14,5,9,8
14,37,2026,1,16,15,2,2,8
14,46,2026,1,16,8,2,3,7
14,54,2026,1,16,20,4,3,8
15,0,2026,1,16,20,4,0,12
15,8,2026,1,16,8,2,3,11
15,18,2026,1,16,15,5,6,10
15,27,2026,1,16,14,6,6,10
15,37,2026,1,16,15,5,1,14
15,46,2026,1,16,8,6,7,13
15,54,2026,1,16,20,2,7,8
16,0,2026,1,16,20,6,0,14
16,8,2026,1,16,8,3,2,15
16,18,2026,1,16,15,4,5,14
16,27,2026,1,16,14,4,9,9
16,37,2026,1,16,15,6,3,12
16,46,2026,1,16,8,5,3,14
16,54,2026,1,16,20,6,8,12
17,0,2026,1,16,20,5,0,17
17,8,2026,1,16,8,5,4,18
17,18,2026,1,16,15,6,5,19
17,27,2026,1,16,14,3,14,8
17,37,2026,1,16,15,4,1,11
17,46,2026,1,16,8,6,2,15
17,54,2026,1,16,20,4,11,8
18,0,2026,1,16,20,4,0,12
18,8,2026,1,16,8,5,3,14
18,18,2026,1,16,15,4,6,12
18,27,2026,1,16,14,3,7,8
18,37,2026,1,16,15,5,0,13
18,46,2026,1,16,8,4,8,9
18,54,2026,1,16,20,5,5,9
19,0,2026,1,16,20,2,0,11
19,8,2026,1,16,8,6,2,15
19,18,2026,1,16,15,4,5,14
19,27,2026,1,16,14,2,10,6
19,37,2026,1,16,15,2,0,8
19,46,2026,1,16,8,5,0,13
19,54,2026,1,16,20,3,8,8
20,0,2026,1,16,20,2,0,10
20,8,2026,1,16,8,5,2,13
20,18,2026,1,16,15,6,3,16
20,27,2026,1,16,14,6,10,12
20,37,2026,1,16,15,2,2,12
20,46,2026,1,16,8,6,5,13
20,54,2026,1,16,20,5,10,8
21,0,2026,1,16,20,6,0,14
21,8,2026,1,16,8,3,3,14
21,18,2026,1,16,15,6,5,15
21,27,2026,1,16,14,6,10,11
21,37,2026,1,16,15,5,0,16
21,46,2026,1,16,8,6,7,15
21,54,2026,1,16,20,6,10,11
22,0,2026,1,16,20,2,0,13
22,8,2026,1,16,8,4,1,16
22,18,2026,1,16,15,3,7,12
22,27,2026,1,16,14,5,9,8
22,37,2026,1,16,15,3,1,10
22,46,2026,1,16,8,3,4,9
22,54,2026,1,16,20,4,7,6
23,0,2026,1,16,20,3,0,9
23,8,2026,1,16,8,6,2,13
23,18,2026,1,16,15,4,7,10
23,27,2026,1,16,14,4,6,8
23,37,2026,1,16,15,5,1,12
23,46,2026,1,16,8,4,5,11
23,54,2026,1,16,20,0,11,0
6,0,2026,1,17,20,2,0,2
6,8,2026,1,17,8,8,1,9
6,18,2026,1,17,15,18,3,24
6,27,2026,1,17,14,19,7,36
6,37,2026,1,17,15,6,6,36
6,46,2026,1,17,8,6,11,31
6,54,2026,1,17,20,3,20,14
7,0,2026,1,17,20,4,0,18
7,8,2026,1,17,8,18,2,34
7,18,2026,1,17,15,19,2,51
7,27,2026,1,17,14,22,20,53
7,37,2026,1,17,15,16,13,56
7,46,2026,1,17,8,5,20,41
7,54,2026,1,17,20,5,20,26
8,0,2026,1,17,20,5,0,31
8,8,2026,1,17,8,7,3,35
8,18,2026,1,17,15,22,11,46
8,27,2026,1,17,14,8,20,34
8,37,2026,1,17,15,10,2,42
8,46,2026,1,17,8,11,19,34
8,54,2026,1,17,20,2,20,16
9,0,2026,1,17,20,3,0,19
9,8,2026,1,17,8,5,2,22
9,18,2026,1,17,15,6,8,20
9,27,2026,1,17,14,5,15,10
9,37,2026,1,17,15,4,3,11
9,46,2026,1,17,8,4,5,10
9,54,2026,1,17,20,2,6,6
10,0,2026,1,17,20,4,0,10
10,8,2026,1,17,8,2,1,11
10,18,2026,1,17,15,6,5,12
10,27,2026,1,17,14,5,9,8
10,37,2026,1,17,15,4,2,10
10,46,2026,1,17,8,4,5,9
10,54,2026,1,17,20,3,5,7
11,0,2026,1,17,20,5,0,12
11,8,2026,1,17,8,6,2,16
11,18,2026,1,17,15,3,5,14
11,27,2026,1,17,14,3,9,8
11,37,2026,1,17,15,3,2,9
11,46,2026,1,17,8,3,1,11
11,54,2026,1,17,20,3,9,5
12,0,2026,1,17,20,2,0,7
12,8,2026,1,17,8,5,1,11
12,18,2026,1,17,15,5,4,12
12,27,2026,1,17,14,2,10,4
12,37,2026,1,17,15,4,2,6
12,46,2026,1,17,8,2,1,7
12,54,2026,1,17,20,3,2,8
13,0,2026,1,17,20,6,0,14
13,8,2026,1,17,8,2,1,15
13,18,2026,1,17,15,3,7,11
13,27,2026,1,17,14,4,8,7
13,37,2026,1,17,15,6,1,12
13,46,2026,1,17,8,3,6,9
13,54,2026,1,17,20,5,4,10
14,0,2026,1,17,20,6,0,16
14,8,2026,1,17,8,5,4,17
14,18,2026,1,17,15,6,4,19
14,27,2026,1,17,14,4,13,10
14,37,2026,1,17,15,4,1,13
14,46,2026,1,17,8,6,7,12
14,54,2026,1,17,20,5,8,9
15,0,2026,1,17,20,3,0,12
15,8,2026,1,17,8,5,2,15
15,18,2026,1,17,15,3,8,10
15,27,2026,1,17,14,2,6,6
15,37,2026,1,17,15,6,1,11
15,46,2026,1,17,8,3,4,10
15,54,2026,1,17,20,3,6,7
16,0,2026,1,17,20,4,0,11
16,8,2026,1,17,8,6,2,15
16,18,2026,1,17,15,3,6,12
16,27,2026,1,17,14,2,10,4
16,37,2026,1,17,15,3,1,6
16,46,2026,1,17,8,4,1,9
16,54,2026,1,17,20,4,4,9
17,0,2026,1,17,20,4,0,13
17,8,2026,1,17,8,5,3,15
17,18,2026,1,17,15,6,7,14
17,27,2026,1,17,14,6,7,13
17,37,2026,1,17,15,4,2,15
17,46,2026,1,17,8,4,7,12
17,54,2026,1,17,20,5,10,7
18,0,2026,1,17,20,4,0,11
18,8,2026,1,17,8,5,3,13
18,18,2026,1,17,15,2,5,10
18,27,2026,1,17,14,6,6,10
18,37,2026,1,17,15,4,1,13
18,46,2026,1,17,8,3,4,12
18,54,2026,1,17,20,5,9,8
19,0,2026,1,17,20,3,0,11
19,8,2026,1,17,8,5,3,13
19,18,2026,1,17,15,5,3,15
19,27,2026,1,17,14,6,11,10
19,37,2026,1,17,15,4,2,12
19,46,2026,1,17,8,3,3,12
19,54,2026,1,17,20,4,9,7
20,0,2026,1,17,20,6,0,13
20,8,2026,1,17,8,6,3,16
20,18,2026,1,17,15,2,3,15
20,27,2026,1,17,14,4,12,7
20,37,2026,1,17,15,4,3,8
20,46,2026,1,17,8,5,3,10
20,54,2026,1,17,20,2,6,6
21,0,2026,1,17,20,3,0,9
21,8,2026,1,17,8,3,1,11
21,18,2026,1,17,15,2,4,9
21,27,2026,1,17,14,5,5,9
21,37,2026,1,17,15,4,2,11
21,46,2026,1,17,8,6,3,14
21,54,2026,1,17,20,6,11,9
22,0,2026,1,17,20,2,0,11
22,8,2026,1,17,8,6,4,13
22,18,2026,1,17,15,2,4,11
22,27,2026,1,17,14,5,7,9
22,37,2026,1,17,15,2,2,9
22,46,2026,1,17,8,5,4,10
22,54,2026,1,17,20,2,6,6
23,0,2026,1,17,20,4,0,10
23,8,2026,1,17,8,4,2,12
23,18,2026,1,17,15,6,5,13
23,27,2026,1,17,14,3,5,11
23,37,2026,1,17,15,6,2,15
23,46,2026,1,17,8,4,7,12
23,54,2026,1,17,20,0,12,0
6,0,2026,1,18,20,2,0,2
6,8,2026,1,18,8,14,0,16
6,18,2026,1,18,15,15,2,29
6,27,2026,1,18,14,19,12,36
6,37,2026,1,18,15,8,9,35
6,46,2026,1,18,8,8,18,25
6,54,2026,1,18,20,6,18,13
7,0,2026,1,18,20,4,0,17
7,8,2026,1,18,8,6,5,18
7,18,2026,1,18,15,19,4,33
7,27,2026,1,18,14,18,18,33
7,37,2026,1,18,15,12,9,36
7,46,2026,1,18,8,7,15,28
7,54,2026,1,18,20,6,20,14
8,0,2026,1,18,20,2,0,16
8,8,2026,1,18,8,14,3,27
8,18,2026,1,18,15,15,10,32
8,27,2026,1,18,14,20,15,37
8,37,2026,1,18,15,9,7,39
8,46,2026,1,18,8,14,14,39
8,54,2026,1,18,20,4,20,23
9,0,2026,1,18,20,6,0,29
9,8,2026,1,18,8,5,6,28
9,18,2026,1,18,15,6,11,23
9,27,2026,1,18,14,4,18,9
9,37,2026,1,18,15,2,1,10
9,46,2026,1,18,8,4,4,10
9,54,2026,1,18,20,4,6,8
10,0,2026,1,18,20,5,0,13
10,8,2026,1,18,8,4,5,12
10,18,2026,1,18,15,2,3,11
10,27,2026,1,18,14,4,8,7
10,37,2026,1,18,15,4,2,9
10,46,2026,1,18,8,3,3,9
10,54,2026,1,18,20,2,5,6
11,0,2026,1,18,20,3,0,9
11,8,2026,1,18,8,4,2,11
11,18,2026,1,18,15,2,6,7
11,27,2026,1,18,14,3,6,4
11,37,2026,1,18,15,6,2,8
11,46,2026,1,18,8,5,3,10
11,54,2026,1,18,20,4,3,11
12,0,2026,1,18,20,3,0,14
12,8,2026,1,18,8,4,4,14
12,18,2026,1,18,15,5,6,13
12,27,2026,1,18,14,6,7,12
12,37,2026,1,18,15,5,1,16
12,46,2026,1,18,8,6,4,18
12,54,2026,1,18,20,6,12,12
13,0,2026,1,18,20,4,0,16
13,8,2026,1,18,8,4,5,15
13,18,2026,1,18,15,6,3,18
13,27,2026,1,18,14,4,12,10
13,37,2026,1,18,15,2,0,12
13,46,2026,1,18,8,3,7,8
13,54,2026,1,18,20,6,5,9
14,0,2026,1,18,20,2,0,11
14,8,2026,1,18,8,5,2,14
14,18,2026,1,18,15,4,6,12
14,27,2026,1,18,14,2,9,5
14,37,2026,1,18,15,5,0,10
14,46,2026,1,18,8,5,3,12
14,54,2026,1,18,20,3,6,9
15,0,2026,1,18,20,6,0,15
15,8,2026,1,18,8,4,2,17
15,18,2026,1,18,15,3,6,14
15,27,2026,1,18,14,3,10,7
15,37,2026,1,18,15,6,1,12
15,46,2026,1,18,8,2,4,10
15,54,2026,1,18,20,4,5,9
16,0,2026,1,18,20,4,0,13
16,8,2026,1,18,8,2,0,15
16,18,2026,1,18,15,5,5,15
16,27,2026,1,18,14,4,11,8
16,37,2026,1,18,15,4,1,11
16,46,2026,1,18,8,5,5,11
16,54,2026,1,18,20,4,6,9
17,0,2026,1,18,20,2,0,11
17,8,2026,1,18,8,6,3,14
17,18,2026,1,18,15,2,8,8
17,27,2026,1,18,14,3,7,4
17,37,2026,1,18,15,3,3,4
17,46,2026,1,18,8,3,2,5
17,54,2026,1,18,20,2,3,4
18,0,2026,1,18,20,4,0,8
18,8,2026,1,18,8,6,1,13
18,18,2026,1,18,15,5,5,13
18,27,2026,1,18,14,5,8,10
18,37,2026,1,18,15,5,2,13
18,46,2026,1,18,8,3,3,13
18,54,2026,1,18,20,3,12,4
19,0,2026,1,18,20,2,0,6
19,8,2026,1,18,8,5,1,10
19,18,2026,1,18,15,3,4,9
19,27,2026,1,18,14,4,5,8
19,37,2026,1,18,15,2,2,8
19,46,2026,1,18,8,4,3,9
19,54,2026,1,18,20,3,5,7
20,0,2026,1,18,20,4,0,11
20,8,2026,1,18,8,6,2,15
20,18,2026,1,18,15,5,5,15
20,27,2026,1,18,14,3,9,9
20,37,2026,1,18,15,2,0,11
20,46,2026,1,18,8,4,5,10
20,54,2026,1,18,20,4,7,7
21,0,2026,1,18,20,6,0,13
21,8,2026,1,18,8,6,3,16
21,18,2026,1,18,15,5,11,10
21,27,2026,1,18,14,4,5,9
21,37,2026,1,18,15,5,1,13
21,46,2026,1,18,8,4,5,12
21,54,2026,1,18,20,3,8,7
22,0,2026,1,18,20,2,0,9
22,8,2026,1,18,8,2,1,10
22,18,2026,1,18,15,5,5,10
22,27,2026,1,18,14,5,8,7
22,37,2026,1,18,15,5,2,10
22,46,2026,1,18,8,4,4,10
22,54,2026,1,18,20,5,5,10
23,0,2026,1,18,20,4,0,14
23,8,2026,1,18,8,5,2,17
23,18,2026,1,18,15,3,6,14
23,27,2026,1,18,14,3,11,6
23,37,2026,1,18,15,6,1,11
23,46,2026,1,18,8,5,1,15
23,54,2026,1,18,20,0,15,0
6,0,2026,1,19,20,3,0,3
6,8,2026,1,19,8,12,0,15
6,18,2026,1,19,15,10,8,17
6,27,2026,1,19,14,13,5,25
6,37,2026,1,19,15,15,2,38
6,46,2026,1,19,8,18,14,42
6,54,2026,1,19,20,5,20,27
7,0,2026,1,19,20,4,0,31
7,8,2026,1,19,8,22,4,49
7,18,2026,1,19,15,21,20,50
7,27,2026,1,19,14,10,20,40
7,37,2026,1,19,15,11,6,45
7,46,2026,1,19,8,18,17,46
7,54,2026,1,19,20,2,20,28
8,0,2026,1,19,20,4,0,32
8,8,2026,1,19,8,7,4,35
8,18,2026,1,19,15,20,14,41
8,27,2026,1,19,14,15,20,36
8,37,2026,1,19,15,20,5,51
8,46,2026,1,19,8,11,20,42
8,54,2026,1,19,20,6,20,28
9,0,2026,1,19,20,2,0,30
9,8,2026,1,19,8,6,3,33
9,18,2026,1,19,15,4,10,27
9,27,2026,1,19,14,3,20,10
9,37,2026,1,19,15,3,1,12
9,46,2026,1,19,8,4,2,14
9,54,2026,1,19,20,2,11,5
10,0,2026,1,19,20,4,0,9
10,8,2026,1,19,8,4,2,11
10,18,2026,1,19,15,5,3,13
10,27,2026,1,19,14,2,11,4
10,37,2026,1,19,15,2,1,5
10,46,2026,1,19,8,2,2,5
10,54,2026,1,19,20,4,3,6
11,0,2026,1,19,20,4,0,10
11,8,2026,1,19,8,2,3,9
11,18,2026,1,19,15,5,4,10
11,27,2026,1,19,14,3,5,8
11,37,2026,1,19,15,6,1,13
11,46,2026,1,19,8,4,4,13
11,54,2026,1,19,20,5,7,11
12,0,2026,1,19,20,4,0,15
12,8,2026,1,19,8,6,4,17
12,18,2026,1,19,15,4,7,14
12,27,2026,1,19,14,4,9,9
12,37,2026,1,19,15,6,2,13
12,46,2026,1,19,8,3,5,11
12,54,2026,1,19,20,4,6,9
13,0,2026,1,19,20,3,0,12
13,8,2026,1,19,8,2,3,11
13,18,2026,1,19,15,2,5,8
13,27,2026,1,19,14,5,5,8
13,37,2026,1,19,15,2,3,7
13,46,2026,1,19,8,3,2,8
13,54,2026,1,19,20,6,6,8
14,0,2026,1,19,20,4,0,12
14,8,2026,1,19,8,6,2,16
14,18,2026,1,19,15,2,5,13
14,27,2026,1,19,14,6,12,7
14,37,2026,1,19,15,3,2,8
14,46,2026,1,19,8,3,3,8
14,54,2026,1,19,20,4,4,8
15,0,2026,1,19,20,4,0,12
15,8,2026,1,19,8,6,3,15
15,18,2026,1,19,15,6,11,10
15,27,2026,1,19,14,5,5,10
15,37,2026,1,19,15,6,2,14
15,46,2026,1,19,8,4,3,15
15,54,2026,1,19,20,3,9,9
16,0,2026,1,19,20,5,0,14
16,8,2026,1,19,8,5,1,18
16,18,2026,1,19,15,6,7,17
16,27,2026,1,19,14,2,13,6
16,37,2026,1,19,15,6,1,11
16,46,2026,1,19,8,5,3,13
16,54,2026,1,19,20,5,7,11
17,0,2026,1,19,20,2,0,13
17,8,2026,1,19,8,4,2,15
17,18,2026,1,19,15,2,6,11
17,27,2026,1,19,14,6,7,10
17,37,2026,1,19,15,6,3,13
17,46,2026,1,19,8,2,5,10
17,54,2026,1,19,20,2,8,4
18,0,2026,1,19,20,5,0,9
18,8,2026,1,19,8,6,1,14
18,18,2026,1,19,15,3,7,10
18,27,2026,1,19,14,4,6,8
18,37,2026,1,19,15,2,0,10
18,46,2026,1,19,8,2,5,7
18,54,2026,1,19,20,5,3,9
19,0,2026,1,19,20,2,0,11
19,8,2026,1,19,8,4,4,11
19,18,2026,1,19,15,5,8,8
19,27,2026,1,19,14,6,6,8
19,37,2026,1,19,15,6,2,12
19,46,2026,1,19,8,2,4,10
19,54,2026,1,19,20,6,4,12
20,0,2026,1,19,20,4,0,16
20,8,2026,1,19,8,3,2,17
20,18,2026,1,19,15,2,5,14
20,27,2026,1,19,14,2,10,6
20,37,2026,1,19,15,6,0,12
20,46,2026,1,19,8,3,3,12
20,54,2026,1,19,20,4,8,8
21,0,2026,1,19,20,4,0,12
21,8,2026,1,19,8,4,6,10
21,18,2026,1,19,15,2,3,9
21,27,2026,1,19,14,6,6,9
21,37,2026,1,19,15,6,2,13
21,46,2026,1,19,8,2,3,12
21,54,2026,1,19,20,2,11,3
22,0,2026,1,19,20,3,0,6
22,8,2026,1,19,8,3,1,8
22,18,2026,1,19,15,4,4,8
22,27,2026,1,19,14,3,6,5
22,37,2026,1,19,15,5,1,9
22,46,2026,1,19,8,5,4,10
22,54,2026,1,19,20,6,4,12
23,0,2026,1,19,20,5,0,17
23,8,2026,1,19,8,6,3,20
23,18,2026,1,19,15,5,12,13
23,27,2026,1,19,14,3,10,6
23,37,2026,1,19,15,5,2,9
23,46,2026,1,19,8,3,6,6
23,54,2026,1,19,20,0,6,0
6,0,2026,1,20,20,4,0,4
6,8,2026,1,20,8,22,3,23
6,18,2026,1,20,15,11,10,24
6,27,2026,1,20,14,19,9,34
6,37,2026,1,20,15,15,9,40
6,46,2026,1,20,8,11,14,37
6,54,2026,1,20,20,4,20,21
7,0,2026,1,20,20,6,0,27
7,8,2026,1,20,8,6,5,28
7,18,2026,1,20,15,15,13,30
7,27,2026,1,20,14,18,18,30
7,37,2026,1,20,15,12,8,34
7,46,2026,1,20,8,11,10,35
7,54,2026,1,20,20,3,20,18
8,0,2026,1,20,20,4,0,22
8,8,2026,1,20,8,20,1,41
8,18,2026,1,20,15,11,16,36
8,27,2026,1,20,14,12,20,28
8,37,2026,1,20,15,9,2,35
8,46,2026,1,20,8,7,19,23
8,54,2026,1,20,20,2,14,11
9,0,2026,1,20,20,5,0,16
9,8,2026,1,20,8,5,5,16
9,18,2026,1,20,15,2,6,12
9,27,2026,1,20,14,6,10,8
9,37,2026,1,20,15,5,1,12
9,46,2026,1,20,8,5,5,12
9,54,2026,1,20,20,6,7,11
10,0,2026,1,20,20,3,0,14
10,8,2026,1,20,8,3,5,12
10,18,2026,1,20,15,5,5,12
10,27,2026,1,20,14,5,8,9
10,37,2026,1,20,15,3,4,8
10,46,2026,1,20,8,4,2,10
10,54,2026,1,20,20,5,5,10
11,0,2026,1,20,20,4,0,14
11,8,2026,1,20,8,3,3,14
11,18,2026,1,20,15,2,6,10
11,27,2026,1,20,14,2,8,4
11,37,2026,1,20,15,2,0,6
11,46,2026,1,20,8,4,3,7
11,54,2026,1,20,20,2,5,4
12,0,2026,1,20,20,5,0,9
12,8,2026,1,20,8,4,0,13
12,18,2026,1,20,15,6,5,14
12,27,2026,1,20,14,3,7,10
12,37,2026,1,20,15,3,2,11
12,46,2026,1,20,8,5,4,12
12,54,2026,1,20,20,4,6,10
13,0,2026,1,20,20,5,0,15
13,8,2026,1,20,8,5,3,17
13,18,2026,1,20,15,4,6,15
13,27,2026,1,20,14,4,12,7
13,37,2026,1,20,15,3,2,8
13,46,2026,1,20,8,4,0,12
13,54,2026,1,20,20,4,7,9
14,0,2026,1,20,20,3,0,12
14,8,2026,1,20,8,2,0,14
14,18,2026,1,20,15,3,8,9
14,27,2026,1,20,14,5,6,8
14,37,2026,1,20,15,5,1,12
14,46,2026,1,20,8,6,4,14
14,54,2026,1,20,20,3,6,11
15,0,2026,1,20,20,4,0,15
15,8,2026,1,20,8,4,3,16
15,18,2026,1,20,15,3,9,10
15,27,2026,1,20,14,5,7,8
15,37,2026,1,20,15,4,1,11
15,46,2026,1,20,8,4,5,10
15,54,2026,1,20,20,4,5,9
16,0,2026,1,20,20,4,0,13
16,8,2026,1,20,8,5,1,17
16,18,2026,1,20,15,6,8,15
16,27,2026,1,20,14,3,9,9
16,37,2026,1,20,15,6,2,13
16,46,2026,1,20,8,5,5,13
16,54,2026,1,20,20,6,7,12
17,0,2026,1,20,20,4,0,16
17,8,2026,1,20,8,6,3,19
17,18,2026,1,20,15,2,7,14
17,27,2026,1,20,14,2,12,4
17,37,2026,1,20,15,2,0,6
17,46,2026,1,20,8,2,3,5
17,54,2026,1,20,20,5,3,7
18,0,2026,1,20,20,6,0,13
18,8,2026,1,20,8,5,6,12
18,18,2026,1,20,15,6,6,12
18,27,2026,1,20,14,4,7,9
18,37,2026,1,20,15,5,3,11
18,46,2026,1,20,8,3,2,12
18,54,2026,1,20,20,5,10,7
19,0,2026,1,20,20,4,0,11
19,8,2026,1,20,8,3,5,9
19,18,2026,1,20,15,3,2,10
19,27,2026,1,20,14,6,10,6
19,37,2026,1,20,15,6,2,10
19,46,2026,1,20,8,5,3,12
19,54,2026,1,20,20,4,5,11
20,0,2026,1,20,20,6,0,17
20,8,2026,1,20,8,3,2,18
20,18,2026,1,20,15,4,8,14
20,27,2026,1,20,14,6,13,7
20,37,2026,1,20,15,6,1,12
20,46,2026,1,20,8,2,6,8
20,54,2026,1,20,20,6,4,10
21,0,2026,1,20,20,5,0,15
21,8,2026,1,20,8,6,5,16
21,18,2026,1,20,15,2,6,12
21,27,2026,1,20,14,6,9,9
21,37,2026,1,20,15,3,0,12
21,46,2026,1,20,8,6,4,14
21,54,2026,1,20,20,4,10,8
22,0,2026,1,20,20,3,0,11
22,8,2026,1,20,8,4,2,13
22,18,2026,1,20,15,5,2,16
22,27,2026,1,20,14,6,9,13
22,37,2026,1,20,15,6,1,18
22,46,2026,1,20,8,2,8,12
22,54,2026,1,20,20,5,6,11
23,0,2026,1,20,20,2,0,13
23,8,2026,1,20,8,5,5,13
23,18,2026,1,20,15,2,4,11
23,27,2026,1,20,14,3,8,6
23,37,2026,1,20,15,2,3,5
23,46,2026,1,20,8,4,2,7
23,54,2026,1,20,20,0,7,0
6,0,2026,1,21,20,5,0,5
6,8,2026,1,21,8,6,2,9
6,18,2026,1,21,15,10,3,16
6,27,2026,1,21,14,7,6,17
6,37,2026,1,21,15,15,1,31
6,46,2026,1,21,8,13,7,37
6,54,2026,1,21,20,2,20,19
7,0,2026,1,21,20,4,0,23
7,8,2026,1,21,8,7,2,28
7,18,2026,1,21,15,5,12,21
7,27,2026,1,21,14,14,15,20
7,37,2026,1,21,15,7,3,24
7,46,2026,1,21,8,21,10,35
7,54,2026,1,21,20,5,20,20
8,0,2026,1,21,20,4,0,24
8,8,2026,1,21,8,17,2,39
8,18,2026,1,21,15,21,14,46
8,27,2026,1,21,14,22,20,48
8,37,2026,1,21,15,13,8,53
8,46,2026,1,21,8,6,20,39
8,54,2026,1,21,20,5,20,24
9,0,2026,1,21,20,4,0,28
9,8,2026,1,21,8,5,2,31
9,18,2026,1,21,15,2,8,25
9,27,2026,1,21,14,2,20,7
9,37,2026,1,21,15,2,2,7
9,46,2026,1,21,8,2,0,9
9,54,2026,1,21,20,3,6,6
10,0,2026,1,21,20,4,0,10
10,8,2026,1,21,8,5,3,12
10,18,2026,1,21,15,5,1,16
10,27,2026,1,21,14,2,12,6
10,37,2026,1,21,15,3,1,8
10,46,2026,1,21,8,5,3,10
10,54,2026,1,21,20,3,5,8
11,0,2026,1,21,20,2,0,10
11,8,2026,1,21,8,5,3,12
11,18,2026,1,21,15,6,5,13
11,27,2026,1,21,14,4,7,10
11,37,2026,1,21,15,4,1,13
11,46,2026,1,21,8,6,5,14
11,54,2026,1,21,20,2,12,4
12,0,2026,1,21,20,6,0,10
12,8,2026,1,21,8,6,3,13
12,18,2026,1,21,15,2,7,8
12,27,2026,1,21,14,2,3,7
12,37,2026,1,21,15,3,1,9
12,46,2026,1,21,8,2,3,8
12,54,2026,1,21,20,2,6,4
13,0,2026,1,21,20,5,0,9
13,8,2026,1,21,8,3,1,11
13,18,2026,1,21,15,3,4,10
13,27,2026,1,21,14,3,6,7
13,37,2026,1,21,15,3,0,10
13,46,2026,1,21,8,6,7,9
13,54,2026,1,21,20,2,4,7
14,0,2026,1,21,20,4,0,11
14,8,2026,1,21,8,2,4,9
14,18,2026,1,21,15,5,5,9
14,27,2026,1,21,14,5,5,9
14,37,2026,1,21,15,6,3,12
14,46,2026,1,21,8,6,1,17
14,54,2026,1,21,20,5,9,13
15,0,2026,1,21,20,5,0,18
15,8,2026,1,21,8,4,7,15
15,18,2026,1,21,15,2,6,11
15,27,2026,1,21,14,2,7,6
15,37,2026,1,21,15,4,1,9
15,46,2026,1,21,8,2,1,10
15,54,2026,1,21,20,4,8,6
16,0,2026,1,21,20,6,0,12
16,8,2026,1,21,8,3,2,13
16,18,2026,1,21,15,6,7,12
16,27,2026,1,21,14,5,7,10
16,37,2026,1,21,15,5,1,14
16,46,2026,1,21,8,6,10,10
16,54,2026,1,21,20,5,5,10
17,0,2026,1,21,20,6,0,16
17,8,2026,1,21,8,2,7,11
17,18,2026,1,21,15,3,5,9
17,27,2026,1,21,14,2,8,3
17,37,2026,1,21,15,6,1,8
17,46,2026,1,21,8,2,1,9
17,54,2026,1,21,20,6,5,10
18,0,2026,1,21,20,4,0,14
18,8,2026,1,21,8,4,4,14
18,18,2026,1,21,15,6,2,18
18,27,2026,1,21,14,3,12,9
18,37,2026,1,21,15,2,1,10
18,46,2026,1,21,8,2,3,9
18,54,2026,1,21,20,6,6,9
19,0,2026,1,21,20,2,0,11
19,8,2026,1,21,8,2,2,11
19,18,2026,1,21,15,5,5,11
19,27,2026,1,21,14,4,8,7
19,37,2026,1,21,15,4,0,11
19,46,2026,1,21,8,4,2,13
19,54,2026,1,21,20,3,7,9
20,0,2026,1,21,20,2,0,11
20,8,2026,1,21,8,5,1,15
20,18,2026,1,21,15,4,5,14
20,27,2026,1,21,14,6,9,11
20,37,2026,1,21,15,2,1,12
20,46,2026,1,21,8,5,4,13
20,54,2026,1,21,20,6,8,11
21,0,2026,1,21,20,6,0,17
21,8,2026,1,21,8,6,4,19
21,18,2026,1,21,15,6,7,18
21,27,2026,1,21,14,3,11,10
21,37,2026,1,21,15,2,1,11
21,46,2026,1,21,8,2,2,11
21,54,2026,1,21,20,3,7,7
22,0,2026,1,21,20,3,0,10
22,8,2026,1,21,8,6,1,15
22,18,2026,1,21,15,2,8,9
22,27,2026,1,21,14,4,8,5
22,37,2026,1,21,15,2,1,6
22,46,2026,1,21,8,4,3,7
22,54,2026,1,21,20,5,5,7
23,0,2026,1,21,20,4,0,11
23,8,2026,1,21,8,4,4,11
23,18,2026,1,21,15,4,7,8
23,27,2026,1,21,14,6,5,9
23,37,2026,1,21,15,3,4,8
23,46,2026,1,21,8,6,4,10
23,54,2026,1,21,20,0,10,0
6,0,2026,1,22,20,2,0,2
6,8,2026,1,22,8,20,0,22
6,18,2026,1,22,15,10,7,25
6,27,2026,1,22,14,20,10,35
6,37,2026,1,22,15,8,6,37
6,46,2026,1,22,8,12,16,33
6,54,2026,1,22,20,2,20,15
7,0,2026,1,22,20,2,0,17
7,8,2026,1,22,8,21,3,35
7,18,2026,1,22,15,16,6,45
7,27,2026,1,22,14,21,20,46
7,37,2026,1,22,15,12,10,48
7,46,2026,1,22,8,21,20,49
7,54,2026,1,22,20,4,20,33
8,0,2026,1,22,20,6,0,39
8,8,2026,1,22,8,8,0,47
8,18,2026,1,22,15,10,20,37
8,27,2026,1,22,14,16,20,33
8,37,2026,1,22,15,7,5,35
8,46,2026,1,22,8,15,16,34
8,54,2026,1,22,20,4,20,18
9,0,2026,1,22,20,6,0,24
9,8,2026,1,22,8,2,4,22
9,18,2026,1,22,15,3,11,14
9,27,2026,1,22,14,3,10,7
9,37,2026,1,22,15,3,1,9
9,46,2026,1,22,8,3,5,7
9,54,2026,1,22,20,4,5,6
10,0,2026,1,22,20,5,0,11
10,8,2026,1,22,8,2,0,13
10,18,2026,1,22,15,3,6,10
10,27,2026,1,22,14,2,7,5
10,37,2026,1,22,15,6,1,10
10,46,2026,1,22,8,6,4,12
10,54,2026,1,22,20,5,7,10
11,0,2026,1,22,20,2,0,12
11,8,2026,1,22,8,6,3,15
11,18,2026,1,22,15,5,6,14
11,27,2026,1,22,14,2,8,8
11,37,2026,1,22,15,3,0,11
11,46,2026,1,22,8,2,3,10
11,54,2026,1,22,20,5,8,7
12,0,2026,1,22,20,5,0,12
12,8,2026,1,22,8,2,2,12
12,18,2026,1,22,15,5,5,12
12,27,2026,1,22,14,6,8,10
12,37,2026,1,22,15,5,3,12
12,46,2026,1,22,8,3,5,10
12,54,2026,1,22,20,6,7,9
13,0,2026,1,22,20,6,0,15
13,8,2026,1,22,8,5,1,19
13,18,2026,1,22,15,4,7,16
13,27,2026,1,22,14,2,11,7
13,37,2026,1,22,15,2,0,9
13,46,2026,1,22,8,6,1,14
13,54,2026,1,22,20,3,10,7
14,0,2026,1,22,20,5,0,12
14,8,2026,1,22,8,4,3,13
14,18,2026,1,22,15,5,6,12
14,27,2026,1,22,14,3,8,7
14,37,2026,1,22,15,3,1,9
14,46,2026,1,22,8,4,4,9
14,54,2026,1,22,20,2,5,6
15,0,2026,1,22,20,4,0,10
15,8,2026,1,22,8,4,1,13
15,18,2026,1,22,15,4,3,14
15,27,2026,1,22,14,4,10,8
15,37,2026,1,22,15,3,1,10
15,46,2026,1,22,8,3,3,10
15,54,2026,1,22,20,5,7,8
16,0,2026,1,22,20,5,0,13
16,8,2026,1,22,8,6,2,17
16,18,2026,1,22,15,3,6,14
16,27,2026,1,22,14,5,7,12
16,37,2026,1,22,15,3,1,14
16,46,2026,1,22,8,3,5,12
16,54,2026,1,22,20,2,7,7
17,0,2026,1,22,20,6,0,13
17,8,2026,1,22,8,6,4,15
17,18,2026,1,22,15,3,6,12
17,27,2026,1,22,14,4,6,10
17,37,2026,1,22,15,2,1,11
17,46,2026,1,22,8,6,4,13
17,54,2026,1,22,20,4,9,8
18,0,2026,1,22,20,3,0,11
18,8,2026,1,22,8,6,2,15
18,18,2026,1,22,15,2,9,8
18,27,2026,1,22,14,2,5,5
18,37,2026,1,22,15,2,1,6
18,46,2026,1,22,8,4,5,5
18,54,2026,1,22,20,6,2,9
19,0,2026,1,22,20,4,0,13
19,8,2026,1,22,8,6,4,15
19,18,2026,1,22,15,4,9,10
19,27,2026,1,22,14,2,6,6
19,37,2026,1,22,15,4,0,10
19,46,2026,1,22,8,5,5,10
19,54,2026,1,22,20,6,6,10
20,0,2026,1,22,20,4,0,14
20,8,2026,1,22,8,3,2,15
20,18,2026,1,22,15,4,6,13
20,27,2026,1,22,14,2,8,7
20,37,2026,1,22,15,5,2,10
20,46,2026,1,22,8,3,4,9
20,54,2026,1,22,20,4,4,9
21,0,2026,1,22,20,4,0,13
21,8,2026,1,22,8,3,5,11
21,18,2026,1,22,15,5,5,11
21,27,2026,1,22,14,5,8,8
21,37,2026,1,22,15,2,1,9
21,46,2026,1,22,8,6,5,10
21,54,2026,1,22,20,5,5,10
22,0,2026,1,22,20,6,0,16
22,8,2026,1,22,8,2,2,16
22,18,2026,1,22,15,6,10,12
22,27,2026,1,22,14,5,8,9
22,37,2026,1,22,15,4,1,12
22,46,2026,1,22,8,6,7,11
22,54,2026,1,22,20,2,5,8
23,0,2026,1,22,20,4,0,12
23,8,2026,1,22,8,3,2,13
23,18,2026,1,22,15,4,6,11
23,27,2026,1,22,14,4,6,9
23,37,2026,1,22,15,3,1,11
23,46,2026,1,22,8,6,7,10
23,54,2026,1,22,20,0,10,0
6,0,2026,1,23,20,4,0,4
6,8,2026,1,23,8,15,0,19
6,18,2026,1,23,15,9,8,20
6,27,2026,1,23,14,8,12,16
6,37,2026,1,23,15,8,3,21
6,46,2026,1,23,8,22,8,35
6,54,2026,1,23,20,2,16,21
7,0,2026,1,23,20,3,0,24
7,8,2026,1,23,8,5,2,27
7,18,2026,1,23,15,6,9,24
7,27,2026,1,23,14,8,19,13
7,37,2026,1,23,15,11,3,21
7,46,2026,1,23,8,17,10,28
7,54,2026,1,23,20,4,13,19
8,0,2026,1,23,20,6,0,25
8,8,2026,1,23,8,17,4,38
8,18,2026,1,23,15,5,14,29
8,27,2026,1,23,14,7,19,17
8,37,2026,1,23,15,12,2,27
8,46,2026,1,23,8,19,6,40
8,54,2026,1,23,20,6,20,26
9,0,2026,1,23,20,2,0,28
9,8,2026,1,23,8,4,4,28
9,18,2026,1,23,15,4,7,25
9,27,2026,1,23,14,4,20,9
9,37,2026,1,23,15,4,2,11
9,46,2026,1,23,8,2,6,7
9,54,2026,1,23,20,5,6,6
10,0,2026,1,23,20,5,0,11
10,8,2026,1,23,8,4,4,11
10,18,2026,1,23,15,2,2,11
10,27,2026,1,23,14,3,7,7
10,37,2026,1,23,15,4,0,11
10,46,2026,1,23,8,5,0,16
10,54,2026,1,23,20,4,10,10
11,0,2026,1,23,20,4,0,14
11,8,2026,1,23,8,2,7,9
11,18,2026,1,23,15,4,3,10
11,27,2026,1,23,14,4,9,5
11,37,2026,1,23,15,4,2,7
11,46,2026,1,23,8,2,5,4
11,54,2026,1,23,20,2,2,4
12,0,2026,1,23,20,2,0,6
12,8,2026,1,23,8,5,1,10
12,18,2026,1,23,15,3,4,9
12,27,2026,1,23,14,6,7,8
12,37,2026,1,23,15,2,2,8
12,46,2026,1,23,8,5,4,9
12,54,2026,1,23,20,2,5,6
13,0,2026,1,23,20,3,0,9
13,8,2026,1,23,8,4,2,11
13,18,2026,1,23,15,2,8,5
13,27,2026,1,23,14,5,3,7
13,37,2026,1,23,15,3,2,8
13,46,2026,1,23,8,6,3,11
13,54,2026,1,23,20,2,4,9
14,0,2026,1,23,20,2,0,11
14,8,2026,1,23,8,5,1,15
14,18,2026,1,23,15,5,8,12
14,27,2026,1,23,14,5,8,9
14,37,2026,1,23,15,4,1,12
14,46,2026,1,23,8,6,7,11
14,54,2026,1,23,20,6,6,11
15,0,2026,1,23,20,2,0,13
15,8,2026,1,23,8,5,1,17
15,18,2026,1,23,15,2,8,11
15,27,2026,1,23,14,6,7,10
15,37,2026,1,23,15,5,0,15
15,46,2026,1,23,8,2,6,11
15,54,2026,1,23,20,6,7,10
16,0,2026,1,23,20,6,0,16
16,8,2026,1,23,8,2,5,13
16,18,2026,1,23,15,4,5,12
16,27,2026,1,23,14,4,7,9
16,37,2026,1,23,15,3,0,12
16,46,2026,1,23,8,4,2,14
16,54,2026,1,23,20,5,10,9
17,0,2026,1,23,20,6,0,15
17,8,2026,1,23,8,4,3,16
17,18,2026,1,23,15,5,8,13
17,27,2026,1,23,14,4,9,8
17,37,2026,1,23,15,2,2,8
17,46,2026,1,23,8,2,4,6
17,54,2026,1,23,20,5,4,7
18,0,2026,1,23,20,4,0,11
18,8,2026,1,23,8,4,2,13
18,18,2026,1,23,15,3,7,9
18,27,2026,1,23,14,5,6,8
18,37,2026,1,23,15,5,1,12
18,46,2026,1,23,8,6,2,16
18,54,2026,1,23,20,4,11,9
19,0,2026,1,23,20,3,0,12
19,8,2026,1,23,8,6,3,15
19,18,2026,1,23,15,2,5,12
19,27,2026,1,23,14,2,10,4
19,37,2026,1,23,15,6,1,9
19,46,2026,1,23,8,3,4,8
19,54,2026,1,23,20,5,4,9
20,0,2026,1,23,20,2,0,11
20,8,2026,1,23,8,5,3,13
20,18,2026,1,23,15,4,8,9
20,27,2026,1,23,14,4,4,9
20,37,2026,1,23,15,3,1,11
20,46,2026,1,23,8,5,3,13
20,54,2026,1,23,20,5,9,9
21,0,2026,1,23,20,5,0,14
21,8,2026,1,23,8,6,5,15
21,18,2026,1,23,15,4,7,12
21,27,2026,1,23,14,3,8,7
21,37,2026,1,23,15,6,0,13
21,46,2026,1,23,8,6,5,14
21,54,2026,1,23,20,5,9,10
22,0,2026,1,23,20,4,0,14
22,8,2026,1,23,8,3,4,13
22,18,2026,1,23,15,6,7,12
22,27,2026,1,23,14,2,6,8
22,37,2026,1,23,15,2,1,9
22,46,2026,1,23,8,5,3,11
22,54,2026,1,23,20,3,6,8
23,0,2026,1,23,20,2,0,10
23,8,2026,1,23,8,4,1,13
23,18,2026,1,23,15,3,8,8
23,27,2026,1,23,14,6,6,8
23,37,2026,1,23,15,3,4,7
23,46,2026,1,23,8,2,2,7
23,54,2026,1,23,20,0,7,0
6,0,2026,1,24,20,3,0,3
6,8,2026,1,24,8,13,1,15
6,18,2026,1,24,15,18,5,28
6,27,2026,1,24,14,11,11,28
6,37,2026,1,24,15,9,3,34
6,46,2026,1,24,8,9,12,31
6,54,2026,1,24,20,5,20,16
7,0,2026,1,24,20,2,0,18
7,8,2026,1,24,8,9,3,24
7,18,2026,1,24,15,21,7,38
7,27,2026,1,24,14,11,16,33
7,37,2026,1,24,15,5,5,33
7,46,2026,1,24,8,8,13,28
7,54,2026,1,24,20,5,20,13
8,0,2026,1,24,20,3,0,16
8,8,2026,1,24,8,5,2,19
8,18,2026,1,24,15,19,11,27
8,27,2026,1,24,14,18,10,35
8,37,2026,1,24,15,8,5,38
8,46,2026,1,24,8,18,17,39
8,54,2026,1,24,20,4,20,23
9,0,2026,1,24,20,2,0,25
9,8,2026,1,24,8,4,2,27
9,18,2026,1,24,15,2,11,18
9,27,2026,1,24,14,2,16,4
9,37,2026,1,24,15,5,0,9
9,46,2026,1,24,8,4,5,8
9,54,2026,1,24,20,6,5,9
10,0,2026,1,24,20,2,0,11
10,8,2026,1,24,8,5,3,13
10,18,2026,1,24,15,6,6,13
10,27,2026,1,24,14,3,4,12
10,37,2026,1,24,15,2,1,13
10,46,2026,1,24,8,6,4,15
10,54,2026,1,24,20,5,10,10
11,0,2026,1,24,20,2,0,12
11,8,2026,1,24,8,4,2,14
11,18,2026,1,24,15,3,8,9
11,27,2026,1,24,14,3,6,6
11,37,2026,1,24,15,4,1,9
11,46,2026,1,24,8,3,7,5
11,54,2026,1,24,20,5,3,7
12,0,2026,1,24,20,5,0,12
12,8,2026,1,24,8,2,4,10
12,18,2026,1,24,15,2,3,9
12,27,2026,1,24,14,4,7,6
12,37,2026,1,24,15,5,0,11
12,46,2026,1,24,8,2,6,7
12,54,2026,1,24,20,3,4,6
13,0,2026,1,24,20,6,0,12
13,8,2026,1,24,8,4,4,12
13,18,2026,1,24,15,6,5,13
13,27,2026,1,24,14,4,9,8
13,37,2026,1,24,15,5,0,13
13,46,2026,1,24,8,6,7,12
13,54,2026,1,24,20,4,6,10
14,0,2026,1,24,20,5,0,15
14,8,2026,1,24,8,4,3,16
14,18,2026,1,24,15,2,6,12
14,27,2026,1,24,14,3,11,4
14,37,2026,1,24,15,3,0,7
14,46,2026,1,24,8,2,4,5
14,54,2026,1,24,20,6,3,8
15,0,2026,1,24,20,5,0,13
15,8,2026,1,24,8,5,5,13
15,18,2026,1,24,15,6,5,14
15,27,2026,1,24,14,4,8,10
15,37,2026,1,24,15,4,1,13
15,46,2026,1,24,8,2,4,11
15,54,2026,1,24,20,2,7,6
16,0,2026,1,24,20,4,0,10
16,8,2026,1,24,8,3,1,12
16,18,2026,1,24,15,4,4,12
16,27,2026,1,24,14,5,8,9
16,37,2026,1,24,15,5,0,14
16,46,2026,1,24,8,5,5,14
16,54,2026,1,24,20,5,9,10
17,0,2026,1,24,20,2,0,12
17,8,2026,1,24,8,6,3,15
17,18,2026,1,24,15,6,6,15
17,27,2026,1,24,14,2,8,9
17,37,2026,1,24,15,5,1,13
17,46,2026,1,24,8,3,7,9
17,54,2026,1,24,20,4,6,7
18,0,2026,1,24,20,4,0,11
18,8,2026,1,24,8,5,4,12
18,18,2026,1,24,15,5,7,10
18,27,2026,1,24,14,3,4,9
18,37,2026,1,24,15,2,0,11
18,46,2026,1,24,8,3,6,8
18,54,2026,1,24,20,5,4,9
19,0,2026,1,24,20,2,0,11
19,8,2026,1,24,8,2,1,12
19,18,2026,1,24,15,5,3,14
19,27,2026,1,24,14,2,9,7
19,37,2026,1,24,15,4,0,11
19,46,2026,1,24,8,5,3,13
19,54,2026,1,24,20,2,6,9
20,0,2026,1,24,20,3,0,12
20,8,2026,1,24,8,6,0,18
20,18,2026,1,24,15,3,7,14
20,27,2026,1,24,14,4,10,8
20,37,2026,1,24,15,5,2,11
20,46,2026,1,24,8,6,5,12
20,54,2026,1,24,20,3,5,10
21,0,2026,1,24,20,3,0,13
21,8,2026,1,24,8,2,3,12
21,18,2026,1,24,15,4,5,11
21,27,2026,1,24,14,4,8,7
21,37,2026,1,24,15,4,3,8
21,46,2026,1,24,8,5,2,11
21,54,2026,1,24,20,3,6,8
22,0,2026,1,24,20,4,0,12
22,8,2026,1,24,8,5,2,15
22,18,2026,1,24,15,6,4,17
22,27,2026,1,24,14,3,10,10
22,37,2026,1,24,15,6,2,14
22,46,2026,1,24,8,6,5,15
22,54,2026,1,24,20,2,10,7
23,0,2026,1,24,20,4,0,11
23,8,2026,1,24,8,5,1,15
23,18,2026,1,24,15,6,4,17
23,27,2026,1,24,14,3,10,10
23,37,2026,1,24,15,3,1,12
23,46,2026,1,24,8,6,4,14
23,54,2026,1,24,20,0,14,0
6,0,2026,1,25,20,2,0,2
6,8,2026,1,25,8,6,0,8
6,18,2026,1,25,15,15,4,19
6,27,2026,1,25,14,7,9,17
6,37,2026,1,25,15,14,2,29
6,46,2026,1,25,8,11,11,29
6,54,2026,1,25,20,2,17,14
7,0,2026,1,25,20,6,0,20
7,8,2026,1,25,8,21,4,37
7,18,2026,1,25,15,18,17,38
7,27,2026,1,25,14,5,19,24
7,37,2026,1,25,15,7,2,29
7,46,2026,1,25,8,5,8,26
7,54,2026,1,25,20,6,20,12
8,0,2026,1,25,20,6,0,18
8,8,2026,1,25,8,10,4,24
8,18,2026,1,25,15,15,13,26
8,27,2026,1,25,14,18,16,28
8,37,2026,1,25,15,16,7,37
8,46,2026,1,25,8,8,20,25
8,54,2026,1,25,20,5,16,14
9,0,2026,1,25,20,5,0,19
9,8,2026,1,25,8,6,1,24
9,18,2026,1,25,15,6,7,23
9,27,2026,1,25,14,6,19,10
9,37,2026,1,25,15,5,2,13
9,46,2026,1,25,8,6,5,14
9,54,2026,1,25,20,6,7,13
10,0,2026,1,25,20,5,0,18
10,8,2026,1,25,8,6,4,20
10,18,2026,1,25,15,2,12,10
10,27,2026,1,25,14,4,9,5
10,37,2026,1,25,15,4,2,7
10,46,2026,1,25,8,5,3,9
10,54,2026,1,25,20,3,3,9
11,0,2026,1,25,20,3,0,12
11,8,2026,1,25,8,4,1,15
11,18,2026,1,25,15,6,8,13
11,27,2026,1,25,14,4,7,10
11,37,2026,1,25,15,6,2,14
11,46,2026,1,25,8,3,3,14
11,54,2026,1,25,20,6,7,13
12,0,2026,1,25,20,6,0,19
12,8,2026,1,25,8,5,3,21
12,18,2026,1,25,15,2,7,16
12,27,2026,1,25,14,5,13,8
12,37,2026,1,25,15,2,2,8
12,46,2026,1,25,8,2,3,7
12,54,2026,1,25,20,6,4,9
13,0,2026,1,25,20,3,0,12
13,8,2026,1,25,8,4,1,15
13,18,2026,1,25,15,6,5,16
13,27,2026,1,25,14,3,10,9
13,37,2026,1,25,15,5,2,12
13,46,2026,1,25,8,4,4,12
13,54,2026,1,25,20,4,7,9
14,0,2026,1,25,20,4,0,13
14,8,2026,1,25,8,4,1,16
14,18,2026,1,25,15,4,8,12
14,27,2026,1,25,14,6,8,10
14,37,2026,1,25,15,6,1,15
14,46,2026,1,25,8,5,8,12
14,54,2026,1,25,20,4,5,11
15,0,2026,1,25,20,3,0,14
15,8,2026,1,25,8,4,1,17
15,18,2026,1,25,15,2,10,9
15,27,2026,1,25,14,5,5,9
15,37,2026,1,25,15,4,2,11
15,46,2026,1,25,8,3,5,9
15,54,2026,1,25,20,6,8,7
16,0,2026,1,25,20,6,0,13
16,8,2026,1,25,8,2,3,12
16,18,2026,1,25,15,2,3,11
16,27,2026,1,25,14,4,9,6
16,37,2026,1,25,15,2,2,6
16,46,2026,1,25,8,6,2,10
16,54,2026,1,25,20,3,6,7
17,0,2026,1,25,20,5,0,12
17,8,2026,1,25,8,3,3,12
17,18,2026,1,25,15,2,6,8
17,27,2026,1,25,14,5,5,8
17,37,2026,1,25,15,6,0,14
17,46,2026,1,25,8,2,6,10
17,54,2026,1,25,20,2,6,6
18,0,2026,1,25,20,6,0,12
18,8,2026,1,25,8,3,6,9
18,18,2026,1,25,15,4,3,10
18,27,2026,1,25,14,5,9,6
18,37,2026,1,25,15,3,1,8
18,46,2026,1,25,8,6,3,11
18,54,2026,1,25,20,5,6,10
19,0,2026,1,25,20,6,0,16
19,8,2026,1,25,8,3,3,16
19,18,2026,1,25,15,6,5,17
19,27,2026,1,25,14,5,14,8
19,37,2026,1,25,15,5,1,12
19,46,2026,1,25,8,4,8,8
19,54,2026,1,25,20,3,5,6
20,0,2026,1,25,20,4,0,10
20,8,2026,1,25,8,2,2,10
20,18,2026,1,25,15,2,6,6
20,27,2026,1,25,14,4,4,6
20,37,2026,1,25,15,3,2,7
20,46,2026,1,25,8,6,4,9
20,54,2026,1,25,20,5,5,9
21,0,2026,1,25,20,3,0,12
21,8,2026,1,25,8,2,2,12
21,18,2026,1,25,15,5,9,8
21,27,2026,1,25,14,6,6,8
21,37,2026,1,25,15,4,1,11
21,46,2026,1,25,8,5,2,14
21,54,2026,1,25,20,3,10,7
22,0,2026,1,25,20,4,0,11
22,8,2026,1,25,8,6,1,16
22,18,2026,1,25,15,4,5,15
22,27,2026,1,25,14,4,12,7
22,37,2026,1,25,15,3,1,9
22,46,2026,1,25,8,6,2,13
22,54,2026,1,25,20,2,8,7
23,0,2026,1,25,20,6,0,13
23,8,2026,1,25,8,2,2,13
23,18,2026,1,25,15,2,6,9
23,27,2026,1,25,14,4,6,7
23,37,2026,1,25,15,4,4,7
23,46,2026,1,25,8,3,5,5
23,54,2026,1,25,20,0,5,0
6,0,2026,1,26,20,2,0,2
6,8,2026,1,26,8,12,1,13
6,18,2026,1,26,15,10,2,21
6,27,2026,1,26,14,20,10,31
6,37,2026,1,26,15,14,4,41
6,46,2026,1,26,8,7,17,31
6,54,2026,1,26,20,5,20,16
7,0,2026,1,26,20,3,0,19
7,8,2026,1,26,8,18,4,33
7,18,2026,1,26,15,11,13,31
7,27,2026,1,26,14,15,20,26
7,37,2026,1,26,15,18,7,37
7,46,2026,1,26,8,22,11,48
7,54,2026,1,26,20,3,20,31
8,0,2026,1,26,20,4,0,35
8,8,2026,1,26,8,8,2,41
8,18,2026,1,26,15,10,18,33
8,27,2026,1,26,14,15,20,28
8,37,2026,1,26,15,16,7,37
8,46,2026,1,26,8,9,13,33
8,54,2026,1,26,20,3,20,16
9,0,2026,1,26,20,3,0,19
9,8,2026,1,26,8,6,1,24
9,18,2026,1,26,15,6,7,23
9,27,2026,1,26,14,5,17,11
9,37,2026,1,26,15,2,4,9
9,46,2026,1,26,8,5,2,12
9,54,2026,1,26,20,4,8,8
10,0,2026,1,26,20,3,0,11
10,8,2026,1,26,8,6,4,13
10,18,2026,1,26,15,3,5,11
10,27,2026,1,26,14,6,7,10
10,37,2026,1,26,15,5,0,15
10,46,2026,1,26,8,3,5,13
10,54,2026,1,26,20,5,8,10
11,0,2026,1,26,20,5,0,15
11,8,2026,1,26,8,6,3,18
11,18,2026,1,26,15,3,7,14
11,27,2026,1,26,14,4,11,7
11,37,2026,1,26,15,3,1,9
11,46,2026,1,26,8,6,4,11
11,54,2026,1,26,20,3,7,7
12,0,2026,1,26,20,3,0,10
12,8,2026,1,26,8,4,1,13
12,18,2026,1,26,15,6,6,13
12,27,2026,1,26,14,3,9,7
12,37,2026,1,26,15,3,2,8
12,46,2026,1,26,8,4,4,8
12,54,2026,1,26,20,3,6,5
13,0,2026,1,26,20,2,0,7
13,8,2026,1,26,8,4,1,10
13,18,2026,1,26,15,5,4,11
13,27,2026,1,26,14,6,7,10
13,37,2026,1,26,15,3,3,10
13,46,2026,1,26,8,4,3,11
13,54,2026,1,26,20,2,7,6
14,0,2026,1,26,20,4,0,10
14,8,2026,1,26,8,4,3,11
14,18,2026,1,26,15,3,5,9
14,27,2026,1,26,14,3,5,7
14,37,2026,1,26,15,4,0,11
14,46,2026,1,26,8,5,4,12
14,54,2026,1,26,20,3,6,9
15,0,2026,1,26,20,4,0,13
15,8,2026,1,26,8,6,3,16
15,18,2026,1,26,15,5,8,13
15,27,2026,1,26,14,3,8,8
15,37,2026,1,26,15,4,1,11
15,46,2026,1,26,8,6,5,12
15,54,2026,1,26,20,3,8,7
16,0,2026,1,26,20,4,0,11
16,8,2026,1,26,8,5,4,12
16,18,2026,1,26,15,5,4,13
16,27,2026,1,26,14,3,8,8
16,37,2026,1,26,15,6,1,13
16,46,2026,1,26,8,4,4,13
16,54,2026,1,26,20,4,8,9
17,0,2026,1,26,20,4,0,13
17,8,2026,1,26,8,5,4,14
17,18,2026,1,26,15,3,6,11
17,27,2026,1,26,14,6,8,9
17,37,2026,1,26,15,3,3,9
17,46,2026,1,26,8,2,5,6
17,54,2026,1,26,20,3,2,7
18,0,2026,1,26,20,4,0,11
18,8,2026,1,26,8,5,3,13
18,18,2026,1,26,15,5,6,12
18,27,2026,1,26,14,6,9,9
18,37,2026,1,26,15,6,2,13
18,46,2026,1,26,8,4,7,10
18,54,2026,1,26,20,6,5,11
19,0,2026,1,26,20,6,0,17
19,8,2026,1,26,8,2,4,15
19,18,2026,1,26,15,4,8,11
19,27,2026,1,26,14,3,8,6
19,37,2026,1,26,15,5,1,10
19,46,2026,1,26,8,2,3,9
19,54,2026,1,26,20,2,4,7
20,0,2026,1,26,20,6,0,13
20,8,2026,1,26,8,3,4,12
20,18,2026,1,26,15,3,4,11
20,27,2026,1,26,14,2,8,5
20,37,2026,1,26,15,4,2,7
20,46,2026,1,26,8,2,0,9
20,54,2026,1,26,20,2,5,6
21,0,2026,1,26,20,6,0,12
21,8,2026,1,26,8,2,3,11
21,18,2026,1,26,15,2,3,10
21,27,2026,1,26,14,3,8,5
21,37,2026,1,26,15,5,1,9
21,46,2026,1,26,8,6,2,13
21,54,2026,1,26,20,6,6,13
22,0,2026,1,26,20,3,0,16
22,8,2026,1,26,8,3,2,17
22,18,2026,1,26,15,5,6,16
22,27,2026,1,26,14,6,10,12
22,37,2026,1,26,15,4,1,15
22,46,2026,1,26,8,3,4,14
22,54,2026,1,26,20,5,10,9
23,0,2026,1,26,20,5,0,14
23,8,2026,1,26,8,4,2,16
23,18,2026,1,26,15,4,7,13
23,27,2026,1,26,14,6,10,9
23,37,2026,1,26,15,2,3,8
23,46,2026,1,26,8,3,2,9
23,54,2026,1,26,20,0,9,0
6,0,2026,1,27,20,6,0,6
6,8,2026,1,27,8,7,1,12
6,18,2026,1,27,15,19,8,23
6,27,2026,1,27,14,18,7,34
6,37,2026,1,27,15,13,6,41
6,46,2026,1,27,8,12,20,33
6,54,2026,1,27,20,4,20,17
7,0,2026,1,27,20,5,0,22
7,8,2026,1,27,8,7,5,24
7,18,2026,1,27,15,11,9,26
7,27,2026,1,27,14,13,18,21
7,37,2026,1,27,15,11,3,29
7,46,2026,1,27,8,15,11,33
7,54,2026,1,27,20,2,19,16
8,0,2026,1,27,20,6,0,22
8,8,2026,1,27,8,6,4,24
8,18,2026,1,27,15,22,8,38
8,27,2026,1,27,14,6,19,25
8,37,2026,1,27,15,9,2,32
8,46,2026,1,27,8,19,13,38
8,54,2026,1,27,20,6,20,24
9,0,2026,1,27,20,3,0,27
9,8,2026,1,27,8,2,3,26
9,18,2026,1,27,15,3,19,10
9,27,2026,1,27,14,2,8,4
9,37,2026,1,27,15,3,1,6
9,46,2026,1,27,8,3,2,7
9,54,2026,1,27,20,4,4,7
10,0,2026,1,27,20,3,0,10
10,8,2026,1,27,8,5,3,12
10,18,2026,1,27,15,2,2,12
10,27,2026,1,27,14,3,9,6
10,37,2026,1,27,15,3,0,9
10,46,2026,1,27,8,3,3,9
10,54,2026,1,27,20,3,5,7
11,0,2026,1,27,20,4,0,11
11,8,2026,1,27,8,2,2,11
11,18,2026,1,27,15,6,5,12
11,27,2026,1,27,14,3,9,6
11,37,2026,1,27,15,3,2,7
11,46,2026,1,27,8,3,5,5
11,54,2026,1,27,20,3,3,5
12,0,2026,1,27,20,2,0,7
12,8,2026,1,27,8,5,1,11
12,18,2026,1,27,15,6,6,11
12,27,2026,1,27,14,3,8,6
12,37,2026,1,27,15,5,1,10
12,46,2026,1,27,8,5,4,11
12,54,2026,1,27,20,4,5,10
13,0,2026,1,27,20,5,0,15
13,8,2026,1,27,8,4,4,15
13,18,2026,1,27,15,4,7,12
13,27,2026,1,27,14,2,7,7
13,37,2026,1,27,15,2,1,8
13,46,2026,1,27,8,4,4,8
13,54,2026,1,27,20,2,6,4
14,0,2026,1,27,20,3,0,7
14,8,2026,1,27,8,2,1,8
14,18,2026,1,27,15,2,3,7
14,27,2026,1,27,14,2,5,4
14,37,2026,1,27,15,2,1,5
14,46,2026,1,27,8,3,3,5
14,54,2026,1,27,20,4,3,6
15,0,2026,1,27,20,6,0,12
15,8,2026,1,27,8,4,5,11
15,18,2026,1,27,15,5,6,10
15,27,2026,1,27,14,4,6,8
15,37,2026,1,27,15,3,1,10
15,46,2026,1,27,8,6,4,12
15,54,2026,1,27,20,3,8,7
16,0,2026,1,27,20,5,0,12
16,8,2026,1,27,8,2,2,12
16,18,2026,1,27,15,2,2,12
16,27,2026,1,27,14,6,11,7
16,37,2026,1,27,15,4,1,10
16,46,2026,1,27,8,3,4,9
16,54,2026,1,27,20,4,8,5
17,0,2026,1,27,20,6,0,11
17,8,2026,1,27,8,3,2,12
17,18,2026,1,27,15,2,6,8
17,27,2026,1,27,14,6,5,9
17,37,2026,1,27,15,5,3,11
17,46,2026,1,27,8,4,3,12
17,54,2026,1,27,20,4,8,8
18,0,2026,1,27,20,6,0,14
18,8,2026,1,27,8,5,3,16
18,18,2026,1,27,15,5,4,17
18,27,2026,1,27,14,6,11,12
18,37,2026,1,27,15,4,1,15
18,46,2026,1,27,8,6,5,16
18,54,2026,1,27,20,5,8,13
19,0,2026,1,27,20,3,0,16
19,8,2026,1,27,8,2,3,15
19,18,2026,1,27,15,4,6,13
19,27,2026,1,27,14,6,10,9
19,37,2026,1,27,15,3,3,9
19,46,2026,1,27,8,5,3,11
19,54,2026,1,27,20,6,6,11
20,0,2026,1,27,20,6,0,17
20,8,2026,1,27,8,4,5,16
20,18,2026,1,27,15,4,3,17
20,27,2026,1,27,14,6,15,8
20,37,2026,1,27,15,2,0,10
20,46,2026,1,27,8,6,3,13
20,54,2026,1,27,20,6,9,10
21,0,2026,1,27,20,6,0,16
21,8,2026,1,27,8,6,5,17
21,18,2026,1,27,15,3,9,11
21,27,2026,1,27,14,2,7,6
21,37,2026,1,27,15,2,0,8
21,46,2026,1,27,8,2,0,10
21,54,2026,1,27,20,2,9,3
22,0,2026,1,27,20,2,0,5
22,8,2026,1,27,8,4,1,8
22,18,2026,1,27,15,3,5,6
22,27,2026,1,27,14,3,4,5
22,37,2026,1,27,15,3,0,8
22,46,2026,1,27,8,4,3,9
22,54,2026,1,27,20,6,5,10
23,0,2026,1,27,20,3,0,13
23,8,2026,1,27,8,3,3,13
23,18,2026,1,27,15,2,4,11
23,27,2026,1,27,14,3,9,5
23,37,2026,1,27,15,6,0,11
23,46,2026,1,27,8,4,5,10
23,54,2026,1,27,20,0,10,0
6,0,2026,1,28,20,6,0,6
6,8,2026,1,28,8,18,2,22
6,18,2026,1,28,15,19,7,34
6,27,2026,1,28,14,17,13,38
6,37,2026,1,28,15,13,2,49
6,46,2026,1,28,8,10,20,39
6,54,2026,1,28,20,6,20,25
7,0,2026,1,28,20,3,0,28
7,8,2026,1,28,8,20,3,45
7,18,2026,1,28,15,17,16,46
7,27,2026,1,28,14,20,20,46
7,37,2026,1,28,15,20,11,55
7,46,2026,1,28,8,18,20,53
7,54,2026,1,28,20,5,20,38
8,0,2026,1,28,20,5,0,43
8,8,2026,1,28,8,20,7,56
8,18,2026,1,28,15,9,20,45
8,27,2026,1,28,14,18,20,43
8,37,2026,1,28,15,7,9,41
8,46,2026,1,28,8,12,19,34
8,54,2026,1,28,20,4,20,18
9,0,2026,1,28,20,4,0,22
9,8,2026,1,28,8,5,0,27
9,18,2026,1,28,15,5,10,22
9,27,2026,1,28,14,4,20,6
9,37,2026,1,28,15,2,1,7
9,46,2026,1,28,8,2,5,4
9,54,2026,1,28,20,4,2,6
10,0,2026,1,28,20,6,0,12
10,8,2026,1,28,8,5,4,13
10,18,2026,1,28,15,3,4,12
10,27,2026,1,28,14,3,9,6
10,37,2026,1,28,15,5,2,9
10,46,2026,1,28,8,6,1,14
10,54,2026,1,28,20,5,5,14
11,0,2026,1,28,20,6,0,20
11,8,2026,1,28,8,3,4,19
11,18,2026,1,28,15,4,7,16
11,27,2026,1,28,14,6,10,12
11,37,2026,1,28,15,4,2,14
11,46,2026,1,28,8,3,5,12
11,54,2026,1,28,20,5,7,10
12,0,2026,1,28,20,6,0,16
12,8,2026,1,28,8,3,3,16
12,18,2026,1,28,15,6,6,16
12,27,2026,1,28,14,6,11,11
12,37,2026,1,28,15,6,1,16
12,46,2026,1,28,8,5,7,14
12,54,2026,1,28,20,4,9,9
13,0,2026,1,28,20,2,0,11
13,8,2026,1,28,8,6,2,15
13,18,2026,1,28,15,5,8,12
13,27,2026,1,28,14,6,6,12
13,37,2026,1,28,15,2,1,13
13,46,2026,1,28,8,3,8,8
13,54,2026,1,28,20,6,3,11
14,0,2026,1,28,20,2,0,13
14,8,2026,1,28,8,2,4,11
14,18,2026,1,28,15,3,7,7
14,27,2026,1,28,14,6,5,8
14,37,2026,1,28,15,3,2,9
14,46,2026,1,28,8,4,6,7
14,54,2026,1,28,20,5,3,9
15,0,2026,1,28,20,4,0,13
15,8,2026,1,28,8,6,5,14
15,18,2026,1,28,15,6,9,11
15,27,2026,1,28,14,2,8,5
15,37,2026,1,28,15,2,1,6
15,46,2026,1,28,8,6,2,10
15,54,2026,1,28,20,3,4,9
16,0,2026,1,28,20,6,0,15
16,8,2026,1,28,8,6,2,19
16,18,2026,1,28,15,5,8,16
16,27,2026,1,28,14,5,10,11
16,37,2026,1,28,15,3,2,12
16,46,2026,1,28,8,3,4,11
16,54,2026,1,28,20,2,9,4
17,0,2026,1,28,20,4,0,8
17,8,2026,1,28,8,2,2,8
17,18,2026,1,28,15,6,2,12
17,27,2026,1,28,14,2,8,6
17,37,2026,1,28,15,2,2,6
17,46,2026,1,28,8,6,0,12
17,54,2026,1,28,20,6,9,9
18,0,2026,1,28,20,6,0,15
18,8,2026,1,28,8,6,3,18
18,18,2026,1,28,15,4,9,13
18,27,2026,1,28,14,6,10,9
18,37,2026,1,28,15,4,3,10
18,46,2026,1,28,8,5,3,12
18,54,2026,1,28,20,4,6,10
19,0,2026,1,28,20,4,0,14
19,8,2026,1,28,8,2,3,13
19,18,2026,1,28,15,2,4,11
19,27,2026,1,28,14,3,8,6
19,37,2026,1,28,15,5,1,10
19,46,2026,1,28,8,5,7,8
19,54,2026,1,28,20,2,2,8
20,0,2026,1,28,20,6,0,14
20,8,2026,1,28,8,6,3,17
20,18,2026,1,28,15,2,6,13
20,27,2026,1,28,14,2,11,4
20,37,2026,1,28,15,3,1,6
20,46,2026,1,28,8,3,3,6
20,54,2026,1,28,20,2,4,4
21,0,2026,1,28,20,4,0,8
21,8,2026,1,28,8,2,0,10
21,18,2026,1,28,15,3,4,9
21,27,2026,1,28,14,5,5,9
21,37,2026,1,28,15,5,3,11
21,46,2026,1,28,8,4,4,11
21,54,2026,1,28,20,3,8,6
22,0,2026,1,28,20,5,0,11
22,8,2026,1,28,8,6,5,12
22,18,2026,1,28,15,2,5,9
22,27,2026,1,28,14,3,6,6
22,37,2026,1,28,15,5,3,8
22,46,2026,1,28,8,2,0,10
22,54,2026,1,28,20,2,7,5
23,0,2026,1,28,20,3,0,8
23,8,2026,1,28,8,2,3,7
23,18,2026,1,28,15,2,0,9
23,27,2026,1,28,14,3,5,7
23,37,2026,1,28,15,2,1,8
23,46,2026,1,28,8,4,4,8
23,54,2026,1,28,20,0,8,0
6,0,2026,1,29,20,5,0,5
6,8,2026,1,29,8,18,2,21
6,18,2026,1,29,15,5,9,17
6,27,2026,1,29,14,16,6,27
6,37,2026,1,29,15,12,3,36
6,46,2026,1,29,8,7,12,31
6,54,2026,1,29,20,4,20,15
7,0,2026,1,29,20,4,0,19
7,8,2026,1,29,8,6,3,22
7,18,2026,1,29,15,21,6,37
7,27,2026,1,29,14,14,20,31
7,37,2026,1,29,15,13,4,40
7,46,2026,1,29,8,22,15,47
7,54,2026,1,29,20,3,20,30
8,0,2026,1,29,20,4,0,34
8,8,2026,1,29,8,14,2,46
8,18,2026,1,29,15,10,20,36
8,27,2026,1,29,14,11,20,27
8,37,2026,1,29,15,12,1,38
8,46,2026,1,29,8,14,11,41
8,54,2026,1,29,20,4,20,25
9,0,2026,1,29,20,4,0,29
9,8,2026,1,29,8,3,2,30
9,18,2026,1,29,15,2,9,23
9,27,2026,1,29,14,2,19,6
9,37,2026,1,29,15,2,1,7
9,46,2026,1,29,8,4,3,8
9,54,2026,1,29,20,3,5,6
10,0,2026,1,29,20,5,0,11
10,8,2026,1,29,8,4,3,12
10,18,2026,1,29,15,6,6,12
10,27,2026,1,29,14,4,6,10
10,37,2026,1,29,15,4,2,12
10,46,2026,1,29,8,2,6,8
10,54,2026,1,29,20,6,7,7
11,0,2026,1,29,20,2,0,9
11,8,2026,1,29,8,2,3,8
11,18,2026,1,29,15,6,3,11
11,27,2026,1,29,14,3,5,9
11,37,2026,1,29,15,3,0,12
11,46,2026,1,29,8,5,7,10
11,54,2026,1,29,20,3,7,6
12,0,2026,1,29,20,2,0,8
12,8,2026,1,29,8,6,2,12
12,18,2026,1,29,15,3,6,9
12,27,2026,1,29,14,5,6,8
12,37,2026,1,29,15,5,3,10
12,46,2026,1,29,8,2,3,9
12,54,2026,1,29,20,3,8,4
13,0,2026,1,29,20,4,0,8
13,8,2026,1,29,8,6,2,12
13,18,2026,1,29,15,5,1,16
13,27,2026,1,29,14,4,11,9
13,37,2026,1,29,15,3,2,10
13,46,2026,1,29,8,6,1,15
13,54,2026,1,29,20,6,7,14
14,0,2026,1,29,20,6,0,20
14,8,2026,1,29,8,4,5,19
14,18,2026,1,29,15,4,10,13
14,27,2026,1,29,14,5,8,10
14,37,2026,1,29,15,4,2,12
14,46,2026,1,29,8,4,5,11
14,54,2026,1,29,20,4,7,8
15,0,2026,1,29,20,3,0,11
15,8,2026,1,29,8,5,3,13
15,18,2026,1,29,15,6,5,14
15,27,2026,1,29,14,6,8,12
15,37,2026,1,29,15,2,2,12
15,46,2026,1,29,8,2,2,12
15,54,2026,1,29,20,4,9,7
16,0,2026,1,29,20,6,0,13
16,8,2026,1,29,8,6,4,15
16,18,2026,1,29,15,3,8,10
16,27,2026,1,29,14,3,6,7
16,37,2026,1,29,15,4,0,11
16,46,2026,1,29,8,2,3,10
16,54,2026,1,29,20,5,8,7
17,0,2026,1,29,20,3,0,10
17,8,2026,1,29,8,6,6,10
17,18,2026,1,29,15,5,3,12
17,27,2026,1,29,14,3,5,10
17,37,2026,1,29,15,3,1,12
17,46,2026,1,29,8,5,5,12
17,54,2026,1,29,20,5,6,11
18,0,2026,1,29,20,3,0,14
18,8,2026,1,29,8,2,3,13
18,18,2026,1,29,15,6,7,12
18,27,2026,1,29,14,6,7,11
18,37,2026,1,29,15,4,2,13
18,46,2026,1,29,8,5,6,12
18,54,2026,1,29,20,5,7,10
19,0,2026,1,29,20,3,0,13
19,8,2026,1,29,8,5,2,16
19,18,2026,1,29,15,6,9,13
19,27,2026,1,29,14,6,8,11
19,37,2026,1,29,15,2,2,11
19,46,2026,1,29,8,2,6,7
19,54,2026,1,29,20,4,4,7
20,0,2026,1,29,20,3,0,10
20,8,2026,1,29,8,6,1,15
20,18,2026,1,29,15,6,5,16
20,27,2026,1,29,14,6,9,13
20,37,2026,1,29,15,5,1,17
20,46,2026,1,29,8,3,4,16
20,54,2026,1,29,20,6,12,10
21,0,2026,1,29,20,6,0,16
21,8,2026,1,29,8,6,5,17
21,18,2026,1,29,15,3,5,15
21,27,2026,1,29,14,6,10,11
21,37,2026,1,29,15,2,3,10
21,46,2026,1,29,8,4,6,8
21,54,2026,1,29,20,2,6,4
22,0,2026,1,29,20,6,0,10
22,8,2026,1,29,8,6,5,11
22,18,2026,1,29,15,6,6,11
22,27,2026,1,29,14,4,4,11
22,37,2026,1,29,15,2,3,10
22,46,2026,1,29,8,2,6,6
22,54,2026,1,29,20,2,4,4
23,0,2026,1,29,20,4,0,8
23,8,2026,1,29,8,3,0,11
23,18,2026,1,29,15,3,4,10
23,27,2026,1,29,14,4,8,6
23,37,2026,1,29,15,2,2,6
23,46,2026,1,29,8,5,5,6
23,54,2026,1,29,20,0,6,0
6,0,2026,1,30,20,3,0,3
6,8,2026,1,30,8,18,2,19
6,18,2026,1,30,15,18,8,29
6,27,2026,1,30,14,16,12,33
6,37,2026,1,30,15,7,6,34
6,46,2026,1,30,8,20,12,42
6,54,2026,1,30,20,2,20,24
7,0,2026,1,30,20,5,0,29
7,8,2026,1,30,8,13,2,40
7,18,2026,1,30,15,18,16,42
7,27,2026,1,30,14,22,20,44
7,37,2026,1,30,15,6,7,43
7,46,2026,1,30,8,14,20,37
7,54,2026,1,30,20,3,20,20
8,0,2026,1,30,20,4,0,24
8,8,2026,1,30,8,9,1,32
8,18,2026,1,30,15,7,14,25
8,27,2026,1,30,14,15,20,20
8,37,2026,1,30,15,14,6,28
8,46,2026,1,30,8,21,11,38
8,54,2026,1,30,20,3,20,21
9,0,2026,1,30,20,2,0,23
9,8,2026,1,30,8,5,3,25
9,18,2026,1,30,15,5,11,19
9,27,2026,1,30,14,3,18,4
9,37,2026,1,30,15,4,0,8
9,46,2026,1,30,8,2,3,7
9,54,2026,1,30,20,2,4,5
10,0,2026,1,30,20,2,0,7
10,8,2026,1,30,8,3,1,9
10,18,2026,1,30,15,3,5,7
10,27,2026,1,30,14,4,4,7
10,37,2026,1,30,15,3,2,8
10,46,2026,1,30,8,2,2,8
10,54,2026,1,30,20,4,7,5
11,0,2026,1,30,20,2,0,7
11,8,2026,1,30,8,6,3,10
11,18,2026,1,30,15,5,2,13
11,27,2026,1,30,14,4,7,10
11,37,2026,1,30,15,5,3,12
11,46,2026,1,30,8,6,1,17
11,54,2026,1,30,20,4,13,8
12,0,2026,1,30,20,4,0,12
12,8,2026,1,30,8,2,3,11
12,18,2026,1,30,15,4,5,10
12,27,2026,1,30,14,6,7,9
12,37,2026,1,30,15,4,3,10
12,46,2026,1,30,8,4,8,6
12,54,2026,1,30,20,2,5,3
13,0,2026,1,30,20,3,0,6
13,8,2026,1,30,8,4,2,8
13,18,2026,1,30,15,2,3,7
13,27,2026,1,30,14,5,4,8
13,37,2026,1,30,15,6,3,11
13,46,2026,1,30,8,3,2,12
13,54,2026,1,30,20,5,6,11
14,0,2026,1,30,20,4,0,15
14,8,2026,1,30,8,4,3,16
14,18,2026,1,30,15,2,5,13
14,27,2026,1,30,14,5,10,8
14,37,2026,1,30,15,4,1,11
14,46,2026,1,30,8,3,2,12
14,54,2026,1,30,20,3,8,7
15,0,2026,1,30,20,5,0,12
15,8,2026,1,30,8,6,0,18
15,18,2026,1,30,15,5,4,19
15,27,2026,1,30,14,5,13,11
15,37,2026,1,30,15,3,2,12
15,46,2026,1,30,8,5,3,14
15,54,2026,1,30,20,6,10,10
16,0,2026,1,30,20,4,0,14
16,8,2026,1,30,8,6,1,19
16,18,2026,1,30,15,5,10,14
16,27,2026,1,30,14,5,8,11
16,37,2026,1,30,15,6,2,15
16,46,2026,1,30,8,3,5,13
16,54,2026,1,30,20,5,11,7
17,0,2026,1,30,20,5,0,12
17,8,2026,1,30,8,3,1,14
17,18,2026,1,30,15,6,7,13
17,27,2026,1,30,14,6,8,11
17,37,2026,1,30,15,2,0,13
17,46,2026,1,30,8,6,8,11
17,54,2026,1,30,20,4,7,8
18,0,2026,1,30,20,6,0,14
18,8,2026,1,30,8,3,2,15
18,18,2026,1,30,15,6,5,16
18,27,2026,1,30,14,5,11,10
18,37,2026,1,30,15,5,0,15
18,46,2026,1,30,8,2,5,12
18,54,2026,1,30,20,6,8,10
19,0,2026,1,30,20,5,0,15
19,8,2026,1,30,8,2,7,10
19,18,2026,1,30,15,5,4,11
19,27,2026,1,30,14,3,9,5
19,37,2026,1,30,15,5,0,10
19,46,2026,1,30,8,4,3,11
19,54,2026,1,30,20,5,6,10
20,0,2026,1,30,20,6,0,16
20,8,2026,1,30,8,5,4,17
20,18,2026,1,30,15,5,8,14
20,27,2026,1,30,14,5,8,11
20,37,2026,1,30,15,3,3,11
20,46,2026,1,30,8,6,4,13
20,54,2026,1,30,20,6,7,12
21,0,2026,1,30,20,5,0,17
21,8,2026,1,30,8,5,4,18
21,18,2026,1,30,15,3,7,14
21,27,2026,1,30,14,6,11,9
21,37,2026,1,30,15,2,1,10
21,46,2026,1,30,8,2,5,7
21,54,2026,1,30,20,5,5,7
22,0,2026,1,30,20,2,0,9
22,8,2026,1,30,8,3,1,11
22,18,2026,1,30,15,6,5,12
22,27,2026,1,30,14,4,7,9
22,37,2026,1,30,15,4,0,13
22,46,2026,1,30,8,2,4,11
22,54,2026,1,30,20,4,8,7
23,0,2026,1,30,20,3,0,10
23,8,2026,1,30,8,6,3,13
23,18,2026,1,30,15,5,4,14
23,27,2026,1,30,14,2,8,8
23,37,2026,1,30,15,3,2,9
23,46,2026,1,30,8,6,3,12
23,54,2026,1,30,20,0,12,0
6,0,2026,1,31,20,6,0,6
6,8,2026,1,31,8,15,4,17
6,18,2026,1,31,15,16,5,28
6,27,2026,1,31,14,13,9,32
6,37,2026,1,31,15,13,3,42
6,46,2026,1,31,8,22,20,44
6,54,2026,1,31,20,3,20,27
7,0,2026,1,31,20,2,0,29
7,8,2026,1,31,8,10,2,37
7,18,2026,1,31,15,6,15,28
7,27,2026,1,31,14,14,20,22
7,37,2026,1,31,15,9,5,26
7,46,2026,1,31,8,17,16,27
7,54,2026,1,31,20,2,15,14
8,0,2026,1,31,20,4,0,18
8,8,2026,1,31,8,16,3,31
8,18,2026,1,31,15,13,7,37
8,27,2026,1,31,14,13,20,30
8,37,2026,1,31,15,19,2,47
8,46,2026,1,31,8,20,17,50
8,54,2026,1,31,20,4,20,34
9,0,2026,1,31,20,2,0,36
9,8,2026,1,31,8,2,2,36
9,18,2026,1,31,15,5,17,24
9,27,2026,1,31,14,6,19,11
9,37,2026,1,31,15,6,0,17
9,46,2026,1,31,8,4,8,13
9,54,2026,1,31,20,4,10,7
10,0,2026,1,31,20,6,0,13
10,8,2026,1,31,8,5,3,15
10,18,2026,1,31,15,2,10,7
10,27,2026,1,31,14,5,4,8
10,37,2026,1,31,15,5,2,11
10,46,2026,1,31,8,3,4,10
10,54,2026,1,31,20,5,8,7
11,0,2026,1,31,20,6,0,13
11,8,2026,1,31,8,5,3,15
11,18,2026,1,31,15,4,5,14
11,27,2026,1,31,14,4,9,9
11,37,2026,1,31,15,2,2,9
11,46,2026,1,31,8,6,3,12
11,54,2026,1,31,20,3,6,9
12,0,2026,1,31,20,4,0,13
12,8,2026,1,31,8,5,5,13
12,18,2026,1,31,15,4,6,11
12,27,2026,1,31,14,2,6,7
12,37,2026,1,31,15,4,1,10
12,46,2026,1,31,8,4,4,10
12,54,2026,1,31,20,5,7,8
13,0,2026,1,31,20,3,0,11
13,8,2026,1,31,8,2,2,11
13,18,2026,1,31,15,6,6,11
13,27,2026,1,31,14,6,7,10
13,37,2026,1,31,15,6,2,14
13,46,2026,1,31,8,4,5,13
13,54,2026,1,31,20,4,9,8
14,0,2026,1,31,20,4,0,12
14,8,2026,1,31,8,3,2,13
14,18,2026,1,31,15,3,7,9
14,27,2026,1,31,14,4,7,6
14,37,2026,1,31,15,5,1,10
14,46,2026,1,31,8,5,6,9
14,54,2026,1,31,20,4,4,9
15,0,2026,1,31,20,3,0,12
15,8,2026,1,31,8,5,1,16
15,18,2026,1,31,15,6,8,14
15,27,2026,1,31,14,5,9,10
15,37,2026,1,31,15,6,2,14
15,46,2026,1,31,8,3,5,12
15,54,2026,1,31,20,2,8,6
16,0,2026,1,31,20,3,0,9
16,8,2026,1,31,8,2,0,11
16,18,2026,1,31,15,6,3,14
16,27,2026,1,31,14,5,11,8
16,37,2026,1,31,15,6,1,13
16,46,2026,1,31,8,2,4,11
16,54,2026,1,31,20,2,6,7
17,0,2026,1,31,20,3,0,10
17,8,2026,1,31,8,2,2,10
17,18,2026,1,31,15,3,3,10
17,27,2026,1,31,14,5,7,8
17,37,2026,1,31,15,3,0,11
17,46,2026,1,31,8,6,5,12
17,54,2026,1,31,20,6,7,11
18,0,2026,1,31,20,5,0,16
18,8,2026,1,31,8,6,4,18
18,18,2026,1,31,15,3,8,13
18,27,2026,1,31,14,3,10,6
18,37,2026,1,31,15,3,1,8
18,46,2026,1,31,8,3,3,8
18,54,2026,1,31,20,5,7,6
19,0,2026,1,31,20,3,0,9
19,8,2026,1,31,8,6,3,12
19,18,2026,1,31,15,3,6,9
19,27,2026,1,31,14,2,3,8
19,37,2026,1,31,15,3,1,10
19,46,2026,1,31,8,4,3,11
19,54,2026,1,31,20,5,8,8
20,0,2026,1,31,20,5,0,13
20,8,2026,1,31,8,5,5,13
20,18,2026,1,31,15,2,7,8
20,27,2026,1,31,14,4,7,5
20,37,2026,1,31,15,5,2,8
20,46,2026,1,31,8,2,2,8
20,54,2026,1,31,20,4,3,9
21,0,2026,1,31,20,3,0,12
21,8,2026,1,31,8,3,1,14
21,18,2026,1,31,15,3,2,15
21,27,2026,1,31,14,6,13,8
21,37,2026,1,31,15,6,3,11
21,46,2026,1,31,8,5,4,12
21,54,2026,1,31,20,4,7,9
22,0,2026,1,31,20,4,0,13
22,8,2026,1,31,8,2,1,14
22,18,2026,1,31,15,3,5,12
22,27,2026,1,31,14,4,8,8
22,37,2026,1,31,15,4,2,10
22,46,2026,1,31,8,3,3,10
22,54,2026,1,31,20,2,9,3
23,0,2026,1,31,20,6,0,9
23,8,2026,1,31,8,6,3,12
23,18,2026,1,31,15,4,6,10
23,27,2026,1,31,14,4,5,9
23,37,2026,1,31,15,6,2,13
23,46,2026,1,31,8,4,6,11
23,54,2026,1,31,20,0,11,0
6,0,2026,2,1,20,6,0,6
6,8,2026,2,1,8,20,2,24
6,18,2026,2,1,15,13,6,31
6,27,2026,2,1,14,22,14,39
6,37,2026,2,1,15,7,9,37
6,46,2026,2,1,8,13,15,35
6,54,2026,2,1,20,4,20,19
7,0,2026,2,1,20,5,0,24
7,8,2026,2,1,8,6,2,28
7,18,2026,2,1,15,18,7,39
7,27,2026,2,1,14,15,20,34
7,37,2026,2,1,15,8,5,37
7,46,2026,2,1,8,9,16,30
7,54,2026,2,1,20,4,20,14
8,0,2026,2,1,20,2,0,16
8,8,2026,2,1,8,17,2,31
8,18,2026,2,1,15,17,12,36
8,27,2026,2,1,14,8,20,24
8,37,2026,2,1,15,13,3,34
8,46,2026,2,1,8,22,10,46
8,54,2026,2,1,20,3,20,29
9,0,2026,2,1,20,4,0,33
9,8,2026,2,1,8,6,2,37
9,18,2026,2,1,15,4,11,30
9,27,2026,2,1,14,2,20,12
9,37,2026,2,1,15,6,1,17
9,46,2026,2,1,8,3,2,18
9,54,2026,2,1,20,6,12,12
10,0,2026,2,1,20,6,0,18
10,8,2026,2,1,8,2,4,16
10,18,2026,2,1,15,5,8,13
10,27,2026,2,1,14,6,10,9
10,37,2026,2,1,15,2,2,9
10,46,2026,2,1,8,5,1,13
10,54,2026,2,1,20,3,9,7
11,0,2026,2,1,20,4,0,11
11,8,2026,2,1,8,3,2,12
11,18,2026,2,1,15,5,2,15
11,27,2026,2,1,14,6,10,11
11,37,2026,2,1,15,2,2,11
11,46,2026,2,1,8,6,6,11
11,54,2026,2,1,20,6,8,9
12,0,2026,2,1,20,5,0,14
12,8,2026,2,1,8,5,4,15
12,18,2026,2,1,15,2,9,8
12,27,2026,2,1,14,6,7,7
12,37,2026,2,1,15,3,1,9
12,46,2026,2,1,8,4,4,9
12,54,2026,2,1,20,3,7,5
13,0,2026,2,1,20,4,0,9
13,8,2026,2,1,8,2,2,9
13,18,2026,2,1,15,4,2,11
13,27,2026,2,1,14,6,9,8
13,37,2026,2,1,15,6,2,12
13,46,2026,2,1,8,4,6,10
13,54,2026,2,1,20,4,6,8
14,0,2026,2,1,20,4,0,12
14,8,2026,2,1,8,4,1,15
14,18,2026,2,1,15,6,4,17
14,27,2026,2,1,14,3,12,8
14,37,2026,2,1,15,4,1,11
14,46,2026,2,1,8,4,5,10
14,54,2026,2,1,20,5,7,8
15,0,2026,2,1,20,3,0,11
15,8,2026,2,1,8,2,3,10
15,18,2026,2,1,15,4,3,11
15,27,2026,2,1,14,6,9,8
15,37,2026,2,1,15,6,2,12
15,46,2026,2,1,8,3,5,10
15,54,2026,2,1,20,2,5,7
16,0,2026,2,1,20,6,0,13
16,8,2026,2,1,8,2,3,12
16,18,2026,2,1,15,5,6,11
16,27,2026,2,1,14,5,9,7
16,37,2026,2,1,15,2,2,7
16,46,2026,2,1,8,6,2,11
16,54,2026,2,1,20,2,6,7
17,0,2026,2,1,20,2,0,9
17,8,2026,2,1,8,5,3,11
17,18,2026,2,1,15,2,4,9
17,27,2026,2,1,14,5,5,9
17,37,2026,2,1,15,4,1,12
17,46,2026,2,1,8,6,4,14
17,54,2026,2,1,20,4,10,8
18,0,2026,2,1,20,4,0,12
18,8,2026,2,1,8,2,2,12
18,18,2026,2,1,15,2,5,9
18,27,2026,2,1,14,3,8,4
18,37,2026,2,1,15,5,2,7
18,46,2026,2,1,8,4,3,8
18,54,2026,2,1,20,2,6,4
19,0,2026,2,1,20,6,0,10
19,8,2026,2,1,8,3,2,11
19,18,2026,2,1,15,6,4,13
19,27,2026,2,1,14,3,8,8
19,37,2026,2,1,15,3,0,11
19,46,2026,2,1,8,6,6,11
19,54,2026,2,1,20,4,8,7
20,0,2026,2,1,20,5,0,12
20,8,2026,2,1,8,6,3,15
20,18,2026,2,1,15,6,3,18
20,27,2026,2,1,14,5,10,13
20,37,2026,2,1,15,3,2,14
20,46,2026,2,1,8,3,6,11
20,54,2026,2,1,20,5,9,7
21,0,2026,2,1,20,6,0,13
21,8,2026,2,1,8,3,3,13
21,18,2026,2,1,15,4,2,15
21,27,2026,2,1,14,6,10,11
21,37,2026,2,1,15,2,3,10
21,46,2026,2,1,8,4,4,10
21,54,2026,2,1,20,5,7,8
22,0,2026,2,1,20,4,0,12
22,8,2026,2,1,8,4,2,14
22,18,2026,2,1,15,2,7,9
22,27,2026,2,1,14,4,6,7
22,37,2026,2,1,15,4,0,11
22,46,2026,2,1,8,2,5,8
22,54,2026,2,1,20,2,6,4
23,0,2026,2,1,20,2,0,6
23,8,2026,2,1,8,2,0,8
23,18,2026,2,1,15,2,3,7
23,27,2026,2,1,14,6,5,8
23,37,2026,2,1,15,3,2,9
23,46,2026,2,1,8,5,5,9
23,54,2026,2,1,20,0,9,0
6,0,2026,2,2,20,2,0,2
6,8,2026,2,2,8,22,2,22
6,18,2026,2,2,15,12,5,29
6,27,2026,2,2,14,11,11,29
6,37,2026,2,2,15,13,1,41
6,46,2026,2,2,8,17,16,42
6,54,2026,2,2,20,5,20,27
7,0,2026,2,2,20,4,0,31
7,8,2026,2,2,8,15,4,42
7,18,2026,2,2,15,22,17,47
7,27,2026,2,2,14,21,20,48
7,37,2026,2,2,15,19,9,58
7,46,2026,2,2,8,20,20,58
7,54,2026,2,2,20,3,20,41
8,0,2026,2,2,20,6,0,47
8,8,2026,2,2,8,8,7,48
8,18,2026,2,2,15,14,20,42
8,27,2026,2,2,14,16,20,38
8,37,2026,2,2,15,8,7,39
8,46,2026,2,2,8,9,15,33
8,54,2026,2,2,20,5,20,18
9,0,2026,2,2,20,4,0,22
9,8,2026,2,2,8,5,4,23
9,18,2026,2,2,15,2,11,14
9,27,2026,2,2,14,3,12,5
9,37,2026,2,2,15,6,0,11
9,46,2026,2,2,8,2,6,7
9,54,2026,2,2,20,6,5,8
10,0,2026,2,2,20,5,0,13
10,8,2026,2,2,8,3,3,13
10,18,2026,2,2,15,6,6,13
10,27,2026,2,2,14,4,8,9
10,37,2026,2,2,15,2,2,9
10,46,2026,2,2,8,5,4,10
10,54,2026,2,2,20,4,6,8
11,0,2026,2,2,20,6,0,14
11,8,2026,2,2,8,2,3,13
11,18,2026,2,2,15,3,8,8
11,27,2026,2,2,14,2,7,3
11,37,2026,2,2,15,2,2,3
11,46,2026,2,2,8,3,1,5
11,54,2026,2,2,20,4,2,7
12,0,2026,2,2,20,3,0,10
12,8,2026,2,2,8,5,3,12
12,18,2026,2,2,15,2,4,10
12,27,2026,2,2,14,5,4,11
12,37,2026,2,2,15,4,1,14
12,46,2026,2,2,8,5,4,15
12,54,2026,2,2,20,6,8,13
13,0,2026,2,2,20,2,0,15
13,8,2026,2,2,8,4,1,18
13,18,2026,2,2,15,3,9,12
13,27,2026,2,2,14,2,9,5
13,37,2026,2,2,15,5,1,9
13,46,2026,2,2,8,5,6,8
13,54,2026,2,2,20,3,2,9
14,0,2026,2,2,20,3,0,12
14,8,2026,2,2,8,2,3,11
14,18,2026,2,2,15,5,6,10
14,27,2026,2,2,14,2,6,6
14,37,2026,2,2,15,3,1,8
14,46,2026,2,2,8,6,4,10
14,54,2026,2,2,20,2,2,10
15,0,2026,2,2,20,5,0,15
15,8,2026,2,2,8,6,1,20
15,18,2026,2,2,15,5,7,18
15,27,2026,2,2,14,5,12,11
15,37,2026,2,2,15,5,2,14
15,46,2026,2,2,8,4,3,15
15,54,2026,2,2,20,3,10,8
16,0,2026,2,2,20,4,0,12
16,8,2026,2,2,8,4,2,14
16,18,2026,2,2,15,3,7,10
16,27,2026,2,2,14,5,8,7
16,37,2026,2,2,15,2,2,7
16,46,2026,2,2,8,3,2,8
16,54,2026,2,2,20,6,5,9
17,0,2026,2,2,20,4,0,13
17,8,2026,2,2,8,3,3,13
17,18,2026,2,2,15,6,5,14
17,27,2026,2,2,14,3,9,8
17,37,2026,2,2,15,5,0,13
17,46,2026,2,2,8,4,6,11
17,54,2026,2,2,20,3,5,9
18,0,2026,2,2,20,2,0,11
18,8,2026,2,2,8,4,2,13
18,18,2026,2,2,15,3,4,12
18,27,2026,2,2,14,5,9,8
18,37,2026,2,2,15,4,2,10
18,46,2026,2,2,8,2,5,7
18,54,2026,2,2,20,6,5,8
19,0,2026,2,2,20,4,0,12
19,8,2026,2,2,8,2,3,11
19,18,2026,2,2,15,2,5,8
19,27,2026,2,2,14,6,7,7
19,37,2026,2,2,15,4,2,9
19,46,2026,2,2,8,3,1,11
19,54,2026,2,2,20,2,10,3
20,0,2026,2,2,20,3,0,6
20,8,2026,2,2,8,5,1,10
20,18,2026,2,2,15,5,5,10
20,27,2026,2,2,14,5,5,10
20,37,2026,2,2,15,3,2,11
20,46,2026,2,2,8,3,1,13
20,54,2026,2,2,20,3,8,8
21,0,2026,2,2,20,4,0,12
21,8,2026,2,2,8,6,0,18
21,18,2026,2,2,15,2,8,12
21,27,2026,2,2,14,6,10,8
21,37,2026,2,2,15,4,3,9
21,46,2026,2,2,8,6,4,11
21,54,2026,2,2,20,2,7,6
22,0,2026,2,2,20,2,0,8
22,8,2026,2,2,8,2,2,8
22,18,2026,2,2,15,6,5,9
22,27,2026,2,2,14,3,3,9
22,37,2026,2,2,15,6,2,13
22,46,2026,2,2,8,4,3,14
22,54,2026,2,2,20,4,10,8
23,0,2026,2,2,20,2,0,10
23,8,2026,2,2,8,6,2,14
23,18,2026,2,2,15,6,5,15
23,27,2026,2,2,14,2,9,8
23,37,2026,2,2,15,5,1,12
23,46,2026,2,2,8,2,3,11
23,54,2026,2,2,20,0,11,0
6,0,2026,2,3,20,4,0,4
6,8,2026,2,3,8,13,3,14
6,18,2026,2,3,15,13,4,23
6,27,2026,2,3,14,16,8,31
6,37,2026,2,3,15,5,6,30
6,46,2026,2,3,8,13,12,31
6,54,2026,2,3,20,6,20,17
7,0,2026,2,3,20,2,0,19
7,8,2026,2,3,8,10,4,25
7,18,2026,2,3,15,7,9,23
7,27,2026,2,3,14,11,14,20
7,37,2026,2,3,15,16,4,32
7,46,2026,2,3,8,14,14,32
7,54,2026,2,3,20,4,20,16
8,0,2026,2,3,20,3,0,19
8,8,2026,2,3,8,7,3,23
8,18,2026,2,3,15,9,8,24
8,27,2026,2,3,14,15,17,22
8,37,2026,2,3,15,19,3,38
8,46,2026,2,3,8,22,15,45
8,54,2026,2,3,20,3,20,28
9,0,2026,2,3,20,2,0,30
9,8,2026,2,3,8,6,2,34
9,18,2026,2,3,15,5,15,24
9,27,2026,2,3,14,4,18,10
9,37,2026,2,3,15,4,0,14
9,46,2026,2,3,8,4,6,12
9,54,2026,2,3,20,5,11,6
10,0,2026,2,3,20,2,0,8
10,8,2026,2,3,8,5,1,12
10,18,2026,2,3,15,5,8,9
10,27,2026,2,3,14,5,4,10
10,37,2026,2,3,15,5,1,14
10,46,2026,2,3,8,2,5,11
10,54,2026,2,3,20,6,7,10
11,0,2026,2,3,20,5,0,15
11,8,2026,2,3,8,4,2,17
11,18,2026,2,3,15,5,5,17
11,27,2026,2,3,14,6,10,13
11,37,2026,2,3,15,3,1,15
11,46,2026,2,3,8,3,5,13
11,54,2026,2,3,20,4,8,9
12,0,2026,2,3,20,3,0,12
12,8,2026,2,3,8,4,3,13
12,18,2026,2,3,15,6,4,15
12,27,2026,2,3,14,4,9,10
12,37,2026,2,3,15,3,1,12
12,46,2026,2,3,8,3,4,11
12,54,2026,2,3,20,6,6,11
13,0,2026,2,3,20,4,0,15
13,8,2026,2,3,8,2,2,15
13,18,2026,2,3,15,6,6,15
13,27,2026,2,3,14,4,9,10
13,37,2026,2,3,15,3,1,12
13,46,2026,2,3,8,4,6,10
13,54,2026,2,3,20,5,7,8
14,0,2026,2,3,20,6,0,14
14,8,2026,2,3,8,5,6,13
14,18,2026,2,3,15,6,6,13
14,27,2026,2,3,14,2,8,7
14,37,2026,2,3,15,5,0,12
14,46,2026,2,3,8,4,1,15
14,54,2026,2,3,20,4,9,10
15,0,2026,2,3,20,4,0,14
15,8,2026,2,3,8,5,3,16
15,18,2026,2,3,15,3,5,14
15,27,2026,2,3,14,2,11,5
15,37,2026,2,3,15,5,1,9
15,46,2026,2,3,8,2,4,7
15,54,2026,2,3,20,5,2,10
16,0,2026,2,3,20,4,0,14
16,8,2026,2,3,8,3,3,14
16,18,2026,2,3,15,6,8,12
16,27,2026,2,3,14,5,8,9
16,37,2026,2,3,15,6,1,14
16,46,2026,2,3,8,4,7,11
16,54,2026,2,3,20,6,5,12
17,0,2026,2,3,20,4,0,16
17,8,2026,2,3,8,2,1,17
17,18,2026,2,3,15,5,7,15
17,27,2026,2,3,14,4,11,8
17,37,2026,2,3,15,6,0,14
17,46,2026,2,3,8,3,6,11
17,54,2026,2,3,20,2,6,7
18,0,2026,2,3,20,4,0,11
18,8,2026,2,3,8,3,1,13
18,18,2026,2,3,15,6,6,13
18,27,2026,2,3,14,2,6,9
18,37,2026,2,3,15,3,0,12
18,46,2026,2,3,8,3,4,11
18,54,2026,2,3,20,4,9,6
19,0,2026,2,3,20,6,0,12
19,8,2026,2,3,8,6,5,13
19,18,2026,2,3,15,5,4,14
19,27,2026,2,3,14,5,9,10
19,37,2026,2,3,15,4,2,12
19,46,2026,2,3,8,6,3,15
19,54,2026,2,3,20,4,9,10
20,0,2026,2,3,20,4,0,14
20,8,2026,2,3,8,4,2,16
20,18,2026,2,3,15,6,8,14
20,27,2026,2,3,14,6,9,11
20,37,2026,2,3,15,4,2,13
20,46,2026,2,3,8,6,5,14
20,54,2026,2,3,20,4,9,9
21,0,2026,2,3,20,6,0,15
21,8,2026,2,3,8,3,3,15
21,18,2026,2,3,15,5,8,12
21,27,2026,2,3,14,5,6,11
21,37,2026,2,3,15,2,2,11
21,46,2026,2,3,8,5,5,11
21,54,2026,2,3,20,3,6,8
22,0,2026,2,3,20,6,0,14
22,8,2026,2,3,8,6,5,15
22,18,2026,2,3,15,6,7,14
22,27,2026,2,3,14,3,8,9
22,37,2026,2,3,15,6,1,14
22,46,2026,2,3,8,3,5,12
22,54,2026,2,3,20,5,8,9
23,0,2026,2,3,20,4,0,13
23,8,2026,2,3,8,5,0,18
23,18,2026,2,3,15,3,10,11
23,27,2026,2,3,14,4,8,7
23,37,2026,2,3,15,5,0,12
23,46,2026,2,3,8,2,5,9
23,54,2026,2,3,20,0,9,0
6,0,2026,2,4,20,3,0,3
6,8,2026,2,4,8,15,0,18
6,18,2026,2,4,15,12,8,22
6,27,2026,2,4,14,18,5,35
6,37,2026,2,4,15,8,8,35
6,46,2026,2,4,8,22,12,45
6,54,2026,2,4,20,5,20,30
7,0,2026,2,4,20,4,0,34
7,8,2026,2,4,8,13,2,45
7,18,2026,2,4,15,9,19,35
7,27,2026,2,4,14,18,20,33
7,37,2026,2,4,15,18,8,43
7,46,2026,2,4,8,11,17,37
7,54,2026,2,4,20,2,20,19
8,0,2026,2,4,20,2,0,21
8,8,2026,2,4,8,16,1,36
8,18,2026,2,4,15,8,10,34
8,27,2026,2,4,14,13,20,27
8,37,2026,2,4,15,12,4,35
8,46,2026,2,4,8,14,13,36
8,54,2026,2,4,20,3,20,19
9,0,2026,2,4,20,2,0,21
9,8,2026,2,4,8,4,3,22
9,18,2026,2,4,15,4,8,18
9,27,2026,2,4,14,5,13,10
9,37,2026,2,4,15,5,0,15
9,46,2026,2,4,8,5,4,16
9,54,2026,2,4,20,2,11,7
10,0,2026,2,4,20,3,0,10
10,8,2026,2,4,8,6,3,13
10,18,2026,2,4,15,3,6,10
10,27,2026,2,4,14,6,5,11
10,37,2026,2,4,15,2,1,12
10,46,2026,2,4,8,5,5,12
10,54,2026,2,4,20,4,10,6
11,0,2026,2,4,20,2,0,8
11,8,2026,2,4,8,4,1,11
11,18,2026,2,4,15,5,5,11
11,27,2026,2,4,14,6,5,12
11,37,2026,2,4,15,2,2,12
11,46,2026,2,4,8,4,3,13
11,54,2026,2,4,20,4,9,8
12,0,2026,2,4,20,4,0,12
12,8,2026,2,4,8,2,4,10
12,18,2026,2,4,15,3,4,9
12,27,2026,2,4,14,3,5,7
12,37,2026,2,4,15,2,0,9
12,46,2026,2,4,8,4,2,11
12,54,2026,2,4,20,5,8,8
13,0,2026,2,4,20,3,0,11
13,8,2026,2,4,8,3,2,12
13,18,2026,2,4,15,2,6,8
13,27,2026,2,4,14,2,8,2
13,37,2026,2,4,15,6,0,8
13,46,2026,2,4,8,4,3,9
13,54,2026,2,4,20,3,4,8
14,0,2026,2,4,20,5,0,13
14,8,2026,2,4,8,3,2,14
14,18,2026,2,4,15,4,4,14
14,27,2026,2,4,14,4,8,10
14,37,2026,2,4,15,3,2,11
14,46,2026,2,4,8,2,5,8
14,54,2026,2,4,20,4,5,7
15,0,2026,2,4,20,4,0,11
15,8,2026,2,4,8,6,1,16
15,18,2026,2,4,15,2,7,11
15,27,2026,2,4,14,6,5,12
15,37,2026,2,4,15,6,1,17
15,46,2026,2,4,8,2,3,16
15,54,2026,2,4,20,2,10,8
16,0,2026,2,4,20,4,0,12
16,8,2026,2,4,8,6,4,14
16,18,2026,2,4,15,5,8,11
16,27,2026,2,4,14,6,8,9
16,37,2026,2,4,15,4,1,12
16,46,2026,2,4,8,4,8,8
16,54,2026,2,4,20,6,2,12
17,0,2026,2,4,20,3,0,15
17,8,2026,2,4,8,6,5,16
17,18,2026,2,4,15,3,7,12
17,27,2026,2,4,14,5,9,8
17,37,2026,2,4,15,3,0,11
17,46,2026,2,4,8,4,2,13
17,54,2026,2,4,20,6,11,8
18,0,2026,2,4,20,4,0,12
18,8,2026,2,4,8,5,2,15
18,18,2026,2,4,15,6,5,16
18,27,2026,2,4,14,4,10,10
18,37,2026,2,4,15,4,2,12
18,46,2026,2,4,8,4,7,9
18,54,2026,2,4,20,5,6,8
19,0,2026,2,4,20,3,0,11
19,8,2026,2,4,8,6,3,14
19,18,2026,2,4,15,5,7,12
19,27,2026,2,4,14,2,8,6
19,37,2026,2,4,15,6,1,11
19,46,2026,2,4,8,3,1,13
19,54,2026,2,4,20,3,9,7
20,0,2026,2,4,20,2,0,9
20,8,2026,2,4,8,3,4,8
20,18,2026,2,4,15,4,1,11
20,27,2026,2,4,14,2,6,7
20,37,2026,2,4,15,2,0,9
20,46,2026,2,4,8,5,2,12
20,54,2026,2,4,20,6,8,10
21,0,2026,2,4,20,6,0,16
21,8,2026,2,4,8,2,5,13
21,18,2026,2,4,15,3,9,7
21,27,2026,2,4,14,6,4,9
21,37,2026,2,4,15,2,3,8
21,46,2026,2,4,8,2,5,5
21,54,2026,2,4,20,2,2,5
22,0,2026,2,4,20,3,0,8
22,8,2026,2,4,8,2,0,10
22,18,2026,2,4,15,2,6,6
22,27,2026,2,4,14,2,4,4
22,37,2026,2,4,15,6,0,10
22,46,2026,2,4,8,6,4,12
22,54,2026,2,4,20,3,7,8
23,0,2026,2,4,20,5,0,13
23,8,2026,2,4,8,5,4,14
23,18,2026,2,4,15,2,4,12
23,27,2026,2,4,14,3,10,5
23,37,2026,2,4,15,5,2,8
23,46,2026,2,4,8,4,5,7
23,54,2026,2,4,20,0,7,0
6,0,2026,2,5,20,2,0,2
6,8,2026,2,5,8,11,2,11
6,18,2026,2,5,15,17,4,24
6,27,2026,2,5,14,12,9,27
6,37,2026,2,5,15,12,3,36
6,46,2026,2,5,8,5,11,30
6,54,2026,2,5,20,4,20,14
7,0,2026,2,5,20,2,0,16
7,8,2026,2,5,8,15,4,27
7,18,2026,2,5,15,21,10,38
7,27,2026,2,5,14,11,20,29
7,37,2026,2,5,15,20,3,46
7,46,2026,2,5,8,8,20,34
7,54,2026,2,5,20,5,20,19
8,0,2026,2,5,20,2,0,21
8,8,2026,2,5,8,20,2,39
8,18,2026,2,5,15,11,9,41
8,27,2026,2,5,14,14,20,35
8,37,2026,2,5,15,5,3,37
8,46,2026,2,5,8,17,16,38
8,54,2026,2,5,20,5,20,23
9,0,2026,2,5,20,5,0,28
9,8,2026,2,5,8,2,5,25
9,18,2026,2,5,15,2,14,13
9,27,2026,2,5,14,3,12,4
9,37,2026,2,5,15,2,1,5
9,46,2026,2,5,8,5,3,7
9,54,2026,2,5,20,6,5,8
10,0,2026,2,5,20,6,0,14
10,8,2026,2,5,8,4,4,14
10,18,2026,2,5,15,3,5,12
10,27,2026,2,5,14,4,10,6
10,37,2026,2,5,15,3,2,7
10,46,2026,2,5,8,6,3,10
10,54,2026,2,5,20,5,3,12
11,0,2026,2,5,20,6,0,18
11,8,2026,2,5,8,6,5,19
11,18,2026,2,5,15,3,7,15
11,27,2026,2,5,14,3,12,6
11,37,2026,2,5,15,4,1,9
11,46,2026,2,5,8,4,4,9
11,54,2026,2,5,20,6,7,8
12,0,2026,2,5,20,6,0,14
12,8,2026,2,5,8,2,5,11
12,18,2026,2,5,15,6,4,13
12,27,2026,2,5,14,3,8,8
12,37,2026,2,5,15,5,0,13
12,46,2026,2,5,8,2,6,9
12,54,2026,2,5,20,3,5,7
13,0,2026,2,5,20,3,0,10
13,8,2026,2,5,8,6,2,14
13,18,2026,2,5,15,5,5,14
13,27,2026,2,5,14,2,9,7
13,37,2026,2,5,15,6,2,11
13,46,2026,2,5,8,2,4,9
13,54,2026,2,5,20,2,4,7
14,0,2026,2,5,20,3,0,10
14,8,2026,2,5,8,5,1,14
14,18,2026,2,5,15,6,5,15
14,27,2026,2,5,14,2,9,8
14,37,2026,2,5,15,3,1,10
14,46,2026,2,5,8,5,4,11
14,54,2026,2,5,20,4,4,11
15,0,2026,2,5,20,3,0,14
15,8,2026,2,5,8,2,4,12
15,18,2026,2,5,15,2,6,8
15,27,2026,2,5,14,6,7,7
15,37,2026,2,5,15,6,2,11
15,46,2026,2,5,8,6,6,11
15,54,2026,2,5,20,2,4,9
16,0,2026,2,5,20,2,0,11
16,8,2026,2,5,8,6,0,17
16,18,2026,2,5,15,4,5,16
16,27,2026,2,5,14,6,10,12
16,37,2026,2,5,15,3,0,15
16,46,2026,2,5,8,2,6,11
16,54,2026,2,5,20,4,10,5
17,0,2026,2,5,20,5,0,10
17,8,2026,2,5,8,2,5,7
17,18,2026,2,5,15,4,2,9
17,27,2026,2,5,14,5,6,8
17,37,2026,2,5,15,2,2,8
17,46,2026,2,5,8,6,5,9
17,54,2026,2,5,20,3,5,7
18,0,2026,2,5,20,4,0,11
18,8,2026,2,5,8,5,4,12
18,18,2026,2,5,15,2,9,5
18,27,2026,2,5,14,2,2,5
18,37,2026,2,5,15,6,1,10
18,46,2026,2,5,8,5,3,12
18,54,2026,2,5,20,5,5,12
19,0,2026,2,5,20,6,0,18
19,8,2026,2,5,8,2,3,17
19,18,2026,2,5,15,5,4,18
19,27,2026,2,5,14,6,17,7
19,37,2026,2,5,15,4,4,7
19,46,2026,2,5,8,5,3,9
19,54,2026,2,5,20,4,4,9
20,0,2026,2,5,20,6,0,15
20,8,2026,2,5,8,6,2,19
20,18,2026,2,5,15,4,7,16
20,27,2026,2,5,14,2,11,7
20,37,2026,2,5,15,2,1,8
20,46,2026,2,5,8,6,2,12
20,54,2026,2,5,20,5,7,10
21,0,2026,2,5,20,2,0,12
21,8,2026,2,5,8,5,3,14
21,18,2026,2,5,15,2,6,10
21,27,2026,2,5,14,2,9,3
21,37,2026,2,5,15,3,1,5
21,46,2026,2,5,8,3,3,5
21,54,2026,2,5,20,4,1,8
22,0,2026,2,5,20,2,0,10
22,8,2026,2,5,8,2,2,10
22,18,2026,2,5,15,5,5,10
22,27,2026,2,5,14,3,5,8
22,37,2026,2,5,15,5,1,12
22,46,2026,2,5,8,3,5,10
22,54,2026,2,5,20,2,8,4
23,0,2026,2,5,20,3,0,7
23,8,2026,2,5,8,5,3,9
23,18,2026,2,5,15,6,2,13
23,27,2026,2,5,14,3,7,9
23,37,2026,2,5,15,4,1,12
23,46,2026,2,5,8,3,6,9
23,54,2026,2,5,20,0,9,0
6,0,2026,2,6,20,3,0,3
6,8,2026,2,6,8,5,1,7
6,18,2026,2,6,15,8,4,11
6,27,2026,2,6,14,5,7,9
6,37,2026,2,6,15,17,3,23
6,46,2026,2,6,8,15,7,31
6,54,2026,2,6,20,6,12,25
7,0,2026,2,6,20,3,0,28
7,8,2026,2,6,8,9,2,35
7,18,2026,2,6,15,18,16,37
7,27,2026,2,6,14,14,20,31
7,37,2026,2,6,15,14,5,40
7,46,2026,2,6,8,13,16,37
7,54,2026,2,6,20,3,20,20
8,0,2026,2,6,20,6,0,26
8,8,2026,2,6,8,22,6,42
8,18,2026,2,6,15,14,15,41
8,27,2026,2,6,14,7,20,28
8,37,2026,2,6,15,9,2,35
8,46,2026,2,6,8,11,13,33
8,54,2026,2,6,20,5,20,18
9,0,2026,2,6,20,2,0,20
9,8,2026,2,6,8,2,0,22
9,18,2026,2,6,15,6,11,17
9,27,2026,2,6,14,5,11,11
9,37,2026,2,6,15,2,2,11
9,46,2026,2,6,8,3,4,10
9,54,2026,2,6,20,2,7,5
10,0,2026,2,6,20,5,0,10
10,8,2026,2,6,8,2,1,11
10,18,2026,2,6,15,6,7,10
10,27,2026,2,6,14,5,7,8
10,37,2026,2,6,15,4,1,11
10,46,2026,2,6,8,2,4,9
10,54,2026,2,6,20,3,8,4
11,0,2026,2,6,20,5,0,9
11,8,2026,2,6,8,4,4,9
11,18,2026,2,6,15,3,7,5
11,27,2026,2,6,14,4,4,5
11,37,2026,2,6,15,6,2,9
11,46,2026,2,6,8,5,3,11
11,54,2026,2,6,20,5,4,12
12,0,2026,2,6,20,5,0,17
12,8,2026,2,6,8,4,1,20
12,18,2026,2,6,15,6,8,18
12,27,2026,2,6,14,4,13,9
12,37,2026,2,6,15,4,1,12
12,46,2026,2,6,8,6,5,13
12,54,2026,2,6,20,2,11,4
13,0,2026,2,6,20,2,0,6
13,8,2026,2,6,8,2,3,5
13,18,2026,2,6,15,3,3,5
13,27,2026,2,6,14,6,1,10
13,37,2026,2,6,15,4,2,12
13,46,2026,2,6,8,3,5,10
13,54,2026,2,6,20,6,7,9
14,0,2026,2,6,20,6,0,15
14,8,2026,2,6,8,2,4,13
14,18,2026,2,6,15,3,6,10
14,27,2026,2,6,14,6,8,8
14,37,2026,2,6,15,3,2,9
14,46,2026,2,6,8,6,2,13
14,54,2026,2,6,20,4,8,9
15,0,2026,2,6,20,5,0,14
15,8,2026,2,6,8,2,1,15
15,18,2026,2,6,15,3,9,9
15,27,2026,2,6,14,3,6,6
15,37,2026,2,6,15,6,2,10
15,46,2026,2,6,8,3,3,10
15,54,2026,2,6,20,6,6,10
16,0,2026,2,6,20,2,0,12
16,8,2026,2,6,8,6,3,15
16,18,2026,2,6,15,6,7,14
16,27,2026,2,6,14,5,9,10
16,37,2026,2,6,15,4,4,10
16,46,2026,2,6,8,3,2,11
16,54,2026,2,6,20,4,6,9
17,0,2026,2,6,20,2,0,11
17,8,2026,2,6,8,5,1,15
17,18,2026,2,6,15,5,6,14
17,27,2026,2,6,14,6,8,12
17,37,2026,2,6,15,6,1,17
17,46,2026,2,6,8,4,6,15
17,54,2026,2,6,20,3,11,7
18,0,2026,2,6,20,4,0,11
18,8,2026,2,6,8,4,1,14
18,18,2026,2,6,15,4,8,10
18,27,2026,2,6,14,3,6,7
18,37,2026,2,6,15,2,1,8
18,46,2026,2,6,8,4,4,8
18,54,2026,2,6,20,4,4,8
19,0,2026,2,6,20,6,0,14
19,8,2026,2,6,8,6,3,17
19,18,2026,2,6,15,3,7,13
19,27,2026,2,6,14,5,9,9
19,37,2026,2,6,15,6,1,14
19,46,2026,2,6,8,4,5,13
19,54,2026,2,6,20,5,5,13
20,0,2026,2,6,20,2,0,15
20,8,2026,2,6,8,5,3,17
20,18,2026,2,6,15,6,6,17
20,27,2026,2,6,14,2,12,7
20,37,2026,2,6,15,4,1,10
20,46,2026,2,6,8,5,4,11
20,54,2026,2,6,20,3,5,9
21,0,2026,2,6,20,4,0,13
21,8,2026,2,6,8,2,5,10
21,18,2026,2,6,15,2,3,9
21,27,2026,2,6,14,2,7,4
21,37,2026,2,6,15,6,0,10
21,46,2026,2,6,8,6,2,14
21,54,2026,2,6,20,3,8,9
22,0,2026,2,6,20,2,0,11
22,8,2026,2,6,8,5,2,14
22,18,2026,2,6,15,4,5,13
22,27,2026,2,6,14,3,9,7
22,37,2026,2,6,15,4,2,9
22,46,2026,2,6,8,5,2,12
22,54,2026,2,6,20,4,8,8
23,0,2026,2,6,20,4,0,12
23,8,2026,2,6,8,6,2,16
23,18,2026,2,6,15,6,8,14
23,27,2026,2,6,14,5,9,10
23,37,2026,2,6,15,6,2,14
23,46,2026,2,6,8,5,6,13
23,54,2026,2,6,20,0,13,0
6,0,2026,2,7,20,3,0,3
6,8,2026,2,7,8,9,0,12
6,18,2026,2,7,15,6,4,14
6,27,2026,2,7,14,12,8,18
6,37,2026,2,7,15,10,4,24
6,46,2026,2,7,8,8,5,27
6,54,2026,2,7,20,6,17,16
7,0,2026,2,7,20,2,0,18
7,8,2026,2,7,8,9,4,23
7,18,2026,2,7,15,11,12,22
7,27,2026,2,7,14,7,13,16
7,37,2026,2,7,15,22,1,37
7,46,2026,2,7,8,7,17,27
7,54,2026,2,7,20,3,14,16
8,0,2026,2,7,20,4,0,20
8,8,2026,2,7,8,19,3,36
8,18,2026,2,7,15,13,16,33
8,27,2026,2,7,14,12,20,25
8,37,2026,2,7,15,18,8,35
8,46,2026,2,7,8,6,10,31
8,54,2026,2,7,20,5,19,17
9,0,2026,2,7,20,2,0,19
9,8,2026,2,7,8,5,5,19
9,18,2026,2,7,15,3,9,13
9,27,2026,2,7,14,3,12,4
9,37,2026,2,7,15,2,1,5
9,46,2026,2,7,8,4,2,7
9,54,2026,2,7,20,6,4,9
10,0,2026,2,7,20,2,0,11
10,8,2026,2,7,8,2,3,10
10,18,2026,2,7,15,2,3,9
10,27,2026,2,7,14,4,7,6
10,37,2026,2,7,15,4,3,7
10,46,2026,2,7,8,6,1,12
10,54,2026,2,7,20,2,6,8
11,0,2026,2,7,20,4,0,12
11,8,2026,2,7,8,2,4,10
11,18,2026,2,7,15,4,6,8
11,27,2026,2,7,14,5,4,9
11,37,2026,2,7,15,6,1,14
11,46,2026,2,7,8,2,7,9
11,54,2026,2,7,20,3,4,8
12,0,2026,2,7,20,6,0,14
12,8,2026,2,7,8,2,3,13
12,18,2026,2,7,15,4,5,12
12,27,2026,2,7,14,3,8,7
12,37,2026,2,7,15,5,1,11
12,46,2026,2,7,8,4,5,10
12,54,2026,2,7,20,6,7,9
13,0,2026,2,7,20,3,0,12
13,8,2026,2,7,8,5,4,13
13,18,2026,2,7,15,4,3,14
13,27,2026,2,7,14,2,11,5
13,37,2026,2,7,15,5,0,10
13,46,2026,2,7,8,3,3,10
13,54,2026,2,7,20,6,8,8
14,0,2026,2,7,20,2,0,10
14,8,2026,2,7,8,5,2,13
14,18,2026,2,7,15,4,7,10
14,27,2026,2,7,14,2,5,7
14,37,2026,2,7,15,5,1,11
14,46,2026,2,7,8,3,5,9
14,54,2026,2,7,20,6,4,11
15,0,2026,2,7,20,4,0,15
15,8,2026,2,7,8,4,2,17
15,18,2026,2,7,15,3,10,10
15,27,2026,2,7,14,4,8,6
15,37,2026,2,7,15,4,1,9
15,46,2026,2,7,8,5,5,9
15,54,2026,2,7,20,3,6,6
16,0,2026,2,7,20,4,0,10
16,8,2026,2,7,8,4,3,11
16,18,2026,2,7,15,2,5,8
16,27,2026,2,7,14,4,4,8
16,37,2026,2,7,15,3,2,9
16,46,2026,2,7,8,5,5,9
16,54,2026,2,7,20,3,7,5
17,0,2026,2,7,20,4,0,9
17,8,2026,2,7,8,2,0,11
17,18,2026,2,7,15,6,7,10
17,27,2026,2,7,14,3,5,8
17,37,2026,2,7,15,2,1,9
17,46,2026,2,7,8,3,4,8
17,54,2026,2,7,20,3,4,7
18,0,2026,2,7,20,6,0,13
18,8,2026,2,7,8,6,2,17
18,18,2026,2,7,15,4,9,12
18,27,2026,2,7,14,6,9,9
18,37,2026,2,7,15,2,3,8
18,46,2026,2,7,8,5,3,10
18,54,2026,2,7,20,4,8,6
19,0,2026,2,7,20,3,0,9
19,8,2026,2,7,8,2,0,11
19,18,2026,2,7,15,3,3,11
19,27,2026,2,7,14,3,8,6
19,37,2026,2,7,15,4,2,8
19,46,2026,2,7,8,2,2,8
19,54,2026,2,7,20,6,6,8
20,0,2026,2,7,20,2,0,10
20,8,2026,2,7,8,5,2,13
20,18,2026,2,7,15,4,6,11
20,27,2026,2,7,14,6,7,10
20,37,2026,2,7,15,3,4,9
20,46,2026,2,7,8,4,4,9
20,54,2026,2,7,20,5,6,8
21,0,2026,2,7,20,6,0,14
21,8,2026,2,7,8,6,6,14
21,18,2026,2,7,15,4,4,14
21,27,2026,2,7,14,3,12,5
21,37,2026,2,7,15,5,1,9
21,46,2026,2,7,8,5,3,11
21,54,2026,2,7,20,2,7,6
22,0,2026,2,7,20,6,0,12
22,8,2026,2,7,8,5,2,15
22,18,2026,2,7,15,6,7,14
22,27,2026,2,7,14,4,7,11
22,37,2026,2,7,15,6,2,15
22,46,2026,2,7,8,6,6,15
22,54,2026,2,7,20,4,10,9
23,0,2026,2,7,20,3,0,12
23,8,2026,2,7,8,5,2,15
23,18,2026,2,7,15,2,10,7
23,27,2026,2,7,14,6,5,8
23,37,2026,2,7,15,4,2,10
23,46,2026,2,7,8,4,7,7
23,54,2026,2,7,20,0,7,0
6,0,2026,2,8,20,6,0,6
6,8,2026,2,8,8,12,2,16
6,18,2026,2,8,15,15,4,27
6,27,2026,2,8,14,17,12,32
6,37,2026,2,8,15,17,5,44
6,46,2026,2,8,8,17,18,43
6,54,2026,2,8,20,2,20,25
7,0,2026,2,8,20,6,0,31
7,8,2026,2,8,8,22,3,50
7,18,2026,2,8,15,15,17,48
7,27,2026,2,8,14,8,20,36
7,37,2026,2,8,15,20,2,54
7,46,2026,2,8,8,14,20,48
7,54,2026,2,8,20,4,20,32
8,0,2026,2,8,20,6,0,38
8,8,2026,2,8,8,10,5,43
8,18,2026,2,8,15,11,18,36
8,27,2026,2,8,14,5,20,21
8,37,2026,2,8,15,21,1,41
8,46,2026,2,8,8,6,16,31
8,54,2026,2,8,20,2,20,13
9,0,2026,2,8,20,4,0,17
9,8,2026,2,8,8,6,2,21
9,18,2026,2,8,15,4,7,18
9,27,2026,2,8,14,2,13,7
9,37,2026,2,8,15,5,1,11
9,46,2026,2,8,8,2,2,11
9,54,2026,2,8,20,2,6,7
10,0,2026,2,8,20,4,0,11
10,8,2026,2,8,8,5,2,14
10,18,2026,2,8,15,2,7,9
10,27,2026,2,8,14,5,6,8
10,37,2026,2,8,15,2,0,10
10,46,2026,2,8,8,2,6,6
10,54,2026,2,8,20,6,4,8
11,0,2026,2,8,20,6,0,14
11,8,2026,2,8,8,4,2,16
11,18,2026,2,8,15,6,3,19
11,27,2026,2,8,14,5,11,13
11,37,2026,2,8,15,4,3,14
11,46,2026,2,8,8,6,7,13
11,54,2026,2,8,20,6,10,9
12,0,2026,2,8,20,2,0,11
12,8,2026,2,8,8,2,4,9
12,18,2026,2,8,15,4,4,9
12,27,2026,2,8,14,2,6,5
12,37,2026,2,8,15,2,0,7
12,46,2026,2,8,8,6,6,7
12,54,2026,2,8,20,2,2,7
13,0,2026,2,8,20,5,0,12
13,8,2026,2,8,8,5,3,14
13,18,2026,2,8,15,5,5,14
13,27,2026,2,8,14,2,9,7
13,37,2026,2,8,15,2,0,9
13,46,2026,2,8,8,5,4,10
13,54,2026,2,8,20,5,7,8
14,0,2026,2,8,20,3,0,11
14,8,2026,2,8,8,4,2,13
14,18,2026,2,8,15,4,7,10
14,27,2026,2,8,14,2,6,6
14,37,2026,2,8,15,6,0,12
14,46,2026,2,8,8,5,6,11
14,54,2026,2,8,20,3,5,9
15,0,2026,2,8,20,4,0,13
15,8,2026,2,8,8,5,0,18
15,18,2026,2,8,15,2,10,10
15,27,2026,2,8,14,4,6,8
15,37,2026,2,8,15,6,0,14
15,46,2026,2,8,8,5,6,13
15,54,2026,2,8,20,5,12,6
16,0,2026,2,8,20,5,0,11
16,8,2026,2,8,8,2,6,7
16,18,2026,2,8,15,4,2,9
16,27,2026,2,8,14,4,6,7
16,37,2026,2,8,15,3,2,8
16,46,2026,2,8,8,3,4,7
16,54,2026,2,8,20,6,6,7
17,0,2026,2,8,20,2,0,9
17,8,2026,2,8,8,3,2,10
17,18,2026,2,8,15,2,4,8
17,27,2026,2,8,14,2,4,6
17,37,2026,2,8,15,2,0,8
17,46,2026,2,8,8,3,3,8
17,54,2026,2,8,20,3,5,6
18,0,2026,2,8,20,2,0,8
18,8,2026,2,8,8,2,2,8
18,18,2026,2,8,15,3,4,7
18,27,2026,2,8,14,6,3,10
18,37,2026,2,8,15,5,2,13
18,46,2026,2,8,8,6,4,15
18,54,2026,2,8,20,4,8,11
19,0,2026,2,8,20,4,0,15
19,8,2026,2,8,8,2,2,15
19,18,2026,2,8,15,2,2,15
19,27,2026,2,8,14,5,13,7
19,37,2026,2,8,15,3,2,8
19,46,2026,2,8,8,5,3,10
19,54,2026,2,8,20,3,5,8
20,0,2026,2,8,20,6,0,14
20,8,2026,2,8,8,2,5,11
20,18,2026,2,8,15,4,3,12
20,27,2026,2,8,14,2,8,6
20,37,2026,2,8,15,6,0,12
20,46,2026,2,8,8,5,8,9
20,54,2026,2,8,20,4,6,7
21,0,2026,2,8,20,6,0,13
21,8,2026,2,8,8,2,4,11
21,18,2026,2,8,15,4,2,13
21,27,2026,2,8,14,3,9,7
21,37,2026,2,8,15,3,0,10
21,46,2026,2,8,8,4,2,12
21,54,2026,2,8,20,3,10,5
22,0,2026,2,8,20,4,0,9
22,8,2026,2,8,8,6,3,12
22,18,2026,2,8,15,4,6,10
22,27,2026,2,8,14,2,5,7
22,37,2026,2,8,15,4,1,10
22,46,2026,2,8,8,4,5,9
22,54,2026,2,8,20,6,6,9
23,0,2026,2,8,20,3,0,12
23,8,2026,2,8,8,4,2,14
23,18,2026,2,8,15,3,7,10
23,27,2026,2,8,14,5,6,9
23,37,2026,2,8,15,2,2,9
23,46,2026,2,8,8,2,6,5
23,54,2026,2,8,20,0,5,0
6,0,2026,2,9,20,2,0,2
6,8,2026,2,9,8,17,0,19
6,18,2026,2,9,15,12,7,24
6,27,2026,2,9,14,20,9,35
6,37,2026,2,9,15,5,8,32
6,46,2026,2,9,8,11,12,31
6,54,2026,2,9,20,6,17,20
7,0,2026,2,9,20,2,0,22
7,8,2026,2,9,8,19,0,41
7,18,2026,2,9,15,11,14,38
7,27,2026,2,9,14,17,20,35
7,37,2026,2,9,15,14,8,41
7,46,2026,2,9,8,9,14,36
7,54,2026,2,9,20,2,20,18
8,0,2026,2,9,20,2,0,20
8,8,2026,2,9,8,17,1,36
8,18,2026,2,9,15,14,13,37
8,27,2026,2,9,14,15,20,32
8,37,2026,2,9,15,9,3,38
8,46,2026,2,9,8,22,14,46
8,54,2026,2,9,20,6,20,32
9,0,2026,2,9,20,5,0,37
9,8,2026,2,9,8,2,5,34
9,18,2026,2,9,15,2,16,20
9,27,2026,2,9,14,3,18,5
9,37,2026,2,9,15,2,2,5
9,46,2026,2,9,8,5,2,8
9,54,2026,2,9,20,3,2,9
10,0,2026,2,9,20,5,0,14
10,8,2026,2,9,8,3,5,12
10,18,2026,2,9,15,5,6,11
10,27,2026,2,9,14,3,9,5
10,37,2026,2,9,15,3,1,7
10,46,2026,2,9,8,2,2,7
10,54,2026,2,9,20,4,4,7
11,0,2026,2,9,20,5,0,12
11,8,2026,2,9,8,6,4,14
11,18,2026,2,9,15,6,5,15
11,27,2026,2,9,14,6,8,13
11,37,2026,2,9,15,6,2,17
11,46,2026,2,9,8,3,2,18
11,54,2026,2,9,20,4,16,6
12,0,2026,2,9,20,6,0,12
12,8,2026,2,9,8,4,2,14
12,18,2026,2,9,15,6,4,16
12,27,2026,2,9,14,5,8,13
12,37,2026,2,9,15,3,1,15
12,46,2026,2,9,8,3,4,14
12,54,2026,2,9,20,4,11,7
13,0,2026,2,9,20,2,0,9
13,8,2026,2,9,8,4,2,11
13,18,2026,2,9,15,2,4,9
13,27,2026,2,9,14,5,7,7
13,37,2026,2,9,15,3,1,9
13,46,2026,2,9,8,6,6,9
13,54,2026,2,9,20,2,6,5
14,0,2026,2,9,20,6,0,11
14,8,2026,2,9,8,6,4,13
14,18,2026,2,9,15,2,4,11
14,27,2026,2,9,14,4,7,8
14,37,2026,2,9,15,4,1,11
14,46,2026,2,9,8,2,1,12
14,54,2026,2,9,20,5,10,7
15,0,2026,2,9,20,5,0,12
15,8,2026,2,9,8,2,2,12
15,18,2026,2,9,15,5,4,13
15,27,2026,2,9,14,4,6,11
15,37,2026,2,9,15,2,1,12
15,46,2026,2,9,8,4,5,11
15,54,2026,2,9,20,4,8,7
16,0,2026,2,9,20,6,0,13
16,8,2026,2,9,8,2,2,13
16,18,2026,2,9,15,2,6,9
16,27,2026,2,9,14,4,7,6
16,37,2026,2,9,15,5,0,11
16,46,2026,2,9,8,3,4,10
16,54,2026,2,9,20,6,7,9
17,0,2026,2,9,20,5,0,14
17,8,2026,2,9,8,6,5,15
17,18,2026,2,9,15,3,4,14
17,27,2026,2,9,14,2,10,6
17,37,2026,2,9,15,6,0,12
17,46,2026,2,9,8,3,4,11
17,54,2026,2,9,20,3,9,5
18,0,2026,2,9,20,6,0,11
18,8,2026,2,9,8,6,0,17
18,18,2026,2,9,15,5,8,14
18,27,2026,2,9,14,5,9,10
18,37,2026,2,9,15,6,2,14
18,46,2026,2,9,8,4,3,15
18,54,2026,2,9,20,3,12,6
19,0,2026,2,9,20,5,0,11
19,8,2026,2,9,8,5,4,12
19,18,2026,2,9,15,2,5,9
19,27,2026,2,9,14,5,7,7
19,37,2026,2,9,15,6,0,13
19,46,2026,2,9,8,3,5,11
19,54,2026,2,9,20,5,5,11
20,0,2026,2,9,20,4,0,15
20,8,2026,2,9,8,5,6,14
20,18,2026,2,9,15,4,4,14
20,27,2026,2,9,14,2,8,8
20,37,2026,2,9,15,4,1,11
20,46,2026,2,9,8,4,1,14
20,54,2026,2,9,20,5,10,9
21,0,2026,2,9,20,2,0,11
21,8,2026,2,9,8,5,3,13
21,18,2026,2,9,15,4,5,12
21,27,2026,2,9,14,6,7,11
21,37,2026,2,9,15,4,2,13
21,46,2026,2,9,8,4,7,10
21,54,2026,2,9,20,6,7,9
22,0,2026,2,9,20,6,0,15
22,8,2026,2,9,8,4,3,16
22,18,2026,2,9,15,3,6,13
22,27,2026,2,9,14,2,12,3
22,37,2026,2,9,15,4,1,6
22,46,2026,2,9,8,2,1,7
22,54,2026,2,9,20,4,1,10
23,0,2026,2,9,20,5,0,15
23,8,2026,2,9,8,3,2,16
23,18,2026,2,9,15,4,4,16
23,27,2026,2,9,14,3,11,8
23,37,2026,2,9,15,3,0,11
23,46,2026,2,9,8,3,6,8
23,54,2026,2,9,20,0,8,0
6,0,2026,2,10,20,6,0,6
6,8,2026,2,10,8,9,0,15
6,18,2026,2,10,15,5,7,13
6,27,2026,2,10,14,12,5,20
6,37,2026,2,10,15,9,3,26
6,46,2026,2,10,8,17,9,34
6,54,2026,2,10,20,3,19,18
7,0,2026,2,10,20,4,0,22
7,8,2026,2,10,8,20,3,39
7,18,2026,2,10,15,12,15,36
7,27,2026,2,10,14,20,20,36
7,37,2026,2,10,15,18,5,49
7,46,2026,2,10,8,18,20,47
7,54,2026,2,10,20,6,20,33
8,0,2026,2,10,20,6,0,39
8,8,2026,2,10,8,20,4,55
8,18,2026,2,10,15,21,20,56
8,27,2026,2,10,14,13,20,49
8,37,2026,2,10,15,16,9,56
8,46,2026,2,10,8,16,20,52
8,54,2026,2,10,20,2,20,34
9,0,2026,2,10,20,4,0,38
9,8,2026,2,10,8,4,5,37
9,18,2026,2,10,15,3,15,25
9,27,2026,2,10,14,6,20,11
9,37,2026,2,10,15,2,1,12
9,46,2026,2,10,8,3,5,10
9,54,2026,2,10,20,2,8,4
10,0,2026,2,10,20,6,0,10
10,8,2026,2,10,8,6,3,13
10,18,2026,2,10,15,5,7,11
10,27,2026,2,10,14,5,6,10
10,37,2026,2,10,15,4,2,12
10,46,2026,2,10,8,2,2,12
10,54,2026,2,10,20,4,10,6
11,0,2026,2,10,20,3,0,9
11,8,2026,2,10,8,5,1,13
11,18,2026,2,10,15,2,5,10
11,27,2026,2,10,14,2,8,4
11,37,2026,2,10,15,3,1,6
11,46,2026,2,10,8,5,1,10
11,54,2026,2,10,20,5,5,10
12,0,2026,2,10,20,5,0,15
12,8,2026,2,10,8,4,6,13
12,18,2026,2,10,15,2,3,12
12,27,2026,2,10,14,4,10,6
12,37,2026,2,10,15,3,1,8
12,46,2026,2,10,8,4,4,8
12,54,2026,2,10,20,6,4,10
13,0,2026,2,10,20,6,0,16
13,8,2026,2,10,8,6,5,17
13,18,2026,2,10,15,4,4,17
13,27,2026,2,10,14,2,15,4
13,37,2026,2,10,15,6,0,10
13,46,2026,2,10,8,3,5,8
13,54,2026,2,10,20,3,6,5
14,0,2026,2,10,20,4,0,9
14,8,2026,2,10,8,4,2,11
14,18,2026,2,10,15,6,5,12
14,27,2026,2,10,14,3,8,7
14,37,2026,2,10,15,6,0,13
14,46,2026,2,10,8,3,4,12
14,54,2026,2,10,20,6,7,11
15,0,2026,2,10,20,2,0,13
15,8,2026,2,10,8,2,3,12
15,18,2026,2,10,15,6,2,16
15,27,2026,2,10,14,6,12,10
15,37,2026,2,10,15,4,2,12
15,46,2026,2,10,8,6,6,12
15,54,2026,2,10,20,5,4,13
16,0,2026,2,10,20,6,0,19
16,8,2026,2,10,8,5,4,20
16,18,2026,2,10,15,6,6,20
16,27,2026,2,10,14,4,15,9
16,37,2026,2,10,15,2,2,9
16,46,2026,2,10,8,4,3,10
16,54,2026,2,10,20,3,7,6
17,0,2026,2,10,20,4,0,10
17,8,2026,2,10,8,4,3,11
17,18,2026,2,10,15,5,2,14
17,27,2026,2,10,14,3,9,8
17,37,2026,2,10,15,6,1,13
17,46,2026,2,10,8,4,5,12
17,54,2026,2,10,20,5,8,9
18,0,2026,2,10,20,2,0,11
18,8,2026,2,10,8,3,3,11
18,18,2026,2,10,15,4,4,11
18,27,2026,2,10,14,5,8,8
18,37,2026,2,10,15,2,1,9
18,46,2026,2,10,8,6,2,13
18,54,2026,2,10,20,5,8,10
19,0,2026,2,10,20,6,0,16
19,8,2026,2,10,8,6,3,19
19,18,2026,2,10,15,5,6,18
19,27,2026,2,10,14,6,14,10
19,37,2026,2,10,15,3,1,12
19,46,2026,2,10,8,2,3,11
19,54,2026,2,10,20,5,8,8
20,0,2026,2,10,20,3,0,11
20,8,2026,2,10,8,2,2,11
20,18,2026,2,10,15,4,5,10
20,27,2026,2,10,14,2,6,6
20,37,2026,2,10,15,4,0,10
20,46,2026,2,10,8,2,5,7
20,54,2026,2,10,20,5,6,6
21,0,2026,2,10,20,4,0,10
21,8,2026,2,10,8,6,1,15
21,18,2026,2,10,15,5,7,13
21,27,2026,2,10,14,3,8,8
21,37,2026,2,10,15,3,1,10
21,46,2026,2,10,8,3,2,11
21,54,2026,2,10,20,2,9,4
22,0,2026,2,10,20,5,0,9
22,8,2026,2,10,8,6,2,13
22,18,2026,2,10,15,2,6,9
22,27,2026,2,10,14,3,6,6
22,37,2026,2,10,15,2,2,6
22,46,2026,2,10,8,4,1,9
22,54,2026,2,10,20,2,6,5
23,0,2026,2,10,20,3,0,8
23,8,2026,2,10,8,3,2,9
23,18,2026,2,10,15,5,3,11
23,27,2026,2,10,14,5,7,9
23,37,2026,2,10,15,3,2,10
23,46,2026,2,10,8,2,6,6
23,54,2026,2,10,20,0,6,0
6,0,2026,2,11,20,6,0,6
6,8,2026,2,11,8,9,2,13
6,18,2026,2,11,15,13,5,21
6,27,2026,2,11,14,18,11,28
6,37,2026,2,11,15,6,6,28
6,46,2026,2,11,8,22,9,41
6,54,2026,2,11,20,5,20,26
7,0,2026,2,11,20,3,0,29
7,8,2026,2,11,8,12,3,38
7,18,2026,2,11,15,6,12,32
7,27,2026,2,11,14,5,20,17
7,37,2026,2,11,15,10,2,25
7,46,2026,2,11,8,16,9,32
7,54,2026,2,11,20,6,20,18
8,0,2026,2,11,20,3,0,21
8,8,2026,2,11,8,10,3,28
8,18,2026,2,11,15,13,10,31
8,27,2026,2,11,14,10,19,22
8,37,2026,2,11,15,14,3,33
8,46,2026,2,11,8,21,20,34
8,54,2026,2,11,20,4,19,19
9,0,2026,2,11,20,4,0,23
9,8,2026,2,11,8,6,4,25
9,18,2026,2,11,15,2,10,17
9,27,2026,2,11,14,3,15,5
9,37,2026,2,11,15,2,0,7
9,46,2026,2,11,8,4,2,9
9,54,2026,2,11,20,6,7,8
10,0,2026,2,11,20,6,0,14
10,8,2026,2,11,8,4,6,12
10,18,2026,2,11,15,3,2,13
10,27,2026,2,11,14,4,10,7
10,37,2026,2,11,15,2,3,6
10,46,2026,2,11,8,3,1,8
10,54,2026,2,11,20,3,6,5
11,0,2026,2,11,20,6,0,11
11,8,2026,2,11,8,2,5,8
11,18,2026,2,11,15,3,4,7
11,27,2026,2,11,14,2,5,4
11,37,2026,2,11,15,4,0,8
11,46,2026,2,11,8,4,5,7
11,54,2026,2,11,20,3,3,7
12,0,2026,2,11,20,6,0,13
12,8,2026,2,11,8,2,6,9
12,18,2026,2,11,15,3,6,6
12,27,2026,2,11,14,6,5,7
12,37,2026,2,11,15,4,1,10
12,46,2026,2,11,8,5,5,10
12,54,2026,2,11,20,2,6,6
13,0,2026,2,11,20,2,0,8
13,8,2026,2,11,8,2,1,9
13,18,2026,2,11,15,2,6,5
13,27,2026,2,11,14,2,3,4
13,37,2026,2,11,15,2,1,5
13,46,2026,2,11,8,2,2,5
13,54,2026,2,11,20,3,1,7
14,0,2026,2,11,20,3,0,10
14,8,2026,2,11,8,6,2,14
14,18,2026,2,11,15,4,7,11
14,27,2026,2,11,14,5,7,9
14,37,2026,2,11,15,4,0,13
14,46,2026,2,11,8,2,4,11
14,54,2026,2,11,20,6,9,8
15,0,2026,2,11,20,6,0,14
15,8,2026,2,11,8,3,5,12
15,18,2026,2,11,15,3,5,10
15,27,2026,2,11,14,4,8,6
15,37,2026,2,11,15,4,1,9
15,46,2026,2,11,8,3,2,10
15,54,2026,2,11,20,4,7,7
16,0,2026,2,11,20,3,0,10
16,8,2026,2,11,8,4,4,10
16,18,2026,2,11,15,4,4,10
16,27,2026,2,11,14,5,4,11
16,37,2026,2,11,15,4,3,12
16,46,2026,2,11,8,6,5,13
16,54,2026,2,11,20,3,10,6
17,0,2026,2,11,20,3,0,9
17,8,2026,2,11,8,6,3,12
17,18,2026,2,11,15,3,5,10
17,27,2026,2,11,14,5,5,10
17,37,2026,2,11,15,6,2,14
17,46,2026,2,11,8,2,6,10
17,54,2026,2,11,20,2,8,4
18,0,2026,2,11,20,6,0,10
18,8,2026,2,11,8,2,1,11
18,18,2026,2,11,15,6,3,14
18,27,2026,2,11,14,5,10,9
18,37,2026,2,11,15,6,1,14
18,46,2026,2,11,8,5,6,13
18,54,2026,2,11,20,6,10,9
19,0,2026,2,11,20,2,0,11
19,8,2026,2,11,8,5,1,15
19,18,2026,2,11,15,4,6,13
19,27,2026,2,11,14,5,9,9
19,37,2026,2,11,15,3,2,10
19,46,2026,2,11,8,2,2,10
19,54,2026,2,11,20,3,8,5
20,0,2026,2,11,20,6,0,11
20,8,2026,2,11,8,2,2,11
20,18,2026,2,11,15,6,3,14
20,27,2026,2,11,14,5,10,9
20,37,2026,2,11,15,2,2,9
20,46,2026,2,11,8,2,5,6
20,54,2026,2,11,20,3,4,5
21,0,2026,2,11,20,4,0,9
21,8,2026,2,11,8,2,2,9
21,18,2026,2,11,15,5,7,7
21,27,2026,2,11,14,6,3,10
21,37,2026,2,11,15,5,3,12
21,46,2026,2,11,8,3,7,8
21,54,2026,2,11,20,6,2,12
22,0,2026,2,11,20,6,0,18
22,8,2026,2,11,8,3,4,17
22,18,2026,2,11,15,4,7,14
22,27,2026,2,11,14,4,10,8
22,37,2026,2,11,15,6,2,12
22,46,2026,2,11,8,5,2,15
22,54,2026,2,11,20,6,8,13
23,0,2026,2,11,20,2,0,15
23,8,2026,2,11,8,5,3,17
23,18,2026,2,11,15,2,5,14
23,27,2026,2,11,14,5,11,8
23,37,2026,2,11,15,2,2,8
23,46,2026,2,11,8,3,5,6
23,54,2026,2,11,20,0,6,0
6,0,2026,2,12,20,5,0,5
6,8,2026,2,12,8,15,0,20
6,18,2026,2,12,15,13,10,23
6,27,2026,2,12,14,21,4,40
6,37,2026,2,12,15,20,11,49
6,46,2026,2,12,8,19,16,52
6,54,2026,2,12,20,4,20,36
7,0,2026,2,12,20,6,0,42
7,8,2026,2,12,8,8,7,43
7,18,2026,2,12,15,17,16,44
7,27,2026,2,12,14,7,20,31
7,37,2026,2,12,15,15,3,43
7,46,2026,2,12,8,19,17,45
7,54,2026,2,12,20,4,20,29
8,0,2026,2,12,20,4,0,33
8,8,2026,2,12,8,18,8,43
8,18,2026,2,12,15,9,16,36
8,27,2026,2,12,14,10,20,26
8,37,2026,2,12,15,13,3,36
8,46,2026,2,12,8,22,13,45
8,54,2026,2,12,20,3,20,28
9,0,2026,2,12,20,3,0,31
9,8,2026,2,12,8,3,2,32
9,18,2026,2,12,15,2,11,23
9,27,2026,2,12,14,5,20,8
9,37,2026,2,12,15,6,2,12
9,46,2026,2,12,8,4,3,13
9,54,2026,2,12,20,3,9,7
10,0,2026,2,12,20,6,0,13
10,8,2026,2,12,8,4,2,15
10,18,2026,2,12,15,2,5,12
10,27,2026,2,12,14,5,9,8
10,37,2026,2,12,15,3,1,10
10,46,2026,2,12,8,2,3,9
10,54,2026,2,12,20,2,6,5
11,0,2026,2,12,20,2,0,7
11,8,2026,2,12,8,2,2,7
11,18,2026,2,12,15,2,0,9
11,27,2026,2,12,14,3,8,4
11,37,2026,2,12,15,3,2,5
11,46,2026,2,12,8,6,2,9
11,54,2026,2,12,20,2,4,7
12,0,2026,2,12,20,4,0,11
12,8,2026,2,12,8,6,1,16
12,18,2026,2,12,15,2,3,15
12,27,2026,2,12,14,6,12,9
12,37,2026,2,12,15,3,4,8
12,46,2026,2,12,8,5,3,10
12,54,2026,2,12,20,4,5,9
13,0,2026,2,12,20,4,0,13
13,8,2026,2,12,8,2,2,13
13,18,2026,2,12,15,2,6,9
13,27,2026,2,12,14,5,8,6
13,37,2026,2,12,15,6,2,10
13,46,2026,2,12,8,3,5,8
13,54,2026,2,12,20,5,5,8
14,0,2026,2,12,20,6,0,14
14,8,2026,2,12,8,2,5,11
14,18,2026,2,12,15,3,6,8
14,27,2026,2,12,14,5,7,6
14,37,2026,2,12,15,2,4,4
14,46,2026,2,12,8,2,1,5
14,54,2026,2,12,20,3,3,5
15,0,2026,2,12,20,2,0,7
15,8,2026,2,12,8,5,2,10
15,18,2026,2,12,15,6,5,11
15,27,2026,2,12,14,5,4,12
15,37,2026,2,12,15,2,3,11
15,46,2026,2,12,8,4,6,9
15,54,2026,2,12,20,3,4,8
16,0,2026,2,12,20,6,0,14
16,8,2026,2,12,8,2,4,12
16,18,2026,2,12,15,3,4,11
16,27,2026,2,12,14,3,8,6
16,37,2026,2,12,15,2,2,6
16,46,2026,2,12,8,5,3,8
16,54,2026,2,12,20,5,3,10
17,0,2026,2,12,20,5,0,15
17,8,2026,2,12,8,2,2,15
17,18,2026,2,12,15,5,4,16
17,27,2026,2,12,14,2,14,4
17,37,2026,2,12,15,2,1,5
17,46,2026,2,12,8,3,2,6
17,54,2026,2,12,20,6,3,9
18,0,2026,2,12,20,3,0,12
18,8,2026,2,12,8,6,2,16
18,18,2026,2,12,15,3,11,8
18,27,2026,2,12,14,4,5,7
18,37,2026,2,12,15,6,1,12
18,46,2026,2,12,8,5,4,13
18,54,2026,2,12,20,5,4,14
19,0,2026,2,12,20,5,0,19
19,8,2026,2,12,8,5,2,22
19,18,2026,2,12,15,6,12,16
19,27,2026,2,12,14,4,12,8
19,37,2026,2,12,15,3,0,11
19,46,2026,2,12,8,6,6,11
19,54,2026,2,12,20,2,7,6
20,0,2026,2,12,20,4,0,10
20,8,2026,2,12,8,4,0,14
20,18,2026,2,12,15,6,5,15
20,27,2026,2,12,14,4,13,6
20,37,2026,2,12,15,2,0,8
20,46,2026,2,12,8,4,5,7
20,54,2026,2,12,20,5,2,10
21,0,2026,2,12,20,3,0,13
21,8,2026,2,12,8,5,3,15
21,18,2026,2,12,15,4,6,13
21,27,2026,2,12,14,5,7,11
21,37,2026,2,12,15,5,1,15
21,46,2026,2,12,8,6,5,16
21,54,2026,2,12,20,5,11,10
22,0,2026,2,12,20,4,0,14
22,8,2026,2,12,8,3,2,15
22,18,2026,2,12,15,5,6,14
22,27,2026,2,12,14,5,9,10
22,37,2026,2,12,15,4,1,13
22,46,2026,2,12,8,2,7,8
22,54,2026,2,12,20,6,5,9
23,0,2026,2,12,20,6,0,15
23,8,2026,2,12,8,2,5,12
23,18,2026,2,12,15,2,5,9
23,27,2026,2,12,14,5,8,6
23,37,2026,2,12,15,6,2,10
23,46,2026,2,12,8,2,0,12
23,54,2026,2,12,20,0,12,0
6,0,2026,2,13,20,5,0,5
6,8,2026,2,13,8,9,1,13
6,18,2026,2,13,15,8,6,15
6,27,2026,2,13,14,21,8,28
6,37,2026,2,13,15,5,10,23
6,46,2026,2,13,8,22,10,35
6,54,2026,2,13,20,4,20,19
7,0,2026,2,13,20,3,0,22
7,8,2026,2,13,8,5,2,25
7,18,2026,2,13,15,13,10,28
7,27,2026,2,13,14,9,20,17
7,37,2026,2,13,15,6,1,22
7,46,2026,2,13,8,21,5,38
7,54,2026,2,13,20,3,16,25
8,0,2026,2,13,20,3,0,28
8,8,2026,2,13,8,13,4,37
8,18,2026,2,13,15,7,20,24
8,27,2026,2,13,14,11,15,20
8,37,2026,2,13,15,22,4,38
8,46,2026,2,13,8,21,15,44
8,54,2026,2,13,20,2,20,26
9,0,2026,2,13,20,6,0,32
9,8,2026,2,13,8,2,3,31
9,18,2026,2,13,15,3,18,16
9,27,2026,2,13,14,3,13,6
9,37,2026,2,13,15,5,2,9
9,46,2026,2,13,8,4,2,11
9,54,2026,2,13,20,4,6,9
10,0,2026,2,13,20,2,0,11
10,8,2026,2,13,8,4,1,14
10,18,2026,2,13,15,6,2,18
10,27,2026,2,13,14,3,11,10
10,37,2026,2,13,15,5,1,14
10,46,2026,2,13,8,5,8,11
10,54,2026,2,13,20,5,7,9
11,0,2026,2,13,20,4,0,13
11,8,2026,2,13,8,5,5,13
11,18,2026,2,13,15,5,5,13
11,27,2026,2,13,14,5,8,10
11,37,2026,2,13,15,2,2,10
11,46,2026,2,13,8,4,2,12
11,54,2026,2,13,20,5,7,10
12,0,2026,2,13,20,2,0,12
12,8,2026,2,13,8,2,2,12
12,18,2026,2,13,15,6,5,13
12,27,2026,2,13,14,4,8,9
12,37,2026,2,13,15,3,1,11
12,46,2026,2,13,8,6,5,12
12,54,2026,2,13,20,3,5,10
13,0,2026,2,13,20,2,0,12
13,8,2026,2,13,8,3,0,15
13,18,2026,2,13,15,5,6,14
13,27,2026,2,13,14,3,8,9
13,37,2026,2,13,15,4,0,13
13,46,2026,2,13,8,2,7,8
13,54,2026,2,13,20,5,6,7
14,0,2026,2,13,20,2,0,9
14,8,2026,2,13,8,3,1,11
14,18,2026,2,13,15,4,5,10
14,27,2026,2,13,14,5,5,10
14,37,2026,2,13,15,5,2,13
14,46,2026,2,13,8,4,6,11
14,54,2026,2,13,20,4,7,8
15,0,2026,2,13,20,4,0,12
15,8,2026,2,13,8,4,4,12
15,18,2026,2,13,15,6,3,15
15,27,2026,2,13,14,6,8,13
15,37,2026,2,13,15,6,3,16
15,46,2026,2,13,8,3,5,14
15,54,2026,2,13,20,2,10,6
16,0,2026,2,13,20,3,0,9
16,8,2026,2,13,8,4,0,13
16,18,2026,2,13,15,4,5,12
16,27,2026,2,13,14,6,7,11
16,37,2026,2,13,15,6,1,16
16,46,2026,2,13,8,5,9,12
16,54,2026,2,13,20,2,9,5
17,0,2026,2,13,20,6,0,11
17,8,2026,2,13,8,3,6,8
17,18,2026,2,13,15,4,1,11
17,27,2026,2,13,14,6,9,8
17,37,2026,2,13,15,4,2,10
17,46,2026,2,13,8,4,3,11
17,54,2026,2,13,20,2,7,6
18,0,2026,2,13,20,5,0,11
18,8,2026,2,13,8,3,3,11
18,18,2026,2,13,15,6,5,12
18,27,2026,2,13,14,3,6,9
18,37,2026,2,13,15,5,1,13
18,46,2026,2,13,8,6,3,16
18,54,2026,2,13,20,3,11,8
19,0,2026,2,13,20,4,0,12
19,8,2026,2,13,8,3,0,15
19,18,2026,2,13,15,5,8,12
19,27,2026,2,13,14,5,7,10
19,37,2026,2,13,15,4,2,12
19,46,2026,2,13,8,4,8,8
19,54,2026,2,13,20,3,6,5
20,0,2026,2,13,20,2,0,7
20,8,2026,2,13,8,6,3,10
20,18,2026,2,13,15,3,4,9
20,27,2026,2,13,14,3,4,8
20,37,2026,2,13,15,6,0,14
20,46,2026,2,13,8,5,5,14
20,54,2026,2,13,20,2,8,8
21,0,2026,2,13,20,3,0,11
21,8,2026,2,13,8,6,1,16
21,18,2026,2,13,15,3,5,14
21,27,2026,2,13,14,6,11,9
21,37,2026,2,13,15,2,1,10
21,46,2026,2,13,8,3,8,5
21,54,2026,2,13,20,4,2,7
22,0,2026,2,13,20,6,0,13
22,8,2026,2,13,8,2,4,11
22,18,2026,2,13,15,4,5,10
22,27,2026,2,13,14,2,7,5
22,37,2026,2,13,15,6,0,11
22,46,2026,2,13,8,3,6,8
22,54,2026,2,13,20,4,5,7
23,0,2026,2,13,20,5,0,12
23,8,2026,2,13,8,5,5,12
23,18,2026,2,13,15,6,4,14
23,27,2026,2,13,14,6,5,15
23,37,2026,2,13,15,2,1,16
23,46,2026,2,13,8,5,9,12
23,54,2026,2,13,20,0,12,0
6,0,2026,2,14,20,3,0,3
6,8,2026,2,14,8,7,1,9
6,18,2026,2,14,15,12,3,18
6,27,2026,2,14,14,15,10,23
6,37,2026,2,14,15,17,4,36
6,46,2026,2,14,8,10,11,35
6,54,2026,2,14,20,6,20,21
7,0,2026,2,14,20,2,0,23
7,8,2026,2,14,8,13,5,31
7,18,2026,2,14,15,21,14,38
7,27,2026,2,14,14,5,20,23
7,37,2026,2,14,15,14,2,35
7,46,2026,2,14,8,12,13,34
7,54,2026,2,14,20,2,20,16
8,0,2026,2,14,20,5,0,21
8,8,2026,2,14,8,5,1,25
8,18,2026,2,14,15,5,10,20
8,27,2026,2,14,14,12,17,15
8,37,2026,2,14,15,20,4,31
8,46,2026,2,14,8,14,14,31
8,54,2026,2,14,20,3,16,18
9,0,2026,2,14,20,6,0,24
9,8,2026,2,14,8,4,3,25
9,18,2026,2,14,15,6,8,23
9,27,2026,2,14,14,3,19,7
9,37,2026,2,14,15,2,1,8
9,46,2026,2,14,8,3,3,8
9,54,2026,2,14,20,4,6,6
10,0,2026,2,14,20,6,0,12
10,8,2026,2,14,8,4,5,11
10,18,2026,2,14,15,3,3,11
10,27,2026,2,14,14,3,6,8
10,37,2026,2,14,15,5,1,12
10,46,2026,2,14,8,3,2,13
10,54,2026,2,14,20,2,7,8
11,0,2026,2,14,20,2,0,10
11,8,2026,2,14,8,3,2,11
11,18,2026,2,14,15,2,4,9
11,27,2026,2,14,14,5,7,7
11,37,2026,2,14,15,3,1,9
11,46,2026,2,14,8,2,4,7
11,54,2026,2,14,20,5,6,6
12,0,2026,2,14,20,2,0,8
12,8,2026,2,14,8,2,1,9
12,18,2026,2,14,15,5,1,13
12,27,2026,2,14,14,5,8,10
12,37,2026,2,14,15,6,2,14
12,46,2026,2,14,8,4,4,14
12,54,2026,2,14,20,2,10,6
13,0,2026,2,14,20,6,0,12
13,8,2026,2,14,8,5,3,14
13,18,2026,2,14,15,5,4,15
13,27,2026,2,14,14,5,10,10
13,37,2026,2,14,15,3,3,10
13,46,2026,2,14,8,5,3,12
13,54,2026,2,14,20,6,9,9
14,0,2026,2,14,20,4,0,13
14,8,2026,2,14,8,2,2,13
14,18,2026,2,14,15,5,6,12
14,27,2026,2,14,14,4,9,7
14,37,2026,2,14,15,4,1,10
14,46,2026,2,14,8,2,3,9
14,54,2026,2,14,20,6,6,9
15,0,2026,2,14,20,3,0,12
15,8,2026,2,14,8,5,3,14
15,18,2026,2,14,15,6,4,16
15,27,2026,2,14,14,5,10,11
15,37,2026,2,14,15,6,1,16
15,46,2026,2,14,8,4,7,13
15,54,2026,2,14,20,3,11,5
16,0,2026,2,14,20,6,0,11
16,8,2026,2,14,8,6,1,16
16,18,2026,2,14,15,6,7,15
16,27,2026,2,14,14,3,7,11
16,37,2026,2,14,15,5,1,15
16,46,2026,2,14,8,5,5,15
16,54,2026,2,14,20,2,10,7
17,0,2026,2,14,20,2,0,9
17,8,2026,2,14,8,2,1,10
17,18,2026,2,14,15,6,4,12
17,27,2026,2,14,14,4,6,10
17,37,2026,2,14,15,2,2,10
17,46,2026,2,14,8,6,4,12
17,54,2026,2,14,20,4,7,9
18,0,2026,2,14,20,6,0,15
18,8,2026,2,14,8,5,2,18
18,18,2026,2,14,15,6,10,14
18,27,2026,2,14,14,3,10,7
18,37,2026,2,14,15,2,0,9
18,46,2026,2,14,8,2,5,6
18,54,2026,2,14,20,2,3,5
19,0,2026,2,14,20,6,0,11
19,8,2026,2,14,8,2,3,10
19,18,2026,2,14,15,2,2,10
19,27,2026,2,14,14,2,8,4
19,37,2026,2,14,15,5,0,9
19,46,2026,2,14,8,4,4,9
19,54,2026,2,14,20,4,5,8
20,0,2026,2,14,20,3,0,11
20,8,2026,2,14,8,4,2,13
20,18,2026,2,14,15,2,6,9
20,27,2026,2,14,14,2,6,5
20,37,2026,2,14,15,3,1,7
20,46,2026,2,14,8,3,3,7
20,54,2026,2,14,20,3,4,6
21,0,2026,2,14,20,4,0,10
21,8,2026,2,14,8,3,0,13
21,18,2026,2,14,15,5,8,10
21,27,2026,2,14,14,3,5,8
21,37,2026,2,14,15,4,2,10
21,46,2026,2,14,8,2,3,9
21,54,2026,2,14,20,3,5,7
22,0,2026,2,14,20,3,0,10
22,8,2026,2,14,8,3,1,12
22,18,2026,2,14,15,4,4,12
22,27,2026,2,14,14,4,8,8
22,37,2026,2,14,15,5,2,11
22,46,2026,2,14,8,6,8,9
22,54,2026,2,14,20,5,7,7
23,0,2026,2,14,20,4,0,11
23,8,2026,2,14,8,3,8,6
23,18,2026,2,14,15,6,2,10
23,27,2026,2,14,14,3,4,9
23,37,2026,2,14,15,3,0,12
23,46,2026,2,14,8,2,5,9
23,54,2026,2,14,20,0,9,0
6,0,2026,2,15,20,4,0,4
6,8,2026,2,15,8,9,1,12
6,18,2026,2,15,15,22,5,29
6,27,2026,2,15,14,21,12,38
6,37,2026,2,15,15,7,7,38
6,46,2026,2,15,8,10,18,30
6,54,2026,2,15,20,6,20,16
7,0,2026,2,15,20,5,0,21
7,8,2026,2,15,8,7,6,22
7,18,2026,2,15,15,20,13,29
7,27,2026,2,15,14,18,12,35
7,37,2026,2,15,15,8,12,31
7,46,2026,2,15,8,7,10,28
7,54,2026,2,15,20,5,20,13
8,0,2026,2,15,20,3,0,16
8,8,2026,2,15,8,11,2,25
8,18,2026,2,15,15,18,8,35
8,27,2026,2,15,14,6,20,21
8,37,2026,2,15,15,6,1,26
8,46,2026,2,15,8,17,11,32
8,54,2026,2,15,20,2,20,14
9,0,2026,2,15,20,6,0,20
9,8,2026,2,15,8,6,1,25
9,18,2026,2,15,15,4,13,16
9,27,2026,2,15,14,2,12,6
9,37,2026,2,15,15,3,0,9
9,46,2026,2,15,8,5,3,11
9,54,2026,2,15,20,5,7,9
10,0,2026,2,15,20,2,0,11
10,8,2026,2,15,8,3,2,12
10,18,2026,2,15,15,5,5,12
10,27,2026,2,15,14,6,7,11
10,37,2026,2,15,15,2,4,9
10,46,2026,2,15,8,6,5,10
10,54,2026,2,15,20,4,7,7
11,0,2026,2,15,20,4,0,11
11,8,2026,2,15,8,4,1,14
11,18,2026,2,15,15,2,7,9
11,27,2026,2,15,14,2,6,5
11,37,2026,2,15,15,4,0,9
11,46,2026,2,15,8,3,3,9
11,54,2026,2,15,20,3,8,4
12,0,2026,2,15,20,6,0,10
12,8,2026,2,15,8,5,1,14
12,18,2026,2,15,15,5,7,12
12,27,2026,2,15,14,6,7,11
12,37,2026,2,15,15,4,2,13
12,46,2026,2,15,8,3,6,10
12,54,2026,2,15,20,6,6,10
13,0,2026,2,15,20,5,0,15
13,8,2026,2,15,8,4,6,13
13,18,2026,2,15,15,4,5,12
13,27,2026,2,15,14,6,6,12
13,37,2026,2,15,15,6,2,16
13,46,2026,2,15,8,5,5,16
13,54,2026,2,15,20,5,9,12
14,0,2026,2,15,20,3,0,15
14,8,2026,2,15,8,2,4,13
14,18,2026,2,15,15,3,6,10
14,27,2026,2,15,14,3,6,7
14,37,2026,2,15,15,2,3,6
14,46,2026,2,15,8,5,1,10
14,54,2026,2,15,20,2,4,8
15,0,2026,2,15,20,2,0,10
15,8,2026,2,15,8,2,1,11
15,18,2026,2,15,15,6,6,11
15,27,2026,2,15,14,6,4,13
15,37,2026,2,15,15,4,2,15
15,46,2026,2,15,8,2,3,14
15,54,2026,2,15,20,4,11,7
16,0,2026,2,15,20,2,0,9
16,8,2026,2,15,8,5,1,13
16,18,2026,2,15,15,2,2,13
16,27,2026,2,15,14,2,8,7
16,37,2026,2,15,15,5,0,12
16,46,2026,2,15,8,4,1,15
16,54,2026,2,15,20,2,13,4
17,0,2026,2,15,20,6,0,10
17,8,2026,2,15,8,5,4,11
17,18,2026,2,15,15,4,4,11
17,27,2026,2,15,14,6,7,10
17,37,2026,2,15,15,2,2,10
17,46,2026,2,15,8,3,7,6
17,54,2026,2,15,20,6,4,8
18,0,2026,2,15,20,5,0,13
18,8,2026,2,15,8,3,1,15
18,18,2026,2,15,15,4,5,14
18,27,2026,2,15,14,5,10,9
18,37,2026,2,15,15,6,3,12
18,46,2026,2,15,8,2,4,10
18,54,2026,2,15,20,5,6,9
19,0,2026,2,15,20,4,0,13
19,8,2026,2,15,8,5,1,17
19,18,2026,2,15,15,2,7,12
19,27,2026,2,15,14,3,9,6
19,37,2026,2,15,15,2,1,7
19,46,2026,2,15,8,2,2,7
19,54,2026,2,15,20,2,4,5
20,0,2026,2,15,20,2,0,7
20,8,2026,2,15,8,2,2,7
20,18,2026,2,15,15,4,3,8
20,27,2026,2,15,14,2,5,5
20,37,2026,2,15,15,4,2,7
20,46,2026,2,15,8,4,2,9
20,54,2026,2,15,20,6,4,11
21,0,2026,2,15,20,3,0,14
21,8,2026,2,15,8,2,4,12
21,18,2026,2,15,15,6,6,12
21,27,2026,2,15,14,3,6,9
21,37,2026,2,15,15,2,2,9
21,46,2026,2,15,8,2,3,8
21,54,2026,2,15,20,2,5,5
22,0,2026,2,15,20,6,0,11
22,8,2026,2,15,8,4,3,12
22,18,2026,2,15,15,5,4,13
22,27,2026,2,15,14,5,8,10
22,37,2026,2,15,15,4,3,11
22,46,2026,2,15,8,4,6,9
22,54,2026,2,15,20,6,5,10
23,0,2026,2,15,20,5,0,15
23,8,2026,2,15,8,2,3,14
23,18,2026,2,15,15,6,6,14
23,27,2026,2,15,14,5,9,10
23,37,2026,2,15,15,2,2,10
23,46,2026,2,15,8,4,6,8
23,54,2026,2,15,20,0,8,0
6,0,2026,2,16,20,6,0,6
6,8,2026,2,16,8,17,2,21
6,18,2026,2,16,15,13,5,29
6,27,2026,2,16,14,14,13,30
6,37,2026,2,16,15,20,4,46
6,46,2026,2,16,8,14,20,40
6,54,2026,2,16,20,6,20,26
7,0,2026,2,16,20,2,0,28
7,8,2026,2,16,8,10,5,33
7,18,2026,2,16,15,21,8,46
7,27,2026,2,16,14,14,20,40
7,37,2026,2,16,15,12,1,51
7,46,2026,2,16,8,7,20,38
7,54,2026,2,16,20,5,20,23
8,0,2026,2,16,20,3,0,26
8,8,2026,2,16,8,19,4,41
8,18,2026,2,16,15,20,11,50
8,27,2026,2,16,14,10,20,40
8,37,2026,2,16,15,5,4,41
8,46,2026,2,16,8,21,19,43
8,54,2026,2,16,20,6,20,29
9,0,2026,2,16,20,6,0,35
9,8,2026,2,16,8,3,5,33
9,18,2026,2,16,15,3,18,18
9,27,2026,2,16,14,2,15,5
9,37,2026,2,16,15,2,1,6
9,46,2026,2,16,8,2,1,7
9,54,2026,2,16,20,2,4,5
10,0,2026,2,16,20,3,0,8
10,8,2026,2,16,8,3,2,9
10,18,2026,2,16,15,2,3,8
10,27,2026,2,16,14,4,4,8
10,37,2026,2,16,15,5,2,11
10,46,2026,2,16,8,6,1,16
10,54,2026,2,16,20,6,8,14
11,0,2026,2,16,20,5,0,19
11,8,2026,2,16,8,6,4,21
11,18,2026,2,16,15,6,12,15
11,27,2026,2,16,14,6,7,14
11,37,2026,2,16,15,3,4,13
11,46,2026,2,16,8,6,6,13
11,54,2026,2,16,20,2,10,5
12,0,2026,2,16,20,6,0,11
12,8,2026,2,16,8,4,2,13
12,18,2026,2,16,15,3,6,10
12,27,2026,2,16,14,3,7,6
12,37,2026,2,16,15,6,0,12
12,46,2026,2,16,8,6,4,14
12,54,2026,2,16,20,2,7,9
13,0,2026,2,16,20,3,0,12
13,8,2026,2,16,8,5,2,15
13,18,2026,2,16,15,5,6,14
13,27,2026,2,16,14,2,11,5
13,37,2026,2,16,15,6,0,11
13,46,2026,2,16,8,4,3,12
13,54,2026,2,16,20,5,7,10
14,0,2026,2,16,20,4,0,14
14,8,2026,2,16,8,6,4,16
14,18,2026,2,16,15,3,7,12
14,27,2026,2,16,14,6,8,10
14,37,2026,2,16,15,5,1,14
14,46,2026,2,16,8,3,3,14
14,54,2026,2,16,20,2,9,7
15,0,2026,2,16,20,4,0,11
15,8,2026,2,16,8,2,2,11
15,18,2026,2,16,15,6,3,14
15,27,2026,2,16,14,4,6,12
15,37,2026,2,16,15,4,1,15
15,46,2026,2,16,8,6,4,17
15,54,2026,2,16,20,3,12,8
16,0,2026,2,16,20,6,0,14
16,8,2026,2,16,8,4,2,16
16,18,2026,2,16,15,6,8,14
16,27,2026,2,16,14,5,11,8
16,37,2026,2,16,15,6,1,13
16,46,2026,2,16,8,2,5,10
16,54,2026,2,16,20,4,6,8
17,0,2026,2,16,20,3,0,11
17,8,2026,2,16,8,2,4,9
17,18,2026,2,16,15,3,1,11
17,27,2026,2,16,14,5,7,9
17,37,2026,2,16,15,6,2,13
17,46,2026,2,16,8,4,6,11
17,54,2026,2,16,20,2,8,5
18,0,2026,2,16,20,4,0,9
18,8,2026,2,16,8,2,2,9
18,18,2026,2,16,15,6,4,11
18,27,2026,2,16,14,6,6,11
18,37,2026,2,16,15,5,2,14
18,46,2026,2,16,8,6,10,10
18,54,2026,2,16,20,4,5,9
19,0,2026,2,16,20,6,0,15
19,8,2026,2,16,8,5,3,17
19,18,2026,2,16,15,2,8,11
19,27,2026,2,16,14,2,8,5
19,37,2026,2,16,15,4,0,9
19,46,2026,2,16,8,4,5,8
19,54,2026,2,16,20,4,4,8
20,0,2026,2,16,20,5,0,13
20,8,2026,2,16,8,6,2,17
20,18,2026,2,16,15,5,7,15
20,27,2026,2,16,14,5,7,13
20,37,2026,2,16,15,6,2,17
20,46,2026,2,16,8,2,7,12
20,54,2026,2,16,20,4,8,8
21,0,2026,2,16,20,4,0,12
21,8,2026,2,16,8,5,3,14
21,18,2026,2,16,15,2,5,11
21,27,2026,2,16,14,4,8,7
21,37,2026,2,16,15,5,0,12
21,46,2026,2,16,8,6,3,15
21,54,2026,2,16,20,2,8,9
22,0,2026,2,16,20,4,0,13
22,8,2026,2,16,8,5,2,16
22,18,2026,2,16,15,4,9,11
22,27,2026,2,16,14,3,7,7
22,37,2026,2,16,15,3,1,9
22,46,2026,2,16,8,3,6,6
22,54,2026,2,16,20,4,4,6
23,0,2026,2,16,20,3,0,9
23,8,2026,2,16,8,5,1,13
23,18,2026,2,16,15,3,6,10
23,27,2026,2,16,14,2,6,6
23,37,2026,2,16,15,6,0,12
23,46,2026,2,16,8,6,6,12
23,54,2026,2,16,20,0,12,0
6,0,2026,2,17,20,3,0,3
6,8,2026,2,17,8,6,2,7
6,18,2026,2,17,15,11,4,14
6,27,2026,2,17,14,17,6,25
6,37,2026,2,17,15,19,7,37
6,46,2026,2,17,8,15,15,37
6,54,2026,2,17,20,3,17,23
7,0,2026,2,17,20,2,0,25
7,8,2026,2,17,8,20,1,44
7,18,2026,2,17,15,12,17,39
7,27,2026,2,17,14,13,20,32
7,37,2026,2,17,15,14,5,41
7,46,2026,2,17,8,13,20,34
7,54,2026,2,17,20,5,20,19
8,0,2026,2,17,20,4,0,23
8,8,2026,2,17,8,8,1,30
8,18,2026,2,17,15,18,11,37
8,27,2026,2,17,14,15,20,32
8,37,2026,2,17,15,18,3,47
8,46,2026,2,17,8,21,20,48
8,54,2026,2,17,20,3,20,31
9,0,2026,2,17,20,2,0,33
9,8,2026,2,17,8,4,2,35
9,18,2026,2,17,15,4,18,21
9,27,2026,2,17,14,2,17,6
9,37,2026,2,17,15,2,0,8
9,46,2026,2,17,8,4,2,10
9,54,2026,2,17,20,2,6,6
10,0,2026,2,17,20,2,0,8
10,8,2026,2,17,8,6,1,13
10,18,2026,2,17,15,3,3,13
10,27,2026,2,17,14,4,8,9
10,37,2026,2,17,15,6,0,15
10,46,2026,2,17,8,6,1,20
10,54,2026,2,17,20,4,12,12
11,0,2026,2,17,20,3,0,15
11,8,2026,2,17,8,2,4,13
11,18,2026,2,17,15,2,5,10
11,27,2026,2,17,14,6,7,9
11,37,2026,2,17,15,6,1,14
11,46,2026,2,17,8,3,4,13
11,54,2026,2,17,20,2,9,6
12,0,2026,2,17,20,6,0,12
12,8,2026,2,17,8,6,3,15
12,18,2026,2,17,15,4,6,13
12,27,2026,2,17,14,2,9,6
12,37,2026,2,17,15,4,0,10
12,46,2026,2,17,8,6,6,10
12,54,2026,2,17,20,5,6,9
13,0,2026,2,17,20,4,0,13
13,8,2026,2,17,8,2,5,10
13,18,2026,2,17,15,5,5,10
13,27,2026,2,17,14,5,4,11
13,37,2026,2,17,15,2,2,11
13,46,2026,2,17,8,4,7,8
13,54,2026,2,17,20,2,5,5
14,0,2026,2,17,20,5,0,10
14,8,2026,2,17,8,4,1,13
14,18,2026,2,17,15,3,7,9
14,27,2026,2,17,14,6,5,10
14,37,2026,2,17,15,6,1,15
14,46,2026,2,17,8,4,8,11
14,54,2026,2,17,20,3,7,7
15,0,2026,2,17,20,6,0,13
15,8,2026,2,17,8,5,1,17
15,18,2026,2,17,15,3,5,15
15,27,2026,2,17,14,2,11,6
15,37,2026,2,17,15,6,2,10
15,46,2026,2,17,8,5,4,11
15,54,2026,2,17,20,3,6,8
16,0,2026,2,17,20,6,0,14
16,8,2026,2,17,8,4,4,14
16,18,2026,2,17,15,5,7,12
16,27,2026,2,17,14,5,6,11
16,37,2026,2,17,15,2,4,9
16,46,2026,2,17,8,6,4,11
16,54,2026,2,17,20,4,8,7
17,0,2026,2,17,20,2,0,9
17,8,2026,2,17,8,4,4,9
17,18,2026,2,17,15,2,4,7
17,27,2026,2,17,14,2,3,6
17,37,2026,2,17,15,3,0,9
17,46,2026,2,17,8,6,3,12
17,54,2026,2,17,20,6,8,10
18,0,2026,2,17,20,3,0,13
18,8,2026,2,17,8,6,3,16
18,18,2026,2,17,15,2,7,11
18,27,2026,2,17,14,5,8,8
18,37,2026,2,17,15,2,4,6
18,46,2026,2,17,8,6,1,11
18,54,2026,2,17,20,3,7,7
19,0,2026,2,17,20,2,0,9
19,8,2026,2,17,8,4,1,12
19,18,2026,2,17,15,5,3,14
19,27,2026,2,17,14,3,10,7
19,37,2026,2,17,15,3,1,9
19,46,2026,2,17,8,2,4,7
19,54,2026,2,17,20,5,5,7
20,0,2026,2,17,20,3,0,10
20,8,2026,2,17,8,5,3,12
20,18,2026,2,17,15,2,6,8
20,27,2026,2,17,14,3,4,7
20,37,2026,2,17,15,2,2,7
20,46,2026,2,17,8,5,2,10
20,54,2026,2,17,20,2,6,6
21,0,2026,2,17,20,4,0,10
21,8,2026,2,17,8,2,2,10
21,18,2026,2,17,15,4,3,11
21,27,2026,2,17,14,3,7,7
21,37,2026,2,17,15,3,0,10
21,46,2026,2,17,8,2,5,7
21,54,2026,2,17,20,4,5,6
22,0,2026,2,17,20,4,0,10
22,8,2026,2,17,8,5,4,11
22,18,2026,2,17,15,2,5,8
22,27,2026,2,17,14,6,4,10
22,37,2026,2,17,15,4,4,10
22,46,2026,2,17,8,4,2,12
22,54,2026,2,17,20,6,10,8
23,0,2026,2,17,20,3,0,11
23,8,2026,2,17,8,3,3,11
23,18,2026,2,17,15,6,3,14
23,27,2026,2,17,14,4,11,7
23,37,2026,2,17,15,4,2,9
23,46,2026,2,17,8,2,5,6
23,54,2026,2,17,20,0,6,0
6,0,2026,2,18,20,6,0,6
6,8,2026,2,18,8,12,1,17
6,18,2026,2,18,15,13,5,25
6,27,2026,2,18,14,17,14,28
6,37,2026,2,18,15,22,4,46
6,46,2026,2,18,8,20,16,50
6,54,2026,2,18,20,2,20,32
7,0,2026,2,18,20,6,0,38
7,8,2026,2,18,8,7,6,39
7,18,2026,2,18,15,18,15,42
7,27,2026,2,18,14,5,20,27
7,37,2026,2,18,15,21,3,45
7,46,2026,2,18,8,13,18,40
7,54,2026,2,18,20,6,20,26
8,0,2026,2,18,20,5,0,31
8,8,2026,2,18,8,7,5,33
8,18,2026,2,18,15,10,13,30
8,27,2026,2,18,14,7,20,17
8,37,2026,2,18,15,8,1,24
8,46,2026,2,18,8,11,11,24
8,54,2026,2,18,20,3,14,13
9,0,2026,2,18,20,5,0,18
9,8,2026,2,18,8,5,4,19
9,18,2026,2,18,15,5,5,19
9,27,2026,2,18,14,5,12,12
9,37,2026,2,18,15,4,1,15
9,46,2026,2,18,8,2,4,13
9,54,2026,2,18,20,2,8,7
10,0,2026,2,18,20,6,0,13
10,8,2026,2,18,8,3,2,14
10,18,2026,2,18,15,3,6,11
10,27,2026,2,18,14,2,10,3
10,37,2026,2,18,15,5,2,6
10,46,2026,2,18,8,2,3,5
10,54,2026,2,18,20,6,4,7
11,0,2026,2,18,20,6,0,13
11,8,2026,2,18,8,2,2,13
11,18,2026,2,18,15,3,6,10
11,27,2026,2,18,14,4,8,6
11,37,2026,2,18,15,4,2,8
11,46,2026,2,18,8,6,6,8
11,54,2026,2,18,20,3,1,10
12,0,2026,2,18,20,4,0,14
12,8,2026,2,18,8,3,2,15
12,18,2026,2,18,15,2,7,10
12,27,2026,2,18,14,3,8,5
12,37,2026,2,18,15,6,2,9
12,46,2026,2,18,8,2,4,7
12,54,2026,2,18,20,2,4,5
13,0,2026,2,18,20,3,0,8
13,8,2026,2,18,8,3,1,10
13,18,2026,2,18,15,5,4,11
13,27,2026,2,18,14,3,9,5
13,37,2026,2,18,15,3,1,7
13,46,2026,2,18,8,3,2,8
13,54,2026,2,18,20,4,7,5
14,0,2026,2,18,20,5,0,10
14,8,2026,2,18,8,4,5,9
14,18,2026,2,18,15,6,5,10
14,27,2026,2,18,14,5,6,9
14,37,2026,2,18,15,3,1,11
14,46,2026,2,18,8,5,3,13
14,54,2026,2,18,20,2,8,7
15,0,2026,2,18,20,2,0,9
15,8,2026,2,18,8,5,2,12
15,18,2026,2,18,15,2,3,11
15,27,2026,2,18,14,3,9,5
15,37,2026,2,18,15,6,1,10
15,46,2026,2,18,8,6,4,12
15,54,2026,2,18,20,6,5,13
16,0,2026,2,18,20,3,0,16
16,8,2026,2,18,8,3,5,14
16,18,2026,2,18,15,5,7,12
16,27,2026,2,18,14,2,9,5
16,37,2026,2,18,15,6,0,11
16,46,2026,2,18,8,6,4,13
16,54,2026,2,18,20,5,6,12
17,0,2026,2,18,20,6,0,18
17,8,2026,2,18,8,2,1,19
17,18,2026,2,18,15,5,8,16
17,27,2026,2,18,14,5,12,9
17,37,2026,2,18,15,3,1,11
17,46,2026,2,18,8,4,7,8
17,54,2026,2,18,20,4,4,8
18,0,2026,2,18,20,5,0,13
18,8,2026,2,18,8,3,3,13
18,18,2026,2,18,15,4,3,14
18,27,2026,2,18,14,2,10,6
18,37,2026,2,18,15,5,0,11
18,46,2026,2,18,8,5,5,11
18,54,2026,2,18,20,3,6,8
19,0,2026,2,18,20,3,0,11
19,8,2026,2,18,8,4,2,13
19,18,2026,2,18,15,5,5,13
19,27,2026,2,18,14,6,9,10
19,37,2026,2,18,15,3,3,10
19,46,2026,2,18,8,2,3,9
19,54,2026,2,18,20,6,7,8
20,0,2026,2,18,20,4,0,12
20,8,2026,2,18,8,2,2,12
20,18,2026,2,18,15,2,7,7
20,27,2026,2,18,14,6,5,8
20,37,2026,2,18,15,2,2,8
20,46,2026,2,18,8,3,2,9
20,54,2026,2,18,20,2,6,5
21,0,2026,2,18,20,2,0,7
21,8,2026,2,18,8,5,2,10
21,18,2026,2,18,15,5,4,11
21,27,2026,2,18,14,3,8,6
21,37,2026,2,18,15,2,0,8
21,46,2026,2,18,8,6,4,10
21,54,2026,2,18,20,3,7,6
22,0,2026,2,18,20,2,0,8
22,8,2026,2,18,8,6,1,13
22,18,2026,2,18,15,6,4,15
22,27,2026,2,18,14,4,8,11
22,37,2026,2,18,15,2,1,12
22,46,2026,2,18,8,3,2,13
22,54,2026,2,18,20,4,11,6
23,0,2026,2,18,20,6,0,12
23,8,2026,2,18,8,5,3,14
23,18,2026,2,18,15,2,7,9
23,27,2026,2,18,14,4,6,7
23,37,2026,2,18,15,5,0,12
23,46,2026,2,18,8,5,5,12
23,54,2026,2,18,20,0,12,0
6,0,2026,2,19,20,3,0,3
6,8,2026,2,19,8,22,2,23
6,18,2026,2,19,15,16,7,32
6,27,2026,2,19,14,20,11,41
6,37,2026,2,19,15,13,10,44
6,46,2026,2,19,8,9,18,35
6,54,2026,2,19,20,6,20,21
7,0,2026,2,19,20,5,0,26
7,8,2026,2,19,8,14,4,36
7,18,2026,2,19,15,6,13,29
7,27,2026,2,19,14,16,19,26
7,37,2026,2,19,15,17,3,40
7,46,2026,2,19,8,5,16,29
7,54,2026,2,19,20,2,20,11
8,0,2026,2,19,20,3,0,14
8,8,2026,2,19,8,21,2,33
8,18,2026,2,19,15,9,17,25
8,27,2026,2,19,14,15,14,26
8,37,2026,2,19,15,6,6,26
8,46,2026,2,19,8,20,11,35
8,54,2026,2,19,20,6,20,21
9,0,2026,2,19,20,3,0,24
9,8,2026,2,19,8,6,4,26
9,18,2026,2,19,15,6,11,21
9,27,2026,2,19,14,3,16,8
9,37,2026,2,19,15,3,0,11
9,46,2026,2,19,8,2,3,10
9,54,2026,2,19,20,4,6,8
10,0,2026,2,19,20,5,0,13
10,8,2026,2,19,8,2,2,13
10,18,2026,2,19,15,5,3,15
10,27,2026,2,19,14,3,11,7
10,37,2026,2,19,15,6,1,12
10,46,2026,2,19,8,4,3,13
10,54,2026,2,19,20,3,8,8
11,0,2026,2,19,20,3,0,11
11,8,2026,2,19,8,4,3,12
11,18,2026,2,19,15,6,4,14
11,27,2026,2,19,14,4,10,8
11,37,2026,2,19,15,4,3,9
11,46,2026,2,19,8,3,3,9
11,54,2026,2,19,20,4,5,8
12,0,2026,2,19,20,3,0,11
12,8,2026,2,19,8,3,0,14
12,18,2026,2,19,15,4,2,16
12,27,2026,2,19,14,3,10,9
12,37,2026,2,19,15,4,0,13
12,46,2026,2,19,8,3,4,12
12,54,2026,2,19,20,2,11,3
13,0,2026,2,19,20,3,0,6
13,8,2026,2,19,8,6,0,12
13,18,2026,2,19,15,3,3,12
13,27,2026,2,19,14,5,8,9
13,37,2026,2,19,15,2,2,9
13,46,2026,2,19,8,5,2,12
13,54,2026,2,19,20,6,6,12
14,0,2026,2,19,20,4,0,16
14,8,2026,2,19,8,4,2,18
14,18,2026,2,19,15,6,8,16
14,27,2026,2,19,14,2,9,9
14,37,2026,2,19,15,5,0,14
14,46,2026,2,19,8,6,4,16
14,54,2026,2,19,20,2,11,7
15,0,2026,2,19,20,5,0,12
15,8,2026,2,19,8,4,3,13
15,18,2026,2,19,15,4,8,9
15,27,2026,2,19,14,6,5,10
15,37,2026,2,19,15,3,4,9
15,46,2026,2,19,8,6,4,11
15,54,2026,2,19,20,3,5,9
16,0,2026,2,19,20,5,0,14
16,8,2026,2,19,8,4,4,14
16,18,2026,2,19,15,2,7,9
16,27,2026,2,19,14,3,8,4
16,37,2026,2,19,15,2,2,4
16,46,2026,2,19,8,5,3,6
16,54,2026,2,19,20,3,3,6
17,0,2026,2,19,20,4,0,10
17,8,2026,2,19,8,6,2,14
17,18,2026,2,19,15,6,9,11
17,27,2026,2,19,14,3,4,10
17,37,2026,2,19,15,4,1,13
17,46,2026,2,19,8,5,6,12
17,54,2026,2,19,20,2,5,9
18,0,2026,2,19,20,2,0,11
18,8,2026,2,19,8,3,1,13
18,18,2026,2,19,15,4,6,11
18,27,2026,2,19,14,5,6,10
18,37,2026,2,19,15,6,1,15
18,46,2026,2,19,8,6,7,14
18,54,2026,2,19,20,5,8,11
19,0,2026,2,19,20,3,0,14
19,8,2026,2,19,8,4,3,15
19,18,2026,2,19,15,3,6,12
19,27,2026,2,19,14,4,9,7
19,37,2026,2,19,15,5,1,11
19,46,2026,2,19,8,5,3,13
19,54,2026,2,19,20,5,6,12
20,0,2026,2,19,20,3,0,15
20,8,2026,2,19,8,3,3,15
20,18,2026,2,19,15,6,5,16
20,27,2026,2,19,14,5,9,12
20,37,2026,2,19,15,6,1,17
20,46,2026,2,19,8,3,7,13
20,54,2026,2,19,20,6,9,10
21,0,2026,2,19,20,2,0,12
21,8,2026,2,19,8,4,2,14
21,18,2026,2,19,15,3,4,13
21,27,2026,2,19,14,4,8,9
21,37,2026,2,19,15,5,1,13
21,46,2026,2,19,8,3,5,11
21,54,2026,2,19,20,6,7,10
22,0,2026,2,19,20,4,0,14
22,8,2026,2,19,8,6,3,17
22,18,2026,2,19,15,4,4,17
22,27,2026,2,19,14,6,11,12
22,37,2026,2,19,15,4,2,14
22,46,2026,2,19,8,5,7,12
22,54,2026,2,19,20,5,7,10
23,0,2026,2,19,20,4,0,14
23,8,2026,2,19,8,2,2,14
23,18,2026,2,19,15,6,7,13
23,27,2026,2,19,14,6,9,10
23,37,2026,2,19,15,6,5,11
23,46,2026,2,19,8,5,5,11
23,54,2026,2,19,20,0,11,0
6,0,2026,2,20,20,5,0,5
6,8,2026,2,20,8,5,3,7
6,18,2026,2,20,15,16,4,19
6,27,2026,2,20,14,18,5,32
6,37,2026,2,20,15,22,6,48
6,46,2026,2,20,8,15,19,44
6,54,2026,2,20,20,5,20,29
7,0,2026,2,20,20,3,0,32
7,8,2026,2,20,8,20,3,49
7,18,2026,2,20,15,8,19,38
7,27,2026,2,20,14,17,20,35
7,37,2026,2,20,15,14,3,46
7,46,2026,2,20,8,14,18,42
7,54,2026,2,20,20,5,20,27
8,0,2026,2,20,20,6,0,33
8,8,2026,2,20,8,14,3,44
8,18,2026,2,20,15,20,15,49
8,27,2026,2,20,14,22,20,51
8,37,2026,2,20,15,9,13,47
8,46,2026,2,20,8,19,20,46
8,54,2026,2,20,20,5,20,31
9,0,2026,2,20,20,6,0,37
9,8,2026,2,20,8,4,5,36
9,18,2026,2,20,15,4,15,25
9,27,2026,2,20,14,5,20,10
9,37,2026,2,20,15,3,1,12
9,46,2026,2,20,8,6,5,13
9,54,2026,2,20,20,5,9,9
10,0,2026,2,20,20,3,0,12
10,8,2026,2,20,8,5,3,14
10,18,2026,2,20,15,5,4,15
10,27,2026,2,20,14,6,9,12
10,37,2026,2,20,15,2,1,13
10,46,2026,2,20,8,6,5,14
10,54,2026,2,20,20,2,10,6
11,0,2026,2,20,20,3,0,9
11,8,2026,2,20,8,2,2,9
11,18,2026,2,20,15,6,5,10
11,27,2026,2,20,14,4,7,7
11,37,2026,2,20,15,2,1,8
11,46,2026,2,20,8,6,3,11
11,54,2026,2,20,20,3,4,10
12,0,2026,2,20,20,3,0,13
12,8,2026,2,20,8,4,2,15
12,18,2026,2,20,15,2,7,10
12,27,2026,2,20,14,4,6,8
12,37,2026,2,20,15,6,1,13
12,46,2026,2,20,8,6,4,15
12,54,2026,2,20,20,2,9,8
13,0,2026,2,20,20,4,0,12
13,8,2026,2,20,8,4,1,15
13,18,2026,2,20,15,4,4,15
13,27,2026,2,20,14,3,12,6
13,37,2026,2,20,15,6,0,12
13,46,2026,2,20,8,2,3,11
13,54,2026,2,20,20,2,9,4
14,0,2026,2,20,20,4,0,8
14,8,2026,2,20,8,2,4,6
14,18,2026,2,20,15,5,3,8
14,27,2026,2,20,14,3,4,7
14,37,2026,2,20,15,5,2,10
14,46,2026,2,20,8,5,3,12
14,54,2026,2,20,20,5,8,9
15,0,2026,2,20,20,4,0,13
15,8,2026,2,20,8,5,2,16
15,18,2026,2,20,15,5,4,17
15,27,2026,2,20,14,6,12,11
15,37,2026,2,20,15,4,1,14
15,46,2026,2,20,8,4,6,12
15,54,2026,2,20,20,6,7,11
16,0,2026,2,20,20,5,0,16
16,8,2026,2,20,8,6,4,18
16,18,2026,2,20,15,5,8,15
16,27,2026,2,20,14,4,8,11
16,37,2026,2,20,15,2,2,11
16,46,2026,2,20,8,6,4,13
16,54,2026,2,20,20,3,7,9
17,0,2026,2,20,20,2,0,11
17,8,2026,2,20,8,6,1,16
17,18,2026,2,20,15,4,7,13
17,27,2026,2,20,14,2,11,4
17,37,2026,2,20,15,3,2,5
17,46,2026,2,20,8,3,2,6
17,54,2026,2,20,20,4,2,8
18,0,2026,2,20,20,4,0,12
18,8,2026,2,20,8,2,3,11
18,18,2026,2,20,15,3,4,10
18,27,2026,2,20,14,5,7,8
18,37,2026,2,20,15,3,1,10
18,46,2026,2,20,8,2,1,11
18,54,2026,2,20,20,2,8,5
19,0,2026,2,20,20,6,0,11
19,8,2026,2,20,8,4,4,11
19,18,2026,2,20,15,6,4,13
19,27,2026,2,20,14,6,7,12
19,37,2026,2,20,15,6,4,14
19,46,2026,2,20,8,2,6,10
19,54,2026,2,20,20,3,7,6
20,0,2026,2,20,20,6,0,12
20,8,2026,2,20,8,4,1,15
20,18,2026,2,20,15,5,7,13
20,27,2026,2,20,14,2,10,5
20,37,2026,2,20,15,2,1,6
20,46,2026,2,20,8,2,2,6
20,54,2026,2,20,20,3,2,7
21,0,2026,2,20,20,5,0,12
21,8,2026,2,20,8,4,5,11
21,18,2026,2,20,15,4,4,11
21,27,2026,2,20,14,3,6,8
21,37,2026,2,20,15,4,1,11
21,46,2026,2,20,8,3,2,12
21,54,2026,2,20,20,6,6,12
22,0,2026,2,20,20,5,0,17
22,8,2026,2,20,8,2,5,14
22,18,2026,2,20,15,4,3,15
22,27,2026,2,20,14,5,12,8
22,37,2026,2,20,15,3,3,8
22,46,2026,2,20,8,2,1,9
22,54,2026,2,20,20,6,5,10
23,0,2026,2,20,20,5,0,15
23,8,2026,2,20,8,4,3,16
23,18,2026,2,20,15,5,5,16
23,27,2026,2,20,14,5,12,9
23,37,2026,2,20,15,2,2,9
23,46,2026,2,20,8,5,2,12
23,54,2026,2,20,20,0,12,0
6,0,2026,2,21,20,6,0,6
6,8,2026,2,21,8,20,2,24
6,18,2026,2,21,15,6,12,18
6,27,2026,2,21,14,22,7,33
6,37,2026,2,21,15,20,7,46
6,46,2026,2,21,8,14,19,41
6,54,2026,2,21,20,4,20,25
7,0,2026,2,21,20,4,0,29
7,8,2026,2,21,8,6,3,32
7,18,2026,2,21,15,14,13,33
7,27,2026,2,21,14,9,20,22
7,37,2026,2,21,15,19,2,39
7,46,2026,2,21,8,8,16,31
7,54,2026,2,21,20,6,20,17
8,0,2026,2,21,20,5,0,22
8,8,2026,2,21,8,14,3,33
8,18,2026,2,21,15,16,9,40
8,27,2026,2,21,14,10,20,30
8,37,2026,2,21,15,10,5,35
8,46,2026,2,21,8,8,12,31
8,54,2026,2,21,20,4,20,15
9,0,2026,2,21,20,6,0,21
9,8,2026,2,21,8,3,0,24
9,18,2026,2,21,15,6,11,19
9,27,2026,2,21,14,2,14,7
9,37,2026,2,21,15,6,0,13
9,46,2026,2,21,8,5,5,13
9,54,2026,2,21,20,5,8,10
10,0,2026,2,21,20,4,0,14
10,8,2026,2,21,8,3,4,13
10,18,2026,2,21,15,4,4,13
10,27,2026,2,21,14,5,9,9
10,37,2026,2,21,15,4,2,11
10,46,2026,2,21,8,5,4,12
10,54,2026,2,21,20,2,8,6
11,0,2026,2,21,20,3,0,9
11,8,2026,2,21,8,5,3,11
11,18,2026,2,21,15,5,5,11
11,27,2026,2,21,14,4,10,5
11,37,2026,2,21,15,3,0,8
11,46,2026,2,21,8,5,2,11
11,54,2026,2,21,20,3,9,5
12,0,2026,2,21,20,6,0,11
12,8,2026,2,21,8,4,4,11
12,18,2026,2,21,15,3,5,9
12,27,2026,2,21,14,2,6,5
12,37,2026,2,21,15,5,1,9
12,46,2026,2,21,8,6,3,12
12,54,2026,2,21,20,5,5,12
13,0,2026,2,21,20,2,0,14
13,8,2026,2,21,8,5,2,17
13,18,2026,2,21,15,5,7,15
13,27,2026,2,21,14,6,11,10
13,37,2026,2,21,15,5,1,14
13,46,2026,2,21,8,5,8,11
13,54,2026,2,21,20,4,5,10
14,0,2026,2,21,20,4,0,14
14,8,2026,2,21,8,3,4,13
14,18,2026,2,21,15,5,6,12
14,27,2026,2,21,14,4,8,8
14,37,2026,2,21,15,2,1,9
14,46,2026,2,21,8,6,4,11
14,54,2026,2,21,20,6,7,10
15,0,2026,2,21,20,5,0,15
15,8,2026,2,21,8,5,3,17
15,18,2026,2,21,15,5,10,12
15,27,2026,2,21,14,6,5,13
15,37,2026,2,21,15,3,0,16
15,46,2026,2,21,8,4,5,15
15,54,2026,2,21,20,2,12,5
16,0,2026,2,21,20,4,0,9
16,8,2026,2,21,8,2,3,8
16,18,2026,2,21,15,5,2,11
16,27,2026,2,21,14,3,6,8
16,37,2026,2,21,15,2,1,9
16,46,2026,2,21,8,6,2,13
16,54,2026,2,21,20,4,8,9
17,0,2026,2,21,20,3,0,12
17,8,2026,2,21,8,4,2,14
17,18,2026,2,21,15,3,6,11
17,27,2026,2,21,14,5,9,7
17,37,2026,2,21,15,5,1,11
17,46,2026,2,21,8,6,6,11
17,54,2026,2,21,20,5,4,12
18,0,2026,2,21,20,2,0,14
18,8,2026,2,21,8,5,3,16
18,18,2026,2,21,15,5,7,14
18,27,2026,2,21,14,3,8,9
18,37,2026,2,21,15,2,0,11
18,46,2026,2,21,8,2,5,8
18,54,2026,2,21,20,2,6,4
19,0,2026,2,21,20,2,0,6
19,8,2026,2,21,8,2,0,8
19,18,2026,2,21,15,2,4,6
19,27,2026,2,21,14,5,3,8
19,37,2026,2,21,15,6,2,12
19,46,2026,2,21,8,2,2,12
19,54,2026,2,21,20,6,8,10
20,0,2026,2,21,20,6,0,16
20,8,2026,2,21,8,2,3,15
20,18,2026,2,21,15,3,6,12
20,27,2026,2,21,14,3,9,6
20,37,2026,2,21,15,5,2,9
20,46,2026,2,21,8,6,3,12
20,54,2026,2,21,20,4,5,11
21,0,2026,2,21,20,5,0,16
21,8,2026,2,21,8,3,4,15
21,18,2026,2,21,15,6,5,16
21,27,2026,2,21,14,6,9,13
21,37,2026,2,21,15,2,0,15
21,46,2026,2,21,8,3,7,11
21,54,2026,2,21,20,6,7,10
22,0,2026,2,21,20,5,0,15
22,8,2026,2,21,8,5,1,19
22,18,2026,2,21,15,6,4,21
22,27,2026,2,21,14,4,18,7
22,37,2026,2,21,15,2,1,8
22,46,2026,2,21,8,2,6,4
22,54,2026,2,21,20,6,3,7
23,0,2026,2,21,20,5,0,12
23,8,2026,2,21,8,2,4,10
23,18,2026,2,21,15,3,1,12
23,27,2026,2,21,14,2,7,7
23,37,2026,2,21,15,4,0,11
23,46,2026,2,21,8,6,4,13
23,54,2026,2,21,20,0,13,0
6,0,2026,2,22,20,5,0,5
6,8,2026,2,22,8,5,1,9
6,18,2026,2,22,15,13,4,18
6,27,2026,2,22,14,6,7,17
6,37,2026,2,22,15,13,0,30
6,46,2026,2,22,8,7,11,26
6,54,2026,2,22,20,6,13,19
7,0,2026,2,22,20,3,0,22
7,8,2026,2,22,8,15,4,33
7,18,2026,2,22,15,7,10,30
7,27,2026,2,22,14,5,20,15
7,37,2026,2,22,15,8,1,22
7,46,2026,2,22,8,5,6,21
7,54,2026,2,22,20,4,14,11
8,0,2026,2,22,20,4,0,15
8,8,2026,2,22,8,8,5,18
8,18,2026,2,22,15,10,10,18
8,27,2026,2,22,14,9,10,17
8,37,2026,2,22,15,14,3,28
8,46,2026,2,22,8,18,11,35
8,54,2026,2,22,20,6,16,25
9,0,2026,2,22,20,5,0,30
9,8,2026,2,22,8,4,5,29
9,18,2026,2,22,15,4,11,22
9,27,2026,2,22,14,2,18,6
9,37,2026,2,22,15,6,1,11
9,46,2026,2,22,8,5,5,11
9,54,2026,2,22,20,2,5,8
10,0,2026,2,22,20,4,0,12
10,8,2026,2,22,8,3,2,13
10,18,2026,2,22,15,4,3,14
10,27,2026,2,22,14,5,12,7
10,37,2026,2,22,15,5,1,11
10,46,2026,2,22,8,4,3,12
10,54,2026,2,22,20,5,7,10
11,0,2026,2,22,20,6,0,16
11,8,2026,2,22,8,4,1,19
11,18,2026,2,22,15,6,10,15
11,27,2026,2,22,14,5,9,11
11,37,2026,2,22,15,5,0,16
11,46,2026,2,22,8,2,6,12
11,54,2026,2,22,20,3,9,6
12,0,2026,2,22,20,6,0,12
12,8,2026,2,22,8,3,2,13
12,18,2026,2,22,15,3,5,11
12,27,2026,2,22,14,2,6,7
12,37,2026,2,22,15,6,2,11
12,46,2026,2,22,8,6,6,11
12,54,2026,2,22,20,5,5,11
13,0,2026,2,22,20,6,0,17
13,8,2026,2,22,8,4,4,17
13,18,2026,2,22,15,3,11,9
13,27,2026,2,22,14,5,6,8
13,37,2026,2,22,15,6,0,14
13,46,2026,2,22,8,3,4,13
13,54,2026,2,22,20,6,8,11
14,0,2026,2,22,20,5,0,16
14,8,2026,2,22,8,6,6,16
14,18,2026,2,22,15,5,3,18
14,27,2026,2,22,14,6,12,12
14,37,2026,2,22,15,5,5,12
14,46,2026,2,22,8,6,4,14
14,54,2026,2,22,20,4,8,10
15,0,2026,2,22,20,3,0,13
15,8,2026,2,22,8,6,2,17
15,18,2026,2,22,15,3,9,11
15,27,2026,2,22,14,2,7,6
15,37,2026,2,22,15,2,1,7
15,46,2026,2,22,8,6,2,11
15,54,2026,2,22,20,2,7,6
16,0,2026,2,22,20,6,0,12
16,8,2026,2,22,8,6,2,16
16,18,2026,2,22,15,5,9,12
16,27,2026,2,22,14,2,8,6
16,37,2026,2,22,15,5,0,11
16,46,2026,2,22,8,6,4,13
16,54,2026,2,22,20,2,9,6
17,0,2026,2,22,20,4,0,10
17,8,2026,2,22,8,3,3,10
17,18,2026,2,22,15,6,5,11
17,27,2026,2,22,14,4,5,10
17,37,2026,2,22,15,5,2,13
17,46,2026,2,22,8,6,4,15
17,54,2026,2,22,20,4,6,13
18,0,2026,2,22,20,5,0,18
18,8,2026,2,22,8,4,4,18
18,18,2026,2,22,15,4,7,15
18,27,2026,2,22,14,2,11,6
18,37,2026,2,22,15,4,1,9
18,46,2026,2,22,8,4,1,12
18,54,2026,2,22,20,6,7,11
19,0,2026,2,22,20,3,0,14
19,8,2026,2,22,8,6,4,16
19,18,2026,2,22,15,5,6,15
19,27,2026,2,22,14,2,13,4
19,37,2026,2,22,15,4,1,7
19,46,2026,2,22,8,6,3,10
19,54,2026,2,22,20,3,5,8
20,0,2026,2,22,20,6,0,14
20,8,2026,2,22,8,5,4,15
20,18,2026,2,22,15,6,7,14
20,27,2026,2,22,14,6,10,10
20,37,2026,2,22,15,3,1,12
20,46,2026,2,22,8,6,7,11
20,54,2026,2,22,20,5,8,8
21,0,2026,2,22,20,6,0,14
21,8,2026,2,22,8,5,5,14
21,18,2026,2,22,15,2,6,10
21,27,2026,2,22,14,4,10,4
21,37,2026,2,22,15,5,1,8
21,46,2026,2,22,8,3,4,7
21,54,2026,2,22,20,3,4,6
22,0,2026,2,22,20,4,0,10
22,8,2026,2,22,8,2,2,10
22,18,2026,2,22,15,4,3,11
22,27,2026,2,22,14,6,7,10
22,37,2026,2,22,15,5,4,11
22,46,2026,2,22,8,5,2,14
22,54,2026,2,22,20,3,8,9
23,0,2026,2,22,20,6,0,15
23,8,2026,2,22,8,5,4,16
23,18,2026,2,22,15,2,2,16
23,27,2026,2,22,14,6,12,10
23,37,2026,2,22,15,5,0,15
23,46,2026,2,22,8,4,8,11
23,54,2026,2,22,20,0,11,0
6,0,2026,2,23,20,5,0,5
6,8,2026,2,23,8,17,3,19
6,18,2026,2,23,15,13,12,20
6,27,2026,2,23,14,15,9,26
6,37,2026,2,23,15,21,2,45
6,46,2026,2,23,8,16,17,44
6,54,2026,2,23,20,3,20,27
7,0,2026,2,23,20,6,0,33
7,8,2026,2,23,8,16,3,46
7,18,2026,2,23,15,7,16,37
7,27,2026,2,23,14,9,20,26
7,37,2026,2,23,15,16,3,39
7,46,2026,2,23,8,8,19,28
7,54,2026,2,23,20,6,20,14
8,0,2026,2,23,20,4,0,18
8,8,2026,2,23,8,9,4,23
8,18,2026,2,23,15,19,7,35
8,27,2026,2,23,14,19,18,36
8,37,2026,2,23,15,10,6,40
8,46,2026,2,23,8,22,13,49
8,54,2026,2,23,20,6,20,35
9,0,2026,2,23,20,6,0,41
9,8,2026,2,23,8,5,7,39
9,18,2026,2,23,15,3,14,28
9,27,2026,2,23,14,6,20,14
9,37,2026,2,23,15,3,1,16
9,46,2026,2,23,8,2,3,15
9,54,2026,2,23,20,3,12,6
10,0,2026,2,23,20,3,0,9
10,8,2026,2,23,8,2,3,8
10,18,2026,2,23,15,3,2,9
10,27,2026,2,23,14,2,6,5
10,37,2026,2,23,15,6,1,10
10,46,2026,2,23,8,3,4,9
10,54,2026,2,23,20,3,8,4
11,0,2026,2,23,20,6,0,10
11,8,2026,2,23,8,6,5,11
11,18,2026,2,23,15,3,5,9
11,27,2026,2,23,14,2,3,8
11,37,2026,2,23,15,5,0,13
11,46,2026,2,23,8,6,6,13
11,54,2026,2,23,20,6,8,11
12,0,2026,2,23,20,6,0,17
12,8,2026,2,23,8,6,1,22
12,18,2026,2,23,15,3,8,17
12,27,2026,2,23,14,4,13,8
12,37,2026,2,23,15,4,3,9
12,46,2026,2,23,8,2,3,8
12,54,2026,2,23,20,6,6,8
13,0,2026,2,23,20,6,0,14
13,8,2026,2,23,8,3,5,12
13,18,2026,2,23,15,5,5,12
13,27,2026,2,23,14,6,6,12
13,37,2026,2,23,15,3,1,14
13,46,2026,2,23,8,6,8,12
13,54,2026,2,23,20,2,9,5
14,0,2026,2,23,20,3,0,8
14,8,2026,2,23,8,3,1,10
14,18,2026,2,23,15,6,4,12
14,27,2026,2,23,14,5,6,11
14,37,2026,2,23,15,3,1,13
14,46,2026,2,23,8,2,5,10
14,54,2026,2,23,20,6,7,9
15,0,2026,2,23,20,2,0,11
15,8,2026,2,23,8,2,1,12
15,18,2026,2,23,15,3,3,12
15,27,2026,2,23,14,3,10,5
15,37,2026,2,23,15,4,1,8
15,46,2026,2,23,8,6,3,11
15,54,2026,2,23,20,3,4,10
16,0,2026,2,23,20,4,0,14
16,8,2026,2,23,8,5,2,17
16,18,2026,2,23,15,6,8,15
16,27,2026,2,23,14,6,9,12
16,37,2026,2,23,15,6,2,16
16,46,2026,2,23,8,2,9,9
16,54,2026,2,23,20,3,6,6
17,0,2026,2,23,20,2,0,8
17,8,2026,2,23,8,4,0,12
17,18,2026,2,23,15,2,3,11
17,27,2026,2,23,14,4,8,7
17,37,2026,2,23,15,3,1,9
17,46,2026,2,23,8,3,3,9
17,54,2026,2,23,20,3,6,6
18,0,2026,2,23,20,6,0,12
18,8,2026,2,23,8,5,3,14
18,18,2026,2,23,15,5,5,14
18,27,2026,2,23,14,2,11,5
18,37,2026,2,23,15,4,0,9
18,46,2026,2,23,8,5,2,12
18,54,2026,2,23,20,6,8,10
19,0,2026,2,23,20,4,0,14
19,8,2026,2,23,8,2,5,11
19,18,2026,2,23,15,6,5,12
19,27,2026,2,23,14,3,8,7
19,37,2026,2,23,15,5,2,10
19,46,2026,2,23,8,6,4,12
19,54,2026,2,23,20,4,8,8
20,0,2026,2,23,20,3,0,11
20,8,2026,2,23,8,5,0,16
20,18,2026,2,23,15,5,6,15
20,27,2026,2,23,14,3,10,8
20,37,2026,2,23,15,3,0,11
20,46,2026,2,23,8,4,5,10
20,54,2026,2,23,20,3,7,6
21,0,2026,2,23,20,3,0,9
21,8,2026,2,23,8,2,2,9
21,18,2026,2,23,15,6,3,12
21,27,2026,2,23,14,4,7,9
21,37,2026,2,23,15,4,2,11
21,46,2026,2,23,8,4,5,10
21,54,2026,2,23,20,2,5,7
22,0,2026,2,23,20,2,0,9
22,8,2026,2,23,8,4,0,13
22,18,2026,2,23,15,5,6,12
22,27,2026,2,23,14,2,7,7
22,37,2026,2,23,15,4,1,10
22,46,2026,2,23,8,5,5,10
22,54,2026,2,23,20,5,5,10
23,0,2026,2,23,20,3,0,13
23,8,2026,2,23,8,3,1,15
23,18,2026,2,23,15,2,8,9
23,27,2026,2,23,14,4,8,5
23,37,2026,2,23,15,5,2,8
23,46,2026,2,23,8,4,3,9
23,54,2026,2,23,20,0,9,0
6,0,2026,2,24,20,4,0,4
6,8,2026,2,24,8,6,1,9
6,18,2026,2,24,15,16,2,23
6,27,2026,2,24,14,10,10,23
6,37,2026,2,24,15,20,3,40
6,46,2026,2,24,8,12,15,37
6,54,2026,2,24,20,5,20,22
7,0,2026,2,24,20,3,0,25
7,8,2026,2,24,8,17,2,40
7,18,2026,2,24,15,19,15,44
7,27,2026,2,24,14,5,20,29
7,37,2026,2,24,15,14,2,41
7,46,2026,2,24,8,13,15,39
7,54,2026,2,24,20,3,20,22
8,0,2026,2,24,20,4,0,26
8,8,2026,2,24,8,7,2,31
8,18,2026,2,24,15,16,13,34
8,27,2026,2,24,14,21,18,37
8,37,2026,2,24,15,15,7,45
8,46,2026,2,24,8,5,16,34
8,54,2026,2,24,20,3,20,17
9,0,2026,2,24,20,5,0,22
9,8,2026,2,24,8,2,4,20
9,18,2026,2,24,15,3,7,16
9,27,2026,2,24,14,6,12,10
9,37,2026,2,24,15,4,3,11
9,46,2026,2,24,8,2,2,11
9,54,2026,2,24,20,2,7,6
10,0,2026,2,24,20,5,0,11
10,8,2026,2,24,8,2,2,11
10,18,2026,2,24,15,4,7,8
10,27,2026,2,24,14,5,6,7
10,37,2026,2,24,15,5,1,11
10,46,2026,2,24,8,5,5,11
10,54,2026,2,24,20,2,7,6
11,0,2026,2,24,20,2,0,8
11,8,2026,2,24,8,5,1,12
11,18,2026,2,24,15,3,3,12
11,27,2026,2,24,14,6,7,11
11,37,2026,2,24,15,5,3,13
11,46,2026,2,24,8,4,2,15
11,54,2026,2,24,20,2,14,3
12,0,2026,2,24,20,4,0,7
12,8,2026,2,24,8,3,5,5
12,18,2026,2,24,15,3,1,7
12,27,2026,2,24,14,6,6,7
12,37,2026,2,24,15,6,3,10
12,46,2026,2,24,8,4,1,13
12,54,2026,2,24,20,2,8,7
13,0,2026,2,24,20,3,0,10
13,8,2026,2,24,8,4,2,12
13,18,2026,2,24,15,6,5,13
13,27,2026,2,24,14,4,7,10
13,37,2026,2,24,15,6,2,14
13,46,2026,2,24,8,6,2,18
13,54,2026,2,24,20,4,10,12
14,0,2026,2,24,20,3,0,15
14,8,2026,2,24,8,6,3,18
14,18,2026,2,24,15,5,6,17
14,27,2026,2,24,14,5,11,11
14,37,2026,2,24,15,4,2,13
14,46,2026,2,24,8,5,5,13
14,54,2026,2,24,20,5,7,11
15,0,2026,2,24,20,6,0,17
15,8,2026,2,24,8,2,5,14
15,18,2026,2,24,15,5,6,13
15,27,2026,2,24,14,4,9,8
15,37,2026,2,24,15,2,1,9
15,46,2026,2,24,8,3,6,6
15,54,2026,2,24,20,6,4,8
16,0,2026,2,24,20,2,0,10
16,8,2026,2,24,8,6,1,15
16,18,2026,2,24,15,6,2,19
16,27,2026,2,24,14,2,10,11
16,37,2026,2,24,15,2,0,13
16,46,2026,2,24,8,3,3,13
16,54,2026,2,24,20,2,12,3
17,0,2026,2,24,20,2,0,5
17,8,2026,2,24,8,2,4,3
17,18,2026,2,24,15,6,0,9
17,27,2026,2,24,14,4,1,12
17,37,2026,2,24,15,3,4,11
17,46,2026,2,24,8,4,4,11
17,54,2026,2,24,20,3,6,8
18,0,2026,2,24,20,6,0,14
18,8,2026,2,24,8,6,4,16
18,18,2026,2,24,15,2,6,12
18,27,2026,2,24,14,4,11,5
18,37,2026,2,24,15,3,2,6
18,46,2026,2,24,8,6,0,12
18,54,2026,2,24,20,3,6,9
19,0,2026,2,24,20,2,0,11
19,8,2026,2,24,8,6,3,14
19,18,2026,2,24,15,5,6,13
19,27,2026,2,24,14,3,8,8
19,37,2026,2,24,15,6,0,14
19,46,2026,2,24,8,5,4,15
19,54,2026,2,24,20,6,10,11
20,0,2026,2,24,20,5,0,16
20,8,2026,2,24,8,4,4,16
20,18,2026,2,24,15,6,13,9
20,27,2026,2,24,14,2,4,7
20,37,2026,2,24,15,2,2,7
20,46,2026,2,24,8,4,2,9
20,54,2026,2,24,20,5,5,9
21,0,2026,2,24,20,3,0,12
21,8,2026,2,24,8,4,3,13
21,18,2026,2,24,15,3,8,8
21,27,2026,2,24,14,2,7,3
21,37,2026,2,24,15,6,0,9
21,46,2026,2,24,8,6,7,8
21,54,2026,2,24,20,6,2,12
22,0,2026,2,24,20,6,0,18
22,8,2026,2,24,8,5,2,21
22,18,2026,2,24,15,3,6,18
22,27,2026,2,24,14,6,12,12
22,37,2026,2,24,15,6,3,15
22,46,2026,2,24,8,5,5,15
22,54,2026,2,24,20,3,8,10
23,0,2026,2,24,20,6,0,16
23,8,2026,2,24,8,3,3,16
23,18,2026,2,24,15,5,4,17
23,27,2026,2,24,14,4,13,8
23,37,2026,2,24,15,4,3,9
23,46,2026,2,24,8,6,3,12
23,54,2026,2,24,20,0,12,0
6,0,2026,2,25,20,6,0,6
6,8,2026,2,25,8,22,1,27
6,18,2026,2,25,15,18,12,33
6,27,2026,2,25,14,14,9,38
6,37,2026,2,25,15,15,5,48
6,46,2026,2,25,8,18,20,46
6,54,2026,2,25,20,3,20,29
7,0,2026,2,25,20,4,0,33
7,8,2026,2,25,8,8,4,37
7,18,2026,2,25,15,22,15,44
7,27,2026,2,25,14,15,20,39
7,37,2026,2,25,15,18,5,52
7,46,2026,2,25,8,10,20,42
7,54,2026,2,25,20,5,20,27
8,0,2026,2,25,20,3,0,30
8,8,2026,2,25,8,5,2,33
8,18,2026,2,25,15,15,12,36
8,27,2026,2,25,14,9,20,25
8,37,2026,2,25,15,7,4,28
8,46,2026,2,25,8,20,14,34
8,54,2026,2,25,20,6,20,20
9,0,2026,2,25,20,3,0,23
9,8,2026,2,25,8,2,4,21
9,18,2026,2,25,15,6,10,17
9,27,2026,2,25,14,2,13,6
9,37,2026,2,25,15,5,0,11
9,46,2026,2,25,8,6,5,12
9,54,2026,2,25,20,5,8,9
10,0,2026,2,25,20,3,0,12
10,8,2026,2,25,8,3,2,13
10,18,2026,2,25,15,3,5,11
10,27,2026,2,25,14,4,7,8
10,37,2026,2,25,15,6,2,12
10,46,2026,2,25,8,2,7,7
10,54,2026,2,25,20,2,6,3
11,0,2026,2,25,20,2,0,5
11,8,2026,2,25,8,6,2,9
11,18,2026,2,25,15,3,5,7
11,27,2026,2,25,14,6,5,8
11,37,2026,2,25,15,3,2,9
11,46,2026,2,25,8,6,3,12
11,54,2026,2,25,20,4,7,9
12,0,2026,2,25,20,4,0,13
12,8,2026,2,25,8,5,2,16
12,18,2026,2,25,15,6,9,13
12,27,2026,2,25,14,4,7,10
12,37,2026,2,25,15,6,2,14
12,46,2026,2,25,8,3,4,13
12,54,2026,2,25,20,4,8,9
13,0,2026,2,25,20,2,0,11
13,8,2026,2,25,8,3,4,10
13,18,2026,2,25,15,6,3,13
13,27,2026,2,25,14,4,7,10
13,37,2026,2,25,15,5,2,13
13,46,2026,2,25,8,2,4,11
13,54,2026,2,25,20,4,6,9
14,0,2026,2,25,20,4,0,13
14,8,2026,2,25,8,6,3,16
14,18,2026,2,25,15,6,5,17
14,27,2026,2,25,14,4,9,12
14,37,2026,2,25,15,5,0,17
14,46,2026,2,25,8,5,5,17
14,54,2026,2,25,20,3,10,10
15,0,2026,2,25,20,3,0,13
15,8,2026,2,25,8,6,3,16
15,18,2026,2,25,15,4,3,17
15,27,2026,2,25,14,5,10,12
15,37,2026,2,25,15,4,0,16
15,46,2026,2,25,8,5,6,15
15,54,2026,2,25,20,5,11,9
16,0,2026,2,25,20,3,0,12
16,8,2026,2,25,8,6,3,15
16,18,2026,2,25,15,2,8,9
16,27,2026,2,25,14,3,8,4
16,37,2026,2,25,15,2,1,5
16,46,2026,2,25,8,6,1,10
16,54,2026,2,25,20,2,5,7
17,0,2026,2,25,20,2,0,9
17,8,2026,2,25,8,4,1,12
17,18,2026,2,25,15,3,4,11
17,27,2026,2,25,14,3,5,9
17,37,2026,2,25,15,4,1,12
17,46,2026,2,25,8,4,4,12
17,54,2026,2,25,20,6,10,8
18,0,2026,2,25,20,6,0,14
18,8,2026,2,25,8,3,1,16
18,18,2026,2,25,15,4,8,12
18,27,2026,2,25,14,3,10,5
18,37,2026,2,25,15,6,1,10
18,46,2026,2,25,8,6,4,12
18,54,2026,2,25,20,2,5,9
19,0,2026,2,25,20,3,0,12
19,8,2026,2,25,8,3,3,12
19,18,2026,2,25,15,6,4,14
19,27,2026,2,25,14,5,7,12
19,37,2026,2,25,15,3,0,15
19,46,2026,2,25,8,5,5,15
19,54,2026,2,25,20,3,13,5
20,0,2026,2,25,20,2,0,7
20,8,2026,2,25,8,2,1,8
20,18,2026,2,25,15,5,4,9
20,27,2026,2,25,14,4,7,6
20,37,2026,2,25,15,5,3,8
20,46,2026,2,25,8,6,5,9
20,54,2026,2,25,20,6,3,12
21,0,2026,2,25,20,3,0,15
21,8,2026,2,25,8,2,2,15
21,18,2026,2,25,15,4,5,14
21,27,2026,2,25,14,5,9,10
21,37,2026,2,25,15,2,2,10
21,46,2026,2,25,8,6,6,10
21,54,2026,2,25,20,4,5,9
22,0,2026,2,25,20,5,0,14
22,8,2026,2,25,8,2,3,13
22,18,2026,2,25,15,6,7,12
22,27,2026,2,25,14,2,6,8
22,37,2026,2,25,15,5,2,11
22,46,2026,2,25,8,5,4,12
22,54,2026,2,25,20,3,5,10
23,0,2026,2,25,20,3,0,13
23,8,2026,2,25,8,6,2,17
23,18,2026,2,25,15,2,6,13
23,27,2026,2,25,14,4,9,8
23,37,2026,2,25,15,6,0,14
23,46,2026,2,25,8,5,6,13
23,54,2026,2,25,20,0,13,0
6,0,2026,2,26,20,5,0,5
6,8,2026,2,26,8,9,1,13
6,18,2026,2,26,15,14,3,24
6,27,2026,2,26,14,7,10,21
6,37,2026,2,26,15,11,4,28
6,46,2026,2,26,8,6,10,24
6,54,2026,2,26,20,2,15,11
7,0,2026,2,26,20,3,0,14
7,8,2026,2,26,8,12,1,25
7,18,2026,2,26,15,13,10,28
7,27,2026,2,26,14,18,15,31
7,37,2026,2,26,15,12,9,34
7,46,2026,2,26,8,7,9,32
7,54,2026,2,26,20,6,20,18
8,0,2026,2,26,20,6,0,24
8,8,2026,2,26,8,22,3,43
8,18,2026,2,26,15,12,14,41
8,27,2026,2,26,14,21,20,42
8,37,2026,2,26,15,20,11,51
8,46,2026,2,26,8,20,20,51
8,54,2026,2,26,20,2,20,33
9,0,2026,2,26,20,6,0,39
9,8,2026,2,26,8,3,3,39
9,18,2026,2,26,15,3,17,25
9,27,2026,2,26,14,6,20,11
9,37,2026,2,26,15,2,2,11
9,46,2026,2,26,8,4,3,12
9,54,2026,2,26,20,3,6,9
10,0,2026,2,26,20,6,0,15
10,8,2026,2,26,8,4,2,17
10,18,2026,2,26,15,4,8,13
10,27,2026,2,26,14,2,10,5
10,37,2026,2,26,15,2,0,7
10,46,2026,2,26,8,5,4,8
10,54,2026,2,26,20,6,6,8
11,0,2026,2,26,20,5,0,13
11,8,2026,2,26,8,6,3,16
11,18,2026,2,26,15,4,6,14
11,27,2026,2,26,14,6,12,8
11,37,2026,2,26,15,3,1,10
11,46,2026,2,26,8,5,4,11
11,54,2026,2,26,20,5,6,10
12,0,2026,2,26,20,3,0,13
12,8,2026,2,26,8,6,5,14
12,18,2026,2,26,15,6,6,14
12,27,2026,2,26,14,4,9,9
12,37,2026,2,26,15,6,0,15
12,46,2026,2,26,8,2,5,12
12,54,2026,2,26,20,2,7,7
13,0,2026,2,26,20,3,0,10
13,8,2026,2,26,8,2,1,11
13,18,2026,2,26,15,2,5,8
13,27,2026,2,26,14,3,7,4
13,37,2026,2,26,15,4,1,7
13,46,2026,2,26,8,4,3,8
13,54,2026,2,26,20,6,5,9
14,0,2026,2,26,20,3,0,12
14,8,2026,2,26,8,3,4,11
14,18,2026,2,26,15,2,2,11
14,27,2026,2,26,14,3,8,6
14,37,2026,2,26,15,4,1,9
14,46,2026,2,26,8,2,0,11
14,54,2026,2,26,20,6,8,9
15,0,2026,2,26,20,6,0,15
15,8,2026,2,26,8,3,7,11
15,18,2026,2,26,15,5,5,11
15,27,2026,2,26,14,2,8,5
15,37,2026,2,26,15,3,0,8
15,46,2026,2,26,8,6,5,9
15,54,2026,2,26,20,5,5,9
16,0,2026,2,26,20,2,0,11
16,8,2026,2,26,8,4,5,10
16,18,2026,2,26,15,4,6,8
16,27,2026,2,26,14,2,5,5
16,37,2026,2,26,15,2,0,7
16,46,2026,2,26,8,6,4,9
16,54,2026,2,26,20,5,4,10
17,0,2026,2,26,20,2,0,12
17,8,2026,2,26,8,4,4,12
17,18,2026,2,26,15,6,5,13
17,27,2026,2,26,14,3,8,8
17,37,2026,2,26,15,3,1,10
17,46,2026,2,26,8,3,5,8
17,54,2026,2,26,20,5,7,6
18,0,2026,2,26,20,5,0,11
18,8,2026,2,26,8,5,3,13
18,18,2026,2,26,15,5,5,13
18,27,2026,2,26,14,4,7,10
18,37,2026,2,26,15,5,0,15
18,46,2026,2,26,8,4,6,13
18,54,2026,2,26,20,5,8,10
19,0,2026,2,26,20,3,0,13
19,8,2026,2,26,8,3,3,13
19,18,2026,2,26,15,5,6,12
19,27,2026,2,26,14,6,7,11
19,37,2026,2,26,15,2,1,12
19,46,2026,2,26,8,5,5,12
19,54,2026,2,26,20,2,9,5
20,0,2026,2,26,20,6,0,11
20,8,2026,2,26,8,2,2,11
20,18,2026,2,26,15,6,9,8
20,27,2026,2,26,14,4,6,6
20,37,2026,2,26,15,2,1,7
20,46,2026,2,26,8,5,2,10
20,54,2026,2,26,20,5,7,8
21,0,2026,2,26,20,6,0,14
21,8,2026,2,26,8,4,5,13
21,18,2026,2,26,15,5,5,13
21,27,2026,2,26,14,5,9,9
21,37,2026,2,26,15,6,0,15
21,46,2026,2,26,8,2,3,14
21,54,2026,2,26,20,3,8,9
22,0,2026,2,26,20,4,0,13
22,8,2026,2,26,8,6,1,18
22,18,2026,2,26,15,4,5,17
22,27,2026,2,26,14,6,11,12
22,37,2026,2,26,15,6,2,16
22,46,2026,2,26,8,4,4,16
22,54,2026,2,26,20,2,13,5
23,0,2026,2,26,20,4,0,9
23,8,2026,2,26,8,5,1,13
23,18,2026,2,26,15,3,9,7
23,27,2026,2,26,14,5,2,10
23,37,2026,2,26,15,5,1,14
23,46,2026,2,26,8,5,7,12
23,54,2026,2,26,20,0,12,0
6,0,2026,2,27,20,5,0,5
6,8,2026,2,27,8,16,1,20
6,18,2026,2,27,15,15,6,29
6,27,2026,2,27,14,12,13,28
6,37,2026,2,27,15,11,3,36
6,46,2026,2,27,8,7,11,32
6,54,2026,2,27,20,6,20,18
7,0,2026,2,27,20,5,0,23
7,8,2026,2,27,8,12,4,31
7,18,2026,2,27,15,17,15,33
7,27,2026,2,27,14,17,20,30
7,37,2026,2,27,15,22,5,47
7,46,2026,2,27,8,20,16,51
7,54,2026,2,27,20,2,20,33
8,0,2026,2,27,20,3,0,36
8,8,2026,2,27,8,15,4,47
8,18,2026,2,27,15,18,19,46
8,27,2026,2,27,14,12,20,38
8,37,2026,2,27,15,12,3,47
8,46,2026,2,27,8,19,20,46
8,54,2026,2,27,20,5,20,31
9,0,2026,2,27,20,6,0,37
9,8,2026,2,27,8,4,6,35
9,18,2026,2,27,15,4,13,26
9,27,2026,2,27,14,5,20,11
9,37,2026,2,27,15,5,3,13
9,46,2026,2,27,8,6,5,14
9,54,2026,2,27,20,6,7,13
10,0,2026,2,27,20,4,0,17
10,8,2026,2,27,8,2,4,15
10,18,2026,2,27,15,4,5,14
10,27,2026,2,27,14,4,10,8
10,37,2026,2,27,15,5,1,12
10,46,2026,2,27,8,4,5,11
10,54,2026,2,27,20,6,8,9
11,0,2026,2,27,20,2,0,11
11,8,2026,2,27,8,6,4,13
11,18,2026,2,27,15,5,4,14
11,27,2026,2,27,14,2,7,9
11,37,2026,2,27,15,2,1,10
11,46,2026,2,27,8,2,2,10
11,54,2026,2,27,20,3,10,3
12,0,2026,2,27,20,6,0,9
12,8,2026,2,27,8,6,5,10
12,18,2026,2,27,15,5,3,12
12,27,2026,2,27,14,2,4,10
12,37,2026,2,27,15,3,0,13
12,46,2026,2,27,8,4,4,13
12,54,2026,2,27,20,4,9,8
13,0,2026,2,27,20,4,0,12
13,8,2026,2,27,8,2,2,12
13,18,2026,2,27,15,4,2,14
13,27,2026,2,27,14,5,11,8
13,37,2026,2,27,15,3,1,10
13,46,2026,2,27,8,3,4,9
13,54,2026,2,27,20,4,6,7
14,0,2026,2,27,20,2,0,9
14,8,2026,2,27,8,5,2,12
14,18,2026,2,27,15,4,2,14
14,27,2026,2,27,14,3,9,8
14,37,2026,2,27,15,6,0,14
14,46,2026,2,27,8,5,6,13
14,54,2026,2,27,20,4,8,9
15,0,2026,2,27,20,4,0,13
15,8,2026,2,27,8,6,1,18
15,18,2026,2,27,15,2,10,10
15,27,2026,2,27,14,2,8,4
15,37,2026,2,27,15,4,1,7
15,46,2026,2,27,8,3,1,9
15,54,2026,2,27,20,2,4,7
16,0,2026,2,27,20,2,0,9
16,8,2026,2,27,8,2,0,11
16,18,2026,2,27,15,2,7,6
16,27,2026,2,27,14,3,5,4
16,37,2026,2,27,15,3,1,6
16,46,2026,2,27,8,3,4,5
16,54,2026,2,27,20,3,3,5
17,0,2026,2,27,20,5,0,10
17,8,2026,2,27,8,3,1,12
17,18,2026,2,27,15,6,8,10
17,27,2026,2,27,14,4,5,9
17,37,2026,2,27,15,4,3,10
17,46,2026,2,27,8,3,6,7
17,54,2026,2,27,20,2,3,6
18,0,2026,2,27,20,6,0,12
18,8,2026,2,27,8,5,3,14
18,18,2026,2,27,15,5,4,15
18,27,2026,2,27,14,6,8,13
18,37,2026,2,27,15,5,5,13
18,46,2026,2,27,8,4,1,16
18,54,2026,2,27,20,3,9,10
19,0,2026,2,27,20,4,0,14
19,8,2026,2,27,8,2,1,15
19,18,2026,2,27,15,6,5,16
19,27,2026,2,27,14,4,12,8
19,37,2026,2,27,15,4,1,11
19,46,2026,2,27,8,3,5,9
19,54,2026,2,27,20,5,5,9
20,0,2026,2,27,20,2,0,11
20,8,2026,2,27,8,3,1,13
20,18,2026,2,27,15,3,6,10
20,27,2026,2,27,14,5,9,6
20,37,2026,2,27,15,3,3,6
20,46,2026,2,27,8,4,2,8
20,54,2026,2,27,20,3,6,5
21,0,2026,2,27,20,5,0,10
21,8,2026,2,27,8,2,2,10
21,18,2026,2,27,15,2,3,9
21,27,2026,2,27,14,4,8,5
21,37,2026,2,27,15,3,1,7
21,46,2026,2,27,8,4,6,5
21,54,2026,2,27,20,6,4,7
22,0,2026,2,27,20,3,0,10
22,8,2026,2,27,8,5,3,12
22,18,2026,2,27,15,4,5,11
22,27,2026,2,27,14,3,5,9
22,37,2026,2,27,15,2,0,11
22,46,2026,2,27,8,4,1,14
22,54,2026,2,27,20,4,9,9
23,0,2026,2,27,20,3,0,12
23,8,2026,2,27,8,3,4,11
23,18,2026,2,27,15,5,5,11
23,27,2026,2,27,14,3,8,6
23,37,2026,2,27,15,4,3,7
23,46,2026,2,27,8,6,4,9
23,54,2026,2,27,20,0,9,0
6,0,2026,2,28,20,6,0,6
6,8,2026,2,28,8,6,3,9
6,18,2026,2,28,15,13,5,17
6,27,2026,2,28,14,13,5,25
6,37,2026,2,28,15,6,3,28
6,46,2026,2,28,8,20,15,33
6,54,2026,2,28,20,4,19,18
7,0,2026,2,28,20,4,0,22
7,8,2026,2,28,8,21,4,39
7,18,2026,2,28,15,16,12,43
7,27,2026,2,28,14,19,20,42
7,37,2026,2,28,15,10,6,46
7,46,2026,2,28,8,7,20,33
7,54,2026,2,28,20,6,20,19
8,0,2026,2,28,20,6,0,25
8,8,2026,2,28,8,11,6,30
8,18,2026,2,28,15,22,12,40
8,27,2026,2,28,14,20,20,40
8,37,2026,2,28,15,12,7,45
8,46,2026,2,28,8,7,20,32
8,54,2026,2,28,20,2,20,14
9,0,2026,2,28,20,3,0,17
9,8,2026,2,28,8,4,1,20
9,18,2026,2,28,15,6,8,18
9,27,2026,2,28,14,4,15,7
9,37,2026,2,28,15,6,1,12
9,46,2026,2,28,8,6,6,12
9,54,2026,2,28,20,3,7,8
10,0,2026,2,28,20,4,0,12
10,8,2026,2,28,8,5,3,14
10,18,2026,2,28,15,6,9,11
10,27,2026,2,28,14,5,6,10
10,37,2026,2,28,15,5,0,15
10,46,2026,2,28,8,6,7,14
10,54,2026,2,28,20,6,8,12
11,0,2026,2,28,20,2,0,14
11,8,2026,2,28,8,5,3,16
11,18,2026,2,28,15,2,5,13
11,27,2026,2,28,14,4,8,9
11,37,2026,2,28,15,6,2,13
11,46,2026,2,28,8,5,4,14
11,54,2026,2,28,20,5,7,12
12,0,2026,2,28,20,6,0,18
12,8,2026,2,28,8,5,1,22
12,18,2026,2,28,15,2,7,17
12,27,2026,2,28,14,5,13,9
12,37,2026,2,28,15,6,4,11
12,46,2026,2,28,8,4,2,13
12,54,2026,2,28,20,4,7,10
13,0,2026,2,28,20,6,0,16
13,8,2026,2,28,8,2,3,15
13,18,2026,2,28,15,2,5,12
13,27,2026,2,28,14,3,11,4
13,37,2026,2,28,15,5,1,8
13,46,2026,2,28,8,5,2,11
13,54,2026,2,28,20,5,6,10
14,0,2026,2,28,20,6,0,16
14,8,2026,2,28,8,2,6,12
14,18,2026,2,28,15,2,3,11
14,27,2026,2,28,14,2,8,5
14,37,2026,2,28,15,3,1,7
14,46,2026,2,28,8,2,3,6
14,54,2026,2,28,20,3,2,7
15,0,2026,2,28,20,5,0,12
15,8,2026,2,28,8,6,4,14
15,18,2026,2,28,15,3,9,8
15,27,2026,2,28,14,6,5,9
15,37,2026,2,28,15,4,4,9
15,46,2026,2,28,8,2,6,5
15,54,2026,2,28,20,3,3,5
16,0,2026,2,28,20,2,0,7
16,8,2026,2,28,8,6,1,12
16,18,2026,2,28,15,4,1,15
16,27,2026,2,28,14,6,9,12
16,37,2026,2,28,15,3,2,13
16,46,2026,2,28,8,2,6,9
16,54,2026,2,28,20,2,8,3
17,0,2026,2,28,20,4,0,7
17,8,2026,2,28,8,6,1,12
17,18,2026,2,28,15,3,4,11
17,27,2026,2,28,14,3,8,6
17,37,2026,2,28,15,3,0,9
17,46,2026,2,28,8,6,2,13
17,54,2026,2,28,20,3,7,9
18,0,2026,2,28,20,4,0,13
18,8,2026,2,28,8,3,2,14
18,18,2026,2,28,15,6,6,14
18,27,2026,2,28,14,2,8,8
18,37,2026,2,28,15,5,1,12
18,46,2026,2,28,8,3,6,9
18,54,2026,2,28,20,3,5,7
19,0,2026,2,28,20,4,0,11
19,8,2026,2,28,8,2,0,13
19,18,2026,2,28,15,5,6,12
19,27,2026,2,28,14,4,8,8
19,37,2026,2,28,15,5,1,12
19,46,2026,2,28,8,2,2,12
19,54,2026,2,28,20,3,10,5
20,0,2026,2,28,20,4,0,9
20,8,2026,2,28,8,4,3,10
20,18,2026,2,28,15,4,3,11
20,27,2026,2,28,14,3,6,8
20,37,2026,2,28,15,4,2,10
20,46,2026,2,28,8,2,7,5
20,54,2026,2,28,20,5,3,7
21,0,2026,2,28,20,3,0,10
21,8,2026,2,28,8,4,4,10
21,18,2026,2,28,15,4,3,11
21,27,2026,2,28,14,4,8,7
21,37,2026,2,28,15,6,2,11
21,46,2026,2,28,8,4,3,12
21,54,2026,2,28,20,4,5,11
22,0,2026,2,28,20,2,0,13
22,8,2026,2,28,8,4,1,16
22,18,2026,2,28,15,4,8,12
22,27,2026,2,28,14,5,9,8
22,37,2026,2,28,15,2,3,7
22,46,2026,2,28,8,3,3,7
22,54,2026,2,28,20,2,4,5
23,0,2026,2,28,20,2,0,7
23,8,2026,2,28,8,3,2,8
23,18,2026,2,28,15,6,3,11
23,27,2026,2,28,14,4,6,9
23,37,2026,2,28,15,5,0,14
23,46,2026,2,28,8,6,7,13
23,54,2026,2,28,20,0,13,0
6,0,2026,3,1,20,5,0,5
6,8,2026,3,1,8,11,0,16
6,18,2026,3,1,15,11,6,21
6,27,2026,3,1,14,12,14,19
6,37,2026,3,1,15,8,4,23
6,46,2026,3,1,8,18,8,33
6,54,2026,3,1,20,4,19,18
7,0,2026,3,1,20,2,0,20
7,8,2026,3,1,8,8,2,26
7,18,2026,3,1,15,10,10,26
7,27,2026,3,1,14,11,16,21
7,37,2026,3,1,15,22,3,40
7,46,2026,3,1,8,12,14,38
7,54,2026,3,1,20,3,20,21
8,0,2026,3,1,20,4,0,25
8,8,2026,3,1,8,12,1,36
8,18,2026,3,1,15,11,11,36
8,27,2026,3,1,14,20,20,36
8,37,2026,3,1,15,12,10,38
8,46,2026,3,1,8,11,17,32
8,54,2026,3,1,20,5,20,17
9,0,2026,3,1,20,2,0,19
9,8,2026,3,1,8,4,2,21
9,18,2026,3,1,15,6,7,20
9,27,2026,3,1,14,2,14,8
9,37,2026,3,1,15,2,0,10
9,46,2026,3,1,8,3,6,7
9,54,2026,3,1,20,3,5,5
10,0,2026,3,1,20,3,0,8
10,8,2026,3,1,8,4,1,11
10,18,2026,3,1,15,4,4,11
10,27,2026,3,1,14,6,6,11
10,37,2026,3,1,15,2,3,10
10,46,2026,3,1,8,3,7,6
10,54,2026,3,1,20,2,3,5
11,0,2026,3,1,20,6,0,11
11,8,2026,3,1,8,3,3,11
11,18,2026,3,1,15,3,6,8
11,27,2026,3,1,14,4,6,6
11,37,2026,3,1,15,6,0,12
11,46,2026,3,1,8,2,5,9
11,54,2026,3,1,20,4,7,6
12,0,2026,3,1,20,5,0,11
12,8,2026,3,1,8,5,3,13
12,18,2026,3,1,15,3,5,11
12,27,2026,3,1,14,4,8,7
12,37,2026,3,1,15,4,1,10
12,46,2026,3,1,8,2,3,9
12,54,2026,3,1,20,4,6,7
13,0,2026,3,1,20,3,0,10
13,8,2026,3,1,8,2,3,9
13,18,2026,3,1,15,5,5,9
13,27,2026,3,1,14,4,6,7
13,37,2026,3,1,15,6,1,12
13,46,2026,3,1,8,4,7,9
13,54,2026,3,1,20,4,2,11
14,0,2026,3,1,20,2,0,13
14,8,2026,3,1,8,6,2,17
14,18,2026,3,1,15,3,4,16
14,27,2026,3,1,14,6,14,8
14,37,2026,3,1,15,5,2,11
14,46,2026,3,1,8,4,4,11
14,54,2026,3,1,20,6,7,10
15,0,2026,3,1,20,5,0,15
15,8,2026,3,1,8,2,5,12
15,18,2026,3,1,15,4,5,11
15,27,2026,3,1,14,4,8,7
15,37,2026,3,1,15,3,1,9
15,46,2026,3,1,8,3,4,8
15,54,2026,3,1,20,5,5,8
16,0,2026,3,1,20,3,0,11
16,8,2026,3,1,8,4,1,14
16,18,2026,3,1,15,6,4,16
16,27,2026,3,1,14,2,11,7
16,37,2026,3,1,15,6,0,13
16,46,2026,3,1,8,2,7,8
16,54,2026,3,1,20,3,7,4
17,0,2026,3,1,20,6,0,10
17,8,2026,3,1,8,6,1,15
17,18,2026,3,1,15,2,6,11
17,27,2026,3,1,14,2,8,5
17,37,2026,3,1,15,3,1,7
17,46,2026,3,1,8,3,5,5
17,54,2026,3,1,20,4,3,6
18,0,2026,3,1,20,4,0,10
18,8,2026,3,1,8,6,3,13
18,18,2026,3,1,15,3,3,13
18,27,2026,3,1,14,5,7,11
18,37,2026,3,1,15,4,1,14
18,46,2026,3,1,8,4,4,14
18,54,2026,3,1,20,3,9,8
19,0,2026,3,1,20,5,0,13
19,8,2026,3,1,8,5,1,17
19,18,2026,3,1,15,5,4,18
19,27,2026,3,1,14,3,14,7
19,37,2026,3,1,15,5,0,12
19,46,2026,3,1,8,3,3,12
19,54,2026,3,1,20,3,8,7
20,0,2026,3,1,20,3,0,10
20,8,2026,3,1,8,5,4,11
20,18,2026,3,1,15,6,4,13
20,27,2026,3,1,14,6,6,13
20,37,2026,3,1,15,5,2,16
20,46,2026,3,1,8,2,6,12
20,54,2026,3,1,20,2,10,4
21,0,2026,3,1,20,4,0,8
21,8,2026,3,1,8,3,1,10
21,18,2026,3,1,15,5,7,8
21,27,2026,3,1,14,3,4,7
21,37,2026,3,1,15,6,1,12
21,46,2026,3,1,8,5,1,16
21,54,2026,3,1,20,4,14,6
22,0,2026,3,1,20,3,0,9
22,8,2026,3,1,8,6,4,11
22,18,2026,3,1,15,4,5,10
22,27,2026,3,1,14,6,6,10
22,37,2026,3,1,15,5,3,12
22,46,2026,3,1,8,3,0,15
22,54,2026,3,1,20,2,11,6
23,0,2026,3,1,20,2,0,8
23,8,2026,3,1,8,6,0,14
23,18,2026,3,1,15,4,4,14
23,27,2026,3,1,14,3,7,10
23,37,2026,3,1,15,6,1,15
23,46,2026,3,1,8,4,6,13
23,54,2026,3,1,20,0,13,0
6,0,2026,3,2,20,2,0,2
6,8,2026,3,2,8,20,1,21
6,18,2026,3,2,15,9,10,20
6,27,2026,3,2,14,11,11,20
6,37,2026,3,2,15,16,2,34
6,46,2026,3,2,8,5,10,29
6,54,2026,3,2,20,3,20,12
7,0,2026,3,2,20,5,0,17
7,8,2026,3,2,8,22,2,37
7,18,2026,3,2,15,12,15,34
7,27,2026,3,2,14,15,15,34
7,37,2026,3,2,15,9,5,38
7,46,2026,3,2,8,8,13,33
7,54,2026,3,2,20,3,20,16
8,0,2026,3,2,20,5,0,21
8,8,2026,3,2,8,21,2,40
8,18,2026,3,2,15,22,20,42
8,27,2026,3,2,14,6,17,31
8,37,2026,3,2,15,21,3,49
8,46,2026,3,2,8,15,18,46
8,54,2026,3,2,20,5,20,31
9,0,2026,3,2,20,3,0,34
9,8,2026,3,2,8,6,2,38
9,18,2026,3,2,15,3,18,23
9,27,2026,3,2,14,6,20,9
9,37,2026,3,2,15,2,2,9
9,46,2026,3,2,8,5,6,8
9,54,2026,3,2,20,2,4,6
10,0,2026,3,2,20,3,0,9
10,8,2026,3,2,8,4,1,12
10,18,2026,3,2,15,4,5,11
10,27,2026,3,2,14,4,6,9
10,37,2026,3,2,15,6,2,13
10,46,2026,3,2,8,3,7,9
10,54,2026,3,2,20,2,5,6
11,0,2026,3,2,20,4,0,10
11,8,2026,3,2,8,6,4,12
11,18,2026,3,2,15,2,6,8
11,27,2026,3,2,14,6,6,8
11,37,2026,3,2,15,2,1,9
11,46,2026,3,2,8,2,5,6
11,54,2026,3,2,20,5,3,8
12,0,2026,3,2,20,2,0,10
12,8,2026,3,2,8,4,0,14
12,18,2026,3,2,15,3,3,14
12,27,2026,3,2,14,4,8,10
12,37,2026,3,2,15,3,1,12
12,46,2026,3,2,8,4,2,14
12,54,2026,3,2,20,5,10,9
13,0,2026,3,2,20,3,0,12
13,8,2026,3,2,8,2,4,10
13,18,2026,3,2,15,3,4,9
13,27,2026,3,2,14,3,7,5
13,37,2026,3,2,15,3,2,6
13,46,2026,3,2,8,2,3,5
13,54,2026,3,2,20,5,4,6
14,0,2026,3,2,20,5,0,11
14,8,2026,3,2,8,5,0,16
14,18,2026,3,2,15,5,8,13
14,27,2026,3,2,14,6,9,10
14,37,2026,3,2,15,3,4,9
14,46,2026,3,2,8,2,3,8
14,54,2026,3,2,20,5,5,8
15,0,2026,3,2,20,2,0,10
15,8,2026,3,2,8,5,1,14
15,18,2026,3,2,15,3,6,11
15,27,2026,3,2,14,6,8,9
15,37,2026,3,2,15,6,3,12
15,46,2026,3,2,8,5,7,10
15,54,2026,3,2,20,2,6,6
16,0,2026,3,2,20,5,0,11
16,8,2026,3,2,8,6,1,16
16,18,2026,3,2,15,6,4,18
16,27,2026,3,2,14,2,11,9
16,37,2026,3,2,15,5,1,13
16,46,2026,3,2,8,4,7,10
16,54,2026,3,2,20,4,5,9
17,0,2026,3,2,20,2,0,11
17,8,2026,3,2,8,6,3,14
17,18,2026,3,2,15,5,7,12
17,27,2026,3,2,14,4,7,9
17,37,2026,3,2,15,4,3,10
17,46,2026,3,2,8,2,3,9
17,54,2026,3,2,20,5,7,7
18,0,2026,3,2,20,6,0,13
18,8,2026,3,2,8,6,4,15
18,18,2026,3,2,15,3,5,13
18,27,2026,3,2,14,2,8,7
18,37,2026,3,2,15,6,0,13
18,46,2026,3,2,8,4,2,15
18,54,2026,3,2,20,4,9,10
19,0,2026,3,2,20,6,0,16
19,8,2026,3,2,8,6,3,19
19,18,2026,3,2,15,2,9,12
19,27,2026,3,2,14,4,7,9
19,37,2026,3,2,15,5,1,13
19,46,2026,3,2,8,5,3,15
19,54,2026,3,2,20,4,10,9
20,0,2026,3,2,20,2,0,11
20,8,2026,3,2,8,2,2,11
20,18,2026,3,2,15,6,2,15
20,27,2026,3,2,14,6,11,10
20,37,2026,3,2,15,2,1,11
20,46,2026,3,2,8,3,3,11
20,54,2026,3,2,20,6,7,10
21,0,2026,3,2,20,2,0,12
21,8,2026,3,2,8,5,3,14
21,18,2026,3,2,15,6,4,16
21,27,2026,3,2,14,2,9,9
21,37,2026,3,2,15,5,1,13
21,46,2026,3,2,8,2,8,7
21,54,2026,3,2,20,6,4,9
22,0,2026,3,2,20,2,0,11
22,8,2026,3,2,8,3,5,9
22,18,2026,3,2,15,6,5,10
22,27,2026,3,2,14,4,4,10
22,37,2026,3,2,15,4,1,13
22,46,2026,3,2,8,4,5,12
22,54,2026,3,2,20,2,7,7
23,0,2026,3,2,20,6,0,13
23,8,2026,3,2,8,4,2,15
23,18,2026,3,2,15,4,6,13
23,27,2026,3,2,14,2,7,8
23,37,2026,3,2,15,3,0,11
23,46,2026,3,2,8,2,5,8
23,54,2026,3,2,20,0,8,0
6,0,2026,3,3,20,3,0,3
6,8,2026,3,3,8,5,0,8
6,18,2026,3,3,15,21,3,26
6,27,2026,3,3,14,7,11,22
6,37,2026,3,3,15,15,2,35
6,46,2026,3,3,8,12,12,35
6,54,2026,3,3,20,5,20,20
7,0,2026,3,3,20,5,0,25
7,8,2026,3,3,8,12,3,34
7,18,2026,3,3,15,12,17,29
7,27,2026,3,3,14,14,20,23
7,37,2026,3,3,15,21,2,42
7,46,2026,3,3,8,11,18,35
7,54,2026,3,3,20,5,19,21
8,0,2026,3,3,20,6,0,27
8,8,2026,3,3,8,6,6,27
8,18,2026,3,3,15,21,12,36
8,27,2026,3,3,14,11,20,27
8,37,2026,3,3,15,16,3,40
8,46,2026,3,3,8,11,17,34
8,54,2026,3,3,20,5,20,19
9,0,2026,3,3,20,3,0,22
9,8,2026,3,3,8,3,1,24
9,18,2026,3,3,15,4,9,19
9,27,2026,3,3,14,6,14,11
9,37,2026,3,3,15,3,3,11
9,46,2026,3,3,8,4,4,11
9,54,2026,3,3,20,5,7,9
10,0,2026,3,3,20,6,0,15
10,8,2026,3,3,8,3,4,14
10,18,2026,3,3,15,5,9,10
10,27,2026,3,3,14,6,6,10
10,37,2026,3,3,15,3,1,12
10,46,2026,3,3,8,4,7,9
10,54,2026,3,3,20,4,6,7
11,0,2026,3,3,20,2,0,9
11,8,2026,3,3,8,3,2,10
11,18,2026,3,3,15,3,4,9
11,27,2026,3,3,14,2,6,5
11,37,2026,3,3,15,2,1,6
11,46,2026,3,3,8,6,3,9
11,54,2026,3,3,20,4,7,6
12,0,2026,3,3,20,6,0,12
12,8,2026,3,3,8,2,4,10
12,18,2026,3,3,15,2,4,8
12,27,2026,3,3,14,3,5,6
12,37,2026,3,3,15,3,2,7
12,46,2026,3,3,8,4,0,11
12,54,2026,3,3,20,4,6,9
13,0,2026,3,3,20,6,0,15
13,8,2026,3,3,8,4,3,16
13,18,2026,3,3,15,6,6,16
13,27,2026,3,3,14,6,12,10
13,37,2026,3,3,15,5,3,12
13,46,2026,3,3,8,4,5,11
13,54,2026,3,3,20,4,8,7
14,0,2026,3,3,20,2,0,9
14,8,2026,3,3,8,2,3,8
14,18,2026,3,3,15,4,3,9
14,27,2026,3,3,14,3,6,6
14,37,2026,3,3,15,5,0,11
14,46,2026,3,3,8,5,6,10
14,54,2026,3,3,20,6,5,11
15,0,2026,3,3,20,4,0,15
15,8,2026,3,3,8,4,1,18
15,18,2026,3,3,15,2,9,11
15,27,2026,3,3,14,3,9,5
15,37,2026,3,3,15,4,2,7
15,46,2026,3,3,8,5,4,8
15,54,2026,3,3,20,3,3,8
16,0,2026,3,3,20,2,0,10
16,8,2026,3,3,8,3,1,12
16,18,2026,3,3,15,5,5,12
16,27,2026,3,3,14,5,7,10
16,37,2026,3,3,15,5,1,14
16,46,2026,3,3,8,6,5,15
16,54,2026,3,3,20,6,10,11
17,0,2026,3,3,20,3,0,14
17,8,2026,3,3,8,6,1,19
17,18,2026,3,3,15,6,8,17
17,27,2026,3,3,14,6,12,11
17,37,2026,3,3,15,6,2,15
17,46,2026,3,3,8,6,4,17
17,54,2026,3,3,20,2,10,9
18,0,2026,3,3,20,5,0,14
18,8,2026,3,3,8,4,3,15
18,18,2026,3,3,15,2,5,12
18,27,2026,3,3,14,6,8,10
18,37,2026,3,3,15,6,1,15
18,46,2026,3,3,8,4,9,10
18,54,2026,3,3,20,6,5,11
19,0,2026,3,3,20,3,0,14
19,8,2026,3,3,8,2,7,9
19,18,2026,3,3,15,2,2,9
19,27,2026,3,3,14,6,5,10
19,37,2026,3,3,15,5,2,13
19,46,2026,3,3,8,5,7,11
19,54,2026,3,3,20,2,5,8
20,0,2026,3,3,20,5,0,13
20,8,2026,3,3,8,4,1,16
20,18,2026,3,3,15,6,5,17
20,27,2026,3,3,14,3,13,7
20,37,2026,3,3,15,6,1,12
20,46,2026,3,3,8,4,5,11
20,54,2026,3,3,20,6,6,11
21,0,2026,3,3,20,4,0,15
21,8,2026,3,3,8,2,5,12
21,18,2026,3,3,15,3,5,10
21,27,2026,3,3,14,5,7,8
21,37,2026,3,3,15,5,1,12
21,46,2026,3,3,8,3,4,11
21,54,2026,3,3,20,3,7,7
22,0,2026,3,3,20,4,0,11
22,8,2026,3,3,8,5,4,12
22,18,2026,3,3,15,2,3,11
22,27,2026,3,3,14,5,9,7
22,37,2026,3,3,15,4,1,10
22,46,2026,3,3,8,6,5,11
22,54,2026,3,3,20,4,8,7
23,0,2026,3,3,20,6,0,13
23,8,2026,3,3,8,3,3,13
23,18,2026,3,3,15,4,4,13
23,27,2026,3,3,14,5,9,9
23,37,2026,3,3,15,3,1,11
23,46,2026,3,3,8,6,3,14
23,54,2026,3,3,20,0,14,0
6,0,2026,3,4,20,2,0,2
6,8,2026,3,4,8,10,0,12
6,18,2026,3,4,15,16,4,24
6,27,2026,3,4,14,17,10,31
6,37,2026,3,4,15,6,7,30
6,46,2026,3,4,8,18,15,33
6,54,2026,3,4,20,4,19,18
7,0,2026,3,4,20,6,0,24
7,8,2026,3,4,8,9,1,32
7,18,2026,3,4,15,17,15,34
7,27,2026,3,4,14,11,14,31
7,37,2026,3,4,15,8,3,36
7,46,2026,3,4,8,13,18,31
7,54,2026,3,4,20,6,20,17
8,0,2026,3,4,20,2,0,19
8,8,2026,3,4,8,6,2,23
8,18,2026,3,4,15,19,8,34
8,27,2026,3,4,14,10,20,24
8,37,2026,3,4,15,19,1,42
8,46,2026,3,4,8,16,20,38
8,54,2026,3,4,20,5,20,23
9,0,2026,3,4,20,3,0,26
9,8,2026,3,4,8,2,2,26
9,18,2026,3,4,15,5,7,24
9,27,2026,3,4,14,6,19,11
9,37,2026,3,4,15,3,2,12
9,46,2026,3,4,8,2,3,11
9,54,2026,3,4,20,5,9,7
10,0,2026,3,4,20,4,0,11
10,8,2026,3,4,8,5,4,12
10,18,2026,3,4,15,5,5,12
10,27,2026,3,4,14,5,10,7
10,37,2026,3,4,15,2,3,6
10,46,2026,3,4,8,6,5,7
10,54,2026,3,4,20,6,2,11
11,0,2026,3,4,20,2,0,13
11,8,2026,3,4,8,2,5,10
11,18,2026,3,4,15,3,3,10
11,27,2026,3,4,14,2,9,3
11,37,2026,3,4,15,3,2,4
11,46,2026,3,4,8,4,2,6
11,54,2026,3,4,20,3,2,7
12,0,2026,3,4,20,5,0,12
12,8,2026,3,4,8,5,3,14
12,18,2026,3,4,15,5,9,10
12,27,2026,3,4,14,2,6,6
12,37,2026,3,4,15,3,0,9
12,46,2026,3,4,8,6,4,11
12,54,2026,3,4,20,2,5,8
13,0,2026,3,4,20,4,0,12
13,8,2026,3,4,8,4,2,14
13,18,2026,3,4,15,2,7,9
13,27,2026,3,4,14,2,6,5
13,37,2026,3,4,15,4,0,9
13,46,2026,3,4,8,5,1,13
13,54,2026,3,4,20,3,7,9
14,0,2026,3,4,20,2,0,11
14,8,2026,3,4,8,4,2,13
14,18,2026,3,4,15,2,4,11
14,27,2026,3,4,14,3,9,5
14,37,2026,3,4,15,4,0,9
14,46,2026,3,4,8,3,4,8
14,54,2026,3,4,20,3,6,5
15,0,2026,3,4,20,5,0,10
15,8,2026,3,4,8,6,0,16
15,18,2026,3,4,15,5,7,14
15,27,2026,3,4,14,4,8,10
15,37,2026,3,4,15,3,0,13
15,46,2026,3,4,8,3,8,8
15,54,2026,3,4,20,6,5,9
16,0,2026,3,4,20,3,0,12
16,8,2026,3,4,8,5,4,13
16,18,2026,3,4,15,6,6,13
16,27,2026,3,4,14,5,7,11
16,37,2026,3,4,15,4,0,15
16,46,2026,3,4,8,4,7,12
16,54,2026,3,4,20,3,8,7
17,0,2026,3,4,20,5,0,12
17,8,2026,3,4,8,6,2,16
17,18,2026,3,4,15,2,6,12
17,27,2026,3,4,14,3,9,6
17,37,2026,3,4,15,3,1,8
17,46,2026,3,4,8,3,2,9
17,54,2026,3,4,20,5,6,8
18,0,2026,3,4,20,4,0,12
18,8,2026,3,4,8,5,2,15
18,18,2026,3,4,15,2,5,12
18,27,2026,3,4,14,2,7,7
18,37,2026,3,4,15,6,0,13
18,46,2026,3,4,8,6,3,16
18,54,2026,3,4,20,4,10,10
19,0,2026,3,4,20,4,0,14
19,8,2026,3,4,8,6,3,17
19,18,2026,3,4,15,2,7,12
19,27,2026,3,4,14,4,10,6
19,37,2026,3,4,15,4,2,8
19,46,2026,3,4,8,4,4,8
19,54,2026,3,4,20,5,3,10
20,0,2026,3,4,20,2,0,12
20,8,2026,3,4,8,6,4,14
20,18,2026,3,4,15,4,8,10
20,27,2026,3,4,14,4,5,9
20,37,2026,3,4,15,4,2,11
20,46,2026,3,4,8,5,4,12
20,54,2026,3,4,20,2,7,7
21,0,2026,3,4,20,5,0,12
21,8,2026,3,4,8,3,0,15
21,18,2026,3,4,15,6,7,14
21,27,2026,3,4,14,4,9,9
21,37,2026,3,4,15,6,0,15
21,46,2026,3,4,8,6,6,15
21,54,2026,3,4,20,4,12,7
22,0,2026,3,4,20,4,0,11
22,8,2026,3,4,8,5,4,12
22,18,2026,3,4,15,5,1,16
22,27,2026,3,4,14,4,10,10
22,37,2026,3,4,15,3,1,12
22,46,2026,3,4,8,3,4,11
22,54,2026,3,4,20,5,9,7
23,0,2026,3,4,20,6,0,13
23,8,2026,3,4,8,3,2,14
23,18,2026,3,4,15,5,5,14
23,27,2026,3,4,14,2,9,7
23,37,2026,3,4,15,4,0,11
23,46,2026,3,4,8,4,4,11
23,54,2026,3,4,20,0,11,0
6,0,2026,3,5,20,5,0,5
6,8,2026,3,5,8,21,1,25
6,18,2026,3,5,15,21,8,38
6,27,2026,3,5,14,15,20,33
6,37,2026,3,5,15,14,5,42
6,46,2026,3,5,8,15,13,44
6,54,2026,3,5,20,5,20,29
7,0,2026,3,5,20,6,0,35
7,8,2026,3,5,8,6,2,39
7,18,2026,3,5,15,9,17,31
7,27,2026,3,5,14,20,20,31
7,37,2026,3,5,15,18,10,39
7,46,2026,3,5,8,11,16,34
7,54,2026,3,5,20,6,20,20
8,0,2026,3,5,20,2,0,22
8,8,2026,3,5,8,9,2,29
8,18,2026,3,5,15,14,12,31
8,27,2026,3,5,14,22,17,36
8,37,2026,3,5,15,12,11,37
8,46,2026,3,5,8,5,15,27
8,54,2026,3,5,20,6,20,13
9,0,2026,3,5,20,5,0,18
9,8,2026,3,5,8,3,8,13
9,18,2026,3,5,15,3,4,12
9,27,2026,3,5,14,4,10,6
9,37,2026,3,5,15,5,2,9
9,46,2026,3,5,8,5,4,10
9,54,2026,3,5,20,4,6,8
10,0,2026,3,5,20,3,0,11
10,8,2026,3,5,8,2,1,12
10,18,2026,3,5,15,5,6,11
10,27,2026,3,5,14,4,5,10
10,37,2026,3,5,15,2,2,10
10,46,2026,3,5,8,4,5,9
10,54,2026,3,5,20,3,7,5
11,0,2026,3,5,20,5,0,10
11,8,2026,3,5,8,4,4,10
11,18,2026,3,5,15,4,5,9
11,27,2026,3,5,14,2,3,8
11,37,2026,3,5,15,2,1,9
11,46,2026,3,5,8,2,3,8
11,54,2026,3,5,20,4,6,6
12,0,2026,3,5,20,4,0,10
12,8,2026,3,5,8,2,3,9
12,18,2026,3,5,15,2,4,7
12,27,2026,3,5,14,3,5,5
12,37,2026,3,5,15,3,2,6
12,46,2026,3,5,8,5,2,9
12,54,2026,3,5,20,5,3,11
13,0,2026,3,5,20,2,0,13
13,8,2026,3,5,8,3,4,12
13,18,2026,3,5,15,3,4,11
13,27,2026,3,5,14,5,7,9
13,37,2026,3,5,15,2,1,10
13,46,2026,3,5,8,6,5,11
13,54,2026,3,5,20,5,6,10
14,0,2026,3,5,20,2,0,12
14,8,2026,3,5,8,6,4,14
14,18,2026,3,5,15,5,3,16
14,27,2026,3,5,14,3,9,10
14,37,2026,3,5,15,5,1,14
14,46,2026,3,5,8,2,2,14
14,54,2026,3,5,20,6,12,8
15,0,2026,3,5,20,3,0,11
15,8,2026,3,5,8,6,3,14
15,18,2026,3,5,15,4,3,15
15,27,2026,3,5,14,4,9,10
15,37,2026,3,5,15,4,1,13
15,46,2026,3,5,8,3,4,12
15,54,2026,3,5,20,2,10,4
16,0,2026,3,5,20,4,0,8
16,8,2026,3,5,8,6,4,10
16,18,2026,3,5,15,6,4,12
16,27,2026,3,5,14,4,4,12
16,37,2026,3,5,15,4,0,16
16,46,2026,3,5,8,2,6,12
16,54,2026,3,5,20,4,9,7
17,0,2026,3,5,20,5,0,12
17,8,2026,3,5,8,4,3,13
17,18,2026,3,5,15,5,4,14
17,27,2026,3,5,14,4,8,10
17,37,2026,3,5,15,3,1,12
17,46,2026,3,5,8,6,4,14
17,54,2026,3,5,20,4,10,8
18,0,2026,3,5,20,6,0,14
18,8,2026,3,5,8,3,5,12
18,18,2026,3,5,15,5,3,14
18,27,2026,3,5,14,5,8,11
18,37,2026,3,5,15,6,2,15
18,46,2026,3,5,8,5,4,16
18,54,2026,3,5,20,3,10,9
19,0,2026,3,5,20,4,0,13
19,8,2026,3,5,8,3,4,12
19,18,2026,3,5,15,3,5,10
19,27,2026,3,5,14,6,9,7
19,37,2026,3,5,15,5,2,10
19,46,2026,3,5,8,6,4,12
19,54,2026,3,5,20,3,7,8
20,0,2026,3,5,20,5,0,13
20,8,2026,3,5,8,2,5,10
20,18,2026,3,5,15,2,4,8
20,27,2026,3,5,14,3,6,5
20,37,2026,3,5,15,2,2,5
20,46,2026,3,5,8,2,3,4
20,54,2026,3,5,20,2,2,4
21,0,2026,3,5,20,4,0,8
21,8,2026,3,5,8,6,3,11
21,18,2026,3,5,15,5,2,14
21,27,2026,3,5,14,2,10,6
21,37,2026,3,5,15,3,2,7
21,46,2026,3,5,8,2,4,5
21,54,2026,3,5,20,6,3,8
22,0,2026,3,5,20,3,0,11
22,8,2026,3,5,8,3,3,11
22,18,2026,3,5,15,5,6,10
22,27,2026,3,5,14,2,3,9
22,37,2026,3,5,15,5,0,14
22,46,2026,3,5,8,3,8,9
22,54,2026,3,5,20,2,5,6
23,0,2026,3,5,20,4,0,10
23,8,2026,3,5,8,3,3,10
23,18,2026,3,5,15,4,5,9
23,27,2026,3,5,14,5,5,9
23,37,2026,3,5,15,6,2,13
23,46,2026,3,5,8,2,7,8
23,54,2026,3,5,20,0,8,0
6,0,2026,3,6,20,4,0,4
6,8,2026,3,6,8,14,2,16
6,18,2026,3,6,15,19,5,30
6,27,2026,3,6,14,5,14,21
6,37,2026,3,6,15,9,1,29
6,46,2026,3,6,8,21,10,40
6,54,2026,3,6,20,4,20,24
7,0,2026,3,6,20,5,0,29
7,8,2026,3,6,8,7,3,33
7,18,2026,3,6,15,14,15,32
7,27,2026,3,6,14,6,20,18
7,37,2026,3,6,15,19,1,36
7,46,2026,3,6,8,19,19,36
7,54,2026,3,6,20,2,16,22
8,0,2026,3,6,20,3,0,25
8,8,2026,3,6,8,6,1,30
8,18,2026,3,6,15,11,8,33
8,27,2026,3,6,14,15,20,28
8,37,2026,3,6,15,16,7,37
8,46,2026,3,6,8,13,12,38
8,54,2026,3,6,20,4,20,22
9,0,2026,3,6,20,2,0,24
9,8,2026,3,6,8,4,2,26
9,18,2026,3,6,15,4,14,16
9,27,2026,3,6,14,6,14,8
9,37,2026,3,6,15,3,0,11
9,46,2026,3,6,8,6,6,11
9,54,2026,3,6,20,3,6,8
10,0,2026,3,6,20,6,0,14
10,8,2026,3,6,8,5,2,17
10,18,2026,3,6,15,6,7,16
10,27,2026,3,6,14,4,9,11
10,37,2026,3,6,15,5,2,14
10,46,2026,3,6,8,2,3,13
10,54,2026,3,6,20,6,11,8
11,0,2026,3,6,20,5,0,13
11,8,2026,3,6,8,2,4,11
11,18,2026,3,6,15,2,3,10
11,27,2026,3,6,14,5,8,7
11,37,2026,3,6,15,2,0,9
11,46,2026,3,6,8,2,2,9
11,54,2026,3,6,20,2,8,3
12,0,2026,3,6,20,2,0,5
12,8,2026,3,6,8,5,1,9
12,18,2026,3,6,15,3,4,8
12,27,2026,3,6,14,3,6,5
12,37,2026,3,6,15,3,1,7
12,46,2026,3,6,8,3,3,7
12,54,2026,3,6,20,6,5,8
13,0,2026,3,6,20,5,0,13
13,8,2026,3,6,8,2,4,11
13,18,2026,3,6,15,5,7,9
13,27,2026,3,6,14,5,5,9
13,37,2026,3,6,15,3,2,10
13,46,2026,3,6,8,3,5,8
13,54,2026,3,6,20,5,4,9
14,0,2026,3,6,20,3,0,12
14,8,2026,3,6,8,5,1,16
14,18,2026,3,6,15,4,8,12
14,27,2026,3,6,14,2,10,4
14,37,2026,3,6,15,2,1,5
14,46,2026,3,6,8,3,2,6
14,54,2026,3,6,20,5,3,8
15,0,2026,3,6,20,6,0,14
15,8,2026,3,6,8,2,5,11
15,18,2026,3,6,15,3,4,10
15,27,2026,3,6,14,4,7,7
15,37,2026,3,6,15,6,1,12
15,46,2026,3,6,8,4,3,13
15,54,2026,3,6,20,2,8,7
16,0,2026,3,6,20,4,0,11
16,8,2026,3,6,8,4,2,13
16,18,2026,3,6,15,2,5,10
16,27,2026,3,6,14,3,6,7
16,37,2026,3,6,15,6,1,12
16,46,2026,3,6,8,6,4,14
16,54,2026,3,6,20,5,10,9
17,0,2026,3,6,20,3,0,12
17,8,2026,3,6,8,3,3,12
17,18,2026,3,6,15,5,7,10
17,27,2026,3,6,14,6,7,9
17,37,2026,3,6,15,3,1,11
17,46,2026,3,6,8,4,5,10
17,54,2026,3,6,20,2,5,7
18,0,2026,3,6,20,5,0,12
18,8,2026,3,6,8,2,1,13
18,18,2026,3,6,15,5,8,10
18,27,2026,3,6,14,6,5,11
18,37,2026,3,6,15,4,2,13
18,46,2026,3,6,8,2,4,11
18,54,2026,3,6,20,2,8,5
19,0,2026,3,6,20,5,0,10
19,8,2026,3,6,8,3,2,11
19,18,2026,3,6,15,5,7,9
19,27,2026,3,6,14,2,5,6
19,37,2026,3,6,15,2,0,8
19,46,2026,3,6,8,2,3,7
19,54,2026,3,6,20,3,4,6
20,0,2026,3,6,20,5,0,11
20,8,2026,3,6,8,2,2,11
20,18,2026,3,6,15,6,4,13
20,27,2026,3,6,14,2,8,7
20,37,2026,3,6,15,2,0,9
20,46,2026,3,6,8,5,4,10
20,54,2026,3,6,20,2,6,6
21,0,2026,3,6,20,2,0,8
21,8,2026,3,6,8,6,2,12
21,18,2026,3,6,15,2,4,10
21,27,2026,3,6,14,5,4,11
21,37,2026,3,6,15,2,2,11
21,46,2026,3,6,8,5,4,12
21,54,2026,3,6,20,4,10,6
22,0,2026,3,6,20,6,0,12
22,8,2026,3,6,8,3,1,14
22,18,2026,3,6,15,6,7,13
22,27,2026,3,6,14,6,6,13
22,37,2026,3,6,15,6,1,18
22,46,2026,3,6,8,3,4,17
22,54,2026,3,6,20,6,13,10
23,0,2026,3,6,20,6,0,16
23,8,2026,3,6,8,3,4,15
23,18,2026,3,6,15,6,7,14
23,27,2026,3,6,14,4,11,7
23,37,2026,3,6,15,4,2,9
23,46,2026,3,6,8,5,6,8
23,54,2026,3,6,20,0,8,0
6,0,2026,3,7,20,6,0,6
6,8,2026,3,7,8,11,2,15
6,18,2026,3,7,15,15,6,24
6,27,2026,3,7,14,9,7,26
6,37,2026,3,7,15,18,2,42
6,46,2026,3,7,8,21,18,45
6,54,2026,3,7,20,4,20,29
7,0,2026,3,7,20,3,0,32
7,8,2026,3,7,8,13,2,43
7,18,2026,3,7,15,10,16,37
7,27,2026,3,7,14,20,20,37
7,37,2026,3,7,15,8,4,41
7,46,2026,3,7,8,9,18,32
7,54,2026,3,7,20,6,20,18
8,0,2026,3,7,20,5,0,23
8,8,2026,3,7,8,7,5,25
8,18,2026,3,7,15,13,7,31
8,27,2026,3,7,14,11,15,27
8,37,2026,3,7,15,18,4,41
8,46,2026,3,7,8,17,20,38
8,54,2026,3,7,20,3,20,21
9,0,2026,3,7,20,6,0,27
9,8,2026,3,7,8,5,4,28
9,18,2026,3,7,15,5,10,23
9,27,2026,3,7,14,6,16,13
9,37,2026,3,7,15,6,0,19
9,46,2026,3,7,8,2,5,16
9,54,2026,3,7,20,2,15,3
10,0,2026,3,7,20,3,0,6
10,8,2026,3,7,8,3,1,8
10,18,2026,3,7,15,5,2,11
10,27,2026,3,7,14,4,7,8
10,37,2026,3,7,15,3,1,10
10,46,2026,3,7,8,6,5,11
10,54,2026,3,7,20,2,8,5
11,0,2026,3,7,20,5,0,10
11,8,2026,3,7,8,2,3,9
11,18,2026,3,7,15,2,5,6
11,27,2026,3,7,14,4,4,6
11,37,2026,3,7,15,5,2,9
11,46,2026,3,7,8,2,6,5
11,54,2026,3,7,20,5,2,8
12,0,2026,3,7,20,6,0,14
12,8,2026,3,7,8,2,3,13
12,18,2026,3,7,15,3,8,8
12,27,2026,3,7,14,4,5,7
12,37,2026,3,7,15,2,3,6
12,46,2026,3,7,8,4,0,10
12,54,2026,3,7,20,3,7,6
13,0,2026,3,7,20,3,0,9
13,8,2026,3,7,8,6,1,14
13,18,2026,3,7,15,4,7,11
13,27,2026,3,7,14,4,6,9
13,37,2026,3,7,15,6,2,13
13,46,2026,3,7,8,4,8,9
13,54,2026,3,7,20,4,4,9
14,0,2026,3,7,20,2,0,11
14,8,2026,3,7,8,6,1,16
14,18,2026,3,7,15,2,3,15
14,27,2026,3,7,14,3,12,6
14,37,2026,3,7,15,5,1,10
14,46,2026,3,7,8,5,4,11
14,54,2026,3,7,20,4,7,8
15,0,2026,3,7,20,4,0,12
15,8,2026,3,7,8,2,6,8
15,18,2026,3,7,15,2,5,5
15,27,2026,3,7,14,5,3,7
15,37,2026,3,7,15,3,2,8
15,46,2026,3,7,8,2,4,6
15,54,2026,3,7,20,5,5,6
16,0,2026,3,7,20,6,0,12
16,8,2026,3,7,8,6,3,15
16,18,2026,3,7,15,4,5,14
16,27,2026,3,7,14,5,11,8
16,37,2026,3,7,15,2,3,7
16,46,2026,3,7,8,5,2,10
16,54,2026,3,7,20,3,7,6
17,0,2026,3,7,20,6,0,12
17,8,2026,3,7,8,2,2,12
17,18,2026,3,7,15,5,6,11
17,27,2026,3,7,14,3,9,5
17,37,2026,3,7,15,4,2,7
17,46,2026,3,7,8,6,1,12
17,54,2026,3,7,20,4,8,8
18,0,2026,3,7,20,4,0,12
18,8,2026,3,7,8,3,1,14
18,18,2026,3,7,15,4,8,10
18,27,2026,3,7,14,6,6,10
18,37,2026,3,7,15,5,3,12
18,46,2026,3,7,8,4,9,7
18,54,2026,3,7,20,6,4,9
19,0,2026,3,7,20,6,0,15
19,8,2026,3,7,8,5,4,16
19,18,2026,3,7,15,5,6,15
19,27,2026,3,7,14,4,12,7
19,37,2026,3,7,15,5,1,11
19,46,2026,3,7,8,4,5,10
19,54,2026,3,7,20,6,9,7
20,0,2026,3,7,20,6,0,13
20,8,2026,3,7,8,3,7,9
20,18,2026,3,7,15,2,2,9
20,27,2026,3,7,14,6,5,10
20,37,2026,3,7,15,4,4,10
20,46,2026,3,7,8,3,4,9
20,54,2026,3,7,20,5,6,8
21,0,2026,3,7,20,3,0,11
21,8,2026,3,7,8,2,2,11
21,18,2026,3,7,15,3,5,9
21,27,2026,3,7,14,2,7,4
21,37,2026,3,7,15,3,0,7
21,46,2026,3,7,8,4,3,8
21,54,2026,3,7,20,4,2,10
22,0,2026,3,7,20,6,0,16
22,8,2026,3,7,8,4,6,14
22,18,2026,3,7,15,2,3,13
22,27,2026,3,7,14,4,10,7
22,37,2026,3,7,15,2,1,8
22,46,2026,3,7,8,5,5,8
22,54,2026,3,7,20,3,6,5
23,0,2026,3,7,20,4,0,9
23,8,2026,3,7,8,6,3,12
23,18,2026,3,7,15,6,5,13
23,27,2026,3,7,14,5,7,11
23,37,2026,3,7,15,2,0,13
23,46,2026,3,7,8,3,5,11
23,54,2026,3,7,20,0,11,0
6,0,2026,3,8,20,6,0,6
6,8,2026,3,8,8,13,2,17
6,18,2026,3,8,15,19,6,30
6,27,2026,3,8,14,15,9,36
6,37,2026,3,8,15,19,4,51
6,46,2026,3,8,8,10,20,41
6,54,2026,3,8,20,3,20,24
7,0,2026,3,8,20,3,0,27
7,8,2026,3,8,8,19,2,44
7,18,2026,3,8,15,17,15,46
7,27,2026,3,8,14,14,20,40
7,37,2026,3,8,15,20,4,56
7,46,2026,3,8,8,12,20,48
7,54,2026,3,8,20,6,20,34
8,0,2026,3,8,20,2,0,36
8,8,2026,3,8,8,5,4,37
8,18,2026,3,8,15,20,14,43
8,27,2026,3,8,14,19,20,42
8,37,2026,3,8,15,11,7,46
8,46,2026,3,8,8,13,20,39
8,54,2026,3,8,20,4,20,23
9,0,2026,3,8,20,4,0,27
9,8,2026,3,8,8,6,3,30
9,18,2026,3,8,15,4,14,20
9,27,2026,3,8,14,4,17,7
9,37,2026,3,8,15,5,2,10
9,46,2026,3,8,8,6,3,13
9,54,2026,3,8,20,2,10,5
10,0,2026,3,8,20,6,0,11
10,8,2026,3,8,8,6,5,12
10,18,2026,3,8,15,3,3,12
10,27,2026,3,8,14,3,8,7
10,37,2026,3,8,15,6,1,12
10,46,2026,3,8,8,6,4,14
10,54,2026,3,8,20,6,9,11
11,0,2026,3,8,20,5,0,16
11,8,2026,3,8,8,3,3,16
11,18,2026,3,8,15,6,7,15
11,27,2026,3,8,14,2,11,6
11,37,2026,3,8,15,6,0,12
11,46,2026,3,8,8,3,3,12
11,54,2026,3,8,20,6,9,9
12,0,2026,3,8,20,3,0,12
12,8,2026,3,8,8,2,4,10
12,18,2026,3,8,15,5,3,12
12,27,2026,3,8,14,4,8,8
12,37,2026,3,8,15,4,1,11
12,46,2026,3,8,8,5,5,11
12,54,2026,3,8,20,4,6,9
13,0,2026,3,8,20,4,0,13
13,8,2026,3,8,8,6,3,16
13,18,2026,3,8,15,5,3,18
13,27,2026,3,8,14,4,13,9
13,37,2026,3,8,15,6,3,12
13,46,2026,3,8,8,6,4,14
13,54,2026,3,8,20,4,7,11
14,0,2026,3,8,20,6,0,17
14,8,2026,3,8,8,5,5,17
14,18,2026,3,8,15,3,7,13
14,27,2026,3,8,14,5,8,10
14,37,2026,3,8,15,5,3,12
14,46,2026,3,8,8,6,6,12
14,54,2026,3,8,20,3,7,8
15,0,2026,3,8,20,6,0,14
15,8,2026,3,8,8,5,5,14
15,18,2026,3,8,15,2,7,9
15,27,2026,3,8,14,5,6,8
15,37,2026,3,8,15,2,3,7
15,46,2026,3,8,8,4,0,11
15,54,2026,3,8,20,2,8,5
16,0,2026,3,8,20,6,0,11
16,8,2026,3,8,8,2,4,9
16,18,2026,3,8,15,5,5,9
16,27,2026,3,8,14,5,4,10
16,37,2026,3,8,15,3,1,12
16,46,2026,3,8,8,3,6,9
16,54,2026,3,8,20,6,6,9
17,0,2026,3,8,20,3,0,12
17,8,2026,3,8,8,6,2,16
17,18,2026,3,8,15,5,6,15
17,27,2026,3,8,14,4,8,11
17,37,2026,3,8,15,5,2,14
17,46,2026,3,8,8,3,4,13
17,54,2026,3,8,20,6,13,6
18,0,2026,3,8,20,4,0,10
18,8,2026,3,8,8,2,3,9
18,18,2026,3,8,15,6,4,11
18,27,2026,3,8,14,4,6,9
18,37,2026,3,8,15,6,1,14
18,46,2026,3,8,8,6,5,15
18,54,2026,3,8,20,3,8,10
19,0,2026,3,8,20,2,0,12
19,8,2026,3,8,8,2,5,9
19,18,2026,3,8,15,3,2,10
19,27,2026,3,8,14,5,6,9
19,37,2026,3,8,15,6,3,12
19,46,2026,3,8,8,6,7,11
19,54,2026,3,8,20,3,7,7
20,0,2026,3,8,20,6,0,13
20,8,2026,3,8,8,6,5,14
20,18,2026,3,8,15,5,8,11
20,27,2026,3,8,14,4,5,10
20,37,2026,3,8,15,6,2,14
20,46,2026,3,8,8,5,4,15
20,54,2026,3,8,20,4,9,10
21,0,2026,3,8,20,2,0,12
21,8,2026,3,8,8,3,2,13
21,18,2026,3,8,15,6,4,15
21,27,2026,3,8,14,4,11,8
21,37,2026,3,8,15,3,2,9
21,46,2026,3,8,8,3,4,8
21,54,2026,3,8,20,3,4,7
22,0,2026,3,8,20,6,0,13
22,8,2026,3,8,8,3,3,13
22,18,2026,3,8,15,2,3,12
22,27,2026,3,8,14,3,9,6
22,37,2026,3,8,15,6,2,10
22,46,2026,3,8,8,6,5,11
22,54,2026,3,8,20,3,3,11
23,0,2026,3,8,20,6,0,17
23,8,2026,3,8,8,6,4,19
23,18,2026,3,8,15,6,10,15
23,27,2026,3,8,14,4,10,9
23,37,2026,3,8,15,4,2,11
23,46,2026,3,8,8,5,5,11
23,54,2026,3,8,20,0,11,0
6,0,2026,3,9,20,2,0,2
6,8,2026,3,9,8,7,2,7
6,18,2026,3,9,15,12,1,18
6,27,2026,3,9,14,8,8,18
6,37,2026,3,9,15,15,4,29
6,46,2026,3,9,8,7,13,23
6,54,2026,3,9,20,5,14,14
7,0,2026,3,9,20,4,0,18
7,8,2026,3,9,8,9,5,22
7,18,2026,3,9,15,9,9,22
7,27,2026,3,9,14,21,11,32
7,37,2026,3,9,15,10,4,38
7,46,2026,3,9,8,7,14,31
7,54,2026,3,9,20,6,20,17
8,0,2026,3,9,20,5,0,22
8,8,2026,3,9,8,19,3,38
8,18,2026,3,9,15,20,11,47
8,27,2026,3,9,14,19,20,46
8,37,2026,3,9,15,18,7,57
8,46,2026,3,9,8,22,20,59
8,54,2026,3,9,20,3,20,42
9,0,2026,3,9,20,5,0,47
9,8,2026,3,9,8,5,7,45
9,18,2026,3,9,15,6,20,31
9,27,2026,3,9,14,6,20,17
9,37,2026,3,9,15,4,4,17
9,46,2026,3,9,8,6,6,17
9,54,2026,3,9,20,2,12,7
10,0,2026,3,9,20,6,0,13
10,8,2026,3,9,8,6,2,17
10,18,2026,3,9,15,5,8,14
10,27,2026,3,9,14,2,7,9
10,37,2026,3,9,15,6,0,15
10,46,2026,3,9,8,4,6,13
10,54,2026,3,9,20,6,9,10
11,0,2026,3,9,20,6,0,16
11,8,2026,3,9,8,4,3,17
11,18,2026,3,9,15,4,4,17
11,27,2026,3,9,14,4,11,10
11,37,2026,3,9,15,3,1,12
11,46,2026,3,9,8,6,4,14
11,54,2026,3,9,20,5,11,8
12,0,2026,3,9,20,6,0,14
12,8,2026,3,9,8,2,4,12
12,18,2026,3,9,15,3,8,7
12,27,2026,3,9,14,2,4,5
12,37,2026,3,9,15,6,0,11
12,46,2026,3,9,8,4,4,11
12,54,2026,3,9,20,5,6,10
13,0,2026,3,9,20,3,0,13
13,8,2026,3,9,8,3,4,12
13,18,2026,3,9,15,2,6,8
13,27,2026,3,9,14,6,4,10
13,37,2026,3,9,15,3,4,9
13,46,2026,3,9,8,3,1,11
13,54,2026,3,9,20,4,9,6
14,0,2026,3,9,20,5,0,11
14,8,2026,3,9,8,5,1,15
14,18,2026,3,9,15,2,6,11
14,27,2026,3,9,14,4,9,6
14,37,2026,3,9,15,6,1,11
14,46,2026,3,9,8,6,4,13
14,54,2026,3,9,20,3,8,8
15,0,2026,3,9,20,3,0,11
15,8,2026,3,9,8,4,3,12
15,18,2026,3,9,15,6,4,14
15,27,2026,3,9,14,3,8,9
15,37,2026,3,9,15,4,0,13
15,46,2026,3,9,8,2,10,5
15,54,2026,3,9,20,5,3,7
16,0,2026,3,9,20,3,0,10
16,8,2026,3,9,8,2,3,9
16,18,2026,3,9,15,2,4,7
16,27,2026,3,9,14,4,5,6
16,37,2026,3,9,15,2,1,7
16,46,2026,3,9,8,3,3,7
16,54,2026,3,9,20,5,4,8
17,0,2026,3,9,20,3,0,11
17,8,2026,3,9,8,2,5,8
17,18,2026,3,9,15,5,2,11
17,27,2026,3,9,14,5,6,10
17,37,2026,3,9,15,2,1,11
17,46,2026,3,9,8,5,2,14
17,54,2026,3,9,20,5,11,8
18,0,2026,3,9,20,6,0,14
18,8,2026,3,9,8,3,4,13
18,18,2026,3,9,15,6,7,12
18,27,2026,3,9,14,6,8,10
18,37,2026,3,9,15,4,2,12
18,46,2026,3,9,8,6,5,13
18,54,2026,3,9,20,3,10,6
19,0,2026,3,9,20,6,0,12
19,8,2026,3,9,8,4,1,15
19,18,2026,3,9,15,3,3,15
19,27,2026,3,9,14,5,9,11
19,37,2026,3,9,15,5,3,13
19,46,2026,3,9,8,5,4,14
19,54,2026,3,9,20,4,11,7
20,0,2026,3,9,20,2,0,9
20,8,2026,3,9,8,2,1,10
20,18,2026,3,9,15,6,3,13
20,27,2026,3,9,14,6,7,12
20,37,2026,3,9,15,4,1,15
20,46,2026,3,9,8,3,9,9
20,54,2026,3,9,20,2,8,3
21,0,2026,3,9,20,4,0,7
21,8,2026,3,9,8,5,3,9
21,18,2026,3,9,15,5,5,9
21,27,2026,3,9,14,4,5,8
21,37,2026,3,9,15,6,1,13
21,46,2026,3,9,8,2,5,10
21,54,2026,3,9,20,3,6,7
22,0,2026,3,9,20,4,0,11
22,8,2026,3,9,8,4,5,10
22,18,2026,3,9,15,5,5,10
22,27,2026,3,9,14,4,8,6
22,37,2026,3,9,15,4,0,10
22,46,2026,3,9,8,4,6,8
22,54,2026,3,9,20,2,5,5
23,0,2026,3,9,20,3,0,8
23,8,2026,3,9,8,2,1,9
23,18,2026,3,9,15,3,5,7
23,27,2026,3,9,14,6,6,7
23,37,2026,3,9,15,2,3,6
23,46,2026,3,9,8,3,5,4
23,54,2026,3,9,20,0,4,0
6,0,2026,3,10,20,4,0,4
6,8,2026,3,10,8,18,1,21
6,18,2026,3,10,15,7,6,22
6,27,2026,3,10,14,22,10,34
6,37,2026,3,10,15,19,9,44
6,46,2026,3,10,8,13,15,42
6,54,2026,3,10,20,5,20,27
7,0,2026,3,10,20,6,0,33
7,8,2026,3,10,8,8,5,36
7,18,2026,3,10,15,16,13,39
7,27,2026,3,10,14,18,20,37
7,37,2026,3,10,15,20,7,50
7,46,2026,3,10,8,16,20,46
7,54,2026,3,10,20,2,20,28
8,0,2026,3,10,20,3,0,31
8,8,2026,3,10,8,7,2,36
8,18,2026,3,10,15,13,10,39
8,27,2026,3,10,14,15,20,34
8,37,2026,3,10,15,15,8,41
8,46,2026,3,10,8,22,15,48
8,54,2026,3,10,20,6,20,34
9,0,2026,3,10,20,2,0,36
9,8,2026,3,10,8,2,2,36
9,18,2026,3,10,15,6,15,27
9,27,2026,3,10,14,3,20,10
9,37,2026,3,10,15,6,1,15
9,46,2026,3,10,8,5,7,13
9,54,2026,3,10,20,3,12,4
10,0,2026,3,10,20,2,0,6
10,8,2026,3,10,8,4,2,8
10,18,2026,3,10,15,2,4,6
10,27,2026,3,10,14,5,3,8
10,37,2026,3,10,15,3,1,10
10,46,2026,3,10,8,5,1,14
10,54,2026,3,10,20,6,7,13
11,0,2026,3,10,20,4,0,17
11,8,2026,3,10,8,4,5,16
11,18,2026,3,10,15,6,1,21
11,27,2026,3,10,14,3,16,8
11,37,2026,3,10,15,3,1,10
11,46,2026,3,10,8,6,2,14
11,54,2026,3,10,20,6,10,10
12,0,2026,3,10,20,2,0,12
12,8,2026,3,10,8,5,3,14
12,18,2026,3,10,15,5,5,14
12,27,2026,3,10,14,6,9,11
12,37,2026,3,10,15,5,2,14
12,46,2026,3,10,8,5,8,11
12,54,2026,3,10,20,6,7,10
13,0,2026,3,10,20,4,0,14
13,8,2026,3,10,8,2,4,12
13,18,2026,3,10,15,6,5,13
13,27,2026,3,10,14,2,6,9
13,37,2026,3,10,15,2,0,11
13,46,2026,3,10,8,4,5,10
13,54,2026,3,10,20,6,6,10
14,0,2026,3,10,20,4,0,14
14,8,2026,3,10,8,2,3,13
14,18,2026,3,10,15,2,4,11
14,27,2026,3,10,14,6,9,8
14,37,2026,3,10,15,6,2,12
14,46,2026,3,10,8,6,4,14
14,54,2026,3,10,20,3,7,10
15,0,2026,3,10,20,3,0,13
15,8,2026,3,10,8,4,3,14
15,18,2026,3,10,15,2,4,12
15,27,2026,3,10,14,5,10,7
15,37,2026,3,10,15,2,2,7
15,46,2026,3,10,8,5,5,7
15,54,2026,3,10,20,2,5,4
16,0,2026,3,10,20,3,0,7
16,8,2026,3,10,8,5,2,10
16,18,2026,3,10,15,3,3,10
16,27,2026,3,10,14,2,9,3
16,37,2026,3,10,15,4,1,6
16,46,2026,3,10,8,6,2,10
16,54,2026,3,10,20,3,5,8
17,0,2026,3,10,20,4,0,12
17,8,2026,3,10,8,6,3,15
17,18,2026,3,10,15,3,4,14
17,27,2026,3,10,14,3,11,6
17,37,2026,3,10,15,2,2,6
17,46,2026,3,10,8,5,4,7
17,54,2026,3,10,20,5,1,11
18,0,2026,3,10,20,3,0,14
18,8,2026,3,10,8,3,3,14
18,18,2026,3,10,15,2,6,10
18,27,2026,3,10,14,2,8,4
18,37,2026,3,10,15,6,2,8
18,46,2026,3,10,8,4,4,8
18,54,2026,3,10,20,6,3,11
19,0,2026,3,10,20,6,0,17
19,8,2026,3,10,8,5,3,19
19,18,2026,3,10,15,6,10,15
19,27,2026,3,10,14,3,8,10
19,37,2026,3,10,15,4,1,13
19,46,2026,3,10,8,5,4,14
19,54,2026,3,10,20,2,9,7
20,0,2026,3,10,20,5,0,12
20,8,2026,3,10,8,2,2,12
20,18,2026,3,10,15,6,7,11
20,27,2026,3,10,14,4,8,7
20,37,2026,3,10,15,6,3,10
20,46,2026,3,10,8,6,5,11
20,54,2026,3,10,20,3,4,10
21,0,2026,3,10,20,3,0,13
21,8,2026,3,10,8,6,3,16
21,18,2026,3,10,15,3,3,16
21,27,2026,3,10,14,4,10,10
21,37,2026,3,10,15,2,1,11
21,46,2026,3,10,8,3,2,12
21,54,2026,3,10,20,4,10,6
22,0,2026,3,10,20,2,0,8
22,8,2026,3,10,8,5,3,10
22,18,2026,3,10,15,3,3,10
22,27,2026,3,10,14,6,8,8
22,37,2026,3,10,15,6,2,12
22,46,2026,3,10,8,5,8,9
22,54,2026,3,10,20,6,7,8
23,0,2026,3,10,20,3,0,11
23,8,2026,3,10,8,5,3,13
23,18,2026,3,10,15,5,3,15
23,27,2026,3,10,14,5,8,12
23,37,2026,3,10,15,2,1,13
23,46,2026,3,10,8,4,5,12
23,54,2026,3,10,20,0,12,0
6,0,2026,3,11,20,2,0,2
6,8,2026,3,11,8,13,0,15
6,18,2026,3,11,15,17,5,27
6,27,2026,3,11,14,8,12,23
6,37,2026,3,11,15,8,2,29
6,46,2026,3,11,8,7,14,22
6,54,2026,3,11,20,3,13,12
7,0,2026,3,11,20,3,0,15
7,8,2026,3,11,8,7,2,20
7,18,2026,3,11,15,9,10,19
7,27,2026,3,11,14,13,13,19
7,37,2026,3,11,15,9,5,23
7,46,2026,3,11,8,10,7,26
7,54,2026,3,11,20,2,19,9
8,0,2026,3,11,20,5,0,14
8,8,2026,3,11,8,12,0,26
8,18,2026,3,11,15,18,9,35
8,27,2026,3,11,14,9,18,26
8,37,2026,3,11,15,10,2,34
8,46,2026,3,11,8,12,9,37
8,54,2026,3,11,20,6,20,23
9,0,2026,3,11,20,4,0,27
9,8,2026,3,11,8,3,2,28
9,18,2026,3,11,15,6,7,27
9,27,2026,3,11,14,2,20,9
9,37,2026,3,11,15,3,1,11
9,46,2026,3,11,8,6,5,12
9,54,2026,3,11,20,4,7,9
10,0,2026,3,11,20,2,0,11
10,8,2026,3,11,8,3,1,13
10,18,2026,3,11,15,5,8,10
10,27,2026,3,11,14,2,6,6
10,37,2026,3,11,15,4,0,10
10,46,2026,3,11,8,4,3,11
10,54,2026,3,11,20,6,7,10
11,0,2026,3,11,20,2,0,12
11,8,2026,3,11,8,4,3,13
11,18,2026,3,11,15,4,6,11
11,27,2026,3,11,14,3,6,8
11,37,2026,3,11,15,5,1,12
11,46,2026,3,11,8,5,4,13
11,54,2026,3,11,20,5,9,9
12,0,2026,3,11,20,2,0,11
12,8,2026,3,11,8,6,2,15
12,18,2026,3,11,15,6,5,16
12,27,2026,3,11,14,3,12,7
12,37,2026,3,11,15,5,0,12
12,46,2026,3,11,8,3,3,12
12,54,2026,3,11,20,3,7,8
13,0,2026,3,11,20,6,0,14
13,8,2026,3,11,8,6,2,18
13,18,2026,3,11,15,4,6,16
13,27,2026,3,11,14,2,9,9
13,37,2026,3,11,15,2,0,11
13,46,2026,3,11,8,3,1,13
13,54,2026,3,11,20,4,10,7
14,0,2026,3,11,20,6,0,13
14,8,2026,3,11,8,2,4,11
14,18,2026,3,11,15,4,5,10
14,27,2026,3,11,14,4,8,6
14,37,2026,3,11,15,4,3,7
14,46,2026,3,11,8,3,2,8
14,54,2026,3,11,20,2,5,5
15,0,2026,3,11,20,4,0,9
15,8,2026,3,11,8,2,2,9
15,18,2026,3,11,15,5,4,10
15,27,2026,3,11,14,6,6,10
15,37,2026,3,11,15,2,2,10
15,46,2026,3,11,8,4,5,9
15,54,2026,3,11,20,2,5,6
16,0,2026,3,11,20,4,0,10
16,8,2026,3,11,8,3,0,13
16,18,2026,3,11,15,2,7,8
16,27,2026,3,11,14,6,5,9
16,37,2026,3,11,15,5,2,12
16,46,2026,3,11,8,5,5,12
16,54,2026,3,11,20,6,7,11
17,0,2026,3,11,20,3,0,14
17,8,2026,3,11,8,6,2,18
17,18,2026,3,11,15,4,10,12
17,27,2026,3,11,14,6,8,10
17,37,2026,3,11,15,4,1,13
17,46,2026,3,11,8,3,5,11
17,54,2026,3,11,20,3,7,7
18,0,2026,3,11,20,5,0,12
18,8,2026,3,11,8,5,3,14
18,18,2026,3,11,15,2,5,11
18,27,2026,3,11,14,4,6,9
18,37,2026,3,11,15,3,3,9
18,46,2026,3,11,8,6,2,13
18,54,2026,3,11,20,2,8,7
19,0,2026,3,11,20,5,0,12
19,8,2026,3,11,8,3,2,13
19,18,2026,3,11,15,6,6,13
19,27,2026,3,11,14,3,6,10
19,37,2026,3,11,15,2,1,11
19,46,2026,3,11,8,2,4,9
19,54,2026,3,11,20,4,7,6
20,0,2026,3,11,20,2,0,8
20,8,2026,3,11,8,4,1,11
20,18,2026,3,11,15,3,6,8
20,27,2026,3,11,14,6,4,10
20,37,2026,3,11,15,4,2,12
20,46,2026,3,11,8,6,3,15
20,54,2026,3,11,20,4,10,9
21,0,2026,3,11,20,3,0,12
21,8,2026,3,11,8,5,4,13
21,18,2026,3,11,15,3,6,10
21,27,2026,3,11,14,5,6,9
21,37,2026,3,11,15,4,2,11
21,46,2026,3,11,8,4,2,13
21,54,2026,3,11,20,2,8,7
22,0,2026,3,11,20,4,0,11
22,8,2026,3,11,8,2,2,11
22,18,2026,3,11,15,4,5,10
22,27,2026,3,11,14,3,5,8
22,37,2026,3,11,15,5,2,11
22,46,2026,3,11,8,5,2,14
22,54,2026,3,11,20,4,8,10
23,0,2026,3,11,20,6,0,16
23,8,2026,3,11,8,5,1,20
23,18,2026,3,11,15,5,6,19
23,27,2026,3,11,14,6,14,11
23,37,2026,3,11,15,5,1,15
23,46,2026,3,11,8,2,6,11
23,54,2026,3,11,20,0,11,0
6,0,2026,3,12,20,4,0,4
6,8,2026,3,12,8,9,0,13
6,18,2026,3,12,15,19,2,30
6,27,2026,3,12,14,13,12,31
6,37,2026,3,12,15,19,6,44
6,46,2026,3,12,8,21,17,48
6,54,2026,3,12,20,2,20,30
7,0,2026,3,12,20,2,0,32
7,8,2026,3,12,8,20,1,51
7,18,2026,3,12,15,11,20,42
7,27,2026,3,12,14,16,20,38
7,37,2026,3,12,15,14,7,45
7,46,2026,3,12,8,7,19,33
7,54,2026,3,12,20,4,20,17
8,0,2026,3,12,20,2,0,19
8,8,2026,3,12,8,20,1,38
8,18,2026,3,12,15,17,14,41
8,27,2026,3,12,14,14,20,35
8,37,2026,3,12,15,16,6,45
8,46,2026,3,12,8,7,18,34
8,54,2026,3,12,20,6,20,20
9,0,2026,3,12,20,3,0,23
9,8,2026,3,12,8,4,3,24
9,18,2026,3,12,15,3,6,21
9,27,2026,3,12,14,2,18,5
9,37,2026,3,12,15,5,1,9
9,46,2026,3,12,8,4,4,9
9,54,2026,3,12,20,5,4,10
10,0,2026,3,12,20,3,0,13
10,8,2026,3,12,8,6,2,17
10,18,2026,3,12,15,2,9,10
10,27,2026,3,12,14,5,6,9
10,37,2026,3,12,15,4,5,8
10,46,2026,3,12,8,4,4,8
10,54,2026,3,12,20,4,3,9
11,0,2026,3,12,20,4,0,13
11,8,2026,3,12,8,4,3,14
11,18,2026,3,12,15,3,4,13
11,27,2026,3,12,14,3,10,6
11,37,2026,3,12,15,3,0,9
11,46,2026,3,12,8,6,5,10
11,54,2026,3,12,20,2,5,7
12,0,2026,3,12,20,6,0,13
12,8,2026,3,12,8,6,1,18
12,18,2026,3,12,15,3,8,13
12,27,2026,3,12,14,2,8,7
12,37,2026,3,12,15,5,2,10
12,46,2026,3,12,8,6,2,14
12,54,2026,3,12,20,6,7,13
13,0,2026,3,12,20,2,0,15
13,8,2026,3,12,8,5,1,19
13,18,2026,3,12,15,5,5,19
13,27,2026,3,12,14,2,12,9
13,37,2026,3,12,15,2,0,11
13,46,2026,3,12,8,6,4,13
13,54,2026,3,12,20,5,8,10
14,0,2026,3,12,20,4,0,14
14,8,2026,3,12,8,5,4,15
14,18,2026,3,12,15,2,7,10
14,27,2026,3,12,14,3,4,9
14,37,2026,3,12,15,2,0,11
14,46,2026,3,12,8,4,1,14
14,54,2026,3,12,20,3,10,7
15,0,2026,3,12,20,5,0,12
15,8,2026,3,12,8,2,1,13
15,18,2026,3,12,15,5,2,16
15,27,2026,3,12,14,3,12,7
15,37,2026,3,12,15,6,1,12
15,46,2026,3,12,8,4,4,12
15,54,2026,3,12,20,5,9,8
16,0,2026,3,12,20,2,0,10
16,8,2026,3,12,8,3,4,9
16,18,2026,3,12,15,3,4,8
16,27,2026,3,12,14,5,6,7
16,37,2026,3,12,15,5,1,11
16,46,2026,3,12,8,3,4,10
16,54,2026,3,12,20,5,5,10
17,0,2026,3,12,20,4,0,14
17,8,2026,3,12,8,5,1,18
17,18,2026,3,12,15,4,8,14
17,27,2026,3,12,14,2,8,8
17,37,2026,3,12,15,3,2,9
17,46,2026,3,12,8,5,4,10
17,54,2026,3,12,20,5,7,8
18,0,2026,3,12,20,2,0,10
18,8,2026,3,12,8,4,0,14
18,18,2026,3,12,15,6,7,13
18,27,2026,3,12,14,3,8,8
18,37,2026,3,12,15,4,1,11
18,46,2026,3,12,8,6,5,12
18,54,2026,3,12,20,5,9,8
19,0,2026,3,12,20,6,0,14
19,8,2026,3,12,8,4,6,12
19,18,2026,3,12,15,6,1,17
19,27,2026,3,12,14,4,10,11
19,37,2026,3,12,15,2,0,13
19,46,2026,3,12,8,6,6,13
19,54,2026,3,12,20,4,8,9
20,0,2026,3,12,20,5,0,14
20,8,2026,3,12,8,5,0,19
20,18,2026,3,12,15,5,9,15
20,27,2026,3,12,14,2,9,8
20,37,2026,3,12,15,4,0,12
20,46,2026,3,12,8,3,5,10
20,54,2026,3,12,20,5,8,7
21,0,2026,3,12,20,6,0,13
21,8,2026,3,12,8,2,3,12
21,18,2026,3,12,15,5,5,12
21,27,2026,3,12,14,4,8,8
21,37,2026,3,12,15,4,0,12
21,46,2026,3,12,8,4,3,13
21,54,2026,3,12,20,2,10,5
22,0,2026,3,12,20,3,0,8
22,8,2026,3,12,8,3,1,10
22,18,2026,3,12,15,3,3,10
22,27,2026,3,12,14,3,6,7
22,37,2026,3,12,15,5,0,12
22,46,2026,3,12,8,4,6,10
22,54,2026,3,12,20,3,4,9
23,0,2026,3,12,20,5,0,14
23,8,2026,3,12,8,2,2,14
23,18,2026,3,12,15,4,5,13
23,27,2026,3,12,14,5,9,9
23,37,2026,3,12,15,3,3,9
23,46,2026,3,12,8,2,3,8
23,54,2026,3,12,20,0,8,0
6,0,2026,3,13,20,3,0,3
6,8,2026,3,13,8,20,0,23
6,18,2026,3,13,15,9,8,24
6,27,2026,3,13,14,17,11,30
6,37,2026,3,13,15,7,5,32
6,46,2026,3,13,8,16,12,36
6,54,2026,3,13,20,3,20,19
7,0,2026,3,13,20,3,0,22
7,8,2026,3,13,8,7,3,26
7,18,2026,3,13,15,20,18,28
7,27,2026,3,13,14,7,11,24
7,37,2026,3,13,15,5,3,26
7,46,2026,3,13,8,13,13,26
7,54,2026,3,13,20,4,16,14
8,0,2026,3,13,20,3,0,17
8,8,2026,3,13,8,9,2,24
8,18,2026,3,13,15,11,9,26
8,27,2026,3,13,14,6,16,16
8,37,2026,3,13,15,15,2,29
8,46,2026,3,13,8,11,9,31
8,54,2026,3,13,20,6,20,17
9,0,2026,3,13,20,2,0,19
9,8,2026,3,13,8,4,5,18
9,18,2026,3,13,15,5,6,17
9,27,2026,3,13,14,5,14,8
9,37,2026,3,13,15,5,1,12
9,46,2026,3,13,8,5,6,11
9,54,2026,3,13,20,6,4,13
10,0,2026,3,13,20,2,0,15
10,8,2026,3,13,8,6,2,19
10,18,2026,3,13,15,2,6,15
10,27,2026,3,13,14,6,14,7
10,37,2026,3,13,15,3,2,8
10,46,2026,3,13,8,6,4,10
10,54,2026,3,13,20,3,7,6
11,0,2026,3,13,20,4,0,10
11,8,2026,3,13,8,6,2,14
11,18,2026,3,13,15,4,7,11
11,27,2026,3,13,14,2,7,6
11,37,2026,3,13,15,5,2,9
11,46,2026,3,13,8,6,2,13
11,54,2026,3,13,20,4,5,12
12,0,2026,3,13,20,3,0,15
12,8,2026,3,13,8,5,4,16
12,18,2026,3,13,15,3,4,15
12,27,2026,3,13,14,6,11,10
12,37,2026,3,13,15,6,2,14
12,46,2026,3,13,8,6,3,17
12,54,2026,3,13,20,5,10,12
13,0,2026,3,13,20,2,0,14
13,8,2026,3,13,8,2,3,13
13,18,2026,3,13,15,6,5,14
13,27,2026,3,13,14,6,10,10
13,37,2026,3,13,15,5,2,13
13,46,2026,3,13,8,3,4,12
13,54,2026,3,13,20,5,9,8
14,0,2026,3,13,20,3,0,11
14,8,2026,3,13,8,2,1,12
14,18,2026,3,13,15,3,6,9
14,27,2026,3,13,14,5,6,8
14,37,2026,3,13,15,3,3,8
14,46,2026,3,13,8,2,4,6
14,54,2026,3,13,20,6,4,8
15,0,2026,3,13,20,2,0,10
15,8,2026,3,13,8,4,3,11
15,18,2026,3,13,15,6,2,15
15,27,2026,3,13,14,3,9,9
15,37,2026,3,13,15,3,1,11
15,46,2026,3,13,8,5,2,14
15,54,2026,3,13,20,2,8,8
16,0,2026,3,13,20,3,0,11
16,8,2026,3,13,8,6,1,16
16,18,2026,3,13,15,3,7,12
16,27,2026,3,13,14,6,5,13
16,37,2026,3,13,15,2,0,15
16,46,2026,3,13,8,2,5,12
16,54,2026,3,13,20,6,10,8
17,0,2026,3,13,20,3,0,11
17,8,2026,3,13,8,4,3,12
17,18,2026,3,13,15,5,4,13
17,27,2026,3,13,14,3,8,8
17,37,2026,3,13,15,4,1,11
17,46,2026,3,13,8,5,6,10
17,54,2026,3,13,20,6,6,10
18,0,2026,3,13,20,2,0,12
18,8,2026,3,13,8,6,3,15
18,18,2026,3,13,15,6,8,13
18,27,2026,3,13,14,6,10,9
18,37,2026,3,13,15,4,1,12
18,46,2026,3,13,8,6,5,13
18,54,2026,3,13,20,2,6,9
19,0,2026,3,13,20,3,0,12
19,8,2026,3,13,8,5,3,14
19,18,2026,3,13,15,3,7,10
19,27,2026,3,13,14,5,7,8
19,37,2026,3,13,15,5,3,10
19,46,2026,3,13,8,3,2,11
19,54,2026,3,13,20,6,7,10
20,0,2026,3,13,20,3,0,13
20,8,2026,3,13,8,5,2,16
20,18,2026,3,13,15,2,7,11
20,27,2026,3,13,14,2,8,5
20,37,2026,3,13,15,2,1,6
20,46,2026,3,13,8,6,1,11
20,54,2026,3,13,20,5,4,12
21,0,2026,3,13,20,4,0,16
21,8,2026,3,13,8,3,5,14
21,18,2026,3,13,15,2,7,9
21,27,2026,3,13,14,5,8,6
21,37,2026,3,13,15,6,3,9
21,46,2026,3,13,8,6,5,10
21,54,2026,3,13,20,6,9,7
22,0,2026,3,13,20,6,0,13
22,8,2026,3,13,8,6,6,13
22,18,2026,3,13,15,6,5,14
22,27,2026,3,13,14,5,7,12
22,37,2026,3,13,15,4,2,14
22,46,2026,3,13,8,2,4,12
22,54,2026,3,13,20,3,8,7
23,0,2026,3,13,20,2,0,9
23,8,2026,3,13,8,2,3,8
23,18,2026,3,13,15,2,2,8
23,27,2026,3,13,14,3,6,5
23,37,2026,3,13,15,2,1,6
23,46,2026,3,13,8,3,0,9
23,54,2026,3,13,20,0,9,0
6,0,2026,3,14,20,5,0,5
6,8,2026,3,14,8,5,2,8
6,18,2026,3,14,15,19,3,24
6,27,2026,3,14,14,10,10,24
6,37,2026,3,14,15,11,4,31
6,46,2026,3,14,8,8,10,29
6,54,2026,3,14,20,6,18,17
7,0,2026,3,14,20,2,0,19
7,8,2026,3,14,8,18,3,34
7,18,2026,3,14,15,13,10,37
7,27,2026,3,14,14,13,20,30
7,37,2026,3,14,15,22,5,47
7,46,2026,3,14,8,21,17,51
7,54,2026,3,14,20,4,20,35
8,0,2026,3,14,20,5,0,40
8,8,2026,3,14,8,17,2,55
8,18,2026,3,14,15,7,20,42
8,27,2026,3,14,14,21,20,43
8,37,2026,3,14,15,15,10,48
8,46,2026,3,14,8,15,19,44
8,54,2026,3,14,20,3,20,27
9,0,2026,3,14,20,5,0,32
9,8,2026,3,14,8,5,2,35
9,18,2026,3,14,15,5,14,26
9,27,2026,3,14,14,3,20,9
9,37,2026,3,14,15,4,3,10
9,46,2026,3,14,8,6,1,15
9,54,2026,3,14,20,6,9,12
10,0,2026,3,14,20,3,0,15
10,8,2026,3,14,8,6,2,19
10,18,2026,3,14,15,4,8,15
10,27,2026,3,14,14,5,12,8
10,37,2026,3,14,15,2,3,7
10,46,2026,3,14,8,6,2,11
10,54,2026,3,14,20,6,8,9
11,0,2026,3,14,20,3,0,12
11,8,2026,3,14,8,2,6,8
11,18,2026,3,14,15,3,3,8
11,27,2026,3,14,14,6,5,9
11,37,2026,3,14,15,2,4,7
11,46,2026,3,14,8,6,2,11
11,54,2026,3,14,20,6,7,10
12,0,2026,3,14,20,2,0,12
12,8,2026,3,14,8,2,3,11
12,18,2026,3,14,15,3,5,9
12,27,2026,3,14,14,4,5,8
12,37,2026,3,14,15,2,1,9
12,46,2026,3,14,8,3,6,6
12,54,2026,3,14,20,4,4,6
13,0,2026,3,14,20,2,0,8
13,8,2026,3,14,8,2,0,10
13,18,2026,3,14,15,5,6,9
13,27,2026,3,14,14,2,6,5
13,37,2026,3,14,15,6,1,10
13,46,2026,3,14,8,5,5,10
13,54,2026,3,14,20,6,6,10
14,0,2026,3,14,20,6,0,16
14,8,2026,3,14,8,6,6,16
14,18,2026,3,14,15,4,7,13
14,27,2026,3,14,14,5,8,10
14,37,2026,3,14,15,5,0,15
14,46,2026,3,14,8,4,9,10
14,54,2026,3,14,20,3,7,6
15,0,2026,3,14,20,3,0,9
15,8,2026,3,14,8,2,1,10
15,18,2026,3,14,15,3,5,8
15,27,2026,3,14,14,5,4,9
15,37,2026,3,14,15,6,2,13
15,46,2026,3,14,8,6,5,14
15,54,2026,3,14,20,2,10,6
16,0,2026,3,14,20,2,0,8
16,8,2026,3,14,8,2,2,8
16,18,2026,3,14,15,2,2,8
16,27,2026,3,14,14,2,6,4
16,37,2026,3,14,15,3,0,7
16,46,2026,3,14,8,6,3,10
16,54,2026,3,14,20,5,7,8
17,0,2026,3,14,20,5,0,13
17,8,2026,3,14,8,6,5,14
17,18,2026,3,14,15,4,7,11
17,27,2026,3,14,14,2,7,6
17,37,2026,3,14,15,2,2,6
17,46,2026,3,14,8,3,1,8
17,54,2026,3,14,20,3,6,5
18,0,2026,3,14,20,6,0,11
18,8,2026,3,14,8,2,2,11
18,18,2026,3,14,15,5,1,15
18,27,2026,3,14,14,5,10,10
18,37,2026,3,14,15,4,1,13
18,46,2026,3,14,8,3,6,10
18,54,2026,3,14,20,2,7,5
19,0,2026,3,14,20,6,0,11
19,8,2026,3,14,8,6,3,14
19,18,2026,3,14,15,2,4,12
19,27,2026,3,14,14,5,9,8
19,37,2026,3,14,15,4,1,11
19,46,2026,3,14,8,3,6,8
19,54,2026,3,14,20,6,5,9
20,0,2026,3,14,20,6,0,15
20,8,2026,3,14,8,2,4,13
20,18,2026,3,14,15,2,4,11
20,27,2026,3,14,14,3,7,7
20,37,2026,3,14,15,6,2,11
20,46,2026,3,14,8,5,4,12
20,54,2026,3,14,20,4,8,8
21,0,2026,3,14,20,2,0,10
21,8,2026,3,14,8,4,3,11
21,18,2026,3,14,15,4,5,10
21,27,2026,3,14,14,5,5,10
21,37,2026,3,14,15,3,1,12
21,46,2026,3,14,8,3,7,8
21,54,2026,3,14,20,3,5,6
22,0,2026,3,14,20,6,0,12
22,8,2026,3,14,8,2,2,12
22,18,2026,3,14,15,4,8,8
22,27,2026,3,14,14,2,7,3
22,37,2026,3,14,15,6,1,8
22,46,2026,3,14,8,6,4,10
22,54,2026,3,14,20,2,5,7
23,0,2026,3,14,20,5,0,12
23,8,2026,3,14,8,6,4,14
23,18,2026,3,14,15,3,8,9
23,27,2026,3,14,14,5,3,11
23,37,2026,3,14,15,5,1,15
23,46,2026,3,14,8,3,7,11
23,54,2026,3,14,20,0,11,0
6,0,2026,3,15,20,2,0,2
6,8,2026,3,15,8,15,0,17
6,18,2026,3,15,15,7,8,16
6,27,2026,3,15,14,5,7,14
6,37,2026,3,15,15,20,2,32
6,46,2026,3,15,8,10,10,32
6,54,2026,3,15,20,5,14,23
7,0,2026,3,15,20,6,0,29
7,8,2026,3,15,8,7,1,35
7,18,2026,3,15,15,11,13,33
7,27,2026,3,15,14,9,20,22
7,37,2026,3,15,15,14,3,33
7,46,2026,3,15,8,11,11,33
7,54,2026,3,15,20,6,19,20
8,0,2026,3,15,20,2,0,22
8,8,2026,3,15,8,6,4,24
8,18,2026,3,15,15,10,7,27
8,27,2026,3,15,14,7,20,14
8,37,2026,3,15,15,5,3,16
8,46,2026,3,15,8,20,5,31
8,54,2026,3,15,20,5,16,20
9,0,2026,3,15,20,3,0,23
9,8,2026,3,15,8,2,3,22
9,18,2026,3,15,15,6,10,18
9,27,2026,3,15,14,4,14,8
9,37,2026,3,15,15,4,0,12
9,46,2026,3,15,8,4,7,9
9,54,2026,3,15,20,2,6,5
10,0,2026,3,15,20,6,0,11
10,8,2026,3,15,8,2,3,10
10,18,2026,3,15,15,2,3,9
10,27,2026,3,15,14,5,7,7
10,37,2026,3,15,15,4,2,9
10,46,2026,3,15,8,4,3,10
10,54,2026,3,15,20,4,8,6
11,0,2026,3,15,20,2,0,8
11,8,2026,3,15,8,6,1,13
11,18,2026,3,15,15,3,5,11
11,27,2026,3,15,14,3,6,8
11,37,2026,3,15,15,3,2,9
11,46,2026,3,15,8,5,3,11
11,54,2026,3,15,20,3,9,5
12,0,2026,3,15,20,4,0,9
12,8,2026,3,15,8,4,3,10
12,18,2026,3,15,15,4,5,9
12,27,2026,3,15,14,4,6,7
12,37,2026,3,15,15,5,2,10
12,46,2026,3,15,8,5,6,9
12,54,2026,3,15,20,6,7,8
13,0,2026,3,15,20,5,0,13
13,8,2026,3,15,8,5,4,14
13,18,2026,3,15,15,6,2,18
13,27,2026,3,15,14,5,10,13
13,37,2026,3,15,15,3,1,15
13,46,2026,3,15,8,5,2,18
13,54,2026,3,15,20,3,14,7
14,0,2026,3,15,20,6,0,13
14,8,2026,3,15,8,3,5,11
14,18,2026,3,15,15,4,4,11
14,27,2026,3,15,14,4,6,9
14,37,2026,3,15,15,5,1,13
14,46,2026,3,15,8,3,4,12
14,54,2026,3,15,20,3,8,7
15,0,2026,3,15,20,4,0,11
15,8,2026,3,15,8,5,1,15
15,18,2026,3,15,15,3,2,16
15,27,2026,3,15,14,6,11,11
15,37,2026,3,15,15,5,1,15
15,46,2026,3,15,8,2,6,11
15,54,2026,3,15,20,5,8,8
16,0,2026,3,15,20,3,0,11
16,8,2026,3,15,8,2,4,9
16,18,2026,3,15,15,3,2,10
16,27,2026,3,15,14,4,7,7
16,37,2026,3,15,15,6,0,13
16,46,2026,3,15,8,4,2,15
16,54,2026,3,15,20,4,9,10
17,0,2026,3,15,20,6,0,16
17,8,2026,3,15,8,3,3,16
17,18,2026,3,15,15,5,4,17
17,27,2026,3,15,14,2,15,4
17,37,2026,3,15,15,4,1,7
17,46,2026,3,15,8,5,3,9
17,54,2026,3,15,20,3,5,7
18,0,2026,3,15,20,3,0,10
18,8,2026,3,15,8,2,3,9
18,18,2026,3,15,15,3,5,7
18,27,2026,3,15,14,4,3,8
18,37,2026,3,15,15,5,1,12
18,46,2026,3,15,8,6,4,14
18,54,2026,3,15,20,3,7,10
19,0,2026,3,15,20,6,0,16
19,8,2026,3,15,8,5,2,19
19,18,2026,3,15,15,4,6,17
19,27,2026,3,15,14,2,10,9
19,37,2026,3,15,15,4,0,13
19,46,2026,3,15,8,4,5,12
19,54,2026,3,15,20,6,9,9
20,0,2026,3,15,20,2,0,11
20,8,2026,3,15,8,2,3,10
20,18,2026,3,15,15,2,3,9
20,27,2026,3,15,14,2,6,5
20,37,2026,3,15,15,4,0,9
20,46,2026,3,15,8,5,3,11
20,54,2026,3,15,20,3,7,7
21,0,2026,3,15,20,2,0,9
21,8,2026,3,15,8,2,4,7
21,18,2026,3,15,15,6,2,11
21,27,2026,3,15,14,6,8,9
21,37,2026,3,15,15,3,1,11
21,46,2026,3,15,8,5,4,12
21,54,2026,3,15,20,3,5,10
22,0,2026,3,15,20,3,0,13
22,8,2026,3,15,8,6,5,14
22,18,2026,3,15,15,4,7,11
22,27,2026,3,15,14,2,4,9
22,37,2026,3,15,15,3,1,11
22,46,2026,3,15,8,3,2,12
22,54,2026,3,15,20,6,8,10
23,0,2026,3,15,20,3,0,13
23,8,2026,3,15,8,2,2,13
23,18,2026,3,15,15,5,5,13
23,27,2026,3,15,14,6,10,9
23,37,2026,3,15,15,6,5,10
23,46,2026,3,15,8,5,4,11
23,54,2026,3,15,20,0,11,0
6,0,2026,3,16,20,2,0,2
6,8,2026,3,16,8,9,1,10
6,18,2026,3,16,15,22,5,27
6,27,2026,3,16,14,15,9,33
6,37,2026,3,16,15,9,7,35
6,46,2026,3,16,8,18,15,38
6,54,2026,3,16,20,4,20,22
7,0,2026,3,16,20,3,0,25
7,8,2026,3,16,8,7,0,32
7,18,2026,3,16,15,6,17,21
7,27,2026,3,16,14,14,18,17
7,37,2026,3,16,15,7,3,21
7,46,2026,3,16,8,15,8,28
7,54,2026,3,16,20,4,17,15
8,0,2026,3,16,20,6,0,21
8,8,2026,3,16,8,17,3,35
8,18,2026,3,16,15,17,14,38
8,27,2026,3,16,14,22,17,43
8,37,2026,3,16,15,22,7,58
8,46,2026,3,16,8,19,20,57
8,54,2026,3,16,20,5,20,42
9,0,2026,3,16,20,5,0,47
9,8,2026,3,16,8,2,7,42
9,18,2026,3,16,15,3,20,25
9,27,2026,3,16,14,6,20,11
9,37,2026,3,16,15,4,1,14
9,46,2026,3,16,8,5,3,16
9,54,2026,3,16,20,3,11,8
10,0,2026,3,16,20,5,0,13
10,8,2026,3,16,8,2,3,12
10,18,2026,3,16,15,3,5,10
10,27,2026,3,16,14,6,9,7
10,37,2026,3,16,15,6,1,12
10,46,2026,3,16,8,2,5,9
10,54,2026,3,16,20,5,5,9
11,0,2026,3,16,20,3,0,12
11,8,2026,3,16,8,5,5,12
11,18,2026,3,16,15,2,5,9
11,27,2026,3,16,14,6,6,9
11,37,2026,3,16,15,3,3,9
11,46,2026,3,16,8,4,5,8
11,54,2026,3,16,20,2,5,5
12,0,2026,3,16,20,3,0,8
12,8,2026,3,16,8,2,1,9
12,18,2026,3,16,15,6,1,14
12,27,2026,3,16,14,3,6,11
12,37,2026,3,16,15,6,1,16
12,46,2026,3,16,8,6,8,14
12,54,2026,3,16,20,4,9,9
13,0,2026,3,16,20,6,0,15
13,8,2026,3,16,8,5,6,14
13,18,2026,3,16,15,2,6,10
13,27,2026,3,16,14,5,8,7
13,37,2026,3,16,15,2,3,6
13,46,2026,3,16,8,5,2,9
13,54,2026,3,16,20,6,4,11
14,0,2026,3,16,20,5,0,16
14,8,2026,3,16,8,2,3,15
14,18,2026,3,16,15,5,3,17
14,27,2026,3,16,14,6,13,10
14,37,2026,3,16,15,3,4,9
14,46,2026,3,16,8,3,4,8
14,54,2026,3,16,20,4,5,7
15,0,2026,3,16,20,6,0,13
15,8,2026,3,16,8,5,6,12
15,18,2026,3,16,15,6,7,11
15,27,2026,3,16,14,3,5,9
15,37,2026,3,16,15,5,1,13
15,46,2026,3,16,8,5,4,14
15,54,2026,3,16,20,3,11,6
16,0,2026,3,16,20,3,0,9
16,8,2026,3,16,8,4,3,10
16,18,2026,3,16,15,5,4,11
16,27,2026,3,16,14,5,6,10
16,37,2026,3,16,15,5,2,13
16,46,2026,3,16,8,6,7,12
16,54,2026,3,16,20,6,6,12
17,0,2026,3,16,20,3,0,15
17,8,2026,3,16,8,6,3,18
17,18,2026,3,16,15,3,9,12
17,27,2026,3,16,14,6,10,8
17,37,2026,3,16,15,4,1,11
17,46,2026,3,16,8,5,6,10
17,54,2026,3,16,20,5,4,11
18,0,2026,3,16,20,4,0,15
18,8,2026,3,16,8,6,5,16
18,18,2026,3,16,15,2,8,10
18,27,2026,3,16,14,5,6,9
18,37,2026,3,16,15,2,0,11
18,46,2026,3,16,8,4,4,11
18,54,2026,3,16,20,3,6,8
19,0,2026,3,16,20,6,0,14
19,8,2026,3,16,8,2,3,13
19,18,2026,3,16,15,5,8,10
19,27,2026,3,16,14,5,5,10
19,37,2026,3,16,15,6,2,14
19,46,2026,3,16,8,5,7,12
19,54,2026,3,16,20,4,7,9
20,0,2026,3,16,20,3,0,12
20,8,2026,3,16,8,4,2,14
20,18,2026,3,16,15,5,6,13
20,27,2026,3,16,14,4,8,9
20,37,2026,3,16,15,3,0,12
20,46,2026,3,16,8,5,5,12
20,54,2026,3,16,20,6,7,11
21,0,2026,3,16,20,6,0,17
21,8,2026,3,16,8,2,5,14
21,18,2026,3,16,15,6,5,15
21,27,2026,3,16,14,5,12,8
21,37,2026,3,16,15,5,1,12
21,46,2026,3,16,8,6,7,11
21,54,2026,3,16,20,3,6,8
22,0,2026,3,16,20,3,0,11
22,8,2026,3,16,8,4,0,15
22,18,2026,3,16,15,2,6,11
22,27,2026,3,16,14,4,8,7
22,37,2026,3,16,15,6,3,10
22,46,2026,3,16,8,2,2,10
22,54,2026,3,16,20,3,7,6
23,0,2026,3,16,20,3,0,9
23,8,2026,3,16,8,3,0,12
23,18,2026,3,16,15,3,8,7
23,27,2026,3,16,14,3,5,5
23,37,2026,3,16,15,6,1,10
23,46,2026,3,16,8,5,3,12
23,54,2026,3,16,20,0,12,0
6,0,2026,3,17,20,5,0,5
6,8,2026,3,17,8,6,1,10
6,18,2026,3,17,15,22,6,26
6,27,2026,3,17,14,9,11,24
6,37,2026,3,17,15,5,2,27
6,46,2026,3,17,8,6,19,14
6,54,2026,3,17,20,5,8,11
7,0,2026,3,17,20,3,0,14
7,8,2026,3,17,8,9,4,19
7,18,2026,3,17,15,7,6,20
7,27,2026,3,17,14,21,12,29
7,37,2026,3,17,15,20,3,46
7,46,2026,3,17,8,6,17,35
7,54,2026,3,17,20,2,20,17
8,0,2026,3,17,20,3,0,20
8,8,2026,3,17,8,20,1,39
8,18,2026,3,17,15,17,15,41
8,27,2026,3,17,14,20,20,41
8,37,2026,3,17,15,7,6,42
8,46,2026,3,17,8,16,17,41
8,54,2026,3,17,20,5,20,26
9,0,2026,3,17,20,5,0,31
9,8,2026,3,17,8,3,6,28
9,18,2026,3,17,15,4,13,19
9,27,2026,3,17,14,3,17,5
9,37,2026,3,17,15,2,2,5
9,46,2026,3,17,8,3,0,8
9,54,2026,3,17,20,2,5,5
10,0,2026,3,17,20,5,0,10
10,8,2026,3,17,8,4,4,10
10,18,2026,3,17,15,2,5,7
10,27,2026,3,17,14,6,5,8
10,37,2026,3,17,15,3,2,9
10,46,2026,3,17,8,6,2,13
10,54,2026,3,17,20,4,6,11
11,0,2026,3,17,20,3,0,14
11,8,2026,3,17,8,2,2,14
11,18,2026,3,17,15,3,6,11
11,27,2026,3,17,14,4,9,6
11,37,2026,3,17,15,2,1,7
11,46,2026,3,17,8,5,2,10
11,54,2026,3,17,20,5,7,8
12,0,2026,3,17,20,6,0,14
12,8,2026,3,17,8,2,2,14
12,18,2026,3,17,15,2,3,13
12,27,2026,3,17,14,3,9,7
12,37,2026,3,17,15,2,1,8
12,46,2026,3,17,8,2,2,8
12,54,2026,3,17,20,6,5,9
13,0,2026,3,17,20,3,0,12
13,8,2026,3,17,8,5,4,13
13,18,2026,3,17,15,2,0,15
13,27,2026,3,17,14,2,10,7
13,37,2026,3,17,15,2,1,8
13,46,2026,3,17,8,5,3,10
13,54,2026,3,17,20,2,8,4
14,0,2026,3,17,20,4,0,8
14,8,2026,3,17,8,4,4,8
14,18,2026,3,17,15,6,3,11
14,27,2026,3,17,14,2,6,7
14,37,2026,3,17,15,4,0,11
14,46,2026,3,17,8,4,2,13
14,54,2026,3,17,20,2,7,8
15,0,2026,3,17,20,6,0,14
15,8,2026,3,17,8,3,2,15
15,18,2026,3,17,15,6,6,15
15,27,2026,3,17,14,6,8,13
15,37,2026,3,17,15,4,2,15
15,46,2026,3,17,8,5,4,16
15,54,2026,3,17,20,4,11,9
16,0,2026,3,17,20,5,0,14
16,8,2026,3,17,8,4,2,16
16,18,2026,3,17,15,4,3,17
16,27,2026,3,17,14,5,11,11
16,37,2026,3,17,15,3,1,13
16,46,2026,3,17,8,6,2,17
16,54,2026,3,17,20,6,11,12
17,0,2026,3,17,20,5,0,17
17,8,2026,3,17,8,6,6,17
17,18,2026,3,17,15,5,4,18
17,27,2026,3,17,14,2,12,8
17,37,2026,3,17,15,5,2,11
17,46,2026,3,17,8,6,6,11
17,54,2026,3,17,20,6,5,12
18,0,2026,3,17,20,6,0,18
18,8,2026,3,17,8,5,4,19
18,18,2026,3,17,15,3,8,14
18,27,2026,3,17,14,4,11,7
18,37,2026,3,17,15,4,1,10
18,46,2026,3,17,8,5,4,11
18,54,2026,3,17,20,5,5,11
19,0,2026,3,17,20,6,0,17
19,8,2026,3,17,8,3,1,19
19,18,2026,3,17,15,6,8,17
19,27,2026,3,17,14,4,13,8
19,37,2026,3,17,15,6,1,13
19,46,2026,3,17,8,5,6,12
19,54,2026,3,17,20,3,8,7
20,0,2026,3,17,20,6,0,13
20,8,2026,3,17,8,5,1,17
20,18,2026,3,17,15,4,7,14
20,27,2026,3,17,14,4,9,9
20,37,2026,3,17,15,6,1,14
20,46,2026,3,17,8,4,4,14
20,54,2026,3,17,20,2,11,5
21,0,2026,3,17,20,2,0,7
21,8,2026,3,17,8,4,0,11
21,18,2026,3,17,15,5,4,12
21,27,2026,3,17,14,4,6,10
21,37,2026,3,17,15,4,2,12
21,46,2026,3,17,8,2,4,10
21,54,2026,3,17,20,3,8,5
22,0,2026,3,17,20,6,0,11
22,8,2026,3,17,8,2,2,11
22,18,2026,3,17,15,3,5,9
22,27,2026,3,17,14,4,6,7
22,37,2026,3,17,15,4,1,10
22,46,2026,3,17,8,4,3,11
22,54,2026,3,17,20,5,8,8
23,0,2026,3,17,20,2,0,10
23,8,2026,3,17,8,2,4,8
23,18,2026,3,17,15,3,1,10
23,27,2026,3,17,14,2,8,4
23,37,2026,3,17,15,4,0,8
23,46,2026,3,17,8,6,4,10
23,54,2026,3,17,20,0,10,0
6,0,2026,3,18,20,5,0,5
6,8,2026,3,18,8,16,2,19
6,18,2026,3,18,15,15,6,28
6,27,2026,3,18,14,14,11,31
6,37,2026,3,18,15,19,8,42
6,46,2026,3,18,8,9,14,37
6,54,2026,3,18,20,6,20,23
7,0,2026,3,18,20,4,0,27
7,8,2026,3,18,8,22,1,48
7,18,2026,3,18,15,17,17,48
7,27,2026,3,18,14,21,20,49
7,37,2026,3,18,15,15,11,53
7,46,2026,3,18,8,6,20,39
7,54,2026,3,18,20,2,20,21
8,0,2026,3,18,20,6,0,27
8,8,2026,3,18,8,9,2,34
8,18,2026,3,18,15,20,10,44
8,27,2026,3,18,14,6,20,30
8,37,2026,3,18,15,8,3,35
8,46,2026,3,18,8,22,15,42
8,54,2026,3,18,20,5,20,27
9,0,2026,3,18,20,3,0,30
9,8,2026,3,18,8,5,2,33
9,18,2026,3,18,15,3,13,23
9,27,2026,3,18,14,3,20,6
9,37,2026,3,18,15,6,0,12
9,46,2026,3,18,8,6,3,15
9,54,2026,3,18,20,2,7,10
10,0,2026,3,18,20,2,0,12
10,8,2026,3,18,8,4,3,13
10,18,2026,3,18,15,2,5,10
10,27,2026,3,18,14,6,6,10
10,37,2026,3,18,15,2,2,10
10,46,2026,3,18,8,5,5,10
10,54,2026,3,18,20,2,7,5
11,0,2026,3,18,20,3,0,8
11,8,2026,3,18,8,6,0,14
11,18,2026,3,18,15,4,8,10
11,27,2026,3,18,14,4,6,8
11,37,2026,3,18,15,5,1,12
11,46,2026,3,18,8,5,4,13
11,54,2026,3,18,20,6,7,12
12,0,2026,3,18,20,2,0,14
12,8,2026,3,18,8,2,3,13
12,18,2026,3,18,15,4,4,13
12,27,2026,3,18,14,4,7,10
12,37,2026,3,18,15,6,1,15
12,46,2026,3,18,8,3,5,13
12,54,2026,3,18,20,2,10,5
13,0,2026,3,18,20,6,0,11
13,8,2026,3,18,8,3,2,12
13,18,2026,3,18,15,3,5,10
13,27,2026,3,18,14,2,8,4
13,37,2026,3,18,15,5,0,9
13,46,2026,3,18,8,3,2,10
13,54,2026,3,18,20,3,6,7
14,0,2026,3,18,20,2,0,9
14,8,2026,3,18,8,2,2,9
14,18,2026,3,18,15,6,4,11
14,27,2026,3,18,14,5,8,8
14,37,2026,3,18,15,3,0,11
14,46,2026,3,18,8,4,6,9
14,54,2026,3,18,20,6,7,8
15,0,2026,3,18,20,4,0,12
15,8,2026,3,18,8,4,3,13
15,18,2026,3,18,15,3,6,10
15,27,2026,3,18,14,2,7,5
15,37,2026,3,18,15,4,0,9
15,46,2026,3,18,8,6,3,12
15,54,2026,3,18,20,3,7,8
16,0,2026,3,18,20,5,0,13
16,8,2026,3,18,8,6,4,15
16,18,2026,3,18,15,4,9,10
16,27,2026,3,18,14,4,7,7
16,37,2026,3,18,15,4,1,10
16,46,2026,3,18,8,2,1,11
16,54,2026,3,18,20,6,9,8
17,0,2026,3,18,20,6,0,14
17,8,2026,3,18,8,6,2,18
17,18,2026,3,18,15,5,8,15
17,27,2026,3,18,14,5,8,12
17,37,2026,3,18,15,3,4,11
17,46,2026,3,18,8,2,4,9
17,54,2026,3,18,20,6,7,8
18,0,2026,3,18,20,2,0,10
18,8,2026,3,18,8,5,3,12
18,18,2026,3,18,15,6,3,15
18,27,2026,3,18,14,5,10,10
18,37,2026,3,18,15,3,2,11
18,46,2026,3,18,8,6,3,14
18,54,2026,3,18,20,3,10,7
19,0,2026,3,18,20,2,0,9
19,8,2026,3,18,8,5,3,11
19,18,2026,3,18,15,4,4,11
19,27,2026,3,18,14,6,7,10
19,37,2026,3,18,15,2,2,10
19,46,2026,3,18,8,3,4,9
19,54,2026,3,18,20,3,6,6
20,0,2026,3,18,20,4,0,10
20,8,2026,3,18,8,4,2,12
20,18,2026,3,18,15,3,3,12
20,27,2026,3,18,14,3,9,6
20,37,2026,3,18,15,6,1,11
20,46,2026,3,18,8,3,2,12
20,54,2026,3,18,20,5,7,10
21,0,2026,3,18,20,3,0,13
21,8,2026,3,18,8,6,4,15
21,18,2026,3,18,15,3,3,15
21,27,2026,3,18,14,3,11,7
21,37,2026,3,18,15,2,2,7
21,46,2026,3,18,8,2,0,9
21,54,2026,3,18,20,5,6,8
22,0,2026,3,18,20,6,0,14
22,8,2026,3,18,8,4,4,14
22,18,2026,3,18,15,5,6,13
22,27,2026,3,18,14,5,9,9
22,37,2026,3,18,15,6,1,14
22,46,2026,3,18,8,5,6,13
22,54,2026,3,18,20,6,8,11
23,0,2026,3,18,20,5,0,16
23,8,2026,3,18,8,4,1,19
23,18,2026,3,18,15,2,5,16
23,27,2026,3,18,14,2,14,4
23,37,2026,3,18,15,5,0,9
23,46,2026,3,18,8,3,5,7
23,54,2026,3,18,20,0,7,0
6,0,2026,3,19,20,5,0,5
6,8,2026,3,19,8,7,2,10
6,18,2026,3,19,15,15,5,20
6,27,2026,3,19,14,15,6,29
6,37,2026,3,19,15,13,5,37
6,46,2026,3,19,8,16,20,33
6,54,2026,3,19,20,5,19,19
7,0,2026,3,19,20,6,0,25
7,8,2026,3,19,8,22,5,42
7,18,2026,3,19,15,22,12,52
7,27,2026,3,19,14,6,20,38
7,37,2026,3,19,15,9,3,44
7,46,2026,3,19,8,5,19,30
7,54,2026,3,19,20,2,20,12
8,0,2026,3,19,20,6,0,18
8,8,2026,3,19,8,21,4,35
8,18,2026,3,19,15,18,10,43
8,27,2026,3,19,14,16,20,39
8,37,2026,3,19,15,18,8,49
8,46,2026,3,19,8,21,20,50
8,54,2026,3,19,20,3,20,33
9,0,2026,3,19,20,3,0,36
9,8,2026,3,19,8,3,1,38
9,18,2026,3,19,15,6,17,27
9,27,2026,3,19,14,6,20,13
9,37,2026,3,19,15,6,5,14
9,46,2026,3,19,8,4,6,12
9,54,2026,3,19,20,4,8,8
10,0,2026,3,19,20,6,0,14
10,8,2026,3,19,8,6,3,17
10,18,2026,3,19,15,3,3,17
10,27,2026,3,19,14,2,13,6
10,37,2026,3,19,15,2,1,7
10,46,2026,3,19,8,5,3,9
10,54,2026,3,19,20,4,4,9
11,0,2026,3,19,20,5,0,14
11,8,2026,3,19,8,3,6,11
11,18,2026,3,19,15,4,3,12
11,27,2026,3,19,14,5,8,9
11,37,2026,3,19,15,6,3,12
11,46,2026,3,19,8,4,3,13
11,54,2026,3,19,20,2,7,8
12,0,2026,3,19,20,5,0,13
12,8,2026,3,19,8,6,3,16
12,18,2026,3,19,15,6,4,18
12,27,2026,3,19,14,6,11,13
12,37,2026,3,19,15,4,0,17
12,46,2026,3,19,8,3,6,14
12,54,2026,3,19,20,5,12,7
13,0,2026,3,19,20,3,0,10
13,8,2026,3,19,8,6,3,13
13,18,2026,3,19,15,2,5,10
13,27,2026,3,19,14,6,7,9
13,37,2026,3,19,15,2,1,10
13,46,2026,3,19,8,5,5,10
13,54,2026,3,19,20,2,6,6
14,0,2026,3,19,20,2,0,8
14,8,2026,3,19,8,3,2,9
14,18,2026,3,19,15,4,4,9
14,27,2026,3,19,14,6,5,10
14,37,2026,3,19,15,3,1,12
14,46,2026,3,19,8,5,5,12
14,54,2026,3,19,20,4,9,7
15,0,2026,3,19,20,3,0,10
15,8,2026,3,19,8,4,0,14
15,18,2026,3,19,15,3,4,13
15,27,2026,3,19,14,3,9,7
15,37,2026,3,19,15,6,0,13
15,46,2026,3,19,8,3,7,9
15,54,2026,3,19,20,5,7,7
16,0,2026,3,19,20,4,0,11
16,8,2026,3,19,8,3,3,11
16,18,2026,3,19,15,2,5,8
16,27,2026,3,19,14,3,7,4
16,37,2026,3,19,15,4,1,7
16,46,2026,3,19,8,4,2,9
16,54,2026,3,19,20,2,3,8
17,0,2026,3,19,20,2,0,10
17,8,2026,3,19,8,5,1,14
17,18,2026,3,19,15,6,5,15
17,27,2026,3,19,14,4,10,9
17,37,2026,3,19,15,3,1,11
17,46,2026,3,19,8,4,4,11
17,54,2026,3,19,20,6,8,9
18,0,2026,3,19,20,6,0,15
18,8,2026,3,19,8,4,5,14
18,18,2026,3,19,15,3,9,8
18,27,2026,3,19,14,5,3,10
18,37,2026,3,19,15,3,1,12
18,46,2026,3,19,8,3,2,13
18,54,2026,3,19,20,5,11,7
19,0,2026,3,19,20,4,0,11
19,8,2026,3,19,8,2,5,8
19,18,2026,3,19,15,2,5,5
19,27,2026,3,19,14,3,4,4
19,37,2026,3,19,15,3,1,6
19,46,2026,3,19,8,3,4,5
19,54,2026,3,19,20,5,3,7
20,0,2026,3,19,20,4,0,11
20,8,2026,3,19,8,4,2,13
20,18,2026,3,19,15,6,8,11
20,27,2026,3,19,14,3,5,9
20,37,2026,3,19,15,4,0,13
20,46,2026,3,19,8,2,5,10
20,54,2026,3,19,20,2,7,5
21,0,2026,3,19,20,6,0,11
21,8,2026,3,19,8,4,3,12
21,18,2026,3,19,15,2,6,8
21,27,2026,3,19,14,5,7,6
21,37,2026,3,19,15,5,1,10
21,46,2026,3,19,8,4,4,10
21,54,2026,3,19,20,3,5,8
22,0,2026,3,19,20,3,0,11
22,8,2026,3,19,8,3,1,13
22,18,2026,3,19,15,5,7,11
22,27,2026,3,19,14,6,7,10
22,37,2026,3,19,15,5,3,12
22,46,2026,3,19,8,6,4,14
22,54,2026,3,19,20,5,10,9
23,0,2026,3,19,20,6,0,15
23,8,2026,3,19,8,6,4,17
23,18,2026,3,19,15,5,8,14
23,27,2026,3,19,14,6,9,11
23,37,2026,3,19,15,2,1,12
23,46,2026,3,19,8,4,7,9
23,54,2026,3,19,20,0,9,0
6,0,2026,3,20,20,3,0,3
6,8,2026,3,20,8,9,1,11
6,18,2026,3,20,15,19,6,24
6,27,2026,3,20,14,8,5,27
6,37,2026,3,20,15,19,3,43
6,46,2026,3,20,8,20,19,44
6,54,2026,3,20,20,2,20,26
7,0,2026,3,20,20,3,0,29
7,8,2026,3,20,8,14,2,41
7,18,2026,3,20,15,18,15,44
7,27,2026,3,20,14,13,20,37
7,37,2026,3,20,15,22,3,56
7,46,2026,3,20,8,12,20,48
7,54,2026,3,20,20,5,20,33
8,0,2026,3,20,20,2,0,35
8,8,2026,3,20,8,17,3,49
8,18,2026,3,20,15,8,19,38
8,27,2026,3,20,14,6,20,24
8,37,2026,3,20,15,17,2,39
8,46,2026,3,20,8,11,12,38
8,54,2026,3,20,20,2,20,20
9,0,2026,3,20,20,2,0,22
9,8,2026,3,20,8,4,2,24
9,18,2026,3,20,15,3,10,17
9,27,2026,3,20,14,5,14,8
9,37,2026,3,20,15,4,1,11
9,46,2026,3,20,8,3,3,11
9,54,2026,3,20,20,3,7,7
10,0,2026,3,20,20,3,0,10
10,8,2026,3,20,8,3,0,13
10,18,2026,3,20,15,6,5,14
10,27,2026,3,20,14,5,8,11
10,37,2026,3,20,15,6,1,16
10,46,2026,3,20,8,4,9,11
10,54,2026,3,20,20,2,8,5
11,0,2026,3,20,20,5,0,10
11,8,2026,3,20,8,2,0,12
11,18,2026,3,20,15,3,3,12
11,27,2026,3,20,14,6,7,11
11,37,2026,3,20,15,2,3,10
11,46,2026,3,20,8,5,5,10
11,54,2026,3,20,20,3,7,6
12,0,2026,3,20,20,3,0,9
12,8,2026,3,20,8,2,1,10
12,18,2026,3,20,15,4,4,10
12,27,2026,3,20,14,2,6,6
12,37,2026,3,20,15,3,1,8
12,46,2026,3,20,8,5,5,8
12,54,2026,3,20,20,2,5,5
13,0,2026,3,20,20,6,0,11
13,8,2026,3,20,8,6,2,15
13,18,2026,3,20,15,6,8,13
13,27,2026,3,20,14,3,5,11
13,37,2026,3,20,15,5,1,15
13,46,2026,3,20,8,2,7,10
13,54,2026,3,20,20,5,7,8
14,0,2026,3,20,20,5,0,13
14,8,2026,3,20,8,4,1,16
14,18,2026,3,20,15,4,8,12
14,27,2026,3,20,14,3,9,6
14,37,2026,3,20,15,3,1,8
14,46,2026,3,20,8,5,2,11
14,54,2026,3,20,20,4,6,9
15,0,2026,3,20,20,2,0,11
15,8,2026,3,20,8,6,1,16
15,18,2026,3,20,15,6,4,18
15,27,2026,3,20,14,2,13,7
15,37,2026,3,20,15,5,0,12
15,46,2026,3,20,8,4,0,16
15,54,2026,3,20,20,2,10,8
16,0,2026,3,20,20,4,0,12
16,8,2026,3,20,8,3,2,13
16,18,2026,3,20,15,2,3,12
16,27,2026,3,20,14,2,8,6
16,37,2026,3,20,15,2,1,7
16,46,2026,3,20,8,2,2,7
16,54,2026,3,20,20,2,5,4
17,0,2026,3,20,20,2,0,6
17,8,2026,3,20,8,6,3,9
17,18,2026,3,20,15,2,2,9
17,27,2026,3,20,14,6,5,10
17,37,2026,3,20,15,2,0,12
17,46,2026,3,20,8,5,6,11
17,54,2026,3,20,20,6,9,8
18,0,2026,3,20,20,6,0,14
18,8,2026,3,20,8,2,4,12
18,18,2026,3,20,15,3,5,10
18,27,2026,3,20,14,4,7,7
18,37,2026,3,20,15,4,1,10
18,46,2026,3,20,8,6,4,12
18,54,2026,3,20,20,4,6,10
19,0,2026,3,20,20,4,0,14
19,8,2026,3,20,8,5,4,15
19,18,2026,3,20,15,4,8,11
19,27,2026,3,20,14,5,7,9
19,37,2026,3,20,15,5,1,13
19,46,2026,3,20,8,2,6,9
19,54,2026,3,20,20,4,6,7
20,0,2026,3,20,20,6,0,13
20,8,2026,3,20,8,6,4,15
20,18,2026,3,20,15,5,5,15
20,27,2026,3,20,14,4,10,9
20,37,2026,3,20,15,5,2,12
20,46,2026,3,20,8,6,4,14
20,54,2026,3,20,20,3,5,12
21,0,2026,3,20,20,5,0,17
21,8,2026,3,20,8,3,3,17
21,18,2026,3,20,15,2,4,15
21,27,2026,3,20,14,6,15,6
21,37,2026,3,20,15,5,3,8
21,46,2026,3,20,8,6,3,11
21,54,2026,3,20,20,6,3,14
22,0,2026,3,20,20,6,0,20
22,8,2026,3,20,8,3,4,19
22,18,2026,3,20,15,4,6,17
22,27,2026,3,20,14,3,13,7
22,37,2026,3,20,15,5,0,12
22,46,2026,3,20,8,3,4,11
22,54,2026,3,20,20,2,6,7
23,0,2026,3,20,20,6,0,13
23,8,2026,3,20,8,5,4,14
23,18,2026,3,20,15,2,4,12
23,27,2026,3,20,14,6,10,8
23,37,2026,3,20,15,4,1,11
23,46,2026,3,20,8,6,5,12
23,54,2026,3,20,20,0,12,0
6,0,2026,3,21,20,3,0,3
6,8,2026,3,21,8,17,2,18
6,18,2026,3,21,15,21,4,35
6,27,2026,3,21,14,7,20,22
6,37,2026,3,21,15,13,0,35
6,46,2026,3,21,8,6,11,30
6,54,2026,3,21,20,6,20,16
7,0,2026,3,21,20,2,0,18
7,8,2026,3,21,8,8,3,23
7,18,2026,3,21,15,13,5,31
7,27,2026,3,21,14,5,15,21
7,37,2026,3,21,15,22,1,42
7,46,2026,3,21,8,13,15,40
7,54,2026,3,21,20,5,20,25
8,0,2026,3,21,20,5,0,30
8,8,2026,3,21,8,16,4,42
8,18,2026,3,21,15,12,17,37
8,27,2026,3,21,14,7,20,24
8,37,2026,3,21,15,7,4,27
8,46,2026,3,21,8,7,15,19
8,54,2026,3,21,20,4,12,11
9,0,2026,3,21,20,3,0,14
9,8,2026,3,21,8,4,5,13
9,18,2026,3,21,15,6,3,16
9,27,2026,3,21,14,4,14,6
9,37,2026,3,21,15,2,1,7
9,46,2026,3,21,8,3,1,9
9,54,2026,3,21,20,2,8,3
10,0,2026,3,21,20,6,0,9
10,8,2026,3,21,8,3,2,10
10,18,2026,3,21,15,5,5,10
10,27,2026,3,21,14,3,8,5
10,37,2026,3,21,15,2,1,6
10,46,2026,3,21,8,2,1,7
10,54,2026,3,21,20,3,6,4
11,0,2026,3,21,20,5,0,9
11,8,2026,3,21,8,4,4,9
11,18,2026,3,21,15,3,6,6
11,27,2026,3,21,14,3,4,5
11,37,2026,3,21,15,6,1,10
11,46,2026,3,21,8,4,5,9
11,54,2026,3,21,20,5,5,9
12,0,2026,3,21,20,4,0,13
12,8,2026,3,21,8,2,4,11
12,18,2026,3,21,15,2,3,10
12,27,2026,3,21,14,3,8,5
12,37,2026,3,21,15,6,1,10
12,46,2026,3,21,8,6,3,13
12,54,2026,3,21,20,6,7,12
13,0,2026,3,21,20,6,0,18
13,8,2026,3,21,8,2,6,14
13,18,2026,3,21,15,6,8,12
13,27,2026,3,21,14,2,7,7
13,37,2026,3,21,15,6,2,11
13,46,2026,3,21,8,4,4,11
13,54,2026,3,21,20,2,5,8
14,0,2026,3,21,20,3,0,11
14,8,2026,3,21,8,3,1,13
14,18,2026,3,21,15,6,5,14
14,27,2026,3,21,14,4,8,10
14,37,2026,3,21,15,2,2,10
14,46,2026,3,21,8,4,5,9
14,54,2026,3,21,20,6,6,9
15,0,2026,3,21,20,2,0,11
15,8,2026,3,21,8,2,3,10
15,18,2026,3,21,15,3,4,9
15,27,2026,3,21,14,3,6,6
15,37,2026,3,21,15,2,3,5
15,46,2026,3,21,8,4,0,9
15,54,2026,3,21,20,3,5,7
16,0,2026,3,21,20,6,0,13
16,8,2026,3,21,8,6,4,15
16,18,2026,3,21,15,2,5,12
16,27,2026,3,21,14,2,7,7
16,37,2026,3,21,15,5,1,11
16,46,2026,3,21,8,2,1,12
16,54,2026,3,21,20,2,7,7
17,0,2026,3,21,20,4,0,11
17,8,2026,3,21,8,2,1,12
17,18,2026,3,21,15,5,5,12
17,27,2026,3,21,14,6,9,9
17,37,2026,3,21,15,3,3,9
17,46,2026,3,21,8,5,3,11
17,54,2026,3,21,20,6,5,12
18,0,2026,3,21,20,2,0,14
18,8,2026,3,21,8,6,2,18
18,18,2026,3,21,15,5,8,15
18,27,2026,3,21,14,6,10,11
18,37,2026,3,21,15,2,2,11
18,46,2026,3,21,8,3,3,11
18,54,2026,3,21,20,2,8,5
19,0,2026,3,21,20,4,0,9
19,8,2026,3,21,8,3,4,8
19,18,2026,3,21,15,5,5,8
19,27,2026,3,21,14,4,3,9
19,37,2026,3,21,15,6,1,14
19,46,2026,3,21,8,6,5,15
19,54,2026,3,21,20,6,9,12
20,0,2026,3,21,20,2,0,14
20,8,2026,3,21,8,6,2,18
20,18,2026,3,21,15,5,3,20
20,27,2026,3,21,14,6,14,12
20,37,2026,3,21,15,2,2,12
20,46,2026,3,21,8,2,3,11
20,54,2026,3,21,20,2,9,4
21,0,2026,3,21,20,2,0,6
21,8,2026,3,21,8,5,1,10
21,18,2026,3,21,15,4,3,11
21,27,2026,3,21,14,5,7,9
21,37,2026,3,21,15,5,3,11
21,46,2026,3,21,8,5,7,9
21,54,2026,3,21,20,2,4,7
22,0,2026,3,21,20,4,0,11
22,8,2026,3,21,8,5,2,14
22,18,2026,3,21,15,4,4,14
22,27,2026,3,21,14,2,10,6
22,37,2026,3,21,15,6,1,11
22,46,2026,3,21,8,2,5,8
22,54,2026,3,21,20,3,5,6
23,0,2026,3,21,20,3,0,9
23,8,2026,3,21,8,6,2,13
23,18,2026,3,21,15,4,9,8
23,27,2026,3,21,14,6,6,8
23,37,2026,3,21,15,3,2,9
23,46,2026,3,21,8,5,4,10
23,54,2026,3,21,20,0,10,0
6,0,2026,3,22,20,4,0,4
6,8,2026,3,22,8,21,0,25
6,18,2026,3,22,15,16,10,31
6,27,2026,3,22,14,20,16,35
6,37,2026,3,22,15,12,5,42
6,46,2026,3,22,8,15,19,38
6,54,2026,3,22,20,4,20,22
7,0,2026,3,22,20,6,0,28
7,8,2026,3,22,8,19,4,43
7,18,2026,3,22,15,19,20,42
7,27,2026,3,22,14,20,20,42
7,37,2026,3,22,15,17,8,51
7,46,2026,3,22,8,9,20,40
7,54,2026,3,22,20,5,20,25
8,0,2026,3,22,20,6,0,31
8,8,2026,3,22,8,12,4,39
8,18,2026,3,22,15,11,12,38
8,27,2026,3,22,14,13,20,31
8,37,2026,3,22,15,11,4,38
8,46,2026,3,22,8,19,13,44
8,54,2026,3,22,20,3,20,27
9,0,2026,3,22,20,3,0,30
9,8,2026,3,22,8,2,3,29
9,18,2026,3,22,15,5,8,26
9,27,2026,3,22,14,5,20,11
9,37,2026,3,22,15,6,3,14
9,46,2026,3,22,8,2,8,8
9,54,2026,3,22,20,6,5,9
10,0,2026,3,22,20,3,0,12
10,8,2026,3,22,8,2,1,13
10,18,2026,3,22,15,6,6,13
10,27,2026,3,22,14,3,5,11
10,37,2026,3,22,15,5,1,15
10,46,2026,3,22,8,6,4,17
10,54,2026,3,22,20,4,12,9
11,0,2026,3,22,20,4,0,13
11,8,2026,3,22,8,3,3,13
11,18,2026,3,22,15,4,4,13
11,27,2026,3,22,14,2,11,4
11,37,2026,3,22,15,4,1,7
11,46,2026,3,22,8,2,3,6
11,54,2026,3,22,20,4,4,6
12,0,2026,3,22,20,6,0,12
12,8,2026,3,22,8,3,3,12
12,18,2026,3,22,15,2,6,8
12,27,2026,3,22,14,6,5,9
12,37,2026,3,22,15,3,0,12
12,46,2026,3,22,8,3,8,7
12,54,2026,3,22,20,3,4,6
13,0,2026,3,22,20,4,0,10
13,8,2026,3,22,8,3,1,12
13,18,2026,3,22,15,5,5,12
13,27,2026,3,22,14,4,9,7
13,37,2026,3,22,15,4,2,9
13,46,2026,3,22,8,5,2,12
13,54,2026,3,22,20,6,9,9
14,0,2026,3,22,20,6,0,15
14,8,2026,3,22,8,2,1,16
14,18,2026,3,22,15,3,8,11
14,27,2026,3,22,14,6,7,10
14,37,2026,3,22,15,6,3,13
14,46,2026,3,22,8,2,6,9
14,54,2026,3,22,20,4,6,7
15,0,2026,3,22,20,4,0,11
15,8,2026,3,22,8,2,2,11
15,18,2026,3,22,15,2,5,8
15,27,2026,3,22,14,5,7,6
15,37,2026,3,22,15,5,2,9
15,46,2026,3,22,8,3,4,8
15,54,2026,3,22,20,5,3,10
16,0,2026,3,22,20,5,0,15
16,8,2026,3,22,8,4,2,17
16,18,2026,3,22,15,6,6,17
16,27,2026,3,22,14,3,11,9
16,37,2026,3,22,15,2,1,10
16,46,2026,3,22,8,3,2,11
16,54,2026,3,22,20,6,9,8
17,0,2026,3,22,20,5,0,13
17,8,2026,3,22,8,2,2,13
17,18,2026,3,22,15,4,8,9
17,27,2026,3,22,14,6,7,8
17,37,2026,3,22,15,4,2,10
17,46,2026,3,22,8,6,4,12
17,54,2026,3,22,20,3,6,9
18,0,2026,3,22,20,3,0,12
18,8,2026,3,22,8,4,3,13
18,18,2026,3,22,15,5,7,11
18,27,2026,3,22,14,6,6,11
18,37,2026,3,22,15,5,4,12
18,46,2026,3,22,8,3,6,9
18,54,2026,3,22,20,6,8,7
19,0,2026,3,22,20,3,0,10
19,8,2026,3,22,8,3,1,12
19,18,2026,3,22,15,2,6,8
19,27,2026,3,22,14,6,5,9
19,37,2026,3,22,15,3,3,9
19,46,2026,3,22,8,6,2,13
19,54,2026,3,22,20,4,7,10
20,0,2026,3,22,20,2,0,12
20,8,2026,3,22,8,2,2,12
20,18,2026,3,22,15,4,5,11
20,27,2026,3,22,14,3,9,5
20,37,2026,3,22,15,4,0,9
20,46,2026,3,22,8,2,2,9
20,54,2026,3,22,20,2,7,4
21,0,2026,3,22,20,6,0,10
21,8,2026,3,22,8,4,3,11
21,18,2026,3,22,15,6,6,11
21,27,2026,3,22,14,3,7,7
21,37,2026,3,22,15,6,1,12
21,46,2026,3,22,8,2,3,11
21,54,2026,3,22,20,5,7,9
22,0,2026,3,22,20,2,0,11
22,8,2026,3,22,8,3,2,12
22,18,2026,3,22,15,4,3,13
22,27,2026,3,22,14,6,9,10
22,37,2026,3,22,15,3,1,12
22,46,2026,3,22,8,2,5,9
22,54,2026,3,22,20,6,6,9
23,0,2026,3,22,20,4,0,13
23,8,2026,3,22,8,2,6,9
23,18,2026,3,22,15,6,5,10
23,27,2026,3,22,14,3,4,9
23,37,2026,3,22,15,4,2,11
23,46,2026,3,22,8,5,5,11
23,54,2026,3,22,20,0,11,0
6,0,2026,3,23,20,6,0,6
6,8,2026,3,23,8,13,3,16
6,18,2026,3,23,15,10,4,22
6,27,2026,3,23,14,16,12,26
6,37,2026,3,23,15,15,6,35
6,46,2026,3,23,8,17,12,40
6,54,2026,3,23,20,4,20,24
7,0,2026,3,23,20,6,0,30
7,8,2026,3,23,8,7,2,35
7,18,2026,3,23,15,6,14,27
7,27,2026,3,23,14,7,20,14
7,37,2026,3,23,15,11,2,23
7,46,2026,3,23,8,9,10,22
7,54,2026,3,23,20,6,14,14
8,0,2026,3,23,20,3,0,17
8,8,2026,3,23,8,10,5,22
8,18,2026,3,23,15,16,7,31
8,27,2026,3,23,14,14,13,32
8,37,2026,3,23,15,8,3,37
8,46,2026,3,23,8,19,16,40
8,54,2026,3,23,20,3,20,23
9,0,2026,3,23,20,2,0,25
9,8,2026,3,23,8,6,4,27
9,18,2026,3,23,15,5,11,21
9,27,2026,3,23,14,2,18,5
9,37,2026,3,23,15,4,0,9
9,46,2026,3,23,8,3,3,9
9,54,2026,3,23,20,5,5,9
10,0,2026,3,23,20,3,0,12
10,8,2026,3,23,8,5,0,17
10,18,2026,3,23,15,5,5,17
10,27,2026,3,23,14,6,14,9
10,37,2026,3,23,15,2,2,9
10,46,2026,3,23,8,2,5,6
10,54,2026,3,23,20,5,3,8
11,0,2026,3,23,20,5,0,13
11,8,2026,3,23,8,2,4,11
11,18,2026,3,23,15,5,4,12
11,27,2026,3,23,14,6,8,10
11,37,2026,3,23,15,2,3,9
11,46,2026,3,23,8,4,2,11
11,54,2026,3,23,20,4,8,7
12,0,2026,3,23,20,3,0,10
12,8,2026,3,23,8,6,2,14
12,18,2026,3,23,15,3,8,9
12,27,2026,3,23,14,5,5,9
12,37,2026,3,23,15,6,1,14
12,46,2026,3,23,8,5,6,13
12,54,2026,3,23,20,5,10,8
13,0,2026,3,23,20,5,0,13
13,8,2026,3,23,8,4,3,14
13,18,2026,3,23,15,6,5,15
13,27,2026,3,23,14,5,9,11
13,37,2026,3,23,15,5,2,14
13,46,2026,3,23,8,2,6,10
13,54,2026,3,23,20,2,7,5
14,0,2026,3,23,20,6,0,11
14,8,2026,3,23,8,5,4,12
14,18,2026,3,23,15,3,5,10
14,27,2026,3,23,14,5,7,8
14,37,2026,3,23,15,5,2,11
14,46,2026,3,23,8,2,3,10
14,54,2026,3,23,20,6,7,9
15,0,2026,3,23,20,4,0,13
15,8,2026,3,23,8,2,2,13
15,18,2026,3,23,15,6,8,11
15,27,2026,3,23,14,2,8,5
15,37,2026,3,23,15,6,0,11
15,46,2026,3,23,8,2,4,9
15,54,2026,3,23,20,6,7,8
16,0,2026,3,23,20,4,0,12
16,8,2026,3,23,8,4,4,12
16,18,2026,3,23,15,6,6,12
16,27,2026,3,23,14,6,7,11
16,37,2026,3,23,15,4,3,12
16,46,2026,3,23,8,5,7,10
16,54,2026,3,23,20,5,7,8
17,0,2026,3,23,20,5,0,13
17,8,2026,3,23,8,6,2,17
17,18,2026,3,23,15,6,8,15
17,27,2026,3,23,14,3,9,9
17,37,2026,3,23,15,4,1,12
17,46,2026,3,23,8,6,1,17
17,54,2026,3,23,20,6,9,14
18,0,2026,3,23,20,6,0,20
18,8,2026,3,23,8,6,1,25
18,18,2026,3,23,15,3,9,19
18,27,2026,3,23,14,3,14,8
18,37,2026,3,23,15,3,1,10
18,46,2026,3,23,8,2,3,9
18,54,2026,3,23,20,5,6,8
19,0,2026,3,23,20,6,0,14
19,8,2026,3,23,8,3,4,13
19,18,2026,3,23,15,4,6,11
19,27,2026,3,23,14,5,6,10
19,37,2026,3,23,15,2,2,10
19,46,2026,3,23,8,5,3,12
19,54,2026,3,23,20,3,10,5
20,0,2026,3,23,20,3,0,8
20,8,2026,3,23,8,4,5,7
20,18,2026,3,23,15,6,3,10
20,27,2026,3,23,14,6,5,11
20,37,2026,3,23,15,3,1,13
20,46,2026,3,23,8,2,4,11
20,54,2026,3,23,20,5,9,7
21,0,2026,3,23,20,5,0,12
21,8,2026,3,23,8,6,2,16
21,18,2026,3,23,15,5,6,15
21,27,2026,3,23,14,3,13,5
21,37,2026,3,23,15,5,2,8
21,46,2026,3,23,8,3,4,7
21,54,2026,3,23,20,3,5,5
22,0,2026,3,23,20,6,0,11
22,8,2026,3,23,8,3,3,11
22,18,2026,3,23,15,4,7,8
22,27,2026,3,23,14,2,3,7
22,37,2026,3,23,15,5,1,11
22,46,2026,3,23,8,4,2,13
22,54,2026,3,23,20,5,7,11
23,0,2026,3,23,20,2,0,13
23,8,2026,3,23,8,2,3,12
23,18,2026,3,23,15,2,4,10
23,27,2026,3,23,14,3,8,5
23,37,2026,3,23,15,3,2,6
23,46,2026,3,23,8,2,0,8
23,54,2026,3,23,20,0,8,0
6,0,2026,3,24,20,5,0,5
6,8,2026,3,24,8,8,2,11
6,18,2026,3,24,15,11,2,20
6,27,2026,3,24,14,8,9,19
6,37,2026,3,24,15,20,3,36
6,46,2026,3,24,8,14,14,36
6,54,2026,3,24,20,3,18,21
7,0,2026,3,24,20,5,0,26
7,8,2026,3,24,8,12,1,37
7,18,2026,3,24,15,19,14,42
7,27,2026,3,24,14,21,20,43
7,37,2026,3,24,15,11,6,48
7,46,2026,3,24,8,15,20,43
7,54,2026,3,24,20,5,20,28
8,0,2026,3,24,20,2,0,30
8,8,2026,3,24,8,17,0,47
8,18,2026,3,24,15,6,19,34
8,27,2026,3,24,14,9,20,23
8,37,2026,3,24,15,7,3,27
8,46,2026,3,24,8,22,11,38
8,54,2026,3,24,20,4,18,24
9,0,2026,3,24,20,5,0,29
9,8,2026,3,24,8,2,3,28
9,18,2026,3,24,15,3,10,21
9,27,2026,3,24,14,3,18,6
9,37,2026,3,24,15,5,2,9
9,46,2026,3,24,8,4,2,11
9,54,2026,3,24,20,2,8,5
10,0,2026,3,24,20,4,0,9
10,8,2026,3,24,8,6,1,14
10,18,2026,3,24,15,4,6,12
10,27,2026,3,24,14,2,9,5
10,37,2026,3,24,15,4,1,8
10,46,2026,3,24,8,5,4,9
10,54,2026,3,24,20,5,3,11
11,0,2026,3,24,20,4,0,15
11,8,2026,3,24,8,6,4,17
11,18,2026,3,24,15,3,6,14
11,27,2026,3,24,14,4,9,9
11,37,2026,3,24,15,6,1,14
11,46,2026,3,24,8,5,5,14
11,54,2026,3,24,20,4,9,9
12,0,2026,3,24,20,4,0,13
12,8,2026,3,24,8,5,3,15
12,18,2026,3,24,15,3,5,13
12,27,2026,3,24,14,6,10,9
12,37,2026,3,24,15,5,4,10
12,46,2026,3,24,8,2,4,8
12,54,2026,3,24,20,4,6,6
13,0,2026,3,24,20,5,0,11
13,8,2026,3,24,8,2,5,8
13,18,2026,3,24,15,3,3,8
13,27,2026,3,24,14,6,6,8
13,37,2026,3,24,15,5,2,11
13,46,2026,3,24,8,4,3,12
13,54,2026,3,24,20,6,7,11
14,0,2026,3,24,20,5,0,16
14,8,2026,3,24,8,3,4,15
14,18,2026,3,24,15,6,9,12
14,27,2026,3,24,14,3,5,10
14,37,2026,3,24,15,3,1,12
14,46,2026,3,24,8,5,8,9
14,54,2026,3,24,20,6,5,10
15,0,2026,3,24,20,6,0,16
15,8,2026,3,24,8,6,5,17
15,18,2026,3,24,15,6,5,18
15,27,2026,3,24,14,2,15,5
15,37,2026,3,24,15,4,1,8
15,46,2026,3,24,8,2,3,7
15,54,2026,3,24,20,2,3,6
16,0,2026,3,24,20,4,0,10
16,8,2026,3,24,8,6,0,16
16,18,2026,3,24,15,3,1,18
16,27,2026,3,24,14,3,13,8
16,37,2026,3,24,15,2,3,7
16,46,2026,3,24,8,3,1,9
16,54,2026,3,24,20,6,6,9
17,0,2026,3,24,20,4,0,13
17,8,2026,3,24,8,4,7,10
17,18,2026,3,24,15,5,2,13
17,27,2026,3,24,14,5,8,10
17,37,2026,3,24,15,5,1,14
17,46,2026,3,24,8,4,4,14
17,54,2026,3,24,20,6,9,11
18,0,2026,3,24,20,3,0,14
18,8,2026,3,24,8,3,4,13
18,18,2026,3,24,15,3,5,11
18,27,2026,3,24,14,3,8,6
18,37,2026,3,24,15,5,1,10
18,46,2026,3,24,8,2,1,11
18,54,2026,3,24,20,3,7,7
19,0,2026,3,24,20,5,0,12
19,8,2026,3,24,8,4,2,14
19,18,2026,3,24,15,4,6,12
19,27,2026,3,24,14,5,8,9
19,37,2026,3,24,15,2,3,8
19,46,2026,3,24,8,3,1,10
19,54,2026,3,24,20,5,8,7
20,0,2026,3,24,20,4,0,11
20,8,2026,3,24,8,3,3,11
20,18,2026,3,24,15,4,5,10
20,27,2026,3,24,14,3,6,7
20,37,2026,3,24,15,2,1,8
20,46,2026,3,24,8,4,3,9
20,54,2026,3,24,20,6,4,11
21,0,2026,3,24,20,2,0,13
21,8,2026,3,24,8,3,1,15
21,18,2026,3,24,15,4,8,11
21,27,2026,3,24,14,5,9,7
21,37,2026,3,24,15,2,3,6
21,46,2026,3,24,8,5,2,9
21,54,2026,3,24,20,3,5,7
22,0,2026,3,24,20,3,0,10
22,8,2026,3,24,8,6,2,14
22,18,2026,3,24,15,6,4,16
22,27,2026,3,24,14,6,8,14
22,37,2026,3,24,15,6,2,18
22,46,2026,3,24,8,6,6,18
22,54,2026,3,24,20,3,14,7
23,0,2026,3,24,20,5,0,12
23,8,2026,3,24,8,4,1,15
23,18,2026,3,24,15,5,6,14
23,27,2026,3,24,14,3,10,7
23,37,2026,3,24,15,2,3,6
23,46,2026,3,24,8,2,3,5
23,54,2026,3,24,20,0,5,0
6,0,2026,3,25,20,6,0,6
6,8,2026,3,25,8,15,1,20
6,18,2026,3,25,15,14,8,26
6,27,2026,3,25,14,7,8,25
6,37,2026,3,25,15,17,0,42
6,46,2026,3,25,8,10,13,39
6,54,2026,3,25,20,3,20,22
7,0,2026,3,25,20,2,0,24
7,8,2026,3,25,8,13,3,34
7,18,2026,3,25,15,5,9,30
7,27,2026,3,25,14,6,20,16
7,37,2026,3,25,15,5,4,17
7,46,2026,3,25,8,10,4,23
7,54,2026,3,25,20,2,17,8
8,0,2026,3,25,20,4,0,12
8,8,2026,3,25,8,16,3,25
8,18,2026,3,25,15,19,14,30
8,27,2026,3,25,14,17,16,31
8,37,2026,3,25,15,9,4,36
8,46,2026,3,25,8,12,18,30
8,54,2026,3,25,20,6,18,18
9,0,2026,3,25,20,6,0,24
9,8,2026,3,25,8,5,2,27
9,18,2026,3,25,15,3,5,25
9,27,2026,3,25,14,4,20,9
9,37,2026,3,25,15,5,2,12
9,46,2026,3,25,8,5,4,13
9,54,2026,3,25,20,4,7,10
10,0,2026,3,25,20,4,0,14
10,8,2026,3,25,8,5,1,18
10,18,2026,3,25,15,2,5,15
10,27,2026,3,25,14,4,11,8
10,37,2026,3,25,15,3,3,8
10,46,2026,3,25,8,5,4,9
10,54,2026,3,25,20,2,5,6
11,0,2026,3,25,20,3,0,9
11,8,2026,3,25,8,2,3,8
11,18,2026,3,25,15,4,2,10
11,27,2026,3,25,14,3,5,8
11,37,2026,3,25,15,3,0,11
11,46,2026,3,25,8,6,6,11
11,54,2026,3,25,20,4,7,8
12,0,2026,3,25,20,6,0,14
12,8,2026,3,25,8,5,4,15
12,18,2026,3,25,15,2,9,8
12,27,2026,3,25,14,6,6,8
12,37,2026,3,25,15,2,2,8
12,46,2026,3,25,8,4,3,9
12,54,2026,3,25,20,3,6,6
13,0,2026,3,25,20,5,0,11
13,8,2026,3,25,8,4,2,13
13,18,2026,3,25,15,3,6,10
13,27,2026,3,25,14,6,6,10
13,37,2026,3,25,15,3,1,12
13,46,2026,3,25,8,6,4,14
13,54,2026,3,25,20,3,7,10
14,0,2026,3,25,20,3,0,13
14,8,2026,3,25,8,6,2,17
14,18,2026,3,25,15,4,3,18
14,27,2026,3,25,14,3,14,7
14,37,2026,3,25,15,3,3,7
14,46,2026,3,25,8,5,2,10
14,54,2026,3,25,20,3,4,9
15,0,2026,3,25,20,5,0,14
15,8,2026,3,25,8,6,3,17
15,18,2026,3,25,15,2,10,9
15,27,2026,3,25,14,4,9,4
15,37,2026,3,25,15,4,2,6
15,46,2026,3,25,8,5,1,10
15,54,2026,3,25,20,5,4,11
16,0,2026,3,25,20,2,0,13
16,8,2026,3,25,8,6,3,16
16,18,2026,3,25,15,6,6,16
16,27,2026,3,25,14,6,11,11
16,37,2026,3,25,15,2,1,12
16,46,2026,3,25,8,6,5,13
16,54,2026,3,25,20,3,9,7
17,0,2026,3,25,20,3,0,10
17,8,2026,3,25,8,6,2,14
17,18,2026,3,25,15,5,8,11
17,27,2026,3,25,14,5,6,10
17,37,2026,3,25,15,2,0,12
17,46,2026,3,25,8,2,8,6
17,54,2026,3,25,20,4,3,7
18,0,2026,3,25,20,3,0,10
18,8,2026,3,25,8,3,4,9
18,18,2026,3,25,15,3,3,9
18,27,2026,3,25,14,6,7,8
18,37,2026,3,25,15,5,1,12
18,46,2026,3,25,8,5,4,13
18,54,2026,3,25,20,3,9,7
19,0,2026,3,25,20,6,0,13
19,8,2026,3,25,8,6,4,15
19,18,2026,3,25,15,3,6,12
19,27,2026,3,25,14,5,11,6
19,37,2026,3,25,15,3,2,7
19,46,2026,3,25,8,5,2,10
19,54,2026,3,25,20,5,6,9
20,0,2026,3,25,20,4,0,13
20,8,2026,3,25,8,2,1,14
20,18,2026,3,25,15,4,6,12
20,27,2026,3,25,14,4,9,7
20,37,2026,3,25,15,2,1,8
20,46,2026,3,25,8,3,2,9
20,54,2026,3,25,20,5,8,6
21,0,2026,3,25,20,3,0,9
21,8,2026,3,25,8,6,3,12
21,18,2026,3,25,15,3,3,12
21,27,2026,3,25,14,2,6,8
21,37,2026,3,25,15,5,2,11
21,46,2026,3,25,8,5,0,16
21,54,2026,3,25,20,5,8,13
22,0,2026,3,25,20,2,0,15
22,8,2026,3,25,8,4,4,15
22,18,2026,3,25,15,5,3,17
22,27,2026,3,25,14,2,13,6
22,37,2026,3,25,15,6,0,12
22,46,2026,3,25,8,3,3,12
22,54,2026,3,25,20,5,9,8
23,0,2026,3,25,20,2,0,10
23,8,2026,3,25,8,6,3,13
23,18,2026,3,25,15,3,7,9
23,27,2026,3,25,14,6,6,9
23,37,2026,3,25,15,3,1,11
23,46,2026,3,25,8,4,5,10
23,54,2026,3,25,20,0,10,0
6,0,2026,3,26,20,6,0,6
6,8,2026,3,26,8,19,5,20
6,18,2026,3,26,15,7,8,19
6,27,2026,3,26,14,9,9,19
6,37,2026,3,26,15,12,4,27
6,46,2026,3,26,8,16,8,35
6,54,2026,3,26,20,5,20,20
7,0,2026,3,26,20,6,0,26
7,8,2026,3,26,8,8,6,28
7,18,2026,3,26,15,21,8,41
7,27,2026,3,26,14,6,20,27
7,37,2026,3,26,15,15,2,40
7,46,2026,3,26,8,21,15,46
7,54,2026,3,26,20,6,20,32
8,0,2026,3,26,20,4,0,36
8,8,2026,3,26,8,16,4,48
8,18,2026,3,26,15,7,17,38
8,27,2026,3,26,14,22,20,40
8,37,2026,3,26,15,17,5,52
8,46,2026,3,26,8,16,20,48
8,54,2026,3,26,20,6,20,34
9,0,2026,3,26,20,5,0,39
9,8,2026,3,26,8,3,8,34
9,18,2026,3,26,15,4,13,25
9,27,2026,3,26,14,5,20,10
9,37,2026,3,26,15,2,3,9
9,46,2026,3,26,8,3,5,7
9,54,2026,3,26,20,5,4,8
10,0,2026,3,26,20,2,0,10
10,8,2026,3,26,8,3,2,11
10,18,2026,3,26,15,2,7,6
10,27,2026,3,26,14,3,4,5
10,37,2026,3,26,15,4,0,9
10,46,2026,3,26,8,2,5,6
10,54,2026,3,26,20,2,5,3
11,0,2026,3,26,20,6,0,9
11,8,2026,3,26,8,4,1,12
11,18,2026,3,26,15,4,6,10
11,27,2026,3,26,14,4,6,8
11,37,2026,3,26,15,3,2,9
11,46,2026,3,26,8,3,7,5
11,54,2026,3,26,20,2,1,6
12,0,2026,3,26,20,5,0,11
12,8,2026,3,26,8,5,1,15
12,18,2026,3,26,15,2,5,12
12,27,2026,3,26,14,5,7,10
12,37,2026,3,26,15,3,3,10
12,46,2026,3,26,8,4,5,9
12,54,2026,3,26,20,2,9,2
13,0,2026,3,26,20,3,0,5
13,8,2026,3,26,8,2,2,5
13,18,2026,3,26,15,5,3,7
13,27,2026,3,26,14,5,3,9
13,37,2026,3,26,15,4,3,10
13,46,2026,3,26,8,2,4,8
13,54,2026,3,26,20,2,6,4
14,0,2026,3,26,20,5,0,9
14,8,2026,3,26,8,5,4,10
14,18,2026,3,26,15,5,6,9
14,27,2026,3,26,14,2,4,7
14,37,2026,3,26,15,3,0,10
14,46,2026,3,26,8,4,3,11
14,54,2026,3,26,20,4,8,7
15,0,2026,3,26,20,4,0,11
15,8,2026,3,26,8,2,2,11
15,18,2026,3,26,15,4,5,10
15,27,2026,3,26,14,2,6,6
15,37,2026,3,26,15,5,0,11
15,46,2026,3,26,8,5,5,11
15,54,2026,3,26,20,5,5,11
16,0,2026,3,26,20,5,0,16
16,8,2026,3,26,8,5,3,18
16,18,2026,3,26,15,4,10,12
16,27,2026,3,26,14,6,9,9
16,37,2026,3,26,15,5,2,12
16,46,2026,3,26,8,3,7,8
16,54,2026,3,26,20,2,4,6
17,0,2026,3,26,20,4,0,10
17,8,2026,3,26,8,2,3,9
17,18,2026,3,26,15,5,5,9
17,27,2026,3,26,14,3,7,5
17,37,2026,3,26,15,2,1,6
17,46,2026,3,26,8,6,2,10
17,54,2026,3,26,20,4,5,9
18,0,2026,3,26,20,6,0,15
18,8,2026,3,26,8,3,2,16
18,18,2026,3,26,15,3,8,11
18,27,2026,3,26,14,4,6,9
18,37,2026,3,26,15,6,0,15
18,46,2026,3,26,8,3,5,13
18,54,2026,3,26,20,4,9,8
19,0,2026,3,26,20,6,0,14
19,8,2026,3,26,8,3,3,14
19,18,2026,3,26,15,4,7,11
19,27,2026,3,26,14,6,7,10
19,37,2026,3,26,15,4,2,12
19,46,2026,3,26,8,3,4,11
19,54,2026,3,26,20,3,4,10
20,0,2026,3,26,20,4,0,14
20,8,2026,3,26,8,4,5,13
20,18,2026,3,26,15,5,3,15
20,27,2026,3,26,14,5,10,10
20,37,2026,3,26,15,5,1,14
20,46,2026,3,26,8,3,4,13
20,54,2026,3,26,20,6,11,8
21,0,2026,3,26,20,6,0,14
21,8,2026,3,26,8,3,7,10
21,18,2026,3,26,15,4,4,10
21,27,2026,3,26,14,2,6,6
21,37,2026,3,26,15,3,1,8
21,46,2026,3,26,8,2,3,7
21,54,2026,3,26,20,5,5,7
22,0,2026,3,26,20,2,0,9
22,8,2026,3,26,8,3,4,8
22,18,2026,3,26,15,3,5,6
22,27,2026,3,26,14,2,1,7
22,37,2026,3,26,15,6,0,13
22,46,2026,3,26,8,2,4,11
22,54,2026,3,26,20,2,9,4
23,0,2026,3,26,20,3,0,7
23,8,2026,3,26,8,3,2,8
23,18,2026,3,26,15,5,2,11
23,27,2026,3,26,14,2,5,8
23,37,2026,3,26,15,5,1,12
23,46,2026,3,26,8,4,7,9
23,54,2026,3,26,20,0,9,0
6,0,2026,3,27,20,5,0,5
6,8,2026,3,27,8,19,1,23
6,18,2026,3,27,15,18,9,32
6,27,2026,3,27,14,22,15,39
6,37,2026,3,27,15,9,8,40
6,46,2026,3,27,8,6,17,29
6,54,2026,3,27,20,5,20,14
7,0,2026,3,27,20,3,0,17
7,8,2026,3,27,8,15,3,29
7,18,2026,3,27,15,19,7,41
7,27,2026,3,27,14,17,19,39
7,37,2026,3,27,15,14,8,45
7,46,2026,3,27,8,13,16,42
7,54,2026,3,27,20,3,20,25
8,0,2026,3,27,20,2,0,27
8,8,2026,3,27,8,8,2,33
8,18,2026,3,27,15,5,12,26
8,27,2026,3,27,14,10,20,16
8,37,2026,3,27,15,17,3,30
8,46,2026,3,27,8,18,16,32
8,54,2026,3,27,20,4,19,17
9,0,2026,3,27,20,5,0,22
9,8,2026,3,27,8,2,1,23
9,18,2026,3,27,15,2,8,17
9,27,2026,3,27,14,2,14,5
9,37,2026,3,27,15,3,0,8
9,46,2026,3,27,8,3,6,5
9,54,2026,3,27,20,4,3,6
10,0,2026,3,27,20,4,0,10
10,8,2026,3,27,8,4,3,11
10,18,2026,3,27,15,5,6,10
10,27,2026,3,27,14,5,5,10
10,37,2026,3,27,15,6,1,15
10,46,2026,3,27,8,5,3,17
10,54,2026,3,27,20,5,10,12
11,0,2026,3,27,20,3,0,15
11,8,2026,3,27,8,4,1,18
11,18,2026,3,27,15,6,9,15
11,27,2026,3,27,14,5,9,11
11,37,2026,3,27,15,6,0,17
11,46,2026,3,27,8,2,9,10
11,54,2026,3,27,20,4,8,6
12,0,2026,3,27,20,4,0,10
12,8,2026,3,27,8,5,5,10
12,18,2026,3,27,15,6,5,11
12,27,2026,3,27,14,2,6,7
12,37,2026,3,27,15,6,0,13
12,46,2026,3,27,8,5,7,11
12,54,2026,3,27,20,6,6,11
13,0,2026,3,27,20,6,0,17
13,8,2026,3,27,8,2,3,16
13,18,2026,3,27,15,3,10,9
13,27,2026,3,27,14,2,4,7
13,37,2026,3,27,15,3,2,8
13,46,2026,3,27,8,6,2,12
13,54,2026,3,27,20,6,6,12
14,0,2026,3,27,20,5,0,17
14,8,2026,3,27,8,5,2,20
14,18,2026,3,27,15,6,8,18
14,27,2026,3,27,14,5,14,9
14,37,2026,3,27,15,3,5,7
14,46,2026,3,27,8,6,1,12
14,54,2026,3,27,20,4,8,8
15,0,2026,3,27,20,6,0,14
15,8,2026,3,27,8,3,5,12
15,18,2026,3,27,15,4,6,10
15,27,2026,3,27,14,5,8,7
15,37,2026,3,27,15,3,1,9
15,46,2026,3,27,8,5,2,12
15,54,2026,3,27,20,4,8,8
16,0,2026,3,27,20,6,0,14
16,8,2026,3,27,8,4,6,12
16,18,2026,3,27,15,5,7,10
16,27,2026,3,27,14,2,4,8
16,37,2026,3,27,15,6,0,14
16,46,2026,3,27,8,5,2,17
16,54,2026,3,27,20,2,12,7
17,0,2026,3,27,20,5,0,12
17,8,2026,3,27,8,5,1,16
17,18,2026,3,27,15,6,8,14
17,27,2026,3,27,14,4,11,7
17,37,2026,3,27,15,4,2,9
17,46,2026,3,27,8,5,1,13
17,54,2026,3,27,20,2,8,7
18,0,2026,3,27,20,2,0,9
18,8,2026,3,27,8,4,3,10
18,18,2026,3,27,15,6,4,12
18,27,2026,3,27,14,4,4,12
18,37,2026,3,27,15,4,1,15
18,46,2026,3,27,8,6,8,13
18,54,2026,3,27,20,5,10,8
19,0,2026,3,27,20,3,0,11
19,8,2026,3,27,8,4,3,12
19,18,2026,3,27,15,4,6,10
19,27,2026,3,27,14,3,6,7
19,37,2026,3,27,15,5,2,10
19,46,2026,3,27,8,3,5,8
19,54,2026,3,27,20,3,5,6
20,0,2026,3,27,20,5,0,11
20,8,2026,3,27,8,2,2,11
20,18,2026,3,27,15,4,5,10
20,27,2026,3,27,14,4,9,5
20,37,2026,3,27,15,6,0,11
20,46,2026,3,27,8,6,4,13
20,54,2026,3,27,20,4,10,7
21,0,2026,3,27,20,4,0,11
21,8,2026,3,27,8,4,2,13
21,18,2026,3,27,15,4,5,12
21,27,2026,3,27,14,5,9,8
21,37,2026,3,27,15,4,2,10
21,46,2026,3,27,8,2,6,6
21,54,2026,3,27,20,4,4,6
22,0,2026,3,27,20,3,0,9
22,8,2026,3,27,8,6,4,11
22,18,2026,3,27,15,5,4,12
22,27,2026,3,27,14,3,6,9
22,37,2026,3,27,15,2,0,11
22,46,2026,3,27,8,5,4,12
22,54,2026,3,27,20,5,8,9
23,0,2026,3,27,20,6,0,15
23,8,2026,3,27,8,4,1,18
23,18,2026,3,27,15,3,8,13
23,27,2026,3,27,14,6,9,10
23,37,2026,3,27,15,4,1,13
23,46,2026,3,27,8,2,5,10
23,54,2026,3,27,20,0,10,0
6,0,2026,3,28,20,4,0,4
6,8,2026,3,28,8,16,2,18
6,18,2026,3,28,15,17,5,30
6,27,2026,3,28,14,6,13,23
6,37,2026,3,28,15,20,2,41
6,46,2026,3,28,8,19,15,45
6,54,2026,3,28,20,2,20,27
7,0,2026,3,28,20,3,0,30
7,8,2026,3,28,8,7,2,35
7,18,2026,3,28,15,10,14,31
7,27,2026,3,28,14,12,20,23
7,37,2026,3,28,15,14,7,30
7,46,2026,3,28,8,22,15,37
7,54,2026,3,28,20,2,20,19
8,0,2026,3,28,20,2,0,21
8,8,2026,3,28,8,15,0,36
8,18,2026,3,28,15,22,14,44
8,27,2026,3,28,14,22,20,46
8,37,2026,3,28,15,7,8,45
8,46,2026,3,28,8,12,20,37
8,54,2026,3,28,20,3,20,20
9,0,2026,3,28,20,4,0,24
9,8,2026,3,28,8,5,4,25
9,18,2026,3,28,15,5,11,19
9,27,2026,3,28,14,4,16,7
9,37,2026,3,28,15,5,1,11
9,46,2026,3,28,8,4,5,10
9,54,2026,3,28,20,3,4,9
10,0,2026,3,28,20,2,0,11
10,8,2026,3,28,8,2,1,12
10,18,2026,3,28,15,6,4,14
10,27,2026,3,28,14,3,8,9
10,37,2026,3,28,15,5,1,13
10,46,2026,3,28,8,3,6,10
10,54,2026,3,28,20,3,7,6
11,0,2026,3,28,20,6,0,12
11,8,2026,3,28,8,4,3,13
11,18,2026,3,28,15,4,3,14
11,27,2026,3,28,14,5,7,12
11,37,2026,3,28,15,3,2,13
11,46,2026,3,28,8,4,5,12
11,54,2026,3,28,20,6,7,11
12,0,2026,3,28,20,4,0,15
12,8,2026,3,28,8,5,5,15
12,18,2026,3,28,15,6,5,16
12,27,2026,3,28,14,3,11,8
12,37,2026,3,28,15,4,1,11
12,46,2026,3,28,8,4,4,11
12,54,2026,3,28,20,3,6,8
13,0,2026,3,28,20,4,0,12
13,8,2026,3,28,8,4,1,15
13,18,2026,3,28,15,4,5,14
13,27,2026,3,28,14,6,11,9
13,37,2026,3,28,15,4,3,10
13,46,2026,3,28,8,3,3,10
13,54,2026,3,28,20,6,8,8
14,0,2026,3,28,20,6,0,14
14,8,2026,3,28,8,2,5,11
14,18,2026,3,28,15,2,4,9
14,27,2026,3,28,14,5,5,9
14,37,2026,3,28,15,6,1,14
14,46,2026,3,28,8,6,7,13
14,54,2026,3,28,20,4,10,7
15,0,2026,3,28,20,3,0,10
15,8,2026,3,28,8,4,3,11
15,18,2026,3,28,15,5,6,10
15,27,2026,3,28,14,3,6,7
15,37,2026,3,28,15,5,1,11
15,46,2026,3,28,8,3,4,10
15,54,2026,3,28,20,6,5,11
16,0,2026,3,28,20,5,0,16
16,8,2026,3,28,8,4,5,15
16,18,2026,3,28,15,5,5,15
16,27,2026,3,28,14,4,9,10
16,37,2026,3,28,15,6,0,16
16,46,2026,3,28,8,4,3,17
16,54,2026,3,28,20,3,11,9
17,0,2026,3,28,20,5,0,14
17,8,2026,3,28,8,6,2,18
17,18,2026,3,28,15,2,4,16
17,27,2026,3,28,14,5,12,9
17,37,2026,3,28,15,6,3,12
17,46,2026,3,28,8,4,2,14
17,54,2026,3,28,20,3,8,9
18,0,2026,3,28,20,3,0,12
18,8,2026,3,28,8,6,0,18
18,18,2026,3,28,15,4,8,14
18,27,2026,3,28,14,4,8,10
18,37,2026,3,28,15,6,0,16
18,46,2026,3,28,8,3,1,18
18,54,2026,3,28,20,5,12,11
19,0,2026,3,28,20,4,0,15
19,8,2026,3,28,8,2,3,14
19,18,2026,3,28,15,2,4,12
19,27,2026,3,28,14,3,10,5
19,37,2026,3,28,15,5,2,8
19,46,2026,3,28,8,2,5,5
19,54,2026,3,28,20,2,4,3
20,0,2026,3,28,20,6,0,9
20,8,2026,3,28,8,2,2,9
20,18,2026,3,28,15,3,4,8
20,27,2026,3,28,14,2,4,6
20,37,2026,3,28,15,2,0,8
20,46,2026,3,28,8,6,3,11
20,54,2026,3,28,20,2,3,10
21,0,2026,3,28,20,2,0,12
21,8,2026,3,28,8,3,2,13
21,18,2026,3,28,15,2,4,11
21,27,2026,3,28,14,2,7,6
21,37,2026,3,28,15,2,0,8
21,46,2026,3,28,8,6,3,11
21,54,2026,3,28,20,6,6,11
22,0,2026,3,28,20,4,0,15
22,8,2026,3,28,8,4,2,17
22,18,2026,3,28,15,2,7,12
22,27,2026,3,28,14,5,9,8
22,37,2026,3,28,15,2,0,10
22,46,2026,3,28,8,2,3,9
22,54,2026,3,28,20,5,7,7
23,0,2026,3,28,20,5,0,12
23,8,2026,3,28,8,3,5,10
23,18,2026,3,28,15,4,3,11
23,27,2026,3,28,14,2,8,5
23,37,2026,3,28,15,5,1,9
23,46,2026,3,28,8,3,4,8
23,54,2026,3,28,20,0,8,0
6,0,2026,3,29,20,4,0,4
6,8,2026,3,29,8,7,1,10
6,18,2026,3,29,15,5,2,13
6,27,2026,3,29,14,8,6,15
6,37,2026,3,29,15,11,2,24
6,46,2026,3,29,8,20,8,36
6,54,2026,3,29,20,3,16,23
7,0,2026,3,29,20,3,0,26
7,8,2026,3,29,8,5,2,29
7,18,2026,3,29,15,18,7,40
7,27,2026,3,29,14,22,20,42
7,37,2026,3,29,15,21,7,56
7,46,2026,3,29,8,19,20,55
7,54,2026,3,29,20,2,20,37
8,0,2026,3,29,20,5,0,42
8,8,2026,3,29,8,18,5,55
8,18,2026,3,29,15,18,20,53
8,27,2026,3,29,14,19,20,52
8,37,2026,3,29,15,20,12,60
8,46,2026,3,29,8,6,20,46
8,54,2026,3,29,20,5,20,31
9,0,2026,3,29,20,3,0,34
9,8,2026,3,29,8,2,5,31
9,18,2026,3,29,15,2,9,24
9,27,2026,3,29,14,5,20,9
9,37,2026,3,29,15,2,1,10
9,46,2026,3,29,8,2,1,11
9,54,2026,3,29,20,5,10,6
10,0,2026,3,29,20,2,0,8
10,8,2026,3,29,8,3,1,10
10,18,2026,3,29,15,5,4,11
10,27,2026,3,29,14,6,5,12
10,37,2026,3,29,15,3,1,14
10,46,2026,3,29,8,6,5,15
10,54,2026,3,29,20,5,9,11
11,0,2026,3,29,20,5,0,16
11,8,2026,3,29,8,2,1,17
11,18,2026,3,29,15,3,6,14
11,27,2026,3,29,14,6,10,10
11,37,2026,3,29,15,3,2,11
11,46,2026,3,29,8,5,5,11
11,54,2026,3,29,20,2,5,8
12,0,2026,3,29,20,6,0,14
12,8,2026,3,29,8,5,3,16
12,18,2026,3,29,15,6,7,15
12,27,2026,3,29,14,4,6,13
12,37,2026,3,29,15,2,0,15
12,46,2026,3,29,8,6,5,16
12,54,2026,3,29,20,6,12,10
13,0,2026,3,29,20,2,0,12
13,8,2026,3,29,8,4,2,14
13,18,2026,3,29,15,2,10,6
13,27,2026,3,29,14,3,3,6
13,37,2026,3,29,15,6,0,12
13,46,2026,3,29,8,2,5,9
13,54,2026,3,29,20,5,5,9
14,0,2026,3,29,20,3,0,12
14,8,2026,3,29,8,5,2,15
14,18,2026,3,29,15,4,8,11
14,27,2026,3,29,14,4,7,8
14,37,2026,3,29,15,4,1,11
14,46,2026,3,29,8,5,4,12
14,54,2026,3,29,20,4,7,9
15,0,2026,3,29,20,6,0,15
15,8,2026,3,29,8,6,2,19
15,18,2026,3,29,15,5,6,18
15,27,2026,3,29,14,2,14,6
15,37,2026,3,29,15,5,0,11
15,46,2026,3,29,8,3,2,12
15,54,2026,3,29,20,6,6,12
16,0,2026,3,29,20,3,0,15
16,8,2026,3,29,8,6,2,19
16,18,2026,3,29,15,4,5,18
16,27,2026,3,29,14,6,12,12
16,37,2026,3,29,15,6,2,16
16,46,2026,3,29,8,4,7,13
16,54,2026,3,29,20,6,9,10
17,0,2026,3,29,20,2,0,12
17,8,2026,3,29,8,4,4,12
17,18,2026,3,29,15,3,1,14
17,27,2026,3,29,14,2,10,6
17,37,2026,3,29,15,2,1,7
17,46,2026,3,29,8,6,2,11
17,54,2026,3,29,20,5,5,11
18,0,2026,3,29,20,6,0,17
18,8,2026,3,29,8,2,3,16
18,18,2026,3,29,15,3,7,12
18,27,2026,3,29,14,2,10,4
18,37,2026,3,29,15,6,0,10
18,46,2026,3,29,8,4,7,7
18,54,2026,3,29,20,2,3,6
19,0,2026,3,29,20,6,0,12
19,8,2026,3,29,8,2,2,12
19,18,2026,3,29,15,5,7,10
19,27,2026,3,29,14,6,8,8
19,37,2026,3,29,15,5,3,10
19,46,2026,3,29,8,2,1,11
19,54,2026,3,29,20,6,7,10
20,0,2026,3,29,20,2,0,12
20,8,2026,3,29,8,2,1,13
20,18,2026,3,29,15,4,6,11
20,27,2026,3,29,14,4,8,7
20,37,2026,3,29,15,3,0,10
20,46,2026,3,29,8,2,5,7
20,54,2026,3,29,20,4,5,6
21,0,2026,3,29,20,4,0,10
21,8,2026,3,29,8,2,5,7
21,18,2026,3,29,15,2,2,7
21,27,2026,3,29,14,6,4,9
21,37,2026,3,29,15,5,3,11
21,46,2026,3,29,8,5,6,10
21,54,2026,3,29,20,4,7,7
22,0,2026,3,29,20,2,0,9
22,8,2026,3,29,8,6,3,12
22,18,2026,3,29,15,4,5,11
22,27,2026,3,29,14,6,7,10
22,37,2026,3,29,15,3,0,13
22,46,2026,3,29,8,6,6,13
22,54,2026,3,29,20,5,7,11
23,0,2026,3,29,20,6,0,17
23,8,2026,3,29,8,6,3,20
23,18,2026,3,29,15,2,10,12
23,27,2026,3,29,14,6,7,11
23,37,2026,3,29,15,3,1,13
23,46,2026,3,29,8,3,5,11
23,54,2026,3,29,20,0,11,0
6,0,2026,3,30,20,3,0,3
6,8,2026,3,30,8,18,1,20
6,18,2026,3,30,15,13,6,27
6,27,2026,3,30,14,14,12,29
6,37,2026,3,30,15,12,6,35
6,46,2026,3,30,8,6,16,25
6,54,2026,3,30,20,2,19,8
7,0,2026,3,30,20,4,0,12
7,8,2026,3,30,8,17,1,28
7,18,2026,3,30,15,22,6,44
7,27,2026,3,30,14,21,20,45
7,37,2026,3,30,15,6,7,44
7,46,2026,3,30,8,5,20,29
7,54,2026,3,30,20,4,20,13
8,0,2026,3,30,20,4,0,17
8,8,2026,3,30,8,22,1,38
8,18,2026,3,30,15,21,11,48
8,27,2026,3,30,14,9,20,37
8,37,2026,3,30,15,13,4,46
8,46,2026,3,30,8,21,20,47
8,54,2026,3,30,20,4,20,31
9,0,2026,3,30,20,5,0,36
9,8,2026,3,30,8,5,1,40
9,18,2026,3,30,15,2,17,25
9,27,2026,3,30,14,5,20,10
9,37,2026,3,30,15,4,3,11
9,46,2026,3,30,8,2,3,10
9,54,2026,3,30,20,2,9,3
10,0,2026,3,30,20,5,0,8
10,8,2026,3,30,8,2,2,8
10,18,2026,3,30,15,4,5,7
10,27,2026,3,30,14,5,3,9
10,37,2026,3,30,15,3,1,11
10,46,2026,3,30,8,4,7,8
10,54,2026,3,30,20,3,4,7
11,0,2026,3,30,20,3,0,10
11,8,2026,3,30,8,2,2,10
11,18,2026,3,30,15,5,6,9
11,27,2026,3,30,14,3,5,7
11,37,2026,3,30,15,3,0,10
11,46,2026,3,30,8,4,6,8
11,54,2026,3,30,20,3,5,6
12,0,2026,3,30,20,4,0,10
12,8,2026,3,30,8,6,2,14
12,18,2026,3,30,15,5,6,13
12,27,2026,3,30,14,5,8,10
12,37,2026,3,30,15,5,2,13
12,46,2026,3,30,8,4,6,11
12,54,2026,3,30,20,6,9,8
13,0,2026,3,30,20,3,0,11
13,8,2026,3,30,8,2,3,10
13,18,2026,3,30,15,6,3,13
13,27,2026,3,30,14,2,7,8
13,37,2026,3,30,15,5,1,12
13,46,2026,3,30,8,2,5,9
13,54,2026,3,30,20,5,5,9
14,0,2026,3,30,20,5,0,14
14,8,2026,3,30,8,2,3,13
14,18,2026,3,30,15,6,3,16
14,27,2026,3,30,14,2,9,9
14,37,2026,3,30,15,2,1,10
14,46,2026,3,30,8,5,2,13
14,54,2026,3,30,20,3,8,8
15,0,2026,3,30,20,3,0,11
15,8,2026,3,30,8,5,3,13
15,18,2026,3,30,15,2,7,8
15,27,2026,3,30,14,6,6,8
15,37,2026,3,30,15,4,3,9
15,46,2026,3,30,8,6,5,10
15,54,2026,3,30,20,3,6,7
16,0,2026,3,30,20,3,0,10
16,8,2026,3,30,8,2,1,11
16,18,2026,3,30,15,2,8,5
16,27,2026,3,30,14,4,3,6
16,37,2026,3,30,15,5,1,10
16,46,2026,3,30,8,5,4,11
16,54,2026,3,30,20,5,4,12
17,0,2026,3,30,20,6,0,18
17,8,2026,3,30,8,3,2,19
17,18,2026,3,30,15,2,11,10
17,27,2026,3,30,14,4,8,6
17,37,2026,3,30,15,2,4,4
17,46,2026,3,30,8,3,0,7
17,54,2026,3,30,20,6,2,11
18,0,2026,3,30,20,6,0,17
18,8,2026,3,30,8,6,1,22
18,18,2026,3,30,15,6,8,20
18,27,2026,3,30,14,5,16,9
18,37,2026,3,30,15,5,1,13
18,46,2026,3,30,8,3,3,13
18,54,2026,3,30,20,2,10,5
19,0,2026,3,30,20,2,0,7
19,8,2026,3,30,8,5,1,11
19,18,2026,3,30,15,6,3,14
19,27,2026,3,30,14,2,6,10
19,37,2026,3,30,15,2,0,12
19,46,2026,3,30,8,4,2,14
19,54,2026,3,30,20,2,9,7
20,0,2026,3,30,20,3,0,10
20,8,2026,3,30,8,4,1,13
20,18,2026,3,30,15,4,7,10
20,27,2026,3,30,14,3,7,6
20,37,2026,3,30,15,3,2,7
20,46,2026,3,30,8,5,4,8
20,54,2026,3,30,20,3,3,8
21,0,2026,3,30,20,2,0,10
21,8,2026,3,30,8,3,3,10
21,18,2026,3,30,15,2,6,6
21,27,2026,3,30,14,5,6,5
21,37,2026,3,30,15,2,0,7
21,46,2026,3,30,8,5,4,8
21,54,2026,3,30,20,3,3,8
22,0,2026,3,30,20,5,0,13
22,8,2026,3,30,8,2,1,14
22,18,2026,3,30,15,5,5,14
22,27,2026,3,30,14,6,11,9
22,37,2026,3,30,15,3,3,9
22,46,2026,3,30,8,3,3,9
22,54,2026,3,30,20,3,6,6
23,0,2026,3,30,20,3,0,9
23,8,2026,3,30,8,4,3,10
23,18,2026,3,30,15,5,4,11
23,27,2026,3,30,14,5,6,10
23,37,2026,3,30,15,5,2,13
23,46,2026,3,30,8,3,4,12
23,54,2026,3,30,20,0,12,0
6,0,2026,3,31,20,4,0,4
6,8,2026,3,31,8,11,2,13
6,18,2026,3,31,15,22,5,30
6,27,2026,3,31,14,16,13,33
6,37,2026,3,31,15,15,5,43
6,46,2026,3,31,8,18,18,43
6,54,2026,3,31,20,4,20,27
7,0,2026,3,31,20,5,0,32
7,8,2026,3,31,8,14,6,40
7,18,2026,3,31,15,19,18,41
7,27,2026,3,31,14,5,20,26
7,37,2026,3,31,15,13,1,38
7,46,2026,3,31,8,15,18,35
7,54,2026,3,31,20,6,20,21
8,0,2026,3,31,20,2,0,23
8,8,2026,3,31,8,22,2,43
8,18,2026,3,31,15,21,15,49
8,27,2026,3,31,14,15,20,44
8,37,2026,3,31,15,19,4,59
8,46,2026,3,31,8,6,20,45
8,54,2026,3,31,20,4,20,29
9,0,2026,3,31,20,2,0,31
9,8,2026,3,31,8,2,1,32
9,18,2026,3,31,15,3,11,24
9,27,2026,3,31,14,2,20,6
9,37,2026,3,31,15,5,1,10
9,46,2026,3,31,8,3,3,10
9,54,2026,3,31,20,3,7,6
10,0,2026,3,31,20,6,0,12
10,8,2026,3,31,8,3,1,14
10,18,2026,3,31,15,4,5,13
10,27,2026,3,31,14,3,9,7
10,37,2026,3,31,15,5,1,11
10,46,2026,3,31,8,2,2,11
10,54,2026,3,31,20,3,9,5
11,0,2026,3,31,20,4,0,9
11,8,2026,3,31,8,3,3,9
11,18,2026,3,31,15,6,4,11
11,27,2026,3,31,14,6,4,13
11,37,2026,3,31,15,6,2,17
11,46,2026,3,31,8,2,6,13
11,54,2026,3,31,20,4,11,6
12,0,2026,3,31,20,6,0,12
12,8,2026,3,31,8,2,3,11
12,18,2026,3,31,15,5,3,13
12,27,2026,3,31,14,3,9,7
12,37,2026,3,31,15,6,3,10
12,46,2026,3,31,8,5,3,12
12,54,2026,3,31,20,6,5,13
13,0,2026,3,31,20,4,0,17
13,8,2026,3,31,8,2,4,15
13,18,2026,3,31,15,3,5,13
13,27,2026,3,31,14,2,9,6
13,37,2026,3,31,15,3,0,9
13,46,2026,3,31,8,4,1,12
13,54,2026,3,31,20,3,9,6
14,0,2026,3,31,20,4,0,10
14,8,2026,3,31,8,4,3,11
14,18,2026,3,31,15,6,6,11
14,27,2026,3,31,14,4,6,9
14,37,2026,3,31,15,4,1,12
14,46,2026,3,31,8,2,3,11
14,54,2026,3,31,20,6,6,11
15,0,2026,3,31,20,4,0,15
15,8,2026,3,31,8,6,3,18
15,18,2026,3,31,15,5,6,17
15,27,2026,3,31,14,3,12,8
15,37,2026,3,31,15,6,1,13
15,46,2026,3,31,8,5,5,13
15,54,2026,3,31,20,6,6,13
16,0,2026,3,31,20,5,0,18
16,8,2026,3,31,8,5,5,18
16,18,2026,3,31,15,6,8,16
16,27,2026,3,31,14,5,12,9
16,37,2026,3,31,15,3,2,10
16,46,2026,3,31,8,2,5,7
16,54,2026,3,31,20,5,6,6
17,0,2026,3,31,20,5,0,11
17,8,2026,3,31,8,6,1,16
17,18,2026,3,31,15,3,8,11
17,27,2026,3,31,14,4,5,10
17,37,2026,3,31,15,2,0,12
17,46,2026,3,31,8,3,2,13
17,54,2026,3,31,20,3,9,7
18,0,2026,3,31,20,3,0,10
18,8,2026,3,31,8,2,2,10
18,18,2026,3,31,15,4,4,10
18,27,2026,3,31,14,6,5,11
18,37,2026,3,31,15,6,1,16
18,46,2026,3,31,8,6,5,17
18,54,2026,3,31,20,5,10,12
19,0,2026,3,31,20,5,0,17
19,8,2026,3,31,8,2,2,17
19,18,2026,3,31,15,3,6,14
19,27,2026,3,31,14,4,12,6
19,37,2026,3,31,15,4,0,10
19,46,2026,3,31,8,4,1,13
19,54,2026,3,31,20,2,8,7
20,0,2026,3,31,20,3,0,10
20,8,2026,3,31,8,4,2,12
20,18,2026,3,31,15,3,4,11
20,27,2026,3,31,14,4,6,9
20,37,2026,3,31,15,5,3,11
20,46,2026,3,31,8,4,5,10
20,54,2026,3,31,20,3,5,8
21,0,2026,3,31,20,3,0,11
21,8,2026,3,31,8,4,4,11
21,18,2026,3,31,15,5,2,14
21,27,2026,3,31,14,4,10,8
21,37,2026,3,31,15,5,3,10
21,46,2026,3,31,8,5,4,11
21,54,2026,3,31,20,6,6,11
22,0,2026,3,31,20,3,0,14
22,8,2026,3,31,8,5,3,16
22,18,2026,3,31,15,6,3,19
22,27,2026,3,31,14,5,13,11
22,37,2026,3,31,15,4,0,15
22,46,2026,3,31,8,4,5,14
22,54,2026,3,31,20,5,12,7
23,0,2026,3,31,20,5,0,12
23,8,2026,3,31,8,5,6,11
23,18,2026,3,31,15,5,2,14
23,27,2026,3,31,14,2,6,10
23,37,2026,3,31,15,3,0,13
23,46,2026,3,31,8,2,3,12
23,54,2026,3,31,20,0,12,0
6,0,2026,4,1,20,4,0,4
6,8,2026,4,1,8,15,1,18
6,18,2026,4,1,15,22,6,34
6,27,2026,4,1,14,14,19,29
6,37,2026,4,1,15,7,2,34
6,46,2026,4,1,8,8,13,29
6,54,2026,4,1,20,5,20,14
7,0,2026,4,1,20,3,0,17
7,8,2026,4,1,8,14,3,28
7,18,2026,4,1,15,9,14,23
7,27,2026,4,1,14,8,13,18
7,37,2026,4,1,15,17,2,33
7,46,2026,4,1,8,17,10,40
7,54,2026,4,1,20,3,20,23
8,0,2026,4,1,20,4,0,27
8,8,2026,4,1,8,8,2,33
8,18,2026,4,1,15,10,8,35
8,27,2026,4,1,14,20,20,35
8,37,2026,4,1,15,20,10,45
8,46,2026,4,1,8,18,17,46
8,54,2026,4,1,20,6,20,32
9,0,2026,4,1,20,3,0,35
9,8,2026,4,1,8,3,7,31
9,18,2026,4,1,15,6,14,23
9,27,2026,4,1,14,5,16,12
9,37,2026,4,1,15,6,2,16
9,46,2026,4,1,8,2,8,10
9,54,2026,4,1,20,4,10,4
10,0,2026,4,1,20,2,0,6
10,8,2026,4,1,8,2,1,7
10,18,2026,4,1,15,3,4,6
10,27,2026,4,1,14,3,5,4
10,37,2026,4,1,15,5,0,9
10,46,2026,4,1,8,3,3,9
10,54,2026,4,1,20,4,5,8
11,0,2026,4,1,20,4,0,12
11,8,2026,4,1,8,3,4,11
11,18,2026,4,1,15,5,5,11
11,27,2026,4,1,14,4,5,10
11,37,2026,4,1,15,2,1,11
11,46,2026,4,1,8,5,2,14
11,54,2026,4,1,20,3,10,7
12,0,2026,4,1,20,3,0,10
12,8,2026,4,1,8,2,1,11
12,18,2026,4,1,15,3,5,9
12,27,2026,4,1,14,4,8,5
12,37,2026,4,1,15,6,0,11
12,46,2026,4,1,8,4,4,11
12,54,2026,4,1,20,5,7,9
13,0,2026,4,1,20,3,0,12
13,8,2026,4,1,8,5,3,14
13,18,2026,4,1,15,6,6,14
13,27,2026,4,1,14,5,9,10
13,37,2026,4,1,15,5,2,13
13,46,2026,4,1,8,4,4,13
13,54,2026,4,1,20,4,8,9
14,0,2026,4,1,20,6,0,15
14,8,2026,4,1,8,2,5,12
14,18,2026,4,1,15,2,4,10
14,27,2026,4,1,14,5,6,9
14,37,2026,4,1,15,2,3,8
14,46,2026,4,1,8,2,4,6
14,54,2026,4,1,20,5,3,8
15,0,2026,4,1,20,2,0,10
15,8,2026,4,1,8,6,2,14
15,18,2026,4,1,15,3,8,9
15,27,2026,4,1,14,2,4,7
15,37,2026,4,1,15,5,1,11
15,46,2026,4,1,8,6,2,15
15,54,2026,4,1,20,6,8,13
16,0,2026,4,1,20,2,0,15
16,8,2026,4,1,8,2,2,15
16,18,2026,4,1,15,3,9,9
16,27,2026,4,1,14,5,7,7
16,37,2026,4,1,15,3,2,8
16,46,2026,4,1,8,5,5,8
16,54,2026,4,1,20,3,4,7
17,0,2026,4,1,20,5,0,12
17,8,2026,4,1,8,6,3,15
17,18,2026,4,1,15,6,8,13
17,27,2026,4,1,14,5,8,10
17,37,2026,4,1,15,2,2,10
17,46,2026,4,1,8,2,4,8
17,54,2026,4,1,20,4,7,5
18,0,2026,4,1,20,3,0,8
18,8,2026,4,1,8,3,4,7
18,18,2026,4,1,15,5,4,8
18,27,2026,4,1,14,3,4,7
18,37,2026,4,1,15,2,0,9
18,46,2026,4,1,8,4,1,12
18,54,2026,4,1,20,6,8,10
19,0,2026,4,1,20,3,0,13
19,8,2026,4,1,8,6,1,18
19,18,2026,4,1,15,5,12,11
19,27,2026,4,1,14,3,6,8
19,37,2026,4,1,15,2,1,9
19,46,2026,4,1,8,6,3,12
19,54,2026,4,1,20,3,6,9
20,0,2026,4,1,20,3,0,12
20,8,2026,4,1,8,2,2,12
20,18,2026,4,1,15,3,3,12
20,27,2026,4,1,14,4,9,7
20,37,2026,4,1,15,5,3,9
20,46,2026,4,1,8,3,3,9
20,54,2026,4,1,20,3,8,4
21,0,2026,4,1,20,6,0,10
21,8,2026,4,1,8,6,2,14
21,18,2026,4,1,15,6,4,16
21,27,2026,4,1,14,5,11,10
21,37,2026,4,1,15,2,2,10
21,46,2026,4,1,8,6,2,14
21,54,2026,4,1,20,2,12,4
22,0,2026,4,1,20,4,0,8
22,8,2026,4,1,8,6,1,13
22,18,2026,4,1,15,3,6,10
22,27,2026,4,1,14,5,4,11
22,37,2026,4,1,15,5,1,15
22,46,2026,4,1,8,3,1,17
22,54,2026,4,1,20,4,10,11
23,0,2026,4,1,20,4,0,15
23,8,2026,4,1,8,2,1,16
23,18,2026,4,1,15,5,5,16
23,27,2026,4,1,14,4,10,10
23,37,2026,4,1,15,5,2,13
23,46,2026,4,1,8,3,9,7
23,54,2026,4,1,20,0,7,0
6,0,2026,4,2,20,5,0,5
6,8,2026,4,2,8,12,3,14
6,18,2026,4,2,15,21,6,29
6,27,2026,4,2,14,21,14,36
6,37,2026,4,2,15,6,5,37
6,46,2026,4,2,8,18,19,36
6,54,2026,4,2,20,5,20,21
7,0,2026,4,2,20,3,0,24
7,8,2026,4,2,8,19,4,39
7,18,2026,4,2,15,14,12,41
7,27,2026,4,2,14,13,20,34
7,37,2026,4,2,15,10,5,39
7,46,2026,4,2,8,16,15,40
7,54,2026,4,2,20,3,20,23
8,0,2026,4,2,20,6,0,29
8,8,2026,4,2,8,5,4,30
8,18,2026,4,2,15,12,11,31
8,27,2026,4,2,14,14,20,25
8,37,2026,4,2,15,20,5,40
8,46,2026,4,2,8,15,16,39
8,54,2026,4,2,20,2,20,21
9,0,2026,4,2,20,3,0,24
9,8,2026,4,2,8,6,1,29
9,18,2026,4,2,15,3,9,23
9,27,2026,4,2,14,5,19,9
9,37,2026,4,2,15,3,3,9
9,46,2026,4,2,8,6,4,11
9,54,2026,4,2,20,5,6,10
10,0,2026,4,2,20,3,0,13
10,8,2026,4,2,8,2,3,12
10,18,2026,4,2,15,3,5,10
10,27,2026,4,2,14,3,9,4
10,37,2026,4,2,15,5,2,7
10,46,2026,4,2,8,2,1,8
10,54,2026,4,2,20,5,7,6
11,0,2026,4,2,20,2,0,8
11,8,2026,4,2,8,3,4,7
11,18,2026,4,2,15,6,1,12
11,27,2026,4,2,14,6,7,11
11,37,2026,4,2,15,5,2,14
11,46,2026,4,2,8,5,6,13
11,54,2026,4,2,20,3,8,8
12,0,2026,4,2,20,5,0,13
12,8,2026,4,2,8,2,3,12
12,18,2026,4,2,15,2,8,6
12,27,2026,4,2,14,4,4,6
12,37,2026,4,2,15,3,1,8
12,46,2026,4,2,8,4,1,11
12,54,2026,4,2,20,3,6,8
13,0,2026,4,2,20,3,0,11
13,8,2026,4,2,8,5,4,12
13,18,2026,4,2,15,2,2,12
13,27,2026,4,2,14,3,9,6
13,37,2026,4,2,15,6,0,12
13,46,2026,4,2,8,3,3,12
13,54,2026,4,2,20,3,9,6
14,0,2026,4,2,20,6,0,12
14,8,2026,4,2,8,4,3,13
14,18,2026,4,2,15,5,4,14
14,27,2026,4,2,14,2,9,7
14,37,2026,4,2,15,6,1,12
14,46,2026,4,2,8,3,3,12
14,54,2026,4,2,20,2,8,6
15,0,2026,4,2,20,3,0,9
15,8,2026,4,2,8,5,2,12
15,18,2026,4,2,15,2,5,9
15,27,2026,4,2,14,6,8,7
15,37,2026,4,2,15,3,3,7
15,46,2026,4,2,8,3,4,6
15,54,2026,4,2,20,5,1,10
16,0,2026,4,2,20,5,0,15
16,8,2026,4,2,8,5,3,17
16,18,2026,4,2,15,5,8,14
16,27,2026,4,2,14,4,9,9
16,37,2026,4,2,15,4,1,12
16,46,2026,4,2,8,5,6,11
16,54,2026,4,2,20,6,6,11
17,0,2026,4,2,20,2,0,13
17,8,2026,4,2,8,5,3,15
17,18,2026,4,2,15,3,5,13
17,27,2026,4,2,14,2,10,5
17,37,2026,4,2,15,6,1,10
17,46,2026,4,2,8,4,2,12
17,54,2026,4,2,20,2,6,8
18,0,2026,4,2,20,6,0,14
18,8,2026,4,2,8,3,3,14
18,18,2026,4,2,15,3,5,12
18,27,2026,4,2,14,2,9,5
18,37,2026,4,2,15,6,0,11
18,46,2026,4,2,8,2,5,8
18,54,2026,4,2,20,4,5,7
19,0,2026,4,2,20,2,0,9
19,8,2026,4,2,8,4,4,9
19,18,2026,4,2,15,4,4,9
19,27,2026,4,2,14,4,4,9
19,37,2026,4,2,15,4,3,10
19,46,2026,4,2,8,2,4,8
19,54,2026,4,2,20,4,5,7
20,0,2026,4,2,20,5,0,12
20,8,2026,4,2,8,3,1,14
20,18,2026,4,2,15,5,4,15
20,27,2026,4,2,14,5,11,9
20,37,2026,4,2,15,4,2,11
20,46,2026,4,2,8,6,2,15
20,54,2026,4,2,20,5,7,13
21,0,2026,4,2,20,5,0,18
21,8,2026,4,2,8,3,2,19
21,18,2026,4,2,15,3,9,13
21,27,2026,4,2,14,3,12,4
21,37,2026,4,2,15,2,0,6
21,46,2026,4,2,8,5,3,8
21,54,2026,4,2,20,6,4,10
22,0,2026,4,2,20,6,0,16
22,8,2026,4,2,8,4,5,15
22,18,2026,4,2,15,4,8,11
22,27,2026,4,2,14,5,9,7
22,37,2026,4,2,15,4,1,10
22,46,2026,4,2,8,6,5,11
22,54,2026,4,2,20,2,8,5
23,0,2026,4,2,20,6,0,11
23,8,2026,4,2,8,6,4,13
23,18,2026,4,2,15,6,4,15
23,27,2026,4,2,14,3,8,10
23,37,2026,4,2,15,4,1,13
23,46,2026,4,2,8,5,5,13
23,54,2026,4,2,20,0,13,0
6,0,2026,4,3,20,4,0,4
6,8,2026,4,3,8,10,2,12
6,18,2026,4,3,15,9,6,15
6,27,2026,4,3,14,5,12,8
6,37,2026,4,3,15,18,2,24
6,46,2026,4,3,8,18,10,32
6,54,2026,4,3,20,5,14,23
7,0,2026,4,3,20,4,0,27
7,8,2026,4,3,8,18,3,42
7,18,2026,4,3,15,16,18,40
7,27,2026,4,3,14,13,17,36
7,37,2026,4,3,15,19,3,52
7,46,2026,4,3,8,15,20,47
7,54,2026,4,3,20,5,20,32
8,0,2026,4,3,20,6,0,38
8,8,2026,4,3,8,19,5,52
8,18,2026,4,3,15,16,19,49
8,27,2026,4,3,14,6,20,35
8,37,2026,4,3,15,16,1,50
8,46,2026,4,3,8,20,20,50
8,54,2026,4,3,20,6,20,36
9,0,2026,4,3,20,6,0,42
9,8,2026,4,3,8,3,6,39
9,18,2026,4,3,15,2,17,24
9,27,2026,4,3,14,2,20,6
9,37,2026,4,3,15,2,0,8
9,46,2026,4,3,8,2,1,9
9,54,2026,4,3,20,3,7,5
10,0,2026,4,3,20,4,0,9
10,8,2026,4,3,8,5,2,12
10,18,2026,4,3,15,4,4,12
10,27,2026,4,3,14,6,7,11
10,37,2026,4,3,15,6,3,14
10,46,2026,4,3,8,3,6,11
10,54,2026,4,3,20,6,8,9
11,0,2026,4,3,20,2,0,11
11,8,2026,4,3,8,3,3,11
11,18,2026,4,3,15,3,5,9
11,27,2026,4,3,14,5,6,8
11,37,2026,4,3,15,5,2,11
11,46,2026,4,3,8,3,6,8
11,54,2026,4,3,20,2,6,4
12,0,2026,4,3,20,6,0,10
12,8,2026,4,3,8,4,3,11
12,18,2026,4,3,15,3,5,9
12,27,2026,4,3,14,3,7,5
12,37,2026,4,3,15,4,1,8
12,46,2026,4,3,8,2,2,8
12,54,2026,4,3,20,2,6,4
13,0,2026,4,3,20,2,0,6
13,8,2026,4,3,8,5,2,9
13,18,2026,4,3,15,4,3,10
13,27,2026,4,3,14,2,6,6
13,37,2026,4,3,15,6,1,11
13,46,2026,4,3,8,4,7,8
13,54,2026,4,3,20,5,4,9
14,0,2026,4,3,20,5,0,14
14,8,2026,4,3,8,2,6,10
14,18,2026,4,3,15,5,4,11
14,27,2026,4,3,14,5,7,9
14,37,2026,4,3,15,2,2,9
14,46,2026,4,3,8,3,5,7
14,54,2026,4,3,20,3,2,8
15,0,2026,4,3,20,6,0,14
15,8,2026,4,3,8,2,2,14
15,18,2026,4,3,15,3,7,10
15,27,2026,4,3,14,5,9,6
15,37,2026,4,3,15,6,1,11
15,46,2026,4,3,8,2,6,7
15,54,2026,4,3,20,4,5,6
16,0,2026,4,3,20,3,0,9
16,8,2026,4,3,8,2,4,7
16,18,2026,4,3,15,3,3,7
16,27,2026,4,3,14,6,3,10
16,37,2026,4,3,15,5,2,13
16,46,2026,4,3,8,5,6,12
16,54,2026,4,3,20,2,10,4
17,0,2026,4,3,20,4,0,8
17,8,2026,4,3,8,4,0,12
17,18,2026,4,3,15,6,5,13
17,27,2026,4,3,14,2,7,8
17,37,2026,4,3,15,5,1,12
17,46,2026,4,3,8,6,3,15
17,54,2026,4,3,20,2,11,6
18,0,2026,4,3,20,5,0,11
18,8,2026,4,3,8,6,0,17
18,18,2026,4,3,15,6,4,19
18,27,2026,4,3,14,5,12,12
18,37,2026,4,3,15,3,1,14
18,46,2026,4,3,8,6,6,14
18,54,2026,4,3,20,5,9,10
19,0,2026,4,3,20,6,0,16
19,8,2026,4,3,8,4,4,16
19,18,2026,4,3,15,2,5,13
19,27,2026,4,3,14,2,10,5
19,37,2026,4,3,15,2,0,7
19,46,2026,4,3,8,2,2,7
19,54,2026,4,3,20,5,6,6
20,0,2026,4,3,20,3,0,9
20,8,2026,4,3,8,6,2,13
20,18,2026,4,3,15,2,5,10
20,27,2026,4,3,14,5,8,7
20,37,2026,4,3,15,3,2,8
20,46,2026,4,3,8,5,4,9
20,54,2026,4,3,20,5,5,9
21,0,2026,4,3,20,4,0,13
21,8,2026,4,3,8,6,5,14
21,18,2026,4,3,15,3,7,10
21,27,2026,4,3,14,2,4,8
21,37,2026,4,3,15,4,0,12
21,46,2026,4,3,8,6,6,12
21,54,2026,4,3,20,2,9,5
22,0,2026,4,3,20,6,0,11
22,8,2026,4,3,8,2,2,11
22,18,2026,4,3,15,3,3,11
22,27,2026,4,3,14,4,7,8
22,37,2026,4,3,15,5,2,11
22,46,2026,4,3,8,5,3,13
22,54,2026,4,3,20,3,8,8
23,0,2026,4,3,20,3,0,11
23,8,2026,4,3,8,2,3,10
23,18,2026,4,3,15,4,2,12
23,27,2026,4,3,14,2,9,5
23,37,2026,4,3,15,2,1,6
23,46,2026,4,3,8,3,5,4
23,54,2026,4,3,20,0,4,0
