hour,minute,year,month,day,station,in,out,inside
6,0,2025,12,12,21,5,0,5
6,6,2025,12,12,4,5,1,9
6,11,2025,12,12,12,18,8,19
6,14,2025,12,12,17,16,2,33
6,21,2025,12,12,16,9,5,37
6,24,2025,12,12,14,21,5,53
6,32,2025,12,12,16,15,2,66
6,36,2025,12,12,17,10,10,66
6,41,2025,12,12,12,17,20,63
6,45,2025,12,12,4,3,20,46
6,52,2025,12,12,21,3,20,29
7,0,2025,12,12,21,3,0,32
7,6,2025,12,12,4,1,3,30
7,11,2025,12,12,12,10,5,35
7,14,2025,12,12,17,5,7,33
7,21,2025,12,12,16,11,11,33
7,24,2025,12,12,14,22,12,43
7,32,2025,12,12,16,7,3,47
7,36,2025,12,12,17,9,3,53
7,41,2025,12,12,12,30,20,63
7,45,2025,12,12,4,2,20,45
7,52,2025,12,12,21,3,8,40
8,0,2025,12,12,21,6,0,46
8,6,2025,12,12,4,5,2,49
8,11,2025,12,12,12,19,8,60
8,14,2025,12,12,17,7,8,59
8,21,2025,12,12,16,6,16,49
8,24,2025,12,12,14,18,20,47
8,32,2025,12,12,16,19,1,65
8,36,2025,12,12,17,5,7,63
8,41,2025,12,12,12,20,20,63
8,45,2025,12,12,4,2,20,45
8,52,2025,12,12,21,5,19,31
9,0,2025,12,12,21,5,0,36
9,6,2025,12,12,4,4,3,37
9,11,2025,12,12,12,23,9,51
9,14,2025,12,12,17,5,6,50
9,21,2025,12,12,16,5,8,47
9,24,2025,12,12,14,5,20,32
9,32,2025,12,12,16,4,0,36
9,36,2025,12,12,17,3,2,37
9,41,2025,12,12,12,10,13,34
9,45,2025,12,12,4,1,20,15
9,52,2025,12,12,21,3,7,11
10,0,2025,12,12,21,6,0,17
10,6,2025,12,12,4,6,1,22
10,11,2025,12,12,12,34,10,46
10,14,2025,12,12,17,5,9,42
10,21,2025,12,12,16,5,11,36
10,24,2025,12,12,14,4,9,31
10,32,2025,12,12,16,2,0,33
10,36,2025,12,12,17,6,0,39
10,41,2025,12,12,12,10,17,32
10,45,2025,12,12,4,2,16,18
10,52,2025,12,12,21,5,7,16
11,0,2025,12,12,21,3,0,19
11,6,2025,12,12,4,6,0,25
11,11,2025,12,12,12,17,12,30
11,14,2025,12,12,17,4,11,23
11,21,2025,12,12,16,6,7,22
11,24,2025,12,12,14,2,6,18
11,32,2025,12,12,16,2,1,19
11,36,2025,12,12,17,4,2,21
11,41,2025,12,12,12,29,12,38
11,45,2025,12,12,4,4,6,36
11,52,2025,12,12,21,4,10,30
12,0,2025,12,12,21,5,0,35
12,6,2025,12,12,4,6,2,39
12,11,2025,12,12,12,8,12,35
12,14,2025,12,12,17,3,8,30
12,21,2025,12,12,16,3,11,22
12,24,2025,12,12,14,5,14,13
12,32,2025,12,12,16,5,1,17
12,36,2025,12,12,17,2,2,17
12,41,2025,12,12,12,32,13,36
12,45,2025,12,12,4,3,7,32
12,52,2025,12,12,21,4,7,29
13,0,2025,12,12,21,4,0,33
13,6,2025,12,12,4,28,0,61
13,11,2025,12,12,12,25,20,66
13,14,2025,12,12,17,3,17,52
13,21,2025,12,12,16,2,20,34
13,24,2025,12,12,14,2,20,16
13,32,2025,12,12,16,6,0,22
13,36,2025,12,12,17,3,2,23
13,41,2025,12,12,12,16,8,31
13,45,2025,12,12,4,8,8,31
13,52,2025,12,12,21,4,11,24
14,0,2025,12,12,21,6,0,30
14,6,2025,12,12,4,25,0,55
14,11,2025,12,12,12,31,20,66
14,14,2025,12,12,17,3,20,49
14,21,2025,12,12,16,3,17,35
14,24,2025,12,12,14,6,20,21
14,32,2025,12,12,16,3,1,23
14,36,2025,12,12,17,2,1,24
14,41,2025,12,12,12,18,9,33
14,45,2025,12,12,4,22,10,45
14,52,2025,12,12,21,6,16,35
15,0,2025,12,12,21,6,0,41
15,6,2025,12,12,4,25,0,66
15,11,2025,12,12,12,15,20,61
15,14,2025,12,12,17,5,16,50
15,21,2025,12,12,16,6,18,38
15,24,2025,12,12,14,3,19,22
15,32,2025,12,12,16,4,1,25
15,36,2025,12,12,17,5,2,28
15,41,2025,12,12,12,16,15,29
15,45,2025,12,12,4,32,5,56
15,52,2025,12,12,21,4,14,46
16,0,2025,12,12,21,2,0,48
16,6,2025,12,12,4,3,2,49
16,11,2025,12,12,12,16,20,45
16,14,2025,12,12,17,6,9,42
16,21,2025,12,12,16,3,12,33
16,24,2025,12,12,14,3,16,20
16,32,2025,12,12,16,5,0,25
16,36,2025,12,12,17,3,1,27
16,41,2025,12,12,12,17,14,30
16,45,2025,12,12,4,3,6,27
16,52,2025,12,12,21,5,14,18
17,0,2025,12,12,21,2,0,20
17,6,2025,12,12,4,2,1,21
17,11,2025,12,12,12,25,6,40
17,14,2025,12,12,17,4,5,39
17,21,2025,12,12,16,5,11,33
17,24,2025,12,12,14,5,13,25
17,32,2025,12,12,16,6,1,30
17,36,2025,12,12,17,6,2,34
17,41,2025,12,12,12,22,12,44
17,45,2025,12,12,4,4,19,29
17,52,2025,12,12,21,4,12,21
18,0,2025,12,12,21,3,0,24
18,6,2025,12,12,4,6,1,29
18,11,2025,12,12,12,26,15,40
18,14,2025,12,12,17,4,9,35
18,21,2025,12,12,16,3,8,30
18,24,2025,12,12,14,4,12,22
18,32,2025,12,12,16,6,1,27
18,36,2025,12,12,17,5,1,31
18,41,2025,12,12,12,16,15,32
18,45,2025,12,12,4,6,9,29
18,52,2025,12,12,21,4,15,18
19,0,2025,12,12,21,4,0,22
19,6,2025,12,12,4,6,2,26
19,11,2025,12,12,12,16,14,28
19,14,2025,12,12,17,5,8,25
19,21,2025,12,12,16,3,9,19
19,24,2025,12,12,14,5,8,16
19,32,2025,12,12,16,6,1,21
19,36,2025,12,12,17,2,0,23
19,41,2025,12,12,12,17,13,27
19,45,2025,12,12,4,3,11,19
19,52,2025,12,12,21,5,3,21
20,0,2025,12,12,21,3,0,24
20,6,2025,12,12,4,5,0,29
20,11,2025,12,12,12,28,11,46
20,14,2025,12,12,17,5,13,38
20,21,2025,12,12,16,6,8,36
20,24,2025,12,12,14,6,12,30
20,32,2025,12,12,16,5,3,32
20,36,2025,12,12,17,3,1,34
20,41,2025,12,12,12,17,14,37
20,45,2025,12,12,4,2,10,29
20,52,2025,12,12,21,4,15,18
21,0,2025,12,12,21,2,0,20
21,6,2025,12,12,4,4,1,23
21,11,2025,12,12,12,34,5,52
21,14,2025,12,12,17,2,12,42
21,21,2025,12,12,16,6,11,37
21,24,2025,12,12,14,4,18,23
21,32,2025,12,12,16,2,0,25
21,36,2025,12,12,17,3,1,27
21,41,2025,12,12,12,12,13,26
21,45,2025,12,12,4,4,10,20
21,52,2025,12,12,21,6,6,20
22,0,2025,12,12,21,3,0,23
22,6,2025,12,12,4,2,3,22
22,11,2025,12,12,12,22,9,35
22,14,2025,12,12,17,5,12,28
22,21,2025,12,12,16,4,6,26
22,24,2025,12,12,14,3,9,20
22,32,2025,12,12,16,2,0,22
22,36,2025,12,12,17,5,1,26
22,41,2025,12,12,12,29,10,45
22,45,2025,12,12,4,2,20,27
22,52,2025,12,12,21,2,9,20
23,0,2025,12,12,21,3,0,23
23,6,2025,12,12,4,5,0,28
23,11,2025,12,12,12,31,10,49
23,14,2025,12,12,17,2,9,42
23,21,2025,12,12,16,3,11,34
23,24,2025,12,12,14,4,12,26
23,32,2025,12,12,16,6,0,32
23,36,2025,12,12,17,3,2,33
23,41,2025,12,12,12,18,16,35
23,45,2025,12,12,4,1,16,20
23,52,2025,12,12,21,0,20,0
6,0,2025,12,13,21,5,0,5
6,6,2025,12,13,4,2,0,7
6,11,2025,12,13,12,31,4,34
6,14,2025,12,13,17,16,8,42
6,21,2025,12,13,16,8,10,40
6,24,2025,12,13,14,7,9,38
6,32,2025,12,13,16,13,0,51
6,36,2025,12,13,17,15,5,61
6,41,2025,12,13,12,17,20,58
6,45,2025,12,13,4,3,20,41
6,52,2025,12,13,21,6,18,29
7,0,2025,12,13,21,5,0,34
7,6,2025,12,13,4,1,6,29
7,11,2025,12,13,12,23,6,46
7,14,2025,12,13,17,12,8,50
7,21,2025,12,13,16,5,5,50
7,24,2025,12,13,14,8,13,45
7,32,2025,12,13,16,10,0,55
7,36,2025,12,13,17,9,3,61
7,41,2025,12,13,12,25,20,66
7,45,2025,12,13,4,3,20,49
7,52,2025,12,13,21,4,20,33
8,0,2025,12,13,21,4,0,37
8,6,2025,12,13,4,4,2,39
8,11,2025,12,13,12,17,10,46
8,14,2025,12,13,17,9,13,42
8,21,2025,12,13,16,8,8,42
8,24,2025,12,13,14,19,13,48
8,32,2025,12,13,16,11,2,57
8,36,2025,12,13,17,16,7,66
8,41,2025,12,13,12,20,20,66
8,45,2025,12,13,4,4,20,50
8,52,2025,12,13,21,3,19,34
9,0,2025,12,13,21,5,0,39
9,6,2025,12,13,4,1,1,39
9,11,2025,12,13,12,21,9,51
9,14,2025,12,13,17,4,12,43
9,21,2025,12,13,16,3,11,35
9,24,2025,12,13,14,3,13,25
9,32,2025,12,13,16,3,1,27
9,36,2025,12,13,17,5,0,32
9,41,2025,12,13,12,32,11,53
9,45,2025,12,13,4,4,20,37
9,52,2025,12,13,21,6,14,29
10,0,2025,12,13,21,5,0,34
10,6,2025,12,13,4,3,1,36
10,11,2025,12,13,12,31,15,52
10,14,2025,12,13,17,4,11,45
10,21,2025,12,13,16,5,15,35
10,24,2025,12,13,14,3,16,22
10,32,2025,12,13,16,6,0,28
10,36,2025,12,13,17,6,1,33
10,41,2025,12,13,12,21,9,45
10,45,2025,12,13,4,2,18,29
10,52,2025,12,13,21,4,11,22
11,0,2025,12,13,21,6,0,28
11,6,2025,12,13,4,2,0,30
11,11,2025,12,13,12,24,9,45
11,14,2025,12,13,17,5,7,43
11,21,2025,12,13,16,4,14,33
11,24,2025,12,13,14,2,20,15
11,32,2025,12,13,16,6,0,21
11,36,2025,12,13,17,6,2,25
11,41,2025,12,13,12,23,13,35
11,45,2025,12,13,4,6,6,35
11,52,2025,12,13,21,5,9,31
12,0,2025,12,13,21,6,0,37
12,6,2025,12,13,4,6,1,42
12,11,2025,12,13,12,33,17,58
12,14,2025,12,13,17,6,11,53
12,21,2025,12,13,16,2,20,35
12,24,2025,12,13,14,2,14,23
12,32,2025,12,13,16,2,0,25
12,36,2025,12,13,17,3,0,28
12,41,2025,12,13,12,18,10,36
12,45,2025,12,13,4,3,9,30
12,52,2025,12,13,21,3,14,19
13,0,2025,12,13,21,2,0,21
13,6,2025,12,13,4,8,1,28
13,11,2025,12,13,12,18,12,34
13,14,2025,12,13,17,4,6,32
13,21,2025,12,13,16,4,8,28
13,24,2025,12,13,14,4,13,19
13,32,2025,12,13,16,5,0,24
13,36,2025,12,13,17,6,2,28
13,41,2025,12,13,12,19,16,31
13,45,2025,12,13,4,31,10,52
13,52,2025,12,13,21,6,16,42
14,0,2025,12,13,21,5,0,47
14,6,2025,12,13,4,14,3,58
14,11,2025,12,13,12,24,20,62
14,14,2025,12,13,17,6,17,51
14,21,2025,12,13,16,3,16,38
14,24,2025,12,13,14,2,19,21
14,32,2025,12,13,16,6,0,27
14,36,2025,12,13,17,3,0,30
14,41,2025,12,13,12,24,14,40
14,45,2025,12,13,4,15,8,47
14,52,2025,12,13,21,2,16,33
15,0,2025,12,13,21,3,0,36
15,6,2025,12,13,4,31,1,66
15,11,2025,12,13,12,20,20,66
15,14,2025,12,13,17,3,15,54
15,21,2025,12,13,16,2,20,36
15,24,2025,12,13,14,3,19,20
15,32,2025,12,13,16,5,0,25
15,36,2025,12,13,17,4,3,26
15,41,2025,12,13,12,34,7,53
15,45,2025,12,13,4,22,9,66
15,52,2025,12,13,21,3,20,49
16,0,2025,12,13,21,5,0,54
16,6,2025,12,13,4,5,1,58
16,11,2025,12,13,12,28,20,66
16,14,2025,12,13,17,3,11,58
16,21,2025,12,13,16,3,20,41
16,24,2025,12,13,14,4,20,25
16,32,2025,12,13,16,4,1,28
16,36,2025,12,13,17,6,2,32
16,41,2025,12,13,12,8,14,26
16,45,2025,12,13,4,5,8,23
16,52,2025,12,13,21,6,15,14
17,0,2025,12,13,21,4,0,18
17,6,2025,12,13,4,4,0,22
17,11,2025,12,13,12,16,13,25
17,14,2025,12,13,17,2,5,22
17,21,2025,12,13,16,3,3,22
17,24,2025,12,13,14,3,8,17
17,32,2025,12,13,16,6,0,23
17,36,2025,12,13,17,6,1,28
17,41,2025,12,13,12,27,15,40
17,45,2025,12,13,4,4,9,35
17,52,2025,12,13,21,6,16,25
18,0,2025,12,13,21,2,0,27
18,6,2025,12,13,4,5,0,32
18,11,2025,12,13,12,19,13,38
18,14,2025,12,13,17,6,10,34
18,21,2025,12,13,16,4,13,25
18,24,2025,12,13,14,2,11,16
18,32,2025,12,13,16,3,1,18
18,36,2025,12,13,17,3,0,21
18,41,2025,12,13,12,24,14,31
18,45,2025,12,13,4,2,8,25
18,52,2025,12,13,21,2,6,21
19,0,2025,12,13,21,6,0,27
19,6,2025,12,13,4,5,2,30
19,11,2025,12,13,12,25,9,46
19,14,2025,12,13,17,2,13,35
19,21,2025,12,13,16,6,16,25
19,24,2025,12,13,14,5,8,22
19,32,2025,12,13,16,2,1,23
19,36,2025,12,13,17,5,0,28
19,41,2025,12,13,12,27,14,41
19,45,2025,12,13,4,5,12,34
19,52,2025,12,13,21,2,13,23
20,0,2025,12,13,21,3,0,26
20,6,2025,12,13,4,3,0,29
20,11,2025,12,13,12,9,7,31
20,14,2025,12,13,17,5,11,25
20,21,2025,12,13,16,3,3,25
20,24,2025,12,13,14,5,12,18
20,32,2025,12,13,16,6,0,24
20,36,2025,12,13,17,6,1,29
20,41,2025,12,13,12,34,19,44
20,45,2025,12,13,4,2,11,35
20,52,2025,12,13,21,4,11,28
21,0,2025,12,13,21,4,0,32
21,6,2025,12,13,4,6,0,38
21,11,2025,12,13,12,13,14,37
21,14,2025,12,13,17,2,8,31
21,21,2025,12,13,16,3,12,22
21,24,2025,12,13,14,5,14,13
21,32,2025,12,13,16,3,1,15
21,36,2025,12,13,17,4,2,17
21,41,2025,12,13,12,8,11,14
21,45,2025,12,13,4,3,6,11
21,52,2025,12,13,21,5,4,12
22,0,2025,12,13,21,5,0,17
22,6,2025,12,13,4,2,2,17
22,11,2025,12,13,12,30,8,39
22,14,2025,12,13,17,6,5,40
22,21,2025,12,13,16,5,11,34
22,24,2025,12,13,14,5,9,30
22,32,2025,12,13,16,6,0,36
22,36,2025,12,13,17,2,2,36
22,41,2025,12,13,12,13,17,32
22,45,2025,12,13,4,4,13,23
22,52,2025,12,13,21,2,15,10
23,0,2025,12,13,21,4,0,14
23,6,2025,12,13,4,6,1,19
23,11,2025,12,13,12,23,7,35
23,14,2025,12,13,17,2,9,28
23,21,2025,12,13,16,6,8,26
23,24,2025,12,13,14,6,8,24
23,32,2025,12,13,16,6,0,30
23,36,2025,12,13,17,5,0,35
23,41,2025,12,13,12,18,15,38
23,45,2025,12,13,4,0,18,20
23,52,2025,12,13,21,0,20,0
6,0,2025,12,14,21,6,0,6
6,6,2025,12,14,4,2,0,8
6,11,2025,12,14,12,13,5,16
6,14,2025,12,14,17,7,5,18
6,21,2025,12,14,16,16,4,30
6,24,2025,12,14,14,13,1,42
6,32,2025,12,14,16,16,2,56
6,36,2025,12,14,17,12,8,60
6,41,2025,12,14,12,26,20,66
6,45,2025,12,14,4,2,17,51
6,52,2025,12,14,21,4,20,35
7,0,2025,12,14,21,4,0,39
7,6,2025,12,14,4,5,3,41
7,11,2025,12,14,12,23,8,56
7,14,2025,12,14,17,21,11,66
7,21,2025,12,14,16,5,16,55
7,24,2025,12,14,14,6,20,41
7,32,2025,12,14,16,9,1,49
7,36,2025,12,14,17,19,2,66
7,41,2025,12,14,12,18,20,64
7,45,2025,12,14,4,3,20,47
7,52,2025,12,14,21,2,19,30
8,0,2025,12,14,21,5,0,35
8,6,2025,12,14,4,1,5,31
8,11,2025,12,14,12,17,5,43
8,14,2025,12,14,17,22,7,58
8,21,2025,12,14,16,19,11,66
8,24,2025,12,14,14,11,17,60
8,32,2025,12,14,16,8,4,64
8,36,2025,12,14,17,8,6,66
8,41,2025,12,14,12,20,20,66
8,45,2025,12,14,4,4,20,50
8,52,2025,12,14,21,3,20,33
9,0,2025,12,14,21,4,0,37
9,6,2025,12,14,4,2,2,37
9,11,2025,12,14,12,12,9,40
9,14,2025,12,14,17,4,8,36
9,21,2025,12,14,16,6,11,31
9,24,2025,12,14,14,2,11,22
9,32,2025,12,14,16,3,1,24
9,36,2025,12,14,17,4,0,28
9,41,2025,12,14,12,30,7,51
9,45,2025,12,14,4,4,20,35
9,52,2025,12,14,21,4,4,35
10,0,2025,12,14,21,3,0,38
10,6,2025,12,14,4,6,2,42
10,11,2025,12,14,12,32,9,65
10,14,2025,12,14,17,6,15,56
10,21,2025,12,14,16,5,20,41
10,24,2025,12,14,14,3,18,26
10,32,2025,12,14,16,5,0,31
10,36,2025,12,14,17,4,0,35
10,41,2025,12,14,12,11,16,30
10,45,2025,12,14,4,2,9,23
10,52,2025,12,14,21,2,12,13
11,0,2025,12,14,21,3,0,16
11,6,2025,12,14,4,3,1,18
11,11,2025,12,14,12,24,3,39
11,14,2025,12,14,17,4,12,31
11,21,2025,12,14,16,2,8,25
11,24,2025,12,14,14,5,8,22
11,32,2025,12,14,16,3,2,23
11,36,2025,12,14,17,2,1,24
11,41,2025,12,14,12,16,10,30
11,45,2025,12,14,4,6,9,27
11,52,2025,12,14,21,6,8,25
12,0,2025,12,14,21,3,0,28
12,6,2025,12,14,4,2,0,30
12,11,2025,12,14,12,20,13,37
12,14,2025,12,14,17,3,7,33
12,21,2025,12,14,16,2,11,24
12,24,2025,12,14,14,4,7,21
12,32,2025,12,14,16,4,0,25
12,36,2025,12,14,17,4,1,28
12,41,2025,12,14,12,35,11,52
12,45,2025,12,14,4,6,15,43
12,52,2025,12,14,21,2,15,30
13,0,2025,12,14,21,4,0,34
13,6,2025,12,14,4,28,0,62
13,11,2025,12,14,12,8,20,50
13,14,2025,12,14,17,4,14,40
13,21,2025,12,14,16,5,15,30
13,24,2025,12,14,14,4,20,14
13,32,2025,12,14,16,6,0,20
13,36,2025,12,14,17,6,0,26
13,41,2025,12,14,12,27,19,34
13,45,2025,12,14,4,13,2,45
13,52,2025,12,14,21,6,12,39
14,0,2025,12,14,21,5,0,44
14,6,2025,12,14,4,22,0,66
14,11,2025,12,14,12,19,20,65
14,14,2025,12,14,17,2,18,49
14,21,2025,12,14,16,3,20,32
14,24,2025,12,14,14,6,19,19
14,32,2025,12,14,16,4,0,23
14,36,2025,12,14,17,2,3,22
14,41,2025,12,14,12,35,12,45
14,45,2025,12,14,4,32,12,65
14,52,2025,12,14,21,6,17,54
15,0,2025,12,14,21,4,0,58
15,6,2025,12,14,4,9,1,66
15,11,2025,12,14,12,8,20,54
15,14,2025,12,14,17,6,18,42
15,21,2025,12,14,16,4,15,31
15,24,2025,12,14,14,3,20,14
15,32,2025,12,14,16,3,2,15
15,36,2025,12,14,17,5,1,19
15,41,2025,12,14,12,29,13,35
15,45,2025,12,14,4,10,7,38
15,52,2025,12,14,21,3,9,32
16,0,2025,12,14,21,2,0,34
16,6,2025,12,14,4,2,0,36
16,11,2025,12,14,12,16,11,41
16,14,2025,12,14,17,6,12,35
16,21,2025,12,14,16,2,7,30
16,24,2025,12,14,14,3,17,16
16,32,2025,12,14,16,5,0,21
16,36,2025,12,14,17,3,1,23
16,41,2025,12,14,12,20,12,31
16,45,2025,12,14,4,5,11,25
16,52,2025,12,14,21,5,9,21
17,0,2025,12,14,21,5,0,26
17,6,2025,12,14,4,3,1,28
17,11,2025,12,14,12,12,11,29
17,14,2025,12,14,17,4,11,22
17,21,2025,12,14,16,6,10,18
17,24,2025,12,14,14,3,7,14
17,32,2025,12,14,16,4,0,18
17,36,2025,12,14,17,2,1,19
17,41,2025,12,14,12,30,12,37
17,45,2025,12,14,4,5,8,34
17,52,2025,12,14,21,3,10,27
18,0,2025,12,14,21,6,0,33
18,6,2025,12,14,4,5,2,36
18,11,2025,12,14,12,21,10,47
18,14,2025,12,14,17,5,16,36
18,21,2025,12,14,16,5,10,31
18,24,2025,12,14,14,4,14,21
18,32,2025,12,14,16,5,0,26
18,36,2025,12,14,17,3,0,29
18,41,2025,12,14,12,33,18,44
18,45,2025,12,14,4,5,13,36
18,52,2025,12,14,21,6,12,30
19,0,2025,12,14,21,5,0,35
19,6,2025,12,14,4,5,2,38
19,11,2025,12,14,12,35,13,60
19,14,2025,12,14,17,4,19,45
19,21,2025,12,14,16,6,14,37
19,24,2025,12,14,14,5,11,31
19,32,2025,12,14,16,3,1,33
19,36,2025,12,14,17,6,1,38
19,41,2025,12,14,12,36,13,61
19,45,2025,12,14,4,6,18,49
19,52,2025,12,14,21,2,20,31
20,0,2025,12,14,21,2,0,33
20,6,2025,12,14,4,3,0,36
20,11,2025,12,14,12,36,11,61
20,14,2025,12,14,17,6,12,55
20,21,2025,12,14,16,6,20,41
20,24,2025,12,14,14,4,14,31
20,32,2025,12,14,16,2,0,33
20,36,2025,12,14,17,4,0,37
20,41,2025,12,14,12,17,17,37
20,45,2025,12,14,4,2,13,26
20,52,2025,12,14,21,4,11,19
21,0,2025,12,14,21,2,0,21
21,6,2025,12,14,4,4,2,23
21,11,2025,12,14,12,8,7,24
21,14,2025,12,14,17,5,8,21
21,21,2025,12,14,16,3,5,19
21,24,2025,12,14,14,4,11,12
21,32,2025,12,14,16,2,1,13
21,36,2025,12,14,17,6,2,17
21,41,2025,12,14,12,16,10,23
21,45,2025,12,14,4,3,5,21
21,52,2025,12,14,21,5,6,20
22,0,2025,12,14,21,6,0,26
22,6,2025,12,14,4,3,1,28
22,11,2025,12,14,12,14,9,33
22,14,2025,12,14,17,2,6,29
22,21,2025,12,14,16,3,8,24
22,24,2025,12,14,14,2,16,10
22,32,2025,12,14,16,3,0,13
22,36,2025,12,14,17,6,0,19
22,41,2025,12,14,12,32,11,40
22,45,2025,12,14,4,4,7,37
22,52,2025,12,14,21,4,16,25
23,0,2025,12,14,21,4,0,29
23,6,2025,12,14,4,6,1,34
23,11,2025,12,14,12,23,14,43
23,14,2025,12,14,17,4,15,32
23,21,2025,12,14,16,5,11,26
23,24,2025,12,14,14,4,7,23
23,32,2025,12,14,16,3,0,26
23,36,2025,12,14,17,4,0,30
23,41,2025,12,14,12,8,11,27
23,45,2025,12,14,4,4,13,18
23,52,2025,12,14,21,0,18,0
6,0,2025,12,15,21,5,0,5
6,6,2025,12,15,4,4,1,8
6,11,2025,12,15,12,30,6,32
6,14,2025,12,15,17,15,7,40
6,21,2025,12,15,16,15,8,47
6,24,2025,12,15,14,5,9,43
6,32,2025,12,15,16,9,1,51
6,36,2025,12,15,17,9,5,55
6,41,2025,12,15,12,31,20,66
6,45,2025,12,15,4,2,20,48
6,52,2025,12,15,21,2,19,31
7,0,2025,12,15,21,5,0,36
7,6,2025,12,15,4,1,3,34
7,11,2025,12,15,12,27,4,57
7,14,2025,12,15,17,9,13,53
7,21,2025,12,15,16,11,9,55
7,24,2025,12,15,14,18,18,55
7,32,2025,12,15,16,12,1,66
7,36,2025,12,15,17,8,9,65
7,41,2025,12,15,12,21,20,66
7,45,2025,12,15,4,2,20,48
7,52,2025,12,15,21,6,19,35
8,0,2025,12,15,21,3,0,38
8,6,2025,12,15,4,5,2,41
8,11,2025,12,15,12,10,10,41
8,14,2025,12,15,17,8,8,41
8,21,2025,12,15,16,17,18,40
8,24,2025,12,15,14,14,12,42
8,32,2025,12,15,16,9,2,49
8,36,2025,12,15,17,18,2,65
8,41,2025,12,15,12,21,20,66
8,45,2025,12,15,4,2,20,48
8,52,2025,12,15,21,3,14,37
9,0,2025,12,15,21,6,0,43
9,6,2025,12,15,4,4,5,42
9,11,2025,12,15,12,24,8,58
9,14,2025,12,15,17,4,13,49
9,21,2025,12,15,16,5,10,44
9,24,2025,12,15,14,6,20,30
9,32,2025,12,15,16,5,0,35
9,36,2025,12,15,17,2,2,35
9,41,2025,12,15,12,12,11,36
9,45,2025,12,15,4,3,20,19
9,52,2025,12,15,21,6,3,22
10,0,2025,12,15,21,5,0,27
10,6,2025,12,15,4,2,0,29
10,11,2025,12,15,12,10,12,27
10,14,2025,12,15,17,2,8,21
10,21,2025,12,15,16,5,10,16
10,24,2025,12,15,14,2,6,12
10,32,2025,12,15,16,2,0,14
10,36,2025,12,15,17,4,1,17
10,41,2025,12,15,12,34,12,39
10,45,2025,12,15,4,4,12,31
10,52,2025,12,15,21,3,10,24
11,0,2025,12,15,21,4,0,28
11,6,2025,12,15,4,5,0,33
11,11,2025,12,15,12,32,9,56
11,14,2025,12,15,17,6,16,46
11,21,2025,12,15,16,3,16,33
11,24,2025,12,15,14,3,17,19
11,32,2025,12,15,16,4,0,23
11,36,2025,12,15,17,6,0,29
11,41,2025,12,15,12,29,17,41
11,45,2025,12,15,4,6,17,30
11,52,2025,12,15,21,3,8,25
12,0,2025,12,15,21,2,0,27
12,6,2025,12,15,4,2,0,29
12,11,2025,12,15,12,13,7,35
12,14,2025,12,15,17,6,10,31
12,21,2025,12,15,16,4,10,25
12,24,2025,12,15,14,2,10,17
12,32,2025,12,15,16,6,0,23
12,36,2025,12,15,17,6,0,29
12,41,2025,12,15,12,26,16,39
12,45,2025,12,15,4,2,9,32
12,52,2025,12,15,21,2,10,24
13,0,2025,12,15,21,6,0,30
13,6,2025,12,15,4,32,0,62
13,11,2025,12,15,12,23,20,65
13,14,2025,12,15,17,3,19,49
13,21,2025,12,15,16,2,20,31
13,24,2025,12,15,14,3,16,18
13,32,2025,12,15,16,2,0,20
13,36,2025,12,15,17,4,0,24
13,41,2025,12,15,12,31,10,45
13,45,2025,12,15,4,21,7,59
13,52,2025,12,15,21,5,15,49
14,0,2025,12,15,21,5,0,54
14,6,2025,12,15,4,14,2,66
14,11,2025,12,15,12,12,20,58
14,14,2025,12,15,17,6,15,49
14,21,2025,12,15,16,3,20,32
14,24,2025,12,15,14,4,18,18
14,32,2025,12,15,16,3,0,21
14,36,2025,12,15,17,2,2,21
14,41,2025,12,15,12,26,8,39
14,45,2025,12,15,4,21,6,54
14,52,2025,12,15,21,4,17,41
15,0,2025,12,15,21,3,0,44
15,6,2025,12,15,4,9,0,53
15,11,2025,12,15,12,29,20,62
15,14,2025,12,15,17,4,18,48
15,21,2025,12,15,16,4,12,40
15,24,2025,12,15,14,4,20,24
15,32,2025,12,15,16,3,0,27
15,36,2025,12,15,17,2,1,28
15,41,2025,12,15,12,34,9,53
15,45,2025,12,15,4,23,10,66
15,52,2025,12,15,21,3,20,49
16,0,2025,12,15,21,6,0,55
16,6,2025,12,15,4,4,0,59
16,11,2025,12,15,12,27,20,66
16,14,2025,12,15,17,2,16,52
16,21,2025,12,15,16,5,20,37
16,24,2025,12,15,14,2,17,22
16,32,2025,12,15,16,5,0,27
16,36,2025,12,15,17,3,2,28
16,41,2025,12,15,12,30,13,45
16,45,2025,12,15,4,5,13,37
16,52,2025,12,15,21,2,15,24
17,0,2025,12,15,21,3,0,27
17,6,2025,12,15,4,6,0,33
17,11,2025,12,15,12,33,9,57
17,14,2025,12,15,17,2,9,50
17,21,2025,12,15,16,6,13,43
17,24,2025,12,15,14,4,15,32
17,32,2025,12,15,16,3,1,34
17,36,2025,12,15,17,6,1,39
17,41,2025,12,15,12,13,14,38
17,45,2025,12,15,4,2,17,23
17,52,2025,12,15,21,5,12,16
18,0,2025,12,15,21,5,0,21
18,6,2025,12,15,4,3,0,24
18,11,2025,12,15,12,36,11,49
18,14,2025,12,15,17,5,13,41
18,21,2025,12,15,16,3,8,36
18,24,2025,12,15,14,4,13,27
18,32,2025,12,15,16,6,0,33
18,36,2025,12,15,17,4,3,34
18,41,2025,12,15,12,20,13,41
18,45,2025,12,15,4,6,11,36
18,52,2025,12,15,21,4,14,26
19,0,2025,12,15,21,3,0,29
19,6,2025,12,15,4,2,0,31
19,11,2025,12,15,12,18,11,38
19,14,2025,12,15,17,3,9,32
19,21,2025,12,15,16,3,10,25
19,24,2025,12,15,14,2,8,19
19,32,2025,12,15,16,2,0,21
19,36,2025,12,15,17,5,1,25
19,41,2025,12,15,12,27,7,45
19,45,2025,12,15,4,3,14,34
19,52,2025,12,15,21,5,12,27
20,0,2025,12,15,21,3,0,30
20,6,2025,12,15,4,3,1,32
20,11,2025,12,15,12,13,9,36
20,14,2025,12,15,17,6,6,36
20,21,2025,12,15,16,2,14,24
20,24,2025,12,15,14,5,11,18
20,32,2025,12,15,16,2,0,20
20,36,2025,12,15,17,2,0,22
20,41,2025,12,15,12,26,11,37
20,45,2025,12,15,4,4,15,26
20,52,2025,12,15,21,2,4,24
21,0,2025,12,15,21,5,0,29
21,6,2025,12,15,4,3,1,31
21,11,2025,12,15,12,28,11,48
21,14,2025,12,15,17,5,10,43
21,21,2025,12,15,16,6,13,36
21,24,2025,12,15,14,5,13,28
21,32,2025,12,15,16,3,0,31
21,36,2025,12,15,17,3,1,33
21,41,2025,12,15,12,34,15,52
21,45,2025,12,15,4,6,14,44
21,52,2025,12,15,21,2,20,26
22,0,2025,12,15,21,2,0,28
22,6,2025,12,15,4,4,0,32
22,11,2025,12,15,12,32,9,55
22,14,2025,12,15,17,2,17,40
22,21,2025,12,15,16,5,12,33
22,24,2025,12,15,14,4,18,19
22,32,2025,12,15,16,2,0,21
22,36,2025,12,15,17,4,2,23
22,41,2025,12,15,12,10,8,25
22,45,2025,12,15,4,3,6,22
22,52,2025,12,15,21,2,14,10
23,0,2025,12,15,21,3,0,13
23,6,2025,12,15,4,3,0,16
23,11,2025,12,15,12,15,7,24
23,14,2025,12,15,17,6,6,24
23,21,2025,12,15,16,5,9,20
23,24,2025,12,15,14,6,8,18
23,32,2025,12,15,16,5,1,22
23,36,2025,12,15,17,4,2,24
23,41,2025,12,15,12,36,20,40
23,45,2025,12,15,4,0,20,20
23,52,2025,12,15,21,0,20,0
6,0,2025,12,16,21,5,0,5
6,6,2025,12,16,4,4,0,9
6,11,2025,12,16,12,9,6,12
6,14,2025,12,16,17,14,2,24
6,21,2025,12,16,16,22,3,43
6,24,2025,12,16,14,13,3,53
6,32,2025,12,16,16,6,1,58
6,36,2025,12,16,17,7,9,56
6,41,2025,12,16,12,17,20,53
6,45,2025,12,16,4,6,19,40
6,52,2025,12,16,21,6,20,26
7,0,2025,12,16,21,5,0,31
7,6,2025,12,16,4,3,6,28
7,11,2025,12,16,12,10,9,29
7,14,2025,12,16,17,8,5,32
7,21,2025,12,16,16,16,9,39
7,24,2025,12,16,14,15,11,43
7,32,2025,12,16,16,10,1,52
7,36,2025,12,16,17,14,3,63
7,41,2025,12,16,12,10,20,53
7,45,2025,12,16,4,5,20,38
7,52,2025,12,16,21,3,15,26
8,0,2025,12,16,21,3,0,29
8,6,2025,12,16,4,5,2,32
8,11,2025,12,16,12,25,12,45
8,14,2025,12,16,17,18,8,55
8,21,2025,12,16,16,17,14,58
8,24,2025,12,16,14,20,12,66
8,32,2025,12,16,16,8,8,66
8,36,2025,12,16,17,9,9,66
8,41,2025,12,16,12,20,20,66
8,45,2025,12,16,4,4,20,50
8,52,2025,12,16,21,3,18,35
9,0,2025,12,16,21,4,0,39
9,6,2025,12,16,4,2,5,36
9,11,2025,12,16,12,20,3,53
9,14,2025,12,16,17,5,11,47
9,21,2025,12,16,16,3,11,39
9,24,2025,12,16,14,3,18,24
9,32,2025,12,16,16,3,1,26
9,36,2025,12,16,17,6,0,32
9,41,2025,12,16,12,33,10,55
9,45,2025,12,16,4,4,20,39
9,52,2025,12,16,21,3,11,31
10,0,2025,12,16,21,5,0,36
10,6,2025,12,16,4,3,0,39
10,11,2025,12,16,12,13,8,44
10,14,2025,12,16,17,4,18,30
10,21,2025,12,16,16,6,10,26
10,24,2025,12,16,14,2,13,15
10,32,2025,12,16,16,5,0,20
10,36,2025,12,16,17,3,2,21
10,41,2025,12,16,12,25,12,34
10,45,2025,12,16,4,2,8,28
10,52,2025,12,16,21,5,13,20
11,0,2025,12,16,21,3,0,23
11,6,2025,12,16,4,3,1,25
11,11,2025,12,16,12,17,11,31
11,14,2025,12,16,17,5,1,35
11,21,2025,12,16,16,2,9,28
11,24,2025,12,16,14,2,11,19
11,32,2025,12,16,16,3,0,22
11,36,2025,12,16,17,5,2,25
11,41,2025,12,16,12,26,11,40
11,45,2025,12,16,4,6,8,38
11,52,2025,12,16,21,5,14,29
12,0,2025,12,16,21,5,0,34
12,6,2025,12,16,4,6,3,37
12,11,2025,12,16,12,13,13,37
12,14,2025,12,16,17,4,11,30
12,21,2025,12,16,16,4,13,21
12,24,2025,12,16,14,4,12,13
12,32,2025,12,16,16,6,0,19
12,36,2025,12,16,17,5,1,23
12,41,2025,12,16,12,18,12,29
12,45,2025,12,16,4,3,6,26
12,52,2025,12,16,21,4,13,17
13,0,2025,12,16,21,4,0,21
13,6,2025,12,16,4,26,0,47
13,11,2025,12,16,12,8,20,35
13,14,2025,12,16,17,4,7,32
13,21,2025,12,16,16,5,10,27
13,24,2025,12,16,14,2,15,14
13,32,2025,12,16,16,5,0,19
13,36,2025,12,16,17,5,0,24
13,41,2025,12,16,12,27,17,34
13,45,2025,12,16,4,14,6,42
13,52,2025,12,16,21,4,9,37
14,0,2025,12,16,21,4,0,41
14,6,2025,12,16,4,25,0,66
14,11,2025,12,16,12,20,20,66
14,14,2025,12,16,17,3,15,54
14,21,2025,12,16,16,5,20,39
14,24,2025,12,16,14,4,20,23
14,32,2025,12,16,16,2,0,25
14,36,2025,12,16,17,5,1,29
14,41,2025,12,16,12,9,15,23
14,45,2025,12,16,4,21,4,40
14,52,2025,12,16,21,2,12,30
15,0,2025,12,16,21,5,0,35
15,6,2025,12,16,4,26,0,61
15,11,2025,12,16,12,25,20,66
15,14,2025,12,16,17,2,15,53
15,21,2025,12,16,16,3,17,39
15,24,2025,12,16,14,6,18,27
15,32,2025,12,16,16,2,1,28
15,36,2025,12,16,17,3,0,31
15,41,2025,12,16,12,35,11,55
15,45,2025,12,16,4,7,11,51
15,52,2025,12,16,21,5,20,36
16,0,2025,12,16,21,2,0,38
16,6,2025,12,16,4,6,1,43
16,11,2025,12,16,12,30,14,59
16,14,2025,12,16,17,3,17,45
16,21,2025,12,16,16,2,11,36
16,24,2025,12,16,14,4,16,24
16,32,2025,12,16,16,2,1,25
16,36,2025,12,16,17,3,0,28
16,41,2025,12,16,12,18,10,36
16,45,2025,12,16,4,6,11,31
16,52,2025,12,16,21,4,15,20
17,0,2025,12,16,21,2,0,22
17,6,2025,12,16,4,6,0,28
17,11,2025,12,16,12,19,10,37
17,14,2025,12,16,17,2,9,30
17,21,2025,12,16,16,4,8,26
17,24,2025,12,16,14,6,13,19
17,32,2025,12,16,16,5,1,23
17,36,2025,12,16,17,6,1,28
17,41,2025,12,16,12,24,15,37
17,45,2025,12,16,4,3,11,29
17,52,2025,12,16,21,5,9,25
18,0,2025,12,16,21,2,0,27
18,6,2025,12,16,4,5,0,32
18,11,2025,12,16,12,16,10,38
18,14,2025,12,16,17,5,9,34
18,21,2025,12,16,16,3,16,21
18,24,2025,12,16,14,6,10,17
18,32,2025,12,16,16,6,0,23
18,36,2025,12,16,17,5,2,26
18,41,2025,12,16,12,30,13,43
18,45,2025,12,16,4,5,14,34
18,52,2025,12,16,21,6,14,26
19,0,2025,12,16,21,5,0,31
19,6,2025,12,16,4,5,1,35
19,11,2025,12,16,12,33,10,58
19,14,2025,12,16,17,6,14,50
19,21,2025,12,16,16,6,19,37
19,24,2025,12,16,14,6,12,31
19,32,2025,12,16,16,2,0,33
19,36,2025,12,16,17,2,1,34
19,41,2025,12,16,12,22,12,44
19,45,2025,12,16,4,2,14,32
19,52,2025,12,16,21,5,15,22
20,0,2025,12,16,21,4,0,26
20,6,2025,12,16,4,6,0,32
20,11,2025,12,16,12,22,11,43
20,14,2025,12,16,17,6,14,35
20,21,2025,12,16,16,3,9,29
20,24,2025,12,16,14,6,13,22
20,32,2025,12,16,16,5,0,27
20,36,2025,12,16,17,2,3,26
20,41,2025,12,16,12,17,15,28
20,45,2025,12,16,4,4,9,23
20,52,2025,12,16,21,6,9,20
21,0,2025,12,16,21,5,0,25
21,6,2025,12,16,4,4,0,29
21,11,2025,12,16,12,36,14,51
21,14,2025,12,16,17,5,14,42
21,21,2025,12,16,16,2,13,31
21,24,2025,12,16,14,4,13,22
21,32,2025,12,16,16,6,0,28
21,36,2025,12,16,17,3,2,29
21,41,2025,12,16,12,15,13,31
21,45,2025,12,16,4,3,12,22
21,52,2025,12,16,21,4,7,19
22,0,2025,12,16,21,2,0,21
22,6,2025,12,16,4,5,0,26
22,11,2025,12,16,12,29,9,46
22,14,2025,12,16,17,3,13,36
22,21,2025,12,16,16,5,14,27
22,24,2025,12,16,14,6,13,20
22,32,2025,12,16,16,5,0,25
22,36,2025,12,16,17,6,1,30
22,41,2025,12,16,12,8,20,18
22,45,2025,12,16,4,6,6,18
22,52,2025,12,16,21,5,5,18
23,0,2025,12,16,21,3,0,21
23,6,2025,12,16,4,2,0,23
23,11,2025,12,16,12,12,10,25
23,14,2025,12,16,17,2,4,23
23,21,2025,12,16,16,4,2,25
23,24,2025,12,16,14,2,12,15
23,32,2025,12,16,16,4,0,19
23,36,2025,12,16,17,6,0,25
23,41,2025,12,16,12,13,12,26
23,45,2025,12,16,4,6,12,20
23,52,2025,12,16,21,0,20,0
6,0,2025,12,17,21,5,0,5
6,6,2025,12,17,4,5,1,9
6,11,2025,12,17,12,27,2,34
6,14,2025,12,17,17,17,11,40
6,21,2025,12,17,16,7,11,36
6,24,2025,12,17,14,5,6,35
6,32,2025,12,17,16,19,0,54
6,36,2025,12,17,17,13,4,63
6,41,2025,12,17,12,23,20,66
6,45,2025,12,17,4,4,20,50
6,52,2025,12,17,21,4,19,35
7,0,2025,12,17,21,4,0,39
7,6,2025,12,17,4,3,4,38
7,11,2025,12,17,12,9,8,39
7,14,2025,12,17,17,11,7,43
7,21,2025,12,17,16,17,9,51
7,24,2025,12,17,14,8,20,39
7,32,2025,12,17,16,20,0,59
7,36,2025,12,17,17,14,7,66
7,41,2025,12,17,12,18,20,64
7,45,2025,12,17,4,5,20,49
7,52,2025,12,17,21,5,16,38
8,0,2025,12,17,21,6,0,44
8,6,2025,12,17,4,5,6,43
8,11,2025,12,17,12,17,11,49
8,14,2025,12,17,17,14,8,55
8,21,2025,12,17,16,5,14,46
8,24,2025,12,17,14,19,20,45
8,32,2025,12,17,16,7,1,51
8,36,2025,12,17,17,5,4,52
8,41,2025,12,17,12,30,20,62
8,45,2025,12,17,4,2,20,44
8,52,2025,12,17,21,2,12,34
9,0,2025,12,17,21,5,0,39
9,6,2025,12,17,4,3,3,39
9,11,2025,12,17,12,22,6,55
9,14,2025,12,17,17,5,11,49
9,21,2025,12,17,16,2,9,42
9,24,2025,12,17,14,2,18,26
9,32,2025,12,17,16,4,0,30
9,36,2025,12,17,17,6,1,35
9,41,2025,12,17,12,23,10,48
9,45,2025,12,17,4,1,20,29
9,52,2025,12,17,21,4,12,21
10,0,2025,12,17,21,4,0,25
10,6,2025,12,17,4,5,1,29
10,11,2025,12,17,12,17,9,37
10,14,2025,12,17,17,3,11,29
10,21,2025,12,17,16,2,8,23
10,24,2025,12,17,14,5,14,14
10,32,2025,12,17,16,4,0,18
10,36,2025,12,17,17,3,1,20
10,41,2025,12,17,12,19,10,29
10,45,2025,12,17,4,4,10,23
10,52,2025,12,17,21,4,7,20
11,0,2025,12,17,21,6,0,26
11,6,2025,12,17,4,4,1,29
11,11,2025,12,17,12,10,13,26
11,14,2025,12,17,17,6,9,23
11,21,2025,12,17,16,4,3,24
11,24,2025,12,17,14,4,8,20
11,32,2025,12,17,16,6,1,25
11,36,2025,12,17,17,2,0,27
11,41,2025,12,17,12,16,13,30
11,45,2025,12,17,4,2,12,20
11,52,2025,12,17,21,4,8,16
12,0,2025,12,17,21,5,0,21
12,6,2025,12,17,4,3,0,24
12,11,2025,12,17,12,15,9,30
12,14,2025,12,17,17,5,7,28
12,21,2025,12,17,16,6,14,20
12,24,2025,12,17,14,4,7,17
12,32,2025,12,17,16,6,0,23
12,36,2025,12,17,17,3,2,24
12,41,2025,12,17,12,10,12,22
12,45,2025,12,17,4,3,9,16
12,52,2025,12,17,21,6,5,17
13,0,2025,12,17,21,6,0,23
13,6,2025,12,17,4,25,0,48
13,11,2025,12,17,12,20,20,48
13,14,2025,12,17,17,4,11,41
13,21,2025,12,17,16,3,19,25
13,24,2025,12,17,14,3,10,18
13,32,2025,12,17,16,6,1,23
13,36,2025,12,17,17,6,0,29
13,41,2025,12,17,12,14,18,25
13,45,2025,12,17,4,29,3,51
13,52,2025,12,17,21,5,15,41
14,0,2025,12,17,21,5,0,46
14,6,2025,12,17,4,12,2,56
14,11,2025,12,17,12,30,20,66
14,14,2025,12,17,17,2,19,49
14,21,2025,12,17,16,6,18,37
14,24,2025,12,17,14,4,16,25
14,32,2025,12,17,16,5,1,29
14,36,2025,12,17,17,2,2,29
14,41,2025,12,17,12,17,9,37
14,45,2025,12,17,4,24,8,53
14,52,2025,12,17,21,3,18,38
15,0,2025,12,17,21,2,0,40
15,6,2025,12,17,4,13,1,52
15,11,2025,12,17,12,9,20,41
15,14,2025,12,17,17,2,9,34
15,21,2025,12,17,16,5,12,27
15,24,2025,12,17,14,2,15,14
15,32,2025,12,17,16,6,0,20
15,36,2025,12,17,17,6,2,24
15,41,2025,12,17,12,33,13,44
15,45,2025,12,17,4,16,3,57
15,52,2025,12,17,21,3,17,43
16,0,2025,12,17,21,2,0,45
16,6,2025,12,17,4,6,0,51
16,11,2025,12,17,12,13,20,44
16,14,2025,12,17,17,6,11,39
16,21,2025,12,17,16,3,15,27
16,24,2025,12,17,14,2,15,14
16,32,2025,12,17,16,4,0,18
16,36,2025,12,17,17,5,1,22
16,41,2025,12,17,12,26,12,36
16,45,2025,12,17,4,6,11,31
16,52,2025,12,17,21,5,9,27
17,0,2025,12,17,21,2,0,29
17,6,2025,12,17,4,3,0,32
17,11,2025,12,17,12,25,7,50
17,14,2025,12,17,17,5,12,43
17,21,2025,12,17,16,3,10,36
17,24,2025,12,17,14,4,16,24
17,32,2025,12,17,16,4,0,28
17,36,2025,12,17,17,4,1,31
17,41,2025,12,17,12,32,12,51
17,45,2025,12,17,4,2,14,39
17,52,2025,12,17,21,2,20,21
18,0,2025,12,17,21,2,0,23
18,6,2025,12,17,4,4,1,26
18,11,2025,12,17,12,29,5,50
18,14,2025,12,17,17,2,10,42
18,21,2025,12,17,16,2,17,27
18,24,2025,12,17,14,5,13,19
18,32,2025,12,17,16,6,0,25
18,36,2025,12,17,17,2,2,25
18,41,2025,12,17,12,29,14,40
18,45,2025,12,17,4,5,14,31
18,52,2025,12,17,21,6,11,26
19,0,2025,12,17,21,6,0,32
19,6,2025,12,17,4,3,2,33
19,11,2025,12,17,12,23,13,43
19,14,2025,12,17,17,5,16,32
19,21,2025,12,17,16,5,9,28
19,24,2025,12,17,14,3,12,19
19,32,2025,12,17,16,3,1,21
19,36,2025,12,17,17,2,0,23
19,41,2025,12,17,12,35,14,44
19,45,2025,12,17,4,4,15,33
19,52,2025,12,17,21,6,13,26
20,0,2025,12,17,21,3,0,29
20,6,2025,12,17,4,3,3,29
20,11,2025,12,17,12,9,10,28
20,14,2025,12,17,17,2,9,21
20,21,2025,12,17,16,6,10,17
20,24,2025,12,17,14,3,9,11
20,32,2025,12,17,16,6,0,17
20,36,2025,12,17,17,6,2,21
20,41,2025,12,17,12,17,15,23
20,45,2025,12,17,4,6,5,24
20,52,2025,12,17,21,5,2,27
21,0,2025,12,17,21,2,0,29
21,6,2025,12,17,4,6,1,34
21,11,2025,12,17,12,20,15,39
21,14,2025,12,17,17,4,6,37
21,21,2025,12,17,16,6,10,33
21,24,2025,12,17,14,2,14,21
21,32,2025,12,17,16,2,1,22
21,36,2025,12,17,17,6,0,28
21,41,2025,12,17,12,24,15,37
21,45,2025,12,17,4,3,6,34
21,52,2025,12,17,21,5,14,25
22,0,2025,12,17,21,4,0,29
22,6,2025,12,17,4,5,0,34
22,11,2025,12,17,12,36,14,56
22,14,2025,12,17,17,4,13,47
22,21,2025,12,17,16,2,10,39
22,24,2025,12,17,14,5,20,24
22,32,2025,12,17,16,5,0,29
22,36,2025,12,17,17,2,0,31
22,41,2025,12,17,12,8,12,27
22,45,2025,12,17,4,5,14,18
22,52,2025,12,17,21,3,9,12
23,0,2025,12,17,21,6,0,18
23,6,2025,12,17,4,5,0,23
23,11,2025,12,17,12,30,11,42
23,14,2025,12,17,17,2,4,40
23,21,2025,12,17,16,2,12,30
23,24,2025,12,17,14,4,9,25
23,32,2025,12,17,16,2,0,27
23,36,2025,12,17,17,2,1,28
23,41,2025,12,17,12,15,8,35
23,45,2025,12,17,4,4,20,19
23,52,2025,12,17,21,0,19,0
6,0,2025,12,18,21,3,0,3
6,6,2025,12,18,4,4,0,7
6,11,2025,12,18,12,23,4,26
6,14,2025,12,18,17,20,4,42
6,21,2025,12,18,16,9,4,47
6,24,2025,12,18,14,13,9,51
6,32,2025,12,18,16,15,5,61
6,36,2025,12,18,17,11,8,64
6,41,2025,12,18,12,22,20,66
6,45,2025,12,18,4,3,20,49
6,52,2025,12,18,21,5,20,34
7,0,2025,12,18,21,5,0,39
7,6,2025,12,18,4,5,5,39
7,11,2025,12,18,12,28,8,59
7,14,2025,12,18,17,13,13,59
7,21,2025,12,18,16,5,15,49
7,24,2025,12,18,14,7,13,43
7,32,2025,12,18,16,22,0,65
7,36,2025,12,18,17,9,8,66
7,41,2025,12,18,12,9,20,55
7,45,2025,12,18,4,4,20,39
7,52,2025,12,18,21,4,16,27
8,0,2025,12,18,21,3,0,30
8,6,2025,12,18,4,4,5,29
8,11,2025,12,18,12,28,7,50
8,14,2025,12,18,17,5,7,48
8,21,2025,12,18,16,19,10,57
8,24,2025,12,18,14,5,18,44
8,32,2025,12,18,16,17,1,60
8,36,2025,12,18,17,18,12,66
8,41,2025,12,18,12,19,20,65
8,45,2025,12,18,4,5,20,50
8,52,2025,12,18,21,2,20,32
9,0,2025,12,18,21,5,0,37
9,6,2025,12,18,4,4,2,39
9,11,2025,12,18,12,19,6,52
9,14,2025,12,18,17,2,5,49
9,21,2025,12,18,16,2,14,37
9,24,2025,12,18,14,5,17,25
9,32,2025,12,18,16,2,0,27
9,36,2025,12,18,17,4,1,30
9,41,2025,12,18,12,9,8,31
9,45,2025,12,18,4,3,20,14
9,52,2025,12,18,21,4,3,15
10,0,2025,12,18,21,6,0,21
10,6,2025,12,18,4,3,0,24
10,11,2025,12,18,12,29,12,41
10,14,2025,12,18,17,4,7,38
10,21,2025,12,18,16,6,10,34
10,24,2025,12,18,14,3,15,22
10,32,2025,12,18,16,2,0,24
10,36,2025,12,18,17,6,3,27
10,41,2025,12,18,12,10,7,30
10,45,2025,12,18,4,2,9,23
10,52,2025,12,18,21,3,11,15
11,0,2025,12,18,21,2,0,17
11,6,2025,12,18,4,2,0,19
11,11,2025,12,18,12,22,9,32
11,14,2025,12,18,17,3,6,29
11,21,2025,12,18,16,2,9,22
11,24,2025,12,18,14,4,6,20
11,32,2025,12,18,16,5,1,24
11,36,2025,12,18,17,3,1,26
11,41,2025,12,18,12,28,13,41
11,45,2025,12,18,4,4,9,36
11,52,2025,12,18,21,3,13,26
12,0,2025,12,18,21,3,0,29
12,6,2025,12,18,4,4,1,32
12,11,2025,12,18,12,28,7,53
12,14,2025,12,18,17,4,10,47
12,21,2025,12,18,16,6,17,36
12,24,2025,12,18,14,6,13,29
12,32,2025,12,18,16,6,1,34
12,36,2025,12,18,17,6,3,37
12,41,2025,12,18,12,9,11,35
12,45,2025,12,18,4,2,18,19
12,52,2025,12,18,21,2,10,11
13,0,2025,12,18,21,6,0,17
13,6,2025,12,18,4,29,1,45
13,11,2025,12,18,12,13,20,38
13,14,2025,12,18,17,6,7,37
13,21,2025,12,18,16,6,8,35
13,24,2025,12,18,14,5,14,26
13,32,2025,12,18,16,6,1,31
13,36,2025,12,18,17,6,2,35
13,41,2025,12,18,12,12,20,27
13,45,2025,12,18,4,32,3,56
13,52,2025,12,18,21,5,19,42
14,0,2025,12,18,21,3,0,45
14,6,2025,12,18,4,14,1,58
14,11,2025,12,18,12,12,20,50
14,14,2025,12,18,17,6,15,41
14,21,2025,12,18,16,5,17,29
14,24,2025,12,18,14,2,14,17
14,32,2025,12,18,16,2,0,19
14,36,2025,12,18,17,4,2,21
14,41,2025,12,18,12,32,8,45
14,45,2025,12,18,4,25,4,66
14,52,2025,12,18,21,2,20,48
15,0,2025,12,18,21,4,0,52
15,6,2025,12,18,4,16,2,66
15,11,2025,12,18,12,20,20,66
15,14,2025,12,18,17,2,17,51
15,21,2025,12,18,16,3,12,42
15,24,2025,12,18,14,5,20,27
15,32,2025,12,18,16,3,0,30
15,36,2025,12,18,17,2,3,29
15,41,2025,12,18,12,23,7,45
15,45,2025,12,18,4,26,9,62
15,52,2025,12,18,21,3,20,45
16,0,2025,12,18,21,3,0,48
16,6,2025,12,18,4,4,2,50
16,11,2025,12,18,12,25,20,55
16,14,2025,12,18,17,4,15,44
16,21,2025,12,18,16,3,17,30
16,24,2025,12,18,14,3,10,23
16,32,2025,12,18,16,6,0,29
16,36,2025,12,18,17,2,1,30
16,41,2025,12,18,12,23,14,39
16,45,2025,12,18,4,2,15,26
16,52,2025,12,18,21,6,12,20
17,0,2025,12,18,21,5,0,25
17,6,2025,12,18,4,5,1,29
17,11,2025,12,18,12,18,10,37
17,14,2025,12,18,17,5,15,27
17,21,2025,12,18,16,6,8,25
17,24,2025,12,18,14,5,8,22
17,32,2025,12,18,16,3,0,25
17,36,2025,12,18,17,4,0,29
17,41,2025,12,18,12,31,17,43
17,45,2025,12,18,4,5,13,35
17,52,2025,12,18,21,5,15,25
18,0,2025,12,18,21,5,0,30
18,6,2025,12,18,4,4,1,33
18,11,2025,12,18,12,23,12,44
18,14,2025,12,18,17,4,10,38
18,21,2025,12,18,16,3,17,24
18,24,2025,12,18,14,3,12,15
18,32,2025,12,18,16,6,1,20
18,36,2025,12,18,17,2,1,21
18,41,2025,12,18,12,11,10,22
18,45,2025,12,18,4,2,4,20
18,52,2025,12,18,21,6,9,17
19,0,2025,12,18,21,6,0,23
19,6,2025,12,18,4,4,3,24
19,11,2025,12,18,12,33,9,48
19,14,2025,12,18,17,4,15,37
19,21,2025,12,18,16,2,9,30
19,24,2025,12,18,14,6,9,27
19,32,2025,12,18,16,6,0,33
19,36,2025,12,18,17,3,3,33
19,41,2025,12,18,12,20,14,39
19,45,2025,12,18,4,3,15,27
19,52,2025,12,18,21,5,12,20
20,0,2025,12,18,21,2,0,22
20,6,2025,12,18,4,3,1,24
20,11,2025,12,18,12,22,9,37
20,14,2025,12,18,17,3,10,30
20,21,2025,12,18,16,4,13,21
20,24,2025,12,18,14,2,8,15
20,32,2025,12,18,16,3,0,18
20,36,2025,12,18,17,3,0,21
20,41,2025,12,18,12,10,10,21
20,45,2025,12,18,4,6,5,22
20,52,2025,12,18,21,2,7,17
21,0,2025,12,18,21,3,0,20
21,6,2025,12,18,4,2,0,22
21,11,2025,12,18,12,20,11,31
21,14,2025,12,18,17,2,5,28
21,21,2025,12,18,16,6,11,23
21,24,2025,12,18,14,4,11,16
21,32,2025,12,18,16,5,0,21
21,36,2025,12,18,17,4,1,24
21,41,2025,12,18,12,17,16,25
21,45,2025,12,18,4,5,5,25
21,52,2025,12,18,21,4,13,16
22,0,2025,12,18,21,4,0,20
22,6,2025,12,18,4,4,2,22
22,11,2025,12,18,12,25,9,38
22,14,2025,12,18,17,4,12,30
22,21,2025,12,18,16,2,12,20
22,24,2025,12,18,14,3,5,18
22,32,2025,12,18,16,4,0,22
22,36,2025,12,18,17,3,0,25
22,41,2025,12,18,12,8,11,22
22,45,2025,12,18,4,5,7,20
22,52,2025,12,18,21,3,10,13
23,0,2025,12,18,21,3,0,16
23,6,2025,12,18,4,2,0,18
23,11,2025,12,18,12,24,10,32
23,14,2025,12,18,17,2,6,28
23,21,2025,12,18,16,4,11,21
23,24,2025,12,18,14,3,8,16
23,32,2025,12,18,16,3,0,19
23,36,2025,12,18,17,3,0,22
23,41,2025,12,18,12,27,13,36
23,45,2025,12,18,4,2,18,20
23,52,2025,12,18,21,0,20,0
6,0,2025,12,19,21,3,0,3
6,6,2025,12,19,4,2,1,4
6,11,2025,12,19,12,11,3,12
6,14,2025,12,19,17,14,5,21
6,21,2025,12,19,16,16,2,35
6,24,2025,12,19,14,8,5,38
6,32,2025,12,19,16,8,2,44
6,36,2025,12,19,17,20,2,62
6,41,2025,12,19,12,11,20,53
6,45,2025,12,19,4,5,17,41
6,52,2025,12,19,21,6,18,29
7,0,2025,12,19,21,3,0,32
7,6,2025,12,19,4,1,3,30
7,11,2025,12,19,12,9,8,31
7,14,2025,12,19,17,13,6,38
7,21,2025,12,19,16,8,10,36
7,24,2025,12,19,14,10,10,36
7,32,2025,12,19,16,9,1,44
7,36,2025,12,19,17,15,1,58
7,41,2025,12,19,12,27,20,65
7,45,2025,12,19,4,2,20,47
7,52,2025,12,19,21,6,15,38
8,0,2025,12,19,21,3,0,41
8,6,2025,12,19,4,5,2,44
8,11,2025,12,19,12,29,7,66
8,14,2025,12,19,17,5,7,64
8,21,2025,12,19,16,11,20,55
8,24,2025,12,19,14,11,19,47
8,32,2025,12,19,16,9,1,55
8,36,2025,12,19,17,15,4,66
8,41,2025,12,19,12,20,20,66
8,45,2025,12,19,4,2,20,48
8,52,2025,12,19,21,4,19,33
9,0,2025,12,19,21,3,0,36
9,6,2025,12,19,4,3,3,36
9,11,2025,12,19,12,14,5,45
9,14,2025,12,19,17,5,3,47
9,21,2025,12,19,16,5,13,39
9,24,2025,12,19,14,5,17,27
9,32,2025,12,19,16,6,0,33
9,36,2025,12,19,17,3,0,36
9,41,2025,12,19,12,15,10,41
9,45,2025,12,19,4,5,20,26
9,52,2025,12,19,21,4,11,19
10,0,2025,12,19,21,5,0,24
10,6,2025,12,19,4,5,0,29
10,11,2025,12,19,12,8,12,25
10,14,2025,12,19,17,3,5,23
10,21,2025,12,19,16,2,9,16
10,24,2025,12,19,14,2,7,11
10,32,2025,12,19,16,3,0,14
10,36,2025,12,19,17,5,0,19
10,41,2025,12,19,12,29,9,39
10,45,2025,12,19,4,5,10,34
10,52,2025,12,19,21,6,9,31
11,0,2025,12,19,21,6,0,37
11,6,2025,12,19,4,6,0,43
11,11,2025,12,19,12,17,16,44
11,14,2025,12,19,17,2,11,35
11,21,2025,12,19,16,5,19,21
11,24,2025,12,19,14,4,9,16
11,32,2025,12,19,16,6,0,22
11,36,2025,12,19,17,2,0,24
11,41,2025,12,19,12,17,12,29
11,45,2025,12,19,4,5,9,25
11,52,2025,12,19,21,3,7,21
12,0,2025,12,19,21,2,0,23
12,6,2025,12,19,4,2,1,24
12,11,2025,12,19,12,36,7,53
12,14,2025,12,19,17,6,13,46
12,21,2025,12,19,16,5,12,39
12,24,2025,12,19,14,5,12,32
12,32,2025,12,19,16,6,0,38
12,36,2025,12,19,17,3,2,39
12,41,2025,12,19,12,20,20,39
12,45,2025,12,19,4,6,15,30
12,52,2025,12,19,21,6,12,24
13,0,2025,12,19,21,5,0,29
13,6,2025,12,19,4,14,0,43
13,11,2025,12,19,12,28,20,51
13,14,2025,12,19,17,5,12,44
13,21,2025,12,19,16,6,11,39
13,24,2025,12,19,14,5,20,24
13,32,2025,12,19,16,5,0,29
13,36,2025,12,19,17,4,1,32
13,41,2025,12,19,12,31,14,49
13,45,2025,12,19,4,25,12,62
13,52,2025,12,19,21,5,19,48
14,0,2025,12,19,21,3,0,51
14,6,2025,12,19,4,16,1,66
14,11,2025,12,19,12,18,20,64
14,14,2025,12,19,17,4,15,53
14,21,2025,12,19,16,6,16,43
14,24,2025,12,19,14,6,20,29
14,32,2025,12,19,16,2,0,31
14,36,2025,12,19,17,5,0,36
14,41,2025,12,19,12,13,18,31
14,45,2025,12,19,4,13,6,38
14,52,2025,12,19,21,6,12,32
15,0,2025,12,19,21,3,0,35
15,6,2025,12,19,4,27,1,61
15,11,2025,12,19,12,25,20,66
15,14,2025,12,19,17,3,18,51
15,21,2025,12,19,16,5,19,37
15,24,2025,12,19,14,2,17,22
15,32,2025,12,19,16,6,0,28
15,36,2025,12,19,17,2,1,29
15,41,2025,12,19,12,14,13,30
15,45,2025,12,19,4,14,6,38
15,52,2025,12,19,21,4,14,28
16,0,2025,12,19,21,2,0,30
16,6,2025,12,19,4,2,0,32
16,11,2025,12,19,12,28,16,44
16,14,2025,12,19,17,3,14,33
16,21,2025,12,19,16,2,7,28
16,24,2025,12,19,14,6,15,19
16,32,2025,12,19,16,6,0,25
16,36,2025,12,19,17,4,0,29
16,41,2025,12,19,12,25,14,40
16,45,2025,12,19,4,4,13,31
16,52,2025,12,19,21,6,9,28
17,0,2025,12,19,21,4,0,32
17,6,2025,12,19,4,5,1,36
17,11,2025,12,19,12,31,14,53
17,14,2025,12,19,17,4,14,43
17,21,2025,12,19,16,5,12,36
17,24,2025,12,19,14,6,16,26
17,32,2025,12,19,16,4,0,30
17,36,2025,12,19,17,4,0,34
17,41,2025,12,19,12,10,11,33
17,45,2025,12,19,4,3,11,25
17,52,2025,12,19,21,6,15,16
18,0,2025,12,19,21,3,0,19
18,6,2025,12,19,4,2,0,21
18,11,2025,12,19,12,25,8,38
18,14,2025,12,19,17,6,12,32
18,21,2025,12,19,16,3,11,24
18,24,2025,12,19,14,5,7,22
18,32,2025,12,19,16,6,0,28
18,36,2025,12,19,17,5,2,31
18,41,2025,12,19,12,35,18,48
18,45,2025,12,19,4,5,9,44
18,52,2025,12,19,21,4,20,28
19,0,2025,12,19,21,2,0,30
19,6,2025,12,19,4,5,0,35
19,11,2025,12,19,12,22,8,49
19,14,2025,12,19,17,6,12,43
19,21,2025,12,19,16,3,19,27
19,24,2025,12,19,14,6,13,20
19,32,2025,12,19,16,3,0,23
19,36,2025,12,19,17,5,1,27
19,41,2025,12,19,12,16,15,28
19,45,2025,12,19,4,2,6,24
19,52,2025,12,19,21,5,8,21
20,0,2025,12,19,21,2,0,23
20,6,2025,12,19,4,5,0,28
20,11,2025,12,19,12,35,12,51
20,14,2025,12,19,17,3,11,43
20,21,2025,12,19,16,3,12,34
20,24,2025,12,19,14,3,11,26
20,32,2025,12,19,16,4,1,29
20,36,2025,12,19,17,6,0,35
20,41,2025,12,19,12,32,13,54
20,45,2025,12,19,4,3,14,43
20,52,2025,12,19,21,6,18,31
21,0,2025,12,19,21,3,0,34
21,6,2025,12,19,4,4,0,38
21,11,2025,12,19,12,11,10,39
21,14,2025,12,19,17,3,10,32
21,21,2025,12,19,16,2,15,19
21,24,2025,12,19,14,2,10,11
21,32,2025,12,19,16,5,0,16
21,36,2025,12,19,17,5,1,20
21,41,2025,12,19,12,16,14,22
21,45,2025,12,19,4,2,3,21
21,52,2025,12,19,21,6,9,18
22,0,2025,12,19,21,6,0,24
22,6,2025,12,19,4,5,0,29
22,11,2025,12,19,12,22,13,38
22,14,2025,12,19,17,5,7,36
22,21,2025,12,19,16,4,7,33
22,24,2025,12,19,14,4,12,25
22,32,2025,12,19,16,6,0,31
22,36,2025,12,19,17,2,3,30
22,41,2025,12,19,12,20,14,36
22,45,2025,12,19,4,6,8,34
22,52,2025,12,19,21,5,12,27
23,0,2025,12,19,21,5,0,32
23,6,2025,12,19,4,6,1,37
23,11,2025,12,19,12,14,11,40
23,14,2025,12,19,17,6,13,33
23,21,2025,12,19,16,2,8,27
23,24,2025,12,19,14,3,13,17
23,32,2025,12,19,16,3,0,20
23,36,2025,12,19,17,6,0,26
23,41,2025,12,19,12,9,11,24
23,45,2025,12,19,4,4,9,19
23,52,2025,12,19,21,0,19,0
6,0,2025,12,20,21,2,0,2
6,6,2025,12,20,4,4,0,6
6,11,2025,12,20,12,25,6,25
6,14,2025,12,20,17,10,6,29
6,21,2025,12,20,16,5,3,31
6,24,2025,12,20,14,7,9,29
6,32,2025,12,20,16,5,1,33
6,36,2025,12,20,17,19,0,52
6,41,2025,12,20,12,11,20,43
6,45,2025,12,20,4,3,12,34
6,52,2025,12,20,21,6,12,28
7,0,2025,12,20,21,4,0,32
7,6,2025,12,20,4,4,5,31
7,11,2025,12,20,12,16,8,39
7,14,2025,12,20,17,13,4,48
7,21,2025,12,20,16,14,8,54
7,24,2025,12,20,14,13,20,47
7,32,2025,12,20,16,9,1,55
7,36,2025,12,20,17,17,6,66
7,41,2025,12,20,12,14,20,60
7,45,2025,12,20,4,1,20,41
7,52,2025,12,20,21,6,14,33
8,0,2025,12,20,21,4,0,37
8,6,2025,12,20,4,4,3,38
8,11,2025,12,20,12,35,9,64
8,14,2025,12,20,17,5,3,66
8,21,2025,12,20,16,10,16,60
8,24,2025,12,20,14,17,20,57
8,32,2025,12,20,16,11,2,66
8,36,2025,12,20,17,9,9,66
8,41,2025,12,20,12,13,20,59
8,45,2025,12,20,4,3,20,42
8,52,2025,12,20,21,3,20,25
9,0,2025,12,20,21,4,0,29
9,6,2025,12,20,4,4,2,31
9,11,2025,12,20,12,20,8,43
9,14,2025,12,20,17,3,7,39
9,21,2025,12,20,16,4,6,37
9,24,2025,12,20,14,3,14,26
9,32,2025,12,20,16,4,0,30
9,36,2025,12,20,17,4,1,33
9,41,2025,12,20,12,36,13,56
9,45,2025,12,20,4,5,20,41
9,52,2025,12,20,21,6,11,36
10,0,2025,12,20,21,5,0,41
10,6,2025,12,20,4,5,3,43
10,11,2025,12,20,12,20,15,48
10,14,2025,12,20,17,2,12,38
10,21,2025,12,20,16,3,14,27
10,24,2025,12,20,14,4,13,18
10,32,2025,12,20,16,4,0,22
10,36,2025,12,20,17,2,1,23
10,41,2025,12,20,12,36,8,51
10,45,2025,12,20,4,6,14,43
10,52,2025,12,20,21,3,13,33
11,0,2025,12,20,21,2,0,35
11,6,2025,12,20,4,3,1,37
11,11,2025,12,20,12,31,6,62
11,14,2025,12,20,17,5,14,53
11,21,2025,12,20,16,5,20,38
11,24,2025,12,20,14,3,17,24
11,32,2025,12,20,16,2,0,26
11,36,2025,12,20,17,2,1,27
11,41,2025,12,20,12,23,10,40
11,45,2025,12,20,4,4,10,34
11,52,2025,12,20,21,5,12,27
12,0,2025,12,20,21,3,0,30
12,6,2025,12,20,4,6,1,35
12,11,2025,12,20,12,34,9,60
12,14,2025,12,20,17,4,15,49
12,21,2025,12,20,16,6,15,40
12,24,2025,12,20,14,2,15,27
12,32,2025,12,20,16,3,0,30
12,36,2025,12,20,17,4,1,33
12,41,2025,12,20,12,11,15,29
12,45,2025,12,20,4,4,6,27
12,52,2025,12,20,21,2,17,12
13,0,2025,12,20,21,3,0,15
13,6,2025,12,20,4,31,1,45
13,11,2025,12,20,12,15,20,40
13,14,2025,12,20,17,3,8,35
13,21,2025,12,20,16,3,9,29
13,24,2025,12,20,14,6,13,22
13,32,2025,12,20,16,2,2,22
13,36,2025,12,20,17,4,0,26
13,41,2025,12,20,12,21,9,38
13,45,2025,12,20,4,31,6,63
13,52,2025,12,20,21,2,20,45
14,0,2025,12,20,21,3,0,48
14,6,2025,12,20,4,18,0,66
14,11,2025,12,20,12,20,20,66
14,14,2025,12,20,17,5,19,52
14,21,2025,12,20,16,3,20,35
14,24,2025,12,20,14,6,10,31
14,32,2025,12,20,16,6,0,37
14,36,2025,12,20,17,2,2,37
14,41,2025,12,20,12,29,16,50
14,45,2025,12,20,4,24,9,65
14,52,2025,12,20,21,5,19,51
15,0,2025,12,20,21,5,0,56
15,6,2025,12,20,4,10,0,66
15,11,2025,12,20,12,14,20,60
15,14,2025,12,20,17,6,18,48
15,21,2025,12,20,16,3,20,31
15,24,2025,12,20,14,4,16,19
15,32,2025,12,20,16,2,0,21
15,36,2025,12,20,17,5,1,25
15,41,2025,12,20,12,34,12,47
15,45,2025,12,20,4,26,7,66
15,52,2025,12,20,21,5,20,51
16,0,2025,12,20,21,3,0,54
16,6,2025,12,20,4,2,4,52
16,11,2025,12,20,12,9,20,41
16,14,2025,12,20,17,2,11,32
16,21,2025,12,20,16,5,11,26
16,24,2025,12,20,14,5,15,16
16,32,2025,12,20,16,4,0,20
16,36,2025,12,20,17,6,0,26
16,41,2025,12,20,12,19,16,29
16,45,2025,12,20,4,3,7,25
16,52,2025,12,20,21,2,9,18
17,0,2025,12,20,21,3,0,21
17,6,2025,12,20,4,5,1,25
17,11,2025,12,20,12,15,9,31
17,14,2025,12,20,17,5,8,28
17,21,2025,12,20,16,4,7,25
17,24,2025,12,20,14,4,13,16
17,32,2025,12,20,16,3,1,18
17,36,2025,12,20,17,2,0,20
17,41,2025,12,20,12,18,7,31
17,45,2025,12,20,4,3,9,25
17,52,2025,12,20,21,3,11,17
18,0,2025,12,20,21,3,0,20
18,6,2025,12,20,4,4,0,24
18,11,2025,12,20,12,10,8,26
18,14,2025,12,20,17,6,5,27
18,21,2025,12,20,16,4,10,21
18,24,2025,12,20,14,3,8,16
18,32,2025,12,20,16,6,2,20
18,36,2025,12,20,17,2,0,22
18,41,2025,12,20,12,21,11,32
18,45,2025,12,20,4,5,6,31
18,52,2025,12,20,21,3,12,22
19,0,2025,12,20,21,5,0,27
19,6,2025,12,20,4,4,0,31
19,11,2025,12,20,12,11,10,32
19,14,2025,12,20,17,4,8,28
19,21,2025,12,20,16,5,5,28
19,24,2025,12,20,14,2,10,20
19,32,2025,12,20,16,3,0,23
19,36,2025,12,20,17,5,2,26
19,41,2025,12,20,12,31,12,45
19,45,2025,12,20,4,3,7,41
19,52,2025,12,20,21,4,11,34
20,0,2025,12,20,21,6,0,40
20,6,2025,12,20,4,2,0,42
20,11,2025,12,20,12,29,11,60
20,14,2025,12,20,17,3,13,50
20,21,2025,12,20,16,5,18,37
20,24,2025,12,20,14,6,17,26
20,32,2025,12,20,16,3,2,27
20,36,2025,12,20,17,6,0,33
20,41,2025,12,20,12,35,16,52
20,45,2025,12,20,4,5,16,41
20,52,2025,12,20,21,3,17,27
21,0,2025,12,20,21,5,0,32
21,6,2025,12,20,4,4,1,35
21,11,2025,12,20,12,23,9,49
21,14,2025,12,20,17,4,12,41
21,21,2025,12,20,16,2,16,27
21,24,2025,12,20,14,3,15,15
21,32,2025,12,20,16,5,1,19
21,36,2025,12,20,17,6,0,25
21,41,2025,12,20,12,34,9,50
21,45,2025,12,20,4,2,8,44
21,52,2025,12,20,21,4,20,28
22,0,2025,12,20,21,5,0,33
22,6,2025,12,20,4,5,0,38
22,11,2025,12,20,12,20,9,49
22,14,2025,12,20,17,2,14,37
22,21,2025,12,20,16,4,15,26
22,24,2025,12,20,14,5,15,16
22,32,2025,12,20,16,6,0,22
22,36,2025,12,20,17,3,0,25
22,41,2025,12,20,12,24,15,34
22,45,2025,12,20,4,5,7,32
22,52,2025,12,20,21,2,14,20
23,0,2025,12,20,21,4,0,24
23,6,2025,12,20,4,4,0,28
23,11,2025,12,20,12,11,11,28
23,14,2025,12,20,17,6,8,26
23,21,2025,12,20,16,4,11,19
23,24,2025,12,20,14,5,6,18
23,32,2025,12,20,16,4,0,22
23,36,2025,12,20,17,3,1,24
23,41,2025,12,20,12,29,13,40
23,45,2025,12,20,4,0,20,20
23,52,2025,12,20,21,0,20,0
6,0,2025,12,21,21,3,0,3
6,6,2025,12,21,4,2,1,4
6,11,2025,12,21,12,23,1,26
6,14,2025,12,21,17,22,11,37
6,21,2025,12,21,16,5,6,36
6,24,2025,12,21,14,9,6,39
6,32,2025,12,21,16,22,0,61
6,36,2025,12,21,17,12,9,64
6,41,2025,12,21,12,13,20,57
6,45,2025,12,21,4,6,16,47
6,52,2025,12,21,21,5,20,32
7,0,2025,12,21,21,3,0,35
7,6,2025,12,21,4,3,4,34
7,11,2025,12,21,12,17,11,40
7,14,2025,12,21,17,11,9,42
7,21,2025,12,21,16,7,2,47
7,24,2025,12,21,14,11,16,42
7,32,2025,12,21,16,10,2,50
7,36,2025,12,21,17,6,4,52
7,41,2025,12,21,12,20,20,52
7,45,2025,12,21,4,2,20,34
7,52,2025,12,21,21,2,7,29
8,0,2025,12,21,21,4,0,33
8,6,2025,12,21,4,4,3,34
8,11,2025,12,21,12,10,5,39
8,14,2025,12,21,17,18,6,51
8,21,2025,12,21,16,15,9,57
8,24,2025,12,21,14,11,16,52
8,32,2025,12,21,16,6,0,58
8,36,2025,12,21,17,14,6,66
8,41,2025,12,21,12,20,20,66
8,45,2025,12,21,4,4,20,50
8,52,2025,12,21,21,5,20,35
9,0,2025,12,21,21,6,0,41
9,6,2025,12,21,4,5,4,42
9,11,2025,12,21,12,34,10,66
9,14,2025,12,21,17,3,10,59
9,21,2025,12,21,16,3,15,47
9,24,2025,12,21,14,2,20,29
9,32,2025,12,21,16,2,0,31
9,36,2025,12,21,17,2,0,33
9,41,2025,12,21,12,14,6,41
9,45,2025,12,21,4,1,20,22
9,52,2025,12,21,21,6,9,19
10,0,2025,12,21,21,3,0,22
10,6,2025,12,21,4,4,0,26
10,11,2025,12,21,12,26,12,40
10,14,2025,12,21,17,2,6,36
10,21,2025,12,21,16,3,11,28
10,24,2025,12,21,14,5,10,23
10,32,2025,12,21,16,4,0,27
10,36,2025,12,21,17,3,0,30
10,41,2025,12,21,12,35,13,52
10,45,2025,12,21,4,6,16,42
10,52,2025,12,21,21,5,20,27
11,0,2025,12,21,21,2,0,29
11,6,2025,12,21,4,2,1,30
11,11,2025,12,21,12,33,8,55
11,14,2025,12,21,17,5,20,40
11,21,2025,12,21,16,6,12,34
11,24,2025,12,21,14,4,6,32
11,32,2025,12,21,16,6,0,38
11,36,2025,12,21,17,5,2,41
11,41,2025,12,21,12,28,15,54
11,45,2025,12,21,4,2,18,38
11,52,2025,12,21,21,4,20,22
12,0,2025,12,21,21,4,0,26
12,6,2025,12,21,4,4,0,30
12,11,2025,12,21,12,14,10,34
12,14,2025,12,21,17,2,7,29
12,21,2025,12,21,16,3,11,21
12,24,2025,12,21,14,2,9,14
12,32,2025,12,21,16,6,0,20
12,36,2025,12,21,17,5,1,24
12,41,2025,12,21,12,33,12,45
12,45,2025,12,21,4,2,10,37
12,52,2025,12,21,21,3,13,27
13,0,2025,12,21,21,5,0,32
13,6,2025,12,21,4,23,0,55
13,11,2025,12,21,12,13,20,48
13,14,2025,12,21,17,6,9,45
13,21,2025,12,21,16,5,15,35
13,24,2025,12,21,14,3,14,24
13,32,2025,12,21,16,6,0,30
13,36,2025,12,21,17,2,2,30
13,41,2025,12,21,12,27,20,37
13,45,2025,12,21,4,8,2,43
13,52,2025,12,21,21,6,14,35
14,0,2025,12,21,21,2,0,37
14,6,2025,12,21,4,12,0,49
14,11,2025,12,21,12,9,19,39
14,14,2025,12,21,17,5,13,31
14,21,2025,12,21,16,4,12,23
14,24,2025,12,21,14,6,12,17
14,32,2025,12,21,16,3,1,19
14,36,2025,12,21,17,3,1,21
14,41,2025,12,21,12,14,13,22
14,45,2025,12,21,4,29,5,46
14,52,2025,12,21,21,6,11,41
15,0,2025,12,21,21,2,0,43
15,6,2025,12,21,4,16,1,58
15,11,2025,12,21,12,27,20,65
15,14,2025,12,21,17,4,20,49
15,21,2025,12,21,16,4,14,39
15,24,2025,12,21,14,6,20,25
15,32,2025,12,21,16,4,0,29
15,36,2025,12,21,17,5,1,33
15,41,2025,12,21,12,26,13,46
15,45,2025,12,21,4,18,5,59
15,52,2025,12,21,21,4,20,43
16,0,2025,12,21,21,6,0,49
16,6,2025,12,21,4,2,3,48
16,11,2025,12,21,12,15,20,43
16,14,2025,12,21,17,3,11,35
16,21,2025,12,21,16,3,12,26
16,24,2025,12,21,14,6,15,17
16,32,2025,12,21,16,6,1,22
16,36,2025,12,21,17,2,0,24
16,41,2025,12,21,12,36,11,49
16,45,2025,12,21,4,5,12,42
16,52,2025,12,21,21,6,16,32
17,0,2025,12,21,21,2,0,34
17,6,2025,12,21,4,6,0,40
17,11,2025,12,21,12,35,9,66
17,14,2025,12,21,17,5,13,58
17,21,2025,12,21,16,6,20,44
17,24,2025,12,21,14,3,20,27
17,32,2025,12,21,16,3,1,29
17,36,2025,12,21,17,5,1,33
17,41,2025,12,21,12,9,16,26
17,45,2025,12,21,4,3,15,14
17,52,2025,12,21,21,2,7,9
18,0,2025,12,21,21,3,0,12
18,6,2025,12,21,4,4,0,16
18,11,2025,12,21,12,33,8,41
18,14,2025,12,21,17,5,7,39
18,21,2025,12,21,16,4,12,31
18,24,2025,12,21,14,6,14,23
18,32,2025,12,21,16,3,1,25
18,36,2025,12,21,17,2,1,26
18,41,2025,12,21,12,28,9,45
18,45,2025,12,21,4,4,15,34
18,52,2025,12,21,21,4,10,28
19,0,2025,12,21,21,6,0,34
19,6,2025,12,21,4,4,3,35
19,11,2025,12,21,12,31,10,56
19,14,2025,12,21,17,3,11,48
19,21,2025,12,21,16,4,13,39
19,24,2025,12,21,14,4,20,23
19,32,2025,12,21,16,2,0,25
19,36,2025,12,21,17,4,4,25
19,41,2025,12,21,12,13,10,28
19,45,2025,12,21,4,2,9,21
19,52,2025,12,21,21,6,11,16
20,0,2025,12,21,21,2,0,18
20,6,2025,12,21,4,4,0,22
20,11,2025,12,21,12,32,10,44
20,14,2025,12,21,17,2,9,37
20,21,2025,12,21,16,3,6,34
20,24,2025,12,21,14,4,14,24
20,32,2025,12,21,16,6,1,29
20,36,2025,12,21,17,2,0,31
20,41,2025,12,21,12,25,12,44
20,45,2025,12,21,4,6,19,31
20,52,2025,12,21,21,5,13,23
21,0,2025,12,21,21,5,0,28
21,6,2025,12,21,4,3,0,31
21,11,2025,12,21,12,10,11,30
21,14,2025,12,21,17,2,6,26
21,21,2025,12,21,16,4,11,19
21,24,2025,12,21,14,5,8,16
21,32,2025,12,21,16,3,0,19
21,36,2025,12,21,17,4,2,21
21,41,2025,12,21,12,24,11,34
21,45,2025,12,21,4,4,12,26
21,52,2025,12,21,21,5,9,22
22,0,2025,12,21,21,3,0,25
22,6,2025,12,21,4,3,1,27
22,11,2025,12,21,12,19,8,38
22,14,2025,12,21,17,3,15,26
22,21,2025,12,21,16,5,8,23
22,24,2025,12,21,14,3,7,19
22,32,2025,12,21,16,2,1,20
22,36,2025,12,21,17,3,1,22
22,41,2025,12,21,12,11,11,22
22,45,2025,12,21,4,2,5,19
22,52,2025,12,21,21,4,10,13
23,0,2025,12,21,21,2,0,15
23,6,2025,12,21,4,5,2,18
23,11,2025,12,21,12,9,9,18
23,14,2025,12,21,17,2,3,17
23,21,2025,12,21,16,6,6,17
23,24,2025,12,21,14,4,7,14
23,32,2025,12,21,16,4,1,17
23,36,2025,12,21,17,3,1,19
23,41,2025,12,21,12,31,11,39
23,45,2025,12,21,4,1,20,20
23,52,2025,12,21,21,0,20,0
6,0,2025,12,22,21,2,0,2
6,6,2025,12,22,4,4,0,6
6,11,2025,12,22,12,9,5,10
6,14,2025,12,22,17,9,5,14
6,21,2025,12,22,16,18,2,30
6,24,2025,12,22,14,6,5,31
6,32,2025,12,22,16,13,0,44
6,36,2025,12,22,17,8,5,47
6,41,2025,12,22,12,19,20,46
6,45,2025,12,22,4,2,16,32
6,52,2025,12,22,21,5,9,28
7,0,2025,12,22,21,6,0,34
7,6,2025,12,22,4,2,3,33
7,11,2025,12,22,12,18,8,43
7,14,2025,12,22,17,6,10,39
7,21,2025,12,22,16,21,9,51
7,24,2025,12,22,14,5,13,43
7,32,2025,12,22,16,11,0,54
7,36,2025,12,22,17,8,5,57
7,41,2025,12,22,12,18,20,55
7,45,2025,12,22,4,3,20,38
7,52,2025,12,22,21,5,12,31
8,0,2025,12,22,21,5,0,36
8,6,2025,12,22,4,4,2,38
8,11,2025,12,22,12,18,11,45
8,14,2025,12,22,17,14,8,51
8,21,2025,12,22,16,18,10,59
8,24,2025,12,22,14,11,18,52
8,32,2025,12,22,16,13,1,64
8,36,2025,12,22,17,8,6,66
8,41,2025,12,22,12,20,20,66
8,45,2025,12,22,4,1,20,47
8,52,2025,12,22,21,3,15,35
9,0,2025,12,22,21,4,0,39
9,6,2025,12,22,4,1,2,38
9,11,2025,12,22,12,21,6,53
9,14,2025,12,22,17,2,7,48
9,21,2025,12,22,16,6,9,45
9,24,2025,12,22,14,5,20,30
9,32,2025,12,22,16,3,0,33
9,36,2025,12,22,17,3,1,35
9,41,2025,12,22,12,14,10,39
9,45,2025,12,22,4,5,20,24
9,52,2025,12,22,21,2,9,17
10,0,2025,12,22,21,5,0,22
10,6,2025,12,22,4,6,1,27
10,11,2025,12,22,12,10,12,25
10,14,2025,12,22,17,2,11,16
10,21,2025,12,22,16,4,3,17
10,24,2025,12,22,14,2,7,12
10,32,2025,12,22,16,3,0,15
10,36,2025,12,22,17,4,0,19
10,41,2025,12,22,12,23,11,31
10,45,2025,12,22,4,6,11,26
10,52,2025,12,22,21,5,9,22
11,0,2025,12,22,21,2,0,24
11,6,2025,12,22,4,6,0,30
11,11,2025,12,22,12,13,11,32
11,14,2025,12,22,17,6,8,30
11,21,2025,12,22,16,2,7,25
11,24,2025,12,22,14,4,7,22
11,32,2025,12,22,16,2,0,24
11,36,2025,12,22,17,5,1,28
11,41,2025,12,22,12,14,11,31
11,45,2025,12,22,4,2,12,21
11,52,2025,12,22,21,3,10,14
12,0,2025,12,22,21,4,0,18
12,6,2025,12,22,4,6,0,24
12,11,2025,12,22,12,35,9,50
12,14,2025,12,22,17,2,12,40
12,21,2025,12,22,16,4,15,29
12,24,2025,12,22,14,3,15,17
12,32,2025,12,22,16,5,1,21
12,36,2025,12,22,17,3,1,23
12,41,2025,12,22,12,30,10,43
12,45,2025,12,22,4,4,15,32
12,52,2025,12,22,21,4,13,23
13,0,2025,12,22,21,3,0,26
13,6,2025,12,22,4,20,1,45
13,11,2025,12,22,12,23,18,50
13,14,2025,12,22,17,2,11,41
13,21,2025,12,22,16,3,10,34
13,24,2025,12,22,14,4,20,18
13,32,2025,12,22,16,3,0,21
13,36,2025,12,22,17,2,0,23
13,41,2025,12,22,12,28,13,38
13,45,2025,12,22,4,22,5,55
13,52,2025,12,22,21,2,17,40
14,0,2025,12,22,21,4,0,44
14,6,2025,12,22,4,21,0,65
14,11,2025,12,22,12,13,20,58
14,14,2025,12,22,17,5,16,47
14,21,2025,12,22,16,2,20,29
14,24,2025,12,22,14,3,13,19
14,32,2025,12,22,16,3,0,22
14,36,2025,12,22,17,6,2,26
14,41,2025,12,22,12,28,15,39
14,45,2025,12,22,4,13,5,47
14,52,2025,12,22,21,6,14,39
15,0,2025,12,22,21,5,0,44
15,6,2025,12,22,4,11,0,55
15,11,2025,12,22,12,13,18,50
15,14,2025,12,22,17,4,14,40
15,21,2025,12,22,16,2,17,25
15,24,2025,12,22,14,3,11,17
15,32,2025,12,22,16,6,0,23
15,36,2025,12,22,17,5,0,28
15,41,2025,12,22,12,23,14,37
15,45,2025,12,22,4,16,3,50
15,52,2025,12,22,21,3,18,35
16,0,2025,12,22,21,3,0,38
16,6,2025,12,22,4,3,0,41
16,11,2025,12,22,12,12,17,36
16,14,2025,12,22,17,6,8,34
16,21,2025,12,22,16,2,15,21
16,24,2025,12,22,14,3,12,12
16,32,2025,12,22,16,4,0,16
16,36,2025,12,22,17,6,2,20
16,41,2025,12,22,12,20,7,33
16,45,2025,12,22,4,6,10,29
16,52,2025,12,22,21,3,6,26
17,0,2025,12,22,21,3,0,29
17,6,2025,12,22,4,3,1,31
17,11,2025,12,22,12,28,10,49
17,14,2025,12,22,17,2,12,39
17,21,2025,12,22,16,4,14,29
17,24,2025,12,22,14,4,16,17
17,32,2025,12,22,16,4,0,21
17,36,2025,12,22,17,5,0,26
17,41,2025,12,22,12,22,14,34
17,45,2025,12,22,4,5,12,27
17,52,2025,12,22,21,6,10,23
18,0,2025,12,22,21,3,0,26
18,6,2025,12,22,4,6,2,30
18,11,2025,12,22,12,33,13,50
18,14,2025,12,22,17,6,9,47
18,21,2025,12,22,16,3,16,34
18,24,2025,12,22,14,5,12,27
18,32,2025,12,22,16,5,1,31
18,36,2025,12,22,17,5,1,35
18,41,2025,12,22,12,18,17,36
18,45,2025,12,22,4,4,7,33
18,52,2025,12,22,21,6,16,23
19,0,2025,12,22,21,3,0,26
19,6,2025,12,22,4,5,0,31
19,11,2025,12,22,12,11,11,31
19,14,2025,12,22,17,6,8,29
19,21,2025,12,22,16,6,6,29
19,24,2025,12,22,14,3,12,20
19,32,2025,12,22,16,3,0,23
19,36,2025,12,22,17,4,1,26
19,41,2025,12,22,12,32,18,40
19,45,2025,12,22,4,5,13,32
19,52,2025,12,22,21,2,8,26
20,0,2025,12,22,21,4,0,30
20,6,2025,12,22,4,6,1,35
20,11,2025,12,22,12,27,10,52
20,14,2025,12,22,17,3,16,39
20,21,2025,12,22,16,6,13,32
20,24,2025,12,22,14,3,12,23
20,32,2025,12,22,16,2,1,24
20,36,2025,12,22,17,6,0,30
20,41,2025,12,22,12,11,16,25
20,45,2025,12,22,4,2,6,21
20,52,2025,12,22,21,3,9,15
21,0,2025,12,22,21,6,0,21
21,6,2025,12,22,4,6,0,27
21,11,2025,12,22,12,27,10,44
21,14,2025,12,22,17,2,16,30
21,21,2025,12,22,16,4,12,22
21,24,2025,12,22,14,2,10,14
21,32,2025,12,22,16,5,0,19
21,36,2025,12,22,17,3,0,22
21,41,2025,12,22,12,21,12,31
21,45,2025,12,22,4,6,8,29
21,52,2025,12,22,21,6,10,25
22,0,2025,12,22,21,2,0,27
22,6,2025,12,22,4,4,1,30
22,11,2025,12,22,12,28,8,50
22,14,2025,12,22,17,4,14,40
22,21,2025,12,22,16,5,9,36
22,24,2025,12,22,14,2,20,18
22,32,2025,12,22,16,6,0,24
22,36,2025,12,22,17,2,1,25
22,41,2025,12,22,12,34,13,46
22,45,2025,12,22,4,5,11,40
22,52,2025,12,22,21,3,16,27
23,0,2025,12,22,21,2,0,29
23,6,2025,12,22,4,3,0,32
23,11,2025,12,22,12,23,9,46
23,14,2025,12,22,17,3,17,32
23,21,2025,12,22,16,4,12,24
23,24,2025,12,22,14,4,10,18
23,32,2025,12,22,16,3,1,20
23,36,2025,12,22,17,5,3,22
23,41,2025,12,22,12,30,12,40
23,45,2025,12,22,4,0,20,20
23,52,2025,12,22,21,0,20,0
6,0,2025,12,23,21,5,0,5
6,6,2025,12,23,4,4,1,8
6,11,2025,12,23,12,34,6,36
6,14,2025,12,23,17,15,10,41
6,21,2025,12,23,16,22,8,55
6,24,2025,12,23,14,6,10,51
6,32,2025,12,23,16,15,0,66
6,36,2025,12,23,17,6,12,60
6,41,2025,12,23,12,21,20,61
6,45,2025,12,23,4,6,15,52
6,52,2025,12,23,21,3,20,35
7,0,2025,12,23,21,4,0,39
7,6,2025,12,23,4,1,3,37
7,11,2025,12,23,12,31,7,61
7,14,2025,12,23,17,16,11,66
7,21,2025,12,23,16,8,19,55
7,24,2025,12,23,14,6,15,46
7,32,2025,12,23,16,5,1,50
7,36,2025,12,23,17,18,2,66
7,41,2025,12,23,12,8,20,54
7,45,2025,12,23,4,1,20,35
7,52,2025,12,23,21,3,11,27
8,0,2025,12,23,21,6,0,33
8,6,2025,12,23,4,3,4,32
8,11,2025,12,23,12,30,7,55
8,14,2025,12,23,17,5,5,55
8,21,2025,12,23,16,10,11,54
8,24,2025,12,23,14,8,17,45
8,32,2025,12,23,16,17,1,61
8,36,2025,12,23,17,6,2,65
8,41,2025,12,23,12,21,20,66
8,45,2025,12,23,4,4,20,50
8,52,2025,12,23,21,5,19,36
9,0,2025,12,23,21,3,0,39
9,6,2025,12,23,4,1,3,37
9,11,2025,12,23,12,20,7,50
9,14,2025,12,23,17,2,8,44
9,21,2025,12,23,16,3,13,34
9,24,2025,12,23,14,3,15,22
9,32,2025,12,23,16,3,0,25
9,36,2025,12,23,17,4,0,29
9,41,2025,12,23,12,9,7,31
9,45,2025,12,23,4,3,20,14
9,52,2025,12,23,21,5,5,14
10,0,2025,12,23,21,3,0,17
10,6,2025,12,23,4,2,0,19
10,11,2025,12,23,12,25,10,34
10,14,2025,12,23,17,2,7,29
10,21,2025,12,23,16,5,10,24
10,24,2025,12,23,14,5,11,18
10,32,2025,12,23,16,5,0,23
10,36,2025,12,23,17,2,1,24
10,41,2025,12,23,12,22,12,34
10,45,2025,12,23,4,5,7,32
10,52,2025,12,23,21,4,11,25
11,0,2025,12,23,21,4,0,29
11,6,2025,12,23,4,4,2,31
11,11,2025,12,23,12,15,12,34
11,14,2025,12,23,17,4,8,30
11,21,2025,12,23,16,6,8,28
11,24,2025,12,23,14,6,12,22
11,32,2025,12,23,16,3,0,25
11,36,2025,12,23,17,2,0,27
11,41,2025,12,23,12,21,13,35
11,45,2025,12,23,4,4,7,32
11,52,2025,12,23,21,3,12,23
12,0,2025,12,23,21,6,0,29
12,6,2025,12,23,4,2,1,30
12,11,2025,12,23,12,27,9,48
12,14,2025,12,23,17,3,11,40
12,21,2025,12,23,16,2,15,27
12,24,2025,12,23,14,4,12,19
12,32,2025,12,23,16,6,0,25
12,36,2025,12,23,17,3,1,27
12,41,2025,12,23,12,9,10,26
12,45,2025,12,23,4,3,10,19
12,52,2025,12,23,21,3,11,11
13,0,2025,12,23,21,6,0,17
13,6,2025,12,23,4,31,1,47
13,11,2025,12,23,12,27,20,54
13,14,2025,12,23,17,6,11,49
13,21,2025,12,23,16,4,15,38
13,24,2025,12,23,14,6,17,27
13,32,2025,12,23,16,3,0,30
13,36,2025,12,23,17,6,1,35
13,41,2025,12,23,12,30,20,45
13,45,2025,12,23,4,24,12,57
13,52,2025,12,23,21,2,20,39
14,0,2025,12,23,21,3,0,42
14,6,2025,12,23,4,24,0,66
14,11,2025,12,23,12,20,20,66
14,14,2025,12,23,17,2,20,48
14,21,2025,12,23,16,4,11,41
14,24,2025,12,23,14,6,15,32
14,32,2025,12,23,16,6,0,38
14,36,2025,12,23,17,5,5,38
14,41,2025,12,23,12,12,14,36
14,45,2025,12,23,4,20,10,46
14,52,2025,12,23,21,2,18,30
15,0,2025,12,23,21,2,0,32
15,6,2025,12,23,4,11,0,43
15,11,2025,12,23,12,9,20,32
15,14,2025,12,23,17,2,4,30
15,21,2025,12,23,16,5,13,22
15,24,2025,12,23,14,5,10,17
15,32,2025,12,23,16,2,0,19
15,36,2025,12,23,17,5,1,23
15,41,2025,12,23,12,17,14,26
15,45,2025,12,23,4,25,4,47
15,52,2025,12,23,21,4,12,39
16,0,2025,12,23,21,6,0,45
16,6,2025,12,23,4,6,2,49
16,11,2025,12,23,12,30,20,59
16,14,2025,12,23,17,6,14,51
16,21,2025,12,23,16,2,16,37
16,24,2025,12,23,14,6,16,27
16,32,2025,12,23,16,5,0,32
16,36,2025,12,23,17,4,1,35
16,41,2025,12,23,12,13,16,32
16,45,2025,12,23,4,4,10,26
16,52,2025,12,23,21,6,14,18
17,0,2025,12,23,21,4,0,22
17,6,2025,12,23,4,6,1,27
17,11,2025,12,23,12,28,11,44
17,14,2025,12,23,17,4,18,30
17,21,2025,12,23,16,4,9,25
17,24,2025,12,23,14,2,9,18
17,32,2025,12,23,16,3,0,21
17,36,2025,12,23,17,3,0,24
17,41,2025,12,23,12,27,7,44
17,45,2025,12,23,4,6,15,35
17,52,2025,12,23,21,3,8,30
18,0,2025,12,23,21,6,0,36
18,6,2025,12,23,4,3,0,39
18,11,2025,12,23,12,32,14,57
18,14,2025,12,23,17,3,14,46
18,21,2025,12,23,16,3,9,40
18,24,2025,12,23,14,5,18,27
18,32,2025,12,23,16,4,1,30
18,36,2025,12,23,17,4,1,33
18,41,2025,12,23,12,22,10,45
18,45,2025,12,23,4,4,14,35
18,52,2025,12,23,21,3,18,20
19,0,2025,12,23,21,6,0,26
19,6,2025,12,23,4,5,0,31
19,11,2025,12,23,12,25,14,42
19,14,2025,12,23,17,3,5,40
19,21,2025,12,23,16,6,13,33
19,24,2025,12,23,14,6,12,27
19,32,2025,12,23,16,2,1,28
19,36,2025,12,23,17,5,1,32
19,41,2025,12,23,12,17,13,36
19,45,2025,12,23,4,6,12,30
19,52,2025,12,23,21,4,10,24
20,0,2025,12,23,21,2,0,26
20,6,2025,12,23,4,5,0,31
20,11,2025,12,23,12,9,11,29
20,14,2025,12,23,17,4,12,21
20,21,2025,12,23,16,2,8,15
20,24,2025,12,23,14,6,5,16
20,32,2025,12,23,16,6,0,22
20,36,2025,12,23,17,4,2,24
20,41,2025,12,23,12,36,14,46
20,45,2025,12,23,4,4,11,39
20,52,2025,12,23,21,2,11,30
21,0,2025,12,23,21,5,0,35
21,6,2025,12,23,4,3,1,37
21,11,2025,12,23,12,27,10,54
21,14,2025,12,23,17,4,9,49
21,21,2025,12,23,16,3,20,32
21,24,2025,12,23,14,2,16,18
21,32,2025,12,23,16,4,0,22
21,36,2025,12,23,17,4,1,25
21,41,2025,12,23,12,8,9,24
21,45,2025,12,23,4,2,4,22
21,52,2025,12,23,21,4,8,18
22,0,2025,12,23,21,3,0,21
22,6,2025,12,23,4,3,2,22
22,11,2025,12,23,12,30,5,47
22,14,2025,12,23,17,4,8,43
22,21,2025,12,23,16,4,12,35
22,24,2025,12,23,14,3,16,22
22,32,2025,12,23,16,6,0,28
22,36,2025,12,23,17,5,0,33
22,41,2025,12,23,12,35,10,58
22,45,2025,12,23,4,5,16,47
22,52,2025,12,23,21,3,20,30
23,0,2025,12,23,21,5,0,35
23,6,2025,12,23,4,5,0,40
23,11,2025,12,23,12,18,5,53
23,14,2025,12,23,17,4,10,47
23,21,2025,12,23,16,4,15,36
23,24,2025,12,23,14,2,20,18
23,32,2025,12,23,16,6,0,24
23,36,2025,12,23,17,3,1,26
23,41,2025,12,23,12,26,13,39
23,45,2025,12,23,4,1,20,20
23,52,2025,12,23,21,0,20,0
6,0,2025,12,24,21,6,0,6
6,6,2025,12,24,4,2,0,8
6,11,2025,12,24,12,12,5,15
6,14,2025,12,24,17,16,4,27
6,21,2025,12,24,16,8,3,32
6,24,2025,12,24,14,18,3,47
6,32,2025,12,24,16,15,5,57
6,36,2025,12,24,17,17,11,63
6,41,2025,12,24,12,23,20,66
6,45,2025,12,24,4,5,18,53
6,52,2025,12,24,21,6,20,39
7,0,2025,12,24,21,4,0,43
7,6,2025,12,24,4,3,2,44
7,11,2025,12,24,12,27,12,59
7,14,2025,12,24,17,10,10,59
7,21,2025,12,24,16,12,9,62
7,24,2025,12,24,14,17,20,59
7,32,2025,12,24,16,12,6,65
7,36,2025,12,24,17,12,11,66
7,41,2025,12,24,12,20,20,66
7,45,2025,12,24,4,2,20,48
7,52,2025,12,24,21,5,20,33
8,0,2025,12,24,21,3,0,36
8,6,2025,12,24,4,5,6,35
8,11,2025,12,24,12,30,4,61
8,14,2025,12,24,17,15,11,65
8,21,2025,12,24,16,16,15,66
8,24,2025,12,24,14,9,17,58
8,32,2025,12,24,16,12,4,66
8,36,2025,12,24,17,6,6,66
8,41,2025,12,24,12,20,20,66
8,45,2025,12,24,4,3,20,49
8,52,2025,12,24,21,5,20,34
9,0,2025,12,24,21,3,0,37
9,6,2025,12,24,4,1,3,35
9,11,2025,12,24,12,14,5,44
9,14,2025,12,24,17,3,6,41
9,21,2025,12,24,16,4,16,29
9,24,2025,12,24,14,3,12,20
9,32,2025,12,24,16,5,0,25
9,36,2025,12,24,17,6,0,31
9,41,2025,12,24,12,36,11,56
9,45,2025,12,24,4,1,20,37
9,52,2025,12,24,21,6,12,31
10,0,2025,12,24,21,4,0,35
10,6,2025,12,24,4,2,0,37
10,11,2025,12,24,12,30,11,56
10,14,2025,12,24,17,3,10,49
10,21,2025,12,24,16,5,18,36
10,24,2025,12,24,14,2,13,25
10,32,2025,12,24,16,3,0,28
10,36,2025,12,24,17,2,2,28
10,41,2025,12,24,12,11,8,31
10,45,2025,12,24,4,3,14,20
10,52,2025,12,24,21,4,10,14
11,0,2025,12,24,21,3,0,17
11,6,2025,12,24,4,4,0,21
11,11,2025,12,24,12,19,10,30
11,14,2025,12,24,17,6,6,30
11,21,2025,12,24,16,6,7,29
11,24,2025,12,24,14,6,9,26
11,32,2025,12,24,16,5,0,31
11,36,2025,12,24,17,5,2,34
11,41,2025,12,24,12,28,20,42
11,45,2025,12,24,4,6,12,36
11,52,2025,12,24,21,6,13,29
12,0,2025,12,24,21,4,0,33
12,6,2025,12,24,4,6,2,37
12,11,2025,12,24,12,19,12,44
12,14,2025,12,24,17,5,12,37
12,21,2025,12,24,16,2,18,21
12,24,2025,12,24,14,3,10,14
12,32,2025,12,24,16,3,1,16
12,36,2025,12,24,17,3,0,19
12,41,2025,12,24,12,25,11,33
12,45,2025,12,24,4,5,11,27
12,52,2025,12,24,21,5,9,23
13,0,2025,12,24,21,5,0,28
13,6,2025,12,24,4,32,0,60
13,11,2025,12,24,12,19,20,59
13,14,2025,12,24,17,5,19,45
13,21,2025,12,24,16,6,13,38
13,24,2025,12,24,14,2,13,27
13,32,2025,12,24,16,2,0,29
13,36,2025,12,24,17,3,0,32
13,41,2025,12,24,12,15,11,36
13,45,2025,12,24,4,29,7,58
13,52,2025,12,24,21,5,20,43
14,0,2025,12,24,21,2,0,45
14,6,2025,12,24,4,22,1,66
14,11,2025,12,24,12,20,20,66
14,14,2025,12,24,17,5,20,51
14,21,2025,12,24,16,6,18,39
14,24,2025,12,24,14,2,20,21
14,32,2025,12,24,16,5,0,26
14,36,2025,12,24,17,2,1,27
14,41,2025,12,24,12,18,13,32
14,45,2025,12,24,4,10,7,35
14,52,2025,12,24,21,4,10,29
15,0,2025,12,24,21,2,0,31
15,6,2025,12,24,4,27,0,58
15,11,2025,12,24,12,17,20,55
15,14,2025,12,24,17,3,13,45
15,21,2025,12,24,16,6,15,36
15,24,2025,12,24,14,6,14,28
15,32,2025,12,24,16,2,1,29
15,36,2025,12,24,17,6,2,33
15,41,2025,12,24,12,13,16,30
15,45,2025,12,24,4,27,7,50
15,52,2025,12,24,21,6,16,40
16,0,2025,12,24,21,5,0,45
16,6,2025,12,24,4,4,0,49
16,11,2025,12,24,12,33,20,62
16,14,2025,12,24,17,6,19,49
16,21,2025,12,24,16,4,20,33
16,24,2025,12,24,14,2,14,21
16,32,2025,12,24,16,2,0,23
16,36,2025,12,24,17,5,1,27
16,41,2025,12,24,12,23,10,40
16,45,2025,12,24,4,4,10,34
16,52,2025,12,24,21,6,15,25
17,0,2025,12,24,21,3,0,28
17,6,2025,12,24,4,2,0,30
17,11,2025,12,24,12,35,6,59
17,14,2025,12,24,17,4,17,46
17,21,2025,12,24,16,3,9,40
17,24,2025,12,24,14,4,19,25
17,32,2025,12,24,16,5,0,30
17,36,2025,12,24,17,5,1,34
17,41,2025,12,24,12,13,12,35
17,45,2025,12,24,4,5,9,31
17,52,2025,12,24,21,3,16,18
18,0,2025,12,24,21,3,0,21
18,6,2025,12,24,4,5,0,26
18,11,2025,12,24,12,9,15,20
18,14,2025,12,24,17,3,7,16
18,21,2025,12,24,16,2,5,13
18,24,2025,12,24,14,5,5,13
18,32,2025,12,24,16,3,0,16
18,36,2025,12,24,17,2,2,16
18,41,2025,12,24,12,22,12,26
18,45,2025,12,24,4,4,7,23
18,52,2025,12,24,21,6,5,24
19,0,2025,12,24,21,5,0,29
19,6,2025,12,24,4,5,2,32
19,11,2025,12,24,12,35,11,56
19,14,2025,12,24,17,4,15,45
19,21,2025,12,24,16,5,16,34
19,24,2025,12,24,14,5,12,27
19,32,2025,12,24,16,5,0,32
19,36,2025,12,24,17,2,1,33
19,41,2025,12,24,12,22,14,41
19,45,2025,12,24,4,4,18,27
19,52,2025,12,24,21,3,9,21
20,0,2025,12,24,21,3,0,24
20,6,2025,12,24,4,5,0,29
20,11,2025,12,24,12,14,10,33
20,14,2025,12,24,17,2,9,26
20,21,2025,12,24,16,6,14,18
20,24,2025,12,24,14,3,3,18
20,32,2025,12,24,16,2,0,20
20,36,2025,12,24,17,6,1,25
20,41,2025,12,24,12,11,15,21
20,45,2025,12,24,4,6,8,19
20,52,2025,12,24,21,4,4,19
21,0,2025,12,24,21,6,0,25
21,6,2025,12,24,4,4,2,27
21,11,2025,12,24,12,34,14,47
21,14,2025,12,24,17,6,13,40
21,21,2025,12,24,16,6,14,32
21,24,2025,12,24,14,5,10,27
21,32,2025,12,24,16,6,1,32
21,36,2025,12,24,17,5,1,36
21,41,2025,12,24,12,10,17,29
21,45,2025,12,24,4,3,12,20
21,52,2025,12,24,21,3,9,14
22,0,2025,12,24,21,3,0,17
22,6,2025,12,24,4,2,2,17
22,11,2025,12,24,12,12,5,24
22,14,2025,12,24,17,5,4,25
22,21,2025,12,24,16,4,6,23
22,24,2025,12,24,14,2,10,15
22,32,2025,12,24,16,5,0,20
22,36,2025,12,24,17,2,2,20
22,41,2025,12,24,12,9,9,20
22,45,2025,12,24,4,4,6,18
22,52,2025,12,24,21,4,5,17
23,0,2025,12,24,21,5,0,22
23,6,2025,12,24,4,4,1,25
23,11,2025,12,24,12,19,14,30
23,14,2025,12,24,17,4,6,28
23,21,2025,12,24,16,3,7,24
23,24,2025,12,24,14,6,12,18
23,32,2025,12,24,16,4,1,21
23,36,2025,12,24,17,5,3,23
23,41,2025,12,24,12,25,8,40
23,45,2025,12,24,4,0,20,20
23,52,2025,12,24,21,0,20,0
6,0,2025,12,25,21,4,0,4
6,6,2025,12,25,4,6,0,10
6,11,2025,12,25,12,32,7,35
6,14,2025,12,25,17,10,4,41
6,21,2025,12,25,16,8,8,41
6,24,2025,12,25,14,7,10,38
6,32,2025,12,25,16,7,0,45
6,36,2025,12,25,17,12,1,56
6,41,2025,12,25,12,16,20,52
6,45,2025,12,25,4,6,16,42
6,52,2025,12,25,21,3,19,26
7,0,2025,12,25,21,2,0,28
7,6,2025,12,25,4,1,2,27
7,11,2025,12,25,12,32,5,54
7,14,2025,12,25,17,10,8,56
7,21,2025,12,25,16,15,9,62
7,24,2025,12,25,14,13,14,61
7,32,2025,12,25,16,8,3,66
7,36,2025,12,25,17,12,12,66
7,41,2025,12,25,12,20,20,66
7,45,2025,12,25,4,4,20,50
7,52,2025,12,25,21,4,20,34
8,0,2025,12,25,21,6,0,40
8,6,2025,12,25,4,5,7,38
8,11,2025,12,25,12,11,9,40
8,14,2025,12,25,17,11,4,47
8,21,2025,12,25,16,7,12,42
8,24,2025,12,25,14,15,14,43
8,32,2025,12,25,16,11,1,53
8,36,2025,12,25,17,17,4,66
8,41,2025,12,25,12,16,20,62
8,45,2025,12,25,4,5,20,47
8,52,2025,12,25,21,5,17,35
9,0,2025,12,25,21,3,0,38
9,6,2025,12,25,4,3,4,37
9,11,2025,12,25,12,32,11,58
9,14,2025,12,25,17,4,13,49
9,21,2025,12,25,16,5,12,42
9,24,2025,12,25,14,3,11,34
9,32,2025,12,25,16,5,1,38
9,36,2025,12,25,17,5,2,41
9,41,2025,12,25,12,35,14,62
9,45,2025,12,25,4,3,20,45
9,52,2025,12,25,21,4,14,35
10,0,2025,12,25,21,2,0,37
10,6,2025,12,25,4,4,0,41
10,11,2025,12,25,12,16,9,48
10,14,2025,12,25,17,4,20,32
10,21,2025,12,25,16,5,5,32
10,24,2025,12,25,14,2,18,16
10,32,2025,12,25,16,5,0,21
10,36,2025,12,25,17,2,1,22
10,41,2025,12,25,12,20,9,33
10,45,2025,12,25,4,6,11,28
10,52,2025,12,25,21,6,8,26
11,0,2025,12,25,21,4,0,30
11,6,2025,12,25,4,6,2,34
11,11,2025,12,25,12,35,15,54
11,14,2025,12,25,17,2,15,41
11,21,2025,12,25,16,2,15,28
11,24,2025,12,25,14,6,15,19
11,32,2025,12,25,16,4,0,23
11,36,2025,12,25,17,2,3,22
11,41,2025,12,25,12,34,12,44
11,45,2025,12,25,4,5,15,34
11,52,2025,12,25,21,5,10,29
12,0,2025,12,25,21,5,0,34
12,6,2025,12,25,4,2,2,34
12,11,2025,12,25,12,21,10,45
12,14,2025,12,25,17,3,13,35
12,21,2025,12,25,16,5,9,31
12,24,2025,12,25,14,5,19,17
12,32,2025,12,25,16,2,1,18
12,36,2025,12,25,17,4,0,22
12,41,2025,12,25,12,11,12,21
12,45,2025,12,25,4,5,6,20
12,52,2025,12,25,21,2,5,17
13,0,2025,12,25,21,3,0,20
13,6,2025,12,25,4,26,0,46
13,11,2025,12,25,12,23,20,49
13,14,2025,12,25,17,3,13,39
13,21,2025,12,25,16,5,13,31
13,24,2025,12,25,14,4,12,23
13,32,2025,12,25,16,5,0,28
13,36,2025,12,25,17,3,1,30
13,41,2025,12,25,12,11,15,26
13,45,2025,12,25,4,26,9,43
13,52,2025,12,25,21,3,12,34
14,0,2025,12,25,21,3,0,37
14,6,2025,12,25,4,19,0,56
14,11,2025,12,25,12,16,20,52
14,14,2025,12,25,17,3,9,46
14,21,2025,12,25,16,2,19,29
14,24,2025,12,25,14,5,17,17
14,32,2025,12,25,16,5,0,22
14,36,2025,12,25,17,3,1,24
14,41,2025,12,25,12,8,13,19
14,45,2025,12,25,4,23,1,41
14,52,2025,12,25,21,6,14,33
15,0,2025,12,25,21,4,0,37
15,6,2025,12,25,4,14,0,51
15,11,2025,12,25,12,14,20,45
15,14,2025,12,25,17,3,12,36
15,21,2025,12,25,16,5,17,24
15,24,2025,12,25,14,6,10,20
15,32,2025,12,25,16,5,1,24
15,36,2025,12,25,17,5,1,28
15,41,2025,12,25,12,34,13,49
15,45,2025,12,25,4,24,7,66
15,52,2025,12,25,21,6,20,52
16,0,2025,12,25,21,6,0,58
16,6,2025,12,25,4,2,2,58
16,11,2025,12,25,12,23,20,61
16,14,2025,12,25,17,3,10,54
16,21,2025,12,25,16,3,20,37
16,24,2025,12,25,14,6,20,23
16,32,2025,12,25,16,4,0,27
16,36,2025,12,25,17,3,1,29
16,41,2025,12,25,12,30,14,45
16,45,2025,12,25,4,3,15,33
16,52,2025,12,25,21,2,10,25
17,0,2025,12,25,21,3,0,28
17,6,2025,12,25,4,3,0,31
17,11,2025,12,25,12,32,7,56
17,14,2025,12,25,17,2,16,42
17,21,2025,12,25,16,3,13,32
17,24,2025,12,25,14,3,15,20
17,32,2025,12,25,16,3,1,22
17,36,2025,12,25,17,2,0,24
17,41,2025,12,25,12,18,7,35
17,45,2025,12,25,4,5,11,29
17,52,2025,12,25,21,5,9,25
18,0,2025,12,25,21,5,0,30
18,6,2025,12,25,4,5,1,34
18,11,2025,12,25,12,20,11,43
18,14,2025,12,25,17,2,19,26
18,21,2025,12,25,16,5,4,27
18,24,2025,12,25,14,4,13,18
18,32,2025,12,25,16,3,0,21
18,36,2025,12,25,17,2,0,23
18,41,2025,12,25,12,11,12,22
18,45,2025,12,25,4,2,13,11
18,52,2025,12,25,21,5,3,13
19,0,2025,12,25,21,6,0,19
19,6,2025,12,25,4,3,1,21
19,11,2025,12,25,12,14,11,24
19,14,2025,12,25,17,2,7,19
19,21,2025,12,25,16,3,3,19
19,24,2025,12,25,14,4,8,15
19,32,2025,12,25,16,5,0,20
19,36,2025,12,25,17,2,1,21
19,41,2025,12,25,12,36,9,48
19,45,2025,12,25,4,2,15,35
19,52,2025,12,25,21,4,17,22
20,0,2025,12,25,21,2,0,24
20,6,2025,12,25,4,3,1,26
20,11,2025,12,25,12,19,3,42
20,14,2025,12,25,17,6,13,35
20,21,2025,12,25,16,5,11,29
20,24,2025,12,25,14,4,14,19
20,32,2025,12,25,16,5,0,24
20,36,2025,12,25,17,6,1,29
20,41,2025,12,25,12,30,18,41
20,45,2025,12,25,4,3,12,32
20,52,2025,12,25,21,6,8,30
21,0,2025,12,25,21,3,0,33
21,6,2025,12,25,4,6,2,37
21,11,2025,12,25,12,21,11,47
21,14,2025,12,25,17,3,11,39
21,21,2025,12,25,16,6,12,33
21,24,2025,12,25,14,4,15,22
21,32,2025,12,25,16,5,1,26
21,36,2025,12,25,17,6,0,32
21,41,2025,12,25,12,35,19,48
21,45,2025,12,25,4,5,18,35
21,52,2025,12,25,21,2,13,24
22,0,2025,12,25,21,5,0,29
22,6,2025,12,25,4,2,1,30
22,11,2025,12,25,12,10,8,32
22,14,2025,12,25,17,6,10,28
22,21,2025,12,25,16,4,10,22
22,24,2025,12,25,14,5,7,20
22,32,2025,12,25,16,2,1,21
22,36,2025,12,25,17,5,0,26
22,41,2025,12,25,12,24,11,39
22,45,2025,12,25,4,6,18,27
22,52,2025,12,25,21,6,9,24
23,0,2025,12,25,21,5,0,29
23,6,2025,12,25,4,3,1,31
23,11,2025,12,25,12,32,13,50
23,14,2025,12,25,17,5,14,41
23,21,2025,12,25,16,6,13,34
23,24,2025,12,25,14,4,13,25
23,32,2025,12,25,16,4,0,29
23,36,2025,12,25,17,4,2,31
23,41,2025,12,25,12,20,18,33
23,45,2025,12,25,4,0,13,20
23,52,2025,12,25,21,0,20,0
6,0,2025,12,26,21,3,0,3
6,6,2025,12,26,4,3,0,6
6,11,2025,12,26,12,21,4,23
6,14,2025,12,26,17,20,2,41
6,21,2025,12,26,16,21,4,58
6,24,2025,12,26,14,16,18,56
6,32,2025,12,26,16,14,4,66
6,36,2025,12,26,17,5,8,63
6,41,2025,12,26,12,23,20,66
6,45,2025,12,26,4,3,20,49
6,52,2025,12,26,21,4,19,34
7,0,2025,12,26,21,5,0,39
7,6,2025,12,26,4,1,1,39
7,11,2025,12,26,12,27,10,56
7,14,2025,12,26,17,21,11,66
7,21,2025,12,26,16,11,12,65
7,24,2025,12,26,14,13,20,58
7,32,2025,12,26,16,17,9,66
7,36,2025,12,26,17,10,12,64
7,41,2025,12,26,12,16,20,60
7,45,2025,12,26,4,5,20,45
7,52,2025,12,26,21,5,15,35
8,0,2025,12,26,21,4,0,39
8,6,2025,12,26,4,5,4,40
8,11,2025,12,26,12,34,12,62
8,14,2025,12,26,17,9,5,66
8,21,2025,12,26,16,6,17,55
8,24,2025,12,26,14,19,17,57
8,32,2025,12,26,16,11,6,62
8,36,2025,12,26,17,9,7,64
8,41,2025,12,26,12,13,20,57
8,45,2025,12,26,4,1,20,38
8,52,2025,12,26,21,5,20,23
9,0,2025,12,26,21,2,0,25
9,6,2025,12,26,4,1,3,23
9,11,2025,12,26,12,24,5,42
9,14,2025,12,26,17,6,8,40
9,21,2025,12,26,16,4,7,37
9,24,2025,12,26,14,6,13,30
9,32,2025,12,26,16,3,0,33
9,36,2025,12,26,17,4,1,36
9,41,2025,12,26,12,16,13,39
9,45,2025,12,26,4,4,20,23
9,52,2025,12,26,21,4,9,18
10,0,2025,12,26,21,4,0,22
10,6,2025,12,26,4,6,2,26
10,11,2025,12,26,12,17,11,32
10,14,2025,12,26,17,5,6,31
10,21,2025,12,26,16,2,9,24
10,24,2025,12,26,14,4,12,16
10,32,2025,12,26,16,2,0,18
10,36,2025,12,26,17,5,1,22
10,41,2025,12,26,12,20,11,31
10,45,2025,12,26,4,2,15,18
10,52,2025,12,26,21,4,9,13
11,0,2025,12,26,21,5,0,18
11,6,2025,12,26,4,6,0,24
11,11,2025,12,26,12,29,12,41
11,14,2025,12,26,17,3,8,36
11,21,2025,12,26,16,5,11,30
11,24,2025,12,26,14,2,10,22
11,32,2025,12,26,16,2,1,23
11,36,2025,12,26,17,5,1,27
11,41,2025,12,26,12,8,12,23
11,45,2025,12,26,4,4,8,19
11,52,2025,12,26,21,3,11,11
12,0,2025,12,26,21,5,0,16
12,6,2025,12,26,4,2,0,18
12,11,2025,12,26,12,31,12,37
12,14,2025,12,26,17,3,6,34
12,21,2025,12,26,16,6,5,35
12,24,2025,12,26,14,6,8,33
12,32,2025,12,26,16,6,1,38
12,36,2025,12,26,17,4,5,37
12,41,2025,12,26,12,18,11,44
12,45,2025,12,26,4,2,14,32
12,52,2025,12,26,21,2,19,15
13,0,2025,12,26,21,4,0,19
13,6,2025,12,26,4,21,0,40
13,11,2025,12,26,12,12,20,32
13,14,2025,12,26,17,6,5,33
13,21,2025,12,26,16,3,9,27
13,24,2025,12,26,14,2,13,16
13,32,2025,12,26,16,2,0,18
13,36,2025,12,26,17,6,0,24
13,41,2025,12,26,12,23,10,37
13,45,2025,12,26,4,8,5,40
13,52,2025,12,26,21,4,18,26
14,0,2025,12,26,21,3,0,29
14,6,2025,12,26,4,24,0,53
14,11,2025,12,26,12,33,20,66
14,14,2025,12,26,17,4,18,52
14,21,2025,12,26,16,2,14,40
14,24,2025,12,26,14,3,18,25
14,32,2025,12,26,16,3,0,28
14,36,2025,12,26,17,4,0,32
14,41,2025,12,26,12,29,10,51
14,45,2025,12,26,4,26,11,66
14,52,2025,12,26,21,4,20,50
15,0,2025,12,26,21,6,0,56
15,6,2025,12,26,4,11,1,66
15,11,2025,12,26,12,13,20,59
15,14,2025,12,26,17,6,18,47
15,21,2025,12,26,16,6,17,36
15,24,2025,12,26,14,5,20,21
15,32,2025,12,26,16,4,0,25
15,36,2025,12,26,17,2,2,25
15,41,2025,12,26,12,26,16,35
15,45,2025,12,26,4,18,8,45
15,52,2025,12,26,21,4,15,34
16,0,2025,12,26,21,6,0,40
16,6,2025,12,26,4,2,0,42
16,11,2025,12,26,12,10,20,32
16,14,2025,12,26,17,2,10,24
16,21,2025,12,26,16,5,9,20
16,24,2025,12,26,14,5,10,15
16,32,2025,12,26,16,6,1,20
16,36,2025,12,26,17,6,0,26
16,41,2025,12,26,12,24,17,33
16,45,2025,12,26,4,6,5,34
16,52,2025,12,26,21,6,9,31
17,0,2025,12,26,21,6,0,37
17,6,2025,12,26,4,5,0,42
17,11,2025,12,26,12,24,16,50
17,14,2025,12,26,17,4,14,40
17,21,2025,12,26,16,3,8,35
17,24,2025,12,26,14,3,19,19
17,32,2025,12,26,16,2,0,21
17,36,2025,12,26,17,6,1,26
17,41,2025,12,26,12,32,11,47
17,45,2025,12,26,4,3,12,38
17,52,2025,12,26,21,5,15,28
18,0,2025,12,26,21,5,0,33
18,6,2025,12,26,4,4,2,35
18,11,2025,12,26,12,25,8,52
18,14,2025,12,26,17,4,14,42
18,21,2025,12,26,16,5,13,34
18,24,2025,12,26,14,4,18,20
18,32,2025,12,26,16,3,0,23
18,36,2025,12,26,17,3,0,26
18,41,2025,12,26,12,10,12,24
18,45,2025,12,26,4,6,7,23
18,52,2025,12,26,21,5,11,17
19,0,2025,12,26,21,6,0,23
19,6,2025,12,26,4,6,0,29
19,11,2025,12,26,12,11,15,25
19,14,2025,12,26,17,4,8,21
19,21,2025,12,26,16,5,8,18
19,24,2025,12,26,14,5,5,18
19,32,2025,12,26,16,6,1,23
19,36,2025,12,26,17,4,2,25
19,41,2025,12,26,12,25,15,35
19,45,2025,12,26,4,5,9,31
19,52,2025,12,26,21,5,12,24
20,0,2025,12,26,21,6,0,30
20,6,2025,12,26,4,6,0,36
20,11,2025,12,26,12,21,15,42
20,14,2025,12,26,17,2,12,32
20,21,2025,12,26,16,3,7,28
20,24,2025,12,26,14,2,11,19
20,32,2025,12,26,16,5,1,23
20,36,2025,12,26,17,2,2,23
20,41,2025,12,26,12,10,8,25
20,45,2025,12,26,4,3,8,20
20,52,2025,12,26,21,4,11,13
21,0,2025,12,26,21,3,0,16
21,6,2025,12,26,4,5,0,21
21,11,2025,12,26,12,30,13,38
21,14,2025,12,26,17,6,6,38
21,21,2025,12,26,16,2,8,32
21,24,2025,12,26,14,6,11,27
21,32,2025,12,26,16,5,0,32
21,36,2025,12,26,17,6,2,36
21,41,2025,12,26,12,25,19,42
21,45,2025,12,26,4,4,11,35
21,52,2025,12,26,21,2,16,21
22,0,2025,12,26,21,3,0,24
22,6,2025,12,26,4,5,1,28
22,11,2025,12,26,12,20,6,42
22,14,2025,12,26,17,4,12,34
22,21,2025,12,26,16,6,13,27
22,24,2025,12,26,14,4,9,22
22,32,2025,12,26,16,4,0,26
22,36,2025,12,26,17,2,1,27
22,41,2025,12,26,12,16,12,31
22,45,2025,12,26,4,2,8,25
22,52,2025,12,26,21,4,13,16
23,0,2025,12,26,21,2,0,18
23,6,2025,12,26,4,5,0,23
23,11,2025,12,26,12,35,9,49
23,14,2025,12,26,17,6,10,45
23,21,2025,12,26,16,4,15,34
23,24,2025,12,26,14,3,11,26
23,32,2025,12,26,16,2,0,28
23,36,2025,12,26,17,3,1,30
23,41,2025,12,26,12,24,14,40
23,45,2025,12,26,4,0,20,20
23,52,2025,12,26,21,0,20,0
6,0,2025,12,27,21,5,0,5
6,6,2025,12,27,4,4,0,9
6,11,2025,12,27,12,12,6,15
6,14,2025,12,27,17,9,1,23
6,21,2025,12,27,16,22,3,42
6,24,2025,12,27,14,13,6,49
6,32,2025,12,27,16,14,1,62
6,36,2025,12,27,17,15,11,66
6,41,2025,12,27,12,20,20,66
6,45,2025,12,27,4,2,20,48
6,52,2025,12,27,21,5,20,33
7,0,2025,12,27,21,2,0,35
7,6,2025,12,27,4,5,2,38
7,11,2025,12,27,12,27,10,55
7,14,2025,12,27,17,18,7,66
7,21,2025,12,27,16,10,10,66
7,24,2025,12,27,14,8,20,54
7,32,2025,12,27,16,14,2,66
7,36,2025,12,27,17,11,11,66
7,41,2025,12,27,12,15,20,61
7,45,2025,12,27,4,5,20,46
7,52,2025,12,27,21,2,18,30
8,0,2025,12,27,21,6,0,36
8,6,2025,12,27,4,4,0,40
8,11,2025,12,27,12,28,10,58
8,14,2025,12,27,17,6,7,57
8,21,2025,12,27,16,6,12,51
8,24,2025,12,27,14,21,20,52
8,32,2025,12,27,16,17,3,66
8,36,2025,12,27,17,5,5,66
8,41,2025,12,27,12,20,20,66
8,45,2025,12,27,4,2,20,48
8,52,2025,12,27,21,2,20,30
9,0,2025,12,27,21,2,0,32
9,6,2025,12,27,4,5,0,37
9,11,2025,12,27,12,21,7,51
9,14,2025,12,27,17,4,5,50
9,21,2025,12,27,16,4,12,42
9,24,2025,12,27,14,4,17,29
9,32,2025,12,27,16,2,0,31
9,36,2025,12,27,17,5,1,35
9,41,2025,12,27,12,27,10,52
9,45,2025,12,27,4,2,20,34
9,52,2025,12,27,21,3,9,28
10,0,2025,12,27,21,2,0,30
10,6,2025,12,27,4,6,0,36
10,11,2025,12,27,12,31,8,59
10,14,2025,12,27,17,5,20,44
10,21,2025,12,27,16,5,13,36
10,24,2025,12,27,14,6,15,27
10,32,2025,12,27,16,3,1,29
10,36,2025,12,27,17,6,3,32
10,41,2025,12,27,12,17,20,29
10,45,2025,12,27,4,6,10,25
10,52,2025,12,27,21,6,6,25
11,0,2025,12,27,21,2,0,27
11,6,2025,12,27,4,2,0,29
11,11,2025,12,27,12,22,11,40
11,14,2025,12,27,17,6,12,34
11,21,2025,12,27,16,3,9,28
11,24,2025,12,27,14,3,10,21
11,32,2025,12,27,16,4,0,25
11,36,2025,12,27,17,4,0,29
11,41,2025,12,27,12,22,13,38
11,45,2025,12,27,4,3,12,29
11,52,2025,12,27,21,5,11,23
12,0,2025,12,27,21,5,0,28
12,6,2025,12,27,4,5,1,32
12,11,2025,12,27,12,13,11,34
12,14,2025,12,27,17,4,10,28
12,21,2025,12,27,16,5,8,25
12,24,2025,12,27,14,4,15,14
12,32,2025,12,27,16,6,1,19
12,36,2025,12,27,17,2,0,21
12,41,2025,12,27,12,23,14,30
12,45,2025,12,27,4,3,7,26
12,52,2025,12,27,21,4,8,22
13,0,2025,12,27,21,3,0,25
13,6,2025,12,27,4,26,0,51
13,11,2025,12,27,12,20,20,51
13,14,2025,12,27,17,4,12,43
13,21,2025,12,27,16,6,12,37
13,24,2025,12,27,14,6,10,33
13,32,2025,12,27,16,2,1,34
13,36,2025,12,27,17,6,1,39
13,41,2025,12,27,12,32,17,54
13,45,2025,12,27,4,12,10,56
13,52,2025,12,27,21,3,20,39
14,0,2025,12,27,21,2,0,41
14,6,2025,12,27,4,17,0,58
14,11,2025,12,27,12,14,20,52
14,14,2025,12,27,17,3,17,38
14,21,2025,12,27,16,6,16,28
14,24,2025,12,27,14,2,11,19
14,32,2025,12,27,16,3,0,22
14,36,2025,12,27,17,5,0,27
14,41,2025,12,27,12,9,14,22
14,45,2025,12,27,4,7,7,22
14,52,2025,12,27,21,2,10,14
15,0,2025,12,27,21,3,0,17
15,6,2025,12,27,4,11,0,28
15,11,2025,12,27,12,27,14,41
15,14,2025,12,27,17,3,10,34
15,21,2025,12,27,16,4,13,25
15,24,2025,12,27,14,6,10,21
15,32,2025,12,27,16,2,0,23
15,36,2025,12,27,17,3,1,25
15,41,2025,12,27,12,27,14,38
15,45,2025,12,27,4,20,6,52
15,52,2025,12,27,21,2,20,34
16,0,2025,12,27,21,6,0,40
16,6,2025,12,27,4,3,0,43
16,11,2025,12,27,12,23,20,46
16,14,2025,12,27,17,6,11,41
16,21,2025,12,27,16,4,9,36
16,24,2025,12,27,14,2,13,25
16,32,2025,12,27,16,6,0,31
16,36,2025,12,27,17,6,0,37
16,41,2025,12,27,12,18,15,40
16,45,2025,12,27,4,3,9,34
16,52,2025,12,27,21,6,19,21
17,0,2025,12,27,21,6,0,27
17,6,2025,12,27,4,5,1,31
17,11,2025,12,27,12,30,13,48
17,14,2025,12,27,17,4,9,43
17,21,2025,12,27,16,4,14,33
17,24,2025,12,27,14,2,18,17
17,32,2025,12,27,16,4,2,19
17,36,2025,12,27,17,2,0,21
17,41,2025,12,27,12,26,7,40
17,45,2025,12,27,4,5,13,32
17,52,2025,12,27,21,5,10,27
18,0,2025,12,27,21,4,0,31
18,6,2025,12,27,4,3,0,34
18,11,2025,12,27,12,25,7,52
18,14,2025,12,27,17,3,15,40
18,21,2025,12,27,16,6,13,33
18,24,2025,12,27,14,6,15,24
18,32,2025,12,27,16,5,1,28
18,36,2025,12,27,17,5,3,30
18,41,2025,12,27,12,26,16,40
18,45,2025,12,27,4,6,18,28
18,52,2025,12,27,21,4,8,24
19,0,2025,12,27,21,2,0,26
19,6,2025,12,27,4,5,0,31
19,11,2025,12,27,12,26,11,46
19,14,2025,12,27,17,5,9,42
19,21,2025,12,27,16,3,15,30
19,24,2025,12,27,14,2,10,22
19,32,2025,12,27,16,4,0,26
19,36,2025,12,27,17,4,1,29
19,41,2025,12,27,12,27,15,41
19,45,2025,12,27,4,4,12,33
19,52,2025,12,27,21,3,12,24
20,0,2025,12,27,21,3,0,27
20,6,2025,12,27,4,4,1,30
20,11,2025,12,27,12,26,6,50
20,14,2025,12,27,17,6,8,48
20,21,2025,12,27,16,4,16,36
20,24,2025,12,27,14,6,14,28
20,32,2025,12,27,16,6,0,34
20,36,2025,12,27,17,6,3,37
20,41,2025,12,27,12,35,20,52
20,45,2025,12,27,4,3,20,35
20,52,2025,12,27,21,2,14,23
21,0,2025,12,27,21,6,0,29
21,6,2025,12,27,4,4,0,33
21,11,2025,12,27,12,24,12,45
21,14,2025,12,27,17,6,11,40
21,21,2025,12,27,16,6,15,31
21,24,2025,12,27,14,5,13,23
21,32,2025,12,27,16,2,1,24
21,36,2025,12,27,17,3,1,26
21,41,2025,12,27,12,34,13,47
21,45,2025,12,27,4,6,14,39
21,52,2025,12,27,21,6,13,32
22,0,2025,12,27,21,3,0,35
22,6,2025,12,27,4,4,1,38
22,11,2025,12,27,12,26,14,50
22,14,2025,12,27,17,3,10,43
22,21,2025,12,27,16,3,19,27
22,24,2025,12,27,14,3,16,14
22,32,2025,12,27,16,5,0,19
22,36,2025,12,27,17,4,0,23
22,41,2025,12,27,12,36,10,49
22,45,2025,12,27,4,5,11,43
22,52,2025,12,27,21,6,12,37
23,0,2025,12,27,21,3,0,40
23,6,2025,12,27,4,4,0,44
23,11,2025,12,27,12,19,12,51
23,14,2025,12,27,17,6,10,47
23,21,2025,12,27,16,5,18,34
23,24,2025,12,27,14,5,19,20
23,32,2025,12,27,16,2,0,22
23,36,2025,12,27,17,2,0,24
23,41,2025,12,27,12,24,14,34
23,45,2025,12,27,4,4,20,18
23,52,2025,12,27,21,0,18,0
6,0,2025,12,28,21,6,0,6
6,6,2025,12,28,4,2,0,8
6,11,2025,12,28,12,10,6,12
6,14,2025,12,28,17,20,3,29
6,21,2025,12,28,16,19,3,45
6,24,2025,12,28,14,16,8,53
6,32,2025,12,28,16,9,4,58
6,36,2025,12,28,17,16,10,64
6,41,2025,12,28,12,22,20,66
6,45,2025,12,28,4,4,20,50
6,52,2025,12,28,21,2,16,36
7,0,2025,12,28,21,2,0,38
7,6,2025,12,28,4,3,0,41
7,11,2025,12,28,12,25,8,58
7,14,2025,12,28,17,19,12,65
7,21,2025,12,28,16,10,9,66
7,24,2025,12,28,14,19,20,65
7,32,2025,12,28,16,5,5,65
7,36,2025,12,28,17,10,9,66
7,41,2025,12,28,12,20,20,66
7,45,2025,12,28,4,1,20,47
7,52,2025,12,28,21,6,20,33
8,0,2025,12,28,21,3,0,36
8,6,2025,12,28,4,5,3,38
8,11,2025,12,28,12,17,8,47
8,14,2025,12,28,17,21,10,58
8,21,2025,12,28,16,5,12,51
8,24,2025,12,28,14,15,12,54
8,32,2025,12,28,16,16,4,66
8,36,2025,12,28,17,6,12,60
8,41,2025,12,28,12,21,20,61
8,45,2025,12,28,4,2,20,43
8,52,2025,12,28,21,3,13,33
9,0,2025,12,28,21,6,0,39
9,6,2025,12,28,4,1,3,37
9,11,2025,12,28,12,27,7,57
9,14,2025,12,28,17,3,8,52
9,21,2025,12,28,16,2,17,37
9,24,2025,12,28,14,3,17,23
9,32,2025,12,28,16,2,0,25
9,36,2025,12,28,17,3,1,27
9,41,2025,12,28,12,14,4,37
9,45,2025,12,28,4,1,20,18
9,52,2025,12,28,21,5,6,17
10,0,2025,12,28,21,3,0,20
10,6,2025,12,28,4,2,2,20
10,11,2025,12,28,12,13,4,29
10,14,2025,12,28,17,6,8,27
10,21,2025,12,28,16,5,10,22
10,24,2025,12,28,14,6,7,21
10,32,2025,12,28,16,6,0,27
10,36,2025,12,28,17,5,1,31
10,41,2025,12,28,12,25,17,39
10,45,2025,12,28,4,5,8,36
10,52,2025,12,28,21,3,17,22
11,0,2025,12,28,21,4,0,26
11,6,2025,12,28,4,4,3,27
11,11,2025,12,28,12,25,8,44
11,14,2025,12,28,17,3,11,36
11,21,2025,12,28,16,2,10,28
11,24,2025,12,28,14,2,8,22
11,32,2025,12,28,16,2,0,24
11,36,2025,12,28,17,4,0,28
11,41,2025,12,28,12,19,10,37
11,45,2025,12,28,4,6,17,26
11,52,2025,12,28,21,6,9,23
12,0,2025,12,28,21,6,0,29
12,6,2025,12,28,4,3,0,32
12,11,2025,12,28,12,11,13,30
12,14,2025,12,28,17,5,10,25
12,21,2025,12,28,16,4,9,20
12,24,2025,12,28,14,3,9,14
12,32,2025,12,28,16,5,0,19
12,36,2025,12,28,17,4,2,21
12,41,2025,12,28,12,8,11,18
12,45,2025,12,28,4,3,2,19
12,52,2025,12,28,21,6,10,15
13,0,2025,12,28,21,2,0,17
13,6,2025,12,28,4,18,1,34
13,11,2025,12,28,12,14,20,28
13,14,2025,12,28,17,6,5,29
13,21,2025,12,28,16,4,10,23
13,24,2025,12,28,14,4,7,20
13,32,2025,12,28,16,5,0,25
13,36,2025,12,28,17,6,1,30
13,41,2025,12,28,12,18,16,32
13,45,2025,12,28,4,19,7,44
13,52,2025,12,28,21,6,10,40
14,0,2025,12,28,21,2,0,42
14,6,2025,12,28,4,24,0,66
14,11,2025,12,28,12,18,20,64
14,14,2025,12,28,17,4,19,49
14,21,2025,12,28,16,5,20,34
14,24,2025,12,28,14,4,14,24
14,32,2025,12,28,16,4,0,28
14,36,2025,12,28,17,4,1,31
14,41,2025,12,28,12,31,12,50
14,45,2025,12,28,4,9,10,49
14,52,2025,12,28,21,5,19,35
15,0,2025,12,28,21,4,0,39
15,6,2025,12,28,4,13,0,52
15,11,2025,12,28,12,26,20,58
15,14,2025,12,28,17,5,13,50
15,21,2025,12,28,16,6,12,44
15,24,2025,12,28,14,4,20,28
15,32,2025,12,28,16,6,0,34
15,36,2025,12,28,17,4,1,37
15,41,2025,12,28,12,34,18,53
15,45,2025,12,28,4,8,11,50
15,52,2025,12,28,21,6,20,36
16,0,2025,12,28,21,4,0,40
16,6,2025,12,28,4,4,1,43
16,11,2025,12,28,12,11,12,42
16,14,2025,12,28,17,2,12,32
16,21,2025,12,28,16,6,9,29
16,24,2025,12,28,14,5,17,17
16,32,2025,12,28,16,6,1,22
16,36,2025,12,28,17,2,2,22
16,41,2025,12,28,12,10,13,19
16,45,2025,12,28,4,4,10,13
16,52,2025,12,28,21,4,4,13
17,0,2025,12,28,21,6,0,19
17,6,2025,12,28,4,3,0,22
17,11,2025,12,28,12,11,10,23
17,14,2025,12,28,17,2,5,20
17,21,2025,12,28,16,2,7,15
17,24,2025,12,28,14,5,3,17
17,32,2025,12,28,16,4,0,21
17,36,2025,12,28,17,3,0,24
17,41,2025,12,28,12,11,10,25
17,45,2025,12,28,4,3,4,24
17,52,2025,12,28,21,4,9,19
18,0,2025,12,28,21,4,0,23
18,6,2025,12,28,4,2,0,25
18,11,2025,12,28,12,28,13,40
18,14,2025,12,28,17,5,7,38
18,21,2025,12,28,16,4,10,32
18,24,2025,12,28,14,6,9,29
18,32,2025,12,28,16,3,0,32
18,36,2025,12,28,17,5,2,35
18,41,2025,12,28,12,8,18,25
18,45,2025,12,28,4,6,9,22
18,52,2025,12,28,21,2,13,11
19,0,2025,12,28,21,2,0,13
19,6,2025,12,28,4,4,0,17
19,11,2025,12,28,12,34,11,40
19,14,2025,12,28,17,2,9,33
19,21,2025,12,28,16,4,11,26
19,24,2025,12,28,14,4,8,22
19,32,2025,12,28,16,5,0,27
19,36,2025,12,28,17,6,1,32
19,41,2025,12,28,12,8,13,27
19,45,2025,12,28,4,4,9,22
19,52,2025,12,28,21,2,14,10
20,0,2025,12,28,21,5,0,15
20,6,2025,12,28,4,6,2,19
20,11,2025,12,28,12,13,10,22
20,14,2025,12,28,17,6,6,22
20,21,2025,12,28,16,4,6,20
20,24,2025,12,28,14,3,9,14
20,32,2025,12,28,16,5,0,19
20,36,2025,12,28,17,6,0,25
20,41,2025,12,28,12,23,16,32
20,45,2025,12,28,4,6,8,30
20,52,2025,12,28,21,5,9,26
21,0,2025,12,28,21,5,0,31
21,6,2025,12,28,4,2,0,33
21,11,2025,12,28,12,24,13,44
21,14,2025,12,28,17,2,15,31
21,21,2025,12,28,16,4,9,26
21,24,2025,12,28,14,3,12,17
21,32,2025,12,28,16,4,0,21
21,36,2025,12,28,17,5,2,24
21,41,2025,12,28,12,10,13,21
21,45,2025,12,28,4,5,11,15
21,52,2025,12,28,21,2,3,14
22,0,2025,12,28,21,3,0,17
22,6,2025,12,28,4,6,0,23
22,11,2025,12,28,12,15,9,29
22,14,2025,12,28,17,4,8,25
22,21,2025,12,28,16,2,6,21
22,24,2025,12,28,14,3,8,16
22,32,2025,12,28,16,5,0,21
22,36,2025,12,28,17,6,3,24
22,41,2025,12,28,12,24,15,33
22,45,2025,12,28,4,2,5,30
22,52,2025,12,28,21,2,11,21
23,0,2025,12,28,21,6,0,27
23,6,2025,12,28,4,2,0,29
23,11,2025,12,28,12,17,6,40
23,14,2025,12,28,17,4,10,34
23,21,2025,12,28,16,6,14,26
23,24,2025,12,28,14,2,11,17
23,32,2025,12,28,16,5,1,21
23,36,2025,12,28,17,6,0,27
23,41,2025,12,28,12,23,10,40
23,45,2025,12,28,4,0,20,20
23,52,2025,12,28,21,0,20,0
6,0,2025,12,29,21,6,0,6
6,6,2025,12,29,4,6,0,12
6,11,2025,12,29,12,29,8,33
6,14,2025,12,29,17,8,10,31
6,21,2025,12,29,16,21,8,44
6,24,2025,12,29,14,9,6,47
6,32,2025,12,29,16,14,1,60
6,36,2025,12,29,17,10,4,66
6,41,2025,12,29,12,16,20,62
6,45,2025,12,29,4,3,20,45
6,52,2025,12,29,21,4,20,29
7,0,2025,12,29,21,6,0,35
7,6,2025,12,29,4,1,3,33
7,11,2025,12,29,12,22,5,50
7,14,2025,12,29,17,13,12,51
7,21,2025,12,29,16,20,9,62
7,24,2025,12,29,14,12,17,57
7,32,2025,12,29,16,11,2,66
7,36,2025,12,29,17,7,7,66
7,41,2025,12,29,12,20,20,66
7,45,2025,12,29,4,3,20,49
7,52,2025,12,29,21,3,20,32
8,0,2025,12,29,21,2,0,34
8,6,2025,12,29,4,4,1,37
8,11,2025,12,29,12,10,7,40
8,14,2025,12,29,17,19,7,52
8,21,2025,12,29,16,13,11,54
8,24,2025,12,29,14,13,18,49
8,32,2025,12,29,16,18,2,65
8,36,2025,12,29,17,6,5,66
8,41,2025,12,29,12,20,20,66
8,45,2025,12,29,4,2,20,48
8,52,2025,12,29,21,3,17,34
9,0,2025,12,29,21,5,0,39
9,6,2025,12,29,4,1,3,37
9,11,2025,12,29,12,28,5,60
9,14,2025,12,29,17,4,10,54
9,21,2025,12,29,16,3,8,49
9,24,2025,12,29,14,5,20,34
9,32,2025,12,29,16,5,1,38
9,36,2025,12,29,17,3,2,39
9,41,2025,12,29,12,30,13,56
9,45,2025,12,29,4,1,20,37
9,52,2025,12,29,21,5,14,28
10,0,2025,12,29,21,6,0,34
10,6,2025,12,29,4,4,0,38
10,11,2025,12,29,12,15,9,44
10,14,2025,12,29,17,2,15,31
10,21,2025,12,29,16,4,17,18
10,24,2025,12,29,14,4,9,13
10,32,2025,12,29,16,3,1,15
10,36,2025,12,29,17,2,0,17
10,41,2025,12,29,12,14,10,21
10,45,2025,12,29,4,4,7,18
10,52,2025,12,29,21,6,6,18
11,0,2025,12,29,21,4,0,22
11,6,2025,12,29,4,3,1,24
11,11,2025,12,29,12,11,8,27
11,14,2025,12,29,17,4,5,26
11,21,2025,12,29,16,4,7,23
11,24,2025,12,29,14,2,12,13
11,32,2025,12,29,16,2,0,15
11,36,2025,12,29,17,5,0,20
11,41,2025,12,29,12,16,11,25
11,45,2025,12,29,4,2,6,21
11,52,2025,12,29,21,5,9,17
12,0,2025,12,29,21,5,0,22
12,6,2025,12,29,4,4,1,25
12,11,2025,12,29,12,15,12,28
12,14,2025,12,29,17,5,5,28
12,21,2025,12,29,16,6,6,28
12,24,2025,12,29,14,6,8,26
12,32,2025,12,29,16,2,1,27
12,36,2025,12,29,17,3,1,29
12,41,2025,12,29,12,33,14,48
12,45,2025,12,29,4,4,16,36
12,52,2025,12,29,21,6,16,26
13,0,2025,12,29,21,5,0,31
13,6,2025,12,29,4,18,0,49
13,11,2025,12,29,12,11,20,40
13,14,2025,12,29,17,4,10,34
13,21,2025,12,29,16,6,15,25
13,24,2025,12,29,14,3,11,17
13,32,2025,12,29,16,4,1,20
13,36,2025,12,29,17,3,1,22
13,41,2025,12,29,12,26,15,33
13,45,2025,12,29,4,12,7,38
13,52,2025,12,29,21,2,11,29
14,0,2025,12,29,21,3,0,32
14,6,2025,12,29,4,9,0,41
14,11,2025,12,29,12,25,16,50
14,14,2025,12,29,17,2,12,40
14,21,2025,12,29,16,4,12,32
14,24,2025,12,29,14,6,13,25
14,32,2025,12,29,16,2,0,27
14,36,2025,12,29,17,3,3,27
14,41,2025,12,29,12,12,12,27
14,45,2025,12,29,4,8,7,28
14,52,2025,12,29,21,5,16,17
15,0,2025,12,29,21,5,0,22
15,6,2025,12,29,4,19,1,40
15,11,2025,12,29,12,23,20,43
15,14,2025,12,29,17,4,12,35
15,21,2025,12,29,16,2,11,26
15,24,2025,12,29,14,3,9,20
15,32,2025,12,29,16,4,3,21
15,36,2025,12,29,17,4,2,23
15,41,2025,12,29,12,12,7,28
15,45,2025,12,29,4,23,10,41
15,52,2025,12,29,21,5,11,35
16,0,2025,12,29,21,3,0,38
16,6,2025,12,29,4,6,0,44
16,11,2025,12,29,12,27,20,51
16,14,2025,12,29,17,5,12,44
16,21,2025,12,29,16,4,13,35
16,24,2025,12,29,14,4,14,25
16,32,2025,12,29,16,4,0,29
16,36,2025,12,29,17,4,2,31
16,41,2025,12,29,12,14,14,31
16,45,2025,12,29,4,3,9,25
16,52,2025,12,29,21,6,14,17
17,0,2025,12,29,21,6,0,23
17,6,2025,12,29,4,5,0,28
17,11,2025,12,29,12,23,15,36
17,14,2025,12,29,17,6,11,31
17,21,2025,12,29,16,3,6,28
17,24,2025,12,29,14,6,9,25
17,32,2025,12,29,16,2,0,27
17,36,2025,12,29,17,3,1,29
17,41,2025,12,29,12,15,17,27
17,45,2025,12,29,4,2,11,18
17,52,2025,12,29,21,2,7,13
18,0,2025,12,29,21,4,0,17
18,6,2025,12,29,4,2,0,19
18,11,2025,12,29,12,21,9,31
18,14,2025,12,29,17,2,9,24
18,21,2025,12,29,16,6,10,20
18,24,2025,12,29,14,3,9,14
18,32,2025,12,29,16,2,1,15
18,36,2025,12,29,17,5,0,20
18,41,2025,12,29,12,9,15,14
18,45,2025,12,29,4,5,3,16
18,52,2025,12,29,21,6,6,16
19,0,2025,12,29,21,2,0,18
19,6,2025,12,29,4,4,1,21
19,11,2025,12,29,12,12,11,22
19,14,2025,12,29,17,2,6,18
19,21,2025,12,29,16,2,3,17
19,24,2025,12,29,14,2,10,9
19,32,2025,12,29,16,2,0,11
19,36,2025,12,29,17,4,0,15
19,41,2025,12,29,12,23,6,32
19,45,2025,12,29,4,3,6,29
19,52,2025,12,29,21,3,9,23
20,0,2025,12,29,21,6,0,29
20,6,2025,12,29,4,4,1,32
20,11,2025,12,29,12,11,8,35
20,14,2025,12,29,17,4,11,28
20,21,2025,12,29,16,5,13,20
20,24,2025,12,29,14,3,9,14
20,32,2025,12,29,16,5,1,18
20,36,2025,12,29,17,4,2,20
20,41,2025,12,29,12,18,10,28
20,45,2025,12,29,4,2,7,23
20,52,2025,12,29,21,6,11,18
21,0,2025,12,29,21,6,0,24
21,6,2025,12,29,4,4,1,27
21,11,2025,12,29,12,32,11,48
21,14,2025,12,29,17,3,10,41
21,21,2025,12,29,16,6,14,33
21,24,2025,12,29,14,3,14,22
21,32,2025,12,29,16,3,1,24
21,36,2025,12,29,17,5,0,29
21,41,2025,12,29,12,22,11,40
21,45,2025,12,29,4,5,19,26
21,52,2025,12,29,21,4,9,21
22,0,2025,12,29,21,4,0,25
22,6,2025,12,29,4,4,1,28
22,11,2025,12,29,12,28,13,43
22,14,2025,12,29,17,3,12,34
22,21,2025,12,29,16,4,13,25
22,24,2025,12,29,14,2,10,17
22,32,2025,12,29,16,3,0,20
22,36,2025,12,29,17,3,0,23
22,41,2025,12,29,12,31,8,46
22,45,2025,12,29,4,6,17,35
22,52,2025,12,29,21,4,11,28
23,0,2025,12,29,21,6,0,34
23,6,2025,12,29,4,5,1,38
23,11,2025,12,29,12,27,14,51
23,14,2025,12,29,17,3,13,41
23,21,2025,12,29,16,5,13,33
23,24,2025,12,29,14,5,16,22
23,32,2025,12,29,16,2,0,24
23,36,2025,12,29,17,2,0,26
23,41,2025,12,29,12,10,13,23
23,45,2025,12,29,4,5,11,17
23,52,2025,12,29,21,0,17,0
6,0,2025,12,30,21,3,0,3
6,6,2025,12,30,4,2,1,4
6,11,2025,12,30,12,25,3,26
6,14,2025,12,30,17,12,6,32
6,21,2025,12,30,16,18,5,45
6,24,2025,12,30,14,9,10,44
6,32,2025,12,30,16,16,4,56
6,36,2025,12,30,17,14,4,66
6,41,2025,12,30,12,20,20,66
6,45,2025,12,30,4,2,20,48
6,52,2025,12,30,21,4,19,33
7,0,2025,12,30,21,5,0,38
7,6,2025,12,30,4,1,3,36
7,11,2025,12,30,12,20,8,48
7,14,2025,12,30,17,20,11,57
7,21,2025,12,30,16,9,15,51
7,24,2025,12,30,14,8,11,48
7,32,2025,12,30,16,14,2,60
7,36,2025,12,30,17,10,4,66
7,41,2025,12,30,12,20,20,66
7,45,2025,12,30,4,1,20,47
7,52,2025,12,30,21,5,18,34
8,0,2025,12,30,21,2,0,36
8,6,2025,12,30,4,2,3,35
8,11,2025,12,30,12,17,3,49
8,14,2025,12,30,17,14,11,52
8,21,2025,12,30,16,20,10,62
8,24,2025,12,30,14,12,17,57
8,32,2025,12,30,16,11,8,60
8,36,2025,12,30,17,13,7,66
8,41,2025,12,30,12,12,20,58
8,45,2025,12,30,4,2,20,40
8,52,2025,12,30,21,3,11,32
9,0,2025,12,30,21,6,0,38
9,6,2025,12,30,4,4,7,35
9,11,2025,12,30,12,13,4,44
9,14,2025,12,30,17,5,6,43
9,21,2025,12,30,16,5,14,34
9,24,2025,12,30,14,5,19,20
9,32,2025,12,30,16,4,0,24
9,36,2025,12,30,17,3,0,27
9,41,2025,12,30,12,34,11,50
9,45,2025,12,30,4,1,20,31
9,52,2025,12,30,21,4,5,30
10,0,2025,12,30,21,2,0,32
10,6,2025,12,30,4,4,0,36
10,11,2025,12,30,12,21,7,50
10,14,2025,12,30,17,5,18,37
10,21,2025,12,30,16,5,10,32
10,24,2025,12,30,14,5,18,19
10,32,2025,12,30,16,5,1,23
10,36,2025,12,30,17,2,2,23
10,41,2025,12,30,12,25,13,35
10,45,2025,12,30,4,5,7,33
10,52,2025,12,30,21,2,13,22
11,0,2025,12,30,21,5,0,27
11,6,2025,12,30,4,4,2,29
11,11,2025,12,30,12,34,10,53
11,14,2025,12,30,17,2,14,41
11,21,2025,12,30,16,5,13,33
11,24,2025,12,30,14,3,12,24
11,32,2025,12,30,16,4,0,28
11,36,2025,12,30,17,3,1,30
11,41,2025,12,30,12,24,8,46
11,45,2025,12,30,4,2,11,37
11,52,2025,12,30,21,5,20,22
12,0,2025,12,30,21,5,0,27
12,6,2025,12,30,4,6,1,32
12,11,2025,12,30,12,26,14,44
12,14,2025,12,30,17,2,11,35
12,21,2025,12,30,16,2,5,32
12,24,2025,12,30,14,5,16,21
12,32,2025,12,30,16,2,1,22
12,36,2025,12,30,17,5,1,26
12,41,2025,12,30,12,15,5,36
12,45,2025,12,30,4,2,13,25
12,52,2025,12,30,21,2,12,15
13,0,2025,12,30,21,2,0,17
13,6,2025,12,30,4,16,1,32
13,11,2025,12,30,12,20,13,39
13,14,2025,12,30,17,4,13,30
13,21,2025,12,30,16,4,17,17
13,24,2025,12,30,14,6,4,19
13,32,2025,12,30,16,3,0,22
13,36,2025,12,30,17,6,3,25
13,41,2025,12,30,12,28,14,39
13,45,2025,12,30,4,31,11,59
13,52,2025,12,30,21,4,14,49
14,0,2025,12,30,21,6,0,55
14,6,2025,12,30,4,11,0,66
14,11,2025,12,30,12,20,20,66
14,14,2025,12,30,17,3,16,53
14,21,2025,12,30,16,4,19,38
14,24,2025,12,30,14,6,20,24
14,32,2025,12,30,16,3,1,26
14,36,2025,12,30,17,5,1,30
14,41,2025,12,30,12,30,14,46
14,45,2025,12,30,4,15,7,54
14,52,2025,12,30,21,3,19,38
15,0,2025,12,30,21,5,0,43
15,6,2025,12,30,4,9,1,51
15,11,2025,12,30,12,22,19,54
15,14,2025,12,30,17,5,11,48
15,21,2025,12,30,16,4,19,33
15,24,2025,12,30,14,2,19,16
15,32,2025,12,30,16,6,0,22
15,36,2025,12,30,17,4,3,23
15,41,2025,12,30,12,15,12,26
15,45,2025,12,30,4,21,4,43
15,52,2025,12,30,21,3,11,35
16,0,2025,12,30,21,6,0,41
16,6,2025,12,30,4,3,1,43
16,11,2025,12,30,12,8,16,35
16,14,2025,12,30,17,6,7,34
16,21,2025,12,30,16,4,10,28
16,24,2025,12,30,14,6,15,19
16,32,2025,12,30,16,6,0,25
16,36,2025,12,30,17,6,3,28
16,41,2025,12,30,12,17,13,32
16,45,2025,12,30,4,4,11,25
16,52,2025,12,30,21,3,6,22
17,0,2025,12,30,21,5,0,27
17,6,2025,12,30,4,2,0,29
17,11,2025,12,30,12,31,3,57
17,14,2025,12,30,17,5,20,42
17,21,2025,12,30,16,6,19,29
17,24,2025,12,30,14,6,13,22
17,32,2025,12,30,16,3,1,24
17,36,2025,12,30,17,5,0,29
17,41,2025,12,30,12,12,18,23
17,45,2025,12,30,4,5,11,17
17,52,2025,12,30,21,6,5,18
18,0,2025,12,30,21,4,0,22
18,6,2025,12,30,4,3,0,25
18,11,2025,12,30,12,25,15,35
18,14,2025,12,30,17,5,3,37
18,21,2025,12,30,16,4,8,33
18,24,2025,12,30,14,6,14,25
18,32,2025,12,30,16,3,3,25
18,36,2025,12,30,17,6,1,30
18,41,2025,12,30,12,29,14,45
18,45,2025,12,30,4,5,7,43
18,52,2025,12,30,21,6,17,32
19,0,2025,12,30,21,3,0,35
19,6,2025,12,30,4,4,0,39
19,11,2025,12,30,12,15,12,42
19,14,2025,12,30,17,6,10,38
19,21,2025,12,30,16,2,13,27
19,24,2025,12,30,14,5,16,16
19,32,2025,12,30,16,3,1,18
19,36,2025,12,30,17,5,1,22
19,41,2025,12,30,12,34,10,46
19,45,2025,12,30,4,4,10,40
19,52,2025,12,30,21,4,13,31
20,0,2025,12,30,21,6,0,37
20,6,2025,12,30,4,6,1,42
20,11,2025,12,30,12,20,11,51
20,14,2025,12,30,17,2,17,36
20,21,2025,12,30,16,6,16,26
20,24,2025,12,30,14,4,11,19
20,32,2025,12,30,16,4,0,23
20,36,2025,12,30,17,6,1,28
20,41,2025,12,30,12,11,17,22
20,45,2025,12,30,4,5,8,19
20,52,2025,12,30,21,6,7,18
21,0,2025,12,30,21,5,0,23
21,6,2025,12,30,4,3,1,25
21,11,2025,12,30,12,23,14,34
21,14,2025,12,30,17,6,5,35
21,21,2025,12,30,16,2,14,23
21,24,2025,12,30,14,3,7,19
21,32,2025,12,30,16,5,0,24
21,36,2025,12,30,17,4,0,28
21,41,2025,12,30,12,15,11,32
21,45,2025,12,30,4,5,10,27
21,52,2025,12,30,21,6,13,20
22,0,2025,12,30,21,4,0,24
22,6,2025,12,30,4,2,1,25
22,11,2025,12,30,12,17,9,33
22,14,2025,12,30,17,5,11,27
22,21,2025,12,30,16,3,7,23
22,24,2025,12,30,14,5,7,21
22,32,2025,12,30,16,5,2,24
22,36,2025,12,30,17,5,0,29
22,41,2025,12,30,12,8,11,26
22,45,2025,12,30,4,6,6,26
22,52,2025,12,30,21,3,12,17
23,0,2025,12,30,21,3,0,20
23,6,2025,12,30,4,4,1,23
23,11,2025,12,30,12,19,15,27
23,14,2025,12,30,17,4,6,25
23,21,2025,12,30,16,5,6,24
23,24,2025,12,30,14,4,9,19
23,32,2025,12,30,16,3,1,21
23,36,2025,12,30,17,4,2,23
23,41,2025,12,30,12,30,15,38
23,45,2025,12,30,4,2,20,20
23,52,2025,12,30,21,0,20,0
6,0,2025,12,31,21,5,0,5
6,6,2025,12,31,4,2,0,7
6,11,2025,12,31,12,13,3,17
6,14,2025,12,31,17,18,3,32
6,21,2025,12,31,16,15,6,41
6,24,2025,12,31,14,7,8,40
6,32,2025,12,31,16,15,2,53
6,36,2025,12,31,17,13,7,59
6,41,2025,12,31,12,27,20,66
6,45,2025,12,31,4,3,15,54
6,52,2025,12,31,21,3,20,37
7,0,2025,12,31,21,6,0,43
7,6,2025,12,31,4,4,4,43
7,11,2025,12,31,12,22,11,54
7,14,2025,12,31,17,14,16,52
7,21,2025,12,31,16,16,13,55
7,24,2025,12,31,14,5,15,45
7,32,2025,12,31,16,6,0,51
7,36,2025,12,31,17,11,3,59
7,41,2025,12,31,12,13,20,52
7,45,2025,12,31,4,3,20,35
7,52,2025,12,31,21,3,13,25
8,0,2025,12,31,21,6,0,31
8,6,2025,12,31,4,4,4,31
8,11,2025,12,31,12,28,6,53
8,14,2025,12,31,17,12,8,57
8,21,2025,12,31,16,7,14,50
8,24,2025,12,31,14,13,14,49
8,32,2025,12,31,16,10,1,58
8,36,2025,12,31,17,8,8,58
8,41,2025,12,31,12,28,20,66
8,45,2025,12,31,4,2,20,48
8,52,2025,12,31,21,2,13,37
9,0,2025,12,31,21,5,0,42
9,6,2025,12,31,4,4,4,42
9,11,2025,12,31,12,28,7,63
9,14,2025,12,31,17,3,8,58
9,21,2025,12,31,16,5,20,43
9,24,2025,12,31,14,5,17,31
9,32,2025,12,31,16,6,2,35
9,36,2025,12,31,17,2,2,35
9,41,2025,12,31,12,36,7,64
9,45,2025,12,31,4,5,20,49
9,52,2025,12,31,21,2,18,33
10,0,2025,12,31,21,2,0,35
10,6,2025,12,31,4,6,1,40
10,11,2025,12,31,12,28,6,62
10,14,2025,12,31,17,5,19,48
10,21,2025,12,31,16,2,15,35
10,24,2025,12,31,14,4,14,25
10,32,2025,12,31,16,4,0,29
10,36,2025,12,31,17,6,0,35
10,41,2025,12,31,12,30,16,49
10,45,2025,12,31,4,5,13,41
10,52,2025,12,31,21,2,17,26
11,0,2025,12,31,21,4,0,30
11,6,2025,12,31,4,5,1,34
11,11,2025,12,31,12,10,11,33
11,14,2025,12,31,17,5,9,29
11,21,2025,12,31,16,3,7,25
11,24,2025,12,31,14,5,9,21
11,32,2025,12,31,16,2,1,22
11,36,2025,12,31,17,5,0,27
11,41,2025,12,31,12,14,15,26
11,45,2025,12,31,4,4,5,25
11,52,2025,12,31,21,4,10,19
12,0,2025,12,31,21,3,0,22
12,6,2025,12,31,4,4,0,26
12,11,2025,12,31,12,29,9,46
12,14,2025,12,31,17,2,12,36
12,21,2025,12,31,16,3,14,25
12,24,2025,12,31,14,6,9,22
12,32,2025,12,31,16,3,0,25
12,36,2025,12,31,17,3,0,28
12,41,2025,12,31,12,18,15,31
12,45,2025,12,31,4,2,13,20
12,52,2025,12,31,21,3,9,14
13,0,2025,12,31,21,3,0,17
13,6,2025,12,31,4,18,0,35
13,11,2025,12,31,12,18,15,38
13,14,2025,12,31,17,5,14,29
13,21,2025,12,31,16,5,9,25
13,24,2025,12,31,14,2,10,17
13,32,2025,12,31,16,2,1,18
13,36,2025,12,31,17,3,2,19
13,41,2025,12,31,12,25,7,37
13,45,2025,12,31,4,25,7,55
13,52,2025,12,31,21,3,16,42
14,0,2025,12,31,21,4,0,46
14,6,2025,12,31,4,20,0,66
14,11,2025,12,31,12,20,20,66
14,14,2025,12,31,17,4,20,50
14,21,2025,12,31,16,4,17,37
14,24,2025,12,31,14,6,15,28
14,32,2025,12,31,16,5,1,32
14,36,2025,12,31,17,5,1,36
14,41,2025,12,31,12,10,10,36
14,45,2025,12,31,4,15,10,41
14,52,2025,12,31,21,4,17,28
15,0,2025,12,31,21,4,0,32
15,6,2025,12,31,4,26,1,57
15,11,2025,12,31,12,8,20,45
15,14,2025,12,31,17,5,11,39
15,21,2025,12,31,16,4,12,31
15,24,2025,12,31,14,6,18,19
15,32,2025,12,31,16,6,0,25
15,36,2025,12,31,17,6,2,29
15,41,2025,12,31,12,28,16,41
15,45,2025,12,31,4,26,8,59
15,52,2025,12,31,21,6,14,51
16,0,2025,12,31,21,4,0,55
16,6,2025,12,31,4,6,1,60
16,11,2025,12,31,12,15,20,55
16,14,2025,12,31,17,5,17,43
16,21,2025,12,31,16,3,15,31
16,24,2025,12,31,14,2,16,17
16,32,2025,12,31,16,4,0,21
16,36,2025,12,31,17,3,1,23
16,41,2025,12,31,12,20,13,30
16,45,2025,12,31,4,2,8,24
16,52,2025,12,31,21,2,10,16
17,0,2025,12,31,21,3,0,19
17,6,2025,12,31,4,6,0,25
17,11,2025,12,31,12,11,10,26
17,14,2025,12,31,17,2,7,21
17,21,2025,12,31,16,6,11,16
17,24,2025,12,31,14,6,9,13
17,32,2025,12,31,16,6,0,19
17,36,2025,12,31,17,2,2,19
17,41,2025,12,31,12,23,10,32
17,45,2025,12,31,4,4,5,31
17,52,2025,12,31,21,3,9,25
18,0,2025,12,31,21,5,0,30
18,6,2025,12,31,4,5,0,35
18,11,2025,12,31,12,24,8,51
18,14,2025,12,31,17,5,11,45
18,21,2025,12,31,16,4,11,38
18,24,2025,12,31,14,6,17,27
18,32,2025,12,31,16,5,1,31
18,36,2025,12,31,17,3,2,32
18,41,2025,12,31,12,29,12,49
18,45,2025,12,31,4,2,17,34
18,52,2025,12,31,21,4,13,25
19,0,2025,12,31,21,5,0,30
19,6,2025,12,31,4,2,0,32
19,11,2025,12,31,12,12,7,37
19,14,2025,12,31,17,4,8,33
19,21,2025,12,31,16,4,12,25
19,24,2025,12,31,14,3,13,15
19,32,2025,12,31,16,6,0,21
19,36,2025,12,31,17,4,1,24
19,41,2025,12,31,12,21,11,34
19,45,2025,12,31,4,5,8,31
19,52,2025,12,31,21,3,14,20
20,0,2025,12,31,21,4,0,24
20,6,2025,12,31,4,3,0,27
20,11,2025,12,31,12,13,10,30
20,14,2025,12,31,17,3,8,25
20,21,2025,12,31,16,4,9,20
20,24,2025,12,31,14,4,9,15
20,32,2025,12,31,16,2,1,16
20,36,2025,12,31,17,3,1,18
20,41,2025,12,31,12,35,9,44
20,45,2025,12,31,4,5,9,40
20,52,2025,12,31,21,3,15,28
21,0,2025,12,31,21,2,0,30
21,6,2025,12,31,4,3,0,33
21,11,2025,12,31,12,28,6,55
21,14,2025,12,31,17,4,16,43
21,21,2025,12,31,16,4,14,33
21,24,2025,12,31,14,5,12,26
21,32,2025,12,31,16,6,1,31
21,36,2025,12,31,17,3,1,33
21,41,2025,12,31,12,25,15,43
21,45,2025,12,31,4,4,10,37
21,52,2025,12,31,21,6,14,29
22,0,2025,12,31,21,5,0,34
22,6,2025,12,31,4,6,2,38
22,11,2025,12,31,12,11,8,41
22,14,2025,12,31,17,2,17,26
22,21,2025,12,31,16,6,9,23
22,24,2025,12,31,14,3,12,14
22,32,2025,12,31,16,4,0,18
22,36,2025,12,31,17,2,0,20
22,41,2025,12,31,12,35,12,43
22,45,2025,12,31,4,2,9,36
22,52,2025,12,31,21,5,14,27
23,0,2025,12,31,21,2,0,29
23,6,2025,12,31,4,2,1,30
23,11,2025,12,31,12,32,9,53
23,14,2025,12,31,17,6,12,47
23,21,2025,12,31,16,6,11,42
23,24,2025,12,31,14,2,17,27
23,32,2025,12,31,16,6,0,33
23,36,2025,12,31,17,5,1,37
23,41,2025,12,31,12,16,17,36
23,45,2025,12,31,4,0,16,20
23,52,2025,12,31,21,0,20,0
6,0,2026,1,1,21,5,0,5
6,6,2026,1,1,4,5,1,9
6,11,2026,1,1,12,21,5,25
6,14,2026,1,1,17,14,8,31
6,21,2026,1,1,16,9,5,35
6,24,2026,1,1,14,19,8,46
6,32,2026,1,1,16,13,3,56
6,36,2026,1,1,17,16,8,64
6,41,2026,1,1,12,20,20,64
6,45,2026,1,1,4,2,20,46
6,52,2026,1,1,21,4,20,30
7,0,2026,1,1,21,5,0,35
7,6,2026,1,1,4,5,6,34
7,11,2026,1,1,12,35,6,63
7,14,2026,1,1,17,11,8,66
7,21,2026,1,1,16,11,11,66
7,24,2026,1,1,14,11,20,57
7,32,2026,1,1,16,6,2,61
7,36,2026,1,1,17,8,4,65
7,41,2026,1,1,12,21,20,66
7,45,2026,1,1,4,4,20,50
7,52,2026,1,1,21,2,19,33
8,0,2026,1,1,21,2,0,35
8,6,2026,1,1,4,1,1,35
8,11,2026,1,1,12,30,5,60
8,14,2026,1,1,17,6,8,58
8,21,2026,1,1,16,8,15,51
8,24,2026,1,1,14,11,19,43
8,32,2026,1,1,16,11,0,54
8,36,2026,1,1,17,15,3,66
8,41,2026,1,1,12,9,20,55
8,45,2026,1,1,4,1,20,36
8,52,2026,1,1,21,6,14,28
9,0,2026,1,1,21,2,0,30
9,6,2026,1,1,4,1,1,30
9,11,2026,1,1,12,32,6,56
9,14,2026,1,1,17,5,8,53
9,21,2026,1,1,16,4,10,47
9,24,2026,1,1,14,4,14,37
9,32,2026,1,1,16,5,0,42
9,36,2026,1,1,17,6,1,47
9,41,2026,1,1,12,25,18,54
9,45,2026,1,1,4,4,20,38
9,52,2026,1,1,21,5,15,28
10,0,2026,1,1,21,2,0,30
10,6,2026,1,1,4,5,0,35
10,11,2026,1,1,12,8,9,34
10,14,2026,1,1,17,5,14,25
10,21,2026,1,1,16,2,11,16
10,24,2026,1,1,14,5,7,14
10,32,2026,1,1,16,5,0,19
10,36,2026,1,1,17,2,2,19
10,41,2026,1,1,12,19,12,26
10,45,2026,1,1,4,2,5,23
10,52,2026,1,1,21,4,7,20
11,0,2026,1,1,21,4,0,24
11,6,2026,1,1,4,3,2,25
11,11,2026,1,1,12,27,8,44
11,14,2026,1,1,17,2,9,37
11,21,2026,1,1,16,4,8,33
11,24,2026,1,1,14,5,9,29
11,32,2026,1,1,16,3,0,32
11,36,2026,1,1,17,6,0,38
11,41,2026,1,1,12,10,15,33
11,45,2026,1,1,4,6,11,28
11,52,2026,1,1,21,3,14,17
12,0,2026,1,1,21,6,0,23
12,6,2026,1,1,4,4,0,27
12,11,2026,1,1,12,21,11,37
12,14,2026,1,1,17,3,5,35
12,21,2026,1,1,16,6,14,27
12,24,2026,1,1,14,3,9,21
12,32,2026,1,1,16,2,1,22
12,36,2026,1,1,17,2,0,24
12,41,2026,1,1,12,30,11,43
12,45,2026,1,1,4,3,17,29
12,52,2026,1,1,21,2,11,20
13,0,2026,1,1,21,3,0,23
13,6,2026,1,1,4,30,1,52
13,11,2026,1,1,12,15,20,47
13,14,2026,1,1,17,2,15,34
13,21,2026,1,1,16,5,20,19
13,24,2026,1,1,14,4,8,15
13,32,2026,1,1,16,6,2,19
13,36,2026,1,1,17,6,0,25
13,41,2026,1,1,12,29,14,40
13,45,2026,1,1,4,20,4,56
13,52,2026,1,1,21,3,15,44
14,0,2026,1,1,21,5,0,49
14,6,2026,1,1,4,7,0,56
14,11,2026,1,1,12,29,20,65
14,14,2026,1,1,17,4,20,49
14,21,2026,1,1,16,2,20,31
14,24,2026,1,1,14,3,14,20
14,32,2026,1,1,16,5,0,25
14,36,2026,1,1,17,6,1,30
14,41,2026,1,1,12,20,16,34
14,45,2026,1,1,4,22,8,48
14,52,2026,1,1,21,2,13,37
15,0,2026,1,1,21,6,0,43
15,6,2026,1,1,4,11,1,53
15,11,2026,1,1,12,33,20,66
15,14,2026,1,1,17,2,13,55
15,21,2026,1,1,16,2,19,38
15,24,2026,1,1,14,2,20,20
15,32,2026,1,1,16,5,0,25
15,36,2026,1,1,17,3,1,27
15,41,2026,1,1,12,28,8,47
15,45,2026,1,1,4,11,7,51
15,52,2026,1,1,21,6,20,37
16,0,2026,1,1,21,3,0,40
16,6,2026,1,1,4,4,1,43
16,11,2026,1,1,12,27,14,56
16,14,2026,1,1,17,5,17,44
16,21,2026,1,1,16,4,14,34
16,24,2026,1,1,14,6,14,26
16,32,2026,1,1,16,4,0,30
16,36,2026,1,1,17,3,1,32
16,41,2026,1,1,12,29,13,48
16,45,2026,1,1,4,6,15,39
16,52,2026,1,1,21,4,15,28
17,0,2026,1,1,21,6,0,34
17,6,2026,1,1,4,3,1,36
17,11,2026,1,1,12,14,11,39
17,14,2026,1,1,17,4,7,36
17,21,2026,1,1,16,6,15,27
17,24,2026,1,1,14,3,13,17
17,32,2026,1,1,16,5,0,22
17,36,2026,1,1,17,2,0,24
17,41,2026,1,1,12,9,13,20
17,45,2026,1,1,4,5,9,16
17,52,2026,1,1,21,4,5,15
18,0,2026,1,1,21,6,0,21
18,6,2026,1,1,4,4,1,24
18,11,2026,1,1,12,29,11,42
18,14,2026,1,1,17,3,8,37
18,21,2026,1,1,16,6,10,33
18,24,2026,1,1,14,4,15,22
18,32,2026,1,1,16,6,1,27
18,36,2026,1,1,17,4,1,30
18,41,2026,1,1,12,10,17,23
18,45,2026,1,1,4,3,10,16
18,52,2026,1,1,21,5,7,14
19,0,2026,1,1,21,2,0,16
19,6,2026,1,1,4,5,0,21
19,11,2026,1,1,12,20,14,27
19,14,2026,1,1,17,2,7,22
19,21,2026,1,1,16,3,7,18
19,24,2026,1,1,14,6,7,17
19,32,2026,1,1,16,3,2,18
19,36,2026,1,1,17,4,1,21
19,41,2026,1,1,12,17,9,29
19,45,2026,1,1,4,5,9,25
19,52,2026,1,1,21,4,13,16
20,0,2026,1,1,21,5,0,21
20,6,2026,1,1,4,4,0,25
20,11,2026,1,1,12,25,8,42
20,14,2026,1,1,17,5,11,36
20,21,2026,1,1,16,5,10,31
20,24,2026,1,1,14,3,13,21
20,32,2026,1,1,16,5,1,25
20,36,2026,1,1,17,2,0,27
20,41,2026,1,1,12,27,13,41
20,45,2026,1,1,4,4,10,35
20,52,2026,1,1,21,4,11,28
21,0,2026,1,1,21,3,0,31
21,6,2026,1,1,4,2,2,31
21,11,2026,1,1,12,31,7,55
21,14,2026,1,1,17,6,18,43
21,21,2026,1,1,16,2,12,33
21,24,2026,1,1,14,4,15,22
21,32,2026,1,1,16,2,0,24
21,36,2026,1,1,17,2,0,26
21,41,2026,1,1,12,18,10,34
21,45,2026,1,1,4,3,11,26
21,52,2026,1,1,21,4,13,17
22,0,2026,1,1,21,6,0,23
22,6,2026,1,1,4,6,1,28
22,11,2026,1,1,12,16,8,36
22,14,2026,1,1,17,5,12,29
22,21,2026,1,1,16,2,11,20
22,24,2026,1,1,14,6,6,20
22,32,2026,1,1,16,6,0,26
22,36,2026,1,1,17,5,0,31
22,41,2026,1,1,12,27,15,43
22,45,2026,1,1,4,5,9,39
22,52,2026,1,1,21,5,14,30
23,0,2026,1,1,21,6,0,36
23,6,2026,1,1,4,4,0,40
23,11,2026,1,1,12,15,14,41
23,14,2026,1,1,17,2,9,34
23,21,2026,1,1,16,2,15,21
23,24,2026,1,1,14,5,10,16
23,32,2026,1,1,16,3,2,17
23,36,2026,1,1,17,5,0,22
23,41,2026,1,1,12,15,9,28
23,45,2026,1,1,4,3,12,19
23,52,2026,1,1,21,0,19,0
6,0,2026,1,2,21,6,0,6
6,6,2026,1,2,4,4,0,10
6,11,2026,1,2,12,15,6,19
6,14,2026,1,2,17,15,7,27
6,21,2026,1,2,16,14,4,37
6,24,2026,1,2,14,20,6,51
6,32,2026,1,2,16,6,6,51
6,36,2026,1,2,17,19,6,64
6,41,2026,1,2,12,22,20,66
6,45,2026,1,2,4,6,20,52
6,52,2026,1,2,21,4,20,36
7,0,2026,1,2,21,5,0,41
7,6,2026,1,2,4,3,4,40
7,11,2026,1,2,12,11,11,40
7,14,2026,1,2,17,11,5,46
7,21,2026,1,2,16,22,16,52
7,24,2026,1,2,14,17,10,59
7,32,2026,1,2,16,12,5,66
7,36,2026,1,2,17,8,8,66
7,41,2026,1,2,12,16,20,62
7,45,2026,1,2,4,1,20,43
7,52,2026,1,2,21,4,20,27
8,0,2026,1,2,21,5,0,32
8,6,2026,1,2,4,3,6,29
8,11,2026,1,2,12,24,4,49
8,14,2026,1,2,17,19,7,61
8,21,2026,1,2,16,12,12,61
8,24,2026,1,2,14,14,14,61
8,32,2026,1,2,16,12,7,66
8,36,2026,1,2,17,7,7,66
8,41,2026,1,2,12,18,20,64
8,45,2026,1,2,4,5,20,49
8,52,2026,1,2,21,2,19,32
9,0,2026,1,2,21,5,0,37
9,6,2026,1,2,4,1,1,37
9,11,2026,1,2,12,28,6,59
9,14,2026,1,2,17,5,10,54
9,21,2026,1,2,16,6,17,43
9,24,2026,1,2,14,6,16,33
9,32,2026,1,2,16,2,0,35
9,36,2026,1,2,17,5,0,40
9,41,2026,1,2,12,14,15,39
9,45,2026,1,2,4,4,20,23
9,52,2026,1,2,21,5,5,23
10,0,2026,1,2,21,4,0,27
10,6,2026,1,2,4,3,0,30
10,11,2026,1,2,12,23,8,45
10,14,2026,1,2,17,6,8,43
10,21,2026,1,2,16,4,14,33
10,24,2026,1,2,14,2,10,25
10,32,2026,1,2,16,2,0,27
10,36,2026,1,2,17,6,2,31
10,41,2026,1,2,12,26,14,43
10,45,2026,1,2,4,3,10,36
10,52,2026,1,2,21,6,15,27
11,0,2026,1,2,21,6,0,33
11,6,2026,1,2,4,3,1,35
11,11,2026,1,2,12,25,11,49
11,14,2026,1,2,17,5,13,41
11,21,2026,1,2,16,4,16,29
11,24,2026,1,2,14,4,12,21
11,32,2026,1,2,16,6,1,26
11,36,2026,1,2,17,3,1,28
11,41,2026,1,2,12,21,8,41
11,45,2026,1,2,4,5,12,34
11,52,2026,1,2,21,5,17,22
12,0,2026,1,2,21,2,0,24
12,6,2026,1,2,4,3,0,27
12,11,2026,1,2,12,36,6,57
12,14,2026,1,2,17,4,16,45
12,21,2026,1,2,16,5,12,38
12,24,2026,1,2,14,5,16,27
12,32,2026,1,2,16,4,1,30
12,36,2026,1,2,17,4,1,33
12,41,2026,1,2,12,18,14,37
12,45,2026,1,2,4,6,11,32
12,52,2026,1,2,21,4,12,24
13,0,2026,1,2,21,4,0,28
13,6,2026,1,2,4,7,1,34
13,11,2026,1,2,12,22,12,44
13,14,2026,1,2,17,6,12,38
13,21,2026,1,2,16,2,9,31
13,24,2026,1,2,14,4,17,18
13,32,2026,1,2,16,2,1,19
13,36,2026,1,2,17,3,0,22
13,41,2026,1,2,12,32,13,41
13,45,2026,1,2,4,23,8,56
13,52,2026,1,2,21,5,13,48
14,0,2026,1,2,21,5,0,53
14,6,2026,1,2,4,12,2,63
14,11,2026,1,2,12,21,20,64
14,14,2026,1,2,17,6,17,53
14,21,2026,1,2,16,4,16,41
14,24,2026,1,2,14,6,20,27
14,32,2026,1,2,16,3,0,30
14,36,2026,1,2,17,3,3,30
14,41,2026,1,2,12,13,13,30
14,45,2026,1,2,4,23,8,45
14,52,2026,1,2,21,5,15,35
15,0,2026,1,2,21,4,0,39
15,6,2026,1,2,4,17,2,54
15,11,2026,1,2,12,15,20,49
15,14,2026,1,2,17,2,18,33
15,21,2026,1,2,16,2,12,23
15,24,2026,1,2,14,6,12,17
15,32,2026,1,2,16,2,0,19
15,36,2026,1,2,17,2,3,18
15,41,2026,1,2,12,8,7,19
15,45,2026,1,2,4,22,3,38
15,52,2026,1,2,21,6,15,29
16,0,2026,1,2,21,5,0,34
16,6,2026,1,2,4,6,0,40
16,11,2026,1,2,12,28,20,48
16,14,2026,1,2,17,6,12,42
16,21,2026,1,2,16,2,13,31
16,24,2026,1,2,14,2,12,21
16,32,2026,1,2,16,3,0,24
16,36,2026,1,2,17,5,0,29
16,41,2026,1,2,12,9,16,22
16,45,2026,1,2,4,2,8,16
16,52,2026,1,2,21,5,8,13
17,0,2026,1,2,21,3,0,16
17,6,2026,1,2,4,2,1,17
17,11,2026,1,2,12,19,8,28
17,14,2026,1,2,17,3,6,25
17,21,2026,1,2,16,5,6,24
17,24,2026,1,2,14,4,7,21
17,32,2026,1,2,16,6,0,27
17,36,2026,1,2,17,5,0,32
17,41,2026,1,2,12,15,19,28
17,45,2026,1,2,4,3,7,24
17,52,2026,1,2,21,4,12,16
18,0,2026,1,2,21,4,0,20
18,6,2026,1,2,4,5,0,25
18,11,2026,1,2,12,9,7,27
18,14,2026,1,2,17,2,7,22
18,21,2026,1,2,16,6,8,20
18,24,2026,1,2,14,3,9,14
18,32,2026,1,2,16,6,1,19
18,36,2026,1,2,17,3,1,21
18,41,2026,1,2,12,25,13,33
18,45,2026,1,2,4,4,9,28
18,52,2026,1,2,21,2,11,19
19,0,2026,1,2,21,3,0,22
19,6,2026,1,2,4,6,0,28
19,11,2026,1,2,12,14,8,34
19,14,2026,1,2,17,3,6,31
19,21,2026,1,2,16,4,6,29
19,24,2026,1,2,14,6,16,19
19,32,2026,1,2,16,4,1,22
19,36,2026,1,2,17,4,1,25
19,41,2026,1,2,12,14,17,22
19,45,2026,1,2,4,3,4,21
19,52,2026,1,2,21,4,7,18
20,0,2026,1,2,21,2,0,20
20,6,2026,1,2,4,4,3,21
20,11,2026,1,2,12,34,3,52
20,14,2026,1,2,17,3,14,41
20,21,2026,1,2,16,4,14,31
20,24,2026,1,2,14,4,14,21
20,32,2026,1,2,16,5,1,25
20,36,2026,1,2,17,2,2,25
20,41,2026,1,2,12,19,11,33
20,45,2026,1,2,4,4,12,25
20,52,2026,1,2,21,4,7,22
21,0,2026,1,2,21,6,0,28
21,6,2026,1,2,4,4,1,31
21,11,2026,1,2,12,13,13,31
21,14,2026,1,2,17,2,9,24
21,21,2026,1,2,16,5,9,20
21,24,2026,1,2,14,5,6,19
21,32,2026,1,2,16,4,0,23
21,36,2026,1,2,17,6,1,28
21,41,2026,1,2,12,34,15,47
21,45,2026,1,2,4,3,12,38
21,52,2026,1,2,21,6,17,27
22,0,2026,1,2,21,6,0,33
22,6,2026,1,2,4,6,0,39
22,11,2026,1,2,12,20,12,47
22,14,2026,1,2,17,2,9,40
22,21,2026,1,2,16,4,12,32
22,24,2026,1,2,14,3,20,15
22,32,2026,1,2,16,5,1,19
22,36,2026,1,2,17,6,0,25
22,41,2026,1,2,12,11,16,20
22,45,2026,1,2,4,5,10,15
22,52,2026,1,2,21,2,2,15
23,0,2026,1,2,21,4,0,19
23,6,2026,1,2,4,5,0,24
23,11,2026,1,2,12,8,9,23
23,14,2026,1,2,17,6,7,22
23,21,2026,1,2,16,4,4,22
23,24,2026,1,2,14,2,10,14
23,32,2026,1,2,16,5,0,19
23,36,2026,1,2,17,6,1,24
23,41,2026,1,2,12,21,17,28
23,45,2026,1,2,4,4,12,20
23,52,2026,1,2,21,0,20,0
6,0,2026,1,3,21,5,0,5
6,6,2026,1,3,4,5,0,10
6,11,2026,1,3,12,13,6,17
6,14,2026,1,3,17,5,6,16
6,21,2026,1,3,16,13,3,26
6,24,2026,1,3,14,7,7,26
6,32,2026,1,3,16,11,0,37
6,36,2026,1,3,17,17,2,52
6,41,2026,1,3,12,24,20,56
6,45,2026,1,3,4,6,16,46
6,52,2026,1,3,21,5,15,36
7,0,2026,1,3,21,2,0,38
7,6,2026,1,3,4,1,2,37
7,11,2026,1,3,12,10,9,38
7,14,2026,1,3,17,15,7,46
7,21,2026,1,3,16,17,14,49
7,24,2026,1,3,14,11,14,46
7,32,2026,1,3,16,15,0,61
7,36,2026,1,3,17,10,5,66
7,41,2026,1,3,12,20,20,66
7,45,2026,1,3,4,5,20,51
7,52,2026,1,3,21,5,18,38
8,0,2026,1,3,21,3,0,41
8,6,2026,1,3,4,3,6,38
8,11,2026,1,3,12,26,6,58
8,14,2026,1,3,17,15,7,66
8,21,2026,1,3,16,5,16,55
8,24,2026,1,3,14,19,18,56
8,32,2026,1,3,16,17,7,66
8,36,2026,1,3,17,7,7,66
8,41,2026,1,3,12,20,20,66
8,45,2026,1,3,4,1,20,47
8,52,2026,1,3,21,5,19,33
9,0,2026,1,3,21,6,0,39
9,6,2026,1,3,4,4,5,38
9,11,2026,1,3,12,25,4,59
9,14,2026,1,3,17,6,14,51
9,21,2026,1,3,16,2,16,37
9,24,2026,1,3,14,3,12,28
9,32,2026,1,3,16,2,0,30
9,36,2026,1,3,17,3,0,33
9,41,2026,1,3,12,25,5,53
9,45,2026,1,3,4,5,20,38
9,52,2026,1,3,21,6,12,32
10,0,2026,1,3,21,4,0,36
10,6,2026,1,3,4,2,2,36
10,11,2026,1,3,12,31,7,60
10,14,2026,1,3,17,3,17,46
10,21,2026,1,3,16,3,19,30
10,24,2026,1,3,14,2,20,12
10,32,2026,1,3,16,5,0,17
10,36,2026,1,3,17,2,0,19
10,41,2026,1,3,12,35,9,45
10,45,2026,1,3,4,5,10,40
10,52,2026,1,3,21,3,16,27
11,0,2026,1,3,21,6,0,33
11,6,2026,1,3,4,2,1,34
11,11,2026,1,3,12,26,13,47
11,14,2026,1,3,17,3,13,37
11,21,2026,1,3,16,2,8,31
11,24,2026,1,3,14,4,14,21
11,32,2026,1,3,16,4,0,25
11,36,2026,1,3,17,4,2,27
11,41,2026,1,3,12,15,11,31
11,45,2026,1,3,4,5,11,25
11,52,2026,1,3,21,5,11,19
12,0,2026,1,3,21,2,0,21
12,6,2026,1,3,4,6,0,27
12,11,2026,1,3,12,20,11,36
12,14,2026,1,3,17,2,7,31
12,21,2026,1,3,16,6,14,23
12,24,2026,1,3,14,5,8,20
12,32,2026,1,3,16,2,0,22
12,36,2026,1,3,17,2,0,24
12,41,2026,1,3,12,15,13,26
12,45,2026,1,3,4,4,5,25
12,52,2026,1,3,21,4,9,20
13,0,2026,1,3,21,6,0,26
13,6,2026,1,3,4,13,1,38
13,11,2026,1,3,12,10,19,29
13,14,2026,1,3,17,5,10,24
13,21,2026,1,3,16,6,9,21
13,24,2026,1,3,14,5,4,22
13,32,2026,1,3,16,3,1,24
13,36,2026,1,3,17,4,2,26
13,41,2026,1,3,12,19,15,30
13,45,2026,1,3,4,11,7,34
13,52,2026,1,3,21,6,13,27
14,0,2026,1,3,21,4,0,31
14,6,2026,1,3,4,24,0,55
14,11,2026,1,3,12,15,20,50
14,14,2026,1,3,17,2,11,41
14,21,2026,1,3,16,5,19,27
14,24,2026,1,3,14,3,11,19
14,32,2026,1,3,16,6,0,25
14,36,2026,1,3,17,5,0,30
14,41,2026,1,3,12,33,19,44
14,45,2026,1,3,4,17,7,54
14,52,2026,1,3,21,6,17,43
15,0,2026,1,3,21,3,0,46
15,6,2026,1,3,4,15,0,61
15,11,2026,1,3,12,25,20,66
15,14,2026,1,3,17,4,13,57
15,21,2026,1,3,16,4,20,41
15,24,2026,1,3,14,4,19,26
15,32,2026,1,3,16,2,0,28
15,36,2026,1,3,17,2,3,27
15,41,2026,1,3,12,35,10,52
15,45,2026,1,3,4,22,8,66
15,52,2026,1,3,21,6,20,52
16,0,2026,1,3,21,2,0,54
16,6,2026,1,3,4,2,0,56
16,11,2026,1,3,12,26,17,65
16,14,2026,1,3,17,6,17,54
16,21,2026,1,3,16,6,18,42
16,24,2026,1,3,14,6,19,29
16,32,2026,1,3,16,4,0,33
16,36,2026,1,3,17,6,4,35
16,41,2026,1,3,12,8,15,28
16,45,2026,1,3,4,6,7,27
16,52,2026,1,3,21,2,14,15
17,0,2026,1,3,21,2,0,17
17,6,2026,1,3,4,5,0,22
17,11,2026,1,3,12,14,12,24
17,14,2026,1,3,17,2,3,23
17,21,2026,1,3,16,5,7,21
17,24,2026,1,3,14,6,10,17
17,32,2026,1,3,16,5,0,22
17,36,2026,1,3,17,3,1,24
17,41,2026,1,3,12,11,14,21
17,45,2026,1,3,4,2,5,18
17,52,2026,1,3,21,2,9,11
18,0,2026,1,3,21,2,0,13
18,6,2026,1,3,4,5,0,18
18,11,2026,1,3,12,20,9,29
18,14,2026,1,3,17,6,6,29
18,21,2026,1,3,16,4,5,28
18,24,2026,1,3,14,3,9,22
18,32,2026,1,3,16,5,0,27
18,36,2026,1,3,17,6,4,29
18,41,2026,1,3,12,27,14,42
18,45,2026,1,3,4,4,12,34
18,52,2026,1,3,21,6,14,26
19,0,2026,1,3,21,3,0,29
19,6,2026,1,3,4,5,0,34
19,11,2026,1,3,12,28,9,53
19,14,2026,1,3,17,2,10,45
19,21,2026,1,3,16,3,14,34
19,24,2026,1,3,14,6,17,23
19,32,2026,1,3,16,2,1,24
19,36,2026,1,3,17,6,0,30
19,41,2026,1,3,12,21,12,39
19,45,2026,1,3,4,5,5,39
19,52,2026,1,3,21,6,16,29
20,0,2026,1,3,21,5,0,34
20,6,2026,1,3,4,5,0,39
20,11,2026,1,3,12,35,14,60
20,14,2026,1,3,17,6,17,49
20,21,2026,1,3,16,3,14,38
20,24,2026,1,3,14,6,19,25
20,32,2026,1,3,16,2,0,27
20,36,2026,1,3,17,2,0,29
20,41,2026,1,3,12,35,14,50
20,45,2026,1,3,4,6,19,37
20,52,2026,1,3,21,4,13,28
21,0,2026,1,3,21,5,0,33
21,6,2026,1,3,4,2,0,35
21,11,2026,1,3,12,23,11,47
21,14,2026,1,3,17,3,10,40
21,21,2026,1,3,16,2,15,27
21,24,2026,1,3,14,5,11,21
21,32,2026,1,3,16,2,0,23
21,36,2026,1,3,17,6,0,29
21,41,2026,1,3,12,26,14,41
21,45,2026,1,3,4,2,6,37
21,52,2026,1,3,21,5,16,26
22,0,2026,1,3,21,2,0,28
22,6,2026,1,3,4,4,0,32
22,11,2026,1,3,12,10,6,36
22,14,2026,1,3,17,5,13,28
22,21,2026,1,3,16,6,9,25
22,24,2026,1,3,14,6,10,21
22,32,2026,1,3,16,6,1,26
22,36,2026,1,3,17,3,2,27
22,41,2026,1,3,12,29,18,38
22,45,2026,1,3,4,3,8,33
22,52,2026,1,3,21,2,13,22
23,0,2026,1,3,21,2,0,24
23,6,2026,1,3,4,3,1,26
23,11,2026,1,3,12,11,6,31
23,14,2026,1,3,17,2,8,25
23,21,2026,1,3,16,4,11,18
23,24,2026,1,3,14,6,7,17
23,32,2026,1,3,16,2,0,19
23,36,2026,1,3,17,3,0,22
23,41,2026,1,3,12,29,14,37
23,45,2026,1,3,4,3,20,20
23,52,2026,1,3,21,0,20,0
6,0,2026,1,4,21,3,0,3
6,6,2026,1,4,4,5,0,8
6,11,2026,1,4,12,20,5,23
6,14,2026,1,4,17,14,4,33
6,21,2026,1,4,16,7,8,32
6,24,2026,1,4,14,5,7,30
6,32,2026,1,4,16,14,0,44
6,36,2026,1,4,17,13,4,53
6,41,2026,1,4,12,12,20,45
6,45,2026,1,4,4,6,16,35
6,52,2026,1,4,21,4,15,24
7,0,2026,1,4,21,5,0,29
7,6,2026,1,4,4,1,6,24
7,11,2026,1,4,12,22,4,42
7,14,2026,1,4,17,13,8,47
7,21,2026,1,4,16,16,9,54
7,24,2026,1,4,14,21,15,60
7,32,2026,1,4,16,8,3,65
7,36,2026,1,4,17,12,11,66
7,41,2026,1,4,12,20,20,66
7,45,2026,1,4,4,2,20,48
7,52,2026,1,4,21,5,20,33
8,0,2026,1,4,21,2,0,35
8,6,2026,1,4,4,4,3,36
8,11,2026,1,4,12,34,6,64
8,14,2026,1,4,17,11,11,64
8,21,2026,1,4,16,14,14,64
8,24,2026,1,4,14,6,18,52
8,32,2026,1,4,16,15,2,65
8,36,2026,1,4,17,4,3,66
8,41,2026,1,4,12,20,20,66
8,45,2026,1,4,4,5,20,51
8,52,2026,1,4,21,3,20,34
9,0,2026,1,4,21,6,0,40
9,6,2026,1,4,4,4,2,42
9,11,2026,1,4,12,21,14,49
9,14,2026,1,4,17,2,9,42
9,21,2026,1,4,16,3,7,38
9,24,2026,1,4,14,3,17,24
9,32,2026,1,4,16,3,0,27
9,36,2026,1,4,17,3,0,30
9,41,2026,1,4,12,22,7,45
9,45,2026,1,4,4,3,20,28
9,52,2026,1,4,21,5,7,26
10,0,2026,1,4,21,5,0,31
10,6,2026,1,4,4,4,1,34
10,11,2026,1,4,12,15,14,35
10,14,2026,1,4,17,5,14,26
10,21,2026,1,4,16,6,9,23
10,24,2026,1,4,14,5,9,19
10,32,2026,1,4,16,5,0,24
10,36,2026,1,4,17,5,4,25
10,41,2026,1,4,12,28,13,40
10,45,2026,1,4,4,3,10,33
10,52,2026,1,4,21,3,13,23
11,0,2026,1,4,21,6,0,29
11,6,2026,1,4,4,3,0,32
11,11,2026,1,4,12,36,13,55
11,14,2026,1,4,17,4,11,48
11,21,2026,1,4,16,3,15,36
11,24,2026,1,4,14,6,18,24
11,32,2026,1,4,16,3,0,27
11,36,2026,1,4,17,5,3,29
11,41,2026,1,4,12,29,12,46
11,45,2026,1,4,4,2,17,31
11,52,2026,1,4,21,2,10,23
12,0,2026,1,4,21,3,0,26
12,6,2026,1,4,4,3,0,29
12,11,2026,1,4,12,15,7,37
12,14,2026,1,4,17,6,10,33
12,21,2026,1,4,16,6,17,22
12,24,2026,1,4,14,3,8,17
12,32,2026,1,4,16,4,0,21
12,36,2026,1,4,17,5,3,23
12,41,2026,1,4,12,12,15,20
12,45,2026,1,4,4,2,9,13
12,52,2026,1,4,21,5,7,11
13,0,2026,1,4,21,4,0,15
13,6,2026,1,4,4,9,1,23
13,11,2026,1,4,12,9,14,18
13,14,2026,1,4,17,2,3,17
13,21,2026,1,4,16,5,2,20
13,24,2026,1,4,14,6,11,15
13,32,2026,1,4,16,6,0,21
13,36,2026,1,4,17,2,3,20
13,41,2026,1,4,12,16,10,26
13,45,2026,1,4,4,18,6,38
13,52,2026,1,4,21,5,10,33
14,0,2026,1,4,21,3,0,36
14,6,2026,1,4,4,17,0,53
14,11,2026,1,4,12,30,20,63
14,14,2026,1,4,17,4,20,47
14,21,2026,1,4,16,2,10,39
14,24,2026,1,4,14,5,17,27
14,32,2026,1,4,16,2,3,26
14,36,2026,1,4,17,5,1,30
14,41,2026,1,4,12,14,8,36
14,45,2026,1,4,4,30,8,58
14,52,2026,1,4,21,4,20,42
15,0,2026,1,4,21,6,0,48
15,6,2026,1,4,4,14,0,62
15,11,2026,1,4,12,12,20,54
15,14,2026,1,4,17,3,11,46
15,21,2026,1,4,16,5,19,32
15,24,2026,1,4,14,2,15,19
15,32,2026,1,4,16,6,0,25
15,36,2026,1,4,17,3,0,28
15,41,2026,1,4,12,11,14,25
15,45,2026,1,4,4,13,3,35
15,52,2026,1,4,21,6,17,24
16,0,2026,1,4,21,3,0,27
16,6,2026,1,4,4,5,1,31
16,11,2026,1,4,12,25,14,42
16,14,2026,1,4,17,2,5,39
16,21,2026,1,4,16,6,14,31
16,24,2026,1,4,14,6,14,23
16,32,2026,1,4,16,3,0,26
16,36,2026,1,4,17,6,2,30
16,41,2026,1,4,12,35,18,47
16,45,2026,1,4,4,6,15,38
16,52,2026,1,4,21,5,14,29
17,0,2026,1,4,21,2,0,31
17,6,2026,1,4,4,2,1,32
17,11,2026,1,4,12,11,11,32
17,14,2026,1,4,17,4,8,28
17,21,2026,1,4,16,3,13,18
17,24,2026,1,4,14,2,8,12
17,32,2026,1,4,16,5,0,17
17,36,2026,1,4,17,4,1,20
17,41,2026,1,4,12,18,9,29
17,45,2026,1,4,4,6,9,26
17,52,2026,1,4,21,3,4,25
18,0,2026,1,4,21,4,0,29
18,6,2026,1,4,4,2,0,31
18,11,2026,1,4,12,14,7,38
18,14,2026,1,4,17,3,12,29
18,21,2026,1,4,16,3,8,24
18,24,2026,1,4,14,2,13,13
18,32,2026,1,4,16,3,1,15
18,36,2026,1,4,17,6,1,20
18,41,2026,1,4,12,35,10,45
18,45,2026,1,4,4,5,13,37
18,52,2026,1,4,21,6,8,35
19,0,2026,1,4,21,5,0,40
19,6,2026,1,4,4,3,0,43
19,11,2026,1,4,12,29,10,62
19,14,2026,1,4,17,2,20,44
19,21,2026,1,4,16,2,15,31
19,24,2026,1,4,14,2,19,14
19,32,2026,1,4,16,6,0,20
19,36,2026,1,4,17,3,2,21
19,41,2026,1,4,12,32,10,43
19,45,2026,1,4,4,6,11,38
19,52,2026,1,4,21,6,11,33
20,0,2026,1,4,21,2,0,35
20,6,2026,1,4,4,6,0,41
20,11,2026,1,4,12,16,15,42
20,14,2026,1,4,17,4,13,33
20,21,2026,1,4,16,5,8,30
20,24,2026,1,4,14,5,18,17
20,32,2026,1,4,16,6,1,22
20,36,2026,1,4,17,4,1,25
20,41,2026,1,4,12,11,11,25
20,45,2026,1,4,4,6,4,27
20,52,2026,1,4,21,3,12,18
21,0,2026,1,4,21,3,0,21
21,6,2026,1,4,4,6,1,26
21,11,2026,1,4,12,34,8,52
21,14,2026,1,4,17,4,15,41
21,21,2026,1,4,16,5,11,35
21,24,2026,1,4,14,3,13,25
21,32,2026,1,4,16,6,1,30
21,36,2026,1,4,17,6,0,36
21,41,2026,1,4,12,31,14,53
21,45,2026,1,4,4,5,20,38
21,52,2026,1,4,21,2,14,26
22,0,2026,1,4,21,6,0,32
22,6,2026,1,4,4,6,1,37
22,11,2026,1,4,12,32,12,57
22,14,2026,1,4,17,3,12,48
22,21,2026,1,4,16,5,20,33
22,24,2026,1,4,14,5,14,24
22,32,2026,1,4,16,4,1,27
22,36,2026,1,4,17,2,0,29
22,41,2026,1,4,12,19,12,36
22,45,2026,1,4,4,3,8,31
22,52,2026,1,4,21,3,15,19
23,0,2026,1,4,21,3,0,22
23,6,2026,1,4,4,3,3,22
23,11,2026,1,4,12,11,6,27
23,14,2026,1,4,17,5,6,26
23,21,2026,1,4,16,5,9,22
23,24,2026,1,4,14,6,12,16
23,32,2026,1,4,16,6,0,22
23,36,2026,1,4,17,4,0,26
23,41,2026,1,4,12,14,19,21
23,45,2026,1,4,4,3,11,13
23,52,2026,1,4,21,0,13,0
6,0,2026,1,5,21,4,0,4
6,6,2026,1,5,4,3,0,7
6,11,2026,1,5,12,14,7,14
6,14,2026,1,5,17,17,1,30
6,21,2026,1,5,16,18,4,44
6,24,2026,1,5,14,7,6,45
6,32,2026,1,5,16,13,2,56
6,36,2026,1,5,17,8,10,54
6,41,2026,1,5,12,19,20,53
6,45,2026,1,5,4,5,20,38
6,52,2026,1,5,21,5,10,33
7,0,2026,1,5,21,2,0,35
7,6,2026,1,5,4,1,4,32
7,11,2026,1,5,12,8,4,36
7,14,2026,1,5,17,5,5,36
7,21,2026,1,5,16,12,10,38
7,24,2026,1,5,14,8,18,28
7,32,2026,1,5,16,17,0,45
7,36,2026,1,5,17,5,1,49
7,41,2026,1,5,12,29,20,58
7,45,2026,1,5,4,3,20,41
7,52,2026,1,5,21,5,8,38
8,0,2026,1,5,21,2,0,40
8,6,2026,1,5,4,5,3,42
8,11,2026,1,5,12,8,8,42
8,14,2026,1,5,17,17,16,43
8,21,2026,1,5,16,5,10,38
8,24,2026,1,5,14,7,10,35
8,32,2026,1,5,16,20,0,55
8,36,2026,1,5,17,11,4,62
8,41,2026,1,5,12,24,20,66
8,45,2026,1,5,4,3,20,49
8,52,2026,1,5,21,3,15,37
9,0,2026,1,5,21,3,0,40
9,6,2026,1,5,4,1,0,41
9,11,2026,1,5,12,31,6,66
9,14,2026,1,5,17,6,13,59
9,21,2026,1,5,16,5,9,55
9,24,2026,1,5,14,2,20,37
9,32,2026,1,5,16,3,0,40
9,36,2026,1,5,17,5,2,43
9,41,2026,1,5,12,28,14,57
9,45,2026,1,5,4,4,20,41
9,52,2026,1,5,21,3,15,29
10,0,2026,1,5,21,2,0,31
10,6,2026,1,5,4,4,0,35
10,11,2026,1,5,12,12,8,39
10,14,2026,1,5,17,5,10,34
10,21,2026,1,5,16,2,15,21
10,24,2026,1,5,14,3,10,14
10,32,2026,1,5,16,2,0,16
10,36,2026,1,5,17,4,1,19
10,41,2026,1,5,12,22,11,30
10,45,2026,1,5,4,3,8,25
10,52,2026,1,5,21,6,10,21
11,0,2026,1,5,21,2,0,23
11,6,2026,1,5,4,3,1,25
11,11,2026,1,5,12,21,9,37
11,14,2026,1,5,17,2,7,32
11,21,2026,1,5,16,5,12,25
11,24,2026,1,5,14,2,11,16
11,32,2026,1,5,16,4,1,19
11,36,2026,1,5,17,6,1,24
11,41,2026,1,5,12,29,14,39
11,45,2026,1,5,4,6,11,34
11,52,2026,1,5,21,6,14,26
12,0,2026,1,5,21,4,0,30
12,6,2026,1,5,4,5,0,35
12,11,2026,1,5,12,33,14,54
12,14,2026,1,5,17,4,10,48
12,21,2026,1,5,16,3,20,31
12,24,2026,1,5,14,6,13,24
12,32,2026,1,5,16,3,0,27
12,36,2026,1,5,17,5,1,31
12,41,2026,1,5,12,35,17,49
12,45,2026,1,5,4,2,18,33
12,52,2026,1,5,21,3,12,24
13,0,2026,1,5,21,5,0,29
13,6,2026,1,5,4,10,0,39
13,11,2026,1,5,12,32,13,58
13,14,2026,1,5,17,5,15,48
13,21,2026,1,5,16,3,9,42
13,24,2026,1,5,14,5,20,27
13,32,2026,1,5,16,6,0,33
13,36,2026,1,5,17,3,2,34
13,41,2026,1,5,12,35,15,54
13,45,2026,1,5,4,20,8,66
13,52,2026,1,5,21,4,20,50
14,0,2026,1,5,21,5,0,55
14,6,2026,1,5,4,12,1,66
14,11,2026,1,5,12,12,20,58
14,14,2026,1,5,17,2,12,48
14,21,2026,1,5,16,3,20,31
14,24,2026,1,5,14,4,19,16
14,32,2026,1,5,16,5,0,21
14,36,2026,1,5,17,4,1,24
14,41,2026,1,5,12,22,16,30
14,45,2026,1,5,4,32,7,55
14,52,2026,1,5,21,6,15,46
15,0,2026,1,5,21,2,0,48
15,6,2026,1,5,4,18,0,66
15,11,2026,1,5,12,16,20,62
15,14,2026,1,5,17,5,20,47
15,21,2026,1,5,16,4,14,37
15,24,2026,1,5,14,4,20,21
15,32,2026,1,5,16,4,0,25
15,36,2026,1,5,17,5,1,29
15,41,2026,1,5,12,33,15,47
15,45,2026,1,5,4,17,9,55
15,52,2026,1,5,21,4,14,45
16,0,2026,1,5,21,3,0,48
16,6,2026,1,5,4,5,0,53
16,11,2026,1,5,12,23,20,56
16,14,2026,1,5,17,3,15,44
16,21,2026,1,5,16,2,16,30
16,24,2026,1,5,14,5,14,21
16,32,2026,1,5,16,5,1,25
16,36,2026,1,5,17,6,4,27
16,41,2026,1,5,12,11,11,27
16,45,2026,1,5,4,6,10,23
16,52,2026,1,5,21,2,12,13
17,0,2026,1,5,21,4,0,17
17,6,2026,1,5,4,5,0,22
17,11,2026,1,5,12,16,6,32
17,14,2026,1,5,17,3,6,29
17,21,2026,1,5,16,3,7,25
17,24,2026,1,5,14,2,16,11
17,32,2026,1,5,16,6,0,17
17,36,2026,1,5,17,6,0,23
17,41,2026,1,5,12,28,13,38
17,45,2026,1,5,4,2,7,33
17,52,2026,1,5,21,2,11,24
18,0,2026,1,5,21,6,0,30
18,6,2026,1,5,4,3,2,31
18,11,2026,1,5,12,36,8,59
18,14,2026,1,5,17,6,15,50
18,21,2026,1,5,16,5,15,40
18,24,2026,1,5,14,6,17,29
18,32,2026,1,5,16,5,0,34
18,36,2026,1,5,17,5,1,38
18,41,2026,1,5,12,8,16,30
18,45,2026,1,5,4,5,8,27
18,52,2026,1,5,21,2,17,12
19,0,2026,1,5,21,2,0,14
19,6,2026,1,5,4,5,0,19
19,11,2026,1,5,12,22,12,29
19,14,2026,1,5,17,2,7,24
19,21,2026,1,5,16,5,9,20
19,24,2026,1,5,14,4,7,17
19,32,2026,1,5,16,2,1,18
19,36,2026,1,5,17,4,0,22
19,41,2026,1,5,12,14,15,21
19,45,2026,1,5,4,3,7,17
19,52,2026,1,5,21,3,9,11
20,0,2026,1,5,21,2,0,13
20,6,2026,1,5,4,5,0,18
20,11,2026,1,5,12,28,9,37
20,14,2026,1,5,17,6,5,38
20,21,2026,1,5,16,6,8,36
20,24,2026,1,5,14,5,14,27
20,32,2026,1,5,16,5,1,31
20,36,2026,1,5,17,6,1,36
20,41,2026,1,5,12,20,17,39
20,45,2026,1,5,4,4,8,35
20,52,2026,1,5,21,6,14,27
21,0,2026,1,5,21,4,0,31
21,6,2026,1,5,4,5,1,35
21,11,2026,1,5,12,21,12,44
21,14,2026,1,5,17,4,10,38
21,21,2026,1,5,16,5,7,36
21,24,2026,1,5,14,4,15,25
21,32,2026,1,5,16,2,0,27
21,36,2026,1,5,17,3,0,30
21,41,2026,1,5,12,18,14,34
21,45,2026,1,5,4,4,10,28
21,52,2026,1,5,21,5,10,23
22,0,2026,1,5,21,5,0,28
22,6,2026,1,5,4,4,0,32
22,11,2026,1,5,12,31,14,49
22,14,2026,1,5,17,5,9,45
22,21,2026,1,5,16,3,12,36
22,24,2026,1,5,14,4,16,24
22,32,2026,1,5,16,4,0,28
22,36,2026,1,5,17,3,1,30
22,41,2026,1,5,12,34,7,57
22,45,2026,1,5,4,2,18,41
22,52,2026,1,5,21,3,20,24
23,0,2026,1,5,21,2,0,26
23,6,2026,1,5,4,4,0,30
23,11,2026,1,5,12,25,8,47
23,14,2026,1,5,17,4,16,35
23,21,2026,1,5,16,4,8,31
23,24,2026,1,5,14,2,11,22
23,32,2026,1,5,16,6,0,28
23,36,2026,1,5,17,3,2,29
23,41,2026,1,5,12,23,15,37
23,45,2026,1,5,4,2,19,20
23,52,2026,1,5,21,0,20,0
6,0,2026,1,6,21,4,0,4
6,6,2026,1,6,4,2,0,6
6,11,2026,1,6,12,23,5,24
6,14,2026,1,6,17,12,6,30
6,21,2026,1,6,16,5,6,29
6,24,2026,1,6,14,9,5,33
6,32,2026,1,6,16,20,1,52
6,36,2026,1,6,17,21,7,66
6,41,2026,1,6,12,20,20,66
6,45,2026,1,6,4,3,20,49
6,52,2026,1,6,21,6,19,36
7,0,2026,1,6,21,3,0,39
7,6,2026,1,6,4,4,3,40
7,11,2026,1,6,12,10,8,42
7,14,2026,1,6,17,17,5,54
7,21,2026,1,6,16,18,14,58
7,24,2026,1,6,14,17,16,59
7,32,2026,1,6,16,12,5,66
7,36,2026,1,6,17,14,14,66
7,41,2026,1,6,12,15,20,61
7,45,2026,1,6,4,5,20,46
7,52,2026,1,6,21,4,18,32
8,0,2026,1,6,21,2,0,34
8,6,2026,1,6,4,3,2,35
8,11,2026,1,6,12,23,10,48
8,14,2026,1,6,17,8,7,49
8,21,2026,1,6,16,10,12,47
8,24,2026,1,6,14,11,14,44
8,32,2026,1,6,16,17,2,59
8,36,2026,1,6,17,7,4,62
8,41,2026,1,6,12,24,20,66
8,45,2026,1,6,4,4,20,50
8,52,2026,1,6,21,6,17,39
9,0,2026,1,6,21,5,0,44
9,6,2026,1,6,4,3,6,41
9,11,2026,1,6,12,13,8,46
9,14,2026,1,6,17,6,5,47
9,21,2026,1,6,16,6,14,39
9,24,2026,1,6,14,4,16,27
9,32,2026,1,6,16,5,1,31
9,36,2026,1,6,17,6,2,35
9,41,2026,1,6,12,14,16,33
9,45,2026,1,6,4,5,20,18
9,52,2026,1,6,21,2,1,19
10,0,2026,1,6,21,5,0,24
10,6,2026,1,6,4,4,1,27
10,11,2026,1,6,12,34,10,51
10,14,2026,1,6,17,4,11,44
10,21,2026,1,6,16,2,12,34
10,24,2026,1,6,14,3,16,21
10,32,2026,1,6,16,3,0,24
10,36,2026,1,6,17,3,0,27
10,41,2026,1,6,12,17,13,31
10,45,2026,1,6,4,5,8,28
10,52,2026,1,6,21,2,13,17
11,0,2026,1,6,21,4,0,21
11,6,2026,1,6,4,5,0,26
11,11,2026,1,6,12,21,10,37
11,14,2026,1,6,17,5,6,36
11,21,2026,1,6,16,3,9,30
11,24,2026,1,6,14,6,14,22
11,32,2026,1,6,16,2,1,23
11,36,2026,1,6,17,4,0,27
11,41,2026,1,6,12,19,11,35
11,45,2026,1,6,4,3,8,30
11,52,2026,1,6,21,3,9,24
12,0,2026,1,6,21,2,0,26
12,6,2026,1,6,4,2,0,28
12,11,2026,1,6,12,26,6,48
12,14,2026,1,6,17,3,10,41
12,21,2026,1,6,16,5,12,34
12,24,2026,1,6,14,6,17,23
12,32,2026,1,6,16,5,0,28
12,36,2026,1,6,17,5,1,32
12,41,2026,1,6,12,12,14,30
12,45,2026,1,6,4,6,9,27
12,52,2026,1,6,21,2,13,16
13,0,2026,1,6,21,4,0,20
13,6,2026,1,6,4,15,0,35
13,11,2026,1,6,12,36,19,52
13,14,2026,1,6,17,5,13,44
13,21,2026,1,6,16,3,14,33
13,24,2026,1,6,14,5,14,24
13,32,2026,1,6,16,6,1,29
13,36,2026,1,6,17,2,1,30
13,41,2026,1,6,12,24,13,41
13,45,2026,1,6,4,29,6,64
13,52,2026,1,6,21,2,20,46
14,0,2026,1,6,21,2,0,48
14,6,2026,1,6,4,19,1,66
14,11,2026,1,6,12,17,20,63
14,14,2026,1,6,17,4,19,48
14,21,2026,1,6,16,4,16,36
14,24,2026,1,6,14,4,18,22
14,32,2026,1,6,16,3,0,25
14,36,2026,1,6,17,5,2,28
14,41,2026,1,6,12,16,15,29
14,45,2026,1,6,4,23,7,45
14,52,2026,1,6,21,3,11,37
15,0,2026,1,6,21,5,0,42
15,6,2026,1,6,4,14,1,55
15,11,2026,1,6,12,29,20,64
15,14,2026,1,6,17,5,14,55
15,21,2026,1,6,16,5,20,40
15,24,2026,1,6,14,5,20,25
15,32,2026,1,6,16,2,1,26
15,36,2026,1,6,17,4,1,29
15,41,2026,1,6,12,8,13,24
15,45,2026,1,6,4,8,9,23
15,52,2026,1,6,21,5,12,16
16,0,2026,1,6,21,5,0,21
16,6,2026,1,6,4,6,1,26
16,11,2026,1,6,12,25,14,37
16,14,2026,1,6,17,3,10,30
16,21,2026,1,6,16,6,6,30
16,24,2026,1,6,14,2,14,18
16,32,2026,1,6,16,5,0,23
16,36,2026,1,6,17,4,6,21
16,41,2026,1,6,12,30,13,38
16,45,2026,1,6,4,3,9,32
16,52,2026,1,6,21,2,8,26
17,0,2026,1,6,21,4,0,30
17,6,2026,1,6,4,4,1,33
17,11,2026,1,6,12,16,8,41
17,14,2026,1,6,17,2,15,28
17,21,2026,1,6,16,4,8,24
17,24,2026,1,6,14,3,15,12
17,32,2026,1,6,16,3,0,15
17,36,2026,1,6,17,2,1,16
17,41,2026,1,6,12,31,9,38
17,45,2026,1,6,4,3,15,26
17,52,2026,1,6,21,2,9,19
18,0,2026,1,6,21,4,0,23
18,6,2026,1,6,4,4,0,27
18,11,2026,1,6,12,32,7,52
18,14,2026,1,6,17,4,14,42
18,21,2026,1,6,16,2,10,34
18,24,2026,1,6,14,4,14,24
18,32,2026,1,6,16,5,1,28
18,36,2026,1,6,17,5,1,32
18,41,2026,1,6,12,36,9,59
18,45,2026,1,6,4,4,19,44
18,52,2026,1,6,21,4,17,31
19,0,2026,1,6,21,4,0,35
19,6,2026,1,6,4,5,2,38
19,11,2026,1,6,12,31,8,61
19,14,2026,1,6,17,6,20,47
19,21,2026,1,6,16,4,19,32
19,24,2026,1,6,14,2,16,18
19,32,2026,1,6,16,6,0,24
19,36,2026,1,6,17,4,0,28
19,41,2026,1,6,12,34,13,49
19,45,2026,1,6,4,5,10,44
19,52,2026,1,6,21,4,17,31
20,0,2026,1,6,21,6,0,37
20,6,2026,1,6,4,5,0,42
20,11,2026,1,6,12,22,18,46
20,14,2026,1,6,17,6,12,40
20,21,2026,1,6,16,2,14,28
20,24,2026,1,6,14,6,17,17
20,32,2026,1,6,16,3,0,20
20,36,2026,1,6,17,4,1,23
20,41,2026,1,6,12,35,14,44
20,45,2026,1,6,4,6,8,42
20,52,2026,1,6,21,4,16,30
21,0,2026,1,6,21,4,0,34
21,6,2026,1,6,4,6,0,40
21,11,2026,1,6,12,17,12,45
21,14,2026,1,6,17,2,10,37
21,21,2026,1,6,16,6,13,30
21,24,2026,1,6,14,6,15,21
21,32,2026,1,6,16,4,2,23
21,36,2026,1,6,17,3,2,24
21,41,2026,1,6,12,18,12,30
21,45,2026,1,6,4,4,13,21
21,52,2026,1,6,21,4,5,20
22,0,2026,1,6,21,5,0,25
22,6,2026,1,6,4,4,0,29
22,11,2026,1,6,12,10,14,25
22,14,2026,1,6,17,6,9,22
22,21,2026,1,6,16,6,8,20
22,24,2026,1,6,14,2,5,17
22,32,2026,1,6,16,5,0,22
22,36,2026,1,6,17,6,1,27
22,41,2026,1,6,12,26,17,36
22,45,2026,1,6,4,3,4,35
22,52,2026,1,6,21,2,15,22
23,0,2026,1,6,21,2,0,24
23,6,2026,1,6,4,4,0,28
23,11,2026,1,6,12,16,8,36
23,14,2026,1,6,17,5,4,37
23,21,2026,1,6,16,5,13,29
23,24,2026,1,6,14,5,14,20
23,32,2026,1,6,16,6,0,26
23,36,2026,1,6,17,6,0,32
23,41,2026,1,6,12,28,20,40
23,45,2026,1,6,4,0,20,20
23,52,2026,1,6,21,0,20,0
6,0,2026,1,7,21,2,0,2
6,6,2026,1,7,4,6,0,8
6,11,2026,1,7,12,36,4,40
6,14,2026,1,7,17,11,9,42
6,21,2026,1,7,16,5,7,40
6,24,2026,1,7,14,16,14,42
6,32,2026,1,7,16,15,2,55
6,36,2026,1,7,17,15,4,66
6,41,2026,1,7,12,8,20,54
6,45,2026,1,7,4,6,19,41
6,52,2026,1,7,21,2,18,25
7,0,2026,1,7,21,2,0,27
7,6,2026,1,7,4,2,2,27
7,11,2026,1,7,12,17,5,39
7,14,2026,1,7,17,21,3,57
7,21,2026,1,7,16,18,9,66
7,24,2026,1,7,14,19,20,65
7,32,2026,1,7,16,9,8,66
7,36,2026,1,7,17,6,6,66
7,41,2026,1,7,12,11,20,57
7,45,2026,1,7,4,3,20,40
7,52,2026,1,7,21,5,20,25
8,0,2026,1,7,21,2,0,27
8,6,2026,1,7,4,5,2,30
8,11,2026,1,7,12,10,8,32
8,14,2026,1,7,17,20,6,46
8,21,2026,1,7,16,5,7,44
8,24,2026,1,7,14,12,11,45
8,32,2026,1,7,16,8,2,51
8,36,2026,1,7,17,10,3,58
8,41,2026,1,7,12,28,20,66
8,45,2026,1,7,4,4,20,50
8,52,2026,1,7,21,4,15,39
9,0,2026,1,7,21,2,0,41
9,6,2026,1,7,4,5,2,44
9,11,2026,1,7,12,15,8,51
9,14,2026,1,7,17,5,7,49
9,21,2026,1,7,16,3,13,39
9,24,2026,1,7,14,2,20,21
9,32,2026,1,7,16,3,1,23
9,36,2026,1,7,17,6,0,29
9,41,2026,1,7,12,17,10,36
9,45,2026,1,7,4,2,20,18
9,52,2026,1,7,21,3,7,14
10,0,2026,1,7,21,2,0,16
10,6,2026,1,7,4,3,1,18
10,11,2026,1,7,12,12,4,26
10,14,2026,1,7,17,6,5,27
10,21,2026,1,7,16,3,4,26
10,24,2026,1,7,14,2,12,16
10,32,2026,1,7,16,6,1,21
10,36,2026,1,7,17,2,1,22
10,41,2026,1,7,12,16,7,31
10,45,2026,1,7,4,4,6,29
10,52,2026,1,7,21,3,12,20
11,0,2026,1,7,21,5,0,25
11,6,2026,1,7,4,3,0,28
11,11,2026,1,7,12,26,13,41
11,14,2026,1,7,17,5,9,37
11,21,2026,1,7,16,6,9,34
11,24,2026,1,7,14,5,15,24
11,32,2026,1,7,16,5,0,29
11,36,2026,1,7,17,4,2,31
11,41,2026,1,7,12,11,18,24
11,45,2026,1,7,4,6,5,25
11,52,2026,1,7,21,2,12,15
12,0,2026,1,7,21,2,0,17
12,6,2026,1,7,4,6,0,23
12,11,2026,1,7,12,28,12,39
12,14,2026,1,7,17,4,9,34
12,21,2026,1,7,16,5,12,27
12,24,2026,1,7,14,3,11,19
12,32,2026,1,7,16,3,0,22
12,36,2026,1,7,17,2,1,23
12,41,2026,1,7,12,24,11,36
12,45,2026,1,7,4,4,7,33
12,52,2026,1,7,21,3,9,27
13,0,2026,1,7,21,4,0,31
13,6,2026,1,7,4,30,0,61
13,11,2026,1,7,12,15,20,56
13,14,2026,1,7,17,2,20,38
13,21,2026,1,7,16,3,10,31
13,24,2026,1,7,14,5,16,20
13,32,2026,1,7,16,2,0,22
13,36,2026,1,7,17,2,2,22
13,41,2026,1,7,12,20,7,35
13,45,2026,1,7,4,10,6,39
13,52,2026,1,7,21,3,18,24
14,0,2026,1,7,21,3,0,27
14,6,2026,1,7,4,25,0,52
14,11,2026,1,7,12,10,20,42
14,14,2026,1,7,17,6,8,40
14,21,2026,1,7,16,2,14,28
14,24,2026,1,7,14,3,14,17
14,32,2026,1,7,16,5,1,21
14,36,2026,1,7,17,2,1,22
14,41,2026,1,7,12,33,11,44
14,45,2026,1,7,4,15,7,52
14,52,2026,1,7,21,5,15,42
15,0,2026,1,7,21,6,0,48
15,6,2026,1,7,4,8,2,54
15,11,2026,1,7,12,32,20,66
15,14,2026,1,7,17,5,11,60
15,21,2026,1,7,16,5,20,45
15,24,2026,1,7,14,2,20,27
15,32,2026,1,7,16,6,0,33
15,36,2026,1,7,17,5,0,38
15,41,2026,1,7,12,10,18,30
15,45,2026,1,7,4,11,9,32
15,52,2026,1,7,21,6,15,23
16,0,2026,1,7,21,4,0,27
16,6,2026,1,7,4,5,1,31
16,11,2026,1,7,12,13,19,25
16,14,2026,1,7,17,2,5,22
16,21,2026,1,7,16,6,6,22
16,24,2026,1,7,14,5,9,18
16,32,2026,1,7,16,2,0,20
16,36,2026,1,7,17,5,0,25
16,41,2026,1,7,12,8,10,23
16,45,2026,1,7,4,2,9,16
16,52,2026,1,7,21,3,8,11
17,0,2026,1,7,21,3,0,14
17,6,2026,1,7,4,4,0,18
17,11,2026,1,7,12,11,9,20
17,14,2026,1,7,17,4,8,16
17,21,2026,1,7,16,3,1,18
17,24,2026,1,7,14,3,6,15
17,32,2026,1,7,16,4,1,18
17,36,2026,1,7,17,3,1,20
17,41,2026,1,7,12,31,12,39
17,45,2026,1,7,4,5,7,37
17,52,2026,1,7,21,3,11,29
18,0,2026,1,7,21,2,0,31
18,6,2026,1,7,4,6,0,37
18,11,2026,1,7,12,10,8,39
18,14,2026,1,7,17,5,8,36
18,21,2026,1,7,16,3,9,30
18,24,2026,1,7,14,5,16,19
18,32,2026,1,7,16,6,0,25
18,36,2026,1,7,17,2,2,25
18,41,2026,1,7,12,31,11,45
18,45,2026,1,7,4,6,9,42
18,52,2026,1,7,21,3,16,29
19,0,2026,1,7,21,6,0,35
19,6,2026,1,7,4,4,2,37
19,11,2026,1,7,12,12,10,39
19,14,2026,1,7,17,5,9,35
19,21,2026,1,7,16,3,15,23
19,24,2026,1,7,14,2,7,18
19,32,2026,1,7,16,2,0,20
19,36,2026,1,7,17,6,2,24
19,41,2026,1,7,12,35,13,46
19,45,2026,1,7,4,2,14,34
19,52,2026,1,7,21,2,9,27
20,0,2026,1,7,21,5,0,32
20,6,2026,1,7,4,5,0,37
20,11,2026,1,7,12,11,8,40
20,14,2026,1,7,17,4,11,33
20,21,2026,1,7,16,2,11,24
20,24,2026,1,7,14,5,16,13
20,32,2026,1,7,16,2,0,15
20,36,2026,1,7,17,4,0,19
20,41,2026,1,7,12,27,12,34
20,45,2026,1,7,4,6,8,32
20,52,2026,1,7,21,3,7,28
21,0,2026,1,7,21,6,0,34
21,6,2026,1,7,4,4,2,36
21,11,2026,1,7,12,33,11,58
21,14,2026,1,7,17,4,11,51
21,21,2026,1,7,16,5,19,37
21,24,2026,1,7,14,3,8,32
21,32,2026,1,7,16,3,0,35
21,36,2026,1,7,17,3,1,37
21,41,2026,1,7,12,35,12,60
21,45,2026,1,7,4,2,17,45
21,52,2026,1,7,21,6,17,34
22,0,2026,1,7,21,6,0,40
22,6,2026,1,7,4,4,1,43
22,11,2026,1,7,12,12,11,44
22,14,2026,1,7,17,5,9,40
22,21,2026,1,7,16,2,16,26
22,24,2026,1,7,14,4,16,14
22,32,2026,1,7,16,4,1,17
22,36,2026,1,7,17,5,0,22
22,41,2026,1,7,12,32,10,44
22,45,2026,1,7,4,4,7,41
22,52,2026,1,7,21,3,13,31
23,0,2026,1,7,21,6,0,37
23,6,2026,1,7,4,4,0,41
23,11,2026,1,7,12,18,11,48
23,14,2026,1,7,17,5,8,45
23,21,2026,1,7,16,2,16,31
23,24,2026,1,7,14,5,18,18
23,32,2026,1,7,16,6,1,23
23,36,2026,1,7,17,2,1,24
23,41,2026,1,7,12,21,17,28
23,45,2026,1,7,4,5,13,20
23,52,2026,1,7,21,0,20,0
6,0,2026,1,8,21,6,0,6
6,6,2026,1,8,4,6,0,12
6,11,2026,1,8,12,15,9,18
6,14,2026,1,8,17,20,6,32
6,21,2026,1,8,16,13,7,38
6,24,2026,1,8,14,5,3,40
6,32,2026,1,8,16,13,1,52
6,36,2026,1,8,17,14,6,60
6,41,2026,1,8,12,22,20,62
6,45,2026,1,8,4,5,20,47
6,52,2026,1,8,21,4,15,36
7,0,2026,1,8,21,6,0,42
7,6,2026,1,8,4,5,2,45
7,11,2026,1,8,12,10,11,44
7,14,2026,1,8,17,21,7,58
7,21,2026,1,8,16,17,16,59
7,24,2026,1,8,14,21,18,62
7,32,2026,1,8,16,10,6,66
7,36,2026,1,8,17,12,12,66
7,41,2026,1,8,12,20,20,66
7,45,2026,1,8,4,2,20,48
7,52,2026,1,8,21,6,18,36
8,0,2026,1,8,21,6,0,42
8,6,2026,1,8,4,4,4,42
8,11,2026,1,8,12,20,8,54
8,14,2026,1,8,17,9,10,53
8,21,2026,1,8,16,15,16,52
8,24,2026,1,8,14,10,19,43
8,32,2026,1,8,16,8,1,50
8,36,2026,1,8,17,7,2,55
8,41,2026,1,8,12,28,20,63
8,45,2026,1,8,4,1,20,44
8,52,2026,1,8,21,6,8,42
9,0,2026,1,8,21,3,0,45
9,6,2026,1,8,4,3,4,44
9,11,2026,1,8,12,22,5,61
9,14,2026,1,8,17,3,10,54
9,21,2026,1,8,16,3,14,43
9,24,2026,1,8,14,6,20,29
9,32,2026,1,8,16,2,2,29
9,36,2026,1,8,17,5,0,34
9,41,2026,1,8,12,22,12,44
9,45,2026,1,8,4,5,20,29
9,52,2026,1,8,21,3,8,24
10,0,2026,1,8,21,4,0,28
10,6,2026,1,8,4,4,0,32
10,11,2026,1,8,12,18,12,38
10,14,2026,1,8,17,3,8,33
10,21,2026,1,8,16,4,11,26
10,24,2026,1,8,14,3,13,16
10,32,2026,1,8,16,4,0,20
10,36,2026,1,8,17,3,2,21
10,41,2026,1,8,12,35,10,46
10,45,2026,1,8,4,2,9,39
10,52,2026,1,8,21,4,17,26
11,0,2026,1,8,21,2,0,28
11,6,2026,1,8,4,3,1,30
11,11,2026,1,8,12,20,8,42
11,14,2026,1,8,17,4,14,32
11,21,2026,1,8,16,5,17,20
11,24,2026,1,8,14,3,7,16
11,32,2026,1,8,16,3,0,19
11,36,2026,1,8,17,4,2,21
11,41,2026,1,8,12,27,11,37
11,45,2026,1,8,4,4,7,34
11,52,2026,1,8,21,4,15,23
12,0,2026,1,8,21,3,0,26
12,6,2026,1,8,4,2,1,27
12,11,2026,1,8,12,23,11,39
12,14,2026,1,8,17,4,7,36
12,21,2026,1,8,16,4,11,29
12,24,2026,1,8,14,3,12,20
12,32,2026,1,8,16,6,0,26
12,36,2026,1,8,17,6,0,32
12,41,2026,1,8,12,11,20,23
12,45,2026,1,8,4,4,8,19
12,52,2026,1,8,21,6,9,16
13,0,2026,1,8,21,4,0,20
13,6,2026,1,8,4,10,0,30
13,11,2026,1,8,12,20,15,35
13,14,2026,1,8,17,2,12,25
13,21,2026,1,8,16,2,5,22
13,24,2026,1,8,14,4,9,17
13,32,2026,1,8,16,5,0,22
13,36,2026,1,8,17,5,1,26
13,41,2026,1,8,12,17,14,29
13,45,2026,1,8,4,25,6,48
13,52,2026,1,8,21,5,14,39
14,0,2026,1,8,21,3,0,42
14,6,2026,1,8,4,20,1,61
14,11,2026,1,8,12,18,20,59
14,14,2026,1,8,17,5,18,46
14,21,2026,1,8,16,5,18,33
14,24,2026,1,8,14,2,11,24
14,32,2026,1,8,16,3,0,27
14,36,2026,1,8,17,6,1,32
14,41,2026,1,8,12,15,12,35
14,45,2026,1,8,4,8,6,37
14,52,2026,1,8,21,3,18,22
15,0,2026,1,8,21,5,0,27
15,6,2026,1,8,4,19,1,45
15,11,2026,1,8,12,25,20,50
15,14,2026,1,8,17,5,15,40
15,21,2026,1,8,16,6,17,29
15,24,2026,1,8,14,2,13,18
15,32,2026,1,8,16,6,0,24
15,36,2026,1,8,17,2,1,25
15,41,2026,1,8,12,22,13,34
15,45,2026,1,8,4,7,8,33
15,52,2026,1,8,21,3,8,28
16,0,2026,1,8,21,4,0,32
16,6,2026,1,8,4,5,0,37
16,11,2026,1,8,12,9,10,36
16,14,2026,1,8,17,3,5,34
16,21,2026,1,8,16,5,18,21
16,24,2026,1,8,14,5,12,14
16,32,2026,1,8,16,5,1,18
16,36,2026,1,8,17,4,2,20
16,41,2026,1,8,12,14,14,20
16,45,2026,1,8,4,2,1,21
16,52,2026,1,8,21,3,5,19
17,0,2026,1,8,21,2,0,21
17,6,2026,1,8,4,6,0,27
17,11,2026,1,8,12,28,9,46
17,14,2026,1,8,17,3,9,40
17,21,2026,1,8,16,3,13,30
17,24,2026,1,8,14,4,16,18
17,32,2026,1,8,16,6,0,24
17,36,2026,1,8,17,4,0,28
17,41,2026,1,8,12,36,14,50
17,45,2026,1,8,4,4,14,40
17,52,2026,1,8,21,4,13,31
18,0,2026,1,8,21,4,0,35
18,6,2026,1,8,4,3,1,37
18,11,2026,1,8,12,11,9,39
18,14,2026,1,8,17,4,10,33
18,21,2026,1,8,16,3,13,23
18,24,2026,1,8,14,2,17,8
18,32,2026,1,8,16,4,1,11
18,36,2026,1,8,17,6,1,16
18,41,2026,1,8,12,22,12,26
18,45,2026,1,8,4,6,2,30
18,52,2026,1,8,21,6,8,28
19,0,2026,1,8,21,6,0,34
19,6,2026,1,8,4,6,1,39
19,11,2026,1,8,12,34,17,56
19,14,2026,1,8,17,5,16,45
19,21,2026,1,8,16,6,18,33
19,24,2026,1,8,14,6,11,28
19,32,2026,1,8,16,4,1,31
19,36,2026,1,8,17,3,2,32
19,41,2026,1,8,12,9,19,22
19,45,2026,1,8,4,6,6,22
19,52,2026,1,8,21,3,12,13
20,0,2026,1,8,21,5,0,18
20,6,2026,1,8,4,5,1,22
20,11,2026,1,8,12,27,12,37
20,14,2026,1,8,17,2,12,27
20,21,2026,1,8,16,2,8,21
20,24,2026,1,8,14,5,11,15
20,32,2026,1,8,16,6,0,21
20,36,2026,1,8,17,6,2,25
20,41,2026,1,8,12,24,11,38
20,45,2026,1,8,4,2,8,32
20,52,2026,1,8,21,5,15,22
21,0,2026,1,8,21,4,0,26
21,6,2026,1,8,4,2,2,26
21,11,2026,1,8,12,13,8,31
21,14,2026,1,8,17,5,6,30
21,21,2026,1,8,16,2,10,22
21,24,2026,1,8,14,4,11,15
21,32,2026,1,8,16,4,0,19
21,36,2026,1,8,17,5,0,24
21,41,2026,1,8,12,20,13,31
21,45,2026,1,8,4,5,4,32
21,52,2026,1,8,21,4,11,25
22,0,2026,1,8,21,3,0,28
22,6,2026,1,8,4,4,2,30
22,11,2026,1,8,12,16,8,38
22,14,2026,1,8,17,2,9,31
22,21,2026,1,8,16,2,10,23
22,24,2026,1,8,14,5,14,14
22,32,2026,1,8,16,3,1,16
22,36,2026,1,8,17,6,0,22
22,41,2026,1,8,12,24,14,32
22,45,2026,1,8,4,3,7,28
22,52,2026,1,8,21,3,10,21
23,0,2026,1,8,21,2,0,23
23,6,2026,1,8,4,4,0,27
23,11,2026,1,8,12,16,7,36
23,14,2026,1,8,17,2,10,28
23,21,2026,1,8,16,6,10,24
23,24,2026,1,8,14,6,8,22
23,32,2026,1,8,16,3,0,25
23,36,2026,1,8,17,4,1,28
23,41,2026,1,8,12,29,17,40
23,45,2026,1,8,4,0,20,20
23,52,2026,1,8,21,0,20,0
6,0,2026,1,9,21,4,0,4
6,6,2026,1,9,4,3,0,7
6,11,2026,1,9,12,23,5,25
6,14,2026,1,9,17,13,4,34
6,21,2026,1,9,16,16,4,46
6,24,2026,1,9,14,22,13,55
6,32,2026,1,9,16,13,3,65
6,36,2026,1,9,17,10,9,66
6,41,2026,1,9,12,19,20,65
6,45,2026,1,9,4,6,20,51
6,52,2026,1,9,21,4,20,35
7,0,2026,1,9,21,5,0,40
7,6,2026,1,9,4,3,5,38
7,11,2026,1,9,12,25,7,56
7,14,2026,1,9,17,17,13,60
7,21,2026,1,9,16,8,12,56
7,24,2026,1,9,14,13,18,51
7,32,2026,1,9,16,13,2,62
7,36,2026,1,9,17,7,9,60
7,41,2026,1,9,12,21,20,61
7,45,2026,1,9,4,4,20,45
7,52,2026,1,9,21,5,13,37
8,0,2026,1,9,21,4,0,41
8,6,2026,1,9,4,4,6,39
8,11,2026,1,9,12,34,7,66
8,14,2026,1,9,17,7,7,66
8,21,2026,1,9,16,7,18,55
8,24,2026,1,9,14,5,20,40
8,32,2026,1,9,16,11,0,51
8,36,2026,1,9,17,19,4,66
8,41,2026,1,9,12,15,20,61
8,45,2026,1,9,4,4,20,45
8,52,2026,1,9,21,2,12,35
9,0,2026,1,9,21,3,0,38
9,6,2026,1,9,4,2,2,38
9,11,2026,1,9,12,20,4,54
9,14,2026,1,9,17,4,5,53
9,21,2026,1,9,16,6,18,41
9,24,2026,1,9,14,4,17,28
9,32,2026,1,9,16,6,0,34
9,36,2026,1,9,17,5,1,38
9,41,2026,1,9,12,21,10,49
9,45,2026,1,9,4,1,20,30
9,52,2026,1,9,21,6,14,22
10,0,2026,1,9,21,4,0,26
10,6,2026,1,9,4,5,0,31
10,11,2026,1,9,12,10,10,31
10,14,2026,1,9,17,3,7,27
10,21,2026,1,9,16,6,8,25
10,24,2026,1,9,14,4,14,15
10,32,2026,1,9,16,2,0,17
10,36,2026,1,9,17,5,0,22
10,41,2026,1,9,12,19,12,29
10,45,2026,1,9,4,2,7,24
10,52,2026,1,9,21,2,6,20
11,0,2026,1,9,21,6,0,26
11,6,2026,1,9,4,2,1,27
11,11,2026,1,9,12,25,7,45
11,14,2026,1,9,17,6,7,44
11,21,2026,1,9,16,3,16,31
11,24,2026,1,9,14,5,11,25
11,32,2026,1,9,16,4,1,28
11,36,2026,1,9,17,5,0,33
11,41,2026,1,9,12,30,19,44
11,45,2026,1,9,4,6,11,39
11,52,2026,1,9,21,6,16,29
12,0,2026,1,9,21,3,0,32
12,6,2026,1,9,4,3,1,34
12,11,2026,1,9,12,20,8,46
12,14,2026,1,9,17,4,16,34
12,21,2026,1,9,16,4,13,25
12,24,2026,1,9,14,4,8,21
12,32,2026,1,9,16,3,0,24
12,36,2026,1,9,17,2,0,26
12,41,2026,1,9,12,31,8,49
12,45,2026,1,9,4,2,13,38
12,52,2026,1,9,21,6,20,24
13,0,2026,1,9,21,3,0,27
13,6,2026,1,9,4,8,0,35
13,11,2026,1,9,12,28,13,50
13,14,2026,1,9,17,2,13,39
13,21,2026,1,9,16,6,13,32
13,24,2026,1,9,14,3,15,20
13,32,2026,1,9,16,6,0,26
13,36,2026,1,9,17,4,1,29
13,41,2026,1,9,12,20,14,35
13,45,2026,1,9,4,17,9,43
13,52,2026,1,9,21,5,10,38
14,0,2026,1,9,21,2,0,40
14,6,2026,1,9,4,20,1,59
14,11,2026,1,9,12,15,20,54
14,14,2026,1,9,17,4,16,42
14,21,2026,1,9,16,6,16,32
14,24,2026,1,9,14,2,15,19
14,32,2026,1,9,16,3,0,22
14,36,2026,1,9,17,3,1,24
14,41,2026,1,9,12,12,11,25
14,45,2026,1,9,4,12,4,33
14,52,2026,1,9,21,5,13,25
15,0,2026,1,9,21,3,0,28
15,6,2026,1,9,4,16,1,43
15,11,2026,1,9,12,20,20,43
15,14,2026,1,9,17,6,12,37
15,21,2026,1,9,16,6,11,32
15,24,2026,1,9,14,3,11,24
15,32,2026,1,9,16,6,0,30
15,36,2026,1,9,17,3,0,33
15,41,2026,1,9,12,31,16,48
15,45,2026,1,9,4,23,9,62
15,52,2026,1,9,21,4,17,49
16,0,2026,1,9,21,4,0,53
16,6,2026,1,9,4,3,1,55
16,11,2026,1,9,12,31,20,66
16,14,2026,1,9,17,3,20,49
16,21,2026,1,9,16,5,12,42
16,24,2026,1,9,14,3,20,25
16,32,2026,1,9,16,6,1,30
16,36,2026,1,9,17,3,1,32
16,41,2026,1,9,12,36,12,56
16,45,2026,1,9,4,2,16,42
16,52,2026,1,9,21,2,20,24
17,0,2026,1,9,21,5,0,29
17,6,2026,1,9,4,4,0,33
17,11,2026,1,9,12,28,12,49
17,14,2026,1,9,17,5,10,44
17,21,2026,1,9,16,3,19,28
17,24,2026,1,9,14,4,12,20
17,32,2026,1,9,16,4,0,24
17,36,2026,1,9,17,4,2,26
17,41,2026,1,9,12,30,8,48
17,45,2026,1,9,4,6,14,40
17,52,2026,1,9,21,6,12,34
18,0,2026,1,9,21,2,0,36
18,6,2026,1,9,4,3,1,38
18,11,2026,1,9,12,30,13,55
18,14,2026,1,9,17,6,12,49
18,21,2026,1,9,16,3,12,40
18,24,2026,1,9,14,3,18,25
18,32,2026,1,9,16,4,0,29
18,36,2026,1,9,17,6,2,33
18,41,2026,1,9,12,35,14,54
18,45,2026,1,9,4,5,13,46
18,52,2026,1,9,21,6,20,32
19,0,2026,1,9,21,4,0,36
19,6,2026,1,9,4,6,0,42
19,11,2026,1,9,12,30,17,55
19,14,2026,1,9,17,6,13,48
19,21,2026,1,9,16,4,18,34
19,24,2026,1,9,14,2,13,23
19,32,2026,1,9,16,2,0,25
19,36,2026,1,9,17,5,1,29
19,41,2026,1,9,12,29,11,47
19,45,2026,1,9,4,2,13,36
19,52,2026,1,9,21,2,15,23
20,0,2026,1,9,21,6,0,29
20,6,2026,1,9,4,3,0,32
20,11,2026,1,9,12,34,9,57
20,14,2026,1,9,17,3,19,41
20,21,2026,1,9,16,3,12,32
20,24,2026,1,9,14,2,12,22
20,32,2026,1,9,16,6,0,28
20,36,2026,1,9,17,6,1,33
20,41,2026,1,9,12,18,15,36
20,45,2026,1,9,4,5,10,31
20,52,2026,1,9,21,6,15,22
21,0,2026,1,9,21,4,0,26
21,6,2026,1,9,4,2,1,27
21,11,2026,1,9,12,19,11,35
21,14,2026,1,9,17,3,10,28
21,21,2026,1,9,16,6,6,28
21,24,2026,1,9,14,5,15,18
21,32,2026,1,9,16,2,0,20
21,36,2026,1,9,17,2,1,21
21,41,2026,1,9,12,28,11,38
21,45,2026,1,9,4,6,9,35
21,52,2026,1,9,21,2,10,27
22,0,2026,1,9,21,3,0,30
22,6,2026,1,9,4,6,1,35
22,11,2026,1,9,12,20,10,45
22,14,2026,1,9,17,3,12,36
22,21,2026,1,9,16,3,12,27
22,24,2026,1,9,14,5,8,24
22,32,2026,1,9,16,5,0,29
22,36,2026,1,9,17,4,2,31
22,41,2026,1,9,12,30,15,46
22,45,2026,1,9,4,2,15,33
22,52,2026,1,9,21,3,11,25
23,0,2026,1,9,21,4,0,29
23,6,2026,1,9,4,2,1,30
23,11,2026,1,9,12,20,9,41
23,14,2026,1,9,17,3,12,32
23,21,2026,1,9,16,5,5,32
23,24,2026,1,9,14,5,16,21
23,32,2026,1,9,16,3,0,24
23,36,2026,1,9,17,2,1,25
23,41,2026,1,9,12,23,15,33
23,45,2026,1,9,4,0,13,20
23,52,2026,1,9,21,0,20,0
6,0,2026,1,10,21,6,0,6
6,6,2026,1,10,4,6,1,11
6,11,2026,1,10,12,22,8,25
6,14,2026,1,10,17,21,7,39
6,21,2026,1,10,16,13,7,45
6,24,2026,1,10,14,17,11,51
6,32,2026,1,10,16,13,3,61
6,36,2026,1,10,17,5,9,57
6,41,2026,1,10,12,22,20,59
6,45,2026,1,10,4,5,20,44
6,52,2026,1,10,21,3,18,29
7,0,2026,1,10,21,6,0,35
7,6,2026,1,10,4,1,0,36
7,11,2026,1,10,12,13,10,39
7,14,2026,1,10,17,22,11,50
7,21,2026,1,10,16,13,9,54
7,24,2026,1,10,14,12,15,51
7,32,2026,1,10,16,7,0,58
7,36,2026,1,10,17,19,11,66
7,41,2026,1,10,12,11,20,57
7,45,2026,1,10,4,3,20,40
7,52,2026,1,10,21,3,9,34
8,0,2026,1,10,21,3,0,37
8,6,2026,1,10,4,1,1,37
8,11,2026,1,10,12,15,6,46
8,14,2026,1,10,17,5,5,46
8,21,2026,1,10,16,15,14,47
8,24,2026,1,10,14,17,18,46
8,32,2026,1,10,16,7,1,52
8,36,2026,1,10,17,15,5,62
8,41,2026,1,10,12,21,20,63
8,45,2026,1,10,4,5,20,48
8,52,2026,1,10,21,5,15,38
9,0,2026,1,10,21,6,0,44
9,6,2026,1,10,4,5,4,45
9,11,2026,1,10,12,29,12,62
9,14,2026,1,10,17,5,8,59
9,21,2026,1,10,16,2,17,44
9,24,2026,1,10,14,3,16,31
9,32,2026,1,10,16,3,0,34
9,36,2026,1,10,17,3,0,37
9,41,2026,1,10,12,9,9,37
9,45,2026,1,10,4,4,20,21
9,52,2026,1,10,21,3,9,15
10,0,2026,1,10,21,5,0,20
10,6,2026,1,10,4,3,1,22
10,11,2026,1,10,12,11,7,26
10,14,2026,1,10,17,5,8,23
10,21,2026,1,10,16,3,10,16
10,24,2026,1,10,14,6,7,15
10,32,2026,1,10,16,5,1,19
10,36,2026,1,10,17,3,1,21
10,41,2026,1,10,12,18,14,25
10,45,2026,1,10,4,5,4,26
10,52,2026,1,10,21,4,7,23
11,0,2026,1,10,21,2,0,25
11,6,2026,1,10,4,2,0,27
11,11,2026,1,10,12,28,8,47
11,14,2026,1,10,17,4,13,38
11,21,2026,1,10,16,3,14,27
11,24,2026,1,10,14,2,15,14
11,32,2026,1,10,16,3,0,17
11,36,2026,1,10,17,5,1,21
11,41,2026,1,10,12,20,11,30
11,45,2026,1,10,4,5,10,25
11,52,2026,1,10,21,3,9,19
12,0,2026,1,10,21,3,0,22
12,6,2026,1,10,4,4,0,26
12,11,2026,1,10,12,8,11,23
12,14,2026,1,10,17,6,6,23
12,21,2026,1,10,16,3,7,19
12,24,2026,1,10,14,5,10,14
12,32,2026,1,10,16,6,0,20
12,36,2026,1,10,17,2,1,21
12,41,2026,1,10,12,12,15,18
12,45,2026,1,10,4,6,8,16
12,52,2026,1,10,21,4,2,18
13,0,2026,1,10,21,3,0,21
13,6,2026,1,10,4,9,0,30
13,11,2026,1,10,12,17,18,29
13,14,2026,1,10,17,5,3,31
13,21,2026,1,10,16,5,11,25
13,24,2026,1,10,14,5,9,21
13,32,2026,1,10,16,6,0,27
13,36,2026,1,10,17,3,4,26
13,41,2026,1,10,12,18,12,32
13,45,2026,1,10,4,20,8,44
13,52,2026,1,10,21,2,9,37
14,0,2026,1,10,21,6,0,43
14,6,2026,1,10,4,24,1,66
14,11,2026,1,10,12,16,20,62
14,14,2026,1,10,17,3,14,51
14,21,2026,1,10,16,5,20,36
14,24,2026,1,10,14,2,20,18
14,32,2026,1,10,16,3,1,20
14,36,2026,1,10,17,6,2,24
14,41,2026,1,10,12,20,12,32
14,45,2026,1,10,4,21,8,45
14,52,2026,1,10,21,3,15,33
15,0,2026,1,10,21,2,0,35
15,6,2026,1,10,4,8,0,43
15,11,2026,1,10,12,34,20,57
15,14,2026,1,10,17,2,13,46
15,21,2026,1,10,16,2,20,28
15,24,2026,1,10,14,4,16,16
15,32,2026,1,10,16,2,1,17
15,36,2026,1,10,17,3,2,18
15,41,2026,1,10,12,24,7,35
15,45,2026,1,10,4,21,12,44
15,52,2026,1,10,21,4,9,39
16,0,2026,1,10,21,3,0,42
16,6,2026,1,10,4,3,1,44
16,11,2026,1,10,12,11,17,38
16,14,2026,1,10,17,5,9,34
16,21,2026,1,10,16,2,13,23
16,24,2026,1,10,14,6,11,18
16,32,2026,1,10,16,4,1,21
16,36,2026,1,10,17,6,2,25
16,41,2026,1,10,12,12,13,24
16,45,2026,1,10,4,3,6,21
16,52,2026,1,10,21,6,8,19
17,0,2026,1,10,21,3,0,22
17,6,2026,1,10,4,5,2,25
17,11,2026,1,10,12,26,11,40
17,14,2026,1,10,17,5,5,40
17,21,2026,1,10,16,5,8,37
17,24,2026,1,10,14,2,16,23
17,32,2026,1,10,16,3,0,26
17,36,2026,1,10,17,3,0,29
17,41,2026,1,10,12,23,14,38
17,45,2026,1,10,4,3,15,26
17,52,2026,1,10,21,4,12,18
18,0,2026,1,10,21,3,0,21
18,6,2026,1,10,4,4,1,24
18,11,2026,1,10,12,28,8,44
18,14,2026,1,10,17,5,15,34
18,21,2026,1,10,16,2,10,26
18,24,2026,1,10,14,4,13,17
18,32,2026,1,10,16,2,1,18
18,36,2026,1,10,17,6,0,24
18,41,2026,1,10,12,23,12,35
18,45,2026,1,10,4,2,13,24
18,52,2026,1,10,21,6,11,19
19,0,2026,1,10,21,3,0,22
19,6,2026,1,10,4,5,1,26
19,11,2026,1,10,12,21,9,38
19,14,2026,1,10,17,6,12,32
19,21,2026,1,10,16,3,12,23
19,24,2026,1,10,14,4,11,16
19,32,2026,1,10,16,6,1,21
19,36,2026,1,10,17,5,1,25
19,41,2026,1,10,12,15,11,29
19,45,2026,1,10,4,6,13,22
19,52,2026,1,10,21,6,7,21
20,0,2026,1,10,21,6,0,27
20,6,2026,1,10,4,2,3,26
20,11,2026,1,10,12,33,12,47
20,14,2026,1,10,17,2,7,42
20,21,2026,1,10,16,4,7,39
20,24,2026,1,10,14,6,10,35
20,32,2026,1,10,16,4,1,38
20,36,2026,1,10,17,6,2,42
20,41,2026,1,10,12,12,18,36
20,45,2026,1,10,4,2,15,23
20,52,2026,1,10,21,5,13,15
21,0,2026,1,10,21,5,0,20
21,6,2026,1,10,4,3,0,23
21,11,2026,1,10,12,14,9,28
21,14,2026,1,10,17,3,10,21
21,21,2026,1,10,16,2,5,18
21,24,2026,1,10,14,3,11,10
21,32,2026,1,10,16,5,0,15
21,36,2026,1,10,17,6,0,21
21,41,2026,1,10,12,17,14,24
21,45,2026,1,10,4,2,4,22
21,52,2026,1,10,21,6,9,19
22,0,2026,1,10,21,3,0,22
22,6,2026,1,10,4,3,0,25
22,11,2026,1,10,12,11,10,26
22,14,2026,1,10,17,3,6,23
22,21,2026,1,10,16,3,8,18
22,24,2026,1,10,14,3,9,12
22,32,2026,1,10,16,5,0,17
22,36,2026,1,10,17,3,1,19
22,41,2026,1,10,12,14,15,18
22,45,2026,1,10,4,3,4,17
22,52,2026,1,10,21,3,5,15
23,0,2026,1,10,21,6,0,21
23,6,2026,1,10,4,2,1,22
23,11,2026,1,10,12,33,8,47
23,14,2026,1,10,17,3,9,41
23,21,2026,1,10,16,6,13,34
23,24,2026,1,10,14,6,12,28
23,32,2026,1,10,16,4,1,31
23,36,2026,1,10,17,6,1,36
23,41,2026,1,10,12,23,19,40
23,45,2026,1,10,4,0,20,20
23,52,2026,1,10,21,0,20,0
6,0,2026,1,11,21,5,0,5
6,6,2026,1,11,4,5,2,8
6,11,2026,1,11,12,12,4,16
6,14,2026,1,11,17,20,3,33
6,21,2026,1,11,16,7,4,36
6,24,2026,1,11,14,5,8,33
6,32,2026,1,11,16,13,0,46
6,36,2026,1,11,17,18,5,59
6,41,2026,1,11,12,26,20,65
6,45,2026,1,11,4,6,16,55
6,52,2026,1,11,21,5,19,41
7,0,2026,1,11,21,6,0,47
7,6,2026,1,11,4,2,8,41
7,11,2026,1,11,12,28,8,61
7,14,2026,1,11,17,10,8,63
7,21,2026,1,11,16,11,13,61
7,24,2026,1,11,14,12,18,55
7,32,2026,1,11,16,13,2,66
7,36,2026,1,11,17,7,7,66
7,41,2026,1,11,12,20,20,66
7,45,2026,1,11,4,2,20,48
7,52,2026,1,11,21,6,20,34
8,0,2026,1,11,21,3,0,37
8,6,2026,1,11,4,5,3,39
8,11,2026,1,11,12,19,8,50
8,14,2026,1,11,17,18,10,58
8,21,2026,1,11,16,19,16,61
8,24,2026,1,11,14,13,15,59
8,32,2026,1,11,16,8,3,64
8,36,2026,1,11,17,9,7,66
8,41,2026,1,11,12,20,20,66
8,45,2026,1,11,4,4,20,50
8,52,2026,1,11,21,6,20,36
9,0,2026,1,11,21,3,0,39
9,6,2026,1,11,4,1,3,37
9,11,2026,1,11,12,10,7,40
9,14,2026,1,11,17,6,8,38
9,21,2026,1,11,16,5,14,29
9,24,2026,1,11,14,5,12,22
9,32,2026,1,11,16,3,1,24
9,36,2026,1,11,17,4,0,28
9,41,2026,1,11,12,17,8,37
9,45,2026,1,11,4,1,20,18
9,52,2026,1,11,21,6,7,17
10,0,2026,1,11,21,5,0,22
10,6,2026,1,11,4,3,0,25
10,11,2026,1,11,12,11,6,30
10,14,2026,1,11,17,6,8,28
10,21,2026,1,11,16,4,5,27
10,24,2026,1,11,14,5,12,20
10,32,2026,1,11,16,3,0,23
10,36,2026,1,11,17,6,3,26
10,41,2026,1,11,12,33,19,40
10,45,2026,1,11,4,5,13,32
10,52,2026,1,11,21,2,9,25
11,0,2026,1,11,21,2,0,27
11,6,2026,1,11,4,3,0,30
11,11,2026,1,11,12,36,7,59
11,14,2026,1,11,17,4,18,45
11,21,2026,1,11,16,6,12,39
11,24,2026,1,11,14,5,17,27
11,32,2026,1,11,16,3,0,30
11,36,2026,1,11,17,6,3,33
11,41,2026,1,11,12,8,17,24
11,45,2026,1,11,4,5,10,19
11,52,2026,1,11,21,6,7,18
12,0,2026,1,11,21,3,0,21
12,6,2026,1,11,4,3,1,23
12,11,2026,1,11,12,32,11,44
12,14,2026,1,11,17,5,9,40
12,21,2026,1,11,16,5,9,36
12,24,2026,1,11,14,4,14,26
12,32,2026,1,11,16,5,0,31
12,36,2026,1,11,17,5,1,35
12,41,2026,1,11,12,14,18,31
12,45,2026,1,11,4,2,6,27
12,52,2026,1,11,21,4,16,15
13,0,2026,1,11,21,3,0,18
13,6,2026,1,11,4,20,0,38
13,11,2026,1,11,12,8,17,29
13,14,2026,1,11,17,4,8,25
13,21,2026,1,11,16,4,9,20
13,24,2026,1,11,14,4,10,14
13,32,2026,1,11,16,6,0,20
13,36,2026,1,11,17,6,3,23
13,41,2026,1,11,12,18,12,29
13,45,2026,1,11,4,28,6,51
13,52,2026,1,11,21,2,12,41
14,0,2026,1,11,21,6,0,47
14,6,2026,1,11,4,21,2,66
14,11,2026,1,11,12,18,20,64
14,14,2026,1,11,17,4,19,49
14,21,2026,1,11,16,2,15,36
14,24,2026,1,11,14,6,17,25
14,32,2026,1,11,16,5,0,30
14,36,2026,1,11,17,2,0,32
14,41,2026,1,11,12,31,12,51
14,45,2026,1,11,4,7,12,46
14,52,2026,1,11,21,3,20,29
15,0,2026,1,11,21,3,0,32
15,6,2026,1,11,4,23,0,55
15,11,2026,1,11,12,29,19,65
15,14,2026,1,11,17,2,20,47
15,21,2026,1,11,16,6,15,38
15,24,2026,1,11,14,5,20,23
15,32,2026,1,11,16,4,0,27
15,36,2026,1,11,17,6,2,31
15,41,2026,1,11,12,22,16,37
15,45,2026,1,11,4,30,7,60
15,52,2026,1,11,21,2,15,47
16,0,2026,1,11,21,2,0,49
16,6,2026,1,11,4,3,1,51
16,11,2026,1,11,12,14,20,45
16,14,2026,1,11,17,5,11,39
16,21,2026,1,11,16,4,16,27
16,24,2026,1,11,14,2,11,18
16,32,2026,1,11,16,5,0,23
16,36,2026,1,11,17,5,1,27
16,41,2026,1,11,12,30,15,42
16,45,2026,1,11,4,2,13,31
16,52,2026,1,11,21,3,12,22
17,0,2026,1,11,21,4,0,26
17,6,2026,1,11,4,3,0,29
17,11,2026,1,11,12,8,9,28
17,14,2026,1,11,17,6,9,25
17,21,2026,1,11,16,6,8,23
17,24,2026,1,11,14,2,10,15
17,32,2026,1,11,16,5,0,20
17,36,2026,1,11,17,6,2,24
17,41,2026,1,11,12,31,18,37
17,45,2026,1,11,4,4,12,29
17,52,2026,1,11,21,2,8,23
18,0,2026,1,11,21,3,0,26
18,6,2026,1,11,4,6,1,31
18,11,2026,1,11,12,34,11,54
18,14,2026,1,11,17,4,14,44
18,21,2026,1,11,16,2,15,31
18,24,2026,1,11,14,6,13,24
18,32,2026,1,11,16,6,0,30
18,36,2026,1,11,17,4,3,31
18,41,2026,1,11,12,18,13,36
18,45,2026,1,11,4,3,13,26
18,52,2026,1,11,21,6,13,19
19,0,2026,1,11,21,2,0,21
19,6,2026,1,11,4,6,1,26
19,11,2026,1,11,12,29,11,44
19,14,2026,1,11,17,6,12,38
19,21,2026,1,11,16,6,11,33
19,24,2026,1,11,14,4,11,26
19,32,2026,1,11,16,6,0,32
19,36,2026,1,11,17,5,2,35
19,41,2026,1,11,12,24,19,40
19,45,2026,1,11,4,5,5,40
19,52,2026,1,11,21,2,17,25
20,0,2026,1,11,21,2,0,27
20,6,2026,1,11,4,5,1,31
20,11,2026,1,11,12,16,10,37
20,14,2026,1,11,17,3,7,33
20,21,2026,1,11,16,5,9,29
20,24,2026,1,11,14,6,15,20
20,32,2026,1,11,16,4,0,24
20,36,2026,1,11,17,2,2,24
20,41,2026,1,11,12,33,15,42
20,45,2026,1,11,4,2,12,32
20,52,2026,1,11,21,5,14,23
21,0,2026,1,11,21,3,0,26
21,6,2026,1,11,4,4,2,28
21,11,2026,1,11,12,18,8,38
21,14,2026,1,11,17,6,13,31
21,21,2026,1,11,16,5,11,25
21,24,2026,1,11,14,3,11,17
21,32,2026,1,11,16,4,0,21
21,36,2026,1,11,17,4,2,23
21,41,2026,1,11,12,19,12,30
21,45,2026,1,11,4,3,8,25
21,52,2026,1,11,21,5,9,21
22,0,2026,1,11,21,5,0,26
22,6,2026,1,11,4,5,0,31
22,11,2026,1,11,12,21,11,41
22,14,2026,1,11,17,6,9,38
22,21,2026,1,11,16,2,12,28
22,24,2026,1,11,14,4,9,23
22,32,2026,1,11,16,6,0,29
22,36,2026,1,11,17,6,1,34
22,41,2026,1,11,12,33,16,51
22,45,2026,1,11,4,5,12,44
22,52,2026,1,11,21,6,16,34
23,0,2026,1,11,21,3,0,37
23,6,2026,1,11,4,6,0,43
23,11,2026,1,11,12,36,14,65
23,14,2026,1,11,17,6,15,56
23,21,2026,1,11,16,4,20,40
23,24,2026,1,11,14,5,17,28
23,32,2026,1,11,16,2,0,30
23,36,2026,1,11,17,2,1,31
23,41,2026,1,11,12,24,15,40
23,45,2026,1,11,4,0,20,20
23,52,2026,1,11,21,0,20,0
6,0,2026,1,12,21,3,0,3
6,6,2026,1,12,4,4,0,7
6,11,2026,1,12,12,28,4,31
6,14,2026,1,12,17,7,6,32
6,21,2026,1,12,16,11,4,39
6,24,2026,1,12,14,15,12,42
6,32,2026,1,12,16,12,1,53
6,36,2026,1,12,17,15,2,66
6,41,2026,1,12,12,20,20,66
6,45,2026,1,12,4,4,20,50
6,52,2026,1,12,21,4,20,34
7,0,2026,1,12,21,4,0,38
7,6,2026,1,12,4,1,3,36
7,11,2026,1,12,12,18,4,50
7,14,2026,1,12,17,6,9,47
7,21,2026,1,12,16,7,12,42
7,24,2026,1,12,14,19,17,44
7,32,2026,1,12,16,8,1,51
7,36,2026,1,12,17,11,3,59
7,41,2026,1,12,12,22,20,61
7,45,2026,1,12,4,3,20,44
7,52,2026,1,12,21,5,12,37
8,0,2026,1,12,21,3,0,40
8,6,2026,1,12,4,3,4,39
8,11,2026,1,12,12,9,6,42
8,14,2026,1,12,17,13,5,50
8,21,2026,1,12,16,6,13,43
8,24,2026,1,12,14,15,19,39
8,32,2026,1,12,16,13,1,51
8,36,2026,1,12,17,21,6,66
8,41,2026,1,12,12,20,20,66
8,45,2026,1,12,4,4,20,50
8,52,2026,1,12,21,2,17,35
9,0,2026,1,12,21,4,0,39
9,6,2026,1,12,4,3,2,40
9,11,2026,1,12,12,33,8,65
9,14,2026,1,12,17,3,4,64
9,21,2026,1,12,16,6,20,50
9,24,2026,1,12,14,6,20,36
9,32,2026,1,12,16,5,0,41
9,36,2026,1,12,17,6,1,46
9,41,2026,1,12,12,33,18,61
9,45,2026,1,12,4,5,20,46
9,52,2026,1,12,21,2,14,34
10,0,2026,1,12,21,2,0,36
10,6,2026,1,12,4,2,0,38
10,11,2026,1,12,12,18,5,51
10,14,2026,1,12,17,5,13,43
10,21,2026,1,12,16,2,19,26
10,24,2026,1,12,14,4,13,17
10,32,2026,1,12,16,3,0,20
10,36,2026,1,12,17,2,2,20
10,41,2026,1,12,12,11,11,20
10,45,2026,1,12,4,4,5,19
10,52,2026,1,12,21,6,10,15
11,0,2026,1,12,21,6,0,21
11,6,2026,1,12,4,5,1,25
11,11,2026,1,12,12,9,14,20
11,14,2026,1,12,17,6,5,21
11,21,2026,1,12,16,2,4,19
11,24,2026,1,12,14,2,7,14
11,32,2026,1,12,16,5,0,19
11,36,2026,1,12,17,4,2,21
11,41,2026,1,12,12,31,13,39
11,45,2026,1,12,4,2,11,30
11,52,2026,1,12,21,3,10,23
12,0,2026,1,12,21,3,0,26
12,6,2026,1,12,4,2,1,27
12,11,2026,1,12,12,11,8,30
12,14,2026,1,12,17,2,11,21
12,21,2026,1,12,16,4,7,18
12,24,2026,1,12,14,3,10,11
12,32,2026,1,12,16,3,1,13
12,36,2026,1,12,17,2,1,14
12,41,2026,1,12,12,11,9,16
12,45,2026,1,12,4,4,7,13
12,52,2026,1,12,21,6,5,14
13,0,2026,1,12,21,4,0,18
13,6,2026,1,12,4,26,1,43
13,11,2026,1,12,12,35,20,58
13,14,2026,1,12,17,5,19,44
13,21,2026,1,12,16,3,9,38
13,24,2026,1,12,14,4,16,26
13,32,2026,1,12,16,4,1,29
13,36,2026,1,12,17,6,0,35
13,41,2026,1,12,12,33,13,55
13,45,2026,1,12,4,23,13,65
13,52,2026,1,12,21,3,20,48
14,0,2026,1,12,21,2,0,50
14,6,2026,1,12,4,16,0,66
14,11,2026,1,12,12,11,20,57
14,14,2026,1,12,17,4,16,45
14,21,2026,1,12,16,6,15,36
14,24,2026,1,12,14,5,13,28
14,32,2026,1,12,16,4,0,32
14,36,2026,1,12,17,5,1,36
14,41,2026,1,12,12,36,15,57
14,45,2026,1,12,4,12,14,55
14,52,2026,1,12,21,4,20,39
15,0,2026,1,12,21,6,0,45
15,6,2026,1,12,4,9,0,54
15,11,2026,1,12,12,29,19,64
15,14,2026,1,12,17,5,16,53
15,21,2026,1,12,16,6,14,45
15,24,2026,1,12,14,4,17,32
15,32,2026,1,12,16,4,0,36
15,36,2026,1,12,17,6,3,39
15,41,2026,1,12,12,35,17,57
15,45,2026,1,12,4,21,12,66
15,52,2026,1,12,21,6,20,52
16,0,2026,1,12,21,2,0,54
16,6,2026,1,12,4,6,0,60
16,11,2026,1,12,12,14,20,54
16,14,2026,1,12,17,5,20,39
16,21,2026,1,12,16,5,12,32
16,24,2026,1,12,14,2,13,21
16,32,2026,1,12,16,3,0,24
16,36,2026,1,12,17,3,0,27
16,41,2026,1,12,12,21,11,37
16,45,2026,1,12,4,6,16,27
16,52,2026,1,12,21,4,12,19
17,0,2026,1,12,21,5,0,24
17,6,2026,1,12,4,4,0,28
17,11,2026,1,12,12,29,10,47
17,14,2026,1,12,17,5,14,38
17,21,2026,1,12,16,6,16,28
17,24,2026,1,12,14,3,10,21
17,32,2026,1,12,16,4,0,25
17,36,2026,1,12,17,2,0,27
17,41,2026,1,12,12,12,13,26
17,45,2026,1,12,4,5,11,20
17,52,2026,1,12,21,5,12,13
18,0,2026,1,12,21,4,0,17
18,6,2026,1,12,4,2,0,19
18,11,2026,1,12,12,26,12,33
18,14,2026,1,12,17,4,7,30
18,21,2026,1,12,16,6,6,30
18,24,2026,1,12,14,3,10,23
18,32,2026,1,12,16,3,0,26
18,36,2026,1,12,17,4,2,28
18,41,2026,1,12,12,32,13,47
18,45,2026,1,12,4,2,15,34
18,52,2026,1,12,21,4,10,28
19,0,2026,1,12,21,6,0,34
19,6,2026,1,12,4,2,1,35
19,11,2026,1,12,12,14,7,42
19,14,2026,1,12,17,5,14,33
19,21,2026,1,12,16,2,10,25
19,24,2026,1,12,14,4,17,12
19,32,2026,1,12,16,6,0,18
19,36,2026,1,12,17,3,2,19
19,41,2026,1,12,12,16,10,25
19,45,2026,1,12,4,2,9,18
19,52,2026,1,12,21,3,8,13
20,0,2026,1,12,21,6,0,19
20,6,2026,1,12,4,3,2,20
20,11,2026,1,12,12,34,9,45
20,14,2026,1,12,17,2,9,38
20,21,2026,1,12,16,3,12,29
20,24,2026,1,12,14,3,8,24
20,32,2026,1,12,16,3,0,27
20,36,2026,1,12,17,3,1,29
20,41,2026,1,12,12,27,7,49
20,45,2026,1,12,4,4,18,35
20,52,2026,1,12,21,2,20,17
21,0,2026,1,12,21,4,0,21
21,6,2026,1,12,4,6,0,27
21,11,2026,1,12,12,22,9,40
21,14,2026,1,12,17,5,9,36
21,21,2026,1,12,16,6,10,32
21,24,2026,1,12,14,5,13,24
21,32,2026,1,12,16,5,1,28
21,36,2026,1,12,17,4,2,30
21,41,2026,1,12,12,17,14,33
21,45,2026,1,12,4,5,12,26
21,52,2026,1,12,21,2,7,21
22,0,2026,1,12,21,5,0,26
22,6,2026,1,12,4,3,0,29
22,11,2026,1,12,12,22,11,40
22,14,2026,1,12,17,6,13,33
22,21,2026,1,12,16,2,7,28
22,24,2026,1,12,14,2,11,19
22,32,2026,1,12,16,6,1,24
22,36,2026,1,12,17,6,0,30
22,41,2026,1,12,12,35,13,52
22,45,2026,1,12,4,6,13,45
22,52,2026,1,12,21,2,13,34
23,0,2026,1,12,21,6,0,40
23,6,2026,1,12,4,6,0,46
23,11,2026,1,12,12,11,16,41
23,14,2026,1,12,17,3,10,34
23,21,2026,1,12,16,2,15,21
23,24,2026,1,12,14,6,12,15
23,32,2026,1,12,16,3,1,17
23,36,2026,1,12,17,2,2,17
23,41,2026,1,12,12,9,12,14
23,45,2026,1,12,4,5,7,12
23,52,2026,1,12,21,0,12,0
6,0,2026,1,13,21,2,0,2
6,6,2026,1,13,4,2,0,4
6,11,2026,1,13,12,30,2,32
6,14,2026,1,13,17,7,5,34
6,21,2026,1,13,16,15,9,40
6,24,2026,1,13,14,14,13,41
6,32,2026,1,13,16,20,1,60
6,36,2026,1,13,17,18,12,66
6,41,2026,1,13,12,20,20,66
6,45,2026,1,13,4,2,17,51
6,52,2026,1,13,21,4,17,38
7,0,2026,1,13,21,5,0,43
7,6,2026,1,13,4,1,6,38
7,11,2026,1,13,12,12,5,45
7,14,2026,1,13,17,6,5,46
7,21,2026,1,13,16,6,17,35
7,24,2026,1,13,14,18,16,37
7,32,2026,1,13,16,16,0,53
7,36,2026,1,13,17,9,6,56
7,41,2026,1,13,12,29,20,65
7,45,2026,1,13,4,3,20,48
7,52,2026,1,13,21,4,17,35
8,0,2026,1,13,21,2,0,37
8,6,2026,1,13,4,3,4,36
8,11,2026,1,13,12,32,5,63
8,14,2026,1,13,17,11,8,66
8,21,2026,1,13,16,13,13,66
8,24,2026,1,13,14,7,20,53
8,32,2026,1,13,16,15,2,66
8,36,2026,1,13,17,8,8,66
8,41,2026,1,13,12,14,20,60
8,45,2026,1,13,4,5,20,45
8,52,2026,1,13,21,5,20,30
9,0,2026,1,13,21,3,0,33
9,6,2026,1,13,4,3,2,34
9,11,2026,1,13,12,28,8,54
9,14,2026,1,13,17,2,10,46
9,21,2026,1,13,16,5,9,42
9,24,2026,1,13,14,4,17,29
9,32,2026,1,13,16,5,1,33
9,36,2026,1,13,17,4,1,36
9,41,2026,1,13,12,30,13,53
9,45,2026,1,13,4,2,20,35
9,52,2026,1,13,21,4,13,26
10,0,2026,1,13,21,3,0,29
10,6,2026,1,13,4,4,0,33
10,11,2026,1,13,12,19,8,44
10,14,2026,1,13,17,5,12,37
10,21,2026,1,13,16,3,12,28
10,24,2026,1,13,14,6,13,21
10,32,2026,1,13,16,2,1,22
10,36,2026,1,13,17,2,0,24
10,41,2026,1,13,12,9,7,26
10,45,2026,1,13,4,6,12,20
10,52,2026,1,13,21,2,6,16
11,0,2026,1,13,21,6,0,22
11,6,2026,1,13,4,3,1,24
11,11,2026,1,13,12,35,13,46
11,14,2026,1,13,17,3,7,42
11,21,2026,1,13,16,5,10,37
11,24,2026,1,13,14,5,12,30
11,32,2026,1,13,16,3,0,33
11,36,2026,1,13,17,2,1,34
11,41,2026,1,13,12,32,11,55
11,45,2026,1,13,4,2,17,40
11,52,2026,1,13,21,5,17,28
12,0,2026,1,13,21,6,0,34
12,6,2026,1,13,4,4,0,38
12,11,2026,1,13,12,15,11,42
12,14,2026,1,13,17,3,11,34
12,21,2026,1,13,16,2,11,25
12,24,2026,1,13,14,3,14,14
12,32,2026,1,13,16,5,0,19
12,36,2026,1,13,17,5,2,22
12,41,2026,1,13,12,34,11,45
12,45,2026,1,13,4,3,14,34
12,52,2026,1,13,21,4,12,26
13,0,2026,1,13,21,4,0,30
13,6,2026,1,13,4,12,2,40
13,11,2026,1,13,12,29,14,55
13,14,2026,1,13,17,4,18,41
13,21,2026,1,13,16,3,17,27
13,24,2026,1,13,14,2,16,13
13,32,2026,1,13,16,5,1,17
13,36,2026,1,13,17,2,0,19
13,41,2026,1,13,12,31,9,41
13,45,2026,1,13,4,19,8,52
13,52,2026,1,13,21,2,18,36
14,0,2026,1,13,21,5,0,41
14,6,2026,1,13,4,7,0,48
14,11,2026,1,13,12,25,20,53
14,14,2026,1,13,17,4,8,49
14,21,2026,1,13,16,5,20,34
14,24,2026,1,13,14,3,16,21
14,32,2026,1,13,16,4,0,25
14,36,2026,1,13,17,3,1,27
14,41,2026,1,13,12,11,15,23
14,45,2026,1,13,4,31,8,46
14,52,2026,1,13,21,2,7,41
15,0,2026,1,13,21,3,0,44
15,6,2026,1,13,4,16,1,59
15,11,2026,1,13,12,27,20,66
15,14,2026,1,13,17,5,20,51
15,21,2026,1,13,16,3,16,38
15,24,2026,1,13,14,5,19,24
15,32,2026,1,13,16,2,0,26
15,36,2026,1,13,17,6,1,31
15,41,2026,1,13,12,8,11,28
15,45,2026,1,13,4,31,7,52
15,52,2026,1,13,21,3,15,40
16,0,2026,1,13,21,4,0,44
16,6,2026,1,13,4,5,2,47
16,11,2026,1,13,12,29,20,56
16,14,2026,1,13,17,3,12,47
16,21,2026,1,13,16,4,16,35
16,24,2026,1,13,14,2,15,22
16,32,2026,1,13,16,3,0,25
16,36,2026,1,13,17,5,0,30
16,41,2026,1,13,12,8,12,26
16,45,2026,1,13,4,6,8,24
16,52,2026,1,13,21,6,15,15
17,0,2026,1,13,21,2,0,17
17,6,2026,1,13,4,5,0,22
17,11,2026,1,13,12,26,13,35
17,14,2026,1,13,17,5,7,33
17,21,2026,1,13,16,4,13,24
17,24,2026,1,13,14,2,10,16
17,32,2026,1,13,16,3,0,19
17,36,2026,1,13,17,6,1,24
17,41,2026,1,13,12,24,12,36
17,45,2026,1,13,4,6,10,32
17,52,2026,1,13,21,6,11,27
18,0,2026,1,13,21,6,0,33
18,6,2026,1,13,4,2,1,34
18,11,2026,1,13,12,13,9,38
18,14,2026,1,13,17,5,8,35
18,21,2026,1,13,16,2,11,26
18,24,2026,1,13,14,5,15,16
18,32,2026,1,13,16,4,1,19
18,36,2026,1,13,17,6,0,25
18,41,2026,1,13,12,23,12,36
18,45,2026,1,13,4,5,12,29
18,52,2026,1,13,21,3,7,25
19,0,2026,1,13,21,6,0,31
19,6,2026,1,13,4,3,0,34
19,11,2026,1,13,12,22,15,41
19,14,2026,1,13,17,5,10,36
19,21,2026,1,13,16,6,14,28
19,24,2026,1,13,14,3,10,21
19,32,2026,1,13,16,4,0,25
19,36,2026,1,13,17,3,0,28
19,41,2026,1,13,12,15,14,29
19,45,2026,1,13,4,3,12,20
19,52,2026,1,13,21,2,10,12
20,0,2026,1,13,21,2,0,14
20,6,2026,1,13,4,5,1,18
20,11,2026,1,13,12,36,8,46
20,14,2026,1,13,17,2,7,41
20,21,2026,1,13,16,4,5,40
20,24,2026,1,13,14,4,13,31
20,32,2026,1,13,16,4,0,35
20,36,2026,1,13,17,2,1,36
20,41,2026,1,13,12,17,11,42
20,45,2026,1,13,4,5,20,27
20,52,2026,1,13,21,5,12,20
21,0,2026,1,13,21,4,0,24
21,6,2026,1,13,4,6,0,30
21,11,2026,1,13,12,24,13,41
21,14,2026,1,13,17,4,9,36
21,21,2026,1,13,16,4,14,26
21,24,2026,1,13,14,3,8,21
21,32,2026,1,13,16,2,0,23
21,36,2026,1,13,17,4,1,26
21,41,2026,1,13,12,26,12,40
21,45,2026,1,13,4,3,9,34
21,52,2026,1,13,21,3,10,27
22,0,2026,1,13,21,6,0,33
22,6,2026,1,13,4,4,2,35
22,11,2026,1,13,12,32,9,58
22,14,2026,1,13,17,4,17,45
22,21,2026,1,13,16,4,19,30
22,24,2026,1,13,14,6,17,19
22,32,2026,1,13,16,5,1,23
22,36,2026,1,13,17,5,3,25
22,41,2026,1,13,12,31,16,40
22,45,2026,1,13,4,6,12,34
22,52,2026,1,13,21,5,13,26
23,0,2026,1,13,21,2,0,28
23,6,2026,1,13,4,6,1,33
23,11,2026,1,13,12,9,14,28
23,14,2026,1,13,17,5,8,25
23,21,2026,1,13,16,4,5,24
23,24,2026,1,13,14,3,11,16
23,32,2026,1,13,16,2,1,17
23,36,2026,1,13,17,6,0,23
23,41,2026,1,13,12,22,14,31
23,45,2026,1,13,4,0,11,20
23,52,2026,1,13,21,0,20,0
6,0,2026,1,14,21,5,0,5
6,6,2026,1,14,4,4,1,8
6,11,2026,1,14,12,9,3,14
6,14,2026,1,14,17,13,1,26
6,21,2026,1,14,16,13,3,36
6,24,2026,1,14,14,20,5,51
6,32,2026,1,14,16,14,4,61
6,36,2026,1,14,17,11,6,66
6,41,2026,1,14,12,20,20,66
6,45,2026,1,14,4,5,20,51
6,52,2026,1,14,21,2,20,33
7,0,2026,1,14,21,5,0,38
7,6,2026,1,14,4,2,1,39
7,11,2026,1,14,12,18,9,48
7,14,2026,1,14,17,16,6,58
7,21,2026,1,14,16,12,13,57
7,24,2026,1,14,14,20,19,58
7,32,2026,1,14,16,11,3,66
7,36,2026,1,14,17,6,13,59
7,41,2026,1,14,12,26,20,65
7,45,2026,1,14,4,5,20,50
7,52,2026,1,14,21,6,20,36
8,0,2026,1,14,21,3,0,39
8,6,2026,1,14,4,2,3,38
8,11,2026,1,14,12,17,9,46
8,14,2026,1,14,17,21,8,59
8,21,2026,1,14,16,12,9,62
8,24,2026,1,14,14,14,20,56
8,32,2026,1,14,16,13,6,63
8,36,2026,1,14,17,8,10,61
8,41,2026,1,14,12,10,20,51
8,45,2026,1,14,4,2,20,33
8,52,2026,1,14,21,4,12,25
9,0,2026,1,14,21,3,0,28
9,6,2026,1,14,4,1,1,28
9,11,2026,1,14,12,30,7,51
9,14,2026,1,14,17,4,7,48
9,21,2026,1,14,16,2,9,41
9,24,2026,1,14,14,4,16,29
9,32,2026,1,14,16,3,1,31
9,36,2026,1,14,17,5,0,36
9,41,2026,1,14,12,21,12,45
9,45,2026,1,14,4,1,20,26
9,52,2026,1,14,21,3,9,20
10,0,2026,1,14,21,5,0,25
10,6,2026,1,14,4,4,1,28
10,11,2026,1,14,12,14,11,31
10,14,2026,1,14,17,4,9,26
10,21,2026,1,14,16,4,9,21
10,24,2026,1,14,14,2,7,16
10,32,2026,1,14,16,2,0,18
10,36,2026,1,14,17,3,0,21
10,41,2026,1,14,12,29,11,39
10,45,2026,1,14,4,6,13,32
10,52,2026,1,14,21,6,11,27
11,0,2026,1,14,21,4,0,31
11,6,2026,1,14,4,3,1,33
11,11,2026,1,14,12,16,12,37
11,14,2026,1,14,17,6,10,33
11,21,2026,1,14,16,5,12,26
11,24,2026,1,14,14,6,13,19
11,32,2026,1,14,16,3,0,22
11,36,2026,1,14,17,5,1,26
11,41,2026,1,14,12,10,14,22
11,45,2026,1,14,4,4,11,15
11,52,2026,1,14,21,6,4,17
12,0,2026,1,14,21,3,0,20
12,6,2026,1,14,4,6,0,26
12,11,2026,1,14,12,26,12,40
12,14,2026,1,14,17,4,8,36
12,21,2026,1,14,16,5,6,35
12,24,2026,1,14,14,6,15,26
12,32,2026,1,14,16,2,0,28
12,36,2026,1,14,17,6,0,34
12,41,2026,1,14,12,35,18,51
12,45,2026,1,14,4,3,14,40
12,52,2026,1,14,21,6,14,32
13,0,2026,1,14,21,3,0,35
13,6,2026,1,14,4,20,1,54
13,11,2026,1,14,12,21,20,55
13,14,2026,1,14,17,3,17,41
13,21,2026,1,14,16,5,19,27
13,24,2026,1,14,14,3,15,15
13,32,2026,1,14,16,2,0,17
13,36,2026,1,14,17,5,1,21
13,41,2026,1,14,12,13,12,22
13,45,2026,1,14,4,13,6,29
13,52,2026,1,14,21,4,8,25
14,0,2026,1,14,21,5,0,30
14,6,2026,1,14,4,17,0,47
14,11,2026,1,14,12,31,20,58
14,14,2026,1,14,17,2,19,41
14,21,2026,1,14,16,2,13,30
14,24,2026,1,14,14,3,15,18
14,32,2026,1,14,16,5,1,22
14,36,2026,1,14,17,6,1,27
14,41,2026,1,14,12,33,12,48
14,45,2026,1,14,4,23,7,64
14,52,2026,1,14,21,2,19,47
15,0,2026,1,14,21,4,0,51
15,6,2026,1,14,4,14,0,65
15,11,2026,1,14,12,16,20,61
15,14,2026,1,14,17,4,17,48
15,21,2026,1,14,16,6,20,34
15,24,2026,1,14,14,3,18,19
15,32,2026,1,14,16,3,0,22
15,36,2026,1,14,17,3,2,23
15,41,2026,1,14,12,36,11,48
15,45,2026,1,14,4,19,9,58
15,52,2026,1,14,21,6,14,50
16,0,2026,1,14,21,2,0,52
16,6,2026,1,14,4,5,1,56
16,11,2026,1,14,12,30,20,66
16,14,2026,1,14,17,3,13,56
16,21,2026,1,14,16,4,17,43
16,24,2026,1,14,14,6,18,31
16,32,2026,1,14,16,3,0,34
16,36,2026,1,14,17,2,3,33
16,41,2026,1,14,12,14,12,35
16,45,2026,1,14,4,4,15,24
16,52,2026,1,14,21,3,15,12
17,0,2026,1,14,21,6,0,18
17,6,2026,1,14,4,4,1,21
17,11,2026,1,14,12,20,12,29
17,14,2026,1,14,17,4,7,26
17,21,2026,1,14,16,2,7,21
17,24,2026,1,14,14,6,8,19
17,32,2026,1,14,16,6,0,25
17,36,2026,1,14,17,5,0,30
17,41,2026,1,14,12,22,14,38
17,45,2026,1,14,4,6,15,29
17,52,2026,1,14,21,4,11,22
18,0,2026,1,14,21,4,0,26
18,6,2026,1,14,4,5,0,31
18,11,2026,1,14,12,35,11,55
18,14,2026,1,14,17,3,13,45
18,21,2026,1,14,16,5,18,32
18,24,2026,1,14,14,6,9,29
18,32,2026,1,14,16,5,0,34
18,36,2026,1,14,17,6,3,37
18,41,2026,1,14,12,12,15,34
18,45,2026,1,14,4,2,8,28
18,52,2026,1,14,21,3,14,17
19,0,2026,1,14,21,3,0,20
19,6,2026,1,14,4,5,0,25
19,11,2026,1,14,12,23,8,40
19,14,2026,1,14,17,3,13,30
19,21,2026,1,14,16,6,12,24
19,24,2026,1,14,14,4,10,18
19,32,2026,1,14,16,3,0,21
19,36,2026,1,14,17,2,0,23
19,41,2026,1,14,12,16,14,25
19,45,2026,1,14,4,5,2,28
19,52,2026,1,14,21,5,10,23
20,0,2026,1,14,21,5,0,28
20,6,2026,1,14,4,5,1,32
20,11,2026,1,14,12,36,12,56
20,14,2026,1,14,17,3,13,46
20,21,2026,1,14,16,2,15,33
20,24,2026,1,14,14,6,13,26
20,32,2026,1,14,16,2,0,28
20,36,2026,1,14,17,2,1,29
20,41,2026,1,14,12,12,8,33
20,45,2026,1,14,4,6,14,25
20,52,2026,1,14,21,4,9,20
21,0,2026,1,14,21,5,0,25
21,6,2026,1,14,4,3,0,28
21,11,2026,1,14,12,27,16,39
21,14,2026,1,14,17,3,9,33
21,21,2026,1,14,16,2,10,25
21,24,2026,1,14,14,3,10,18
21,32,2026,1,14,16,2,0,20
21,36,2026,1,14,17,6,2,24
21,41,2026,1,14,12,29,12,41
21,45,2026,1,14,4,5,11,35
21,52,2026,1,14,21,5,13,27
22,0,2026,1,14,21,6,0,33
22,6,2026,1,14,4,4,0,37
22,11,2026,1,14,12,13,13,37
22,14,2026,1,14,17,5,6,36
22,21,2026,1,14,16,5,17,24
22,24,2026,1,14,14,5,9,20
22,32,2026,1,14,16,6,0,26
22,36,2026,1,14,17,4,1,29
22,41,2026,1,14,12,23,20,32
22,45,2026,1,14,4,4,8,28
22,52,2026,1,14,21,3,11,20
23,0,2026,1,14,21,3,0,23
23,6,2026,1,14,4,6,0,29
23,11,2026,1,14,12,20,9,40
23,14,2026,1,14,17,3,9,34
23,21,2026,1,14,16,2,14,22
23,24,2026,1,14,14,2,10,14
23,32,2026,1,14,16,4,0,18
23,36,2026,1,14,17,4,1,21
23,41,2026,1,14,12,13,12,22
23,45,2026,1,14,4,3,10,15
23,52,2026,1,14,21,0,15,0
6,0,2026,1,15,21,3,0,3
6,6,2026,1,15,4,2,0,5
6,11,2026,1,15,12,32,3,34
6,14,2026,1,15,17,8,11,31
6,21,2026,1,15,16,21,7,45
6,24,2026,1,15,14,21,10,56
6,32,2026,1,15,16,16,6,66
6,36,2026,1,15,17,8,8,66
6,41,2026,1,15,12,20,20,66
6,45,2026,1,15,4,3,20,49
6,52,2026,1,15,21,6,18,37
7,0,2026,1,15,21,5,0,42
7,6,2026,1,15,4,1,2,41
7,11,2026,1,15,12,32,9,64
7,14,2026,1,15,17,11,9,66
7,21,2026,1,15,16,9,12,63
7,24,2026,1,15,14,6,20,49
7,32,2026,1,15,16,15,0,64
7,36,2026,1,15,17,7,5,66
7,41,2026,1,15,12,20,20,66
7,45,2026,1,15,4,2,20,48
7,52,2026,1,15,21,4,20,32
8,0,2026,1,15,21,4,0,36
8,6,2026,1,15,4,4,2,38
8,11,2026,1,15,12,13,8,43
8,14,2026,1,15,17,16,6,53
8,21,2026,1,15,16,11,11,53
8,24,2026,1,15,14,15,20,48
8,32,2026,1,15,16,7,2,53
8,36,2026,1,15,17,8,3,58
8,41,2026,1,15,12,12,20,50
8,45,2026,1,15,4,3,20,33
8,52,2026,1,15,21,3,13,23
9,0,2026,1,15,21,5,0,28
9,6,2026,1,15,4,2,1,29
9,11,2026,1,15,12,32,11,50
9,14,2026,1,15,17,6,3,53
9,21,2026,1,15,16,5,13,45
9,24,2026,1,15,14,2,12,35
9,32,2026,1,15,16,3,0,38
9,36,2026,1,15,17,6,0,44
9,41,2026,1,15,12,32,17,59
9,45,2026,1,15,4,2,20,41
9,52,2026,1,15,21,3,14,30
10,0,2026,1,15,21,3,0,33
10,6,2026,1,15,4,2,0,35
10,11,2026,1,15,12,34,6,63
10,14,2026,1,15,17,4,11,56
10,21,2026,1,15,16,4,17,43
10,24,2026,1,15,14,2,20,25
10,32,2026,1,15,16,6,0,31
10,36,2026,1,15,17,3,2,32
10,41,2026,1,15,12,11,11,32
10,45,2026,1,15,4,3,5,30
10,52,2026,1,15,21,3,19,14
11,0,2026,1,15,21,6,0,20
11,6,2026,1,15,4,6,1,25
11,11,2026,1,15,12,18,11,32
11,14,2026,1,15,17,4,9,27
11,21,2026,1,15,16,6,6,27
11,24,2026,1,15,14,2,8,21
11,32,2026,1,15,16,5,1,25
11,36,2026,1,15,17,2,3,24
11,41,2026,1,15,12,32,8,48
11,45,2026,1,15,4,3,10,41
11,52,2026,1,15,21,2,19,24
12,0,2026,1,15,21,4,0,28
12,6,2026,1,15,4,4,2,30
12,11,2026,1,15,12,32,9,53
12,14,2026,1,15,17,6,16,43
12,21,2026,1,15,16,4,19,28
12,24,2026,1,15,14,6,11,23
12,32,2026,1,15,16,5,0,28
12,36,2026,1,15,17,6,1,33
12,41,2026,1,15,12,21,17,37
12,45,2026,1,15,4,5,12,30
12,52,2026,1,15,21,5,13,22
13,0,2026,1,15,21,2,0,24
13,6,2026,1,15,4,17,0,41
13,11,2026,1,15,12,30,20,51
13,14,2026,1,15,17,3,14,40
13,21,2026,1,15,16,6,17,29
13,24,2026,1,15,14,4,10,23
13,32,2026,1,15,16,3,0,26
13,36,2026,1,15,17,3,1,28
13,41,2026,1,15,12,16,14,30
13,45,2026,1,15,4,32,5,57
13,52,2026,1,15,21,4,13,48
14,0,2026,1,15,21,5,0,53
14,6,2026,1,15,4,11,4,60
14,11,2026,1,15,12,24,20,64
14,14,2026,1,15,17,6,18,52
14,21,2026,1,15,16,3,18,37
14,24,2026,1,15,14,2,15,24
14,32,2026,1,15,16,5,1,28
14,36,2026,1,15,17,3,0,31
14,41,2026,1,15,12,31,12,50
14,45,2026,1,15,4,10,6,54
14,52,2026,1,15,21,5,20,39
15,0,2026,1,15,21,4,0,43
15,6,2026,1,15,4,23,0,66
15,11,2026,1,15,12,20,20,66
15,14,2026,1,15,17,3,18,51
15,21,2026,1,15,16,2,20,33
15,24,2026,1,15,14,5,16,22
15,32,2026,1,15,16,3,0,25
15,36,2026,1,15,17,2,1,26
15,41,2026,1,15,12,12,8,30
15,45,2026,1,15,4,25,7,48
15,52,2026,1,15,21,3,18,33
16,0,2026,1,15,21,2,0,35
16,6,2026,1,15,4,6,0,41
16,11,2026,1,15,12,24,20,45
16,14,2026,1,15,17,6,11,40
16,21,2026,1,15,16,4,12,32
16,24,2026,1,15,14,4,10,26
16,32,2026,1,15,16,5,0,31
16,36,2026,1,15,17,6,0,37
16,41,2026,1,15,12,22,18,41
16,45,2026,1,15,4,3,9,35
16,52,2026,1,15,21,4,15,24
17,0,2026,1,15,21,5,0,29
17,6,2026,1,15,4,5,1,33
17,11,2026,1,15,12,32,9,56
17,14,2026,1,15,17,3,11,48
17,21,2026,1,15,16,4,15,37
17,24,2026,1,15,14,2,17,22
17,32,2026,1,15,16,4,0,26
17,36,2026,1,15,17,2,0,28
17,41,2026,1,15,12,27,12,43
17,45,2026,1,15,4,5,10,38
17,52,2026,1,15,21,6,19,25
18,0,2026,1,15,21,3,0,28
18,6,2026,1,15,4,2,1,29
18,11,2026,1,15,12,12,7,34
18,14,2026,1,15,17,2,13,23
18,21,2026,1,15,16,4,7,20
18,24,2026,1,15,14,6,10,16
18,32,2026,1,15,16,6,0,22
18,36,2026,1,15,17,3,3,22
18,41,2026,1,15,12,27,15,34
18,45,2026,1,15,4,2,10,26
18,52,2026,1,15,21,6,6,26
19,0,2026,1,15,21,4,0,30
19,6,2026,1,15,4,4,1,33
19,11,2026,1,15,12,9,10,32
19,14,2026,1,15,17,3,10,25
19,21,2026,1,15,16,2,10,17
19,24,2026,1,15,14,2,10,9
19,32,2026,1,15,16,2,1,10
19,36,2026,1,15,17,6,1,15
19,41,2026,1,15,12,20,11,24
19,45,2026,1,15,4,5,5,24
19,52,2026,1,15,21,3,6,21
20,0,2026,1,15,21,3,0,24
20,6,2026,1,15,4,4,0,28
20,11,2026,1,15,12,15,9,34
20,14,2026,1,15,17,2,7,29
20,21,2026,1,15,16,4,10,23
20,24,2026,1,15,14,2,12,13
20,32,2026,1,15,16,4,0,17
20,36,2026,1,15,17,6,3,20
20,41,2026,1,15,12,26,11,35
20,45,2026,1,15,4,6,8,33
20,52,2026,1,15,21,4,5,32
21,0,2026,1,15,21,3,0,35
21,6,2026,1,15,4,6,0,41
21,11,2026,1,15,12,30,10,61
21,14,2026,1,15,17,4,17,48
21,21,2026,1,15,16,2,19,31
21,24,2026,1,15,14,4,15,20
21,32,2026,1,15,16,6,0,26
21,36,2026,1,15,17,2,0,28
21,41,2026,1,15,12,34,12,50
21,45,2026,1,15,4,3,17,36
21,52,2026,1,15,21,4,19,21
22,0,2026,1,15,21,4,0,25
22,6,2026,1,15,4,6,0,31
22,11,2026,1,15,12,23,12,42
22,14,2026,1,15,17,2,14,30
22,21,2026,1,15,16,4,13,21
22,24,2026,1,15,14,5,6,20
22,32,2026,1,15,16,6,0,26
22,36,2026,1,15,17,6,2,30
22,41,2026,1,15,12,13,12,31
22,45,2026,1,15,4,5,7,29
22,52,2026,1,15,21,2,10,21
23,0,2026,1,15,21,2,0,23
23,6,2026,1,15,4,6,0,29
23,11,2026,1,15,12,35,9,55
23,14,2026,1,15,17,3,12,46
23,21,2026,1,15,16,5,13,38
23,24,2026,1,15,14,3,17,24
23,32,2026,1,15,16,6,0,30
23,36,2026,1,15,17,6,1,35
23,41,2026,1,15,12,18,19,34
23,45,2026,1,15,4,0,14,20
23,52,2026,1,15,21,0,20,0
6,0,2026,1,16,21,6,0,6
6,6,2026,1,16,4,2,0,8
6,11,2026,1,16,12,27,6,29
6,14,2026,1,16,17,8,9,28
6,21,2026,1,16,16,9,9,28
6,24,2026,1,16,14,13,4,37
6,32,2026,1,16,16,18,3,52
6,36,2026,1,16,17,15,5,62
6,41,2026,1,16,12,24,20,66
6,45,2026,1,16,4,4,20,50
6,52,2026,1,16,21,3,17,36
7,0,2026,1,16,21,3,0,39
7,6,2026,1,16,4,5,0,44
7,11,2026,1,16,12,23,9,58
7,14,2026,1,16,17,18,11,65
7,21,2026,1,16,16,9,17,57
7,24,2026,1,16,14,20,20,57
7,32,2026,1,16,16,11,2,66
7,36,2026,1,16,17,6,15,57
7,41,2026,1,16,12,20,20,57
7,45,2026,1,16,4,3,20,40
7,52,2026,1,16,21,6,14,32
8,0,2026,1,16,21,2,0,34
8,6,2026,1,16,4,4,3,35
8,11,2026,1,16,12,8,8,35
8,14,2026,1,16,17,11,5,41
8,21,2026,1,16,16,10,7,44
8,24,2026,1,16,14,6,15,35
8,32,2026,1,16,16,13,0,48
8,36,2026,1,16,17,5,3,50
8,41,2026,1,16,12,33,20,63
8,45,2026,1,16,4,2,20,45
8,52,2026,1,16,21,6,17,34
9,0,2026,1,16,21,4,0,38
9,6,2026,1,16,4,2,3,37
9,11,2026,1,16,12,13,7,43
9,14,2026,1,16,17,5,6,42
9,21,2026,1,16,16,3,12,33
9,24,2026,1,16,14,3,15,21
9,32,2026,1,16,16,2,0,23
9,36,2026,1,16,17,6,2,27
9,41,2026,1,16,12,10,7,30
9,45,2026,1,16,4,3,20,13
9,52,2026,1,16,21,6,7,12
10,0,2026,1,16,21,2,0,14
10,6,2026,1,16,4,3,1,16
10,11,2026,1,16,12,34,6,44
10,14,2026,1,16,17,6,9,41
10,21,2026,1,16,16,2,8,35
10,24,2026,1,16,14,5,15,25
10,32,2026,1,16,16,2,0,27
10,36,2026,1,16,17,6,0,33
10,41,2026,1,16,12,14,13,34
10,45,2026,1,16,4,6,15,25
10,52,2026,1,16,21,2,12,15
11,0,2026,1,16,21,6,0,21
11,6,2026,1,16,4,5,0,26
11,11,2026,1,16,12,32,15,43
11,14,2026,1,16,17,3,15,31
11,21,2026,1,16,16,4,6,29
11,24,2026,1,16,14,4,15,18
11,32,2026,1,16,16,4,1,21
11,36,2026,1,16,17,4,0,25
11,41,2026,1,16,12,27,14,38
11,45,2026,1,16,4,2,9,31
11,52,2026,1,16,21,3,14,20
12,0,2026,1,16,21,3,0,23
12,6,2026,1,16,4,2,0,25
12,11,2026,1,16,12,8,8,25
12,14,2026,1,16,17,6,8,23
12,21,2026,1,16,16,3,9,17
12,24,2026,1,16,14,2,6,13
12,32,2026,1,16,16,2,1,14
12,36,2026,1,16,17,2,1,15
12,41,2026,1,16,12,28,9,34
12,45,2026,1,16,4,2,6,30
12,52,2026,1,16,21,5,7,28
13,0,2026,1,16,21,6,0,34
13,6,2026,1,16,4,29,1,62
13,11,2026,1,16,12,24,20,66
13,14,2026,1,16,17,6,17,55
13,21,2026,1,16,16,6,15,46
13,24,2026,1,16,14,2,20,28
13,32,2026,1,16,16,4,1,31
13,36,2026,1,16,17,4,1,34
13,41,2026,1,16,12,31,16,49
13,45,2026,1,16,4,26,12,63
13,52,2026,1,16,21,5,20,48
14,0,2026,1,16,21,2,0,50
14,6,2026,1,16,4,16,0,66
14,11,2026,1,16,12,9,20,55
14,14,2026,1,16,17,3,20,38
14,21,2026,1,16,16,6,15,29
14,24,2026,1,16,14,3,13,19
14,32,2026,1,16,16,6,0,25
14,36,2026,1,16,17,6,3,28
14,41,2026,1,16,12,12,14,26
14,45,2026,1,16,4,8,6,28
14,52,2026,1,16,21,2,14,16
15,0,2026,1,16,21,3,0,19
15,6,2026,1,16,4,11,0,30
15,11,2026,1,16,12,25,13,42
15,14,2026,1,16,17,5,5,42
15,21,2026,1,16,16,6,13,35
15,24,2026,1,16,14,5,9,31
15,32,2026,1,16,16,6,0,37
15,36,2026,1,16,17,6,2,41
15,41,2026,1,16,12,11,19,33
15,45,2026,1,16,4,23,9,47
15,52,2026,1,16,21,3,17,33
16,0,2026,1,16,21,4,0,37
16,6,2026,1,16,4,5,1,41
16,11,2026,1,16,12,27,20,48
16,14,2026,1,16,17,4,7,45
16,21,2026,1,16,16,2,16,31
16,24,2026,1,16,14,6,17,20
16,32,2026,1,16,16,6,0,26
16,36,2026,1,16,17,6,3,29
16,41,2026,1,16,12,26,13,42
16,45,2026,1,16,4,3,16,29
16,52,2026,1,16,21,5,12,22
17,0,2026,1,16,21,6,0,28
17,6,2026,1,16,4,5,1,32
17,11,2026,1,16,12,30,11,51
17,14,2026,1,16,17,3,18,36
17,21,2026,1,16,16,2,14,24
17,24,2026,1,16,14,4,13,15
17,32,2026,1,16,16,6,0,21
17,36,2026,1,16,17,3,2,22
17,41,2026,1,16,12,13,11,24
17,45,2026,1,16,4,6,3,27
17,52,2026,1,16,21,2,14,15
18,0,2026,1,16,21,4,0,19
18,6,2026,1,16,4,4,1,22
18,11,2026,1,16,12,19,10,31
18,14,2026,1,16,17,3,8,26
18,21,2026,1,16,16,2,8,20
18,24,2026,1,16,14,6,10,16
18,32,2026,1,16,16,5,0,21
18,36,2026,1,16,17,4,0,25
18,41,2026,1,16,12,34,18,41
18,45,2026,1,16,4,3,7,37
18,52,2026,1,16,21,5,9,33
19,0,2026,1,16,21,5,0,38
19,6,2026,1,16,4,6,1,43
19,11,2026,1,16,12,18,12,49
19,14,2026,1,16,17,3,10,42
19,21,2026,1,16,16,4,13,33
19,24,2026,1,16,14,2,19,16
19,32,2026,1,16,16,4,0,20
19,36,2026,1,16,17,5,1,24
19,41,2026,1,16,12,31,12,43
19,45,2026,1,16,4,6,12,37
19,52,2026,1,16,21,6,13,30
20,0,2026,1,16,21,5,0,35
20,6,2026,1,16,4,4,1,38
20,11,2026,1,16,12,21,11,48
20,14,2026,1,16,17,3,13,38
20,21,2026,1,16,16,3,15,26
20,24,2026,1,16,14,2,10,18
20,32,2026,1,16,16,6,0,24
20,36,2026,1,16,17,2,1,25
20,41,2026,1,16,12,30,10,45
20,45,2026,1,16,4,3,17,31
20,52,2026,1,16,21,3,12,22
21,0,2026,1,16,21,4,0,26
21,6,2026,1,16,4,4,0,30
21,11,2026,1,16,12,34,7,57
21,14,2026,1,16,17,3,14,46
21,21,2026,1,16,16,2,15,33
21,24,2026,1,16,14,2,19,16
21,32,2026,1,16,16,4,0,20
21,36,2026,1,16,17,5,1,24
21,41,2026,1,16,12,27,7,44
21,45,2026,1,16,4,5,7,42
21,52,2026,1,16,21,3,16,29
22,0,2026,1,16,21,6,0,35
22,6,2026,1,16,4,2,0,37
22,11,2026,1,16,12,12,10,39
22,14,2026,1,16,17,2,14,27
22,21,2026,1,16,16,2,13,16
22,24,2026,1,16,14,3,9,10
22,32,2026,1,16,16,5,0,15
22,36,2026,1,16,17,6,0,21
22,41,2026,1,16,12,25,11,35
22,45,2026,1,16,4,6,7,34
22,52,2026,1,16,21,5,10,29
23,0,2026,1,16,21,5,0,34
23,6,2026,1,16,4,4,2,36
23,11,2026,1,16,12,14,16,34
23,14,2026,1,16,17,2,14,22
23,21,2026,1,16,16,5,7,20
23,24,2026,1,16,14,4,10,14
23,32,2026,1,16,16,2,0,16
23,36,2026,1,16,17,4,2,18
23,41,2026,1,16,12,13,12,19
23,45,2026,1,16,4,6,12,13
23,52,2026,1,16,21,0,13,0
6,0,2026,1,17,21,2,0,2
6,6,2026,1,17,4,3,0,5
6,11,2026,1,17,12,17,2,20
6,14,2026,1,17,17,6,6,20
6,21,2026,1,17,16,14,3,31
6,24,2026,1,17,14,17,5,43
6,32,2026,1,17,16,12,0,55
6,36,2026,1,17,17,17,8,64
6,41,2026,1,17,12,10,20,54
6,45,2026,1,17,4,5,19,40
6,52,2026,1,17,21,4,15,29
7,0,2026,1,17,21,3,0,32
7,6,2026,1,17,4,4,3,33
7,11,2026,1,17,12,32,9,56
7,14,2026,1,17,17,14,10,60
7,21,2026,1,17,16,16,10,66
7,24,2026,1,17,14,12,20,58
7,32,2026,1,17,16,12,4,66
7,36,2026,1,17,17,15,15,66
7,41,2026,1,17,12,20,20,66
7,45,2026,1,17,4,4,20,50
7,52,2026,1,17,21,5,16,39
8,0,2026,1,17,21,2,0,41
8,6,2026,1,17,4,5,1,45
8,11,2026,1,17,12,10,10,45
8,14,2026,1,17,17,9,4,50
8,21,2026,1,17,16,5,19,36
8,24,2026,1,17,14,12,16,32
8,32,2026,1,17,16,22,0,54
8,36,2026,1,17,17,14,5,63
8,41,2026,1,17,12,23,20,66
8,45,2026,1,17,4,4,20,50
8,52,2026,1,17,21,5,13,42
9,0,2026,1,17,21,3,0,45
9,6,2026,1,17,4,3,2,46
9,11,2026,1,17,12,19,7,58
9,14,2026,1,17,17,5,13,50
9,21,2026,1,17,16,2,17,35
9,24,2026,1,17,14,4,14,25
9,32,2026,1,17,16,2,0,27
9,36,2026,1,17,17,2,0,29
9,41,2026,1,17,12,9,8,30
9,45,2026,1,17,4,5,20,15
9,52,2026,1,17,21,4,6,13
10,0,2026,1,17,21,2,0,15
10,6,2026,1,17,4,3,0,18
10,11,2026,1,17,12,36,9,45
10,14,2026,1,17,17,3,9,39
10,21,2026,1,17,16,5,10,34
10,24,2026,1,17,14,6,15,25
10,32,2026,1,17,16,5,2,28
10,36,2026,1,17,17,6,2,32
10,41,2026,1,17,12,24,17,39
10,45,2026,1,17,4,6,15,30
10,52,2026,1,17,21,4,10,24
11,0,2026,1,17,21,4,0,28
11,6,2026,1,17,4,5,0,33
11,11,2026,1,17,12,27,14,46
11,14,2026,1,17,17,2,12,36
11,21,2026,1,17,16,6,13,29
11,24,2026,1,17,14,5,15,19
11,32,2026,1,17,16,5,1,23
11,36,2026,1,17,17,3,1,25
11,41,2026,1,17,12,16,12,29
11,45,2026,1,17,4,5,15,19
11,52,2026,1,17,21,5,9,15
12,0,2026,1,17,21,3,0,18
12,6,2026,1,17,4,2,1,19
12,11,2026,1,17,12,30,11,38
12,14,2026,1,17,17,3,8,33
12,21,2026,1,17,16,5,5,33
12,24,2026,1,17,14,6,10,29
12,32,2026,1,17,16,4,0,33
12,36,2026,1,17,17,6,3,36
12,41,2026,1,17,12,27,15,48
12,45,2026,1,17,4,2,16,34
12,52,2026,1,17,21,2,14,22
13,0,2026,1,17,21,5,0,27
13,6,2026,1,17,4,24,0,51
13,11,2026,1,17,12,16,20,47
13,14,2026,1,17,17,3,12,38
13,21,2026,1,17,16,4,16,26
13,24,2026,1,17,14,5,14,17
13,32,2026,1,17,16,6,0,23
13,36,2026,1,17,17,4,2,25
13,41,2026,1,17,12,16,15,26
13,45,2026,1,17,4,19,0,45
13,52,2026,1,17,21,4,14,35
14,0,2026,1,17,21,2,0,37
14,6,2026,1,17,4,26,0,63
14,11,2026,1,17,12,9,20,52
14,14,2026,1,17,17,2,16,38
14,21,2026,1,17,16,3,12,29
14,24,2026,1,17,14,2,16,15
14,32,2026,1,17,16,5,0,20
14,36,2026,1,17,17,4,2,22
14,41,2026,1,17,12,26,14,34
14,45,2026,1,17,4,29,5,58
14,52,2026,1,17,21,2,14,46
15,0,2026,1,17,21,6,0,52
15,6,2026,1,17,4,8,2,58
15,11,2026,1,17,12,28,20,66
15,14,2026,1,17,17,6,17,55
15,21,2026,1,17,16,4,20,39
15,24,2026,1,17,14,6,17,28
15,32,2026,1,17,16,2,1,29
15,36,2026,1,17,17,3,0,32
15,41,2026,1,17,12,13,16,29
15,45,2026,1,17,4,12,10,31
15,52,2026,1,17,21,4,12,23
16,0,2026,1,17,21,5,0,28
16,6,2026,1,17,4,4,0,32
16,11,2026,1,17,12,31,13,50
16,14,2026,1,17,17,5,12,43
16,21,2026,1,17,16,6,12,37
16,24,2026,1,17,14,5,12,30
16,32,2026,1,17,16,4,0,34
16,36,2026,1,17,17,6,1,39
16,41,2026,1,17,12,17,18,38
16,45,2026,1,17,4,6,16,28
16,52,2026,1,17,21,4,9,23
17,0,2026,1,17,21,2,0,25
17,6,2026,1,17,4,4,0,29
17,11,2026,1,17,12,14,9,34
17,14,2026,1,17,17,3,13,24
17,21,2026,1,17,16,3,5,22
17,24,2026,1,17,14,4,11,15
17,32,2026,1,17,16,2,0,17
17,36,2026,1,17,17,4,0,21
17,41,2026,1,17,12,24,13,32
17,45,2026,1,17,4,4,12,24
17,52,2026,1,17,21,4,8,20
18,0,2026,1,17,21,3,0,23
18,6,2026,1,17,4,4,0,27
18,11,2026,1,17,12,12,9,30
18,14,2026,1,17,17,5,5,30
18,21,2026,1,17,16,5,12,23
18,24,2026,1,17,14,6,8,21
18,32,2026,1,17,16,4,0,25
18,36,2026,1,17,17,5,1,29
18,41,2026,1,17,12,19,20,28
18,45,2026,1,17,4,4,6,26
18,52,2026,1,17,21,2,8,20
19,0,2026,1,17,21,3,0,23
19,6,2026,1,17,4,2,0,25
19,11,2026,1,17,12,21,10,36
19,14,2026,1,17,17,6,6,36
19,21,2026,1,17,16,4,16,24
19,24,2026,1,17,14,3,10,17
19,32,2026,1,17,16,6,0,23
19,36,2026,1,17,17,4,2,25
19,41,2026,1,17,12,9,16,18
19,45,2026,1,17,4,6,7,17
19,52,2026,1,17,21,2,6,13
20,0,2026,1,17,21,4,0,17
20,6,2026,1,17,4,4,1,20
20,11,2026,1,17,12,8,8,20
20,14,2026,1,17,17,6,3,23
20,21,2026,1,17,16,2,3,22
20,24,2026,1,17,14,3,9,16
20,32,2026,1,17,16,2,0,18
20,36,2026,1,17,17,6,0,24
20,41,2026,1,17,12,14,12,26
20,45,2026,1,17,4,4,3,27
20,52,2026,1,17,21,3,10,20
21,0,2026,1,17,21,4,0,24
21,6,2026,1,17,4,4,0,28
21,11,2026,1,17,12,25,11,42
21,14,2026,1,17,17,4,9,37
21,21,2026,1,17,16,5,8,34
21,24,2026,1,17,14,3,15,22
21,32,2026,1,17,16,6,0,28
21,36,2026,1,17,17,2,3,27
21,41,2026,1,17,12,20,14,33
21,45,2026,1,17,4,2,6,29
21,52,2026,1,17,21,4,15,18
22,0,2026,1,17,21,6,0,24
22,6,2026,1,17,4,5,0,29
22,11,2026,1,17,12,11,14,26
22,14,2026,1,17,17,6,9,23
22,21,2026,1,17,16,5,4,24
22,24,2026,1,17,14,3,9,18
22,32,2026,1,17,16,5,1,22
22,36,2026,1,17,17,4,0,26
22,41,2026,1,17,12,24,14,36
22,45,2026,1,17,4,6,9,33
22,52,2026,1,17,21,5,18,20
23,0,2026,1,17,21,3,0,23
23,6,2026,1,17,4,4,1,26
23,11,2026,1,17,12,18,8,36
23,14,2026,1,17,17,2,16,22
23,21,2026,1,17,16,2,10,14
23,24,2026,1,17,14,4,3,15
23,32,2026,1,17,16,2,0,17
23,36,2026,1,17,17,3,0,20
23,41,2026,1,17,12,22,12,30
23,45,2026,1,17,4,4,14,20
23,52,2026,1,17,21,0,20,0
6,0,2026,1,18,21,4,0,4
6,6,2026,1,18,4,2,0,6
6,11,2026,1,18,12,8,3,11
6,14,2026,1,18,17,6,4,13
6,21,2026,1,18,16,19,3,29
6,24,2026,1,18,14,13,2,40
6,32,2026,1,18,16,10,3,47
6,36,2026,1,18,17,15,7,55
6,41,2026,1,18,12,22,20,57
6,45,2026,1,18,4,2,14,45
6,52,2026,1,18,21,3,16,32
7,0,2026,1,18,21,4,0,36
7,6,2026,1,18,4,4,3,37
7,11,2026,1,18,12,22,9,50
7,14,2026,1,18,17,10,5,55
7,21,2026,1,18,16,11,17,49
7,24,2026,1,18,14,14,20,43
7,32,2026,1,18,16,8,1,50
7,36,2026,1,18,17,12,5,57
7,41,2026,1,18,12,29,20,66
7,45,2026,1,18,4,1,20,47
7,52,2026,1,18,21,4,17,34
8,0,2026,1,18,21,2,0,36
8,6,2026,1,18,4,3,2,37
8,11,2026,1,18,12,32,3,66
8,14,2026,1,18,17,11,11,66
8,21,2026,1,18,16,15,15,66
8,24,2026,1,18,14,16,19,63
8,32,2026,1,18,16,5,7,61
8,36,2026,1,18,17,5,9,57
8,41,2026,1,18,12,11,20,48
8,45,2026,1,18,4,4,20,32
8,52,2026,1,18,21,4,16,20
9,0,2026,1,18,21,4,0,24
9,6,2026,1,18,4,4,3,25
9,11,2026,1,18,12,12,10,27
9,14,2026,1,18,17,6,7,26
9,21,2026,1,18,16,2,9,19
9,24,2026,1,18,14,4,6,17
9,32,2026,1,18,16,4,0,21
9,36,2026,1,18,17,5,0,26
9,41,2026,1,18,12,34,7,53
9,45,2026,1,18,4,2,20,35
9,52,2026,1,18,21,4,10,29
10,0,2026,1,18,21,6,0,35
10,6,2026,1,18,4,5,2,38
10,11,2026,1,18,12,26,14,50
10,14,2026,1,18,17,2,11,41
10,21,2026,1,18,16,3,17,27
10,24,2026,1,18,14,3,16,14
10,32,2026,1,18,16,2,0,16
10,36,2026,1,18,17,3,1,18
10,41,2026,1,18,12,29,7,40
10,45,2026,1,18,4,3,12,31
10,52,2026,1,18,21,3,8,26
11,0,2026,1,18,21,4,0,30
11,6,2026,1,18,4,3,1,32
11,11,2026,1,18,12,31,11,52
11,14,2026,1,18,17,3,13,42
11,21,2026,1,18,16,4,13,33
11,24,2026,1,18,14,5,17,21
11,32,2026,1,18,16,2,0,23
11,36,2026,1,18,17,4,1,26
11,41,2026,1,18,12,30,9,47
11,45,2026,1,18,4,4,13,38
11,52,2026,1,18,21,2,8,32
12,0,2026,1,18,21,6,0,38
12,6,2026,1,18,4,4,1,41
12,11,2026,1,18,12,21,9,53
12,14,2026,1,18,17,5,18,40
12,21,2026,1,18,16,3,15,28
12,24,2026,1,18,14,5,12,21
12,32,2026,1,18,16,4,1,24
12,36,2026,1,18,17,4,0,28
12,41,2026,1,18,12,16,13,31
12,45,2026,1,18,4,2,10,23
12,52,2026,1,18,21,3,9,17
13,0,2026,1,18,21,4,0,21
13,6,2026,1,18,4,19,2,38
13,11,2026,1,18,12,34,13,59
13,14,2026,1,18,17,4,15,48
13,21,2026,1,18,16,2,13,37
13,24,2026,1,18,14,2,15,24
13,32,2026,1,18,16,3,0,27
13,36,2026,1,18,17,4,2,29
13,41,2026,1,18,12,19,11,37
13,45,2026,1,18,4,28,9,56
13,52,2026,1,18,21,6,16,46
14,0,2026,1,18,21,4,0,50
14,6,2026,1,18,4,8,1,57
14,11,2026,1,18,12,17,20,54
14,14,2026,1,18,17,3,18,39
14,21,2026,1,18,16,3,12,30
14,24,2026,1,18,14,2,17,15
14,32,2026,1,18,16,2,0,17
14,36,2026,1,18,17,2,1,18
14,41,2026,1,18,12,31,7,42
14,45,2026,1,18,4,9,9,42
14,52,2026,1,18,21,3,14,31
15,0,2026,1,18,21,4,0,35
15,6,2026,1,18,4,19,0,54
15,11,2026,1,18,12,21,20,55
15,14,2026,1,18,17,5,13,47
15,21,2026,1,18,16,4,17,34
15,24,2026,1,18,14,4,18,20
15,32,2026,1,18,16,4,0,24
15,36,2026,1,18,17,4,0,28
15,41,2026,1,18,12,29,16,41
15,45,2026,1,18,4,25,12,54
15,52,2026,1,18,21,2,15,41
16,0,2026,1,18,21,4,0,45
16,6,2026,1,18,4,5,1,49
16,11,2026,1,18,12,13,20,42
16,14,2026,1,18,17,4,12,34
16,21,2026,1,18,16,2,13,23
16,24,2026,1,18,14,2,10,15
16,32,2026,1,18,16,4,0,19
16,36,2026,1,18,17,2,0,21
16,41,2026,1,18,12,30,10,41
16,45,2026,1,18,4,5,10,36
16,52,2026,1,18,21,2,15,23
17,0,2026,1,18,21,2,0,25
17,6,2026,1,18,4,6,1,30
17,11,2026,1,18,12,12,8,34
17,14,2026,1,18,17,6,4,36
17,21,2026,1,18,16,6,15,27
17,24,2026,1,18,14,2,12,17
17,32,2026,1,18,16,3,0,20
17,36,2026,1,18,17,5,1,24
17,41,2026,1,18,12,10,14,20
17,45,2026,1,18,4,3,5,18
17,52,2026,1,18,21,6,9,15
18,0,2026,1,18,21,3,0,18
18,6,2026,1,18,4,4,0,22
18,11,2026,1,18,12,17,11,28
18,14,2026,1,18,17,5,8,25
18,21,2026,1,18,16,4,8,21
18,24,2026,1,18,14,3,11,13
18,32,2026,1,18,16,4,0,17
18,36,2026,1,18,17,3,2,18
18,41,2026,1,18,12,17,11,24
18,45,2026,1,18,4,4,7,21
18,52,2026,1,18,21,4,5,20
19,0,2026,1,18,21,5,0,25
19,6,2026,1,18,4,3,1,27
19,11,2026,1,18,12,19,10,36
19,14,2026,1,18,17,6,7,35
19,21,2026,1,18,16,4,9,30
19,24,2026,1,18,14,6,10,26
19,32,2026,1,18,16,4,0,30
19,36,2026,1,18,17,2,0,32
19,41,2026,1,18,12,12,13,31
19,45,2026,1,18,4,2,14,19
19,52,2026,1,18,21,6,7,18
20,0,2026,1,18,21,5,0,23
20,6,2026,1,18,4,6,1,28
20,11,2026,1,18,12,21,17,32
20,14,2026,1,18,17,5,5,32
20,21,2026,1,18,16,3,11,24
20,24,2026,1,18,14,4,11,17
20,32,2026,1,18,16,6,0,23
20,36,2026,1,18,17,6,2,27
20,41,2026,1,18,12,28,14,41
20,45,2026,1,18,4,4,12,33
20,52,2026,1,18,21,6,10,29
21,0,2026,1,18,21,6,0,35
21,6,2026,1,18,4,4,1,38
21,11,2026,1,18,12,9,16,31
21,14,2026,1,18,17,6,6,31
21,21,2026,1,18,16,2,12,21
21,24,2026,1,18,14,4,10,15
21,32,2026,1,18,16,3,1,17
21,36,2026,1,18,17,5,1,21
21,41,2026,1,18,12,19,12,28
21,45,2026,1,18,4,3,11,20
21,52,2026,1,18,21,6,9,17
22,0,2026,1,18,21,4,0,21
22,6,2026,1,18,4,6,2,25
22,11,2026,1,18,12,33,10,48
22,14,2026,1,18,17,6,10,44
22,21,2026,1,18,16,2,16,30
22,24,2026,1,18,14,3,14,19
22,32,2026,1,18,16,2,0,21
22,36,2026,1,18,17,3,0,24
22,41,2026,1,18,12,23,9,38
22,45,2026,1,18,4,3,11,30
22,52,2026,1,18,21,3,10,23
23,0,2026,1,18,21,3,0,26
23,6,2026,1,18,4,6,1,31
23,11,2026,1,18,12,8,9,30
23,14,2026,1,18,17,6,7,29
23,21,2026,1,18,16,3,8,24
23,24,2026,1,18,14,6,12,18
23,32,2026,1,18,16,3,1,20
23,36,2026,1,18,17,2,4,18
23,41,2026,1,18,12,11,8,21
23,45,2026,1,18,4,2,11,12
23,52,2026,1,18,21,0,12,0
6,0,2026,1,19,21,6,0,6
6,6,2026,1,19,4,4,0,10
6,11,2026,1,19,12,15,8,17
6,14,2026,1,19,17,13,5,25
6,21,2026,1,19,16,16,3,38
6,24,2026,1,19,14,13,8,43
6,32,2026,1,19,16,13,2,54
6,36,2026,1,19,17,18,9,63
6,41,2026,1,19,12,9,20,52
6,45,2026,1,19,4,4,16,40
6,52,2026,1,19,21,2,16,26
7,0,2026,1,19,21,5,0,31
7,6,2026,1,19,4,5,3,33
7,11,2026,1,19,12,16,9,40
7,14,2026,1,19,17,20,3,57
7,21,2026,1,19,16,7,15,49
7,24,2026,1,19,14,16,11,54
7,32,2026,1,19,16,14,2,66
7,36,2026,1,19,17,8,8,66
7,41,2026,1,19,12,18,20,64
7,45,2026,1,19,4,5,20,49
7,52,2026,1,19,21,5,20,34
8,0,2026,1,19,21,6,0,40
8,6,2026,1,19,4,2,5,37
8,11,2026,1,19,12,36,8,65
8,14,2026,1,19,17,7,6,66
8,21,2026,1,19,16,8,19,55
8,24,2026,1,19,14,21,17,59
8,32,2026,1,19,16,13,6,66
8,36,2026,1,19,17,7,7,66
8,41,2026,1,19,12,12,20,58
8,45,2026,1,19,4,5,20,43
8,52,2026,1,19,21,5,20,28
9,0,2026,1,19,21,5,0,33
9,6,2026,1,19,4,2,3,32
9,11,2026,1,19,12,13,10,35
9,14,2026,1,19,17,5,5,35
9,21,2026,1,19,16,4,9,30
9,24,2026,1,19,14,6,13,23
9,32,2026,1,19,16,2,2,23
9,36,2026,1,19,17,5,2,26
9,41,2026,1,19,12,14,10,30
9,45,2026,1,19,4,3,20,13
9,52,2026,1,19,21,3,4,12
10,0,2026,1,19,21,4,0,16
10,6,2026,1,19,4,3,0,19
10,11,2026,1,19,12,9,10,18
10,14,2026,1,19,17,2,6,14
10,21,2026,1,19,16,3,6,11
10,24,2026,1,19,14,5,5,11
10,32,2026,1,19,16,2,1,12
10,36,2026,1,19,17,2,0,14
10,41,2026,1,19,12,11,12,13
10,45,2026,1,19,4,4,6,11
10,52,2026,1,19,21,6,1,16
11,0,2026,1,19,21,4,0,20
11,6,2026,1,19,4,6,0,26
11,11,2026,1,19,12,28,14,40
11,14,2026,1,19,17,6,6,40
11,21,2026,1,19,16,2,15,27
11,24,2026,1,19,14,4,9,22
11,32,2026,1,19,16,2,1,23
11,36,2026,1,19,17,3,0,26
11,41,2026,1,19,12,23,11,38
11,45,2026,1,19,4,5,14,29
11,52,2026,1,19,21,5,11,23
12,0,2026,1,19,21,6,0,29
12,6,2026,1,19,4,6,0,35
12,11,2026,1,19,12,13,13,35
12,14,2026,1,19,17,6,10,31
12,21,2026,1,19,16,5,12,24
12,24,2026,1,19,14,3,9,18
12,32,2026,1,19,16,6,1,23
12,36,2026,1,19,17,2,2,23
12,41,2026,1,19,12,8,12,19
12,45,2026,1,19,4,4,5,18
12,52,2026,1,19,21,4,8,14
13,0,2026,1,19,21,5,0,19
13,6,2026,1,19,4,17,0,36
13,11,2026,1,19,12,10,18,28
13,14,2026,1,19,17,5,2,31
13,21,2026,1,19,16,2,13,20
13,24,2026,1,19,14,3,12,11
13,32,2026,1,19,16,6,0,17
13,36,2026,1,19,17,2,1,18
13,41,2026,1,19,12,21,11,28
13,45,2026,1,19,4,22,7,43
13,52,2026,1,19,21,6,10,39
14,0,2026,1,19,21,5,0,44
14,6,2026,1,19,4,24,2,66
14,11,2026,1,19,12,20,20,66
14,14,2026,1,19,17,3,20,49
14,21,2026,1,19,16,4,20,33
14,24,2026,1,19,14,5,16,22
14,32,2026,1,19,16,6,0,28
14,36,2026,1,19,17,3,3,28
14,41,2026,1,19,12,31,13,46
14,45,2026,1,19,4,22,7,61
14,52,2026,1,19,21,4,13,52
15,0,2026,1,19,21,3,0,55
15,6,2026,1,19,4,11,0,66
15,11,2026,1,19,12,11,20,57
15,14,2026,1,19,17,4,17,44
15,21,2026,1,19,16,2,20,26
15,24,2026,1,19,14,3,16,13
15,32,2026,1,19,16,3,1,15
15,36,2026,1,19,17,3,0,18
15,41,2026,1,19,12,34,9,43
15,45,2026,1,19,4,29,6,66
15,52,2026,1,19,21,3,20,49
16,0,2026,1,19,21,5,0,54
16,6,2026,1,19,4,4,1,57
16,11,2026,1,19,12,29,20,66
16,14,2026,1,19,17,5,17,54
16,21,2026,1,19,16,6,20,40
16,24,2026,1,19,14,6,14,32
16,32,2026,1,19,16,3,1,34
16,36,2026,1,19,17,3,2,35
16,41,2026,1,19,12,13,14,34
16,45,2026,1,19,4,5,10,29
16,52,2026,1,19,21,2,18,13
17,0,2026,1,19,21,5,0,18
17,6,2026,1,19,4,2,0,20
17,11,2026,1,19,12,22,10,32
17,14,2026,1,19,17,5,4,33
17,21,2026,1,19,16,5,9,29
17,24,2026,1,19,14,3,10,22
17,32,2026,1,19,16,3,0,25
17,36,2026,1,19,17,4,1,28
17,41,2026,1,19,12,21,13,36
17,45,2026,1,19,4,4,12,28
17,52,2026,1,19,21,4,13,19
18,0,2026,1,19,21,2,0,21
18,6,2026,1,19,4,4,1,24
18,11,2026,1,19,12,31,10,45
18,14,2026,1,19,17,3,8,40
18,21,2026,1,19,16,4,11,33
18,24,2026,1,19,14,6,14,25
18,32,2026,1,19,16,3,0,28
18,36,2026,1,19,17,3,2,29
18,41,2026,1,19,12,36,15,50
18,45,2026,1,19,4,5,12,43
18,52,2026,1,19,21,6,15,34
19,0,2026,1,19,21,6,0,40
19,6,2026,1,19,4,3,0,43
19,11,2026,1,19,12,29,10,62
19,14,2026,1,19,17,3,13,52
19,21,2026,1,19,16,2,20,34
19,24,2026,1,19,14,2,15,21
19,32,2026,1,19,16,2,0,23
19,36,2026,1,19,17,5,0,28
19,41,2026,1,19,12,32,9,51
19,45,2026,1,19,4,2,14,39
19,52,2026,1,19,21,2,17,24
20,0,2026,1,19,21,5,0,29
20,6,2026,1,19,4,3,0,32
20,11,2026,1,19,12,34,5,61
20,14,2026,1,19,17,3,13,51
20,21,2026,1,19,16,5,17,39
20,24,2026,1,19,14,6,18,27
20,32,2026,1,19,16,4,0,31
20,36,2026,1,19,17,3,0,34
20,41,2026,1,19,12,31,11,54
20,45,2026,1,19,4,4,15,43
20,52,2026,1,19,21,3,17,29
21,0,2026,1,19,21,3,0,32
21,6,2026,1,19,4,6,0,38
21,11,2026,1,19,12,8,10,36
21,14,2026,1,19,17,2,11,27
21,21,2026,1,19,16,4,11,20
21,24,2026,1,19,14,4,11,13
21,32,2026,1,19,16,5,0,18
21,36,2026,1,19,17,6,1,23
21,41,2026,1,19,12,9,15,17
21,45,2026,1,19,4,5,5,17
21,52,2026,1,19,21,6,5,18
22,0,2026,1,19,21,4,0,22
22,6,2026,1,19,4,4,0,26
22,11,2026,1,19,12,11,12,25
22,14,2026,1,19,17,6,2,29
22,21,2026,1,19,16,6,3,32
22,24,2026,1,19,14,4,17,19
22,32,2026,1,19,16,3,0,22
22,36,2026,1,19,17,4,0,26
22,41,2026,1,19,12,8,16,18
22,45,2026,1,19,4,3,5,16
22,52,2026,1,19,21,3,7,12
23,0,2026,1,19,21,6,0,18
23,6,2026,1,19,4,3,1,20
23,11,2026,1,19,12,31,11,40
23,14,2026,1,19,17,2,12,30
23,21,2026,1,19,16,2,3,29
23,24,2026,1,19,14,3,11,21
23,32,2026,1,19,16,5,1,25
23,36,2026,1,19,17,6,0,31
23,41,2026,1,19,12,17,12,36
23,45,2026,1,19,4,0,16,20
23,52,2026,1,19,21,0,20,0
6,0,2026,1,20,21,2,0,2
6,6,2026,1,20,4,3,0,5
6,11,2026,1,20,12,27,5,27
6,14,2026,1,20,17,19,4,42
6,21,2026,1,20,16,14,10,46
6,24,2026,1,20,14,5,4,47
6,32,2026,1,20,16,9,2,54
6,36,2026,1,20,17,5,3,56
6,41,2026,1,20,12,17,20,53
6,45,2026,1,20,4,4,20,37
6,52,2026,1,20,21,4,17,24
7,0,2026,1,20,21,3,0,27
7,6,2026,1,20,4,4,3,28
7,11,2026,1,20,12,22,8,42
7,14,2026,1,20,17,19,4,57
7,21,2026,1,20,16,16,16,57
7,24,2026,1,20,14,20,11,66
7,32,2026,1,20,16,6,6,66
7,36,2026,1,20,17,13,13,66
7,41,2026,1,20,12,20,20,66
7,45,2026,1,20,4,1,20,47
7,52,2026,1,20,21,5,20,32
8,0,2026,1,20,21,4,0,36
8,6,2026,1,20,4,4,1,39
8,11,2026,1,20,12,21,8,52
8,14,2026,1,20,17,8,8,52
8,21,2026,1,20,16,20,16,56
8,24,2026,1,20,14,11,20,47
8,32,2026,1,20,16,5,0,52
8,36,2026,1,20,17,20,6,66
8,41,2026,1,20,12,20,20,66
8,45,2026,1,20,4,5,20,51
8,52,2026,1,20,21,3,20,34
9,0,2026,1,20,21,4,0,38
9,6,2026,1,20,4,4,4,38
9,11,2026,1,20,12,29,10,57
9,14,2026,1,20,17,3,5,55
9,21,2026,1,20,16,3,17,41
9,24,2026,1,20,14,2,13,30
9,32,2026,1,20,16,6,0,36
9,36,2026,1,20,17,5,2,39
9,41,2026,1,20,12,35,13,61
9,45,2026,1,20,4,4,20,45
9,52,2026,1,20,21,2,12,35
10,0,2026,1,20,21,5,0,40
10,6,2026,1,20,4,6,2,44
10,11,2026,1,20,12,15,10,49
10,14,2026,1,20,17,4,13,40
10,21,2026,1,20,16,2,14,28
10,24,2026,1,20,14,5,17,16
10,32,2026,1,20,16,2,0,18
10,36,2026,1,20,17,6,1,23
10,41,2026,1,20,12,21,13,31
10,45,2026,1,20,4,4,13,22
10,52,2026,1,20,21,2,7,17
11,0,2026,1,20,21,4,0,21
11,6,2026,1,20,4,5,1,25
11,11,2026,1,20,12,24,11,38
11,14,2026,1,20,17,6,7,37
11,21,2026,1,20,16,2,14,25
11,24,2026,1,20,14,5,6,24
11,32,2026,1,20,16,3,1,26
11,36,2026,1,20,17,2,1,27
11,41,2026,1,20,12,22,11,38
11,45,2026,1,20,4,2,13,27
11,52,2026,1,20,21,6,10,23
12,0,2026,1,20,21,6,0,29
12,6,2026,1,20,4,4,3,30
12,11,2026,1,20,12,28,8,50
12,14,2026,1,20,17,2,11,41
12,21,2026,1,20,16,5,15,31
12,24,2026,1,20,14,5,14,22
12,32,2026,1,20,16,5,1,26
12,36,2026,1,20,17,2,2,26
12,41,2026,1,20,12,27,12,41
12,45,2026,1,20,4,6,8,39
12,52,2026,1,20,21,4,13,30
13,0,2026,1,20,21,6,0,36
13,6,2026,1,20,4,16,0,52
13,11,2026,1,20,12,9,20,41
13,14,2026,1,20,17,3,9,35
13,21,2026,1,20,16,3,13,25
13,24,2026,1,20,14,3,15,13
13,32,2026,1,20,16,4,0,17
13,36,2026,1,20,17,6,0,23
13,41,2026,1,20,12,15,13,25
13,45,2026,1,20,4,15,3,37
13,52,2026,1,20,21,5,9,33
14,0,2026,1,20,21,3,0,36
14,6,2026,1,20,4,24,0,60
14,11,2026,1,20,12,20,20,60
14,14,2026,1,20,17,5,17,48
14,21,2026,1,20,16,6,17,37
14,24,2026,1,20,14,3,13,27
14,32,2026,1,20,16,2,0,29
14,36,2026,1,20,17,2,1,30
14,41,2026,1,20,12,24,8,46
14,45,2026,1,20,4,12,9,49
14,52,2026,1,20,21,3,20,32
15,0,2026,1,20,21,4,0,36
15,6,2026,1,20,4,21,0,57
15,11,2026,1,20,12,18,20,55
15,14,2026,1,20,17,5,18,42
15,21,2026,1,20,16,5,13,34
15,24,2026,1,20,14,6,15,25
15,32,2026,1,20,16,4,0,29
15,36,2026,1,20,17,2,2,29
15,41,2026,1,20,12,25,17,37
15,45,2026,1,20,4,25,7,55
15,52,2026,1,20,21,5,19,41
16,0,2026,1,20,21,3,0,44
16,6,2026,1,20,4,6,1,49
16,11,2026,1,20,12,25,20,54
16,14,2026,1,20,17,5,11,48
16,21,2026,1,20,16,2,11,39
16,24,2026,1,20,14,3,20,22
16,32,2026,1,20,16,4,1,25
16,36,2026,1,20,17,5,1,29
16,41,2026,1,20,12,16,12,33
16,45,2026,1,20,4,5,6,32
16,52,2026,1,20,21,5,17,20
17,0,2026,1,20,21,2,0,22
17,6,2026,1,20,4,4,1,25
17,11,2026,1,20,12,35,10,50
17,14,2026,1,20,17,2,10,42
17,21,2026,1,20,16,6,16,32
17,24,2026,1,20,14,5,15,22
17,32,2026,1,20,16,3,0,25
17,36,2026,1,20,17,5,2,28
17,41,2026,1,20,12,21,13,36
17,45,2026,1,20,4,2,11,27
17,52,2026,1,20,21,4,8,23
18,0,2026,1,20,21,4,0,27
18,6,2026,1,20,4,3,0,30
18,11,2026,1,20,12,21,7,44
18,14,2026,1,20,17,2,12,34
18,21,2026,1,20,16,3,9,28
18,24,2026,1,20,14,2,14,16
18,32,2026,1,20,16,3,0,19
18,36,2026,1,20,17,4,1,22
18,41,2026,1,20,12,26,8,40
18,45,2026,1,20,4,6,9,37
18,52,2026,1,20,21,4,12,29
19,0,2026,1,20,21,4,0,33
19,6,2026,1,20,4,6,0,39
19,11,2026,1,20,12,30,11,58
19,14,2026,1,20,17,4,16,46
19,21,2026,1,20,16,6,14,38
19,24,2026,1,20,14,4,13,29
19,32,2026,1,20,16,5,0,34
19,36,2026,1,20,17,2,1,35
19,41,2026,1,20,12,28,12,51
19,45,2026,1,20,4,5,20,36
19,52,2026,1,20,21,3,15,24
20,0,2026,1,20,21,4,0,28
20,6,2026,1,20,4,3,0,31
20,11,2026,1,20,12,19,8,42
20,14,2026,1,20,17,6,12,36
20,21,2026,1,20,16,4,11,29
20,24,2026,1,20,14,4,12,21
20,32,2026,1,20,16,4,0,25
20,36,2026,1,20,17,2,3,24
20,41,2026,1,20,12,27,11,40
20,45,2026,1,20,4,5,15,30
20,52,2026,1,20,21,6,14,22
21,0,2026,1,20,21,6,0,28
21,6,2026,1,20,4,3,1,30
21,11,2026,1,20,12,21,12,39
21,14,2026,1,20,17,4,11,32
21,21,2026,1,20,16,6,12,26
21,24,2026,1,20,14,2,11,17
21,32,2026,1,20,16,3,1,19
21,36,2026,1,20,17,2,2,19
21,41,2026,1,20,12,22,9,32
21,45,2026,1,20,4,3,10,25
21,52,2026,1,20,21,5,10,20
22,0,2026,1,20,21,2,0,22
22,6,2026,1,20,4,6,1,27
22,11,2026,1,20,12,11,9,29
22,14,2026,1,20,17,6,10,25
22,21,2026,1,20,16,2,4,23
22,24,2026,1,20,14,3,13,13
22,32,2026,1,20,16,3,1,15
22,36,2026,1,20,17,6,0,21
22,41,2026,1,20,12,9,16,14
22,45,2026,1,20,4,5,2,17
22,52,2026,1,20,21,2,6,13
23,0,2026,1,20,21,2,0,15
23,6,2026,1,20,4,6,0,21
23,11,2026,1,20,12,14,9,26
23,14,2026,1,20,17,2,5,23
23,21,2026,1,20,16,3,4,22
23,24,2026,1,20,14,2,8,16
23,32,2026,1,20,16,6,0,22
23,36,2026,1,20,17,3,1,24
23,41,2026,1,20,12,26,10,40
23,45,2026,1,20,4,0,20,20
23,52,2026,1,20,21,0,20,0
6,0,2026,1,21,21,5,0,5
6,6,2026,1,21,4,3,1,7
6,11,2026,1,21,12,22,4,25
6,14,2026,1,21,17,15,7,33
6,21,2026,1,21,16,18,9,42
6,24,2026,1,21,14,17,6,53
6,32,2026,1,21,16,12,3,62
6,36,2026,1,21,17,12,8,66
6,41,2026,1,21,12,19,20,65
6,45,2026,1,21,4,4,20,49
6,52,2026,1,21,21,2,20,31
7,0,2026,1,21,21,5,0,36
7,6,2026,1,21,4,4,4,36
7,11,2026,1,21,12,35,7,64
7,14,2026,1,21,17,7,9,62
7,21,2026,1,21,16,18,14,66
7,24,2026,1,21,14,16,20,62
7,32,2026,1,21,16,7,3,66
7,36,2026,1,21,17,12,12,66
7,41,2026,1,21,12,20,20,66
7,45,2026,1,21,4,4,20,50
7,52,2026,1,21,21,3,20,33
8,0,2026,1,21,21,4,0,37
8,6,2026,1,21,4,2,5,34
8,11,2026,1,21,12,15,8,41
8,14,2026,1,21,17,9,9,41
8,21,2026,1,21,16,9,8,42
8,24,2026,1,21,14,7,14,35
8,32,2026,1,21,16,5,1,39
8,36,2026,1,21,17,22,1,60
8,41,2026,1,21,12,8,20,48
8,45,2026,1,21,4,5,20,33
8,52,2026,1,21,21,5,15,23
9,0,2026,1,21,21,6,0,29
9,6,2026,1,21,4,1,4,26
9,11,2026,1,21,12,23,8,41
9,14,2026,1,21,17,5,3,43
9,21,2026,1,21,16,3,11,35
9,24,2026,1,21,14,2,11,26
9,32,2026,1,21,16,4,0,30
9,36,2026,1,21,17,6,2,34
9,41,2026,1,21,12,28,7,55
9,45,2026,1,21,4,1,20,36
9,52,2026,1,21,21,4,17,23
10,0,2026,1,21,21,3,0,26
10,6,2026,1,21,4,4,0,30
10,11,2026,1,21,12,24,9,45
10,14,2026,1,21,17,4,9,40
10,21,2026,1,21,16,3,17,26
10,24,2026,1,21,14,3,13,16
10,32,2026,1,21,16,2,1,17
10,36,2026,1,21,17,2,1,18
10,41,2026,1,21,12,27,8,37
10,45,2026,1,21,4,3,10,30
10,52,2026,1,21,21,3,12,21
11,0,2026,1,21,21,4,0,25
11,6,2026,1,21,4,5,0,30
11,11,2026,1,21,12,14,13,31
11,14,2026,1,21,17,6,11,26
11,21,2026,1,21,16,3,7,22
11,24,2026,1,21,14,6,10,18
11,32,2026,1,21,16,6,1,23
11,36,2026,1,21,17,4,2,25
11,41,2026,1,21,12,28,16,37
11,45,2026,1,21,4,5,12,30
11,52,2026,1,21,21,6,16,20
12,0,2026,1,21,21,2,0,22
12,6,2026,1,21,4,3,1,24
12,11,2026,1,21,12,26,7,43
12,14,2026,1,21,17,3,9,37
12,21,2026,1,21,16,4,11,30
12,24,2026,1,21,14,5,12,23
12,32,2026,1,21,16,4,0,27
12,36,2026,1,21,17,6,1,32
12,41,2026,1,21,12,28,15,45
12,45,2026,1,21,4,5,10,40
12,52,2026,1,21,21,4,20,24
13,0,2026,1,21,21,5,0,29
13,6,2026,1,21,4,30,0,59
13,11,2026,1,21,12,13,20,52
13,14,2026,1,21,17,2,10,44
13,21,2026,1,21,16,4,15,33
13,24,2026,1,21,14,2,15,20
13,32,2026,1,21,16,5,0,25
13,36,2026,1,21,17,5,2,28
13,41,2026,1,21,12,13,8,33
13,45,2026,1,21,4,28,4,57
13,52,2026,1,21,21,2,20,39
14,0,2026,1,21,21,2,0,41
14,6,2026,1,21,4,9,0,50
14,11,2026,1,21,12,34,20,64
14,14,2026,1,21,17,6,18,52
14,21,2026,1,21,16,4,19,37
14,24,2026,1,21,14,2,17,22
14,32,2026,1,21,16,5,1,26
14,36,2026,1,21,17,4,1,29
14,41,2026,1,21,12,12,11,30
14,45,2026,1,21,4,28,6,52
14,52,2026,1,21,21,4,19,37
15,0,2026,1,21,21,2,0,39
15,6,2026,1,21,4,20,0,59
15,11,2026,1,21,12,9,20,48
15,14,2026,1,21,17,5,18,35
15,21,2026,1,21,16,6,14,27
15,24,2026,1,21,14,2,11,18
15,32,2026,1,21,16,5,0,23
15,36,2026,1,21,17,3,1,25
15,41,2026,1,21,12,16,13,28
15,45,2026,1,21,4,22,5,45
15,52,2026,1,21,21,3,14,34
16,0,2026,1,21,21,5,0,39
16,6,2026,1,21,4,3,0,42
16,11,2026,1,21,12,18,20,40
16,14,2026,1,21,17,3,10,33
16,21,2026,1,21,16,6,14,25
16,24,2026,1,21,14,3,14,14
16,32,2026,1,21,16,4,0,18
16,36,2026,1,21,17,2,0,20
16,41,2026,1,21,12,27,15,32
16,45,2026,1,21,4,4,6,30
16,52,2026,1,21,21,6,8,28
17,0,2026,1,21,21,5,0,33
17,6,2026,1,21,4,6,2,37
17,11,2026,1,21,12,32,13,56
17,14,2026,1,21,17,6,13,49
17,21,2026,1,21,16,2,9,42
17,24,2026,1,21,14,4,17,29
17,32,2026,1,21,16,6,0,35
17,36,2026,1,21,17,6,0,41
17,41,2026,1,21,12,33,19,55
17,45,2026,1,21,4,5,16,44
17,52,2026,1,21,21,5,20,29
18,0,2026,1,21,21,3,0,32
18,6,2026,1,21,4,4,0,36
18,11,2026,1,21,12,11,14,33
18,14,2026,1,21,17,2,7,28
18,21,2026,1,21,16,6,7,27
18,24,2026,1,21,14,3,16,14
18,32,2026,1,21,16,6,1,19
18,36,2026,1,21,17,5,2,22
18,41,2026,1,21,12,29,14,37
18,45,2026,1,21,4,3,5,35
18,52,2026,1,21,21,6,9,32
19,0,2026,1,21,21,5,0,37
19,6,2026,1,21,4,4,4,37
19,11,2026,1,21,12,23,10,50
19,14,2026,1,21,17,6,18,38
19,21,2026,1,21,16,6,14,30
19,24,2026,1,21,14,4,9,25
19,32,2026,1,21,16,3,0,28
19,36,2026,1,21,17,5,2,31
19,41,2026,1,21,12,21,17,35
19,45,2026,1,21,4,2,11,26
19,52,2026,1,21,21,6,10,22
20,0,2026,1,21,21,6,0,28
20,6,2026,1,21,4,5,2,31
20,11,2026,1,21,12,11,12,30
20,14,2026,1,21,17,2,10,22
20,21,2026,1,21,16,5,9,18
20,24,2026,1,21,14,5,6,17
20,32,2026,1,21,16,6,0,23
20,36,2026,1,21,17,6,1,28
20,41,2026,1,21,12,19,15,32
20,45,2026,1,21,4,3,5,30
20,52,2026,1,21,21,2,10,22
21,0,2026,1,21,21,3,0,25
21,6,2026,1,21,4,6,0,31
21,11,2026,1,21,12,26,6,51
21,14,2026,1,21,17,6,7,50
21,21,2026,1,21,16,5,18,37
21,24,2026,1,21,14,6,20,23
21,32,2026,1,21,16,4,0,27
21,36,2026,1,21,17,5,3,29
21,41,2026,1,21,12,24,18,35
21,45,2026,1,21,4,6,13,28
21,52,2026,1,21,21,2,10,20
22,0,2026,1,21,21,6,0,26
22,6,2026,1,21,4,4,1,29
22,11,2026,1,21,12,14,10,33
22,14,2026,1,21,17,5,11,27
22,21,2026,1,21,16,3,13,17
22,24,2026,1,21,14,3,3,17
22,32,2026,1,21,16,5,0,22
22,36,2026,1,21,17,2,1,23
22,41,2026,1,21,12,25,13,35
22,45,2026,1,21,4,5,8,32
22,52,2026,1,21,21,4,13,23
23,0,2026,1,21,21,2,0,25
23,6,2026,1,21,4,6,3,28
23,11,2026,1,21,12,16,11,33
23,14,2026,1,21,17,4,10,27
23,21,2026,1,21,16,2,10,19
23,24,2026,1,21,14,3,10,12
23,32,2026,1,21,16,4,0,16
23,36,2026,1,21,17,6,0,22
23,41,2026,1,21,12,15,12,25
23,45,2026,1,21,4,5,10,20
23,52,2026,1,21,21,0,20,0
6,0,2026,1,22,21,3,0,3
6,6,2026,1,22,4,3,0,6
6,11,2026,1,22,12,12,5,13
6,14,2026,1,22,17,20,3,30
6,21,2026,1,22,16,19,5,44
6,24,2026,1,22,14,9,6,47
6,32,2026,1,22,16,20,3,64
6,36,2026,1,22,17,8,8,64
6,41,2026,1,22,12,22,20,66
6,45,2026,1,22,4,3,20,49
6,52,2026,1,22,21,5,20,34
7,0,2026,1,22,21,3,0,37
7,6,2026,1,22,4,2,5,34
7,11,2026,1,22,12,28,7,55
7,14,2026,1,22,17,14,6,63
7,21,2026,1,22,16,6,13,56
7,24,2026,1,22,14,18,18,56
7,32,2026,1,22,16,15,5,66
7,36,2026,1,22,17,10,10,66
7,41,2026,1,22,12,17,20,63
7,45,2026,1,22,4,2,20,45
7,52,2026,1,22,21,3,15,33
8,0,2026,1,22,21,2,0,35
8,6,2026,1,22,4,1,3,33
8,11,2026,1,22,12,14,3,44
8,14,2026,1,22,17,19,7,56
8,21,2026,1,22,16,13,12,57
8,24,2026,1,22,14,8,20,45
8,32,2026,1,22,16,9,0,54
8,36,2026,1,22,17,15,7,62
8,41,2026,1,22,12,15,20,57
8,45,2026,1,22,4,1,20,38
8,52,2026,1,22,21,6,19,25
9,0,2026,1,22,21,5,0,30
9,6,2026,1,22,4,5,7,28
9,11,2026,1,22,12,32,5,55
9,14,2026,1,22,17,4,8,51
9,21,2026,1,22,16,4,12,43
9,24,2026,1,22,14,4,10,37
9,32,2026,1,22,16,2,0,39
9,36,2026,1,22,17,2,0,41
9,41,2026,1,22,12,9,14,36
9,45,2026,1,22,4,5,20,21
9,52,2026,1,22,21,3,9,15
10,0,2026,1,22,21,2,0,17
10,6,2026,1,22,4,3,1,19
10,11,2026,1,22,12,23,8,34
10,14,2026,1,22,17,5,3,36
10,21,2026,1,22,16,3,9,30
10,24,2026,1,22,14,6,8,28
10,32,2026,1,22,16,4,0,32
10,36,2026,1,22,17,3,0,35
10,41,2026,1,22,12,15,15,35
10,45,2026,1,22,4,6,13,28
10,52,2026,1,22,21,4,14,18
11,0,2026,1,22,21,4,0,22
11,6,2026,1,22,4,6,1,27
11,11,2026,1,22,12,34,15,46
11,14,2026,1,22,17,6,8,44
11,21,2026,1,22,16,5,16,33
11,24,2026,1,22,14,3,12,24
11,32,2026,1,22,16,2,0,26
11,36,2026,1,22,17,5,0,31
11,41,2026,1,22,12,18,9,40
11,45,2026,1,22,4,3,10,33
11,52,2026,1,22,21,2,17,18
12,0,2026,1,22,21,5,0,23
12,6,2026,1,22,4,5,0,28
12,11,2026,1,22,12,8,7,29
12,14,2026,1,22,17,6,8,27
12,21,2026,1,22,16,4,9,22
12,24,2026,1,22,14,2,9,15
12,32,2026,1,22,16,6,0,21
12,36,2026,1,22,17,6,2,25
12,41,2026,1,22,12,19,13,31
12,45,2026,1,22,4,3,7,27
12,52,2026,1,22,21,6,7,26
13,0,2026,1,22,21,5,0,31
13,6,2026,1,22,4,23,0,54
13,11,2026,1,22,12,18,20,52
13,14,2026,1,22,17,3,16,39
13,21,2026,1,22,16,2,13,28
13,24,2026,1,22,14,6,13,21
13,32,2026,1,22,16,2,0,23
13,36,2026,1,22,17,5,1,27
13,41,2026,1,22,12,21,16,32
13,45,2026,1,22,4,14,5,41
13,52,2026,1,22,21,3,14,30
14,0,2026,1,22,21,6,0,36
14,6,2026,1,22,4,11,0,47
14,11,2026,1,22,12,10,20,37
14,14,2026,1,22,17,4,13,28
14,21,2026,1,22,16,3,11,20
14,24,2026,1,22,14,6,9,17
14,32,2026,1,22,16,2,1,18
14,36,2026,1,22,17,2,0,20
14,41,2026,1,22,12,9,14,15
14,45,2026,1,22,4,24,1,38
14,52,2026,1,22,21,5,8,35
15,0,2026,1,22,21,4,0,39
15,6,2026,1,22,4,28,1,66
15,11,2026,1,22,12,20,20,66
15,14,2026,1,22,17,5,20,51
15,21,2026,1,22,16,3,12,42
15,24,2026,1,22,14,4,20,26
15,32,2026,1,22,16,4,0,30
15,36,2026,1,22,17,3,1,32
15,41,2026,1,22,12,35,14,53
15,45,2026,1,22,4,7,7,53
15,52,2026,1,22,21,6,20,39
16,0,2026,1,22,21,6,0,45
16,6,2026,1,22,4,6,1,50
16,11,2026,1,22,12,18,14,54
16,14,2026,1,22,17,4,17,41
16,21,2026,1,22,16,2,13,30
16,24,2026,1,22,14,6,19,17
16,32,2026,1,22,16,4,0,21
16,36,2026,1,22,17,6,0,27
16,41,2026,1,22,12,30,16,41
16,45,2026,1,22,4,5,5,41
16,52,2026,1,22,21,5,20,26
17,0,2026,1,22,21,4,0,30
17,6,2026,1,22,4,3,0,33
17,11,2026,1,22,12,22,14,41
17,14,2026,1,22,17,4,10,35
17,21,2026,1,22,16,3,8,30
17,24,2026,1,22,14,2,17,15
17,32,2026,1,22,16,4,0,19
17,36,2026,1,22,17,2,1,20
17,41,2026,1,22,12,35,4,51
17,45,2026,1,22,4,5,19,37
17,52,2026,1,22,21,5,16,26
18,0,2026,1,22,21,6,0,32
18,6,2026,1,22,4,4,0,36
18,11,2026,1,22,12,32,13,55
18,14,2026,1,22,17,4,20,39
18,21,2026,1,22,16,2,15,26
18,24,2026,1,22,14,3,13,16
18,32,2026,1,22,16,5,0,21
18,36,2026,1,22,17,4,2,23
18,41,2026,1,22,12,28,10,41
18,45,2026,1,22,4,3,15,29
18,52,2026,1,22,21,2,11,20
19,0,2026,1,22,21,5,0,25
19,6,2026,1,22,4,6,0,31
19,11,2026,1,22,12,35,11,55
19,14,2026,1,22,17,4,14,45
19,21,2026,1,22,16,6,13,38
19,24,2026,1,22,14,5,15,28
19,32,2026,1,22,16,3,1,30
19,36,2026,1,22,17,5,0,35
19,41,2026,1,22,12,36,14,57
19,45,2026,1,22,4,2,19,40
19,52,2026,1,22,21,2,19,23
20,0,2026,1,22,21,5,0,28
20,6,2026,1,22,4,3,3,28
20,11,2026,1,22,12,22,6,44
20,14,2026,1,22,17,2,6,40
20,21,2026,1,22,16,6,19,27
20,24,2026,1,22,14,2,15,14
20,32,2026,1,22,16,3,0,17
20,36,2026,1,22,17,4,1,20
20,41,2026,1,22,12,29,9,40
20,45,2026,1,22,4,4,13,31
20,52,2026,1,22,21,3,13,21
21,0,2026,1,22,21,6,0,27
21,6,2026,1,22,4,2,0,29
21,11,2026,1,22,12,21,5,45
21,14,2026,1,22,17,2,14,33
21,21,2026,1,22,16,4,15,22
21,24,2026,1,22,14,2,8,16
21,32,2026,1,22,16,4,0,20
21,36,2026,1,22,17,3,0,23
21,41,2026,1,22,12,13,11,25
21,45,2026,1,22,4,4,12,17
21,52,2026,1,22,21,6,6,17
22,0,2026,1,22,21,4,0,21
22,6,2026,1,22,4,5,0,26
22,11,2026,1,22,12,16,12,30
22,14,2026,1,22,17,2,7,25
22,21,2026,1,22,16,3,8,20
22,24,2026,1,22,14,2,9,13
22,32,2026,1,22,16,2,0,15
22,36,2026,1,22,17,5,1,19
22,41,2026,1,22,12,31,10,40
22,45,2026,1,22,4,5,6,39
22,52,2026,1,22,21,6,12,33
23,0,2026,1,22,21,3,0,36
23,6,2026,1,22,4,4,0,40
23,11,2026,1,22,12,8,14,34
23,14,2026,1,22,17,3,8,29
23,21,2026,1,22,16,5,13,21
23,24,2026,1,22,14,3,10,14
23,32,2026,1,22,16,3,0,17
23,36,2026,1,22,17,4,1,20
23,41,2026,1,22,12,32,12,40
23,45,2026,1,22,4,0,20,20
23,52,2026,1,22,21,0,20,0
6,0,2026,1,23,21,4,0,4
6,6,2026,1,23,4,5,0,9
6,11,2026,1,23,12,23,7,25
6,14,2026,1,23,17,8,4,29
6,21,2026,1,23,16,5,7,27
6,24,2026,1,23,14,18,7,38
6,32,2026,1,23,16,14,3,49
6,36,2026,1,23,17,14,3,60
6,41,2026,1,23,12,9,20,49
6,45,2026,1,23,4,3,11,41
6,52,2026,1,23,21,5,20,26
7,0,2026,1,23,21,3,0,29
7,6,2026,1,23,4,5,4,30
7,11,2026,1,23,12,20,9,41
7,14,2026,1,23,17,16,4,53
7,21,2026,1,23,16,9,12,50
7,24,2026,1,23,14,16,13,53
7,32,2026,1,23,16,17,5,65
7,36,2026,1,23,17,9,8,66
7,41,2026,1,23,12,20,20,66
7,45,2026,1,23,4,5,20,51
7,52,2026,1,23,21,2,20,33
8,0,2026,1,23,21,5,0,38
8,6,2026,1,23,4,2,3,37
8,11,2026,1,23,12,25,10,52
8,14,2026,1,23,17,20,8,64
8,21,2026,1,23,16,17,15,66
8,24,2026,1,23,14,14,14,66
8,32,2026,1,23,16,6,6,66
8,36,2026,1,23,17,7,12,61
8,41,2026,1,23,12,24,20,65
8,45,2026,1,23,4,2,20,47
8,52,2026,1,23,21,4,19,32
9,0,2026,1,23,21,6,0,38
9,6,2026,1,23,4,4,3,39
9,11,2026,1,23,12,8,10,37
9,14,2026,1,23,17,4,9,32
9,21,2026,1,23,16,2,11,23
9,24,2026,1,23,14,6,10,19
9,32,2026,1,23,16,2,1,20
9,36,2026,1,23,17,2,2,20
9,41,2026,1,23,12,12,8,24
9,45,2026,1,23,4,1,18,7
9,52,2026,1,23,21,5,2,10
10,0,2026,1,23,21,4,0,14
10,6,2026,1,23,4,3,0,17
10,11,2026,1,23,12,22,10,29
10,14,2026,1,23,17,2,8,23
10,21,2026,1,23,16,6,6,23
10,24,2026,1,23,14,3,5,21
10,32,2026,1,23,16,5,0,26
10,36,2026,1,23,17,3,1,28
10,41,2026,1,23,12,22,11,39
10,45,2026,1,23,4,4,12,31
10,52,2026,1,23,21,3,12,22
11,0,2026,1,23,21,4,0,26
11,6,2026,1,23,4,2,1,27
11,11,2026,1,23,12,34,8,53
11,14,2026,1,23,17,4,16,41
11,21,2026,1,23,16,6,16,31
11,24,2026,1,23,14,4,10,25
11,32,2026,1,23,16,3,1,27
11,36,2026,1,23,17,4,0,31
11,41,2026,1,23,12,19,13,37
11,45,2026,1,23,4,3,10,30
11,52,2026,1,23,21,4,14,20
12,0,2026,1,23,21,5,0,25
12,6,2026,1,23,4,2,2,25
12,11,2026,1,23,12,20,8,37
12,14,2026,1,23,17,5,10,32
12,21,2026,1,23,16,6,11,27
12,24,2026,1,23,14,6,13,20
12,32,2026,1,23,16,4,1,23
12,36,2026,1,23,17,2,0,25
12,41,2026,1,23,12,28,18,35
12,45,2026,1,23,4,6,8,33
12,52,2026,1,23,21,4,11,26
13,0,2026,1,23,21,3,0,29
13,6,2026,1,23,4,29,1,57
13,11,2026,1,23,12,29,20,66
13,14,2026,1,23,17,4,20,50
13,21,2026,1,23,16,6,20,36
13,24,2026,1,23,14,3,15,24
13,32,2026,1,23,16,5,2,27
13,36,2026,1,23,17,3,0,30
13,41,2026,1,23,12,22,13,39
13,45,2026,1,23,4,18,13,44
13,52,2026,1,23,21,4,13,35
14,0,2026,1,23,21,3,0,38
14,6,2026,1,23,4,8,2,44
14,11,2026,1,23,12,28,20,52
14,14,2026,1,23,17,3,15,40
14,21,2026,1,23,16,3,20,23
14,24,2026,1,23,14,6,11,18
14,32,2026,1,23,16,3,0,21
14,36,2026,1,23,17,5,2,24
14,41,2026,1,23,12,30,11,43
14,45,2026,1,23,4,20,9,54
14,52,2026,1,23,21,5,18,41
15,0,2026,1,23,21,6,0,47
15,6,2026,1,23,4,20,1,66
15,11,2026,1,23,12,10,20,56
15,14,2026,1,23,17,6,12,50
15,21,2026,1,23,16,4,19,35
15,24,2026,1,23,14,4,17,22
15,32,2026,1,23,16,5,0,27
15,36,2026,1,23,17,3,1,29
15,41,2026,1,23,12,29,20,38
15,45,2026,1,23,4,28,8,58
15,52,2026,1,23,21,2,12,48
16,0,2026,1,23,21,3,0,51
16,6,2026,1,23,4,2,0,53
16,11,2026,1,23,12,33,20,66
16,14,2026,1,23,17,5,18,53
16,21,2026,1,23,16,6,15,44
16,24,2026,1,23,14,6,17,33
16,32,2026,1,23,16,3,1,35
16,36,2026,1,23,17,6,2,39
16,41,2026,1,23,12,31,17,53
16,45,2026,1,23,4,3,15,41
16,52,2026,1,23,21,5,16,30
17,0,2026,1,23,21,2,0,32
17,6,2026,1,23,4,3,0,35
17,11,2026,1,23,12,20,11,44
17,14,2026,1,23,17,5,16,33
17,21,2026,1,23,16,3,9,27
17,24,2026,1,23,14,5,11,21
17,32,2026,1,23,16,3,1,23
17,36,2026,1,23,17,4,1,26
17,41,2026,1,23,12,24,14,36
17,45,2026,1,23,4,3,5,34
17,52,2026,1,23,21,6,16,24
18,0,2026,1,23,21,4,0,28
18,6,2026,1,23,4,5,1,32
18,11,2026,1,23,12,27,11,48
18,14,2026,1,23,17,6,8,46
18,21,2026,1,23,16,6,12,40
18,24,2026,1,23,14,6,17,29
18,32,2026,1,23,16,4,0,33
18,36,2026,1,23,17,2,0,35
18,41,2026,1,23,12,20,17,38
18,45,2026,1,23,4,4,13,29
18,52,2026,1,23,21,5,12,22
19,0,2026,1,23,21,4,0,26
19,6,2026,1,23,4,3,2,27
19,11,2026,1,23,12,8,7,28
19,14,2026,1,23,17,4,11,21
19,21,2026,1,23,16,2,9,14
19,24,2026,1,23,14,6,6,14
19,32,2026,1,23,16,6,1,19
19,36,2026,1,23,17,6,1,24
19,41,2026,1,23,12,25,13,36
19,45,2026,1,23,4,2,13,25
19,52,2026,1,23,21,5,11,19
20,0,2026,1,23,21,4,0,23
20,6,2026,1,23,4,4,1,26
20,11,2026,1,23,12,15,10,31
20,14,2026,1,23,17,6,5,32
20,21,2026,1,23,16,2,15,19
20,24,2026,1,23,14,3,8,14
20,32,2026,1,23,16,2,0,16
20,36,2026,1,23,17,3,0,19
20,41,2026,1,23,12,24,11,32
20,45,2026,1,23,4,6,11,27
20,52,2026,1,23,21,6,8,25
21,0,2026,1,23,21,2,0,27
21,6,2026,1,23,4,3,0,30
21,11,2026,1,23,12,22,9,43
21,14,2026,1,23,17,6,12,37
21,21,2026,1,23,16,4,13,28
21,24,2026,1,23,14,5,9,24
21,32,2026,1,23,16,6,1,29
21,36,2026,1,23,17,3,0,32
21,41,2026,1,23,12,13,18,27
21,45,2026,1,23,4,2,6,23
21,52,2026,1,23,21,2,8,17
22,0,2026,1,23,21,3,0,20
22,6,2026,1,23,4,4,1,23
22,11,2026,1,23,12,10,7,26
22,14,2026,1,23,17,4,7,23
22,21,2026,1,23,16,2,7,18
22,24,2026,1,23,14,6,8,16
22,32,2026,1,23,16,2,0,18
22,36,2026,1,23,17,6,0,24
22,41,2026,1,23,12,15,12,27
22,45,2026,1,23,4,5,7,25
22,52,2026,1,23,21,4,9,20
23,0,2026,1,23,21,2,0,22
23,6,2026,1,23,4,5,1,26
23,11,2026,1,23,12,27,11,42
23,14,2026,1,23,17,2,4,40
23,21,2026,1,23,16,5,10,35
23,24,2026,1,23,14,5,15,25
23,32,2026,1,23,16,4,0,29
23,36,2026,1,23,17,4,0,33
23,41,2026,1,23,12,22,15,40
23,45,2026,1,23,4,0,20,20
23,52,2026,1,23,21,0,20,0
6,0,2026,1,24,21,4,0,4
6,6,2026,1,24,4,5,0,9
6,11,2026,1,24,12,24,7,26
6,14,2026,1,24,17,8,6,28
6,21,2026,1,24,16,11,3,36
6,24,2026,1,24,14,14,11,39
6,32,2026,1,24,16,12,0,51
6,36,2026,1,24,17,19,9,61
6,41,2026,1,24,12,17,20,58
6,45,2026,1,24,4,2,20,40
6,52,2026,1,24,21,3,18,25
7,0,2026,1,24,21,3,0,28
7,6,2026,1,24,4,3,2,29
7,11,2026,1,24,12,13,6,36
7,14,2026,1,24,17,17,7,46
7,21,2026,1,24,16,17,10,53
7,24,2026,1,24,14,11,10,54
7,32,2026,1,24,16,13,2,65
7,36,2026,1,24,17,12,11,66
7,41,2026,1,24,12,13,20,59
7,45,2026,1,24,4,1,20,40
7,52,2026,1,24,21,6,20,26
8,0,2026,1,24,21,5,0,31
8,6,2026,1,24,4,3,2,32
8,11,2026,1,24,12,30,9,53
8,14,2026,1,24,17,7,8,52
8,21,2026,1,24,16,21,15,58
8,24,2026,1,24,14,18,16,60
8,32,2026,1,24,16,11,5,66
8,36,2026,1,24,17,8,15,59
8,41,2026,1,24,12,27,20,66
8,45,2026,1,24,4,1,20,47
8,52,2026,1,24,21,2,19,30
9,0,2026,1,24,21,4,0,34
9,6,2026,1,24,4,1,1,34
9,11,2026,1,24,12,21,6,49
9,14,2026,1,24,17,4,9,44
9,21,2026,1,24,16,3,5,42
9,24,2026,1,24,14,6,19,29
9,32,2026,1,24,16,2,1,30
9,36,2026,1,24,17,3,0,33
9,41,2026,1,24,12,16,10,39
9,45,2026,1,24,4,4,20,23
9,52,2026,1,24,21,5,5,23
10,0,2026,1,24,21,3,0,26
10,6,2026,1,24,4,5,0,31
10,11,2026,1,24,12,19,15,35
10,14,2026,1,24,17,5,11,29
10,21,2026,1,24,16,6,11,24
10,24,2026,1,24,14,6,7,23
10,32,2026,1,24,16,6,0,29
10,36,2026,1,24,17,6,0,35
10,41,2026,1,24,12,23,18,40
10,45,2026,1,24,4,2,10,32
10,52,2026,1,24,21,5,12,25
11,0,2026,1,24,21,3,0,28
11,6,2026,1,24,4,2,0,30
11,11,2026,1,24,12,18,7,41
11,14,2026,1,24,17,2,9,34
11,21,2026,1,24,16,6,12,28
11,24,2026,1,24,14,4,13,19
11,32,2026,1,24,16,5,0,24
11,36,2026,1,24,17,4,1,27
11,41,2026,1,24,12,18,17,28
11,45,2026,1,24,4,5,9,24
11,52,2026,1,24,21,6,8,22
12,0,2026,1,24,21,4,0,26
12,6,2026,1,24,4,3,1,28
12,11,2026,1,24,12,13,14,27
12,14,2026,1,24,17,4,10,21
12,21,2026,1,24,16,2,6,17
12,24,2026,1,24,14,3,6,14
12,32,2026,1,24,16,3,0,17
12,36,2026,1,24,17,4,1,20
12,41,2026,1,24,12,28,9,39
12,45,2026,1,24,4,6,10,35
12,52,2026,1,24,21,4,12,27
13,0,2026,1,24,21,5,0,32
13,6,2026,1,24,4,10,1,41
13,11,2026,1,24,12,8,11,38
13,14,2026,1,24,17,3,9,32
13,21,2026,1,24,16,2,12,22
13,24,2026,1,24,14,5,14,13
13,32,2026,1,24,16,3,0,16
13,36,2026,1,24,17,5,0,21
13,41,2026,1,24,12,11,10,22
13,45,2026,1,24,4,23,7,38
13,52,2026,1,24,21,2,9,31
14,0,2026,1,24,21,3,0,34
14,6,2026,1,24,4,23,0,57
14,11,2026,1,24,12,26,20,63
14,14,2026,1,24,17,4,14,53
14,21,2026,1,24,16,2,14,41
14,24,2026,1,24,14,6,20,27
14,32,2026,1,24,16,3,0,30
14,36,2026,1,24,17,2,4,28
14,41,2026,1,24,12,29,9,48
14,45,2026,1,24,4,29,11,66
14,52,2026,1,24,21,6,20,52
15,0,2026,1,24,21,3,0,55
15,6,2026,1,24,4,12,1,66
15,11,2026,1,24,12,20,20,66
15,14,2026,1,24,17,6,20,52
15,21,2026,1,24,16,2,17,37
15,24,2026,1,24,14,3,20,20
15,32,2026,1,24,16,6,0,26
15,36,2026,1,24,17,3,1,28
15,41,2026,1,24,12,24,13,39
15,45,2026,1,24,4,14,7,46
15,52,2026,1,24,21,6,14,38
16,0,2026,1,24,21,3,0,41
16,6,2026,1,24,4,4,0,45
16,11,2026,1,24,12,22,18,49
16,14,2026,1,24,17,4,15,38
16,21,2026,1,24,16,6,17,27
16,24,2026,1,24,14,6,10,23
16,32,2026,1,24,16,5,1,27
16,36,2026,1,24,17,6,2,31
16,41,2026,1,24,12,24,19,36
16,45,2026,1,24,4,6,13,29
16,52,2026,1,24,21,2,10,21
17,0,2026,1,24,21,4,0,25
17,6,2026,1,24,4,2,3,24
17,11,2026,1,24,12,15,8,31
17,14,2026,1,24,17,4,6,29
17,21,2026,1,24,16,6,8,27
17,24,2026,1,24,14,3,15,15
17,32,2026,1,24,16,6,0,21
17,36,2026,1,24,17,3,2,22
17,41,2026,1,24,12,29,11,40
17,45,2026,1,24,4,3,9,34
17,52,2026,1,24,21,6,11,29
18,0,2026,1,24,21,2,0,31
18,6,2026,1,24,4,2,0,33
18,11,2026,1,24,12,9,7,35
18,14,2026,1,24,17,2,12,25
18,21,2026,1,24,16,4,6,23
18,24,2026,1,24,14,3,12,14
18,32,2026,1,24,16,3,0,17
18,36,2026,1,24,17,5,1,21
18,41,2026,1,24,12,24,10,35
18,45,2026,1,24,4,2,8,29
18,52,2026,1,24,21,6,9,26
19,0,2026,1,24,21,5,0,31
19,6,2026,1,24,4,4,1,34
19,11,2026,1,24,12,10,11,33
19,14,2026,1,24,17,5,8,30
19,21,2026,1,24,16,4,10,24
19,24,2026,1,24,14,2,10,16
19,32,2026,1,24,16,3,0,19
19,36,2026,1,24,17,3,2,20
19,41,2026,1,24,12,27,9,38
19,45,2026,1,24,4,4,10,32
19,52,2026,1,24,21,5,9,28
20,0,2026,1,24,21,4,0,32
20,6,2026,1,24,4,3,0,35
20,11,2026,1,24,12,13,11,37
20,14,2026,1,24,17,4,8,33
20,21,2026,1,24,16,6,16,23
20,24,2026,1,24,14,4,11,16
20,32,2026,1,24,16,6,1,21
20,36,2026,1,24,17,4,0,25
20,41,2026,1,24,12,24,18,31
20,45,2026,1,24,4,2,7,26
20,52,2026,1,24,21,3,10,19
21,0,2026,1,24,21,5,0,24
21,6,2026,1,24,4,2,0,26
21,11,2026,1,24,12,14,9,31
21,14,2026,1,24,17,6,7,30
21,21,2026,1,24,16,5,8,27
21,24,2026,1,24,14,6,12,21
21,32,2026,1,24,16,2,2,21
21,36,2026,1,24,17,3,1,23
21,41,2026,1,24,12,14,15,22
21,45,2026,1,24,4,6,6,22
21,52,2026,1,24,21,5,8,19
22,0,2026,1,24,21,2,0,21
22,6,2026,1,24,4,5,0,26
22,11,2026,1,24,12,29,13,42
22,14,2026,1,24,17,2,9,35
22,21,2026,1,24,16,3,7,31
22,24,2026,1,24,14,5,15,21
22,32,2026,1,24,16,4,0,25
22,36,2026,1,24,17,6,1,30
22,41,2026,1,24,12,17,13,34
22,45,2026,1,24,4,6,12,28
22,52,2026,1,24,21,6,10,24
23,0,2026,1,24,21,2,0,26
23,6,2026,1,24,4,4,0,30
23,11,2026,1,24,12,28,11,47
23,14,2026,1,24,17,3,13,37
23,21,2026,1,24,16,4,10,31
23,24,2026,1,24,14,2,9,24
23,32,2026,1,24,16,5,1,28
23,36,2026,1,24,17,3,0,31
23,41,2026,1,24,12,17,13,35
23,45,2026,1,24,4,4,19,20
23,52,2026,1,24,21,0,20,0
6,0,2026,1,25,21,2,0,2
6,6,2026,1,25,4,3,0,5
6,11,2026,1,25,12,14,4,15
6,14,2026,1,25,17,11,3,23
6,21,2026,1,25,16,22,1,44
6,24,2026,1,25,14,5,7,42
6,32,2026,1,25,16,16,3,55
6,36,2026,1,25,17,19,8,66
6,41,2026,1,25,12,20,20,66
6,45,2026,1,25,4,3,20,49
6,52,2026,1,25,21,3,20,32
7,0,2026,1,25,21,6,0,38
7,6,2026,1,25,4,3,6,35
7,11,2026,1,25,12,21,6,50
7,14,2026,1,25,17,16,10,56
7,21,2026,1,25,16,18,14,60
7,24,2026,1,25,14,11,16,55
7,32,2026,1,25,16,5,4,56
7,36,2026,1,25,17,10,6,60
7,41,2026,1,25,12,23,20,63
7,45,2026,1,25,4,5,20,48
7,52,2026,1,25,21,4,14,38
8,0,2026,1,25,21,2,0,40
8,6,2026,1,25,4,4,4,40
8,11,2026,1,25,12,35,9,66
8,14,2026,1,25,17,12,12,66
8,21,2026,1,25,16,8,12,62
8,24,2026,1,25,14,11,20,53
8,32,2026,1,25,16,13,0,66
8,36,2026,1,25,17,7,7,66
8,41,2026,1,25,12,19,20,65
8,45,2026,1,25,4,5,20,50
8,52,2026,1,25,21,5,19,36
9,0,2026,1,25,21,6,0,42
9,6,2026,1,25,4,5,1,46
9,11,2026,1,25,12,8,13,41
9,14,2026,1,25,17,2,11,32
9,21,2026,1,25,16,2,7,27
9,24,2026,1,25,14,5,17,15
9,32,2026,1,25,16,6,0,21
9,36,2026,1,25,17,4,1,24
9,41,2026,1,25,12,23,10,37
9,45,2026,1,25,4,3,20,20
9,52,2026,1,25,21,3,4,19
10,0,2026,1,25,21,5,0,24
10,6,2026,1,25,4,4,0,28
10,11,2026,1,25,12,20,11,37
10,14,2026,1,25,17,6,12,31
10,21,2026,1,25,16,6,5,32
10,24,2026,1,25,14,6,16,22
10,32,2026,1,25,16,3,0,25
10,36,2026,1,25,17,3,0,28
10,41,2026,1,25,12,10,18,20
10,45,2026,1,25,4,6,9,17
10,52,2026,1,25,21,3,5,15
11,0,2026,1,25,21,3,0,18
11,6,2026,1,25,4,6,0,24
11,11,2026,1,25,12,33,13,44
11,14,2026,1,25,17,5,11,38
11,21,2026,1,25,16,4,13,29
11,24,2026,1,25,14,3,9,23
11,32,2026,1,25,16,5,0,28
11,36,2026,1,25,17,3,0,31
11,41,2026,1,25,12,28,16,43
11,45,2026,1,25,4,6,8,41
11,52,2026,1,25,21,5,11,35
12,0,2026,1,25,21,5,0,40
12,6,2026,1,25,4,3,0,43
12,11,2026,1,25,12,9,16,36
12,14,2026,1,25,17,2,10,28
12,21,2026,1,25,16,2,11,19
12,24,2026,1,25,14,6,13,12
12,32,2026,1,25,16,2,0,14
12,36,2026,1,25,17,5,0,19
12,41,2026,1,25,12,15,11,23
12,45,2026,1,25,4,3,1,25
12,52,2026,1,25,21,3,8,20
13,0,2026,1,25,21,2,0,22
13,6,2026,1,25,4,27,1,48
13,11,2026,1,25,12,27,20,55
13,14,2026,1,25,17,4,9,50
13,21,2026,1,25,16,4,20,34
13,24,2026,1,25,14,2,13,23
13,32,2026,1,25,16,3,0,26
13,36,2026,1,25,17,3,2,27
13,41,2026,1,25,12,23,12,38
13,45,2026,1,25,4,19,6,51
13,52,2026,1,25,21,5,14,42
14,0,2026,1,25,21,6,0,48
14,6,2026,1,25,4,16,1,63
14,11,2026,1,25,12,23,20,66
14,14,2026,1,25,17,6,16,56
14,21,2026,1,25,16,4,20,40
14,24,2026,1,25,14,5,20,25
14,32,2026,1,25,16,6,0,31
14,36,2026,1,25,17,6,3,34
14,41,2026,1,25,12,28,16,46
14,45,2026,1,25,4,11,6,51
14,52,2026,1,25,21,3,20,34
15,0,2026,1,25,21,4,0,38
15,6,2026,1,25,4,29,1,66
15,11,2026,1,25,12,20,20,66
15,14,2026,1,25,17,6,19,53
15,21,2026,1,25,16,5,20,38
15,24,2026,1,25,14,3,20,21
15,32,2026,1,25,16,5,0,26
15,36,2026,1,25,17,4,0,30
15,41,2026,1,25,12,17,16,31
15,45,2026,1,25,4,25,3,53
15,52,2026,1,25,21,6,16,43
16,0,2026,1,25,21,3,0,46
16,6,2026,1,25,4,3,1,48
16,11,2026,1,25,12,14,20,42
16,14,2026,1,25,17,5,9,38
16,21,2026,1,25,16,3,14,27
16,24,2026,1,25,14,5,16,16
16,32,2026,1,25,16,5,0,21
16,36,2026,1,25,17,6,1,26
16,41,2026,1,25,12,10,14,22
16,45,2026,1,25,4,5,5,22
16,52,2026,1,25,21,6,9,19
17,0,2026,1,25,21,6,0,25
17,6,2026,1,25,4,2,0,27
17,11,2026,1,25,12,27,11,43
17,14,2026,1,25,17,6,10,39
17,21,2026,1,25,16,5,10,34
17,24,2026,1,25,14,2,14,22
17,32,2026,1,25,16,3,1,24
17,36,2026,1,25,17,2,0,26
17,41,2026,1,25,12,20,10,36
17,45,2026,1,25,4,3,12,27
17,52,2026,1,25,21,3,12,18
18,0,2026,1,25,21,2,0,20
18,6,2026,1,25,4,6,1,25
18,11,2026,1,25,12,10,8,27
18,14,2026,1,25,17,2,9,20
18,21,2026,1,25,16,3,5,18
18,24,2026,1,25,14,2,7,13
18,32,2026,1,25,16,6,0,19
18,36,2026,1,25,17,4,0,23
18,41,2026,1,25,12,28,11,40
18,45,2026,1,25,4,6,13,33
18,52,2026,1,25,21,4,13,24
19,0,2026,1,25,21,2,0,26
19,6,2026,1,25,4,2,1,27
19,11,2026,1,25,12,34,7,54
19,14,2026,1,25,17,6,10,50
19,21,2026,1,25,16,4,13,41
19,24,2026,1,25,14,3,18,26
19,32,2026,1,25,16,2,0,28
19,36,2026,1,25,17,2,1,29
19,41,2026,1,25,12,10,10,29
19,45,2026,1,25,4,6,13,22
19,52,2026,1,25,21,4,10,16
20,0,2026,1,25,21,6,0,22
20,6,2026,1,25,4,5,0,27
20,11,2026,1,25,12,20,14,33
20,14,2026,1,25,17,5,12,26
20,21,2026,1,25,16,6,8,24
20,24,2026,1,25,14,4,10,18
20,32,2026,1,25,16,3,2,19
20,36,2026,1,25,17,2,0,21
20,41,2026,1,25,12,16,13,24
20,45,2026,1,25,4,3,4,23
20,52,2026,1,25,21,4,4,23
21,0,2026,1,25,21,6,0,29
21,6,2026,1,25,4,5,0,34
21,11,2026,1,25,12,34,13,55
21,14,2026,1,25,17,6,15,46
21,21,2026,1,25,16,4,16,34
21,24,2026,1,25,14,6,11,29
21,32,2026,1,25,16,2,1,30
21,36,2026,1,25,17,3,0,33
21,41,2026,1,25,12,34,12,55
21,45,2026,1,25,4,6,15,46
21,52,2026,1,25,21,3,19,30
22,0,2026,1,25,21,2,0,32
22,6,2026,1,25,4,2,0,34
22,11,2026,1,25,12,33,11,56
22,14,2026,1,25,17,2,17,41
22,21,2026,1,25,16,4,17,28
22,24,2026,1,25,14,2,12,18
22,32,2026,1,25,16,5,1,22
22,36,2026,1,25,17,5,3,24
22,41,2026,1,25,12,33,7,50
22,45,2026,1,25,4,5,16,39
22,52,2026,1,25,21,4,10,33
23,0,2026,1,25,21,4,0,37
23,6,2026,1,25,4,5,0,42
23,11,2026,1,25,12,15,13,44
23,14,2026,1,25,17,3,10,37
23,21,2026,1,25,16,3,16,24
23,24,2026,1,25,14,3,13,14
23,32,2026,1,25,16,2,0,16
23,36,2026,1,25,17,3,0,19
23,41,2026,1,25,12,31,10,40
23,45,2026,1,25,4,0,20,20
23,52,2026,1,25,21,0,20,0
6,0,2026,1,26,21,2,0,2
6,6,2026,1,26,4,5,0,7
6,11,2026,1,26,12,21,4,24
6,14,2026,1,26,17,14,5,33
6,21,2026,1,26,16,10,7,36
6,24,2026,1,26,14,15,3,48
6,32,2026,1,26,16,10,1,57
6,36,2026,1,26,17,8,7,58
6,41,2026,1,26,12,28,20,66
6,45,2026,1,26,4,4,20,50
6,52,2026,1,26,21,5,20,35
7,0,2026,1,26,21,6,0,41
7,6,2026,1,26,4,5,2,44
7,11,2026,1,26,12,34,16,62
7,14,2026,1,26,17,5,9,58
7,21,2026,1,26,16,7,14,51
7,24,2026,1,26,14,15,17,49
7,32,2026,1,26,16,5,1,53
7,36,2026,1,26,17,13,4,62
7,41,2026,1,26,12,24,20,66
7,45,2026,1,26,4,5,20,51
7,52,2026,1,26,21,6,11,46
8,0,2026,1,26,21,2,0,48
8,6,2026,1,26,4,4,3,49
8,11,2026,1,26,12,28,12,65
8,14,2026,1,26,17,7,6,66
8,21,2026,1,26,16,17,19,64
8,24,2026,1,26,14,10,20,54
8,32,2026,1,26,16,5,2,57
8,36,2026,1,26,17,14,5,66
8,41,2026,1,26,12,20,20,66
8,45,2026,1,26,4,4,20,50
8,52,2026,1,26,21,2,20,32
9,0,2026,1,26,21,4,0,36
9,6,2026,1,26,4,5,2,39
9,11,2026,1,26,12,10,6,43
9,14,2026,1,26,17,6,12,37
9,21,2026,1,26,16,3,7,33
9,24,2026,1,26,14,3,15,21
9,32,2026,1,26,16,3,0,24
9,36,2026,1,26,17,6,0,30
9,41,2026,1,26,12,34,11,53
9,45,2026,1,26,4,3,20,36
9,52,2026,1,26,21,6,12,30
10,0,2026,1,26,21,3,0,33
10,6,2026,1,26,4,2,2,33
10,11,2026,1,26,12,20,9,44
10,14,2026,1,26,17,2,12,34
10,21,2026,1,26,16,4,11,27
10,24,2026,1,26,14,5,11,21
10,32,2026,1,26,16,3,1,23
10,36,2026,1,26,17,6,2,27
10,41,2026,1,26,12,32,12,47
10,45,2026,1,26,4,5,13,39
10,52,2026,1,26,21,6,17,28
11,0,2026,1,26,21,4,0,32
11,6,2026,1,26,4,5,0,37
11,11,2026,1,26,12,36,15,58
11,14,2026,1,26,17,2,12,48
11,21,2026,1,26,16,4,15,37
11,24,2026,1,26,14,3,17,23
11,32,2026,1,26,16,4,1,26
11,36,2026,1,26,17,6,0,32
11,41,2026,1,26,12,17,12,37
11,45,2026,1,26,4,4,10,31
11,52,2026,1,26,21,5,16,20
12,0,2026,1,26,21,5,0,25
12,6,2026,1,26,4,4,1,28
12,11,2026,1,26,12,28,12,44
12,14,2026,1,26,17,4,13,35
12,21,2026,1,26,16,4,5,34
12,24,2026,1,26,14,3,14,23
12,32,2026,1,26,16,3,0,26
12,36,2026,1,26,17,3,0,29
12,41,2026,1,26,12,33,12,50
12,45,2026,1,26,4,2,10,42
12,52,2026,1,26,21,6,17,31
13,0,2026,1,26,21,5,0,36
13,6,2026,1,26,4,20,1,55
13,11,2026,1,26,12,24,17,62
13,14,2026,1,26,17,3,14,51
13,21,2026,1,26,16,3,19,35
13,24,2026,1,26,14,4,20,19
13,32,2026,1,26,16,3,1,21
13,36,2026,1,26,17,3,1,23
13,41,2026,1,26,12,27,8,42
13,45,2026,1,26,4,24,6,60
13,52,2026,1,26,21,2,20,42
14,0,2026,1,26,21,4,0,46
14,6,2026,1,26,4,22,2,66
14,11,2026,1,26,12,19,20,65
14,14,2026,1,26,17,5,12,58
14,21,2026,1,26,16,3,18,43
14,24,2026,1,26,14,2,20,25
14,32,2026,1,26,16,2,0,27
14,36,2026,1,26,17,6,0,33
14,41,2026,1,26,12,13,12,34
14,45,2026,1,26,4,12,6,40
14,52,2026,1,26,21,5,17,28
15,0,2026,1,26,21,5,0,33
15,6,2026,1,26,4,15,0,48
15,11,2026,1,26,12,31,20,59
15,14,2026,1,26,17,5,19,45
15,21,2026,1,26,16,5,16,34
15,24,2026,1,26,14,2,13,23
15,32,2026,1,26,16,5,0,28
15,36,2026,1,26,17,5,1,32
15,41,2026,1,26,12,23,19,36
15,45,2026,1,26,4,22,4,54
15,52,2026,1,26,21,6,20,40
16,0,2026,1,26,21,4,0,44
16,6,2026,1,26,4,4,1,47
16,11,2026,1,26,12,14,20,41
16,14,2026,1,26,17,5,13,33
16,21,2026,1,26,16,3,12,24
16,24,2026,1,26,14,6,13,17
16,32,2026,1,26,16,4,0,21
16,36,2026,1,26,17,6,3,24
16,41,2026,1,26,12,14,15,23
16,45,2026,1,26,4,2,6,19
16,52,2026,1,26,21,5,8,16
17,0,2026,1,26,21,6,0,22
17,6,2026,1,26,4,5,0,27
17,11,2026,1,26,12,27,8,46
17,14,2026,1,26,17,4,10,40
17,21,2026,1,26,16,5,17,28
17,24,2026,1,26,14,3,13,18
17,32,2026,1,26,16,3,0,21
17,36,2026,1,26,17,2,0,23
17,41,2026,1,26,12,33,10,46
17,45,2026,1,26,4,4,13,37
17,52,2026,1,26,21,5,12,30
18,0,2026,1,26,21,3,0,33
18,6,2026,1,26,4,3,1,35
18,11,2026,1,26,12,17,10,42
18,14,2026,1,26,17,3,12,33
18,21,2026,1,26,16,4,14,23
18,24,2026,1,26,14,4,12,15
18,32,2026,1,26,16,3,1,17
18,36,2026,1,26,17,3,2,18
18,41,2026,1,26,12,32,10,40
18,45,2026,1,26,4,5,9,36
18,52,2026,1,26,21,5,16,25
19,0,2026,1,26,21,2,0,27
19,6,2026,1,26,4,6,0,33
19,11,2026,1,26,12,34,13,54
19,14,2026,1,26,17,6,14,46
19,21,2026,1,26,16,5,17,34
19,24,2026,1,26,14,4,16,22
19,32,2026,1,26,16,2,0,24
19,36,2026,1,26,17,4,0,28
19,41,2026,1,26,12,19,15,32
19,45,2026,1,26,4,6,10,28
19,52,2026,1,26,21,4,8,24
20,0,2026,1,26,21,5,0,29
20,6,2026,1,26,4,6,0,35
20,11,2026,1,26,12,22,16,41
20,14,2026,1,26,17,2,10,33
20,21,2026,1,26,16,6,13,26
20,24,2026,1,26,14,3,11,18
20,32,2026,1,26,16,2,0,20
20,36,2026,1,26,17,4,1,23
20,41,2026,1,26,12,20,11,32
20,45,2026,1,26,4,6,13,25
20,52,2026,1,26,21,4,7,22
21,0,2026,1,26,21,6,0,28
21,6,2026,1,26,4,5,1,32
21,11,2026,1,26,12,18,13,37
21,14,2026,1,26,17,6,9,34
21,21,2026,1,26,16,6,10,30
21,24,2026,1,26,14,2,11,21
21,32,2026,1,26,16,4,0,25
21,36,2026,1,26,17,6,0,31
21,41,2026,1,26,12,17,18,30
21,45,2026,1,26,4,6,12,24
21,52,2026,1,26,21,5,10,19
22,0,2026,1,26,21,6,0,25
22,6,2026,1,26,4,3,2,26
22,11,2026,1,26,12,21,10,37
22,14,2026,1,26,17,2,12,27
22,21,2026,1,26,16,5,7,25
22,24,2026,1,26,14,3,7,21
22,32,2026,1,26,16,2,0,23
22,36,2026,1,26,17,4,1,26
22,41,2026,1,26,12,33,8,51
22,45,2026,1,26,4,4,17,38
22,52,2026,1,26,21,5,13,30
23,0,2026,1,26,21,6,0,36
23,6,2026,1,26,4,5,2,39
23,11,2026,1,26,12,28,13,54
23,14,2026,1,26,17,5,9,50
23,21,2026,1,26,16,2,15,37
23,24,2026,1,26,14,4,19,22
23,32,2026,1,26,16,6,0,28
23,36,2026,1,26,17,3,1,30
23,41,2026,1,26,12,11,15,26
23,45,2026,1,26,4,4,11,19
23,52,2026,1,26,21,0,19,0
6,0,2026,1,27,21,5,0,5
6,6,2026,1,27,4,5,0,10
6,11,2026,1,27,12,18,7,21
6,14,2026,1,27,17,7,6,22
6,21,2026,1,27,16,6,3,25
6,24,2026,1,27,14,11,8,28
6,32,2026,1,27,16,14,1,41
6,36,2026,1,27,17,5,6,40
6,41,2026,1,27,12,26,20,46
6,45,2026,1,27,4,5,18,33
6,52,2026,1,27,21,6,11,28
7,0,2026,1,27,21,3,0,31
7,6,2026,1,27,4,5,1,35
7,11,2026,1,27,12,24,14,45
7,14,2026,1,27,17,15,4,56
7,21,2026,1,27,16,8,12,52
7,24,2026,1,27,14,16,14,54
7,32,2026,1,27,16,15,5,64
7,36,2026,1,27,17,11,9,66
7,41,2026,1,27,12,17,20,63
7,45,2026,1,27,4,5,20,48
7,52,2026,1,27,21,6,19,35
8,0,2026,1,27,21,3,0,38
8,6,2026,1,27,4,4,4,38
8,11,2026,1,27,12,33,11,60
8,14,2026,1,27,17,12,8,64
8,21,2026,1,27,16,16,20,60
8,24,2026,1,27,14,21,17,64
8,32,2026,1,27,16,10,8,66
8,36,2026,1,27,17,11,11,66
8,41,2026,1,27,12,20,20,66
8,45,2026,1,27,4,3,20,49
8,52,2026,1,27,21,4,20,33
9,0,2026,1,27,21,3,0,36
9,6,2026,1,27,4,1,2,35
9,11,2026,1,27,12,15,7,43
9,14,2026,1,27,17,4,7,40
9,21,2026,1,27,16,2,12,30
9,24,2026,1,27,14,4,11,23
9,32,2026,1,27,16,2,0,25
9,36,2026,1,27,17,3,2,26
9,41,2026,1,27,12,36,5,57
9,45,2026,1,27,4,3,20,40
9,52,2026,1,27,21,4,10,34
10,0,2026,1,27,21,2,0,36
10,6,2026,1,27,4,4,1,39
10,11,2026,1,27,12,19,7,51
10,14,2026,1,27,17,4,9,46
10,21,2026,1,27,16,6,19,33
10,24,2026,1,27,14,5,19,19
10,32,2026,1,27,16,2,1,20
10,36,2026,1,27,17,2,1,21
10,41,2026,1,27,12,30,15,36
10,45,2026,1,27,4,2,9,29
10,52,2026,1,27,21,4,14,19
11,0,2026,1,27,21,6,0,25
11,6,2026,1,27,4,2,1,26
11,11,2026,1,27,12,23,8,41
11,14,2026,1,27,17,2,13,30
11,21,2026,1,27,16,2,10,22
11,24,2026,1,27,14,5,11,16
11,32,2026,1,27,16,5,0,21
11,36,2026,1,27,17,4,1,24
11,41,2026,1,27,12,19,9,34
11,45,2026,1,27,4,2,11,25
11,52,2026,1,27,21,2,11,16
12,0,2026,1,27,21,4,0,20
12,6,2026,1,27,4,6,0,26
12,11,2026,1,27,12,28,8,46
12,14,2026,1,27,17,5,17,34
12,21,2026,1,27,16,4,10,28
12,24,2026,1,27,14,3,10,21
12,32,2026,1,27,16,4,1,24
12,36,2026,1,27,17,2,1,25
12,41,2026,1,27,12,15,12,28
12,45,2026,1,27,4,5,10,23
12,52,2026,1,27,21,2,8,17
13,0,2026,1,27,21,5,0,22
13,6,2026,1,27,4,14,1,35
13,11,2026,1,27,12,22,16,41
13,14,2026,1,27,17,6,8,39
13,21,2026,1,27,16,5,7,37
13,24,2026,1,27,14,3,16,24
13,32,2026,1,27,16,2,0,26
13,36,2026,1,27,17,6,0,32
13,41,2026,1,27,12,28,15,45
13,45,2026,1,27,4,28,8,65
13,52,2026,1,27,21,6,15,56
14,0,2026,1,27,21,5,0,61
14,6,2026,1,27,4,7,2,66
14,11,2026,1,27,12,20,20,66
14,14,2026,1,27,17,4,19,51
14,21,2026,1,27,16,4,20,35
14,24,2026,1,27,14,3,18,20
14,32,2026,1,27,16,3,0,23
14,36,2026,1,27,17,3,1,25
14,41,2026,1,27,12,20,13,32
14,45,2026,1,27,4,28,9,51
14,52,2026,1,27,21,5,13,43
15,0,2026,1,27,21,5,0,48
15,6,2026,1,27,4,19,1,66
15,11,2026,1,27,12,10,20,56
15,14,2026,1,27,17,4,11,49
15,21,2026,1,27,16,5,20,34
15,24,2026,1,27,14,5,14,25
15,32,2026,1,27,16,3,0,28
15,36,2026,1,27,17,2,1,29
15,41,2026,1,27,12,14,14,29
15,45,2026,1,27,4,13,4,38
15,52,2026,1,27,21,3,15,26
16,0,2026,1,27,21,6,0,32
16,6,2026,1,27,4,2,0,34
16,11,2026,1,27,12,24,20,38
16,14,2026,1,27,17,5,8,35
16,21,2026,1,27,16,4,10,29
16,24,2026,1,27,14,6,11,24
16,32,2026,1,27,16,2,0,26
16,36,2026,1,27,17,6,0,32
16,41,2026,1,27,12,26,16,42
16,45,2026,1,27,4,2,12,32
16,52,2026,1,27,21,6,16,22
17,0,2026,1,27,21,4,0,26
17,6,2026,1,27,4,3,0,29
17,11,2026,1,27,12,10,9,30
17,14,2026,1,27,17,4,8,26
17,21,2026,1,27,16,4,7,23
17,24,2026,1,27,14,5,12,16
17,32,2026,1,27,16,2,1,17
17,36,2026,1,27,17,5,1,21
17,41,2026,1,27,12,25,13,33
17,45,2026,1,27,4,6,9,30
17,52,2026,1,27,21,6,5,31
18,0,2026,1,27,21,2,0,33
18,6,2026,1,27,4,3,0,36
18,11,2026,1,27,12,14,10,40
18,14,2026,1,27,17,2,11,31
18,21,2026,1,27,16,5,13,23
18,24,2026,1,27,14,2,11,14
18,32,2026,1,27,16,2,0,16
18,36,2026,1,27,17,5,1,20
18,41,2026,1,27,12,32,9,43
18,45,2026,1,27,4,5,8,40
18,52,2026,1,27,21,3,9,34
19,0,2026,1,27,21,3,0,37
19,6,2026,1,27,4,5,0,42
19,11,2026,1,27,12,8,9,41
19,14,2026,1,27,17,2,10,33
19,21,2026,1,27,16,5,15,23
19,24,2026,1,27,14,2,13,12
19,32,2026,1,27,16,6,0,18
19,36,2026,1,27,17,3,0,21
19,41,2026,1,27,12,22,12,31
19,45,2026,1,27,4,2,8,25
19,52,2026,1,27,21,6,8,23
20,0,2026,1,27,21,5,0,28
20,6,2026,1,27,4,2,6,24
20,11,2026,1,27,12,19,6,37
20,14,2026,1,27,17,3,9,31
20,21,2026,1,27,16,2,10,23
20,24,2026,1,27,14,5,11,17
20,32,2026,1,27,16,2,1,18
20,36,2026,1,27,17,2,2,18
20,41,2026,1,27,12,17,7,28
20,45,2026,1,27,4,2,9,21
20,52,2026,1,27,21,5,11,15
21,0,2026,1,27,21,5,0,20
21,6,2026,1,27,4,4,1,23
21,11,2026,1,27,12,19,10,32
21,14,2026,1,27,17,4,2,34
21,21,2026,1,27,16,3,10,27
21,24,2026,1,27,14,3,11,19
21,32,2026,1,27,16,4,0,23
21,36,2026,1,27,17,5,1,27
21,41,2026,1,27,12,21,13,35
21,45,2026,1,27,4,2,12,25
21,52,2026,1,27,21,5,11,19
22,0,2026,1,27,21,4,0,23
22,6,2026,1,27,4,2,0,25
22,11,2026,1,27,12,34,11,48
22,14,2026,1,27,17,4,11,41
22,21,2026,1,27,16,4,12,33
22,24,2026,1,27,14,4,13,24
22,32,2026,1,27,16,4,0,28
22,36,2026,1,27,17,3,3,28
22,41,2026,1,27,12,26,13,41
22,45,2026,1,27,4,2,13,30
22,52,2026,1,27,21,3,11,22
23,0,2026,1,27,21,6,0,28
23,6,2026,1,27,4,6,1,33
23,11,2026,1,27,12,23,10,46
23,14,2026,1,27,17,4,11,39
23,21,2026,1,27,16,6,16,29
23,24,2026,1,27,14,5,16,18
23,32,2026,1,27,16,3,0,21
23,36,2026,1,27,17,5,1,25
23,41,2026,1,27,12,25,14,36
23,45,2026,1,27,4,3,19,20
23,52,2026,1,27,21,0,20,0
6,0,2026,1,28,21,3,0,3
6,6,2026,1,28,4,2,0,5
6,11,2026,1,28,12,22,4,23
6,14,2026,1,28,17,16,6,33
6,21,2026,1,28,16,14,5,42
6,24,2026,1,28,14,17,9,50
6,32,2026,1,28,16,19,3,66
6,36,2026,1,28,17,14,14,66
6,41,2026,1,28,12,13,20,59
6,45,2026,1,28,4,6,20,45
6,52,2026,1,28,21,3,20,28
7,0,2026,1,28,21,6,0,34
7,6,2026,1,28,4,1,3,32
7,11,2026,1,28,12,8,8,32
7,14,2026,1,28,17,13,5,40
7,21,2026,1,28,16,13,8,45
7,24,2026,1,28,14,9,14,40
7,32,2026,1,28,16,13,1,52
7,36,2026,1,28,17,19,5,66
7,41,2026,1,28,12,20,20,66
7,45,2026,1,28,4,3,20,49
7,52,2026,1,28,21,6,14,41
8,0,2026,1,28,21,5,0,46
8,6,2026,1,28,4,3,5,44
8,11,2026,1,28,12,17,9,52
8,14,2026,1,28,17,17,11,58
8,21,2026,1,28,16,9,16,51
8,24,2026,1,28,14,7,18,40
8,32,2026,1,28,16,19,1,58
8,36,2026,1,28,17,11,3,66
8,41,2026,1,28,12,8,20,54
8,45,2026,1,28,4,2,20,36
8,52,2026,1,28,21,5,17,24
9,0,2026,1,28,21,6,0,30
9,6,2026,1,28,4,3,4,29
9,11,2026,1,28,12,17,7,39
9,14,2026,1,28,17,6,6,39
9,21,2026,1,28,16,3,8,34
9,24,2026,1,28,14,3,16,21
9,32,2026,1,28,16,5,0,26
9,36,2026,1,28,17,6,0,32
9,41,2026,1,28,12,26,10,48
9,45,2026,1,28,4,4,20,32
9,52,2026,1,28,21,4,10,26
10,0,2026,1,28,21,5,0,31
10,6,2026,1,28,4,2,0,33
10,11,2026,1,28,12,36,9,60
10,14,2026,1,28,17,5,10,55
10,21,2026,1,28,16,2,16,41
10,24,2026,1,28,14,3,20,24
10,32,2026,1,28,16,6,0,30
10,36,2026,1,28,17,2,1,31
10,41,2026,1,28,12,32,12,51
10,45,2026,1,28,4,6,16,41
10,52,2026,1,28,21,5,20,26
11,0,2026,1,28,21,2,0,28
11,6,2026,1,28,4,2,0,30
11,11,2026,1,28,12,13,12,31
11,14,2026,1,28,17,3,11,23
11,21,2026,1,28,16,6,10,19
11,24,2026,1,28,14,5,8,16
11,32,2026,1,28,16,4,1,19
11,36,2026,1,28,17,6,3,22
11,41,2026,1,28,12,21,16,27
11,45,2026,1,28,4,6,6,27
11,52,2026,1,28,21,3,7,23
12,0,2026,1,28,21,3,0,26
12,6,2026,1,28,4,3,0,29
12,11,2026,1,28,12,35,9,55
12,14,2026,1,28,17,4,12,47
12,21,2026,1,28,16,5,14,38
12,24,2026,1,28,14,3,11,30
12,32,2026,1,28,16,5,0,35
12,36,2026,1,28,17,4,2,37
12,41,2026,1,28,12,16,17,36
12,45,2026,1,28,4,5,9,32
12,52,2026,1,28,21,6,20,18
13,0,2026,1,28,21,3,0,21
13,6,2026,1,28,4,10,1,30
13,11,2026,1,28,12,36,15,51
13,14,2026,1,28,17,5,11,45
13,21,2026,1,28,16,6,16,35
13,24,2026,1,28,14,3,13,25
13,32,2026,1,28,16,2,0,27
13,36,2026,1,28,17,2,1,28
13,41,2026,1,28,12,31,11,48
13,45,2026,1,28,4,25,8,65
13,52,2026,1,28,21,2,20,47
14,0,2026,1,28,21,5,0,52
14,6,2026,1,28,4,13,0,65
14,11,2026,1,28,12,21,20,66
14,14,2026,1,28,17,6,20,52
14,21,2026,1,28,16,6,19,39
14,24,2026,1,28,14,5,19,25
14,32,2026,1,28,16,6,0,31
14,36,2026,1,28,17,2,1,32
14,41,2026,1,28,12,36,20,48
14,45,2026,1,28,4,15,8,55
14,52,2026,1,28,21,6,14,47
15,0,2026,1,28,21,6,0,53
15,6,2026,1,28,4,14,1,66
15,11,2026,1,28,12,20,20,66
15,14,2026,1,28,17,3,20,49
15,21,2026,1,28,16,6,20,35
15,24,2026,1,28,14,2,20,17
15,32,2026,1,28,16,2,0,19
15,36,2026,1,28,17,6,1,24
15,41,2026,1,28,12,10,15,19
15,45,2026,1,28,4,20,3,36
15,52,2026,1,28,21,2,10,28
16,0,2026,1,28,21,4,0,32
16,6,2026,1,28,4,5,1,36
16,11,2026,1,28,12,28,20,44
16,14,2026,1,28,17,4,11,37
16,21,2026,1,28,16,5,16,26
16,24,2026,1,28,14,4,7,23
16,32,2026,1,28,16,6,0,29
16,36,2026,1,28,17,6,1,34
16,41,2026,1,28,12,28,17,45
16,45,2026,1,28,4,4,7,42
16,52,2026,1,28,21,5,17,30
17,0,2026,1,28,21,6,0,36
17,6,2026,1,28,4,3,1,38
17,11,2026,1,28,12,18,12,44
17,14,2026,1,28,17,3,17,30
17,21,2026,1,28,16,3,11,22
17,24,2026,1,28,14,5,15,12
17,32,2026,1,28,16,4,0,16
17,36,2026,1,28,17,6,1,21
17,41,2026,1,28,12,25,14,32
17,45,2026,1,28,4,2,11,23
17,52,2026,1,28,21,2,11,14
18,0,2026,1,28,21,3,0,17
18,6,2026,1,28,4,4,1,20
18,11,2026,1,28,12,24,3,41
18,14,2026,1,28,17,4,7,38
18,21,2026,1,28,16,2,11,29
18,24,2026,1,28,14,4,12,21
18,32,2026,1,28,16,4,1,24
18,36,2026,1,28,17,6,1,29
18,41,2026,1,28,12,33,12,50
18,45,2026,1,28,4,6,15,41
18,52,2026,1,28,21,2,12,31
19,0,2026,1,28,21,4,0,35
19,6,2026,1,28,4,4,1,38
19,11,2026,1,28,12,17,13,42
19,14,2026,1,28,17,2,14,30
19,21,2026,1,28,16,3,11,22
19,24,2026,1,28,14,4,10,16
19,32,2026,1,28,16,6,0,22
19,36,2026,1,28,17,5,0,27
19,41,2026,1,28,12,26,15,38
19,45,2026,1,28,4,6,13,31
19,52,2026,1,28,21,5,11,25
20,0,2026,1,28,21,2,0,27
20,6,2026,1,28,4,6,2,31
20,11,2026,1,28,12,25,10,46
20,14,2026,1,28,17,3,13,36
20,21,2026,1,28,16,6,6,36
20,24,2026,1,28,14,4,15,25
20,32,2026,1,28,16,2,0,27
20,36,2026,1,28,17,2,1,28
20,41,2026,1,28,12,29,13,44
20,45,2026,1,28,4,4,9,39
20,52,2026,1,28,21,2,18,23
21,0,2026,1,28,21,2,0,25
21,6,2026,1,28,4,5,0,30
21,11,2026,1,28,12,14,4,40
21,14,2026,1,28,17,4,12,32
21,21,2026,1,28,16,3,12,23
21,24,2026,1,28,14,6,12,17
21,32,2026,1,28,16,2,2,17
21,36,2026,1,28,17,2,0,19
21,41,2026,1,28,12,33,8,44
21,45,2026,1,28,4,4,6,42
21,52,2026,1,28,21,6,17,31
22,0,2026,1,28,21,3,0,34
22,6,2026,1,28,4,2,0,36
22,11,2026,1,28,12,25,9,52
22,14,2026,1,28,17,6,12,46
22,21,2026,1,28,16,5,10,41
22,24,2026,1,28,14,4,20,25
22,32,2026,1,28,16,2,1,26
22,36,2026,1,28,17,6,0,32
22,41,2026,1,28,12,32,15,49
22,45,2026,1,28,4,2,13,38
22,52,2026,1,28,21,2,14,26
23,0,2026,1,28,21,5,0,31
23,6,2026,1,28,4,5,0,36
23,11,2026,1,28,12,14,8,42
23,14,2026,1,28,17,6,16,32
23,21,2026,1,28,16,6,11,27
23,24,2026,1,28,14,4,10,21
23,32,2026,1,28,16,2,1,22
23,36,2026,1,28,17,3,1,24
23,41,2026,1,28,12,20,16,28
23,45,2026,1,28,4,5,13,20
23,52,2026,1,28,21,0,20,0
6,0,2026,1,29,21,3,0,3
6,6,2026,1,29,4,5,0,8
6,11,2026,1,29,12,8,6,10
6,14,2026,1,29,17,17,2,25
6,21,2026,1,29,16,6,4,27
6,24,2026,1,29,14,11,3,35
6,32,2026,1,29,16,15,1,49
6,36,2026,1,29,17,7,6,50
6,41,2026,1,29,12,19,20,49
6,45,2026,1,29,4,4,17,36
6,52,2026,1,29,21,5,13,28
7,0,2026,1,29,21,6,0,34
7,6,2026,1,29,4,1,4,31
7,11,2026,1,29,12,34,8,57
7,14,2026,1,29,17,15,6,66
7,21,2026,1,29,16,14,14,66
7,24,2026,1,29,14,16,20,62
7,32,2026,1,29,16,9,5,66
7,36,2026,1,29,17,12,12,66
7,41,2026,1,29,12,19,20,65
7,45,2026,1,29,4,2,20,47
7,52,2026,1,29,21,4,17,34
8,0,2026,1,29,21,4,0,38
8,6,2026,1,29,4,4,4,38
8,11,2026,1,29,12,10,6,42
8,14,2026,1,29,17,15,10,47
8,21,2026,1,29,16,7,13,41
8,24,2026,1,29,14,14,15,40
8,32,2026,1,29,16,12,1,51
8,36,2026,1,29,17,16,3,64
8,41,2026,1,29,12,14,20,58
8,45,2026,1,29,4,1,20,39
8,52,2026,1,29,21,3,13,29
9,0,2026,1,29,21,3,0,32
9,6,2026,1,29,4,3,2,33
9,11,2026,1,29,12,15,6,42
9,14,2026,1,29,17,6,4,44
9,21,2026,1,29,16,5,10,39
9,24,2026,1,29,14,3,20,22
9,32,2026,1,29,16,6,0,28
9,36,2026,1,29,17,3,0,31
9,41,2026,1,29,12,9,13,27
9,45,2026,1,29,4,4,17,14
9,52,2026,1,29,21,6,6,14
10,0,2026,1,29,21,2,0,16
10,6,2026,1,29,4,5,1,20
10,11,2026,1,29,12,35,11,44
10,14,2026,1,29,17,3,11,36
10,21,2026,1,29,16,4,10,30
10,24,2026,1,29,14,3,11,22
10,32,2026,1,29,16,2,1,23
10,36,2026,1,29,17,6,1,28
10,41,2026,1,29,12,25,12,41
10,45,2026,1,29,4,6,15,32
10,52,2026,1,29,21,3,14,21
11,0,2026,1,29,21,6,0,27
11,6,2026,1,29,4,5,1,31
11,11,2026,1,29,12,30,13,48
11,14,2026,1,29,17,3,11,40
11,21,2026,1,29,16,5,14,31
11,24,2026,1,29,14,5,13,23
11,32,2026,1,29,16,3,1,25
11,36,2026,1,29,17,2,2,25
11,41,2026,1,29,12,29,11,43
11,45,2026,1,29,4,2,14,31
11,52,2026,1,29,21,2,10,23
12,0,2026,1,29,21,6,0,29
12,6,2026,1,29,4,2,0,31
12,11,2026,1,29,12,15,9,37
12,14,2026,1,29,17,6,10,33
12,21,2026,1,29,16,6,12,27
12,24,2026,1,29,14,3,13,17
12,32,2026,1,29,16,4,1,20
12,36,2026,1,29,17,5,1,24
12,41,2026,1,29,12,34,13,45
12,45,2026,1,29,4,4,9,40
12,52,2026,1,29,21,2,12,30
13,0,2026,1,29,21,4,0,34
13,6,2026,1,29,4,10,1,43
13,11,2026,1,29,12,32,13,62
13,14,2026,1,29,17,6,12,56
13,21,2026,1,29,16,3,13,46
13,24,2026,1,29,14,2,19,29
13,32,2026,1,29,16,2,0,31
13,36,2026,1,29,17,6,1,36
13,41,2026,1,29,12,13,13,36
13,45,2026,1,29,4,15,10,41
13,52,2026,1,29,21,2,16,27
14,0,2026,1,29,21,6,0,33
14,6,2026,1,29,4,26,0,59
14,11,2026,1,29,12,27,20,66
14,14,2026,1,29,17,2,20,48
14,21,2026,1,29,16,2,15,35
14,24,2026,1,29,14,4,20,19
14,32,2026,1,29,16,5,0,24
14,36,2026,1,29,17,6,1,29
14,41,2026,1,29,12,20,10,39
14,45,2026,1,29,4,30,9,60
14,52,2026,1,29,21,2,18,44
15,0,2026,1,29,21,6,0,50
15,6,2026,1,29,4,16,1,65
15,11,2026,1,29,12,18,20,63
15,14,2026,1,29,17,3,16,50
15,21,2026,1,29,16,3,16,37
15,24,2026,1,29,14,5,20,22
15,32,2026,1,29,16,3,0,25
15,36,2026,1,29,17,6,1,30
15,41,2026,1,29,12,23,17,36
15,45,2026,1,29,4,23,7,52
15,52,2026,1,29,21,4,13,43
16,0,2026,1,29,21,3,0,46
16,6,2026,1,29,4,2,2,46
16,11,2026,1,29,12,24,16,54
16,14,2026,1,29,17,6,15,45
16,21,2026,1,29,16,4,16,33
16,24,2026,1,29,14,2,16,19
16,32,2026,1,29,16,4,0,23
16,36,2026,1,29,17,4,2,25
16,41,2026,1,29,12,34,11,48
16,45,2026,1,29,4,5,12,41
16,52,2026,1,29,21,4,19,26
17,0,2026,1,29,21,3,0,29
17,6,2026,1,29,4,2,2,29
17,11,2026,1,29,12,35,6,58
17,14,2026,1,29,17,3,12,49
17,21,2026,1,29,16,3,17,35
17,24,2026,1,29,14,4,13,26
17,32,2026,1,29,16,6,2,30
17,36,2026,1,29,17,2,0,32
17,41,2026,1,29,12,22,8,46
17,45,2026,1,29,4,5,14,37
17,52,2026,1,29,21,4,18,23
18,0,2026,1,29,21,6,0,29
18,6,2026,1,29,4,2,0,31
18,11,2026,1,29,12,16,10,37
18,14,2026,1,29,17,6,10,33
18,21,2026,1,29,16,2,8,27
18,24,2026,1,29,14,2,15,14
18,32,2026,1,29,16,2,1,15
18,36,2026,1,29,17,5,0,20
18,41,2026,1,29,12,36,11,45
18,45,2026,1,29,4,6,10,41
18,52,2026,1,29,21,2,12,31
19,0,2026,1,29,21,5,0,36
19,6,2026,1,29,4,5,1,40
19,11,2026,1,29,12,32,12,60
19,14,2026,1,29,17,3,20,43
19,21,2026,1,29,16,5,14,34
19,24,2026,1,29,14,6,14,26
19,32,2026,1,29,16,5,0,31
19,36,2026,1,29,17,4,1,34
19,41,2026,1,29,12,28,14,48
19,45,2026,1,29,4,4,19,33
19,52,2026,1,29,21,5,16,22
20,0,2026,1,29,21,6,0,28
20,6,2026,1,29,4,6,1,33
20,11,2026,1,29,12,18,16,35
20,14,2026,1,29,17,2,6,31
20,21,2026,1,29,16,3,11,23
20,24,2026,1,29,14,6,10,19
20,32,2026,1,29,16,6,1,24
20,36,2026,1,29,17,3,1,26
20,41,2026,1,29,12,26,11,41
20,45,2026,1,29,4,2,12,31
20,52,2026,1,29,21,6,14,23
21,0,2026,1,29,21,4,0,27
21,6,2026,1,29,4,6,2,31
21,11,2026,1,29,12,30,11,50
21,14,2026,1,29,17,4,17,37
21,21,2026,1,29,16,4,15,26
21,24,2026,1,29,14,4,10,20
21,32,2026,1,29,16,5,0,25
21,36,2026,1,29,17,3,1,27
21,41,2026,1,29,12,34,13,48
21,45,2026,1,29,4,2,11,39
21,52,2026,1,29,21,4,16,27
22,0,2026,1,29,21,5,0,32
22,6,2026,1,29,4,4,0,36
22,11,2026,1,29,12,29,9,56
22,14,2026,1,29,17,2,17,41
22,21,2026,1,29,16,2,10,33
22,24,2026,1,29,14,3,20,16
22,32,2026,1,29,16,5,0,21
22,36,2026,1,29,17,6,1,26
22,41,2026,1,29,12,12,10,28
22,45,2026,1,29,4,6,13,21
22,52,2026,1,29,21,3,7,17
23,0,2026,1,29,21,5,0,22
23,6,2026,1,29,4,4,1,25
23,11,2026,1,29,12,14,11,28
23,14,2026,1,29,17,3,4,27
23,21,2026,1,29,16,2,10,19
23,24,2026,1,29,14,6,9,16
23,32,2026,1,29,16,6,0,22
23,36,2026,1,29,17,5,2,25
23,41,2026,1,29,12,24,15,34
23,45,2026,1,29,4,4,20,18
23,52,2026,1,29,21,0,18,0
6,0,2026,1,30,21,3,0,3
6,6,2026,1,30,4,3,1,5
6,11,2026,1,30,12,27,4,28
6,14,2026,1,30,17,6,4,30
6,21,2026,1,30,16,5,8,27
6,24,2026,1,30,14,16,7,36
6,32,2026,1,30,16,8,3,41
6,36,2026,1,30,17,6,6,41
6,41,2026,1,30,12,29,20,50
6,45,2026,1,30,4,2,15,37
6,52,2026,1,30,21,5,15,27
7,0,2026,1,30,21,3,0,30
7,6,2026,1,30,4,3,4,29
7,11,2026,1,30,12,21,4,46
7,14,2026,1,30,17,22,15,53
7,21,2026,1,30,16,8,11,50
7,24,2026,1,30,14,12,7,55
7,32,2026,1,30,16,12,1,66
7,36,2026,1,30,17,7,7,66
7,41,2026,1,30,12,8,20,54
7,45,2026,1,30,4,5,20,39
7,52,2026,1,30,21,3,20,22
8,0,2026,1,30,21,3,0,25
8,6,2026,1,30,4,2,2,25
8,11,2026,1,30,12,19,8,36
8,14,2026,1,30,17,6,5,37
8,21,2026,1,30,16,10,10,37
8,24,2026,1,30,14,19,7,49
8,32,2026,1,30,16,16,1,64
8,36,2026,1,30,17,9,8,65
8,41,2026,1,30,12,15,20,60
8,45,2026,1,30,4,4,20,44
8,52,2026,1,30,21,4,16,32
9,0,2026,1,30,21,6,0,38
9,6,2026,1,30,4,5,3,40
9,11,2026,1,30,12,35,13,62
9,14,2026,1,30,17,3,5,60
9,21,2026,1,30,16,2,14,48
9,24,2026,1,30,14,4,20,32
9,32,2026,1,30,16,2,1,33
9,36,2026,1,30,17,2,2,33
9,41,2026,1,30,12,24,6,51
9,45,2026,1,30,4,5,20,36
9,52,2026,1,30,21,3,14,25
10,0,2026,1,30,21,5,0,30
10,6,2026,1,30,4,4,0,34
10,11,2026,1,30,12,35,15,54
10,14,2026,1,30,17,4,11,47
10,21,2026,1,30,16,6,17,36
10,24,2026,1,30,14,6,11,31
10,32,2026,1,30,16,2,1,32
10,36,2026,1,30,17,6,3,35
10,41,2026,1,30,12,23,12,46
10,45,2026,1,30,4,5,20,31
10,52,2026,1,30,21,5,13,23
11,0,2026,1,30,21,3,0,26
11,6,2026,1,30,4,3,0,29
11,11,2026,1,30,12,11,11,29
11,14,2026,1,30,17,6,6,29
11,21,2026,1,30,16,5,8,26
11,24,2026,1,30,14,2,9,19
11,32,2026,1,30,16,3,0,22
11,36,2026,1,30,17,4,1,25
11,41,2026,1,30,12,18,12,31
11,45,2026,1,30,4,4,6,29
11,52,2026,1,30,21,3,15,17
12,0,2026,1,30,21,6,0,23
12,6,2026,1,30,4,5,2,26
12,11,2026,1,30,12,28,10,44
12,14,2026,1,30,17,3,8,39
12,21,2026,1,30,16,4,18,25
12,24,2026,1,30,14,5,11,19
12,32,2026,1,30,16,6,0,25
12,36,2026,1,30,17,3,1,27
12,41,2026,1,30,12,32,14,45
12,45,2026,1,30,4,4,20,29
12,52,2026,1,30,21,3,8,24
13,0,2026,1,30,21,6,0,30
13,6,2026,1,30,4,13,1,42
13,11,2026,1,30,12,23,18,47
13,14,2026,1,30,17,5,14,38
13,21,2026,1,30,16,3,9,32
13,24,2026,1,30,14,5,13,24
13,32,2026,1,30,16,5,1,28
13,36,2026,1,30,17,4,0,32
13,41,2026,1,30,12,23,16,39
13,45,2026,1,30,4,11,6,44
13,52,2026,1,30,21,3,18,29
14,0,2026,1,30,21,5,0,34
14,6,2026,1,30,4,25,0,59
14,11,2026,1,30,12,17,20,56
14,14,2026,1,30,17,6,18,44
14,21,2026,1,30,16,4,15,33
14,24,2026,1,30,14,2,17,18
14,32,2026,1,30,16,5,0,23
14,36,2026,1,30,17,4,1,26
14,41,2026,1,30,12,32,13,45
14,45,2026,1,30,4,11,5,51
14,52,2026,1,30,21,5,18,38
15,0,2026,1,30,21,6,0,44
15,6,2026,1,30,4,23,1,66
15,11,2026,1,30,12,15,20,61
15,14,2026,1,30,17,4,15,50
15,21,2026,1,30,16,3,19,34
15,24,2026,1,30,14,3,19,18
15,32,2026,1,30,16,5,1,22
15,36,2026,1,30,17,6,0,28
15,41,2026,1,30,12,28,17,39
15,45,2026,1,30,4,19,7,51
15,52,2026,1,30,21,5,16,40
16,0,2026,1,30,21,5,0,45
16,6,2026,1,30,4,2,0,47
16,11,2026,1,30,12,9,20,36
16,14,2026,1,30,17,6,12,30
16,21,2026,1,30,16,4,10,24
16,24,2026,1,30,14,3,8,19
16,32,2026,1,30,16,4,0,23
16,36,2026,1,30,17,5,1,27
16,41,2026,1,30,12,14,13,28
16,45,2026,1,30,4,5,6,27
16,52,2026,1,30,21,4,8,23
17,0,2026,1,30,21,3,0,26
17,6,2026,1,30,4,6,3,29
17,11,2026,1,30,12,31,12,48
17,14,2026,1,30,17,3,11,40
17,21,2026,1,30,16,3,17,26
17,24,2026,1,30,14,6,11,21
17,32,2026,1,30,16,6,2,25
17,36,2026,1,30,17,6,2,29
17,41,2026,1,30,12,22,12,39
17,45,2026,1,30,4,6,15,30
17,52,2026,1,30,21,4,10,24
18,0,2026,1,30,21,6,0,30
18,6,2026,1,30,4,6,0,36
18,11,2026,1,30,12,32,13,55
18,14,2026,1,30,17,3,7,51
18,21,2026,1,30,16,4,12,43
18,24,2026,1,30,14,5,15,33
18,32,2026,1,30,16,6,0,39
18,36,2026,1,30,17,6,1,44
18,41,2026,1,30,12,13,17,40
18,45,2026,1,30,4,5,15,30
18,52,2026,1,30,21,4,15,19
19,0,2026,1,30,21,6,0,25
19,6,2026,1,30,4,2,1,26
19,11,2026,1,30,12,21,12,35
19,14,2026,1,30,17,4,6,33
19,21,2026,1,30,16,5,4,34
19,24,2026,1,30,14,4,13,25
19,32,2026,1,30,16,2,1,26
19,36,2026,1,30,17,5,3,28
19,41,2026,1,30,12,28,12,44
19,45,2026,1,30,4,6,16,34
19,52,2026,1,30,21,4,11,27
20,0,2026,1,30,21,4,0,31
20,6,2026,1,30,4,3,2,32
20,11,2026,1,30,12,36,10,58
20,14,2026,1,30,17,4,14,48
20,21,2026,1,30,16,6,10,44
20,24,2026,1,30,14,2,20,26
20,32,2026,1,30,16,2,0,28
20,36,2026,1,30,17,5,0,33
20,41,2026,1,30,12,13,17,29
20,45,2026,1,30,4,2,8,23
20,52,2026,1,30,21,2,11,14
21,0,2026,1,30,21,3,0,17
21,6,2026,1,30,4,3,0,20
21,11,2026,1,30,12,34,6,48
21,14,2026,1,30,17,3,12,39
21,21,2026,1,30,16,5,7,37
21,24,2026,1,30,14,4,16,25
21,32,2026,1,30,16,3,0,28
21,36,2026,1,30,17,6,0,34
21,41,2026,1,30,12,34,15,53
21,45,2026,1,30,4,4,13,44
21,52,2026,1,30,21,6,15,35
22,0,2026,1,30,21,2,0,37
22,6,2026,1,30,4,5,1,41
22,11,2026,1,30,12,18,10,49
22,14,2026,1,30,17,3,16,36
22,21,2026,1,30,16,5,9,32
22,24,2026,1,30,14,2,17,17
22,32,2026,1,30,16,4,0,21
22,36,2026,1,30,17,6,0,27
22,41,2026,1,30,12,12,15,24
22,45,2026,1,30,4,2,5,21
22,52,2026,1,30,21,5,12,14
23,0,2026,1,30,21,2,0,16
23,6,2026,1,30,4,6,1,21
23,11,2026,1,30,12,18,10,29
23,14,2026,1,30,17,2,6,25
23,21,2026,1,30,16,6,5,26
23,24,2026,1,30,14,6,4,28
23,32,2026,1,30,16,6,0,34
23,36,2026,1,30,17,6,2,38
23,41,2026,1,30,12,22,20,40
23,45,2026,1,30,4,0,20,20
23,52,2026,1,30,21,0,20,0
6,0,2026,1,31,21,3,0,3
6,6,2026,1,31,4,6,0,9
6,11,2026,1,31,12,13,5,17
6,14,2026,1,31,17,19,5,31
6,21,2026,1,31,16,18,5,44
6,24,2026,1,31,14,15,9,50
6,32,2026,1,31,16,5,3,52
6,36,2026,1,31,17,11,9,54
6,41,2026,1,31,12,32,20,66
6,45,2026,1,31,4,3,20,49
6,52,2026,1,31,21,5,20,34
7,0,2026,1,31,21,6,0,40
7,6,2026,1,31,4,5,6,39
7,11,2026,1,31,12,18,8,49
7,14,2026,1,31,17,5,10,44
7,21,2026,1,31,16,15,11,48
7,24,2026,1,31,14,16,18,46
7,32,2026,1,31,16,6,1,51
7,36,2026,1,31,17,10,7,54
7,41,2026,1,31,12,28,20,62
7,45,2026,1,31,4,1,20,43
7,52,2026,1,31,21,4,19,28
8,0,2026,1,31,21,2,0,30
8,6,2026,1,31,4,5,2,33
8,11,2026,1,31,12,19,5,47
8,14,2026,1,31,17,9,5,51
8,21,2026,1,31,16,17,13,55
8,24,2026,1,31,14,10,14,51
8,32,2026,1,31,16,5,2,54
8,36,2026,1,31,17,12,4,62
8,41,2026,1,31,12,16,20,58
8,45,2026,1,31,4,4,20,42
8,52,2026,1,31,21,2,16,28
9,0,2026,1,31,21,2,0,30
9,6,2026,1,31,4,2,2,30
9,11,2026,1,31,12,35,6,59
9,14,2026,1,31,17,3,8,54
9,21,2026,1,31,16,6,13,47
9,24,2026,1,31,14,3,12,38
9,32,2026,1,31,16,2,0,40
9,36,2026,1,31,17,5,1,44
9,41,2026,1,31,12,14,14,44
9,45,2026,1,31,4,2,20,26
9,52,2026,1,31,21,6,13,19
10,0,2026,1,31,21,2,0,21
10,6,2026,1,31,4,2,0,23
10,11,2026,1,31,12,24,7,40
10,14,2026,1,31,17,3,7,36
10,21,2026,1,31,16,4,14,26
10,24,2026,1,31,14,5,10,21
10,32,2026,1,31,16,5,1,25
10,36,2026,1,31,17,5,0,30
10,41,2026,1,31,12,19,15,34
10,45,2026,1,31,4,4,16,22
10,52,2026,1,31,21,4,10,16
11,0,2026,1,31,21,3,0,19
11,6,2026,1,31,4,4,2,21
11,11,2026,1,31,12,15,8,28
11,14,2026,1,31,17,3,7,24
11,21,2026,1,31,16,5,10,19
11,24,2026,1,31,14,2,6,15
11,32,2026,1,31,16,6,0,21
11,36,2026,1,31,17,6,2,25
11,41,2026,1,31,12,34,15,44
11,45,2026,1,31,4,4,10,38
11,52,2026,1,31,21,4,18,24
12,0,2026,1,31,21,2,0,26
12,6,2026,1,31,4,3,0,29
12,11,2026,1,31,12,13,9,33
12,14,2026,1,31,17,6,10,29
12,21,2026,1,31,16,6,6,29
12,24,2026,1,31,14,6,13,22
12,32,2026,1,31,16,4,2,24
12,36,2026,1,31,17,5,0,29
12,41,2026,1,31,12,19,19,29
12,45,2026,1,31,4,2,5,26
12,52,2026,1,31,21,5,13,18
13,0,2026,1,31,21,5,0,23
13,6,2026,1,31,4,7,0,30
13,11,2026,1,31,12,24,11,43
13,14,2026,1,31,17,5,14,34
13,21,2026,1,31,16,5,8,31
13,24,2026,1,31,14,5,10,26
13,32,2026,1,31,16,5,1,30
13,36,2026,1,31,17,2,0,32
13,41,2026,1,31,12,26,15,43
13,45,2026,1,31,4,11,8,46
13,52,2026,1,31,21,6,15,37
14,0,2026,1,31,21,5,0,42
14,6,2026,1,31,4,10,0,52
14,11,2026,1,31,12,17,20,49
14,14,2026,1,31,17,2,11,40
14,21,2026,1,31,16,3,14,29
14,24,2026,1,31,14,2,19,12
14,32,2026,1,31,16,5,0,17
14,36,2026,1,31,17,3,0,20
14,41,2026,1,31,12,23,12,31
14,45,2026,1,31,4,15,7,39
14,52,2026,1,31,21,2,13,28
15,0,2026,1,31,21,2,0,30
15,6,2026,1,31,4,30,0,60
15,11,2026,1,31,12,17,20,57
15,14,2026,1,31,17,6,20,43
15,21,2026,1,31,16,4,15,32
15,24,2026,1,31,14,2,16,18
15,32,2026,1,31,16,2,1,19
15,36,2026,1,31,17,5,0,24
15,41,2026,1,31,12,19,15,28
15,45,2026,1,31,4,23,4,47
15,52,2026,1,31,21,3,15,35
16,0,2026,1,31,21,5,0,40
16,6,2026,1,31,4,2,1,41
16,11,2026,1,31,12,23,20,44
16,14,2026,1,31,17,4,12,36
16,21,2026,1,31,16,2,11,27
16,24,2026,1,31,14,3,9,21
16,32,2026,1,31,16,4,1,24
16,36,2026,1,31,17,4,2,26
16,41,2026,1,31,12,25,10,41
16,45,2026,1,31,4,3,13,31
16,52,2026,1,31,21,5,15,21
17,0,2026,1,31,21,6,0,27
17,6,2026,1,31,4,3,3,27
17,11,2026,1,31,12,10,11,26
17,14,2026,1,31,17,3,11,18
17,21,2026,1,31,16,5,5,18
17,24,2026,1,31,14,4,7,15
17,32,2026,1,31,16,4,0,19
17,36,2026,1,31,17,5,0,24
17,41,2026,1,31,12,16,18,22
17,45,2026,1,31,4,5,14,13
17,52,2026,1,31,21,6,2,17
18,0,2026,1,31,21,6,0,23
18,6,2026,1,31,4,4,1,26
18,11,2026,1,31,12,17,16,27
18,14,2026,1,31,17,3,8,22
18,21,2026,1,31,16,2,4,20
18,24,2026,1,31,14,3,9,14
18,32,2026,1,31,16,5,0,19
18,36,2026,1,31,17,6,2,23
18,41,2026,1,31,12,24,12,35
18,45,2026,1,31,4,5,6,34
18,52,2026,1,31,21,3,8,29
19,0,2026,1,31,21,2,0,31
19,6,2026,1,31,4,2,0,33
19,11,2026,1,31,12,11,8,36
19,14,2026,1,31,17,3,4,35
19,21,2026,1,31,16,5,13,27
19,24,2026,1,31,14,2,19,10
19,32,2026,1,31,16,2,0,12
19,36,2026,1,31,17,5,0,17
19,41,2026,1,31,12,33,10,40
19,45,2026,1,31,4,2,10,32
19,52,2026,1,31,21,3,10,25
20,0,2026,1,31,21,6,0,31
20,6,2026,1,31,4,3,0,34
20,11,2026,1,31,12,36,10,60
20,14,2026,1,31,17,6,17,49
20,21,2026,1,31,16,3,13,39
20,24,2026,1,31,14,6,14,31
20,32,2026,1,31,16,5,1,35
20,36,2026,1,31,17,6,0,41
20,41,2026,1,31,12,8,18,31
20,45,2026,1,31,4,4,11,24
20,52,2026,1,31,21,3,13,14
21,0,2026,1,31,21,3,0,17
21,6,2026,1,31,4,6,0,23
21,11,2026,1,31,12,28,9,42
21,14,2026,1,31,17,4,8,38
21,21,2026,1,31,16,3,11,30
21,24,2026,1,31,14,4,10,24
21,32,2026,1,31,16,4,0,28
21,36,2026,1,31,17,4,2,30
21,41,2026,1,31,12,26,14,42
21,45,2026,1,31,4,3,13,32
21,52,2026,1,31,21,2,12,22
22,0,2026,1,31,21,3,0,25
22,6,2026,1,31,4,6,0,31
22,11,2026,1,31,12,33,12,52
22,14,2026,1,31,17,2,10,44
22,21,2026,1,31,16,5,16,33
22,24,2026,1,31,14,6,12,27
22,32,2026,1,31,16,2,0,29
22,36,2026,1,31,17,4,1,32
22,41,2026,1,31,12,22,16,38
22,45,2026,1,31,4,4,12,30
22,52,2026,1,31,21,6,12,24
23,0,2026,1,31,21,3,0,27
23,6,2026,1,31,4,2,0,29
23,11,2026,1,31,12,20,11,38
23,14,2026,1,31,17,4,10,32
23,21,2026,1,31,16,3,7,28
23,24,2026,1,31,14,2,14,16
23,32,2026,1,31,16,5,0,21
23,36,2026,1,31,17,2,0,23
23,41,2026,1,31,12,12,11,24
23,45,2026,1,31,4,5,14,15
23,52,2026,1,31,21,0,15,0
6,0,2026,2,1,21,3,0,3
6,6,2026,2,1,4,2,0,5
6,11,2026,2,1,12,29,4,30
6,14,2026,2,1,17,10,3,37
6,21,2026,2,1,16,19,7,49
6,24,2026,2,1,14,5,11,43
6,32,2026,2,1,16,5,0,48
6,36,2026,2,1,17,14,4,58
6,41,2026,2,1,12,14,20,52
6,45,2026,2,1,4,5,15,42
6,52,2026,2,1,21,2,19,25
7,0,2026,2,1,21,3,0,28
7,6,2026,2,1,4,2,3,27
7,11,2026,2,1,12,20,5,42
7,14,2026,2,1,17,11,4,49
7,21,2026,2,1,16,18,14,53
7,24,2026,2,1,14,20,14,59
7,32,2026,2,1,16,12,5,66
7,36,2026,2,1,17,15,15,66
7,41,2026,2,1,12,10,20,56
7,45,2026,2,1,4,1,20,37
7,52,2026,2,1,21,5,16,26
8,0,2026,2,1,21,3,0,29
8,6,2026,2,1,4,4,5,28
8,11,2026,2,1,12,8,3,33
8,14,2026,2,1,17,18,5,46
8,21,2026,2,1,16,7,18,35
8,24,2026,2,1,14,10,10,35
8,32,2026,2,1,16,15,1,49
8,36,2026,2,1,17,10,2,57
8,41,2026,2,1,12,9,20,46
8,45,2026,2,1,4,5,20,31
8,52,2026,2,1,21,3,11,23
9,0,2026,2,1,21,6,0,29
9,6,2026,2,1,4,3,2,30
9,11,2026,2,1,12,24,8,46
9,14,2026,2,1,17,2,7,41
9,21,2026,2,1,16,3,11,33
9,24,2026,2,1,14,6,11,28
9,32,2026,2,1,16,2,0,30
9,36,2026,2,1,17,3,2,31
9,41,2026,2,1,12,10,9,32
9,45,2026,2,1,4,1,20,13
9,52,2026,2,1,21,5,4,14
10,0,2026,2,1,21,3,0,17
10,6,2026,2,1,4,6,4,19
10,11,2026,2,1,12,16,8,27
10,14,2026,2,1,17,4,3,28
10,21,2026,2,1,16,3,8,23
10,24,2026,2,1,14,5,7,21
10,32,2026,2,1,16,3,0,24
10,36,2026,2,1,17,4,3,25
10,41,2026,2,1,12,25,11,39
10,45,2026,2,1,4,5,6,38
10,52,2026,2,1,21,2,14,26
11,0,2026,2,1,21,6,0,32
11,6,2026,2,1,4,3,0,35
11,11,2026,2,1,12,32,7,60
11,14,2026,2,1,17,2,20,42
11,21,2026,2,1,16,2,11,33
11,24,2026,2,1,14,4,18,19
11,32,2026,2,1,16,2,0,21
11,36,2026,2,1,17,6,0,27
11,41,2026,2,1,12,11,15,23
11,45,2026,2,1,4,2,7,18
11,52,2026,2,1,21,2,10,10
12,0,2026,2,1,21,2,0,12
12,6,2026,2,1,4,5,0,17
12,11,2026,2,1,12,35,7,45
12,14,2026,2,1,17,3,6,42
12,21,2026,2,1,16,3,13,32
12,24,2026,2,1,14,6,10,28
12,32,2026,2,1,16,2,1,29
12,36,2026,2,1,17,5,1,33
12,41,2026,2,1,12,8,12,29
12,45,2026,2,1,4,4,11,22
12,52,2026,2,1,21,2,13,11
13,0,2026,2,1,21,6,0,17
13,6,2026,2,1,4,15,1,31
13,11,2026,2,1,12,32,17,46
13,14,2026,2,1,17,2,8,40
13,21,2026,2,1,16,6,12,34
13,24,2026,2,1,14,3,15,22
13,32,2026,2,1,16,2,1,23
13,36,2026,2,1,17,6,1,28
13,41,2026,2,1,12,27,11,44
13,45,2026,2,1,4,15,10,49
13,52,2026,2,1,21,2,14,37
14,0,2026,2,1,21,6,0,43
14,6,2026,2,1,4,23,0,66
14,11,2026,2,1,12,20,20,66
14,14,2026,2,1,17,3,16,53
14,21,2026,2,1,16,2,20,35
14,24,2026,2,1,14,6,17,24
14,32,2026,2,1,16,6,0,30
14,36,2026,2,1,17,5,0,35
14,41,2026,2,1,12,20,14,41
14,45,2026,2,1,4,22,8,55
14,52,2026,2,1,21,4,15,44
15,0,2026,2,1,21,2,0,46
15,6,2026,2,1,4,7,0,53
15,11,2026,2,1,12,32,20,65
15,14,2026,2,1,17,2,18,49
15,21,2026,2,1,16,2,13,38
15,24,2026,2,1,14,2,20,20
15,32,2026,2,1,16,5,0,25
15,36,2026,2,1,17,5,1,29
15,41,2026,2,1,12,9,8,30
15,45,2026,2,1,4,15,9,36
15,52,2026,2,1,21,5,12,29
16,0,2026,2,1,21,6,0,35
16,6,2026,2,1,4,4,2,37
16,11,2026,2,1,12,36,18,55
16,14,2026,2,1,17,6,10,51
16,21,2026,2,1,16,4,11,44
16,24,2026,2,1,14,4,16,32
16,32,2026,2,1,16,2,0,34
16,36,2026,2,1,17,4,1,37
16,41,2026,2,1,12,16,14,39
16,45,2026,2,1,4,5,10,34
16,52,2026,2,1,21,2,15,21
17,0,2026,2,1,21,2,0,23
17,6,2026,2,1,4,3,0,26
17,11,2026,2,1,12,14,8,32
17,14,2026,2,1,17,3,10,25
17,21,2026,2,1,16,3,9,19
17,24,2026,2,1,14,2,8,13
17,32,2026,2,1,16,6,0,19
17,36,2026,2,1,17,2,2,19
17,41,2026,2,1,12,13,12,20
17,45,2026,2,1,4,5,10,15
17,52,2026,2,1,21,6,3,18
18,0,2026,2,1,21,3,0,21
18,6,2026,2,1,4,3,0,24
18,11,2026,2,1,12,14,12,26
18,14,2026,2,1,17,3,10,19
18,21,2026,2,1,16,3,3,19
18,24,2026,2,1,14,2,8,13
18,32,2026,2,1,16,4,0,17
18,36,2026,2,1,17,6,1,22
18,41,2026,2,1,12,20,8,34
18,45,2026,2,1,4,5,9,30
18,52,2026,2,1,21,3,14,19
19,0,2026,2,1,21,3,0,22
19,6,2026,2,1,4,6,1,27
19,11,2026,2,1,12,27,12,42
19,14,2026,2,1,17,5,12,35
19,21,2026,2,1,16,5,12,28
19,24,2026,2,1,14,3,9,22
19,32,2026,2,1,16,3,0,25
19,36,2026,2,1,17,4,1,28
19,41,2026,2,1,12,11,11,28
19,45,2026,2,1,4,5,8,25
19,52,2026,2,1,21,6,13,18
20,0,2026,2,1,21,2,0,20
20,6,2026,2,1,4,6,0,26
20,11,2026,2,1,12,10,10,26
20,14,2026,2,1,17,6,4,28
20,21,2026,2,1,16,4,8,24
20,24,2026,2,1,14,4,10,18
20,32,2026,2,1,16,5,1,22
20,36,2026,2,1,17,2,1,23
20,41,2026,2,1,12,34,13,44
20,45,2026,2,1,4,3,14,33
20,52,2026,2,1,21,6,9,30
21,0,2026,2,1,21,6,0,36
21,6,2026,2,1,4,5,1,40
21,11,2026,2,1,12,31,14,57
21,14,2026,2,1,17,3,15,45
21,21,2026,2,1,16,5,17,33
21,24,2026,2,1,14,4,12,25
21,32,2026,2,1,16,6,1,30
21,36,2026,2,1,17,4,1,33
21,41,2026,2,1,12,29,15,47
21,45,2026,2,1,4,2,20,29
21,52,2026,2,1,21,6,14,21
22,0,2026,2,1,21,3,0,24
22,6,2026,2,1,4,4,1,27
22,11,2026,2,1,12,12,7,32
22,14,2026,2,1,17,2,7,27
22,21,2026,2,1,16,5,7,25
22,24,2026,2,1,14,2,12,15
22,32,2026,2,1,16,4,0,19
22,36,2026,2,1,17,3,0,22
22,41,2026,2,1,12,33,13,42
22,45,2026,2,1,4,4,5,41
22,52,2026,2,1,21,3,16,28
23,0,2026,2,1,21,4,0,32
23,6,2026,2,1,4,6,2,36
23,11,2026,2,1,12,17,13,40
23,14,2026,2,1,17,3,13,30
23,21,2026,2,1,16,5,11,24
23,24,2026,2,1,14,3,11,16
23,32,2026,2,1,16,3,0,19
23,36,2026,2,1,17,3,1,21
23,41,2026,2,1,12,8,8,21
23,45,2026,2,1,4,2,13,10
23,52,2026,2,1,21,0,10,0
6,0,2026,2,2,21,4,0,4
6,6,2026,2,2,4,4,2,6
6,11,2026,2,2,12,17,2,21
6,14,2026,2,2,17,10,3,28
6,21,2026,2,2,16,21,6,43
6,24,2026,2,2,14,10,8,45
6,32,2026,2,2,16,6,0,51
6,36,2026,2,2,17,16,2,65
6,41,2026,2,2,12,10,20,55
6,45,2026,2,2,4,4,13,46
6,52,2026,2,2,21,3,20,29
7,0,2026,2,2,21,5,0,34
7,6,2026,2,2,4,4,4,34
7,11,2026,2,2,12,16,7,43
7,14,2026,2,2,17,13,7,49
7,21,2026,2,2,16,15,11,53
7,24,2026,2,2,14,18,18,53
7,32,2026,2,2,16,15,2,66
7,36,2026,2,2,17,11,11,66
7,41,2026,2,2,12,20,20,66
7,45,2026,2,2,4,5,20,51
7,52,2026,2,2,21,5,18,38
8,0,2026,2,2,21,5,0,43
8,6,2026,2,2,4,5,2,46
8,11,2026,2,2,12,26,15,57
8,14,2026,2,2,17,13,11,59
8,21,2026,2,2,16,18,11,66
8,24,2026,2,2,14,15,20,61
8,32,2026,2,2,16,9,6,64
8,36,2026,2,2,17,10,8,66
8,41,2026,2,2,12,19,20,65
8,45,2026,2,2,4,2,20,47
8,52,2026,2,2,21,3,20,30
9,0,2026,2,2,21,3,0,33
9,6,2026,2,2,4,4,3,34
9,11,2026,2,2,12,8,6,36
9,14,2026,2,2,17,4,6,34
9,21,2026,2,2,16,3,12,25
9,24,2026,2,2,14,6,12,19
9,32,2026,2,2,16,6,0,25
9,36,2026,2,2,17,5,0,30
9,41,2026,2,2,12,30,9,51
9,45,2026,2,2,4,3,20,34
9,52,2026,2,2,21,3,12,25
10,0,2026,2,2,21,6,0,31
10,6,2026,2,2,4,5,1,35
10,11,2026,2,2,12,25,12,48
10,14,2026,2,2,17,5,13,40
10,21,2026,2,2,16,5,14,31
10,24,2026,2,2,14,3,16,18
10,32,2026,2,2,16,3,0,21
10,36,2026,2,2,17,3,2,22
10,41,2026,2,2,12,14,10,26
10,45,2026,2,2,4,5,8,23
10,52,2026,2,2,21,2,11,14
11,0,2026,2,2,21,4,0,18
11,6,2026,2,2,4,3,0,21
11,11,2026,2,2,12,24,9,36
11,14,2026,2,2,17,5,11,30
11,21,2026,2,2,16,6,9,27
11,24,2026,2,2,14,5,10,22
11,32,2026,2,2,16,2,0,24
11,36,2026,2,2,17,6,0,30
11,41,2026,2,2,12,29,18,41
11,45,2026,2,2,4,6,11,36
11,52,2026,2,2,21,4,17,23
12,0,2026,2,2,21,6,0,29
12,6,2026,2,2,4,6,0,35
12,11,2026,2,2,12,28,12,51
12,14,2026,2,2,17,3,11,43
12,21,2026,2,2,16,4,13,34
12,24,2026,2,2,14,5,11,28
12,32,2026,2,2,16,3,1,30
12,36,2026,2,2,17,4,0,34
12,41,2026,2,2,12,33,12,55
12,45,2026,2,2,4,2,19,38
12,52,2026,2,2,21,2,11,29
13,0,2026,2,2,21,4,0,33
13,6,2026,2,2,4,20,0,53
13,11,2026,2,2,12,29,17,65
13,14,2026,2,2,17,4,17,52
13,21,2026,2,2,16,6,16,42
13,24,2026,2,2,14,5,19,28
13,32,2026,2,2,16,3,0,31
13,36,2026,2,2,17,6,0,37
13,41,2026,2,2,12,14,19,32
13,45,2026,2,2,4,20,4,48
13,52,2026,2,2,21,3,20,31
14,0,2026,2,2,21,6,0,37
14,6,2026,2,2,4,23,0,60
14,11,2026,2,2,12,8,20,48
14,14,2026,2,2,17,5,11,42
14,21,2026,2,2,16,4,14,32
14,24,2026,2,2,14,2,19,15
14,32,2026,2,2,16,3,0,18
14,36,2026,2,2,17,2,2,18
14,41,2026,2,2,12,31,10,39
14,45,2026,2,2,4,26,6,59
14,52,2026,2,2,21,4,16,47
15,0,2026,2,2,21,2,0,49
15,6,2026,2,2,4,17,0,66
15,11,2026,2,2,12,20,20,66
15,14,2026,2,2,17,3,19,50
15,21,2026,2,2,16,6,13,43
15,24,2026,2,2,14,2,18,27
15,32,2026,2,2,16,5,0,32
15,36,2026,2,2,17,4,2,34
15,41,2026,2,2,12,35,13,56
15,45,2026,2,2,4,18,8,66
15,52,2026,2,2,21,3,20,49
16,0,2026,2,2,21,4,0,53
16,6,2026,2,2,4,3,1,55
16,11,2026,2,2,12,23,18,60
16,14,2026,2,2,17,3,20,43
16,21,2026,2,2,16,3,14,32
16,24,2026,2,2,14,3,14,21
16,32,2026,2,2,16,6,0,27
16,36,2026,2,2,17,2,1,28
16,41,2026,2,2,12,13,11,30
16,45,2026,2,2,4,6,7,29
16,52,2026,2,2,21,3,12,20
17,0,2026,2,2,21,6,0,26
17,6,2026,2,2,4,5,2,29
17,11,2026,2,2,12,36,11,54
17,14,2026,2,2,17,3,8,49
17,21,2026,2,2,16,3,16,36
17,24,2026,2,2,14,2,20,18
17,32,2026,2,2,16,3,1,20
17,36,2026,2,2,17,4,1,23
17,41,2026,2,2,12,31,10,44
17,45,2026,2,2,4,5,7,42
17,52,2026,2,2,21,4,16,30
18,0,2026,2,2,21,4,0,34
18,6,2026,2,2,4,4,1,37
18,11,2026,2,2,12,34,9,62
18,14,2026,2,2,17,3,20,45
18,21,2026,2,2,16,6,14,37
18,24,2026,2,2,14,5,17,25
18,32,2026,2,2,16,2,0,27
18,36,2026,2,2,17,2,2,27
18,41,2026,2,2,12,14,10,31
18,45,2026,2,2,4,3,12,22
18,52,2026,2,2,21,2,10,14
19,0,2026,2,2,21,2,0,16
19,6,2026,2,2,4,6,1,21
19,11,2026,2,2,12,33,8,46
19,14,2026,2,2,17,4,13,37
19,21,2026,2,2,16,2,14,25
19,24,2026,2,2,14,4,8,21
19,32,2026,2,2,16,2,1,22
19,36,2026,2,2,17,2,1,23
19,41,2026,2,2,12,29,8,44
19,45,2026,2,2,4,5,12,37
19,52,2026,2,2,21,4,16,25
20,0,2026,2,2,21,3,0,28
20,6,2026,2,2,4,5,0,33
20,11,2026,2,2,12,36,12,57
20,14,2026,2,2,17,4,16,45
20,21,2026,2,2,16,3,14,34
20,24,2026,2,2,14,2,13,23
20,32,2026,2,2,16,2,0,25
20,36,2026,2,2,17,6,0,31
20,41,2026,2,2,12,26,8,49
20,45,2026,2,2,4,4,18,35
20,52,2026,2,2,21,4,12,27
21,0,2026,2,2,21,4,0,31
21,6,2026,2,2,4,3,0,34
21,11,2026,2,2,12,18,12,40
21,14,2026,2,2,17,3,10,33
21,21,2026,2,2,16,6,11,28
21,24,2026,2,2,14,6,14,20
21,32,2026,2,2,16,6,1,25
21,36,2026,2,2,17,4,1,28
21,41,2026,2,2,12,15,17,26
21,45,2026,2,2,4,5,5,26
21,52,2026,2,2,21,5,12,19
22,0,2026,2,2,21,5,0,24
22,6,2026,2,2,4,4,2,26
22,11,2026,2,2,12,21,10,37
22,14,2026,2,2,17,5,9,33
22,21,2026,2,2,16,4,10,27
22,24,2026,2,2,14,4,11,20
22,32,2026,2,2,16,5,0,25
22,36,2026,2,2,17,4,2,27
22,41,2026,2,2,12,29,13,43
22,45,2026,2,2,4,6,15,34
22,52,2026,2,2,21,6,13,27
23,0,2026,2,2,21,4,0,31
23,6,2026,2,2,4,6,0,37
23,11,2026,2,2,12,30,15,52
23,14,2026,2,2,17,5,13,44
23,21,2026,2,2,16,2,16,30
23,24,2026,2,2,14,2,10,22
23,32,2026,2,2,16,6,0,28
23,36,2026,2,2,17,5,0,33
23,41,2026,2,2,12,14,13,34
23,45,2026,2,2,4,2,16,20
23,52,2026,2,2,21,0,20,0
6,0,2026,2,3,21,2,0,2
6,6,2026,2,3,4,5,0,7
6,11,2026,2,3,12,19,6,20
6,14,2026,2,3,17,14,1,33
6,21,2026,2,3,16,21,6,48
6,24,2026,2,3,14,11,10,49
6,32,2026,2,3,16,19,2,66
6,36,2026,2,3,17,5,9,62
6,41,2026,2,3,12,18,20,60
6,45,2026,2,3,4,4,20,44
6,52,2026,2,3,21,5,20,29
7,0,2026,2,3,21,6,0,35
7,6,2026,2,3,4,4,2,37
7,11,2026,2,3,12,15,13,39
7,14,2026,2,3,17,17,6,50
7,21,2026,2,3,16,8,11,47
7,24,2026,2,3,14,10,13,44
7,32,2026,2,3,16,14,0,58
7,36,2026,2,3,17,13,8,63
7,41,2026,2,3,12,16,20,59
7,45,2026,2,3,4,2,20,41
7,52,2026,2,3,21,6,14,33
8,0,2026,2,3,21,3,0,36
8,6,2026,2,3,4,4,2,38
8,11,2026,2,3,12,10,8,40
8,14,2026,2,3,17,10,9,41
8,21,2026,2,3,16,17,12,46
8,24,2026,2,3,14,13,12,47
8,32,2026,2,3,16,11,0,58
8,36,2026,2,3,17,12,4,66
8,41,2026,2,3,12,20,20,66
8,45,2026,2,3,4,5,20,51
8,52,2026,2,3,21,4,19,36
9,0,2026,2,3,21,5,0,41
9,6,2026,2,3,4,1,4,38
9,11,2026,2,3,12,21,7,52
9,14,2026,2,3,17,2,6,48
9,21,2026,2,3,16,3,10,41
9,24,2026,2,3,14,3,20,24
9,32,2026,2,3,16,6,0,30
9,36,2026,2,3,17,6,0,36
9,41,2026,2,3,12,15,10,41
9,45,2026,2,3,4,5,20,26
9,52,2026,2,3,21,2,13,15
10,0,2026,2,3,21,6,0,21
10,6,2026,2,3,4,2,2,21
10,11,2026,2,3,12,25,7,39
10,14,2026,2,3,17,5,10,34
10,21,2026,2,3,16,4,8,30
10,24,2026,2,3,14,5,9,26
10,32,2026,2,3,16,3,0,29
10,36,2026,2,3,17,4,0,33
10,41,2026,2,3,12,32,14,51
10,45,2026,2,3,4,3,9,45
10,52,2026,2,3,21,3,19,29
11,0,2026,2,3,21,3,0,32
11,6,2026,2,3,4,6,1,37
11,11,2026,2,3,12,13,5,45
11,14,2026,2,3,17,3,15,33
11,21,2026,2,3,16,3,17,19
11,24,2026,2,3,14,6,10,15
11,32,2026,2,3,16,5,1,19
11,36,2026,2,3,17,5,2,22
11,41,2026,2,3,12,18,12,28
11,45,2026,2,3,4,6,8,26
11,52,2026,2,3,21,4,5,25
12,0,2026,2,3,21,5,0,30
12,6,2026,2,3,4,2,1,31
12,11,2026,2,3,12,33,11,53
12,14,2026,2,3,17,5,14,44
12,21,2026,2,3,16,2,12,34
12,24,2026,2,3,14,3,15,22
12,32,2026,2,3,16,6,1,27
12,36,2026,2,3,17,3,1,29
12,41,2026,2,3,12,27,8,48
12,45,2026,2,3,4,2,18,32
12,52,2026,2,3,21,5,9,28
13,0,2026,2,3,21,6,0,34
13,6,2026,2,3,4,11,0,45
13,11,2026,2,3,12,14,14,45
13,14,2026,2,3,17,4,15,34
13,21,2026,2,3,16,4,9,29
13,24,2026,2,3,14,6,13,22
13,32,2026,2,3,16,3,1,24
13,36,2026,2,3,17,5,1,28
13,41,2026,2,3,12,28,15,41
13,45,2026,2,3,4,31,6,66
13,52,2026,2,3,21,5,16,55
14,0,2026,2,3,21,5,0,60
14,6,2026,2,3,4,6,0,66
14,11,2026,2,3,12,15,20,61
14,14,2026,2,3,17,4,15,50
14,21,2026,2,3,16,5,20,35
14,24,2026,2,3,14,6,20,21
14,32,2026,2,3,16,2,2,21
14,36,2026,2,3,17,2,1,22
14,41,2026,2,3,12,23,11,34
14,45,2026,2,3,4,12,7,39
14,52,2026,2,3,21,2,12,29
15,0,2026,2,3,21,6,0,35
15,6,2026,2,3,4,9,0,44
15,11,2026,2,3,12,29,18,55
15,14,2026,2,3,17,2,14,43
15,21,2026,2,3,16,2,19,26
15,24,2026,2,3,14,3,15,14
15,32,2026,2,3,16,5,1,18
15,36,2026,2,3,17,3,0,21
15,41,2026,2,3,12,27,7,41
15,45,2026,2,3,4,25,2,64
15,52,2026,2,3,21,4,20,48
16,0,2026,2,3,21,5,0,53
16,6,2026,2,3,4,4,4,53
16,11,2026,2,3,12,33,20,66
16,14,2026,2,3,17,6,20,52
16,21,2026,2,3,16,2,16,38
16,24,2026,2,3,14,6,17,27
16,32,2026,2,3,16,3,1,29
16,36,2026,2,3,17,5,2,32
16,41,2026,2,3,12,9,14,27
16,45,2026,2,3,4,3,15,15
16,52,2026,2,3,21,5,6,14
17,0,2026,2,3,21,3,0,17
17,6,2026,2,3,4,5,1,21
17,11,2026,2,3,12,19,9,31
17,14,2026,2,3,17,6,8,29
17,21,2026,2,3,16,3,11,21
17,24,2026,2,3,14,3,4,20
17,32,2026,2,3,16,2,0,22
17,36,2026,2,3,17,5,2,25
17,41,2026,2,3,12,35,11,49
17,45,2026,2,3,4,4,11,42
17,52,2026,2,3,21,6,19,29
18,0,2026,2,3,21,5,0,34
18,6,2026,2,3,4,6,1,39
18,11,2026,2,3,12,30,9,60
18,14,2026,2,3,17,6,20,46
18,21,2026,2,3,16,3,15,34
18,24,2026,2,3,14,6,12,28
18,32,2026,2,3,16,6,0,34
18,36,2026,2,3,17,5,2,37
18,41,2026,2,3,12,30,17,50
18,45,2026,2,3,4,2,18,34
18,52,2026,2,3,21,6,12,28
19,0,2026,2,3,21,4,0,32
19,6,2026,2,3,4,6,4,34
19,11,2026,2,3,12,23,9,48
19,14,2026,2,3,17,6,16,38
19,21,2026,2,3,16,2,14,26
19,24,2026,2,3,14,2,13,15
19,32,2026,2,3,16,3,0,18
19,36,2026,2,3,17,5,0,23
19,41,2026,2,3,12,33,11,45
19,45,2026,2,3,4,4,7,42
19,52,2026,2,3,21,3,15,30
20,0,2026,2,3,21,6,0,36
20,6,2026,2,3,4,3,1,38
20,11,2026,2,3,12,17,11,44
20,14,2026,2,3,17,3,12,35
20,21,2026,2,3,16,3,16,22
20,24,2026,2,3,14,4,15,11
20,32,2026,2,3,16,4,0,15
20,36,2026,2,3,17,4,2,17
20,41,2026,2,3,12,20,9,28
20,45,2026,2,3,4,2,5,25
20,52,2026,2,3,21,2,10,17
21,0,2026,2,3,21,6,0,23
21,6,2026,2,3,4,4,0,27
21,11,2026,2,3,12,28,10,45
21,14,2026,2,3,17,4,10,39
21,21,2026,2,3,16,6,7,38
21,24,2026,2,3,14,6,14,30
21,32,2026,2,3,16,4,3,31
21,36,2026,2,3,17,2,2,31
21,41,2026,2,3,12,16,14,33
21,45,2026,2,3,4,3,9,27
21,52,2026,2,3,21,3,15,15
22,0,2026,2,3,21,5,0,20
22,6,2026,2,3,4,6,1,25
22,11,2026,2,3,12,15,11,29
22,14,2026,2,3,17,4,7,26
22,21,2026,2,3,16,5,6,25
22,24,2026,2,3,14,5,10,20
22,32,2026,2,3,16,4,0,24
22,36,2026,2,3,17,4,4,24
22,41,2026,2,3,12,19,14,29
22,45,2026,2,3,4,4,11,22
22,52,2026,2,3,21,5,8,19
23,0,2026,2,3,21,6,0,25
23,6,2026,2,3,4,3,2,26
23,11,2026,2,3,12,22,11,37
23,14,2026,2,3,17,4,11,30
23,21,2026,2,3,16,5,8,27
23,24,2026,2,3,14,5,13,19
23,32,2026,2,3,16,6,0,25
23,36,2026,2,3,17,2,3,24
23,41,2026,2,3,12,30,14,40
23,45,2026,2,3,4,0,20,20
23,52,2026,2,3,21,0,20,0
6,0,2026,2,4,21,4,0,4
6,6,2026,2,4,4,6,1,9
6,11,2026,2,4,12,18,5,22
6,14,2026,2,4,17,11,2,31
6,21,2026,2,4,16,22,7,46
6,24,2026,2,4,14,15,6,55
6,32,2026,2,4,16,15,4,66
6,36,2026,2,4,17,7,7,66
6,41,2026,2,4,12,18,20,64
6,45,2026,2,4,4,2,20,46
6,52,2026,2,4,21,3,19,30
7,0,2026,2,4,21,2,0,32
7,6,2026,2,4,4,2,3,31
7,11,2026,2,4,12,8,5,34
7,14,2026,2,4,17,18,5,47
7,21,2026,2,4,16,20,9,58
7,24,2026,2,4,14,17,15,60
7,32,2026,2,4,16,8,2,66
7,36,2026,2,4,17,11,11,66
7,41,2026,2,4,12,12,20,58
7,45,2026,2,4,4,2,20,40
7,52,2026,2,4,21,4,19,25
8,0,2026,2,4,21,5,0,30
8,6,2026,2,4,4,1,3,28
8,11,2026,2,4,12,33,4,57
8,14,2026,2,4,17,6,8,55
8,21,2026,2,4,16,19,8,66
8,24,2026,2,4,14,17,20,63
8,32,2026,2,4,16,5,2,66
8,36,2026,2,4,17,9,9,66
8,41,2026,2,4,12,9,20,55
8,45,2026,2,4,4,2,20,37
8,52,2026,2,4,21,5,20,22
9,0,2026,2,4,21,5,0,27
9,6,2026,2,4,4,3,3,27
9,11,2026,2,4,12,14,6,35
9,14,2026,2,4,17,4,6,33
9,21,2026,2,4,16,5,7,31
9,24,2026,2,4,14,4,10,25
9,32,2026,2,4,16,6,0,31
9,36,2026,2,4,17,3,1,33
9,41,2026,2,4,12,23,9,47
9,45,2026,2,4,4,4,20,31
9,52,2026,2,4,21,5,7,29
10,0,2026,2,4,21,5,0,34
10,6,2026,2,4,4,5,2,37
10,11,2026,2,4,12,23,9,51
10,14,2026,2,4,17,5,12,44
10,21,2026,2,4,16,6,11,39
10,24,2026,2,4,14,5,20,24
10,32,2026,2,4,16,3,1,26
10,36,2026,2,4,17,6,2,30
10,41,2026,2,4,12,36,15,51
10,45,2026,2,4,4,5,12,44
10,52,2026,2,4,21,4,13,35
11,0,2026,2,4,21,3,0,38
11,6,2026,2,4,4,4,0,42
11,11,2026,2,4,12,13,12,43
11,14,2026,2,4,17,2,11,34
11,21,2026,2,4,16,5,13,26
11,24,2026,2,4,14,3,15,14
11,32,2026,2,4,16,2,2,14
11,36,2026,2,4,17,3,0,17
11,41,2026,2,4,12,34,10,41
11,45,2026,2,4,4,6,13,34
11,52,2026,2,4,21,5,10,29
12,0,2026,2,4,21,2,0,31
12,6,2026,2,4,4,6,1,36
12,11,2026,2,4,12,27,9,54
12,14,2026,2,4,17,5,13,46
12,21,2026,2,4,16,2,17,31
12,24,2026,2,4,14,3,14,20
12,32,2026,2,4,16,2,0,22
12,36,2026,2,4,17,4,0,26
12,41,2026,2,4,12,18,10,34
12,45,2026,2,4,4,3,14,23
12,52,2026,2,4,21,5,9,19
13,0,2026,2,4,21,2,0,21
13,6,2026,2,4,4,10,1,30
13,11,2026,2,4,12,19,12,37
13,14,2026,2,4,17,3,5,35
13,21,2026,2,4,16,2,11,26
13,24,2026,2,4,14,4,14,16
13,32,2026,2,4,16,6,0,22
13,36,2026,2,4,17,5,0,27
13,41,2026,2,4,12,15,16,26
13,45,2026,2,4,4,30,6,50
13,52,2026,2,4,21,5,9,46
14,0,2026,2,4,21,6,0,52
14,6,2026,2,4,4,14,1,65
14,11,2026,2,4,12,21,20,66
14,14,2026,2,4,17,4,20,50
14,21,2026,2,4,16,4,20,34
14,24,2026,2,4,14,3,20,17
14,32,2026,2,4,16,6,0,23
14,36,2026,2,4,17,5,1,27
14,41,2026,2,4,12,26,13,40
14,45,2026,2,4,4,28,7,61
14,52,2026,2,4,21,6,17,50
15,0,2026,2,4,21,3,0,53
15,6,2026,2,4,4,15,2,66
15,11,2026,2,4,12,18,20,64
15,14,2026,2,4,17,6,19,51
15,21,2026,2,4,16,6,16,41
15,24,2026,2,4,14,4,20,25
15,32,2026,2,4,16,5,1,29
15,36,2026,2,4,17,2,1,30
15,41,2026,2,4,12,29,15,44
15,45,2026,2,4,4,31,11,64
15,52,2026,2,4,21,4,19,49
16,0,2026,2,4,21,6,0,55
16,6,2026,2,4,4,2,1,56
16,11,2026,2,4,12,30,20,66
16,14,2026,2,4,17,4,20,50
16,21,2026,2,4,16,2,16,36
16,24,2026,2,4,14,3,20,19
16,32,2026,2,4,16,4,1,22
16,36,2026,2,4,17,6,0,28
16,41,2026,2,4,12,12,13,27
16,45,2026,2,4,4,5,9,23
16,52,2026,2,4,21,5,8,20
17,0,2026,2,4,21,2,0,22
17,6,2026,2,4,4,3,1,24
17,11,2026,2,4,12,32,7,49
17,14,2026,2,4,17,5,15,39
17,21,2026,2,4,16,3,10,32
17,24,2026,2,4,14,6,12,26
17,32,2026,2,4,16,3,1,28
17,36,2026,2,4,17,6,1,33
17,41,2026,2,4,12,31,15,49
17,45,2026,2,4,4,5,8,46
17,52,2026,2,4,21,6,20,32
18,0,2026,2,4,21,6,0,38
18,6,2026,2,4,4,5,1,42
18,11,2026,2,4,12,23,13,52
18,14,2026,2,4,17,2,10,44
18,21,2026,2,4,16,2,17,29
18,24,2026,2,4,14,4,15,18
18,32,2026,2,4,16,3,0,21
18,36,2026,2,4,17,2,0,23
18,41,2026,2,4,12,26,12,37
18,45,2026,2,4,4,3,9,31
18,52,2026,2,4,21,5,12,24
19,0,2026,2,4,21,2,0,26
19,6,2026,2,4,4,2,1,27
19,11,2026,2,4,12,28,8,47
19,14,2026,2,4,17,3,11,39
19,21,2026,2,4,16,3,11,31
19,24,2026,2,4,14,3,14,20
19,32,2026,2,4,16,6,0,26
19,36,2026,2,4,17,6,0,32
19,41,2026,2,4,12,22,14,40
19,45,2026,2,4,4,5,13,32
19,52,2026,2,4,21,3,10,25
20,0,2026,2,4,21,6,0,31
20,6,2026,2,4,4,2,2,31
20,11,2026,2,4,12,10,11,30
20,14,2026,2,4,17,5,7,28
20,21,2026,2,4,16,5,4,29
20,24,2026,2,4,14,6,17,18
20,32,2026,2,4,16,3,1,20
20,36,2026,2,4,17,5,1,24
20,41,2026,2,4,12,13,12,25
20,45,2026,2,4,4,2,8,19
20,52,2026,2,4,21,3,8,14
21,0,2026,2,4,21,5,0,19
21,6,2026,2,4,4,3,1,21
21,11,2026,2,4,12,24,6,39
21,14,2026,2,4,17,5,11,33
21,21,2026,2,4,16,4,12,25
21,24,2026,2,4,14,4,14,15
21,32,2026,2,4,16,4,0,19
21,36,2026,2,4,17,2,1,20
21,41,2026,2,4,12,27,12,35
21,45,2026,2,4,4,2,13,24
21,52,2026,2,4,21,4,5,23
22,0,2026,2,4,21,3,0,26
22,6,2026,2,4,4,4,2,28
22,11,2026,2,4,12,11,6,33
22,14,2026,2,4,17,4,10,27
22,21,2026,2,4,16,3,13,17
22,24,2026,2,4,14,6,9,14
22,32,2026,2,4,16,6,0,20
22,36,2026,2,4,17,2,1,21
22,41,2026,2,4,12,23,12,32
22,45,2026,2,4,4,3,7,28
22,52,2026,2,4,21,2,10,20
23,0,2026,2,4,21,3,0,23
23,6,2026,2,4,4,2,0,25
23,11,2026,2,4,12,11,6,30
23,14,2026,2,4,17,3,7,26
23,21,2026,2,4,16,4,9,21
23,24,2026,2,4,14,5,10,16
23,32,2026,2,4,16,5,0,21
23,36,2026,2,4,17,4,0,25
23,41,2026,2,4,12,10,16,19
23,45,2026,2,4,4,3,9,13
23,52,2026,2,4,21,0,13,0
6,0,2026,2,5,21,3,0,3
6,6,2026,2,5,4,2,0,5
6,11,2026,2,5,12,15,4,16
6,14,2026,2,5,17,7,3,20
6,21,2026,2,5,16,15,3,32
6,24,2026,2,5,14,5,2,35
6,32,2026,2,5,16,7,0,42
6,36,2026,2,5,17,12,3,51
6,41,2026,2,5,12,11,20,42
6,45,2026,2,5,4,6,15,33
6,52,2026,2,5,21,5,12,26
7,0,2026,2,5,21,5,0,31
7,6,2026,2,5,4,4,5,30
7,11,2026,2,5,12,36,10,56
7,14,2026,2,5,17,17,10,63
7,21,2026,2,5,16,9,13,59
7,24,2026,2,5,14,20,14,65
7,32,2026,2,5,16,8,7,66
7,36,2026,2,5,17,8,8,66
7,41,2026,2,5,12,20,20,66
7,45,2026,2,5,4,2,20,48
7,52,2026,2,5,21,5,20,33
8,0,2026,2,5,21,3,0,36
8,6,2026,2,5,4,3,2,37
8,11,2026,2,5,12,27,5,59
8,14,2026,2,5,17,5,12,52
8,21,2026,2,5,16,5,15,42
8,24,2026,2,5,14,17,16,43
8,32,2026,2,5,16,5,3,45
8,36,2026,2,5,17,12,3,54
8,41,2026,2,5,12,10,20,44
8,45,2026,2,5,4,3,20,27
8,52,2026,2,5,21,5,9,23
9,0,2026,2,5,21,6,0,29
9,6,2026,2,5,4,3,4,28
9,11,2026,2,5,12,20,8,40
9,14,2026,2,5,17,6,7,39
9,21,2026,2,5,16,3,13,29
9,24,2026,2,5,14,3,6,26
9,32,2026,2,5,16,6,0,32
9,36,2026,2,5,17,6,2,36
9,41,2026,2,5,12,20,11,45
9,45,2026,2,5,4,5,20,30
9,52,2026,2,5,21,6,12,24
10,0,2026,2,5,21,6,0,30
10,6,2026,2,5,4,6,2,34
10,11,2026,2,5,12,27,16,45
10,14,2026,2,5,17,6,7,44
10,21,2026,2,5,16,4,14,34
10,24,2026,2,5,14,3,17,20
10,32,2026,2,5,16,4,0,24
10,36,2026,2,5,17,3,1,26
10,41,2026,2,5,12,19,14,31
10,45,2026,2,5,4,6,12,25
10,52,2026,2,5,21,6,12,19
11,0,2026,2,5,21,2,0,21
11,6,2026,2,5,4,2,0,23
11,11,2026,2,5,12,22,9,36
11,14,2026,2,5,17,6,7,35
11,21,2026,2,5,16,6,11,30
11,24,2026,2,5,14,5,10,25
11,32,2026,2,5,16,6,0,31
11,36,2026,2,5,17,2,0,33
11,41,2026,2,5,12,33,19,47
11,45,2026,2,5,4,5,14,38
11,52,2026,2,5,21,4,13,29
12,0,2026,2,5,21,3,0,32
12,6,2026,2,5,4,2,1,33
12,11,2026,2,5,12,18,7,44
12,14,2026,2,5,17,5,14,35
12,21,2026,2,5,16,3,13,25
12,24,2026,2,5,14,3,11,17
12,32,2026,2,5,16,5,0,22
12,36,2026,2,5,17,3,0,25
12,41,2026,2,5,12,36,16,45
12,45,2026,2,5,4,2,14,33
12,52,2026,2,5,21,4,8,29
13,0,2026,2,5,21,6,0,35
13,6,2026,2,5,4,20,0,55
13,11,2026,2,5,12,22,20,57
13,14,2026,2,5,17,4,11,50
13,21,2026,2,5,16,2,20,32
13,24,2026,2,5,14,5,18,19
13,32,2026,2,5,16,6,2,23
13,36,2026,2,5,17,4,0,27
13,41,2026,2,5,12,16,12,31
13,45,2026,2,5,4,19,5,45
13,52,2026,2,5,21,2,15,32
14,0,2026,2,5,21,6,0,38
14,6,2026,2,5,4,16,1,53
14,11,2026,2,5,12,24,20,57
14,14,2026,2,5,17,4,13,48
14,21,2026,2,5,16,5,17,36
14,24,2026,2,5,14,3,17,22
14,32,2026,2,5,16,6,3,25
14,36,2026,2,5,17,6,3,28
14,41,2026,2,5,12,21,13,36
14,45,2026,2,5,4,20,5,51
14,52,2026,2,5,21,4,19,36
15,0,2026,2,5,21,2,0,38
15,6,2026,2,5,4,8,0,46
15,11,2026,2,5,12,19,17,48
15,14,2026,2,5,17,5,6,47
15,21,2026,2,5,16,3,12,38
15,24,2026,2,5,14,3,20,21
15,32,2026,2,5,16,6,0,27
15,36,2026,2,5,17,3,4,26
15,41,2026,2,5,12,22,13,35
15,45,2026,2,5,4,20,10,45
15,52,2026,2,5,21,5,11,39
16,0,2026,2,5,21,5,0,44
16,6,2026,2,5,4,6,1,49
16,11,2026,2,5,12,32,20,61
16,14,2026,2,5,17,4,10,55
16,21,2026,2,5,16,6,20,41
16,24,2026,2,5,14,4,14,31
16,32,2026,2,5,16,4,1,34
16,36,2026,2,5,17,3,1,36
16,41,2026,2,5,12,17,13,40
16,45,2026,2,5,4,5,16,29
16,52,2026,2,5,21,4,12,21
17,0,2026,2,5,21,5,0,26
17,6,2026,2,5,4,6,1,31
17,11,2026,2,5,12,24,13,42
17,14,2026,2,5,17,5,13,34
17,21,2026,2,5,16,3,13,24
17,24,2026,2,5,14,3,7,20
17,32,2026,2,5,16,4,1,23
17,36,2026,2,5,17,3,1,25
17,41,2026,2,5,12,22,14,33
17,45,2026,2,5,4,6,7,32
17,52,2026,2,5,21,4,10,26
18,0,2026,2,5,21,5,0,31
18,6,2026,2,5,4,5,3,33
18,11,2026,2,5,12,17,11,39
18,14,2026,2,5,17,2,10,31
18,21,2026,2,5,16,6,6,31
18,24,2026,2,5,14,6,13,24
18,32,2026,2,5,16,4,0,28
18,36,2026,2,5,17,6,0,34
18,41,2026,2,5,12,10,14,30
18,45,2026,2,5,4,3,8,25
18,52,2026,2,5,21,4,14,15
19,0,2026,2,5,21,4,0,19
19,6,2026,2,5,4,3,1,21
19,11,2026,2,5,12,8,10,19
19,14,2026,2,5,17,4,5,18
19,21,2026,2,5,16,4,3,19
19,24,2026,2,5,14,4,6,17
19,32,2026,2,5,16,2,0,19
19,36,2026,2,5,17,3,2,20
19,41,2026,2,5,12,36,11,45
19,45,2026,2,5,4,3,10,38
19,52,2026,2,5,21,6,11,33
20,0,2026,2,5,21,3,0,36
20,6,2026,2,5,4,5,2,39
20,11,2026,2,5,12,29,11,57
20,14,2026,2,5,17,2,16,43
20,21,2026,2,5,16,5,18,30
20,24,2026,2,5,14,4,13,21
20,32,2026,2,5,16,2,1,22
20,36,2026,2,5,17,4,0,26
20,41,2026,2,5,12,34,11,49
20,45,2026,2,5,4,6,9,46
20,52,2026,2,5,21,5,20,31
21,0,2026,2,5,21,6,0,37
21,6,2026,2,5,4,5,1,41
21,11,2026,2,5,12,11,17,35
21,14,2026,2,5,17,5,10,30
21,21,2026,2,5,16,5,13,22
21,24,2026,2,5,14,4,9,17
21,32,2026,2,5,16,4,1,20
21,36,2026,2,5,17,2,1,21
21,41,2026,2,5,12,26,11,36
21,45,2026,2,5,4,6,10,32
21,52,2026,2,5,21,2,8,26
22,0,2026,2,5,21,6,0,32
22,6,2026,2,5,4,3,0,35
22,11,2026,2,5,12,34,14,55
22,14,2026,2,5,17,4,13,46
22,21,2026,2,5,16,3,17,32
22,24,2026,2,5,14,3,15,20
22,32,2026,2,5,16,3,0,23
22,36,2026,2,5,17,2,1,24
22,41,2026,2,5,12,36,5,55
22,45,2026,2,5,4,6,8,53
22,52,2026,2,5,21,3,20,36
23,0,2026,2,5,21,2,0,38
23,6,2026,2,5,4,3,0,41
23,11,2026,2,5,12,11,12,40
23,14,2026,2,5,17,5,13,32
23,21,2026,2,5,16,4,8,28
23,24,2026,2,5,14,3,15,16
23,32,2026,2,5,16,2,1,17
23,36,2026,2,5,17,3,0,20
23,41,2026,2,5,12,19,14,25
23,45,2026,2,5,4,4,11,18
23,52,2026,2,5,21,0,18,0
6,0,2026,2,6,21,6,0,6
6,6,2026,2,6,4,5,0,11
6,11,2026,2,6,12,17,6,22
6,14,2026,2,6,17,8,2,28
6,21,2026,2,6,16,17,5,40
6,24,2026,2,6,14,5,8,37
6,32,2026,2,6,16,22,1,58
6,36,2026,2,6,17,13,5,66
6,41,2026,2,6,12,18,20,64
6,45,2026,2,6,4,6,20,50
6,52,2026,2,6,21,5,20,35
7,0,2026,2,6,21,3,0,38
7,6,2026,2,6,4,2,1,39
7,11,2026,2,6,12,35,12,62
7,14,2026,2,6,17,9,5,66
7,21,2026,2,6,16,8,11,63
7,24,2026,2,6,14,8,20,51
7,32,2026,2,6,16,15,0,66
7,36,2026,2,6,17,10,10,66
7,41,2026,2,6,12,20,20,66
7,45,2026,2,6,4,2,20,48
7,52,2026,2,6,21,2,20,30
8,0,2026,2,6,21,2,0,32
8,6,2026,2,6,4,3,1,34
8,11,2026,2,6,12,23,6,51
8,14,2026,2,6,17,10,8,53
8,21,2026,2,6,16,10,16,47
8,24,2026,2,6,14,13,11,49
8,32,2026,2,6,16,16,1,64
8,36,2026,2,6,17,7,5,66
8,41,2026,2,6,12,20,20,66
8,45,2026,2,6,4,3,20,49
8,52,2026,2,6,21,5,20,34
9,0,2026,2,6,21,5,0,39
9,6,2026,2,6,4,5,6,38
9,11,2026,2,6,12,23,7,54
9,14,2026,2,6,17,3,11,46
9,21,2026,2,6,16,2,12,36
9,24,2026,2,6,14,6,14,28
9,32,2026,2,6,16,5,0,33
9,36,2026,2,6,17,4,2,35
9,41,2026,2,6,12,14,9,40
9,45,2026,2,6,4,3,20,23
9,52,2026,2,6,21,6,8,21
10,0,2026,2,6,21,2,0,23
10,6,2026,2,6,4,6,0,29
10,11,2026,2,6,12,10,13,26
10,14,2026,2,6,17,6,5,27
10,21,2026,2,6,16,3,10,20
10,24,2026,2,6,14,2,8,14
10,32,2026,2,6,16,3,0,17
10,36,2026,2,6,17,5,0,22
10,41,2026,2,6,12,23,16,29
10,45,2026,2,6,4,2,7,24
10,52,2026,2,6,21,4,7,21
11,0,2026,2,6,21,5,0,26
11,6,2026,2,6,4,4,1,29
11,11,2026,2,6,12,20,11,38
11,14,2026,2,6,17,4,11,31
11,21,2026,2,6,16,4,10,25
11,24,2026,2,6,14,6,10,21
11,32,2026,2,6,16,4,0,25
11,36,2026,2,6,17,2,6,21
11,41,2026,2,6,12,17,8,30
11,45,2026,2,6,4,6,9,27
11,52,2026,2,6,21,5,9,23
12,0,2026,2,6,21,6,0,29
12,6,2026,2,6,4,6,0,35
12,11,2026,2,6,12,31,15,51
12,14,2026,2,6,17,5,13,43
12,21,2026,2,6,16,5,9,39
12,24,2026,2,6,14,4,15,28
12,32,2026,2,6,16,5,0,33
12,36,2026,2,6,17,3,1,35
12,41,2026,2,6,12,26,15,46
12,45,2026,2,6,4,3,12,37
12,52,2026,2,6,21,2,17,22
13,0,2026,2,6,21,5,0,27
13,6,2026,2,6,4,17,0,44
13,11,2026,2,6,12,34,14,64
13,14,2026,2,6,17,3,14,53
13,21,2026,2,6,16,3,19,37
13,24,2026,2,6,14,3,20,20
13,32,2026,2,6,16,5,0,25
13,36,2026,2,6,17,6,3,28
13,41,2026,2,6,12,11,8,31
13,45,2026,2,6,4,27,4,54
13,52,2026,2,6,21,4,18,40
14,0,2026,2,6,21,2,0,42
14,6,2026,2,6,4,17,1,58
14,11,2026,2,6,12,8,20,46
14,14,2026,2,6,17,3,17,32
14,21,2026,2,6,16,5,11,26
14,24,2026,2,6,14,2,12,16
14,32,2026,2,6,16,5,0,21
14,36,2026,2,6,17,2,2,21
14,41,2026,2,6,12,32,12,41
14,45,2026,2,6,4,18,5,54
14,52,2026,2,6,21,3,14,43
15,0,2026,2,6,21,2,0,45
15,6,2026,2,6,4,17,0,62
15,11,2026,2,6,12,24,20,66
15,14,2026,2,6,17,6,13,59
15,21,2026,2,6,16,2,20,41
15,24,2026,2,6,14,6,18,29
15,32,2026,2,6,16,4,1,32
15,36,2026,2,6,17,5,2,35
15,41,2026,2,6,12,32,14,53
15,45,2026,2,6,4,13,6,60
15,52,2026,2,6,21,3,20,43
16,0,2026,2,6,21,6,0,49
16,6,2026,2,6,4,6,0,55
16,11,2026,2,6,12,21,20,56
16,14,2026,2,6,17,6,14,48
16,21,2026,2,6,16,3,14,37
16,24,2026,2,6,14,5,20,22
16,32,2026,2,6,16,4,0,26
16,36,2026,2,6,17,4,0,30
16,41,2026,2,6,12,9,14,25
16,45,2026,2,6,4,5,7,23
16,52,2026,2,6,21,2,11,14
17,0,2026,2,6,21,2,0,16
17,6,2026,2,6,4,3,2,17
17,11,2026,2,6,12,33,8,42
17,14,2026,2,6,17,6,10,38
17,21,2026,2,6,16,6,15,29
17,24,2026,2,6,14,3,12,20
17,32,2026,2,6,16,6,0,26
17,36,2026,2,6,17,4,0,30
17,41,2026,2,6,12,12,16,26
17,45,2026,2,6,4,2,13,15
17,52,2026,2,6,21,3,7,11
18,0,2026,2,6,21,6,0,17
18,6,2026,2,6,4,5,0,22
18,11,2026,2,6,12,34,13,43
18,14,2026,2,6,17,2,6,39
18,21,2026,2,6,16,5,13,31
18,24,2026,2,6,14,5,13,23
18,32,2026,2,6,16,4,1,26
18,36,2026,2,6,17,4,0,30
18,41,2026,2,6,12,15,15,30
18,45,2026,2,6,4,2,11,21
18,52,2026,2,6,21,2,10,13
19,0,2026,2,6,21,3,0,16
19,6,2026,2,6,4,4,1,19
19,11,2026,2,6,12,31,7,43
19,14,2026,2,6,17,2,7,38
19,21,2026,2,6,16,2,12,28
19,24,2026,2,6,14,5,11,22
19,32,2026,2,6,16,3,0,25
19,36,2026,2,6,17,4,1,28
19,41,2026,2,6,12,36,12,52
19,45,2026,2,6,4,3,13,42
19,52,2026,2,6,21,6,18,30
20,0,2026,2,6,21,5,0,35
20,6,2026,2,6,4,6,2,39
20,11,2026,2,6,12,15,12,42
20,14,2026,2,6,17,5,12,35
20,21,2026,2,6,16,5,11,29
20,24,2026,2,6,14,6,18,17
20,32,2026,2,6,16,3,1,19
20,36,2026,2,6,17,4,1,22
20,41,2026,2,6,12,30,12,40
20,45,2026,2,6,4,3,15,28
20,52,2026,2,6,21,3,6,25
21,0,2026,2,6,21,3,0,28
21,6,2026,2,6,4,5,1,32
21,11,2026,2,6,12,36,10,58
21,14,2026,2,6,17,6,13,51
21,21,2026,2,6,16,2,16,37
21,24,2026,2,6,14,6,15,28
21,32,2026,2,6,16,3,1,30
21,36,2026,2,6,17,2,1,31
21,41,2026,2,6,12,22,11,42
21,45,2026,2,6,4,3,16,29
21,52,2026,2,6,21,6,12,23
22,0,2026,2,6,21,5,0,28
22,6,2026,2,6,4,5,1,32
22,11,2026,2,6,12,30,15,47
22,14,2026,2,6,17,4,11,40
22,21,2026,2,6,16,5,14,31
22,24,2026,2,6,14,2,8,25
22,32,2026,2,6,16,3,0,28
22,36,2026,2,6,17,4,0,32
22,41,2026,2,6,12,36,15,53
22,45,2026,2,6,4,6,15,44
22,52,2026,2,6,21,6,10,40
23,0,2026,2,6,21,5,0,45
23,6,2026,2,6,4,3,2,46
23,11,2026,2,6,12,10,14,42
23,14,2026,2,6,17,3,14,31
23,21,2026,2,6,16,5,15,21
23,24,2026,2,6,14,6,10,17
23,32,2026,2,6,16,3,0,20
23,36,2026,2,6,17,2,1,21
23,41,2026,2,6,12,16,13,24
23,45,2026,2,6,4,5,11,18
23,52,2026,2,6,21,0,18,0
6,0,2026,2,7,21,3,0,3
6,6,2026,2,7,4,2,1,4
6,11,2026,2,7,12,36,3,37
6,14,2026,2,7,17,17,6,48
6,21,2026,2,7,16,7,10,45
6,24,2026,2,7,14,13,7,51
6,32,2026,2,7,16,14,1,64
6,36,2026,2,7,17,11,9,66
6,41,2026,2,7,12,20,20,66
6,45,2026,2,7,4,5,20,51
6,52,2026,2,7,21,5,20,36
7,0,2026,2,7,21,6,0,42
7,6,2026,2,7,4,4,3,43
7,11,2026,2,7,12,16,13,46
7,14,2026,2,7,17,14,7,53
7,21,2026,2,7,16,22,16,59
7,24,2026,2,7,14,18,19,58
7,32,2026,2,7,16,8,6,60
7,36,2026,2,7,17,10,9,61
7,41,2026,2,7,12,25,20,66
7,45,2026,2,7,4,5,20,51
7,52,2026,2,7,21,5,20,36
8,0,2026,2,7,21,5,0,41
8,6,2026,2,7,4,3,4,40
8,11,2026,2,7,12,9,8,41
8,14,2026,2,7,17,8,13,36
8,21,2026,2,7,16,13,8,41
8,24,2026,2,7,14,22,14,49
8,32,2026,2,7,16,10,1,58
8,36,2026,2,7,17,7,8,57
8,41,2026,2,7,12,29,20,66
8,45,2026,2,7,4,1,20,47
8,52,2026,2,7,21,3,19,31
9,0,2026,2,7,21,2,0,33
9,6,2026,2,7,4,4,1,36
9,11,2026,2,7,12,27,7,56
9,14,2026,2,7,17,6,8,54
9,21,2026,2,7,16,5,11,48
9,24,2026,2,7,14,4,17,35
9,32,2026,2,7,16,2,0,37
9,36,2026,2,7,17,2,1,38
9,41,2026,2,7,12,18,12,44
9,45,2026,2,7,4,2,20,26
9,52,2026,2,7,21,6,7,25
10,0,2026,2,7,21,2,0,27
10,6,2026,2,7,4,4,0,31
10,11,2026,2,7,12,10,7,34
10,14,2026,2,7,17,3,9,28
10,21,2026,2,7,16,3,8,23
10,24,2026,2,7,14,6,14,15
10,32,2026,2,7,16,3,1,17
10,36,2026,2,7,17,5,2,20
10,41,2026,2,7,12,22,9,33
10,45,2026,2,7,4,3,7,29
10,52,2026,2,7,21,2,11,20
11,0,2026,2,7,21,5,0,25
11,6,2026,2,7,4,3,1,27
11,11,2026,2,7,12,28,8,47
11,14,2026,2,7,17,5,13,39
11,21,2026,2,7,16,5,12,32
11,24,2026,2,7,14,2,14,20
11,32,2026,2,7,16,3,0,23
11,36,2026,2,7,17,5,1,27
11,41,2026,2,7,12,31,11,47
11,45,2026,2,7,4,5,13,39
11,52,2026,2,7,21,5,12,32
12,0,2026,2,7,21,5,0,37
12,6,2026,2,7,4,6,1,42
12,11,2026,2,7,12,9,13,38
12,14,2026,2,7,17,5,14,29
12,21,2026,2,7,16,2,12,19
12,24,2026,2,7,14,6,11,14
12,32,2026,2,7,16,3,0,17
12,36,2026,2,7,17,2,3,16
12,41,2026,2,7,12,33,10,39
12,45,2026,2,7,4,6,8,37
12,52,2026,2,7,21,3,7,33
13,0,2026,2,7,21,3,0,36
13,6,2026,2,7,4,28,0,64
13,11,2026,2,7,12,22,20,66
13,14,2026,2,7,17,2,20,48
13,21,2026,2,7,16,6,13,41
13,24,2026,2,7,14,2,19,24
13,32,2026,2,7,16,3,0,27
13,36,2026,2,7,17,2,0,29
13,41,2026,2,7,12,22,12,39
13,45,2026,2,7,4,13,5,47
13,52,2026,2,7,21,4,18,33
14,0,2026,2,7,21,5,0,38
14,6,2026,2,7,4,24,0,62
14,11,2026,2,7,12,24,20,66
14,14,2026,2,7,17,2,15,53
14,21,2026,2,7,16,5,18,40
14,24,2026,2,7,14,3,20,23
14,32,2026,2,7,16,6,1,28
14,36,2026,2,7,17,3,0,31
14,41,2026,2,7,12,22,11,42
14,45,2026,2,7,4,20,7,55
14,52,2026,2,7,21,3,20,38
15,0,2026,2,7,21,2,0,40
15,6,2026,2,7,4,13,0,53
15,11,2026,2,7,12,19,20,52
15,14,2026,2,7,17,2,12,42
15,21,2026,2,7,16,3,10,35
15,24,2026,2,7,14,3,17,21
15,32,2026,2,7,16,4,1,24
15,36,2026,2,7,17,3,2,25
15,41,2026,2,7,12,9,10,24
15,45,2026,2,7,4,8,7,25
15,52,2026,2,7,21,4,12,17
16,0,2026,2,7,21,5,0,22
16,6,2026,2,7,4,4,0,26
16,11,2026,2,7,12,27,14,39
16,14,2026,2,7,17,5,6,38
16,21,2026,2,7,16,3,6,35
16,24,2026,2,7,14,5,12,28
16,32,2026,2,7,16,5,0,33
16,36,2026,2,7,17,3,1,35
16,41,2026,2,7,12,32,16,51
16,45,2026,2,7,4,3,11,43
16,52,2026,2,7,21,6,19,30
17,0,2026,2,7,21,5,0,35
17,6,2026,2,7,4,2,0,37
17,11,2026,2,7,12,24,12,49
17,14,2026,2,7,17,4,7,46
17,21,2026,2,7,16,5,20,31
17,24,2026,2,7,14,2,10,23
17,32,2026,2,7,16,4,0,27
17,36,2026,2,7,17,3,1,29
17,41,2026,2,7,12,8,13,24
17,45,2026,2,7,4,4,7,21
17,52,2026,2,7,21,5,12,14
18,0,2026,2,7,21,4,0,18
18,6,2026,2,7,4,6,2,22
18,11,2026,2,7,12,19,13,28
18,14,2026,2,7,17,2,10,20
18,21,2026,2,7,16,3,6,17
18,24,2026,2,7,14,2,7,12
18,32,2026,2,7,16,6,0,18
18,36,2026,2,7,17,3,0,21
18,41,2026,2,7,12,18,10,29
18,45,2026,2,7,4,2,10,21
18,52,2026,2,7,21,3,9,15
19,0,2026,2,7,21,5,0,20
19,6,2026,2,7,4,6,2,24
19,11,2026,2,7,12,28,8,44
19,14,2026,2,7,17,5,10,39
19,21,2026,2,7,16,5,13,31
19,24,2026,2,7,14,3,12,22
19,32,2026,2,7,16,5,0,27
19,36,2026,2,7,17,5,0,32
19,41,2026,2,7,12,9,19,22
19,45,2026,2,7,4,2,5,19
19,52,2026,2,7,21,6,10,15
20,0,2026,2,7,21,3,0,18
20,6,2026,2,7,4,5,0,23
20,11,2026,2,7,12,31,10,44
20,14,2026,2,7,17,5,11,38
20,21,2026,2,7,16,6,10,34
20,24,2026,2,7,14,4,8,30
20,32,2026,2,7,16,5,2,33
20,36,2026,2,7,17,5,2,36
20,41,2026,2,7,12,35,13,58
20,45,2026,2,7,4,5,20,43
20,52,2026,2,7,21,2,14,31
21,0,2026,2,7,21,5,0,36
21,6,2026,2,7,4,4,0,40
21,11,2026,2,7,12,13,12,41
21,14,2026,2,7,17,2,11,32
21,21,2026,2,7,16,3,15,20
21,24,2026,2,7,14,4,8,16
21,32,2026,2,7,16,2,0,18
21,36,2026,2,7,17,3,2,19
21,41,2026,2,7,12,21,10,30
21,45,2026,2,7,4,6,7,29
21,52,2026,2,7,21,4,13,20
22,0,2026,2,7,21,5,0,25
22,6,2026,2,7,4,3,0,28
22,11,2026,2,7,12,12,8,32
22,14,2026,2,7,17,6,11,27
22,21,2026,2,7,16,5,10,22
22,24,2026,2,7,14,5,11,16
22,32,2026,2,7,16,3,0,19
22,36,2026,2,7,17,3,0,22
22,41,2026,2,7,12,25,14,33
22,45,2026,2,7,4,5,12,26
22,52,2026,2,7,21,3,10,19
23,0,2026,2,7,21,4,0,23
23,6,2026,2,7,4,5,0,28
23,11,2026,2,7,12,8,13,23
23,14,2026,2,7,17,5,4,24
23,21,2026,2,7,16,3,8,19
23,24,2026,2,7,14,3,11,11
23,32,2026,2,7,16,2,0,13
23,36,2026,2,7,17,3,0,16
23,41,2026,2,7,12,24,13,27
23,45,2026,2,7,4,6,15,18
23,52,2026,2,7,21,0,18,0
6,0,2026,2,8,21,4,0,4
6,6,2026,2,8,4,3,1,6
6,11,2026,2,8,12,25,4,27
6,14,2026,2,8,17,17,2,42
6,21,2026,2,8,16,19,7,54
6,24,2026,2,8,14,18,14,58
6,32,2026,2,8,16,13,7,64
6,36,2026,2,8,17,5,7,62
6,41,2026,2,8,12,10,20,52
6,45,2026,2,8,4,2,20,34
6,52,2026,2,8,21,6,20,20
7,0,2026,2,8,21,4,0,24
7,6,2026,2,8,4,3,6,21
7,11,2026,2,8,12,29,6,44
7,14,2026,2,8,17,15,6,53
7,21,2026,2,8,16,8,13,48
7,24,2026,2,8,14,19,12,55
7,32,2026,2,8,16,6,3,58
7,36,2026,2,8,17,5,6,57
7,41,2026,2,8,12,29,20,66
7,45,2026,2,8,4,5,20,51
7,52,2026,2,8,21,6,20,37
8,0,2026,2,8,21,4,0,41
8,6,2026,2,8,4,4,3,42
8,11,2026,2,8,12,27,12,57
8,14,2026,2,8,17,18,9,66
8,21,2026,2,8,16,13,13,66
8,24,2026,2,8,14,18,19,65
8,32,2026,2,8,16,6,5,66
8,36,2026,2,8,17,9,9,66
8,41,2026,2,8,12,20,20,66
8,45,2026,2,8,4,3,20,49
8,52,2026,2,8,21,4,20,33
9,0,2026,2,8,21,2,0,35
9,6,2026,2,8,4,5,2,38
9,11,2026,2,8,12,18,8,48
9,14,2026,2,8,17,4,7,45
9,21,2026,2,8,16,2,14,33
9,24,2026,2,8,14,4,13,24
9,32,2026,2,8,16,6,0,30
9,36,2026,2,8,17,3,0,33
9,41,2026,2,8,12,35,11,57
9,45,2026,2,8,4,2,20,39
9,52,2026,2,8,21,5,12,32
10,0,2026,2,8,21,3,0,35
10,6,2026,2,8,4,3,0,38
10,11,2026,2,8,12,28,7,59
10,14,2026,2,8,17,5,12,52
10,21,2026,2,8,16,2,20,34
10,24,2026,2,8,14,4,14,24
10,32,2026,2,8,16,3,0,27
10,36,2026,2,8,17,2,2,27
10,41,2026,2,8,12,29,12,44
10,45,2026,2,8,4,4,10,38
10,52,2026,2,8,21,2,15,25
11,0,2026,2,8,21,3,0,28
11,6,2026,2,8,4,3,1,30
11,11,2026,2,8,12,10,9,31
11,14,2026,2,8,17,2,7,26
11,21,2026,2,8,16,6,5,27
11,24,2026,2,8,14,4,12,19
11,32,2026,2,8,16,5,0,24
11,36,2026,2,8,17,4,1,27
11,41,2026,2,8,12,28,13,42
11,45,2026,2,8,4,3,11,34
11,52,2026,2,8,21,6,12,28
12,0,2026,2,8,21,4,0,32
12,6,2026,2,8,4,4,1,35
12,11,2026,2,8,12,20,9,46
12,14,2026,2,8,17,2,14,34
12,21,2026,2,8,16,5,8,31
12,24,2026,2,8,14,6,18,19
12,32,2026,2,8,16,2,0,21
12,36,2026,2,8,17,2,0,23
12,41,2026,2,8,12,16,12,27
12,45,2026,2,8,4,6,7,26
12,52,2026,2,8,21,4,9,21
13,0,2026,2,8,21,6,0,27
13,6,2026,2,8,4,27,0,54
13,11,2026,2,8,12,28,20,62
13,14,2026,2,8,17,5,11,56
13,21,2026,2,8,16,2,16,42
13,24,2026,2,8,14,2,19,25
13,32,2026,2,8,16,6,0,31
13,36,2026,2,8,17,5,2,34
13,41,2026,2,8,12,24,13,45
13,45,2026,2,8,4,10,6,49
13,52,2026,2,8,21,2,19,32
14,0,2026,2,8,21,5,0,37
14,6,2026,2,8,4,15,1,51
14,11,2026,2,8,12,30,20,61
14,14,2026,2,8,17,6,19,48
14,21,2026,2,8,16,4,20,32
14,24,2026,2,8,14,6,12,26
14,32,2026,2,8,16,6,0,32
14,36,2026,2,8,17,2,0,34
14,41,2026,2,8,12,9,18,25
14,45,2026,2,8,4,22,6,41
14,52,2026,2,8,21,3,15,29
15,0,2026,2,8,21,3,0,32
15,6,2026,2,8,4,17,1,48
15,11,2026,2,8,12,26,20,54
15,14,2026,2,8,17,2,18,38
15,21,2026,2,8,16,3,9,32
15,24,2026,2,8,14,3,15,20
15,32,2026,2,8,16,4,0,24
15,36,2026,2,8,17,4,0,28
15,41,2026,2,8,12,33,13,48
15,45,2026,2,8,4,13,9,52
15,52,2026,2,8,21,3,18,37
16,0,2026,2,8,21,3,0,40
16,6,2026,2,8,4,5,0,45
16,11,2026,2,8,12,24,17,52
16,14,2026,2,8,17,3,20,35
16,21,2026,2,8,16,4,8,31
16,24,2026,2,8,14,3,16,18
16,32,2026,2,8,16,2,0,20
16,36,2026,2,8,17,6,2,24
16,41,2026,2,8,12,34,10,48
16,45,2026,2,8,4,2,11,39
16,52,2026,2,8,21,4,15,28
17,0,2026,2,8,21,6,0,34
17,6,2026,2,8,4,4,2,36
17,11,2026,2,8,12,33,9,60
17,14,2026,2,8,17,4,17,47
17,21,2026,2,8,16,4,17,34
17,24,2026,2,8,14,5,14,25
17,32,2026,2,8,16,5,0,30
17,36,2026,2,8,17,3,0,33
17,41,2026,2,8,12,16,14,35
17,45,2026,2,8,4,4,11,28
17,52,2026,2,8,21,3,11,20
18,0,2026,2,8,21,3,0,23
18,6,2026,2,8,4,3,2,24
18,11,2026,2,8,12,11,6,29
18,14,2026,2,8,17,3,5,27
18,21,2026,2,8,16,6,8,25
18,24,2026,2,8,14,4,11,18
18,32,2026,2,8,16,6,0,24
18,36,2026,2,8,17,6,2,28
18,41,2026,2,8,12,32,17,43
18,45,2026,2,8,4,4,9,38
18,52,2026,2,8,21,3,12,29
19,0,2026,2,8,21,5,0,34
19,6,2026,2,8,4,6,0,40
19,11,2026,2,8,12,32,11,61
19,14,2026,2,8,17,2,17,46
19,21,2026,2,8,16,4,13,37
19,24,2026,2,8,14,4,16,25
19,32,2026,2,8,16,6,0,31
19,36,2026,2,8,17,3,0,34
19,41,2026,2,8,12,31,16,49
19,45,2026,2,8,4,3,10,42
19,52,2026,2,8,21,6,20,28
20,0,2026,2,8,21,5,0,33
20,6,2026,2,8,4,2,3,32
20,11,2026,2,8,12,23,7,48
20,14,2026,2,8,17,4,12,40
20,21,2026,2,8,16,6,12,34
20,24,2026,2,8,14,6,20,20
20,32,2026,2,8,16,6,1,25
20,36,2026,2,8,17,2,1,26
20,41,2026,2,8,12,18,17,27
20,45,2026,2,8,4,2,6,23
20,52,2026,2,8,21,4,8,19
21,0,2026,2,8,21,2,0,21
21,6,2026,2,8,4,3,0,24
21,11,2026,2,8,12,27,9,42
21,14,2026,2,8,17,4,12,34
21,21,2026,2,8,16,5,12,27
21,24,2026,2,8,14,6,13,20
21,32,2026,2,8,16,4,0,24
21,36,2026,2,8,17,4,2,26
21,41,2026,2,8,12,26,17,35
21,45,2026,2,8,4,4,9,30
21,52,2026,2,8,21,6,11,25
22,0,2026,2,8,21,4,0,29
22,6,2026,2,8,4,2,2,29
22,11,2026,2,8,12,14,9,34
22,14,2026,2,8,17,4,5,33
22,21,2026,2,8,16,4,13,24
22,24,2026,2,8,14,4,15,13
22,32,2026,2,8,16,2,1,14
22,36,2026,2,8,17,5,1,18
22,41,2026,2,8,12,16,15,19
22,45,2026,2,8,4,2,5,16
22,52,2026,2,8,21,2,3,15
23,0,2026,2,8,21,2,0,17
23,6,2026,2,8,4,4,1,20
23,11,2026,2,8,12,27,4,43
23,14,2026,2,8,17,5,9,39
23,21,2026,2,8,16,4,11,32
23,24,2026,2,8,14,3,10,25
23,32,2026,2,8,16,3,0,28
23,36,2026,2,8,17,3,2,29
23,41,2026,2,8,12,22,12,39
23,45,2026,2,8,4,0,19,20
23,52,2026,2,8,21,0,20,0
6,0,2026,2,9,21,5,0,5
6,6,2026,2,9,4,3,1,7
6,11,2026,2,9,12,30,4,33
6,14,2026,2,9,17,13,5,41
6,21,2026,2,9,16,12,7,46
6,24,2026,2,9,14,16,9,53
6,32,2026,2,9,16,10,1,62
6,36,2026,2,9,17,10,6,66
6,41,2026,2,9,12,12,20,58
6,45,2026,2,9,4,3,20,41
6,52,2026,2,9,21,5,20,26
7,0,2026,2,9,21,5,0,31
7,6,2026,2,9,4,3,7,27
7,11,2026,2,9,12,8,7,28
7,14,2026,2,9,17,11,5,34
7,21,2026,2,9,16,9,9,34
7,24,2026,2,9,14,6,10,30
7,32,2026,2,9,16,8,0,38
7,36,2026,2,9,17,14,3,49
7,41,2026,2,9,12,22,17,54
7,45,2026,2,9,4,3,20,37
7,52,2026,2,9,21,2,13,26
8,0,2026,2,9,21,6,0,32
8,6,2026,2,9,4,4,2,34
8,11,2026,2,9,12,19,6,47
8,14,2026,2,9,17,5,10,42
8,21,2026,2,9,16,9,16,35
8,24,2026,2,9,14,17,12,40
8,32,2026,2,9,16,6,2,44
8,36,2026,2,9,17,20,3,61
8,41,2026,2,9,12,10,20,51
8,45,2026,2,9,4,3,20,34
8,52,2026,2,9,21,3,16,21
9,0,2026,2,9,21,3,0,24
9,6,2026,2,9,4,5,2,27
9,11,2026,2,9,12,25,9,43
9,14,2026,2,9,17,5,4,44
9,21,2026,2,9,16,2,9,37
9,24,2026,2,9,14,3,15,25
9,32,2026,2,9,16,3,0,28
9,36,2026,2,9,17,6,0,34
9,41,2026,2,9,12,9,8,35
9,45,2026,2,9,4,4,20,19
9,52,2026,2,9,21,3,4,18
10,0,2026,2,9,21,2,0,20
10,6,2026,2,9,4,6,0,26
10,11,2026,2,9,12,30,10,46
10,14,2026,2,9,17,5,8,43
10,21,2026,2,9,16,2,16,29
10,24,2026,2,9,14,6,13,22
10,32,2026,2,9,16,6,0,28
10,36,2026,2,9,17,5,0,33
10,41,2026,2,9,12,10,20,23
10,45,2026,2,9,4,5,12,16
10,52,2026,2,9,21,3,7,12
11,0,2026,2,9,21,2,0,14
11,6,2026,2,9,4,4,1,17
11,11,2026,2,9,12,30,11,36
11,14,2026,2,9,17,6,7,35
11,21,2026,2,9,16,4,10,29
11,24,2026,2,9,14,5,7,27
11,32,2026,2,9,16,2,0,29
11,36,2026,2,9,17,6,1,34
11,41,2026,2,9,12,25,17,42
11,45,2026,2,9,4,2,13,31
11,52,2026,2,9,21,3,12,22
12,0,2026,2,9,21,2,0,24
12,6,2026,2,9,4,4,0,28
12,11,2026,2,9,12,33,4,57
12,14,2026,2,9,17,5,11,51
12,21,2026,2,9,16,6,16,41
12,24,2026,2,9,14,6,14,33
12,32,2026,2,9,16,2,0,35
12,36,2026,2,9,17,5,0,40
12,41,2026,2,9,12,33,12,61
12,45,2026,2,9,4,3,15,49
12,52,2026,2,9,21,3,20,32
13,0,2026,2,9,21,6,0,38
13,6,2026,2,9,4,24,1,61
13,11,2026,2,9,12,14,20,55
13,14,2026,2,9,17,3,13,45
13,21,2026,2,9,16,3,18,30
13,24,2026,2,9,14,4,14,20
13,32,2026,2,9,16,2,0,22
13,36,2026,2,9,17,5,0,27
13,41,2026,2,9,12,11,13,25
13,45,2026,2,9,4,24,6,43
13,52,2026,2,9,21,2,11,34
14,0,2026,2,9,21,2,0,36
14,6,2026,2,9,4,21,1,56
14,11,2026,2,9,12,30,20,66
14,14,2026,2,9,17,3,14,55
14,21,2026,2,9,16,6,20,41
14,24,2026,2,9,14,2,20,23
14,32,2026,2,9,16,5,1,27
14,36,2026,2,9,17,3,2,28
14,41,2026,2,9,12,29,6,51
14,45,2026,2,9,4,24,9,66
14,52,2026,2,9,21,2,20,48
15,0,2026,2,9,21,4,0,52
15,6,2026,2,9,4,14,0,66
15,11,2026,2,9,12,20,20,66
15,14,2026,2,9,17,2,20,48
15,21,2026,2,9,16,5,15,38
15,24,2026,2,9,14,3,20,21
15,32,2026,2,9,16,5,0,26
15,36,2026,2,9,17,2,2,26
15,41,2026,2,9,12,22,11,37
15,45,2026,2,9,4,19,5,51
15,52,2026,2,9,21,3,19,35
16,0,2026,2,9,21,3,0,38
16,6,2026,2,9,4,6,0,44
16,11,2026,2,9,12,23,20,47
16,14,2026,2,9,17,4,13,38
16,21,2026,2,9,16,6,14,30
16,24,2026,2,9,14,4,10,24
16,32,2026,2,9,16,4,1,27
16,36,2026,2,9,17,2,0,29
16,41,2026,2,9,12,17,11,35
16,45,2026,2,9,4,6,9,32
16,52,2026,2,9,21,6,14,24
17,0,2026,2,9,21,2,0,26
17,6,2026,2,9,4,6,1,31
17,11,2026,2,9,12,33,11,53
17,14,2026,2,9,17,6,8,51
17,21,2026,2,9,16,6,20,37
17,24,2026,2,9,14,2,13,26
17,32,2026,2,9,16,4,1,29
17,36,2026,2,9,17,4,2,31
17,41,2026,2,9,12,8,16,23
17,45,2026,2,9,4,5,9,19
17,52,2026,2,9,21,4,10,13
18,0,2026,2,9,21,4,0,17
18,6,2026,2,9,4,2,1,18
18,11,2026,2,9,12,16,8,26
18,14,2026,2,9,17,2,5,23
18,21,2026,2,9,16,5,6,22
18,24,2026,2,9,14,3,4,21
18,32,2026,2,9,16,6,0,27
18,36,2026,2,9,17,5,1,31
18,41,2026,2,9,12,36,12,55
18,45,2026,2,9,4,5,15,45
18,52,2026,2,9,21,3,12,36
19,0,2026,2,9,21,2,0,38
19,6,2026,2,9,4,6,0,44
19,11,2026,2,9,12,20,12,52
19,14,2026,2,9,17,4,16,40
19,21,2026,2,9,16,4,11,33
19,24,2026,2,9,14,3,19,17
19,32,2026,2,9,16,4,0,21
19,36,2026,2,9,17,2,1,22
19,41,2026,2,9,12,34,15,41
19,45,2026,2,9,4,4,17,28
19,52,2026,2,9,21,2,10,20
20,0,2026,2,9,21,6,0,26
20,6,2026,2,9,4,4,0,30
20,11,2026,2,9,12,24,9,45
20,14,2026,2,9,17,5,9,41
20,21,2026,2,9,16,6,12,35
20,24,2026,2,9,14,2,16,21
20,32,2026,2,9,16,5,0,26
20,36,2026,2,9,17,3,3,26
20,41,2026,2,9,12,26,13,39
20,45,2026,2,9,4,4,5,38
20,52,2026,2,9,21,5,13,30
21,0,2026,2,9,21,6,0,36
21,6,2026,2,9,4,3,1,38
21,11,2026,2,9,12,9,13,34
21,14,2026,2,9,17,4,10,28
21,21,2026,2,9,16,3,8,23
21,24,2026,2,9,14,4,13,14
21,32,2026,2,9,16,5,0,19
21,36,2026,2,9,17,6,1,24
21,41,2026,2,9,12,8,15,17
21,45,2026,2,9,4,4,5,16
21,52,2026,2,9,21,2,7,11
22,0,2026,2,9,21,2,0,13
22,6,2026,2,9,4,6,1,18
22,11,2026,2,9,12,29,10,37
22,14,2026,2,9,17,2,12,27
22,21,2026,2,9,16,2,9,20
22,24,2026,2,9,14,2,6,16
22,32,2026,2,9,16,5,0,21
22,36,2026,2,9,17,4,0,25
22,41,2026,2,9,12,31,7,49
22,45,2026,2,9,4,2,10,41
22,52,2026,2,9,21,3,20,24
23,0,2026,2,9,21,2,0,26
23,6,2026,2,9,4,5,1,30
23,11,2026,2,9,12,21,9,42
23,14,2026,2,9,17,2,13,31
23,21,2026,2,9,16,4,5,30
23,24,2026,2,9,14,5,15,20
23,32,2026,2,9,16,5,2,23
23,36,2026,2,9,17,5,1,27
23,41,2026,2,9,12,16,13,30
23,45,2026,2,9,4,4,15,19
23,52,2026,2,9,21,0,19,0
6,0,2026,2,10,21,6,0,6
6,6,2026,2,10,4,2,2,6
6,11,2026,2,10,12,13,5,14
6,14,2026,2,10,17,6,3,17
6,21,2026,2,10,16,5,6,16
6,24,2026,2,10,14,18,3,31
6,32,2026,2,10,16,6,1,36
6,36,2026,2,10,17,5,2,39
6,41,2026,2,10,12,30,20,49
6,45,2026,2,10,4,4,10,43
6,52,2026,2,10,21,3,18,28
7,0,2026,2,10,21,4,0,32
7,6,2026,2,10,4,5,2,35
7,11,2026,2,10,12,18,6,47
7,14,2026,2,10,17,8,9,46
7,21,2026,2,10,16,8,12,42
7,24,2026,2,10,14,16,12,46
7,32,2026,2,10,16,5,2,49
7,36,2026,2,10,17,11,3,57
7,41,2026,2,10,12,23,20,60
7,45,2026,2,10,4,1,20,41
7,52,2026,2,10,21,5,11,35
8,0,2026,2,10,21,2,0,37
8,6,2026,2,10,4,1,3,35
8,11,2026,2,10,12,31,5,61
8,14,2026,2,10,17,13,8,66
8,21,2026,2,10,16,7,13,60
8,24,2026,2,10,14,22,20,62
8,32,2026,2,10,16,7,4,65
8,36,2026,2,10,17,13,12,66
8,41,2026,2,10,12,14,20,60
8,45,2026,2,10,4,3,20,43
8,52,2026,2,10,21,5,19,29
9,0,2026,2,10,21,6,0,35
9,6,2026,2,10,4,4,4,35
9,11,2026,2,10,12,27,12,50
9,14,2026,2,10,17,5,10,45
9,21,2026,2,10,16,5,11,39
9,24,2026,2,10,14,6,15,30
9,32,2026,2,10,16,5,0,35
9,36,2026,2,10,17,2,0,37
9,41,2026,2,10,12,22,12,47
9,45,2026,2,10,4,2,20,29
9,52,2026,2,10,21,4,10,23
10,0,2026,2,10,21,3,0,26
10,6,2026,2,10,4,6,1,31
10,11,2026,2,10,12,36,12,55
10,14,2026,2,10,17,6,12,49
10,21,2026,2,10,16,6,15,40
10,24,2026,2,10,14,4,14,30
10,32,2026,2,10,16,4,0,34
10,36,2026,2,10,17,2,1,35
10,41,2026,2,10,12,18,12,41
10,45,2026,2,10,4,3,17,27
10,52,2026,2,10,21,4,12,19
11,0,2026,2,10,21,3,0,22
11,6,2026,2,10,4,2,1,23
11,11,2026,2,10,12,14,8,29
11,14,2026,2,10,17,2,7,24
11,21,2026,2,10,16,3,7,20
11,24,2026,2,10,14,5,12,13
11,32,2026,2,10,16,2,1,14
11,36,2026,2,10,17,5,1,18
11,41,2026,2,10,12,33,10,41
11,45,2026,2,10,4,5,5,41
11,52,2026,2,10,21,2,13,30
12,0,2026,2,10,21,5,0,35
12,6,2026,2,10,4,4,1,38
12,11,2026,2,10,12,25,10,53
12,14,2026,2,10,17,6,12,47
12,21,2026,2,10,16,6,12,41
12,24,2026,2,10,14,5,20,26
12,32,2026,2,10,16,6,0,32
12,36,2026,2,10,17,2,3,31
12,41,2026,2,10,12,15,15,31
12,45,2026,2,10,4,2,10,23
12,52,2026,2,10,21,3,14,12
13,0,2026,2,10,21,6,0,18
13,6,2026,2,10,4,18,0,36
13,11,2026,2,10,12,19,19,36
13,14,2026,2,10,17,3,13,26
13,21,2026,2,10,16,5,9,22
13,24,2026,2,10,14,6,9,19
13,32,2026,2,10,16,4,0,23
13,36,2026,2,10,17,4,0,27
13,41,2026,2,10,12,26,12,41
13,45,2026,2,10,4,12,6,47
13,52,2026,2,10,21,3,19,31
14,0,2026,2,10,21,3,0,34
14,6,2026,2,10,4,10,0,44
14,11,2026,2,10,12,35,19,60
14,14,2026,2,10,17,5,14,51
14,21,2026,2,10,16,6,16,41
14,24,2026,2,10,14,5,19,27
14,32,2026,2,10,16,2,0,29
14,36,2026,2,10,17,6,0,35
14,41,2026,2,10,12,16,18,33
14,45,2026,2,10,4,28,10,51
14,52,2026,2,10,21,6,16,41
15,0,2026,2,10,21,2,0,43
15,6,2026,2,10,4,22,2,63
15,11,2026,2,10,12,23,20,66
15,14,2026,2,10,17,3,18,51
15,21,2026,2,10,16,2,14,39
15,24,2026,2,10,14,6,19,26
15,32,2026,2,10,16,4,0,30
15,36,2026,2,10,17,6,3,33
15,41,2026,2,10,12,27,15,45
15,45,2026,2,10,4,7,7,45
15,52,2026,2,10,21,3,17,31
16,0,2026,2,10,21,4,0,35
16,6,2026,2,10,4,3,0,38
16,11,2026,2,10,12,26,10,54
16,14,2026,2,10,17,4,7,51
16,21,2026,2,10,16,4,18,37
16,24,2026,2,10,14,3,18,22
16,32,2026,2,10,16,4,0,26
16,36,2026,2,10,17,6,3,29
16,41,2026,2,10,12,25,12,42
16,45,2026,2,10,4,6,17,31
16,52,2026,2,10,21,5,10,26
17,0,2026,2,10,21,5,0,31
17,6,2026,2,10,4,2,2,31
17,11,2026,2,10,12,29,13,47
17,14,2026,2,10,17,5,11,41
17,21,2026,2,10,16,4,15,30
17,24,2026,2,10,14,4,17,17
17,32,2026,2,10,16,4,3,18
17,36,2026,2,10,17,4,0,22
17,41,2026,2,10,12,12,12,22
17,45,2026,2,10,4,3,4,21
17,52,2026,2,10,21,3,10,14
18,0,2026,2,10,21,3,0,17
18,6,2026,2,10,4,3,1,19
18,11,2026,2,10,12,15,5,29
18,14,2026,2,10,17,6,6,29
18,21,2026,2,10,16,2,7,24
18,24,2026,2,10,14,3,10,17
18,32,2026,2,10,16,6,0,23
18,36,2026,2,10,17,6,3,26
18,41,2026,2,10,12,30,12,44
18,45,2026,2,10,4,4,17,31
18,52,2026,2,10,21,2,10,23
19,0,2026,2,10,21,5,0,28
19,6,2026,2,10,4,3,0,31
19,11,2026,2,10,12,28,9,50
19,14,2026,2,10,17,3,12,41
19,21,2026,2,10,16,4,16,29
19,24,2026,2,10,14,2,10,21
19,32,2026,2,10,16,6,1,26
19,36,2026,2,10,17,2,2,26
19,41,2026,2,10,12,26,9,43
19,45,2026,2,10,4,6,15,34
19,52,2026,2,10,21,4,14,24
20,0,2026,2,10,21,3,0,27
20,6,2026,2,10,4,3,0,30
20,11,2026,2,10,12,24,11,43
20,14,2026,2,10,17,2,10,35
20,21,2026,2,10,16,2,10,27
20,24,2026,2,10,14,3,16,14
20,32,2026,2,10,16,2,1,15
20,36,2026,2,10,17,2,0,17
20,41,2026,2,10,12,24,7,34
20,45,2026,2,10,4,4,9,29
20,52,2026,2,10,21,4,8,25
21,0,2026,2,10,21,5,0,30
21,6,2026,2,10,4,2,1,31
21,11,2026,2,10,12,33,12,52
21,14,2026,2,10,17,2,15,39
21,21,2026,2,10,16,6,10,35
21,24,2026,2,10,14,4,19,20
21,32,2026,2,10,16,2,1,21
21,36,2026,2,10,17,2,1,22
21,41,2026,2,10,12,31,12,41
21,45,2026,2,10,4,2,7,36
21,52,2026,2,10,21,2,14,24
22,0,2026,2,10,21,2,0,26
22,6,2026,2,10,4,4,0,30
22,11,2026,2,10,12,16,7,39
22,14,2026,2,10,17,5,10,34
22,21,2026,2,10,16,2,9,27
22,24,2026,2,10,14,2,15,14
22,32,2026,2,10,16,6,0,20
22,36,2026,2,10,17,3,3,20
22,41,2026,2,10,12,22,13,29
22,45,2026,2,10,4,5,7,27
22,52,2026,2,10,21,2,9,20
23,0,2026,2,10,21,5,0,25
23,6,2026,2,10,4,3,1,27
23,11,2026,2,10,12,24,10,41
23,14,2026,2,10,17,4,5,40
23,21,2026,2,10,16,6,16,30
23,24,2026,2,10,14,4,13,21
23,32,2026,2,10,16,3,0,24
23,36,2026,2,10,17,2,2,24
23,41,2026,2,10,12,16,14,26
23,45,2026,2,10,4,2,14,14
23,52,2026,2,10,21,0,14,0
6,0,2026,2,11,21,5,0,5
6,6,2026,2,11,4,2,0,7
6,11,2026,2,11,12,15,6,16
6,14,2026,2,11,17,10,2,24
6,21,2026,2,11,16,16,3,37
6,24,2026,2,11,14,8,7,38
6,32,2026,2,11,16,21,1,58
6,36,2026,2,11,17,5,6,57
6,41,2026,2,11,12,26,20,63
6,45,2026,2,11,4,4,17,50
6,52,2026,2,11,21,3,20,33
7,0,2026,2,11,21,4,0,37
7,6,2026,2,11,4,3,4,36
7,11,2026,2,11,12,14,4,46
7,14,2026,2,11,17,20,6,60
7,21,2026,2,11,16,16,10,66
7,24,2026,2,11,14,8,20,54
7,32,2026,2,11,16,13,1,66
7,36,2026,2,11,17,5,5,66
7,41,2026,2,11,12,16,20,62
7,45,2026,2,11,4,2,20,44
7,52,2026,2,11,21,5,20,29
8,0,2026,2,11,21,3,0,32
8,6,2026,2,11,4,2,4,30
8,11,2026,2,11,12,24,4,50
8,14,2026,2,11,17,15,6,59
8,21,2026,2,11,16,12,11,60
8,24,2026,2,11,14,20,20,60
8,32,2026,2,11,16,10,4,66
8,36,2026,2,11,17,12,12,66
8,41,2026,2,11,12,9,20,55
8,45,2026,2,11,4,1,20,36
8,52,2026,2,11,21,4,19,21
9,0,2026,2,11,21,4,0,25
9,6,2026,2,11,4,5,4,26
9,11,2026,2,11,12,27,9,44
9,14,2026,2,11,17,2,8,38
9,21,2026,2,11,16,3,7,34
9,24,2026,2,11,14,4,10,28
9,32,2026,2,11,16,5,0,33
9,36,2026,2,11,17,4,0,37
9,41,2026,2,11,12,30,12,55
9,45,2026,2,11,4,3,20,38
9,52,2026,2,11,21,5,12,31
10,0,2026,2,11,21,3,0,34
10,6,2026,2,11,4,2,2,34
10,11,2026,2,11,12,9,8,35
10,14,2026,2,11,17,6,14,27
10,21,2026,2,11,16,5,11,21
10,24,2026,2,11,14,2,6,17
10,32,2026,2,11,16,2,0,19
10,36,2026,2,11,17,5,1,23
10,41,2026,2,11,12,20,11,32
10,45,2026,2,11,4,3,13,22
10,52,2026,2,11,21,5,4,23
11,0,2026,2,11,21,3,0,26
11,6,2026,2,11,4,4,1,29
11,11,2026,2,11,12,34,10,53
11,14,2026,2,11,17,6,14,45
11,21,2026,2,11,16,6,14,37
11,24,2026,2,11,14,4,16,25
11,32,2026,2,11,16,6,0,31
11,36,2026,2,11,17,2,2,31
11,41,2026,2,11,12,16,15,32
11,45,2026,2,11,4,4,12,24
11,52,2026,2,11,21,6,8,22
12,0,2026,2,11,21,3,0,25
12,6,2026,2,11,4,5,1,29
12,11,2026,2,11,12,30,9,50
12,14,2026,2,11,17,5,8,47
12,21,2026,2,11,16,3,17,33
12,24,2026,2,11,14,6,14,25
12,32,2026,2,11,16,4,2,27
12,36,2026,2,11,17,4,3,28
12,41,2026,2,11,12,32,11,49
12,45,2026,2,11,4,5,13,41
12,52,2026,2,11,21,6,13,34
13,0,2026,2,11,21,6,0,40
13,6,2026,2,11,4,27,1,66
13,11,2026,2,11,12,15,20,61
13,14,2026,2,11,17,3,16,48
13,21,2026,2,11,16,2,20,30
13,24,2026,2,11,14,4,16,18
13,32,2026,2,11,16,4,0,22
13,36,2026,2,11,17,2,1,23
13,41,2026,2,11,12,18,12,29
13,45,2026,2,11,4,25,6,48
13,52,2026,2,11,21,5,13,40
14,0,2026,2,11,21,6,0,46
14,6,2026,2,11,4,20,0,66
14,11,2026,2,11,12,18,20,64
14,14,2026,2,11,17,5,15,54
14,21,2026,2,11,16,5,20,39
14,24,2026,2,11,14,5,18,26
14,32,2026,2,11,16,2,0,28
14,36,2026,2,11,17,2,1,29
14,41,2026,2,11,12,19,10,38
14,45,2026,2,11,4,18,6,50
14,52,2026,2,11,21,6,15,41
15,0,2026,2,11,21,2,0,43
15,6,2026,2,11,4,8,0,51
15,11,2026,2,11,12,35,20,66
15,14,2026,2,11,17,4,19,51
15,21,2026,2,11,16,6,13,44
15,24,2026,2,11,14,4,20,28
15,32,2026,2,11,16,5,0,33
15,36,2026,2,11,17,4,2,35
15,41,2026,2,11,12,11,19,27
15,45,2026,2,11,4,13,6,34
15,52,2026,2,11,21,2,12,24
16,0,2026,2,11,21,4,0,28
16,6,2026,2,11,4,3,0,31
16,11,2026,2,11,12,19,18,32
16,14,2026,2,11,17,6,7,31
16,21,2026,2,11,16,3,11,23
16,24,2026,2,11,14,4,9,18
16,32,2026,2,11,16,4,1,21
16,36,2026,2,11,17,4,1,24
16,41,2026,2,11,12,28,12,40
16,45,2026,2,11,4,4,10,34
16,52,2026,2,11,21,2,9,27
17,0,2026,2,11,21,2,0,29
17,6,2026,2,11,4,3,0,32
17,11,2026,2,11,12,15,10,37
17,14,2026,2,11,17,6,15,28
17,21,2026,2,11,16,2,12,18
17,24,2026,2,11,14,3,6,15
17,32,2026,2,11,16,5,0,20
17,36,2026,2,11,17,4,0,24
17,41,2026,2,11,12,12,13,23
17,45,2026,2,11,4,3,7,19
17,52,2026,2,11,21,4,7,16
18,0,2026,2,11,21,2,0,18
18,6,2026,2,11,4,3,2,19
18,11,2026,2,11,12,20,7,32
18,14,2026,2,11,17,4,5,31
18,21,2026,2,11,16,5,9,27
18,24,2026,2,11,14,2,9,20
18,32,2026,2,11,16,3,1,22
18,36,2026,2,11,17,3,0,25
18,41,2026,2,11,12,35,13,47
18,45,2026,2,11,4,5,8,44
18,52,2026,2,11,21,3,15,32
19,0,2026,2,11,21,2,0,34
19,6,2026,2,11,4,2,0,36
19,11,2026,2,11,12,26,7,55
19,14,2026,2,11,17,3,20,38
19,21,2026,2,11,16,4,13,29
19,24,2026,2,11,14,5,13,21
19,32,2026,2,11,16,4,0,25
19,36,2026,2,11,17,4,1,28
19,41,2026,2,11,12,28,15,41
19,45,2026,2,11,4,6,13,34
19,52,2026,2,11,21,3,8,29
20,0,2026,2,11,21,4,0,33
20,6,2026,2,11,4,2,1,34
20,11,2026,2,11,12,20,7,47
20,14,2026,2,11,17,2,17,32
20,21,2026,2,11,16,6,12,26
20,24,2026,2,11,14,5,15,16
20,32,2026,2,11,16,2,0,18
20,36,2026,2,11,17,2,0,20
20,41,2026,2,11,12,28,13,35
20,45,2026,2,11,4,2,12,25
20,52,2026,2,11,21,2,6,21
21,0,2026,2,11,21,3,0,24
21,6,2026,2,11,4,2,0,26
21,11,2026,2,11,12,11,9,28
21,14,2026,2,11,17,5,9,24
21,21,2026,2,11,16,2,8,18
21,24,2026,2,11,14,5,10,13
21,32,2026,2,11,16,6,0,19
21,36,2026,2,11,17,3,3,19
21,41,2026,2,11,12,35,12,42
21,45,2026,2,11,4,4,9,37
21,52,2026,2,11,21,5,8,34
22,0,2026,2,11,21,4,0,38
22,6,2026,2,11,4,3,1,40
22,11,2026,2,11,12,31,5,66
22,14,2026,2,11,17,2,13,55
22,21,2026,2,11,16,2,12,45
22,24,2026,2,11,14,5,20,30
22,32,2026,2,11,16,5,1,34
22,36,2026,2,11,17,4,2,36
22,41,2026,2,11,12,20,10,46
22,45,2026,2,11,4,5,10,41
22,52,2026,2,11,21,3,20,24
23,0,2026,2,11,21,3,0,27
23,6,2026,2,11,4,3,0,30
23,11,2026,2,11,12,32,10,52
23,14,2026,2,11,17,3,10,45
23,21,2026,2,11,16,4,14,35
23,24,2026,2,11,14,6,15,26
23,32,2026,2,11,16,2,0,28
23,36,2026,2,11,17,3,4,27
23,41,2026,2,11,12,21,8,40
23,45,2026,2,11,4,0,20,20
23,52,2026,2,11,21,0,20,0
6,0,2026,2,12,21,2,0,2
6,6,2026,2,12,4,5,1,6
6,11,2026,2,12,12,27,4,29
6,14,2026,2,12,17,9,8,30
6,21,2026,2,12,16,7,7,30
6,24,2026,2,12,14,5,7,28
6,32,2026,2,12,16,18,0,46
6,36,2026,2,12,17,6,6,46
6,41,2026,2,12,12,13,20,39
6,45,2026,2,12,4,6,16,29
6,52,2026,2,12,21,4,11,22
7,0,2026,2,12,21,6,0,28
7,6,2026,2,12,4,5,3,30
7,11,2026,2,12,12,10,11,29
7,14,2026,2,12,17,16,5,40
7,21,2026,2,12,16,21,6,55
7,24,2026,2,12,14,14,10,59
7,32,2026,2,12,16,11,4,66
7,36,2026,2,12,17,8,8,66
7,41,2026,2,12,12,10,20,56
7,45,2026,2,12,4,2,20,38
7,52,2026,2,12,21,5,20,23
8,0,2026,2,12,21,5,0,28
8,6,2026,2,12,4,3,5,26
8,11,2026,2,12,12,11,7,30
8,14,2026,2,12,17,22,2,50
8,21,2026,2,12,16,18,8,60
8,24,2026,2,12,14,13,13,60
8,32,2026,2,12,16,9,3,66
8,36,2026,2,12,17,10,10,66
8,41,2026,2,12,12,20,20,66
8,45,2026,2,12,4,5,20,51
8,52,2026,2,12,21,4,20,35
9,0,2026,2,12,21,2,0,37
9,6,2026,2,12,4,4,1,40
9,11,2026,2,12,12,15,10,45
9,14,2026,2,12,17,6,10,41
9,21,2026,2,12,16,5,11,35
9,24,2026,2,12,14,4,13,26
9,32,2026,2,12,16,2,0,28
9,36,2026,2,12,17,4,0,32
9,41,2026,2,12,12,8,8,32
9,45,2026,2,12,4,3,20,15
9,52,2026,2,12,21,3,6,12
10,0,2026,2,12,21,6,0,18
10,6,2026,2,12,4,3,0,21
10,11,2026,2,12,12,21,12,30
10,14,2026,2,12,17,3,4,29
10,21,2026,2,12,16,4,8,25
10,24,2026,2,12,14,3,7,21
10,32,2026,2,12,16,3,0,24
10,36,2026,2,12,17,5,0,29
10,41,2026,2,12,12,35,13,51
10,45,2026,2,12,4,2,14,39
10,52,2026,2,12,21,3,18,24
11,0,2026,2,12,21,2,0,26
11,6,2026,2,12,4,3,1,28
11,11,2026,2,12,12,13,9,32
11,14,2026,2,12,17,5,14,23
11,21,2026,2,12,16,6,8,21
11,24,2026,2,12,14,3,9,15
11,32,2026,2,12,16,6,0,21
11,36,2026,2,12,17,2,1,22
11,41,2026,2,12,12,26,17,31
11,45,2026,2,12,4,3,6,28
11,52,2026,2,12,21,2,10,20
12,0,2026,2,12,21,2,0,22
12,6,2026,2,12,4,4,0,26
12,11,2026,2,12,12,24,7,43
12,14,2026,2,12,17,3,12,34
12,21,2026,2,12,16,5,11,28
12,24,2026,2,12,14,5,15,18
12,32,2026,2,12,16,4,0,22
12,36,2026,2,12,17,5,0,27
12,41,2026,2,12,12,31,14,44
12,45,2026,2,12,4,4,16,32
12,52,2026,2,12,21,2,11,23
13,0,2026,2,12,21,3,0,26
13,6,2026,2,12,4,30,0,56
13,11,2026,2,12,12,30,20,66
13,14,2026,2,12,17,3,20,49
13,21,2026,2,12,16,3,12,40
13,24,2026,2,12,14,6,18,28
13,32,2026,2,12,16,4,1,31
13,36,2026,2,12,17,4,1,34
13,41,2026,2,12,12,23,15,42
13,45,2026,2,12,4,30,12,60
13,52,2026,2,12,21,4,19,45
14,0,2026,2,12,21,3,0,48
14,6,2026,2,12,4,12,1,59
14,11,2026,2,12,12,27,20,66
14,14,2026,2,12,17,6,17,55
14,21,2026,2,12,16,6,20,41
14,24,2026,2,12,14,6,17,30
14,32,2026,2,12,16,4,1,33
14,36,2026,2,12,17,2,1,34
14,41,2026,2,12,12,27,14,47
14,45,2026,2,12,4,24,13,58
14,52,2026,2,12,21,6,20,44
15,0,2026,2,12,21,6,0,50
15,6,2026,2,12,4,10,3,57
15,11,2026,2,12,12,21,20,58
15,14,2026,2,12,17,2,17,43
15,21,2026,2,12,16,5,16,32
15,24,2026,2,12,14,5,10,27
15,32,2026,2,12,16,2,1,28
15,36,2026,2,12,17,3,4,27
15,41,2026,2,12,12,10,7,30
15,45,2026,2,12,4,13,7,36
15,52,2026,2,12,21,6,16,26
16,0,2026,2,12,21,2,0,28
16,6,2026,2,12,4,3,0,31
16,11,2026,2,12,12,34,17,48
16,14,2026,2,12,17,5,12,41
16,21,2026,2,12,16,5,12,34
16,24,2026,2,12,14,6,13,27
16,32,2026,2,12,16,3,1,29
16,36,2026,2,12,17,2,1,30
16,41,2026,2,12,12,10,13,27
16,45,2026,2,12,4,4,9,22
16,52,2026,2,12,21,5,13,14
17,0,2026,2,12,21,3,0,17
17,6,2026,2,12,4,4,0,21
17,11,2026,2,12,12,10,8,23
17,14,2026,2,12,17,2,7,18
17,21,2026,2,12,16,6,7,17
17,24,2026,2,12,14,3,5,15
17,32,2026,2,12,16,5,0,20
17,36,2026,2,12,17,6,4,22
17,41,2026,2,12,12,25,12,35
17,45,2026,2,12,4,3,5,33
17,52,2026,2,12,21,5,11,27
18,0,2026,2,12,21,5,0,32
18,6,2026,2,12,4,5,1,36
18,11,2026,2,12,12,24,14,46
18,14,2026,2,12,17,2,11,37
18,21,2026,2,12,16,3,14,26
18,24,2026,2,12,14,5,14,17
18,32,2026,2,12,16,2,1,18
18,36,2026,2,12,17,6,2,22
18,41,2026,2,12,12,31,10,43
18,45,2026,2,12,4,5,9,39
18,52,2026,2,12,21,3,17,25
19,0,2026,2,12,21,3,0,28
19,6,2026,2,12,4,3,0,31
19,11,2026,2,12,12,28,10,49
19,14,2026,2,12,17,6,11,44
19,21,2026,2,12,16,2,19,27
19,24,2026,2,12,14,2,8,21
19,32,2026,2,12,16,5,0,26
19,36,2026,2,12,17,2,1,27
19,41,2026,2,12,12,34,11,50
19,45,2026,2,12,4,5,15,40
19,52,2026,2,12,21,4,9,35
20,0,2026,2,12,21,5,0,40
20,6,2026,2,12,4,5,0,45
20,11,2026,2,12,12,32,11,66
20,14,2026,2,12,17,4,16,54
20,21,2026,2,12,16,3,16,41
20,24,2026,2,12,14,5,20,26
20,32,2026,2,12,16,3,1,28
20,36,2026,2,12,17,4,3,29
20,41,2026,2,12,12,35,11,53
20,45,2026,2,12,4,4,15,42
20,52,2026,2,12,21,6,13,35
21,0,2026,2,12,21,5,0,40
21,6,2026,2,12,4,6,2,44
21,11,2026,2,12,12,25,14,55
21,14,2026,2,12,17,4,8,51
21,21,2026,2,12,16,2,18,35
21,24,2026,2,12,14,6,19,22
21,32,2026,2,12,16,3,0,25
21,36,2026,2,12,17,3,0,28
21,41,2026,2,12,12,27,15,40
21,45,2026,2,12,4,5,11,34
21,52,2026,2,12,21,6,15,25
22,0,2026,2,12,21,4,0,29
22,6,2026,2,12,4,2,0,31
22,11,2026,2,12,12,15,10,36
22,14,2026,2,12,17,5,6,35
22,21,2026,2,12,16,6,13,28
22,24,2026,2,12,14,2,14,16
22,32,2026,2,12,16,3,0,19
22,36,2026,2,12,17,3,0,22
22,41,2026,2,12,12,15,9,28
22,45,2026,2,12,4,6,6,28
22,52,2026,2,12,21,6,16,18
23,0,2026,2,12,21,2,0,20
23,6,2026,2,12,4,6,1,25
23,11,2026,2,12,12,13,10,28
23,14,2026,2,12,17,5,4,29
23,21,2026,2,12,16,4,10,23
23,24,2026,2,12,14,5,11,17
23,32,2026,2,12,16,2,0,19
23,36,2026,2,12,17,2,3,18
23,41,2026,2,12,12,33,11,40
23,45,2026,2,12,4,0,20,20
23,52,2026,2,12,21,0,20,0
6,0,2026,2,13,21,4,0,4
6,6,2026,2,13,4,3,0,7
6,11,2026,2,13,12,34,6,35
6,14,2026,2,13,17,10,8,37
6,21,2026,2,13,16,13,10,40
6,24,2026,2,13,14,16,10,46
6,32,2026,2,13,16,7,2,51
6,36,2026,2,13,17,17,4,64
6,41,2026,2,13,12,22,20,66
6,45,2026,2,13,4,2,20,48
6,52,2026,2,13,21,4,20,32
7,0,2026,2,13,21,4,0,36
7,6,2026,2,13,4,3,4,35
7,11,2026,2,13,12,15,7,43
7,14,2026,2,13,17,15,7,51
7,21,2026,2,13,16,11,9,53
7,24,2026,2,13,14,17,19,51
7,32,2026,2,13,16,5,4,52
7,36,2026,2,13,17,18,6,64
7,41,2026,2,13,12,22,20,66
7,45,2026,2,13,4,3,20,49
7,52,2026,2,13,21,6,17,38
8,0,2026,2,13,21,6,0,44
8,6,2026,2,13,4,3,5,42
8,11,2026,2,13,12,11,8,45
8,14,2026,2,13,17,19,10,54
8,21,2026,2,13,16,6,16,44
8,24,2026,2,13,14,11,18,37
8,32,2026,2,13,16,7,2,42
8,36,2026,2,13,17,13,1,54
8,41,2026,2,13,12,30,20,64
8,45,2026,2,13,4,4,20,48
8,52,2026,2,13,21,6,17,37
9,0,2026,2,13,21,2,0,39
9,6,2026,2,13,4,2,3,38
9,11,2026,2,13,12,34,8,64
9,14,2026,2,13,17,3,11,56
9,21,2026,2,13,16,6,18,44
9,24,2026,2,13,14,4,16,32
9,32,2026,2,13,16,6,1,37
9,36,2026,2,13,17,2,2,37
9,41,2026,2,13,12,21,10,48
9,45,2026,2,13,4,4,20,32
9,52,2026,2,13,21,3,7,28
10,0,2026,2,13,21,2,0,30
10,6,2026,2,13,4,5,1,34
10,11,2026,2,13,12,9,10,33
10,14,2026,2,13,17,6,6,33
10,21,2026,2,13,16,4,12,25
10,24,2026,2,13,14,6,11,20
10,32,2026,2,13,16,4,0,24
10,36,2026,2,13,17,2,2,24
10,41,2026,2,13,12,34,18,40
10,45,2026,2,13,4,6,7,39
10,52,2026,2,13,21,6,14,31
11,0,2026,2,13,21,5,0,36
11,6,2026,2,13,4,6,2,40
11,11,2026,2,13,12,14,9,45
11,14,2026,2,13,17,6,19,32
11,21,2026,2,13,16,6,10,28
11,24,2026,2,13,14,6,14,20
11,32,2026,2,13,16,3,2,21
11,36,2026,2,13,17,3,2,22
11,41,2026,2,13,12,32,11,43
11,45,2026,2,13,4,2,12,33
11,52,2026,2,13,21,5,8,30
12,0,2026,2,13,21,4,0,34
12,6,2026,2,13,4,6,1,39
12,11,2026,2,13,12,11,11,39
12,14,2026,2,13,17,6,13,32
12,21,2026,2,13,16,4,14,22
12,24,2026,2,13,14,3,12,13
12,32,2026,2,13,16,2,0,15
12,36,2026,2,13,17,2,2,15
12,41,2026,2,13,12,30,10,35
12,45,2026,2,13,4,6,13,28
12,52,2026,2,13,21,2,11,19
13,0,2026,2,13,21,3,0,22
13,6,2026,2,13,4,12,0,34
13,11,2026,2,13,12,14,16,32
13,14,2026,2,13,17,4,4,32
13,21,2026,2,13,16,2,11,23
13,24,2026,2,13,14,6,9,20
13,32,2026,2,13,16,4,1,23
13,36,2026,2,13,17,2,2,23
13,41,2026,2,13,12,11,10,24
13,45,2026,2,13,4,30,4,50
13,52,2026,2,13,21,6,16,40
14,0,2026,2,13,21,6,0,46
14,6,2026,2,13,4,20,0,66
14,11,2026,2,13,12,20,20,66
14,14,2026,2,13,17,6,20,52
14,21,2026,2,13,16,6,16,42
14,24,2026,2,13,14,5,20,27
14,32,2026,2,13,16,6,1,32
14,36,2026,2,13,17,3,1,34
14,41,2026,2,13,12,15,20,29
14,45,2026,2,13,4,25,6,48
14,52,2026,2,13,21,5,9,44
15,0,2026,2,13,21,5,0,49
15,6,2026,2,13,4,15,3,61
15,11,2026,2,13,12,25,20,66
15,14,2026,2,13,17,6,14,58
15,21,2026,2,13,16,5,19,44
15,24,2026,2,13,14,3,20,27
15,32,2026,2,13,16,6,1,32
15,36,2026,2,13,17,2,0,34
15,41,2026,2,13,12,14,17,31
15,45,2026,2,13,4,32,5,58
15,52,2026,2,13,21,6,20,44
16,0,2026,2,13,21,3,0,47
16,6,2026,2,13,4,2,2,47
16,11,2026,2,13,12,15,20,42
16,14,2026,2,13,17,3,10,35
16,21,2026,2,13,16,6,14,27
16,24,2026,2,13,14,2,15,14
16,32,2026,2,13,16,4,0,18
16,36,2026,2,13,17,4,0,22
16,41,2026,2,13,12,23,12,33
16,45,2026,2,13,4,4,12,25
16,52,2026,2,13,21,2,6,21
17,0,2026,2,13,21,5,0,26
17,6,2026,2,13,4,4,1,29
17,11,2026,2,13,12,30,11,48
17,14,2026,2,13,17,2,7,43
17,21,2026,2,13,16,2,9,36
17,24,2026,2,13,14,3,16,23
17,32,2026,2,13,16,6,0,29
17,36,2026,2,13,17,6,1,34
17,41,2026,2,13,12,12,13,33
17,45,2026,2,13,4,4,9,28
17,52,2026,2,13,21,4,15,17
18,0,2026,2,13,21,6,0,23
18,6,2026,2,13,4,5,0,28
18,11,2026,2,13,12,29,13,44
18,14,2026,2,13,17,3,12,35
18,21,2026,2,13,16,6,12,29
18,24,2026,2,13,14,3,10,22
18,32,2026,2,13,16,2,0,24
18,36,2026,2,13,17,6,1,29
18,41,2026,2,13,12,14,17,26
18,45,2026,2,13,4,2,8,20
18,52,2026,2,13,21,4,14,10
19,0,2026,2,13,21,6,0,16
19,6,2026,2,13,4,6,0,22
19,11,2026,2,13,12,18,14,26
19,14,2026,2,13,17,5,5,26
19,21,2026,2,13,16,6,11,21
19,24,2026,2,13,14,6,7,20
19,32,2026,2,13,16,4,0,24
19,36,2026,2,13,17,6,3,27
19,41,2026,2,13,12,19,12,34
19,45,2026,2,13,4,4,14,24
19,52,2026,2,13,21,2,9,17
20,0,2026,2,13,21,3,0,20
20,6,2026,2,13,4,5,2,23
20,11,2026,2,13,12,23,6,40
20,14,2026,2,13,17,5,7,38
20,21,2026,2,13,16,6,11,33
20,24,2026,2,13,14,6,18,21
20,32,2026,2,13,16,3,0,24
20,36,2026,2,13,17,6,2,28
20,41,2026,2,13,12,36,17,47
20,45,2026,2,13,4,4,11,40
20,52,2026,2,13,21,5,13,32
21,0,2026,2,13,21,5,0,37
21,6,2026,2,13,4,4,0,41
21,11,2026,2,13,12,16,11,46
21,14,2026,2,13,17,6,12,40
21,21,2026,2,13,16,3,11,32
21,24,2026,2,13,14,6,13,25
21,32,2026,2,13,16,5,0,30
21,36,2026,2,13,17,2,1,31
21,41,2026,2,13,12,17,14,34
21,45,2026,2,13,4,4,9,29
21,52,2026,2,13,21,5,12,22
22,0,2026,2,13,21,4,0,26
22,6,2026,2,13,4,2,2,26
22,11,2026,2,13,12,30,12,44
22,14,2026,2,13,17,3,12,35
22,21,2026,2,13,16,5,13,27
22,24,2026,2,13,14,6,9,24
22,32,2026,2,13,16,4,0,28
22,36,2026,2,13,17,4,0,32
22,41,2026,2,13,12,32,15,49
22,45,2026,2,13,4,6,19,36
22,52,2026,2,13,21,2,14,24
23,0,2026,2,13,21,5,0,29
23,6,2026,2,13,4,6,0,35
23,11,2026,2,13,12,11,14,32
23,14,2026,2,13,17,2,13,21
23,21,2026,2,13,16,6,10,17
23,24,2026,2,13,14,4,4,17
23,32,2026,2,13,16,2,0,19
23,36,2026,2,13,17,3,2,20
23,41,2026,2,13,12,9,11,18
23,45,2026,2,13,4,4,8,14
23,52,2026,2,13,21,0,14,0
6,0,2026,2,14,21,6,0,6
6,6,2026,2,14,4,2,1,7
6,11,2026,2,14,12,16,4,19
6,14,2026,2,14,17,9,4,24
6,21,2026,2,14,16,15,7,32
6,24,2026,2,14,14,10,5,37
6,32,2026,2,14,16,15,1,51
6,36,2026,2,14,17,17,2,66
6,41,2026,2,14,12,20,20,66
6,45,2026,2,14,4,6,20,52
6,52,2026,2,14,21,2,20,34
7,0,2026,2,14,21,2,0,36
7,6,2026,2,14,4,3,3,36
7,11,2026,2,14,12,13,8,41
7,14,2026,2,14,17,9,8,42
7,21,2026,2,14,16,18,8,52
7,24,2026,2,14,14,16,20,48
7,32,2026,2,14,16,7,1,54
7,36,2026,2,14,17,18,6,66
7,41,2026,2,14,12,20,20,66
7,45,2026,2,14,4,3,20,49
7,52,2026,2,14,21,6,13,42
8,0,2026,2,14,21,5,0,47
8,6,2026,2,14,4,5,5,47
8,11,2026,2,14,12,30,11,66
8,14,2026,2,14,17,10,11,65
8,21,2026,2,14,16,16,18,63
8,24,2026,2,14,14,13,18,58
8,32,2026,2,14,16,10,5,63
8,36,2026,2,14,17,10,7,66
8,41,2026,2,14,12,20,20,66
8,45,2026,2,14,4,4,20,50
8,52,2026,2,14,21,6,20,36
9,0,2026,2,14,21,4,0,40
9,6,2026,2,14,4,5,3,42
9,11,2026,2,14,12,8,9,41
9,14,2026,2,14,17,3,11,33
9,21,2026,2,14,16,4,9,28
9,24,2026,2,14,14,4,13,19
9,32,2026,2,14,16,4,0,23
9,36,2026,2,14,17,5,2,26
9,41,2026,2,14,12,29,7,48
9,45,2026,2,14,4,1,20,29
9,52,2026,2,14,21,3,6,26
10,0,2026,2,14,21,5,0,31
10,6,2026,2,14,4,2,1,32
10,11,2026,2,14,12,9,10,31
10,14,2026,2,14,17,6,13,24
10,21,2026,2,14,16,5,7,22
10,24,2026,2,14,14,5,10,17
10,32,2026,2,14,16,6,0,23
10,36,2026,2,14,17,4,4,23
10,41,2026,2,14,12,36,13,46
10,45,2026,2,14,4,5,14,37
10,52,2026,2,14,21,6,10,33
11,0,2026,2,14,21,5,0,38
11,6,2026,2,14,4,4,1,41
11,11,2026,2,14,12,10,14,37
11,14,2026,2,14,17,3,12,28
11,21,2026,2,14,16,5,16,17
11,24,2026,2,14,14,5,6,16
11,32,2026,2,14,16,2,0,18
11,36,2026,2,14,17,6,1,23
11,41,2026,2,14,12,10,15,18
11,45,2026,2,14,4,6,5,19
11,52,2026,2,14,21,4,6,17
12,0,2026,2,14,21,5,0,22
12,6,2026,2,14,4,4,0,26
12,11,2026,2,14,12,24,14,36
12,14,2026,2,14,17,3,7,32
12,21,2026,2,14,16,3,6,29
12,24,2026,2,14,14,3,9,23
12,32,2026,2,14,16,2,1,24
12,36,2026,2,14,17,2,1,25
12,41,2026,2,14,12,10,8,27
12,45,2026,2,14,4,5,9,23
12,52,2026,2,14,21,4,13,14
13,0,2026,2,14,21,2,0,16
13,6,2026,2,14,4,13,0,29
13,11,2026,2,14,12,26,16,39
13,14,2026,2,14,17,5,4,40
13,21,2026,2,14,16,5,12,33
13,24,2026,2,14,14,2,14,21
13,32,2026,2,14,16,5,0,26
13,36,2026,2,14,17,5,0,31
13,41,2026,2,14,12,15,17,29
13,45,2026,2,14,4,30,6,53
13,52,2026,2,14,21,2,13,42
14,0,2026,2,14,21,5,0,47
14,6,2026,2,14,4,20,1,66
14,11,2026,2,14,12,20,20,66
14,14,2026,2,14,17,5,19,52
14,21,2026,2,14,16,6,19,39
14,24,2026,2,14,14,3,20,22
14,32,2026,2,14,16,4,0,26
14,36,2026,2,14,17,4,3,27
14,41,2026,2,14,12,22,14,35
14,45,2026,2,14,4,7,7,35
14,52,2026,2,14,21,3,15,23
15,0,2026,2,14,21,2,0,25
15,6,2026,2,14,4,24,0,49
15,11,2026,2,14,12,29,20,58
15,14,2026,2,14,17,4,17,45
15,21,2026,2,14,16,2,12,35
15,24,2026,2,14,14,3,13,25
15,32,2026,2,14,16,2,0,27
15,36,2026,2,14,17,2,0,29
15,41,2026,2,14,12,27,10,46
15,45,2026,2,14,4,23,10,59
15,52,2026,2,14,21,2,20,41
16,0,2026,2,14,21,4,0,45
16,6,2026,2,14,4,2,2,45
16,11,2026,2,14,12,19,20,44
16,14,2026,2,14,17,2,18,28
16,21,2026,2,14,16,2,12,18
16,24,2026,2,14,14,6,9,15
16,32,2026,2,14,16,5,0,20
16,36,2026,2,14,17,6,2,24
16,41,2026,2,14,12,22,14,32
16,45,2026,2,14,4,4,10,26
16,52,2026,2,14,21,6,5,27
17,0,2026,2,14,21,2,0,29
17,6,2026,2,14,4,6,1,34
17,11,2026,2,14,12,34,10,58
17,14,2026,2,14,17,6,17,47
17,21,2026,2,14,16,3,14,36
17,24,2026,2,14,14,5,13,28
17,32,2026,2,14,16,6,0,34
17,36,2026,2,14,17,5,1,38
17,41,2026,2,14,12,29,16,51
17,45,2026,2,14,4,5,17,39
17,52,2026,2,14,21,3,20,22
18,0,2026,2,14,21,3,0,25
18,6,2026,2,14,4,3,0,28
18,11,2026,2,14,12,36,12,52
18,14,2026,2,14,17,6,10,48
18,21,2026,2,14,16,4,9,43
18,24,2026,2,14,14,6,16,33
18,32,2026,2,14,16,5,1,37
18,36,2026,2,14,17,6,2,41
18,41,2026,2,14,12,11,15,37
18,45,2026,2,14,4,2,16,23
18,52,2026,2,14,21,4,14,13
19,0,2026,2,14,21,3,0,16
19,6,2026,2,14,4,2,0,18
19,11,2026,2,14,12,33,10,41
19,14,2026,2,14,17,4,6,39
19,21,2026,2,14,16,4,11,32
19,24,2026,2,14,14,2,10,24
19,32,2026,2,14,16,5,0,29
19,36,2026,2,14,17,4,3,30
19,41,2026,2,14,12,29,13,46
19,45,2026,2,14,4,2,17,31
19,52,2026,2,14,21,2,14,19
20,0,2026,2,14,21,6,0,25
20,6,2026,2,14,4,5,1,29
20,11,2026,2,14,12,24,10,43
20,14,2026,2,14,17,6,9,40
20,21,2026,2,14,16,4,15,29
20,24,2026,2,14,14,4,10,23
20,32,2026,2,14,16,4,1,26
20,36,2026,2,14,17,6,0,32
20,41,2026,2,14,12,27,17,42
20,45,2026,2,14,4,2,12,32
20,52,2026,2,14,21,2,12,22
21,0,2026,2,14,21,2,0,24
21,6,2026,2,14,4,4,1,27
21,11,2026,2,14,12,34,5,56
21,14,2026,2,14,17,5,14,47
21,21,2026,2,14,16,4,15,36
21,24,2026,2,14,14,3,15,24
21,32,2026,2,14,16,2,0,26
21,36,2026,2,14,17,4,0,30
21,41,2026,2,14,12,8,13,25
21,45,2026,2,14,4,6,9,22
21,52,2026,2,14,21,5,13,14
22,0,2026,2,14,21,2,0,16
22,6,2026,2,14,4,4,2,18
22,11,2026,2,14,12,20,11,27
22,14,2026,2,14,17,2,5,24
22,21,2026,2,14,16,3,8,19
22,24,2026,2,14,14,2,7,14
22,32,2026,2,14,16,2,1,15
22,36,2026,2,14,17,2,1,16
22,41,2026,2,14,12,15,7,24
22,45,2026,2,14,4,2,7,19
22,52,2026,2,14,21,6,7,18
23,0,2026,2,14,21,3,0,21
23,6,2026,2,14,4,4,1,24
23,11,2026,2,14,12,36,11,49
23,14,2026,2,14,17,6,9,46
23,21,2026,2,14,16,4,17,33
23,24,2026,2,14,14,6,12,27
23,32,2026,2,14,16,3,0,30
23,36,2026,2,14,17,4,0,34
23,41,2026,2,14,12,23,17,40
23,45,2026,2,14,4,0,20,20
23,52,2026,2,14,21,0,20,0
6,0,2026,2,15,21,2,0,2
6,6,2026,2,15,4,5,0,7
6,11,2026,2,15,12,21,5,23
6,14,2026,2,15,17,19,6,36
6,21,2026,2,15,16,16,5,47
6,24,2026,2,15,14,21,11,57
6,32,2026,2,15,16,8,3,62
6,36,2026,2,15,17,14,11,65
6,41,2026,2,15,12,14,20,59
6,45,2026,2,15,4,6,20,45
6,52,2026,2,15,21,3,20,28
7,0,2026,2,15,21,3,0,31
7,6,2026,2,15,4,4,2,33
7,11,2026,2,15,12,29,11,51
7,14,2026,2,15,17,18,7,62
7,21,2026,2,15,16,16,12,66
7,24,2026,2,15,14,8,17,57
7,32,2026,2,15,16,9,3,63
7,36,2026,2,15,17,13,10,66
7,41,2026,2,15,12,20,20,66
7,45,2026,2,15,4,4,20,50
7,52,2026,2,15,21,5,20,35
8,0,2026,2,15,21,6,0,41
8,6,2026,2,15,4,5,2,44
8,11,2026,2,15,12,23,12,55
8,14,2026,2,15,17,10,9,56
8,21,2026,2,15,16,8,11,53
8,24,2026,2,15,14,20,20,53
8,32,2026,2,15,16,10,2,61
8,36,2026,2,15,17,11,6,66
8,41,2026,2,15,12,20,20,66
8,45,2026,2,15,4,3,20,49
8,52,2026,2,15,21,3,20,32
9,0,2026,2,15,21,5,0,37
9,6,2026,2,15,4,4,3,38
9,11,2026,2,15,12,21,6,53
9,14,2026,2,15,17,5,6,52
9,21,2026,2,15,16,3,17,38
9,24,2026,2,15,14,2,19,21
9,32,2026,2,15,16,3,1,23
9,36,2026,2,15,17,5,0,28
9,41,2026,2,15,12,13,8,33
9,45,2026,2,15,4,2,20,15
9,52,2026,2,15,21,3,3,15
10,0,2026,2,15,21,3,0,18
10,6,2026,2,15,4,5,1,22
10,11,2026,2,15,12,27,8,41
10,14,2026,2,15,17,5,8,38
10,21,2026,2,15,16,2,10,30
10,24,2026,2,15,14,4,8,26
10,32,2026,2,15,16,5,1,30
10,36,2026,2,15,17,5,1,34
10,41,2026,2,15,12,29,15,48
10,45,2026,2,15,4,3,19,32
10,52,2026,2,15,21,3,7,28
11,0,2026,2,15,21,4,0,32
11,6,2026,2,15,4,6,0,38
11,11,2026,2,15,12,26,10,54
11,14,2026,2,15,17,2,13,43
11,21,2026,2,15,16,3,17,29
11,24,2026,2,15,14,6,11,24
11,32,2026,2,15,16,3,1,26
11,36,2026,2,15,17,4,0,30
11,41,2026,2,15,12,19,11,38
11,45,2026,2,15,4,4,11,31
11,52,2026,2,15,21,6,14,23
12,0,2026,2,15,21,6,0,29
12,6,2026,2,15,4,5,0,34
12,11,2026,2,15,12,10,16,28
12,14,2026,2,15,17,5,7,26
12,21,2026,2,15,16,3,9,20
12,24,2026,2,15,14,4,10,14
12,32,2026,2,15,16,2,0,16
12,36,2026,2,15,17,2,0,18
12,41,2026,2,15,12,18,11,25
12,45,2026,2,15,4,6,6,25
12,52,2026,2,15,21,3,7,21
13,0,2026,2,15,21,3,0,24
13,6,2026,2,15,4,7,1,30
13,11,2026,2,15,12,32,15,47
13,14,2026,2,15,17,5,10,42
13,21,2026,2,15,16,6,10,38
13,24,2026,2,15,14,3,15,26
13,32,2026,2,15,16,6,0,32
13,36,2026,2,15,17,2,1,33
13,41,2026,2,15,12,19,17,35
13,45,2026,2,15,4,23,12,46
13,52,2026,2,15,21,3,17,32
14,0,2026,2,15,21,3,0,35
14,6,2026,2,15,4,20,2,53
14,11,2026,2,15,12,23,20,56
14,14,2026,2,15,17,5,17,44
14,21,2026,2,15,16,6,11,39
14,24,2026,2,15,14,2,15,26
14,32,2026,2,15,16,4,1,29
14,36,2026,2,15,17,4,1,32
14,41,2026,2,15,12,8,14,26
14,45,2026,2,15,4,24,5,45
14,52,2026,2,15,21,2,16,31
15,0,2026,2,15,21,2,0,33
15,6,2026,2,15,4,19,0,52
15,11,2026,2,15,12,17,20,49
15,14,2026,2,15,17,6,13,42
15,21,2026,2,15,16,5,12,35
15,24,2026,2,15,14,5,15,25
15,32,2026,2,15,16,4,0,29
15,36,2026,2,15,17,6,0,35
15,41,2026,2,15,12,33,19,49
15,45,2026,2,15,4,12,2,59
15,52,2026,2,15,21,4,20,43
16,0,2026,2,15,21,5,0,48
16,6,2026,2,15,4,4,1,51
16,11,2026,2,15,12,29,19,61
16,14,2026,2,15,17,3,19,45
16,21,2026,2,15,16,4,18,31
16,24,2026,2,15,14,3,14,20
16,32,2026,2,15,16,2,0,22
16,36,2026,2,15,17,3,2,23
16,41,2026,2,15,12,25,10,38
16,45,2026,2,15,4,2,10,30
16,52,2026,2,15,21,3,10,23
17,0,2026,2,15,21,5,0,28
17,6,2026,2,15,4,5,1,32
17,11,2026,2,15,12,25,11,46
17,14,2026,2,15,17,3,16,33
17,21,2026,2,15,16,3,13,23
17,24,2026,2,15,14,3,10,16
17,32,2026,2,15,16,3,0,19
17,36,2026,2,15,17,4,2,21
17,41,2026,2,15,12,20,8,33
17,45,2026,2,15,4,2,11,24
17,52,2026,2,15,21,5,10,19
18,0,2026,2,15,21,5,0,24
18,6,2026,2,15,4,6,1,29
18,11,2026,2,15,12,27,10,46
18,14,2026,2,15,17,3,7,42
18,21,2026,2,15,16,6,12,36
18,24,2026,2,15,14,2,17,21
18,32,2026,2,15,16,6,0,27
18,36,2026,2,15,17,2,2,27
18,41,2026,2,15,12,24,15,36
18,45,2026,2,15,4,3,11,28
18,52,2026,2,15,21,4,8,24
19,0,2026,2,15,21,3,0,27
19,6,2026,2,15,4,5,0,32
19,11,2026,2,15,12,22,9,45
19,14,2026,2,15,17,2,18,29
19,21,2026,2,15,16,2,13,18
19,24,2026,2,15,14,2,9,11
19,32,2026,2,15,16,4,0,15
19,36,2026,2,15,17,4,2,17
19,41,2026,2,15,12,36,10,43
19,45,2026,2,15,4,3,8,38
19,52,2026,2,15,21,6,9,35
20,0,2026,2,15,21,6,0,41
20,6,2026,2,15,4,5,3,43
20,11,2026,2,15,12,12,12,43
20,14,2026,2,15,17,4,11,36
20,21,2026,2,15,16,2,11,27
20,24,2026,2,15,14,2,12,17
20,32,2026,2,15,16,3,0,20
20,36,2026,2,15,17,5,1,24
20,41,2026,2,15,12,20,11,33
20,45,2026,2,15,4,6,11,28
20,52,2026,2,15,21,6,9,25
21,0,2026,2,15,21,5,0,30
21,6,2026,2,15,4,5,1,34
21,11,2026,2,15,12,26,17,43
21,14,2026,2,15,17,5,11,37
21,21,2026,2,15,16,2,12,27
21,24,2026,2,15,14,6,11,22
21,32,2026,2,15,16,4,0,26
21,36,2026,2,15,17,4,0,30
21,41,2026,2,15,12,33,12,51
21,45,2026,2,15,4,6,17,40
21,52,2026,2,15,21,4,12,32
22,0,2026,2,15,21,3,0,35
22,6,2026,2,15,4,4,2,37
22,11,2026,2,15,12,31,9,59
22,14,2026,2,15,17,2,16,45
22,21,2026,2,15,16,3,14,34
22,24,2026,2,15,14,6,18,22
22,32,2026,2,15,16,6,0,28
22,36,2026,2,15,17,2,0,30
22,41,2026,2,15,12,35,14,51
22,45,2026,2,15,4,3,17,37
22,52,2026,2,15,21,3,17,23
23,0,2026,2,15,21,6,0,29
23,6,2026,2,15,4,3,1,31
23,11,2026,2,15,12,12,12,31
23,14,2026,2,15,17,3,12,22
23,21,2026,2,15,16,2,5,19
23,24,2026,2,15,14,3,8,14
23,32,2026,2,15,16,3,0,17
23,36,2026,2,15,17,2,0,19
23,41,2026,2,15,12,32,11,40
23,45,2026,2,15,4,0,20,20
23,52,2026,2,15,21,0,20,0
6,0,2026,2,16,21,6,0,6
6,6,2026,2,16,4,6,4,8
6,11,2026,2,16,12,21,7,22
6,14,2026,2,16,17,16,3,35
6,21,2026,2,16,16,5,6,34
6,24,2026,2,16,14,8,11,31
6,32,2026,2,16,16,7,1,37
6,36,2026,2,16,17,12,1,48
6,41,2026,2,16,12,35,20,63
6,45,2026,2,16,4,2,16,49
6,52,2026,2,16,21,2,18,33
7,0,2026,2,16,21,6,0,39
7,6,2026,2,16,4,1,3,37
7,11,2026,2,16,12,18,6,49
7,14,2026,2,16,17,6,9,46
7,21,2026,2,16,16,5,11,40
7,24,2026,2,16,14,22,13,49
7,32,2026,2,16,16,14,4,59
7,36,2026,2,16,17,12,5,66
7,41,2026,2,16,12,20,20,66
7,45,2026,2,16,4,2,20,48
7,52,2026,2,16,21,2,19,31
8,0,2026,2,16,21,4,0,35
8,6,2026,2,16,4,1,4,32
8,11,2026,2,16,12,18,4,46
8,14,2026,2,16,17,16,8,54
8,21,2026,2,16,16,17,7,64
8,24,2026,2,16,14,13,20,57
8,32,2026,2,16,16,11,2,66
8,36,2026,2,16,17,8,8,66
8,41,2026,2,16,12,13,20,59
8,45,2026,2,16,4,1,20,40
8,52,2026,2,16,21,5,20,25
9,0,2026,2,16,21,6,0,31
9,6,2026,2,16,4,4,5,30
9,11,2026,2,16,12,29,11,48
9,14,2026,2,16,17,6,2,52
9,21,2026,2,16,16,5,15,42
9,24,2026,2,16,14,6,10,38
9,32,2026,2,16,16,3,0,41
9,36,2026,2,16,17,2,3,40
9,41,2026,2,16,12,9,15,34
9,45,2026,2,16,4,3,20,17
9,52,2026,2,16,21,2,7,12
10,0,2026,2,16,21,3,0,15
10,6,2026,2,16,4,2,0,17
10,11,2026,2,16,12,20,7,30
10,14,2026,2,16,17,3,5,28
10,21,2026,2,16,16,5,9,24
10,24,2026,2,16,14,4,8,20
10,32,2026,2,16,16,3,0,23
10,36,2026,2,16,17,3,1,25
10,41,2026,2,16,12,24,13,36
10,45,2026,2,16,4,4,8,32
10,52,2026,2,16,21,2,11,23
11,0,2026,2,16,21,4,0,27
11,6,2026,2,16,4,5,1,31
11,11,2026,2,16,12,26,10,47
11,14,2026,2,16,17,4,9,42
11,21,2026,2,16,16,3,5,40
11,24,2026,2,16,14,2,16,26
11,32,2026,2,16,16,3,1,28
11,36,2026,2,16,17,3,0,31
11,41,2026,2,16,12,15,13,33
11,45,2026,2,16,4,2,13,22
11,52,2026,2,16,21,5,10,17
12,0,2026,2,16,21,5,0,22
12,6,2026,2,16,4,3,2,23
12,11,2026,2,16,12,18,8,33
12,14,2026,2,16,17,2,7,28
12,21,2026,2,16,16,2,10,20
12,24,2026,2,16,14,6,7,19
12,32,2026,2,16,16,6,1,24
12,36,2026,2,16,17,2,0,26
12,41,2026,2,16,12,11,12,25
12,45,2026,2,16,4,2,10,17
12,52,2026,2,16,21,4,7,14
13,0,2026,2,16,21,2,0,16
13,6,2026,2,16,4,15,0,31
13,11,2026,2,16,12,11,15,27
13,14,2026,2,16,17,3,5,25
13,21,2026,2,16,16,3,8,20
13,24,2026,2,16,14,2,8,14
13,32,2026,2,16,16,6,0,20
13,36,2026,2,16,17,2,2,20
13,41,2026,2,16,12,9,8,21
13,45,2026,2,16,4,20,2,39
13,52,2026,2,16,21,6,10,35
14,0,2026,2,16,21,6,0,41
14,6,2026,2,16,4,24,2,63
14,11,2026,2,16,12,11,20,54
14,14,2026,2,16,17,6,15,45
14,21,2026,2,16,16,2,20,27
14,24,2026,2,16,14,3,11,19
14,32,2026,2,16,16,2,0,21
14,36,2026,2,16,17,2,0,23
14,41,2026,2,16,12,12,11,24
14,45,2026,2,16,4,13,4,33
14,52,2026,2,16,21,4,13,24
15,0,2026,2,16,21,5,0,29
15,6,2026,2,16,4,29,3,55
15,11,2026,2,16,12,28,20,63
15,14,2026,2,16,17,6,18,51
15,21,2026,2,16,16,4,16,39
15,24,2026,2,16,14,4,17,26
15,32,2026,2,16,16,4,1,29
15,36,2026,2,16,17,6,1,34
15,41,2026,2,16,12,26,13,47
15,45,2026,2,16,4,16,5,58
15,52,2026,2,16,21,2,20,40
16,0,2026,2,16,21,5,0,45
16,6,2026,2,16,4,4,0,49
16,11,2026,2,16,12,35,18,66
16,14,2026,2,16,17,6,16,56
16,21,2026,2,16,16,4,20,40
16,24,2026,2,16,14,2,15,27
16,32,2026,2,16,16,3,0,30
16,36,2026,2,16,17,3,0,33
16,41,2026,2,16,12,10,8,35
16,45,2026,2,16,4,6,15,26
16,52,2026,2,16,21,6,11,21
17,0,2026,2,16,21,2,0,23
17,6,2026,2,16,4,2,0,25
17,11,2026,2,16,12,27,8,44
17,14,2026,2,16,17,4,10,38
17,21,2026,2,16,16,4,12,30
17,24,2026,2,16,14,2,11,21
17,32,2026,2,16,16,2,1,22
17,36,2026,2,16,17,4,0,26
17,41,2026,2,16,12,35,13,48
17,45,2026,2,16,4,5,14,39
17,52,2026,2,16,21,2,13,28
18,0,2026,2,16,21,6,0,34
18,6,2026,2,16,4,6,2,38
18,11,2026,2,16,12,19,12,45
18,14,2026,2,16,17,2,12,35
18,21,2026,2,16,16,2,14,23
18,24,2026,2,16,14,5,9,19
18,32,2026,2,16,16,4,0,23
18,36,2026,2,16,17,4,1,26
18,41,2026,2,16,12,8,13,21
18,45,2026,2,16,4,5,8,18
18,52,2026,2,16,21,4,7,15
19,0,2026,2,16,21,4,0,19
19,6,2026,2,16,4,4,0,23
19,11,2026,2,16,12,31,13,41
19,14,2026,2,16,17,4,12,33
19,21,2026,2,16,16,5,9,29
19,24,2026,2,16,14,6,7,28
19,32,2026,2,16,16,6,0,34
19,36,2026,2,16,17,4,2,36
19,41,2026,2,16,12,29,12,53
19,45,2026,2,16,4,5,14,44
19,52,2026,2,16,21,2,20,26
20,0,2026,2,16,21,5,0,31
20,6,2026,2,16,4,2,2,31
20,11,2026,2,16,12,33,10,54
20,14,2026,2,16,17,5,11,48
20,21,2026,2,16,16,6,9,45
20,24,2026,2,16,14,4,18,31
20,32,2026,2,16,16,3,1,33
20,36,2026,2,16,17,5,0,38
20,41,2026,2,16,12,19,18,39
20,45,2026,2,16,4,5,17,27
20,52,2026,2,16,21,6,7,26
21,0,2026,2,16,21,4,0,30
21,6,2026,2,16,4,5,0,35
21,11,2026,2,16,12,32,13,54
21,14,2026,2,16,17,6,18,42
21,21,2026,2,16,16,3,11,34
21,24,2026,2,16,14,2,13,23
21,32,2026,2,16,16,3,1,25
21,36,2026,2,16,17,6,0,31
21,41,2026,2,16,12,10,14,27
21,45,2026,2,16,4,3,9,21
21,52,2026,2,16,21,4,11,14
22,0,2026,2,16,21,2,0,16
22,6,2026,2,16,4,4,0,20
22,11,2026,2,16,12,8,10,18
22,14,2026,2,16,17,4,5,17
22,21,2026,2,16,16,4,7,14
22,24,2026,2,16,14,2,4,12
22,32,2026,2,16,16,2,1,13
22,36,2026,2,16,17,4,1,16
22,41,2026,2,16,12,30,10,36
22,45,2026,2,16,4,5,12,29
22,52,2026,2,16,21,5,4,30
23,0,2026,2,16,21,2,0,32
23,6,2026,2,16,4,5,1,36
23,11,2026,2,16,12,35,13,58
23,14,2026,2,16,17,6,16,48
23,21,2026,2,16,16,2,14,36
23,24,2026,2,16,14,3,17,22
23,32,2026,2,16,16,6,0,28
23,36,2026,2,16,17,2,0,30
23,41,2026,2,16,12,14,13,31
23,45,2026,2,16,4,1,12,20
23,52,2026,2,16,21,0,20,0
6,0,2026,2,17,21,6,0,6
6,6,2026,2,17,4,3,1,8
6,11,2026,2,17,12,26,7,27
6,14,2026,2,17,17,8,7,28
6,21,2026,2,17,16,5,4,29
6,24,2026,2,17,14,8,4,33
6,32,2026,2,17,16,22,0,55
6,36,2026,2,17,17,11,6,60
6,41,2026,2,17,12,16,20,56
6,45,2026,2,17,4,6,20,42
6,52,2026,2,17,21,2,16,28
7,0,2026,2,17,21,4,0,32
7,6,2026,2,17,4,3,1,34
7,11,2026,2,17,12,36,9,61
7,14,2026,2,17,17,9,14,56
7,21,2026,2,17,16,17,7,66
7,24,2026,2,17,14,19,20,65
7,32,2026,2,17,16,7,6,66
7,36,2026,2,17,17,12,12,66
7,41,2026,2,17,12,20,20,66
7,45,2026,2,17,4,4,20,50
7,52,2026,2,17,21,4,18,36
8,0,2026,2,17,21,6,0,42
8,6,2026,2,17,4,2,3,41
8,11,2026,2,17,12,33,11,63
8,14,2026,2,17,17,12,16,59
8,21,2026,2,17,16,6,15,50
8,24,2026,2,17,14,9,16,43
8,32,2026,2,17,16,12,1,54
8,36,2026,2,17,17,18,6,66
8,41,2026,2,17,12,20,20,66
8,45,2026,2,17,4,3,20,49
8,52,2026,2,17,21,2,14,37
9,0,2026,2,17,21,4,0,41
9,6,2026,2,17,4,2,3,40
9,11,2026,2,17,12,32,6,66
9,14,2026,2,17,17,3,6,63
9,21,2026,2,17,16,3,16,50
9,24,2026,2,17,14,4,20,34
9,32,2026,2,17,16,6,0,40
9,36,2026,2,17,17,5,1,44
9,41,2026,2,17,12,31,14,61
9,45,2026,2,17,4,3,20,44
9,52,2026,2,17,21,3,15,32
10,0,2026,2,17,21,5,0,37
10,6,2026,2,17,4,4,2,39
10,11,2026,2,17,12,14,8,45
10,14,2026,2,17,17,3,11,37
10,21,2026,2,17,16,6,13,30
10,24,2026,2,17,14,5,17,18
10,32,2026,2,17,16,2,1,19
10,36,2026,2,17,17,6,1,24
10,41,2026,2,17,12,25,15,34
10,45,2026,2,17,4,6,14,26
10,52,2026,2,17,21,2,9,19
11,0,2026,2,17,21,2,0,21
11,6,2026,2,17,4,4,0,25
11,11,2026,2,17,12,25,8,42
11,14,2026,2,17,17,6,12,36
11,21,2026,2,17,16,3,9,30
11,24,2026,2,17,14,3,11,22
11,32,2026,2,17,16,2,0,24
11,36,2026,2,17,17,5,1,28
11,41,2026,2,17,12,28,11,45
11,45,2026,2,17,4,2,14,33
11,52,2026,2,17,21,4,12,25
12,0,2026,2,17,21,3,0,28
12,6,2026,2,17,4,5,1,32
12,11,2026,2,17,12,25,10,47
12,14,2026,2,17,17,2,13,36
12,21,2026,2,17,16,5,10,31
12,24,2026,2,17,14,5,15,21
12,32,2026,2,17,16,4,0,25
12,36,2026,2,17,17,4,1,28
12,41,2026,2,17,12,14,10,32
12,45,2026,2,17,4,2,11,23
12,52,2026,2,17,21,5,10,18
13,0,2026,2,17,21,4,0,22
13,6,2026,2,17,4,20,0,42
13,11,2026,2,17,12,34,20,56
13,14,2026,2,17,17,3,16,43
13,21,2026,2,17,16,2,12,33
13,24,2026,2,17,14,5,16,22
13,32,2026,2,17,16,4,0,26
13,36,2026,2,17,17,2,0,28
13,41,2026,2,17,12,11,13,26
13,45,2026,2,17,4,8,9,25
13,52,2026,2,17,21,5,10,20
14,0,2026,2,17,21,3,0,23
14,6,2026,2,17,4,17,0,40
14,11,2026,2,17,12,32,20,52
14,14,2026,2,17,17,2,13,41
14,21,2026,2,17,16,5,11,35
14,24,2026,2,17,14,2,14,23
14,32,2026,2,17,16,2,0,25
14,36,2026,2,17,17,4,1,28
14,41,2026,2,17,12,9,11,26
14,45,2026,2,17,4,26,4,48
14,52,2026,2,17,21,5,18,35
15,0,2026,2,17,21,5,0,40
15,6,2026,2,17,4,12,2,50
15,11,2026,2,17,12,15,20,45
15,14,2026,2,17,17,2,19,28
15,21,2026,2,17,16,6,8,26
15,24,2026,2,17,14,5,13,18
15,32,2026,2,17,16,3,0,21
15,36,2026,2,17,17,3,1,23
15,41,2026,2,17,12,18,14,27
15,45,2026,2,17,4,20,4,43
15,52,2026,2,17,21,6,13,36
16,0,2026,2,17,21,4,0,40
16,6,2026,2,17,4,4,0,44
16,11,2026,2,17,12,15,20,39
16,14,2026,2,17,17,2,8,33
16,21,2026,2,17,16,2,10,25
16,24,2026,2,17,14,6,14,17
16,32,2026,2,17,16,2,0,19
16,36,2026,2,17,17,3,1,21
16,41,2026,2,17,12,21,11,31
16,45,2026,2,17,4,5,11,25
16,52,2026,2,17,21,4,10,19
17,0,2026,2,17,21,3,0,22
17,6,2026,2,17,4,2,2,22
17,11,2026,2,17,12,20,6,36
17,14,2026,2,17,17,2,12,26
17,21,2026,2,17,16,3,10,19
17,24,2026,2,17,14,6,9,16
17,32,2026,2,17,16,3,1,18
17,36,2026,2,17,17,2,2,18
17,41,2026,2,17,12,15,9,24
17,45,2026,2,17,4,5,6,23
17,52,2026,2,17,21,6,7,22
18,0,2026,2,17,21,2,0,24
18,6,2026,2,17,4,2,2,24
18,11,2026,2,17,12,23,7,40
18,14,2026,2,17,17,4,14,30
18,21,2026,2,17,16,2,9,23
18,24,2026,2,17,14,4,8,19
18,32,2026,2,17,16,5,0,24
18,36,2026,2,17,17,6,0,30
18,41,2026,2,17,12,20,16,34
18,45,2026,2,17,4,4,11,27
18,52,2026,2,17,21,5,12,20
19,0,2026,2,17,21,3,0,23
19,6,2026,2,17,4,2,0,25
19,11,2026,2,17,12,10,9,26
19,14,2026,2,17,17,6,8,24
19,21,2026,2,17,16,3,6,21
19,24,2026,2,17,14,6,7,20
19,32,2026,2,17,16,5,0,25
19,36,2026,2,17,17,3,0,28
19,41,2026,2,17,12,8,20,16
19,45,2026,2,17,4,3,8,11
19,52,2026,2,17,21,2,4,9
20,0,2026,2,17,21,2,0,11
20,6,2026,2,17,4,4,0,15
20,11,2026,2,17,12,24,11,28
20,14,2026,2,17,17,4,4,28
20,21,2026,2,17,16,3,7,24
20,24,2026,2,17,14,2,13,13
20,32,2026,2,17,16,5,0,18
20,36,2026,2,17,17,5,1,22
20,41,2026,2,17,12,10,11,21
20,45,2026,2,17,4,3,5,19
20,52,2026,2,17,21,2,7,14
21,0,2026,2,17,21,3,0,17
21,6,2026,2,17,4,3,0,20
21,11,2026,2,17,12,17,11,26
21,14,2026,2,17,17,4,5,25
21,21,2026,2,17,16,4,6,23
21,24,2026,2,17,14,6,10,19
21,32,2026,2,17,16,3,0,22
21,36,2026,2,17,17,5,0,27
21,41,2026,2,17,12,23,11,39
21,45,2026,2,17,4,5,12,32
21,52,2026,2,17,21,2,15,19
22,0,2026,2,17,21,4,0,23
22,6,2026,2,17,4,4,1,26
22,11,2026,2,17,12,31,11,46
22,14,2026,2,17,17,2,10,38
22,21,2026,2,17,16,3,9,32
22,24,2026,2,17,14,4,16,20
22,32,2026,2,17,16,4,0,24
22,36,2026,2,17,17,5,1,28
22,41,2026,2,17,12,32,12,48
22,45,2026,2,17,4,5,12,41
22,52,2026,2,17,21,6,12,35
23,0,2026,2,17,21,5,0,40
23,6,2026,2,17,4,5,1,44
23,11,2026,2,17,12,17,17,44
23,14,2026,2,17,17,5,11,38
23,21,2026,2,17,16,5,14,29
23,24,2026,2,17,14,3,15,17
23,32,2026,2,17,16,2,0,19
23,36,2026,2,17,17,3,3,19
23,41,2026,2,17,12,23,8,34
23,45,2026,2,17,4,5,19,20
23,52,2026,2,17,21,0,20,0
6,0,2026,2,18,21,3,0,3
6,6,2026,2,18,4,3,0,6
6,11,2026,2,18,12,13,2,17
6,14,2026,2,18,17,13,6,24
6,21,2026,2,18,16,5,5,24
6,24,2026,2,18,14,12,3,33
6,32,2026,2,18,16,18,2,49
6,36,2026,2,18,17,15,6,58
6,41,2026,2,18,12,13,20,51
6,45,2026,2,18,4,5,19,37
6,52,2026,2,18,21,5,12,30
7,0,2026,2,18,21,5,0,35
7,6,2026,2,18,4,4,5,34
7,11,2026,2,18,12,30,11,53
7,14,2026,2,18,17,7,5,55
7,21,2026,2,18,16,20,12,63
7,24,2026,2,18,14,11,19,55
7,32,2026,2,18,16,7,2,60
7,36,2026,2,18,17,11,5,66
7,41,2026,2,18,12,20,20,66
7,45,2026,2,18,4,3,20,49
7,52,2026,2,18,21,5,18,36
8,0,2026,2,18,21,5,0,41
8,6,2026,2,18,4,5,5,41
8,11,2026,2,18,12,23,10,54
8,14,2026,2,18,17,7,9,52
8,21,2026,2,18,16,9,11,50
8,24,2026,2,18,14,19,17,52
8,32,2026,2,18,16,18,4,66
8,36,2026,2,18,17,8,8,66
8,41,2026,2,18,12,13,20,59
8,45,2026,2,18,4,2,20,41
8,52,2026,2,18,21,3,14,30
9,0,2026,2,18,21,2,0,32
9,6,2026,2,18,4,4,2,34
9,11,2026,2,18,12,14,9,39
9,14,2026,2,18,17,2,7,34
9,21,2026,2,18,16,3,9,28
9,24,2026,2,18,14,2,14,16
9,32,2026,2,18,16,3,0,19
9,36,2026,2,18,17,3,1,21
9,41,2026,2,18,12,35,7,49
9,45,2026,2,18,4,4,20,33
9,52,2026,2,18,21,3,9,27
10,0,2026,2,18,21,4,0,31
10,6,2026,2,18,4,3,0,34
10,11,2026,2,18,12,20,9,45
10,14,2026,2,18,17,3,15,33
10,21,2026,2,18,16,5,12,26
10,24,2026,2,18,14,2,12,16
10,32,2026,2,18,16,6,0,22
10,36,2026,2,18,17,5,1,26
10,41,2026,2,18,12,10,13,23
10,45,2026,2,18,4,3,6,20
10,52,2026,2,18,21,3,8,15
11,0,2026,2,18,21,2,0,17
11,6,2026,2,18,4,4,2,19
11,11,2026,2,18,12,9,5,23
11,14,2026,2,18,17,5,7,21
11,21,2026,2,18,16,2,4,19
11,24,2026,2,18,14,4,7,16
11,32,2026,2,18,16,2,1,17
11,36,2026,2,18,17,4,1,20
11,41,2026,2,18,12,19,8,31
11,45,2026,2,18,4,5,8,28
11,52,2026,2,18,21,5,11,22
12,0,2026,2,18,21,3,0,25
12,6,2026,2,18,4,5,1,29
12,11,2026,2,18,12,34,14,49
12,14,2026,2,18,17,4,15,38
12,21,2026,2,18,16,6,8,36
12,24,2026,2,18,14,2,16,22
12,32,2026,2,18,16,2,0,24
12,36,2026,2,18,17,6,0,30
12,41,2026,2,18,12,9,15,24
12,45,2026,2,18,4,6,8,22
12,52,2026,2,18,21,3,11,14
13,0,2026,2,18,21,3,0,17
13,6,2026,2,18,4,16,0,33
13,11,2026,2,18,12,33,16,50
13,14,2026,2,18,17,6,11,45
13,21,2026,2,18,16,2,19,28
13,24,2026,2,18,14,3,9,22
13,32,2026,2,18,16,2,0,24
13,36,2026,2,18,17,4,2,26
13,41,2026,2,18,12,22,11,37
13,45,2026,2,18,4,27,10,54
13,52,2026,2,18,21,5,18,41
14,0,2026,2,18,21,3,0,44
14,6,2026,2,18,4,22,0,66
14,11,2026,2,18,12,12,20,58
14,14,2026,2,18,17,2,14,46
14,21,2026,2,18,16,4,20,30
14,24,2026,2,18,14,4,17,17
14,32,2026,2,18,16,4,0,21
14,36,2026,2,18,17,6,2,25
14,41,2026,2,18,12,16,11,30
14,45,2026,2,18,4,29,4,55
14,52,2026,2,18,21,2,14,43
15,0,2026,2,18,21,4,0,47
15,6,2026,2,18,4,19,0,66
15,11,2026,2,18,12,20,20,66
15,14,2026,2,18,17,3,20,49
15,21,2026,2,18,16,5,18,36
15,24,2026,2,18,14,6,20,22
15,32,2026,2,18,16,2,1,23
15,36,2026,2,18,17,6,1,28
15,41,2026,2,18,12,12,14,26
15,45,2026,2,18,4,29,5,50
15,52,2026,2,18,21,4,12,42
16,0,2026,2,18,21,4,0,46
16,6,2026,2,18,4,5,4,47
16,11,2026,2,18,12,8,20,35
16,14,2026,2,18,17,4,8,31
16,21,2026,2,18,16,5,15,21
16,24,2026,2,18,14,6,6,21
16,32,2026,2,18,16,2,0,23
16,36,2026,2,18,17,5,1,27
16,41,2026,2,18,12,16,18,25
16,45,2026,2,18,4,5,8,22
16,52,2026,2,18,21,3,10,15
17,0,2026,2,18,21,3,0,18
17,6,2026,2,18,4,6,0,24
17,11,2026,2,18,12,33,13,44
17,14,2026,2,18,17,2,7,39
17,21,2026,2,18,16,5,9,35
17,24,2026,2,18,14,5,17,23
17,32,2026,2,18,16,6,3,26
17,36,2026,2,18,17,4,0,30
17,41,2026,2,18,12,13,12,31
17,45,2026,2,18,4,5,12,24
17,52,2026,2,18,21,2,10,16
18,0,2026,2,18,21,6,0,22
18,6,2026,2,18,4,2,1,23
18,11,2026,2,18,12,26,9,40
18,14,2026,2,18,17,2,7,35
18,21,2026,2,18,16,4,13,26
18,24,2026,2,18,14,5,10,21
18,32,2026,2,18,16,2,0,23
18,36,2026,2,18,17,4,1,26
18,41,2026,2,18,12,17,11,32
18,45,2026,2,18,4,5,8,29
18,52,2026,2,18,21,5,11,23
19,0,2026,2,18,21,2,0,25
19,6,2026,2,18,4,6,1,30
19,11,2026,2,18,12,19,11,38
19,14,2026,2,18,17,3,11,30
19,21,2026,2,18,16,5,8,27
19,24,2026,2,18,14,5,11,21
19,32,2026,2,18,16,5,0,26
19,36,2026,2,18,17,4,1,29
19,41,2026,2,18,12,14,16,27
19,45,2026,2,18,4,3,10,20
19,52,2026,2,18,21,4,7,17
20,0,2026,2,18,21,6,0,23
20,6,2026,2,18,4,3,1,25
20,11,2026,2,18,12,25,11,39
20,14,2026,2,18,17,5,7,37
20,21,2026,2,18,16,4,7,34
20,24,2026,2,18,14,2,15,21
20,32,2026,2,18,16,4,0,25
20,36,2026,2,18,17,5,1,29
20,41,2026,2,18,12,22,9,42
20,45,2026,2,18,4,6,9,39
20,52,2026,2,18,21,3,20,22
21,0,2026,2,18,21,6,0,28
21,6,2026,2,18,4,3,0,31
21,11,2026,2,18,12,14,12,33
21,14,2026,2,18,17,2,11,24
21,21,2026,2,18,16,5,9,20
21,24,2026,2,18,14,5,4,21
21,32,2026,2,18,16,5,0,26
21,36,2026,2,18,17,3,3,26
21,41,2026,2,18,12,23,15,34
21,45,2026,2,18,4,6,11,29
21,52,2026,2,18,21,5,13,21
22,0,2026,2,18,21,2,0,23
22,6,2026,2,18,4,3,0,26
22,11,2026,2,18,12,23,10,39
22,14,2026,2,18,17,6,11,34
22,21,2026,2,18,16,2,6,30
22,24,2026,2,18,14,4,14,20
22,32,2026,2,18,16,3,0,23
22,36,2026,2,18,17,6,1,28
22,41,2026,2,18,12,33,9,52
22,45,2026,2,18,4,3,11,44
22,52,2026,2,18,21,2,15,31
23,0,2026,2,18,21,2,0,33
23,6,2026,2,18,4,4,2,35
23,11,2026,2,18,12,17,6,46
23,14,2026,2,18,17,5,15,36
23,21,2026,2,18,16,5,15,26
23,24,2026,2,18,14,5,12,19
23,32,2026,2,18,16,2,0,21
23,36,2026,2,18,17,6,0,27
23,41,2026,2,18,12,23,17,33
23,45,2026,2,18,4,1,14,20
23,52,2026,2,18,21,0,20,0
6,0,2026,2,19,21,2,0,2
6,6,2026,2,19,4,2,1,3
6,11,2026,2,19,12,9,3,9
6,14,2026,2,19,17,15,2,22
6,21,2026,2,19,16,5,4,23
6,24,2026,2,19,14,15,5,33
6,32,2026,2,19,16,6,1,38
6,36,2026,2,19,17,6,5,39
6,41,2026,2,19,12,36,20,55
6,45,2026,2,19,4,5,18,42
6,52,2026,2,19,21,3,11,34
7,0,2026,2,19,21,6,0,40
7,6,2026,2,19,4,5,3,42
7,11,2026,2,19,12,34,12,64
7,14,2026,2,19,17,18,16,66
7,21,2026,2,19,16,7,7,66
7,24,2026,2,19,14,8,20,54
7,32,2026,2,19,16,13,1,66
7,36,2026,2,19,17,5,5,66
7,41,2026,2,19,12,8,20,54
7,45,2026,2,19,4,3,20,37
7,52,2026,2,19,21,2,20,19
8,0,2026,2,19,21,2,0,21
8,6,2026,2,19,4,3,1,23
8,11,2026,2,19,12,34,7,50
8,14,2026,2,19,17,21,5,66
8,21,2026,2,19,16,13,13,66
8,24,2026,2,19,14,17,17,66
8,32,2026,2,19,16,8,8,66
8,36,2026,2,19,17,6,10,62
8,41,2026,2,19,12,14,20,56
8,45,2026,2,19,4,1,20,37
8,52,2026,2,19,21,4,20,21
9,0,2026,2,19,21,4,0,25
9,6,2026,2,19,4,2,5,22
9,11,2026,2,19,12,31,3,50
9,14,2026,2,19,17,4,8,46
9,21,2026,2,19,16,3,12,37
9,24,2026,2,19,14,2,6,33
9,32,2026,2,19,16,3,1,35
9,36,2026,2,19,17,3,0,38
9,41,2026,2,19,12,27,10,55
9,45,2026,2,19,4,4,20,39
9,52,2026,2,19,21,3,12,30
10,0,2026,2,19,21,4,0,34
10,6,2026,2,19,4,6,0,40
10,11,2026,2,19,12,11,9,42
10,14,2026,2,19,17,4,13,33
10,21,2026,2,19,16,4,13,24
10,24,2026,2,19,14,3,12,15
10,32,2026,2,19,16,4,0,19
10,36,2026,2,19,17,4,0,23
10,41,2026,2,19,12,12,17,18
10,45,2026,2,19,4,2,7,13
10,52,2026,2,19,21,2,3,12
11,0,2026,2,19,21,2,0,14
11,6,2026,2,19,4,2,1,15
11,11,2026,2,19,12,13,6,22
11,14,2026,2,19,17,6,6,22
11,21,2026,2,19,16,4,5,21
11,24,2026,2,19,14,2,6,17
11,32,2026,2,19,16,3,0,20
11,36,2026,2,19,17,4,0,24
11,41,2026,2,19,12,34,15,43
11,45,2026,2,19,4,5,9,39
11,52,2026,2,19,21,4,15,28
12,0,2026,2,19,21,5,0,33
12,6,2026,2,19,4,6,0,39
12,11,2026,2,19,12,35,16,58
12,14,2026,2,19,17,3,16,45
12,21,2026,2,19,16,3,16,32
12,24,2026,2,19,14,5,17,20
12,32,2026,2,19,16,2,1,21
12,36,2026,2,19,17,6,2,25
12,41,2026,2,19,12,15,9,31
12,45,2026,2,19,4,4,11,24
12,52,2026,2,19,21,6,12,18
13,0,2026,2,19,21,6,0,24
13,6,2026,2,19,4,16,0,40
13,11,2026,2,19,12,15,20,35
13,14,2026,2,19,17,2,7,30
13,21,2026,2,19,16,4,11,23
13,24,2026,2,19,14,2,11,14
13,32,2026,2,19,16,5,0,19
13,36,2026,2,19,17,3,0,22
13,41,2026,2,19,12,28,13,37
13,45,2026,2,19,4,12,3,46
13,52,2026,2,19,21,6,17,35
14,0,2026,2,19,21,3,0,38
14,6,2026,2,19,4,14,0,52
14,11,2026,2,19,12,12,18,46
14,14,2026,2,19,17,4,16,34
14,21,2026,2,19,16,6,18,22
14,24,2026,2,19,14,4,8,18
14,32,2026,2,19,16,2,0,20
14,36,2026,2,19,17,2,0,22
14,41,2026,2,19,12,33,17,38
14,45,2026,2,19,4,11,9,40
14,52,2026,2,19,21,5,7,38
15,0,2026,2,19,21,3,0,41
15,6,2026,2,19,4,10,0,51
15,11,2026,2,19,12,32,20,63
15,14,2026,2,19,17,6,18,51
15,21,2026,2,19,16,2,20,33
15,24,2026,2,19,14,6,15,24
15,32,2026,2,19,16,3,0,27
15,36,2026,2,19,17,5,0,32
15,41,2026,2,19,12,35,16,51
15,45,2026,2,19,4,27,12,66
15,52,2026,2,19,21,6,20,52
16,0,2026,2,19,21,2,0,54
16,6,2026,2,19,4,5,1,58
16,11,2026,2,19,12,22,20,60
16,14,2026,2,19,17,2,19,43
16,21,2026,2,19,16,6,20,29
16,24,2026,2,19,14,6,14,21
16,32,2026,2,19,16,6,0,27
16,36,2026,2,19,17,6,5,28
16,41,2026,2,19,12,33,19,42
16,45,2026,2,19,4,3,11,34
16,52,2026,2,19,21,3,13,24
17,0,2026,2,19,21,2,0,26
17,6,2026,2,19,4,3,0,29
17,11,2026,2,19,12,15,9,35
17,14,2026,2,19,17,3,9,29
17,21,2026,2,19,16,2,8,23
17,24,2026,2,19,14,5,10,18
17,32,2026,2,19,16,5,0,23
17,36,2026,2,19,17,4,1,26
17,41,2026,2,19,12,29,15,40
17,45,2026,2,19,4,3,10,33
17,52,2026,2,19,21,6,8,31
18,0,2026,2,19,21,4,0,35
18,6,2026,2,19,4,4,1,38
18,11,2026,2,19,12,31,10,59
18,14,2026,2,19,17,3,16,46
18,21,2026,2,19,16,3,14,35
18,24,2026,2,19,14,5,20,20
18,32,2026,2,19,16,4,0,24
18,36,2026,2,19,17,2,2,24
18,41,2026,2,19,12,36,10,50
18,45,2026,2,19,4,4,9,45
18,52,2026,2,19,21,3,18,30
19,0,2026,2,19,21,4,0,34
19,6,2026,2,19,4,6,1,39
19,11,2026,2,19,12,36,11,64
19,14,2026,2,19,17,6,18,52
19,21,2026,2,19,16,6,17,41
19,24,2026,2,19,14,2,20,23
19,32,2026,2,19,16,3,0,26
19,36,2026,2,19,17,3,0,29
19,41,2026,2,19,12,22,16,35
19,45,2026,2,19,4,3,8,30
19,52,2026,2,19,21,2,10,22
20,0,2026,2,19,21,4,0,26
20,6,2026,2,19,4,3,0,29
20,11,2026,2,19,12,34,6,57
20,14,2026,2,19,17,5,19,43
20,21,2026,2,19,16,3,14,32
20,24,2026,2,19,14,2,11,23
20,32,2026,2,19,16,6,0,29
20,36,2026,2,19,17,2,2,29
20,41,2026,2,19,12,22,12,39
20,45,2026,2,19,4,4,15,28
20,52,2026,2,19,21,6,16,18
21,0,2026,2,19,21,2,0,20
21,6,2026,2,19,4,2,3,19
21,11,2026,2,19,12,35,9,45
21,14,2026,2,19,17,2,10,37
21,21,2026,2,19,16,3,11,29
21,24,2026,2,19,14,3,10,22
21,32,2026,2,19,16,6,0,28
21,36,2026,2,19,17,4,0,32
21,41,2026,2,19,12,17,12,37
21,45,2026,2,19,4,3,11,29
21,52,2026,2,19,21,3,14,18
22,0,2026,2,19,21,6,0,24
22,6,2026,2,19,4,6,0,30
22,11,2026,2,19,12,10,11,29
22,14,2026,2,19,17,3,7,25
22,21,2026,2,19,16,3,12,16
22,24,2026,2,19,14,2,7,11
22,32,2026,2,19,16,2,0,13
22,36,2026,2,19,17,2,1,14
22,41,2026,2,19,12,10,6,18
22,45,2026,2,19,4,5,6,17
22,52,2026,2,19,21,2,9,10
23,0,2026,2,19,21,4,0,14
23,6,2026,2,19,4,6,1,19
23,11,2026,2,19,12,12,11,20
23,14,2026,2,19,17,3,5,18
23,21,2026,2,19,16,4,6,16
23,24,2026,2,19,14,6,6,16
23,32,2026,2,19,16,5,0,21
23,36,2026,2,19,17,3,1,23
23,41,2026,2,19,12,10,16,17
23,45,2026,2,19,4,3,10,10
23,52,2026,2,19,21,0,10,0
6,0,2026,2,20,21,3,0,3
6,6,2026,2,20,4,4,0,7
6,11,2026,2,20,12,16,5,18
6,14,2026,2,20,17,15,8,25
6,21,2026,2,20,16,13,2,36
6,24,2026,2,20,14,20,6,50
6,32,2026,2,20,16,13,4,59
6,36,2026,2,20,17,5,8,56
6,41,2026,2,20,12,17,20,53
6,45,2026,2,20,4,3,19,37
6,52,2026,2,20,21,2,20,19
7,0,2026,2,20,21,4,0,23
7,6,2026,2,20,4,3,1,25
7,11,2026,2,20,12,18,7,36
7,14,2026,2,20,17,16,8,44
7,21,2026,2,20,16,6,9,41
7,24,2026,2,20,14,13,13,41
7,32,2026,2,20,16,5,1,45
7,36,2026,2,20,17,11,3,53
7,41,2026,2,20,12,14,20,47
7,45,2026,2,20,4,4,20,31
7,52,2026,2,20,21,4,12,23
8,0,2026,2,20,21,2,0,25
8,6,2026,2,20,4,5,4,26
8,11,2026,2,20,12,10,6,30
8,14,2026,2,20,17,15,5,40
8,21,2026,2,20,16,16,7,49
8,24,2026,2,20,14,17,13,53
8,32,2026,2,20,16,13,0,66
8,36,2026,2,20,17,11,11,66
8,41,2026,2,20,12,20,20,66
8,45,2026,2,20,4,3,20,49
8,52,2026,2,20,21,4,19,34
9,0,2026,2,20,21,4,0,38
9,6,2026,2,20,4,2,2,38
9,11,2026,2,20,12,16,8,46
9,14,2026,2,20,17,5,12,39
9,21,2026,2,20,16,5,9,35
9,24,2026,2,20,14,4,20,19
9,32,2026,2,20,16,2,1,20
9,36,2026,2,20,17,2,0,22
9,41,2026,2,20,12,25,7,40
9,45,2026,2,20,4,5,20,25
9,52,2026,2,20,21,6,9,22
10,0,2026,2,20,21,4,0,26
10,6,2026,2,20,4,2,1,27
10,11,2026,2,20,12,24,12,39
10,14,2026,2,20,17,2,8,33
10,21,2026,2,20,16,2,12,23
10,24,2026,2,20,14,4,8,19
10,32,2026,2,20,16,6,1,24
10,36,2026,2,20,17,6,0,30
10,41,2026,2,20,12,28,16,42
10,45,2026,2,20,4,3,8,37
10,52,2026,2,20,21,5,12,30
11,0,2026,2,20,21,5,0,35
11,6,2026,2,20,4,4,0,39
11,11,2026,2,20,12,29,11,57
11,14,2026,2,20,17,4,9,52
11,21,2026,2,20,16,2,18,36
11,24,2026,2,20,14,5,17,24
11,32,2026,2,20,16,4,1,27
11,36,2026,2,20,17,6,1,32
11,41,2026,2,20,12,15,14,33
11,45,2026,2,20,4,6,11,28
11,52,2026,2,20,21,2,11,19
12,0,2026,2,20,21,4,0,23
12,6,2026,2,20,4,4,0,27
12,11,2026,2,20,12,13,10,30
12,14,2026,2,20,17,2,7,25
12,21,2026,2,20,16,6,9,22
12,24,2026,2,20,14,5,9,18
12,32,2026,2,20,16,3,0,21
12,36,2026,2,20,17,6,1,26
12,41,2026,2,20,12,30,14,42
12,45,2026,2,20,4,3,12,33
12,52,2026,2,20,21,6,9,30
13,0,2026,2,20,21,5,0,35
13,6,2026,2,20,4,7,0,42
13,11,2026,2,20,12,16,12,46
13,14,2026,2,20,17,5,11,40
13,21,2026,2,20,16,3,14,29
13,24,2026,2,20,14,2,17,14
13,32,2026,2,20,16,6,0,20
13,36,2026,2,20,17,6,0,26
13,41,2026,2,20,12,21,15,32
13,45,2026,2,20,4,25,2,55
13,52,2026,2,20,21,4,8,51
14,0,2026,2,20,21,4,0,55
14,6,2026,2,20,4,12,1,66
14,11,2026,2,20,12,20,20,66
14,14,2026,2,20,17,4,18,52
14,21,2026,2,20,16,4,20,36
14,24,2026,2,20,14,2,18,20
14,32,2026,2,20,16,4,0,24
14,36,2026,2,20,17,4,1,27
14,41,2026,2,20,12,23,10,40
14,45,2026,2,20,4,32,7,65
14,52,2026,2,20,21,2,17,50
15,0,2026,2,20,21,4,0,54
15,6,2026,2,20,4,12,0,66
15,11,2026,2,20,12,8,20,54
15,14,2026,2,20,17,5,16,43
15,21,2026,2,20,16,6,16,33
15,24,2026,2,20,14,5,18,20
15,32,2026,2,20,16,6,1,25
15,36,2026,2,20,17,6,1,30
15,41,2026,2,20,12,36,14,52
15,45,2026,2,20,4,25,11,66
15,52,2026,2,20,21,5,17,54
16,0,2026,2,20,21,3,0,57
16,6,2026,2,20,4,2,3,56
16,11,2026,2,20,12,15,20,51
16,14,2026,2,20,17,6,10,47
16,21,2026,2,20,16,2,14,35
16,24,2026,2,20,14,5,20,20
16,32,2026,2,20,16,4,2,22
16,36,2026,2,20,17,6,1,27
16,41,2026,2,20,12,8,13,22
16,45,2026,2,20,4,5,9,18
16,52,2026,2,20,21,6,8,16
17,0,2026,2,20,21,5,0,21
17,6,2026,2,20,4,4,0,25
17,11,2026,2,20,12,35,14,46
17,14,2026,2,20,17,2,9,39
17,21,2026,2,20,16,5,5,39
17,24,2026,2,20,14,2,15,26
17,32,2026,2,20,16,6,0,32
17,36,2026,2,20,17,2,3,31
17,41,2026,2,20,12,21,13,39
17,45,2026,2,20,4,2,13,28
17,52,2026,2,20,21,6,11,23
18,0,2026,2,20,21,6,0,29
18,6,2026,2,20,4,3,2,30
18,11,2026,2,20,12,28,11,47
18,14,2026,2,20,17,4,15,36
18,21,2026,2,20,16,4,9,31
18,24,2026,2,20,14,4,14,21
18,32,2026,2,20,16,5,0,26
18,36,2026,2,20,17,2,2,26
18,41,2026,2,20,12,31,10,47
18,45,2026,2,20,4,4,15,36
18,52,2026,2,20,21,4,14,26
19,0,2026,2,20,21,6,0,32
19,6,2026,2,20,4,3,2,33
19,11,2026,2,20,12,27,8,52
19,14,2026,2,20,17,4,12,44
19,21,2026,2,20,16,5,12,37
19,24,2026,2,20,14,2,16,23
19,32,2026,2,20,16,3,0,26
19,36,2026,2,20,17,2,1,27
19,41,2026,2,20,12,17,8,36
19,45,2026,2,20,4,5,16,25
19,52,2026,2,20,21,4,11,18
20,0,2026,2,20,21,2,0,20
20,6,2026,2,20,4,6,0,26
20,11,2026,2,20,12,17,12,31
20,14,2026,2,20,17,2,7,26
20,21,2026,2,20,16,6,7,25
20,24,2026,2,20,14,4,10,19
20,32,2026,2,20,16,4,0,23
20,36,2026,2,20,17,4,0,27
20,41,2026,2,20,12,19,14,32
20,45,2026,2,20,4,2,9,25
20,52,2026,2,20,21,6,6,25
21,0,2026,2,20,21,5,0,30
21,6,2026,2,20,4,2,1,31
21,11,2026,2,20,12,12,9,34
21,14,2026,2,20,17,5,6,33
21,21,2026,2,20,16,3,10,26
21,24,2026,2,20,14,3,16,13
21,32,2026,2,20,16,6,0,19
21,36,2026,2,20,17,2,1,20
21,41,2026,2,20,12,26,10,36
21,45,2026,2,20,4,4,8,32
21,52,2026,2,20,21,3,13,22
22,0,2026,2,20,21,4,0,26
22,6,2026,2,20,4,4,1,29
22,11,2026,2,20,12,26,12,43
22,14,2026,2,20,17,2,14,31
22,21,2026,2,20,16,5,14,22
22,24,2026,2,20,14,2,6,18
22,32,2026,2,20,16,4,0,22
22,36,2026,2,20,17,2,3,21
22,41,2026,2,20,12,9,9,21
22,45,2026,2,20,4,3,9,15
22,52,2026,2,20,21,4,9,10
23,0,2026,2,20,21,3,0,13
23,6,2026,2,20,4,3,1,15
23,11,2026,2,20,12,17,5,27
23,14,2026,2,20,17,5,8,24
23,21,2026,2,20,16,5,4,25
23,24,2026,2,20,14,3,7,21
23,32,2026,2,20,16,4,0,25
23,36,2026,2,20,17,6,2,29
23,41,2026,2,20,12,14,15,28
23,45,2026,2,20,4,2,10,20
23,52,2026,2,20,21,0,20,0
6,0,2026,2,21,21,4,0,4
6,6,2026,2,21,4,4,1,7
6,11,2026,2,21,12,20,5,22
6,14,2026,2,21,17,16,5,33
6,21,2026,2,21,16,18,7,44
6,24,2026,2,21,14,6,9,41
6,32,2026,2,21,16,15,2,54
6,36,2026,2,21,17,16,8,62
6,41,2026,2,21,12,24,20,66
6,45,2026,2,21,4,5,20,51
6,52,2026,2,21,21,5,20,36
7,0,2026,2,21,21,4,0,40
7,6,2026,2,21,4,1,4,37
7,11,2026,2,21,12,22,10,49
7,14,2026,2,21,17,13,9,53
7,21,2026,2,21,16,17,5,65
7,24,2026,2,21,14,12,18,59
7,32,2026,2,21,16,7,5,61
7,36,2026,2,21,17,14,9,66
7,41,2026,2,21,12,11,20,57
7,45,2026,2,21,4,5,20,42
7,52,2026,2,21,21,5,14,33
8,0,2026,2,21,21,6,0,39
8,6,2026,2,21,4,4,3,40
8,11,2026,2,21,12,29,9,60
8,14,2026,2,21,17,17,11,66
8,21,2026,2,21,16,11,13,64
8,24,2026,2,21,14,21,20,65
8,32,2026,2,21,16,10,9,66
8,36,2026,2,21,17,9,9,66
8,41,2026,2,21,12,19,20,65
8,45,2026,2,21,4,5,20,50
8,52,2026,2,21,21,2,20,32
9,0,2026,2,21,21,6,0,38
9,6,2026,2,21,4,3,3,38
9,11,2026,2,21,12,23,10,51
9,14,2026,2,21,17,3,8,46
9,21,2026,2,21,16,2,13,35
9,24,2026,2,21,14,5,15,25
9,32,2026,2,21,16,6,1,30
9,36,2026,2,21,17,3,1,32
9,41,2026,2,21,12,36,6,62
9,45,2026,2,21,4,1,20,43
9,52,2026,2,21,21,4,14,33
10,0,2026,2,21,21,2,0,35
10,6,2026,2,21,4,4,0,39
10,11,2026,2,21,12,13,8,44
10,14,2026,2,21,17,2,10,36
10,21,2026,2,21,16,2,20,18
10,24,2026,2,21,14,2,10,10
10,32,2026,2,21,16,5,0,15
10,36,2026,2,21,17,5,1,19
10,41,2026,2,21,12,11,10,20
10,45,2026,2,21,4,2,6,16
10,52,2026,2,21,21,6,9,13
11,0,2026,2,21,21,4,0,17
11,6,2026,2,21,4,5,0,22
11,11,2026,2,21,12,24,12,34
11,14,2026,2,21,17,6,6,34
11,21,2026,2,21,16,5,8,31
11,24,2026,2,21,14,6,9,28
11,32,2026,2,21,16,3,0,31
11,36,2026,2,21,17,4,0,35
11,41,2026,2,21,12,31,19,47
11,45,2026,2,21,4,2,13,36
11,52,2026,2,21,21,5,12,29
12,0,2026,2,21,21,2,0,31
12,6,2026,2,21,4,4,0,35
12,11,2026,2,21,12,13,10,38
12,14,2026,2,21,17,6,11,33
12,21,2026,2,21,16,4,9,28
12,24,2026,2,21,14,6,14,20
12,32,2026,2,21,16,3,0,23
12,36,2026,2,21,17,6,2,27
12,41,2026,2,21,12,31,15,43
12,45,2026,2,21,4,5,11,37
12,52,2026,2,21,21,6,14,29
13,0,2026,2,21,21,3,0,32
13,6,2026,2,21,4,22,1,53
13,11,2026,2,21,12,33,20,66
13,14,2026,2,21,17,6,15,57
13,21,2026,2,21,16,5,18,44
13,24,2026,2,21,14,6,15,35
13,32,2026,2,21,16,6,1,40
13,36,2026,2,21,17,4,1,43
13,41,2026,2,21,12,17,17,43
13,45,2026,2,21,4,15,10,48
13,52,2026,2,21,21,3,20,31
14,0,2026,2,21,21,6,0,37
14,6,2026,2,21,4,18,0,55
14,11,2026,2,21,12,20,20,55
14,14,2026,2,21,17,2,20,37
14,21,2026,2,21,16,5,13,29
14,24,2026,2,21,14,3,12,20
14,32,2026,2,21,16,3,1,22
14,36,2026,2,21,17,6,2,26
14,41,2026,2,21,12,24,9,41
14,45,2026,2,21,4,17,9,49
14,52,2026,2,21,21,4,11,42
15,0,2026,2,21,21,3,0,45
15,6,2026,2,21,4,21,0,66
15,11,2026,2,21,12,20,20,66
15,14,2026,2,21,17,6,16,56
15,21,2026,2,21,16,6,20,42
15,24,2026,2,21,14,3,20,25
15,32,2026,2,21,16,2,0,27
15,36,2026,2,21,17,5,1,31
15,41,2026,2,21,12,18,13,36
15,45,2026,2,21,4,29,4,61
15,52,2026,2,21,21,5,20,46
16,0,2026,2,21,21,4,0,50
16,6,2026,2,21,4,2,0,52
16,11,2026,2,21,12,34,20,66
16,14,2026,2,21,17,2,20,48
16,21,2026,2,21,16,2,14,36
16,24,2026,2,21,14,5,17,24
16,32,2026,2,21,16,4,0,28
16,36,2026,2,21,17,4,3,29
16,41,2026,2,21,12,30,9,50
16,45,2026,2,21,4,6,14,42
16,52,2026,2,21,21,3,16,29
17,0,2026,2,21,21,6,0,35
17,6,2026,2,21,4,2,1,36
17,11,2026,2,21,12,10,11,35
17,14,2026,2,21,17,6,8,33
17,21,2026,2,21,16,4,16,21
17,24,2026,2,21,14,4,8,17
17,32,2026,2,21,16,3,1,19
17,36,2026,2,21,17,3,0,22
17,41,2026,2,21,12,27,12,37
17,45,2026,2,21,4,4,7,34
17,52,2026,2,21,21,4,13,25
18,0,2026,2,21,21,3,0,28
18,6,2026,2,21,4,4,0,32
18,11,2026,2,21,12,34,11,55
18,14,2026,2,21,17,3,8,50
18,21,2026,2,21,16,4,14,40
18,24,2026,2,21,14,2,20,22
18,32,2026,2,21,16,4,0,26
18,36,2026,2,21,17,2,0,28
18,41,2026,2,21,12,9,14,23
18,45,2026,2,21,4,5,4,24
18,52,2026,2,21,21,2,12,14
19,0,2026,2,21,21,4,0,18
19,6,2026,2,21,4,5,1,22
19,11,2026,2,21,12,33,8,47
19,14,2026,2,21,17,2,8,41
19,21,2026,2,21,16,4,12,33
19,24,2026,2,21,14,6,17,22
19,32,2026,2,21,16,2,0,24
19,36,2026,2,21,17,3,0,27
19,41,2026,2,21,12,23,9,41
19,45,2026,2,21,4,2,10,33
19,52,2026,2,21,21,5,18,20
20,0,2026,2,21,21,6,0,26
20,6,2026,2,21,4,5,4,27
20,11,2026,2,21,12,26,9,44
20,14,2026,2,21,17,4,9,39
20,21,2026,2,21,16,3,11,31
20,24,2026,2,21,14,6,15,22
20,32,2026,2,21,16,4,1,25
20,36,2026,2,21,17,5,0,30
20,41,2026,2,21,12,24,13,41
20,45,2026,2,21,4,4,17,28
20,52,2026,2,21,21,5,12,21
21,0,2026,2,21,21,2,0,23
21,6,2026,2,21,4,3,1,25
21,11,2026,2,21,12,8,11,22
21,14,2026,2,21,17,5,5,22
21,21,2026,2,21,16,3,9,16
21,24,2026,2,21,14,3,4,15
21,32,2026,2,21,16,3,0,18
21,36,2026,2,21,17,2,0,20
21,41,2026,2,21,12,27,14,33
21,45,2026,2,21,4,2,7,28
21,52,2026,2,21,21,2,9,21
22,0,2026,2,21,21,6,0,27
22,6,2026,2,21,4,2,0,29
22,11,2026,2,21,12,25,7,47
22,14,2026,2,21,17,6,16,37
22,21,2026,2,21,16,6,8,35
22,24,2026,2,21,14,3,10,28
22,32,2026,2,21,16,4,0,32
22,36,2026,2,21,17,2,1,33
22,41,2026,2,21,12,32,14,51
22,45,2026,2,21,4,2,11,42
22,52,2026,2,21,21,5,20,27
23,0,2026,2,21,21,6,0,33
23,6,2026,2,21,4,3,1,35
23,11,2026,2,21,12,25,9,51
23,14,2026,2,21,17,2,20,33
23,21,2026,2,21,16,5,16,22
23,24,2026,2,21,14,5,9,18
23,32,2026,2,21,16,3,1,20
23,36,2026,2,21,17,2,2,20
23,41,2026,2,21,12,25,12,33
23,45,2026,2,21,4,2,20,15
23,52,2026,2,21,21,0,15,0
6,0,2026,2,22,21,3,0,3
6,6,2026,2,22,4,5,0,8
6,11,2026,2,22,12,33,6,35
6,14,2026,2,22,17,10,6,39
6,21,2026,2,22,16,17,7,49
6,24,2026,2,22,14,13,7,55
6,32,2026,2,22,16,13,4,64
6,36,2026,2,22,17,10,8,66
6,41,2026,2,22,12,20,20,66
6,45,2026,2,22,4,4,20,50
6,52,2026,2,22,21,5,20,35
7,0,2026,2,22,21,2,0,37
7,6,2026,2,22,4,5,1,41
7,11,2026,2,22,12,27,9,59
7,14,2026,2,22,17,9,12,56
7,21,2026,2,22,16,7,9,54
7,24,2026,2,22,14,13,20,47
7,32,2026,2,22,16,20,1,66
7,36,2026,2,22,17,16,16,66
7,41,2026,2,22,12,20,20,66
7,45,2026,2,22,4,3,20,49
7,52,2026,2,22,21,6,18,37
8,0,2026,2,22,21,5,0,42
8,6,2026,2,22,4,4,4,42
8,11,2026,2,22,12,28,12,58
8,14,2026,2,22,17,6,9,55
8,21,2026,2,22,16,8,14,49
8,24,2026,2,22,14,10,17,42
8,32,2026,2,22,16,7,3,46
8,36,2026,2,22,17,6,2,50
8,41,2026,2,22,12,17,20,47
8,45,2026,2,22,4,4,20,31
8,52,2026,2,22,21,6,9,28
9,0,2026,2,22,21,5,0,33
9,6,2026,2,22,4,1,5,29
9,11,2026,2,22,12,9,5,33
9,14,2026,2,22,17,4,8,29
9,21,2026,2,22,16,2,6,25
9,24,2026,2,22,14,4,12,17
9,32,2026,2,22,16,2,1,18
9,36,2026,2,22,17,2,1,19
9,41,2026,2,22,12,21,4,36
9,45,2026,2,22,4,2,20,18
9,52,2026,2,22,21,2,7,13
10,0,2026,2,22,21,4,0,17
10,6,2026,2,22,4,6,1,22
10,11,2026,2,22,12,18,6,34
10,14,2026,2,22,17,2,10,26
10,21,2026,2,22,16,5,6,25
10,24,2026,2,22,14,5,13,17
10,32,2026,2,22,16,6,1,22
10,36,2026,2,22,17,4,4,22
10,41,2026,2,22,12,27,11,38
10,45,2026,2,22,4,4,15,27
10,52,2026,2,22,21,4,12,19
11,0,2026,2,22,21,6,0,25
11,6,2026,2,22,4,6,2,29
11,11,2026,2,22,12,8,12,25
11,14,2026,2,22,17,5,7,23
11,21,2026,2,22,16,5,10,18
11,24,2026,2,22,14,4,6,16
11,32,2026,2,22,16,2,1,17
11,36,2026,2,22,17,2,2,17
11,41,2026,2,22,12,27,9,35
11,45,2026,2,22,4,3,8,30
11,52,2026,2,22,21,4,11,23
12,0,2026,2,22,21,3,0,26
12,6,2026,2,22,4,2,0,28
12,11,2026,2,22,12,36,8,56
12,14,2026,2,22,17,2,14,44
12,21,2026,2,22,16,5,20,29
12,24,2026,2,22,14,6,14,21
12,32,2026,2,22,16,2,1,22
12,36,2026,2,22,17,3,2,23
12,41,2026,2,22,12,35,7,51
12,45,2026,2,22,4,3,10,44
12,52,2026,2,22,21,3,20,27
13,0,2026,2,22,21,2,0,29
13,6,2026,2,22,4,11,0,40
13,11,2026,2,22,12,8,13,35
13,14,2026,2,22,17,3,13,25
13,21,2026,2,22,16,4,10,19
13,24,2026,2,22,14,4,12,11
13,32,2026,2,22,16,6,1,16
13,36,2026,2,22,17,6,2,20
13,41,2026,2,22,12,29,12,37
13,45,2026,2,22,4,13,4,46
13,52,2026,2,22,21,3,13,36
14,0,2026,2,22,21,4,0,40
14,6,2026,2,22,4,15,1,54
14,11,2026,2,22,12,17,20,51
14,14,2026,2,22,17,3,14,40
14,21,2026,2,22,16,6,14,32
14,24,2026,2,22,14,4,19,17
14,32,2026,2,22,16,5,0,22
14,36,2026,2,22,17,6,2,26
14,41,2026,2,22,12,31,16,41
14,45,2026,2,22,4,15,10,46
14,52,2026,2,22,21,2,18,30
15,0,2026,2,22,21,6,0,36
15,6,2026,2,22,4,19,0,55
15,11,2026,2,22,12,8,20,43
15,14,2026,2,22,17,6,11,38
15,21,2026,2,22,16,2,17,23
15,24,2026,2,22,14,4,12,15
15,32,2026,2,22,16,3,0,18
15,36,2026,2,22,17,5,0,23
15,41,2026,2,22,12,22,15,30
15,45,2026,2,22,4,29,8,51
15,52,2026,2,22,21,6,14,43
16,0,2026,2,22,21,4,0,47
16,6,2026,2,22,4,5,2,50
16,11,2026,2,22,12,13,20,43
16,14,2026,2,22,17,2,7,38
16,21,2026,2,22,16,4,11,31
16,24,2026,2,22,14,3,18,16
16,32,2026,2,22,16,2,1,17
16,36,2026,2,22,17,6,0,23
16,41,2026,2,22,12,22,11,34
16,45,2026,2,22,4,6,6,34
16,52,2026,2,22,21,6,14,26
17,0,2026,2,22,21,4,0,30
17,6,2026,2,22,4,4,1,33
17,11,2026,2,22,12,27,13,47
17,14,2026,2,22,17,3,15,35
17,21,2026,2,22,16,2,16,21
17,24,2026,2,22,14,4,10,15
17,32,2026,2,22,16,4,0,19
17,36,2026,2,22,17,5,0,24
17,41,2026,2,22,12,34,11,47
17,45,2026,2,22,4,5,10,42
17,52,2026,2,22,21,4,14,32
18,0,2026,2,22,21,4,0,36
18,6,2026,2,22,4,5,1,40
18,11,2026,2,22,12,8,12,36
18,14,2026,2,22,17,3,9,30
18,21,2026,2,22,16,4,10,24
18,24,2026,2,22,14,6,12,18
18,32,2026,2,22,16,6,0,24
18,36,2026,2,22,17,4,0,28
18,41,2026,2,22,12,35,14,49
18,45,2026,2,22,4,4,11,42
18,52,2026,2,22,21,6,18,30
19,0,2026,2,22,21,3,0,33
19,6,2026,2,22,4,6,2,37
19,11,2026,2,22,12,19,8,48
19,14,2026,2,22,17,4,10,42
19,21,2026,2,22,16,3,14,31
19,24,2026,2,22,14,3,12,22
19,32,2026,2,22,16,5,0,27
19,36,2026,2,22,17,2,3,26
19,41,2026,2,22,12,8,11,23
19,45,2026,2,22,4,2,6,19
19,52,2026,2,22,21,2,11,10
20,0,2026,2,22,21,6,0,16
20,6,2026,2,22,4,6,1,21
20,11,2026,2,22,12,12,10,23
20,14,2026,2,22,17,6,4,25
20,21,2026,2,22,16,2,9,18
20,24,2026,2,22,14,3,7,14
20,32,2026,2,22,16,4,0,18
20,36,2026,2,22,17,6,2,22
20,41,2026,2,22,12,11,15,18
20,45,2026,2,22,4,5,3,20
20,52,2026,2,22,21,2,8,14
21,0,2026,2,22,21,6,0,20
21,6,2026,2,22,4,6,0,26
21,11,2026,2,22,12,16,14,28
21,14,2026,2,22,17,2,4,26
21,21,2026,2,22,16,2,11,17
21,24,2026,2,22,14,2,4,15
21,32,2026,2,22,16,5,0,20
21,36,2026,2,22,17,6,0,26
21,41,2026,2,22,12,35,11,50
21,45,2026,2,22,4,6,13,43
21,52,2026,2,22,21,3,11,35
22,0,2026,2,22,21,4,0,39
22,6,2026,2,22,4,6,1,44
22,11,2026,2,22,12,11,15,40
22,14,2026,2,22,17,5,12,33
22,21,2026,2,22,16,5,7,31
22,24,2026,2,22,14,2,15,18
22,32,2026,2,22,16,6,0,24
22,36,2026,2,22,17,2,0,26
22,41,2026,2,22,12,19,12,33
22,45,2026,2,22,4,4,11,26
22,52,2026,2,22,21,6,9,23
23,0,2026,2,22,21,3,0,26
23,6,2026,2,22,4,2,2,26
23,11,2026,2,22,12,30,8,48
23,14,2026,2,22,17,2,10,40
23,21,2026,2,22,16,4,15,29
23,24,2026,2,22,14,5,15,19
23,32,2026,2,22,16,3,0,22
23,36,2026,2,22,17,4,2,24
23,41,2026,2,22,12,23,13,34
23,45,2026,2,22,4,2,16,20
23,52,2026,2,22,21,0,20,0
6,0,2026,2,23,21,5,0,5
6,6,2026,2,23,4,4,0,9
6,11,2026,2,23,12,19,6,22
6,14,2026,2,23,17,22,1,43
6,21,2026,2,23,16,18,4,57
6,24,2026,2,23,14,16,7,66
6,32,2026,2,23,16,3,3,66
6,36,2026,2,23,17,8,9,65
6,41,2026,2,23,12,10,20,55
6,45,2026,2,23,4,5,20,40
6,52,2026,2,23,21,2,20,22
7,0,2026,2,23,21,6,0,28
7,6,2026,2,23,4,1,4,25
7,11,2026,2,23,12,11,4,32
7,14,2026,2,23,17,11,3,40
7,21,2026,2,23,16,17,10,47
7,24,2026,2,23,14,5,14,38
7,32,2026,2,23,16,15,0,53
7,36,2026,2,23,17,13,3,63
7,41,2026,2,23,12,23,20,66
7,45,2026,2,23,4,5,20,51
7,52,2026,2,23,21,3,20,34
8,0,2026,2,23,21,5,0,39
8,6,2026,2,23,4,4,4,39
8,11,2026,2,23,12,31,8,62
8,14,2026,2,23,17,10,6,66
8,21,2026,2,23,16,7,10,63
8,24,2026,2,23,14,22,20,65
8,32,2026,2,23,16,4,3,66
8,36,2026,2,23,17,11,11,66
8,41,2026,2,23,12,20,20,66
8,45,2026,2,23,4,4,20,50
8,52,2026,2,23,21,4,20,34
9,0,2026,2,23,21,2,0,36
9,6,2026,2,23,4,3,2,37
9,11,2026,2,23,12,17,8,46
9,14,2026,2,23,17,3,9,40
9,21,2026,2,23,16,3,7,36
9,24,2026,2,23,14,4,14,26
9,32,2026,2,23,16,5,1,30
9,36,2026,2,23,17,2,0,32
9,41,2026,2,23,12,17,6,43
9,45,2026,2,23,4,1,20,24
9,52,2026,2,23,21,3,12,15
10,0,2026,2,23,21,5,0,20
10,6,2026,2,23,4,5,1,24
10,11,2026,2,23,12,16,7,33
10,14,2026,2,23,17,2,6,29
10,21,2026,2,23,16,2,13,18
10,24,2026,2,23,14,3,6,15
10,32,2026,2,23,16,3,0,18
10,36,2026,2,23,17,3,0,21
10,41,2026,2,23,12,10,8,23
10,45,2026,2,23,4,5,9,19
10,52,2026,2,23,21,6,7,18
11,0,2026,2,23,21,4,0,22
11,6,2026,2,23,4,2,0,24
11,11,2026,2,23,12,11,14,21
11,14,2026,2,23,17,2,8,15
11,21,2026,2,23,16,6,3,18
11,24,2026,2,23,14,5,6,17
11,32,2026,2,23,16,2,0,19
11,36,2026,2,23,17,2,1,20
11,41,2026,2,23,12,14,13,21
11,45,2026,2,23,4,3,9,15
11,52,2026,2,23,21,3,3,15
12,0,2026,2,23,21,4,0,19
12,6,2026,2,23,4,4,1,22
12,11,2026,2,23,12,12,10,24
12,14,2026,2,23,17,5,5,24
12,21,2026,2,23,16,2,7,19
12,24,2026,2,23,14,3,5,17
12,32,2026,2,23,16,3,1,19
12,36,2026,2,23,17,2,1,20
12,41,2026,2,23,12,26,10,36
12,45,2026,2,23,4,6,12,30
12,52,2026,2,23,21,3,10,23
13,0,2026,2,23,21,2,0,25
13,6,2026,2,23,4,13,1,37
13,11,2026,2,23,12,13,11,39
13,14,2026,2,23,17,4,9,34
13,21,2026,2,23,16,4,11,27
13,24,2026,2,23,14,2,13,16
13,32,2026,2,23,16,5,0,21
13,36,2026,2,23,17,3,1,23
13,41,2026,2,23,12,15,10,28
13,45,2026,2,23,4,32,10,50
13,52,2026,2,23,21,4,12,42
14,0,2026,2,23,21,5,0,47
14,6,2026,2,23,4,18,0,65
14,11,2026,2,23,12,21,20,66
14,14,2026,2,23,17,2,16,52
14,21,2026,2,23,16,2,20,34
14,24,2026,2,23,14,4,12,26
14,32,2026,2,23,16,4,1,29
14,36,2026,2,23,17,5,0,34
14,41,2026,2,23,12,15,14,35
14,45,2026,2,23,4,19,4,50
14,52,2026,2,23,21,4,19,35
15,0,2026,2,23,21,5,0,40
15,6,2026,2,23,4,16,0,56
15,11,2026,2,23,12,21,20,57
15,14,2026,2,23,17,4,18,43
15,21,2026,2,23,16,6,19,30
15,24,2026,2,23,14,6,10,26
15,32,2026,2,23,16,6,0,32
15,36,2026,2,23,17,3,3,32
15,41,2026,2,23,12,16,14,34
15,45,2026,2,23,4,12,8,38
15,52,2026,2,23,21,2,16,24
16,0,2026,2,23,21,3,0,27
16,6,2026,2,23,4,5,0,32
16,11,2026,2,23,12,20,13,39
16,14,2026,2,23,17,4,7,36
16,21,2026,2,23,16,6,10,32
16,24,2026,2,23,14,5,12,25
16,32,2026,2,23,16,4,0,29
16,36,2026,2,23,17,2,1,30
16,41,2026,2,23,12,29,15,44
16,45,2026,2,23,4,2,16,30
16,52,2026,2,23,21,2,12,20
17,0,2026,2,23,21,6,0,26
17,6,2026,2,23,4,6,0,32
17,11,2026,2,23,12,28,11,49
17,14,2026,2,23,17,4,15,38
17,21,2026,2,23,16,2,8,32
17,24,2026,2,23,14,2,16,18
17,32,2026,2,23,16,6,0,24
17,36,2026,2,23,17,5,0,29
17,41,2026,2,23,12,26,14,41
17,45,2026,2,23,4,2,10,33
17,52,2026,2,23,21,6,14,25
18,0,2026,2,23,21,4,0,29
18,6,2026,2,23,4,6,0,35
18,11,2026,2,23,12,36,9,62
18,14,2026,2,23,17,5,12,55
18,21,2026,2,23,16,3,17,41
18,24,2026,2,23,14,2,17,26
18,32,2026,2,23,16,4,0,30
18,36,2026,2,23,17,6,1,35
18,41,2026,2,23,12,17,14,38
18,45,2026,2,23,4,2,11,29
18,52,2026,2,23,21,4,15,18
19,0,2026,2,23,21,4,0,22
19,6,2026,2,23,4,4,0,26
19,11,2026,2,23,12,22,10,38
19,14,2026,2,23,17,2,9,31
19,21,2026,2,23,16,2,8,25
19,24,2026,2,23,14,6,14,17
19,32,2026,2,23,16,6,2,21
19,36,2026,2,23,17,5,2,24
19,41,2026,2,23,12,27,11,40
19,45,2026,2,23,4,2,14,28
19,52,2026,2,23,21,2,12,18
20,0,2026,2,23,21,5,0,23
20,6,2026,2,23,4,6,0,29
20,11,2026,2,23,12,18,12,35
20,14,2026,2,23,17,3,11,27
20,21,2026,2,23,16,2,9,20
20,24,2026,2,23,14,2,5,17
20,32,2026,2,23,16,3,0,20
20,36,2026,2,23,17,3,2,21
20,41,2026,2,23,12,8,7,22
20,45,2026,2,23,4,2,10,14
20,52,2026,2,23,21,5,6,13
21,0,2026,2,23,21,5,0,18
21,6,2026,2,23,4,5,1,22
21,11,2026,2,23,12,19,7,34
21,14,2026,2,23,17,3,12,25
21,21,2026,2,23,16,4,8,21
21,24,2026,2,23,14,5,7,19
21,32,2026,2,23,16,6,1,24
21,36,2026,2,23,17,3,0,27
21,41,2026,2,23,12,34,16,45
21,45,2026,2,23,4,6,9,42
21,52,2026,2,23,21,6,15,33
22,0,2026,2,23,21,4,0,37
22,6,2026,2,23,4,5,0,42
22,11,2026,2,23,12,29,14,57
22,14,2026,2,23,17,3,11,49
22,21,2026,2,23,16,4,12,41
22,24,2026,2,23,14,2,18,25
22,32,2026,2,23,16,3,1,27
22,36,2026,2,23,17,4,0,31
22,41,2026,2,23,12,36,10,57
22,45,2026,2,23,4,2,15,44
22,52,2026,2,23,21,4,20,28
23,0,2026,2,23,21,5,0,33
23,6,2026,2,23,4,3,0,36
23,11,2026,2,23,12,15,8,43
23,14,2026,2,23,17,3,14,32
23,21,2026,2,23,16,5,14,23
23,24,2026,2,23,14,4,10,17
23,32,2026,2,23,16,5,0,22
23,36,2026,2,23,17,2,1,23
23,41,2026,2,23,12,28,13,38
23,45,2026,2,23,4,0,18,20
23,52,2026,2,23,21,0,20,0
6,0,2026,2,24,21,4,0,4
6,6,2026,2,24,4,2,0,6
6,11,2026,2,24,12,10,5,11
6,14,2026,2,24,17,19,3,27
6,21,2026,2,24,16,5,5,27
6,24,2026,2,24,14,9,5,31
6,32,2026,2,24,16,13,0,44
6,36,2026,2,24,17,20,5,59
6,41,2026,2,24,12,17,20,56
6,45,2026,2,24,4,6,16,46
6,52,2026,2,24,21,4,19,31
7,0,2026,2,24,21,2,0,33
7,6,2026,2,24,4,2,4,31
7,11,2026,2,24,12,24,6,49
7,14,2026,2,24,17,15,5,59
7,21,2026,2,24,16,14,17,56
7,24,2026,2,24,14,9,15,50
7,32,2026,2,24,16,12,1,61
7,36,2026,2,24,17,13,8,66
7,41,2026,2,24,12,20,20,66
7,45,2026,2,24,4,2,20,48
7,52,2026,2,24,21,4,15,37
8,0,2026,2,24,21,2,0,39
8,6,2026,2,24,4,1,2,38
8,11,2026,2,24,12,12,3,47
8,14,2026,2,24,17,17,8,56
8,21,2026,2,24,16,22,17,61
8,24,2026,2,24,14,7,19,49
8,32,2026,2,24,16,13,0,62
8,36,2026,2,24,17,12,10,64
8,41,2026,2,24,12,11,20,55
8,45,2026,2,24,4,3,20,38
8,52,2026,2,24,21,2,12,28
9,0,2026,2,24,21,4,0,32
9,6,2026,2,24,4,4,4,32
9,11,2026,2,24,12,20,8,44
9,14,2026,2,24,17,3,9,38
9,21,2026,2,24,16,6,6,38
9,24,2026,2,24,14,6,15,29
9,32,2026,2,24,16,6,0,35
9,36,2026,2,24,17,4,0,39
9,41,2026,2,24,12,35,16,58
9,45,2026,2,24,4,5,20,43
9,52,2026,2,24,21,6,9,40
10,0,2026,2,24,21,3,0,43
10,6,2026,2,24,4,6,0,49
10,11,2026,2,24,12,15,16,48
10,14,2026,2,24,17,6,9,45
10,21,2026,2,24,16,3,18,30
10,24,2026,2,24,14,6,15,21
10,32,2026,2,24,16,6,0,27
10,36,2026,2,24,17,3,2,28
10,41,2026,2,24,12,27,15,40
10,45,2026,2,24,4,5,16,29
10,52,2026,2,24,21,6,8,27
11,0,2026,2,24,21,3,0,30
11,6,2026,2,24,4,2,0,32
11,11,2026,2,24,12,26,11,47
11,14,2026,2,24,17,4,10,41
11,21,2026,2,24,16,6,14,33
11,24,2026,2,24,14,3,12,24
11,32,2026,2,24,16,2,0,26
11,36,2026,2,24,17,5,1,30
11,41,2026,2,24,12,13,12,31
11,45,2026,2,24,4,4,12,23
11,52,2026,2,24,21,4,7,20
12,0,2026,2,24,21,4,0,24
12,6,2026,2,24,4,3,0,27
12,11,2026,2,24,12,27,13,41
12,14,2026,2,24,17,2,9,34
12,21,2026,2,24,16,3,15,22
12,24,2026,2,24,14,4,6,20
12,32,2026,2,24,16,5,0,25
12,36,2026,2,24,17,6,0,31
12,41,2026,2,24,12,29,9,51
12,45,2026,2,24,4,2,15,38
12,52,2026,2,24,21,5,18,25
13,0,2026,2,24,21,5,0,30
13,6,2026,2,24,4,23,0,53
13,11,2026,2,24,12,20,20,53
13,14,2026,2,24,17,6,13,46
13,21,2026,2,24,16,5,14,37
13,24,2026,2,24,14,3,15,25
13,32,2026,2,24,16,4,1,28
13,36,2026,2,24,17,3,1,30
13,41,2026,2,24,12,12,13,29
13,45,2026,2,24,4,32,4,57
13,52,2026,2,24,21,5,20,42
14,0,2026,2,24,21,4,0,46
14,6,2026,2,24,4,20,0,66
14,11,2026,2,24,12,20,20,66
14,14,2026,2,24,17,5,12,59
14,21,2026,2,24,16,3,20,42
14,24,2026,2,24,14,3,20,25
14,32,2026,2,24,16,6,0,31
14,36,2026,2,24,17,4,2,33
14,41,2026,2,24,12,33,14,52
14,45,2026,2,24,4,20,7,65
14,52,2026,2,24,21,6,20,51
15,0,2026,2,24,21,4,0,55
15,6,2026,2,24,4,10,2,63
15,11,2026,2,24,12,23,20,66
15,14,2026,2,24,17,3,20,49
15,21,2026,2,24,16,2,20,31
15,24,2026,2,24,14,3,17,17
15,32,2026,2,24,16,5,0,22
15,36,2026,2,24,17,4,3,23
15,41,2026,2,24,12,34,11,46
15,45,2026,2,24,4,14,11,49
15,52,2026,2,24,21,6,12,43
16,0,2026,2,24,21,6,0,49
16,6,2026,2,24,4,5,0,54
16,11,2026,2,24,12,12,20,46
16,14,2026,2,24,17,4,16,34
16,21,2026,2,24,16,3,13,24
16,24,2026,2,24,14,4,14,14
16,32,2026,2,24,16,5,0,19
16,36,2026,2,24,17,6,2,23
16,41,2026,2,24,12,29,16,36
16,45,2026,2,24,4,3,9,30
16,52,2026,2,24,21,3,10,23
17,0,2026,2,24,21,6,0,29
17,6,2026,2,24,4,6,1,34
17,11,2026,2,24,12,34,12,56
17,14,2026,2,24,17,2,9,49
17,21,2026,2,24,16,3,15,37
17,24,2026,2,24,14,2,13,26
17,32,2026,2,24,16,5,1,30
17,36,2026,2,24,17,2,0,32
17,41,2026,2,24,12,31,11,52
17,45,2026,2,24,4,5,16,41
17,52,2026,2,24,21,6,15,32
18,0,2026,2,24,21,3,0,35
18,6,2026,2,24,4,6,2,39
18,11,2026,2,24,12,34,12,61
18,14,2026,2,24,17,4,15,50
18,21,2026,2,24,16,5,14,41
18,24,2026,2,24,14,2,17,26
18,32,2026,2,24,16,3,0,29
18,36,2026,2,24,17,6,0,35
18,41,2026,2,24,12,21,15,41
18,45,2026,2,24,4,4,14,31
18,52,2026,2,24,21,2,13,20
19,0,2026,2,24,21,6,0,26
19,6,2026,2,24,4,4,2,28
19,11,2026,2,24,12,17,6,39
19,14,2026,2,24,17,2,11,30
19,21,2026,2,24,16,3,10,23
19,24,2026,2,24,14,3,8,18
19,32,2026,2,24,16,4,1,21
19,36,2026,2,24,17,5,1,25
19,41,2026,2,24,12,13,8,30
19,45,2026,2,24,4,2,13,19
19,52,2026,2,24,21,3,7,15
20,0,2026,2,24,21,6,0,21
20,6,2026,2,24,4,3,0,24
20,11,2026,2,24,12,20,11,33
20,14,2026,2,24,17,5,11,27
20,21,2026,2,24,16,4,9,22
20,24,2026,2,24,14,2,8,16
20,32,2026,2,24,16,3,1,18
20,36,2026,2,24,17,5,3,20
20,41,2026,2,24,12,32,11,41
20,45,2026,2,24,4,5,7,39
20,52,2026,2,24,21,2,18,23
21,0,2026,2,24,21,2,0,25
21,6,2026,2,24,4,5,1,29
21,11,2026,2,24,12,36,6,59
21,14,2026,2,24,17,5,19,45
21,21,2026,2,24,16,3,10,38
21,24,2026,2,24,14,3,18,23
21,32,2026,2,24,16,2,0,25
21,36,2026,2,24,17,3,1,27
21,41,2026,2,24,12,28,14,41
21,45,2026,2,24,4,6,17,30
21,52,2026,2,24,21,4,9,25
22,0,2026,2,24,21,4,0,29
22,6,2026,2,24,4,5,0,34
22,11,2026,2,24,12,9,12,31
22,14,2026,2,24,17,2,5,28
22,21,2026,2,24,16,4,7,25
22,24,2026,2,24,14,5,13,17
22,32,2026,2,24,16,6,0,23
22,36,2026,2,24,17,4,2,25
22,41,2026,2,24,12,9,15,19
22,45,2026,2,24,4,6,6,19
22,52,2026,2,24,21,3,6,16
23,0,2026,2,24,21,5,0,21
23,6,2026,2,24,4,5,0,26
23,11,2026,2,24,12,28,12,42
23,14,2026,2,24,17,6,9,39
23,21,2026,2,24,16,5,13,31
23,24,2026,2,24,14,3,10,24
23,32,2026,2,24,16,6,0,30
23,36,2026,2,24,17,5,0,35
23,41,2026,2,24,12,19,14,40
23,45,2026,2,24,4,0,20,20
23,52,2026,2,24,21,0,20,0
6,0,2026,2,25,21,5,0,5
6,6,2026,2,25,4,4,1,8
6,11,2026,2,25,12,36,8,36
6,14,2026,2,25,17,16,11,41
6,21,2026,2,25,16,9,10,40
6,24,2026,2,25,14,21,8,53
6,32,2026,2,25,16,14,1,66
6,36,2026,2,25,17,11,11,66
6,41,2026,2,25,12,11,20,57
6,45,2026,2,25,4,5,20,42
6,52,2026,2,25,21,4,16,30
7,0,2026,2,25,21,5,0,35
7,6,2026,2,25,4,5,3,37
7,11,2026,2,25,12,20,12,45
7,14,2026,2,25,17,15,6,54
7,21,2026,2,25,16,8,11,51
7,24,2026,2,25,14,5,15,41
7,32,2026,2,25,16,17,0,58
7,36,2026,2,25,17,16,8,66
7,41,2026,2,25,12,10,20,56
7,45,2026,2,25,4,4,20,40
7,52,2026,2,25,21,5,17,28
8,0,2026,2,25,21,6,0,34
8,6,2026,2,25,4,2,2,34
8,11,2026,2,25,12,23,12,45
8,14,2026,2,25,17,5,6,44
8,21,2026,2,25,16,17,10,51
8,24,2026,2,25,14,6,13,44
8,32,2026,2,25,16,7,3,48
8,36,2026,2,25,17,17,8,57
8,41,2026,2,25,12,29,20,66
8,45,2026,2,25,4,1,20,47
8,52,2026,2,25,21,5,17,35
9,0,2026,2,25,21,4,0,39
9,6,2026,2,25,4,3,1,41
9,11,2026,2,25,12,32,9,64
9,14,2026,2,25,17,6,16,54
9,21,2026,2,25,16,3,17,40
9,24,2026,2,25,14,5,14,31
9,32,2026,2,25,16,6,0,37
9,36,2026,2,25,17,2,1,38
9,41,2026,2,25,12,22,14,46
9,45,2026,2,25,4,1,20,27
9,52,2026,2,25,21,5,9,23
10,0,2026,2,25,21,2,0,25
10,6,2026,2,25,4,5,1,29
10,11,2026,2,25,12,24,8,45
10,14,2026,2,25,17,2,12,35
10,21,2026,2,25,16,5,13,27
10,24,2026,2,25,14,4,13,18
10,32,2026,2,25,16,6,0,24
10,36,2026,2,25,17,2,4,22
10,41,2026,2,25,12,13,12,23
10,45,2026,2,25,4,2,11,14
10,52,2026,2,25,21,3,7,10
11,0,2026,2,25,21,2,0,12
11,6,2026,2,25,4,4,0,16
11,11,2026,2,25,12,9,7,18
11,14,2026,2,25,17,4,4,18
11,21,2026,2,25,16,4,5,17
11,24,2026,2,25,14,5,2,20
11,32,2026,2,25,16,5,2,23
11,36,2026,2,25,17,6,0,29
11,41,2026,2,25,12,22,15,36
11,45,2026,2,25,4,2,11,27
11,52,2026,2,25,21,2,6,23
12,0,2026,2,25,21,4,0,27
12,6,2026,2,25,4,4,1,30
12,11,2026,2,25,12,19,5,44
12,14,2026,2,25,17,6,10,40
12,21,2026,2,25,16,6,15,31
12,24,2026,2,25,14,5,15,21
12,32,2026,2,25,16,3,1,23
12,36,2026,2,25,17,4,0,27
12,41,2026,2,25,12,17,19,25
12,45,2026,2,25,4,4,5,24
12,52,2026,2,25,21,5,10,19
13,0,2026,2,25,21,5,0,24
13,6,2026,2,25,4,27,0,51
13,11,2026,2,25,12,21,20,52
13,14,2026,2,25,17,4,12,44
13,21,2026,2,25,16,5,17,32
13,24,2026,2,25,14,4,13,23
13,32,2026,2,25,16,3,2,24
13,36,2026,2,25,17,2,2,24
13,41,2026,2,25,12,8,12,20
13,45,2026,2,25,4,22,2,40
13,52,2026,2,25,21,5,16,29
14,0,2026,2,25,21,4,0,33
14,6,2026,2,25,4,29,1,61
14,11,2026,2,25,12,19,20,60
14,14,2026,2,25,17,4,13,51
14,21,2026,2,25,16,6,16,41
14,24,2026,2,25,14,5,19,27
14,32,2026,2,25,16,5,0,32
14,36,2026,2,25,17,5,1,36
14,41,2026,2,25,12,21,19,38
14,45,2026,2,25,4,29,6,61
14,52,2026,2,25,21,4,20,45
15,0,2026,2,25,21,4,0,49
15,6,2026,2,25,4,13,1,61
15,11,2026,2,25,12,19,20,60
15,14,2026,2,25,17,6,20,46
15,21,2026,2,25,16,4,17,33
15,24,2026,2,25,14,2,11,24
15,32,2026,2,25,16,5,1,28
15,36,2026,2,25,17,6,1,33
15,41,2026,2,25,12,9,12,30
15,45,2026,2,25,4,11,7,34
15,52,2026,2,25,21,3,14,23
16,0,2026,2,25,21,2,0,25
16,6,2026,2,25,4,3,0,28
16,11,2026,2,25,12,27,13,42
16,14,2026,2,25,17,6,6,42
16,21,2026,2,25,16,3,15,30
16,24,2026,2,25,14,6,8,28
16,32,2026,2,25,16,5,2,31
16,36,2026,2,25,17,2,1,32
16,41,2026,2,25,12,28,13,47
16,45,2026,2,25,4,6,14,39
16,52,2026,2,25,21,4,17,26
17,0,2026,2,25,21,3,0,29
17,6,2026,2,25,4,2,0,31
17,11,2026,2,25,12,15,7,39
17,14,2026,2,25,17,6,11,34
17,21,2026,2,25,16,2,12,24
17,24,2026,2,25,14,4,11,17
17,32,2026,2,25,16,2,2,17
17,36,2026,2,25,17,6,1,22
17,41,2026,2,25,12,23,13,32
17,45,2026,2,25,4,5,9,28
17,52,2026,2,25,21,3,7,24
18,0,2026,2,25,21,3,0,27
18,6,2026,2,25,4,5,1,31
18,11,2026,2,25,12,22,6,47
18,14,2026,2,25,17,3,15,35
18,21,2026,2,25,16,6,9,32
18,24,2026,2,25,14,4,17,19
18,32,2026,2,25,16,2,1,20
18,36,2026,2,25,17,2,2,20
18,41,2026,2,25,12,13,10,23
18,45,2026,2,25,4,6,6,23
18,52,2026,2,25,21,2,10,15
19,0,2026,2,25,21,4,0,19
19,6,2026,2,25,4,3,0,22
19,11,2026,2,25,12,29,10,41
19,14,2026,2,25,17,2,6,37
19,21,2026,2,25,16,4,9,32
19,24,2026,2,25,14,6,9,29
19,32,2026,2,25,16,5,0,34
19,36,2026,2,25,17,4,2,36
19,41,2026,2,25,12,23,13,46
19,45,2026,2,25,4,5,14,37
19,52,2026,2,25,21,4,17,24
20,0,2026,2,25,21,6,0,30
20,6,2026,2,25,4,6,0,36
20,11,2026,2,25,12,30,16,50
20,14,2026,2,25,17,3,9,44
20,21,2026,2,25,16,5,14,35
20,24,2026,2,25,14,3,17,21
20,32,2026,2,25,16,6,0,27
20,36,2026,2,25,17,3,0,30
20,41,2026,2,25,12,14,17,27
20,45,2026,2,25,4,6,12,21
20,52,2026,2,25,21,6,6,21
21,0,2026,2,25,21,6,0,27
21,6,2026,2,25,4,3,1,29
21,11,2026,2,25,12,30,13,46
21,14,2026,2,25,17,2,10,38
21,21,2026,2,25,16,5,15,28
21,24,2026,2,25,14,3,12,19
21,32,2026,2,25,16,4,0,23
21,36,2026,2,25,17,3,0,26
21,41,2026,2,25,12,11,13,24
21,45,2026,2,25,4,6,5,25
21,52,2026,2,25,21,4,13,16
22,0,2026,2,25,21,3,0,19
22,6,2026,2,25,4,4,1,22
22,11,2026,2,25,12,16,9,29
22,14,2026,2,25,17,3,5,27
22,21,2026,2,25,16,3,5,25
22,24,2026,2,25,14,5,7,23
22,32,2026,2,25,16,4,0,27
22,36,2026,2,25,17,5,1,31
22,41,2026,2,25,12,17,16,32
22,45,2026,2,25,4,3,13,22
22,52,2026,2,25,21,6,9,19
23,0,2026,2,25,21,5,0,24
23,6,2026,2,25,4,5,1,28
23,11,2026,2,25,12,12,10,30
23,14,2026,2,25,17,2,8,24
23,21,2026,2,25,16,6,10,20
23,24,2026,2,25,14,4,8,16
23,32,2026,2,25,16,4,0,20
23,36,2026,2,25,17,3,2,21
23,41,2026,2,25,12,19,11,29
23,45,2026,2,25,4,4,14,19
23,52,2026,2,25,21,0,19,0
6,0,2026,2,26,21,4,0,4
6,6,2026,2,26,4,2,0,6
6,11,2026,2,26,12,29,5,30
6,14,2026,2,26,17,6,11,25
6,21,2026,2,26,16,20,7,38
6,24,2026,2,26,14,21,7,52
6,32,2026,2,26,16,20,6,66
6,36,2026,2,26,17,5,7,64
6,41,2026,2,26,12,8,20,52
6,45,2026,2,26,4,6,20,38
6,52,2026,2,26,21,3,17,24
7,0,2026,2,26,21,3,0,27
7,6,2026,2,26,4,3,2,28
7,11,2026,2,26,12,18,8,38
7,14,2026,2,26,17,7,4,41
7,21,2026,2,26,16,10,8,43
7,24,2026,2,26,14,21,13,51
7,32,2026,2,26,16,13,1,63
7,36,2026,2,26,17,5,4,64
7,41,2026,2,26,12,8,20,52
7,45,2026,2,26,4,4,20,36
7,52,2026,2,26,21,4,18,22
8,0,2026,2,26,21,2,0,24
8,6,2026,2,26,4,3,2,25
8,11,2026,2,26,12,13,8,30
8,14,2026,2,26,17,10,5,35
8,21,2026,2,26,16,11,9,37
8,24,2026,2,26,14,22,9,50
8,32,2026,2,26,16,12,4,58
8,36,2026,2,26,17,16,8,66
8,41,2026,2,26,12,20,20,66
8,45,2026,2,26,4,1,20,47
8,52,2026,2,26,21,5,18,34
9,0,2026,2,26,21,2,0,36
9,6,2026,2,26,4,5,1,40
9,11,2026,2,26,12,33,8,65
9,14,2026,2,26,17,6,17,54
9,21,2026,2,26,16,3,12,45
9,24,2026,2,26,14,6,17,34
9,32,2026,2,26,16,2,0,36
9,36,2026,2,26,17,6,1,41
9,41,2026,2,26,12,19,16,44
9,45,2026,2,26,4,1,20,25
9,52,2026,2,26,21,4,9,20
10,0,2026,2,26,21,6,0,26
10,6,2026,2,26,4,4,0,30
10,11,2026,2,26,12,24,10,44
10,14,2026,2,26,17,3,11,36
10,21,2026,2,26,16,4,15,25
10,24,2026,2,26,14,4,11,18
10,32,2026,2,26,16,4,1,21
10,36,2026,2,26,17,2,1,22
10,41,2026,2,26,12,29,12,39
10,45,2026,2,26,4,3,13,29
10,52,2026,2,26,21,4,8,25
11,0,2026,2,26,21,6,0,31
11,6,2026,2,26,4,5,1,35
11,11,2026,2,26,12,10,12,33
11,14,2026,2,26,17,3,10,26
11,21,2026,2,26,16,3,6,23
11,24,2026,2,26,14,3,14,12
11,32,2026,2,26,16,2,1,13
11,36,2026,2,26,17,4,1,16
11,41,2026,2,26,12,25,8,33
11,45,2026,2,26,4,2,7,28
11,52,2026,2,26,21,5,10,23
12,0,2026,2,26,21,6,0,29
12,6,2026,2,26,4,4,2,31
12,11,2026,2,26,12,27,9,49
12,14,2026,2,26,17,4,11,42
12,21,2026,2,26,16,4,18,28
12,24,2026,2,26,14,5,7,26
12,32,2026,2,26,16,3,0,29
12,36,2026,2,26,17,4,2,31
12,41,2026,2,26,12,35,13,53
12,45,2026,2,26,4,3,18,38
12,52,2026,2,26,21,3,15,26
13,0,2026,2,26,21,3,0,29
13,6,2026,2,26,4,15,0,44
13,11,2026,2,26,12,17,20,41
13,14,2026,2,26,17,4,11,34
13,21,2026,2,26,16,3,11,26
13,24,2026,2,26,14,3,14,15
13,32,2026,2,26,16,2,0,17
13,36,2026,2,26,17,6,0,23
13,41,2026,2,26,12,23,14,32
13,45,2026,2,26,4,27,7,52
13,52,2026,2,26,21,4,13,43
14,0,2026,2,26,21,2,0,45
14,6,2026,2,26,4,8,0,53
14,11,2026,2,26,12,33,20,66
14,14,2026,2,26,17,4,19,51
14,21,2026,2,26,16,5,14,42
14,24,2026,2,26,14,4,20,26
14,32,2026,2,26,16,2,0,28
14,36,2026,2,26,17,5,1,32
14,41,2026,2,26,12,18,14,36
14,45,2026,2,26,4,20,4,52
14,52,2026,2,26,21,6,18,40
15,0,2026,2,26,21,6,0,46
15,6,2026,2,26,4,21,1,66
15,11,2026,2,26,12,20,20,66
15,14,2026,2,26,17,2,18,50
15,21,2026,2,26,16,4,18,36
15,24,2026,2,26,14,2,20,18
15,32,2026,2,26,16,3,1,20
15,36,2026,2,26,17,2,2,20
15,41,2026,2,26,12,31,8,43
15,45,2026,2,26,4,22,9,56
15,52,2026,2,26,21,3,14,45
16,0,2026,2,26,21,2,0,47
16,6,2026,2,26,4,5,0,52
16,11,2026,2,26,12,19,20,51
16,14,2026,2,26,17,2,19,34
16,21,2026,2,26,16,2,15,21
16,24,2026,2,26,14,2,15,8
16,32,2026,2,26,16,2,0,10
16,36,2026,2,26,17,6,1,15
16,41,2026,2,26,12,24,11,28
16,45,2026,2,26,4,6,9,25
16,52,2026,2,26,21,4,6,23
17,0,2026,2,26,21,5,0,28
17,6,2026,2,26,4,4,1,31
17,11,2026,2,26,12,34,11,54
17,14,2026,2,26,17,2,13,43
17,21,2026,2,26,16,2,17,28
17,24,2026,2,26,14,6,16,18
17,32,2026,2,26,16,3,0,21
17,36,2026,2,26,17,5,2,24
17,41,2026,2,26,12,33,7,50
17,45,2026,2,26,4,3,17,36
17,52,2026,2,26,21,5,12,29
18,0,2026,2,26,21,3,0,32
18,6,2026,2,26,4,3,0,35
18,11,2026,2,26,12,9,11,33
18,14,2026,2,26,17,3,14,22
18,21,2026,2,26,16,4,12,14
18,24,2026,2,26,14,5,7,12
18,32,2026,2,26,16,5,0,17
18,36,2026,2,26,17,4,2,19
18,41,2026,2,26,12,27,15,31
18,45,2026,2,26,4,3,10,24
18,52,2026,2,26,21,3,7,20
19,0,2026,2,26,21,3,0,23
19,6,2026,2,26,4,6,0,29
19,11,2026,2,26,12,30,12,47
19,14,2026,2,26,17,2,12,37
19,21,2026,2,26,16,6,14,29
19,24,2026,2,26,14,6,11,24
19,32,2026,2,26,16,5,0,29
19,36,2026,2,26,17,5,0,34
19,41,2026,2,26,12,24,17,41
19,45,2026,2,26,4,6,9,38
19,52,2026,2,26,21,2,12,28
20,0,2026,2,26,21,3,0,31
20,6,2026,2,26,4,5,1,35
20,11,2026,2,26,12,20,12,43
20,14,2026,2,26,17,6,8,41
20,21,2026,2,26,16,5,12,34
20,24,2026,2,26,14,5,18,21
20,32,2026,2,26,16,6,0,27
20,36,2026,2,26,17,5,1,31
20,41,2026,2,26,12,8,16,23
20,45,2026,2,26,4,4,9,18
20,52,2026,2,26,21,4,8,14
21,0,2026,2,26,21,2,0,16
21,6,2026,2,26,4,5,0,21
21,11,2026,2,26,12,28,11,38
21,14,2026,2,26,17,5,10,33
21,21,2026,2,26,16,3,6,30
21,24,2026,2,26,14,6,11,25
21,32,2026,2,26,16,2,1,26
21,36,2026,2,26,17,3,2,27
21,41,2026,2,26,12,29,13,43
21,45,2026,2,26,4,5,11,37
21,52,2026,2,26,21,4,11,30
22,0,2026,2,26,21,4,0,34
22,6,2026,2,26,4,4,1,37
22,11,2026,2,26,12,25,7,55
22,14,2026,2,26,17,2,16,41
22,21,2026,2,26,16,4,11,34
22,24,2026,2,26,14,2,16,20
22,32,2026,2,26,16,4,0,24
22,36,2026,2,26,17,6,1,29
22,41,2026,2,26,12,32,14,47
22,45,2026,2,26,4,5,9,43
22,52,2026,2,26,21,5,15,33
23,0,2026,2,26,21,3,0,36
23,6,2026,2,26,4,4,0,40
23,11,2026,2,26,12,10,12,38
23,14,2026,2,26,17,6,15,29
23,21,2026,2,26,16,3,7,25
23,24,2026,2,26,14,3,14,14
23,32,2026,2,26,16,2,0,16
23,36,2026,2,26,17,5,2,19
23,41,2026,2,26,12,15,13,21
23,45,2026,2,26,4,5,12,14
23,52,2026,2,26,21,0,14,0
6,0,2026,2,27,21,3,0,3
6,6,2026,2,27,4,4,0,7
6,11,2026,2,27,12,25,1,31
6,14,2026,2,27,17,21,5,47
6,21,2026,2,27,16,5,12,40
6,24,2026,2,27,14,18,9,49
6,32,2026,2,27,16,9,3,55
6,36,2026,2,27,17,7,7,55
6,41,2026,2,27,12,31,20,66
6,45,2026,2,27,4,6,20,52
6,52,2026,2,27,21,2,19,35
7,0,2026,2,27,21,2,0,37
7,6,2026,2,27,4,1,2,36
7,11,2026,2,27,12,17,5,48
7,14,2026,2,27,17,11,8,51
7,21,2026,2,27,16,18,16,53
7,24,2026,2,27,14,21,12,62
7,32,2026,2,27,16,9,5,66
7,36,2026,2,27,17,7,11,62
7,41,2026,2,27,12,24,20,66
7,45,2026,2,27,4,5,20,51
7,52,2026,2,27,21,5,20,36
8,0,2026,2,27,21,6,0,42
8,6,2026,2,27,4,1,3,40
8,11,2026,2,27,12,9,9,40
8,14,2026,2,27,17,6,10,36
8,21,2026,2,27,16,21,11,46
8,24,2026,2,27,14,21,14,53
8,32,2026,2,27,16,15,4,64
8,36,2026,2,27,17,10,8,66
8,41,2026,2,27,12,18,20,64
8,45,2026,2,27,4,5,20,49
8,52,2026,2,27,21,6,16,39
9,0,2026,2,27,21,4,0,43
9,6,2026,2,27,4,1,3,41
9,11,2026,2,27,12,12,10,43
9,14,2026,2,27,17,5,8,40
9,21,2026,2,27,16,6,9,37
9,24,2026,2,27,14,5,18,24
9,32,2026,2,27,16,6,0,30
9,36,2026,2,27,17,3,2,31
9,41,2026,2,27,12,36,9,58
9,45,2026,2,27,4,3,20,41
9,52,2026,2,27,21,4,11,34
10,0,2026,2,27,21,3,0,37
10,6,2026,2,27,4,2,0,39
10,11,2026,2,27,12,26,4,61
10,14,2026,2,27,17,2,19,44
10,21,2026,2,27,16,6,12,38
10,24,2026,2,27,14,5,20,23
10,32,2026,2,27,16,4,1,26
10,36,2026,2,27,17,2,1,27
10,41,2026,2,27,12,21,13,35
10,45,2026,2,27,4,2,6,31
10,52,2026,2,27,21,3,12,22
11,0,2026,2,27,21,2,0,24
11,6,2026,2,27,4,2,0,26
11,11,2026,2,27,12,13,6,33
11,14,2026,2,27,17,3,11,25
11,21,2026,2,27,16,2,9,18
11,24,2026,2,27,14,2,10,10
11,32,2026,2,27,16,2,0,12
11,36,2026,2,27,17,6,1,17
11,41,2026,2,27,12,21,11,27
11,45,2026,2,27,4,6,3,30
11,52,2026,2,27,21,5,12,23
12,0,2026,2,27,21,3,0,26
12,6,2026,2,27,4,2,0,28
12,11,2026,2,27,12,11,10,29
12,14,2026,2,27,17,2,8,23
12,21,2026,2,27,16,4,7,20
12,24,2026,2,27,14,6,11,15
12,32,2026,2,27,16,6,1,20
12,36,2026,2,27,17,6,2,24
12,41,2026,2,27,12,23,12,35
12,45,2026,2,27,4,5,13,27
12,52,2026,2,27,21,2,4,25
13,0,2026,2,27,21,3,0,28
13,6,2026,2,27,4,11,0,39
13,11,2026,2,27,12,12,13,38
13,14,2026,2,27,17,4,9,33
13,21,2026,2,27,16,3,15,21
13,24,2026,2,27,14,6,9,18
13,32,2026,2,27,16,3,0,21
13,36,2026,2,27,17,2,2,21
13,41,2026,2,27,12,36,15,42
13,45,2026,2,27,4,29,8,63
13,52,2026,2,27,21,3,13,53
14,0,2026,2,27,21,4,0,57
14,6,2026,2,27,4,9,3,63
14,11,2026,2,27,12,23,20,66
14,14,2026,2,27,17,5,20,51
14,21,2026,2,27,16,6,20,37
14,24,2026,2,27,14,6,20,23
14,32,2026,2,27,16,5,1,27
14,36,2026,2,27,17,6,3,30
14,41,2026,2,27,12,14,15,29
14,45,2026,2,27,4,17,8,38
14,52,2026,2,27,21,6,13,31
15,0,2026,2,27,21,4,0,35
15,6,2026,2,27,4,29,0,64
15,11,2026,2,27,12,9,20,53
15,14,2026,2,27,17,3,11,45
15,21,2026,2,27,16,2,15,32
15,24,2026,2,27,14,2,19,15
15,32,2026,2,27,16,5,0,20
15,36,2026,2,27,17,2,1,21
15,41,2026,2,27,12,13,8,26
15,45,2026,2,27,4,10,4,32
15,52,2026,2,27,21,4,16,20
16,0,2026,2,27,21,3,0,23
16,6,2026,2,27,4,5,0,28
16,11,2026,2,27,12,28,16,40
16,14,2026,2,27,17,2,10,32
16,21,2026,2,27,16,5,12,25
16,24,2026,2,27,14,2,7,20
16,32,2026,2,27,16,6,0,26
16,36,2026,2,27,17,3,3,26
16,41,2026,2,27,12,21,12,35
16,45,2026,2,27,4,5,12,28
16,52,2026,2,27,21,6,9,25
17,0,2026,2,27,21,5,0,30
17,6,2026,2,27,4,5,1,34
17,11,2026,2,27,12,9,17,26
17,14,2026,2,27,17,3,6,23
17,21,2026,2,27,16,5,11,17
17,24,2026,2,27,14,4,7,14
17,32,2026,2,27,16,3,1,16
17,36,2026,2,27,17,3,1,18
17,41,2026,2,27,12,29,14,33
17,45,2026,2,27,4,4,12,25
17,52,2026,2,27,21,4,6,23
18,0,2026,2,27,21,4,0,27
18,6,2026,2,27,4,4,0,31
18,11,2026,2,27,12,30,10,51
18,14,2026,2,27,17,2,11,42
18,21,2026,2,27,16,5,13,34
18,24,2026,2,27,14,2,13,23
18,32,2026,2,27,16,2,0,25
18,36,2026,2,27,17,5,1,29
18,41,2026,2,27,12,25,11,43
18,45,2026,2,27,4,6,13,36
18,52,2026,2,27,21,3,13,26
19,0,2026,2,27,21,2,0,28
19,6,2026,2,27,4,3,1,30
19,11,2026,2,27,12,31,8,53
19,14,2026,2,27,17,3,8,48
19,21,2026,2,27,16,4,20,32
19,24,2026,2,27,14,3,13,22
19,32,2026,2,27,16,6,0,28
19,36,2026,2,27,17,3,0,31
19,41,2026,2,27,12,20,11,40
19,45,2026,2,27,4,2,18,24
19,52,2026,2,27,21,4,13,15
20,0,2026,2,27,21,3,0,18
20,6,2026,2,27,4,2,0,20
20,11,2026,2,27,12,34,7,47
20,14,2026,2,27,17,4,11,40
20,21,2026,2,27,16,6,8,38
20,24,2026,2,27,14,6,19,25
20,32,2026,2,27,16,5,0,30
20,36,2026,2,27,17,3,2,31
20,41,2026,2,27,12,12,13,30
20,45,2026,2,27,4,2,9,23
20,52,2026,2,27,21,5,12,16
21,0,2026,2,27,21,4,0,20
21,6,2026,2,27,4,6,1,25
21,11,2026,2,27,12,31,12,44
21,14,2026,2,27,17,2,8,38
21,21,2026,2,27,16,2,10,30
21,24,2026,2,27,14,4,9,25
21,32,2026,2,27,16,6,0,31
21,36,2026,2,27,17,6,2,35
21,41,2026,2,27,12,35,13,57
21,45,2026,2,27,4,6,15,48
21,52,2026,2,27,21,5,19,34
22,0,2026,2,27,21,4,0,38
22,6,2026,2,27,4,5,0,43
22,11,2026,2,27,12,21,16,48
22,14,2026,2,27,17,6,16,38
22,21,2026,2,27,16,3,11,30
22,24,2026,2,27,14,2,16,16
22,32,2026,2,27,16,2,0,18
22,36,2026,2,27,17,3,1,20
22,41,2026,2,27,12,16,9,27
22,45,2026,2,27,4,2,13,16
22,52,2026,2,27,21,5,6,15
23,0,2026,2,27,21,2,0,17
23,6,2026,2,27,4,4,0,21
23,11,2026,2,27,12,26,8,39
23,14,2026,2,27,17,2,3,38
23,21,2026,2,27,16,2,11,29
23,24,2026,2,27,14,2,12,19
23,32,2026,2,27,16,4,0,23
23,36,2026,2,27,17,2,0,25
23,41,2026,2,27,12,12,12,25
23,45,2026,2,27,4,2,11,16
23,52,2026,2,27,21,0,16,0
6,0,2026,2,28,21,3,0,3
6,6,2026,2,28,4,5,0,8
6,11,2026,2,28,12,35,7,36
6,14,2026,2,28,17,22,4,54
6,21,2026,2,28,16,10,13,51
6,24,2026,2,28,14,8,6,53
6,32,2026,2,28,16,7,0,60
6,36,2026,2,28,17,11,5,66
6,41,2026,2,28,12,20,20,66
6,45,2026,2,28,4,3,20,49
6,52,2026,2,28,21,3,20,32
7,0,2026,2,28,21,2,0,34
7,6,2026,2,28,4,2,0,36
7,11,2026,2,28,12,12,9,39
7,14,2026,2,28,17,6,7,38
7,21,2026,2,28,16,22,16,44
7,24,2026,2,28,14,13,9,48
7,32,2026,2,28,16,6,2,52
7,36,2026,2,28,17,18,4,66
7,41,2026,2,28,12,11,20,57
7,45,2026,2,28,4,1,20,38
7,52,2026,2,28,21,6,13,31
8,0,2026,2,28,21,6,0,37
8,6,2026,2,28,4,1,2,36
8,11,2026,2,28,12,33,9,60
8,14,2026,2,28,17,13,8,65
8,21,2026,2,28,16,11,14,62
8,24,2026,2,28,14,21,20,63
8,32,2026,2,28,16,6,3,66
8,36,2026,2,28,17,7,8,65
8,41,2026,2,28,12,9,20,54
8,45,2026,2,28,4,5,20,39
8,52,2026,2,28,21,6,20,25
9,0,2026,2,28,21,5,0,30
9,6,2026,2,28,4,4,6,28
9,11,2026,2,28,12,11,11,28
9,14,2026,2,28,17,5,4,29
9,21,2026,2,28,16,6,9,26
9,24,2026,2,28,14,6,9,23
9,32,2026,2,28,16,6,0,29
9,36,2026,2,28,17,3,1,31
9,41,2026,2,28,12,10,13,28
9,45,2026,2,28,4,5,18,15
9,52,2026,2,28,21,6,9,12
10,0,2026,2,28,21,3,0,15
10,6,2026,2,28,4,5,0,20
10,11,2026,2,28,12,14,14,20
10,14,2026,2,28,17,3,5,18
10,21,2026,2,28,16,3,3,18
10,24,2026,2,28,14,4,2,20
10,32,2026,2,28,16,5,1,24
10,36,2026,2,28,17,4,2,26
10,41,2026,2,28,12,10,12,24
10,45,2026,2,28,4,3,6,21
10,52,2026,2,28,21,4,13,12
11,0,2026,2,28,21,4,0,16
11,6,2026,2,28,4,6,0,22
11,11,2026,2,28,12,26,11,37
11,14,2026,2,28,17,4,6,35
11,21,2026,2,28,16,6,7,34
11,24,2026,2,28,14,2,14,22
11,32,2026,2,28,16,6,0,28
11,36,2026,2,28,17,3,1,30
11,41,2026,2,28,12,13,14,29
11,45,2026,2,28,4,5,10,24
11,52,2026,2,28,21,5,10,19
12,0,2026,2,28,21,5,0,24
12,6,2026,2,28,4,4,3,25
12,11,2026,2,28,12,20,9,36
12,14,2026,2,28,17,6,5,37
12,21,2026,2,28,16,6,12,31
12,24,2026,2,28,14,4,9,26
12,32,2026,2,28,16,5,1,30
12,36,2026,2,28,17,6,1,35
12,41,2026,2,28,12,31,12,54
12,45,2026,2,28,4,3,14,43
12,52,2026,2,28,21,6,18,31
13,0,2026,2,28,21,3,0,34
13,6,2026,2,28,4,11,0,45
13,11,2026,2,28,12,25,13,57
13,14,2026,2,28,17,3,19,41
13,21,2026,2,28,16,3,10,34
13,24,2026,2,28,14,6,20,20
13,32,2026,2,28,16,5,1,24
13,36,2026,2,28,17,2,0,26
13,41,2026,2,28,12,15,14,27
13,45,2026,2,28,4,24,4,47
13,52,2026,2,28,21,5,15,37
14,0,2026,2,28,21,2,0,39
14,6,2026,2,28,4,8,1,46
14,11,2026,2,28,12,23,20,49
14,14,2026,2,28,17,3,8,44
14,21,2026,2,28,16,5,19,30
14,24,2026,2,28,14,6,13,23
14,32,2026,2,28,16,5,0,28
14,36,2026,2,28,17,5,5,28
14,41,2026,2,28,12,11,14,25
14,45,2026,2,28,4,32,5,52
14,52,2026,2,28,21,3,16,39
15,0,2026,2,28,21,6,0,45
15,6,2026,2,28,4,8,1,52
15,11,2026,2,28,12,15,20,47
15,14,2026,2,28,17,2,12,37
15,21,2026,2,28,16,5,13,29
15,24,2026,2,28,14,4,12,21
15,32,2026,2,28,16,2,1,22
15,36,2026,2,28,17,5,1,26
15,41,2026,2,28,12,34,13,47
15,45,2026,2,28,4,7,5,49
15,52,2026,2,28,21,2,14,37
16,0,2026,2,28,21,4,0,41
16,6,2026,2,28,4,5,0,46
16,11,2026,2,28,12,33,13,66
16,14,2026,2,28,17,2,16,52
16,21,2026,2,28,16,2,17,37
16,24,2026,2,28,14,6,15,28
16,32,2026,2,28,16,3,0,31
16,36,2026,2,28,17,3,0,34
16,41,2026,2,28,12,27,13,48
16,45,2026,2,28,4,2,18,32
16,52,2026,2,28,21,5,15,22
17,0,2026,2,28,21,2,0,24
17,6,2026,2,28,4,6,1,29
17,11,2026,2,28,12,9,11,27
17,14,2026,2,28,17,4,13,18
17,21,2026,2,28,16,6,5,19
17,24,2026,2,28,14,5,5,19
17,32,2026,2,28,16,6,0,25
17,36,2026,2,28,17,6,2,29
17,41,2026,2,28,12,21,20,30
17,45,2026,2,28,4,6,9,27
17,52,2026,2,28,21,6,5,28
18,0,2026,2,28,21,5,0,33
18,6,2026,2,28,4,5,2,36
18,11,2026,2,28,12,17,13,40
18,14,2026,2,28,17,2,7,35
18,21,2026,2,28,16,5,16,24
18,24,2026,2,28,14,2,10,16
18,32,2026,2,28,16,5,1,20
18,36,2026,2,28,17,2,1,21
18,41,2026,2,28,12,14,9,26
18,45,2026,2,28,4,4,8,22
18,52,2026,2,28,21,3,11,14
19,0,2026,2,28,21,2,0,16
19,6,2026,2,28,4,3,0,19
19,11,2026,2,28,12,28,7,40
19,14,2026,2,28,17,4,6,38
19,21,2026,2,28,16,2,14,26
19,24,2026,2,28,14,4,13,17
19,32,2026,2,28,16,5,1,21
19,36,2026,2,28,17,4,1,24
19,41,2026,2,28,12,27,14,37
19,45,2026,2,28,4,4,9,32
19,52,2026,2,28,21,6,9,29
20,0,2026,2,28,21,2,0,31
20,6,2026,2,28,4,5,0,36
20,11,2026,2,28,12,18,9,45
20,14,2026,2,28,17,5,17,33
20,21,2026,2,28,16,2,8,27
20,24,2026,2,28,14,2,13,16
20,32,2026,2,28,16,3,0,19
20,36,2026,2,28,17,6,1,24
20,41,2026,2,28,12,18,15,27
20,45,2026,2,28,4,5,4,28
20,52,2026,2,28,21,3,13,18
21,0,2026,2,28,21,6,0,24
21,6,2026,2,28,4,6,0,30
21,11,2026,2,28,12,14,16,28
21,14,2026,2,28,17,6,5,29
21,21,2026,2,28,16,4,11,22
21,24,2026,2,28,14,4,7,19
21,32,2026,2,28,16,4,0,23
21,36,2026,2,28,17,5,0,28
21,41,2026,2,28,12,20,17,31
21,45,2026,2,28,4,2,12,21
21,52,2026,2,28,21,2,8,15
22,0,2026,2,28,21,6,0,21
22,6,2026,2,28,4,3,1,23
22,11,2026,2,28,12,13,8,28
22,14,2026,2,28,17,3,5,26
22,21,2026,2,28,16,2,11,17
22,24,2026,2,28,14,4,9,12
22,32,2026,2,28,16,5,0,17
22,36,2026,2,28,17,2,0,19
22,41,2026,2,28,12,13,14,18
22,45,2026,2,28,4,6,7,17
22,52,2026,2,28,21,2,5,14
23,0,2026,2,28,21,3,0,17
23,6,2026,2,28,4,5,1,21
23,11,2026,2,28,12,27,11,37
23,14,2026,2,28,17,2,12,27
23,21,2026,2,28,16,5,10,22
23,24,2026,2,28,14,5,8,19
23,32,2026,2,28,16,6,1,24
23,36,2026,2,28,17,5,2,27
23,41,2026,2,28,12,26,13,40
23,45,2026,2,28,4,0,20,20
23,52,2026,2,28,21,0,20,0
6,0,2026,3,1,21,3,0,3
6,6,2026,3,1,4,3,0,6
6,11,2026,3,1,12,18,5,19
6,14,2026,3,1,17,13,3,29
6,21,2026,3,1,16,7,8,28
6,24,2026,3,1,14,13,6,35
6,32,2026,3,1,16,18,3,50
6,36,2026,3,1,17,11,8,53
6,41,2026,3,1,12,17,20,50
6,45,2026,3,1,4,3,20,33
6,52,2026,3,1,21,4,13,24
7,0,2026,3,1,21,4,0,28
7,6,2026,3,1,4,1,4,25
7,11,2026,3,1,12,30,7,48
7,14,2026,3,1,17,8,6,50
7,21,2026,3,1,16,9,5,54
7,24,2026,3,1,14,21,15,60
7,32,2026,3,1,16,10,5,65
7,36,2026,3,1,17,8,7,66
7,41,2026,3,1,12,20,20,66
7,45,2026,3,1,4,3,20,49
7,52,2026,3,1,21,4,19,34
8,0,2026,3,1,21,6,0,40
8,6,2026,3,1,4,3,5,38
8,11,2026,3,1,12,31,7,62
8,14,2026,3,1,17,15,11,66
8,21,2026,3,1,16,11,13,64
8,24,2026,3,1,14,21,20,65
8,32,2026,3,1,16,2,1,66
8,36,2026,3,1,17,9,9,66
8,41,2026,3,1,12,18,20,64
8,45,2026,3,1,4,5,20,49
8,52,2026,3,1,21,5,20,34
9,0,2026,3,1,21,5,0,39
9,6,2026,3,1,4,4,4,39
9,11,2026,3,1,12,15,8,46
9,14,2026,3,1,17,2,10,38
9,21,2026,3,1,16,6,14,30
9,24,2026,3,1,14,2,12,20
9,32,2026,3,1,16,6,0,26
9,36,2026,3,1,17,2,0,28
9,41,2026,3,1,12,25,10,43
9,45,2026,3,1,4,5,20,28
9,52,2026,3,1,21,5,7,26
10,0,2026,3,1,21,2,0,28
10,6,2026,3,1,4,2,0,30
10,11,2026,3,1,12,15,8,37
10,14,2026,3,1,17,2,7,32
10,21,2026,3,1,16,3,12,23
10,24,2026,3,1,14,4,12,15
10,32,2026,3,1,16,3,0,18
10,36,2026,3,1,17,5,0,23
10,41,2026,3,1,12,34,11,46
10,45,2026,3,1,4,4,14,36
10,52,2026,3,1,21,3,13,26
11,0,2026,3,1,21,5,0,31
11,6,2026,3,1,4,2,1,32
11,11,2026,3,1,12,8,5,35
11,14,2026,3,1,17,3,12,26
11,21,2026,3,1,16,2,9,19
11,24,2026,3,1,14,5,11,13
11,32,2026,3,1,16,4,0,17
11,36,2026,3,1,17,2,1,18
11,41,2026,3,1,12,36,12,42
11,45,2026,3,1,4,2,10,34
11,52,2026,3,1,21,4,7,31
12,0,2026,3,1,21,5,0,36
12,6,2026,3,1,4,5,1,40
12,11,2026,3,1,12,34,14,60
12,14,2026,3,1,17,4,15,49
12,21,2026,3,1,16,6,10,45
12,24,2026,3,1,14,2,18,29
12,32,2026,3,1,16,6,0,35
12,36,2026,3,1,17,3,4,34
12,41,2026,3,1,12,10,14,30
12,45,2026,3,1,4,2,10,22
12,52,2026,3,1,21,2,11,13
13,0,2026,3,1,21,3,0,16
13,6,2026,3,1,4,19,0,35
13,11,2026,3,1,12,16,16,35
13,14,2026,3,1,17,5,7,33
13,21,2026,3,1,16,6,9,30
13,24,2026,3,1,14,6,12,24
13,32,2026,3,1,16,3,1,26
13,36,2026,3,1,17,3,2,27
13,41,2026,3,1,12,29,15,41
13,45,2026,3,1,4,8,11,38
13,52,2026,3,1,21,5,18,25
14,0,2026,3,1,21,5,0,30
14,6,2026,3,1,4,8,1,37
14,11,2026,3,1,12,24,18,43
14,14,2026,3,1,17,4,10,37
14,21,2026,3,1,16,5,13,29
14,24,2026,3,1,14,3,12,20
14,32,2026,3,1,16,6,0,26
14,36,2026,3,1,17,3,3,26
14,41,2026,3,1,12,10,13,23
14,45,2026,3,1,4,20,3,40
14,52,2026,3,1,21,4,13,31
15,0,2026,3,1,21,3,0,34
15,6,2026,3,1,4,25,1,58
15,11,2026,3,1,12,15,20,53
15,14,2026,3,1,17,5,11,47
15,21,2026,3,1,16,2,16,33
15,24,2026,3,1,14,5,16,22
15,32,2026,3,1,16,4,0,26
15,36,2026,3,1,17,5,0,31
15,41,2026,3,1,12,17,14,34
15,45,2026,3,1,4,32,3,63
15,52,2026,3,1,21,3,18,48
16,0,2026,3,1,21,6,0,54
16,6,2026,3,1,4,6,2,58
16,11,2026,3,1,12,22,20,60
16,14,2026,3,1,17,5,16,49
16,21,2026,3,1,16,6,15,40
16,24,2026,3,1,14,3,20,23
16,32,2026,3,1,16,6,0,29
16,36,2026,3,1,17,6,3,32
16,41,2026,3,1,12,8,14,26
16,45,2026,3,1,4,2,10,18
16,52,2026,3,1,21,2,10,10
17,0,2026,3,1,21,6,0,16
17,6,2026,3,1,4,4,0,20
17,11,2026,3,1,12,31,10,41
17,14,2026,3,1,17,4,6,39
17,21,2026,3,1,16,4,9,34
17,24,2026,3,1,14,4,16,22
17,32,2026,3,1,16,6,1,27
17,36,2026,3,1,17,3,0,30
17,41,2026,3,1,12,10,13,27
17,45,2026,3,1,4,3,10,20
17,52,2026,3,1,21,6,11,15
18,0,2026,3,1,21,5,0,20
18,6,2026,3,1,4,6,1,25
18,11,2026,3,1,12,21,13,33
18,14,2026,3,1,17,4,9,28
18,21,2026,3,1,16,6,4,30
18,24,2026,3,1,14,6,10,26
18,32,2026,3,1,16,6,2,30
18,36,2026,3,1,17,2,3,29
18,41,2026,3,1,12,32,14,47
18,45,2026,3,1,4,5,13,39
18,52,2026,3,1,21,5,18,26
19,0,2026,3,1,21,4,0,30
19,6,2026,3,1,4,4,0,34
19,11,2026,3,1,12,30,10,54
19,14,2026,3,1,17,4,17,41
19,21,2026,3,1,16,5,20,26
19,24,2026,3,1,14,4,9,21
19,32,2026,3,1,16,4,0,25
19,36,2026,3,1,17,4,0,29
19,41,2026,3,1,12,11,16,24
19,45,2026,3,1,4,4,9,19
19,52,2026,3,1,21,2,8,13
20,0,2026,3,1,21,6,0,19
20,6,2026,3,1,4,5,0,24
20,11,2026,3,1,12,9,8,25
20,14,2026,3,1,17,4,4,25
20,21,2026,3,1,16,6,8,23
20,24,2026,3,1,14,3,8,18
20,32,2026,3,1,16,3,0,21
20,36,2026,3,1,17,6,2,25
20,41,2026,3,1,12,13,14,24
20,45,2026,3,1,4,2,8,18
20,52,2026,3,1,21,3,4,17
21,0,2026,3,1,21,4,0,21
21,6,2026,3,1,4,6,1,26
21,11,2026,3,1,12,20,8,38
21,14,2026,3,1,17,5,7,36
21,21,2026,3,1,16,6,7,35
21,24,2026,3,1,14,3,15,23
21,32,2026,3,1,16,6,0,29
21,36,2026,3,1,17,2,1,30
21,41,2026,3,1,12,32,13,49
21,45,2026,3,1,4,3,18,34
21,52,2026,3,1,21,6,12,28
22,0,2026,3,1,21,2,0,30
22,6,2026,3,1,4,3,0,33
22,11,2026,3,1,12,20,10,43
22,14,2026,3,1,17,4,9,38
22,21,2026,3,1,16,2,14,26
22,24,2026,3,1,14,6,14,18
22,32,2026,3,1,16,3,0,21
22,36,2026,3,1,17,5,0,26
22,41,2026,3,1,12,17,17,26
22,45,2026,3,1,4,6,5,27
22,52,2026,3,1,21,6,13,20
23,0,2026,3,1,21,3,0,23
23,6,2026,3,1,4,2,0,25
23,11,2026,3,1,12,22,10,37
23,14,2026,3,1,17,6,9,34
23,21,2026,3,1,16,2,10,26
23,24,2026,3,1,14,4,8,22
23,32,2026,3,1,16,6,1,27
23,36,2026,3,1,17,5,1,31
23,41,2026,3,1,12,24,17,38
23,45,2026,3,1,4,2,20,20
23,52,2026,3,1,21,0,20,0
6,0,2026,3,2,21,5,0,5
6,6,2026,3,2,4,3,0,8
6,11,2026,3,2,12,25,8,25
6,14,2026,3,2,17,6,5,26
6,21,2026,3,2,16,21,5,42
6,24,2026,3,2,14,8,11,39
6,32,2026,3,2,16,18,0,57
6,36,2026,3,2,17,19,10,66
6,41,2026,3,2,12,19,20,65
6,45,2026,3,2,4,6,13,58
6,52,2026,3,2,21,6,20,44
7,0,2026,3,2,21,3,0,47
7,6,2026,3,2,4,4,2,49
7,11,2026,3,2,12,15,13,51
7,14,2026,3,2,17,20,11,60
7,21,2026,3,2,16,7,15,52
7,24,2026,3,2,14,6,19,39
7,32,2026,3,2,16,6,1,44
7,36,2026,3,2,17,17,2,59
7,41,2026,3,2,12,27,20,66
7,45,2026,3,2,4,4,20,50
7,52,2026,3,2,21,3,20,33
8,0,2026,3,2,21,3,0,36
8,6,2026,3,2,4,3,2,37
8,11,2026,3,2,12,28,7,58
8,14,2026,3,2,17,15,13,60
8,21,2026,3,2,16,15,11,64
8,24,2026,3,2,14,14,20,58
8,32,2026,3,2,16,13,5,66
8,36,2026,3,2,17,7,8,65
8,41,2026,3,2,12,21,20,66
8,45,2026,3,2,4,4,20,50
8,52,2026,3,2,21,6,19,37
9,0,2026,3,2,21,6,0,43
9,6,2026,3,2,4,4,6,41
9,11,2026,3,2,12,33,9,65
9,14,2026,3,2,17,2,13,54
9,21,2026,3,2,16,2,15,41
9,24,2026,3,2,14,2,19,24
9,32,2026,3,2,16,5,0,29
9,36,2026,3,2,17,6,1,34
9,41,2026,3,2,12,33,8,59
9,45,2026,3,2,4,4,20,43
9,52,2026,3,2,21,3,14,32
10,0,2026,3,2,21,2,0,34
10,6,2026,3,2,4,2,1,35
10,11,2026,3,2,12,12,4,43
10,14,2026,3,2,17,3,16,30
10,21,2026,3,2,16,6,12,24
10,24,2026,3,2,14,3,10,17
10,32,2026,3,2,16,6,0,23
10,36,2026,3,2,17,5,1,27
10,41,2026,3,2,12,24,17,34
10,45,2026,3,2,4,6,11,29
10,52,2026,3,2,21,5,12,22
11,0,2026,3,2,21,4,0,26
11,6,2026,3,2,4,5,0,31
11,11,2026,3,2,12,19,13,37
11,14,2026,3,2,17,5,11,31
11,21,2026,3,2,16,2,8,25
11,24,2026,3,2,14,2,15,12
11,32,2026,3,2,16,3,0,15
11,36,2026,3,2,17,2,0,17
11,41,2026,3,2,12,13,9,21
11,45,2026,3,2,4,4,6,19
11,52,2026,3,2,21,2,6,15
12,0,2026,3,2,21,5,0,20
12,6,2026,3,2,4,2,0,22
12,11,2026,3,2,12,17,7,32
12,14,2026,3,2,17,4,13,23
12,21,2026,3,2,16,4,5,22
12,24,2026,3,2,14,6,8,20
12,32,2026,3,2,16,6,1,25
12,36,2026,3,2,17,5,1,29
12,41,2026,3,2,12,32,20,41
12,45,2026,3,2,4,3,11,33
12,52,2026,3,2,21,2,8,27
13,0,2026,3,2,21,4,0,31
13,6,2026,3,2,4,12,0,43
13,11,2026,3,2,12,21,14,50
13,14,2026,3,2,17,2,13,39
13,21,2026,3,2,16,5,15,29
13,24,2026,3,2,14,2,17,14
13,32,2026,3,2,16,2,1,15
13,36,2026,3,2,17,3,0,18
13,41,2026,3,2,12,26,11,33
13,45,2026,3,2,4,22,5,50
13,52,2026,3,2,21,2,10,42
14,0,2026,3,2,21,3,0,45
14,6,2026,3,2,4,21,0,66
14,11,2026,3,2,12,19,20,65
14,14,2026,3,2,17,2,14,53
14,21,2026,3,2,16,4,12,45
14,24,2026,3,2,14,6,20,31
14,32,2026,3,2,16,3,0,34
14,36,2026,3,2,17,5,1,38
14,41,2026,3,2,12,14,12,40
14,45,2026,3,2,4,30,8,62
14,52,2026,3,2,21,2,20,44
15,0,2026,3,2,21,2,0,46
15,6,2026,3,2,4,20,0,66
15,11,2026,3,2,12,20,20,66
15,14,2026,3,2,17,6,16,56
15,21,2026,3,2,16,6,20,42
15,24,2026,3,2,14,3,15,30
15,32,2026,3,2,16,6,0,36
15,36,2026,3,2,17,3,2,37
15,41,2026,3,2,12,19,16,40
15,45,2026,3,2,4,26,11,55
15,52,2026,3,2,21,4,18,41
16,0,2026,3,2,21,2,0,43
16,6,2026,3,2,4,2,0,45
16,11,2026,3,2,12,16,20,41
16,14,2026,3,2,17,3,9,35
16,21,2026,3,2,16,6,12,29
16,24,2026,3,2,14,2,15,16
16,32,2026,3,2,16,3,0,19
16,36,2026,3,2,17,2,1,20
16,41,2026,3,2,12,35,11,44
16,45,2026,3,2,4,4,14,34
16,52,2026,3,2,21,3,10,27
17,0,2026,3,2,21,3,0,30
17,6,2026,3,2,4,6,1,35
17,11,2026,3,2,12,22,11,46
17,14,2026,3,2,17,2,11,37
17,21,2026,3,2,16,2,15,24
17,24,2026,3,2,14,3,11,16
17,32,2026,3,2,16,3,0,19
17,36,2026,3,2,17,6,2,23
17,41,2026,3,2,12,32,11,44
17,45,2026,3,2,4,3,9,38
17,52,2026,3,2,21,2,15,25
18,0,2026,3,2,21,2,0,27
18,6,2026,3,2,4,6,1,32
18,11,2026,3,2,12,26,8,50
18,14,2026,3,2,17,6,15,41
18,21,2026,3,2,16,6,12,35
18,24,2026,3,2,14,6,16,25
18,32,2026,3,2,16,3,1,27
18,36,2026,3,2,17,5,2,30
18,41,2026,3,2,12,15,16,29
18,45,2026,3,2,4,3,13,19
18,52,2026,3,2,21,3,7,15
19,0,2026,3,2,21,6,0,21
19,6,2026,3,2,4,3,1,23
19,11,2026,3,2,12,10,10,23
19,14,2026,3,2,17,5,1,27
19,21,2026,3,2,16,2,3,26
19,24,2026,3,2,14,5,14,17
19,32,2026,3,2,16,6,0,23
19,36,2026,3,2,17,6,1,28
19,41,2026,3,2,12,33,19,42
19,45,2026,3,2,4,2,7,37
19,52,2026,3,2,21,3,14,26
20,0,2026,3,2,21,6,0,32
20,6,2026,3,2,4,6,1,37
20,11,2026,3,2,12,15,13,39
20,14,2026,3,2,17,6,13,32
20,21,2026,3,2,16,5,7,30
20,24,2026,3,2,14,5,15,20
20,32,2026,3,2,16,5,0,25
20,36,2026,3,2,17,4,2,27
20,41,2026,3,2,12,9,15,21
20,45,2026,3,2,4,2,9,14
20,52,2026,3,2,21,6,7,13
21,0,2026,3,2,21,4,0,17
21,6,2026,3,2,4,5,0,22
21,11,2026,3,2,12,25,11,36
21,14,2026,3,2,17,5,12,29
21,21,2026,3,2,16,5,9,25
21,24,2026,3,2,14,2,6,21
21,32,2026,3,2,16,2,0,23
21,36,2026,3,2,17,6,1,28
21,41,2026,3,2,12,23,12,39
21,45,2026,3,2,4,2,10,31
21,52,2026,3,2,21,5,13,23
22,0,2026,3,2,21,4,0,27
22,6,2026,3,2,4,3,2,28
22,11,2026,3,2,12,31,8,51
22,14,2026,3,2,17,5,15,41
22,21,2026,3,2,16,3,13,31
22,24,2026,3,2,14,2,13,20
22,32,2026,3,2,16,3,0,23
22,36,2026,3,2,17,6,0,29
22,41,2026,3,2,12,34,9,54
22,45,2026,3,2,4,3,18,39
22,52,2026,3,2,21,2,19,22
23,0,2026,3,2,21,4,0,26
23,6,2026,3,2,4,3,1,28
23,11,2026,3,2,12,19,7,40
23,14,2026,3,2,17,4,11,33
23,21,2026,3,2,16,3,8,28
23,24,2026,3,2,14,2,15,15
23,32,2026,3,2,16,5,0,20
23,36,2026,3,2,17,2,3,19
23,41,2026,3,2,12,21,10,30
23,45,2026,3,2,4,1,11,20
23,52,2026,3,2,21,0,20,0
6,0,2026,3,3,21,6,0,6
6,6,2026,3,3,4,2,0,8
6,11,2026,3,3,12,19,6,21
6,14,2026,3,3,17,19,2,38
6,21,2026,3,3,16,5,11,32
6,24,2026,3,3,14,14,2,44
6,32,2026,3,3,16,9,1,52
6,36,2026,3,3,17,19,5,66
6,41,2026,3,3,12,12,20,58
6,45,2026,3,3,4,2,15,45
6,52,2026,3,3,21,2,20,27
7,0,2026,3,3,21,2,0,29
7,6,2026,3,3,4,1,1,29
7,11,2026,3,3,12,24,4,49
7,14,2026,3,3,17,19,4,64
7,21,2026,3,3,16,8,10,62
7,24,2026,3,3,14,20,18,64
7,32,2026,3,3,16,6,4,66
7,36,2026,3,3,17,7,7,66
7,41,2026,3,3,12,20,20,66
7,45,2026,3,3,4,4,20,50
7,52,2026,3,3,21,6,20,36
8,0,2026,3,3,21,6,0,42
8,6,2026,3,3,4,2,5,39
8,11,2026,3,3,12,16,5,50
8,14,2026,3,3,17,20,13,57
8,21,2026,3,3,16,5,13,49
8,24,2026,3,3,14,9,15,43
8,32,2026,3,3,16,11,1,53
8,36,2026,3,3,17,13,5,61
8,41,2026,3,3,12,11,20,52
8,45,2026,3,3,4,5,20,37
8,52,2026,3,3,21,6,7,36
9,0,2026,3,3,21,3,0,39
9,6,2026,3,3,4,4,2,41
9,11,2026,3,3,12,22,10,53
9,14,2026,3,3,17,6,10,49
9,21,2026,3,3,16,2,15,36
9,24,2026,3,3,14,3,16,23
9,32,2026,3,3,16,3,0,26
9,36,2026,3,3,17,3,0,29
9,41,2026,3,3,12,32,8,53
9,45,2026,3,3,4,3,20,36
9,52,2026,3,3,21,6,9,33
10,0,2026,3,3,21,2,0,35
10,6,2026,3,3,4,4,0,39
10,11,2026,3,3,12,22,12,49
10,14,2026,3,3,17,4,10,43
10,21,2026,3,3,16,3,19,27
10,24,2026,3,3,14,4,12,19
10,32,2026,3,3,16,4,1,22
10,36,2026,3,3,17,2,1,23
10,41,2026,3,3,12,22,10,35
10,45,2026,3,3,4,6,10,31
10,52,2026,3,3,21,5,9,27
11,0,2026,3,3,21,4,0,31
11,6,2026,3,3,4,6,0,37
11,11,2026,3,3,12,33,17,53
11,14,2026,3,3,17,3,10,46
11,21,2026,3,3,16,4,10,40
11,24,2026,3,3,14,2,20,22
11,32,2026,3,3,16,3,1,24
11,36,2026,3,3,17,4,1,27
11,41,2026,3,3,12,23,11,39
11,45,2026,3,3,4,4,11,32
11,52,2026,3,3,21,6,16,22
12,0,2026,3,3,21,5,0,27
12,6,2026,3,3,4,6,0,33
12,11,2026,3,3,12,17,13,37
12,14,2026,3,3,17,4,13,28
12,21,2026,3,3,16,3,8,23
12,24,2026,3,3,14,5,8,20
12,32,2026,3,3,16,4,0,24
12,36,2026,3,3,17,5,1,28
12,41,2026,3,3,12,9,11,26
12,45,2026,3,3,4,5,8,23
12,52,2026,3,3,21,3,10,16
13,0,2026,3,3,21,4,0,20
13,6,2026,3,3,4,30,0,50
13,11,2026,3,3,12,36,20,66
13,14,2026,3,3,17,5,19,52
13,21,2026,3,3,16,2,12,42
13,24,2026,3,3,14,6,16,32
13,32,2026,3,3,16,2,0,34
13,36,2026,3,3,17,2,3,33
13,41,2026,3,3,12,28,11,50
13,45,2026,3,3,4,28,12,66
13,52,2026,3,3,21,6,20,52
14,0,2026,3,3,21,6,0,58
14,6,2026,3,3,4,10,2,66
14,11,2026,3,3,12,20,20,66
14,14,2026,3,3,17,6,15,57
14,21,2026,3,3,16,4,20,41
14,24,2026,3,3,14,4,20,25
14,32,2026,3,3,16,6,1,30
14,36,2026,3,3,17,5,4,31
14,41,2026,3,3,12,12,17,26
14,45,2026,3,3,4,9,1,34
14,52,2026,3,3,21,3,17,20
15,0,2026,3,3,21,3,0,23
15,6,2026,3,3,4,7,0,30
15,11,2026,3,3,12,21,11,40
15,14,2026,3,3,17,6,12,34
15,21,2026,3,3,16,3,9,28
15,24,2026,3,3,14,3,7,24
15,32,2026,3,3,16,6,0,30
15,36,2026,3,3,17,3,0,33
15,41,2026,3,3,12,29,17,45
15,45,2026,3,3,4,8,8,45
15,52,2026,3,3,21,6,13,38
16,0,2026,3,3,21,3,0,41
16,6,2026,3,3,4,6,0,47
16,11,2026,3,3,12,32,13,66
16,14,2026,3,3,17,5,17,54
16,21,2026,3,3,16,5,17,42
16,24,2026,3,3,14,2,20,24
16,32,2026,3,3,16,6,1,29
16,36,2026,3,3,17,6,2,33
16,41,2026,3,3,12,8,15,26
16,45,2026,3,3,4,5,9,22
16,52,2026,3,3,21,5,9,18
17,0,2026,3,3,21,5,0,23
17,6,2026,3,3,4,6,0,29
17,11,2026,3,3,12,26,13,42
17,14,2026,3,3,17,3,8,37
17,21,2026,3,3,16,6,7,36
17,24,2026,3,3,14,5,16,25
17,32,2026,3,3,16,5,1,29
17,36,2026,3,3,17,6,4,31
17,41,2026,3,3,12,34,13,52
17,45,2026,3,3,4,5,13,44
17,52,2026,3,3,21,3,20,27
18,0,2026,3,3,21,2,0,29
18,6,2026,3,3,4,6,0,35
18,11,2026,3,3,12,20,11,44
18,14,2026,3,3,17,3,9,38
18,21,2026,3,3,16,3,11,30
18,24,2026,3,3,14,3,15,18
18,32,2026,3,3,16,3,0,21
18,36,2026,3,3,17,6,0,27
18,41,2026,3,3,12,28,12,43
18,45,2026,3,3,4,2,17,28
18,52,2026,3,3,21,6,13,21
19,0,2026,3,3,21,6,0,27
19,6,2026,3,3,4,4,1,30
19,11,2026,3,3,12,25,9,46
19,14,2026,3,3,17,6,12,40
19,21,2026,3,3,16,6,11,35
19,24,2026,3,3,14,3,18,20
19,32,2026,3,3,16,5,1,24
19,36,2026,3,3,17,4,2,26
19,41,2026,3,3,12,35,13,48
19,45,2026,3,3,4,3,11,40
19,52,2026,3,3,21,4,11,33
20,0,2026,3,3,21,5,0,38
20,6,2026,3,3,4,2,0,40
20,11,2026,3,3,12,32,12,60
20,14,2026,3,3,17,6,16,50
20,21,2026,3,3,16,2,16,36
20,24,2026,3,3,14,6,14,28
20,32,2026,3,3,16,2,1,29
20,36,2026,3,3,17,5,3,31
20,41,2026,3,3,12,33,10,54
20,45,2026,3,3,4,4,18,40
20,52,2026,3,3,21,2,20,22
21,0,2026,3,3,21,3,0,25
21,6,2026,3,3,4,2,2,25
21,11,2026,3,3,12,14,4,35
21,14,2026,3,3,17,6,8,33
21,21,2026,3,3,16,6,12,27
21,24,2026,3,3,14,2,14,15
21,32,2026,3,3,16,5,0,20
21,36,2026,3,3,17,2,2,20
21,41,2026,3,3,12,13,10,23
21,45,2026,3,3,4,6,10,19
21,52,2026,3,3,21,6,5,20
22,0,2026,3,3,21,5,0,25
22,6,2026,3,3,4,5,1,29
22,11,2026,3,3,12,12,15,26
22,14,2026,3,3,17,4,6,24
22,21,2026,3,3,16,3,7,20
22,24,2026,3,3,14,6,10,16
22,32,2026,3,3,16,5,0,21
22,36,2026,3,3,17,4,1,24
22,41,2026,3,3,12,18,12,30
22,45,2026,3,3,4,2,11,21
22,52,2026,3,3,21,3,7,17
23,0,2026,3,3,21,5,0,22
23,6,2026,3,3,4,3,0,25
23,11,2026,3,3,12,10,5,30
23,14,2026,3,3,17,2,7,25
23,21,2026,3,3,16,2,13,14
23,24,2026,3,3,14,6,6,14
23,32,2026,3,3,16,6,0,20
23,36,2026,3,3,17,5,3,22
23,41,2026,3,3,12,30,12,40
23,45,2026,3,3,4,0,20,20
23,52,2026,3,3,21,0,20,0
6,0,2026,3,4,21,4,0,4
6,6,2026,3,4,4,3,0,7
6,11,2026,3,4,12,29,3,33
6,14,2026,3,4,17,8,8,33
6,21,2026,3,4,16,16,7,42
6,24,2026,3,4,14,14,9,47
6,32,2026,3,4,16,20,1,66
6,36,2026,3,4,17,6,13,59
6,41,2026,3,4,12,27,20,66
6,45,2026,3,4,4,6,20,52
6,52,2026,3,4,21,3,18,37
7,0,2026,3,4,21,4,0,41
7,6,2026,3,4,4,1,4,38
7,11,2026,3,4,12,11,5,44
7,14,2026,3,4,17,12,15,41
7,21,2026,3,4,16,13,8,46
7,24,2026,3,4,14,22,17,51
7,32,2026,3,4,16,17,2,66
7,36,2026,3,4,17,9,9,66
7,41,2026,3,4,12,20,20,66
7,45,2026,3,4,4,4,20,50
7,52,2026,3,4,21,4,20,34
8,0,2026,3,4,21,2,0,36
8,6,2026,3,4,4,4,4,36
8,11,2026,3,4,12,34,6,64
8,14,2026,3,4,17,12,11,65
8,21,2026,3,4,16,18,17,66
8,24,2026,3,4,14,7,17,56
8,32,2026,3,4,16,11,2,65
8,36,2026,3,4,17,9,10,64
8,41,2026,3,4,12,12,20,56
8,45,2026,3,4,4,1,20,37
8,52,2026,3,4,21,5,17,25
9,0,2026,3,4,21,3,0,28
9,6,2026,3,4,4,5,4,29
9,11,2026,3,4,12,23,8,44
9,14,2026,3,4,17,5,7,42
9,21,2026,3,4,16,5,8,39
9,24,2026,3,4,14,3,15,27
9,32,2026,3,4,16,2,0,29
9,36,2026,3,4,17,6,0,35
9,41,2026,3,4,12,29,10,54
9,45,2026,3,4,4,3,20,37
9,52,2026,3,4,21,6,14,29
10,0,2026,3,4,21,4,0,33
10,6,2026,3,4,4,5,2,36
10,11,2026,3,4,12,18,9,45
10,14,2026,3,4,17,4,11,38
10,21,2026,3,4,16,3,16,25
10,24,2026,3,4,14,4,10,19
10,32,2026,3,4,16,2,1,20
10,36,2026,3,4,17,5,1,24
10,41,2026,3,4,12,8,8,24
10,45,2026,3,4,4,2,11,15
10,52,2026,3,4,21,5,6,14
11,0,2026,3,4,21,3,0,17
11,6,2026,3,4,4,4,1,20
11,11,2026,3,4,12,27,8,39
11,14,2026,3,4,17,5,11,33
11,21,2026,3,4,16,5,10,28
11,24,2026,3,4,14,2,10,20
11,32,2026,3,4,16,6,1,25
11,36,2026,3,4,17,6,0,31
11,41,2026,3,4,12,18,15,34
11,45,2026,3,4,4,2,9,27
11,52,2026,3,4,21,4,12,19
12,0,2026,3,4,21,6,0,25
12,6,2026,3,4,4,2,1,26
12,11,2026,3,4,12,12,7,31
12,14,2026,3,4,17,3,4,30
12,21,2026,3,4,16,6,10,26
12,24,2026,3,4,14,3,10,19
12,32,2026,3,4,16,3,1,21
12,36,2026,3,4,17,4,1,24
12,41,2026,3,4,12,11,11,24
12,45,2026,3,4,4,4,8,20
12,52,2026,3,4,21,6,11,15
13,0,2026,3,4,21,2,0,17
13,6,2026,3,4,4,14,0,31
13,11,2026,3,4,12,23,19,35
13,14,2026,3,4,17,5,6,34
13,21,2026,3,4,16,3,13,24
13,24,2026,3,4,14,3,10,17
13,32,2026,3,4,16,2,0,19
13,36,2026,3,4,17,5,0,24
13,41,2026,3,4,12,13,11,26
13,45,2026,3,4,4,21,7,40
13,52,2026,3,4,21,5,12,33
14,0,2026,3,4,21,4,0,37
14,6,2026,3,4,4,29,0,66
14,11,2026,3,4,12,20,20,66
14,14,2026,3,4,17,4,17,53
14,21,2026,3,4,16,3,17,39
14,24,2026,3,4,14,6,16,29
14,32,2026,3,4,16,2,0,31
14,36,2026,3,4,17,2,2,31
14,41,2026,3,4,12,18,12,37
14,45,2026,3,4,4,12,3,46
14,52,2026,3,4,21,4,20,30
15,0,2026,3,4,21,6,0,36
15,6,2026,3,4,4,16,1,51
15,11,2026,3,4,12,9,20,40
15,14,2026,3,4,17,2,13,29
15,21,2026,3,4,16,3,9,23
15,24,2026,3,4,14,3,11,15
15,32,2026,3,4,16,3,1,17
15,36,2026,3,4,17,2,1,18
15,41,2026,3,4,12,32,6,44
15,45,2026,3,4,4,28,9,63
15,52,2026,3,4,21,5,19,49
16,0,2026,3,4,21,6,0,55
16,6,2026,3,4,4,3,3,55
16,11,2026,3,4,12,11,20,46
16,14,2026,3,4,17,4,16,34
16,21,2026,3,4,16,5,10,29
16,24,2026,3,4,14,5,16,18
16,32,2026,3,4,16,3,0,21
16,36,2026,3,4,17,3,2,22
16,41,2026,3,4,12,24,12,34
16,45,2026,3,4,4,2,9,27
16,52,2026,3,4,21,5,8,24
17,0,2026,3,4,21,5,0,29
17,6,2026,3,4,4,3,0,32
17,11,2026,3,4,12,30,8,54
17,14,2026,3,4,17,4,10,48
17,21,2026,3,4,16,4,13,39
17,24,2026,3,4,14,5,17,27
17,32,2026,3,4,16,5,1,31
17,36,2026,3,4,17,5,2,34
17,41,2026,3,4,12,28,17,45
17,45,2026,3,4,4,6,14,37
17,52,2026,3,4,21,3,20,20
18,0,2026,3,4,21,5,0,25
18,6,2026,3,4,4,3,0,28
18,11,2026,3,4,12,36,9,55
18,14,2026,3,4,17,3,15,43
18,21,2026,3,4,16,6,10,39
18,24,2026,3,4,14,3,18,24
18,32,2026,3,4,16,3,0,27
18,36,2026,3,4,17,3,2,28
18,41,2026,3,4,12,27,9,46
18,45,2026,3,4,4,3,15,34
18,52,2026,3,4,21,2,15,21
19,0,2026,3,4,21,4,0,25
19,6,2026,3,4,4,6,0,31
19,11,2026,3,4,12,9,12,28
19,14,2026,3,4,17,4,6,26
19,21,2026,3,4,16,5,10,21
19,24,2026,3,4,14,4,12,13
19,32,2026,3,4,16,6,0,19
19,36,2026,3,4,17,3,0,22
19,41,2026,3,4,12,18,12,28
19,45,2026,3,4,4,4,5,27
19,52,2026,3,4,21,5,9,23
20,0,2026,3,4,21,6,0,29
20,6,2026,3,4,4,2,3,28
20,11,2026,3,4,12,24,13,39
20,14,2026,3,4,17,5,10,34
20,21,2026,3,4,16,4,12,26
20,24,2026,3,4,14,5,14,17
20,32,2026,3,4,16,6,0,23
20,36,2026,3,4,17,2,1,24
20,41,2026,3,4,12,27,12,39
20,45,2026,3,4,4,3,10,32
20,52,2026,3,4,21,6,11,27
21,0,2026,3,4,21,4,0,31
21,6,2026,3,4,4,5,1,35
21,11,2026,3,4,12,34,12,57
21,14,2026,3,4,17,6,16,47
21,21,2026,3,4,16,2,13,36
21,24,2026,3,4,14,2,12,26
21,32,2026,3,4,16,5,0,31
21,36,2026,3,4,17,3,0,34
21,41,2026,3,4,12,23,16,41
21,45,2026,3,4,4,3,19,25
21,52,2026,3,4,21,3,9,19
22,0,2026,3,4,21,2,0,21
22,6,2026,3,4,4,3,0,24
22,11,2026,3,4,12,13,5,32
22,14,2026,3,4,17,4,8,28
22,21,2026,3,4,16,6,10,24
22,24,2026,3,4,14,3,9,18
22,32,2026,3,4,16,6,1,23
22,36,2026,3,4,17,5,1,27
22,41,2026,3,4,12,17,16,28
22,45,2026,3,4,4,6,6,28
22,52,2026,3,4,21,3,7,24
23,0,2026,3,4,21,2,0,26
23,6,2026,3,4,4,5,0,31
23,11,2026,3,4,12,12,9,34
23,14,2026,3,4,17,3,8,29
23,21,2026,3,4,16,4,8,25
23,24,2026,3,4,14,6,13,18
23,32,2026,3,4,16,6,1,23
23,36,2026,3,4,17,3,2,24
23,41,2026,3,4,12,10,13,21
23,45,2026,3,4,4,5,14,12
23,52,2026,3,4,21,0,12,0
6,0,2026,3,5,21,6,0,6
6,6,2026,3,5,4,5,1,10
6,11,2026,3,5,12,13,8,15
6,14,2026,3,5,17,9,1,23
6,21,2026,3,5,16,20,8,35
6,24,2026,3,5,14,19,6,48
6,32,2026,3,5,16,10,5,53
6,36,2026,3,5,17,11,8,56
6,41,2026,3,5,12,10,20,46
6,45,2026,3,5,4,5,17,34
6,52,2026,3,5,21,6,16,24
7,0,2026,3,5,21,2,0,26
7,6,2026,3,5,4,1,2,25
7,11,2026,3,5,12,36,9,52
7,14,2026,3,5,17,16,3,65
7,21,2026,3,5,16,6,14,57
7,24,2026,3,5,14,11,14,54
7,32,2026,3,5,16,15,3,66
7,36,2026,3,5,17,8,8,66
7,41,2026,3,5,12,20,20,66
7,45,2026,3,5,4,2,20,48
7,52,2026,3,5,21,4,16,36
8,0,2026,3,5,21,2,0,38
8,6,2026,3,5,4,1,3,36
8,11,2026,3,5,12,21,4,53
8,14,2026,3,5,17,5,9,49
8,21,2026,3,5,16,17,14,52
8,24,2026,3,5,14,20,19,53
8,32,2026,3,5,16,12,5,60
8,36,2026,3,5,17,10,4,66
8,41,2026,3,5,12,14,20,60
8,45,2026,3,5,4,4,20,44
8,52,2026,3,5,21,4,19,29
9,0,2026,3,5,21,2,0,31
9,6,2026,3,5,4,1,3,29
9,11,2026,3,5,12,12,7,34
9,14,2026,3,5,17,4,6,32
9,21,2026,3,5,16,3,9,26
9,24,2026,3,5,14,5,12,19
9,32,2026,3,5,16,5,1,23
9,36,2026,3,5,17,2,0,25
9,41,2026,3,5,12,15,10,30
9,45,2026,3,5,4,4,20,14
9,52,2026,3,5,21,4,7,11
10,0,2026,3,5,21,5,0,16
10,6,2026,3,5,4,3,1,18
10,11,2026,3,5,12,17,8,27
10,14,2026,3,5,17,2,3,26
10,21,2026,3,5,16,3,10,19
10,24,2026,3,5,14,2,6,15
10,32,2026,3,5,16,5,0,20
10,36,2026,3,5,17,2,1,21
10,41,2026,3,5,12,32,8,45
10,45,2026,3,5,4,2,10,37
10,52,2026,3,5,21,5,15,27
11,0,2026,3,5,21,4,0,31
11,6,2026,3,5,4,4,0,35
11,11,2026,3,5,12,28,10,53
11,14,2026,3,5,17,6,16,43
11,21,2026,3,5,16,2,14,31
11,24,2026,3,5,14,4,16,19
11,32,2026,3,5,16,4,1,22
11,36,2026,3,5,17,6,0,28
11,41,2026,3,5,12,28,14,42
11,45,2026,3,5,4,6,11,37
11,52,2026,3,5,21,6,14,29
12,0,2026,3,5,21,4,0,33
12,6,2026,3,5,4,4,1,36
12,11,2026,3,5,12,18,12,42
12,14,2026,3,5,17,3,4,41
12,21,2026,3,5,16,4,15,30
12,24,2026,3,5,14,4,13,21
12,32,2026,3,5,16,6,1,26
12,36,2026,3,5,17,4,0,30
12,41,2026,3,5,12,10,12,28
12,45,2026,3,5,4,2,11,19
12,52,2026,3,5,21,4,10,13
13,0,2026,3,5,21,5,0,18
13,6,2026,3,5,4,32,0,50
13,11,2026,3,5,12,17,20,47
13,14,2026,3,5,17,6,10,43
13,21,2026,3,5,16,5,15,33
13,24,2026,3,5,14,4,14,23
13,32,2026,3,5,16,3,0,26
13,36,2026,3,5,17,5,1,30
13,41,2026,3,5,12,8,17,21
13,45,2026,3,5,4,11,4,28
13,52,2026,3,5,21,4,13,19
14,0,2026,3,5,21,2,0,21
14,6,2026,3,5,4,19,1,39
14,11,2026,3,5,12,21,18,42
14,14,2026,3,5,17,3,8,37
14,21,2026,3,5,16,4,12,29
14,24,2026,3,5,14,2,14,17
14,32,2026,3,5,16,4,0,21
14,36,2026,3,5,17,2,3,20
14,41,2026,3,5,12,28,8,40
14,45,2026,3,5,4,28,8,60
14,52,2026,3,5,21,4,20,44
15,0,2026,3,5,21,6,0,50
15,6,2026,3,5,4,17,1,66
15,11,2026,3,5,12,17,20,63
15,14,2026,3,5,17,3,16,50
15,21,2026,3,5,16,5,15,40
15,24,2026,3,5,14,4,20,24
15,32,2026,3,5,16,5,1,28
15,36,2026,3,5,17,3,1,30
15,41,2026,3,5,12,17,13,34
15,45,2026,3,5,4,24,5,53
15,52,2026,3,5,21,6,20,39
16,0,2026,3,5,21,4,0,43
16,6,2026,3,5,4,2,1,44
16,11,2026,3,5,12,21,20,45
16,14,2026,3,5,17,6,17,34
16,21,2026,3,5,16,6,6,34
16,24,2026,3,5,14,5,12,27
16,32,2026,3,5,16,6,1,32
16,36,2026,3,5,17,4,1,35
16,41,2026,3,5,12,30,15,50
16,45,2026,3,5,4,6,14,42
16,52,2026,3,5,21,3,20,25
17,0,2026,3,5,21,6,0,31
17,6,2026,3,5,4,3,0,34
17,11,2026,3,5,12,26,12,48
17,14,2026,3,5,17,6,14,40
17,21,2026,3,5,16,3,7,36
17,24,2026,3,5,14,2,20,18
17,32,2026,3,5,16,3,0,21
17,36,2026,3,5,17,2,0,23
17,41,2026,3,5,12,21,11,33
17,45,2026,3,5,4,6,14,25
17,52,2026,3,5,21,3,9,19
18,0,2026,3,5,21,6,0,25
18,6,2026,3,5,4,3,1,27
18,11,2026,3,5,12,32,12,47
18,14,2026,3,5,17,3,13,37
18,21,2026,3,5,16,4,9,32
18,24,2026,3,5,14,3,15,20
18,32,2026,3,5,16,5,1,24
18,36,2026,3,5,17,6,0,30
18,41,2026,3,5,12,15,13,32
18,45,2026,3,5,4,5,8,29
18,52,2026,3,5,21,5,13,21
19,0,2026,3,5,21,4,0,25
19,6,2026,3,5,4,6,0,31
19,11,2026,3,5,12,11,15,27
19,14,2026,3,5,17,4,5,26
19,21,2026,3,5,16,4,6,24
19,24,2026,3,5,14,6,8,22
19,32,2026,3,5,16,2,0,24
19,36,2026,3,5,17,4,1,27
19,41,2026,3,5,12,17,15,29
19,45,2026,3,5,4,4,10,23
19,52,2026,3,5,21,5,9,19
20,0,2026,3,5,21,5,0,24
20,6,2026,3,5,4,5,1,28
20,11,2026,3,5,12,25,16,37
20,14,2026,3,5,17,3,8,32
20,21,2026,3,5,16,2,5,29
20,24,2026,3,5,14,4,13,20
20,32,2026,3,5,16,6,1,25
20,36,2026,3,5,17,4,1,28
20,41,2026,3,5,12,12,11,29
20,45,2026,3,5,4,6,12,23
20,52,2026,3,5,21,6,8,21
21,0,2026,3,5,21,2,0,23
21,6,2026,3,5,4,3,0,26
21,11,2026,3,5,12,16,13,29
21,14,2026,3,5,17,2,6,25
21,21,2026,3,5,16,6,8,23
21,24,2026,3,5,14,5,11,17
21,32,2026,3,5,16,3,0,20
21,36,2026,3,5,17,3,2,21
21,41,2026,3,5,12,13,11,23
21,45,2026,3,5,4,3,8,18
21,52,2026,3,5,21,5,6,17
22,0,2026,3,5,21,6,0,23
22,6,2026,3,5,4,6,1,28
22,11,2026,3,5,12,29,10,47
22,14,2026,3,5,17,3,10,40
22,21,2026,3,5,16,3,14,29
22,24,2026,3,5,14,4,11,22
22,32,2026,3,5,16,4,0,26
22,36,2026,3,5,17,6,2,30
22,41,2026,3,5,12,19,13,36
22,45,2026,3,5,4,6,12,30
22,52,2026,3,5,21,2,11,21
23,0,2026,3,5,21,3,0,24
23,6,2026,3,5,4,3,0,27
23,11,2026,3,5,12,25,9,43
23,14,2026,3,5,17,6,18,31
23,21,2026,3,5,16,2,7,26
23,24,2026,3,5,14,4,8,22
23,32,2026,3,5,16,2,1,23
23,36,2026,3,5,17,4,0,27
23,41,2026,3,5,12,8,12,23
23,45,2026,3,5,4,2,9,16
23,52,2026,3,5,21,0,16,0
6,0,2026,3,6,21,6,0,6
6,6,2026,3,6,4,2,1,7
6,11,2026,3,6,12,14,5,16
6,14,2026,3,6,17,5,6,15
6,21,2026,3,6,16,7,5,17
6,24,2026,3,6,14,7,2,22
6,32,2026,3,6,16,6,0,28
6,36,2026,3,6,17,21,2,47
6,41,2026,3,6,12,12,20,39
6,45,2026,3,6,4,3,12,30
6,52,2026,3,6,21,6,9,27
7,0,2026,3,6,21,4,0,31
7,6,2026,3,6,4,5,4,32
7,11,2026,3,6,12,23,7,48
7,14,2026,3,6,17,5,7,46
7,21,2026,3,6,16,10,11,45
7,24,2026,3,6,14,21,12,54
7,32,2026,3,6,16,17,5,66
7,36,2026,3,6,17,8,8,66
7,41,2026,3,6,12,15,20,61
7,45,2026,3,6,4,3,20,44
7,52,2026,3,6,21,3,20,27
8,0,2026,3,6,21,2,0,29
8,6,2026,3,6,4,3,1,31
8,11,2026,3,6,12,9,6,34
8,14,2026,3,6,17,12,7,39
8,21,2026,3,6,16,15,9,45
8,24,2026,3,6,14,16,17,44
8,32,2026,3,6,16,9,1,52
8,36,2026,3,6,17,16,2,66
8,41,2026,3,6,12,20,20,66
8,45,2026,3,6,4,5,20,51
8,52,2026,3,6,21,6,20,37
9,0,2026,3,6,21,2,0,39
9,6,2026,3,6,4,2,3,38
9,11,2026,3,6,12,21,10,49
9,14,2026,3,6,17,5,7,47
9,21,2026,3,6,16,3,19,31
9,24,2026,3,6,14,6,12,25
9,32,2026,3,6,16,3,0,28
9,36,2026,3,6,17,5,0,33
9,41,2026,3,6,12,15,13,35
9,45,2026,3,6,4,5,20,20
9,52,2026,3,6,21,5,5,20
10,0,2026,3,6,21,3,0,23
10,6,2026,3,6,4,2,0,25
10,11,2026,3,6,12,17,12,30
10,14,2026,3,6,17,4,9,25
10,21,2026,3,6,16,6,8,23
10,24,2026,3,6,14,4,10,17
10,32,2026,3,6,16,5,1,21
10,36,2026,3,6,17,4,1,24
10,41,2026,3,6,12,26,15,35
10,45,2026,3,6,4,6,11,30
10,52,2026,3,6,21,6,6,30
11,0,2026,3,6,21,4,0,34
11,6,2026,3,6,4,2,0,36
11,11,2026,3,6,12,9,11,34
11,14,2026,3,6,17,4,10,28
11,21,2026,3,6,16,3,11,20
11,24,2026,3,6,14,6,10,16
11,32,2026,3,6,16,5,0,21
11,36,2026,3,6,17,5,3,23
11,41,2026,3,6,12,10,13,20
11,45,2026,3,6,4,6,7,19
11,52,2026,3,6,21,4,5,18
12,0,2026,3,6,21,3,0,21
12,6,2026,3,6,4,4,0,25
12,11,2026,3,6,12,31,10,46
12,14,2026,3,6,17,2,10,38
12,21,2026,3,6,16,5,15,28
12,24,2026,3,6,14,4,10,22
12,32,2026,3,6,16,3,0,25
12,36,2026,3,6,17,3,0,28
12,41,2026,3,6,12,32,10,50
12,45,2026,3,6,4,4,15,39
12,52,2026,3,6,21,3,15,27
13,0,2026,3,6,21,5,0,32
13,6,2026,3,6,4,26,2,56
13,11,2026,3,6,12,26,20,62
13,14,2026,3,6,17,6,18,50
13,21,2026,3,6,16,5,17,38
13,24,2026,3,6,14,6,18,26
13,32,2026,3,6,16,6,0,32
13,36,2026,3,6,17,3,4,31
13,41,2026,3,6,12,35,16,50
13,45,2026,3,6,4,19,15,54
13,52,2026,3,6,21,2,16,40
14,0,2026,3,6,21,3,0,43
14,6,2026,3,6,4,8,1,50
14,11,2026,3,6,12,32,20,62
14,14,2026,3,6,17,4,14,52
14,21,2026,3,6,16,4,19,37
14,24,2026,3,6,14,2,20,19
14,32,2026,3,6,16,5,0,24
14,36,2026,3,6,17,2,2,24
14,41,2026,3,6,12,14,9,29
14,45,2026,3,6,4,18,3,44
14,52,2026,3,6,21,5,19,30
15,0,2026,3,6,21,4,0,34
15,6,2026,3,6,4,19,2,51
15,11,2026,3,6,12,11,20,42
15,14,2026,3,6,17,5,8,39
15,21,2026,3,6,16,6,10,35
15,24,2026,3,6,14,4,16,23
15,32,2026,3,6,16,3,0,26
15,36,2026,3,6,17,3,1,28
15,41,2026,3,6,12,31,14,45
15,45,2026,3,6,4,23,9,59
15,52,2026,3,6,21,5,18,46
16,0,2026,3,6,21,6,0,52
16,6,2026,3,6,4,4,1,55
16,11,2026,3,6,12,31,20,66
16,14,2026,3,6,17,3,20,49
16,21,2026,3,6,16,4,15,38
16,24,2026,3,6,14,3,19,22
16,32,2026,3,6,16,3,0,25
16,36,2026,3,6,17,5,0,30
16,41,2026,3,6,12,36,14,52
16,45,2026,3,6,4,5,17,40
16,52,2026,3,6,21,2,13,29
17,0,2026,3,6,21,3,0,32
17,6,2026,3,6,4,6,1,37
17,11,2026,3,6,12,32,11,58
17,14,2026,3,6,17,2,10,50
17,21,2026,3,6,16,3,19,34
17,24,2026,3,6,14,3,14,23
17,32,2026,3,6,16,6,1,28
17,36,2026,3,6,17,2,2,28
17,41,2026,3,6,12,16,10,34
17,45,2026,3,6,4,4,10,28
17,52,2026,3,6,21,3,15,16
18,0,2026,3,6,21,4,0,20
18,6,2026,3,6,4,3,0,23
18,11,2026,3,6,12,14,9,28
18,14,2026,3,6,17,2,8,22
18,21,2026,3,6,16,3,1,24
18,24,2026,3,6,14,2,10,16
18,32,2026,3,6,16,6,0,22
18,36,2026,3,6,17,3,1,24
18,41,2026,3,6,12,19,12,31
18,45,2026,3,6,4,3,10,24
18,52,2026,3,6,21,3,7,20
19,0,2026,3,6,21,2,0,22
19,6,2026,3,6,4,5,2,25
19,11,2026,3,6,12,29,7,47
19,14,2026,3,6,17,2,6,43
19,21,2026,3,6,16,5,16,32
19,24,2026,3,6,14,6,11,27
19,32,2026,3,6,16,6,0,33
19,36,2026,3,6,17,6,1,38
19,41,2026,3,6,12,9,15,32
19,45,2026,3,6,4,4,12,24
19,52,2026,3,6,21,6,10,20
20,0,2026,3,6,21,3,0,23
20,6,2026,3,6,4,2,1,24
20,11,2026,3,6,12,20,8,36
20,14,2026,3,6,17,6,8,34
20,21,2026,3,6,16,3,9,28
20,24,2026,3,6,14,3,9,22
20,32,2026,3,6,16,5,1,26
20,36,2026,3,6,17,6,4,28
20,41,2026,3,6,12,12,10,30
20,45,2026,3,6,4,4,12,22
20,52,2026,3,6,21,5,9,18
21,0,2026,3,6,21,6,0,24
21,6,2026,3,6,4,5,0,29
21,11,2026,3,6,12,34,14,49
21,14,2026,3,6,17,6,8,47
21,21,2026,3,6,16,4,17,34
21,24,2026,3,6,14,6,11,29
21,32,2026,3,6,16,5,1,33
21,36,2026,3,6,17,4,0,37
21,41,2026,3,6,12,36,17,56
21,45,2026,3,6,4,2,15,43
21,52,2026,3,6,21,6,16,33
22,0,2026,3,6,21,5,0,38
22,6,2026,3,6,4,4,0,42
22,11,2026,3,6,12,24,9,57
22,14,2026,3,6,17,3,12,48
22,21,2026,3,6,16,2,13,37
22,24,2026,3,6,14,4,16,25
22,32,2026,3,6,16,2,0,27
22,36,2026,3,6,17,5,1,31
22,41,2026,3,6,12,21,10,42
22,45,2026,3,6,4,6,10,38
22,52,2026,3,6,21,6,20,24
23,0,2026,3,6,21,6,0,30
23,6,2026,3,6,4,6,1,35
23,11,2026,3,6,12,24,14,45
23,14,2026,3,6,17,5,12,38
23,21,2026,3,6,16,4,13,29
23,24,2026,3,6,14,6,8,27
23,32,2026,3,6,16,2,0,29
23,36,2026,3,6,17,2,1,30
23,41,2026,3,6,12,19,18,31
23,45,2026,3,6,4,1,12,20
23,52,2026,3,6,21,0,20,0
6,0,2026,3,7,21,3,0,3
6,6,2026,3,7,4,4,0,7
6,11,2026,3,7,12,35,5,37
6,14,2026,3,7,17,17,9,45
6,21,2026,3,7,16,19,9,55
6,24,2026,3,7,14,16,11,60
6,32,2026,3,7,16,10,4,66
6,36,2026,3,7,17,9,9,66
6,41,2026,3,7,12,20,20,66
6,45,2026,3,7,4,4,20,50
6,52,2026,3,7,21,4,20,34
7,0,2026,3,7,21,2,0,36
7,6,2026,3,7,4,5,1,40
7,11,2026,3,7,12,12,10,42
7,14,2026,3,7,17,5,10,37
7,21,2026,3,7,16,6,11,32
7,24,2026,3,7,14,10,13,29
7,32,2026,3,7,16,11,0,40
7,36,2026,3,7,17,13,2,51
7,41,2026,3,7,12,22,20,53
7,45,2026,3,7,4,2,20,35
7,52,2026,3,7,21,3,11,27
8,0,2026,3,7,21,5,0,32
8,6,2026,3,7,4,2,5,29
8,11,2026,3,7,12,14,7,36
8,14,2026,3,7,17,11,5,42
8,21,2026,3,7,16,20,9,53
8,24,2026,3,7,14,21,13,61
8,32,2026,3,7,16,9,4,66
8,36,2026,3,7,17,11,11,66
8,41,2026,3,7,12,12,20,58
8,45,2026,3,7,4,2,20,40
8,52,2026,3,7,21,2,20,22
9,0,2026,3,7,21,2,0,24
9,6,2026,3,7,4,3,0,27
9,11,2026,3,7,12,9,9,27
9,14,2026,3,7,17,5,4,28
9,21,2026,3,7,16,5,10,23
9,24,2026,3,7,14,4,7,20
9,32,2026,3,7,16,2,1,21
9,36,2026,3,7,17,3,0,24
9,41,2026,3,7,12,34,9,49
9,45,2026,3,7,4,2,20,31
9,52,2026,3,7,21,3,3,31
10,0,2026,3,7,21,5,0,36
10,6,2026,3,7,4,5,3,38
10,11,2026,3,7,12,17,11,44
10,14,2026,3,7,17,6,12,38
10,21,2026,3,7,16,6,11,33
10,24,2026,3,7,14,3,16,20
10,32,2026,3,7,16,2,1,21
10,36,2026,3,7,17,5,0,26
10,41,2026,3,7,12,22,15,33
10,45,2026,3,7,4,6,9,30
10,52,2026,3,7,21,6,9,27
11,0,2026,3,7,21,2,0,29
11,6,2026,3,7,4,5,1,33
11,11,2026,3,7,12,26,13,46
11,14,2026,3,7,17,6,11,41
11,21,2026,3,7,16,4,12,33
11,24,2026,3,7,14,3,14,22
11,32,2026,3,7,16,3,0,25
11,36,2026,3,7,17,5,1,29
11,41,2026,3,7,12,25,12,42
11,45,2026,3,7,4,5,11,36
11,52,2026,3,7,21,5,18,23
12,0,2026,3,7,21,4,0,27
12,6,2026,3,7,4,3,0,30
12,11,2026,3,7,12,15,12,33
12,14,2026,3,7,17,2,4,31
12,21,2026,3,7,16,5,12,24
12,24,2026,3,7,14,6,10,20
12,32,2026,3,7,16,4,2,22
12,36,2026,3,7,17,2,1,23
12,41,2026,3,7,12,15,11,27
12,45,2026,3,7,4,4,11,20
12,52,2026,3,7,21,4,11,13
13,0,2026,3,7,21,6,0,19
13,6,2026,3,7,4,29,0,48
13,11,2026,3,7,12,16,20,44
13,14,2026,3,7,17,4,18,30
13,21,2026,3,7,16,4,9,25
13,24,2026,3,7,14,3,9,19
13,32,2026,3,7,16,3,0,22
13,36,2026,3,7,17,4,0,26
13,41,2026,3,7,12,30,12,44
13,45,2026,3,7,4,30,11,63
13,52,2026,3,7,21,4,17,50
14,0,2026,3,7,21,4,0,54
14,6,2026,3,7,4,14,2,66
14,11,2026,3,7,12,11,20,57
14,14,2026,3,7,17,2,20,39
14,21,2026,3,7,16,4,11,32
14,24,2026,3,7,14,5,14,23
14,32,2026,3,7,16,4,0,27
14,36,2026,3,7,17,3,1,29
14,41,2026,3,7,12,17,14,32
14,45,2026,3,7,4,22,8,46
14,52,2026,3,7,21,6,13,39
15,0,2026,3,7,21,4,0,43
15,6,2026,3,7,4,15,1,57
15,11,2026,3,7,12,29,20,66
15,14,2026,3,7,17,4,20,50
15,21,2026,3,7,16,6,13,43
15,24,2026,3,7,14,6,18,31
15,32,2026,3,7,16,3,1,33
15,36,2026,3,7,17,3,4,32
15,41,2026,3,7,12,23,15,40
15,45,2026,3,7,4,14,12,42
15,52,2026,3,7,21,4,15,31
16,0,2026,3,7,21,3,0,34
16,6,2026,3,7,4,5,2,37
16,11,2026,3,7,12,18,17,38
16,14,2026,3,7,17,5,12,31
16,21,2026,3,7,16,6,12,25
16,24,2026,3,7,14,2,8,19
16,32,2026,3,7,16,6,0,25
16,36,2026,3,7,17,4,4,25
16,41,2026,3,7,12,15,16,24
16,45,2026,3,7,4,3,6,21
16,52,2026,3,7,21,3,8,16
17,0,2026,3,7,21,5,0,21
17,6,2026,3,7,4,3,0,24
17,11,2026,3,7,12,8,6,26
17,14,2026,3,7,17,5,9,22
17,21,2026,3,7,16,5,8,19
17,24,2026,3,7,14,6,7,18
17,32,2026,3,7,16,3,1,20
17,36,2026,3,7,17,5,2,23
17,41,2026,3,7,12,11,11,23
17,45,2026,3,7,4,2,6,19
17,52,2026,3,7,21,5,7,17
18,0,2026,3,7,21,5,0,22
18,6,2026,3,7,4,5,0,27
18,11,2026,3,7,12,9,13,23
18,14,2026,3,7,17,6,4,25
18,21,2026,3,7,16,4,6,23
18,24,2026,3,7,14,5,12,16
18,32,2026,3,7,16,2,1,17
18,36,2026,3,7,17,3,0,20
18,41,2026,3,7,12,10,13,17
18,45,2026,3,7,4,2,3,16
18,52,2026,3,7,21,3,4,15
19,0,2026,3,7,21,4,0,19
19,6,2026,3,7,4,2,1,20
19,11,2026,3,7,12,14,5,29
19,14,2026,3,7,17,2,5,26
19,21,2026,3,7,16,6,6,26
19,24,2026,3,7,14,2,11,17
19,32,2026,3,7,16,3,1,19
19,36,2026,3,7,17,3,1,21
19,41,2026,3,7,12,28,11,38
19,45,2026,3,7,4,4,15,27
19,52,2026,3,7,21,3,8,22
20,0,2026,3,7,21,4,0,26
20,6,2026,3,7,4,4,0,30
20,11,2026,3,7,12,27,10,47
20,14,2026,3,7,17,6,10,43
20,21,2026,3,7,16,6,18,31
20,24,2026,3,7,14,6,12,25
20,32,2026,3,7,16,6,1,30
20,36,2026,3,7,17,5,2,33
20,41,2026,3,7,12,32,16,49
20,45,2026,3,7,4,3,9,43
20,52,2026,3,7,21,5,18,30
21,0,2026,3,7,21,6,0,36
21,6,2026,3,7,4,3,0,39
21,11,2026,3,7,12,22,10,51
21,14,2026,3,7,17,2,17,36
21,21,2026,3,7,16,5,11,30
21,24,2026,3,7,14,6,16,20
21,32,2026,3,7,16,5,0,25
21,36,2026,3,7,17,4,1,28
21,41,2026,3,7,12,29,13,44
21,45,2026,3,7,4,5,12,37
21,52,2026,3,7,21,3,16,24
22,0,2026,3,7,21,6,0,30
22,6,2026,3,7,4,2,1,31
22,11,2026,3,7,12,18,12,37
22,14,2026,3,7,17,2,9,30
22,21,2026,3,7,16,2,11,21
22,24,2026,3,7,14,3,14,10
22,32,2026,3,7,16,4,1,13
22,36,2026,3,7,17,5,0,18
22,41,2026,3,7,12,32,12,38
22,45,2026,3,7,4,5,8,35
22,52,2026,3,7,21,4,8,31
23,0,2026,3,7,21,2,0,33
23,6,2026,3,7,4,3,2,34
23,11,2026,3,7,12,22,11,45
23,14,2026,3,7,17,5,6,44
23,21,2026,3,7,16,6,12,38
23,24,2026,3,7,14,3,18,23
23,32,2026,3,7,16,4,0,27
23,36,2026,3,7,17,5,0,32
23,41,2026,3,7,12,27,20,39
23,45,2026,3,7,4,0,19,20
23,52,2026,3,7,21,0,20,0
6,0,2026,3,8,21,6,0,6
6,6,2026,3,8,4,5,0,11
6,11,2026,3,8,12,9,9,11
6,14,2026,3,8,17,14,3,22
6,21,2026,3,8,16,11,4,29
6,24,2026,3,8,14,12,6,35
6,32,2026,3,8,16,8,0,43
6,36,2026,3,8,17,19,5,57
6,41,2026,3,8,12,29,20,66
6,45,2026,3,8,4,3,20,49
6,52,2026,3,8,21,2,20,31
7,0,2026,3,8,21,6,0,37
7,6,2026,3,8,4,2,3,36
7,11,2026,3,8,12,10,9,37
7,14,2026,3,8,17,8,11,34
7,21,2026,3,8,16,9,13,30
7,24,2026,3,8,14,20,10,40
7,32,2026,3,8,16,14,1,53
7,36,2026,3,8,17,15,5,63
7,41,2026,3,8,12,23,20,66
7,45,2026,3,8,4,1,20,47
7,52,2026,3,8,21,6,17,36
8,0,2026,3,8,21,6,0,42
8,6,2026,3,8,4,5,5,42
8,11,2026,3,8,12,32,8,66
8,14,2026,3,8,17,9,9,66
8,21,2026,3,8,16,18,18,66
8,24,2026,3,8,14,20,20,66
8,32,2026,3,8,16,2,2,66
8,36,2026,3,8,17,7,7,66
8,41,2026,3,8,12,20,20,66
8,45,2026,3,8,4,2,20,48
8,52,2026,3,8,21,4,20,32
9,0,2026,3,8,21,5,0,37
9,6,2026,3,8,4,1,6,32
9,11,2026,3,8,12,31,3,60
9,14,2026,3,8,17,2,10,52
9,21,2026,3,8,16,3,10,45
9,24,2026,3,8,14,3,18,30
9,32,2026,3,8,16,2,1,31
9,36,2026,3,8,17,6,1,36
9,41,2026,3,8,12,14,14,36
9,45,2026,3,8,4,2,20,18
9,52,2026,3,8,21,6,7,17
10,0,2026,3,8,21,5,0,22
10,6,2026,3,8,4,4,1,25
10,11,2026,3,8,12,12,12,25
10,14,2026,3,8,17,5,5,25
10,21,2026,3,8,16,2,6,21
10,24,2026,3,8,14,3,8,16
10,32,2026,3,8,16,4,0,20
10,36,2026,3,8,17,6,2,24
10,41,2026,3,8,12,24,13,35
10,45,2026,3,8,4,3,8,30
10,52,2026,3,8,21,6,8,28
11,0,2026,3,8,21,5,0,33
11,6,2026,3,8,4,5,1,37
11,11,2026,3,8,12,24,11,50
11,14,2026,3,8,17,4,13,41
11,21,2026,3,8,16,5,12,34
11,24,2026,3,8,14,2,17,19
11,32,2026,3,8,16,5,0,24
11,36,2026,3,8,17,6,0,30
11,41,2026,3,8,12,12,16,26
11,45,2026,3,8,4,6,8,24
11,52,2026,3,8,21,3,8,19
12,0,2026,3,8,21,5,0,24
12,6,2026,3,8,4,5,0,29
12,11,2026,3,8,12,19,9,39
12,14,2026,3,8,17,3,8,34
12,21,2026,3,8,16,3,13,24
12,24,2026,3,8,14,5,13,16
12,32,2026,3,8,16,3,0,19
12,36,2026,3,8,17,5,1,23
12,41,2026,3,8,12,35,12,46
12,45,2026,3,8,4,2,10,38
12,52,2026,3,8,21,3,10,31
13,0,2026,3,8,21,2,0,33
13,6,2026,3,8,4,10,0,43
13,11,2026,3,8,12,23,11,55
13,14,2026,3,8,17,3,15,43
13,21,2026,3,8,16,3,18,28
13,24,2026,3,8,14,5,19,14
13,32,2026,3,8,16,5,0,19
13,36,2026,3,8,17,6,0,25
13,41,2026,3,8,12,23,15,33
13,45,2026,3,8,4,24,1,56
13,52,2026,3,8,21,3,11,48
14,0,2026,3,8,21,2,0,50
14,6,2026,3,8,4,17,1,66
14,11,2026,3,8,12,8,20,54
14,14,2026,3,8,17,2,12,44
14,21,2026,3,8,16,5,18,31
14,24,2026,3,8,14,5,14,22
14,32,2026,3,8,16,5,1,26
14,36,2026,3,8,17,2,0,28
14,41,2026,3,8,12,14,14,28
14,45,2026,3,8,4,17,2,43
14,52,2026,3,8,21,4,15,32
15,0,2026,3,8,21,4,0,36
15,6,2026,3,8,4,11,0,47
15,11,2026,3,8,12,17,20,44
15,14,2026,3,8,17,3,13,34
15,21,2026,3,8,16,5,12,27
15,24,2026,3,8,14,2,12,17
15,32,2026,3,8,16,2,0,19
15,36,2026,3,8,17,4,0,23
15,41,2026,3,8,12,14,10,27
15,45,2026,3,8,4,19,6,40
15,52,2026,3,8,21,4,9,35
16,0,2026,3,8,21,3,0,38
16,6,2026,3,8,4,3,0,41
16,11,2026,3,8,12,32,17,56
16,14,2026,3,8,17,5,18,43
16,21,2026,3,8,16,5,11,37
16,24,2026,3,8,14,6,11,32
16,32,2026,3,8,16,3,1,34
16,36,2026,3,8,17,6,3,37
16,41,2026,3,8,12,11,13,35
16,45,2026,3,8,4,4,16,23
16,52,2026,3,8,21,3,10,16
17,0,2026,3,8,21,3,0,19
17,6,2026,3,8,4,6,2,23
17,11,2026,3,8,12,29,9,43
17,14,2026,3,8,17,6,9,40
17,21,2026,3,8,16,6,13,33
17,24,2026,3,8,14,2,11,24
17,32,2026,3,8,16,3,0,27
17,36,2026,3,8,17,5,2,30
17,41,2026,3,8,12,25,11,44
17,45,2026,3,8,4,2,17,29
17,52,2026,3,8,21,6,15,20
18,0,2026,3,8,21,4,0,24
18,6,2026,3,8,4,4,1,27
18,11,2026,3,8,12,20,10,37
18,14,2026,3,8,17,6,6,37
18,21,2026,3,8,16,3,8,32
18,24,2026,3,8,14,6,16,22
18,32,2026,3,8,16,2,0,24
18,36,2026,3,8,17,3,2,25
18,41,2026,3,8,12,9,8,26
18,45,2026,3,8,4,3,13,16
18,52,2026,3,8,21,3,7,12
19,0,2026,3,8,21,2,0,14
19,6,2026,3,8,4,2,0,16
19,11,2026,3,8,12,9,8,17
19,14,2026,3,8,17,3,4,16
19,21,2026,3,8,16,5,6,15
19,24,2026,3,8,14,2,3,14
19,32,2026,3,8,16,5,0,19
19,36,2026,3,8,17,2,3,18
19,41,2026,3,8,12,35,10,43
19,45,2026,3,8,4,2,8,37
19,52,2026,3,8,21,3,12,28
20,0,2026,3,8,21,5,0,33
20,6,2026,3,8,4,6,0,39
20,11,2026,3,8,12,26,8,57
20,14,2026,3,8,17,5,13,49
20,21,2026,3,8,16,4,11,42
20,24,2026,3,8,14,3,20,25
20,32,2026,3,8,16,2,0,27
20,36,2026,3,8,17,5,1,31
20,41,2026,3,8,12,29,12,48
20,45,2026,3,8,4,2,13,37
20,52,2026,3,8,21,2,14,25
21,0,2026,3,8,21,4,0,29
21,6,2026,3,8,4,3,0,32
21,11,2026,3,8,12,24,9,47
21,14,2026,3,8,17,4,8,43
21,21,2026,3,8,16,3,17,29
21,24,2026,3,8,14,6,13,22
21,32,2026,3,8,16,3,0,25
21,36,2026,3,8,17,4,1,28
21,41,2026,3,8,12,36,13,51
21,45,2026,3,8,4,2,12,41
21,52,2026,3,8,21,3,15,29
22,0,2026,3,8,21,4,0,33
22,6,2026,3,8,4,3,0,36
22,11,2026,3,8,12,8,10,34
22,14,2026,3,8,17,2,9,27
22,21,2026,3,8,16,2,12,17
22,24,2026,3,8,14,6,12,11
22,32,2026,3,8,16,5,0,16
22,36,2026,3,8,17,6,0,22
22,41,2026,3,8,12,22,13,31
22,45,2026,3,8,4,2,9,24
22,52,2026,3,8,21,4,8,20
23,0,2026,3,8,21,5,0,25
23,6,2026,3,8,4,6,0,31
23,11,2026,3,8,12,20,12,39
23,14,2026,3,8,17,2,13,28
23,21,2026,3,8,16,5,7,26
23,24,2026,3,8,14,2,10,18
23,32,2026,3,8,16,6,0,24
23,36,2026,3,8,17,6,0,30
23,41,2026,3,8,12,22,13,39
23,45,2026,3,8,4,0,19,20
23,52,2026,3,8,21,0,20,0
6,0,2026,3,9,21,6,0,6
6,6,2026,3,9,4,6,0,12
6,11,2026,3,9,12,15,8,19
6,14,2026,3,9,17,8,3,24
6,21,2026,3,9,16,19,4,39
6,24,2026,3,9,14,8,6,41
6,32,2026,3,9,16,11,1,51
6,36,2026,3,9,17,11,4,58
6,41,2026,3,9,12,28,20,66
6,45,2026,3,9,4,3,17,52
6,52,2026,3,9,21,4,20,36
7,0,2026,3,9,21,2,0,38
7,6,2026,3,9,4,5,3,40
7,11,2026,3,9,12,12,7,45
7,14,2026,3,9,17,18,8,55
7,21,2026,3,9,16,10,13,52
7,24,2026,3,9,14,15,16,51
7,32,2026,3,9,16,12,2,61
7,36,2026,3,9,17,7,2,66
7,41,2026,3,9,12,10,20,56
7,45,2026,3,9,4,3,20,39
7,52,2026,3,9,21,2,20,21
8,0,2026,3,9,21,2,0,23
8,6,2026,3,9,4,3,2,24
8,11,2026,3,9,12,27,7,44
8,14,2026,3,9,17,21,6,59
8,21,2026,3,9,16,13,6,66
8,24,2026,3,9,14,7,13,60
8,32,2026,3,9,16,7,1,66
8,36,2026,3,9,17,7,7,66
8,41,2026,3,9,12,14,20,60
8,45,2026,3,9,4,4,20,44
8,52,2026,3,9,21,4,20,28
9,0,2026,3,9,21,3,0,31
9,6,2026,3,9,4,5,3,33
9,11,2026,3,9,12,9,8,34
9,14,2026,3,9,17,3,7,30
9,21,2026,3,9,16,4,13,21
9,24,2026,3,9,14,5,10,16
9,32,2026,3,9,16,2,0,18
9,36,2026,3,9,17,4,0,22
9,41,2026,3,9,12,34,9,47
9,45,2026,3,9,4,5,20,32
9,52,2026,3,9,21,6,8,30
10,0,2026,3,9,21,3,0,33
10,6,2026,3,9,4,3,2,34
10,11,2026,3,9,12,27,12,49
10,14,2026,3,9,17,6,11,44
10,21,2026,3,9,16,6,16,34
10,24,2026,3,9,14,2,11,25
10,32,2026,3,9,16,5,1,29
10,36,2026,3,9,17,5,2,32
10,41,2026,3,9,12,22,15,39
10,45,2026,3,9,4,6,14,31
10,52,2026,3,9,21,4,17,18
11,0,2026,3,9,21,6,0,24
11,6,2026,3,9,4,5,0,29
11,11,2026,3,9,12,16,15,30
11,14,2026,3,9,17,2,9,23
11,21,2026,3,9,16,6,7,22
11,24,2026,3,9,14,4,6,20
11,32,2026,3,9,16,5,0,25
11,36,2026,3,9,17,2,0,27
11,41,2026,3,9,12,33,14,46
11,45,2026,3,9,4,2,13,35
11,52,2026,3,9,21,3,16,22
12,0,2026,3,9,21,4,0,26
12,6,2026,3,9,4,6,0,32
12,11,2026,3,9,12,26,9,49
12,14,2026,3,9,17,2,16,35
12,21,2026,3,9,16,6,9,32
12,24,2026,3,9,14,6,15,23
12,32,2026,3,9,16,4,0,27
12,36,2026,3,9,17,6,1,32
12,41,2026,3,9,12,22,17,37
12,45,2026,3,9,4,5,11,31
12,52,2026,3,9,21,4,9,26
13,0,2026,3,9,21,5,0,31
13,6,2026,3,9,4,16,1,46
13,11,2026,3,9,12,36,20,62
13,14,2026,3,9,17,2,14,50
13,21,2026,3,9,16,6,15,41
13,24,2026,3,9,14,5,20,26
13,32,2026,3,9,16,5,0,31
13,36,2026,3,9,17,3,2,32
13,41,2026,3,9,12,11,15,28
13,45,2026,3,9,4,14,7,35
13,52,2026,3,9,21,6,13,28
14,0,2026,3,9,21,2,0,30
14,6,2026,3,9,4,15,1,44
14,11,2026,3,9,12,10,20,34
14,14,2026,3,9,17,3,9,28
14,21,2026,3,9,16,4,11,21
14,24,2026,3,9,14,6,13,14
14,32,2026,3,9,16,3,0,17
14,36,2026,3,9,17,6,0,23
14,41,2026,3,9,12,33,17,39
14,45,2026,3,9,4,12,6,45
14,52,2026,3,9,21,4,8,41
15,0,2026,3,9,21,4,0,45
15,6,2026,3,9,4,21,0,66
15,11,2026,3,9,12,20,20,66
15,14,2026,3,9,17,6,18,54
15,21,2026,3,9,16,3,20,37
15,24,2026,3,9,14,4,20,21
15,32,2026,3,9,16,6,0,27
15,36,2026,3,9,17,4,1,30
15,41,2026,3,9,12,14,19,25
15,45,2026,3,9,4,27,3,49
15,52,2026,3,9,21,5,14,40
16,0,2026,3,9,21,3,0,43
16,6,2026,3,9,4,5,0,48
16,11,2026,3,9,12,34,20,62
16,14,2026,3,9,17,6,17,51
16,21,2026,3,9,16,4,11,44
16,24,2026,3,9,14,3,17,30
16,32,2026,3,9,16,3,0,33
16,36,2026,3,9,17,2,0,35
16,41,2026,3,9,12,22,12,45
16,45,2026,3,9,4,5,13,37
16,52,2026,3,9,21,5,17,25
17,0,2026,3,9,21,6,0,31
17,6,2026,3,9,4,5,2,34
17,11,2026,3,9,12,23,14,43
17,14,2026,3,9,17,2,11,34
17,21,2026,3,9,16,4,12,26
17,24,2026,3,9,14,4,16,14
17,32,2026,3,9,16,2,1,15
17,36,2026,3,9,17,5,1,19
17,41,2026,3,9,12,35,11,43
17,45,2026,3,9,4,3,11,35
17,52,2026,3,9,21,2,9,28
18,0,2026,3,9,21,6,0,34
18,6,2026,3,9,4,4,0,38
18,11,2026,3,9,12,9,11,36
18,14,2026,3,9,17,4,12,28
18,21,2026,3,9,16,2,10,20
18,24,2026,3,9,14,4,9,15
18,32,2026,3,9,16,6,0,21
18,36,2026,3,9,17,6,0,27
18,41,2026,3,9,12,32,14,45
18,45,2026,3,9,4,2,20,27
18,52,2026,3,9,21,4,9,22
19,0,2026,3,9,21,6,0,28
19,6,2026,3,9,4,3,1,30
19,11,2026,3,9,12,28,9,49
19,14,2026,3,9,17,4,13,40
19,21,2026,3,9,16,4,10,34
19,24,2026,3,9,14,5,14,25
19,32,2026,3,9,16,6,1,30
19,36,2026,3,9,17,6,2,34
19,41,2026,3,9,12,19,14,39
19,45,2026,3,9,4,3,11,31
19,52,2026,3,9,21,6,15,22
20,0,2026,3,9,21,4,0,26
20,6,2026,3,9,4,6,0,32
20,11,2026,3,9,12,26,10,48
20,14,2026,3,9,17,6,6,48
20,21,2026,3,9,16,5,17,36
20,24,2026,3,9,14,4,10,30
20,32,2026,3,9,16,6,0,36
20,36,2026,3,9,17,4,1,39
20,41,2026,3,9,12,17,19,37
20,45,2026,3,9,4,6,11,32
20,52,2026,3,9,21,6,13,25
21,0,2026,3,9,21,4,0,29
21,6,2026,3,9,4,3,0,32
21,11,2026,3,9,12,36,16,52
21,14,2026,3,9,17,4,9,47
21,21,2026,3,9,16,2,14,35
21,24,2026,3,9,14,3,15,23
21,32,2026,3,9,16,2,1,24
21,36,2026,3,9,17,5,2,27
21,41,2026,3,9,12,9,10,26
21,45,2026,3,9,4,2,10,18
21,52,2026,3,9,21,6,10,14
22,0,2026,3,9,21,4,0,18
22,6,2026,3,9,4,5,0,23
22,11,2026,3,9,12,16,9,30
22,14,2026,3,9,17,4,3,31
22,21,2026,3,9,16,2,4,29
22,24,2026,3,9,14,6,14,21
22,32,2026,3,9,16,2,0,23
22,36,2026,3,9,17,2,1,24
22,41,2026,3,9,12,24,11,37
22,45,2026,3,9,4,5,12,30
22,52,2026,3,9,21,5,8,27
23,0,2026,3,9,21,3,0,30
23,6,2026,3,9,4,4,0,34
23,11,2026,3,9,12,11,13,32
23,14,2026,3,9,17,5,9,28
23,21,2026,3,9,16,3,9,22
23,24,2026,3,9,14,3,9,16
23,32,2026,3,9,16,4,0,20
23,36,2026,3,9,17,4,0,24
23,41,2026,3,9,12,18,17,25
23,45,2026,3,9,4,5,15,15
23,52,2026,3,9,21,0,15,0
6,0,2026,3,10,21,4,0,4
6,6,2026,3,10,4,3,1,6
6,11,2026,3,10,12,27,4,29
6,14,2026,3,10,17,6,6,29
6,21,2026,3,10,16,10,7,32
6,24,2026,3,10,14,11,4,39
6,32,2026,3,10,16,13,1,51
6,36,2026,3,10,17,7,7,51
6,41,2026,3,10,12,29,20,60
6,45,2026,3,10,4,4,20,44
6,52,2026,3,10,21,2,19,27
7,0,2026,3,10,21,5,0,32
7,6,2026,3,10,4,3,2,33
7,11,2026,3,10,12,23,8,48
7,14,2026,3,10,17,12,7,53
7,21,2026,3,10,16,9,14,48
7,24,2026,3,10,14,15,13,50
7,32,2026,3,10,16,8,2,56
7,36,2026,3,10,17,7,5,58
7,41,2026,3,10,12,19,20,57
7,45,2026,3,10,4,5,20,42
7,52,2026,3,10,21,5,20,27
8,0,2026,3,10,21,6,0,33
8,6,2026,3,10,4,4,2,35
8,11,2026,3,10,12,18,11,42
8,14,2026,3,10,17,12,11,43
8,21,2026,3,10,16,8,11,40
8,24,2026,3,10,14,15,10,45
8,32,2026,3,10,16,21,3,63
8,36,2026,3,10,17,11,8,66
8,41,2026,3,10,12,20,20,66
8,45,2026,3,10,4,1,20,47
8,52,2026,3,10,21,2,18,31
9,0,2026,3,10,21,5,0,36
9,6,2026,3,10,4,1,2,35
9,11,2026,3,10,12,11,4,42
9,14,2026,3,10,17,5,7,40
9,21,2026,3,10,16,4,6,38
9,24,2026,3,10,14,6,20,24
9,32,2026,3,10,16,6,0,30
9,36,2026,3,10,17,6,1,35
9,41,2026,3,10,12,15,12,38
9,45,2026,3,10,4,3,20,21
9,52,2026,3,10,21,5,7,19
10,0,2026,3,10,21,6,0,25
10,6,2026,3,10,4,3,1,27
10,11,2026,3,10,12,15,11,31
10,14,2026,3,10,17,3,6,28
10,21,2026,3,10,16,5,7,26
10,24,2026,3,10,14,2,13,15
10,32,2026,3,10,16,5,0,20
10,36,2026,3,10,17,3,0,23
10,41,2026,3,10,12,36,14,45
10,45,2026,3,10,4,4,15,34
10,52,2026,3,10,21,4,11,27
11,0,2026,3,10,21,2,0,29
11,6,2026,3,10,4,4,0,33
11,11,2026,3,10,12,33,10,56
11,14,2026,3,10,17,4,16,44
11,21,2026,3,10,16,3,17,30
11,24,2026,3,10,14,3,14,19
11,32,2026,3,10,16,5,0,24
11,36,2026,3,10,17,2,1,25
11,41,2026,3,10,12,17,12,30
11,45,2026,3,10,4,2,13,19
11,52,2026,3,10,21,3,10,12
12,0,2026,3,10,21,2,0,14
12,6,2026,3,10,4,4,1,17
12,11,2026,3,10,12,34,6,45
12,14,2026,3,10,17,3,12,36
12,21,2026,3,10,16,4,14,26
12,24,2026,3,10,14,4,10,20
12,32,2026,3,10,16,4,0,24
12,36,2026,3,10,17,4,0,28
12,41,2026,3,10,12,36,16,48
12,45,2026,3,10,4,5,8,45
12,52,2026,3,10,21,5,20,30
13,0,2026,3,10,21,4,0,34
13,6,2026,3,10,4,17,0,51
13,11,2026,3,10,12,12,20,43
13,14,2026,3,10,17,4,13,34
13,21,2026,3,10,16,4,11,27
13,24,2026,3,10,14,5,15,17
13,32,2026,3,10,16,2,0,19
13,36,2026,3,10,17,3,1,21
13,41,2026,3,10,12,20,11,30
13,45,2026,3,10,4,28,3,55
13,52,2026,3,10,21,2,16,41
14,0,2026,3,10,21,3,0,44
14,6,2026,3,10,4,22,0,66
14,11,2026,3,10,12,20,20,66
14,14,2026,3,10,17,6,20,52
14,21,2026,3,10,16,3,20,35
14,24,2026,3,10,14,5,16,24
14,32,2026,3,10,16,2,0,26
14,36,2026,3,10,17,5,1,30
14,41,2026,3,10,12,19,15,34
14,45,2026,3,10,4,32,7,59
14,52,2026,3,10,21,3,18,44
15,0,2026,3,10,21,6,0,50
15,6,2026,3,10,4,18,2,66
15,11,2026,3,10,12,14,20,60
15,14,2026,3,10,17,3,13,50
15,21,2026,3,10,16,4,20,34
15,24,2026,3,10,14,5,19,20
15,32,2026,3,10,16,5,0,25
15,36,2026,3,10,17,4,1,28
15,41,2026,3,10,12,30,13,45
15,45,2026,3,10,4,25,4,66
15,52,2026,3,10,21,5,20,51
16,0,2026,3,10,21,2,0,53
16,6,2026,3,10,4,4,0,57
16,11,2026,3,10,12,13,20,50
16,14,2026,3,10,17,2,11,41
16,21,2026,3,10,16,6,14,33
16,24,2026,3,10,14,4,20,17
16,32,2026,3,10,16,2,1,18
16,36,2026,3,10,17,3,1,20
16,41,2026,3,10,12,34,13,41
16,45,2026,3,10,4,3,12,32
16,52,2026,3,10,21,3,9,26
17,0,2026,3,10,21,3,0,29
17,6,2026,3,10,4,2,0,31
17,11,2026,3,10,12,30,4,57
17,14,2026,3,10,17,5,19,43
17,21,2026,3,10,16,2,10,35
17,24,2026,3,10,14,4,15,24
17,32,2026,3,10,16,4,1,27
17,36,2026,3,10,17,4,1,30
17,41,2026,3,10,12,12,10,32
17,45,2026,3,10,4,6,14,24
17,52,2026,3,10,21,6,10,20
18,0,2026,3,10,21,6,0,26
18,6,2026,3,10,4,2,3,25
18,11,2026,3,10,12,27,8,44
18,14,2026,3,10,17,3,9,38
18,21,2026,3,10,16,2,9,31
18,24,2026,3,10,14,2,12,21
18,32,2026,3,10,16,6,0,27
18,36,2026,3,10,17,6,1,32
18,41,2026,3,10,12,33,12,53
18,45,2026,3,10,4,4,15,42
18,52,2026,3,10,21,3,12,33
19,0,2026,3,10,21,6,0,39
19,6,2026,3,10,4,6,1,44
19,11,2026,3,10,12,32,16,60
19,14,2026,3,10,17,5,14,51
19,21,2026,3,10,16,5,16,40
19,24,2026,3,10,14,4,18,26
19,32,2026,3,10,16,2,0,28
19,36,2026,3,10,17,4,2,30
19,41,2026,3,10,12,20,14,36
19,45,2026,3,10,4,5,13,28
19,52,2026,3,10,21,3,9,22
20,0,2026,3,10,21,4,0,26
20,6,2026,3,10,4,3,0,29
20,11,2026,3,10,12,36,10,55
20,14,2026,3,10,17,6,12,49
20,21,2026,3,10,16,6,12,43
20,24,2026,3,10,14,3,10,36
20,32,2026,3,10,16,6,0,42
20,36,2026,3,10,17,5,0,47
20,41,2026,3,10,12,26,18,55
20,45,2026,3,10,4,6,16,45
20,52,2026,3,10,21,2,16,31
21,0,2026,3,10,21,6,0,37
21,6,2026,3,10,4,4,0,41
21,11,2026,3,10,12,10,13,38
21,14,2026,3,10,17,2,11,29
21,21,2026,3,10,16,4,13,20
21,24,2026,3,10,14,3,11,12
21,32,2026,3,10,16,3,0,15
21,36,2026,3,10,17,4,0,19
21,41,2026,3,10,12,27,12,34
21,45,2026,3,10,4,3,8,29
21,52,2026,3,10,21,4,11,22
22,0,2026,3,10,21,5,0,27
22,6,2026,3,10,4,6,0,33
22,11,2026,3,10,12,17,12,38
22,14,2026,3,10,17,6,8,36
22,21,2026,3,10,16,4,15,25
22,24,2026,3,10,14,5,6,24
22,32,2026,3,10,16,2,0,26
22,36,2026,3,10,17,4,1,29
22,41,2026,3,10,12,36,17,48
22,45,2026,3,10,4,2,14,36
22,52,2026,3,10,21,5,13,28
23,0,2026,3,10,21,4,0,32
23,6,2026,3,10,4,3,0,35
23,11,2026,3,10,12,22,9,48
23,14,2026,3,10,17,3,10,41
23,21,2026,3,10,16,4,13,32
23,24,2026,3,10,14,2,16,18
23,32,2026,3,10,16,5,0,23
23,36,2026,3,10,17,3,2,24
23,41,2026,3,10,12,22,13,33
23,45,2026,3,10,4,4,18,19
23,52,2026,3,10,21,0,19,0
6,0,2026,3,11,21,2,0,2
6,6,2026,3,11,4,5,1,6
6,11,2026,3,11,12,29,4,31
6,14,2026,3,11,17,14,9,36
6,21,2026,3,11,16,18,8,46
6,24,2026,3,11,14,9,10,45
6,32,2026,3,11,16,21,7,59
6,36,2026,3,11,17,11,7,63
6,41,2026,3,11,12,18,20,61
6,45,2026,3,11,4,5,20,46
6,52,2026,3,11,21,2,20,28
7,0,2026,3,11,21,4,0,32
7,6,2026,3,11,4,5,3,34
7,11,2026,3,11,12,12,9,37
7,14,2026,3,11,17,12,6,43
7,21,2026,3,11,16,17,9,51
7,24,2026,3,11,14,10,17,44
7,32,2026,3,11,16,7,1,50
7,36,2026,3,11,17,7,3,54
7,41,2026,3,11,12,14,20,48
7,45,2026,3,11,4,3,20,31
7,52,2026,3,11,21,3,8,26
8,0,2026,3,11,21,2,0,28
8,6,2026,3,11,4,4,3,29
8,11,2026,3,11,12,13,7,35
8,14,2026,3,11,17,16,6,45
8,21,2026,3,11,16,13,3,55
8,24,2026,3,11,14,10,18,47
8,32,2026,3,11,16,20,1,66
8,36,2026,3,11,17,7,9,64
8,41,2026,3,11,12,22,20,66
8,45,2026,3,11,4,3,20,49
8,52,2026,3,11,21,5,20,34
9,0,2026,3,11,21,5,0,39
9,6,2026,3,11,4,2,3,38
9,11,2026,3,11,12,31,9,60
9,14,2026,3,11,17,4,2,62
9,21,2026,3,11,16,5,17,50
9,24,2026,3,11,14,3,20,33
9,32,2026,3,11,16,3,0,36
9,36,2026,3,11,17,4,0,40
9,41,2026,3,11,12,22,13,49
9,45,2026,3,11,4,3,20,32
9,52,2026,3,11,21,4,10,26
10,0,2026,3,11,21,5,0,31
10,6,2026,3,11,4,3,2,32
10,11,2026,3,11,12,24,8,48
10,14,2026,3,11,17,5,14,39
10,21,2026,3,11,16,5,12,32
10,24,2026,3,11,14,5,13,24
10,32,2026,3,11,16,6,0,30
10,36,2026,3,11,17,4,3,31
10,41,2026,3,11,12,28,14,45
10,45,2026,3,11,4,2,8,39
10,52,2026,3,11,21,4,19,24
11,0,2026,3,11,21,4,0,28
11,6,2026,3,11,4,2,0,30
11,11,2026,3,11,12,25,9,46
11,14,2026,3,11,17,5,8,43
11,21,2026,3,11,16,3,12,34
11,24,2026,3,11,14,5,18,21
11,32,2026,3,11,16,3,0,24
11,36,2026,3,11,17,3,3,24
11,41,2026,3,11,12,13,9,28
11,45,2026,3,11,4,4,14,18
11,52,2026,3,11,21,4,9,13
12,0,2026,3,11,21,4,0,17
12,6,2026,3,11,4,2,0,19
12,11,2026,3,11,12,20,12,27
12,14,2026,3,11,17,2,7,22
12,21,2026,3,11,16,6,6,22
12,24,2026,3,11,14,4,6,20
12,32,2026,3,11,16,4,1,23
12,36,2026,3,11,17,2,2,23
12,41,2026,3,11,12,29,10,42
12,45,2026,3,11,4,6,12,36
12,52,2026,3,11,21,5,13,28
13,0,2026,3,11,21,3,0,31
13,6,2026,3,11,4,24,0,55
13,11,2026,3,11,12,15,20,50
13,14,2026,3,11,17,5,14,41
13,21,2026,3,11,16,3,18,26
13,24,2026,3,11,14,4,12,18
13,32,2026,3,11,16,6,0,24
13,36,2026,3,11,17,2,3,23
13,41,2026,3,11,12,23,12,34
13,45,2026,3,11,4,7,6,35
13,52,2026,3,11,21,5,15,25
14,0,2026,3,11,21,4,0,29
14,6,2026,3,11,4,20,0,49
14,11,2026,3,11,12,25,20,54
14,14,2026,3,11,17,3,13,44
14,21,2026,3,11,16,6,11,39
14,24,2026,3,11,14,6,19,26
14,32,2026,3,11,16,6,0,32
14,36,2026,3,11,17,2,2,32
14,41,2026,3,11,12,34,14,52
14,45,2026,3,11,4,19,5,66
14,52,2026,3,11,21,2,20,48
15,0,2026,3,11,21,6,0,54
15,6,2026,3,11,4,13,1,66
15,11,2026,3,11,12,12,20,58
15,14,2026,3,11,17,5,20,43
15,21,2026,3,11,16,2,19,26
15,24,2026,3,11,14,5,15,16
15,32,2026,3,11,16,3,0,19
15,36,2026,3,11,17,6,0,25
15,41,2026,3,11,12,30,13,42
15,45,2026,3,11,4,25,10,57
15,52,2026,3,11,21,3,12,48
16,0,2026,3,11,21,6,0,54
16,6,2026,3,11,4,3,2,55
16,11,2026,3,11,12,13,20,48
16,14,2026,3,11,17,5,13,40
16,21,2026,3,11,16,4,16,28
16,24,2026,3,11,14,5,16,17
16,32,2026,3,11,16,2,0,19
16,36,2026,3,11,17,5,1,23
16,41,2026,3,11,12,33,11,45
16,45,2026,3,11,4,5,14,36
16,52,2026,3,11,21,4,10,30
17,0,2026,3,11,21,5,0,35
17,6,2026,3,11,4,6,0,41
17,11,2026,3,11,12,33,14,60
17,14,2026,3,11,17,2,20,42
17,21,2026,3,11,16,4,16,30
17,24,2026,3,11,14,2,10,22
17,32,2026,3,11,16,3,0,25
17,36,2026,3,11,17,4,1,28
17,41,2026,3,11,12,13,8,33
17,45,2026,3,11,4,2,10,25
17,52,2026,3,11,21,2,11,16
18,0,2026,3,11,21,3,0,19
18,6,2026,3,11,4,3,0,22
18,11,2026,3,11,12,22,2,42
18,14,2026,3,11,17,2,13,31
18,21,2026,3,11,16,2,11,22
18,24,2026,3,11,14,5,12,15
18,32,2026,3,11,16,3,1,17
18,36,2026,3,11,17,2,1,18
18,41,2026,3,11,12,10,8,20
18,45,2026,3,11,4,2,5,17
18,52,2026,3,11,21,6,6,17
19,0,2026,3,11,21,6,0,23
19,6,2026,3,11,4,4,0,27
19,11,2026,3,11,12,9,12,24
19,14,2026,3,11,17,6,6,24
19,21,2026,3,11,16,2,6,20
19,24,2026,3,11,14,5,9,16
19,32,2026,3,11,16,2,0,18
19,36,2026,3,11,17,3,1,20
19,41,2026,3,11,12,35,15,40
19,45,2026,3,11,4,4,5,39
19,52,2026,3,11,21,4,8,35
20,0,2026,3,11,21,5,0,40
20,6,2026,3,11,4,5,0,45
20,11,2026,3,11,12,9,12,42
20,14,2026,3,11,17,5,15,32
20,21,2026,3,11,16,6,12,26
20,24,2026,3,11,14,5,13,18
20,32,2026,3,11,16,5,0,23
20,36,2026,3,11,17,6,1,28
20,41,2026,3,11,12,33,17,44
20,45,2026,3,11,4,2,11,35
20,52,2026,3,11,21,5,8,32
21,0,2026,3,11,21,5,0,37
21,6,2026,3,11,4,3,0,40
21,11,2026,3,11,12,12,9,43
21,14,2026,3,11,17,6,12,37
21,21,2026,3,11,16,6,16,27
21,24,2026,3,11,14,4,15,16
21,32,2026,3,11,16,6,0,22
21,36,2026,3,11,17,6,4,24
21,41,2026,3,11,12,11,10,25
21,45,2026,3,11,4,3,10,18
21,52,2026,3,11,21,3,9,12
22,0,2026,3,11,21,5,0,17
22,6,2026,3,11,4,3,0,20
22,11,2026,3,11,12,34,9,45
22,14,2026,3,11,17,3,9,39
22,21,2026,3,11,16,2,13,28
22,24,2026,3,11,14,3,9,22
22,32,2026,3,11,16,4,0,26
22,36,2026,3,11,17,5,3,28
22,41,2026,3,11,12,21,11,38
22,45,2026,3,11,4,3,12,29
22,52,2026,3,11,21,3,14,18
23,0,2026,3,11,21,2,0,20
23,6,2026,3,11,4,4,0,24
23,11,2026,3,11,12,24,8,40
23,14,2026,3,11,17,2,8,34
23,21,2026,3,11,16,5,8,31
23,24,2026,3,11,14,6,12,25
23,32,2026,3,11,16,6,0,31
23,36,2026,3,11,17,4,4,31
23,41,2026,3,11,12,23,15,39
23,45,2026,3,11,4,0,19,20
23,52,2026,3,11,21,0,20,0
6,0,2026,3,12,21,5,0,5
6,6,2026,3,12,4,3,2,6
6,11,2026,3,12,12,16,3,19
6,14,2026,3,12,17,19,4,34
6,21,2026,3,12,16,14,7,41
6,24,2026,3,12,14,12,9,44
6,32,2026,3,12,16,7,2,49
6,36,2026,3,12,17,9,7,51
6,41,2026,3,12,12,14,20,45
6,45,2026,3,12,4,6,13,38
6,52,2026,3,12,21,3,15,26
7,0,2026,3,12,21,3,0,29
7,6,2026,3,12,4,3,1,31
7,11,2026,3,12,12,28,10,49
7,14,2026,3,12,17,6,12,43
7,21,2026,3,12,16,20,10,53
7,24,2026,3,12,14,10,11,52
7,32,2026,3,12,16,14,0,66
7,36,2026,3,12,17,8,8,66
7,41,2026,3,12,12,20,20,66
7,45,2026,3,12,4,4,20,50
7,52,2026,3,12,21,6,19,37
8,0,2026,3,12,21,5,0,42
8,6,2026,3,12,4,5,4,43
8,11,2026,3,12,12,14,13,44
8,14,2026,3,12,17,15,10,49
8,21,2026,3,12,16,11,12,48
8,24,2026,3,12,14,17,17,48
8,32,2026,3,12,16,19,2,65
8,36,2026,3,12,17,6,10,61
8,41,2026,3,12,12,25,20,66
8,45,2026,3,12,4,2,20,48
8,52,2026,3,12,21,2,15,35
9,0,2026,3,12,21,5,0,40
9,6,2026,3,12,4,5,3,42
9,11,2026,3,12,12,33,9,66
9,14,2026,3,12,17,5,16,55
9,21,2026,3,12,16,2,11,46
9,24,2026,3,12,14,4,20,30
9,32,2026,3,12,16,4,0,34
9,36,2026,3,12,17,3,1,36
9,41,2026,3,12,12,26,13,49
9,45,2026,3,12,4,2,20,31
9,52,2026,3,12,21,2,8,25
10,0,2026,3,12,21,5,0,30
10,6,2026,3,12,4,4,1,33
10,11,2026,3,12,12,27,9,51
10,14,2026,3,12,17,6,8,49
10,21,2026,3,12,16,6,16,39
10,24,2026,3,12,14,4,14,29
10,32,2026,3,12,16,6,0,35
10,36,2026,3,12,17,2,8,29
10,41,2026,3,12,12,16,10,35
10,45,2026,3,12,4,3,12,26
10,52,2026,3,12,21,4,9,21
11,0,2026,3,12,21,4,0,25
11,6,2026,3,12,4,6,0,31
11,11,2026,3,12,12,27,10,48
11,14,2026,3,12,17,3,12,39
11,21,2026,3,12,16,3,13,29
11,24,2026,3,12,14,4,16,17
11,32,2026,3,12,16,3,0,20
11,36,2026,3,12,17,3,1,22
11,41,2026,3,12,12,34,11,45
11,45,2026,3,12,4,2,10,37
11,52,2026,3,12,21,3,11,29
12,0,2026,3,12,21,5,0,34
12,6,2026,3,12,4,5,0,39
12,11,2026,3,12,12,15,9,45
12,14,2026,3,12,17,2,12,35
12,21,2026,3,12,16,2,8,29
12,24,2026,3,12,14,3,20,12
12,32,2026,3,12,16,2,2,12
12,36,2026,3,12,17,5,0,17
12,41,2026,3,12,12,18,12,23
12,45,2026,3,12,4,4,6,21
12,52,2026,3,12,21,4,7,18
13,0,2026,3,12,21,4,0,22
13,6,2026,3,12,4,25,0,47
13,11,2026,3,12,12,19,20,46
13,14,2026,3,12,17,4,14,36
13,21,2026,3,12,16,3,14,25
13,24,2026,3,12,14,5,13,17
13,32,2026,3,12,16,4,1,20
13,36,2026,3,12,17,3,0,23
13,41,2026,3,12,12,26,10,39
13,45,2026,3,12,4,11,5,45
13,52,2026,3,12,21,4,20,29
14,0,2026,3,12,21,5,0,34
14,6,2026,3,12,4,10,0,44
14,11,2026,3,12,12,16,19,41
14,14,2026,3,12,17,3,11,33
14,21,2026,3,12,16,5,10,28
14,24,2026,3,12,14,4,14,18
14,32,2026,3,12,16,3,0,21
14,36,2026,3,12,17,5,1,25
14,41,2026,3,12,12,21,12,34
14,45,2026,3,12,4,21,6,49
14,52,2026,3,12,21,6,13,42
15,0,2026,3,12,21,3,0,45
15,6,2026,3,12,4,9,1,53
15,11,2026,3,12,12,8,20,41
15,14,2026,3,12,17,6,11,36
15,21,2026,3,12,16,5,15,26
15,24,2026,3,12,14,2,11,17
15,32,2026,3,12,16,4,1,20
15,36,2026,3,12,17,3,3,20
15,41,2026,3,12,12,30,14,36
15,45,2026,3,12,4,24,9,51
15,52,2026,3,12,21,3,12,42
16,0,2026,3,12,21,4,0,46
16,6,2026,3,12,4,3,0,49
16,11,2026,3,12,12,21,20,50
16,14,2026,3,12,17,2,16,36
16,21,2026,3,12,16,5,14,27
16,24,2026,3,12,14,4,15,16
16,32,2026,3,12,16,5,0,21
16,36,2026,3,12,17,4,1,24
16,41,2026,3,12,12,13,11,26
16,45,2026,3,12,4,2,9,19
16,52,2026,3,12,21,4,8,15
17,0,2026,3,12,21,3,0,18
17,6,2026,3,12,4,4,1,21
17,11,2026,3,12,12,25,8,38
17,14,2026,3,12,17,6,8,36
17,21,2026,3,12,16,6,9,33
17,24,2026,3,12,14,6,10,29
17,32,2026,3,12,16,3,0,32
17,36,2026,3,12,17,2,2,32
17,41,2026,3,12,12,33,13,52
17,45,2026,3,12,4,5,15,42
17,52,2026,3,12,21,5,16,31
18,0,2026,3,12,21,6,0,37
18,6,2026,3,12,4,6,1,42
18,11,2026,3,12,12,12,14,40
18,14,2026,3,12,17,2,12,30
18,21,2026,3,12,16,6,10,26
18,24,2026,3,12,14,5,16,15
18,32,2026,3,12,16,4,1,18
18,36,2026,3,12,17,4,0,22
18,41,2026,3,12,12,26,16,32
18,45,2026,3,12,4,3,5,30
18,52,2026,3,12,21,3,8,25
19,0,2026,3,12,21,5,0,30
19,6,2026,3,12,4,6,2,34
19,11,2026,3,12,12,13,9,38
19,14,2026,3,12,17,2,14,26
19,21,2026,3,12,16,3,6,23
19,24,2026,3,12,14,6,13,16
19,32,2026,3,12,16,3,2,17
19,36,2026,3,12,17,3,0,20
19,41,2026,3,12,12,14,11,23
19,45,2026,3,12,4,5,4,24
19,52,2026,3,12,21,2,9,17
20,0,2026,3,12,21,5,0,22
20,6,2026,3,12,4,2,3,21
20,11,2026,3,12,12,35,6,50
20,14,2026,3,12,17,2,11,41
20,21,2026,3,12,16,5,14,32
20,24,2026,3,12,14,6,15,23
20,32,2026,3,12,16,5,1,27
20,36,2026,3,12,17,5,0,32
20,41,2026,3,12,12,21,16,37
20,45,2026,3,12,4,2,10,29
20,52,2026,3,12,21,5,13,21
21,0,2026,3,12,21,5,0,26
21,6,2026,3,12,4,5,0,31
21,11,2026,3,12,12,34,12,53
21,14,2026,3,12,17,6,5,54
21,21,2026,3,12,16,5,14,45
21,24,2026,3,12,14,3,20,28
21,32,2026,3,12,16,6,0,34
21,36,2026,3,12,17,4,1,37
21,41,2026,3,12,12,12,17,32
21,45,2026,3,12,4,5,16,21
21,52,2026,3,12,21,2,10,13
22,0,2026,3,12,21,3,0,16
22,6,2026,3,12,4,6,1,21
22,11,2026,3,12,12,11,10,22
22,14,2026,3,12,17,5,6,21
22,21,2026,3,12,16,2,5,18
22,24,2026,3,12,14,6,6,18
22,32,2026,3,12,16,2,0,20
22,36,2026,3,12,17,3,0,23
22,41,2026,3,12,12,35,13,45
22,45,2026,3,12,4,4,7,42
22,52,2026,3,12,21,3,12,33
23,0,2026,3,12,21,6,0,39
23,6,2026,3,12,4,6,1,44
23,11,2026,3,12,12,14,10,48
23,14,2026,3,12,17,4,13,39
23,21,2026,3,12,16,3,15,27
23,24,2026,3,12,14,6,19,14
23,32,2026,3,12,16,5,0,19
23,36,2026,3,12,17,3,1,21
23,41,2026,3,12,12,34,15,40
23,45,2026,3,12,4,0,20,20
23,52,2026,3,12,21,0,20,0
6,0,2026,3,13,21,3,0,3
6,6,2026,3,13,4,6,0,9
6,11,2026,3,13,12,32,6,35
6,14,2026,3,13,17,6,11,30
6,21,2026,3,13,16,10,8,32
6,24,2026,3,13,14,18,8,42
6,32,2026,3,13,16,8,2,48
6,36,2026,3,13,17,13,2,59
6,41,2026,3,13,12,26,20,65
6,45,2026,3,13,4,2,17,50
6,52,2026,3,13,21,6,20,36
7,0,2026,3,13,21,5,0,41
7,6,2026,3,13,4,3,7,37
7,11,2026,3,13,12,31,6,62
7,14,2026,3,13,17,15,11,66
7,21,2026,3,13,16,12,12,66
7,24,2026,3,13,14,10,20,56
7,32,2026,3,13,16,11,1,66
7,36,2026,3,13,17,9,9,66
7,41,2026,3,13,12,13,20,59
7,45,2026,3,13,4,5,20,44
7,52,2026,3,13,21,6,19,31
8,0,2026,3,13,21,5,0,36
8,6,2026,3,13,4,3,5,34
8,11,2026,3,13,12,24,12,46
8,14,2026,3,13,17,9,6,49
8,21,2026,3,13,16,11,6,54
8,24,2026,3,13,14,18,13,59
8,32,2026,3,13,16,10,3,66
8,36,2026,3,13,17,7,12,61
8,41,2026,3,13,12,23,20,64
8,45,2026,3,13,4,2,20,46
8,52,2026,3,13,21,4,20,30
9,0,2026,3,13,21,5,0,35
9,6,2026,3,13,4,4,6,33
9,11,2026,3,13,12,17,5,45
9,14,2026,3,13,17,6,5,46
9,21,2026,3,13,16,6,8,44
9,24,2026,3,13,14,4,16,32
9,32,2026,3,13,16,2,1,33
9,36,2026,3,13,17,3,0,36
9,41,2026,3,13,12,10,9,37
9,45,2026,3,13,4,5,20,22
9,52,2026,3,13,21,2,7,17
10,0,2026,3,13,21,3,0,20
10,6,2026,3,13,4,2,0,22
10,11,2026,3,13,12,26,9,39
10,14,2026,3,13,17,5,6,38
10,21,2026,3,13,16,6,10,34
10,24,2026,3,13,14,3,15,22
10,32,2026,3,13,16,4,0,26
10,36,2026,3,13,17,2,1,27
10,41,2026,3,13,12,18,10,35
10,45,2026,3,13,4,2,11,26
10,52,2026,3,13,21,2,12,16
11,0,2026,3,13,21,5,0,21
11,6,2026,3,13,4,5,2,24
11,11,2026,3,13,12,14,7,31
11,14,2026,3,13,17,5,10,26
11,21,2026,3,13,16,5,8,23
11,24,2026,3,13,14,4,8,19
11,32,2026,3,13,16,4,0,23
11,36,2026,3,13,17,4,2,25
11,41,2026,3,13,12,8,15,18
11,45,2026,3,13,4,2,6,14
11,52,2026,3,13,21,3,8,9
12,0,2026,3,13,21,2,0,11
12,6,2026,3,13,4,5,0,16
12,11,2026,3,13,12,33,7,42
12,14,2026,3,13,17,5,9,38
12,21,2026,3,13,16,5,9,34
12,24,2026,3,13,14,2,12,24
12,32,2026,3,13,16,6,0,30
12,36,2026,3,13,17,6,2,34
12,41,2026,3,13,12,19,17,36
12,45,2026,3,13,4,2,12,26
12,52,2026,3,13,21,5,11,20
13,0,2026,3,13,21,3,0,23
13,6,2026,3,13,4,14,0,37
13,11,2026,3,13,12,27,17,47
13,14,2026,3,13,17,6,15,38
13,21,2026,3,13,16,6,15,29
13,24,2026,3,13,14,3,4,28
13,32,2026,3,13,16,2,1,29
13,36,2026,3,13,17,2,1,30
13,41,2026,3,13,12,27,13,44
13,45,2026,3,13,4,22,11,55
13,52,2026,3,13,21,6,17,44
14,0,2026,3,13,21,2,0,46
14,6,2026,3,13,4,20,0,66
14,11,2026,3,13,12,14,20,60
14,14,2026,3,13,17,3,20,43
14,21,2026,3,13,16,4,16,31
14,24,2026,3,13,14,3,15,19
14,32,2026,3,13,16,2,0,21
14,36,2026,3,13,17,6,0,27
14,41,2026,3,13,12,26,12,41
14,45,2026,3,13,4,31,6,66
14,52,2026,3,13,21,6,20,52
15,0,2026,3,13,21,4,0,56
15,6,2026,3,13,4,11,1,66
15,11,2026,3,13,12,20,20,66
15,14,2026,3,13,17,6,20,52
15,21,2026,3,13,16,3,17,38
15,24,2026,3,13,14,5,20,23
15,32,2026,3,13,16,3,0,26
15,36,2026,3,13,17,2,3,25
15,41,2026,3,13,12,25,10,40
15,45,2026,3,13,4,19,7,52
15,52,2026,3,13,21,5,17,40
16,0,2026,3,13,21,6,0,46
16,6,2026,3,13,4,6,1,51
16,11,2026,3,13,12,30,20,61
16,14,2026,3,13,17,5,10,56
16,21,2026,3,13,16,2,17,41
16,24,2026,3,13,14,2,14,29
16,32,2026,3,13,16,6,1,34
16,36,2026,3,13,17,5,0,39
16,41,2026,3,13,12,27,15,51
16,45,2026,3,13,4,3,18,36
16,52,2026,3,13,21,3,19,20
17,0,2026,3,13,21,5,0,25
17,6,2026,3,13,4,3,0,28
17,11,2026,3,13,12,30,11,47
17,14,2026,3,13,17,6,16,37
17,21,2026,3,13,16,2,14,25
17,24,2026,3,13,14,2,11,16
17,32,2026,3,13,16,6,0,22
17,36,2026,3,13,17,5,0,27
17,41,2026,3,13,12,22,13,36
17,45,2026,3,13,4,3,11,28
17,52,2026,3,13,21,5,10,23
18,0,2026,3,13,21,6,0,29
18,6,2026,3,13,4,6,0,35
18,11,2026,3,13,12,11,13,33
18,14,2026,3,13,17,2,6,29
18,21,2026,3,13,16,3,11,21
18,24,2026,3,13,14,6,11,16
18,32,2026,3,13,16,3,1,18
18,36,2026,3,13,17,2,1,19
18,41,2026,3,13,12,19,11,27
18,45,2026,3,13,4,2,10,19
18,52,2026,3,13,21,6,6,19
19,0,2026,3,13,21,3,0,22
19,6,2026,3,13,4,4,2,24
19,11,2026,3,13,12,26,11,39
19,14,2026,3,13,17,5,7,37
19,21,2026,3,13,16,5,11,31
19,24,2026,3,13,14,2,10,23
19,32,2026,3,13,16,3,0,26
19,36,2026,3,13,17,3,1,28
19,41,2026,3,13,12,22,14,36
19,45,2026,3,13,4,6,11,31
19,52,2026,3,13,21,6,10,27
20,0,2026,3,13,21,4,0,31
20,6,2026,3,13,4,4,1,34
20,11,2026,3,13,12,17,13,38
20,14,2026,3,13,17,6,8,36
20,21,2026,3,13,16,2,12,26
20,24,2026,3,13,14,6,11,21
20,32,2026,3,13,16,4,0,25
20,36,2026,3,13,17,6,1,30
20,41,2026,3,13,12,17,12,35
20,45,2026,3,13,4,5,11,29
20,52,2026,3,13,21,2,10,21
21,0,2026,3,13,21,2,0,23
21,6,2026,3,13,4,2,0,25
21,11,2026,3,13,12,15,7,33
21,14,2026,3,13,17,2,3,32
21,21,2026,3,13,16,3,13,22
21,24,2026,3,13,14,6,9,19
21,32,2026,3,13,16,6,1,24
21,36,2026,3,13,17,6,1,29
21,41,2026,3,13,12,24,15,38
21,45,2026,3,13,4,5,6,37
21,52,2026,3,13,21,3,13,27
22,0,2026,3,13,21,5,0,32
22,6,2026,3,13,4,6,2,36
22,11,2026,3,13,12,29,13,52
22,14,2026,3,13,17,6,13,45
22,21,2026,3,13,16,6,7,44
22,24,2026,3,13,14,2,19,27
22,32,2026,3,13,16,2,0,29
22,36,2026,3,13,17,4,0,33
22,41,2026,3,13,12,30,11,52
22,45,2026,3,13,4,2,16,38
22,52,2026,3,13,21,6,16,28
23,0,2026,3,13,21,4,0,32
23,6,2026,3,13,4,4,0,36
23,11,2026,3,13,12,23,11,48
23,14,2026,3,13,17,5,7,46
23,21,2026,3,13,16,6,11,41
23,24,2026,3,13,14,3,20,24
23,32,2026,3,13,16,6,0,30
23,36,2026,3,13,17,5,1,34
23,41,2026,3,13,12,17,20,31
23,45,2026,3,13,4,2,15,18
23,52,2026,3,13,21,0,18,0
6,0,2026,3,14,21,3,0,3
6,6,2026,3,14,4,3,1,5
6,11,2026,3,14,12,13,4,14
6,14,2026,3,14,17,7,3,18
6,21,2026,3,14,16,14,3,29
6,24,2026,3,14,14,5,5,29
6,32,2026,3,14,16,5,1,33
6,36,2026,3,14,17,5,3,35
6,41,2026,3,14,12,12,20,27
6,45,2026,3,14,4,5,11,21
6,52,2026,3,14,21,4,8,17
7,0,2026,3,14,21,6,0,23
7,6,2026,3,14,4,1,5,19
7,11,2026,3,14,12,16,6,29
7,14,2026,3,14,17,8,2,35
7,21,2026,3,14,16,10,12,33
7,24,2026,3,14,14,8,7,34
7,32,2026,3,14,16,13,1,46
7,36,2026,3,14,17,21,1,66
7,41,2026,3,14,12,20,20,66
7,45,2026,3,14,4,3,20,49
7,52,2026,3,14,21,2,14,37
8,0,2026,3,14,21,5,0,42
8,6,2026,3,14,4,2,5,39
8,11,2026,3,14,12,17,4,52
8,14,2026,3,14,17,20,8,64
8,21,2026,3,14,16,12,10,66
8,24,2026,3,14,14,6,20,52
8,32,2026,3,14,16,7,3,56
8,36,2026,3,14,17,16,6,66
8,41,2026,3,14,12,20,20,66
8,45,2026,3,14,4,5,20,51
8,52,2026,3,14,21,6,20,37
9,0,2026,3,14,21,5,0,42
9,6,2026,3,14,4,5,3,44
9,11,2026,3,14,12,18,15,47
9,14,2026,3,14,17,3,4,46
9,21,2026,3,14,16,6,16,36
9,24,2026,3,14,14,6,16,26
9,32,2026,3,14,16,6,0,32
9,36,2026,3,14,17,3,1,34
9,41,2026,3,14,12,15,13,36
9,45,2026,3,14,4,4,20,20
9,52,2026,3,14,21,4,4,20
10,0,2026,3,14,21,2,0,22
10,6,2026,3,14,4,2,0,24
10,11,2026,3,14,12,34,6,52
10,14,2026,3,14,17,5,12,45
10,21,2026,3,14,16,2,14,33
10,24,2026,3,14,14,4,15,22
10,32,2026,3,14,16,3,0,25
10,36,2026,3,14,17,5,1,29
10,41,2026,3,14,12,10,9,30
10,45,2026,3,14,4,2,11,21
10,52,2026,3,14,21,3,12,12
11,0,2026,3,14,21,5,0,17
11,6,2026,3,14,4,5,1,21
11,11,2026,3,14,12,20,9,32
11,14,2026,3,14,17,6,7,31
11,21,2026,3,14,16,3,6,28
11,24,2026,3,14,14,3,12,19
11,32,2026,3,14,16,5,1,23
11,36,2026,3,14,17,2,0,25
11,41,2026,3,14,12,16,8,33
11,45,2026,3,14,4,3,11,25
11,52,2026,3,14,21,4,10,19
12,0,2026,3,14,21,2,0,21
12,6,2026,3,14,4,2,1,22
12,11,2026,3,14,12,26,6,42
12,14,2026,3,14,17,2,8,36
12,21,2026,3,14,16,5,12,29
12,24,2026,3,14,14,2,11,20
12,32,2026,3,14,16,4,0,24
12,36,2026,3,14,17,6,1,29
12,41,2026,3,14,12,22,10,41
12,45,2026,3,14,4,4,8,37
12,52,2026,3,14,21,3,20,20
13,0,2026,3,14,21,5,0,25
13,6,2026,3,14,4,14,1,38
13,11,2026,3,14,12,24,15,47
13,14,2026,3,14,17,6,10,43
13,21,2026,3,14,16,4,14,33
13,24,2026,3,14,14,3,13,23
13,32,2026,3,14,16,3,0,26
13,36,2026,3,14,17,2,1,27
13,41,2026,3,14,12,36,12,51
13,45,2026,3,14,4,7,13,45
13,52,2026,3,14,21,4,17,32
14,0,2026,3,14,21,4,0,36
14,6,2026,3,14,4,12,2,46
14,11,2026,3,14,12,14,16,44
14,14,2026,3,14,17,2,10,36
14,21,2026,3,14,16,4,11,29
14,24,2026,3,14,14,6,19,16
14,32,2026,3,14,16,4,0,20
14,36,2026,3,14,17,2,0,22
14,41,2026,3,14,12,26,14,34
14,45,2026,3,14,4,15,3,46
14,52,2026,3,14,21,5,13,38
15,0,2026,3,14,21,4,0,42
15,6,2026,3,14,4,25,1,66
15,11,2026,3,14,12,20,20,66
15,14,2026,3,14,17,2,20,48
15,21,2026,3,14,16,2,15,35
15,24,2026,3,14,14,3,20,18
15,32,2026,3,14,16,5,0,23
15,36,2026,3,14,17,6,1,28
15,41,2026,3,14,12,11,11,28
15,45,2026,3,14,4,7,5,30
15,52,2026,3,14,21,4,14,20
16,0,2026,3,14,21,5,0,25
16,6,2026,3,14,4,4,1,28
16,11,2026,3,14,12,23,12,39
16,14,2026,3,14,17,5,7,37
16,21,2026,3,14,16,2,14,25
16,24,2026,3,14,14,6,10,21
16,32,2026,3,14,16,6,1,26
16,36,2026,3,14,17,2,0,28
16,41,2026,3,14,12,20,15,33
16,45,2026,3,14,4,6,6,33
16,52,2026,3,14,21,3,13,23
17,0,2026,3,14,21,3,0,26
17,6,2026,3,14,4,5,0,31
17,11,2026,3,14,12,20,13,38
17,14,2026,3,14,17,3,7,34
17,21,2026,3,14,16,5,10,29
17,24,2026,3,14,14,6,13,22
17,32,2026,3,14,16,6,0,28
17,36,2026,3,14,17,2,1,29
17,41,2026,3,14,12,22,17,34
17,45,2026,3,14,4,5,15,24
17,52,2026,3,14,21,3,11,16
18,0,2026,3,14,21,3,0,19
18,6,2026,3,14,4,3,1,21
18,11,2026,3,14,12,29,8,42
18,14,2026,3,14,17,5,11,36
18,21,2026,3,14,16,4,5,35
18,24,2026,3,14,14,4,18,21
18,32,2026,3,14,16,2,0,23
18,36,2026,3,14,17,4,0,27
18,41,2026,3,14,12,36,11,52
18,45,2026,3,14,4,2,16,38
18,52,2026,3,14,21,3,11,30
19,0,2026,3,14,21,6,0,36
19,6,2026,3,14,4,2,2,36
19,11,2026,3,14,12,24,8,52
19,14,2026,3,14,17,6,11,47
19,21,2026,3,14,16,2,13,36
19,24,2026,3,14,14,3,16,23
19,32,2026,3,14,16,3,0,26
19,36,2026,3,14,17,6,0,32
19,41,2026,3,14,12,21,14,39
19,45,2026,3,14,4,3,14,28
19,52,2026,3,14,21,4,13,19
20,0,2026,3,14,21,3,0,22
20,6,2026,3,14,4,4,2,24
20,11,2026,3,14,12,9,9,24
20,14,2026,3,14,17,6,7,23
20,21,2026,3,14,16,2,4,21
20,24,2026,3,14,14,3,8,16
20,32,2026,3,14,16,6,2,20
20,36,2026,3,14,17,6,1,25
20,41,2026,3,14,12,29,14,40
20,45,2026,3,14,4,3,13,30
20,52,2026,3,14,21,2,9,23
21,0,2026,3,14,21,5,0,28
21,6,2026,3,14,4,2,1,29
21,11,2026,3,14,12,26,7,48
21,14,2026,3,14,17,6,14,40
21,21,2026,3,14,16,5,14,31
21,24,2026,3,14,14,3,10,24
21,32,2026,3,14,16,5,0,29
21,36,2026,3,14,17,3,2,30
21,41,2026,3,14,12,34,15,49
21,45,2026,3,14,4,4,16,37
21,52,2026,3,14,21,2,14,25
22,0,2026,3,14,21,6,0,31
22,6,2026,3,14,4,6,1,36
22,11,2026,3,14,12,27,7,56
22,14,2026,3,14,17,6,12,50
22,21,2026,3,14,16,5,19,36
22,24,2026,3,14,14,5,15,26
22,32,2026,3,14,16,6,1,31
22,36,2026,3,14,17,6,2,35
22,41,2026,3,14,12,35,14,56
22,45,2026,3,14,4,5,20,41
22,52,2026,3,14,21,3,16,28
23,0,2026,3,14,21,4,0,32
23,6,2026,3,14,4,5,1,36
23,11,2026,3,14,12,29,12,53
23,14,2026,3,14,17,4,9,48
23,21,2026,3,14,16,3,12,39
23,24,2026,3,14,14,6,19,26
23,32,2026,3,14,16,2,0,28
23,36,2026,3,14,17,3,1,30
23,41,2026,3,14,12,22,12,40
23,45,2026,3,14,4,0,20,20
23,52,2026,3,14,21,0,20,0
6,0,2026,3,15,21,4,0,4
6,6,2026,3,15,4,5,1,8
6,11,2026,3,15,12,11,6,13
6,14,2026,3,15,17,5,3,15
6,21,2026,3,15,16,15,3,27
6,24,2026,3,15,14,14,4,37
6,32,2026,3,15,16,15,1,51
6,36,2026,3,15,17,5,4,52
6,41,2026,3,15,12,12,20,44
6,45,2026,3,15,4,3,13,34
6,52,2026,3,15,21,5,20,19
7,0,2026,3,15,21,4,0,23
7,6,2026,3,15,4,5,3,25
7,11,2026,3,15,12,22,10,37
7,14,2026,3,15,17,7,4,40
7,21,2026,3,15,16,18,6,52
7,24,2026,3,15,14,10,15,47
7,32,2026,3,15,16,13,2,58
7,36,2026,3,15,17,12,4,66
7,41,2026,3,15,12,17,20,63
7,45,2026,3,15,4,1,20,44
7,52,2026,3,15,21,5,17,32
8,0,2026,3,15,21,4,0,36
8,6,2026,3,15,4,5,3,38
8,11,2026,3,15,12,20,8,50
8,14,2026,3,15,17,6,4,52
8,21,2026,3,15,16,7,15,44
8,24,2026,3,15,14,22,16,50
8,32,2026,3,15,16,14,2,62
8,36,2026,3,15,17,9,8,63
8,41,2026,3,15,12,23,20,66
8,45,2026,3,15,4,3,20,49
8,52,2026,3,15,21,2,20,31
9,0,2026,3,15,21,3,0,34
9,6,2026,3,15,4,3,0,37
9,11,2026,3,15,12,27,7,57
9,14,2026,3,15,17,2,10,49
9,21,2026,3,15,16,4,10,43
9,24,2026,3,15,14,5,13,35
9,32,2026,3,15,16,4,2,37
9,36,2026,3,15,17,4,1,40
9,41,2026,3,15,12,25,13,52
9,45,2026,3,15,4,2,20,34
9,52,2026,3,15,21,3,14,23
10,0,2026,3,15,21,6,0,29
10,6,2026,3,15,4,3,1,31
10,11,2026,3,15,12,10,9,32
10,14,2026,3,15,17,6,11,27
10,21,2026,3,15,16,6,10,23
10,24,2026,3,15,14,6,8,21
10,32,2026,3,15,16,2,1,22
10,36,2026,3,15,17,3,0,25
10,41,2026,3,15,12,15,18,22
10,45,2026,3,15,4,4,6,20
10,52,2026,3,15,21,4,8,16
11,0,2026,3,15,21,3,0,19
11,6,2026,3,15,4,4,1,22
11,11,2026,3,15,12,13,7,28
11,14,2026,3,15,17,2,8,22
11,21,2026,3,15,16,2,8,16
11,24,2026,3,15,14,4,9,11
11,32,2026,3,15,16,4,0,15
11,36,2026,3,15,17,6,2,19
11,41,2026,3,15,12,25,12,32
11,45,2026,3,15,4,5,11,26
11,52,2026,3,15,21,3,4,25
12,0,2026,3,15,21,3,0,28
12,6,2026,3,15,4,3,1,30
12,11,2026,3,15,12,13,9,34
12,14,2026,3,15,17,6,10,30
12,21,2026,3,15,16,5,12,23
12,24,2026,3,15,14,6,9,20
12,32,2026,3,15,16,6,1,25
12,36,2026,3,15,17,3,0,28
12,41,2026,3,15,12,29,18,39
12,45,2026,3,15,4,4,8,35
12,52,2026,3,15,21,3,14,24
13,0,2026,3,15,21,2,0,26
13,6,2026,3,15,4,31,1,56
13,11,2026,3,15,12,23,20,59
13,14,2026,3,15,17,2,18,43
13,21,2026,3,15,16,2,11,34
13,24,2026,3,15,14,2,17,19
13,32,2026,3,15,16,4,0,23
13,36,2026,3,15,17,4,2,25
13,41,2026,3,15,12,31,9,47
13,45,2026,3,15,4,18,5,60
13,52,2026,3,15,21,6,18,48
14,0,2026,3,15,21,4,0,52
14,6,2026,3,15,4,14,0,66
14,11,2026,3,15,12,20,20,66
14,14,2026,3,15,17,3,20,49
14,21,2026,3,15,16,2,20,31
14,24,2026,3,15,14,4,17,18
14,32,2026,3,15,16,2,0,20
14,36,2026,3,15,17,5,0,25
14,41,2026,3,15,12,28,15,38
14,45,2026,3,15,4,11,9,40
14,52,2026,3,15,21,6,14,32
15,0,2026,3,15,21,2,0,34
15,6,2026,3,15,4,12,0,46
15,11,2026,3,15,12,30,20,56
15,14,2026,3,15,17,6,19,43
15,21,2026,3,15,16,3,15,31
15,24,2026,3,15,14,5,18,18
15,32,2026,3,15,16,6,1,23
15,36,2026,3,15,17,6,3,26
15,41,2026,3,15,12,20,11,35
15,45,2026,3,15,4,20,5,50
15,52,2026,3,15,21,4,17,37
16,0,2026,3,15,21,6,0,43
16,6,2026,3,15,4,5,1,47
16,11,2026,3,15,12,25,20,52
16,14,2026,3,15,17,3,14,41
16,21,2026,3,15,16,4,13,32
16,24,2026,3,15,14,5,16,21
16,32,2026,3,15,16,6,0,27
16,36,2026,3,15,17,6,4,29
16,41,2026,3,15,12,19,15,33
16,45,2026,3,15,4,2,15,20
16,52,2026,3,15,21,2,8,14
17,0,2026,3,15,21,6,0,20
17,6,2026,3,15,4,6,1,25
17,11,2026,3,15,12,9,13,21
17,14,2026,3,15,17,6,3,24
17,21,2026,3,15,16,2,9,17
17,24,2026,3,15,14,3,5,15
17,32,2026,3,15,16,3,1,17
17,36,2026,3,15,17,3,0,20
17,41,2026,3,15,12,30,11,39
17,45,2026,3,15,4,3,11,31
17,52,2026,3,15,21,2,8,25
18,0,2026,3,15,21,6,0,31
18,6,2026,3,15,4,3,0,34
18,11,2026,3,15,12,23,12,45
18,14,2026,3,15,17,6,18,33
18,21,2026,3,15,16,3,13,23
18,24,2026,3,15,14,5,9,19
18,32,2026,3,15,16,6,0,25
18,36,2026,3,15,17,3,0,28
18,41,2026,3,15,12,15,17,26
18,45,2026,3,15,4,6,9,23
18,52,2026,3,15,21,2,9,16
19,0,2026,3,15,21,4,0,20
19,6,2026,3,15,4,4,0,24
19,11,2026,3,15,12,24,12,36
19,14,2026,3,15,17,3,8,31
19,21,2026,3,15,16,5,7,29
19,24,2026,3,15,14,6,10,25
19,32,2026,3,15,16,4,1,28
19,36,2026,3,15,17,3,0,31
19,41,2026,3,15,12,30,15,46
19,45,2026,3,15,4,5,15,36
19,52,2026,3,15,21,2,9,29
20,0,2026,3,15,21,4,0,33
20,6,2026,3,15,4,4,0,37
20,11,2026,3,15,12,25,11,51
20,14,2026,3,15,17,6,19,38
20,21,2026,3,15,16,2,15,25
20,24,2026,3,15,14,2,10,17
20,32,2026,3,15,16,3,0,20
20,36,2026,3,15,17,5,0,25
20,41,2026,3,15,12,29,8,46
20,45,2026,3,15,4,3,16,33
20,52,2026,3,15,21,6,11,28
21,0,2026,3,15,21,3,0,31
21,6,2026,3,15,4,5,1,35
21,11,2026,3,15,12,30,11,54
21,14,2026,3,15,17,5,10,49
21,21,2026,3,15,16,6,15,40
21,24,2026,3,15,14,2,18,24
21,32,2026,3,15,16,2,0,26
21,36,2026,3,15,17,6,0,32
21,41,2026,3,15,12,9,11,30
21,45,2026,3,15,4,2,14,18
21,52,2026,3,15,21,2,9,11
22,0,2026,3,15,21,4,0,15
22,6,2026,3,15,4,3,0,18
22,11,2026,3,15,12,30,11,37
22,14,2026,3,15,17,4,4,37
22,21,2026,3,15,16,2,9,30
22,24,2026,3,15,14,6,11,25
22,32,2026,3,15,16,4,0,29
22,36,2026,3,15,17,5,1,33
22,41,2026,3,15,12,20,13,40
22,45,2026,3,15,4,3,13,30
22,52,2026,3,15,21,6,15,21
23,0,2026,3,15,21,5,0,26
23,6,2026,3,15,4,6,2,30
23,11,2026,3,15,12,16,13,33
23,14,2026,3,15,17,3,7,29
23,21,2026,3,15,16,2,9,22
23,24,2026,3,15,14,4,13,13
23,32,2026,3,15,16,6,0,19
23,36,2026,3,15,17,5,0,24
23,41,2026,3,15,12,24,15,33
23,45,2026,3,15,4,4,17,20
23,52,2026,3,15,21,0,20,0
6,0,2026,3,16,21,4,0,4
6,6,2026,3,16,4,4,2,6
6,11,2026,3,16,12,15,5,16
6,14,2026,3,16,17,17,2,31
6,21,2026,3,16,16,14,7,38
6,24,2026,3,16,14,7,9,36
6,32,2026,3,16,16,7,1,42
6,36,2026,3,16,17,20,4,58
6,41,2026,3,16,12,28,20,66
6,45,2026,3,16,4,3,20,49
6,52,2026,3,16,21,3,20,32
7,0,2026,3,16,21,5,0,37
7,6,2026,3,16,4,1,2,36
7,11,2026,3,16,12,22,5,53
7,14,2026,3,16,17,17,8,62
7,21,2026,3,16,16,9,19,52
7,24,2026,3,16,14,12,16,48
7,32,2026,3,16,16,19,1,66
7,36,2026,3,16,17,9,9,66
7,41,2026,3,16,12,20,20,66
7,45,2026,3,16,4,4,20,50
7,52,2026,3,16,21,6,19,37
8,0,2026,3,16,21,2,0,39
8,6,2026,3,16,4,1,4,36
8,11,2026,3,16,12,27,8,55
8,14,2026,3,16,17,9,7,57
8,21,2026,3,16,16,16,13,60
8,24,2026,3,16,14,10,18,52
8,32,2026,3,16,16,8,2,58
8,36,2026,3,16,17,7,8,57
8,41,2026,3,16,12,24,20,61
8,45,2026,3,16,4,5,20,46
8,52,2026,3,16,21,5,19,32
9,0,2026,3,16,21,5,0,37
9,6,2026,3,16,4,4,4,37
9,11,2026,3,16,12,29,7,59
9,14,2026,3,16,17,3,9,53
9,21,2026,3,16,16,6,15,44
9,24,2026,3,16,14,5,15,34
9,32,2026,3,16,16,2,0,36
9,36,2026,3,16,17,3,1,38
9,41,2026,3,16,12,8,13,33
9,45,2026,3,16,4,1,20,14
9,52,2026,3,16,21,6,6,14
10,0,2026,3,16,21,2,0,16
10,6,2026,3,16,4,4,0,20
10,11,2026,3,16,12,16,8,28
10,14,2026,3,16,17,6,7,27
10,21,2026,3,16,16,3,8,22
10,24,2026,3,16,14,2,13,11
10,32,2026,3,16,16,5,0,16
10,36,2026,3,16,17,6,0,22
10,41,2026,3,16,12,24,19,27
10,45,2026,3,16,4,4,6,25
10,52,2026,3,16,21,6,6,25
11,0,2026,3,16,21,4,0,29
11,6,2026,3,16,4,6,1,34
11,11,2026,3,16,12,21,13,42
11,14,2026,3,16,17,4,12,34
11,21,2026,3,16,16,4,17,21
11,24,2026,3,16,14,6,7,20
11,32,2026,3,16,16,2,0,22
11,36,2026,3,16,17,3,0,25
11,41,2026,3,16,12,24,11,38
11,45,2026,3,16,4,2,13,27
11,52,2026,3,16,21,5,12,20
12,0,2026,3,16,21,4,0,24
12,6,2026,3,16,4,5,2,27
12,11,2026,3,16,12,27,8,46
12,14,2026,3,16,17,2,7,41
12,21,2026,3,16,16,5,11,35
12,24,2026,3,16,14,4,11,28
12,32,2026,3,16,16,2,0,30
12,36,2026,3,16,17,6,0,36
12,41,2026,3,16,12,11,16,31
12,45,2026,3,16,4,5,12,24
12,52,2026,3,16,21,5,11,18
13,0,2026,3,16,21,3,0,21
13,6,2026,3,16,4,21,1,41
13,11,2026,3,16,12,14,17,38
13,14,2026,3,16,17,2,12,28
13,21,2026,3,16,16,5,11,22
13,24,2026,3,16,14,6,9,19
13,32,2026,3,16,16,5,2,22
13,36,2026,3,16,17,3,2,23
13,41,2026,3,16,12,23,15,31
13,45,2026,3,16,4,16,7,40
13,52,2026,3,16,21,3,10,33
14,0,2026,3,16,21,6,0,39
14,6,2026,3,16,4,10,1,48
14,11,2026,3,16,12,16,20,44
14,14,2026,3,16,17,2,16,30
14,21,2026,3,16,16,4,9,25
14,24,2026,3,16,14,2,9,18
14,32,2026,3,16,16,2,1,19
14,36,2026,3,16,17,6,0,25
14,41,2026,3,16,12,22,10,37
14,45,2026,3,16,4,9,5,41
14,52,2026,3,16,21,3,14,30
15,0,2026,3,16,21,4,0,34
15,6,2026,3,16,4,21,0,55
15,11,2026,3,16,12,27,20,62
15,14,2026,3,16,17,3,15,50
15,21,2026,3,16,16,3,18,35
15,24,2026,3,16,14,2,16,21
15,32,2026,3,16,16,2,0,23
15,36,2026,3,16,17,2,1,24
15,41,2026,3,16,12,21,7,38
15,45,2026,3,16,4,8,6,40
15,52,2026,3,16,21,4,19,25
16,0,2026,3,16,21,5,0,30
16,6,2026,3,16,4,5,1,34
16,11,2026,3,16,12,15,15,34
16,14,2026,3,16,17,4,10,28
16,21,2026,3,16,16,2,14,16
16,24,2026,3,16,14,4,7,13
16,32,2026,3,16,16,4,2,15
16,36,2026,3,16,17,4,0,19
16,41,2026,3,16,12,14,10,23
16,45,2026,3,16,4,6,5,24
16,52,2026,3,16,21,5,9,20
17,0,2026,3,16,21,2,0,22
17,6,2026,3,16,4,4,1,25
17,11,2026,3,16,12,8,7,26
17,14,2026,3,16,17,5,10,21
17,21,2026,3,16,16,3,9,15
17,24,2026,3,16,14,2,2,15
17,32,2026,3,16,16,4,0,19
17,36,2026,3,16,17,5,1,23
17,41,2026,3,16,12,23,13,33
17,45,2026,3,16,4,2,5,30
17,52,2026,3,16,21,3,11,22
18,0,2026,3,16,21,4,0,26
18,6,2026,3,16,4,6,2,30
18,11,2026,3,16,12,15,6,39
18,14,2026,3,16,17,2,9,32
18,21,2026,3,16,16,5,13,24
18,24,2026,3,16,14,3,11,16
18,32,2026,3,16,16,2,0,18
18,36,2026,3,16,17,6,0,24
18,41,2026,3,16,12,28,13,39
18,45,2026,3,16,4,6,12,33
18,52,2026,3,16,21,2,14,21
19,0,2026,3,16,21,4,0,25
19,6,2026,3,16,4,2,0,27
19,11,2026,3,16,12,19,8,38
19,14,2026,3,16,17,4,10,32
19,21,2026,3,16,16,4,10,26
19,24,2026,3,16,14,3,11,18
19,32,2026,3,16,16,6,0,24
19,36,2026,3,16,17,5,0,29
19,41,2026,3,16,12,32,17,44
19,45,2026,3,16,4,5,15,34
19,52,2026,3,16,21,2,10,26
20,0,2026,3,16,21,2,0,28
20,6,2026,3,16,4,5,0,33
20,11,2026,3,16,12,20,8,45
20,14,2026,3,16,17,6,14,37
20,21,2026,3,16,16,2,13,26
20,24,2026,3,16,14,4,14,16
20,32,2026,3,16,16,5,1,20
20,36,2026,3,16,17,3,1,22
20,41,2026,3,16,12,33,13,42
20,45,2026,3,16,4,4,11,35
20,52,2026,3,16,21,5,15,25
21,0,2026,3,16,21,3,0,28
21,6,2026,3,16,4,2,0,30
21,11,2026,3,16,12,19,8,41
21,14,2026,3,16,17,5,10,36
21,21,2026,3,16,16,4,8,32
21,24,2026,3,16,14,2,18,16
21,32,2026,3,16,16,3,0,19
21,36,2026,3,16,17,3,2,20
21,41,2026,3,16,12,11,9,22
21,45,2026,3,16,4,6,7,21
21,52,2026,3,16,21,2,8,15
22,0,2026,3,16,21,2,0,17
22,6,2026,3,16,4,4,0,21
22,11,2026,3,16,12,14,7,28
22,14,2026,3,16,17,5,6,27
22,21,2026,3,16,16,6,8,25
22,24,2026,3,16,14,5,10,20
22,32,2026,3,16,16,4,0,24
22,36,2026,3,16,17,6,3,27
22,41,2026,3,16,12,32,19,40
22,45,2026,3,16,4,4,10,34
22,52,2026,3,16,21,3,8,29
23,0,2026,3,16,21,2,0,31
23,6,2026,3,16,4,4,0,35
23,11,2026,3,16,12,35,9,61
23,14,2026,3,16,17,3,10,54
23,21,2026,3,16,16,2,18,38
23,24,2026,3,16,14,5,20,23
23,32,2026,3,16,16,5,0,28
23,36,2026,3,16,17,6,0,34
23,41,2026,3,16,12,9,16,27
23,45,2026,3,16,4,4,13,18
23,52,2026,3,16,21,0,18,0
6,0,2026,3,17,21,5,0,5
6,6,2026,3,17,4,3,0,8
6,11,2026,3,17,12,12,5,15
6,14,2026,3,17,17,7,1,21
6,21,2026,3,17,16,8,5,24
6,24,2026,3,17,14,12,4,32
6,32,2026,3,17,16,17,1,48
6,36,2026,3,17,17,19,8,59
6,41,2026,3,17,12,15,20,54
6,45,2026,3,17,4,2,13,43
6,52,2026,3,17,21,5,19,29
7,0,2026,3,17,21,2,0,31
7,6,2026,3,17,4,5,1,35
7,11,2026,3,17,12,18,10,43
7,14,2026,3,17,17,12,6,49
7,21,2026,3,17,16,13,3,59
7,24,2026,3,17,14,7,20,46
7,32,2026,3,17,16,20,2,64
7,36,2026,3,17,17,6,4,66
7,41,2026,3,17,12,20,20,66
7,45,2026,3,17,4,3,20,49
7,52,2026,3,17,21,6,20,35
8,0,2026,3,17,21,4,0,39
8,6,2026,3,17,4,4,2,41
8,11,2026,3,17,12,25,9,57
8,14,2026,3,17,17,10,12,55
8,21,2026,3,17,16,12,10,57
8,24,2026,3,17,14,15,18,54
8,32,2026,3,17,16,10,0,64
8,36,2026,3,17,17,15,13,66
8,41,2026,3,17,12,20,20,66
8,45,2026,3,17,4,4,20,50
8,52,2026,3,17,21,2,16,36
9,0,2026,3,17,21,2,0,38
9,6,2026,3,17,4,4,2,40
9,11,2026,3,17,12,25,6,59
9,14,2026,3,17,17,2,6,55
9,21,2026,3,17,16,4,13,46
9,24,2026,3,17,14,3,20,29
9,32,2026,3,17,16,3,0,32
9,36,2026,3,17,17,6,1,37
9,41,2026,3,17,12,36,11,62
9,45,2026,3,17,4,2,20,44
9,52,2026,3,17,21,4,12,36
10,0,2026,3,17,21,6,0,42
10,6,2026,3,17,4,6,2,46
10,11,2026,3,17,12,22,12,56
10,14,2026,3,17,17,6,12,50
10,21,2026,3,17,16,2,17,35
10,24,2026,3,17,14,6,20,21
10,32,2026,3,17,16,4,0,25
10,36,2026,3,17,17,2,1,26
10,41,2026,3,17,12,13,13,26
10,45,2026,3,17,4,6,7,25
10,52,2026,3,17,21,3,9,19
11,0,2026,3,17,21,2,0,21
11,6,2026,3,17,4,6,0,27
11,11,2026,3,17,12,19,10,36
11,14,2026,3,17,17,3,15,24
11,21,2026,3,17,16,4,7,21
11,24,2026,3,17,14,6,11,16
11,32,2026,3,17,16,3,0,19
11,36,2026,3,17,17,5,0,24
11,41,2026,3,17,12,18,15,27
11,45,2026,3,17,4,4,5,26
11,52,2026,3,17,21,5,14,17
12,0,2026,3,17,21,2,0,19
12,6,2026,3,17,4,3,1,21
12,11,2026,3,17,12,10,11,20
12,14,2026,3,17,17,5,3,22
12,21,2026,3,17,16,6,7,21
12,24,2026,3,17,14,2,8,15
12,32,2026,3,17,16,6,1,20
12,36,2026,3,17,17,5,0,25
12,41,2026,3,17,12,16,14,27
12,45,2026,3,17,4,6,7,26
12,52,2026,3,17,21,3,11,18
13,0,2026,3,17,21,2,0,20
13,6,2026,3,17,4,32,0,52
13,11,2026,3,17,12,11,20,43
13,14,2026,3,17,17,2,12,33
13,21,2026,3,17,16,3,10,26
13,24,2026,3,17,14,5,15,16
13,32,2026,3,17,16,5,0,21
13,36,2026,3,17,17,4,0,25
13,41,2026,3,17,12,10,12,23
13,45,2026,3,17,4,27,3,47
13,52,2026,3,17,21,2,17,32
14,0,2026,3,17,21,2,0,34
14,6,2026,3,17,4,20,0,54
14,11,2026,3,17,12,8,20,42
14,14,2026,3,17,17,3,8,37
14,21,2026,3,17,16,6,12,31
14,24,2026,3,17,14,2,14,19
14,32,2026,3,17,16,2,1,20
14,36,2026,3,17,17,4,2,22
14,41,2026,3,17,12,30,12,40
14,45,2026,3,17,4,22,5,57
14,52,2026,3,17,21,3,12,48
15,0,2026,3,17,21,2,0,50
15,6,2026,3,17,4,16,0,66
15,11,2026,3,17,12,8,20,54
15,14,2026,3,17,17,2,16,40
15,21,2026,3,17,16,5,18,27
15,24,2026,3,17,14,4,14,17
15,32,2026,3,17,16,6,1,22
15,36,2026,3,17,17,4,1,25
15,41,2026,3,17,12,36,14,47
15,45,2026,3,17,4,7,7,47
15,52,2026,3,17,21,5,13,39
16,0,2026,3,17,21,2,0,41
16,6,2026,3,17,4,5,2,44
16,11,2026,3,17,12,34,12,66
16,14,2026,3,17,17,2,12,56
16,21,2026,3,17,16,6,17,45
16,24,2026,3,17,14,5,18,32
16,32,2026,3,17,16,3,0,35
16,36,2026,3,17,17,5,3,37
16,41,2026,3,17,12,11,12,36
16,45,2026,3,17,4,4,17,23
16,52,2026,3,17,21,3,12,14
17,0,2026,3,17,21,6,0,20
17,6,2026,3,17,4,6,2,24
17,11,2026,3,17,12,28,11,41
17,14,2026,3,17,17,4,9,36
17,21,2026,3,17,16,4,9,31
17,24,2026,3,17,14,6,15,22
17,32,2026,3,17,16,5,0,27
17,36,2026,3,17,17,4,3,28
17,41,2026,3,17,12,18,14,32
17,45,2026,3,17,4,5,10,27
17,52,2026,3,17,21,6,10,23
18,0,2026,3,17,21,2,0,25
18,6,2026,3,17,4,4,0,29
18,11,2026,3,17,12,16,13,32
18,14,2026,3,17,17,2,8,26
18,21,2026,3,17,16,2,11,17
18,24,2026,3,17,14,4,11,10
18,32,2026,3,17,16,4,1,13
18,36,2026,3,17,17,5,0,18
18,41,2026,3,17,12,22,11,29
18,45,2026,3,17,4,4,13,20
18,52,2026,3,17,21,3,5,18
19,0,2026,3,17,21,6,0,24
19,6,2026,3,17,4,4,2,26
19,11,2026,3,17,12,23,12,37
19,14,2026,3,17,17,3,6,34
19,21,2026,3,17,16,5,9,30
19,24,2026,3,17,14,2,11,21
19,32,2026,3,17,16,4,0,25
19,36,2026,3,17,17,3,0,28
19,41,2026,3,17,12,34,13,49
19,45,2026,3,17,4,2,17,34
19,52,2026,3,17,21,3,11,26
20,0,2026,3,17,21,2,0,28
20,6,2026,3,17,4,5,1,32
20,11,2026,3,17,12,8,6,34
20,14,2026,3,17,17,4,6,32
20,21,2026,3,17,16,5,12,25
20,24,2026,3,17,14,4,13,16
20,32,2026,3,17,16,4,1,19
20,36,2026,3,17,17,2,2,19
20,41,2026,3,17,12,10,10,19
20,45,2026,3,17,4,5,6,18
20,52,2026,3,17,21,5,4,19
21,0,2026,3,17,21,6,0,25
21,6,2026,3,17,4,2,1,26
21,11,2026,3,17,12,33,13,46
21,14,2026,3,17,17,6,13,39
21,21,2026,3,17,16,2,10,31
21,24,2026,3,17,14,5,7,29
21,32,2026,3,17,16,4,1,32
21,36,2026,3,17,17,3,0,35
21,41,2026,3,17,12,12,14,33
21,45,2026,3,17,4,5,13,25
21,52,2026,3,17,21,5,15,15
22,0,2026,3,17,21,4,0,19
22,6,2026,3,17,4,4,3,20
22,11,2026,3,17,12,33,7,46
22,14,2026,3,17,17,6,13,39
22,21,2026,3,17,16,3,10,32
22,24,2026,3,17,14,5,9,28
22,32,2026,3,17,16,4,1,31
22,36,2026,3,17,17,2,0,33
22,41,2026,3,17,12,12,12,33
22,45,2026,3,17,4,2,14,21
22,52,2026,3,17,21,6,13,14
23,0,2026,3,17,21,5,0,19
23,6,2026,3,17,4,5,1,23
23,11,2026,3,17,12,36,13,46
23,14,2026,3,17,17,5,10,41
23,21,2026,3,17,16,5,10,36
23,24,2026,3,17,14,6,13,29
23,32,2026,3,17,16,6,1,34
23,36,2026,3,17,17,2,1,35
23,41,2026,3,17,12,23,18,40
23,45,2026,3,17,4,0,20,20
23,52,2026,3,17,21,0,20,0
6,0,2026,3,18,21,5,0,5
6,6,2026,3,18,4,2,1,6
6,11,2026,3,18,12,14,5,15
6,14,2026,3,18,17,21,0,36
6,21,2026,3,18,16,11,4,43
6,24,2026,3,18,14,9,9,43
6,32,2026,3,18,16,18,2,59
6,36,2026,3,18,17,12,9,62
6,41,2026,3,18,12,24,20,66
6,45,2026,3,18,4,2,20,48
6,52,2026,3,18,21,3,16,35
7,0,2026,3,18,21,5,0,40
7,6,2026,3,18,4,2,2,40
7,11,2026,3,18,12,26,10,56
7,14,2026,3,18,17,10,11,55
7,21,2026,3,18,16,8,12,51
7,24,2026,3,18,14,7,20,38
7,32,2026,3,18,16,5,1,42
7,36,2026,3,18,17,8,2,48
7,41,2026,3,18,12,18,18,48
7,45,2026,3,18,4,5,20,33
7,52,2026,3,18,21,3,13,23
8,0,2026,3,18,21,3,0,26
8,6,2026,3,18,4,4,1,29
8,11,2026,3,18,12,9,11,27
8,14,2026,3,18,17,17,9,35
8,21,2026,3,18,16,20,6,49
8,24,2026,3,18,14,15,11,53
8,32,2026,3,18,16,6,2,57
8,36,2026,3,18,17,10,4,63
8,41,2026,3,18,12,15,20,58
8,45,2026,3,18,4,1,20,39
8,52,2026,3,18,21,3,18,24
9,0,2026,3,18,21,4,0,28
9,6,2026,3,18,4,5,2,31
9,11,2026,3,18,12,31,8,54
9,14,2026,3,18,17,4,5,53
9,21,2026,3,18,16,5,13,45
9,24,2026,3,18,14,3,15,33
9,32,2026,3,18,16,4,0,37
9,36,2026,3,18,17,5,0,42
9,41,2026,3,18,12,29,13,58
9,45,2026,3,18,4,5,20,43
9,52,2026,3,18,21,5,16,32
10,0,2026,3,18,21,6,0,38
10,6,2026,3,18,4,6,3,41
10,11,2026,3,18,12,12,13,40
10,14,2026,3,18,17,2,13,29
10,21,2026,3,18,16,4,13,20
10,24,2026,3,18,14,2,9,13
10,32,2026,3,18,16,6,0,19
10,36,2026,3,18,17,5,0,24
10,41,2026,3,18,12,26,10,40
10,45,2026,3,18,4,2,13,29
10,52,2026,3,18,21,2,8,23
11,0,2026,3,18,21,5,0,28
11,6,2026,3,18,4,4,1,31
11,11,2026,3,18,12,35,7,59
11,14,2026,3,18,17,6,12,53
11,21,2026,3,18,16,5,18,40
11,24,2026,3,18,14,4,16,28
11,32,2026,3,18,16,5,1,32
11,36,2026,3,18,17,3,2,33
11,41,2026,3,18,12,23,15,41
11,45,2026,3,18,4,2,16,27
11,52,2026,3,18,21,5,10,22
12,0,2026,3,18,21,4,0,26
12,6,2026,3,18,4,4,1,29
12,11,2026,3,18,12,14,10,33
12,14,2026,3,18,17,2,6,29
12,21,2026,3,18,16,5,16,18
12,24,2026,3,18,14,4,12,10
12,32,2026,3,18,16,6,1,15
12,36,2026,3,18,17,6,2,19
12,41,2026,3,18,12,26,11,34
12,45,2026,3,18,4,2,7,29
12,52,2026,3,18,21,5,7,27
13,0,2026,3,18,21,4,0,31
13,6,2026,3,18,4,23,2,52
13,11,2026,3,18,12,34,20,66
13,14,2026,3,18,17,2,14,54
13,21,2026,3,18,16,5,20,39
13,24,2026,3,18,14,4,18,25
13,32,2026,3,18,16,2,0,27
13,36,2026,3,18,17,6,0,33
13,41,2026,3,18,12,15,16,32
13,45,2026,3,18,4,19,9,42
13,52,2026,3,18,21,5,14,33
14,0,2026,3,18,21,3,0,36
14,6,2026,3,18,4,15,2,49
14,11,2026,3,18,12,11,20,40
14,14,2026,3,18,17,5,16,29
14,21,2026,3,18,16,4,9,24
14,24,2026,3,18,14,6,13,17
14,32,2026,3,18,16,4,0,21
14,36,2026,3,18,17,2,3,20
14,41,2026,3,18,12,19,11,28
14,45,2026,3,18,4,8,3,33
14,52,2026,3,18,21,6,11,28
15,0,2026,3,18,21,5,0,33
15,6,2026,3,18,4,24,1,56
15,11,2026,3,18,12,30,20,66
15,14,2026,3,18,17,5,20,51
15,21,2026,3,18,16,6,15,42
15,24,2026,3,18,14,4,15,31
15,32,2026,3,18,16,2,0,33
15,36,2026,3,18,17,4,3,34
15,41,2026,3,18,12,24,8,50
15,45,2026,3,18,4,24,12,62
15,52,2026,3,18,21,3,20,45
16,0,2026,3,18,21,5,0,50
16,6,2026,3,18,4,3,0,53
16,11,2026,3,18,12,19,20,52
16,14,2026,3,18,17,3,15,40
16,21,2026,3,18,16,3,9,34
16,24,2026,3,18,14,3,17,20
16,32,2026,3,18,16,5,0,25
16,36,2026,3,18,17,3,1,27
16,41,2026,3,18,12,23,14,36
16,45,2026,3,18,4,3,6,33
16,52,2026,3,18,21,6,16,23
17,0,2026,3,18,21,6,0,29
17,6,2026,3,18,4,3,1,31
17,11,2026,3,18,12,28,10,49
17,14,2026,3,18,17,5,12,42
17,21,2026,3,18,16,6,13,35
17,24,2026,3,18,14,3,12,26
17,32,2026,3,18,16,2,0,28
17,36,2026,3,18,17,4,1,31
17,41,2026,3,18,12,35,9,57
17,45,2026,3,18,4,3,20,40
17,52,2026,3,18,21,2,18,24
18,0,2026,3,18,21,4,0,28
18,6,2026,3,18,4,3,0,31
18,11,2026,3,18,12,19,10,40
18,14,2026,3,18,17,5,15,30
18,21,2026,3,18,16,2,12,20
18,24,2026,3,18,14,3,8,15
18,32,2026,3,18,16,4,0,19
18,36,2026,3,18,17,6,0,25
18,41,2026,3,18,12,27,13,39
18,45,2026,3,18,4,4,6,37
18,52,2026,3,18,21,5,10,32
19,0,2026,3,18,21,6,0,38
19,6,2026,3,18,4,2,2,38
19,11,2026,3,18,12,31,11,58
19,14,2026,3,18,17,4,12,50
19,21,2026,3,18,16,2,20,32
19,24,2026,3,18,14,6,18,20
19,32,2026,3,18,16,3,1,22
19,36,2026,3,18,17,3,1,24
19,41,2026,3,18,12,9,12,21
19,45,2026,3,18,4,2,6,17
19,52,2026,3,18,21,2,10,9
20,0,2026,3,18,21,2,0,11
20,6,2026,3,18,4,3,0,14
20,11,2026,3,18,12,16,8,22
20,14,2026,3,18,17,6,5,23
20,21,2026,3,18,16,2,7,18
20,24,2026,3,18,14,2,7,13
20,32,2026,3,18,16,4,0,17
20,36,2026,3,18,17,6,1,22
20,41,2026,3,18,12,14,13,23
20,45,2026,3,18,4,4,5,22
20,52,2026,3,18,21,3,7,18
21,0,2026,3,18,21,6,0,24
21,6,2026,3,18,4,2,1,25
21,11,2026,3,18,12,28,10,43
21,14,2026,3,18,17,4,10,37
21,21,2026,3,18,16,5,7,35
21,24,2026,3,18,14,4,12,27
21,32,2026,3,18,16,6,0,33
21,36,2026,3,18,17,6,3,36
21,41,2026,3,18,12,25,20,41
21,45,2026,3,18,4,2,10,33
21,52,2026,3,18,21,4,15,22
22,0,2026,3,18,21,4,0,26
22,6,2026,3,18,4,5,0,31
22,11,2026,3,18,12,18,10,39
22,14,2026,3,18,17,4,8,35
22,21,2026,3,18,16,4,12,27
22,24,2026,3,18,14,6,12,21
22,32,2026,3,18,16,5,1,25
22,36,2026,3,18,17,5,3,27
22,41,2026,3,18,12,26,14,39
22,45,2026,3,18,4,4,12,31
22,52,2026,3,18,21,5,16,20
23,0,2026,3,18,21,2,0,22
23,6,2026,3,18,4,4,1,25
23,11,2026,3,18,12,32,11,46
23,14,2026,3,18,17,5,17,34
23,21,2026,3,18,16,3,6,31
23,24,2026,3,18,14,3,7,27
23,32,2026,3,18,16,4,0,31
23,36,2026,3,18,17,6,2,35
23,41,2026,3,18,12,21,16,40
23,45,2026,3,18,4,0,20,20
23,52,2026,3,18,21,0,20,0
6,0,2026,3,19,21,3,0,3
6,6,2026,3,19,4,6,0,9
6,11,2026,3,19,12,25,7,27
6,14,2026,3,19,17,16,5,38
6,21,2026,3,19,16,14,8,44
6,24,2026,3,19,14,9,7,46
6,32,2026,3,19,16,21,2,65
6,36,2026,3,19,17,8,7,66
6,41,2026,3,19,12,20,20,66
6,45,2026,3,19,4,4,20,50
6,52,2026,3,19,21,6,20,36
7,0,2026,3,19,21,5,0,41
7,6,2026,3,19,4,2,4,39
7,11,2026,3,19,12,30,8,61
7,14,2026,3,19,17,14,9,66
7,21,2026,3,19,16,15,16,65
7,24,2026,3,19,14,17,16,66
7,32,2026,3,19,16,2,2,66
7,36,2026,3,19,17,9,9,66
7,41,2026,3,19,12,16,20,62
7,45,2026,3,19,4,1,20,43
7,52,2026,3,19,21,3,19,27
8,0,2026,3,19,21,5,0,32
8,6,2026,3,19,4,5,3,34
8,11,2026,3,19,12,13,11,36
8,14,2026,3,19,17,20,10,46
8,21,2026,3,19,16,18,8,56
8,24,2026,3,19,14,20,15,61
8,32,2026,3,19,16,7,6,62
8,36,2026,3,19,17,6,7,61
8,41,2026,3,19,12,25,20,66
8,45,2026,3,19,4,1,20,47
8,52,2026,3,19,21,5,20,32
9,0,2026,3,19,21,5,0,37
9,6,2026,3,19,4,4,1,40
9,11,2026,3,19,12,23,13,50
9,14,2026,3,19,17,6,12,44
9,21,2026,3,19,16,6,10,40
9,24,2026,3,19,14,4,13,31
9,32,2026,3,19,16,5,0,36
9,36,2026,3,19,17,4,1,39
9,41,2026,3,19,12,14,10,43
9,45,2026,3,19,4,2,20,25
9,52,2026,3,19,21,6,9,22
10,0,2026,3,19,21,6,0,28
10,6,2026,3,19,4,6,0,34
10,11,2026,3,19,12,18,13,39
10,14,2026,3,19,17,6,9,36
10,21,2026,3,19,16,3,14,25
10,24,2026,3,19,14,5,10,20
10,32,2026,3,19,16,3,0,23
10,36,2026,3,19,17,2,0,25
10,41,2026,3,19,12,22,14,33
10,45,2026,3,19,4,5,11,27
10,52,2026,3,19,21,4,7,24
11,0,2026,3,19,21,4,0,28
11,6,2026,3,19,4,6,1,33
11,11,2026,3,19,12,29,11,51
11,14,2026,3,19,17,3,14,40
11,21,2026,3,19,16,2,10,32
11,24,2026,3,19,14,6,12,26
11,32,2026,3,19,16,5,1,30
11,36,2026,3,19,17,4,3,31
11,41,2026,3,19,12,21,13,39
11,45,2026,3,19,4,3,13,29
11,52,2026,3,19,21,6,13,22
12,0,2026,3,19,21,6,0,28
12,6,2026,3,19,4,4,2,30
12,11,2026,3,19,12,36,12,54
12,14,2026,3,19,17,4,19,39
12,21,2026,3,19,16,4,12,31
12,24,2026,3,19,14,6,12,25
12,32,2026,3,19,16,5,2,28
12,36,2026,3,19,17,2,1,29
12,41,2026,3,19,12,34,13,50
12,45,2026,3,19,4,3,15,38
12,52,2026,3,19,21,4,15,27
13,0,2026,3,19,21,4,0,31
13,6,2026,3,19,4,18,1,48
13,11,2026,3,19,12,18,20,46
13,14,2026,3,19,17,5,10,41
13,21,2026,3,19,16,6,16,31
13,24,2026,3,19,14,3,15,19
13,32,2026,3,19,16,6,0,25
13,36,2026,3,19,17,3,0,28
13,41,2026,3,19,12,26,19,35
13,45,2026,3,19,4,19,5,49
13,52,2026,3,19,21,2,14,37
14,0,2026,3,19,21,5,0,42
14,6,2026,3,19,4,17,0,59
14,11,2026,3,19,12,15,20,54
14,14,2026,3,19,17,6,18,42
14,21,2026,3,19,16,3,19,26
14,24,2026,3,19,14,5,12,19
14,32,2026,3,19,16,3,0,22
14,36,2026,3,19,17,4,0,26
14,41,2026,3,19,12,32,17,41
14,45,2026,3,19,4,24,12,53
14,52,2026,3,19,21,3,14,42
15,0,2026,3,19,21,2,0,44
15,6,2026,3,19,4,17,0,61
15,11,2026,3,19,12,22,20,63
15,14,2026,3,19,17,2,20,45
15,21,2026,3,19,16,5,12,38
15,24,2026,3,19,14,4,20,22
15,32,2026,3,19,16,4,1,25
15,36,2026,3,19,17,6,2,29
15,41,2026,3,19,12,29,12,46
15,45,2026,3,19,4,16,9,53
15,52,2026,3,19,21,3,20,36
16,0,2026,3,19,21,3,0,39
16,6,2026,3,19,4,4,1,42
16,11,2026,3,19,12,33,15,60
16,14,2026,3,19,17,5,12,53
16,21,2026,3,19,16,3,19,37
16,24,2026,3,19,14,6,15,28
16,32,2026,3,19,16,5,0,33
16,36,2026,3,19,17,4,1,36
16,41,2026,3,19,12,10,14,32
16,45,2026,3,19,4,2,11,23
16,52,2026,3,19,21,2,16,9
17,0,2026,3,19,21,5,0,14
17,6,2026,3,19,4,3,0,17
17,11,2026,3,19,12,11,9,19
17,14,2026,3,19,17,3,2,20
17,21,2026,3,19,16,3,6,17
17,24,2026,3,19,14,3,7,13
17,32,2026,3,19,16,5,0,18
17,36,2026,3,19,17,4,0,22
17,41,2026,3,19,12,25,14,33
17,45,2026,3,19,4,2,10,25
17,52,2026,3,19,21,2,12,15
18,0,2026,3,19,21,6,0,21
18,6,2026,3,19,4,2,3,20
18,11,2026,3,19,12,22,5,37
18,14,2026,3,19,17,5,8,34
18,21,2026,3,19,16,5,9,30
18,24,2026,3,19,14,2,14,18
18,32,2026,3,19,16,2,1,19
18,36,2026,3,19,17,5,1,23
18,41,2026,3,19,12,16,8,31
18,45,2026,3,19,4,4,7,28
18,52,2026,3,19,21,5,10,23
19,0,2026,3,19,21,6,0,29
19,6,2026,3,19,4,2,2,29
19,11,2026,3,19,12,24,9,44
19,14,2026,3,19,17,5,12,37
19,21,2026,3,19,16,6,12,31
19,24,2026,3,19,14,6,13,24
19,32,2026,3,19,16,3,1,26
19,36,2026,3,19,17,4,6,24
19,41,2026,3,19,12,24,13,35
19,45,2026,3,19,4,3,6,32
19,52,2026,3,19,21,6,11,27
20,0,2026,3,19,21,6,0,33
20,6,2026,3,19,4,6,2,37
20,11,2026,3,19,12,12,11,38
20,14,2026,3,19,17,6,11,33
20,21,2026,3,19,16,2,8,27
20,24,2026,3,19,14,6,13,20
20,32,2026,3,19,16,3,2,21
20,36,2026,3,19,17,6,4,23
20,41,2026,3,19,12,20,10,33
20,45,2026,3,19,4,3,11,25
20,52,2026,3,19,21,2,11,16
21,0,2026,3,19,21,6,0,22
21,6,2026,3,19,4,6,1,27
21,11,2026,3,19,12,20,8,39
21,14,2026,3,19,17,5,13,31
21,21,2026,3,19,16,2,10,23
21,24,2026,3,19,14,4,8,19
21,32,2026,3,19,16,5,0,24
21,36,2026,3,19,17,2,1,25
21,41,2026,3,19,12,10,14,21
21,45,2026,3,19,4,4,5,20
21,52,2026,3,19,21,4,10,14
22,0,2026,3,19,21,2,0,16
22,6,2026,3,19,4,6,0,22
22,11,2026,3,19,12,8,12,18
22,14,2026,3,19,17,2,5,15
22,21,2026,3,19,16,3,5,13
22,24,2026,3,19,14,5,8,10
22,32,2026,3,19,16,5,2,13
22,36,2026,3,19,17,3,0,16
22,41,2026,3,19,12,10,10,16
22,45,2026,3,19,4,5,4,17
22,52,2026,3,19,21,4,4,17
23,0,2026,3,19,21,4,0,21
23,6,2026,3,19,4,3,1,23
23,11,2026,3,19,12,36,5,54
23,14,2026,3,19,17,3,14,43
23,21,2026,3,19,16,6,6,43
23,24,2026,3,19,14,3,20,26
23,32,2026,3,19,16,3,0,29
23,36,2026,3,19,17,4,2,31
23,41,2026,3,19,12,10,12,29
23,45,2026,3,19,4,3,14,18
23,52,2026,3,19,21,0,18,0
6,0,2026,3,20,21,6,0,6
6,6,2026,3,20,4,2,1,7
6,11,2026,3,20,12,10,4,13
6,14,2026,3,20,17,14,3,24
6,21,2026,3,20,16,22,2,44
6,24,2026,3,20,14,13,12,45
6,32,2026,3,20,16,15,5,55
6,36,2026,3,20,17,11,6,60
6,41,2026,3,20,12,26,20,66
6,45,2026,3,20,4,3,20,49
6,52,2026,3,20,21,4,20,33
7,0,2026,3,20,21,2,0,35
7,6,2026,3,20,4,3,5,33
7,11,2026,3,20,12,29,2,60
7,14,2026,3,20,17,14,8,66
7,21,2026,3,20,16,6,15,57
7,24,2026,3,20,14,13,16,54
7,32,2026,3,20,16,13,1,66
7,36,2026,3,20,17,8,8,66
7,41,2026,3,20,12,16,20,62
7,45,2026,3,20,4,4,20,46
7,52,2026,3,20,21,6,20,32
8,0,2026,3,20,21,3,0,35
8,6,2026,3,20,4,1,3,33
8,11,2026,3,20,12,11,7,37
8,14,2026,3,20,17,17,8,46
8,21,2026,3,20,16,7,11,42
8,24,2026,3,20,14,20,15,47
8,32,2026,3,20,16,14,3,58
8,36,2026,3,20,17,12,4,66
8,41,2026,3,20,12,20,20,66
8,45,2026,3,20,4,5,20,51
8,52,2026,3,20,21,3,17,37
9,0,2026,3,20,21,3,0,40
9,6,2026,3,20,4,4,4,40
9,11,2026,3,20,12,26,8,58
9,14,2026,3,20,17,2,8,52
9,21,2026,3,20,16,5,12,45
9,24,2026,3,20,14,6,20,31
9,32,2026,3,20,16,5,0,36
9,36,2026,3,20,17,4,4,36
9,41,2026,3,20,12,12,11,37
9,45,2026,3,20,4,4,20,21
9,52,2026,3,20,21,3,11,13
10,0,2026,3,20,21,4,0,17
10,6,2026,3,20,4,6,0,23
10,11,2026,3,20,12,19,14,28
10,14,2026,3,20,17,6,7,27
10,21,2026,3,20,16,4,5,26
10,24,2026,3,20,14,2,8,20
10,32,2026,3,20,16,2,0,22
10,36,2026,3,20,17,3,0,25
10,41,2026,3,20,12,29,12,42
10,45,2026,3,20,4,2,13,31
10,52,2026,3,20,21,3,12,22
11,0,2026,3,20,21,2,0,24
11,6,2026,3,20,4,4,0,28
11,11,2026,3,20,12,32,8,52
11,14,2026,3,20,17,2,8,46
11,21,2026,3,20,16,5,20,31
11,24,2026,3,20,14,6,13,24
11,32,2026,3,20,16,2,1,25
11,36,2026,3,20,17,5,2,28
11,41,2026,3,20,12,25,10,43
11,45,2026,3,20,4,4,9,38
11,52,2026,3,20,21,5,14,29
12,0,2026,3,20,21,5,0,34
12,6,2026,3,20,4,2,0,36
12,11,2026,3,20,12,13,12,37
12,14,2026,3,20,17,6,12,31
12,21,2026,3,20,16,6,8,29
12,24,2026,3,20,14,2,16,15
12,32,2026,3,20,16,3,0,18
12,36,2026,3,20,17,2,1,19
12,41,2026,3,20,12,31,9,41
12,45,2026,3,20,4,5,11,35
12,52,2026,3,20,21,3,11,27
13,0,2026,3,20,21,3,0,30
13,6,2026,3,20,4,21,0,51
13,11,2026,3,20,12,26,16,61
13,14,2026,3,20,17,4,14,51
13,21,2026,3,20,16,2,20,33
13,24,2026,3,20,14,3,18,18
13,32,2026,3,20,16,2,0,20
13,36,2026,3,20,17,4,1,23
13,41,2026,3,20,12,17,10,30
13,45,2026,3,20,4,19,4,45
13,52,2026,3,20,21,4,15,34
14,0,2026,3,20,21,5,0,39
14,6,2026,3,20,4,21,1,59
14,11,2026,3,20,12,27,20,66
14,14,2026,3,20,17,5,20,51
14,21,2026,3,20,16,2,14,39
14,24,2026,3,20,14,4,18,25
14,32,2026,3,20,16,2,0,27
14,36,2026,3,20,17,2,0,29
14,41,2026,3,20,12,34,13,50
14,45,2026,3,20,4,24,8,66
14,52,2026,3,20,21,5,20,51
15,0,2026,3,20,21,6,0,57
15,6,2026,3,20,4,10,1,66
15,11,2026,3,20,12,17,20,63
15,14,2026,3,20,17,4,13,54
15,21,2026,3,20,16,6,20,40
15,24,2026,3,20,14,2,20,22
15,32,2026,3,20,16,2,0,24
15,36,2026,3,20,17,5,2,27
15,41,2026,3,20,12,23,16,34
15,45,2026,3,20,4,28,6,56
15,52,2026,3,20,21,5,18,43
16,0,2026,3,20,21,4,0,47
16,6,2026,3,20,4,2,2,47
16,11,2026,3,20,12,30,20,57
16,14,2026,3,20,17,4,20,41
16,21,2026,3,20,16,5,12,34
16,24,2026,3,20,14,5,14,25
16,32,2026,3,20,16,4,0,29
16,36,2026,3,20,17,3,0,32
16,41,2026,3,20,12,9,17,24
16,45,2026,3,20,4,4,6,22
16,52,2026,3,20,21,5,13,14
17,0,2026,3,20,21,5,0,19
17,6,2026,3,20,4,5,0,24
17,11,2026,3,20,12,15,12,27
17,14,2026,3,20,17,3,3,27
17,21,2026,3,20,16,5,10,22
17,24,2026,3,20,14,6,9,19
17,32,2026,3,20,16,6,1,24
17,36,2026,3,20,17,6,1,29
17,41,2026,3,20,12,9,16,22
17,45,2026,3,20,4,3,8,17
17,52,2026,3,20,21,6,7,16
18,0,2026,3,20,21,3,0,19
18,6,2026,3,20,4,4,0,23
18,11,2026,3,20,12,13,14,22
18,14,2026,3,20,17,5,4,23
18,21,2026,3,20,16,5,9,19
18,24,2026,3,20,14,3,5,17
18,32,2026,3,20,16,4,0,21
18,36,2026,3,20,17,5,1,25
18,41,2026,3,20,12,14,16,23
18,45,2026,3,20,4,5,6,22
18,52,2026,3,20,21,4,7,19
19,0,2026,3,20,21,4,0,23
19,6,2026,3,20,4,6,0,29
19,11,2026,3,20,12,25,8,46
19,14,2026,3,20,17,4,10,40
19,21,2026,3,20,16,5,11,34
19,24,2026,3,20,14,4,14,24
19,32,2026,3,20,16,3,0,27
19,36,2026,3,20,17,5,1,31
19,41,2026,3,20,12,9,16,24
19,45,2026,3,20,4,5,7,22
19,52,2026,3,20,21,6,9,19
20,0,2026,3,20,21,3,0,22
20,6,2026,3,20,4,2,1,23
20,11,2026,3,20,12,35,12,46
20,14,2026,3,20,17,5,13,38
20,21,2026,3,20,16,6,9,35
20,24,2026,3,20,14,3,12,26
20,32,2026,3,20,16,5,0,31
20,36,2026,3,20,17,6,1,36
20,41,2026,3,20,12,27,14,49
20,45,2026,3,20,4,3,13,39
20,52,2026,3,20,21,2,16,25
21,0,2026,3,20,21,5,0,30
21,6,2026,3,20,4,4,2,32
21,11,2026,3,20,12,10,10,32
21,14,2026,3,20,17,6,10,28
21,21,2026,3,20,16,5,10,23
21,24,2026,3,20,14,6,9,20
21,32,2026,3,20,16,2,0,22
21,36,2026,3,20,17,4,1,25
21,41,2026,3,20,12,31,12,44
21,45,2026,3,20,4,6,10,40
21,52,2026,3,20,21,3,12,31
22,0,2026,3,20,21,2,0,33
22,6,2026,3,20,4,2,0,35
22,11,2026,3,20,12,36,9,62
22,14,2026,3,20,17,4,17,49
22,21,2026,3,20,16,3,16,36
22,24,2026,3,20,14,2,19,19
22,32,2026,3,20,16,2,0,21
22,36,2026,3,20,17,3,2,22
22,41,2026,3,20,12,15,9,28
22,45,2026,3,20,4,4,14,18
22,52,2026,3,20,21,3,4,17
23,0,2026,3,20,21,3,0,20
23,6,2026,3,20,4,4,1,23
23,11,2026,3,20,12,26,5,44
23,14,2026,3,20,17,6,6,44
23,21,2026,3,20,16,5,12,37
23,24,2026,3,20,14,4,14,27
23,32,2026,3,20,16,3,0,30
23,36,2026,3,20,17,2,1,31
23,41,2026,3,20,12,17,15,33
23,45,2026,3,20,4,5,18,20
23,52,2026,3,20,21,0,20,0
6,0,2026,3,21,21,5,0,5
6,6,2026,3,21,4,2,0,7
6,11,2026,3,21,12,23,4,26
6,14,2026,3,21,17,18,3,41
6,21,2026,3,21,16,22,8,55
6,24,2026,3,21,14,11,11,55
6,32,2026,3,21,16,11,1,65
6,36,2026,3,21,17,9,8,66
6,41,2026,3,21,12,20,20,66
6,45,2026,3,21,4,5,20,51
6,52,2026,3,21,21,4,20,35
7,0,2026,3,21,21,2,0,37
7,6,2026,3,21,4,4,2,39
7,11,2026,3,21,12,8,8,39
7,14,2026,3,21,17,19,6,52
7,21,2026,3,21,16,7,13,46
7,24,2026,3,21,14,6,15,37
7,32,2026,3,21,16,6,0,43
7,36,2026,3,21,17,14,1,56
7,41,2026,3,21,12,30,20,66
7,45,2026,3,21,4,1,20,47
7,52,2026,3,21,21,3,15,35
8,0,2026,3,21,21,3,0,38
8,6,2026,3,21,4,1,2,37
8,11,2026,3,21,12,20,3,54
8,14,2026,3,21,17,5,12,47
8,21,2026,3,21,16,12,9,50
8,24,2026,3,21,14,21,20,51
8,32,2026,3,21,16,19,4,66
8,36,2026,3,21,17,9,9,66
8,41,2026,3,21,12,20,20,66
8,45,2026,3,21,4,3,20,49
8,52,2026,3,21,21,4,18,35
9,0,2026,3,21,21,6,0,41
9,6,2026,3,21,4,5,5,41
9,11,2026,3,21,12,14,11,44
9,14,2026,3,21,17,5,5,44
9,21,2026,3,21,16,6,8,42
9,24,2026,3,21,14,3,20,25
9,32,2026,3,21,16,2,1,26
9,36,2026,3,21,17,3,0,29
9,41,2026,3,21,12,19,12,36
9,45,2026,3,21,4,3,20,19
9,52,2026,3,21,21,4,7,16
10,0,2026,3,21,21,6,0,22
10,6,2026,3,21,4,5,0,27
10,11,2026,3,21,12,15,12,30
10,14,2026,3,21,17,4,8,26
10,21,2026,3,21,16,3,9,20
10,24,2026,3,21,14,3,7,16
10,32,2026,3,21,16,2,1,17
10,36,2026,3,21,17,5,0,22
10,41,2026,3,21,12,25,9,38
10,45,2026,3,21,4,5,11,32
10,52,2026,3,21,21,6,5,33
11,0,2026,3,21,21,4,0,37
11,6,2026,3,21,4,5,2,40
11,11,2026,3,21,12,16,13,43
11,14,2026,3,21,17,3,10,36
11,21,2026,3,21,16,4,11,29
11,24,2026,3,21,14,5,18,16
11,32,2026,3,21,16,4,2,18
11,36,2026,3,21,17,4,2,20
11,41,2026,3,21,12,33,11,42
11,45,2026,3,21,4,2,11,33
11,52,2026,3,21,21,6,9,30
12,0,2026,3,21,21,4,0,34
12,6,2026,3,21,4,4,0,38
12,11,2026,3,21,12,30,8,60
12,14,2026,3,21,17,5,15,50
12,21,2026,3,21,16,5,16,39
12,24,2026,3,21,14,4,19,24
12,32,2026,3,21,16,5,0,29
12,36,2026,3,21,17,6,0,35
12,41,2026,3,21,12,32,20,47
12,45,2026,3,21,4,2,13,36
12,52,2026,3,21,21,3,17,22
13,0,2026,3,21,21,3,0,25
13,6,2026,3,21,4,32,0,57
13,11,2026,3,21,12,21,20,58
13,14,2026,3,21,17,2,18,42
13,21,2026,3,21,16,2,20,24
13,24,2026,3,21,14,3,14,13
13,32,2026,3,21,16,5,0,18
13,36,2026,3,21,17,5,1,22
13,41,2026,3,21,12,13,12,23
13,45,2026,3,21,4,31,8,46
13,52,2026,3,21,21,6,12,40
14,0,2026,3,21,21,6,0,46
14,6,2026,3,21,4,19,1,64
14,11,2026,3,21,12,11,20,55
14,14,2026,3,21,17,6,19,42
14,21,2026,3,21,16,6,16,32
14,24,2026,3,21,14,4,13,23
14,32,2026,3,21,16,6,1,28
14,36,2026,3,21,17,6,2,32
14,41,2026,3,21,12,25,19,38
14,45,2026,3,21,4,14,11,41
14,52,2026,3,21,21,6,16,31
15,0,2026,3,21,21,3,0,34
15,6,2026,3,21,4,32,1,65
15,11,2026,3,21,12,21,20,66
15,14,2026,3,21,17,4,16,54
15,21,2026,3,21,16,5,17,42
15,24,2026,3,21,14,5,20,27
15,32,2026,3,21,16,3,0,30
15,36,2026,3,21,17,5,0,35
15,41,2026,3,21,12,36,16,55
15,45,2026,3,21,4,19,8,66
15,52,2026,3,21,21,6,20,52
16,0,2026,3,21,21,3,0,55
16,6,2026,3,21,4,6,2,59
16,11,2026,3,21,12,15,20,54
16,14,2026,3,21,17,5,20,39
16,21,2026,3,21,16,2,10,31
16,24,2026,3,21,14,5,17,19
16,32,2026,3,21,16,5,0,24
16,36,2026,3,21,17,5,0,29
16,41,2026,3,21,12,36,15,50
16,45,2026,3,21,4,2,11,41
16,52,2026,3,21,21,5,11,35
17,0,2026,3,21,21,5,0,40
17,6,2026,3,21,4,6,0,46
17,11,2026,3,21,12,23,13,56
17,14,2026,3,21,17,2,16,42
17,21,2026,3,21,16,3,13,32
17,24,2026,3,21,14,2,20,14
17,32,2026,3,21,16,3,0,17
17,36,2026,3,21,17,2,2,17
17,41,2026,3,21,12,12,8,21
17,45,2026,3,21,4,5,6,20
17,52,2026,3,21,21,3,7,16
18,0,2026,3,21,21,2,0,18
18,6,2026,3,21,4,3,0,21
18,11,2026,3,21,12,34,8,47
18,14,2026,3,21,17,5,4,48
18,21,2026,3,21,16,2,12,38
18,24,2026,3,21,14,2,14,26
18,32,2026,3,21,16,6,0,32
18,36,2026,3,21,17,4,4,32
18,41,2026,3,21,12,11,13,30
18,45,2026,3,21,4,5,14,21
18,52,2026,3,21,21,2,10,13
19,0,2026,3,21,21,4,0,17
19,6,2026,3,21,4,2,0,19
19,11,2026,3,21,12,9,10,18
19,14,2026,3,21,17,2,4,16
19,21,2026,3,21,16,5,2,19
19,24,2026,3,21,14,2,10,11
19,32,2026,3,21,16,2,0,13
19,36,2026,3,21,17,4,0,17
19,41,2026,3,21,12,13,8,22
19,45,2026,3,21,4,3,7,18
19,52,2026,3,21,21,3,7,14
20,0,2026,3,21,21,2,0,16
20,6,2026,3,21,4,4,1,19
20,11,2026,3,21,12,16,7,28
20,14,2026,3,21,17,6,5,29
20,21,2026,3,21,16,3,10,22
20,24,2026,3,21,14,2,8,16
20,32,2026,3,21,16,5,0,21
20,36,2026,3,21,17,6,2,25
20,41,2026,3,21,12,14,13,26
20,45,2026,3,21,4,5,7,24
20,52,2026,3,21,21,3,9,18
21,0,2026,3,21,21,3,0,21
21,6,2026,3,21,4,2,0,23
21,11,2026,3,21,12,20,5,38
21,14,2026,3,21,17,6,10,34
21,21,2026,3,21,16,5,10,29
21,24,2026,3,21,14,2,7,24
21,32,2026,3,21,16,5,0,29
21,36,2026,3,21,17,4,0,33
21,41,2026,3,21,12,15,19,29
21,45,2026,3,21,4,4,10,23
21,52,2026,3,21,21,5,10,18
22,0,2026,3,21,21,5,0,23
22,6,2026,3,21,4,6,0,29
22,11,2026,3,21,12,27,13,43
22,14,2026,3,21,17,6,11,38
22,21,2026,3,21,16,2,13,27
22,24,2026,3,21,14,2,5,24
22,32,2026,3,21,16,3,0,27
22,36,2026,3,21,17,5,0,32
22,41,2026,3,21,12,21,11,42
22,45,2026,3,21,4,2,12,32
22,52,2026,3,21,21,5,17,20
23,0,2026,3,21,21,3,0,23
23,6,2026,3,21,4,2,0,25
23,11,2026,3,21,12,18,7,36
23,14,2026,3,21,17,6,4,38
23,21,2026,3,21,16,2,9,31
23,24,2026,3,21,14,6,14,23
23,32,2026,3,21,16,2,1,24
23,36,2026,3,21,17,6,1,29
23,41,2026,3,21,12,9,15,23
23,45,2026,3,21,4,6,10,19
23,52,2026,3,21,21,0,19,0
6,0,2026,3,22,21,4,0,4
6,6,2026,3,22,4,3,0,7
6,11,2026,3,22,12,33,6,34
6,14,2026,3,22,17,8,4,38
6,21,2026,3,22,16,21,6,53
6,24,2026,3,22,14,8,13,48
6,32,2026,3,22,16,10,4,54
6,36,2026,3,22,17,15,4,65
6,41,2026,3,22,12,21,20,66
6,45,2026,3,22,4,6,20,52
6,52,2026,3,22,21,4,20,36
7,0,2026,3,22,21,4,0,40
7,6,2026,3,22,4,1,3,38
7,11,2026,3,22,12,19,7,50
7,14,2026,3,22,17,6,11,45
7,21,2026,3,22,16,20,8,57
7,24,2026,3,22,14,15,17,55
7,32,2026,3,22,16,8,2,61
7,36,2026,3,22,17,12,7,66
7,41,2026,3,22,12,13,20,59
7,45,2026,3,22,4,3,20,42
7,52,2026,3,22,21,3,16,29
8,0,2026,3,22,21,2,0,31
8,6,2026,3,22,4,4,1,34
8,11,2026,3,22,12,24,7,51
8,14,2026,3,22,17,10,8,53
8,21,2026,3,22,16,16,19,50
8,24,2026,3,22,14,5,12,43
8,32,2026,3,22,16,5,1,47
8,36,2026,3,22,17,10,1,56
8,41,2026,3,22,12,23,20,59
8,45,2026,3,22,4,2,20,41
8,52,2026,3,22,21,2,20,23
9,0,2026,3,22,21,4,0,27
9,6,2026,3,22,4,3,3,27
9,11,2026,3,22,12,29,5,51
9,14,2026,3,22,17,3,11,43
9,21,2026,3,22,16,4,6,41
9,24,2026,3,22,14,4,12,33
9,32,2026,3,22,16,2,0,35
9,36,2026,3,22,17,3,0,38
9,41,2026,3,22,12,17,14,41
9,45,2026,3,22,4,1,20,22
9,52,2026,3,22,21,3,7,18
10,0,2026,3,22,21,6,0,24
10,6,2026,3,22,4,2,0,26
10,11,2026,3,22,12,20,4,42
10,14,2026,3,22,17,2,11,33
10,21,2026,3,22,16,5,9,29
10,24,2026,3,22,14,2,13,18
10,32,2026,3,22,16,2,1,19
10,36,2026,3,22,17,5,0,24
10,41,2026,3,22,12,27,12,39
10,45,2026,3,22,4,3,14,28
10,52,2026,3,22,21,4,7,25
11,0,2026,3,22,21,6,0,31
11,6,2026,3,22,4,3,2,32
11,11,2026,3,22,12,16,10,38
11,14,2026,3,22,17,2,18,22
11,21,2026,3,22,16,2,8,16
11,24,2026,3,22,14,5,6,15
11,32,2026,3,22,16,5,1,19
11,36,2026,3,22,17,6,1,24
11,41,2026,3,22,12,32,11,45
11,45,2026,3,22,4,5,15,35
11,52,2026,3,22,21,4,10,29
12,0,2026,3,22,21,3,0,32
12,6,2026,3,22,4,3,2,33
12,11,2026,3,22,12,19,8,44
12,14,2026,3,22,17,3,10,37
12,21,2026,3,22,16,2,11,28
12,24,2026,3,22,14,5,16,17
12,32,2026,3,22,16,2,0,19
12,36,2026,3,22,17,4,0,23
12,41,2026,3,22,12,24,10,37
12,45,2026,3,22,4,5,7,35
12,52,2026,3,22,21,4,13,26
13,0,2026,3,22,21,5,0,31
13,6,2026,3,22,4,9,1,39
13,11,2026,3,22,12,28,12,55
13,14,2026,3,22,17,4,15,44
13,21,2026,3,22,16,4,11,37
13,24,2026,3,22,14,3,19,21
13,32,2026,3,22,16,2,0,23
13,36,2026,3,22,17,2,0,25
13,41,2026,3,22,12,20,14,31
13,45,2026,3,22,4,11,6,36
13,52,2026,3,22,21,6,11,31
14,0,2026,3,22,21,3,0,34
14,6,2026,3,22,4,19,2,51
14,11,2026,3,22,12,16,20,47
14,14,2026,3,22,17,6,11,42
14,21,2026,3,22,16,4,17,29
14,24,2026,3,22,14,2,11,20
14,32,2026,3,22,16,3,0,23
14,36,2026,3,22,17,5,0,28
14,41,2026,3,22,12,24,14,38
14,45,2026,3,22,4,25,5,58
14,52,2026,3,22,21,2,19,41
15,0,2026,3,22,21,2,0,43
15,6,2026,3,22,4,15,1,57
15,11,2026,3,22,12,13,20,50
15,14,2026,3,22,17,6,17,39
15,21,2026,3,22,16,6,13,32
15,24,2026,3,22,14,4,13,23
15,32,2026,3,22,16,5,0,28
15,36,2026,3,22,17,3,1,30
15,41,2026,3,22,12,21,15,36
15,45,2026,3,22,4,29,8,57
15,52,2026,3,22,21,3,16,44
16,0,2026,3,22,21,6,0,50
16,6,2026,3,22,4,5,3,52
16,11,2026,3,22,12,34,20,66
16,14,2026,3,22,17,4,19,51
16,21,2026,3,22,16,5,15,41
16,24,2026,3,22,14,2,17,26
16,32,2026,3,22,16,4,0,30
16,36,2026,3,22,17,6,0,36
16,41,2026,3,22,12,15,13,38
16,45,2026,3,22,4,2,14,26
16,52,2026,3,22,21,4,15,15
17,0,2026,3,22,21,6,0,21
17,6,2026,3,22,4,4,0,25
17,11,2026,3,22,12,30,10,45
17,14,2026,3,22,17,4,11,38
17,21,2026,3,22,16,2,8,32
17,24,2026,3,22,14,2,19,15
17,32,2026,3,22,16,4,1,18
17,36,2026,3,22,17,2,1,19
17,41,2026,3,22,12,31,7,43
17,45,2026,3,22,4,2,11,34
17,52,2026,3,22,21,6,14,26
18,0,2026,3,22,21,4,0,30
18,6,2026,3,22,4,3,2,31
18,11,2026,3,22,12,26,6,51
18,14,2026,3,22,17,3,16,38
18,21,2026,3,22,16,3,9,32
18,24,2026,3,22,14,5,16,21
18,32,2026,3,22,16,3,0,24
18,36,2026,3,22,17,5,0,29
18,41,2026,3,22,12,18,15,32
18,45,2026,3,22,4,5,9,28
18,52,2026,3,22,21,6,13,21
19,0,2026,3,22,21,4,0,25
19,6,2026,3,22,4,3,1,27
19,11,2026,3,22,12,31,13,45
19,14,2026,3,22,17,3,13,35
19,21,2026,3,22,16,6,7,34
19,24,2026,3,22,14,6,10,30
19,32,2026,3,22,16,6,1,35
19,36,2026,3,22,17,4,2,37
19,41,2026,3,22,12,12,16,33
19,45,2026,3,22,4,5,14,24
19,52,2026,3,22,21,2,12,14
20,0,2026,3,22,21,6,0,20
20,6,2026,3,22,4,3,1,22
20,11,2026,3,22,12,26,9,39
20,14,2026,3,22,17,6,8,37
20,21,2026,3,22,16,6,9,34
20,24,2026,3,22,14,2,14,22
20,32,2026,3,22,16,5,0,27
20,36,2026,3,22,17,4,2,29
20,41,2026,3,22,12,35,14,50
20,45,2026,3,22,4,6,11,45
20,52,2026,3,22,21,4,17,32
21,0,2026,3,22,21,4,0,36
21,6,2026,3,22,4,3,1,38
21,11,2026,3,22,12,26,10,54
21,14,2026,3,22,17,2,12,44
21,21,2026,3,22,16,2,20,26
21,24,2026,3,22,14,4,16,14
21,32,2026,3,22,16,2,0,16
21,36,2026,3,22,17,5,1,20
21,41,2026,3,22,12,29,9,40
21,45,2026,3,22,4,3,13,30
21,52,2026,3,22,21,2,7,25
22,0,2026,3,22,21,4,0,29
22,6,2026,3,22,4,3,1,31
22,11,2026,3,22,12,29,10,50
22,14,2026,3,22,17,3,10,43
22,21,2026,3,22,16,4,12,35
22,24,2026,3,22,14,4,16,23
22,32,2026,3,22,16,3,0,26
22,36,2026,3,22,17,5,1,30
22,41,2026,3,22,12,10,9,31
22,45,2026,3,22,4,2,14,19
22,52,2026,3,22,21,5,7,17
23,0,2026,3,22,21,3,0,20
23,6,2026,3,22,4,4,0,24
23,11,2026,3,22,12,21,11,34
23,14,2026,3,22,17,5,8,31
23,21,2026,3,22,16,2,11,22
23,24,2026,3,22,14,4,9,17
23,32,2026,3,22,16,3,0,20
23,36,2026,3,22,17,5,0,25
23,41,2026,3,22,12,22,12,35
23,45,2026,3,22,4,1,16,20
23,52,2026,3,22,21,0,20,0
6,0,2026,3,23,21,3,0,3
6,6,2026,3,23,4,4,1,6
6,11,2026,3,23,12,11,3,14
6,14,2026,3,23,17,7,1,20
6,21,2026,3,23,16,21,5,36
6,24,2026,3,23,14,11,4,43
6,32,2026,3,23,16,15,2,56
6,36,2026,3,23,17,16,11,61
6,41,2026,3,23,12,21,20,62
6,45,2026,3,23,4,3,20,45
6,52,2026,3,23,21,5,20,30
7,0,2026,3,23,21,2,0,32
7,6,2026,3,23,4,4,1,35
7,11,2026,3,23,12,14,7,42
7,14,2026,3,23,17,14,7,49
7,21,2026,3,23,16,18,10,57
7,24,2026,3,23,14,10,16,51
7,32,2026,3,23,16,17,4,64
7,36,2026,3,23,17,11,9,66
7,41,2026,3,23,12,20,20,66
7,45,2026,3,23,4,4,20,50
7,52,2026,3,23,21,2,20,32
8,0,2026,3,23,21,3,0,35
8,6,2026,3,23,4,3,3,35
8,11,2026,3,23,12,17,7,45
8,14,2026,3,23,17,16,5,56
8,21,2026,3,23,16,13,10,59
8,24,2026,3,23,14,6,20,45
8,32,2026,3,23,16,15,2,58
8,36,2026,3,23,17,12,4,66
8,41,2026,3,23,12,20,20,66
8,45,2026,3,23,4,3,20,49
8,52,2026,3,23,21,4,19,34
9,0,2026,3,23,21,5,0,39
9,6,2026,3,23,4,4,6,37
9,11,2026,3,23,12,13,5,45
9,14,2026,3,23,17,2,7,40
9,21,2026,3,23,16,4,10,34
9,24,2026,3,23,14,6,20,20
9,32,2026,3,23,16,2,0,22
9,36,2026,3,23,17,5,0,27
9,41,2026,3,23,12,25,9,43
9,45,2026,3,23,4,1,20,24
9,52,2026,3,23,21,3,5,22
10,0,2026,3,23,21,5,0,27
10,6,2026,3,23,4,6,1,32
10,11,2026,3,23,12,18,10,40
10,14,2026,3,23,17,3,7,36
10,21,2026,3,23,16,5,10,31
10,24,2026,3,23,14,5,14,22
10,32,2026,3,23,16,5,0,27
10,36,2026,3,23,17,2,1,28
10,41,2026,3,23,12,18,12,34
10,45,2026,3,23,4,4,16,22
10,52,2026,3,23,21,3,9,16
11,0,2026,3,23,21,5,0,21
11,6,2026,3,23,4,4,0,25
11,11,2026,3,23,12,32,13,44
11,14,2026,3,23,17,2,11,35
11,21,2026,3,23,16,3,14,24
11,24,2026,3,23,14,6,13,17
11,32,2026,3,23,16,4,2,19
11,36,2026,3,23,17,6,2,23
11,41,2026,3,23,12,36,12,47
11,45,2026,3,23,4,3,10,40
11,52,2026,3,23,21,6,16,30
12,0,2026,3,23,21,4,0,34
12,6,2026,3,23,4,3,0,37
12,11,2026,3,23,12,26,8,55
12,14,2026,3,23,17,5,12,48
12,21,2026,3,23,16,5,19,34
12,24,2026,3,23,14,3,17,20
12,32,2026,3,23,16,3,0,23
12,36,2026,3,23,17,6,0,29
12,41,2026,3,23,12,21,17,33
12,45,2026,3,23,4,5,8,30
12,52,2026,3,23,21,3,11,22
13,0,2026,3,23,21,2,0,24
13,6,2026,3,23,4,21,0,45
13,11,2026,3,23,12,16,20,41
13,14,2026,3,23,17,6,11,36
13,21,2026,3,23,16,6,8,34
13,24,2026,3,23,14,2,16,20
13,32,2026,3,23,16,4,0,24
13,36,2026,3,23,17,5,2,27
13,41,2026,3,23,12,20,17,30
13,45,2026,3,23,4,32,5,57
13,52,2026,3,23,21,3,13,47
14,0,2026,3,23,21,5,0,52
14,6,2026,3,23,4,14,2,64
14,11,2026,3,23,12,8,20,52
14,14,2026,3,23,17,4,6,50
14,21,2026,3,23,16,4,20,34
14,24,2026,3,23,14,5,18,21
14,32,2026,3,23,16,5,1,25
14,36,2026,3,23,17,4,1,28
14,41,2026,3,23,12,25,14,39
14,45,2026,3,23,4,9,6,42
14,52,2026,3,23,21,3,17,28
15,0,2026,3,23,21,5,0,33
15,6,2026,3,23,4,20,0,53
15,11,2026,3,23,12,21,20,54
15,14,2026,3,23,17,4,12,46
15,21,2026,3,23,16,5,13,38
15,24,2026,3,23,14,4,20,22
15,32,2026,3,23,16,6,0,28
15,36,2026,3,23,17,3,3,28
15,41,2026,3,23,12,16,14,30
15,45,2026,3,23,4,16,5,41
15,52,2026,3,23,21,2,13,30
16,0,2026,3,23,21,2,0,32
16,6,2026,3,23,4,6,0,38
16,11,2026,3,23,12,28,19,47
16,14,2026,3,23,17,2,10,39
16,21,2026,3,23,16,5,14,30
16,24,2026,3,23,14,5,12,23
16,32,2026,3,23,16,5,3,25
16,36,2026,3,23,17,5,1,29
16,41,2026,3,23,12,24,14,39
16,45,2026,3,23,4,4,14,29
16,52,2026,3,23,21,2,9,22
17,0,2026,3,23,21,4,0,26
17,6,2026,3,23,4,4,1,29
17,11,2026,3,23,12,19,11,37
17,14,2026,3,23,17,4,9,32
17,21,2026,3,23,16,5,9,28
17,24,2026,3,23,14,4,12,20
17,32,2026,3,23,16,3,0,23
17,36,2026,3,23,17,6,1,28
17,41,2026,3,23,12,14,9,33
17,45,2026,3,23,4,4,9,28
17,52,2026,3,23,21,2,12,18
18,0,2026,3,23,21,6,0,24
18,6,2026,3,23,4,3,1,26
18,11,2026,3,23,12,12,11,27
18,14,2026,3,23,17,3,4,26
18,21,2026,3,23,16,3,10,19
18,24,2026,3,23,14,6,11,14
18,32,2026,3,23,16,2,1,15
18,36,2026,3,23,17,6,1,20
18,41,2026,3,23,12,35,13,42
18,45,2026,3,23,4,4,4,42
18,52,2026,3,23,21,5,13,34
19,0,2026,3,23,21,4,0,38
19,6,2026,3,23,4,4,0,42
19,11,2026,3,23,12,19,11,50
19,14,2026,3,23,17,2,14,38
19,21,2026,3,23,16,5,19,24
19,24,2026,3,23,14,6,15,15
19,32,2026,3,23,16,3,0,18
19,36,2026,3,23,17,5,1,22
19,41,2026,3,23,12,32,15,39
19,45,2026,3,23,4,4,15,28
19,52,2026,3,23,21,3,7,24
20,0,2026,3,23,21,3,0,27
20,6,2026,3,23,4,5,1,31
20,11,2026,3,23,12,22,12,41
20,14,2026,3,23,17,3,12,32
20,21,2026,3,23,16,5,8,29
20,24,2026,3,23,14,3,13,19
20,32,2026,3,23,16,4,0,23
20,36,2026,3,23,17,4,0,27
20,41,2026,3,23,12,20,16,31
20,45,2026,3,23,4,3,12,22
20,52,2026,3,23,21,5,12,15
21,0,2026,3,23,21,3,0,18
21,6,2026,3,23,4,3,2,19
21,11,2026,3,23,12,12,7,24
21,14,2026,3,23,17,5,7,22
21,21,2026,3,23,16,2,4,20
21,24,2026,3,23,14,3,9,14
21,32,2026,3,23,16,2,0,16
21,36,2026,3,23,17,5,1,20
21,41,2026,3,23,12,23,9,34
21,45,2026,3,23,4,5,11,28
21,52,2026,3,23,21,6,15,19
22,0,2026,3,23,21,4,0,23
22,6,2026,3,23,4,3,1,25
22,11,2026,3,23,12,16,11,30
22,14,2026,3,23,17,2,8,24
22,21,2026,3,23,16,5,13,16
22,24,2026,3,23,14,5,5,16
22,32,2026,3,23,16,4,1,19
22,36,2026,3,23,17,3,2,20
22,41,2026,3,23,12,20,14,26
22,45,2026,3,23,4,5,7,24
22,52,2026,3,23,21,6,7,23
23,0,2026,3,23,21,2,0,25
23,6,2026,3,23,4,6,1,30
23,11,2026,3,23,12,23,11,42
23,14,2026,3,23,17,2,9,35
23,21,2026,3,23,16,6,15,26
23,24,2026,3,23,14,2,10,18
23,32,2026,3,23,16,6,0,24
23,36,2026,3,23,17,2,2,24
23,41,2026,3,23,12,12,12,24
23,45,2026,3,23,4,6,10,20
23,52,2026,3,23,21,0,20,0
6,0,2026,3,24,21,2,0,2
6,6,2026,3,24,4,2,1,3
6,11,2026,3,24,12,23,3,23
6,14,2026,3,24,17,9,4,28
6,21,2026,3,24,16,19,6,41
6,24,2026,3,24,14,9,6,44
6,32,2026,3,24,16,15,0,59
6,36,2026,3,24,17,13,6,66
6,41,2026,3,24,12,20,20,66
6,45,2026,3,24,4,2,20,48
6,52,2026,3,24,21,6,20,34
7,0,2026,3,24,21,3,0,37
7,6,2026,3,24,4,1,3,35
7,11,2026,3,24,12,25,6,54
7,14,2026,3,24,17,14,11,57
7,21,2026,3,24,16,9,8,58
7,24,2026,3,24,14,16,20,54
7,32,2026,3,24,16,12,0,66
7,36,2026,3,24,17,10,10,66
7,41,2026,3,24,12,15,20,61
7,45,2026,3,24,4,5,20,46
7,52,2026,3,24,21,3,16,33
8,0,2026,3,24,21,4,0,37
8,6,2026,3,24,4,5,6,36
8,11,2026,3,24,12,34,4,66
8,14,2026,3,24,17,5,5,66
8,21,2026,3,24,16,5,14,57
8,24,2026,3,24,14,22,20,59
8,32,2026,3,24,16,9,2,66
8,36,2026,3,24,17,6,6,66
8,41,2026,3,24,12,17,20,63
8,45,2026,3,24,4,2,20,45
8,52,2026,3,24,21,5,20,30
9,0,2026,3,24,21,6,0,36
9,6,2026,3,24,4,3,6,33
9,11,2026,3,24,12,14,6,41
9,14,2026,3,24,17,4,8,37
9,21,2026,3,24,16,3,10,30
9,24,2026,3,24,14,5,15,20
9,32,2026,3,24,16,2,0,22
9,36,2026,3,24,17,2,1,23
9,41,2026,3,24,12,29,8,44
9,45,2026,3,24,4,3,20,27
9,52,2026,3,24,21,2,8,21
10,0,2026,3,24,21,5,0,26
10,6,2026,3,24,4,3,0,29
10,11,2026,3,24,12,35,7,57
10,14,2026,3,24,17,3,11,49
10,21,2026,3,24,16,6,17,38
10,24,2026,3,24,14,5,11,32
10,32,2026,3,24,16,2,1,33
10,36,2026,3,24,17,3,1,35
10,41,2026,3,24,12,16,14,37
10,45,2026,3,24,4,4,12,29
10,52,2026,3,24,21,3,13,19
11,0,2026,3,24,21,4,0,23
11,6,2026,3,24,4,6,0,29
11,11,2026,3,24,12,12,11,30
11,14,2026,3,24,17,3,9,24
11,21,2026,3,24,16,2,6,20
11,24,2026,3,24,14,2,12,10
11,32,2026,3,24,16,5,1,14
11,36,2026,3,24,17,3,1,16
11,41,2026,3,24,12,26,9,33
11,45,2026,3,24,4,3,8,28
11,52,2026,3,24,21,5,6,27
12,0,2026,3,24,21,2,0,29
12,6,2026,3,24,4,2,1,30
12,11,2026,3,24,12,34,9,55
12,14,2026,3,24,17,6,18,43
12,21,2026,3,24,16,4,18,29
12,24,2026,3,24,14,6,6,29
12,32,2026,3,24,16,5,1,33
12,36,2026,3,24,17,4,1,36
12,41,2026,3,24,12,17,17,36
12,45,2026,3,24,4,2,7,31
12,52,2026,3,24,21,2,15,18
13,0,2026,3,24,21,6,0,24
13,6,2026,3,24,4,20,1,43
13,11,2026,3,24,12,10,20,33
13,14,2026,3,24,17,5,8,30
13,21,2026,3,24,16,4,15,19
13,24,2026,3,24,14,5,9,15
13,32,2026,3,24,16,2,2,15
13,36,2026,3,24,17,4,0,19
13,41,2026,3,24,12,23,14,28
13,45,2026,3,24,4,9,9,28
13,52,2026,3,24,21,5,6,27
14,0,2026,3,24,21,3,0,30
14,6,2026,3,24,4,11,2,39
14,11,2026,3,24,12,16,12,43
14,14,2026,3,24,17,3,17,29
14,21,2026,3,24,16,6,14,21
14,24,2026,3,24,14,6,10,17
14,32,2026,3,24,16,2,0,19
14,36,2026,3,24,17,5,2,22
14,41,2026,3,24,12,8,14,16
14,45,2026,3,24,4,16,3,29
14,52,2026,3,24,21,4,11,22
15,0,2026,3,24,21,6,0,28
15,6,2026,3,24,4,18,2,44
15,11,2026,3,24,12,19,20,43
15,14,2026,3,24,17,6,13,36
15,21,2026,3,24,16,2,14,24
15,24,2026,3,24,14,6,7,23
15,32,2026,3,24,16,6,2,27
15,36,2026,3,24,17,2,3,26
15,41,2026,3,24,12,12,13,25
15,45,2026,3,24,4,13,1,37
15,52,2026,3,24,21,3,18,22
16,0,2026,3,24,21,3,0,25
16,6,2026,3,24,4,4,0,29
16,11,2026,3,24,12,18,14,33
16,14,2026,3,24,17,2,9,26
16,21,2026,3,24,16,4,8,22
16,24,2026,3,24,14,4,11,15
16,32,2026,3,24,16,3,0,18
16,36,2026,3,24,17,6,2,22
16,41,2026,3,24,12,36,9,49
16,45,2026,3,24,4,2,15,36
16,52,2026,3,24,21,4,9,31
17,0,2026,3,24,21,6,0,37
17,6,2026,3,24,4,2,0,39
17,11,2026,3,24,12,31,11,59
17,14,2026,3,24,17,5,11,53
17,21,2026,3,24,16,6,20,39
17,24,2026,3,24,14,5,14,30
17,32,2026,3,24,16,4,0,34
17,36,2026,3,24,17,6,3,37
17,41,2026,3,24,12,22,17,42
17,45,2026,3,24,4,6,14,34
17,52,2026,3,24,21,4,15,23
18,0,2026,3,24,21,2,0,25
18,6,2026,3,24,4,2,2,25
18,11,2026,3,24,12,19,8,36
18,14,2026,3,24,17,2,10,28
18,21,2026,3,24,16,4,10,22
18,24,2026,3,24,14,3,12,13
18,32,2026,3,24,16,6,0,19
18,36,2026,3,24,17,3,0,22
18,41,2026,3,24,12,28,12,38
18,45,2026,3,24,4,6,14,30
18,52,2026,3,24,21,2,6,26
19,0,2026,3,24,21,3,0,29
19,6,2026,3,24,4,4,0,33
19,11,2026,3,24,12,33,7,59
19,14,2026,3,24,17,4,17,46
19,21,2026,3,24,16,3,14,35
19,24,2026,3,24,14,6,11,30
19,32,2026,3,24,16,3,0,33
19,36,2026,3,24,17,2,0,35
19,41,2026,3,24,12,29,14,50
19,45,2026,3,24,4,6,18,38
19,52,2026,3,24,21,5,16,27
20,0,2026,3,24,21,2,0,29
20,6,2026,3,24,4,3,0,32
20,11,2026,3,24,12,31,11,52
20,14,2026,3,24,17,3,15,40
20,21,2026,3,24,16,3,14,29
20,24,2026,3,24,14,2,10,21
20,32,2026,3,24,16,5,0,26
20,36,2026,3,24,17,6,0,32
20,41,2026,3,24,12,35,16,51
20,45,2026,3,24,4,4,12,43
20,52,2026,3,24,21,6,17,32
21,0,2026,3,24,21,4,0,36
21,6,2026,3,24,4,4,0,40
21,11,2026,3,24,12,25,8,57
21,14,2026,3,24,17,3,14,46
21,21,2026,3,24,16,5,19,32
21,24,2026,3,24,14,5,11,26
21,32,2026,3,24,16,2,0,28
21,36,2026,3,24,17,5,1,32
21,41,2026,3,24,12,29,14,47
21,45,2026,3,24,4,2,15,34
21,52,2026,3,24,21,3,11,26
22,0,2026,3,24,21,2,0,28
22,6,2026,3,24,4,5,1,32
22,11,2026,3,24,12,22,11,43
22,14,2026,3,24,17,2,11,34
22,21,2026,3,24,16,4,10,28
22,24,2026,3,24,14,4,13,19
22,32,2026,3,24,16,2,0,21
22,36,2026,3,24,17,5,3,23
22,41,2026,3,24,12,10,9,24
22,45,2026,3,24,4,5,9,20
22,52,2026,3,24,21,4,6,18
23,0,2026,3,24,21,2,0,20
23,6,2026,3,24,4,6,0,26
23,11,2026,3,24,12,36,11,51
23,14,2026,3,24,17,4,12,43
23,21,2026,3,24,16,4,6,41
23,24,2026,3,24,14,6,16,31
23,32,2026,3,24,16,4,0,35
23,36,2026,3,24,17,6,1,40
23,41,2026,3,24,12,14,14,40
23,45,2026,3,24,4,0,20,20
23,52,2026,3,24,21,0,20,0
6,0,2026,3,25,21,2,0,2
6,6,2026,3,25,4,4,0,6
6,11,2026,3,25,12,17,4,19
6,14,2026,3,25,17,15,3,31
6,21,2026,3,25,16,11,4,38
6,24,2026,3,25,14,22,7,53
6,32,2026,3,25,16,20,7,66
6,36,2026,3,25,17,8,8,66
6,41,2026,3,25,12,12,20,58
6,45,2026,3,25,4,3,20,41
6,52,2026,3,25,21,2,20,23
7,0,2026,3,25,21,3,0,26
7,6,2026,3,25,4,2,3,25
7,11,2026,3,25,12,20,4,41
7,14,2026,3,25,17,6,4,43
7,21,2026,3,25,16,20,9,54
7,24,2026,3,25,14,16,17,53
7,32,2026,3,25,16,13,4,62
7,36,2026,3,25,17,6,8,60
7,41,2026,3,25,12,26,20,66
7,45,2026,3,25,4,3,20,49
7,52,2026,3,25,21,5,17,37
8,0,2026,3,25,21,6,0,43
8,6,2026,3,25,4,3,6,40
8,11,2026,3,25,12,28,9,59
8,14,2026,3,25,17,8,11,56
8,21,2026,3,25,16,22,12,66
8,24,2026,3,25,14,20,20,66
8,32,2026,3,25,16,3,3,66
8,36,2026,3,25,17,9,9,66
8,41,2026,3,25,12,20,20,66
8,45,2026,3,25,4,2,20,48
8,52,2026,3,25,21,2,20,30
9,0,2026,3,25,21,2,0,32
9,6,2026,3,25,4,2,1,33
9,11,2026,3,25,12,23,2,54
9,14,2026,3,25,17,3,10,47
9,21,2026,3,25,16,4,14,37
9,24,2026,3,25,14,2,14,25
9,32,2026,3,25,16,5,0,30
9,36,2026,3,25,17,5,2,33
9,41,2026,3,25,12,17,11,39
9,45,2026,3,25,4,3,20,22
9,52,2026,3,25,21,6,8,20
10,0,2026,3,25,21,5,0,25
10,6,2026,3,25,4,2,2,25
10,11,2026,3,25,12,36,12,49
10,14,2026,3,25,17,4,12,41
10,21,2026,3,25,16,6,14,33
10,24,2026,3,25,14,4,12,25
10,32,2026,3,25,16,2,0,27
10,36,2026,3,25,17,4,0,31
10,41,2026,3,25,12,27,12,46
10,45,2026,3,25,4,5,16,35
10,52,2026,3,25,21,3,17,21
11,0,2026,3,25,21,4,0,25
11,6,2026,3,25,4,6,1,30
11,11,2026,3,25,12,23,11,42
11,14,2026,3,25,17,2,14,30
11,21,2026,3,25,16,3,7,26
11,24,2026,3,25,14,3,14,15
11,32,2026,3,25,16,4,0,19
11,36,2026,3,25,17,6,0,25
11,41,2026,3,25,12,35,10,50
11,45,2026,3,25,4,5,19,36
11,52,2026,3,25,21,4,6,34
12,0,2026,3,25,21,2,0,36
12,6,2026,3,25,4,3,0,39
12,11,2026,3,25,12,29,8,60
12,14,2026,3,25,17,2,13,49
12,21,2026,3,25,16,6,17,38
12,24,2026,3,25,14,4,20,22
12,32,2026,3,25,16,4,0,26
12,36,2026,3,25,17,5,0,31
12,41,2026,3,25,12,29,15,45
12,45,2026,3,25,4,6,9,42
12,52,2026,3,25,21,2,15,29
13,0,2026,3,25,21,6,0,35
13,6,2026,3,25,4,26,0,61
13,11,2026,3,25,12,15,20,56
13,14,2026,3,25,17,4,18,42
13,21,2026,3,25,16,6,18,30
13,24,2026,3,25,14,4,7,27
13,32,2026,3,25,16,3,2,28
13,36,2026,3,25,17,3,1,30
13,41,2026,3,25,12,34,13,51
13,45,2026,3,25,4,21,6,66
13,52,2026,3,25,21,4,20,50
14,0,2026,3,25,21,2,0,52
14,6,2026,3,25,4,14,0,66
14,11,2026,3,25,12,20,20,66
14,14,2026,3,25,17,5,20,51
14,21,2026,3,25,16,4,17,38
14,24,2026,3,25,14,4,20,22
14,32,2026,3,25,16,6,1,27
14,36,2026,3,25,17,2,2,27
14,41,2026,3,25,12,26,13,40
14,45,2026,3,25,4,25,9,56
14,52,2026,3,25,21,4,20,40
15,0,2026,3,25,21,2,0,42
15,6,2026,3,25,4,8,1,49
15,11,2026,3,25,12,12,20,41
15,14,2026,3,25,17,2,9,34
15,21,2026,3,25,16,6,13,27
15,24,2026,3,25,14,6,16,17
15,32,2026,3,25,16,4,0,21
15,36,2026,3,25,17,4,1,24
15,41,2026,3,25,12,8,17,15
15,45,2026,3,25,4,19,3,31
15,52,2026,3,25,21,3,5,29
16,0,2026,3,25,21,6,0,35
16,6,2026,3,25,4,2,1,36
16,11,2026,3,25,12,18,20,34
16,14,2026,3,25,17,2,9,27
16,21,2026,3,25,16,3,8,22
16,24,2026,3,25,14,2,8,16
16,32,2026,3,25,16,4,0,20
16,36,2026,3,25,17,4,0,24
16,41,2026,3,25,12,24,10,38
16,45,2026,3,25,4,6,9,35
16,52,2026,3,25,21,2,13,24
17,0,2026,3,25,21,2,0,26
17,6,2026,3,25,4,6,0,32
17,11,2026,3,25,12,8,5,35
17,14,2026,3,25,17,2,13,24
17,21,2026,3,25,16,3,8,19
17,24,2026,3,25,14,5,9,15
17,32,2026,3,25,16,2,0,17
17,36,2026,3,25,17,4,1,20
17,41,2026,3,25,12,10,11,19
17,45,2026,3,25,4,5,5,19
17,52,2026,3,25,21,2,7,14
18,0,2026,3,25,21,4,0,18
18,6,2026,3,25,4,4,1,21
18,11,2026,3,25,12,16,10,27
18,14,2026,3,25,17,3,8,22
18,21,2026,3,25,16,3,7,18
18,24,2026,3,25,14,4,9,13
18,32,2026,3,25,16,2,1,14
18,36,2026,3,25,17,4,0,18
18,41,2026,3,25,12,12,10,20
18,45,2026,3,25,4,2,7,15
18,52,2026,3,25,21,4,7,12
19,0,2026,3,25,21,3,0,15
19,6,2026,3,25,4,6,0,21
19,11,2026,3,25,12,16,11,26
19,14,2026,3,25,17,5,4,27
19,21,2026,3,25,16,2,9,20
19,24,2026,3,25,14,4,6,18
19,32,2026,3,25,16,4,0,22
19,36,2026,3,25,17,4,2,24
19,41,2026,3,25,12,14,13,25
19,45,2026,3,25,4,5,4,26
19,52,2026,3,25,21,5,13,18
20,0,2026,3,25,21,3,0,21
20,6,2026,3,25,4,2,1,22
20,11,2026,3,25,12,21,6,37
20,14,2026,3,25,17,2,11,28
20,21,2026,3,25,16,5,6,27
20,24,2026,3,25,14,3,10,20
20,32,2026,3,25,16,5,0,25
20,36,2026,3,25,17,5,0,30
20,41,2026,3,25,12,10,13,27
20,45,2026,3,25,4,3,10,20
20,52,2026,3,25,21,5,11,14
21,0,2026,3,25,21,6,0,20
21,6,2026,3,25,4,4,1,23
21,11,2026,3,25,12,14,11,26
21,14,2026,3,25,17,6,5,27
21,21,2026,3,25,16,3,5,25
21,24,2026,3,25,14,5,14,16
21,32,2026,3,25,16,3,1,18
21,36,2026,3,25,17,2,0,20
21,41,2026,3,25,12,19,10,29
21,45,2026,3,25,4,3,8,24
21,52,2026,3,25,21,6,10,20
22,0,2026,3,25,21,5,0,25
22,6,2026,3,25,4,2,0,27
22,11,2026,3,25,12,8,10,25
22,14,2026,3,25,17,5,12,18
22,21,2026,3,25,16,5,5,18
22,24,2026,3,25,14,5,5,18
22,32,2026,3,25,16,2,2,18
22,36,2026,3,25,17,3,1,20
22,41,2026,3,25,12,33,11,42
22,45,2026,3,25,4,2,11,33
22,52,2026,3,25,21,4,14,23
23,0,2026,3,25,21,5,0,28
23,6,2026,3,25,4,2,1,29
23,11,2026,3,25,12,11,7,33
23,14,2026,3,25,17,2,15,20
23,21,2026,3,25,16,5,6,19
23,24,2026,3,25,14,3,10,12
23,32,2026,3,25,16,2,0,14
23,36,2026,3,25,17,3,1,16
23,41,2026,3,25,12,35,11,40
23,45,2026,3,25,4,0,20,20
23,52,2026,3,25,21,0,20,0
6,0,2026,3,26,21,6,0,6
6,6,2026,3,26,4,3,0,9
6,11,2026,3,26,12,26,4,31
6,14,2026,3,26,17,21,1,51
6,21,2026,3,26,16,14,8,57
6,24,2026,3,26,14,5,11,51
6,32,2026,3,26,16,15,0,66
6,36,2026,3,26,17,7,7,66
6,41,2026,3,26,12,20,20,66
6,45,2026,3,26,4,4,20,50
6,52,2026,3,26,21,2,20,32
7,0,2026,3,26,21,6,0,38
7,6,2026,3,26,4,5,5,38
7,11,2026,3,26,12,34,8,64
7,14,2026,3,26,17,10,8,66
7,21,2026,3,26,16,11,14,63
7,24,2026,3,26,14,5,20,48
7,32,2026,3,26,16,7,1,54
7,36,2026,3,26,17,6,1,59
7,41,2026,3,26,12,13,20,52
7,45,2026,3,26,4,2,20,34
7,52,2026,3,26,21,5,20,19
8,0,2026,3,26,21,3,0,22
8,6,2026,3,26,4,3,3,22
8,11,2026,3,26,12,23,9,36
8,14,2026,3,26,17,20,7,49
8,21,2026,3,26,16,11,10,50
8,24,2026,3,26,14,18,4,64
8,32,2026,3,26,16,4,2,66
8,36,2026,3,26,17,11,11,66
8,41,2026,3,26,12,8,20,54
8,45,2026,3,26,4,1,20,35
8,52,2026,3,26,21,2,18,19
9,0,2026,3,26,21,5,0,24
9,6,2026,3,26,4,1,0,25
9,11,2026,3,26,12,31,7,49
9,14,2026,3,26,17,3,3,49
9,21,2026,3,26,16,6,12,43
9,24,2026,3,26,14,3,16,30
9,32,2026,3,26,16,5,0,35
9,36,2026,3,26,17,5,2,38
9,41,2026,3,26,12,25,14,49
9,45,2026,3,26,4,3,20,32
9,52,2026,3,26,21,4,7,29
10,0,2026,3,26,21,6,0,35
10,6,2026,3,26,4,6,2,39
10,11,2026,3,26,12,15,11,43
10,14,2026,3,26,17,4,10,37
10,21,2026,3,26,16,4,14,27
10,24,2026,3,26,14,2,14,15
10,32,2026,3,26,16,5,0,20
10,36,2026,3,26,17,5,1,24
10,41,2026,3,26,12,30,12,42
10,45,2026,3,26,4,5,7,40
10,52,2026,3,26,21,6,13,33
11,0,2026,3,26,21,3,0,36
11,6,2026,3,26,4,4,0,40
11,11,2026,3,26,12,24,14,50
11,14,2026,3,26,17,5,12,43
11,21,2026,3,26,16,5,20,28
11,24,2026,3,26,14,3,13,18
11,32,2026,3,26,16,6,0,24
11,36,2026,3,26,17,6,0,30
11,41,2026,3,26,12,34,17,47
11,45,2026,3,26,4,5,17,35
11,52,2026,3,26,21,4,8,31
12,0,2026,3,26,21,6,0,37
12,6,2026,3,26,4,6,1,42
12,11,2026,3,26,12,14,12,44
12,14,2026,3,26,17,4,8,40
12,21,2026,3,26,16,2,18,24
12,24,2026,3,26,14,4,12,16
12,32,2026,3,26,16,2,0,18
12,36,2026,3,26,17,5,1,22
12,41,2026,3,26,12,34,13,43
12,45,2026,3,26,4,6,8,41
12,52,2026,3,26,21,6,18,29
13,0,2026,3,26,21,3,0,32
13,6,2026,3,26,4,31,0,63
13,11,2026,3,26,12,16,20,59
13,14,2026,3,26,17,4,16,47
13,21,2026,3,26,16,3,20,30
13,24,2026,3,26,14,5,16,19
13,32,2026,3,26,16,6,1,24
13,36,2026,3,26,17,3,0,27
13,41,2026,3,26,12,28,14,41
13,45,2026,3,26,4,21,4,58
13,52,2026,3,26,21,2,15,45
14,0,2026,3,26,21,6,0,51
14,6,2026,3,26,4,15,0,66
14,11,2026,3,26,12,8,20,54
14,14,2026,3,26,17,5,20,39
14,21,2026,3,26,16,5,18,26
14,24,2026,3,26,14,3,13,16
14,32,2026,3,26,16,3,0,19
14,36,2026,3,26,17,4,0,23
14,41,2026,3,26,12,9,15,17
14,45,2026,3,26,4,13,3,27
14,52,2026,3,26,21,4,8,23
15,0,2026,3,26,21,6,0,29
15,6,2026,3,26,4,28,1,56
15,11,2026,3,26,12,22,20,58
15,14,2026,3,26,17,3,13,48
15,21,2026,3,26,16,2,15,35
15,24,2026,3,26,14,2,13,24
15,32,2026,3,26,16,3,0,27
15,36,2026,3,26,17,2,1,28
15,41,2026,3,26,12,30,7,51
15,45,2026,3,26,4,22,12,61
15,52,2026,3,26,21,5,18,48
16,0,2026,3,26,21,6,0,54
16,6,2026,3,26,4,4,2,56
16,11,2026,3,26,12,8,20,44
16,14,2026,3,26,17,2,12,34
16,21,2026,3,26,16,4,11,27
16,24,2026,3,26,14,2,15,14
16,32,2026,3,26,16,4,0,18
16,36,2026,3,26,17,2,0,20
16,41,2026,3,26,12,15,9,26
16,45,2026,3,26,4,5,9,22
16,52,2026,3,26,21,4,7,19
17,0,2026,3,26,21,2,0,21
17,6,2026,3,26,4,5,0,26
17,11,2026,3,26,12,33,14,45
17,14,2026,3,26,17,5,9,41
17,21,2026,3,26,16,5,17,29
17,24,2026,3,26,14,5,11,23
17,32,2026,3,26,16,3,1,25
17,36,2026,3,26,17,5,2,28
17,41,2026,3,26,12,23,13,38
17,45,2026,3,26,4,4,11,31
17,52,2026,3,26,21,4,11,24
18,0,2026,3,26,21,2,0,26
18,6,2026,3,26,4,4,0,30
18,11,2026,3,26,12,27,11,46
18,14,2026,3,26,17,3,14,35
18,21,2026,3,26,16,2,7,30
18,24,2026,3,26,14,6,13,23
18,32,2026,3,26,16,6,0,29
18,36,2026,3,26,17,2,2,29
18,41,2026,3,26,12,34,14,49
18,45,2026,3,26,4,4,14,39
18,52,2026,3,26,21,6,12,33
19,0,2026,3,26,21,4,0,37
19,6,2026,3,26,4,6,1,42
19,11,2026,3,26,12,16,14,44
19,14,2026,3,26,17,3,20,27
19,21,2026,3,26,16,5,12,20
19,24,2026,3,26,14,5,10,15
19,32,2026,3,26,16,6,0,21
19,36,2026,3,26,17,4,2,23
19,41,2026,3,26,12,25,14,34
19,45,2026,3,26,4,4,9,29
19,52,2026,3,26,21,3,5,27
20,0,2026,3,26,21,5,0,32
20,6,2026,3,26,4,5,1,36
20,11,2026,3,26,12,11,13,34
20,14,2026,3,26,17,3,6,31
20,21,2026,3,26,16,5,14,22
20,24,2026,3,26,14,2,13,11
20,32,2026,3,26,16,5,0,16
20,36,2026,3,26,17,2,0,18
20,41,2026,3,26,12,8,9,17
20,45,2026,3,26,4,5,3,19
20,52,2026,3,26,21,3,7,15
21,0,2026,3,26,21,6,0,21
21,6,2026,3,26,4,6,1,26
21,11,2026,3,26,12,12,15,23
21,14,2026,3,26,17,2,3,22
21,21,2026,3,26,16,3,5,20
21,24,2026,3,26,14,5,10,15
21,32,2026,3,26,16,5,0,20
21,36,2026,3,26,17,5,0,25
21,41,2026,3,26,12,16,13,28
21,45,2026,3,26,4,3,9,22
21,52,2026,3,26,21,2,9,15
22,0,2026,3,26,21,4,0,19
22,6,2026,3,26,4,3,0,22
22,11,2026,3,26,12,16,7,31
22,14,2026,3,26,17,6,4,33
22,21,2026,3,26,16,4,12,25
22,24,2026,3,26,14,2,7,20
22,32,2026,3,26,16,4,0,24
22,36,2026,3,26,17,2,0,26
22,41,2026,3,26,12,30,12,44
22,45,2026,3,26,4,4,12,36
22,52,2026,3,26,21,3,11,28
23,0,2026,3,26,21,5,0,33
23,6,2026,3,26,4,5,1,37
23,11,2026,3,26,12,18,11,44
23,14,2026,3,26,17,6,12,38
23,21,2026,3,26,16,5,12,31
23,24,2026,3,26,14,5,12,24
23,32,2026,3,26,16,5,2,27
23,36,2026,3,26,17,6,0,33
23,41,2026,3,26,12,9,15,27
23,45,2026,3,26,4,4,19,12
23,52,2026,3,26,21,0,12,0
6,0,2026,3,27,21,4,0,4
6,6,2026,3,27,4,5,0,9
6,11,2026,3,27,12,21,2,28
6,14,2026,3,27,17,12,8,32
6,21,2026,3,27,16,16,8,40
6,24,2026,3,27,14,17,9,48
6,32,2026,3,27,16,15,4,59
6,36,2026,3,27,17,12,5,66
6,41,2026,3,27,12,20,20,66
6,45,2026,3,27,4,6,20,52
6,52,2026,3,27,21,4,20,36
7,0,2026,3,27,21,6,0,42
7,6,2026,3,27,4,1,7,36
7,11,2026,3,27,12,13,8,41
7,14,2026,3,27,17,19,8,52
7,21,2026,3,27,16,19,10,61
7,24,2026,3,27,14,12,16,57
7,32,2026,3,27,16,7,4,60
7,36,2026,3,27,17,11,5,66
7,41,2026,3,27,12,20,20,66
7,45,2026,3,27,4,3,20,49
7,52,2026,3,27,21,2,20,31
8,0,2026,3,27,21,6,0,37
8,6,2026,3,27,4,4,2,39
8,11,2026,3,27,12,15,12,42
8,14,2026,3,27,17,7,5,44
8,21,2026,3,27,16,5,15,34
8,24,2026,3,27,14,11,15,30
8,32,2026,3,27,16,18,1,47
8,36,2026,3,27,17,6,3,50
8,41,2026,3,27,12,21,20,51
8,45,2026,3,27,4,4,20,35
8,52,2026,3,27,21,2,12,25
9,0,2026,3,27,21,3,0,28
9,6,2026,3,27,4,5,0,33
9,11,2026,3,27,12,29,7,55
9,14,2026,3,27,17,5,12,48
9,21,2026,3,27,16,2,12,38
9,24,2026,3,27,14,6,11,33
9,32,2026,3,27,16,6,0,39
9,36,2026,3,27,17,5,2,42
9,41,2026,3,27,12,23,16,49
9,45,2026,3,27,4,4,20,33
9,52,2026,3,27,21,2,12,23
10,0,2026,3,27,21,6,0,29
10,6,2026,3,27,4,2,1,30
10,11,2026,3,27,12,9,4,35
10,14,2026,3,27,17,5,10,30
10,21,2026,3,27,16,5,12,23
10,24,2026,3,27,14,6,11,18
10,32,2026,3,27,16,2,0,20
10,36,2026,3,27,17,6,0,26
10,41,2026,3,27,12,17,14,29
10,45,2026,3,27,4,4,10,23
10,52,2026,3,27,21,5,7,21
11,0,2026,3,27,21,6,0,27
11,6,2026,3,27,4,4,3,28
11,11,2026,3,27,12,14,11,31
11,14,2026,3,27,17,2,9,24
11,21,2026,3,27,16,4,10,18
11,24,2026,3,27,14,5,6,17
11,32,2026,3,27,16,3,0,20
11,36,2026,3,27,17,3,0,23
11,41,2026,3,27,12,32,12,43
11,45,2026,3,27,4,3,12,34
11,52,2026,3,27,21,2,12,24
12,0,2026,3,27,21,4,0,28
12,6,2026,3,27,4,4,0,32
12,11,2026,3,27,12,19,9,42
12,14,2026,3,27,17,3,11,34
12,21,2026,3,27,16,5,9,30
12,24,2026,3,27,14,3,16,17
12,32,2026,3,27,16,3,0,20
12,36,2026,3,27,17,5,2,23
12,41,2026,3,27,12,18,10,31
12,45,2026,3,27,4,5,10,26
12,52,2026,3,27,21,4,8,22
13,0,2026,3,27,21,3,0,25
13,6,2026,3,27,4,7,2,30
13,11,2026,3,27,12,15,10,35
13,14,2026,3,27,17,6,9,32
13,21,2026,3,27,16,5,15,22
13,24,2026,3,27,14,3,7,18
13,32,2026,3,27,16,3,0,21
13,36,2026,3,27,17,4,1,24
13,41,2026,3,27,12,21,12,33
13,45,2026,3,27,4,16,10,39
13,52,2026,3,27,21,3,10,32
14,0,2026,3,27,21,4,0,36
14,6,2026,3,27,4,15,0,51
14,11,2026,3,27,12,26,20,57
14,14,2026,3,27,17,2,16,43
14,21,2026,3,27,16,5,20,28
14,24,2026,3,27,14,2,12,18
14,32,2026,3,27,16,6,0,24
14,36,2026,3,27,17,4,2,26
14,41,2026,3,27,12,12,11,27
14,45,2026,3,27,4,21,3,45
14,52,2026,3,27,21,2,18,29
15,0,2026,3,27,21,5,0,34
15,6,2026,3,27,4,20,1,53
15,11,2026,3,27,12,19,20,52
15,14,2026,3,27,17,4,20,36
15,21,2026,3,27,16,4,11,29
15,24,2026,3,27,14,3,15,17
15,32,2026,3,27,16,6,0,23
15,36,2026,3,27,17,6,0,29
15,41,2026,3,27,12,24,20,33
15,45,2026,3,27,4,11,5,39
15,52,2026,3,27,21,3,17,25
16,0,2026,3,27,21,6,0,31
16,6,2026,3,27,4,5,3,33
16,11,2026,3,27,12,23,13,43
16,14,2026,3,27,17,3,13,33
16,21,2026,3,27,16,4,10,27
16,24,2026,3,27,14,3,13,17
16,32,2026,3,27,16,3,1,19
16,36,2026,3,27,17,5,2,22
16,41,2026,3,27,12,34,8,48
16,45,2026,3,27,4,2,14,36
16,52,2026,3,27,21,4,16,24
17,0,2026,3,27,21,4,0,28
17,6,2026,3,27,4,5,1,32
17,11,2026,3,27,12,21,10,43
17,14,2026,3,27,17,3,11,35
17,21,2026,3,27,16,6,14,27
17,24,2026,3,27,14,2,10,19
17,32,2026,3,27,16,5,0,24
17,36,2026,3,27,17,5,0,29
17,41,2026,3,27,12,8,12,25
17,45,2026,3,27,4,2,8,19
17,52,2026,3,27,21,6,9,16
18,0,2026,3,27,21,4,0,20
18,6,2026,3,27,4,2,0,22
18,11,2026,3,27,12,33,8,47
18,14,2026,3,27,17,6,8,45
18,21,2026,3,27,16,3,11,37
18,24,2026,3,27,14,6,10,33
18,32,2026,3,27,16,5,1,37
18,36,2026,3,27,17,6,0,43
18,41,2026,3,27,12,31,16,58
18,45,2026,3,27,4,6,15,49
18,52,2026,3,27,21,5,20,34
19,0,2026,3,27,21,3,0,37
19,6,2026,3,27,4,3,1,39
19,11,2026,3,27,12,22,12,49
19,14,2026,3,27,17,6,15,40
19,21,2026,3,27,16,5,12,33
19,24,2026,3,27,14,6,16,23
19,32,2026,3,27,16,2,0,25
19,36,2026,3,27,17,4,5,24
19,41,2026,3,27,12,23,15,32
19,45,2026,3,27,4,4,9,27
19,52,2026,3,27,21,5,12,20
20,0,2026,3,27,21,5,0,25
20,6,2026,3,27,4,5,1,29
20,11,2026,3,27,12,35,10,54
20,14,2026,3,27,17,2,14,42
20,21,2026,3,27,16,6,11,37
20,24,2026,3,27,14,2,16,23
20,32,2026,3,27,16,3,0,26
20,36,2026,3,27,17,6,1,31
20,41,2026,3,27,12,34,13,52
20,45,2026,3,27,4,2,19,35
20,52,2026,3,27,21,4,15,24
21,0,2026,3,27,21,5,0,29
21,6,2026,3,27,4,3,2,30
21,11,2026,3,27,12,19,8,41
21,14,2026,3,27,17,4,11,34
21,21,2026,3,27,16,5,14,25
21,24,2026,3,27,14,2,10,17
21,32,2026,3,27,16,2,0,19
21,36,2026,3,27,17,3,1,21
21,41,2026,3,27,12,26,11,36
21,45,2026,3,27,4,2,7,31
21,52,2026,3,27,21,4,13,22
22,0,2026,3,27,21,2,0,24
22,6,2026,3,27,4,6,0,30
22,11,2026,3,27,12,31,11,50
22,14,2026,3,27,17,4,9,45
22,21,2026,3,27,16,5,11,39
22,24,2026,3,27,14,6,16,29
22,32,2026,3,27,16,3,0,32
22,36,2026,3,27,17,6,2,36
22,41,2026,3,27,12,13,15,34
22,45,2026,3,27,4,3,10,27
22,52,2026,3,27,21,2,15,14
23,0,2026,3,27,21,6,0,20
23,6,2026,3,27,4,2,2,20
23,11,2026,3,27,12,29,8,41
23,14,2026,3,27,17,3,8,36
23,21,2026,3,27,16,4,9,31
23,24,2026,3,27,14,6,13,24
23,32,2026,3,27,16,4,0,28
23,36,2026,3,27,17,4,1,31
23,41,2026,3,27,12,8,15,24
23,45,2026,3,27,4,5,15,14
23,52,2026,3,27,21,0,14,0
6,0,2026,3,28,21,2,0,2
6,6,2026,3,28,4,6,0,8
6,11,2026,3,28,12,22,7,23
6,14,2026,3,28,17,18,2,39
6,21,2026,3,28,16,22,7,54
6,24,2026,3,28,14,12,8,58
6,32,2026,3,28,16,7,3,62
6,36,2026,3,28,17,7,8,61
6,41,2026,3,28,12,25,20,66
6,45,2026,3,28,4,3,20,49
6,52,2026,3,28,21,4,20,33
7,0,2026,3,28,21,4,0,37
7,6,2026,3,28,4,5,4,38
7,11,2026,3,28,12,8,7,39
7,14,2026,3,28,17,11,9,41
7,21,2026,3,28,16,10,13,38
7,24,2026,3,28,14,7,13,32
7,32,2026,3,28,16,9,1,40
7,36,2026,3,28,17,6,1,45
7,41,2026,3,28,12,16,18,43
7,45,2026,3,28,4,2,20,25
7,52,2026,3,28,21,4,9,20
8,0,2026,3,28,21,6,0,26
8,6,2026,3,28,4,4,6,24
8,11,2026,3,28,12,10,8,26
8,14,2026,3,28,17,9,5,30
8,21,2026,3,28,16,14,7,37
8,24,2026,3,28,14,16,4,49
8,32,2026,3,28,16,11,1,59
8,36,2026,3,28,17,5,4,60
8,41,2026,3,28,12,26,20,66
8,45,2026,3,28,4,3,20,49
8,52,2026,3,28,21,6,19,36
9,0,2026,3,28,21,2,0,38
9,6,2026,3,28,4,5,0,43
9,11,2026,3,28,12,17,11,49
9,14,2026,3,28,17,5,10,44
9,21,2026,3,28,16,5,10,39
9,24,2026,3,28,14,4,18,25
9,32,2026,3,28,16,2,0,27
9,36,2026,3,28,17,6,1,32
9,41,2026,3,28,12,24,10,46
9,45,2026,3,28,4,5,20,31
9,52,2026,3,28,21,3,10,24
10,0,2026,3,28,21,3,0,27
10,6,2026,3,28,4,3,1,29
10,11,2026,3,28,12,19,9,39
10,14,2026,3,28,17,5,6,38
10,21,2026,3,28,16,5,14,29
10,24,2026,3,28,14,6,13,22
10,32,2026,3,28,16,4,0,26
10,36,2026,3,28,17,2,2,26
10,41,2026,3,28,12,16,15,27
10,45,2026,3,28,4,3,11,19
10,52,2026,3,28,21,3,13,9
11,0,2026,3,28,21,6,0,15
11,6,2026,3,28,4,4,2,17
11,11,2026,3,28,12,12,10,19
11,14,2026,3,28,17,2,3,18
11,21,2026,3,28,16,3,6,15
11,24,2026,3,28,14,5,3,17
11,32,2026,3,28,16,4,0,21
11,36,2026,3,28,17,5,1,25
11,41,2026,3,28,12,22,15,32
11,45,2026,3,28,4,5,7,30
11,52,2026,3,28,21,3,10,23
12,0,2026,3,28,21,4,0,27
12,6,2026,3,28,4,6,0,33
12,11,2026,3,28,12,22,12,43
12,14,2026,3,28,17,2,9,36
12,21,2026,3,28,16,3,12,27
12,24,2026,3,28,14,6,12,21
12,32,2026,3,28,16,2,1,22
12,36,2026,3,28,17,5,2,25
12,41,2026,3,28,12,27,11,41
12,45,2026,3,28,4,3,14,30
12,52,2026,3,28,21,4,11,23
13,0,2026,3,28,21,5,0,28
13,6,2026,3,28,4,24,0,52
13,11,2026,3,28,12,34,20,66
13,14,2026,3,28,17,5,16,55
13,21,2026,3,28,16,2,20,37
13,24,2026,3,28,14,3,17,23
13,32,2026,3,28,16,2,0,25
13,36,2026,3,28,17,2,0,27
13,41,2026,3,28,12,14,9,32
13,45,2026,3,28,4,11,7,36
13,52,2026,3,28,21,6,16,26
14,0,2026,3,28,21,5,0,31
14,6,2026,3,28,4,30,0,61
14,11,2026,3,28,12,20,20,61
14,14,2026,3,28,17,4,20,45
14,21,2026,3,28,16,2,19,28
14,24,2026,3,28,14,4,13,19
14,32,2026,3,28,16,4,1,22
14,36,2026,3,28,17,4,1,25
14,41,2026,3,28,12,25,11,39
14,45,2026,3,28,4,20,11,48
14,52,2026,3,28,21,6,14,40
15,0,2026,3,28,21,5,0,45
15,6,2026,3,28,4,21,0,66
15,11,2026,3,28,12,19,20,65
15,14,2026,3,28,17,4,20,49
15,21,2026,3,28,16,4,20,33
15,24,2026,3,28,14,6,16,23
15,32,2026,3,28,16,4,0,27
15,36,2026,3,28,17,2,1,28
15,41,2026,3,28,12,25,10,43
15,45,2026,3,28,4,28,11,60
15,52,2026,3,28,21,5,17,48
16,0,2026,3,28,21,5,0,53
16,6,2026,3,28,4,4,2,55
16,11,2026,3,28,12,19,20,54
16,14,2026,3,28,17,5,17,42
16,21,2026,3,28,16,6,12,36
16,24,2026,3,28,14,6,15,27
16,32,2026,3,28,16,6,0,33
16,36,2026,3,28,17,6,2,37
16,41,2026,3,28,12,32,13,56
16,45,2026,3,28,4,4,15,45
16,52,2026,3,28,21,4,17,32
17,0,2026,3,28,21,5,0,37
17,6,2026,3,28,4,2,1,38
17,11,2026,3,28,12,21,8,51
17,14,2026,3,28,17,6,15,42
17,21,2026,3,28,16,6,12,36
17,24,2026,3,28,14,3,16,23
17,32,2026,3,28,16,2,0,25
17,36,2026,3,28,17,4,0,29
17,41,2026,3,28,12,13,15,27
17,45,2026,3,28,4,5,15,17
17,52,2026,3,28,21,4,6,15
18,0,2026,3,28,21,3,0,18
18,6,2026,3,28,4,5,0,23
18,11,2026,3,28,12,10,11,22
18,14,2026,3,28,17,2,6,18
18,21,2026,3,28,16,5,3,20
18,24,2026,3,28,14,2,7,15
18,32,2026,3,28,16,6,0,21
18,36,2026,3,28,17,6,4,23
18,41,2026,3,28,12,22,12,33
18,45,2026,3,28,4,2,3,32
18,52,2026,3,28,21,3,18,17
19,0,2026,3,28,21,4,0,21
19,6,2026,3,28,4,4,2,23
19,11,2026,3,28,12,27,11,39
19,14,2026,3,28,17,4,10,33
19,21,2026,3,28,16,6,11,28
19,24,2026,3,28,14,3,11,20
19,32,2026,3,28,16,3,0,23
19,36,2026,3,28,17,2,2,23
19,41,2026,3,28,12,14,13,24
19,45,2026,3,28,4,5,10,19
19,52,2026,3,28,21,6,9,16
20,0,2026,3,28,21,5,0,21
20,6,2026,3,28,4,3,1,23
20,11,2026,3,28,12,9,10,22
20,14,2026,3,28,17,6,5,23
20,21,2026,3,28,16,4,8,19
20,24,2026,3,28,14,5,11,13
20,32,2026,3,28,16,5,1,17
20,36,2026,3,28,17,6,0,23
20,41,2026,3,28,12,15,16,22
20,45,2026,3,28,4,5,6,21
20,52,2026,3,28,21,3,6,18
21,0,2026,3,28,21,2,0,20
21,6,2026,3,28,4,2,1,21
21,11,2026,3,28,12,23,3,41
21,14,2026,3,28,17,6,7,40
21,21,2026,3,28,16,3,12,31
21,24,2026,3,28,14,4,13,22
21,32,2026,3,28,16,6,0,28
21,36,2026,3,28,17,5,0,33
21,41,2026,3,28,12,22,15,40
21,45,2026,3,28,4,5,15,30
21,52,2026,3,28,21,2,10,22
22,0,2026,3,28,21,2,0,24
22,6,2026,3,28,4,2,0,26
22,11,2026,3,28,12,22,9,39
22,14,2026,3,28,17,6,7,38
22,21,2026,3,28,16,3,11,30
22,24,2026,3,28,14,4,12,22
22,32,2026,3,28,16,4,0,26
22,36,2026,3,28,17,2,0,28
22,41,2026,3,28,12,28,12,44
22,45,2026,3,28,4,5,14,35
22,52,2026,3,28,21,2,13,24
23,0,2026,3,28,21,4,0,28
23,6,2026,3,28,4,5,1,32
23,11,2026,3,28,12,22,10,44
23,14,2026,3,28,17,5,11,38
23,21,2026,3,28,16,2,15,25
23,24,2026,3,28,14,5,11,19
23,32,2026,3,28,16,3,2,20
23,36,2026,3,28,17,4,1,23
23,41,2026,3,28,12,26,9,40
23,45,2026,3,28,4,0,20,20
23,52,2026,3,28,21,0,20,0
6,0,2026,3,29,21,2,0,2
6,6,2026,3,29,4,5,0,7
6,11,2026,3,29,12,29,5,31
6,14,2026,3,29,17,5,6,30
6,21,2026,3,29,16,12,7,35
6,24,2026,3,29,14,17,9,43
6,32,2026,3,29,16,8,2,49
6,36,2026,3,29,17,7,5,51
6,41,2026,3,29,12,27,20,58
6,45,2026,3,29,4,2,10,50
6,52,2026,3,29,21,2,20,32
7,0,2026,3,29,21,2,0,34
7,6,2026,3,29,4,1,1,34
7,11,2026,3,29,12,32,5,61
7,14,2026,3,29,17,15,11,65
7,21,2026,3,29,16,15,16,64
7,24,2026,3,29,14,17,16,65
7,32,2026,3,29,16,10,9,66
7,36,2026,3,29,17,6,6,66
7,41,2026,3,29,12,15,20,61
7,45,2026,3,29,4,1,20,42
7,52,2026,3,29,21,3,20,25
8,0,2026,3,29,21,5,0,30
8,6,2026,3,29,4,1,0,31
8,11,2026,3,29,12,23,6,48
8,14,2026,3,29,17,11,6,53
8,21,2026,3,29,16,14,14,53
8,24,2026,3,29,14,9,16,46
8,32,2026,3,29,16,7,2,51
8,36,2026,3,29,17,8,5,54
8,41,2026,3,29,12,12,20,46
8,45,2026,3,29,4,5,20,31
8,52,2026,3,29,21,6,11,26
9,0,2026,3,29,21,4,0,30
9,6,2026,3,29,4,3,4,29
9,11,2026,3,29,12,15,8,36
9,14,2026,3,29,17,6,8,34
9,21,2026,3,29,16,4,8,30
9,24,2026,3,29,14,3,9,24
9,32,2026,3,29,16,2,0,26
9,36,2026,3,29,17,6,1,31
9,41,2026,3,29,12,23,7,47
9,45,2026,3,29,4,3,20,30
9,52,2026,3,29,21,2,9,23
10,0,2026,3,29,21,4,0,27
10,6,2026,3,29,4,2,0,29
10,11,2026,3,29,12,35,8,56
10,14,2026,3,29,17,4,12,48
10,21,2026,3,29,16,5,11,42
10,24,2026,3,29,14,3,20,25
10,32,2026,3,29,16,5,0,30
10,36,2026,3,29,17,6,2,34
10,41,2026,3,29,12,21,11,44
10,45,2026,3,29,4,5,17,32
10,52,2026,3,29,21,2,13,21
11,0,2026,3,29,21,6,0,27
11,6,2026,3,29,4,6,0,33
11,11,2026,3,29,12,11,13,31
11,14,2026,3,29,17,4,7,28
11,21,2026,3,29,16,4,12,20
11,24,2026,3,29,14,6,5,21
11,32,2026,3,29,16,5,1,25
11,36,2026,3,29,17,4,0,29
11,41,2026,3,29,12,27,14,42
11,45,2026,3,29,4,3,13,32
11,52,2026,3,29,21,4,9,27
12,0,2026,3,29,21,4,0,31
12,6,2026,3,29,4,3,3,31
12,11,2026,3,29,12,11,6,36
12,14,2026,3,29,17,6,11,31
12,21,2026,3,29,16,4,13,22
12,24,2026,3,29,14,4,5,21
12,32,2026,3,29,16,6,1,26
12,36,2026,3,29,17,3,3,26
12,41,2026,3,29,12,9,16,19
12,45,2026,3,29,4,2,7,14
12,52,2026,3,29,21,3,8,9
13,0,2026,3,29,21,4,0,13
13,6,2026,3,29,4,29,0,42
13,11,2026,3,29,12,30,20,52
13,14,2026,3,29,17,6,10,48
13,21,2026,3,29,16,4,15,37
13,24,2026,3,29,14,6,11,32
13,32,2026,3,29,16,5,2,35
13,36,2026,3,29,17,3,2,36
13,41,2026,3,29,12,8,12,32
13,45,2026,3,29,4,20,4,48
13,52,2026,3,29,21,3,20,31
14,0,2026,3,29,21,3,0,34
14,6,2026,3,29,4,19,1,52
14,11,2026,3,29,12,20,20,52
14,14,2026,3,29,17,4,14,42
14,21,2026,3,29,16,4,20,26
14,24,2026,3,29,14,5,12,19
14,32,2026,3,29,16,4,0,23
14,36,2026,3,29,17,3,0,26
14,41,2026,3,29,12,10,17,19
14,45,2026,3,29,4,23,3,39
14,52,2026,3,29,21,5,8,36
15,0,2026,3,29,21,5,0,41
15,6,2026,3,29,4,27,2,66
15,11,2026,3,29,12,12,20,58
15,14,2026,3,29,17,5,13,50
15,21,2026,3,29,16,6,20,36
15,24,2026,3,29,14,4,18,22
15,32,2026,3,29,16,3,0,25
15,36,2026,3,29,17,6,0,31
15,41,2026,3,29,12,23,17,37
15,45,2026,3,29,4,31,9,59
15,52,2026,3,29,21,6,17,48
16,0,2026,3,29,21,2,0,50
16,6,2026,3,29,4,5,1,54
16,11,2026,3,29,12,28,20,62
16,14,2026,3,29,17,5,18,49
16,21,2026,3,29,16,4,19,34
16,24,2026,3,29,14,3,18,19
16,32,2026,3,29,16,4,0,23
16,36,2026,3,29,17,4,0,27
16,41,2026,3,29,12,14,13,28
16,45,2026,3,29,4,5,9,24
16,52,2026,3,29,21,3,10,17
17,0,2026,3,29,21,6,0,23
17,6,2026,3,29,4,6,1,28
17,11,2026,3,29,12,20,12,36
17,14,2026,3,29,17,4,9,31
17,21,2026,3,29,16,2,13,20
17,24,2026,3,29,14,6,9,17
17,32,2026,3,29,16,2,0,19
17,36,2026,3,29,17,4,2,21
17,41,2026,3,29,12,27,11,37
17,45,2026,3,29,4,6,11,32
17,52,2026,3,29,21,4,12,24
18,0,2026,3,29,21,6,0,30
18,6,2026,3,29,4,6,1,35
18,11,2026,3,29,12,22,12,45
18,14,2026,3,29,17,2,13,34
18,21,2026,3,29,16,2,10,26
18,24,2026,3,29,14,3,11,18
18,32,2026,3,29,16,6,0,24
18,36,2026,3,29,17,6,0,30
18,41,2026,3,29,12,24,15,39
18,45,2026,3,29,4,4,10,33
18,52,2026,3,29,21,6,14,25
19,0,2026,3,29,21,5,0,30
19,6,2026,3,29,4,5,3,32
19,11,2026,3,29,12,33,10,55
19,14,2026,3,29,17,4,13,46
19,21,2026,3,29,16,3,17,32
19,24,2026,3,29,14,5,16,21
19,32,2026,3,29,16,3,2,22
19,36,2026,3,29,17,2,0,24
19,41,2026,3,29,12,16,8,32
19,45,2026,3,29,4,5,14,23
19,52,2026,3,29,21,5,11,17
20,0,2026,3,29,21,4,0,21
20,6,2026,3,29,4,2,0,23
20,11,2026,3,29,12,15,8,30
20,14,2026,3,29,17,4,10,24
20,21,2026,3,29,16,5,8,21
20,24,2026,3,29,14,5,6,20
20,32,2026,3,29,16,3,0,23
20,36,2026,3,29,17,6,2,27
20,41,2026,3,29,12,33,19,41
20,45,2026,3,29,4,2,11,32
20,52,2026,3,29,21,4,12,24
21,0,2026,3,29,21,6,0,30
21,6,2026,3,29,4,4,0,34
21,11,2026,3,29,12,12,8,38
21,14,2026,3,29,17,5,10,33
21,21,2026,3,29,16,3,15,21
21,24,2026,3,29,14,6,11,16
21,32,2026,3,29,16,4,1,19
21,36,2026,3,29,17,2,1,20
21,41,2026,3,29,12,10,14,16
21,45,2026,3,29,4,3,1,18
21,52,2026,3,29,21,4,7,15
22,0,2026,3,29,21,6,0,21
22,6,2026,3,29,4,3,0,24
22,11,2026,3,29,12,10,13,21
22,14,2026,3,29,17,5,7,19
22,21,2026,3,29,16,6,5,20
22,24,2026,3,29,14,6,8,18
22,32,2026,3,29,16,2,0,20
22,36,2026,3,29,17,4,2,22
22,41,2026,3,29,12,11,15,18
22,45,2026,3,29,4,6,9,15
22,52,2026,3,29,21,5,4,16
23,0,2026,3,29,21,6,0,22
23,6,2026,3,29,4,5,0,27
23,11,2026,3,29,12,26,15,38
23,14,2026,3,29,17,6,7,37
23,21,2026,3,29,16,3,8,32
23,24,2026,3,29,14,4,9,27
23,32,2026,3,29,16,5,0,32
23,36,2026,3,29,17,3,2,33
23,41,2026,3,29,12,20,13,40
23,45,2026,3,29,4,0,20,20
23,52,2026,3,29,21,0,20,0
6,0,2026,3,30,21,3,0,3
6,6,2026,3,30,4,3,0,6
6,11,2026,3,30,12,27,3,30
6,14,2026,3,30,17,20,5,45
6,21,2026,3,30,16,11,10,46
6,24,2026,3,30,14,8,10,44
6,32,2026,3,30,16,5,3,46
6,36,2026,3,30,17,19,5,60
6,41,2026,3,30,12,26,20,66
6,45,2026,3,30,4,5,20,51
6,52,2026,3,30,21,5,16,40
7,0,2026,3,30,21,4,0,44
7,6,2026,3,30,4,1,5,40
7,11,2026,3,30,12,23,8,55
7,14,2026,3,30,17,17,9,63
7,21,2026,3,30,16,5,19,49
7,24,2026,3,30,14,6,13,42
7,32,2026,3,30,16,6,2,46
7,36,2026,3,30,17,21,3,64
7,41,2026,3,30,12,14,20,58
7,45,2026,3,30,4,4,20,42
7,52,2026,3,30,21,2,15,29
8,0,2026,3,30,21,4,0,33
8,6,2026,3,30,4,3,4,32
8,11,2026,3,30,12,9,6,35
8,14,2026,3,30,17,20,3,52
8,21,2026,3,30,16,22,15,59
8,24,2026,3,30,14,22,17,64
8,32,2026,3,30,16,6,4,66
8,36,2026,3,30,17,11,11,66
8,41,2026,3,30,12,20,20,66
8,45,2026,3,30,4,5,20,51
8,52,2026,3,30,21,4,20,35
9,0,2026,3,30,21,6,0,41
9,6,2026,3,30,4,3,3,41
9,11,2026,3,30,12,17,8,50
9,14,2026,3,30,17,2,10,42
9,21,2026,3,30,16,3,11,34
9,24,2026,3,30,14,5,16,23
9,32,2026,3,30,16,6,0,29
9,36,2026,3,30,17,6,0,35
9,41,2026,3,30,12,32,12,55
9,45,2026,3,30,4,4,20,39
9,52,2026,3,30,21,2,8,33
10,0,2026,3,30,21,5,0,38
10,6,2026,3,30,4,5,0,43
10,11,2026,3,30,12,9,12,40
10,14,2026,3,30,17,6,12,34
10,21,2026,3,30,16,2,9,27
10,24,2026,3,30,14,6,19,14
10,32,2026,3,30,16,5,0,19
10,36,2026,3,30,17,3,0,22
10,41,2026,3,30,12,14,14,22
10,45,2026,3,30,4,3,8,17
10,52,2026,3,30,21,4,3,18
11,0,2026,3,30,21,2,0,20
11,6,2026,3,30,4,6,1,25
11,11,2026,3,30,12,27,7,45
11,14,2026,3,30,17,4,7,42
11,21,2026,3,30,16,2,8,36
11,24,2026,3,30,14,2,13,25
11,32,2026,3,30,16,5,2,28
11,36,2026,3,30,17,2,2,28
11,41,2026,3,30,12,14,8,34
11,45,2026,3,30,4,5,11,28
11,52,2026,3,30,21,6,14,20
12,0,2026,3,30,21,5,0,25
12,6,2026,3,30,4,4,1,28
12,11,2026,3,30,12,33,11,50
12,14,2026,3,30,17,5,12,43
12,21,2026,3,30,16,3,11,35
12,24,2026,3,30,14,3,20,18
12,32,2026,3,30,16,6,0,24
12,36,2026,3,30,17,4,0,28
12,41,2026,3,30,12,20,12,36
12,45,2026,3,30,4,3,16,23
12,52,2026,3,30,21,4,9,18
13,0,2026,3,30,21,3,0,21
13,6,2026,3,30,4,26,0,47
13,11,2026,3,30,12,27,20,54
13,14,2026,3,30,17,2,7,49
13,21,2026,3,30,16,2,20,31
13,24,2026,3,30,14,5,16,20
13,32,2026,3,30,16,6,0,26
13,36,2026,3,30,17,6,2,30
13,41,2026,3,30,12,17,11,36
13,45,2026,3,30,4,25,7,54
13,52,2026,3,30,21,2,20,36
14,0,2026,3,30,21,4,0,40
14,6,2026,3,30,4,18,1,57
14,11,2026,3,30,12,10,20,47
14,14,2026,3,30,17,4,11,40
14,21,2026,3,30,16,5,18,27
14,24,2026,3,30,14,6,12,21
14,32,2026,3,30,16,4,0,25
14,36,2026,3,30,17,2,2,25
14,41,2026,3,30,12,8,12,21
14,45,2026,3,30,4,31,3,49
14,52,2026,3,30,21,4,12,41
15,0,2026,3,30,21,2,0,43
15,6,2026,3,30,4,21,1,63
15,11,2026,3,30,12,9,20,52
15,14,2026,3,30,17,2,12,42
15,21,2026,3,30,16,6,13,35
15,24,2026,3,30,14,6,12,29
15,32,2026,3,30,16,6,2,33
15,36,2026,3,30,17,3,1,35
15,41,2026,3,30,12,33,15,53
15,45,2026,3,30,4,16,6,63
15,52,2026,3,30,21,2,20,45
16,0,2026,3,30,21,5,0,50
16,6,2026,3,30,4,2,1,51
16,11,2026,3,30,12,15,17,49
16,14,2026,3,30,17,3,11,41
16,21,2026,3,30,16,2,19,24
16,24,2026,3,30,14,4,11,17
16,32,2026,3,30,16,5,0,22
16,36,2026,3,30,17,3,2,23
16,41,2026,3,30,12,12,10,25
16,45,2026,3,30,4,2,11,16
16,52,2026,3,30,21,3,6,13
17,0,2026,3,30,21,4,0,17
17,6,2026,3,30,4,3,0,20
17,11,2026,3,30,12,34,9,45
17,14,2026,3,30,17,5,9,41
17,21,2026,3,30,16,5,13,33
17,24,2026,3,30,14,4,10,27
17,32,2026,3,30,16,5,2,30
17,36,2026,3,30,17,5,1,34
17,41,2026,3,30,12,31,15,50
17,45,2026,3,30,4,6,9,47
17,52,2026,3,30,21,2,15,34
18,0,2026,3,30,21,4,0,38
18,6,2026,3,30,4,5,1,42
18,11,2026,3,30,12,25,12,55
18,14,2026,3,30,17,5,11,49
18,21,2026,3,30,16,6,20,35
18,24,2026,3,30,14,3,9,29
18,32,2026,3,30,16,4,0,33
18,36,2026,3,30,17,6,2,37
18,41,2026,3,30,12,32,18,51
18,45,2026,3,30,4,4,20,35
18,52,2026,3,30,21,4,16,23
19,0,2026,3,30,21,3,0,26
19,6,2026,3,30,4,3,2,27
19,11,2026,3,30,12,8,9,26
19,14,2026,3,30,17,5,9,22
19,21,2026,3,30,16,6,9,19
19,24,2026,3,30,14,4,6,17
19,32,2026,3,30,16,4,1,20
19,36,2026,3,30,17,2,2,20
19,41,2026,3,30,12,30,12,38
19,45,2026,3,30,4,3,3,38
19,52,2026,3,30,21,6,15,29
20,0,2026,3,30,21,5,0,34
20,6,2026,3,30,4,4,0,38
20,11,2026,3,30,12,35,14,59
20,14,2026,3,30,17,2,12,49
20,21,2026,3,30,16,5,18,36
20,24,2026,3,30,14,5,13,28
20,32,2026,3,30,16,3,0,31
20,36,2026,3,30,17,4,2,33
20,41,2026,3,30,12,21,12,42
20,45,2026,3,30,4,5,9,38
20,52,2026,3,30,21,2,19,21
21,0,2026,3,30,21,3,0,24
21,6,2026,3,30,4,5,0,29
21,11,2026,3,30,12,9,9,29
21,14,2026,3,30,17,3,6,26
21,21,2026,3,30,16,6,13,19
21,24,2026,3,30,14,6,9,16
21,32,2026,3,30,16,5,1,20
21,36,2026,3,30,17,2,0,22
21,41,2026,3,30,12,23,14,31
21,45,2026,3,30,4,2,5,28
21,52,2026,3,30,21,5,10,23
22,0,2026,3,30,21,3,0,26
22,6,2026,3,30,4,3,0,29
22,11,2026,3,30,12,24,10,43
22,14,2026,3,30,17,3,14,32
22,21,2026,3,30,16,2,8,26
22,24,2026,3,30,14,2,9,19
22,32,2026,3,30,16,5,0,24
22,36,2026,3,30,17,5,0,29
22,41,2026,3,30,12,29,9,49
22,45,2026,3,30,4,2,15,36
22,52,2026,3,30,21,6,14,28
23,0,2026,3,30,21,4,0,32
23,6,2026,3,30,4,5,1,36
23,11,2026,3,30,12,10,14,32
23,14,2026,3,30,17,3,9,26
23,21,2026,3,30,16,6,11,21
23,24,2026,3,30,14,2,10,13
23,32,2026,3,30,16,6,0,19
23,36,2026,3,30,17,4,1,22
23,41,2026,3,30,12,29,16,35
23,45,2026,3,30,4,1,16,20
23,52,2026,3,30,21,0,20,0
6,0,2026,3,31,21,6,0,6
6,6,2026,3,31,4,6,2,10
6,11,2026,3,31,12,32,7,35
6,14,2026,3,31,17,10,9,36
6,21,2026,3,31,16,14,8,42
6,24,2026,3,31,14,15,5,52
6,32,2026,3,31,16,16,2,66
6,36,2026,3,31,17,9,9,66
6,41,2026,3,31,12,19,20,65
6,45,2026,3,31,4,3,20,48
6,52,2026,3,31,21,4,20,32
7,0,2026,3,31,21,5,0,37
7,6,2026,3,31,4,4,2,39
7,11,2026,3,31,12,25,10,54
7,14,2026,3,31,17,16,7,63
7,21,2026,3,31,16,13,12,64
7,24,2026,3,31,14,9,18,55
7,32,2026,3,31,16,12,1,66
7,36,2026,3,31,17,10,11,65
7,41,2026,3,31,12,21,20,66
7,45,2026,3,31,4,1,20,47
7,52,2026,3,31,21,6,15,38
8,0,2026,3,31,21,2,0,40
8,6,2026,3,31,4,2,4,38
8,11,2026,3,31,12,33,5,66
8,14,2026,3,31,17,12,13,65
8,21,2026,3,31,16,14,13,66
8,24,2026,3,31,14,13,20,59
8,32,2026,3,31,16,13,6,66
8,36,2026,3,31,17,8,8,66
8,41,2026,3,31,12,20,20,66
8,45,2026,3,31,4,3,20,49
8,52,2026,3,31,21,5,20,34
9,0,2026,3,31,21,3,0,37
9,6,2026,3,31,4,1,2,36
9,11,2026,3,31,12,36,7,65
9,14,2026,3,31,17,2,10,57
9,21,2026,3,31,16,6,20,43
9,24,2026,3,31,14,4,16,31
9,32,2026,3,31,16,6,1,36
9,36,2026,3,31,17,5,0,41
9,41,2026,3,31,12,15,14,42
9,45,2026,3,31,4,4,20,26
9,52,2026,3,31,21,4,5,25
10,0,2026,3,31,21,4,0,29
10,6,2026,3,31,4,4,0,33
10,11,2026,3,31,12,8,13,28
10,14,2026,3,31,17,5,5,28
10,21,2026,3,31,16,4,6,26
10,24,2026,3,31,14,5,15,16
10,32,2026,3,31,16,3,0,19
10,36,2026,3,31,17,3,1,21
10,41,2026,3,31,12,15,15,21
10,45,2026,3,31,4,2,5,18
10,52,2026,3,31,21,4,7,15
11,0,2026,3,31,21,5,0,20
11,6,2026,3,31,4,6,0,26
11,11,2026,3,31,12,10,14,22
11,14,2026,3,31,17,2,5,19
11,21,2026,3,31,16,3,6,16
11,24,2026,3,31,14,5,7,14
11,32,2026,3,31,16,3,0,17
11,36,2026,3,31,17,2,1,18
11,41,2026,3,31,12,29,10,37
11,45,2026,3,31,4,6,14,29
11,52,2026,3,31,21,4,7,26
12,0,2026,3,31,21,4,0,30
12,6,2026,3,31,4,6,0,36
12,11,2026,3,31,12,34,16,54
12,14,2026,3,31,17,5,15,44
12,21,2026,3,31,16,3,10,37
12,24,2026,3,31,14,6,15,28
12,32,2026,3,31,16,5,0,33
12,36,2026,3,31,17,5,1,37
12,41,2026,3,31,12,15,16,36
12,45,2026,3,31,4,5,17,24
12,52,2026,3,31,21,2,11,15
13,0,2026,3,31,21,3,0,18
13,6,2026,3,31,4,28,1,45
13,11,2026,3,31,12,26,20,51
13,14,2026,3,31,17,5,15,41
13,21,2026,3,31,16,4,13,32
13,24,2026,3,31,14,2,18,16
13,32,2026,3,31,16,3,0,19
13,36,2026,3,31,17,5,0,24
13,41,2026,3,31,12,36,13,47
13,45,2026,3,31,4,20,7,60
13,52,2026,3,31,21,2,14,48
14,0,2026,3,31,21,5,0,53
14,6,2026,3,31,4,9,0,62
14,11,2026,3,31,12,16,20,58
14,14,2026,3,31,17,4,16,46
14,21,2026,3,31,16,3,13,36
14,24,2026,3,31,14,4,20,20
14,32,2026,3,31,16,6,0,26
14,36,2026,3,31,17,3,2,27
14,41,2026,3,31,12,11,10,28
14,45,2026,3,31,4,18,5,41
14,52,2026,3,31,21,3,17,27
15,0,2026,3,31,21,2,0,29
15,6,2026,3,31,4,11,0,40
15,11,2026,3,31,12,22,20,42
15,14,2026,3,31,17,5,16,31
15,21,2026,3,31,16,3,8,26
15,24,2026,3,31,14,5,10,21
15,32,2026,3,31,16,2,2,21
15,36,2026,3,31,17,2,1,22
15,41,2026,3,31,12,9,9,22
15,45,2026,3,31,4,20,4,38
15,52,2026,3,31,21,3,14,27
16,0,2026,3,31,21,3,0,30
16,6,2026,3,31,4,5,0,35
16,11,2026,3,31,12,17,18,34
16,14,2026,3,31,17,4,7,31
16,21,2026,3,31,16,4,13,22
16,24,2026,3,31,14,5,10,17
16,32,2026,3,31,16,4,0,21
16,36,2026,3,31,17,6,1,26
16,41,2026,3,31,12,28,17,37
16,45,2026,3,31,4,5,9,33
16,52,2026,3,31,21,3,11,25
17,0,2026,3,31,21,3,0,28
17,6,2026,3,31,4,4,0,32
17,11,2026,3,31,12,19,8,43
17,14,2026,3,31,17,6,7,42
17,21,2026,3,31,16,4,13,33
17,24,2026,3,31,14,5,15,23
17,32,2026,3,31,16,5,0,28
17,36,2026,3,31,17,4,3,29
17,41,2026,3,31,12,14,11,32
17,45,2026,3,31,4,2,7,27
17,52,2026,3,31,21,3,13,17
18,0,2026,3,31,21,3,0,20
18,6,2026,3,31,4,2,1,21
18,11,2026,3,31,12,8,5,24
18,14,2026,3,31,17,2,6,20
18,21,2026,3,31,16,6,5,21
18,24,2026,3,31,14,5,11,15
18,32,2026,3,31,16,3,1,17
18,36,2026,3,31,17,4,2,19
18,41,2026,3,31,12,26,11,34
18,45,2026,3,31,4,4,7,31
18,52,2026,3,31,21,3,12,22
19,0,2026,3,31,21,5,0,27
19,6,2026,3,31,4,3,0,30
19,11,2026,3,31,12,30,12,48
19,14,2026,3,31,17,5,11,42
19,21,2026,3,31,16,4,11,35
19,24,2026,3,31,14,2,15,22
19,32,2026,3,31,16,4,0,26
19,36,2026,3,31,17,5,0,31
19,41,2026,3,31,12,14,12,33
19,45,2026,3,31,4,3,14,22
19,52,2026,3,31,21,2,11,13
20,0,2026,3,31,21,2,0,15
20,6,2026,3,31,4,2,1,16
20,11,2026,3,31,12,28,6,38
20,14,2026,3,31,17,6,15,29
20,21,2026,3,31,16,6,9,26
20,24,2026,3,31,14,4,10,20
20,32,2026,3,31,16,5,0,25
20,36,2026,3,31,17,4,0,29
20,41,2026,3,31,12,14,17,26
20,45,2026,3,31,4,6,7,25
20,52,2026,3,31,21,2,10,17
21,0,2026,3,31,21,5,0,22
21,6,2026,3,31,4,5,0,27
21,11,2026,3,31,12,29,10,46
21,14,2026,3,31,17,3,9,40
21,21,2026,3,31,16,2,9,33
21,24,2026,3,31,14,2,19,16
21,32,2026,3,31,16,4,0,20
21,36,2026,3,31,17,4,0,24
21,41,2026,3,31,12,36,9,51
21,45,2026,3,31,4,2,11,42
21,52,2026,3,31,21,4,17,29
22,0,2026,3,31,21,3,0,32
22,6,2026,3,31,4,2,0,34
22,11,2026,3,31,12,20,7,47
22,14,2026,3,31,17,4,15,36
22,21,2026,3,31,16,5,15,26
22,24,2026,3,31,14,3,12,17
22,32,2026,3,31,16,3,0,20
22,36,2026,3,31,17,5,0,25
22,41,2026,3,31,12,11,15,21
22,45,2026,3,31,4,2,8,15
22,52,2026,3,31,21,5,6,14
23,0,2026,3,31,21,2,0,16
23,6,2026,3,31,4,2,0,18
23,11,2026,3,31,12,17,8,27
23,14,2026,3,31,17,3,6,24
23,21,2026,3,31,16,5,8,21
23,24,2026,3,31,14,5,8,18
23,32,2026,3,31,16,3,2,19
23,36,2026,3,31,17,6,1,24
23,41,2026,3,31,12,30,14,40
23,45,2026,3,31,4,0,20,20
23,52,2026,3,31,21,0,20,0
6,0,2026,4,1,21,5,0,5
6,6,2026,4,1,4,4,0,9
6,11,2026,4,1,12,14,6,17
6,14,2026,4,1,17,21,2,36
6,21,2026,4,1,16,19,6,49
6,24,2026,4,1,14,22,10,61
6,32,2026,4,1,16,5,5,61
6,36,2026,4,1,17,13,8,66
6,41,2026,4,1,12,20,20,66
6,45,2026,4,1,4,2,20,48
6,52,2026,4,1,21,4,20,32
7,0,2026,4,1,21,5,0,37
7,6,2026,4,1,4,1,4,34
7,11,2026,4,1,12,26,5,55
7,14,2026,4,1,17,18,10,63
7,21,2026,4,1,16,16,13,66
7,24,2026,4,1,14,15,17,64
7,32,2026,4,1,16,6,6,64
7,36,2026,4,1,17,15,13,66
7,41,2026,4,1,12,19,20,65
7,45,2026,4,1,4,1,20,46
7,52,2026,4,1,21,5,20,31
8,0,2026,4,1,21,6,0,37
8,6,2026,4,1,4,2,5,34
8,11,2026,4,1,12,24,7,51
8,14,2026,4,1,17,14,7,58
8,21,2026,4,1,16,19,11,66
8,24,2026,4,1,14,20,20,66
8,32,2026,4,1,16,8,8,66
8,36,2026,4,1,17,7,8,65
8,41,2026,4,1,12,21,20,66
8,45,2026,4,1,4,3,20,49
8,52,2026,4,1,21,3,20,32
9,0,2026,4,1,21,4,0,36
9,6,2026,4,1,4,1,1,36
9,11,2026,4,1,12,25,7,54
9,14,2026,4,1,17,3,8,49
9,21,2026,4,1,16,3,9,43
9,24,2026,4,1,14,5,18,30
9,32,2026,4,1,16,6,1,35
9,36,2026,4,1,17,5,2,38
9,41,2026,4,1,12,24,14,48
9,45,2026,4,1,4,3,20,31
9,52,2026,4,1,21,6,13,24
10,0,2026,4,1,21,5,0,29
10,6,2026,4,1,4,3,1,31
10,11,2026,4,1,12,23,6,48
10,14,2026,4,1,17,6,16,38
10,21,2026,4,1,16,3,11,30
10,24,2026,4,1,14,5,13,22
10,32,2026,4,1,16,5,0,27
10,36,2026,4,1,17,3,2,28
10,41,2026,4,1,12,33,16,45
10,45,2026,4,1,4,2,12,35
10,52,2026,4,1,21,6,11,30
11,0,2026,4,1,21,4,0,34
11,6,2026,4,1,4,6,0,40
11,11,2026,4,1,12,18,14,44
11,14,2026,4,1,17,2,12,34
11,21,2026,4,1,16,2,15,21
11,24,2026,4,1,14,2,10,13
11,32,2026,4,1,16,6,0,19
11,36,2026,4,1,17,4,0,23
11,41,2026,4,1,12,24,9,38
11,45,2026,4,1,4,6,9,35
11,52,2026,4,1,21,6,13,28
12,0,2026,4,1,21,4,0,32
12,6,2026,4,1,4,3,1,34
12,11,2026,4,1,12,13,10,37
12,14,2026,4,1,17,5,10,32
12,21,2026,4,1,16,4,8,28
12,24,2026,4,1,14,3,16,15
12,32,2026,4,1,16,4,1,18
12,36,2026,4,1,17,2,2,18
12,41,2026,4,1,12,22,9,31
12,45,2026,4,1,4,5,5,31
12,52,2026,4,1,21,4,9,26
13,0,2026,4,1,21,3,0,29
13,6,2026,4,1,4,12,0,41
13,11,2026,4,1,12,10,16,35
13,14,2026,4,1,17,5,3,37
13,21,2026,4,1,16,4,16,25
13,24,2026,4,1,14,5,11,19
13,32,2026,4,1,16,3,0,22
13,36,2026,4,1,17,5,0,27
13,41,2026,4,1,12,23,12,38
13,45,2026,4,1,4,16,11,43
13,52,2026,4,1,21,6,15,34
14,0,2026,4,1,21,3,0,37
14,6,2026,4,1,4,29,0,66
14,11,2026,4,1,12,15,20,61
14,14,2026,4,1,17,2,18,45
14,21,2026,4,1,16,2,18,29
14,24,2026,4,1,14,4,16,17
14,32,2026,4,1,16,2,1,18
14,36,2026,4,1,17,5,0,23
14,41,2026,4,1,12,26,11,38
14,45,2026,4,1,4,8,6,40
14,52,2026,4,1,21,2,19,23
15,0,2026,4,1,21,2,0,25
15,6,2026,4,1,4,10,0,35
15,11,2026,4,1,12,27,15,47
15,14,2026,4,1,17,2,12,37
15,21,2026,4,1,16,5,9,33
15,24,2026,4,1,14,4,16,21
15,32,2026,4,1,16,5,1,25
15,36,2026,4,1,17,6,1,30
15,41,2026,4,1,12,18,11,37
15,45,2026,4,1,4,9,10,36
15,52,2026,4,1,21,2,14,24
16,0,2026,4,1,21,3,0,27
16,6,2026,4,1,4,5,1,31
16,11,2026,4,1,12,9,18,22
16,14,2026,4,1,17,2,6,18
16,21,2026,4,1,16,2,6,14
16,24,2026,4,1,14,6,7,13
16,32,2026,4,1,16,2,0,15
16,36,2026,4,1,17,3,0,18
16,41,2026,4,1,12,10,9,19
16,45,2026,4,1,4,2,7,14
16,52,2026,4,1,21,6,6,14
17,0,2026,4,1,21,3,0,17
17,6,2026,4,1,4,5,1,21
17,11,2026,4,1,12,24,9,36
17,14,2026,4,1,17,4,4,36
17,21,2026,4,1,16,4,8,32
17,24,2026,4,1,14,3,13,22
17,32,2026,4,1,16,3,0,25
17,36,2026,4,1,17,3,1,27
17,41,2026,4,1,12,26,15,38
17,45,2026,4,1,4,3,17,24
17,52,2026,4,1,21,3,10,17
18,0,2026,4,1,21,3,0,20
18,6,2026,4,1,4,6,1,25
18,11,2026,4,1,12,27,10,42
18,14,2026,4,1,17,3,12,33
18,21,2026,4,1,16,3,12,24
18,24,2026,4,1,14,4,6,22
18,32,2026,4,1,16,2,1,23
18,36,2026,4,1,17,5,1,27
18,41,2026,4,1,12,32,12,47
18,45,2026,4,1,4,6,15,38
18,52,2026,4,1,21,2,9,31
19,0,2026,4,1,21,6,0,37
19,6,2026,4,1,4,3,1,39
19,11,2026,4,1,12,31,11,59
19,14,2026,4,1,17,3,14,48
19,21,2026,4,1,16,4,18,34
19,24,2026,4,1,14,4,14,24
19,32,2026,4,1,16,5,0,29
19,36,2026,4,1,17,4,1,32
19,41,2026,4,1,12,12,14,30
19,45,2026,4,1,4,5,12,23
19,52,2026,4,1,21,6,12,17
20,0,2026,4,1,21,2,0,19
20,6,2026,4,1,4,6,0,25
20,11,2026,4,1,12,35,12,48
20,14,2026,4,1,17,4,5,47
20,21,2026,4,1,16,4,17,34
20,24,2026,4,1,14,4,7,31
20,32,2026,4,1,16,6,0,37
20,36,2026,4,1,17,3,2,38
20,41,2026,4,1,12,16,12,42
20,45,2026,4,1,4,4,15,31
20,52,2026,4,1,21,3,15,19
21,0,2026,4,1,21,6,0,25
21,6,2026,4,1,4,3,1,27
21,11,2026,4,1,12,24,14,37
21,14,2026,4,1,17,2,8,31
21,21,2026,4,1,16,3,7,27
21,24,2026,4,1,14,4,12,19
21,32,2026,4,1,16,4,0,23
21,36,2026,4,1,17,5,0,28
21,41,2026,4,1,12,10,12,26
21,45,2026,4,1,4,6,12,20
21,52,2026,4,1,21,3,6,17
22,0,2026,4,1,21,3,0,20
22,6,2026,4,1,4,2,2,20
22,11,2026,4,1,12,8,10,18
22,14,2026,4,1,17,5,5,18
22,21,2026,4,1,16,4,5,17
22,24,2026,4,1,14,2,6,13
22,32,2026,4,1,16,6,0,19
22,36,2026,4,1,17,6,1,24
22,41,2026,4,1,12,10,11,23
22,45,2026,4,1,4,4,11,16
22,52,2026,4,1,21,5,5,16
23,0,2026,4,1,21,6,0,22
23,6,2026,4,1,4,4,1,25
23,11,2026,4,1,12,35,13,47
23,14,2026,4,1,17,4,14,37
23,21,2026,4,1,16,3,8,32
23,24,2026,4,1,14,2,15,19
23,32,2026,4,1,16,2,1,20
23,36,2026,4,1,17,6,1,25
23,41,2026,4,1,12,14,9,30
23,45,2026,4,1,4,3,13,20
23,52,2026,4,1,21,0,20,0
6,0,2026,4,2,21,3,0,3
6,6,2026,4,2,4,5,1,7
6,11,2026,4,2,12,30,4,33
6,14,2026,4,2,17,22,9,46
6,21,2026,4,2,16,21,8,59
6,24,2026,4,2,14,18,11,66
6,32,2026,4,2,16,8,8,66
6,36,2026,4,2,17,6,6,66
6,41,2026,4,2,12,20,20,66
6,45,2026,4,2,4,5,20,51
6,52,2026,4,2,21,5,20,36
7,0,2026,4,2,21,3,0,39
7,6,2026,4,2,4,5,4,40
7,11,2026,4,2,12,9,6,43
7,14,2026,4,2,17,6,14,35
7,21,2026,4,2,16,19,13,41
7,24,2026,4,2,14,11,14,38
7,32,2026,4,2,16,18,0,56
7,36,2026,4,2,17,6,4,58
7,41,2026,4,2,12,21,20,59
7,45,2026,4,2,4,2,20,41
7,52,2026,4,2,21,5,20,26
8,0,2026,4,2,21,5,0,31
8,6,2026,4,2,4,1,4,28
8,11,2026,4,2,12,34,8,54
8,14,2026,4,2,17,19,8,65
8,21,2026,4,2,16,11,10,66
8,24,2026,4,2,14,13,16,63
8,32,2026,4,2,16,10,7,66
8,36,2026,4,2,17,7,7,66
8,41,2026,4,2,12,20,20,66
8,45,2026,4,2,4,1,20,47
8,52,2026,4,2,21,3,20,30
9,0,2026,4,2,21,5,0,35
9,6,2026,4,2,4,5,2,38
9,11,2026,4,2,12,19,8,49
9,14,2026,4,2,17,4,10,43
9,21,2026,4,2,16,3,9,37
9,24,2026,4,2,14,4,17,24
9,32,2026,4,2,16,3,0,27
9,36,2026,4,2,17,6,1,32
9,41,2026,4,2,12,22,7,47
9,45,2026,4,2,4,1,20,28
9,52,2026,4,2,21,6,7,27
10,0,2026,4,2,21,5,0,32
10,6,2026,4,2,4,2,3,31
10,11,2026,4,2,12,20,6,45
10,14,2026,4,2,17,4,11,38
10,21,2026,4,2,16,3,15,26
10,24,2026,4,2,14,2,10,18
10,32,2026,4,2,16,3,0,21
10,36,2026,4,2,17,5,1,25
10,41,2026,4,2,12,8,10,23
10,45,2026,4,2,4,5,9,19
10,52,2026,4,2,21,2,10,11
11,0,2026,4,2,21,3,0,14
11,6,2026,4,2,4,2,0,16
11,11,2026,4,2,12,20,8,28
11,14,2026,4,2,17,6,8,26
11,21,2026,4,2,16,2,10,18
11,24,2026,4,2,14,3,8,13
11,32,2026,4,2,16,3,0,16
11,36,2026,4,2,17,2,1,17
11,41,2026,4,2,12,31,8,40
11,45,2026,4,2,4,4,10,34
11,52,2026,4,2,21,4,19,19
12,0,2026,4,2,21,4,0,23
12,6,2026,4,2,4,5,1,27
12,11,2026,4,2,12,10,10,27
12,14,2026,4,2,17,3,5,25
12,21,2026,4,2,16,6,11,20
12,24,2026,4,2,14,5,7,18
12,32,2026,4,2,16,4,1,21
12,36,2026,4,2,17,6,2,25
12,41,2026,4,2,12,17,12,30
12,45,2026,4,2,4,5,11,24
12,52,2026,4,2,21,5,9,20
13,0,2026,4,2,21,6,0,26
13,6,2026,4,2,4,29,0,55
13,11,2026,4,2,12,26,20,61
13,14,2026,4,2,17,3,20,44
13,21,2026,4,2,16,3,13,34
13,24,2026,4,2,14,2,15,21
13,32,2026,4,2,16,5,0,26
13,36,2026,4,2,17,3,0,29
13,41,2026,4,2,12,17,16,30
13,45,2026,4,2,4,25,8,47
13,52,2026,4,2,21,6,11,42
14,0,2026,4,2,21,3,0,45
14,6,2026,4,2,4,18,1,62
14,11,2026,4,2,12,16,20,58
14,14,2026,4,2,17,4,12,50
14,21,2026,4,2,16,3,20,33
14,24,2026,4,2,14,5,20,18
14,32,2026,4,2,16,3,0,21
14,36,2026,4,2,17,3,0,24
14,41,2026,4,2,12,32,15,41
14,45,2026,4,2,4,14,5,50
14,52,2026,4,2,21,6,18,38
15,0,2026,4,2,21,2,0,40
15,6,2026,4,2,4,9,0,49
15,11,2026,4,2,12,8,20,37
15,14,2026,4,2,17,2,9,30
15,21,2026,4,2,16,5,12,23
15,24,2026,4,2,14,3,9,17
15,32,2026,4,2,16,2,0,19
15,36,2026,4,2,17,6,1,24
15,41,2026,4,2,12,31,15,40
15,45,2026,4,2,4,14,4,50
15,52,2026,4,2,21,6,18,38
16,0,2026,4,2,21,5,0,43
16,6,2026,4,2,4,6,1,48
16,11,2026,4,2,12,10,20,38
16,14,2026,4,2,17,5,9,34
16,21,2026,4,2,16,5,13,26
16,24,2026,4,2,14,3,10,19
16,32,2026,4,2,16,4,1,22
16,36,2026,4,2,17,3,3,22
16,41,2026,4,2,12,30,12,40
16,45,2026,4,2,4,3,15,28
16,52,2026,4,2,21,4,13,19
17,0,2026,4,2,21,5,0,24
17,6,2026,4,2,4,6,0,30
17,11,2026,4,2,12,24,11,43
17,14,2026,4,2,17,5,20,28
17,21,2026,4,2,16,6,12,22
17,24,2026,4,2,14,3,6,19
17,32,2026,4,2,16,2,0,21
17,36,2026,4,2,17,3,2,22
17,41,2026,4,2,12,33,14,41
17,45,2026,4,2,4,6,10,37
17,52,2026,4,2,21,6,15,28
18,0,2026,4,2,21,6,0,34
18,6,2026,4,2,4,5,3,36
18,11,2026,4,2,12,23,15,44
18,14,2026,4,2,17,4,13,35
18,21,2026,4,2,16,4,4,35
18,24,2026,4,2,14,3,16,22
18,32,2026,4,2,16,6,0,28
18,36,2026,4,2,17,6,0,34
18,41,2026,4,2,12,12,18,28
18,45,2026,4,2,4,3,6,25
18,52,2026,4,2,21,6,12,19
19,0,2026,4,2,21,6,0,25
19,6,2026,4,2,4,6,0,31
19,11,2026,4,2,12,15,12,34
19,14,2026,4,2,17,2,6,30
19,21,2026,4,2,16,6,10,26
19,24,2026,4,2,14,4,12,18
19,32,2026,4,2,16,4,0,22
19,36,2026,4,2,17,4,0,26
19,41,2026,4,2,12,27,15,38
19,45,2026,4,2,4,3,7,34
19,52,2026,4,2,21,5,17,22
20,0,2026,4,2,21,5,0,27
20,6,2026,4,2,4,6,0,33
20,11,2026,4,2,12,35,15,53
20,14,2026,4,2,17,5,14,44
20,21,2026,4,2,16,3,13,34
20,24,2026,4,2,14,2,10,26
20,32,2026,4,2,16,6,1,31
20,36,2026,4,2,17,6,1,36
20,41,2026,4,2,12,22,16,42
20,45,2026,4,2,4,6,18,30
20,52,2026,4,2,21,2,14,18
21,0,2026,4,2,21,2,0,20
21,6,2026,4,2,4,2,0,22
21,11,2026,4,2,12,32,8,46
21,14,2026,4,2,17,6,5,47
21,21,2026,4,2,16,5,10,42
21,24,2026,4,2,14,3,12,33
21,32,2026,4,2,16,4,0,37
21,36,2026,4,2,17,2,1,38
21,41,2026,4,2,12,24,12,50
21,45,2026,4,2,4,6,17,39
21,52,2026,4,2,21,4,17,26
22,0,2026,4,2,21,4,0,30
22,6,2026,4,2,4,5,2,33
22,11,2026,4,2,12,23,8,48
22,14,2026,4,2,17,5,9,44
22,21,2026,4,2,16,3,14,33
22,24,2026,4,2,14,3,15,21
22,32,2026,4,2,16,2,0,23
22,36,2026,4,2,17,4,1,26
22,41,2026,4,2,12,15,11,30
22,45,2026,4,2,4,5,13,22
22,52,2026,4,2,21,2,7,17
23,0,2026,4,2,21,5,0,22
23,6,2026,4,2,4,3,2,23
23,11,2026,4,2,12,26,9,40
23,14,2026,4,2,17,3,9,34
23,21,2026,4,2,16,3,11,26
23,24,2026,4,2,14,6,13,19
23,32,2026,4,2,16,2,0,21
23,36,2026,4,2,17,6,0,27
23,41,2026,4,2,12,21,12,36
23,45,2026,4,2,4,2,19,19
23,52,2026,4,2,21,0,19,0
6,0,2026,4,3,21,2,0,2
6,6,2026,4,3,4,4,0,6
6,11,2026,4,3,12,17,5,18
6,14,2026,4,3,17,9,5,22
6,21,2026,4,3,16,5,6,21
6,24,2026,4,3,14,18,3,36
6,32,2026,4,3,16,11,3,44
6,36,2026,4,3,17,20,6,58
6,41,2026,4,3,12,21,20,59
6,45,2026,4,3,4,6,14,51
6,52,2026,4,3,21,4,18,37
7,0,2026,4,3,21,2,0,39
7,6,2026,4,3,4,5,4,40
7,11,2026,4,3,12,29,8,61
7,14,2026,4,3,17,9,4,66
7,21,2026,4,3,16,13,13,66
7,24,2026,4,3,14,14,20,60
7,32,2026,4,3,16,10,4,66
7,36,2026,4,3,17,11,11,66
7,41,2026,4,3,12,20,20,66
7,45,2026,4,3,4,3,20,49
7,52,2026,4,3,21,4,17,36
8,0,2026,4,3,21,4,0,40
8,6,2026,4,3,4,3,3,40
8,11,2026,4,3,12,32,6,66
8,14,2026,4,3,17,10,10,66
8,21,2026,4,3,16,6,14,58
8,24,2026,4,3,14,15,20,53
8,32,2026,4,3,16,15,2,66
8,36,2026,4,3,17,9,9,66
8,41,2026,4,3,12,18,20,64
8,45,2026,4,3,4,3,20,47
8,52,2026,4,3,21,5,20,32
9,0,2026,4,3,21,2,0,34
9,6,2026,4,3,4,4,4,34
9,11,2026,4,3,12,11,5,40
9,14,2026,4,3,17,6,9,37
9,21,2026,4,3,16,5,13,29
9,24,2026,4,3,14,3,12,20
9,32,2026,4,3,16,4,0,24
9,36,2026,4,3,17,4,1,27
9,41,2026,4,3,12,21,12,36
9,45,2026,4,3,4,1,20,17
9,52,2026,4,3,21,4,6,15
10,0,2026,4,3,21,4,0,19
10,6,2026,4,3,4,4,0,23
10,11,2026,4,3,12,26,8,41
10,14,2026,4,3,17,3,15,29
10,21,2026,4,3,16,2,8,23
10,24,2026,4,3,14,5,10,18
10,32,2026,4,3,16,3,0,21
10,36,2026,4,3,17,6,0,27
10,41,2026,4,3,12,36,15,48
10,45,2026,4,3,4,4,10,42
10,52,2026,4,3,21,4,18,28
11,0,2026,4,3,21,2,0,30
11,6,2026,4,3,4,5,0,35
11,11,2026,4,3,12,18,7,46
11,14,2026,4,3,17,4,13,37
11,21,2026,4,3,16,3,15,25
11,24,2026,4,3,14,2,12,15
11,32,2026,4,3,16,4,0,19
11,36,2026,4,3,17,3,0,22
11,41,2026,4,3,12,16,11,27
11,45,2026,4,3,4,3,10,20
11,52,2026,4,3,21,5,5,20
12,0,2026,4,3,21,3,0,23
12,6,2026,4,3,4,5,0,28
12,11,2026,4,3,12,23,11,40
12,14,2026,4,3,17,5,13,32
12,21,2026,4,3,16,6,14,24
12,24,2026,4,3,14,2,7,19
12,32,2026,4,3,16,5,0,24
12,36,2026,4,3,17,6,0,30
12,41,2026,4,3,12,11,20,21
12,45,2026,4,3,4,4,4,21
12,52,2026,4,3,21,5,7,19
13,0,2026,4,3,21,3,0,22
13,6,2026,4,3,4,23,0,45
13,11,2026,4,3,12,10,20,35
13,14,2026,4,3,17,4,6,33
13,21,2026,4,3,16,3,15,21
13,24,2026,4,3,14,3,9,15
13,32,2026,4,3,16,3,0,18
13,36,2026,4,3,17,2,4,16
13,41,2026,4,3,12,35,8,43
13,45,2026,4,3,4,31,8,66
13,52,2026,4,3,21,5,12,59
14,0,2026,4,3,21,3,0,62
14,6,2026,4,3,4,7,3,66
14,11,2026,4,3,12,20,20,66
14,14,2026,4,3,17,6,18,54
14,21,2026,4,3,16,3,18,39
14,24,2026,4,3,14,2,20,21
14,32,2026,4,3,16,2,0,23
14,36,2026,4,3,17,4,1,26
14,41,2026,4,3,12,21,8,39
14,45,2026,4,3,4,26,11,54
14,52,2026,4,3,21,6,11,49
15,0,2026,4,3,21,4,0,53
15,6,2026,4,3,4,16,3,66
15,11,2026,4,3,12,20,20,66
15,14,2026,4,3,17,6,20,52
15,21,2026,4,3,16,4,17,39
15,24,2026,4,3,14,5,20,24
15,32,2026,4,3,16,3,1,26
15,36,2026,4,3,17,6,1,31
15,41,2026,4,3,12,15,17,29
15,45,2026,4,3,4,25,11,43
15,52,2026,4,3,21,6,9,40
16,0,2026,4,3,21,6,0,46
16,6,2026,4,3,4,5,3,48
16,11,2026,4,3,12,8,20,36
16,14,2026,4,3,17,5,17,24
16,21,2026,4,3,16,5,5,24
16,24,2026,4,3,14,2,9,17
16,32,2026,4,3,16,4,0,21
16,36,2026,4,3,17,4,0,25
16,41,2026,4,3,12,9,15,19
16,45,2026,4,3,4,2,6,15
16,52,2026,4,3,21,3,5,13
17,0,2026,4,3,21,4,0,17
17,6,2026,4,3,4,6,2,21
17,11,2026,4,3,12,33,8,46
17,14,2026,4,3,17,6,17,35
17,21,2026,4,3,16,2,9,28
17,24,2026,4,3,14,5,11,22
17,32,2026,4,3,16,3,0,25
17,36,2026,4,3,17,4,2,27
17,41,2026,4,3,12,34,12,49
17,45,2026,4,3,4,4,14,39
17,52,2026,4,3,21,6,19,26
18,0,2026,4,3,21,6,0,32
18,6,2026,4,3,4,2,0,34
18,11,2026,4,3,12,25,10,49
18,14,2026,4,3,17,6,12,43
18,21,2026,4,3,16,2,11,34
18,24,2026,4,3,14,3,16,21
18,32,2026,4,3,16,4,0,25
18,36,2026,4,3,17,3,1,27
18,41,2026,4,3,12,21,14,34
18,45,2026,4,3,4,3,8,29
18,52,2026,4,3,21,6,10,25
19,0,2026,4,3,21,5,0,30
19,6,2026,4,3,4,6,2,34
19,11,2026,4,3,12,21,9,46
19,14,2026,4,3,17,3,10,39
19,21,2026,4,3,16,6,7,38
19,24,2026,4,3,14,5,19,24
19,32,2026,4,3,16,4,1,27
19,36,2026,4,3,17,3,1,29
19,41,2026,4,3,12,30,15,44
19,45,2026,4,3,4,5,5,44
19,52,2026,4,3,21,4,20,28
20,0,2026,4,3,21,5,0,33
20,6,2026,4,3,4,5,1,37
20,11,2026,4,3,12,20,12,45
20,14,2026,4,3,17,6,12,39
20,21,2026,4,3,16,3,15,27
20,24,2026,4,3,14,4,7,24
20,32,2026,4,3,16,3,0,27
20,36,2026,4,3,17,3,1,29
20,41,2026,4,3,12,34,11,52
20,45,2026,4,3,4,3,20,35
20,52,2026,4,3,21,3,17,21
21,0,2026,4,3,21,6,0,27
21,6,2026,4,3,4,4,1,30
21,11,2026,4,3,12,21,8,43
21,14,2026,4,3,17,5,14,34
21,21,2026,4,3,16,3,10,27
21,24,2026,4,3,14,6,11,22
21,32,2026,4,3,16,5,1,26
21,36,2026,4,3,17,4,1,29
21,41,2026,4,3,12,33,15,47
21,45,2026,4,3,4,2,12,37
21,52,2026,4,3,21,5,14,28
22,0,2026,4,3,21,3,0,31
22,6,2026,4,3,4,3,0,34
22,11,2026,4,3,12,11,6,39
22,14,2026,4,3,17,4,17,26
22,21,2026,4,3,16,4,8,22
22,24,2026,4,3,14,2,8,16
22,32,2026,4,3,16,3,0,19
22,36,2026,4,3,17,6,0,25
22,41,2026,4,3,12,17,17,25
22,45,2026,4,3,4,2,5,22
22,52,2026,4,3,21,2,8,16
23,0,2026,4,3,21,6,0,22
23,6,2026,4,3,4,2,0,24
23,11,2026,4,3,12,27,8,43
23,14,2026,4,3,17,2,11,34
23,21,2026,4,3,16,6,11,29
23,24,2026,4,3,14,3,10,22
23,32,2026,4,3,16,6,0,28
23,36,2026,4,3,17,5,2,31
23,41,2026,4,3,12,12,17,26
23,45,2026,4,3,4,5,13,18
23,52,2026,4,3,21,0,18,0
